/home/hyin66/micromamba/envs/verl/lib/python3.10/site-packages/verl/workers/engine/mindspeed/transformer_impl.py:24: UserWarning: NPU not support router replay for now.
  from verl.utils.megatron.router_replay_patch import RouterReplay
/home/hyin66/micromamba/envs/verl/lib/python3.10/site-packages/verl/trainer/main_ppo.py:380: FutureWarning: Warning: Function '__main__.main' is deprecated. Please use 'main_ppo.py is deprecated, and wil be replaced by main_ppo_sync.py in v0.8.0, please use main_ppo_sync.py instead.' instead.
  main()
2026-08-13 20:33:53,184	INFO worker.py:2015 -- Started a local Ray instance. View the dashboard at [1m[32m127.0.0.1:8265 [39m[22m
[36m(pid=124230)[0m /home/hyin66/micromamba/envs/verl/lib/python3.10/site-packages/verl/workers/engine/mindspeed/transformer_impl.py:24: UserWarning: NPU not support router replay for now.
[36m(pid=124230)[0m   from verl.utils.megatron.router_replay_patch import RouterReplay
ray init kwargs: {'num_cpus': None, 'runtime_env': {'env_vars': {'TOKENIZERS_PARALLELISM': 'true', 'NCCL_DEBUG': 'WARN', 'VLLM_ALLOW_RUNTIME_LORA_UPDATING': 'true', 'CUDA_DEVICE_MAX_CONNECTIONS': '1', 'VLLM_DISABLE_COMPILE_CACHE': '1', 'HCCL_HOST_SOCKET_PORT_RANGE': 'auto', 'HCCL_NPU_SOCKET_PORT_RANGE': 'auto', 'HSA_NO_SCRATCH_RECLAIM': '1'}, 'working_dir': None}}
[36m(TaskRunner pid=124230)[0m TaskRunner hostname: hyin66-h200-01-0, PID: 124230
[36m(TaskRunner pid=124230)[0m {'actor_rollout_ref': {'actor': {'_target_': 'verl.workers.config.FSDPActorConfig',
[36m(TaskRunner pid=124230)[0m                                  'calculate_entropy': False,
[36m(TaskRunner pid=124230)[0m                                  'calculate_sum_pi_squared': False,
[36m(TaskRunner pid=124230)[0m                                  'checkpoint': {'_target_': 'verl.trainer.config.CheckpointConfig',
[36m(TaskRunner pid=124230)[0m                                                 'async_save': False,
[36m(TaskRunner pid=124230)[0m                                                 'load_contents': ['model',
[36m(TaskRunner pid=124230)[0m                                                                   'optimizer',
[36m(TaskRunner pid=124230)[0m                                                                   'extra'],
[36m(TaskRunner pid=124230)[0m                                                 'mbridge_config': {},
[36m(TaskRunner pid=124230)[0m                                                 'save_contents': ['model',
[36m(TaskRunner pid=124230)[0m                                                                   'optimizer',
[36m(TaskRunner pid=124230)[0m                                                                   'extra'],
[36m(TaskRunner pid=124230)[0m                                                 'strict': True},
[36m(TaskRunner pid=124230)[0m                                  'clip_ratio': 0.2,
[36m(TaskRunner pid=124230)[0m                                  'clip_ratio_c': 3.0,
[36m(TaskRunner pid=124230)[0m                                  'clip_ratio_high': 0.2,
[36m(TaskRunner pid=124230)[0m                                  'clip_ratio_low': 0.2,
[36m(TaskRunner pid=124230)[0m                                  'data_loader_seed': 42,
[36m(TaskRunner pid=124230)[0m                                  'entropy_checkpointing': False,
[36m(TaskRunner pid=124230)[0m                                  'entropy_coeff': 0,
[36m(TaskRunner pid=124230)[0m                                  'entropy_from_logits_with_chunking': False,
[36m(TaskRunner pid=124230)[0m                                  'freeze_vision_tower': False,
[36m(TaskRunner pid=124230)[0m                                  'fsdp_config': {'_target_': 'verl.workers.config.FSDPEngineConfig',
[36m(TaskRunner pid=124230)[0m                                                  'dtype': 'bfloat16',
[36m(TaskRunner pid=124230)[0m                                                  'entropy_checkpointing': False,
[36m(TaskRunner pid=124230)[0m                                                  'entropy_from_logits_with_chunking': False,
[36m(TaskRunner pid=124230)[0m                                                  'forward_only': False,
[36m(TaskRunner pid=124230)[0m                                                  'forward_prefetch': False,
[36m(TaskRunner pid=124230)[0m                                                  'fsdp_size': -1,
[36m(TaskRunner pid=124230)[0m                                                  'full_determinism': False,
[36m(TaskRunner pid=124230)[0m                                                  'model_dtype': 'fp32',
[36m(TaskRunner pid=124230)[0m                                                  'offload_policy': False,
[36m(TaskRunner pid=124230)[0m                                                  'optimizer_offload': False,
[36m(TaskRunner pid=124230)[0m                                                  'param_offload': False,
[36m(TaskRunner pid=124230)[0m                                                  'qat': {'_target_': 'verl.workers.config.QATEngineConfig',
[36m(TaskRunner pid=124230)[0m                                                          'activation_observer': 'static_minmax',
[36m(TaskRunner pid=124230)[0m                                                          'enable': False,
[36m(TaskRunner pid=124230)[0m                                                          'group_size': 16,
[36m(TaskRunner pid=124230)[0m                                                          'ignore_patterns': ['lm_head',
[36m(TaskRunner pid=124230)[0m                                                                              'embed_tokens',
[36m(TaskRunner pid=124230)[0m                                                                              're:.*mlp.gate$'],
[36m(TaskRunner pid=124230)[0m                                                          'mode': 'w4a16',
[36m(TaskRunner pid=124230)[0m                                                          'quantization_config_path': None},
[36m(TaskRunner pid=124230)[0m                                                  'reshard_after_forward': True,
[36m(TaskRunner pid=124230)[0m                                                  'seed': 42,
[36m(TaskRunner pid=124230)[0m                                                  'strategy': 'fsdp',
[36m(TaskRunner pid=124230)[0m                                                  'ulysses_sequence_parallel_size': 1,
[36m(TaskRunner pid=124230)[0m                                                  'use_orig_params': False,
[36m(TaskRunner pid=124230)[0m                                                  'use_torch_compile': True,
[36m(TaskRunner pid=124230)[0m                                                  'wrap_policy': {'min_num_params': 0}},
[36m(TaskRunner pid=124230)[0m                                  'grad_clip': 1.0,
[36m(TaskRunner pid=124230)[0m                                  'kl_loss_coef': 0.001,
[36m(TaskRunner pid=124230)[0m                                  'kl_loss_type': 'low_var_kl',
[36m(TaskRunner pid=124230)[0m                                  'loss_agg_mode': 'token-mean',
[36m(TaskRunner pid=124230)[0m                                  'loss_scale_factor': None,
[36m(TaskRunner pid=124230)[0m                                  'optim': {'_target_': 'verl.workers.config.FSDPOptimizerConfig',
[36m(TaskRunner pid=124230)[0m                                            'betas': [0.9, 0.999],
[36m(TaskRunner pid=124230)[0m                                            'clip_grad': 1.0,
[36m(TaskRunner pid=124230)[0m                                            'lr': 1e-06,
[36m(TaskRunner pid=124230)[0m                                            'lr_scheduler_type': 'constant',
[36m(TaskRunner pid=124230)[0m                                            'lr_warmup_steps': -1,
[36m(TaskRunner pid=124230)[0m                                            'lr_warmup_steps_ratio': 0.0,
[36m(TaskRunner pid=124230)[0m                                            'min_lr_ratio': 0.0,
[36m(TaskRunner pid=124230)[0m                                            'num_cycles': 0.5,
[36m(TaskRunner pid=124230)[0m                                            'optimizer': 'AdamW',
[36m(TaskRunner pid=124230)[0m                                            'optimizer_impl': 'torch.optim',
[36m(TaskRunner pid=124230)[0m                                            'override_optimizer_config': None,
[36m(TaskRunner pid=124230)[0m                                            'total_training_steps': -1,
[36m(TaskRunner pid=124230)[0m                                            'warmup_style': None,
[36m(TaskRunner pid=124230)[0m                                            'weight_decay': 0.01,
[36m(TaskRunner pid=124230)[0m                                            'zero_indexed_step': True},
[36m(TaskRunner pid=124230)[0m                                  'policy_loss': {'_target_': 'verl.workers.config.PolicyLossConfig',
[36m(TaskRunner pid=124230)[0m                                                  'clip_cov_lb': 1.0,
[36m(TaskRunner pid=124230)[0m                                                  'clip_cov_ratio': 0.0002,
[36m(TaskRunner pid=124230)[0m                                                  'clip_cov_ub': 5.0,
[36m(TaskRunner pid=124230)[0m                                                  'kl_cov_ratio': 0.0002,
[36m(TaskRunner pid=124230)[0m                                                  'loss_mode': 'vanilla',
[36m(TaskRunner pid=124230)[0m                                                  'ppo_kl_coef': 0.1},
[36m(TaskRunner pid=124230)[0m                                  'ppo_epochs': 1,
[36m(TaskRunner pid=124230)[0m                                  'ppo_max_token_len_per_gpu': 16384,
[36m(TaskRunner pid=124230)[0m                                  'ppo_micro_batch_size': None,
[36m(TaskRunner pid=124230)[0m                                  'ppo_micro_batch_size_per_gpu': 4,
[36m(TaskRunner pid=124230)[0m                                  'ppo_mini_batch_size': 8,
[36m(TaskRunner pid=124230)[0m                                  'profiler': {'_target_': 'verl.utils.profiler.ProfilerConfig',
[36m(TaskRunner pid=124230)[0m                                               'all_ranks': False,
[36m(TaskRunner pid=124230)[0m                                               'enable': False,
[36m(TaskRunner pid=124230)[0m                                               'ranks': [],
[36m(TaskRunner pid=124230)[0m                                               'save_path': 'outputs/profile',
[36m(TaskRunner pid=124230)[0m                                               'tool': None,
[36m(TaskRunner pid=124230)[0m                                               'tool_config': {'npu': {'_target_': 'verl.utils.profiler.config.NPUToolConfig',
[36m(TaskRunner pid=124230)[0m                                                                       'analysis': True,
[36m(TaskRunner pid=124230)[0m                                                                       'contents': [],
[36m(TaskRunner pid=124230)[0m                                                                       'discrete': False,
[36m(TaskRunner pid=124230)[0m                                                                       'level': 'level0'},
[36m(TaskRunner pid=124230)[0m                                                               'nsys': {'_target_': 'verl.utils.profiler.config.NsightToolConfig',
[36m(TaskRunner pid=124230)[0m                                                                        'discrete': False},
[36m(TaskRunner pid=124230)[0m                                                               'precision_debugger': {'_target_': 'verl.utils.profiler.config.PrecisionDebuggerToolConfig',
[36m(TaskRunner pid=124230)[0m                                                                                      'config_path': None,
[36m(TaskRunner pid=124230)[0m                                                                                      'stages': None,
[36m(TaskRunner pid=124230)[0m                                                                                      'steps': None,
[36m(TaskRunner pid=124230)[0m                                                                                      'strict': False},
[36m(TaskRunner pid=124230)[0m                                                               'torch': {'_target_': 'verl.utils.profiler.config.TorchProfilerToolConfig',
[36m(TaskRunner pid=124230)[0m                                                                         'contents': [],
[36m(TaskRunner pid=124230)[0m                                                                         'discrete': False},
[36m(TaskRunner pid=124230)[0m                                                               'torch_memory': {'_target_': 'verl.utils.profiler.config.TorchMemoryToolConfig',
[36m(TaskRunner pid=124230)[0m                                                                                'stack_depth': 32,
[36m(TaskRunner pid=124230)[0m                                                                                'trace_alloc_max_entries': 100000}}},
[36m(TaskRunner pid=124230)[0m                                  'qat': {'activation_observer': 'static_minmax',
[36m(TaskRunner pid=124230)[0m                                          'enable': False,
[36m(TaskRunner pid=124230)[0m                                          'group_size': 16,
[36m(TaskRunner pid=124230)[0m                                          'ignore_patterns': ['lm_head',
[36m(TaskRunner pid=124230)[0m                                                              'embed_tokens',
[36m(TaskRunner pid=124230)[0m                                                              're:.*mlp.gate$'],
[36m(TaskRunner pid=124230)[0m                                          'mode': 'w4a16',
[36m(TaskRunner pid=124230)[0m                                          'quantization_config_path': None},
[36m(TaskRunner pid=124230)[0m                                  'rollout_n': 8,
[36m(TaskRunner pid=124230)[0m                                  'router_replay': {'_target_': 'verl.workers.config.RouterReplayConfig',
[36m(TaskRunner pid=124230)[0m                                                    'mode': 'disabled',
[36m(TaskRunner pid=124230)[0m                                                    'record_file': None,
[36m(TaskRunner pid=124230)[0m                                                    'replay_file': None},
[36m(TaskRunner pid=124230)[0m                                  'shuffle': False,
[36m(TaskRunner pid=124230)[0m                                  'strategy': 'fsdp',
[36m(TaskRunner pid=124230)[0m                                  'tau_neg': 1.05,
[36m(TaskRunner pid=124230)[0m                                  'tau_pos': 1.0,
[36m(TaskRunner pid=124230)[0m                                  'ulysses_sequence_parallel_size': 1,
[36m(TaskRunner pid=124230)[0m                                  'use_dynamic_bsz': False,
[36m(TaskRunner pid=124230)[0m                                  'use_fused_kernels': False,
[36m(TaskRunner pid=124230)[0m                                  'use_kl_loss': True,
[36m(TaskRunner pid=124230)[0m                                  'use_prefix_grouper': False,
[36m(TaskRunner pid=124230)[0m                                  'use_remove_padding': True,
[36m(TaskRunner pid=124230)[0m                                  'use_torch_compile': True},
[36m(TaskRunner pid=124230)[0m                        'hybrid_engine': True,
[36m(TaskRunner pid=124230)[0m                        'model': {'_target_': 'verl.workers.config.HFModelConfig',
[36m(TaskRunner pid=124230)[0m                                  'custom_chat_template': None,
[36m(TaskRunner pid=124230)[0m                                  'enable_activation_offload': False,
[36m(TaskRunner pid=124230)[0m                                  'enable_gradient_checkpointing': True,
[36m(TaskRunner pid=124230)[0m                                  'exclude_modules': None,
[36m(TaskRunner pid=124230)[0m                                  'external_lib': None,
[36m(TaskRunner pid=124230)[0m                                  'fused_kernel_options': {'impl_backend': 'torch'},
[36m(TaskRunner pid=124230)[0m                                  'hf_config_path': None,
[36m(TaskRunner pid=124230)[0m                                  'lora': {'a2a_experimental': False,
[36m(TaskRunner pid=124230)[0m                                           'adapter_path': None,
[36m(TaskRunner pid=124230)[0m                                           'alpha': 32,
[36m(TaskRunner pid=124230)[0m                                           'dropout': 0.0,
[36m(TaskRunner pid=124230)[0m                                           'dropout_position': 'pre',
[36m(TaskRunner pid=124230)[0m                                           'dtype': None,
[36m(TaskRunner pid=124230)[0m                                           'exclude_modules': [],
[36m(TaskRunner pid=124230)[0m                                           'freeze_language_model': True,
[36m(TaskRunner pid=124230)[0m                                           'freeze_vision_model': True,
[36m(TaskRunner pid=124230)[0m                                           'freeze_vision_projection': True,
[36m(TaskRunner pid=124230)[0m                                           'lora_A_init_method': 'xavier',
[36m(TaskRunner pid=124230)[0m                                           'lora_B_init_method': 'zero',
[36m(TaskRunner pid=124230)[0m                                           'merge': False,
[36m(TaskRunner pid=124230)[0m                                           'rank': 0,
[36m(TaskRunner pid=124230)[0m                                           'target_modules': ['linear_qkv',
[36m(TaskRunner pid=124230)[0m                                                              'linear_proj',
[36m(TaskRunner pid=124230)[0m                                                              'linear_fc1',
[36m(TaskRunner pid=124230)[0m                                                              'linear_fc2'],
[36m(TaskRunner pid=124230)[0m                                           'type': 'lora'},
[36m(TaskRunner pid=124230)[0m                                  'lora_adapter_path': None,
[36m(TaskRunner pid=124230)[0m                                  'lora_alpha': 16,
[36m(TaskRunner pid=124230)[0m                                  'lora_rank': 0,
[36m(TaskRunner pid=124230)[0m                                  'mtp': {'_target_': 'verl.workers.config.MtpConfig',
[36m(TaskRunner pid=124230)[0m                                          'detach_encoder': False,
[36m(TaskRunner pid=124230)[0m                                          'enable': False,
[36m(TaskRunner pid=124230)[0m                                          'enable_rollout': False,
[36m(TaskRunner pid=124230)[0m                                          'enable_train': False,
[36m(TaskRunner pid=124230)[0m                                          'method': 'mtp',
[36m(TaskRunner pid=124230)[0m                                          'mtp_loss_scaling_factor': 0.1,
[36m(TaskRunner pid=124230)[0m                                          'num_speculative_tokens': 1,
[36m(TaskRunner pid=124230)[0m                                          'speculative_algorithm': 'EAGLE',
[36m(TaskRunner pid=124230)[0m                                          'speculative_eagle_topk': 1,
[36m(TaskRunner pid=124230)[0m                                          'speculative_num_draft_tokens': 4,
[36m(TaskRunner pid=124230)[0m                                          'speculative_num_steps': 3},
[36m(TaskRunner pid=124230)[0m                                  'override_config': {},
[36m(TaskRunner pid=124230)[0m                                  'path': 'Qwen/Qwen2.5-Math-1.5B-Instruct',
[36m(TaskRunner pid=124230)[0m                                  'target_modules': 'all-linear',
[36m(TaskRunner pid=124230)[0m                                  'tiled_mlp': {'enabled': False,
[36m(TaskRunner pid=124230)[0m                                                'num_shards': 4},
[36m(TaskRunner pid=124230)[0m                                  'tokenizer_path': None,
[36m(TaskRunner pid=124230)[0m                                  'trust_remote_code': False,
[36m(TaskRunner pid=124230)[0m                                  'use_fused_kernels': False,
[36m(TaskRunner pid=124230)[0m                                  'use_liger': False,
[36m(TaskRunner pid=124230)[0m                                  'use_remove_padding': True,
[36m(TaskRunner pid=124230)[0m                                  'use_shm': False},
[36m(TaskRunner pid=124230)[0m                        'nccl_timeout': 600,
[36m(TaskRunner pid=124230)[0m                        'ref': {'_target_': 'verl.workers.config.FSDPActorConfig',
[36m(TaskRunner pid=124230)[0m                                'entropy_checkpointing': False,
[36m(TaskRunner pid=124230)[0m                                'entropy_from_logits_with_chunking': False,
[36m(TaskRunner pid=124230)[0m                                'fsdp_config': {'_target_': 'verl.workers.config.FSDPEngineConfig',
[36m(TaskRunner pid=124230)[0m                                                'dtype': 'bfloat16',
[36m(TaskRunner pid=124230)[0m                                                'entropy_checkpointing': False,
[36m(TaskRunner pid=124230)[0m                                                'entropy_from_logits_with_chunking': False,
[36m(TaskRunner pid=124230)[0m                                                'forward_only': True,
[36m(TaskRunner pid=124230)[0m                                                'forward_prefetch': False,
[36m(TaskRunner pid=124230)[0m                                                'fsdp_size': -1,
[36m(TaskRunner pid=124230)[0m                                                'full_determinism': False,
[36m(TaskRunner pid=124230)[0m                                                'model_dtype': 'fp32',
[36m(TaskRunner pid=124230)[0m                                                'offload_policy': False,
[36m(TaskRunner pid=124230)[0m                                                'optimizer_offload': False,
[36m(TaskRunner pid=124230)[0m                                                'param_offload': False,
[36m(TaskRunner pid=124230)[0m                                                'qat': {'_target_': 'verl.workers.config.QATEngineConfig',
[36m(TaskRunner pid=124230)[0m                                                        'activation_observer': 'static_minmax',
[36m(TaskRunner pid=124230)[0m                                                        'enable': False,
[36m(TaskRunner pid=124230)[0m                                                        'group_size': 16,
[36m(TaskRunner pid=124230)[0m                                                        'ignore_patterns': ['lm_head',
[36m(TaskRunner pid=124230)[0m                                                                            'embed_tokens',
[36m(TaskRunner pid=124230)[0m                                                                            're:.*mlp.gate$'],
[36m(TaskRunner pid=124230)[0m                                                        'mode': 'w4a16',
[36m(TaskRunner pid=124230)[0m                                                        'quantization_config_path': None},
[36m(TaskRunner pid=124230)[0m                                                'reshard_after_forward': True,
[36m(TaskRunner pid=124230)[0m                                                'seed': 42,
[36m(TaskRunner pid=124230)[0m                                                'strategy': 'fsdp',
[36m(TaskRunner pid=124230)[0m                                                'ulysses_sequence_parallel_size': 1,
[36m(TaskRunner pid=124230)[0m                                                'use_orig_params': False,
[36m(TaskRunner pid=124230)[0m                                                'use_torch_compile': True,
[36m(TaskRunner pid=124230)[0m                                                'wrap_policy': {'min_num_params': 0}},
[36m(TaskRunner pid=124230)[0m                                'log_prob_max_token_len_per_gpu': 16384,
[36m(TaskRunner pid=124230)[0m                                'log_prob_micro_batch_size': None,
[36m(TaskRunner pid=124230)[0m                                'log_prob_micro_batch_size_per_gpu': 4,
[36m(TaskRunner pid=124230)[0m                                'log_prob_use_dynamic_bsz': False,
[36m(TaskRunner pid=124230)[0m                                'profiler': {'_target_': 'verl.utils.profiler.ProfilerConfig',
[36m(TaskRunner pid=124230)[0m                                             'all_ranks': False,
[36m(TaskRunner pid=124230)[0m                                             'enable': False,
[36m(TaskRunner pid=124230)[0m                                             'ranks': [],
[36m(TaskRunner pid=124230)[0m                                             'save_path': 'outputs/profile',
[36m(TaskRunner pid=124230)[0m                                             'tool': None,
[36m(TaskRunner pid=124230)[0m                                             'tool_config': {'npu': {'_target_': 'verl.utils.profiler.config.NPUToolConfig',
[36m(TaskRunner pid=124230)[0m                                                                     'analysis': True,
[36m(TaskRunner pid=124230)[0m                                                                     'contents': [],
[36m(TaskRunner pid=124230)[0m                                                                     'discrete': False,
[36m(TaskRunner pid=124230)[0m                                                                     'level': 'level0'},
[36m(TaskRunner pid=124230)[0m                                                             'nsys': {'_target_': 'verl.utils.profiler.config.NsightToolConfig',
[36m(TaskRunner pid=124230)[0m                                                                      'discrete': False},
[36m(TaskRunner pid=124230)[0m                                                             'precision_debugger': {'_target_': 'verl.utils.profiler.config.PrecisionDebuggerToolConfig',
[36m(TaskRunner pid=124230)[0m                                                                                    'config_path': None,
[36m(TaskRunner pid=124230)[0m                                                                                    'stages': None,
[36m(TaskRunner pid=124230)[0m                                                                                    'steps': None,
[36m(TaskRunner pid=124230)[0m                                                                                    'strict': False},
[36m(TaskRunner pid=124230)[0m                                                             'torch': {'_target_': 'verl.utils.profiler.config.TorchProfilerToolConfig',
[36m(TaskRunner pid=124230)[0m                                                                       'contents': [],
[36m(TaskRunner pid=124230)[0m                                                                       'discrete': False},
[36m(TaskRunner pid=124230)[0m                                                             'torch_memory': {'_target_': 'verl.utils.profiler.config.TorchMemoryToolConfig',
[36m(TaskRunner pid=124230)[0m                                                                              'stack_depth': 32,
[36m(TaskRunner pid=124230)[0m                                                                              'trace_alloc_max_entries': 100000}}},
[36m(TaskRunner pid=124230)[0m                                'rollout_n': 8,
[36m(TaskRunner pid=124230)[0m                                'router_replay': {'_target_': 'verl.workers.config.RouterReplayConfig',
[36m(TaskRunner pid=124230)[0m                                                  'mode': 'disabled',
[36m(TaskRunner pid=124230)[0m                                                  'record_file': None,
[36m(TaskRunner pid=124230)[0m                                                  'replay_file': None},
[36m(TaskRunner pid=124230)[0m                                'strategy': 'fsdp',
[36m(TaskRunner pid=124230)[0m                                'ulysses_sequence_parallel_size': 1,
[36m(TaskRunner pid=124230)[0m                                'use_torch_compile': True},
[36m(TaskRunner pid=124230)[0m                        'rollout': {'_target_': 'verl.workers.config.RolloutConfig',
[36m(TaskRunner pid=124230)[0m                                    'agent': {'_target_': 'verl.workers.config.AgentLoopConfig',
[36m(TaskRunner pid=124230)[0m                                              'agent_loop_config_path': None,
[36m(TaskRunner pid=124230)[0m                                              'custom_async_server': {'_target_': 'verl.workers.config.CustomAsyncServerConfig',
[36m(TaskRunner pid=124230)[0m                                                                      'name': None,
[36m(TaskRunner pid=124230)[0m                                                                      'path': None},
[36m(TaskRunner pid=124230)[0m                                              'default_agent_loop': 'single_turn_agent',
[36m(TaskRunner pid=124230)[0m                                              'num_workers': 8},
[36m(TaskRunner pid=124230)[0m                                    'calculate_log_probs': False,
[36m(TaskRunner pid=124230)[0m                                    'checkpoint_engine': {'_target_': 'verl.workers.config.CheckpointEngineConfig',
[36m(TaskRunner pid=124230)[0m                                                          'backend': 'naive',
[36m(TaskRunner pid=124230)[0m                                                          'custom_backend_module': None,
[36m(TaskRunner pid=124230)[0m                                                          'engine_kwargs': {},
[36m(TaskRunner pid=124230)[0m                                                          'update_weights_bucket_megabytes': 2048},
[36m(TaskRunner pid=124230)[0m                                    'cudagraph_capture_sizes': None,
[36m(TaskRunner pid=124230)[0m                                    'data_parallel_size': 1,
[36m(TaskRunner pid=124230)[0m                                    'disable_log_stats': True,
[36m(TaskRunner pid=124230)[0m                                    'disaggregation': {'bootstrap_port': None,
[36m(TaskRunner pid=124230)[0m                                                       'decode_replicas': 1,
[36m(TaskRunner pid=124230)[0m                                                       'decode_tensor_model_parallel_size': None,
[36m(TaskRunner pid=124230)[0m                                                       'enabled': False,
[36m(TaskRunner pid=124230)[0m                                                       'ib_device': None,
[36m(TaskRunner pid=124230)[0m                                                       'prefill_replicas': 1,
[36m(TaskRunner pid=124230)[0m                                                       'transfer_backend': 'nixl'},
[36m(TaskRunner pid=124230)[0m                                    'do_sample': True,
[36m(TaskRunner pid=124230)[0m                                    'dtype': 'bfloat16',
[36m(TaskRunner pid=124230)[0m                                    'enable_chunked_prefill': True,
[36m(TaskRunner pid=124230)[0m                                    'enable_prefix_caching': True,
[36m(TaskRunner pid=124230)[0m                                    'enable_rollout_routing_replay': False,
[36m(TaskRunner pid=124230)[0m                                    'enforce_eager': False,
[36m(TaskRunner pid=124230)[0m                                    'engine_kwargs': {'sglang': {},
[36m(TaskRunner pid=124230)[0m                                                      'trtllm': {},
[36m(TaskRunner pid=124230)[0m                                                      'vllm': {}},
[36m(TaskRunner pid=124230)[0m                                    'expert_parallel_size': 1,
[36m(TaskRunner pid=124230)[0m                                    'free_cache_engine': True,
[36m(TaskRunner pid=124230)[0m                                    'gpu_memory_utilization': 0.5,
[36m(TaskRunner pid=124230)[0m                                    'ignore_eos': False,
[36m(TaskRunner pid=124230)[0m                                    'layered_summon': False,
[36m(TaskRunner pid=124230)[0m                                    'load_format': 'dummy',
[36m(TaskRunner pid=124230)[0m                                    'log_prob_max_token_len_per_gpu': 16384,
[36m(TaskRunner pid=124230)[0m                                    'log_prob_micro_batch_size': None,
[36m(TaskRunner pid=124230)[0m                                    'log_prob_micro_batch_size_per_gpu': 4,
[36m(TaskRunner pid=124230)[0m                                    'log_prob_use_dynamic_bsz': False,
[36m(TaskRunner pid=124230)[0m                                    'logprobs_mode': 'processed_logprobs',
[36m(TaskRunner pid=124230)[0m                                    'max_model_len': None,
[36m(TaskRunner pid=124230)[0m                                    'max_num_batched_tokens': 8192,
[36m(TaskRunner pid=124230)[0m                                    'max_num_seqs': 1024,
[36m(TaskRunner pid=124230)[0m                                    'mode': 'async',
[36m(TaskRunner pid=124230)[0m                                    'mtp': {'_target_': 'verl.workers.config.MtpConfig',
[36m(TaskRunner pid=124230)[0m                                            'detach_encoder': False,
[36m(TaskRunner pid=124230)[0m                                            'enable': False,
[36m(TaskRunner pid=124230)[0m                                            'enable_rollout': False,
[36m(TaskRunner pid=124230)[0m                                            'enable_train': False,
[36m(TaskRunner pid=124230)[0m                                            'method': 'mtp',
[36m(TaskRunner pid=124230)[0m                                            'mtp_loss_scaling_factor': 0.1,
[36m(TaskRunner pid=124230)[0m                                            'num_speculative_tokens': 1,
[36m(TaskRunner pid=124230)[0m                                            'speculative_algorithm': 'EAGLE',
[36m(TaskRunner pid=124230)[0m                                            'speculative_eagle_topk': 1,
[36m(TaskRunner pid=124230)[0m                                            'speculative_num_draft_tokens': 4,
[36m(TaskRunner pid=124230)[0m                                            'speculative_num_steps': 3},
[36m(TaskRunner pid=124230)[0m                                    'multi_stage_wake_up': False,
[36m(TaskRunner pid=124230)[0m                                    'multi_turn': {'_target_': 'verl.workers.config.MultiTurnConfig',
[36m(TaskRunner pid=124230)[0m                                                   'enable': False,
[36m(TaskRunner pid=124230)[0m                                                   'format': 'hermes',
[36m(TaskRunner pid=124230)[0m                                                   'function_tool_path': None,
[36m(TaskRunner pid=124230)[0m                                                   'max_assistant_turns': None,
[36m(TaskRunner pid=124230)[0m                                                   'max_parallel_calls': 1,
[36m(TaskRunner pid=124230)[0m                                                   'max_tool_response_length': 256,
[36m(TaskRunner pid=124230)[0m                                                   'max_user_turns': None,
[36m(TaskRunner pid=124230)[0m                                                   'num_repeat_rollouts': None,
[36m(TaskRunner pid=124230)[0m                                                   'tokenization_sanity_check_mode': 'strict',
[36m(TaskRunner pid=124230)[0m                                                   'tool_config_path': None,
[36m(TaskRunner pid=124230)[0m                                                   'tool_response_truncate_side': 'middle',
[36m(TaskRunner pid=124230)[0m                                                   'use_inference_chat_template': False},
[36m(TaskRunner pid=124230)[0m                                    'n': 8,
[36m(TaskRunner pid=124230)[0m                                    'n_gpus_per_node': 1,
[36m(TaskRunner pid=124230)[0m                                    'name': 'vllm',
[36m(TaskRunner pid=124230)[0m                                    'nnodes': 0,
[36m(TaskRunner pid=124230)[0m                                    'over_sample_rate': 0,
[36m(TaskRunner pid=124230)[0m                                    'pipeline_model_parallel_size': 1,
[36m(TaskRunner pid=124230)[0m                                    'profiler': {'_target_': 'verl.utils.profiler.ProfilerConfig',
[36m(TaskRunner pid=124230)[0m                                                 'all_ranks': False,
[36m(TaskRunner pid=124230)[0m                                                 'enable': False,
[36m(TaskRunner pid=124230)[0m                                                 'ranks': [],
[36m(TaskRunner pid=124230)[0m                                                 'save_path': 'outputs/profile',
[36m(TaskRunner pid=124230)[0m                                                 'tool': None,
[36m(TaskRunner pid=124230)[0m                                                 'tool_config': {'npu': {'_target_': 'verl.utils.profiler.config.NPUToolConfig',
[36m(TaskRunner pid=124230)[0m                                                                         'analysis': True,
[36m(TaskRunner pid=124230)[0m                                                                         'contents': [],
[36m(TaskRunner pid=124230)[0m                                                                         'discrete': False,
[36m(TaskRunner pid=124230)[0m                                                                         'level': 'level0'},
[36m(TaskRunner pid=124230)[0m                                                                 'precision_debugger': {'_target_': 'verl.utils.profiler.config.PrecisionDebuggerToolConfig',
[36m(TaskRunner pid=124230)[0m                                                                                        'config_path': None,
[36m(TaskRunner pid=124230)[0m                                                                                        'stages': None,
[36m(TaskRunner pid=124230)[0m                                                                                        'steps': None,
[36m(TaskRunner pid=124230)[0m                                                                                        'strict': False},
[36m(TaskRunner pid=124230)[0m                                                                 'torch': {'_target_': 'verl.utils.profiler.config.TorchProfilerToolConfig',
[36m(TaskRunner pid=124230)[0m                                                                           'contents': [],
[36m(TaskRunner pid=124230)[0m                                                                           'discrete': False}}},
[36m(TaskRunner pid=124230)[0m                                    'prometheus': {'_target_': 'verl.workers.config.PrometheusConfig',
[36m(TaskRunner pid=124230)[0m                                                   'enable': False,
[36m(TaskRunner pid=124230)[0m                                                   'file': '/tmp/ray/session_latest/metrics/prometheus/prometheus.yml',
[36m(TaskRunner pid=124230)[0m                                                   'port': 9090,
[36m(TaskRunner pid=124230)[0m                                                   'served_model_name': 'Qwen/Qwen2.5-Math-1.5B-Instruct'},
[36m(TaskRunner pid=124230)[0m                                    'prompt_length': 1024,
[36m(TaskRunner pid=124230)[0m                                    'qat': {'_target_': 'verl.workers.config.QATEngineConfig',
[36m(TaskRunner pid=124230)[0m                                            'activation_observer': 'static_minmax',
[36m(TaskRunner pid=124230)[0m                                            'enable': False,
[36m(TaskRunner pid=124230)[0m                                            'group_size': 16,
[36m(TaskRunner pid=124230)[0m                                            'ignore_patterns': ['lm_head',
[36m(TaskRunner pid=124230)[0m                                                                'embed_tokens',
[36m(TaskRunner pid=124230)[0m                                                                're:.*mlp.gate$'],
[36m(TaskRunner pid=124230)[0m                                            'mode': 'w4a16',
[36m(TaskRunner pid=124230)[0m                                            'quantization_config_path': None},
[36m(TaskRunner pid=124230)[0m                                    'quantization': None,
[36m(TaskRunner pid=124230)[0m                                    'quantization_config_file': None,
[36m(TaskRunner pid=124230)[0m                                    'response_length': 512,
[36m(TaskRunner pid=124230)[0m                                    'scheduling_policy': 'fcfs',
[36m(TaskRunner pid=124230)[0m                                    'skip': {'_target_': 'verl.workers.config.SkipConfig',
[36m(TaskRunner pid=124230)[0m                                             'action': 'cache',
[36m(TaskRunner pid=124230)[0m                                             'dump_dir': '~/.verl/rollout_dump',
[36m(TaskRunner pid=124230)[0m                                             'enable': False,
[36m(TaskRunner pid=124230)[0m                                             'max_dump_step': 1},
[36m(TaskRunner pid=124230)[0m                                    'skip_tokenizer_init': True,
[36m(TaskRunner pid=124230)[0m                                    'temperature': 1.0,
[36m(TaskRunner pid=124230)[0m                                    'tensor_model_parallel_size': 1,
[36m(TaskRunner pid=124230)[0m                                    'top_k': -1,
[36m(TaskRunner pid=124230)[0m                                    'top_p': 1,
[36m(TaskRunner pid=124230)[0m                                    'trace': {'_target_': 'verl.workers.config.TraceConfig',
[36m(TaskRunner pid=124230)[0m                                              'backend': None,
[36m(TaskRunner pid=124230)[0m                                              'experiment_name': 'gsm8k',
[36m(TaskRunner pid=124230)[0m                                              'max_samples_per_step_per_worker': None,
[36m(TaskRunner pid=124230)[0m                                              'project_name': 'verl_examples',
[36m(TaskRunner pid=124230)[0m                                              'token2text': False},
[36m(TaskRunner pid=124230)[0m                                    'val_kwargs': {'_target_': 'verl.workers.config.SamplingConfig',
[36m(TaskRunner pid=124230)[0m                                                   'do_sample': False,
[36m(TaskRunner pid=124230)[0m                                                   'n': 1,
[36m(TaskRunner pid=124230)[0m                                                   'temperature': 0,
[36m(TaskRunner pid=124230)[0m                                                   'top_k': -1,
[36m(TaskRunner pid=124230)[0m                                                   'top_p': 1.0}}},
[36m(TaskRunner pid=124230)[0m  'algorithm': {'_target_': 'verl.trainer.config.AlgoConfig',
[36m(TaskRunner pid=124230)[0m                'adv_estimator': 'grpo',
[36m(TaskRunner pid=124230)[0m                'gamma': 1.0,
[36m(TaskRunner pid=124230)[0m                'kl_ctrl': {'_target_': 'verl.trainer.config.KLControlConfig',
[36m(TaskRunner pid=124230)[0m                            'horizon': 10000,
[36m(TaskRunner pid=124230)[0m                            'kl_coef': 0.001,
[36m(TaskRunner pid=124230)[0m                            'target_kl': 0.1,
[36m(TaskRunner pid=124230)[0m                            'type': 'fixed'},
[36m(TaskRunner pid=124230)[0m                'kl_penalty': 'kl',
[36m(TaskRunner pid=124230)[0m                'lam': 1.0,
[36m(TaskRunner pid=124230)[0m                'norm_adv_by_std_in_grpo': True,
[36m(TaskRunner pid=124230)[0m                'pf_ppo': {'reweight_method': 'pow', 'weight_pow': 2.0},
[36m(TaskRunner pid=124230)[0m                'rollout_correction': {'bypass_mode': False,
[36m(TaskRunner pid=124230)[0m                                       'loss_type': 'ppo_clip',
[36m(TaskRunner pid=124230)[0m                                       'rollout_is': None,
[36m(TaskRunner pid=124230)[0m                                       'rollout_is_batch_normalize': False,
[36m(TaskRunner pid=124230)[0m                                       'rollout_is_threshold': 2.0,
[36m(TaskRunner pid=124230)[0m                                       'rollout_rs': None,
[36m(TaskRunner pid=124230)[0m                                       'rollout_rs_threshold': None},
[36m(TaskRunner pid=124230)[0m                'use_kl_in_reward': False,
[36m(TaskRunner pid=124230)[0m                'use_pf_ppo': False},
[36m(TaskRunner pid=124230)[0m  'critic': 
[36m(TaskRunner pid=124230)[0m {'_target_': 'verl.workers.config.FSDPCriticConfig',
[36m(TaskRunner pid=124230)[0m             'checkpoint': {'_target_': 'verl.trainer.config.CheckpointConfig',
[36m(TaskRunner pid=124230)[0m                            'async_save': False,
[36m(TaskRunner pid=124230)[0m                            'load_contents': ['model', 'optimizer', 'extra'],
[36m(TaskRunner pid=124230)[0m                            'mbridge_config': {},
[36m(TaskRunner pid=124230)[0m                            'save_contents': ['model', 'optimizer', 'extra']},
[36m(TaskRunner pid=124230)[0m             'cliprange_value': 0.5,
[36m(TaskRunner pid=124230)[0m             'data_loader_seed': 42,
[36m(TaskRunner pid=124230)[0m             'enable': None,
[36m(TaskRunner pid=124230)[0m             'forward_max_token_len_per_gpu': 32768,
[36m(TaskRunner pid=124230)[0m             'forward_micro_batch_size': None,
[36m(TaskRunner pid=124230)[0m             'forward_micro_batch_size_per_gpu': None,
[36m(TaskRunner pid=124230)[0m             'fsdp': {'_target_': 'verl.workers.config.FSDPEngineConfig',
[36m(TaskRunner pid=124230)[0m                      'dtype': 'bfloat16',
[36m(TaskRunner pid=124230)[0m                      'entropy_checkpointing': False,
[36m(TaskRunner pid=124230)[0m                      'entropy_from_logits_with_chunking': False,
[36m(TaskRunner pid=124230)[0m                      'forward_only': False,
[36m(TaskRunner pid=124230)[0m                      'forward_prefetch': False,
[36m(TaskRunner pid=124230)[0m                      'fsdp_size': -1,
[36m(TaskRunner pid=124230)[0m                      'full_determinism': False,
[36m(TaskRunner pid=124230)[0m                      'model_dtype': 'fp32',
[36m(TaskRunner pid=124230)[0m                      'offload_policy': False,
[36m(TaskRunner pid=124230)[0m                      'optimizer_offload': False,
[36m(TaskRunner pid=124230)[0m                      'param_offload': False,
[36m(TaskRunner pid=124230)[0m                      'qat': {'_target_': 'verl.workers.config.QATEngineConfig',
[36m(TaskRunner pid=124230)[0m                              'activation_observer': 'static_minmax',
[36m(TaskRunner pid=124230)[0m                              'enable': False,
[36m(TaskRunner pid=124230)[0m                              'group_size': 16,
[36m(TaskRunner pid=124230)[0m                              'ignore_patterns': ['lm_head',
[36m(TaskRunner pid=124230)[0m                                                  'embed_tokens',
[36m(TaskRunner pid=124230)[0m                                                  're:.*mlp.gate$'],
[36m(TaskRunner pid=124230)[0m                              'mode': 'w4a16',
[36m(TaskRunner pid=124230)[0m                              'quantization_config_path': None},
[36m(TaskRunner pid=124230)[0m                      'reshard_after_forward': True,
[36m(TaskRunner pid=124230)[0m                      'seed': 42,
[36m(TaskRunner pid=124230)[0m                      'strategy': 'fsdp',
[36m(TaskRunner pid=124230)[0m                      'ulysses_sequence_parallel_size': 1,
[36m(TaskRunner pid=124230)[0m                      'use_orig_params': False,
[36m(TaskRunner pid=124230)[0m                      'use_torch_compile': True,
[36m(TaskRunner pid=124230)[0m                      'wrap_policy': {'min_num_params': 0}},
[36m(TaskRunner pid=124230)[0m             'grad_clip': 1.0,
[36m(TaskRunner pid=124230)[0m             'loss_agg_mode': 'token-mean',
[36m(TaskRunner pid=124230)[0m             'model': {'_target_': 'verl.workers.config.HFModelConfig',
[36m(TaskRunner pid=124230)[0m                       'custom_chat_template': None,
[36m(TaskRunner pid=124230)[0m                       'enable_activation_offload': False,
[36m(TaskRunner pid=124230)[0m                       'enable_gradient_checkpointing': True,
[36m(TaskRunner pid=124230)[0m                       'exclude_modules': None,
[36m(TaskRunner pid=124230)[0m                       'external_lib': None,
[36m(TaskRunner pid=124230)[0m                       'fused_kernel_options': {'impl_backend': 'torch'},
[36m(TaskRunner pid=124230)[0m                       'hf_config_path': None,
[36m(TaskRunner pid=124230)[0m                       'lora': {'a2a_experimental': False,
[36m(TaskRunner pid=124230)[0m                                'adapter_path': None,
[36m(TaskRunner pid=124230)[0m                                'alpha': 32,
[36m(TaskRunner pid=124230)[0m                                'dropout': 0.0,
[36m(TaskRunner pid=124230)[0m                                'dropout_position': 'pre',
[36m(TaskRunner pid=124230)[0m                                'dtype': None,
[36m(TaskRunner pid=124230)[0m                                'exclude_modules': [],
[36m(TaskRunner pid=124230)[0m                                'freeze_language_model': True,
[36m(TaskRunner pid=124230)[0m                                'freeze_vision_model': True,
[36m(TaskRunner pid=124230)[0m                                'freeze_vision_projection': True,
[36m(TaskRunner pid=124230)[0m                                'lora_A_init_method': 'xavier',
[36m(TaskRunner pid=124230)[0m                                'lora_B_init_method': 'zero',
[36m(TaskRunner pid=124230)[0m                                'merge': False,
[36m(TaskRunner pid=124230)[0m                                'rank': 0,
[36m(TaskRunner pid=124230)[0m                                'target_modules': ['linear_qkv',
[36m(TaskRunner pid=124230)[0m                                                   'linear_proj',
[36m(TaskRunner pid=124230)[0m                                                   'linear_fc1',
[36m(TaskRunner pid=124230)[0m                                                   'linear_fc2'],
[36m(TaskRunner pid=124230)[0m                                'type': 'lora'},
[36m(TaskRunner pid=124230)[0m                       'lora_adapter_path': None,
[36m(TaskRunner pid=124230)[0m                       'lora_alpha': 16,
[36m(TaskRunner pid=124230)[0m                       'lora_rank': 0,
[36m(TaskRunner pid=124230)[0m                       'mtp': {'_target_': 'verl.workers.config.MtpConfig',
[36m(TaskRunner pid=124230)[0m                               'detach_encoder': False,
[36m(TaskRunner pid=124230)[0m                               'enable': False,
[36m(TaskRunner pid=124230)[0m                               'enable_rollout': False,
[36m(TaskRunner pid=124230)[0m                               'enable_train': False,
[36m(TaskRunner pid=124230)[0m                               'method': 'mtp',
[36m(TaskRunner pid=124230)[0m                               'mtp_loss_scaling_factor': 0.1,
[36m(TaskRunner pid=124230)[0m                               'num_speculative_tokens': 1,
[36m(TaskRunner pid=124230)[0m                               'speculative_algorithm': 'EAGLE',
[36m(TaskRunner pid=124230)[0m                               'speculative_eagle_topk': 1,
[36m(TaskRunner pid=124230)[0m                               'speculative_num_draft_tokens': 4,
[36m(TaskRunner pid=124230)[0m                               'speculative_num_steps': 3},
[36m(TaskRunner pid=124230)[0m                       'override_config': {},
[36m(TaskRunner pid=124230)[0m                       'path': '~/models/deepseek-llm-7b-chat',
[36m(TaskRunner pid=124230)[0m                       'target_modules': 'all-linear',
[36m(TaskRunner pid=124230)[0m                       'tiled_mlp': {'enabled': False, 'num_shards': 4},
[36m(TaskRunner pid=124230)[0m                       'tokenizer_path': None,
[36m(TaskRunner pid=124230)[0m                       'trust_remote_code': False,
[36m(TaskRunner pid=124230)[0m                       'use_fused_kernels': False,
[36m(TaskRunner pid=124230)[0m                       'use_liger': False,
[36m(TaskRunner pid=124230)[0m                       'use_remove_padding': True,
[36m(TaskRunner pid=124230)[0m                       'use_shm': False},
[36m(TaskRunner pid=124230)[0m             'optim': {'_target_': 'verl.workers.config.FSDPOptimizerConfig',
[36m(TaskRunner pid=124230)[0m                       'betas': [0.9, 0.999],
[36m(TaskRunner pid=124230)[0m                       'clip_grad': 1.0,
[36m(TaskRunner pid=124230)[0m                       'lr': 1e-05,
[36m(TaskRunner pid=124230)[0m                       'lr_scheduler_type': 'constant',
[36m(TaskRunner pid=124230)[0m                       'lr_warmup_steps': -1,
[36m(TaskRunner pid=124230)[0m                       'lr_warmup_steps_ratio': 0.0,
[36m(TaskRunner pid=124230)[0m                       'min_lr_ratio': 0.0,
[36m(TaskRunner pid=124230)[0m                       'num_cycles': 0.5,
[36m(TaskRunner pid=124230)[0m                       'optimizer': 'AdamW',
[36m(TaskRunner pid=124230)[0m                       'optimizer_impl': 'torch.optim',
[36m(TaskRunner pid=124230)[0m                       'override_optimizer_config': None,
[36m(TaskRunner pid=124230)[0m                       'total_training_steps': -1,
[36m(TaskRunner pid=124230)[0m                       'warmup_style': None,
[36m(TaskRunner pid=124230)[0m                       'weight_decay': 0.01,
[36m(TaskRunner pid=124230)[0m                       'zero_indexed_step': True},
[36m(TaskRunner pid=124230)[0m             'ppo_epochs': 1,
[36m(TaskRunner pid=124230)[0m             'ppo_max_token_len_per_gpu': 32768,
[36m(TaskRunner pid=124230)[0m             'ppo_micro_batch_size': None,
[36m(TaskRunner pid=124230)[0m             'ppo_micro_batch_size_per_gpu': None,
[36m(TaskRunner pid=124230)[0m             'ppo_mini_batch_size': 8,
[36m(TaskRunner pid=124230)[0m             'profiler': {'_target_': 'verl.utils.profiler.ProfilerConfig',
[36m(TaskRunner pid=124230)[0m                          'all_ranks': False,
[36m(TaskRunner pid=124230)[0m                          'enable': False,
[36m(TaskRunner pid=124230)[0m                          'ranks': [],
[36m(TaskRunner pid=124230)[0m                          'save_path': 'outputs/profile',
[36m(TaskRunner pid=124230)[0m                          'tool': None,
[36m(TaskRunner pid=124230)[0m                          'tool_config': {'npu': {'_target_': 'verl.utils.profiler.config.NPUToolConfig',
[36m(TaskRunner pid=124230)[0m                                                  'analysis': True,
[36m(TaskRunner pid=124230)[0m                                                  'contents': [],
[36m(TaskRunner pid=124230)[0m                                                  'discrete': False,
[36m(TaskRunner pid=124230)[0m                                                  'level': 'level0'},
[36m(TaskRunner pid=124230)[0m                                          'nsys': {'_target_': 'verl.utils.profiler.config.NsightToolConfig',
[36m(TaskRunner pid=124230)[0m                                                   'discrete': False},
[36m(TaskRunner pid=124230)[0m                                          'precision_debugger': {'_target_': 'verl.utils.profiler.config.PrecisionDebuggerToolConfig',
[36m(TaskRunner pid=124230)[0m                                                                 'config_path': None,
[36m(TaskRunner pid=124230)[0m                                                                 'stages': None,
[36m(TaskRunner pid=124230)[0m                                                                 'steps': None,
[36m(TaskRunner pid=124230)[0m                                                                 'strict': False},
[36m(TaskRunner pid=124230)[0m                                          'torch': {'_target_': 'verl.utils.profiler.config.TorchProfilerToolConfig',
[36m(TaskRunner pid=124230)[0m                                                    'contents': [],
[36m(TaskRunner pid=124230)[0m                                                    'discrete': False},
[36m(TaskRunner pid=124230)[0m                                          'torch_memory': {'_target_': 'verl.utils.profiler.config.TorchMemoryToolConfig',
[36m(TaskRunner pid=124230)[0m                                                           'stack_depth': 32,
[36m(TaskRunner pid=124230)[0m                                                           'trace_alloc_max_entries': 100000}}},
[36m(TaskRunner pid=124230)[0m             'rollout_n': 8,
[36m(TaskRunner pid=124230)[0m             'shuffle': False,
[36m(TaskRunner pid=124230)[0m             'strategy': 'fsdp',
[36m(TaskRunner pid=124230)[0m             'ulysses_sequence_parallel_size': 1,
[36m(TaskRunner pid=124230)[0m             'use_dynamic_bsz': False},
[36m(TaskRunner pid=124230)[0m  'data': {'apply_chat_template_kwargs': {},
[36m(TaskRunner pid=124230)[0m           'audio_key': 'audios',
[36m(TaskRunner pid=124230)[0m           'custom_cls': {'name': None, 'path': None},
[36m(TaskRunner pid=124230)[0m           'dataloader_num_workers': 8,
[36m(TaskRunner pid=124230)[0m           'filter_overlong_prompts': True,
[36m(TaskRunner pid=124230)[0m           'filter_overlong_prompts_workers': 1,
[36m(TaskRunner pid=124230)[0m           'function_tool_path': None,
[36m(TaskRunner pid=124230)[0m           'image_key': 'images',
[36m(TaskRunner pid=124230)[0m           'image_patch_size': 14,
[36m(TaskRunner pid=124230)[0m           'max_prompt_length': 1024,
[36m(TaskRunner pid=124230)[0m           'max_response_length': 512,
[36m(TaskRunner pid=124230)[0m           'mm_processor_kwargs': {},
[36m(TaskRunner pid=124230)[0m           'prompt_key': 'prompt',
[36m(TaskRunner pid=124230)[0m           'return_full_prompt': False,
[36m(TaskRunner pid=124230)[0m           'return_multi_modal_inputs': True,
[36m(TaskRunner pid=124230)[0m           'return_raw_chat': True,
[36m(TaskRunner pid=124230)[0m           'return_raw_input_ids': False,
[36m(TaskRunner pid=124230)[0m           'reward_fn_key': 'data_source',
[36m(TaskRunner pid=124230)[0m           'seed': None,
[36m(TaskRunner pid=124230)[0m           'shuffle': True,
[36m(TaskRunner pid=124230)[0m           'tokenizer': None,
[36m(TaskRunner pid=124230)[0m           'tool_config_path': None,
[36m(TaskRunner pid=124230)[0m           'train_batch_size': 8,
[36m(TaskRunner pid=124230)[0m           'train_files': 'axis_probe/grpo/data_math/train.parquet',
[36m(TaskRunner pid=124230)[0m           'train_max_samples': -1,
[36m(TaskRunner pid=124230)[0m           'truncation': 'right',
[36m(TaskRunner pid=124230)[0m           'trust_remote_code': False,
[36m(TaskRunner pid=124230)[0m           'use_shm': False,
[36m(TaskRunner pid=124230)[0m           'val_batch_size': None,
[36m(TaskRunner pid=124230)[0m           'val_files': 'axis_probe/grpo/data_math/val.parquet',
[36m(TaskRunner pid=124230)[0m           'val_max_samples': -1,
[36m(TaskRunner pid=124230)[0m           'validation_shuffle': False,
[36m(TaskRunner pid=124230)[0m           'video_key': 'videos'},
[36m(TaskRunner pid=124230)[0m  'distillation': {'_target_': 'verl.workers.config.DistillationConfig',
[36m(TaskRunner pid=124230)[0m                   'distillation_loss': {'_target_': 'verl.workers.config.DistillationLossConfig',
[36m(TaskRunner pid=124230)[0m                                         'clip_ratio': 0.2,
[36m(TaskRunner pid=124230)[0m                                         'clip_ratio_high': 0.2,
[36m(TaskRunner pid=124230)[0m                                         'clip_ratio_low': 0.2,
[36m(TaskRunner pid=124230)[0m                                         'distillation_loss_coef': 1.0,
[36m(TaskRunner pid=124230)[0m                                         'log_prob_min_clamp': None,
[36m(TaskRunner pid=124230)[0m                                         'loss_max_clamp': None,
[36m(TaskRunner pid=124230)[0m                                         'loss_mode': 'k3',
[36m(TaskRunner pid=124230)[0m                                         'policy_loss_mode': 'vanilla',
[36m(TaskRunner pid=124230)[0m                                         'topk': 32,
[36m(TaskRunner pid=124230)[0m                                         'use_policy_gradient': False,
[36m(TaskRunner pid=124230)[0m                                         'use_task_rewards': True},
[36m(TaskRunner pid=124230)[0m                   'enabled': False,
[36m(TaskRunner pid=124230)[0m                   'n_gpus_per_node': 8,
[36m(TaskRunner pid=124230)[0m                   'nnodes': 0,
[36m(TaskRunner pid=124230)[0m                   'teacher_key': 'data_source',
[36m(TaskRunner pid=124230)[0m                   'teacher_models': {'teacher_model': {'_target_': 'verl.workers.config.DistillationTeacherModelConfig',
[36m(TaskRunner pid=124230)[0m                                                        'inference': {'_target_': 'verl.workers.config.RolloutConfig',
[36m(TaskRunner pid=124230)[0m                                                                      'cudagraph_capture_sizes': None,
[36m(TaskRunner pid=124230)[0m                                                                      'data_parallel_size': 1,
[36m(TaskRunner pid=124230)[0m                                                                      'disable_log_stats': True,
[36m(TaskRunner pid=124230)[0m                                                                      'dtype': 'bfloat16',
[36m(TaskRunner pid=124230)[0m                                                                      'enable_chunked_prefill': True,
[36m(TaskRunner pid=124230)[0m                                                                      'enable_prefix_caching': True,
[36m(TaskRunner pid=124230)[0m                                                                      'enforce_eager': True,
[36m(TaskRunner pid=124230)[0m                                                                      'engine_kwargs': {},
[36m(TaskRunner pid=124230)[0m                                                                      'expert_parallel_size': 1,
[36m(TaskRunner pid=124230)[0m                                                                      'free_cache_engine': True,
[36m(TaskRunner pid=124230)[0m                                                                      'gpu_memory_utilization': 0.5,
[36m(TaskRunner pid=124230)[0m                                                                      'limit_images': None,
[36m(TaskRunner pid=124230)[0m                                                                      'load_format': 'auto',
[36m(TaskRunner pid=124230)[0m                                                                      'max_model_len': None,
[36m(TaskRunner pid=124230)[0m                                                                      'max_num_batched_tokens': 8192,
[36m(TaskRunner pid=124230)[0m                                                                      'max_num_seqs': 1024,
[36m(TaskRunner pid=124230)[0m                                                                      'name': 'vllm',
[36m(TaskRunner pid=124230)[0m                                                                      'prompt_length': 1024,
[36m(TaskRunner pid=124230)[0m                                                                      'response_length': 512,
[36m(TaskRunner pid=124230)[0m                                                                      'skip_tokenizer_init': True,
[36m(TaskRunner pid=124230)[0m                                                                      'temperature': 1.0,
[36m(TaskRunner pid=124230)[0m                                                                      'tensor_model_parallel_size': 2},
[36m(TaskRunner pid=124230)[0m                                                        'key': None,
[36m(TaskRunner pid=124230)[0m                                                        'model_path': None,
[36m(TaskRunner pid=124230)[0m /home/hyin66/micromamba/envs/verl/lib/python3.10/site-packages/verl/trainer/main_ppo.py:258: UserWarning: Disabled critic as algorithm.adv_estimator != gae. If it is not intended, please set critic.enable=True
[36m(TaskRunner pid=124230)[0m   use_critic=need_critic(config),
[36m(TaskRunner pid=124230)[0m Setting TOKENIZERS_PARALLELISM=false for forked processes.
[36m(TaskRunner pid=124230)[0m WARNING:2026-08-13 20:34:17,103:Setting TOKENIZERS_PARALLELISM=false for forked processes.
[36m(TaskRunner pid=124230)[0m Filtering prompts longer than 1024 tokens (num_proc=1):   0%|          | 0/2000 [00:00<?, ? examples/s]
[36m(TaskRunner pid=124230)[0m Filtering prompts longer than 1024 tokens (num_proc=1):  50%|█████     | 1000/2000 [00:00<00:00, 1656.36 examples/s]
[36m(TaskRunner pid=124230)[0m Filtering prompts longer than 1024 tokens (num_proc=1): 100%|██████████| 2000/2000 [00:00<00:00, 2677.31 examples/s]
[36m(TaskRunner pid=124230)[0m Filtering prompts longer than 1024 tokens (num_proc=1): 100%|██████████| 2000/2000 [00:00<00:00, 2144.44 examples/s]
[36m(TaskRunner pid=124230)[0m Setting TOKENIZERS_PARALLELISM=false for forked processes.
[36m(TaskRunner pid=124230)[0m WARNING:2026-08-13 20:34:18,252:Setting TOKENIZERS_PARALLELISM=false for forked processes.
[36m(TaskRunner pid=124230)[0m Filtering prompts longer than 1024 tokens (num_proc=1):   0%|          | 0/200 [00:00<?, ? examples/s]
[36m(TaskRunner pid=124230)[0m Filtering prompts longer than 1024 tokens (num_proc=1): 100%|██████████| 200/200 [00:00<00:00, 454.44 examples/s]
[36m(TaskRunner pid=124230)[0m Filtering prompts longer than 1024 tokens (num_proc=1): 100%|██████████| 200/200 [00:00<00:00, 363.49 examples/s]
[36m(TaskRunner pid=124230)[0m /home/hyin66/micromamba/envs/verl/lib/python3.10/site-packages/verl/trainer/main_ppo.py:299: FutureWarning: Warning: Class 'verl.trainer.ppo.ray_trainer.RayPPOTrainer' is deprecated. Please use 'main_ppo.py is deprecated, and wil be replaced by main_ppo_sync.py in v0.8.0, please use main_ppo_sync.py instead.' instead.
[36m(TaskRunner pid=124230)[0m   trainer = RayPPOTrainer(
[36m(TaskRunner pid=124230)[0m /home/hyin66/micromamba/envs/verl/lib/python3.10/site-packages/verl/trainer/ppo/ray_trainer.py:348: UserWarning: Disabled critic as algorithm.adv_estimator != gae. If it is not intended, please set critic.enable=True
[36m(TaskRunner pid=124230)[0m   self.use_critic = need_critic(self.config)
[36m(WorkerDict pid=124697)[0m /home/hyin66/micromamba/envs/verl/lib/python3.10/site-packages/verl/workers/engine/mindspeed/transformer_impl.py:24: UserWarning: NPU not support router replay for now.
[36m(WorkerDict pid=124697)[0m   from verl.utils.megatron.router_replay_patch import RouterReplay
[36m(WorkerDict pid=124697)[0m `torch_dtype` is deprecated! Use `dtype` instead!
[36m(WorkerDict pid=124697)[0m Flash Attention 2 only supports torch.float16 and torch.bfloat16 dtypes, but the current dype in Qwen2ForCausalLM is torch.float32. You should run training or inference using Automatic Mixed-Precision via the `with torch.autocast(device_type='torch_device'):` decorator, or load the model with the `dtype` argument. Example: `model = AutoModel.from_pretrained("openai/whisper-tiny", attn_implementation="flash_attention_2", dtype=torch.float16)`
[36m(WorkerDict pid=124697)[0m Flash Attention 2 only supports torch.float16 and torch.bfloat16 dtypes, but the current dype in Qwen2Model is torch.float32. You should run training or inference using Automatic Mixed-Precision via the `with torch.autocast(device_type='torch_device'):` decorator, or load the model with the `dtype` argument. Example: `model = AutoModel.from_pretrained("openai/whisper-tiny", attn_implementation="flash_attention_2", dtype=torch.float16)`
[36m(WorkerDict pid=124697)[0m /home/hyin66/micromamba/envs/verl/lib/python3.10/site-packages/torch/distributed/fsdp/_init_utils.py:430: UserWarning: FSDP is switching to use `NO_SHARD` instead of ShardingStrategy.FULL_SHARD since the world size is 1.
[36m(WorkerDict pid=124697)[0m   warnings.warn(
[36m(WorkerDict pid=124697)[0m /home/hyin66/micromamba/envs/verl/lib/python3.10/site-packages/torch/distributed/fsdp/fully_sharded_data_parallel.py:678: FutureWarning: FSDP.state_dict_type() and FSDP.set_state_dict_type() are being deprecated. Please use APIs, get_state_dict() and set_state_dict(), which can support different parallelisms, FSDP1, FSDP2, DDP. API doc: https://pytorch.org/docs/stable/distributed.checkpoint.html#torch.distributed.checkpoint.state_dict.get_state_dict .Tutorial: https://pytorch.org/tutorials/recipes/distributed_checkpoint_recipe.html .
[36m(WorkerDict pid=124697)[0m   warnings.warn(
[36m(WorkerDict pid=124697)[0m /home/hyin66/micromamba/envs/verl/lib/python3.10/site-packages/torch/distributed/fsdp/_init_utils.py:430: UserWarning: FSDP is switching to use `NO_SHARD` instead of ShardingStrategy.FULL_SHARD since the world size is 1.
[36m(WorkerDict pid=124697)[0m   warnings.warn(
[36m(WorkerDict pid=124697)[0m /home/hyin66/micromamba/envs/verl/lib/python3.10/site-packages/torch/distributed/fsdp/fully_sharded_data_parallel.py:678: FutureWarning: FSDP.state_dict_type() and FSDP.set_state_dict_type() are being deprecated. Please use APIs, get_state_dict() and set_state_dict(), which can support different parallelisms, FSDP1, FSDP2, DDP. API doc: https://pytorch.org/docs/stable/distributed.checkpoint.html#torch.distributed.checkpoint.state_dict.get_state_dict .Tutorial: https://pytorch.org/tutorials/recipes/distributed_checkpoint_recipe.html .
[36m(WorkerDict pid=124697)[0m   warnings.warn(
[36m(vLLMHttpServer pid=125698)[0m WARNING:2026-08-13 20:35:31,652:agent loop only support torch and npu profiler, got None
[36m(vLLMHttpServer pid=125698)[0m INFO:2026-08-13 20:35:31,653:vLLMHttpServer, replica_rank: 0, node_rank: 0, CUDA_VISIBLE_DEVICES: 0, master_address: 10.233.74.156, master_port: 40391, data_parallel_rpc_port: 44455, data_parallel_master_port: 46849
[36m(vLLMHttpServer pid=125698)[0m INFO:2026-08-13 20:35:31,661:override_generation_config: {'temperature': 1.0, 'top_k': -1, 'top_p': 1, 'repetition_penalty': 1.0, 'max_new_tokens': 512}
[36m(vLLMHttpServer pid=125698)[0m INFO:2026-08-13 20:35:31,661:enable_sleep_mode: True
[36m(vLLMHttpServer pid=125698)[0m `torch_dtype` is deprecated! Use `dtype` instead!
[36m(vLLMHttpServer pid=125698)[0m [1;36m(Worker pid=126360)[0;0m Capturing CUDA graphs (mixed prefill-decode, PIECEWISE):   0%|          | 0/67 [00:00<?, ?it/s]
[36m(vLLMHttpServer pid=125698)[0m Capturing CUDA graphs (mixed prefill-decode, PIECEWISE):  10%|█         | 7/67 [00:00<00:00, 63.46it/s]
[36m(vLLMHttpServer pid=125698)[0m Capturing CUDA graphs (mixed prefill-decode, PIECEWISE):  21%|██        | 14/67 [00:00<00:00, 62.57it/s]
[36m(vLLMHttpServer pid=125698)[0m Capturing CUDA graphs (mixed prefill-decode, PIECEWISE):  31%|███▏      | 21/67 [00:00<00:00, 61.87it/s]
[36m(vLLMHttpServer pid=125698)[0m Capturing CUDA graphs (mixed prefill-decode, PIECEWISE):  42%|████▏     | 28/67 [00:00<00:00, 59.85it/s]
[36m(vLLMHttpServer pid=125698)[0m Capturing CUDA graphs (mixed prefill-decode, PIECEWISE):  51%|█████     | 34/67 [00:00<00:00, 57.65it/s]
[36m(vLLMHttpServer pid=125698)[0m Capturing CUDA graphs (mixed prefill-decode, PIECEWISE):  60%|█████▉    | 40/67 [00:00<00:00, 57.01it/s]
[36m(vLLMHttpServer pid=125698)[0m Capturing CUDA graphs (mixed prefill-decode, PIECEWISE):  69%|██████▊   | 46/67 [00:00<00:00, 56.24it/s]
[36m(vLLMHttpServer pid=125698)[0m Capturing CUDA graphs (mixed prefill-decode, PIECEWISE):  78%|███████▊  | 52/67 [00:00<00:00, 54.89it/s]
[36m(vLLMHttpServer pid=125698)[0m Capturing CUDA graphs (mixed prefill-decode, PIECEWISE):  87%|████████▋ | 58/67 [00:01<00:00, 53.54it/s]
[36m(vLLMHttpServer pid=125698)[0m Capturing CUDA graphs (mixed prefill-decode, PIECEWISE):  96%|█████████▌| 64/67 [00:01<00:00, 53.41it/s]
[36m(vLLMHttpServer pid=125698)[0m Capturing CUDA graphs (mixed prefill-decode, PIECEWISE): 100%|██████████| 67/67 [00:01<00:00, 56.50it/s]
[36m(vLLMHttpServer pid=125698)[0m [1;36m(Worker pid=126360)[0;0m Capturing CUDA graphs (decode, FULL):   0%|          | 0/67 [00:00<?, ?it/s]
[36m(vLLMHttpServer pid=125698)[0m Capturing CUDA graphs (decode, FULL):  10%|█         | 7/67 [00:00<00:00, 68.36it/s]
[36m(vLLMHttpServer pid=125698)[0m Capturing CUDA graphs (decode, FULL):  24%|██▍       | 16/67 [00:00<00:00, 78.37it/s]
[36m(vLLMHttpServer pid=125698)[0m Capturing CUDA graphs (decode, FULL):  37%|███▋      | 25/67 [00:00<00:00, 82.74it/s]
[36m(vLLMHttpServer pid=125698)[0m Capturing CUDA graphs (decode, FULL):  51%|█████     | 34/67 [00:00<00:00, 84.68it/s]
[36m(vLLMHttpServer pid=125698)[0m Capturing CUDA graphs (decode, FULL):  64%|██████▍   | 43/67 [00:00<00:00, 85.29it/s]
[36m(vLLMHttpServer pid=125698)[0m Capturing CUDA graphs (decode, FULL):  79%|███████▉  | 53/67 [00:00<00:00, 87.06it/s]
[36m(vLLMHttpServer pid=125698)[0m Capturing CUDA graphs (decode, FULL):  93%|█████████▎| 62/67 [00:00<00:00, 87.10it/s]Capturing CUDA graphs (decode, FULL): 100%|██████████| 67/67 [00:00<00:00, 85.17it/s]
[36m(vLLMHttpServer pid=125698)[0m INFO:2026-08-13 20:36:30,565:Initializing a V1 LLM engine with config: model='Qwen/Qwen2.5-Math-1.5B-Instruct', speculative_config=None, tokenizer='Qwen/Qwen2.5-Math-1.5B-Instruct', skip_tokenizer_init=False, tokenizer_mode=auto, revision=None, tokenizer_revision=None, trust_remote_code=False, dtype=torch.bfloat16, max_seq_len=4096, download_dir=None, load_format=dummy, tensor_parallel_size=1, pipeline_parallel_size=1, data_parallel_size=1, disable_custom_all_reduce=False, quantization=None, enforce_eager=False, kv_cache_dtype=auto, device_config=cuda, structured_outputs_config=StructuredOutputsConfig(backend='auto', disable_fallback=False, disable_any_whitespace=False, disable_additional_properties=False, reasoning_parser=''), observability_config=ObservabilityConfig(show_hidden_metrics_for_version=None, otlp_traces_endpoint=None, collect_detailed_traces=None), seed=0, served_model_name=Qwen/Qwen2.5-Math-1.5B-Instruct, enable_prefix_caching=True, chunked_prefill_enabled=True, pooler_config=None, compilation_config={"level":3,"debug_dump_path":"","cache_dir":"","backend":"","custom_ops":[],"splitting_ops":["vllm.unified_attention","vllm.unified_attention_with_output","vllm.mamba_mixer2","vllm.mamba_mixer","vllm.short_conv","vllm.linear_attention","vllm.plamo2_mamba_mixer","vllm.gdn_attention","vllm.sparse_attn_indexer"],"use_inductor":true,"compile_sizes":[],"inductor_compile_config":{"enable_auto_functionalized_v2":false},"inductor_passes":{},"cudagraph_mode":[2,1],"use_cudagraph":true,"cudagraph_num_of_warmups":1,"cudagraph_capture_sizes":[512,504,496,488,480,472,464,456,448,440,432,424,416,408,400,392,384,376,368,360,352,344,336,328,320,312,304,296,288,280,272,264,256,248,240,232,224,216,208,200,192,184,176,168,160,152,144,136,128,120,112,104,96,88,80,72,64,56,48,40,32,24,16,8,4,2,1],"cudagraph_copy_inputs":false,"full_cuda_graph":false,"use_inductor_graph_partition":false,"pass_config":{},"max_capture_size":512,"local_cache_dir":null}
[36m(WorkerDict pid=124697)[0m /home/hyin66/micromamba/envs/verl/lib/python3.10/site-packages/torch/distributed/fsdp/_state_dict_utils.py:763: UserWarning: When using ``NO_SHARD`` for ``ShardingStrategy``, full_state_dict will be returned.
[36m(WorkerDict pid=124697)[0m   warnings.warn(
[36m(WorkerDict pid=124697)[0m /home/hyin66/micromamba/envs/verl/lib/python3.10/site-packages/torch/distributed/fsdp/_state_dict_utils.py:701: UserWarning: When using ``NO_SHARD`` for ``ShardingStrategy``, full_state_dict will be returned.
[36m(WorkerDict pid=124697)[0m   warnings.warn(
[36m(WorkerDict pid=124697)[0m INFO:2026-08-13 20:36:32,750:update_weights done, time cost: 0.62s
[36m(TaskRunner pid=124230)[0m Training Progress:   0%|          | 0/20 [00:00<?, ?it/s]
[36m(AgentLoopWorker pid=126962)[0m You're using a Qwen2TokenizerFast tokenizer. Please note that with a fast tokenizer, using the `__call__` method is faster than using a method to encode the text followed by a call to the `pad` method to get a padded encoding.
[36m(WorkerDict pid=124697)[0m INFO:2026-08-13 20:37:22,445:update_weights done, time cost: 0.52s
[36m(AgentLoopWorker pid=126963)[0m You're using a Qwen2TokenizerFast tokenizer. Please note that with a fast tokenizer, using the `__call__` method is faster than using a method to encode the text followed by a call to the `pad` method to get a padded encoding.[32m [repeated 7x across cluster][0m
[36m(TaskRunner pid=124230)[0m Training Progress:   5%|▌         | 1/20 [00:49<15:41, 49.57s/it]
[36m(WorkerDict pid=124697)[0m INFO:2026-08-13 20:37:31,332:update_weights done, time cost: 0.51s
[36m(TaskRunner pid=124230)[0m Training Progress:  10%|█         | 2/20 [00:58<07:41, 25.63s/it]
[36m(WorkerDict pid=124697)[0m INFO:2026-08-13 20:37:40,519:update_weights done, time cost: 0.51s
[36m(TaskRunner pid=124230)[0m Training Progress:  15%|█▌        | 3/20 [01:07<05:08, 18.13s/it]
[36m(WorkerDict pid=124697)[0m INFO:2026-08-13 20:37:49,393:update_weights done, time cost: 0.51s
[36m(TaskRunner pid=124230)[0m Training Progress:  20%|██        | 4/20 [01:16<03:51, 14.47s/it]
[36m(WorkerDict pid=124697)[0m INFO:2026-08-13 20:37:58,300:update_weights done, time cost: 0.51s
[36m(TaskRunner pid=124230)[0m Training Progress:  25%|██▌       | 5/20 [01:25<03:06, 12.46s/it]
[36m(WorkerDict pid=124697)[0m INFO:2026-08-13 20:38:07,128:update_weights done, time cost: 0.52s
[36m(TaskRunner pid=124230)[0m Training Progress:  30%|███       | 6/20 [01:34<02:37, 11.24s/it]
[36m(WorkerDict pid=124697)[0m INFO:2026-08-13 20:38:16,070:update_weights done, time cost: 0.55s
[36m(TaskRunner pid=124230)[0m Training Progress:  35%|███▌      | 7/20 [01:43<02:16, 10.50s/it]
[36m(WorkerDict pid=124697)[0m INFO:2026-08-13 20:38:24,898:update_weights done, time cost: 0.50s
[36m(TaskRunner pid=124230)[0m Training Progress:  40%|████      | 8/20 [01:52<01:59,  9.95s/it]
[36m(WorkerDict pid=124697)[0m INFO:2026-08-13 20:38:33,428:update_weights done, time cost: 0.49s
[36m(TaskRunner pid=124230)[0m Training Progress:  45%|████▌     | 9/20 [02:00<01:44,  9.50s/it]
[36m(WorkerDict pid=124697)[0m INFO:2026-08-13 20:38:42,482:update_weights done, time cost: 0.49s
[36m(TaskRunner pid=124230)[0m Training Progress:  50%|█████     | 10/20 [02:09<01:33,  9.38s/it]
[36m(WorkerDict pid=124697)[0m INFO:2026-08-13 20:38:50,971:update_weights done, time cost: 0.50s
[36m(TaskRunner pid=124230)[0m Training Progress:  55%|█████▌    | 11/20 [02:18<01:21,  9.10s/it]
[36m(WorkerDict pid=124697)[0m INFO:2026-08-13 20:39:00,114:update_weights done, time cost: 0.51s
[36m(TaskRunner pid=124230)[0m Training Progress:  60%|██████    | 12/20 [02:27<01:12,  9.11s/it]
[36m(WorkerDict pid=124697)[0m INFO:2026-08-13 20:39:08,864:update_weights done, time cost: 0.48s
[36m(TaskRunner pid=124230)[0m Training Progress:  65%|██████▌   | 13/20 [02:35<01:03,  9.00s/it]
[36m(WorkerDict pid=124697)[0m INFO:2026-08-13 20:39:17,757:update_weights done, time cost: 0.51s
[36m(TaskRunner pid=124230)[0m Training Progress:  70%|███████   | 14/20 [02:44<00:53,  8.97s/it]
[36m(WorkerDict pid=124697)[0m INFO:2026-08-13 20:39:26,690:update_weights done, time cost: 0.47s
[36m(TaskRunner pid=124230)[0m                                                        'num_replicas': 0}}},
[36m(TaskRunner pid=124230)[0m  'global_profiler': {'_target_': 'verl.utils.profiler.ProfilerConfig',
[36m(TaskRunner pid=124230)[0m                      'global_tool_config': {'nsys': {'_target_': 'verl.utils.profiler.config.NsightToolConfig',
[36m(TaskRunner pid=124230)[0m                                                      'controller_nsight_options': {'cuda-graph-trace': 'graph',
[36m(TaskRunner pid=124230)[0m                                                                                    'cuda-memory-usage': 'true',
[36m(TaskRunner pid=124230)[0m                                                                                    'trace': 'cuda,nvtx,cublas,ucx'},
[36m(TaskRunner pid=124230)[0m                                                      'discrete': False,
[36m(TaskRunner pid=124230)[0m                                                      'worker_nsight_options': {'capture-range': 'cudaProfilerApi',
[36m(TaskRunner pid=124230)[0m                                                                                'capture-range-end': None,
[36m(TaskRunner pid=124230)[0m                                                                                'cuda-graph-trace': 'graph',
[36m(TaskRunner pid=124230)[0m                                                                                'cuda-memory-usage': 'true',
[36m(TaskRunner pid=124230)[0m                                                                                'kill': 'none',
[36m(TaskRunner pid=124230)[0m                                                                                'trace': 'cuda,nvtx,cublas,ucx'}},
[36m(TaskRunner pid=124230)[0m                                             'precision_debugger': {'_target_': 'verl.utils.profiler.config.PrecisionDebuggerToolConfig',
[36m(TaskRunner pid=124230)[0m                                                                    'config_path': None,
[36m(TaskRunner pid=124230)[0m                                                                    'stages': None,
[36m(TaskRunner pid=124230)[0m                                                                    'steps': None,
[36m(TaskRunner pid=124230)[0m                                                                    'strict': False},
[36m(TaskRunner pid=124230)[0m                                             'torch_memory': {'context': 'all',
[36m(TaskRunner pid=124230)[0m                                                              'kw_args': {},
[36m(TaskRunner pid=124230)[0m                                                              'stack_depth': 32,
[36m(TaskRunner pid=124230)[0m                                                              'stacks': 'all',
[36m(TaskRunner pid=124230)[0m                                                              'trace_alloc_max_entries': 100000}},
[36m(TaskRunner pid=124230)[0m                      'profile_continuous_steps': False,
[36m(TaskRunner pid=124230)[0m                      'save_path': 'outputs/profile',
[36m(TaskRunner pid=124230)[0m                      'steps': None,
[36m(TaskRunner pid=124230)[0m                      'tool': None},
[36m(TaskRunner pid=124230)[0m  'model_engine': 'dp',
[36m(TaskRunner pid=124230)[0m  'ray_kwargs': {'ray_init': {'num_cpus': None}, 'timeline_json_file': None},
[36m(TaskRunner pid=124230)[0m  'reward': {'_target_': 'verl.workers.config.RewardConfig',
[36m(TaskRunner pid=124230)[0m             'custom_reward_function': {'name': 'verl_compute_score',
[36m(TaskRunner pid=124230)[0m                                        'path': '/home/hyin66/es-fine-tuning-paper/experiments/2026-08-08_momentum_axis/es_bench/shared_reward.py'},
[36m(TaskRunner pid=124230)[0m             'num_workers': 8,
[36m(TaskRunner pid=124230)[0m             'reward_manager': {'_target_': 'verl.workers.config.reward.RewardManagerConfig',
[36m(TaskRunner pid=124230)[0m                                'module': {'_target_': 'verl.trainer.config.config.ModuleConfig',
[36m(TaskRunner pid=124230)[0m                                           'name': 'custom_reward_manager',
[36m(TaskRunner pid=124230)[0m                                           'path': None},
[36m(TaskRunner pid=124230)[0m                                'name': 'naive',
[36m(TaskRunner pid=124230)[0m                                'source': 'register'},
[36m(TaskRunner pid=124230)[0m             'reward_model': {'_target_': 'verl.workers.config.RewardModelConfig',
[36m(TaskRunner pid=124230)[0m                              'enable': False,
[36m(TaskRunner pid=124230)[0m                              'enable_resource_pool': False,
[36m(TaskRunner pid=124230)[0m                              'model_path': None,
[36m(TaskRunner pid=124230)[0m                              'n_gpus_per_node': 8,
[36m(TaskRunner pid=124230)[0m                              'nnodes': 0,
[36m(TaskRunner pid=124230)[0m                              'rollout': {'_target_': 'verl.workers.config.RolloutConfig',
[36m(TaskRunner pid=124230)[0m                                          'cudagraph_capture_sizes': None,
[36m(TaskRunner pid=124230)[0m                                          'data_parallel_size': 1,
[36m(TaskRunner pid=124230)[0m                                          'disable_log_stats': True,
[36m(TaskRunner pid=124230)[0m                                          'disaggregation': {'bootstrap_port': None,
[36m(TaskRunner pid=124230)[0m                                                             'decode_replicas': 1,
[36m(TaskRunner pid=124230)[0m                                                             'decode_tensor_model_parallel_size': None,
[36m(TaskRunner pid=124230)[0m                                                             'enabled': False,
[36m(TaskRunner pid=124230)[0m                                                             'ib_device': None,
[36m(TaskRunner pid=124230)[0m                                                             'prefill_replicas': 1,
[36m(TaskRunner pid=124230)[0m                                                             'transfer_backend': 'nixl'},
[36m(TaskRunner pid=124230)[0m                                          'do_sample': True,
[36m(TaskRunner pid=124230)[0m                                          'dtype': 'bfloat16',
[36m(TaskRunner pid=124230)[0m                                          'enable_chunked_prefill': True,
[36m(TaskRunner pid=124230)[0m                                          'enable_prefix_caching': True,
[36m(TaskRunner pid=124230)[0m                                          'enforce_eager': True,
[36m(TaskRunner pid=124230)[0m                                          'engine_kwargs': {},
[36m(TaskRunner pid=124230)[0m                                          'expert_parallel_size': 1,
[36m(TaskRunner pid=124230)[0m                                          'free_cache_engine': True,
[36m(TaskRunner pid=124230)[0m                                          'gpu_memory_utilization': 0.5,
[36m(TaskRunner pid=124230)[0m                                          'ignore_eos': False,
[36m(TaskRunner pid=124230)[0m                                          'layered_summon': False,
[36m(TaskRunner pid=124230)[0m                                          'limit_images': None,
[36m(TaskRunner pid=124230)[0m                                          'load_format': 'auto',
[36m(TaskRunner pid=124230)[0m                                          'max_model_len': None,
[36m(TaskRunner pid=124230)[0m                                          'max_num_batched_tokens': 8192,
[36m(TaskRunner pid=124230)[0m                                          'max_num_seqs': 1024,
[36m(TaskRunner pid=124230)[0m                                          'mtp': None,
[36m(TaskRunner pid=124230)[0m                                          'multi_stage_wake_up': False,
[36m(TaskRunner pid=124230)[0m                                          'n': 1,
[36m(TaskRunner pid=124230)[0m                                          'name': '???',
[36m(TaskRunner pid=124230)[0m                                          'pipeline_model_parallel_size': 1,
[36m(TaskRunner pid=124230)[0m                                          'prompt_length': 2048,
[36m(TaskRunner pid=124230)[0m                                          'quantization': None,
[36m(TaskRunner pid=124230)[0m                                          'quantization_config_file': None,
[36m(TaskRunner pid=124230)[0m                                          'response_length': 2048,
[36m(TaskRunner pid=124230)[0m                                          'scheduling_policy': 'fcfs',
[36m(TaskRunner pid=124230)[0m                                          'skip_tokenizer_init': False,
[36m(TaskRunner pid=124230)[0m                                          'temperature': 1.0,
[36m(TaskRunner pid=124230)[0m                                          'tensor_model_parallel_size': 2,
[36m(TaskRunner pid=124230)[0m                                          'top_k': -1,
[36m(TaskRunner pid=124230)[0m                                          'top_p': 1}},
[36m(TaskRunner pid=124230)[0m             'sandbox_fusion': {'_target_': 'verl.workers.config.SandboxFusionConfig',
[36m(TaskRunner pid=124230)[0m                                'max_concurrent': 64,
[36m(TaskRunner pid=124230)[0m                                'memory_limit_mb': 1024,
[36m(TaskRunner pid=124230)[0m                                'url': None}},
[36m(TaskRunner pid=124230)[0m  'trainer': {'balance_batch': True,
[36m(TaskRunner pid=124230)[0m              'critic_warmup': 0,
[36m(TaskRunner pid=124230)[0m              'default_hdfs_dir': None,
[36m(TaskRunner pid=124230)[0m              'default_local_dir': '/tmp/grpo_mem_probe',
[36m(TaskRunner pid=124230)[0m              'del_local_ckpt_after_load': False,
[36m(TaskRunner pid=124230)[0m              'device': 'cuda',
[36m(TaskRunner pid=124230)[0m              'esi_redundant_time': 0,
[36m(TaskRunner pid=124230)[0m              'experiment_name': 'gsm8k',
[36m(TaskRunner pid=124230)[0m              'log_val_generations': 0,
[36m(TaskRunner pid=124230)[0m              'logger': ['console'],
[36m(TaskRunner pid=124230)[0m              'max_actor_ckpt_to_keep': None,
[36m(TaskRunner pid=124230)[0m              'max_critic_ckpt_to_keep': None,
[36m(TaskRunner pid=124230)[0m              'n_gpus_per_node': 1,
[36m(TaskRunner pid=124230)[0m              'nnodes': 1,
[36m(TaskRunner pid=124230)[0m              'project_name': 'verl_examples',
[36m(TaskRunner pid=124230)[0m              'ray_wait_register_center_timeout': 300,
[36m(TaskRunner pid=124230)[0m              'resume_from_path': None,
[36m(TaskRunner pid=124230)[0m              'resume_mode': 'auto',
[36m(TaskRunner pid=124230)[0m              'rollout_data_dir': None,
[36m(TaskRunner pid=124230)[0m              'save_freq': 20,
[36m(TaskRunner pid=124230)[0m              'test_freq': -1,
[36m(TaskRunner pid=124230)[0m              'total_epochs': 1000,
[36m(TaskRunner pid=124230)[0m              'total_training_steps': 20,
[36m(TaskRunner pid=124230)[0m              'val_before_train': False,
[36m(TaskRunner pid=124230)[0m              'val_only': False,
[36m(TaskRunner pid=124230)[0m              'validation_data_dir': None},
[36m(TaskRunner pid=124230)[0m  'transfer_queue': {'backend': {'MooncakeStore': {'auto_init': False,
[36m(TaskRunner pid=124230)[0m                                                   'device_name': '',
[36m(TaskRunner pid=124230)[0m                                                   'global_segment_size': 4294967296,
[36m(TaskRunner pid=124230)[0m                                                   'local_buffer_size': 1073741824,
[36m(TaskRunner pid=124230)[0m                                                   'local_hostname': 'localhost',
[36m(TaskRunner pid=124230)[0m                                                   'master_server_address': 'localhost:50124',
[36m(TaskRunner pid=124230)[0m                                                   'metadata_server': 'localhost:50123',
[36m(TaskRunner pid=124230)[0m                                                   'protocol': 'tcp'},
[36m(TaskRunner pid=124230)[0m                                 'SimpleStorage': {'num_data_storage_units': 8,
[36m(TaskRunner pid=124230)[0m                                                   'total_storage_size': 100000},
[36m(TaskRunner pid=124230)[0m                                 'storage_backend': 'SimpleStorage'},
[36m(TaskRunner pid=124230)[0m                     'enable': False,
[36m(TaskRunner pid=124230)[0m                     'metrics': {'enabled': False, 'port': 0}}}
[36m(TaskRunner pid=124230)[0m [validate_config] All configuration checks passed successfully!
[36m(TaskRunner pid=124230)[0m Using dataset class: RLHFDataset
[36m(TaskRunner pid=124230)[0m dataset len: 2000
[36m(TaskRunner pid=124230)[0m filter dataset len: 1998
[36m(TaskRunner pid=124230)[0m Using dataset class: RLHFDataset
[36m(TaskRunner pid=124230)[0m dataset len: 200
[36m(TaskRunner pid=124230)[0m filter dataset len: 200
[36m(TaskRunner pid=124230)[0m Size of train dataloader: 249, Size of val dataloader: 1
[36m(TaskRunner pid=124230)[0m Total training steps: 20
[36m(TaskRunner pid=124230)[0m colocated worker base class <class 'verl.single_controller.base.worker.Worker'>
[36m(WorkerDict pid=124697)[0m [Gloo] Rank 0 is connected to 0 peer ranks. Expected number of connected peer ranks is : 0
[36m(WorkerDict pid=124697)[0m Warning: Failed to set NUMA affinity: libnuma.so: cannot open shared object file: No such file or directory
[36m(WorkerDict pid=124697)[0m Monkey patch _flash_attention_forward in transformers.integrations.flash_attention
[36m(WorkerDict pid=124697)[0m Skipping monkey patch for Qwen2ForCausalLM as use_fused_kernels is False or fused_kernels_backend is torch
[36m(WorkerDict pid=124697)[0m Qwen2ForCausalLM contains 1.54B parameters
[36m(WorkerDict pid=124697)[0m Before FSDP, memory allocated (GB): 0.00, memory reserved (GB): 0.00, device memory used/total (GB): 0.51/139.80
[36m(WorkerDict pid=124697)[0m After FSDP, memory allocated (GB): 5.75, memory reserved (GB): 6.86, device memory used/total (GB): 8.01/139.80
[36m(WorkerDict pid=124697)[0m Warning: Failed to set NUMA affinity: libnuma.so: cannot open shared object file: No such file or directory
[36m(WorkerDict pid=124697)[0m Monkey patch _flash_attention_forward in transformers.integrations.flash_attention
[36m(WorkerDict pid=124697)[0m Skipping monkey patch for Qwen2ForCausalLM as use_fused_kernels is False or fused_kernels_backend is torch
[36m(WorkerDict pid=124697)[0m Qwen2ForCausalLM contains 1.54B parameters
[36m(WorkerDict pid=124697)[0m Before FSDP, memory allocated (GB): 5.75, memory reserved (GB): 6.86, device memory used/total (GB): 8.01/139.80
[36m(WorkerDict pid=124697)[0m After FSDP, memory allocated (GB): 11.50, memory reserved (GB): 12.82, device memory used/total (GB): 13.97/139.80
[36m(WorkerDict pid=124697)[0m Total steps: 20, num_warmup_steps: 0
[36m(WorkerDict pid=124697)[0m NCCL version 2.27.3+cuda12.9
[36m(WorkerDict pid=124697)[0m [Gloo] Rank 0 is connected to 0 peer ranks. Expected number of connected peer ranks is : 0
[36m(WorkerDict pid=124697)[0m [Gloo] Rank 0 is connected to 0 peer ranks. Expected number of connected peer ranks is : 0
[36m(WorkerDict pid=124697)[0m [Gloo] Rank 0 is connected to 0 peer ranks. Expected number of connected peer ranks is : 0
[36m(TaskRunner pid=124230)[0m WARNING 08-13 20:35:05 [api_server.py:1213] LoRA dynamic loading & unloading is enabled in the API server. This should ONLY be used for local development!
[36m(pid=125698)[0m WARNING 08-13 20:35:29 [api_server.py:1213] LoRA dynamic loading & unloading is enabled in the API server. This should ONLY be used for local development!
[36m(vLLMHttpServer pid=125698)[0m ['serve',
[36m(vLLMHttpServer pid=125698)[0m  'Qwen/Qwen2.5-Math-1.5B-Instruct',
[36m(vLLMHttpServer pid=125698)[0m  '--dtype',
[36m(vLLMHttpServer pid=125698)[0m  'bfloat16',
[36m(vLLMHttpServer pid=125698)[0m  '--load_format',
[36m(vLLMHttpServer pid=125698)[0m  'dummy',
[36m(vLLMHttpServer pid=125698)[0m  '--distributed_executor_backend',
[36m(vLLMHttpServer pid=125698)[0m  'mp',
[36m(vLLMHttpServer pid=125698)[0m  '--worker_extension_cls',
[36m(vLLMHttpServer pid=125698)[0m  'verl.workers.rollout.vllm_rollout.utils.vLLMColocateWorkerExtension',
[36m(vLLMHttpServer pid=125698)[0m  '--max_model_len',
[36m(vLLMHttpServer pid=125698)[0m  '4096',
[36m(vLLMHttpServer pid=125698)[0m  '--max_num_seqs',
[36m(vLLMHttpServer pid=125698)[0m  '1024',
[36m(vLLMHttpServer pid=125698)[0m  '--enable_chunked_prefill',
[36m(vLLMHttpServer pid=125698)[0m  '--max_num_batched_tokens',
[36m(vLLMHttpServer pid=125698)[0m  '8192',
[36m(vLLMHttpServer pid=125698)[0m  '--enable_prefix_caching',
[36m(vLLMHttpServer pid=125698)[0m  '--enable_sleep_mode',
[36m(vLLMHttpServer pid=125698)[0m  '--logprobs_mode',
[36m(vLLMHttpServer pid=125698)[0m  'processed_logprobs',
[36m(vLLMHttpServer pid=125698)[0m  '--gpu_memory_utilization',
[36m(vLLMHttpServer pid=125698)[0m  '0.5',
[36m(vLLMHttpServer pid=125698)[0m  '--disable_log_stats',
[36m(vLLMHttpServer pid=125698)[0m  '--tensor_parallel_size',
[36m(vLLMHttpServer pid=125698)[0m  '1',
[36m(vLLMHttpServer pid=125698)[0m  '--seed',
[36m(vLLMHttpServer pid=125698)[0m  '0',
[36m(vLLMHttpServer pid=125698)[0m  '--override_generation_config',
[36m(vLLMHttpServer pid=125698)[0m  '{"temperature": 1.0, "top_k": -1, "top_p": 1, "repetition_penalty": 1.0, '
[36m(vLLMHttpServer pid=125698)[0m  '"max_new_tokens": 512}',
[36m(vLLMHttpServer pid=125698)[0m  '--hf_overrides',
[36m(vLLMHttpServer pid=125698)[0m  '{}',
[36m(vLLMHttpServer pid=125698)[0m  '--scheduling_policy',
[36m(vLLMHttpServer pid=125698)[0m  'fcfs',
[36m(vLLMHttpServer pid=125698)[0m  '--compilation_config',
[36m(vLLMHttpServer pid=125698)[0m  '{"cudagraph_mode": "FULL_AND_PIECEWISE"}']
[36m(vLLMHttpServer pid=125698)[0m WARNING 08-13 20:35:32 [__init__.py:3036] We must use the `spawn` multiprocessing start method. Overriding VLLM_WORKER_MULTIPROC_METHOD to 'spawn'. See https://docs.vllm.ai/en/latest/usage/troubleshooting.html#python-multiprocessing for more information. Reasons: In a Ray actor and can only be spawned; CUDA is initialized
[36m(vLLMHttpServer pid=125698)[0m [Gloo] Rank 0 is connected to 0 peer ranks. Expected number of connected peer ranks is : 0
[36m(vLLMHttpServer pid=125698)[0m [Gloo] Rank 0 is connected to 0 peer ranks. Expected number of connected peer ranks is : 0
[36m(vLLMHttpServer pid=125698)[0m [Gloo] Rank 0 is connected to 0 peer ranks. Expected number of connected peer ranks is : 0
[36m(vLLMHttpServer pid=125698)[0m [Gloo] Rank 0 is connected to 0 peer ranks. Expected number of connected peer ranks is : 0
[36m(vLLMHttpServer pid=125698)[0m [Gloo] Rank 0 is connected to 0 peer ranks. Expected number of connected peer ranks is : 0
[36m(vLLMHttpServer pid=125698)[0m [Gloo] Rank 0 is connected to 0 peer ranks. Expected number of connected peer ranks is : 0
[36m(vLLMHttpServer pid=125698)[0m WARNING 08-13 20:36:30 [model.py:1389] Default sampling parameters have been overridden by the model's Hugging Face generation config recommended from the model creator. If this is not intended, please relaunch vLLM instance with `--generation-config vllm`.
[36m(TaskRunner pid=124230)[0m LLMServerManager: ['10.233.74.156:44175']
[36m(TaskRunner pid=124230)[0m Checkpoint tracker file does not exist: /tmp/grpo_mem_probe/latest_checkpointed_iteration.txt
[36m(TaskRunner pid=124230)[0m Training from scratch
[36m(WorkerDict pid=124697)[0m WARNING 08-13 20:36:32 [api_server.py:1213] LoRA dynamic loading & unloading is enabled in the API server. This should ONLY be used for local development!
[36m(AgentLoopWorker pid=126960)[0m Using dataset class: RLHFDataset
[36m(GlobalRequestLoadBalancer pid=126964)[0m WARNING 08-13 20:36:56 [api_server.py:1213] LoRA dynamic loading & unloading is enabled in the API server. This should ONLY be used for local development!
[36m(AgentLoopWorker pid=126963)[0m Using dataset class: RLHFDataset[32m [repeated 7x across cluster] (Ray deduplicates logs by default. Set RAY_DEDUP_LOGS=0 to disable log deduplication, or see https://docs.ray.io/en/master/ray-observability/user-guides/configure-logging.html#log-deduplication for more options.)[0m
[36m(AgentLoopWorker pid=126968)[0m WARNING 08-13 20:37:04 [api_server.py:1213] LoRA dynamic loading & unloading is enabled in the API server. This should ONLY be used for local development!
[36m(AgentLoopWorker pid=126961)[0m WARNING 08-13 20:37:04 [api_server.py:1213] LoRA dynamic loading & unloading is enabled in the API server. This should ONLY be used for local development!
[36m(TaskRunner pid=124230)[0m step:1 - global_seqlen/min:37287 - global_seqlen/max:37287 - global_seqlen/minmax_diff:0 - global_seqlen/balanced_min:37287 - global_seqlen/balanced_max:37287 - global_seqlen/mean:37287.0 - actor/entropy:0.229858860373497 - perf/mfu/actor_infer:0.03285932258146764 - actor/pg_clipfrac:0.0 - actor/ppo_kl:0.0 - actor/pg_clipfrac_lower:0.0 - actor/pg_loss:0.00417362293228507 - actor/kl_loss:0.0 - actor/kl_coef:0.001 - actor/loss:0.004173623397946358 - actor/grad_norm:0.30298125743865967 - actor/lr:1e-06 - actor/perf/max_memory_allocated_gb:28.816712379455566 - actor/perf/max_memory_reserved_gb:32.09375 - actor/perf/cpu_memory_used_gb:19.26022720336914 - perf/mfu/actor:0.14525793438450676 - training/global_step:1 - training/epoch:0 - critic/score/mean:0.4375 - critic/score/max:1.0 - critic/score/min:0.0 - critic/rewards/mean:0.4375 - critic/rewards/max:1.0 - critic/rewards/min:0.0 - critic/advantages/mean:-0.004173617344349623 - critic/advantages/max:2.4748666286468506 - critic/advantages/min:-0.5400605201721191 - critic/returns/mean:-0.004173617344349623 - critic/returns/max:2.4748666286468506 - critic/returns/min:-0.5400605201721191 - response_length/mean:439.609375 - response_length/max:512.0 - response_length/min:176.0 - response_length/clip_ratio:0.515625 - response_length_non_aborted/mean:439.609375 - response_length_non_aborted/max:512.0 - response_length_non_aborted/min:176.0 - response_length_non_aborted/clip_ratio:0.515625 - response/aborted_ratio:0.0 - prompt_length/mean:143.0 - prompt_length/max:214.0 - prompt_length/min:112.0 - prompt_length/clip_ratio:0.0 - num_turns/min:2 - num_turns/max:2 - num_turns/mean:2.0 - timing_s/start_profile:0.0002124970778822899 - timing_s/agent_loop/num_preempted/min:-1 - timing_s/agent_loop/num_preempted/max:-1 - timing_s/agent_loop/num_preempted/mean:-1.0 - timing_s/agent_loop/generate_sequences/min:13.375741392374039 - timing_s/agent_loop/generate_sequences/max:14.637294958345592 - timing_s/agent_loop/generate_sequences/mean:14.277950880408753 - timing_s/agent_loop/tool_calls/min:0.0 - timing_s/agent_loop/tool_calls/max:0.0 - timing_s/agent_loop/tool_calls/mean:0.0 - timing_s/agent_loop/compute_score/min:0.0038482872769236565 - timing_s/agent_loop/compute_score/max:0.03377694170922041 - timing_s/agent_loop/compute_score/mean:0.012826604215661064 - timing_s/agent_loop/slowest/generate_sequences:14.637294958345592 - timing_s/agent_loop/slowest/tool_calls:0.0 - timing_s/agent_loop/slowest/compute_score:0.005395430140197277 - timing_s/agent_loop/slowest/num_preempted:-1 - timing_s/agent_loop/slowest/prompt_length:132 - timing_s/agent_loop/slowest/response_length:512 - timing_s/gen:33.21353298518807 - timing_s/reward:3.132876008749008e-05 - timing_s/old_log_prob:4.298187541775405 - timing_s/ref:8.038615444675088 - timing_s/adv:0.002268834039568901 - timing_s/update_actor:2.9129888601601124 - timing_s/update_weights:0.9508877815678716 - timing_s/step:49.446991417557 - timing_s/stop_profile:8.588936179876328e-05 - timing_per_token_ms/update_actor:0.07812344410009152 - timing_per_token_ms/adv:6.0847856882261946e-05 - timing_per_token_ms/gen:1.1805058818264818 - timing_per_token_ms/ref:0.2155876161845975 - perf/total_num_tokens:37287 - perf/time_per_step:49.446991417557 - perf/throughput:754.0802570803248
[36m(AgentLoopWorker pid=126963)[0m WARNING 08-13 20:37:04 [api_server.py:1213] LoRA dynamic loading & unloading is enabled in the API server. This should ONLY be used for local development![32m [repeated 6x across cluster][0m
[36m(TaskRunner pid=124230)[0m step:2 - global_seqlen/min:35675 - global_seqlen/max:35675 - global_seqlen/minmax_diff:0 - global_seqlen/balanced_min:35675 - global_seqlen/balanced_max:35675 - global_seqlen/mean:35675.0 - actor/entropy:0.10451746731996536 - perf/mfu/actor_infer:0.18700696177879114 - actor/pg_clipfrac:0.0 - actor/ppo_kl:0.0 - actor/pg_clipfrac_lower:0.0 - actor/pg_loss:0.0035134870558977127 - actor/kl_loss:9.482170912633592e-05 - actor/kl_coef:0.001 - actor/loss:0.0035135801881551743 - actor/grad_norm:0.06474682688713074 - actor/lr:1e-06 - actor/perf/max_memory_allocated_gb:28.816712379455566 - actor/perf/max_memory_reserved_gb:40.54296875 - actor/perf/cpu_memory_used_gb:19.285907745361328 - perf/mfu/actor:0.16866108842664118 - training/global_step:2 - training/epoch:0 - critic/score/mean:0.484375 - critic/score/max:1.0 - critic/score/min:0.0 - critic/rewards/mean:0.484375 - critic/rewards/max:1.0 - critic/rewards/min:0.0 - critic/advantages/mean:-0.0035134830977767706 - critic/advantages/max:0.35355237126350403 - critic/advantages/min:-2.4748666286468506 - critic/returns/mean:-0.0035134830977767706 - critic/returns/max:0.35355237126350403 - critic/returns/min:-2.4748666286468506 - response_length/mean:438.671875 - response_length/max:512.0 - response_length/min:155.0 - response_length/clip_ratio:0.515625 - response_length_non_aborted/mean:438.671875 - response_length_non_aborted/max:512.0 - response_length_non_aborted/min:155.0 - response_length_non_aborted/clip_ratio:0.515625 - response/aborted_ratio:0.0 - prompt_length/mean:118.75 - prompt_length/max:193.0 - prompt_length/min:90.0 - prompt_length/clip_ratio:0.0 - num_turns/min:2 - num_turns/max:2 - num_turns/mean:2.0 - timing_s/start_profile:7.847975939512253e-05 - timing_s/agent_loop/num_preempted/min:-1 - timing_s/agent_loop/num_preempted/max:-1 - timing_s/agent_loop/num_preempted/mean:-1.0 - timing_s/agent_loop/generate_sequences/min:0.587028281763196 - timing_s/agent_loop/generate_sequences/max:1.8549060374498367 - timing_s/agent_loop/generate_sequences/mean:1.5731415866175666 - timing_s/agent_loop/tool_calls/min:0.0 - timing_s/agent_loop/tool_calls/max:0.0 - timing_s/agent_loop/tool_calls/mean:0.0 - timing_s/agent_loop/compute_score/min:0.004489260725677013 - timing_s/agent_loop/compute_score/max:0.035237365402281284 - timing_s/agent_loop/compute_score/mean:0.012235572270583361 - timing_s/agent_loop/slowest/generate_sequences:1.8549060374498367 - timing_s/agent_loop/slowest/tool_calls:0.0 - timing_s/agent_loop/slowest/compute_score:0.00504443421959877 - timing_s/agent_loop/slowest/num_preempted:-1 - timing_s/agent_loop/slowest/prompt_length:112 - timing_s/agent_loop/slowest/response_length:512 - timing_s/gen:2.416422365233302 - timing_s/reward:1.8489547073841095e-05 - timing_s/old_log_prob:0.7721501411870122 - timing_s/ref:2.30443680845201 - timing_s/adv:0.002052716910839081 - timing_s/update_actor:2.417049747891724 - timing_s/update_weights:0.9376667197793722 - timing_s/step:8.872385706752539 - timing_s/stop_profile:8.705910295248032e-05 - timing_per_token_ms/update_actor:0.0677519200530266 - timing_per_token_ms/adv:5.7539366806981943e-05 - timing_per_token_ms/gen:0.08607025343662697 - timing_per_token_ms/ref:0.064595285450652 - perf/total_num_tokens:35675 - perf/time_per_step:8.872385706752539 - perf/throughput:4020.902740155751
[36m(TaskRunner pid=124230)[0m step:3 - global_seqlen/min:43603 - global_seqlen/max:43603 - global_seqlen/minmax_diff:0 - global_seqlen/balanced_min:43603 - global_seqlen/balanced_max:43603 - global_seqlen/mean:43603.0 - actor/entropy:0.24631069600582123 - perf/mfu/actor_infer:0.21967406511608947 - actor/pg_clipfrac:0.0 - actor/ppo_kl:0.0 - actor/pg_clipfrac_lower:0.0 - actor/pg_loss:0.01307065412402153 - actor/kl_loss:0.00010442254551890073 - actor/kl_coef:0.001 - actor/loss:0.01307075284421444 - actor/grad_norm:0.1408929079771042 - actor/lr:1e-06 - actor/perf/max_memory_allocated_gb:28.81675910949707 - actor/perf/max_memory_reserved_gb:40.62109375 - actor/perf/cpu_memory_used_gb:19.321758270263672 - perf/mfu/actor:0.19445851554233404 - training/global_step:3 - training/epoch:0 - critic/score/mean:0.21875 - critic/score/max:1.0 - critic/score/min:0.0 - critic/rewards/mean:0.21875 - critic/rewards/max:1.0 - critic/rewards/min:0.0 - critic/advantages/mean:-0.01307064201682806 - critic/advantages/max:1.6201815605163574 - critic/advantages/min:-0.935412585735321 - critic/returns/mean:-0.01307064201682806 - critic/returns/max:1.6201815605163574 - critic/returns/min:-0.935412585735321 - response_length/mean:491.296875 - response_length/max:512.0 - response_length/min:334.0 - response_length/clip_ratio:0.75 - response_length_non_aborted/mean:491.296875 - response_length_non_aborted/max:512.0 - response_length_non_aborted/min:334.0 - response_length_non_aborted/clip_ratio:0.75 - response/aborted_ratio:0.0 - prompt_length/mean:190.0 - prompt_length/max:438.0 - prompt_length/min:86.0 - prompt_length/clip_ratio:0.0 - num_turns/min:2 - num_turns/max:2 - num_turns/mean:2.0 - timing_s/start_profile:6.968900561332703e-05 - timing_s/agent_loop/num_preempted/min:-1 - timing_s/agent_loop/num_preempted/max:-1 - timing_s/agent_loop/num_preempted/mean:-1.0 - timing_s/agent_loop/generate_sequences/min:1.314695912413299 - timing_s/agent_loop/generate_sequences/max:2.003392005339265 - timing_s/agent_loop/generate_sequences/mean:1.905226273331209 - timing_s/agent_loop/tool_calls/min:0.0 - timing_s/agent_loop/tool_calls/max:0.0 - timing_s/agent_loop/tool_calls/mean:0.0 - timing_s/agent_loop/compute_score/min:0.004036824218928814 - timing_s/agent_loop/compute_score/max:0.031738114543259144 - timing_s/agent_loop/compute_score/mean:0.012758645694702864 - timing_s/agent_loop/slowest/generate_sequences:2.003392005339265 - timing_s/agent_loop/slowest/tool_calls:0.0 - timing_s/agent_loop/slowest/compute_score:0.004036824218928814 - timing_s/agent_loop/slowest/num_preempted:-1 - timing_s/agent_loop/slowest/prompt_length:375 - timing_s/agent_loop/slowest/response_length:512 - timing_s/gen:2.546403221786022 - timing_s/reward:3.825966268777847e-05 - timing_s/old_log_prob:0.8030786160379648 - timing_s/ref:2.317982536740601 - timing_s/adv:0.0020507369190454483 - timing_s/update_actor:2.5572788594290614 - timing_s/update_weights:0.9469075063243508 - timing_s/step:9.195907669141889 - timing_s/stop_profile:8.409935981035233e-05 - timing_per_token_ms/update_actor:0.05864914935736214 - timing_per_token_ms/adv:4.7032014289050025e-05 - timing_per_token_ms/gen:0.08098474133466979 - timing_per_token_ms/ref:0.053161079208783824 - perf/total_num_tokens:43603 - perf/time_per_step:9.195907669141889 - perf/throughput:4741.565658202046
[36m(TaskRunner pid=124230)[0m step:4 - global_seqlen/min:37882 - global_seqlen/max:37882 - global_seqlen/minmax_diff:0 - global_seqlen/balanced_min:37882 - global_seqlen/balanced_max:37882 - global_seqlen/mean:37882.0 - actor/entropy:0.14958763122558594 - perf/mfu/actor_infer:0.20230910530339338 - actor/pg_clipfrac:0.0 - actor/ppo_kl:0.0 - actor/pg_clipfrac_lower:0.0 - actor/pg_loss:0.02573867281898856 - actor/kl_loss:0.0001186950852343216 - actor/kl_coef:0.001 - actor/loss:0.0257387887686491 - actor/grad_norm:0.10202458500862122 - actor/lr:1e-06 - actor/perf/max_memory_allocated_gb:28.81675910949707 - actor/perf/max_memory_reserved_gb:40.62109375 - actor/perf/cpu_memory_used_gb:19.338848114013672 - perf/mfu/actor:0.17760841337354666 - training/global_step:4 - training/epoch:0 - critic/score/mean:0.34375 - critic/score/max:1.0 - critic/score/min:0.0 - critic/rewards/mean:0.34375 - critic/rewards/max:1.0 - critic/rewards/min:0.0 - critic/advantages/mean:-0.025738677009940147 - critic/advantages/max:0.35355237126350403 - critic/advantages/min:-2.4748666286468506 - critic/returns/mean:-0.025738677009940147 - critic/returns/max:0.35355237126350403 - critic/returns/min:-2.4748666286468506 - response_length/mean:444.28125 - response_length/max:512.0 - response_length/min:223.0 - response_length/clip_ratio:0.53125 - response_length_non_aborted/mean:444.28125 - response_length_non_aborted/max:512.0 - response_length_non_aborted/min:223.0 - response_length_non_aborted/clip_ratio:0.53125 - response/aborted_ratio:0.0 - prompt_length/mean:147.625 - prompt_length/max:248.0 - prompt_length/min:97.0 - prompt_length/clip_ratio:0.0 - num_turns/min:2 - num_turns/max:2 - num_turns/mean:2.0 - timing_s/start_profile:7.277913391590118e-05 - timing_s/agent_loop/num_preempted/min:-1 - timing_s/agent_loop/num_preempted/max:-1 - timing_s/agent_loop/num_preempted/mean:-1.0 - timing_s/agent_loop/generate_sequences/min:0.8467425666749477 - timing_s/agent_loop/generate_sequences/max:1.893917110748589 - timing_s/agent_loop/generate_sequences/mean:1.634628872081521 - timing_s/agent_loop/tool_calls/min:0.0 - timing_s/agent_loop/tool_calls/max:0.0 - timing_s/agent_loop/tool_calls/mean:0.0 - timing_s/agent_loop/compute_score/min:0.003875376656651497 - timing_s/agent_loop/compute_score/max:0.02977827750146389 - timing_s/agent_loop/compute_score/mean:0.010472112640854903 - timing_s/agent_loop/slowest/generate_sequences:1.893917110748589 - timing_s/agent_loop/slowest/tool_calls:0.0 - timing_s/agent_loop/slowest/compute_score:0.005089542828500271 - timing_s/agent_loop/slowest/num_preempted:-1 - timing_s/agent_loop/slowest/prompt_length:120 - timing_s/agent_loop/slowest/response_length:512 - timing_s/gen:2.433872261084616 - timing_s/reward:2.5278888642787933e-05 - timing_s/old_log_prob:0.7632073825225234 - timing_s/ref:2.285931524820626 - timing_s/adv:0.0014271736145019531 - timing_s/update_actor:2.409720180556178 - timing_s/update_weights:0.9276874307543039 - timing_s/step:8.846703586168587 - timing_s/stop_profile:3.297906368970871e-05 - timing_per_token_ms/update_actor:0.0636112185353513 - timing_per_token_ms/adv:3.76741886516539e-05 - timing_per_token_ms/gen:0.0855972519196953 - timing_per_token_ms/ref:0.06034347512857362 - perf/total_num_tokens:37882 - perf/time_per_step:8.846703586168587 - perf/throughput:4282.046937712117
[36m(TaskRunner pid=124230)[0m step:5 - global_seqlen/min:40842 - global_seqlen/max:40842 - global_seqlen/minmax_diff:0 - global_seqlen/balanced_min:40842 - global_seqlen/balanced_max:40842 - global_seqlen/mean:40842.0 - actor/entropy:0.21124669909477234 - perf/mfu/actor_infer:0.22413194509610593 - actor/pg_clipfrac:0.0 - actor/ppo_kl:0.0 - actor/pg_clipfrac_lower:0.0 - actor/pg_loss:0.024966512341052294 - actor/kl_loss:0.0001418062979610113 - actor/kl_coef:0.001 - actor/loss:0.024966653436422348 - actor/grad_norm:0.17356818914413452 - actor/lr:1e-06 - actor/perf/max_memory_allocated_gb:28.81675910949707 - actor/perf/max_memory_reserved_gb:40.62109375 - actor/perf/cpu_memory_used_gb:19.349525451660156 - perf/mfu/actor:0.18823206569839487 - training/global_step:5 - training/epoch:0 - critic/score/mean:0.265625 - critic/score/max:1.0 - critic/score/min:0.0 - critic/rewards/mean:0.265625 - critic/rewards/max:1.0 - critic/rewards/min:0.0 - critic/advantages/mean:-0.024966534227132797 - critic/advantages/max:0.7245674133300781 - critic/advantages/min:-1.6201815605163574 - critic/returns/mean:-0.024966534227132797 - critic/returns/max:0.7245674133300781 - critic/returns/min:-1.6201815605163574 - response_length/mean:475.78125 - response_length/max:512.0 - response_length/min:264.0 - response_length/clip_ratio:0.640625 - response_length_non_aborted/mean:475.78125 - response_length_non_aborted/max:512.0 - response_length_non_aborted/min:264.0 - response_length_non_aborted/clip_ratio:0.640625 - response/aborted_ratio:0.0 - prompt_length/mean:162.375 - prompt_length/max:264.0 - prompt_length/min:98.0 - prompt_length/clip_ratio:0.0 - num_turns/min:2 - num_turns/max:2 - num_turns/mean:2.0 - timing_s/start_profile:4.359986633062363e-05 - timing_s/agent_loop/num_preempted/min:-1 - timing_s/agent_loop/num_preempted/max:-1 - timing_s/agent_loop/num_preempted/mean:-1.0 - timing_s/agent_loop/generate_sequences/min:0.9952568346634507 - timing_s/agent_loop/generate_sequences/max:1.9082212820649147 - timing_s/agent_loop/generate_sequences/mean:1.7570953437825665 - timing_s/agent_loop/tool_calls/min:0.0 - timing_s/agent_loop/tool_calls/max:0.0 - timing_s/agent_loop/tool_calls/mean:0.0 - timing_s/agent_loop/compute_score/min:0.0042633917182683945 - timing_s/agent_loop/compute_score/max:0.031457518227398396 - timing_s/agent_loop/compute_score/mean:0.011362976409145631 - timing_s/agent_loop/slowest/generate_sequences:1.9082212820649147 - timing_s/agent_loop/slowest/tool_calls:0.0 - timing_s/agent_loop/slowest/compute_score:0.0051623135805130005 - timing_s/agent_loop/slowest/num_preempted:-1 - timing_s/agent_loop/slowest/prompt_length:219 - timing_s/agent_loop/slowest/response_length:512 - timing_s/gen:2.459855659864843 - timing_s/reward:2.06800177693367e-05 - timing_s/old_log_prob:0.7380909528583288 - timing_s/ref:2.2861022241413593 - timing_s/adv:0.002002626657485962 - timing_s/update_actor:2.475962908938527 - timing_s/update_weights:0.9216312486678362 - timing_s/step:8.905672647058964 - timing_s/stop_profile:9.470898658037186e-05 - timing_per_token_ms/update_actor:0.06062295942751401 - timing_per_token_ms/adv:4.9033511029968216e-05 - timing_per_token_ms/gen:0.08078343710557777 - timing_per_token_ms/ref:0.05597429665886488 - perf/total_num_tokens:40842 - perf/time_per_step:8.905672647058964 - perf/throughput:4586.0657154839155
[36m(TaskRunner pid=124230)[0m step:6 - global_seqlen/min:38023 - global_seqlen/max:38023 - global_seqlen/minmax_diff:0 - global_seqlen/balanced_min:38023 - global_seqlen/balanced_max:38023 - global_seqlen/mean:38023.0 - actor/entropy:0.11189599335193634 - perf/mfu/actor_infer:0.2126188548779673 - actor/pg_clipfrac:0.0 - actor/ppo_kl:0.0 - actor/pg_clipfrac_lower:0.0 - actor/pg_loss:0.019060039427131414 - actor/kl_loss:9.7558940296949e-05 - actor/kl_coef:0.001 - actor/loss:0.019060134887695312 - actor/grad_norm:0.18984991312026978 - actor/lr:1e-06 - actor/perf/max_memory_allocated_gb:28.81675910949707 - actor/perf/max_memory_reserved_gb:40.62109375 - actor/perf/cpu_memory_used_gb:19.359935760498047 - perf/mfu/actor:0.17547425938959607 - training/global_step:6 - training/epoch:0 - critic/score/mean:0.171875 - critic/score/max:1.0 - critic/score/min:0.0 - critic/rewards/mean:0.171875 - critic/rewards/max:1.0 - critic/rewards/min:0.0 - critic/advantages/mean:-0.019060026854276657 - critic/advantages/max:2.4748666286468506 - critic/advantages/min:-0.935412585735321 - critic/returns/mean:-0.019060026854276657 - critic/returns/max:2.4748666286468506 - critic/returns/min:-0.935412585735321 - response_length/mean:459.234375 - response_length/max:512.0 - response_length/min:167.0 - response_length/clip_ratio:0.671875 - response_length_non_aborted/mean:459.234375 - response_length_non_aborted/max:512.0 - response_length_non_aborted/min:167.0 - response_length_non_aborted/clip_ratio:0.671875 - response/aborted_ratio:0.0 - prompt_length/mean:134.875 - prompt_length/max:181.0 - prompt_length/min:100.0 - prompt_length/clip_ratio:0.0 - num_turns/min:2 - num_turns/max:2 - num_turns/mean:2.0 - timing_s/start_profile:7.036980241537094e-05 - timing_s/agent_loop/num_preempted/min:-1 - timing_s/agent_loop/num_preempted/max:-1 - timing_s/agent_loop/num_preempted/mean:-1.0 - timing_s/agent_loop/generate_sequences/min:0.6114383284002542 - timing_s/agent_loop/generate_sequences/max:1.8462708750739694 - timing_s/agent_loop/generate_sequences/mean:1.638273178730742 - timing_s/agent_loop/tool_calls/min:0.0 - timing_s/agent_loop/tool_calls/max:0.0 - timing_s/agent_loop/tool_calls/mean:0.0 - timing_s/agent_loop/compute_score/min:0.00436664093285799 - timing_s/agent_loop/compute_score/max:0.03123705182224512 - timing_s/agent_loop/compute_score/mean:0.011651657317997888 - timing_s/agent_loop/slowest/generate_sequences:1.8462708750739694 - timing_s/agent_loop/slowest/tool_calls:0.0 - timing_s/agent_loop/slowest/compute_score:0.004561777226626873 - timing_s/agent_loop/slowest/num_preempted:-1 - timing_s/agent_loop/slowest/prompt_length:142 - timing_s/agent_loop/slowest/response_length:512 - timing_s/gen:2.371035142801702 - timing_s/reward:1.8159858882427216e-05 - timing_s/old_log_prob:0.7283532004803419 - timing_s/ref:2.284865288063884 - timing_s/adv:0.002012547105550766 - timing_s/update_actor:2.4731537010520697 - timing_s/update_weights:0.9672387586906552 - timing_s/step:8.848864441737533 - timing_s/stop_profile:9.62577760219574e-05 - timing_per_token_ms/update_actor:0.06504362362391368 - timing_per_token_ms/adv:5.2929729520310495e-05 - timing_per_token_ms/gen:0.08067214939272914 - timing_per_token_ms/ref:0.06009166262693327 - perf/total_num_tokens:38023 - perf/time_per_step:8.848864441737533 - perf/throughput:4296.935527756139
[36m(TaskRunner pid=124230)[0m step:7 - global_seqlen/min:39553 - global_seqlen/max:39553 - global_seqlen/minmax_diff:0 - global_seqlen/balanced_min:39553 - global_seqlen/balanced_max:39553 - global_seqlen/mean:39553.0 - actor/entropy:0.18116986751556396 - perf/mfu/actor_infer:0.22116957091031134 - actor/pg_clipfrac:0.0 - actor/ppo_kl:0.0 - actor/pg_clipfrac_lower:0.0 - actor/pg_loss:0.03213828429579735 - actor/kl_loss:0.00011976318228335003 - actor/kl_coef:0.001 - actor/loss:0.0321384035050869 - actor/grad_norm:0.18297506868839264 - actor/lr:1e-06 - actor/perf/max_memory_allocated_gb:28.81675910949707 - actor/perf/max_memory_reserved_gb:40.62109375 - actor/perf/cpu_memory_used_gb:19.369781494140625 - perf/mfu/actor:0.18385576666200285 - training/global_step:7 - training/epoch:0 - critic/score/mean:0.1875 - critic/score/max:1.0 - critic/score/min:0.0 - critic/rewards/mean:0.1875 - critic/rewards/max:1.0 - critic/rewards/min:0.0 - critic/advantages/mean:-0.03213828429579735 - critic/advantages/max:2.4748666286468506 - critic/advantages/min:-2.4748666286468506 - critic/returns/mean:-0.03213828429579735 - critic/returns/max:2.4748666286468506 - critic/returns/min:-2.4748666286468506 - response_length/mean:478.015625 - response_length/max:512.0 - response_length/min:217.0 - response_length/clip_ratio:0.75 - response_length_non_aborted/mean:478.015625 - response_length_non_aborted/max:512.0 - response_length_non_aborted/min:217.0 - response_length_non_aborted/clip_ratio:0.75 - response/aborted_ratio:0.0 - prompt_length/mean:140.0 - prompt_length/max:183.0 - prompt_length/min:100.0 - prompt_length/clip_ratio:0.0 - num_turns/min:2 - num_turns/max:2 - num_turns/mean:2.0 - timing_s/start_profile:7.116049528121948e-05 - timing_s/agent_loop/num_preempted/min:-1 - timing_s/agent_loop/num_preempted/max:-1 - timing_s/agent_loop/num_preempted/mean:-1.0 - timing_s/agent_loop/generate_sequences/min:0.8162293573841453 - timing_s/agent_loop/generate_sequences/max:1.8812876036390662 - timing_s/agent_loop/generate_sequences/mean:1.7385474434995558 - timing_s/agent_loop/tool_calls/min:0.0 - timing_s/agent_loop/tool_calls/max:0.0 - timing_s/agent_loop/tool_calls/mean:0.0 - timing_s/agent_loop/compute_score/min:0.003448590636253357 - timing_s/agent_loop/compute_score/max:0.030353140085935593 - timing_s/agent_loop/compute_score/mean:0.012040844943840057 - timing_s/agent_loop/slowest/generate_sequences:1.8812876036390662 - timing_s/agent_loop/slowest/tool_calls:0.0 - timing_s/agent_loop/slowest/compute_score:0.0037673581391572952 - timing_s/agent_loop/slowest/num_preempted:-1 - timing_s/agent_loop/slowest/prompt_length:183 - timing_s/agent_loop/slowest/response_length:512 - timing_s/gen:2.4159383717924356 - timing_s/reward:2.0819716155529022e-05 - timing_s/old_log_prob:0.7305446770042181 - timing_s/ref:2.3198749367147684 - timing_s/adv:0.002011537551879883 - timing_s/update_actor:2.457070441916585 - timing_s/update_weights:1.030008296482265 - timing_s/step:8.97741880454123 - timing_s/stop_profile:7.73891806602478e-05 - timing_per_token_ms/update_actor:0.062120962807286045 - timing_per_token_ms/adv:5.085676312491803e-05 - timing_per_token_ms/gen:0.07897029947348856 - timing_per_token_ms/ref:0.05865231301582101 - perf/total_num_tokens:39553 - perf/time_per_step:8.97741880454123 - perf/throughput:4405.832106216555
[36m(TaskRunner pid=124230)[0m step:8 - global_seqlen/min:38385 - global_seqlen/max:38385 - global_seqlen/minmax_diff:0 - global_seqlen/balanced_min:38385 - global_seqlen/balanced_max:38385 - global_seqlen/mean:38385.0 - actor/entropy:0.20096538960933685 - perf/mfu/actor_infer:0.2202274384763828 - actor/pg_clipfrac:0.0 - actor/ppo_kl:0.0 - actor/pg_clipfrac_lower:0.0 - actor/pg_loss:0.011380639974959195 - actor/kl_loss:0.00011083756839980197 - actor/kl_coef:0.001 - actor/loss:0.01138075441122055 - actor/grad_norm:0.19827775657176971 - actor/lr:1e-06 - actor/perf/max_memory_allocated_gb:28.81675910949707 - actor/perf/max_memory_reserved_gb:40.62109375 - actor/perf/cpu_memory_used_gb:19.376514434814453 - perf/mfu/actor:0.1820173330268061 - training/global_step:8 - training/epoch:0 - critic/score/mean:0.25 - critic/score/max:1.0 - critic/score/min:0.0 - critic/rewards/mean:0.25 - critic/rewards/max:1.0 - critic/rewards/min:0.0 - critic/advantages/mean:-0.011380631476640701 - critic/advantages/max:2.4748666286468506 - critic/advantages/min:-1.20761239528656 - critic/returns/mean:-0.011380631476640701 - critic/returns/max:2.4748666286468506 - critic/returns/min:-1.20761239528656 - response_length/mean:451.265625 - response_length/max:512.0 - response_length/min:216.0 - response_length/clip_ratio:0.59375 - response_length_non_aborted/mean:451.265625 - response_length_non_aborted/max:512.0 - response_length_non_aborted/min:216.0 - response_length_non_aborted/clip_ratio:0.59375 - response/aborted_ratio:0.0 - prompt_length/mean:148.5 - prompt_length/max:284.0 - prompt_length/min:93.0 - prompt_length/clip_ratio:0.0 - num_turns/min:2 - num_turns/max:2 - num_turns/mean:2.0 - timing_s/start_profile:7.66487792134285e-05 - timing_s/agent_loop/num_preempted/min:-1 - timing_s/agent_loop/num_preempted/max:-1 - timing_s/agent_loop/num_preempted/mean:-1.0 - timing_s/agent_loop/generate_sequences/min:0.8069199416786432 - timing_s/agent_loop/generate_sequences/max:1.8791430471464992 - timing_s/agent_loop/generate_sequences/mean:1.6381203080090927 - timing_s/agent_loop/tool_calls/min:0.0 - timing_s/agent_loop/tool_calls/max:0.0 - timing_s/agent_loop/tool_calls/mean:0.0 - timing_s/agent_loop/compute_score/min:0.0037043988704681396 - timing_s/agent_loop/compute_score/max:0.03244878724217415 - timing_s/agent_loop/compute_score/mean:0.010677506041247398 - timing_s/agent_loop/slowest/generate_sequences:1.8791430471464992 - timing_s/agent_loop/slowest/tool_calls:0.0 - timing_s/agent_loop/slowest/compute_score:0.0037043988704681396 - timing_s/agent_loop/slowest/num_preempted:-1 - timing_s/agent_loop/slowest/prompt_length:112 - timing_s/agent_loop/slowest/response_length:512 - timing_s/gen:2.4069358333945274 - timing_s/reward:2.0129606127738953e-05 - timing_s/old_log_prob:0.7129332441836596 - timing_s/ref:2.2922507748007774 - timing_s/adv:0.0020315973088145256 - timing_s/update_actor:2.4071949208155274 - timing_s/update_weights:0.917153318412602 - timing_s/step:8.760965757071972 - timing_s/stop_profile:8.483882993459702e-05 - timing_per_token_ms/update_actor:0.06271186455166151 - timing_per_token_ms/adv:5.292685446957211e-05 - timing_per_token_ms/gen:0.0833397677848595 - timing_per_token_ms/ref:0.05971735768661658 - perf/total_num_tokens:38385 - perf/time_per_step:8.760965757071972 - perf/throughput:4381.366285904622
[36m(TaskRunner pid=124230)[0m step:9 - global_seqlen/min:34106 - global_seqlen/max:34106 - global_seqlen/minmax_diff:0 - global_seqlen/balanced_min:34106 - global_seqlen/balanced_max:34106 - global_seqlen/mean:34106.0 - actor/entropy:0.12329820543527603 - perf/mfu/actor_infer:0.19590663632148445 - actor/pg_clipfrac:0.0 - actor/ppo_kl:0.0 - actor/pg_clipfrac_lower:0.0 - actor/pg_loss:0.011352921836078167 - actor/kl_loss:9.964951777874376e-05 - actor/kl_coef:0.001 - actor/loss:0.01135302148759365 - actor/grad_norm:0.17477507889270782 - actor/lr:1e-06 - actor/perf/max_memory_allocated_gb:28.81675910949707 - actor/perf/max_memory_reserved_gb:40.62109375 - actor/perf/cpu_memory_used_gb:19.385814666748047 - perf/mfu/actor:0.16602122420978432 - training/global_step:9 - training/epoch:0 - critic/score/mean:0.546875 - critic/score/max:1.0 - critic/score/min:0.0 - critic/rewards/mean:0.546875 - critic/rewards/max:1.0 - critic/rewards/min:0.0 - critic/advantages/mean:-0.011352929286658764 - critic/advantages/max:2.4748666286468506 - critic/advantages/min:-0.5400605201721191 - critic/returns/mean:-0.011352929286658764 - critic/returns/max:2.4748666286468506 - critic/returns/min:-0.5400605201721191 - response_length/mean:414.03125 - response_length/max:512.0 - response_length/min:207.0 - response_length/clip_ratio:0.34375 - response_length_non_aborted/mean:414.03125 - response_length_non_aborted/max:512.0 - response_length_non_aborted/min:207.0 - response_length_non_aborted/clip_ratio:0.34375 - response/aborted_ratio:0.0 - prompt_length/mean:118.875 - prompt_length/max:170.0 - prompt_length/min:94.0 - prompt_length/clip_ratio:0.0 - num_turns/min:2 - num_turns/max:2 - num_turns/mean:2.0 - timing_s/start_profile:0.00014874804764986038 - timing_s/agent_loop/num_preempted/min:-1 - timing_s/agent_loop/num_preempted/max:-1 - timing_s/agent_loop/num_preempted/mean:-1.0 - timing_s/agent_loop/generate_sequences/min:0.7502448856830597 - timing_s/agent_loop/generate_sequences/max:1.780821735970676 - timing_s/agent_loop/generate_sequences/mean:1.4433305641578045 - timing_s/agent_loop/tool_calls/min:0.0 - timing_s/agent_loop/tool_calls/max:0.0 - timing_s/agent_loop/tool_calls/mean:0.0 - timing_s/agent_loop/compute_score/min:0.004659358412027359 - timing_s/agent_loop/compute_score/max:0.029615139588713646 - timing_s/agent_loop/compute_score/mean:0.008065717614954337 - timing_s/agent_loop/slowest/generate_sequences:1.7645967081189156 - timing_s/agent_loop/slowest/tool_calls:0.0 - timing_s/agent_loop/slowest/compute_score:0.02136765979230404 - timing_s/agent_loop/slowest/num_preempted:-1 - timing_s/agent_loop/slowest/prompt_length:131 - timing_s/agent_loop/slowest/response_length:512 - timing_s/gen:2.3057539435103536 - timing_s/reward:1.1900439858436584e-05 - timing_s/old_log_prob:0.6905506243929267 - timing_s/ref:2.2713392693549395 - timing_s/adv:0.0020039277151226997 - timing_s/update_actor:2.343053627759218 - timing_s/update_weights:0.8919962709769607 - timing_s/step:8.514875969849527 - timing_s/stop_profile:8.272938430309296e-05 - timing_per_token_ms/update_actor:0.06869916225178029 - timing_per_token_ms/adv:5.8755870378311723e-05 - timing_per_token_ms/gen:0.08701615003058169 - timing_per_token_ms/ref:0.06659647186286693 - perf/total_num_tokens:34106 - perf/time_per_step:8.514875969849527 - perf/throughput:4005.460575205855
[36m(TaskRunner pid=124230)[0m step:10 - global_seqlen/min:44105 - global_seqlen/max:44105 - global_seqlen/minmax_diff:0 - global_seqlen/balanced_min:44105 - global_seqlen/balanced_max:44105 - global_seqlen/mean:44105.0 - actor/entropy:0.18179209530353546 - perf/mfu/actor_infer:0.23611330197790095 - actor/pg_clipfrac:0.0 - actor/ppo_kl:0.0 - actor/pg_clipfrac_lower:0.0 - actor/pg_loss:0.0 - actor/kl_loss:0.00014318474177343887 - actor/kl_coef:0.001 - actor/loss:1.43184749390457e-07 - actor/grad_norm:2.2743646695744246e-05 - actor/lr:1e-06 - actor/perf/max_memory_allocated_gb:28.816762447357178 - actor/perf/max_memory_reserved_gb:40.62109375 - actor/perf/cpu_memory_used_gb:19.395977020263672 - perf/mfu/actor:0.19793963428155203 - training/global_step:10 - training/epoch:0 - critic/score/mean:0.25 - critic/score/max:1.0 - critic/score/min:0.0 - critic/rewards/mean:0.25 - critic/rewards/max:1.0 - critic/rewards/min:0.0 - critic/advantages/mean:0.0 - critic/advantages/max:0.0 - critic/advantages/min:0.0 - critic/returns/mean:0.0 - critic/returns/max:0.0 - critic/returns/min:0.0 - response_length/mean:471.015625 - response_length/max:512.0 - response_length/min:295.0 - response_length/clip_ratio:0.671875 - response_length_non_aborted/mean:471.015625 - response_length_non_aborted/max:512.0 - response_length_non_aborted/min:295.0 - response_length_non_aborted/clip_ratio:0.671875 - response/aborted_ratio:0.0 - prompt_length/mean:218.125 - prompt_length/max:664.0 - prompt_length/min:115.0 - prompt_length/clip_ratio:0.0 - num_turns/min:2 - num_turns/max:2 - num_turns/mean:2.0 - timing_s/start_profile:6.880983710289001e-05 - timing_s/agent_loop/num_preempted/min:-1 - timing_s/agent_loop/num_preempted/max:-1 - timing_s/agent_loop/num_preempted/mean:-1.0 - timing_s/agent_loop/generate_sequences/min:1.1439346922561526 - timing_s/agent_loop/generate_sequences/max:1.958999203518033 - timing_s/agent_loop/generate_sequences/mean:1.7950638013135176 - timing_s/agent_loop/tool_calls/min:0.0 - timing_s/agent_loop/tool_calls/max:0.0 - timing_s/agent_loop/tool_calls/mean:0.0 - timing_s/agent_loop/compute_score/min:0.0041832225397229195 - timing_s/agent_loop/compute_score/max:0.033324817195534706 - timing_s/agent_loop/compute_score/mean:0.012937007617438212 - timing_s/agent_loop/slowest/generate_sequences:1.9586380179971457 - timing_s/agent_loop/slowest/tool_calls:0.0 - timing_s/agent_loop/slowest/compute_score:0.005014943890273571 - timing_s/agent_loop/slowest/num_preempted:-1 - timing_s/agent_loop/slowest/prompt_length:121 - timing_s/agent_loop/slowest/response_length:512 - timing_s/gen:2.508755153976381 - timing_s/reward:1.8538907170295715e-05 - timing_s/old_log_prob:0.7623654808849096 - timing_s/ref:2.3063022876158357 - timing_s/adv:0.0020279577001929283 - timing_s/update_actor:2.546889997087419 - timing_s/update_weights:0.946286334656179 - timing_s/step:9.094980720430613 - timing_s/stop_profile:3.1789764761924744e-05 - timing_per_token_ms/update_actor:0.057746060471316606 - timing_per_token_ms/adv:4.598022220140411e-05 - timing_per_token_ms/gen:0.08322292764890964 - timing_per_token_ms/ref:0.05229117532288483 - perf/total_num_tokens:44105 - perf/time_per_step:9.094980720430613 - perf/throughput:4849.378064202405
[36m(TaskRunner pid=124230)[0m step:11 - global_seqlen/min:33640 - global_seqlen/max:33640 - global_seqlen/minmax_diff:0 - global_seqlen/balanced_min:33640 - global_seqlen/balanced_max:33640 - global_seqlen/mean:33640.0 - actor/entropy:0.09568926692008972 - perf/mfu/actor_infer:0.1954480245311587 - actor/pg_clipfrac:0.0 - actor/ppo_kl:0.0 - actor/pg_clipfrac_lower:0.0 - actor/pg_loss:0.0024655084125697613 - actor/kl_loss:9.687868623586837e-05 - actor/kl_coef:0.001 - actor/loss:0.00246560201048851 - actor/grad_norm:0.20524965226650238 - actor/lr:1e-06 - actor/perf/max_memory_allocated_gb:28.816762447357178 - actor/perf/max_memory_reserved_gb:40.62109375 - actor/perf/cpu_memory_used_gb:19.40705108642578 - perf/mfu/actor:0.16933970953302707 - training/global_step:11 - training/epoch:0 - critic/score/mean:0.5625 - critic/score/max:1.0 - critic/score/min:0.0 - critic/rewards/mean:0.5625 - critic/rewards/max:1.0 - critic/rewards/min:0.0 - critic/advantages/mean:-0.00246549304574728 - critic/advantages/max:2.4748666286468506 - critic/advantages/min:-2.4748666286468506 - critic/returns/mean:-0.00246549304574728 - critic/returns/max:2.4748666286468506 - critic/returns/min:-2.4748666286468506 - response_length/mean:406.875 - response_length/max:512.0 - response_length/min:199.0 - response_length/clip_ratio:0.328125 - response_length_non_aborted/mean:406.875 - response_length_non_aborted/max:512.0 - response_length_non_aborted/min:199.0 - response_length_non_aborted/clip_ratio:0.328125 - response/aborted_ratio:0.0 - prompt_length/mean:118.75 - prompt_length/max:185.0 - prompt_length/min:91.0 - prompt_length/clip_ratio:0.0 - num_turns/min:2 - num_turns/max:2 - num_turns/mean:2.0 - timing_s/start_profile:2.4679116904735565e-05 - timing_s/agent_loop/num_preempted/min:-1 - timing_s/agent_loop/num_preempted/max:-1 - timing_s/agent_loop/num_preempted/mean:-1.0 - timing_s/agent_loop/generate_sequences/min:0.7311850395053625 - timing_s/agent_loop/generate_sequences/max:1.7700506085529923 - timing_s/agent_loop/generate_sequences/mean:1.429331712104613 - timing_s/agent_loop/tool_calls/min:0.0 - timing_s/agent_loop/tool_calls/max:0.0 - timing_s/agent_loop/tool_calls/mean:0.0 - timing_s/agent_loop/compute_score/min:0.0035364702343940735 - timing_s/agent_loop/compute_score/max:0.026013378985226154 - timing_s/agent_loop/compute_score/mean:0.007958411006256938 - timing_s/agent_loop/slowest/generate_sequences:1.7700506085529923 - timing_s/agent_loop/slowest/tool_calls:0.0 - timing_s/agent_loop/slowest/compute_score:0.006635796278715134 - timing_s/agent_loop/slowest/num_preempted:-1 - timing_s/agent_loop/slowest/prompt_length:99 - timing_s/agent_loop/slowest/response_length:512 - timing_s/gen:2.311563649214804 - timing_s/reward:9.729526937007904e-06 - timing_s/old_log_prob:0.6839535180479288 - timing_s/ref:2.255182020366192 - timing_s/adv:0.0020413463935256004 - timing_s/update_actor:2.2669127993285656 - timing_s/update_weights:0.9314608694985509 - timing_s/step:8.46013296302408 - timing_s/stop_profile:8.204858750104904e-05 - timing_per_token_ms/update_actor:0.06738741971844725 - timing_per_token_ms/adv:6.0682116335481585e-05 - timing_per_token_ms/gen:0.08876972539227358 - timing_per_token_ms/ref:0.06703870452931605 - perf/total_num_tokens:33640 - perf/time_per_step:8.46013296302408 - perf/throughput:3976.2968439180845
[36m(TaskRunner pid=124230)[0m step:12 - global_seqlen/min:36134 - global_seqlen/max:36134 - global_seqlen/minmax_diff:0 - global_seqlen/balanced_min:36134 - global_seqlen/balanced_max:36134 - global_seqlen/mean:36134.0 - actor/entropy:0.09550654888153076 - perf/mfu/actor_infer:0.20878562083151606 - actor/pg_clipfrac:0.0 - actor/ppo_kl:0.0 - actor/pg_clipfrac_lower:0.0 - actor/pg_loss:0.021480148832779378 - actor/kl_loss:8.502822061018378e-05 - actor/kl_coef:0.001 - actor/loss:0.021480225026607513 - actor/grad_norm:0.1488383412361145 - actor/lr:1e-06 - actor/perf/max_memory_allocated_gb:28.816762447357178 - actor/perf/max_memory_reserved_gb:40.623046875 - actor/perf/cpu_memory_used_gb:19.58514404296875 - perf/mfu/actor:0.16639572487168688 - training/global_step:12 - training/epoch:0 - critic/score/mean:0.453125 - critic/score/max:1.0 - critic/score/min:0.0 - critic/rewards/mean:0.453125 - critic/rewards/max:1.0 - critic/rewards/min:0.0 - critic/advantages/mean:-0.021480146795511246 - critic/advantages/max:2.4748666286468506 - critic/advantages/min:-2.4748666286468506 - critic/returns/mean:-0.021480146795511246 - critic/returns/max:2.4748666286468506 - critic/returns/min:-2.4748666286468506 - response_length/mean:436.21875 - response_length/max:512.0 - response_length/min:169.0 - response_length/clip_ratio:0.53125 - response_length_non_aborted/mean:436.21875 - response_length_non_aborted/max:512.0 - response_length_non_aborted/min:169.0 - response_length_non_aborted/clip_ratio:0.53125 - response/aborted_ratio:0.0 - prompt_length/mean:128.375 - prompt_length/max:204.0 - prompt_length/min:104.0 - prompt_length/clip_ratio:0.0 - num_turns/min:2 - num_turns/max:2 - num_turns/mean:2.0 - timing_s/start_profile:0.0001263190060853958 - timing_s/agent_loop/num_preempted/min:-1 - timing_s/agent_loop/num_preempted/max:-1 - timing_s/agent_loop/num_preempted/mean:-1.0 - timing_s/agent_loop/generate_sequences/min:0.6096021700650454 - timing_s/agent_loop/generate_sequences/max:1.823871186003089 - timing_s/agent_loop/generate_sequences/mean:1.5445332745730411 - timing_s/agent_loop/tool_calls/min:0.0 - timing_s/agent_loop/tool_calls/max:0.0 - timing_s/agent_loop/tool_calls/mean:0.0 - timing_s/agent_loop/compute_score/min:0.00449552945792675 - timing_s/agent_loop/compute_score/max:0.03433936554938555 - timing_s/agent_loop/compute_score/mean:0.010966402798658237 - timing_s/agent_loop/slowest/generate_sequences:1.823871186003089 - timing_s/agent_loop/slowest/tool_calls:0.0 - timing_s/agent_loop/slowest/compute_score:0.005105283111333847 - timing_s/agent_loop/slowest/num_preempted:-1 - timing_s/agent_loop/slowest/prompt_length:104 - timing_s/agent_loop/slowest/response_length:512 - timing_s/gen:2.34952225536108 - timing_s/reward:1.919083297252655e-05 - timing_s/old_log_prob:1.0920428931713104 - timing_s/ref:2.2597161093726754 - timing_s/adv:0.0021129753440618515 - timing_s/update_actor:2.4741433719173074 - timing_s/update_weights:0.9496624562889338 - timing_s/step:9.148884658701718 - timing_s/stop_profile:9.351875633001328e-05 - timing_per_token_ms/update_actor:0.06847133923499495 - timing_per_token_ms/adv:5.8476098523879214e-05 - timing_per_token_ms/gen:0.08415797175159682 - timing_per_token_ms/ref:0.06253711488826799 - perf/total_num_tokens:36134 - perf/time_per_step:9.148884658701718 - perf/throughput:3949.552469833807
[36m(TaskRunner pid=124230)[0m Training Progress:  75%|███████▌  | 15/20 [02:53<00:44,  8.96s/it]
[36m(WorkerDict pid=124697)[0m INFO:2026-08-13 20:39:35,539:update_weights done, time cost: 0.46s
[36m(TaskRunner pid=124230)[0m Training Progress:  80%|████████  | 16/20 [03:02<00:35,  8.93s/it]
[36m(WorkerDict pid=124697)[0m INFO:2026-08-13 20:39:44,191:update_weights done, time cost: 0.47s
[36m(TaskRunner pid=124230)[0m Training Progress:  85%|████████▌ | 17/20 [03:11<00:26,  8.84s/it]
[36m(WorkerDict pid=124697)[0m INFO:2026-08-13 20:39:52,901:update_weights done, time cost: 0.49s
[36m(TaskRunner pid=124230)[0m Training Progress:  90%|█████████ | 18/20 [03:20<00:17,  8.80s/it]
[36m(WorkerDict pid=124697)[0m INFO:2026-08-13 20:40:01,457:update_weights done, time cost: 0.46s
[36m(TaskRunner pid=124230)[0m Training Progress:  95%|█████████▌| 19/20 [03:28<00:08,  8.72s/it]
[36m(WorkerDict pid=124697)[0m INFO:2026-08-13 20:40:14,342:[Rank 0] Saved model to /tmp/grpo_mem_probe/global_step_20/actor/model_world_size_1_rank_0.pt
[36m(WorkerDict pid=124697)[0m INFO:2026-08-13 20:40:23,160:[Rank 0] Saved optim to /tmp/grpo_mem_probe/global_step_20/actor/optim_world_size_1_rank_0.pt
[36m(WorkerDict pid=124697)[0m INFO:2026-08-13 20:40:23,161:[Rank 0] Saved extra_state to /tmp/grpo_mem_probe/global_step_20/actor/extra_state_world_size_1_rank_0.pt
[36m(WorkerDict pid=124697)[0m INFO:2026-08-13 20:40:23,594:[Rank 0] Saved model config and tokenizer class to /tmp/grpo_mem_probe/global_step_20/actor/huggingface
[36m(WorkerDict pid=124697)[0m INFO:2026-08-13 20:40:24,153:update_weights done, time cost: 0.51s
[36m(TaskRunner pid=124230)[0m step:13 - global_seqlen/min:39759 - global_seqlen/max:39759 - global_seqlen/minmax_diff:0 - global_seqlen/balanced_min:39759 - global_seqlen/balanced_max:39759 - global_seqlen/mean:39759.0 - actor/entropy:0.12736240029335022 - perf/mfu/actor_infer:0.2274021426137577 - actor/pg_clipfrac:0.0 - actor/ppo_kl:0.0 - actor/pg_clipfrac_lower:0.0 - actor/pg_loss:0.006095977616496384 - actor/kl_loss:0.00010714723430282902 - actor/kl_coef:0.001 - actor/loss:0.0060960836708545685 - actor/grad_norm:0.271762490272522 - actor/lr:1e-06 - actor/perf/max_memory_allocated_gb:28.816762447357178 - actor/perf/max_memory_reserved_gb:40.623046875 - actor/perf/cpu_memory_used_gb:19.588726043701172 - perf/mfu/actor:0.1912340431600417 - training/global_step:13 - training/epoch:0 - critic/score/mean:0.234375 - critic/score/max:1.0 - critic/score/min:0.0 - critic/rewards/mean:0.234375 - critic/rewards/max:1.0 - critic/rewards/min:0.0 - critic/advantages/mean:-0.0060959854163229465 - critic/advantages/max:2.4748666286468506 - critic/advantages/min:-0.7245674133300781 - critic/returns/mean:-0.0060959854163229465 - critic/returns/max:2.4748666286468506 - critic/returns/min:-0.7245674133300781 - response_length/mean:472.984375 - response_length/max:512.0 - response_length/min:22.0 - response_length/clip_ratio:0.6875 - response_length_non_aborted/mean:472.984375 - response_length_non_aborted/max:512.0 - response_length_non_aborted/min:22.0 - response_length_non_aborted/clip_ratio:0.6875 - response/aborted_ratio:0.0 - prompt_length/mean:148.25 - prompt_length/max:228.0 - prompt_length/min:115.0 - prompt_length/clip_ratio:0.0 - num_turns/min:2 - num_turns/max:2 - num_turns/mean:2.0 - timing_s/start_profile:6.843917071819305e-05 - timing_s/agent_loop/num_preempted/min:-1 - timing_s/agent_loop/num_preempted/max:-1 - timing_s/agent_loop/num_preempted/mean:-1.0 - timing_s/agent_loop/generate_sequences/min:0.10093040019273758 - timing_s/agent_loop/generate_sequences/max:1.8943413868546486 - timing_s/agent_loop/generate_sequences/mean:1.72693510458339 - timing_s/agent_loop/tool_calls/min:0.0 - timing_s/agent_loop/tool_calls/max:0.0 - timing_s/agent_loop/tool_calls/mean:0.0 - timing_s/agent_loop/compute_score/min:0.004517719149589539 - timing_s/agent_loop/compute_score/max:0.031212560832500458 - timing_s/agent_loop/compute_score/mean:0.01055785155040212 - timing_s/agent_loop/slowest/generate_sequences:1.8943413868546486 - timing_s/agent_loop/slowest/tool_calls:0.0 - timing_s/agent_loop/slowest/compute_score:0.004811916500329971 - timing_s/agent_loop/slowest/num_preempted:-1 - timing_s/agent_loop/slowest/prompt_length:115 - timing_s/agent_loop/slowest/response_length:512 - timing_s/gen:2.4325272366404533 - timing_s/reward:1.7989426851272583e-05 - timing_s/old_log_prob:0.7129212347790599 - timing_s/ref:2.285827847197652 - timing_s/adv:0.0020293062552809715 - timing_s/update_actor:2.3702036133036017 - timing_s/update_weights:0.9165149871259928 - timing_s/step:8.742217767983675 - timing_s/stop_profile:9.487848728895187e-05 - timing_per_token_ms/update_actor:0.05961426628696903 - timing_per_token_ms/adv:5.104017342692149e-05 - timing_per_token_ms/gen:0.0803583375719485 - timing_per_token_ms/ref:0.05749208599807973 - perf/total_num_tokens:39759 - perf/time_per_step:8.742217767983675 - perf/throughput:4547.930634444731
[36m(TaskRunner pid=124230)[0m step:14 - global_seqlen/min:40087 - global_seqlen/max:40087 - global_seqlen/minmax_diff:0 - global_seqlen/balanced_min:40087 - global_seqlen/balanced_max:40087 - global_seqlen/mean:40087.0 - actor/entropy:0.19707518815994263 - perf/mfu/actor_infer:0.22178886592798486 - actor/pg_clipfrac:0.0 - actor/ppo_kl:0.0 - actor/pg_clipfrac_lower:0.0 - actor/pg_loss:0.025056703947484493 - actor/kl_loss:0.0001248507242053165 - actor/kl_coef:0.001 - actor/loss:0.025056827813386917 - actor/grad_norm:0.17076922953128815 - actor/lr:1e-06 - actor/perf/max_memory_allocated_gb:28.816762447357178 - actor/perf/max_memory_reserved_gb:40.623046875 - actor/perf/cpu_memory_used_gb:19.593128204345703 - perf/mfu/actor:0.19149658269977912 - training/global_step:14 - training/epoch:0 - critic/score/mean:0.421875 - critic/score/max:1.0 - critic/score/min:0.0 - critic/rewards/mean:0.421875 - critic/rewards/max:1.0 - critic/rewards/min:0.0 - critic/advantages/mean:-0.02505669742822647 - critic/advantages/max:2.4748666286468506 - critic/advantages/min:-2.4748666286468506 - critic/returns/mean:-0.02505669742822647 - critic/returns/max:2.4748666286468506 - critic/returns/min:-2.4748666286468506 - response_length/mean:461.859375 - response_length/max:512.0 - response_length/min:267.0 - response_length/clip_ratio:0.59375 - response_length_non_aborted/mean:461.859375 - response_length_non_aborted/max:512.0 - response_length_non_aborted/min:267.0 - response_length_non_aborted/clip_ratio:0.59375 - response/aborted_ratio:0.0 - prompt_length/mean:164.5 - prompt_length/max:363.0 - prompt_length/min:98.0 - prompt_length/clip_ratio:0.0 - num_turns/min:2 - num_turns/max:2 - num_turns/mean:2.0 - timing_s/start_profile:7.328856736421585e-05 - timing_s/agent_loop/num_preempted/min:-1 - timing_s/agent_loop/num_preempted/max:-1 - timing_s/agent_loop/num_preempted/mean:-1.0 - timing_s/agent_loop/generate_sequences/min:1.0164681691676378 - timing_s/agent_loop/generate_sequences/max:1.9339005462825298 - timing_s/agent_loop/generate_sequences/mean:1.7310079493763624 - timing_s/agent_loop/tool_calls/min:0.0 - timing_s/agent_loop/tool_calls/max:0.0 - timing_s/agent_loop/tool_calls/mean:0.0 - timing_s/agent_loop/compute_score/min:0.004678487777709961 - timing_s/agent_loop/compute_score/max:0.03419558797031641 - timing_s/agent_loop/compute_score/mean:0.01081823231652379 - timing_s/agent_loop/slowest/generate_sequences:1.9339005462825298 - timing_s/agent_loop/slowest/tool_calls:0.0 - timing_s/agent_loop/slowest/compute_score:0.005133043043315411 - timing_s/agent_loop/slowest/num_preempted:-1 - timing_s/agent_loop/slowest/prompt_length:203 - timing_s/agent_loop/slowest/response_length:512 - timing_s/gen:2.510721222497523 - timing_s/reward:1.9779428839683533e-05 - timing_s/old_log_prob:0.7377737276256084 - timing_s/ref:2.286239482462406 - timing_s/adv:0.0020225364714860916 - timing_s/update_actor:2.3850025180727243 - timing_s/update_weights:0.9585733972489834 - timing_s/step:8.902698163874447 - timing_s/stop_profile:8.425861597061157e-05 - timing_per_token_ms/update_actor:0.059495659891553976 - timing_per_token_ms/adv:5.0453675043931736e-05 - timing_per_token_ms/gen:0.08493931535226235 - timing_per_token_ms/ref:0.05703194258643466 - perf/total_num_tokens:40087 - perf/time_per_step:8.902698163874447 - perf/throughput:4502.792216708622
[36m(TaskRunner pid=124230)[0m step:15 - global_seqlen/min:40993 - global_seqlen/max:40993 - global_seqlen/minmax_diff:0 - global_seqlen/balanced_min:40993 - global_seqlen/balanced_max:40993 - global_seqlen/mean:40993.0 - actor/entropy:0.12707898020744324 - perf/mfu/actor_infer:0.22553761710763873 - actor/pg_clipfrac:0.0 - actor/ppo_kl:0.0 - actor/pg_clipfrac_lower:0.0 - actor/pg_loss:0.05927888862788677 - actor/kl_loss:0.00010201167560808244 - actor/kl_coef:0.001 - actor/loss:0.05927899479866028 - actor/grad_norm:0.235516756772995 - actor/lr:1e-06 - actor/perf/max_memory_allocated_gb:28.816762447357178 - actor/perf/max_memory_reserved_gb:40.623046875 - actor/perf/cpu_memory_used_gb:19.598445892333984 - perf/mfu/actor:0.18981120815225505 - training/global_step:15 - training/epoch:0 - critic/score/mean:0.421875 - critic/score/max:1.0 - critic/score/min:0.0 - critic/rewards/mean:0.421875 - critic/rewards/max:1.0 - critic/rewards/min:0.0 - critic/advantages/mean:-0.05927888676524162 - critic/advantages/max:0.935412585735321 - critic/advantages/min:-1.20761239528656 - critic/returns/mean:-0.05927888676524162 - critic/returns/max:0.935412585735321 - critic/returns/min:-1.20761239528656 - response_length/mean:460.640625 - response_length/max:512.0 - response_length/min:184.0 - response_length/clip_ratio:0.453125 - response_length_non_aborted/mean:460.640625 - response_length_non_aborted/max:512.0 - response_length_non_aborted/min:184.0 - response_length_non_aborted/clip_ratio:0.453125 - response/aborted_ratio:0.0 - prompt_length/mean:179.875 - prompt_length/max:567.0 - prompt_length/min:91.0 - prompt_length/clip_ratio:0.0 - num_turns/min:2 - num_turns/max:2 - num_turns/mean:2.0 - timing_s/start_profile:6.92298635840416e-05 - timing_s/agent_loop/num_preempted/min:-1 - timing_s/agent_loop/num_preempted/max:-1 - timing_s/agent_loop/num_preempted/mean:-1.0 - timing_s/agent_loop/generate_sequences/min:0.7256235033273697 - timing_s/agent_loop/generate_sequences/max:1.9472108259797096 - timing_s/agent_loop/generate_sequences/mean:1.74843586764473 - timing_s/agent_loop/tool_calls/min:0.0 - timing_s/agent_loop/tool_calls/max:0.0 - timing_s/agent_loop/tool_calls/mean:0.0 - timing_s/agent_loop/compute_score/min:0.004109294153749943 - timing_s/agent_loop/compute_score/max:0.030707267113029957 - timing_s/agent_loop/compute_score/mean:0.007952791274874471 - timing_s/agent_loop/slowest/generate_sequences:1.9472108259797096 - timing_s/agent_loop/slowest/tool_calls:0.0 - timing_s/agent_loop/slowest/compute_score:0.005520648322999477 - timing_s/agent_loop/slowest/num_preempted:-1 - timing_s/agent_loop/slowest/prompt_length:194 - timing_s/agent_loop/slowest/response_length:512 - timing_s/gen:2.4882995625957847 - timing_s/reward:1.894962042570114e-05 - timing_s/old_log_prob:0.7392077911645174 - timing_s/ref:2.3006626423448324 - timing_s/adv:0.0020351875573396683 - timing_s/update_actor:2.4615625217556953 - timing_s/update_weights:0.9170077117159963 - timing_s/step:8.931368143297732 - timing_s/stop_profile:8.076895028352737e-05 - timing_per_token_ms/update_actor:0.060048362446166306 - timing_per_token_ms/adv:4.9647197261475574e-05 - timing_per_token_ms/gen:0.08440349929092585 - timing_per_token_ms/ref:0.056123305011705225 - perf/total_num_tokens:40993 - perf/time_per_step:8.931368143297732 - perf/throughput:4589.778334326295
[36m(TaskRunner pid=124230)[0m step:16 - global_seqlen/min:39308 - global_seqlen/max:39308 - global_seqlen/minmax_diff:0 - global_seqlen/balanced_min:39308 - global_seqlen/balanced_max:39308 - global_seqlen/mean:39308.0 - actor/entropy:0.13143160939216614 - perf/mfu/actor_infer:0.20704179921546514 - actor/pg_clipfrac:0.0 - actor/ppo_kl:0.0 - actor/pg_clipfrac_lower:0.0 - actor/pg_loss:0.00734687433578074 - actor/kl_loss:0.00013193776885600528 - actor/kl_coef:0.001 - actor/loss:0.0073470063507556915 - actor/grad_norm:0.18990527093410492 - actor/lr:1e-06 - actor/perf/max_memory_allocated_gb:28.816762447357178 - actor/perf/max_memory_reserved_gb:40.623046875 - actor/perf/cpu_memory_used_gb:19.60211944580078 - perf/mfu/actor:0.1836132799804012 - training/global_step:16 - training/epoch:0 - critic/score/mean:0.453125 - critic/score/max:1.0 - critic/score/min:0.0 - critic/rewards/mean:0.453125 - critic/rewards/max:1.0 - critic/rewards/min:0.0 - critic/advantages/mean:-0.007346876431256533 - critic/advantages/max:2.4748666286468506 - critic/advantages/min:-0.935412585735321 - critic/returns/mean:-0.007346876431256533 - critic/returns/max:2.4748666286468506 - critic/returns/min:-0.935412585735321 - response_length/mean:433.6875 - response_length/max:512.0 - response_length/min:236.0 - response_length/clip_ratio:0.40625 - response_length_non_aborted/mean:433.6875 - response_length_non_aborted/max:512.0 - response_length_non_aborted/min:236.0 - response_length_non_aborted/clip_ratio:0.40625 - response/aborted_ratio:0.0 - prompt_length/mean:180.5 - prompt_length/max:457.0 - prompt_length/min:100.0 - prompt_length/clip_ratio:0.0 - num_turns/min:2 - num_turns/max:2 - num_turns/mean:2.0 - timing_s/start_profile:6.834883242845535e-05 - timing_s/agent_loop/num_preempted/min:-1 - timing_s/agent_loop/num_preempted/max:-1 - timing_s/agent_loop/num_preempted/mean:-1.0 - timing_s/agent_loop/generate_sequences/min:0.9144135992974043 - timing_s/agent_loop/generate_sequences/max:1.8965103141963482 - timing_s/agent_loop/generate_sequences/mean:1.601091478500166 - timing_s/agent_loop/tool_calls/min:0.0 - timing_s/agent_loop/tool_calls/max:0.0 - timing_s/agent_loop/tool_calls/mean:0.0 - timing_s/agent_loop/compute_score/min:0.003381841816008091 - timing_s/agent_loop/compute_score/max:0.0326198348775506 - timing_s/agent_loop/compute_score/mean:0.008078056067461148 - timing_s/agent_loop/slowest/generate_sequences:1.8965103141963482 - timing_s/agent_loop/slowest/tool_calls:0.0 - timing_s/agent_loop/slowest/compute_score:0.005996142514050007 - timing_s/agent_loop/slowest/num_preempted:-1 - timing_s/agent_loop/slowest/prompt_length:100 - timing_s/agent_loop/slowest/response_length:512 - timing_s/gen:2.4351828787475824 - timing_s/reward:2.06800177693367e-05 - timing_s/old_log_prob:0.7651942493394017 - timing_s/ref:2.2669541584327817 - timing_s/adv:0.0020437967032194138 - timing_s/update_actor:2.441250660456717 - timing_s/update_weights:0.9073066599667072 - timing_s/step:8.84079537820071 - timing_s/stop_profile:8.54097306728363e-05 - timing_per_token_ms/update_actor:0.06210569503553264 - timing_per_token_ms/adv:5.199442106490826e-05 - timing_per_token_ms/gen:0.08773536816355319 - timing_per_token_ms/ref:0.05767157215917324 - perf/total_num_tokens:39308 - perf/time_per_step:8.84079537820071 - perf/throughput:4446.206287832896
[36m(TaskRunner pid=124230)[0m step:17 - global_seqlen/min:36328 - global_seqlen/max:36328 - global_seqlen/minmax_diff:0 - global_seqlen/balanced_min:36328 - global_seqlen/balanced_max:36328 - global_seqlen/mean:36328.0 - actor/entropy:0.11304628103971481 - perf/mfu/actor_infer:0.20034013663960237 - actor/pg_clipfrac:0.0 - actor/ppo_kl:0.0 - actor/pg_clipfrac_lower:0.0 - actor/pg_loss:0.026856213225983083 - actor/kl_loss:9.648232139625179e-05 - actor/kl_coef:0.001 - actor/loss:0.026856310665607452 - actor/grad_norm:0.2411002814769745 - actor/lr:1e-06 - actor/perf/max_memory_allocated_gb:28.816762447357178 - actor/perf/max_memory_reserved_gb:40.623046875 - actor/perf/cpu_memory_used_gb:19.60439682006836 - perf/mfu/actor:0.1790080712051609 - training/global_step:17 - training/epoch:0 - critic/score/mean:0.453125 - critic/score/max:1.0 - critic/score/min:0.0 - critic/rewards/mean:0.453125 - critic/rewards/max:1.0 - critic/rewards/min:0.0 - critic/advantages/mean:-0.026856208220124245 - critic/advantages/max:2.4748666286468506 - critic/advantages/min:-2.4748666286468506 - critic/returns/mean:-0.026856208220124245 - critic/returns/max:2.4748666286468506 - critic/returns/min:-2.4748666286468506 - response_length/mean:439.75 - response_length/max:512.0 - response_length/min:303.0 - response_length/clip_ratio:0.40625 - response_length_non_aborted/mean:439.75 - response_length_non_aborted/max:512.0 - response_length_non_aborted/min:303.0 - response_length_non_aborted/clip_ratio:0.40625 - response/aborted_ratio:0.0 - prompt_length/mean:127.875 - prompt_length/max:169.0 - prompt_length/min:101.0 - prompt_length/clip_ratio:0.0 - num_turns/min:2 - num_turns/max:2 - num_turns/mean:2.0 - timing_s/start_profile:7.834844291210175e-05 - timing_s/agent_loop/num_preempted/min:-1 - timing_s/agent_loop/num_preempted/max:-1 - timing_s/agent_loop/num_preempted/mean:-1.0 - timing_s/agent_loop/generate_sequences/min:1.1065702000632882 - timing_s/agent_loop/generate_sequences/max:1.8437005439773202 - timing_s/agent_loop/generate_sequences/mean:1.5774832922616042 - timing_s/agent_loop/tool_calls/min:0.0 - timing_s/agent_loop/tool_calls/max:0.0 - timing_s/agent_loop/tool_calls/mean:0.0 - timing_s/agent_loop/compute_score/min:0.003936655819416046 - timing_s/agent_loop/compute_score/max:0.029670728370547295 - timing_s/agent_loop/compute_score/mean:0.008600722430855967 - timing_s/agent_loop/slowest/generate_sequences:1.8437005439773202 - timing_s/agent_loop/slowest/tool_calls:0.0 - timing_s/agent_loop/slowest/compute_score:0.003937405534088612 - timing_s/agent_loop/slowest/num_preempted:-1 - timing_s/agent_loop/slowest/prompt_length:114 - timing_s/agent_loop/slowest/response_length:512 - timing_s/gen:2.3775435127317905 - timing_s/reward:2.00001522898674e-05 - timing_s/old_log_prob:0.7411954989656806 - timing_s/ref:2.271733275614679 - timing_s/adv:0.002001526765525341 - timing_s/update_actor:2.313074953854084 - timing_s/update_weights:0.8989219246432185 - timing_s/step:8.627179376780987 - timing_s/stop_profile:8.193869143724442e-05 - timing_per_token_ms/update_actor:0.06367195975154383 - timing_per_token_ms/adv:5.509598011245709e-05 - timing_per_token_ms/gen:0.08447781099814491 - timing_per_token_ms/ref:0.06253394834878548 - perf/total_num_tokens:36328 - perf/time_per_step:8.627179376780987 - perf/throughput:4210.878018576087
[36m(TaskRunner pid=124230)[0m step:18 - global_seqlen/min:36904 - global_seqlen/max:36904 - global_seqlen/minmax_diff:0 - global_seqlen/balanced_min:36904 - global_seqlen/balanced_max:36904 - global_seqlen/mean:36904.0 - actor/entropy:0.22521403431892395 - perf/mfu/actor_infer:0.2111616496363707 - actor/pg_clipfrac:0.0 - actor/ppo_kl:0.0 - actor/pg_clipfrac_lower:0.0 - actor/pg_loss:0.025807872414588928 - actor/kl_loss:0.0001308150202703473 - actor/kl_coef:0.001 - actor/loss:0.025807999074459076 - actor/grad_norm:0.18466949462890625 - actor/lr:1e-06 - actor/perf/max_memory_allocated_gb:28.816762447357178 - actor/perf/max_memory_reserved_gb:40.623046875 - actor/perf/cpu_memory_used_gb:19.608917236328125 - perf/mfu/actor:0.17733097028502318 - training/global_step:18 - training/epoch:0 - critic/score/mean:0.390625 - critic/score/max:1.0 - critic/score/min:0.0 - critic/rewards/mean:0.390625 - critic/rewards/max:1.0 - critic/rewards/min:0.0 - critic/advantages/mean:-0.025807874277234077 - critic/advantages/max:2.4748666286468506 - critic/advantages/min:-2.4748666286468506 - critic/returns/mean:-0.025807874277234077 - critic/returns/max:2.4748666286468506 - critic/returns/min:-2.4748666286468506 - response_length/mean:427.25 - response_length/max:512.0 - response_length/min:213.0 - response_length/clip_ratio:0.453125 - response_length_non_aborted/mean:427.25 - response_length_non_aborted/max:512.0 - response_length_non_aborted/min:213.0 - response_length_non_aborted/clip_ratio:0.453125 - response/aborted_ratio:0.0 - prompt_length/mean:149.375 - prompt_length/max:310.0 - prompt_length/min:92.0 - prompt_length/clip_ratio:0.0 - num_turns/min:2 - num_turns/max:2 - num_turns/mean:2.0 - timing_s/start_profile:0.00012919772416353226 - timing_s/agent_loop/num_preempted/min:-1 - timing_s/agent_loop/num_preempted/max:-1 - timing_s/agent_loop/num_preempted/mean:-1.0 - timing_s/agent_loop/generate_sequences/min:0.8138889344409108 - timing_s/agent_loop/generate_sequences/max:1.8462882647290826 - timing_s/agent_loop/generate_sequences/mean:1.5477438390953466 - timing_s/agent_loop/tool_calls/min:0.0 - timing_s/agent_loop/tool_calls/max:0.0 - timing_s/agent_loop/tool_calls/mean:0.0 - timing_s/agent_loop/compute_score/min:0.0037011392414569855 - timing_s/agent_loop/compute_score/max:0.02661716192960739 - timing_s/agent_loop/compute_score/mean:0.007442042740876786 - timing_s/agent_loop/slowest/generate_sequences:1.8462882647290826 - timing_s/agent_loop/slowest/tool_calls:0.0 - timing_s/agent_loop/slowest/compute_score:0.00488259457051754 - timing_s/agent_loop/slowest/num_preempted:-1 - timing_s/agent_loop/slowest/prompt_length:141 - timing_s/agent_loop/slowest/response_length:512 - timing_s/gen:2.405902315862477 - timing_s/reward:1.85500830411911e-05 - timing_s/old_log_prob:0.7132776016369462 - timing_s/ref:2.2675294829532504 - timing_s/adv:0.0020102178677916527 - timing_s/update_actor:2.3752510976046324 - timing_s/update_weights:0.9218394765630364 - timing_s/step:8.70806292258203 - timing_s/stop_profile:8.634943515062332e-05 - timing_per_token_ms/update_actor:0.06436297142869696 - timing_per_token_ms/adv:5.447154421720282e-05 - timing_per_token_ms/gen:0.08798648024657975 - timing_per_token_ms/ref:0.06144400289814791 - perf/total_num_tokens:36904 - perf/time_per_step:8.70806292258203 - perf/throughput:4237.911499731973
[36m(TaskRunner pid=124230)[0m step:19 - global_seqlen/min:35136 - global_seqlen/max:35136 - global_seqlen/minmax_diff:0 - global_seqlen/balanced_min:35136 - global_seqlen/balanced_max:35136 - global_seqlen/mean:35136.0 - actor/entropy:0.13009780645370483 - perf/mfu/actor_infer:0.19990596464881527 - actor/pg_clipfrac:0.0 - actor/ppo_kl:0.0 - actor/pg_clipfrac_lower:0.0 - actor/pg_loss:0.008954541059210896 - actor/kl_loss:0.00010770831636364164 - actor/kl_coef:0.001 - actor/loss:0.008954646065831184 - actor/grad_norm:0.16354171931743622 - actor/lr:1e-06 - actor/perf/max_memory_allocated_gb:28.816762447357178 - actor/perf/max_memory_reserved_gb:40.623046875 - actor/perf/cpu_memory_used_gb:19.613513946533203 - perf/mfu/actor:0.17456267903278866 - training/global_step:19 - training/epoch:0 - critic/score/mean:0.453125 - critic/score/max:1.0 - critic/score/min:0.0 - critic/rewards/mean:0.453125 - critic/rewards/max:1.0 - critic/rewards/min:0.0 - critic/advantages/mean:-0.008954527787864208 - critic/advantages/max:1.6201815605163574 - critic/advantages/min:-2.4748666286468506 - critic/returns/mean:-0.008954527787864208 - critic/returns/max:1.6201815605163574 - critic/returns/min:-2.4748666286468506 - response_length/mean:429.625 - response_length/max:512.0 - response_length/min:213.0 - response_length/clip_ratio:0.546875 - response_length_non_aborted/mean:429.625 - response_length_non_aborted/max:512.0 - response_length_non_aborted/min:213.0 - response_length_non_aborted/clip_ratio:0.546875 - response/aborted_ratio:0.0 - prompt_length/mean:119.375 - prompt_length/max:178.0 - prompt_length/min:93.0 - prompt_length/clip_ratio:0.0 - num_turns/min:2 - num_turns/max:2 - num_turns/mean:2.0 - timing_s/start_profile:0.00013676844537258148 - timing_s/agent_loop/num_preempted/min:-1 - timing_s/agent_loop/num_preempted/max:-1 - timing_s/agent_loop/num_preempted/mean:-1.0 - timing_s/agent_loop/generate_sequences/min:0.8030510451644659 - timing_s/agent_loop/generate_sequences/max:1.8491465039551258 - timing_s/agent_loop/generate_sequences/mean:1.5458721440518275 - timing_s/agent_loop/tool_calls/min:0.0 - timing_s/agent_loop/tool_calls/max:0.0 - timing_s/agent_loop/tool_calls/mean:0.0 - timing_s/agent_loop/compute_score/min:0.0034503405913710594 - timing_s/agent_loop/compute_score/max:0.034077699296176434 - timing_s/agent_loop/compute_score/mean:0.0115293437265791 - timing_s/agent_loop/slowest/generate_sequences:1.8491465039551258 - timing_s/agent_loop/slowest/tool_calls:0.0 - timing_s/agent_loop/slowest/compute_score:0.005461358465254307 - timing_s/agent_loop/slowest/num_preempted:-1 - timing_s/agent_loop/slowest/prompt_length:98 - timing_s/agent_loop/slowest/response_length:512 - timing_s/gen:2.3807394467294216 - timing_s/reward:1.79903581738472e-05 - timing_s/old_log_prob:0.7191200852394104 - timing_s/ref:2.26854111161083 - timing_s/adv:0.0008214795961976051 - timing_s/update_actor:2.2667909311130643 - timing_s/update_weights:0.8792773438617587 - timing_s/step:8.537265224382281 - timing_s/stop_profile:7.82189890742302e-05 - timing_per_token_ms/update_actor:0.06451476921428348 - timing_per_token_ms/adv:2.3379997614913626e-05 - timing_per_token_ms/gen:0.08658493769018845 - timing_per_token_ms/ref:0.06456458081770348 - perf/total_num_tokens:35136 - perf/time_per_step:8.537265224382281 - perf/throughput:4115.603659548047
[36m(TaskRunner pid=124230)[0m local_global_step_folder: /tmp/grpo_mem_probe/global_step_20
[36m(TaskRunner pid=124230)[0m Training Progress: 100%|██████████| 20/20 [03:51<00:00, 12.93s/it]Training Progress: 100%|██████████| 20/20 [03:51<00:00, 11.57s/it]
[36m(TaskRunner pid=124230)[0m Exception ignored in atexit callback: <bound method TemporaryDirectory.cleanup of <TemporaryDirectory '/tmp/tmpeo37neqk'>>
[36m(TaskRunner pid=124230)[0m Traceback (most recent call last):
[36m(TaskRunner pid=124230)[0m   File "/home/hyin66/micromamba/envs/verl/lib/python3.10/tempfile.py", line 882, in cleanup
[36m(TaskRunner pid=124230)[0m     self._rmtree(self.name, ignore_errors=self._ignore_cleanup_errors)
[36m(TaskRunner pid=124230)[0m   File "/home/hyin66/micromamba/envs/verl/lib/python3.10/tempfile.py", line 864, in _rmtree
[36m(TaskRunner pid=124230)[0m     _shutil.rmtree(name, onerror=onerror)
[36m(TaskRunner pid=124230)[0m   File "/home/hyin66/micromamba/envs/verl/lib/python3.10/shutil.py", line 729, in rmtree
[36m(TaskRunner pid=124230)[0m     os.rmdir(path)
[36m(TaskRunner pid=124230)[0m   File "/home/hyin66/micromamba/envs/verl/lib/python3.10/site-packages/torch/utils/data/_utils/signal_handling.py", line 73, in handler
[36m(TaskRunner pid=124230)[0m     _error_if_any_worker_fails()
[36m(TaskRunner pid=124230)[0m RuntimeError: DataLoader worker (pid 127003) is killed by signal: Killed. 
[36m(TaskRunner pid=124230)[0m step:20 - global_seqlen/min:39170 - global_seqlen/max:39170 - global_seqlen/minmax_diff:0 - global_seqlen/balanced_min:39170 - global_seqlen/balanced_max:39170 - global_seqlen/mean:39170.0 - actor/entropy:0.1226431131362915 - perf/mfu/actor_infer:0.22323980597480417 - actor/pg_clipfrac:0.0 - actor/ppo_kl:0.0 - actor/pg_clipfrac_lower:0.0 - actor/pg_loss:0.014993870630860329 - actor/kl_loss:0.00010712752782637835 - actor/kl_coef:0.001 - actor/loss:0.014993976801633835 - actor/grad_norm:0.15828648209571838 - actor/lr:1e-06 - actor/perf/max_memory_allocated_gb:28.816762447357178 - actor/perf/max_memory_reserved_gb:40.623046875 - actor/perf/cpu_memory_used_gb:19.604965209960938 - perf/mfu/actor:0.18197100750491652 - training/global_step:20 - training/epoch:0 - critic/score/mean:0.25 - critic/score/max:1.0 - critic/score/min:0.0 - critic/rewards/mean:0.25 - critic/rewards/max:1.0 - critic/rewards/min:0.0 - critic/advantages/mean:-0.01499389298260212 - critic/advantages/max:2.4748666286468506 - critic/advantages/min:-1.6201815605163574 - critic/returns/mean:-0.01499389298260212 - critic/returns/max:2.4748666286468506 - critic/returns/min:-1.6201815605163574 - response_length/mean:482.03125 - response_length/max:512.0 - response_length/min:296.0 - response_length/clip_ratio:0.75 - response_length_non_aborted/mean:482.03125 - response_length_non_aborted/max:512.0 - response_length_non_aborted/min:296.0 - response_length_non_aborted/clip_ratio:0.75 - response/aborted_ratio:0.0 - prompt_length/mean:130.0 - prompt_length/max:164.0 - prompt_length/min:100.0 - prompt_length/clip_ratio:0.0 - num_turns/min:2 - num_turns/max:2 - num_turns/mean:2.0 - timing_s/start_profile:7.295887917280197e-05 - timing_s/agent_loop/num_preempted/min:-1 - timing_s/agent_loop/num_preempted/max:-1 - timing_s/agent_loop/num_preempted/mean:-1.0 - timing_s/agent_loop/generate_sequences/min:1.083779496140778 - timing_s/agent_loop/generate_sequences/max:1.873052646405995 - timing_s/agent_loop/generate_sequences/mean:1.7480119168612873 - timing_s/agent_loop/tool_calls/min:0.0 - timing_s/agent_loop/tool_calls/max:0.0 - timing_s/agent_loop/tool_calls/mean:0.0 - timing_s/agent_loop/compute_score/min:0.0025783805176615715 - timing_s/agent_loop/compute_score/max:0.0328409718349576 - timing_s/agent_loop/compute_score/mean:0.012074359765392728 - timing_s/agent_loop/slowest/generate_sequences:1.873052646405995 - timing_s/agent_loop/slowest/tool_calls:0.0 - timing_s/agent_loop/slowest/compute_score:0.00508523266762495 - timing_s/agent_loop/slowest/num_preempted:-1 - timing_s/agent_loop/slowest/prompt_length:161 - timing_s/agent_loop/slowest/response_length:512 - timing_s/gen:2.4006340047344565 - timing_s/reward:2.0099803805351257e-05 - timing_s/old_log_prob:0.7141987094655633 - timing_s/ref:2.268516382202506 - timing_s/adv:0.0008286600932478905 - timing_s/update_actor:2.42289693467319 - timing_s/save_checkpoint:13.935878991149366 - timing_s/update_weights:0.9725310010835528 - timing_s/step:22.738272979855537 - timing_s/stop_profile:8.431915193796158e-05 - timing_per_token_ms/update_actor:0.06185593399727317 - timing_per_token_ms/adv:2.115547851028569e-05 - timing_per_token_ms/gen:0.07781633726853993 - timing_per_token_ms/ref:0.057914638299783154 - perf/total_num_tokens:39170 - perf/time_per_step:22.738272979855537 - perf/throughput:1722.6462200846029
[36m(TaskRunner pid=124230)[0m 'Final validation metrics: None'
