/home/hyin66/micromamba/envs/verl/lib/python3.10/site-packages/verl/workers/engine/mindspeed/transformer_impl.py:24: UserWarning: NPU not support router replay for now.
  from verl.utils.megatron.router_replay_patch import RouterReplay
/home/hyin66/micromamba/envs/verl/lib/python3.10/site-packages/verl/trainer/main_ppo.py:380: FutureWarning: Warning: Function '__main__.main' is deprecated. Please use 'main_ppo.py is deprecated, and wil be replaced by main_ppo_sync.py in v0.8.0, please use main_ppo_sync.py instead.' instead.
  main()
2026-07-24 03:17:02,034	INFO worker.py:2015 -- Started a local Ray instance. View the dashboard at [1m[32m127.0.0.1:8265 [39m[22m
[36m(pid=531819)[0m /home/hyin66/micromamba/envs/verl/lib/python3.10/site-packages/verl/workers/engine/mindspeed/transformer_impl.py:24: UserWarning: NPU not support router replay for now.
[36m(pid=531819)[0m   from verl.utils.megatron.router_replay_patch import RouterReplay
ray init kwargs: {'num_cpus': None, 'runtime_env': {'env_vars': {'NCCL_DEBUG': 'WARN', 'VLLM_ALLOW_RUNTIME_LORA_UPDATING': 'true', 'CUDA_DEVICE_MAX_CONNECTIONS': '1', 'VLLM_DISABLE_COMPILE_CACHE': '1', 'HCCL_HOST_SOCKET_PORT_RANGE': 'auto', 'HCCL_NPU_SOCKET_PORT_RANGE': 'auto', 'HSA_NO_SCRATCH_RECLAIM': '1'}, 'working_dir': None}}
[36m(TaskRunner pid=531819)[0m TaskRunner hostname: hyin66-h200-01-0, PID: 531819
[36m(TaskRunner pid=531819)[0m {'actor_rollout_ref': {'actor': {'_target_': 'verl.workers.config.FSDPActorConfig',
[36m(TaskRunner pid=531819)[0m                                  'calculate_entropy': False,
[36m(TaskRunner pid=531819)[0m                                  'calculate_sum_pi_squared': False,
[36m(TaskRunner pid=531819)[0m                                  'checkpoint': {'_target_': 'verl.trainer.config.CheckpointConfig',
[36m(TaskRunner pid=531819)[0m                                                 'async_save': False,
[36m(TaskRunner pid=531819)[0m                                                 'load_contents': ['model',
[36m(TaskRunner pid=531819)[0m                                                                   'optimizer',
[36m(TaskRunner pid=531819)[0m                                                                   'extra'],
[36m(TaskRunner pid=531819)[0m                                                 'mbridge_config': {},
[36m(TaskRunner pid=531819)[0m                                                 'save_contents': ['model',
[36m(TaskRunner pid=531819)[0m                                                                   'optimizer',
[36m(TaskRunner pid=531819)[0m                                                                   'extra'],
[36m(TaskRunner pid=531819)[0m                                                 'strict': True},
[36m(TaskRunner pid=531819)[0m                                  'clip_ratio': 0.2,
[36m(TaskRunner pid=531819)[0m                                  'clip_ratio_c': 3.0,
[36m(TaskRunner pid=531819)[0m                                  'clip_ratio_high': 0.2,
[36m(TaskRunner pid=531819)[0m                                  'clip_ratio_low': 0.2,
[36m(TaskRunner pid=531819)[0m                                  'data_loader_seed': 42,
[36m(TaskRunner pid=531819)[0m                                  'entropy_checkpointing': False,
[36m(TaskRunner pid=531819)[0m                                  'entropy_coeff': 0,
[36m(TaskRunner pid=531819)[0m                                  'entropy_from_logits_with_chunking': False,
[36m(TaskRunner pid=531819)[0m                                  'freeze_vision_tower': False,
[36m(TaskRunner pid=531819)[0m                                  'fsdp_config': {'_target_': 'verl.workers.config.FSDPEngineConfig',
[36m(TaskRunner pid=531819)[0m                                                  'dtype': 'bfloat16',
[36m(TaskRunner pid=531819)[0m                                                  'entropy_checkpointing': False,
[36m(TaskRunner pid=531819)[0m                                                  'entropy_from_logits_with_chunking': False,
[36m(TaskRunner pid=531819)[0m                                                  'forward_only': False,
[36m(TaskRunner pid=531819)[0m                                                  'forward_prefetch': False,
[36m(TaskRunner pid=531819)[0m                                                  'fsdp_size': -1,
[36m(TaskRunner pid=531819)[0m                                                  'full_determinism': False,
[36m(TaskRunner pid=531819)[0m                                                  'model_dtype': 'fp32',
[36m(TaskRunner pid=531819)[0m                                                  'offload_policy': False,
[36m(TaskRunner pid=531819)[0m                                                  'optimizer_offload': False,
[36m(TaskRunner pid=531819)[0m                                                  'param_offload': False,
[36m(TaskRunner pid=531819)[0m                                                  'qat': {'_target_': 'verl.workers.config.QATEngineConfig',
[36m(TaskRunner pid=531819)[0m                                                          'activation_observer': 'static_minmax',
[36m(TaskRunner pid=531819)[0m                                                          'enable': False,
[36m(TaskRunner pid=531819)[0m                                                          'group_size': 16,
[36m(TaskRunner pid=531819)[0m                                                          'ignore_patterns': ['lm_head',
[36m(TaskRunner pid=531819)[0m                                                                              'embed_tokens',
[36m(TaskRunner pid=531819)[0m                                                                              're:.*mlp.gate$'],
[36m(TaskRunner pid=531819)[0m                                                          'mode': 'w4a16',
[36m(TaskRunner pid=531819)[0m                                                          'quantization_config_path': None},
[36m(TaskRunner pid=531819)[0m                                                  'reshard_after_forward': True,
[36m(TaskRunner pid=531819)[0m                                                  'seed': 42,
[36m(TaskRunner pid=531819)[0m                                                  'strategy': 'fsdp',
[36m(TaskRunner pid=531819)[0m                                                  'ulysses_sequence_parallel_size': 1,
[36m(TaskRunner pid=531819)[0m                                                  'use_orig_params': False,
[36m(TaskRunner pid=531819)[0m                                                  'use_torch_compile': True,
[36m(TaskRunner pid=531819)[0m                                                  'wrap_policy': {'min_num_params': 0}},
[36m(TaskRunner pid=531819)[0m                                  'grad_clip': 1.0,
[36m(TaskRunner pid=531819)[0m                                  'kl_loss_coef': 0.001,
[36m(TaskRunner pid=531819)[0m                                  'kl_loss_type': 'low_var_kl',
[36m(TaskRunner pid=531819)[0m                                  'loss_agg_mode': 'token-mean',
[36m(TaskRunner pid=531819)[0m                                  'loss_scale_factor': None,
[36m(TaskRunner pid=531819)[0m                                  'optim': {'_target_': 'verl.workers.config.FSDPOptimizerConfig',
[36m(TaskRunner pid=531819)[0m                                            'betas': [0.9, 0.999],
[36m(TaskRunner pid=531819)[0m                                            'clip_grad': 1.0,
[36m(TaskRunner pid=531819)[0m                                            'lr': 1e-06,
[36m(TaskRunner pid=531819)[0m                                            'lr_scheduler_type': 'constant',
[36m(TaskRunner pid=531819)[0m                                            'lr_warmup_steps': -1,
[36m(TaskRunner pid=531819)[0m                                            'lr_warmup_steps_ratio': 0.0,
[36m(TaskRunner pid=531819)[0m                                            'min_lr_ratio': 0.0,
[36m(TaskRunner pid=531819)[0m                                            'num_cycles': 0.5,
[36m(TaskRunner pid=531819)[0m                                            'optimizer': 'AdamW',
[36m(TaskRunner pid=531819)[0m                                            'optimizer_impl': 'torch.optim',
[36m(TaskRunner pid=531819)[0m                                            'override_optimizer_config': None,
[36m(TaskRunner pid=531819)[0m                                            'total_training_steps': -1,
[36m(TaskRunner pid=531819)[0m                                            'warmup_style': None,
[36m(TaskRunner pid=531819)[0m                                            'weight_decay': 0.01,
[36m(TaskRunner pid=531819)[0m                                            'zero_indexed_step': True},
[36m(TaskRunner pid=531819)[0m                                  'policy_loss': {'_target_': 'verl.workers.config.PolicyLossConfig',
[36m(TaskRunner pid=531819)[0m                                                  'clip_cov_lb': 1.0,
[36m(TaskRunner pid=531819)[0m                                                  'clip_cov_ratio': 0.0002,
[36m(TaskRunner pid=531819)[0m                                                  'clip_cov_ub': 5.0,
[36m(TaskRunner pid=531819)[0m                                                  'kl_cov_ratio': 0.0002,
[36m(TaskRunner pid=531819)[0m                                                  'loss_mode': 'vanilla',
[36m(TaskRunner pid=531819)[0m                                                  'ppo_kl_coef': 0.1},
[36m(TaskRunner pid=531819)[0m                                  'ppo_epochs': 1,
[36m(TaskRunner pid=531819)[0m                                  'ppo_max_token_len_per_gpu': 16384,
[36m(TaskRunner pid=531819)[0m                                  'ppo_micro_batch_size': None,
[36m(TaskRunner pid=531819)[0m                                  'ppo_micro_batch_size_per_gpu': 8,
[36m(TaskRunner pid=531819)[0m                                  'ppo_mini_batch_size': 8,
[36m(TaskRunner pid=531819)[0m                                  'profiler': {'_target_': 'verl.utils.profiler.ProfilerConfig',
[36m(TaskRunner pid=531819)[0m                                               'all_ranks': False,
[36m(TaskRunner pid=531819)[0m                                               'enable': False,
[36m(TaskRunner pid=531819)[0m                                               'ranks': [],
[36m(TaskRunner pid=531819)[0m                                               'save_path': 'outputs/profile',
[36m(TaskRunner pid=531819)[0m                                               'tool': None,
[36m(TaskRunner pid=531819)[0m                                               'tool_config': {'npu': {'_target_': 'verl.utils.profiler.config.NPUToolConfig',
[36m(TaskRunner pid=531819)[0m                                                                       'analysis': True,
[36m(TaskRunner pid=531819)[0m                                                                       'contents': [],
[36m(TaskRunner pid=531819)[0m                                                                       'discrete': False,
[36m(TaskRunner pid=531819)[0m                                                                       'level': 'level0'},
[36m(TaskRunner pid=531819)[0m                                                               'nsys': {'_target_': 'verl.utils.profiler.config.NsightToolConfig',
[36m(TaskRunner pid=531819)[0m                                                                        'discrete': False},
[36m(TaskRunner pid=531819)[0m                                                               'precision_debugger': {'_target_': 'verl.utils.profiler.config.PrecisionDebuggerToolConfig',
[36m(TaskRunner pid=531819)[0m                                                                                      'config_path': None,
[36m(TaskRunner pid=531819)[0m                                                                                      'stages': None,
[36m(TaskRunner pid=531819)[0m                                                                                      'steps': None,
[36m(TaskRunner pid=531819)[0m                                                                                      'strict': False},
[36m(TaskRunner pid=531819)[0m                                                               'torch': {'_target_': 'verl.utils.profiler.config.TorchProfilerToolConfig',
[36m(TaskRunner pid=531819)[0m                                                                         'contents': [],
[36m(TaskRunner pid=531819)[0m                                                                         'discrete': False},
[36m(TaskRunner pid=531819)[0m                                                               'torch_memory': {'_target_': 'verl.utils.profiler.config.TorchMemoryToolConfig',
[36m(TaskRunner pid=531819)[0m                                                                                'stack_depth': 32,
[36m(TaskRunner pid=531819)[0m                                                                                'trace_alloc_max_entries': 100000}}},
[36m(TaskRunner pid=531819)[0m                                  'qat': {'activation_observer': 'static_minmax',
[36m(TaskRunner pid=531819)[0m                                          'enable': False,
[36m(TaskRunner pid=531819)[0m                                          'group_size': 16,
[36m(TaskRunner pid=531819)[0m                                          'ignore_patterns': ['lm_head',
[36m(TaskRunner pid=531819)[0m                                                              'embed_tokens',
[36m(TaskRunner pid=531819)[0m                                                              're:.*mlp.gate$'],
[36m(TaskRunner pid=531819)[0m                                          'mode': 'w4a16',
[36m(TaskRunner pid=531819)[0m                                          'quantization_config_path': None},
[36m(TaskRunner pid=531819)[0m                                  'rollout_n': 8,
[36m(TaskRunner pid=531819)[0m                                  'router_replay': {'_target_': 'verl.workers.config.RouterReplayConfig',
[36m(TaskRunner pid=531819)[0m                                                    'mode': 'disabled',
[36m(TaskRunner pid=531819)[0m                                                    'record_file': None,
[36m(TaskRunner pid=531819)[0m                                                    'replay_file': None},
[36m(TaskRunner pid=531819)[0m                                  'shuffle': False,
[36m(TaskRunner pid=531819)[0m                                  'strategy': 'fsdp',
[36m(TaskRunner pid=531819)[0m                                  'tau_neg': 1.05,
[36m(TaskRunner pid=531819)[0m                                  'tau_pos': 1.0,
[36m(TaskRunner pid=531819)[0m                                  'ulysses_sequence_parallel_size': 1,
[36m(TaskRunner pid=531819)[0m                                  'use_dynamic_bsz': False,
[36m(TaskRunner pid=531819)[0m                                  'use_fused_kernels': False,
[36m(TaskRunner pid=531819)[0m                                  'use_kl_loss': True,
[36m(TaskRunner pid=531819)[0m                                  'use_prefix_grouper': False,
[36m(TaskRunner pid=531819)[0m                                  'use_remove_padding': True,
[36m(TaskRunner pid=531819)[0m                                  'use_torch_compile': True},
[36m(TaskRunner pid=531819)[0m                        'hybrid_engine': True,
[36m(TaskRunner pid=531819)[0m                        'model': {'_target_': 'verl.workers.config.HFModelConfig',
[36m(TaskRunner pid=531819)[0m                                  'custom_chat_template': None,
[36m(TaskRunner pid=531819)[0m                                  'enable_activation_offload': False,
[36m(TaskRunner pid=531819)[0m                                  'enable_gradient_checkpointing': True,
[36m(TaskRunner pid=531819)[0m                                  'exclude_modules': None,
[36m(TaskRunner pid=531819)[0m                                  'external_lib': None,
[36m(TaskRunner pid=531819)[0m                                  'fused_kernel_options': {'impl_backend': 'torch'},
[36m(TaskRunner pid=531819)[0m                                  'hf_config_path': None,
[36m(TaskRunner pid=531819)[0m                                  'lora': {'a2a_experimental': False,
[36m(TaskRunner pid=531819)[0m                                           'adapter_path': None,
[36m(TaskRunner pid=531819)[0m                                           'alpha': 32,
[36m(TaskRunner pid=531819)[0m                                           'dropout': 0.0,
[36m(TaskRunner pid=531819)[0m                                           'dropout_position': 'pre',
[36m(TaskRunner pid=531819)[0m                                           'dtype': None,
[36m(TaskRunner pid=531819)[0m                                           'exclude_modules': [],
[36m(TaskRunner pid=531819)[0m                                           'freeze_language_model': True,
[36m(TaskRunner pid=531819)[0m                                           'freeze_vision_model': True,
[36m(TaskRunner pid=531819)[0m                                           'freeze_vision_projection': True,
[36m(TaskRunner pid=531819)[0m                                           'lora_A_init_method': 'xavier',
[36m(TaskRunner pid=531819)[0m                                           'lora_B_init_method': 'zero',
[36m(TaskRunner pid=531819)[0m                                           'merge': False,
[36m(TaskRunner pid=531819)[0m                                           'rank': 0,
[36m(TaskRunner pid=531819)[0m                                           'target_modules': ['linear_qkv',
[36m(TaskRunner pid=531819)[0m                                                              'linear_proj',
[36m(TaskRunner pid=531819)[0m                                                              'linear_fc1',
[36m(TaskRunner pid=531819)[0m                                                              'linear_fc2'],
[36m(TaskRunner pid=531819)[0m                                           'type': 'lora'},
[36m(TaskRunner pid=531819)[0m                                  'lora_adapter_path': None,
[36m(TaskRunner pid=531819)[0m                                  'lora_alpha': 16,
[36m(TaskRunner pid=531819)[0m                                  'lora_rank': 0,
[36m(TaskRunner pid=531819)[0m                                  'mtp': {'_target_': 'verl.workers.config.MtpConfig',
[36m(TaskRunner pid=531819)[0m                                          'detach_encoder': False,
[36m(TaskRunner pid=531819)[0m                                          'enable': False,
[36m(TaskRunner pid=531819)[0m                                          'enable_rollout': False,
[36m(TaskRunner pid=531819)[0m                                          'enable_train': False,
[36m(TaskRunner pid=531819)[0m                                          'method': 'mtp',
[36m(TaskRunner pid=531819)[0m                                          'mtp_loss_scaling_factor': 0.1,
[36m(TaskRunner pid=531819)[0m                                          'num_speculative_tokens': 1,
[36m(TaskRunner pid=531819)[0m                                          'speculative_algorithm': 'EAGLE',
[36m(TaskRunner pid=531819)[0m                                          'speculative_eagle_topk': 1,
[36m(TaskRunner pid=531819)[0m                                          'speculative_num_draft_tokens': 4,
[36m(TaskRunner pid=531819)[0m                                          'speculative_num_steps': 3},
[36m(TaskRunner pid=531819)[0m                                  'override_config': {},
[36m(TaskRunner pid=531819)[0m                                  'path': 'Qwen/Qwen2.5-3B-Instruct',
[36m(TaskRunner pid=531819)[0m                                  'target_modules': 'all-linear',
[36m(TaskRunner pid=531819)[0m                                  'tiled_mlp': {'enabled': False,
[36m(TaskRunner pid=531819)[0m                                                'num_shards': 4},
[36m(TaskRunner pid=531819)[0m                                  'tokenizer_path': None,
[36m(TaskRunner pid=531819)[0m                                  'trust_remote_code': False,
[36m(TaskRunner pid=531819)[0m                                  'use_fused_kernels': False,
[36m(TaskRunner pid=531819)[0m                                  'use_liger': False,
[36m(TaskRunner pid=531819)[0m                                  'use_remove_padding': True,
[36m(TaskRunner pid=531819)[0m                                  'use_shm': False},
[36m(TaskRunner pid=531819)[0m                        'nccl_timeout': 600,
[36m(TaskRunner pid=531819)[0m                        'ref': {'_target_': 'verl.workers.config.FSDPActorConfig',
[36m(TaskRunner pid=531819)[0m                                'entropy_checkpointing': False,
[36m(TaskRunner pid=531819)[0m                                'entropy_from_logits_with_chunking': False,
[36m(TaskRunner pid=531819)[0m                                'fsdp_config': {'_target_': 'verl.workers.config.FSDPEngineConfig',
[36m(TaskRunner pid=531819)[0m                                                'dtype': 'bfloat16',
[36m(TaskRunner pid=531819)[0m                                                'entropy_checkpointing': False,
[36m(TaskRunner pid=531819)[0m                                                'entropy_from_logits_with_chunking': False,
[36m(TaskRunner pid=531819)[0m                                                'forward_only': True,
[36m(TaskRunner pid=531819)[0m                                                'forward_prefetch': False,
[36m(TaskRunner pid=531819)[0m                                                'fsdp_size': -1,
[36m(TaskRunner pid=531819)[0m                                                'full_determinism': False,
[36m(TaskRunner pid=531819)[0m                                                'model_dtype': 'fp32',
[36m(TaskRunner pid=531819)[0m                                                'offload_policy': False,
[36m(TaskRunner pid=531819)[0m                                                'optimizer_offload': False,
[36m(TaskRunner pid=531819)[0m                                                'param_offload': False,
[36m(TaskRunner pid=531819)[0m                                                'qat': {'_target_': 'verl.workers.config.QATEngineConfig',
[36m(TaskRunner pid=531819)[0m                                                        'activation_observer': 'static_minmax',
[36m(TaskRunner pid=531819)[0m                                                        'enable': False,
[36m(TaskRunner pid=531819)[0m                                                        'group_size': 16,
[36m(TaskRunner pid=531819)[0m                                                        'ignore_patterns': ['lm_head',
[36m(TaskRunner pid=531819)[0m                                                                            'embed_tokens',
[36m(TaskRunner pid=531819)[0m                                                                            're:.*mlp.gate$'],
[36m(TaskRunner pid=531819)[0m                                                        'mode': 'w4a16',
[36m(TaskRunner pid=531819)[0m                                                        'quantization_config_path': None},
[36m(TaskRunner pid=531819)[0m                                                'reshard_after_forward': True,
[36m(TaskRunner pid=531819)[0m                                                'seed': 42,
[36m(TaskRunner pid=531819)[0m                                                'strategy': 'fsdp',
[36m(TaskRunner pid=531819)[0m                                                'ulysses_sequence_parallel_size': 1,
[36m(TaskRunner pid=531819)[0m                                                'use_orig_params': False,
[36m(TaskRunner pid=531819)[0m                                                'use_torch_compile': True,
[36m(TaskRunner pid=531819)[0m                                                'wrap_policy': {'min_num_params': 0}},
[36m(TaskRunner pid=531819)[0m                                'log_prob_max_token_len_per_gpu': 16384,
[36m(TaskRunner pid=531819)[0m                                'log_prob_micro_batch_size': None,
[36m(TaskRunner pid=531819)[0m                                'log_prob_micro_batch_size_per_gpu': 8,
[36m(TaskRunner pid=531819)[0m                                'log_prob_use_dynamic_bsz': False,
[36m(TaskRunner pid=531819)[0m                                'profiler': {'_target_': 'verl.utils.profiler.ProfilerConfig',
[36m(TaskRunner pid=531819)[0m                                             'all_ranks': False,
[36m(TaskRunner pid=531819)[0m                                             'enable': False,
[36m(TaskRunner pid=531819)[0m                                             'ranks': [],
[36m(TaskRunner pid=531819)[0m                                             'save_path': 'outputs/profile',
[36m(TaskRunner pid=531819)[0m                                             'tool': None,
[36m(TaskRunner pid=531819)[0m                                             'tool_config': {'npu': {'_target_': 'verl.utils.profiler.config.NPUToolConfig',
[36m(TaskRunner pid=531819)[0m                                                                     'analysis': True,
[36m(TaskRunner pid=531819)[0m                                                                     'contents': [],
[36m(TaskRunner pid=531819)[0m                                                                     'discrete': False,
[36m(TaskRunner pid=531819)[0m                                                                     'level': 'level0'},
[36m(TaskRunner pid=531819)[0m                                                             'nsys': {'_target_': 'verl.utils.profiler.config.NsightToolConfig',
[36m(TaskRunner pid=531819)[0m                                                                      'discrete': False},
[36m(TaskRunner pid=531819)[0m                                                             'precision_debugger': {'_target_': 'verl.utils.profiler.config.PrecisionDebuggerToolConfig',
[36m(TaskRunner pid=531819)[0m                                                                                    'config_path': None,
[36m(TaskRunner pid=531819)[0m                                                                                    'stages': None,
[36m(TaskRunner pid=531819)[0m                                                                                    'steps': None,
[36m(TaskRunner pid=531819)[0m                                                                                    'strict': False},
[36m(TaskRunner pid=531819)[0m                                                             'torch': {'_target_': 'verl.utils.profiler.config.TorchProfilerToolConfig',
[36m(TaskRunner pid=531819)[0m                                                                       'contents': [],
[36m(TaskRunner pid=531819)[0m                                                                       'discrete': False},
[36m(TaskRunner pid=531819)[0m                                                             'torch_memory': {'_target_': 'verl.utils.profiler.config.TorchMemoryToolConfig',
[36m(TaskRunner pid=531819)[0m                                                                              'stack_depth': 32,
[36m(TaskRunner pid=531819)[0m                                                                              'trace_alloc_max_entries': 100000}}},
[36m(TaskRunner pid=531819)[0m                                'rollout_n': 8,
[36m(TaskRunner pid=531819)[0m                                'router_replay': {'_target_': 'verl.workers.config.RouterReplayConfig',
[36m(TaskRunner pid=531819)[0m                                                  'mode': 'disabled',
[36m(TaskRunner pid=531819)[0m                                                  'record_file': None,
[36m(TaskRunner pid=531819)[0m                                                  'replay_file': None},
[36m(TaskRunner pid=531819)[0m                                'strategy': 'fsdp',
[36m(TaskRunner pid=531819)[0m                                'ulysses_sequence_parallel_size': 1,
[36m(TaskRunner pid=531819)[0m                                'use_torch_compile': True},
[36m(TaskRunner pid=531819)[0m                        'rollout': {'_target_': 'verl.workers.config.RolloutConfig',
[36m(TaskRunner pid=531819)[0m                                    'agent': {'_target_': 'verl.workers.config.AgentLoopConfig',
[36m(TaskRunner pid=531819)[0m                                              'agent_loop_config_path': None,
[36m(TaskRunner pid=531819)[0m                                              'custom_async_server': {'_target_': 'verl.workers.config.CustomAsyncServerConfig',
[36m(TaskRunner pid=531819)[0m                                                                      'name': None,
[36m(TaskRunner pid=531819)[0m                                                                      'path': None},
[36m(TaskRunner pid=531819)[0m                                              'default_agent_loop': 'single_turn_agent',
[36m(TaskRunner pid=531819)[0m                                              'num_workers': 8},
[36m(TaskRunner pid=531819)[0m                                    'calculate_log_probs': False,
[36m(TaskRunner pid=531819)[0m                                    'checkpoint_engine': {'_target_': 'verl.workers.config.CheckpointEngineConfig',
[36m(TaskRunner pid=531819)[0m                                                          'backend': 'naive',
[36m(TaskRunner pid=531819)[0m                                                          'custom_backend_module': None,
[36m(TaskRunner pid=531819)[0m                                                          'engine_kwargs': {},
[36m(TaskRunner pid=531819)[0m                                                          'update_weights_bucket_megabytes': 2048},
[36m(TaskRunner pid=531819)[0m                                    'cudagraph_capture_sizes': None,
[36m(TaskRunner pid=531819)[0m                                    'data_parallel_size': 1,
[36m(TaskRunner pid=531819)[0m                                    'disable_log_stats': True,
[36m(TaskRunner pid=531819)[0m                                    'disaggregation': {'bootstrap_port': None,
[36m(TaskRunner pid=531819)[0m                                                       'decode_replicas': 1,
[36m(TaskRunner pid=531819)[0m                                                       'decode_tensor_model_parallel_size': None,
[36m(TaskRunner pid=531819)[0m                                                       'enabled': False,
[36m(TaskRunner pid=531819)[0m                                                       'ib_device': None,
[36m(TaskRunner pid=531819)[0m                                                       'prefill_replicas': 1,
[36m(TaskRunner pid=531819)[0m                                                       'transfer_backend': 'nixl'},
[36m(TaskRunner pid=531819)[0m                                    'do_sample': True,
[36m(TaskRunner pid=531819)[0m                                    'dtype': 'bfloat16',
[36m(TaskRunner pid=531819)[0m                                    'enable_chunked_prefill': True,
[36m(TaskRunner pid=531819)[0m                                    'enable_prefix_caching': True,
[36m(TaskRunner pid=531819)[0m                                    'enable_rollout_routing_replay': False,
[36m(TaskRunner pid=531819)[0m                                    'enforce_eager': False,
[36m(TaskRunner pid=531819)[0m                                    'engine_kwargs': {'sglang': {},
[36m(TaskRunner pid=531819)[0m                                                      'trtllm': {},
[36m(TaskRunner pid=531819)[0m                                                      'vllm': {}},
[36m(TaskRunner pid=531819)[0m                                    'expert_parallel_size': 1,
[36m(TaskRunner pid=531819)[0m                                    'free_cache_engine': True,
[36m(TaskRunner pid=531819)[0m                                    'gpu_memory_utilization': 0.5,
[36m(TaskRunner pid=531819)[0m                                    'ignore_eos': False,
[36m(TaskRunner pid=531819)[0m                                    'layered_summon': False,
[36m(TaskRunner pid=531819)[0m                                    'load_format': 'dummy',
[36m(TaskRunner pid=531819)[0m                                    'log_prob_max_token_len_per_gpu': 16384,
[36m(TaskRunner pid=531819)[0m                                    'log_prob_micro_batch_size': None,
[36m(TaskRunner pid=531819)[0m                                    'log_prob_micro_batch_size_per_gpu': 8,
[36m(TaskRunner pid=531819)[0m                                    'log_prob_use_dynamic_bsz': False,
[36m(TaskRunner pid=531819)[0m                                    'logprobs_mode': 'processed_logprobs',
[36m(TaskRunner pid=531819)[0m                                    'max_model_len': None,
[36m(TaskRunner pid=531819)[0m                                    'max_num_batched_tokens': 8192,
[36m(TaskRunner pid=531819)[0m                                    'max_num_seqs': 1024,
[36m(TaskRunner pid=531819)[0m                                    'mode': 'async',
[36m(TaskRunner pid=531819)[0m                                    'mtp': {'_target_': 'verl.workers.config.MtpConfig',
[36m(TaskRunner pid=531819)[0m                                            'detach_encoder': False,
[36m(TaskRunner pid=531819)[0m                                            'enable': False,
[36m(TaskRunner pid=531819)[0m                                            'enable_rollout': False,
[36m(TaskRunner pid=531819)[0m                                            'enable_train': False,
[36m(TaskRunner pid=531819)[0m                                            'method': 'mtp',
[36m(TaskRunner pid=531819)[0m                                            'mtp_loss_scaling_factor': 0.1,
[36m(TaskRunner pid=531819)[0m                                            'num_speculative_tokens': 1,
[36m(TaskRunner pid=531819)[0m                                            'speculative_algorithm': 'EAGLE',
[36m(TaskRunner pid=531819)[0m                                            'speculative_eagle_topk': 1,
[36m(TaskRunner pid=531819)[0m                                            'speculative_num_draft_tokens': 4,
[36m(TaskRunner pid=531819)[0m                                            'speculative_num_steps': 3},
[36m(TaskRunner pid=531819)[0m                                    'multi_stage_wake_up': False,
[36m(TaskRunner pid=531819)[0m                                    'multi_turn': {'_target_': 'verl.workers.config.MultiTurnConfig',
[36m(TaskRunner pid=531819)[0m                                                   'enable': False,
[36m(TaskRunner pid=531819)[0m                                                   'format': 'hermes',
[36m(TaskRunner pid=531819)[0m                                                   'function_tool_path': None,
[36m(TaskRunner pid=531819)[0m                                                   'max_assistant_turns': None,
[36m(TaskRunner pid=531819)[0m                                                   'max_parallel_calls': 1,
[36m(TaskRunner pid=531819)[0m                                                   'max_tool_response_length': 256,
[36m(TaskRunner pid=531819)[0m                                                   'max_user_turns': None,
[36m(TaskRunner pid=531819)[0m                                                   'num_repeat_rollouts': None,
[36m(TaskRunner pid=531819)[0m                                                   'tokenization_sanity_check_mode': 'strict',
[36m(TaskRunner pid=531819)[0m                                                   'tool_config_path': None,
[36m(TaskRunner pid=531819)[0m                                                   'tool_response_truncate_side': 'middle',
[36m(TaskRunner pid=531819)[0m                                                   'use_inference_chat_template': False},
[36m(TaskRunner pid=531819)[0m                                    'n': 8,
[36m(TaskRunner pid=531819)[0m                                    'n_gpus_per_node': 1,
[36m(TaskRunner pid=531819)[0m                                    'name': 'vllm',
[36m(TaskRunner pid=531819)[0m                                    'nnodes': 0,
[36m(TaskRunner pid=531819)[0m                                    'over_sample_rate': 0,
[36m(TaskRunner pid=531819)[0m                                    'pipeline_model_parallel_size': 1,
[36m(TaskRunner pid=531819)[0m                                    'profiler': {'_target_': 'verl.utils.profiler.ProfilerConfig',
[36m(TaskRunner pid=531819)[0m                                                 'all_ranks': False,
[36m(TaskRunner pid=531819)[0m                                                 'enable': False,
[36m(TaskRunner pid=531819)[0m                                                 'ranks': [],
[36m(TaskRunner pid=531819)[0m                                                 'save_path': 'outputs/profile',
[36m(TaskRunner pid=531819)[0m                                                 'tool': None,
[36m(TaskRunner pid=531819)[0m                                                 'tool_config': {'npu': {'_target_': 'verl.utils.profiler.config.NPUToolConfig',
[36m(TaskRunner pid=531819)[0m                                                                         'analysis': True,
[36m(TaskRunner pid=531819)[0m                                                                         'contents': [],
[36m(TaskRunner pid=531819)[0m                                                                         'discrete': False,
[36m(TaskRunner pid=531819)[0m                                                                         'level': 'level0'},
[36m(TaskRunner pid=531819)[0m                                                                 'precision_debugger': {'_target_': 'verl.utils.profiler.config.PrecisionDebuggerToolConfig',
[36m(TaskRunner pid=531819)[0m                                                                                        'config_path': None,
[36m(TaskRunner pid=531819)[0m                                                                                        'stages': None,
[36m(TaskRunner pid=531819)[0m                                                                                        'steps': None,
[36m(TaskRunner pid=531819)[0m                                                                                        'strict': False},
[36m(TaskRunner pid=531819)[0m                                                                 'torch': {'_target_': 'verl.utils.profiler.config.TorchProfilerToolConfig',
[36m(TaskRunner pid=531819)[0m                                                                           'contents': [],
[36m(TaskRunner pid=531819)[0m                                                                           'discrete': False}}},
[36m(TaskRunner pid=531819)[0m                                    'prometheus': {'_target_': 'verl.workers.config.PrometheusConfig',
[36m(TaskRunner pid=531819)[0m                                                   'enable': False,
[36m(TaskRunner pid=531819)[0m                                                   'file': '/tmp/ray/session_latest/metrics/prometheus/prometheus.yml',
[36m(TaskRunner pid=531819)[0m                                                   'port': 9090,
[36m(TaskRunner pid=531819)[0m                                                   'served_model_name': 'Qwen/Qwen2.5-3B-Instruct'},
[36m(TaskRunner pid=531819)[0m                                    'prompt_length': 1024,
[36m(TaskRunner pid=531819)[0m                                    'qat': {'_target_': 'verl.workers.config.QATEngineConfig',
[36m(TaskRunner pid=531819)[0m                                            'activation_observer': 'static_minmax',
[36m(TaskRunner pid=531819)[0m                                            'enable': False,
[36m(TaskRunner pid=531819)[0m                                            'group_size': 16,
[36m(TaskRunner pid=531819)[0m                                            'ignore_patterns': ['lm_head',
[36m(TaskRunner pid=531819)[0m                                                                'embed_tokens',
[36m(TaskRunner pid=531819)[0m                                                                're:.*mlp.gate$'],
[36m(TaskRunner pid=531819)[0m                                            'mode': 'w4a16',
[36m(TaskRunner pid=531819)[0m                                            'quantization_config_path': None},
[36m(TaskRunner pid=531819)[0m                                    'quantization': None,
[36m(TaskRunner pid=531819)[0m                                    'quantization_config_file': None,
[36m(TaskRunner pid=531819)[0m                                    'response_length': 256,
[36m(TaskRunner pid=531819)[0m                                    'scheduling_policy': 'fcfs',
[36m(TaskRunner pid=531819)[0m                                    'skip': {'_target_': 'verl.workers.config.SkipConfig',
[36m(TaskRunner pid=531819)[0m                                             'action': 'cache',
[36m(TaskRunner pid=531819)[0m                                             'dump_dir': '~/.verl/rollout_dump',
[36m(TaskRunner pid=531819)[0m                                             'enable': False,
[36m(TaskRunner pid=531819)[0m                                             'max_dump_step': 1},
[36m(TaskRunner pid=531819)[0m                                    'skip_tokenizer_init': True,
[36m(TaskRunner pid=531819)[0m                                    'temperature': 1.0,
[36m(TaskRunner pid=531819)[0m                                    'tensor_model_parallel_size': 1,
[36m(TaskRunner pid=531819)[0m                                    'top_k': -1,
[36m(TaskRunner pid=531819)[0m                                    'top_p': 1,
[36m(TaskRunner pid=531819)[0m                                    'trace': {'_target_': 'verl.workers.config.TraceConfig',
[36m(TaskRunner pid=531819)[0m                                              'backend': None,
[36m(TaskRunner pid=531819)[0m                                              'experiment_name': 'grpo_full',
[36m(TaskRunner pid=531819)[0m                                              'max_samples_per_step_per_worker': None,
[36m(TaskRunner pid=531819)[0m                                              'project_name': 'a0_grpo_bench',
[36m(TaskRunner pid=531819)[0m                                              'token2text': False},
[36m(TaskRunner pid=531819)[0m                                    'val_kwargs': {'_target_': 'verl.workers.config.SamplingConfig',
[36m(TaskRunner pid=531819)[0m                                                   'do_sample': False,
[36m(TaskRunner pid=531819)[0m                                                   'n': 1,
[36m(TaskRunner pid=531819)[0m                                                   'temperature': 0,
[36m(TaskRunner pid=531819)[0m                                                   'top_k': -1,
[36m(TaskRunner pid=531819)[0m                                                   'top_p': 1.0}}},
[36m(TaskRunner pid=531819)[0m  'algorithm': {'_target_': 'verl.trainer.config.AlgoConfig',
[36m(TaskRunner pid=531819)[0m                'adv_estimator': 'grpo',
[36m(TaskRunner pid=531819)[0m                'gamma': 1.0,
[36m(TaskRunner pid=531819)[0m                'kl_ctrl': {'_target_': 'verl.trainer.config.KLControlConfig',
[36m(TaskRunner pid=531819)[0m                            'horizon': 10000,
[36m(TaskRunner pid=531819)[0m                            'kl_coef': 0.001,
[36m(TaskRunner pid=531819)[0m                            'target_kl': 0.1,
[36m(TaskRunner pid=531819)[0m                            'type': 'fixed'},
[36m(TaskRunner pid=531819)[0m                'kl_penalty': 'kl',
[36m(TaskRunner pid=531819)[0m                'lam': 1.0,
[36m(TaskRunner pid=531819)[0m                'norm_adv_by_std_in_grpo': True,
[36m(TaskRunner pid=531819)[0m                'pf_ppo': {'reweight_method': 'pow', 'weight_pow': 2.0},
[36m(TaskRunner pid=531819)[0m                'rollout_correction': {'bypass_mode': False,
[36m(TaskRunner pid=531819)[0m                                       'loss_type': 'ppo_clip',
[36m(TaskRunner pid=531819)[0m                                       'rollout_is': None,
[36m(TaskRunner pid=531819)[0m                                       'rollout_is_batch_normalize': False,
[36m(TaskRunner pid=531819)[0m                                       'rollout_is_threshold': 2.0,
[36m(TaskRunner pid=531819)[0m                                       'rollout_rs': None,
[36m(TaskRunner pid=531819)[0m                                       'rollout_rs_threshold': None},
[36m(TaskRunner pid=531819)[0m                'use_kl_in_reward': False,
[36m(TaskRunner pid=531819)[0m                'use_pf_ppo': False},
[36m(TaskRunner pid=531819)[0m  'critic': {'_target_': 'verl.workers.config.FSDPCriticConfig',
[36m(TaskRunner pid=531819)[0m             'checkpoint': {'_target_': 'verl.trainer.config.CheckpointConfig',
[36m(TaskRunner pid=531819)[0m                            'async_save': False,
[36m(TaskRunner pid=531819)[0m                            'load_contents': ['model', 'optimizer', 'extra'],
[36m(TaskRunner pid=531819)[0m                            'mbridge_config': {},
[36m(TaskRunner pid=531819)[0m                            'save_contents': ['model', 'optimizer', 'extra']},
[36m(TaskRunner pid=531819)[0m             'cliprange_value': 0.5,
[36m(TaskRunner pid=531819)[0m             'data_loader_seed': 42,
[36m(TaskRunner pid=531819)[0m             'enable': None,
[36m(TaskRunner pid=531819)[0m             'forward_max_token_len_per_gpu': 32768,
[36m(TaskRunner pid=531819)[0m             'forward_micro_batch_size': None,
[36m(TaskRunner pid=531819)[0m             'forward_micro_batch_size_per_gpu': None,
[36m(TaskRunner pid=531819)[0m             'fsdp': {'_target_': 'verl.workers.config.FSDPEngineConfig',
[36m(TaskRunner pid=531819)[0m                      'dtype': 'bfloat16',
[36m(TaskRunner pid=531819)[0m                      'entropy_checkpointing': False,
[36m(TaskRunner pid=531819)[0m                      'entropy_from_logits_with_chunking': False,
[36m(TaskRunner pid=531819)[0m                      'forward_only': False,
[36m(TaskRunner pid=531819)[0m                      'forward_prefetch': False,
[36m(TaskRunner pid=531819)[0m                      'fsdp_size': -1,
[36m(TaskRunner pid=531819)[0m                      'full_determinism': False,
[36m(TaskRunner pid=531819)[0m                      'model_dtype': 'fp32',
[36m(TaskRunner pid=531819)[0m                      'offload_policy': False,
[36m(TaskRunner pid=531819)[0m                      'optimizer_offload': False,
[36m(TaskRunner pid=531819)[0m                      'param_offload': False,
[36m(TaskRunner pid=531819)[0m                      'qat': {'_target_': 'verl.workers.config.QATEngineConfig',
[36m(TaskRunner pid=531819)[0m                              'activation_observer': 'static_minmax',
[36m(TaskRunner pid=531819)[0m                              'enable': False,
[36m(TaskRunner pid=531819)[0m                              'group_size': 16,
[36m(TaskRunner pid=531819)[0m                              'ignore_patterns': ['lm_head',
[36m(TaskRunner pid=531819)[0m                                                  'embed_tokens',
[36m(TaskRunner pid=531819)[0m                                                  're:.*mlp.gate$'],
[36m(TaskRunner pid=531819)[0m                              'mode': 'w4a16',
[36m(TaskRunner pid=531819)[0m                              'quantization_config_path': None},
[36m(TaskRunner pid=531819)[0m                      'reshard_after_forward': True,
[36m(TaskRunner pid=531819)[0m                      'seed': 42,
[36m(TaskRunner pid=531819)[0m                      'strategy': 'fsdp',
[36m(TaskRunner pid=531819)[0m                      'ulysses_sequence_parallel_size': 1,
[36m(TaskRunner pid=531819)[0m                      'use_orig_params': False,
[36m(TaskRunner pid=531819)[0m                      'use_torch_compile': True,
[36m(TaskRunner pid=531819)[0m                      'wrap_policy': {'min_num_params': 0}},
[36m(TaskRunner pid=531819)[0m             'grad_clip': 1.0,
[36m(TaskRunner pid=531819)[0m             'loss_agg_mode': 'token-mean',
[36m(TaskRunner pid=531819)[0m             'model': {'_target_': 'verl.workers.config.HFModelConfig',
[36m(TaskRunner pid=531819)[0m                       'custom_chat_template': None,
[36m(TaskRunner pid=531819)[0m                       'enable_activation_offload': False,
[36m(TaskRunner pid=531819)[0m                       'enable_gradient_checkpointing': True,
[36m(TaskRunner pid=531819)[0m                       'exclude_modules': None,
[36m(TaskRunner pid=531819)[0m                       'external_lib': None,
[36m(TaskRunner pid=531819)[0m                       'fused_kernel_options': {'impl_backend': 'torch'},
[36m(TaskRunner pid=531819)[0m                       'hf_config_path': None,
[36m(TaskRunner pid=531819)[0m                       'lora': {'a2a_experimental': False,
[36m(TaskRunner pid=531819)[0m                                'adapter_path': None,
[36m(TaskRunner pid=531819)[0m                                'alpha': 32,
[36m(TaskRunner pid=531819)[0m                                'dropout': 0.0,
[36m(TaskRunner pid=531819)[0m                                'dropout_position': 'pre',
[36m(TaskRunner pid=531819)[0m                                'dtype': None,
[36m(TaskRunner pid=531819)[0m                                'exclude_modules': [],
[36m(TaskRunner pid=531819)[0m                                'freeze_language_model': True,
[36m(TaskRunner pid=531819)[0m                                'freeze_vision_model': True,
[36m(TaskRunner pid=531819)[0m                                'freeze_vision_projection': True,
[36m(TaskRunner pid=531819)[0m                                'lora_A_init_method': 'xavier',
[36m(TaskRunner pid=531819)[0m                                'lora_B_init_method': 'zero',
[36m(TaskRunner pid=531819)[0m                                'merge': False,
[36m(TaskRunner pid=531819)[0m                                'rank': 0,
[36m(TaskRunner pid=531819)[0m                                'target_modules': ['linear_qkv',
[36m(TaskRunner pid=531819)[0m                                                   'linear_proj',
[36m(TaskRunner pid=531819)[0m                                                   'linear_fc1',
[36m(TaskRunner pid=531819)[0m                                                   'linear_fc2'],
[36m(TaskRunner pid=531819)[0m                                'type': 'lora'},
[36m(TaskRunner pid=531819)[0m                       'lora_adapter_path': None,
[36m(TaskRunner pid=531819)[0m                       'lora_alpha': 16,
[36m(TaskRunner pid=531819)[0m                       'lora_rank': 0,
[36m(TaskRunner pid=531819)[0m                       'mtp': {'_target_': 'verl.workers.config.MtpConfig',
[36m(TaskRunner pid=531819)[0m                               'detach_encoder': False,
[36m(TaskRunner pid=531819)[0m                               'enable': False,
[36m(TaskRunner pid=531819)[0m                               'enable_rollout': False,
[36m(TaskRunner pid=531819)[0m                               'enable_train': False,
[36m(TaskRunner pid=531819)[0m                               'method': 'mtp',
[36m(TaskRunner pid=531819)[0m                               'mtp_loss_scaling_factor': 0.1,
[36m(TaskRunner pid=531819)[0m                               'num_speculative_tokens': 1,
[36m(TaskRunner pid=531819)[0m                               'speculative_algorithm': 'EAGLE',
[36m(TaskRunner pid=531819)[0m                               'speculative_eagle_topk': 1,
[36m(TaskRunner pid=531819)[0m                               'speculative_num_draft_tokens': 4,
[36m(TaskRunner pid=531819)[0m                               'speculative_num_steps': 3},
[36m(TaskRunner pid=531819)[0m                       'override_config': {},
[36m(TaskRunner pid=531819)[0m                       'path': '~/models/deepseek-llm-7b-chat',
[36m(TaskRunner pid=531819)[0m                       'target_modules': 'all-linear',
[36m(TaskRunner pid=531819)[0m                       'tiled_mlp': {'enabled': False, 'num_shards': 4},
[36m(TaskRunner pid=531819)[0m                       'tokenizer_path': None,
[36m(TaskRunner pid=531819)[0m                       'trust_remote_code': False,
[36m(TaskRunner pid=531819)[0m                       'use_fused_kernels': False,
[36m(TaskRunner pid=531819)[0m                       'use_liger': False,
[36m(TaskRunner pid=531819)[0m                       'use_remove_padding': True,
[36m(TaskRunner pid=531819)[0m                       'use_shm': False},
[36m(TaskRunner pid=531819)[0m             'optim': {'_target_': 'verl.workers.config.FSDPOptimizerConfig',
[36m(TaskRunner pid=531819)[0m                       'betas': [0.9, 0.999],
[36m(TaskRunner pid=531819)[0m                       'clip_grad': 1.0,
[36m(TaskRunner pid=531819)[0m                       'lr': 1e-05,
[36m(TaskRunner pid=531819)[0m                       'lr_scheduler_type': 'constant',
[36m(TaskRunner pid=531819)[0m                       'lr_warmup_steps': -1,
[36m(TaskRunner pid=531819)[0m                       'lr_warmup_steps_ratio': 0.0,
[36m(TaskRunner pid=531819)[0m                       'min_lr_ratio': 0.0,
[36m(TaskRunner pid=531819)[0m                       'num_cycles': 0.5,
[36m(TaskRunner pid=531819)[0m                       'optimizer': 'AdamW',
[36m(TaskRunner pid=531819)[0m                       'optimizer_impl': 'torch.optim',
[36m(TaskRunner pid=531819)[0m                       'override_optimizer_config': None,
[36m(TaskRunner pid=531819)[0m                       'total_training_steps': -1,
[36m(TaskRunner pid=531819)[0m                       'warmup_style': None,
[36m(TaskRunner pid=531819)[0m                       'weight_decay': 0.01,
[36m(TaskRunner pid=531819)[0m                       'zero_indexed_step': True},
[36m(TaskRunner pid=531819)[0m             'ppo_epochs': 1,
[36m(TaskRunner pid=531819)[0m             'ppo_max_token_len_per_gpu': 32768,
[36m(TaskRunner pid=531819)[0m             'ppo_micro_batch_size': None,
[36m(TaskRunner pid=531819)[0m             'ppo_micro_batch_size_per_gpu': None,
[36m(TaskRunner pid=531819)[0m             'ppo_mini_batch_size': 8,
[36m(TaskRunner pid=531819)[0m             'profiler': {'_target_': 'verl.utils.profiler.ProfilerConfig',
[36m(TaskRunner pid=531819)[0m                          'all_ranks': False,
[36m(TaskRunner pid=531819)[0m                          'enable': False,
[36m(TaskRunner pid=531819)[0m                          'ranks': [],
[36m(TaskRunner pid=531819)[0m                          'save_path': 'outputs/profile',
[36m(TaskRunner pid=531819)[0m                          'tool': None,
[36m(TaskRunner pid=531819)[0m                          'tool_config': {'npu': {'_target_': 'verl.utils.profiler.config.NPUToolConfig',
[36m(TaskRunner pid=531819)[0m                                                  'analysis': True,
[36m(TaskRunner pid=531819)[0m                                                  'contents': [],
[36m(TaskRunner pid=531819)[0m                                                  'discrete': False,
[36m(TaskRunner pid=531819)[0m                                                  'level': 'level0'},
[36m(TaskRunner pid=531819)[0m                                          'nsys': {'_target_': 'verl.utils.profiler.config.NsightToolConfig',
[36m(TaskRunner pid=531819)[0m                                                   'discrete': False},
[36m(TaskRunner pid=531819)[0m                                          'precision_debugger': {'_target_': 'verl.utils.profiler.config.PrecisionDebuggerToolConfig',
[36m(TaskRunner pid=531819)[0m                                                                 'config_path': None,
[36m(TaskRunner pid=531819)[0m                                                                 'stages': None,
[36m(TaskRunner pid=531819)[0m                                                                 'steps': None,
[36m(TaskRunner pid=531819)[0m                                                                 'strict': False},
[36m(TaskRunner pid=531819)[0m                                          'torch': {'_target_': 'verl.utils.profiler.config.TorchProfilerToolConfig',
[36m(TaskRunner pid=531819)[0m                                                    'contents': [],
[36m(TaskRunner pid=531819)[0m                                                    'discrete': False},
[36m(TaskRunner pid=531819)[0m                                          'torch_memory': {'_target_': 'verl.utils.profiler.config.TorchMemoryToolConfig',
[36m(TaskRunner pid=531819)[0m                                                           'stack_depth': 32,
[36m(TaskRunner pid=531819)[0m                                                           'trace_alloc_max_entries': 100000}}},
[36m(TaskRunner pid=531819)[0m             'rollout_n': 8,
[36m(TaskRunner pid=531819)[0m             'shuffle': False,
[36m(TaskRunner pid=531819)[0m             'strategy': 'fsdp',
[36m(TaskRunner pid=531819)[0m             'ulysses_sequence_parallel_size': 1,
[36m(TaskRunner pid=531819)[0m             'use_dynamic_bsz': False},
[36m(TaskRunner pid=531819)[0m  'data': {'apply_chat_template_kwargs': {},
[36m(TaskRunner pid=531819)[0m           'audio_key': 'audios',
[36m(TaskRunner pid=531819)[0m           'custom_cls': {'name': None, 'path': None},
[36m(TaskRunner pid=531819)[0m           'dataloader_num_workers': 8,
[36m(TaskRunner pid=531819)[0m           'filter_overlong_prompts': True,
[36m(TaskRunner pid=531819)[0m           'filter_overlong_prompts_workers': 1,
[36m(TaskRunner pid=531819)[0m           'function_tool_path': None,
[36m(TaskRunner pid=531819)[0m           'image_key': 'images',
[36m(TaskRunner pid=531819)[0m           'image_patch_size': 14,
[36m(TaskRunner pid=531819)[0m           'max_prompt_length': 1024,
[36m(TaskRunner pid=531819)[0m           'max_response_length': 256,
[36m(TaskRunner pid=531819)[0m           'mm_processor_kwargs': {},
[36m(TaskRunner pid=531819)[0m           'prompt_key': 'prompt',
[36m(TaskRunner pid=531819)[0m           'return_full_prompt': False,
[36m(TaskRunner pid=531819)[0m           'return_multi_modal_inputs': True,
[36m(TaskRunner pid=531819)[0m           'return_raw_chat': True,
[36m(TaskRunner pid=531819)[0m           'return_raw_input_ids': False,
[36m(TaskRunner pid=531819)[0m           'reward_fn_key': 'data_source',
[36m(TaskRunner pid=531819)[0m           'seed': None,
[36m(TaskRunner pid=531819)[0m           'shuffle': True,
[36m(TaskRunner pid=531819)[0m           'tokenizer': None,
[36m(TaskRunner pid=531819)[0m           'tool_config_path': None,
[36m(TaskRunner pid=531819)[0m           'train_batch_size': 8,
[36m(TaskRunner pid=531819)[0m           'train_files': 'track_a/grpo_bench/data/train.parquet',
[36m(TaskRunner pid=531819)[0m           'train_max_samples': -1,
[36m(TaskRunner pid=531819)[0m           'truncation': 'right',
[36m(TaskRunner pid=531819)[0m           'trust_remote_code': False,
[36m(TaskRunner pid=531819)[0m           'use_shm': False,
[36m(TaskRunner pid=531819)[0m           'val_batch_size': None,
[36m(TaskRunner pid=531819)[0m           'val_files': 'track_a/grpo_bench/data/val.parquet',
[36m(TaskRunner pid=531819)[0m           'val_max_samples': -1,
[36m(TaskRunner pid=531819)[0m           'validation_shuffle': False,
[36m(TaskRunner pid=531819)[0m           'video_key': 'videos'},
[36m(TaskRunner pid=531819)[0m  'distillation': {'_target_': 'verl.workers.config.DistillationConfig',
[36m(TaskRunner pid=531819)[0m                   'distillation_loss': {'_target_': 'verl.workers.config.DistillationLossConfig',
[36m(TaskRunner pid=531819)[0m                                         'clip_ratio': 0.2,
[36m(TaskRunner pid=531819)[0m                                         'clip_ratio_high': 0.2,
[36m(TaskRunner pid=531819)[0m                                         'clip_ratio_low': 0.2,
[36m(TaskRunner pid=531819)[0m                                         'distillation_loss_coef': 1.0,
[36m(TaskRunner pid=531819)[0m                                         'log_prob_min_clamp': None,
[36m(TaskRunner pid=531819)[0m                                         'loss_max_clamp': None,
[36m(TaskRunner pid=531819)[0m                                         'loss_mode': 'k3',
[36m(TaskRunner pid=531819)[0m                                         'policy_loss_mode': 'vanilla',
[36m(TaskRunner pid=531819)[0m                                         'topk': 32,
[36m(TaskRunner pid=531819)[0m                                         'use_policy_gradient': False,
[36m(TaskRunner pid=531819)[0m                                         'use_task_rewards': True},
[36m(TaskRunner pid=531819)[0m                   'enabled': False,
[36m(TaskRunner pid=531819)[0m                   'n_gpus_per_node': 8,
[36m(TaskRunner pid=531819)[0m                   'nnodes': 0,
[36m(TaskRunner pid=531819)[0m                   'teacher_key': 'data_source',
[36m(TaskRunner pid=531819)[0m                   'teacher_models': {'teacher_model': {'_target_': 'verl.workers.config.DistillationTeacherModelConfig',
[36m(TaskRunner pid=531819)[0m                                                        'inference': {'_target_': 'verl.workers.config.RolloutConfig',
[36m(TaskRunner pid=531819)[0m                                                                      'cudagraph_capture_sizes': None,
[36m(TaskRunner pid=531819)[0m                                                                      'data_parallel_size': 1,
[36m(TaskRunner pid=531819)[0m                                                                      'disable_log_stats': True,
[36m(TaskRunner pid=531819)[0m                                                                      'dtype': 'bfloat16',
[36m(TaskRunner pid=531819)[0m                                                                      'enable_chunked_prefill': True,
[36m(TaskRunner pid=531819)[0m                                                                      'enable_prefix_caching': True,
[36m(TaskRunner pid=531819)[0m                                                                      'enforce_eager': True,
[36m(TaskRunner pid=531819)[0m                                                                      'engine_kwargs': {},
[36m(TaskRunner pid=531819)[0m                                                                      'expert_parallel_size': 1,
[36m(TaskRunner pid=531819)[0m                                                                      'free_cache_engine': True,
[36m(TaskRunner pid=531819)[0m                                                                      'gpu_memory_utilization': 0.5,
[36m(TaskRunner pid=531819)[0m                                                                      'limit_images': None,
[36m(TaskRunner pid=531819)[0m                                                                      'load_format': 'auto',
[36m(TaskRunner pid=531819)[0m                                                                      'max_model_len': None,
[36m(TaskRunner pid=531819)[0m                                                                      'max_num_batched_tokens': 8192,
[36m(TaskRunner pid=531819)[0m                                                                      'max_num_seqs': 1024,
[36m(TaskRunner pid=531819)[0m                                                                      'name': 'vllm',
[36m(TaskRunner pid=531819)[0m                                                                      'prompt_length': 1024,
[36m(TaskRunner pid=531819)[0m                                                                      'response_length': 256,
[36m(TaskRunner pid=531819)[0m                                                                      'skip_tokenizer_init': True,
[36m(TaskRunner pid=531819)[0m                                                                      'temperature': 1.0,
[36m(TaskRunner pid=531819)[0m                                                                      'tensor_model_parallel_size': 2},
[36m(TaskRunner pid=531819)[0m                                                        'key': None,
[36m(TaskRunner pid=531819)[0m                                                        'model_path': None,
[36m(TaskRunner pid=531819)[0m                                                        'num_replicas': 0}}},
[36m(TaskRunner pid=531819)[0m  'global_profiler': {'_target_': 'verl.utils.profiler.ProfilerConfig',
[36m(TaskRunner pid=531819)[0m                      'global_tool_config': {'nsys': {'_target_': 'verl.utils.profiler.config.NsightToolConfig',
[36m(TaskRunner pid=531819)[0m                                                      'controller_nsight_options': {'cuda-graph-trace': 'graph',
[36m(TaskRunner pid=531819)[0m                                                                                    'cuda-memory-usage': 'true',
[36m(TaskRunner pid=531819)[0m                                                                                    'trace': 'cuda,nvtx,cublas,ucx'},
[36m(TaskRunner pid=531819)[0m                                                      'discrete': False,
[36m(TaskRunner pid=531819)[0m                                                      'worker_nsight_options': {'capture-range': 'cudaProfilerApi',
[36m(TaskRunner pid=531819)[0m                                                                                'capture-range-end': None,
[36m(TaskRunner pid=531819)[0m                                                                                'cuda-graph-trace': 'graph',
[36m(TaskRunner pid=531819)[0m                                                                                'cuda-memory-usage': 'true',
[36m(TaskRunner pid=531819)[0m                                                                                'kill': 'none',
[36m(TaskRunner pid=531819)[0m                                                                                'trace': 'cuda,nvtx,cublas,ucx'}},
[36m(TaskRunner pid=531819)[0m                                             'precision_debugger': {'_target_': 'verl.utils.profiler.config.PrecisionDebuggerToolConfig',
[36m(TaskRunner pid=531819)[0m                                                                    'config_path': None,
[36m(TaskRunner pid=531819)[0m                                                                    'stages': None,
[36m(TaskRunner pid=531819)[0m                                                                    'steps': None,
[36m(TaskRunner pid=531819)[0m                                                                    'strict': False},
[36m(TaskRunner pid=531819)[0m                                             'torch_memory': {'context': 'all',
[36m(TaskRunner pid=531819)[0m                                                              'kw_args': {},
[36m(TaskRunner pid=531819)[0m                                                              'stack_depth': 32,
[36m(TaskRunner pid=531819)[0m                                                              'stacks': 'all',
[36m(TaskRunner pid=531819)[0m                                                              'trace_alloc_max_entries': 100000}},
[36m(TaskRunner pid=531819)[0m                      'profile_continuous_steps': False,
[36m(TaskRunner pid=531819)[0m                      'save_path': 'outputs/profile',
[36m(TaskRunner pid=531819)[0m                      'steps': None,
[36m(TaskRunner pid=531819)[0m                      'tool': None},
[36m(TaskRunner pid=531819)[0m  'model_engine': 'dp',
[36m(TaskRunner pid=531819)[0m  'ray_kwargs': {'ray_init': {'num_cpus': None}, 'timeline_json_file': None},
[36m(TaskRunner pid=531819)[0m  'reward': {'_target_': 'verl.workers.config.RewardConfig',
[36m(TaskRunner pid=531819)[0m             'custom_reward_function': {'name': 'compute_score',
[36m(TaskRunner pid=531819)[0m                                        'path': '/home/hyin66/es-fine-tuning-paper/experiments/2026-07-24_es_improvement/es_bench/grpo/reward_logged.py'},
[36m(TaskRunner pid=531819)[0m             'num_workers': 8,
[36m(TaskRunner pid=531819)[0m             'reward_manager': {'_target_': 'verl.workers.config.reward.RewardManagerConfig',
[36m(TaskRunner pid=531819)[0m                                'module': {'_target_': 'verl.trainer.config.config.ModuleConfig',
[36m(TaskRunner pid=531819)[0m                                           'name': 'custom_reward_manager',
[36m(TaskRunner pid=531819)[0m                                           'path': None},
[36m(TaskRunner pid=531819)[0m                                'name': 'naive',
[36m(TaskRunner pid=531819)[0m                                'source': 'register'},
[36m(TaskRunner pid=531819)[0m             'reward_model': {'_target_': 'verl.workers.config.RewardModelConfig',
[36m(TaskRunner pid=531819)[0m                              'enable': False,
[36m(TaskRunner pid=531819)[0m                              'enable_resource_pool': False,
[36m(TaskRunner pid=531819)[0m                              'model_path': None,
[36m(TaskRunner pid=531819)[0m                              'n_gpus_per_node': 8,
[36m(TaskRunner pid=531819)[0m                              'nnodes': 0,
[36m(TaskRunner pid=531819)[0m                              'rollout': {'_target_': 'verl.workers.config.RolloutConfig',
[36m(TaskRunner pid=531819)[0m                                          'cudagraph_capture_sizes': None,
[36m(TaskRunner pid=531819)[0m                                          'data_parallel_size': 1,
[36m(TaskRunner pid=531819)[0m                                          'disable_log_stats': True,
[36m(TaskRunner pid=531819)[0m                                          'disaggregation': {'bootstrap_port': None,
[36m(TaskRunner pid=531819)[0m                                                             'decode_replicas': 1,
[36m(TaskRunner pid=531819)[0m                                                             'decode_tensor_model_parallel_size': None,
[36m(TaskRunner pid=531819)[0m                                                             'enabled': False,
[36m(TaskRunner pid=531819)[0m                                                             'ib_device': None,
[36m(TaskRunner pid=531819)[0m                                                             'prefill_replicas': 1,
[36m(TaskRunner pid=531819)[0m                                                             'transfer_backend': 'nixl'},
[36m(TaskRunner pid=531819)[0m                                          'do_sample': True,
[36m(TaskRunner pid=531819)[0m                                          'dtype': 'bfloat16',
[36m(TaskRunner pid=531819)[0m                                          'enable_chunked_prefill': True,
[36m(TaskRunner pid=531819)[0m                                          'enable_prefix_caching': True,
[36m(TaskRunner pid=531819)[0m                                          'enforce_eager': True,
[36m(TaskRunner pid=531819)[0m                                          'engine_kwargs': {},
[36m(TaskRunner pid=531819)[0m                                          'expert_parallel_size': 1,
[36m(TaskRunner pid=531819)[0m                                          'free_cache_engine': True,
[36m(TaskRunner pid=531819)[0m                                          'gpu_memory_utilization': 0.5,
[36m(TaskRunner pid=531819)[0m                                          'ignore_eos': False,
[36m(TaskRunner pid=531819)[0m                                          'layered_summon': False,
[36m(TaskRunner pid=531819)[0m                                          'limit_images': None,
[36m(TaskRunner pid=531819)[0m                                          'load_format': 'auto',
[36m(TaskRunner pid=531819)[0m                                          'max_model_len': None,
[36m(TaskRunner pid=531819)[0m                                          'max_num_batched_tokens': 8192,
[36m(TaskRunner pid=531819)[0m                                          'max_num_seqs': 1024,
[36m(TaskRunner pid=531819)[0m                                          'mtp': None,
[36m(TaskRunner pid=531819)[0m                                          'multi_stage_wake_up': False,
[36m(TaskRunner pid=531819)[0m                                          'n': 1,
[36m(TaskRunner pid=531819)[0m                                          'name': '???',
[36m(TaskRunner pid=531819)[0m                                          'pipeline_model_parallel_size': 1,
[36m(TaskRunner pid=531819)[0m /home/hyin66/micromamba/envs/verl/lib/python3.10/site-packages/verl/trainer/main_ppo.py:258: UserWarning: Disabled critic as algorithm.adv_estimator != gae. If it is not intended, please set critic.enable=True
[36m(TaskRunner pid=531819)[0m   use_critic=need_critic(config),
[36m(TaskRunner pid=531819)[0m Filtering prompts longer than 1024 tokens (num_proc=1):   0%|          | 0/2000 [00:00<?, ? examples/s]
[36m(TaskRunner pid=531819)[0m Filtering prompts longer than 1024 tokens (num_proc=1):  50%|█████     | 1000/2000 [00:00<00:00, 1758.02 examples/s]
[36m(TaskRunner pid=531819)[0m Filtering prompts longer than 1024 tokens (num_proc=1): 100%|██████████| 2000/2000 [00:00<00:00, 2962.71 examples/s]
[36m(TaskRunner pid=531819)[0m Filtering prompts longer than 1024 tokens (num_proc=1): 100%|██████████| 2000/2000 [00:00<00:00, 2336.96 examples/s]
[36m(TaskRunner pid=531819)[0m Filtering prompts longer than 1024 tokens (num_proc=1):   0%|          | 0/200 [00:00<?, ? examples/s]
[36m(TaskRunner pid=531819)[0m Filtering prompts longer than 1024 tokens (num_proc=1): 100%|██████████| 200/200 [00:00<00:00, 465.55 examples/s]
[36m(TaskRunner pid=531819)[0m Filtering prompts longer than 1024 tokens (num_proc=1): 100%|██████████| 200/200 [00:00<00:00, 371.44 examples/s]
[36m(TaskRunner pid=531819)[0m /home/hyin66/micromamba/envs/verl/lib/python3.10/site-packages/verl/trainer/main_ppo.py:299: FutureWarning: Warning: Class 'verl.trainer.ppo.ray_trainer.RayPPOTrainer' is deprecated. Please use 'main_ppo.py is deprecated, and wil be replaced by main_ppo_sync.py in v0.8.0, please use main_ppo_sync.py instead.' instead.
[36m(TaskRunner pid=531819)[0m   trainer = RayPPOTrainer(
[36m(TaskRunner pid=531819)[0m /home/hyin66/micromamba/envs/verl/lib/python3.10/site-packages/verl/trainer/ppo/ray_trainer.py:348: UserWarning: Disabled critic as algorithm.adv_estimator != gae. If it is not intended, please set critic.enable=True
[36m(TaskRunner pid=531819)[0m   self.use_critic = need_critic(self.config)
[36m(WorkerDict pid=532349)[0m /home/hyin66/micromamba/envs/verl/lib/python3.10/site-packages/verl/workers/engine/mindspeed/transformer_impl.py:24: UserWarning: NPU not support router replay for now.
[36m(WorkerDict pid=532349)[0m   from verl.utils.megatron.router_replay_patch import RouterReplay
[36m(WorkerDict pid=532349)[0m `torch_dtype` is deprecated! Use `dtype` instead!
[36m(WorkerDict pid=532349)[0m Flash Attention 2 only supports torch.float16 and torch.bfloat16 dtypes, but the current dype in Qwen2ForCausalLM is torch.float32. You should run training or inference using Automatic Mixed-Precision via the `with torch.autocast(device_type='torch_device'):` decorator, or load the model with the `dtype` argument. Example: `model = AutoModel.from_pretrained("openai/whisper-tiny", attn_implementation="flash_attention_2", dtype=torch.float16)`
[36m(WorkerDict pid=532349)[0m Flash Attention 2 only supports torch.float16 and torch.bfloat16 dtypes, but the current dype in Qwen2Model is torch.float32. You should run training or inference using Automatic Mixed-Precision via the `with torch.autocast(device_type='torch_device'):` decorator, or load the model with the `dtype` argument. Example: `model = AutoModel.from_pretrained("openai/whisper-tiny", attn_implementation="flash_attention_2", dtype=torch.float16)`
[36m(WorkerDict pid=532349)[0m Loading checkpoint shards:   0%|          | 0/2 [00:00<?, ?it/s]
[36m(WorkerDict pid=532349)[0m Loading checkpoint shards:  50%|█████     | 1/2 [00:02<00:02,  2.46s/it]
[36m(WorkerDict pid=532349)[0m Loading checkpoint shards: 100%|██████████| 2/2 [00:03<00:00,  1.79s/it]Loading checkpoint shards: 100%|██████████| 2/2 [00:03<00:00,  1.89s/it]
[36m(WorkerDict pid=532349)[0m /home/hyin66/micromamba/envs/verl/lib/python3.10/site-packages/torch/distributed/fsdp/_init_utils.py:430: UserWarning: FSDP is switching to use `NO_SHARD` instead of ShardingStrategy.FULL_SHARD since the world size is 1.
[36m(WorkerDict pid=532349)[0m   warnings.warn(
[36m(WorkerDict pid=532349)[0m /home/hyin66/micromamba/envs/verl/lib/python3.10/site-packages/torch/distributed/fsdp/fully_sharded_data_parallel.py:678: FutureWarning: FSDP.state_dict_type() and FSDP.set_state_dict_type() are being deprecated. Please use APIs, get_state_dict() and set_state_dict(), which can support different parallelisms, FSDP1, FSDP2, DDP. API doc: https://pytorch.org/docs/stable/distributed.checkpoint.html#torch.distributed.checkpoint.state_dict.get_state_dict .Tutorial: https://pytorch.org/tutorials/recipes/distributed_checkpoint_recipe.html .
[36m(WorkerDict pid=532349)[0m   warnings.warn(
[36m(WorkerDict pid=532349)[0m Loading checkpoint shards:   0%|          | 0/2 [00:00<?, ?it/s]
[36m(WorkerDict pid=532349)[0m Loading checkpoint shards:  50%|█████     | 1/2 [00:01<00:01,  1.51s/it]
[36m(WorkerDict pid=532349)[0m Loading checkpoint shards: 100%|██████████| 2/2 [00:02<00:00,  1.12s/it]Loading checkpoint shards: 100%|██████████| 2/2 [00:02<00:00,  1.17s/it]
[36m(WorkerDict pid=532349)[0m /home/hyin66/micromamba/envs/verl/lib/python3.10/site-packages/torch/distributed/fsdp/_init_utils.py:430: UserWarning: FSDP is switching to use `NO_SHARD` instead of ShardingStrategy.FULL_SHARD since the world size is 1.
[36m(WorkerDict pid=532349)[0m   warnings.warn(
[36m(WorkerDict pid=532349)[0m /home/hyin66/micromamba/envs/verl/lib/python3.10/site-packages/torch/distributed/fsdp/fully_sharded_data_parallel.py:678: FutureWarning: FSDP.state_dict_type() and FSDP.set_state_dict_type() are being deprecated. Please use APIs, get_state_dict() and set_state_dict(), which can support different parallelisms, FSDP1, FSDP2, DDP. API doc: https://pytorch.org/docs/stable/distributed.checkpoint.html#torch.distributed.checkpoint.state_dict.get_state_dict .Tutorial: https://pytorch.org/tutorials/recipes/distributed_checkpoint_recipe.html .
[36m(WorkerDict pid=532349)[0m   warnings.warn(
[36m(TaskRunner pid=531819)[0m                                          'prompt_length': 2048,
[36m(TaskRunner pid=531819)[0m                                          'quantization': None,
[36m(TaskRunner pid=531819)[0m                                          'quantization_config_file': None,
[36m(TaskRunner pid=531819)[0m                                          'response_length': 2048,
[36m(TaskRunner pid=531819)[0m                                          'scheduling_policy': 'fcfs',
[36m(TaskRunner pid=531819)[0m                                          'skip_tokenizer_init': False,
[36m(TaskRunner pid=531819)[0m                                          'temperature': 1.0,
[36m(TaskRunner pid=531819)[0m                                          'tensor_model_parallel_size': 2,
[36m(TaskRunner pid=531819)[0m                                          'top_k': -1,
[36m(TaskRunner pid=531819)[0m                                          'top_p': 1}},
[36m(TaskRunner pid=531819)[0m             'sandbox_fusion': {'_target_': 'verl.workers.config.SandboxFusionConfig',
[36m(TaskRunner pid=531819)[0m                                'max_concurrent': 64,
[36m(TaskRunner pid=531819)[0m                                'memory_limit_mb': 1024,
[36m(TaskRunner pid=531819)[0m                                'url': None}},
[36m(TaskRunner pid=531819)[0m  'trainer': {'balance_batch': True,
[36m(TaskRunner pid=531819)[0m              'critic_warmup': 0,
[36m(TaskRunner pid=531819)[0m              'default_hdfs_dir': None,
[36m(TaskRunner pid=531819)[0m              'default_local_dir': 'track_a/grpo_bench/out_grpo_full',
[36m(TaskRunner pid=531819)[0m              'del_local_ckpt_after_load': False,
[36m(TaskRunner pid=531819)[0m              'device': 'cuda',
[36m(TaskRunner pid=531819)[0m              'esi_redundant_time': 0,
[36m(TaskRunner pid=531819)[0m              'experiment_name': 'grpo_full',
[36m(TaskRunner pid=531819)[0m              'log_val_generations': 0,
[36m(TaskRunner pid=531819)[0m              'logger': ['console'],
[36m(TaskRunner pid=531819)[0m              'max_actor_ckpt_to_keep': None,
[36m(TaskRunner pid=531819)[0m              'max_critic_ckpt_to_keep': None,
[36m(TaskRunner pid=531819)[0m              'n_gpus_per_node': 1,
[36m(TaskRunner pid=531819)[0m              'nnodes': 1,
[36m(TaskRunner pid=531819)[0m              'project_name': 'a0_grpo_bench',
[36m(TaskRunner pid=531819)[0m              'ray_wait_register_center_timeout': 300,
[36m(TaskRunner pid=531819)[0m              'resume_from_path': None,
[36m(TaskRunner pid=531819)[0m              'resume_mode': 'auto',
[36m(TaskRunner pid=531819)[0m              'rollout_data_dir': None,
[36m(TaskRunner pid=531819)[0m              'save_freq': -1,
[36m(TaskRunner pid=531819)[0m              'test_freq': -1,
[36m(TaskRunner pid=531819)[0m              'total_epochs': 1000,
[36m(TaskRunner pid=531819)[0m              'total_training_steps': 25,
[36m(TaskRunner pid=531819)[0m              'val_before_train': False,
[36m(TaskRunner pid=531819)[0m              'val_only': False,
[36m(TaskRunner pid=531819)[0m              'validation_data_dir': None},
[36m(TaskRunner pid=531819)[0m  'transfer_queue': {'backend': {'MooncakeStore': {'auto_init': False,
[36m(TaskRunner pid=531819)[0m                                                   'device_name': '',
[36m(TaskRunner pid=531819)[0m                                                   'global_segment_size': 4294967296,
[36m(TaskRunner pid=531819)[0m                                                   'local_buffer_size': 1073741824,
[36m(TaskRunner pid=531819)[0m                                                   'local_hostname': 'localhost',
[36m(TaskRunner pid=531819)[0m                                                   'master_server_address': 'localhost:50124',
[36m(TaskRunner pid=531819)[0m                                                   'metadata_server': 'localhost:50123',
[36m(TaskRunner pid=531819)[0m                                                   'protocol': 'tcp'},
[36m(TaskRunner pid=531819)[0m                                 'SimpleStorage': {'num_data_storage_units': 8,
[36m(TaskRunner pid=531819)[0m                                                   'total_storage_size': 100000},
[36m(TaskRunner pid=531819)[0m                                 'storage_backend': 'SimpleStorage'},
[36m(TaskRunner pid=531819)[0m                     'enable': False,
[36m(TaskRunner pid=531819)[0m                     'metrics': {'enabled': False, 'port': 0}}}
[36m(TaskRunner pid=531819)[0m [validate_config] All configuration checks passed successfully!
[36m(TaskRunner pid=531819)[0m Using dataset class: RLHFDataset
[36m(TaskRunner pid=531819)[0m dataset len: 2000
[36m(TaskRunner pid=531819)[0m filter dataset len: 2000
[36m(TaskRunner pid=531819)[0m Using dataset class: RLHFDataset
[36m(TaskRunner pid=531819)[0m dataset len: 200
[36m(TaskRunner pid=531819)[0m filter dataset len: 200
[36m(TaskRunner pid=531819)[0m Size of train dataloader: 250, Size of val dataloader: 1
[36m(TaskRunner pid=531819)[0m Total training steps: 25
[36m(TaskRunner pid=531819)[0m colocated worker base class <class 'verl.single_controller.base.worker.Worker'>
[36m(WorkerDict pid=532349)[0m [Gloo] Rank 0 is connected to 0 peer ranks. Expected number of connected peer ranks is : 0
[36m(WorkerDict pid=532349)[0m Warning: Failed to set NUMA affinity: libnuma.so: cannot open shared object file: No such file or directory
[36m(WorkerDict pid=532349)[0m Monkey patch _flash_attention_forward in transformers.integrations.flash_attention
[36m(WorkerDict pid=532349)[0m Skipping monkey patch for Qwen2ForCausalLM as use_fused_kernels is False or fused_kernels_backend is torch
[36m(WorkerDict pid=532349)[0m Qwen2ForCausalLM contains 3.09B parameters
[36m(WorkerDict pid=532349)[0m Before FSDP, memory allocated (GB): 0.00, memory reserved (GB): 0.00, device memory used/total (GB): 0.51/139.80
[36m(WorkerDict pid=532349)[0m After FSDP, memory allocated (GB): 11.50, memory reserved (GB): 13.02, device memory used/total (GB): 14.16/139.80
[36m(WorkerDict pid=532349)[0m Warning: Failed to set NUMA affinity: libnuma.so: cannot open shared object file: No such file or directory
[36m(WorkerDict pid=532349)[0m Monkey patch _flash_attention_forward in transformers.integrations.flash_attention
[36m(WorkerDict pid=532349)[0m Skipping monkey patch for Qwen2ForCausalLM as use_fused_kernels is False or fused_kernels_backend is torch
[36m(WorkerDict pid=532349)[0m Qwen2ForCausalLM contains 3.09B parameters
[36m(WorkerDict pid=532349)[0m Before FSDP, memory allocated (GB): 11.50, memory reserved (GB): 13.02, device memory used/total (GB): 14.16/139.80
[36m(WorkerDict pid=532349)[0m After FSDP, memory allocated (GB): 22.99, memory reserved (GB): 24.59, device memory used/total (GB): 25.73/139.80
[36m(WorkerDict pid=532349)[0m Total steps: 25, num_warmup_steps: 0
[36m(WorkerDict pid=532349)[0m NCCL version 2.27.3+cuda12.9
[36m(WorkerDict pid=532349)[0m [Gloo] Rank 0 is connected to 0 peer ranks. Expected number of connected peer ranks is : 0
[36m(WorkerDict pid=532349)[0m [Gloo] Rank 0 is connected to 0 peer ranks. Expected number of connected peer ranks is : 0
[36m(WorkerDict pid=532349)[0m [Gloo] Rank 0 is connected to 0 peer ranks. Expected number of connected peer ranks is : 0
[36m(TaskRunner pid=531819)[0m WARNING 07-24 03:18:33 [api_server.py:1213] LoRA dynamic loading & unloading is enabled in the API server. This should ONLY be used for local development!
[36m(pid=533387)[0m WARNING 07-24 03:19:02 [api_server.py:1213] LoRA dynamic loading & unloading is enabled in the API server. This should ONLY be used for local development!
[36m(vLLMHttpServer pid=533387)[0m ['serve',
[36m(vLLMHttpServer pid=533387)[0m  'Qwen/Qwen2.5-3B-Instruct',
[36m(vLLMHttpServer pid=533387)[0m  '--dtype',
[36m(vLLMHttpServer pid=533387)[0m  'bfloat16',
[36m(vLLMHttpServer pid=533387)[0m  '--load_format',
[36m(vLLMHttpServer pid=533387)[0m WARNING:2026-07-24 03:19:05,132:agent loop only support torch and npu profiler, got None
[36m(vLLMHttpServer pid=533387)[0m INFO:2026-07-24 03:19:05,132:vLLMHttpServer, replica_rank: 0, node_rank: 0, CUDA_VISIBLE_DEVICES: 0, master_address: 10.233.74.176, master_port: 35713, data_parallel_rpc_port: 45767, data_parallel_master_port: 38003
[36m(vLLMHttpServer pid=533387)[0m INFO:2026-07-24 03:19:05,139:override_generation_config: {'temperature': 1.0, 'top_k': -1, 'top_p': 1, 'repetition_penalty': 1.0, 'max_new_tokens': 256}
[36m(vLLMHttpServer pid=533387)[0m INFO:2026-07-24 03:19:05,139:enable_sleep_mode: True
[36m(vLLMHttpServer pid=533387)[0m `torch_dtype` is deprecated! Use `dtype` instead!
[36m(vLLMHttpServer pid=533387)[0m [1;36m(Worker pid=534034)[0;0m Capturing CUDA graphs (mixed prefill-decode, PIECEWISE):   0%|          | 0/67 [00:00<?, ?it/s]
[36m(vLLMHttpServer pid=533387)[0m Capturing CUDA graphs (mixed prefill-decode, PIECEWISE):   7%|▋         | 5/67 [00:00<00:01, 49.75it/s]
[36m(vLLMHttpServer pid=533387)[0m Capturing CUDA graphs (mixed prefill-decode, PIECEWISE):  15%|█▍        | 10/67 [00:00<00:01, 49.07it/s]
[36m(vLLMHttpServer pid=533387)[0m Capturing CUDA graphs (mixed prefill-decode, PIECEWISE):  24%|██▍       | 16/67 [00:00<00:01, 50.47it/s]
[36m(vLLMHttpServer pid=533387)[0m Capturing CUDA graphs (mixed prefill-decode, PIECEWISE):  33%|███▎      | 22/67 [00:00<00:00, 50.87it/s]
[36m(vLLMHttpServer pid=533387)[0m Capturing CUDA graphs (mixed prefill-decode, PIECEWISE):  42%|████▏     | 28/67 [00:00<00:00, 50.27it/s]
[36m(vLLMHttpServer pid=533387)[0m Capturing CUDA graphs (mixed prefill-decode, PIECEWISE):  51%|█████     | 34/67 [00:00<00:00, 49.40it/s]
[36m(vLLMHttpServer pid=533387)[0m Capturing CUDA graphs (mixed prefill-decode, PIECEWISE):  58%|█████▊    | 39/67 [00:00<00:00, 48.56it/s]
[36m(vLLMHttpServer pid=533387)[0m Capturing CUDA graphs (mixed prefill-decode, PIECEWISE):  66%|██████▌   | 44/67 [00:00<00:00, 48.06it/s]
[36m(vLLMHttpServer pid=533387)[0m Capturing CUDA graphs (mixed prefill-decode, PIECEWISE):  73%|███████▎  | 49/67 [00:01<00:00, 47.11it/s]
[36m(vLLMHttpServer pid=533387)[0m Capturing CUDA graphs (mixed prefill-decode, PIECEWISE):  81%|████████  | 54/67 [00:01<00:00, 45.53it/s]
[36m(vLLMHttpServer pid=533387)[0m Capturing CUDA graphs (mixed prefill-decode, PIECEWISE):  88%|████████▊ | 59/67 [00:01<00:00, 44.66it/s]
[36m(vLLMHttpServer pid=533387)[0m Capturing CUDA graphs (mixed prefill-decode, PIECEWISE):  96%|█████████▌| 64/67 [00:01<00:00, 45.29it/s]
[36m(vLLMHttpServer pid=533387)[0m Capturing CUDA graphs (mixed prefill-decode, PIECEWISE): 100%|██████████| 67/67 [00:01<00:00, 47.27it/s]
[36m(vLLMHttpServer pid=533387)[0m [1;36m(Worker pid=534034)[0;0m Capturing CUDA graphs (decode, FULL):   0%|          | 0/67 [00:00<?, ?it/s]
[36m(vLLMHttpServer pid=533387)[0m Capturing CUDA graphs (decode, FULL):   9%|▉         | 6/67 [00:00<00:01, 54.20it/s]
[36m(vLLMHttpServer pid=533387)[0m Capturing CUDA graphs (decode, FULL):  19%|█▉        | 13/67 [00:00<00:00, 58.30it/s]
[36m(vLLMHttpServer pid=533387)[0m Capturing CUDA graphs (decode, FULL):  30%|██▉       | 20/67 [00:00<00:00, 60.65it/s]
[36m(vLLMHttpServer pid=533387)[0m Capturing CUDA graphs (decode, FULL):  40%|████      | 27/67 [00:00<00:00, 62.57it/s]
[36m(vLLMHttpServer pid=533387)[0m Capturing CUDA graphs (decode, FULL):  51%|█████     | 34/67 [00:00<00:00, 64.09it/s]
[36m(vLLMHttpServer pid=533387)[0m Capturing CUDA graphs (decode, FULL):  61%|██████    | 41/67 [00:00<00:00, 65.27it/s]
[36m(vLLMHttpServer pid=533387)[0m Capturing CUDA graphs (decode, FULL):  72%|███████▏  | 48/67 [00:00<00:00, 66.71it/s]
[36m(vLLMHttpServer pid=533387)[0m Capturing CUDA graphs (decode, FULL):  84%|████████▎ | 56/67 [00:00<00:00, 68.18it/s]
[36m(vLLMHttpServer pid=533387)[0m Capturing CUDA graphs (decode, FULL):  96%|█████████▌| 64/67 [00:00<00:00, 69.33it/s]Capturing CUDA graphs (decode, FULL): 100%|██████████| 67/67 [00:01<00:00, 65.99it/s]
[36m(vLLMHttpServer pid=533387)[0m INFO:2026-07-24 03:20:14,088:Initializing a V1 LLM engine with config: model='Qwen/Qwen2.5-3B-Instruct', speculative_config=None, tokenizer='Qwen/Qwen2.5-3B-Instruct', skip_tokenizer_init=False, tokenizer_mode=auto, revision=None, tokenizer_revision=None, trust_remote_code=False, dtype=torch.bfloat16, max_seq_len=32768, download_dir=None, load_format=dummy, tensor_parallel_size=1, pipeline_parallel_size=1, data_parallel_size=1, disable_custom_all_reduce=False, quantization=None, enforce_eager=False, kv_cache_dtype=auto, device_config=cuda, structured_outputs_config=StructuredOutputsConfig(backend='auto', disable_fallback=False, disable_any_whitespace=False, disable_additional_properties=False, reasoning_parser=''), observability_config=ObservabilityConfig(show_hidden_metrics_for_version=None, otlp_traces_endpoint=None, collect_detailed_traces=None), seed=0, served_model_name=Qwen/Qwen2.5-3B-Instruct, enable_prefix_caching=True, chunked_prefill_enabled=True, pooler_config=None, compilation_config={"level":3,"debug_dump_path":"","cache_dir":"","backend":"","custom_ops":[],"splitting_ops":["vllm.unified_attention","vllm.unified_attention_with_output","vllm.mamba_mixer2","vllm.mamba_mixer","vllm.short_conv","vllm.linear_attention","vllm.plamo2_mamba_mixer","vllm.gdn_attention","vllm.sparse_attn_indexer"],"use_inductor":true,"compile_sizes":[],"inductor_compile_config":{"enable_auto_functionalized_v2":false},"inductor_passes":{},"cudagraph_mode":[2,1],"use_cudagraph":true,"cudagraph_num_of_warmups":1,"cudagraph_capture_sizes":[512,504,496,488,480,472,464,456,448,440,432,424,416,408,400,392,384,376,368,360,352,344,336,328,320,312,304,296,288,280,272,264,256,248,240,232,224,216,208,200,192,184,176,168,160,152,144,136,128,120,112,104,96,88,80,72,64,56,48,40,32,24,16,8,4,2,1],"cudagraph_copy_inputs":false,"full_cuda_graph":false,"use_inductor_graph_partition":false,"pass_config":{},"max_capture_size":512,"local_cache_dir":null}
[36m(WorkerDict pid=532349)[0m /home/hyin66/micromamba/envs/verl/lib/python3.10/site-packages/torch/distributed/fsdp/_state_dict_utils.py:763: UserWarning: When using ``NO_SHARD`` for ``ShardingStrategy``, full_state_dict will be returned.
[36m(WorkerDict pid=532349)[0m   warnings.warn(
[36m(WorkerDict pid=532349)[0m /home/hyin66/micromamba/envs/verl/lib/python3.10/site-packages/torch/distributed/fsdp/_state_dict_utils.py:701: UserWarning: When using ``NO_SHARD`` for ``ShardingStrategy``, full_state_dict will be returned.
[36m(WorkerDict pid=532349)[0m   warnings.warn(
[36m(WorkerDict pid=532349)[0m INFO:2026-07-24 03:20:16,073:update_weights done, time cost: 0.52s
[36m(TaskRunner pid=531819)[0m Training Progress:   0%|          | 0/25 [00:00<?, ?it/s]
[36m(AgentLoopWorker pid=534559)[0m You're using a Qwen2TokenizerFast tokenizer. Please note that with a fast tokenizer, using the `__call__` method is faster than using a method to encode the text followed by a call to the `pad` method to get a padded encoding.
[36m(AgentLoopWorker pid=534561)[0m You're using a Qwen2TokenizerFast tokenizer. Please note that with a fast tokenizer, using the `__call__` method is faster than using a method to encode the text followed by a call to the `pad` method to get a padded encoding.
[36m(AgentLoopWorker pid=534563)[0m You're using a Qwen2TokenizerFast tokenizer. Please note that with a fast tokenizer, using the `__call__` method is faster than using a method to encode the text followed by a call to the `pad` method to get a padded encoding.
[36m(AgentLoopWorker pid=534564)[0m You're using a Qwen2TokenizerFast tokenizer. Please note that with a fast tokenizer, using the `__call__` method is faster than using a method to encode the text followed by a call to the `pad` method to get a padded encoding.
[36m(AgentLoopWorker pid=534560)[0m You're using a Qwen2TokenizerFast tokenizer. Please note that with a fast tokenizer, using the `__call__` method is faster than using a method to encode the text followed by a call to the `pad` method to get a padded encoding.
[36m(AgentLoopWorker pid=534557)[0m You're using a Qwen2TokenizerFast tokenizer. Please note that with a fast tokenizer, using the `__call__` method is faster than using a method to encode the text followed by a call to the `pad` method to get a padded encoding.
[36m(AgentLoopWorker pid=534566)[0m You're using a Qwen2TokenizerFast tokenizer. Please note that with a fast tokenizer, using the `__call__` method is faster than using a method to encode the text followed by a call to the `pad` method to get a padded encoding.
[36m(AgentLoopWorker pid=534562)[0m You're using a Qwen2TokenizerFast tokenizer. Please note that with a fast tokenizer, using the `__call__` method is faster than using a method to encode the text followed by a call to the `pad` method to get a padded encoding.
[36m(WorkerDict pid=532349)[0m INFO:2026-07-24 03:21:17,362:update_weights done, time cost: 0.58s
[36m(vLLMHttpServer pid=533387)[0m  'dummy',
[36m(vLLMHttpServer pid=533387)[0m  '--distributed_executor_backend',
[36m(vLLMHttpServer pid=533387)[0m  'mp',
[36m(vLLMHttpServer pid=533387)[0m  '--worker_extension_cls',
[36m(vLLMHttpServer pid=533387)[0m  'verl.workers.rollout.vllm_rollout.utils.vLLMColocateWorkerExtension',
[36m(vLLMHttpServer pid=533387)[0m  '--max_model_len',
[36m(vLLMHttpServer pid=533387)[0m  '32768',
[36m(vLLMHttpServer pid=533387)[0m  '--max_num_seqs',
[36m(vLLMHttpServer pid=533387)[0m  '1024',
[36m(vLLMHttpServer pid=533387)[0m  '--enable_chunked_prefill',
[36m(vLLMHttpServer pid=533387)[0m  '--max_num_batched_tokens',
[36m(vLLMHttpServer pid=533387)[0m  '8192',
[36m(vLLMHttpServer pid=533387)[0m  '--enable_prefix_caching',
[36m(vLLMHttpServer pid=533387)[0m  '--enable_sleep_mode',
[36m(vLLMHttpServer pid=533387)[0m  '--logprobs_mode',
[36m(vLLMHttpServer pid=533387)[0m  'processed_logprobs',
[36m(vLLMHttpServer pid=533387)[0m  '--gpu_memory_utilization',
[36m(vLLMHttpServer pid=533387)[0m  '0.5',
[36m(vLLMHttpServer pid=533387)[0m  '--disable_log_stats',
[36m(vLLMHttpServer pid=533387)[0m  '--tensor_parallel_size',
[36m(vLLMHttpServer pid=533387)[0m  '1',
[36m(vLLMHttpServer pid=533387)[0m  '--seed',
[36m(vLLMHttpServer pid=533387)[0m  '0',
[36m(vLLMHttpServer pid=533387)[0m  '--override_generation_config',
[36m(vLLMHttpServer pid=533387)[0m  '{"temperature": 1.0, "top_k": -1, "top_p": 1, "repetition_penalty": 1.0, '
[36m(vLLMHttpServer pid=533387)[0m  '"max_new_tokens": 256}',
[36m(vLLMHttpServer pid=533387)[0m  '--hf_overrides',
[36m(vLLMHttpServer pid=533387)[0m  '{}',
[36m(vLLMHttpServer pid=533387)[0m  '--scheduling_policy',
[36m(vLLMHttpServer pid=533387)[0m  'fcfs',
[36m(vLLMHttpServer pid=533387)[0m  '--compilation_config',
[36m(vLLMHttpServer pid=533387)[0m  '{"cudagraph_mode": "FULL_AND_PIECEWISE"}']
[36m(vLLMHttpServer pid=533387)[0m WARNING 07-24 03:19:06 [__init__.py:3036] We must use the `spawn` multiprocessing start method. Overriding VLLM_WORKER_MULTIPROC_METHOD to 'spawn'. See https://docs.vllm.ai/en/latest/usage/troubleshooting.html#python-multiprocessing for more information. Reasons: In a Ray actor and can only be spawned; CUDA is initialized
[36m(vLLMHttpServer pid=533387)[0m [Gloo] Rank 0 is connected to 0 peer ranks. Expected number of connected peer ranks is : 0
[36m(vLLMHttpServer pid=533387)[0m [Gloo] Rank 0 is connected to 0 peer ranks. Expected number of connected peer ranks is : 0
[36m(vLLMHttpServer pid=533387)[0m [Gloo] Rank 0 is connected to 0 peer ranks. Expected number of connected peer ranks is : 0
[36m(vLLMHttpServer pid=533387)[0m [Gloo] Rank 0 is connected to 0 peer ranks. Expected number of connected peer ranks is : 0
[36m(vLLMHttpServer pid=533387)[0m [Gloo] Rank 0 is connected to 0 peer ranks. Expected number of connected peer ranks is : 0
[36m(vLLMHttpServer pid=533387)[0m [Gloo] Rank 0 is connected to 0 peer ranks. Expected number of connected peer ranks is : 0
[36m(vLLMHttpServer pid=533387)[0m WARNING 07-24 03:20:13 [model.py:1389] Default sampling parameters have been overridden by the model's Hugging Face generation config recommended from the model creator. If this is not intended, please relaunch vLLM instance with `--generation-config vllm`.
[36m(TaskRunner pid=531819)[0m LLMServerManager: ['10.233.74.176:41709']
[36m(TaskRunner pid=531819)[0m Checkpoint tracker file does not exist: /home/hyin66/es-fine-tuning-paper/experiments/2026-07-24_es_improvement/es_bench/track_a/grpo_bench/out_grpo_full/latest_checkpointed_iteration.txt
[36m(TaskRunner pid=531819)[0m Training from scratch
[36m(WorkerDict pid=532349)[0m WARNING 07-24 03:20:15 [api_server.py:1213] LoRA dynamic loading & unloading is enabled in the API server. This should ONLY be used for local development!
[36m(AgentLoopWorker pid=534566)[0m Using dataset class: RLHFDataset
[36m(AgentLoopWorker pid=534560)[0m Using dataset class: RLHFDataset
[36m(AgentLoopWorker pid=534559)[0m Using dataset class: RLHFDataset
[36m(AgentLoopWorker pid=534561)[0m Using dataset class: RLHFDataset
[36m(AgentLoopWorker pid=534557)[0m Using dataset class: RLHFDataset
[36m(AgentLoopWorker pid=534562)[0m Using dataset class: RLHFDataset
[36m(AgentLoopWorker pid=534564)[0m Using dataset class: RLHFDataset
[36m(AgentLoopWorker pid=534563)[0m Using dataset class: RLHFDataset
[36m(GlobalRequestLoadBalancer pid=534558)[0m WARNING 07-24 03:20:45 [api_server.py:1213] LoRA dynamic loading & unloading is enabled in the API server. This should ONLY be used for local development!
[36m(AgentLoopWorker pid=534566)[0m WARNING 07-24 03:20:54 [api_server.py:1213] LoRA dynamic loading & unloading is enabled in the API server. This should ONLY be used for local development!
[36m(AgentLoopWorker pid=534564)[0m WARNING 07-24 03:20:54 [api_server.py:1213] LoRA dynamic loading & unloading is enabled in the API server. This should ONLY be used for local development!
[36m(AgentLoopWorker pid=534560)[0m WARNING 07-24 03:20:54 [api_server.py:1213] LoRA dynamic loading & unloading is enabled in the API server. This should ONLY be used for local development!
[36m(AgentLoopWorker pid=534559)[0m WARNING 07-24 03:20:54 [api_server.py:1213] LoRA dynamic loading & unloading is enabled in the API server. This should ONLY be used for local development!
[36m(AgentLoopWorker pid=534563)[0m WARNING 07-24 03:20:54 [api_server.py:1213] LoRA dynamic loading & unloading is enabled in the API server. This should ONLY be used for local development!
[36m(AgentLoopWorker pid=534561)[0m WARNING 07-24 03:20:54 [api_server.py:1213] LoRA dynamic loading & unloading is enabled in the API server. This should ONLY be used for local development!
[36m(AgentLoopWorker pid=534557)[0m WARNING 07-24 03:20:54 [api_server.py:1213] LoRA dynamic loading & unloading is enabled in the API server. This should ONLY be used for local development!
[36m(AgentLoopWorker pid=534562)[0m WARNING 07-24 03:20:54 [api_server.py:1213] LoRA dynamic loading & unloading is enabled in the API server. This should ONLY be used for local development!
[36m(TaskRunner pid=531819)[0m Training Progress:   4%|▍         | 1/25 [01:01<24:30, 61.27s/it]
[36m(WorkerDict pid=532349)[0m INFO:2026-07-24 03:21:25,301:update_weights done, time cost: 0.56s
[36m(TaskRunner pid=531819)[0m Training Progress:   8%|▊         | 2/25 [01:09<11:27, 29.89s/it]
[36m(WorkerDict pid=532349)[0m INFO:2026-07-24 03:21:33,102:update_weights done, time cost: 0.53s
[36m(TaskRunner pid=531819)[0m step:1 - global_seqlen/min:22619 - global_seqlen/max:22619 - global_seqlen/minmax_diff:0 - global_seqlen/balanced_min:22619 - global_seqlen/balanced_max:22619 - global_seqlen/mean:22619.0 - actor/entropy:0.18151511251926422 - perf/mfu/actor_infer:0.03342613136915545 - actor/pg_clipfrac:0.0 - actor/ppo_kl:0.0 - actor/pg_clipfrac_lower:0.0 - actor/pg_loss:0.009802593849599361 - actor/kl_loss:0.0 - actor/kl_coef:0.001 - actor/loss:0.009802591055631638 - actor/grad_norm:0.634187638759613 - actor/lr:1e-06 - actor/perf/max_memory_allocated_gb:57.54373264312744 - actor/perf/max_memory_reserved_gb:61.912109375 - actor/perf/cpu_memory_used_gb:20.848735809326172 - perf/mfu/actor:0.22670918398534756 - training/global_step:1 - training/epoch:0 - critic/score/mean:0.25 - critic/score/max:1.0 - critic/score/min:0.0 - critic/rewards/mean:0.25 - critic/rewards/max:1.0 - critic/rewards/min:0.0 - critic/advantages/mean:-0.009802579879760742 - critic/advantages/max:2.4748666286468506 - critic/advantages/min:-0.7245674133300781 - critic/returns/mean:-0.009802579879760742 - critic/returns/max:2.4748666286468506 - critic/returns/min:-0.7245674133300781 - response_length/mean:249.546875 - response_length/max:256.0 - response_length/min:186.0 - response_length/clip_ratio:0.8125 - response_length_non_aborted/mean:249.546875 - response_length_non_aborted/max:256.0 - response_length_non_aborted/min:186.0 - response_length_non_aborted/clip_ratio:0.8125 - response/aborted_ratio:0.0 - prompt_length/mean:103.875 - prompt_length/max:141.0 - prompt_length/min:77.0 - prompt_length/clip_ratio:0.0 - num_turns/min:2 - num_turns/max:2 - num_turns/mean:2.0 - timing_s/start_profile:0.00019522756338119507 - timing_s/agent_loop/num_preempted/min:-1 - timing_s/agent_loop/num_preempted/max:-1 - timing_s/agent_loop/num_preempted/mean:-1.0 - timing_s/agent_loop/generate_sequences/min:16.01045831106603 - timing_s/agent_loop/generate_sequences/max:16.39507131371647 - timing_s/agent_loop/generate_sequences/mean:16.31376821883896 - timing_s/agent_loop/tool_calls/min:0.0 - timing_s/agent_loop/tool_calls/max:0.0 - timing_s/agent_loop/tool_calls/mean:0.0 - timing_s/agent_loop/compute_score/min:0.002192688174545765 - timing_s/agent_loop/compute_score/max:0.03455021232366562 - timing_s/agent_loop/compute_score/mean:0.014379270418430679 - timing_s/agent_loop/slowest/generate_sequences:16.390661338344216 - timing_s/agent_loop/slowest/tool_calls:0.0 - timing_s/agent_loop/slowest/compute_score:0.008372385986149311 - timing_s/agent_loop/slowest/num_preempted:-1 - timing_s/agent_loop/slowest/prompt_length:141 - timing_s/agent_loop/slowest/response_length:256 - timing_s/gen:39.272220264188945 - timing_s/reward:2.6250258088111877e-05 - timing_s/old_log_prob:4.848699232563376 - timing_s/ref:13.442309685982764 - timing_s/adv:0.002435295842587948 - timing_s/update_actor:2.162626284174621 - timing_s/update_weights:1.3553072679787874 - timing_s/step:61.11194157414138 - timing_s/stop_profile:0.00010420940816402435 - timing_per_token_ms/gen:2.458970650816414 - timing_per_token_ms/update_actor:0.09561104753413595 - timing_per_token_ms/adv:0.00010766593760059896 - timing_per_token_ms/ref:0.594292837259948 - perf/total_num_tokens:22619 - perf/time_per_step:61.11194157414138 - perf/throughput:370.12406114700985
[36m(TaskRunner pid=531819)[0m step:2 - global_seqlen/min:22164 - global_seqlen/max:22164 - global_seqlen/minmax_diff:0 - global_seqlen/balanced_min:22164 - global_seqlen/balanced_max:22164 - global_seqlen/mean:22164.0 - actor/entropy:0.20694106817245483 - perf/mfu/actor_infer:0.290460563249337 - actor/pg_clipfrac:0.0 - actor/ppo_kl:0.0 - actor/pg_clipfrac_lower:0.0 - actor/pg_loss:0.021895472425967455 - actor/kl_loss:0.0002838626933225896 - actor/kl_coef:0.001 - actor/loss:0.02189575880765915 - actor/grad_norm:0.889681875705719 - actor/lr:1e-06 - actor/perf/max_memory_allocated_gb:57.54373264312744 - actor/perf/max_memory_reserved_gb:76.3046875 - actor/perf/cpu_memory_used_gb:20.868995666503906 - perf/mfu/actor:0.2418838128963227 - training/global_step:2 - training/epoch:0 - critic/score/mean:0.265625 - critic/score/max:1.0 - critic/score/min:0.0 - critic/rewards/mean:0.265625 - critic/rewards/max:1.0 - critic/rewards/min:0.0 - critic/advantages/mean:-0.02189547009766102 - critic/advantages/max:2.4748666286468506 - critic/advantages/min:-2.4748666286468506 - critic/returns/mean:-0.02189547009766102 - critic/returns/max:2.4748666286468506 - critic/returns/min:-2.4748666286468506 - response_length/mean:247.0625 - response_length/max:256.0 - response_length/min:161.0 - response_length/clip_ratio:0.75 - response_length_non_aborted/mean:247.0625 - response_length_non_aborted/max:256.0 - response_length_non_aborted/min:161.0 - response_length_non_aborted/clip_ratio:0.75 - response/aborted_ratio:0.0 - prompt_length/mean:99.25 - prompt_length/max:114.0 - prompt_length/min:86.0 - prompt_length/clip_ratio:0.0 - num_turns/min:2 - num_turns/max:2 - num_turns/mean:2.0 - timing_s/start_profile:7.888861000537872e-05 - timing_s/agent_loop/num_preempted/min:-1 - timing_s/agent_loop/num_preempted/max:-1 - timing_s/agent_loop/num_preempted/mean:-1.0 - timing_s/agent_loop/generate_sequences/min:0.7991455774754286 - timing_s/agent_loop/generate_sequences/max:1.2655512411147356 - timing_s/agent_loop/generate_sequences/mean:1.199106169049628 - timing_s/agent_loop/tool_calls/min:0.0 - timing_s/agent_loop/tool_calls/max:0.0 - timing_s/agent_loop/tool_calls/mean:0.0 - timing_s/agent_loop/compute_score/min:0.003690512850880623 - timing_s/agent_loop/compute_score/max:0.029115398414433002 - timing_s/agent_loop/compute_score/mean:0.01186635070189368 - timing_s/agent_loop/slowest/generate_sequences:1.2655512411147356 - timing_s/agent_loop/slowest/tool_calls:0.0 - timing_s/agent_loop/slowest/compute_score:0.003690512850880623 - timing_s/agent_loop/slowest/num_preempted:-1 - timing_s/agent_loop/slowest/prompt_length:86 - timing_s/agent_loop/slowest/response_length:256 - timing_s/gen:1.8393194833770394 - timing_s/reward:2.0310282707214355e-05 - timing_s/old_log_prob:0.60283188149333 - timing_s/ref:2.1455869367346168 - timing_s/adv:0.00202011875808239 - timing_s/update_actor:1.9926515743136406 - timing_s/update_weights:1.3119902862235904 - timing_s/step:7.9161900551989675 - timing_s/stop_profile:7.46091827750206e-05 - timing_per_token_ms/gen:0.11632427797729822 - timing_per_token_ms/update_actor:0.08990487160772608 - timing_per_token_ms/adv:9.114414176513219e-05 - timing_per_token_ms/ref:0.09680504136142469 - perf/total_num_tokens:22164 - perf/time_per_step:7.9161900551989675 - perf/throughput:2799.831717714226
[36m(TaskRunner pid=531819)[0m Training Progress:  12%|█▏        | 3/25 [01:16<07:15, 19.79s/it]
[36m(WorkerDict pid=532349)[0m INFO:2026-07-24 03:21:40,867:update_weights done, time cost: 0.51s
[36m(TaskRunner pid=531819)[0m Training Progress:  16%|█▌        | 4/25 [01:24<05:15, 15.04s/it]
[36m(WorkerDict pid=532349)[0m INFO:2026-07-24 03:21:48,690:update_weights done, time cost: 0.52s
[36m(TaskRunner pid=531819)[0m step:3 - global_seqlen/min:21196 - global_seqlen/max:21196 - global_seqlen/minmax_diff:0 - global_seqlen/balanced_min:21196 - global_seqlen/balanced_max:21196 - global_seqlen/mean:21196.0 - actor/entropy:0.2314079850912094 - perf/mfu/actor_infer:0.2823255788797954 - actor/pg_clipfrac:0.0 - actor/ppo_kl:0.0 - actor/pg_clipfrac_lower:0.0 - actor/pg_loss:0.0540150199085474 - actor/kl_loss:0.0004239832269377075 - actor/kl_coef:0.001 - actor/loss:0.054015446454286575 - actor/grad_norm:0.9502043724060059 - actor/lr:1e-06 - actor/perf/max_memory_allocated_gb:57.54373264312744 - actor/perf/max_memory_reserved_gb:76.44140625 - actor/perf/cpu_memory_used_gb:20.898075103759766 - perf/mfu/actor:0.2362102270896157 - training/global_step:3 - training/epoch:0 - critic/score/mean:0.453125 - critic/score/max:1.0 - critic/score/min:0.0 - critic/rewards/mean:0.453125 - critic/rewards/max:1.0 - critic/rewards/min:0.0 - critic/advantages/mean:-0.05401504784822464 - critic/advantages/max:2.4748666286468506 - critic/advantages/min:-1.6201815605163574 - critic/returns/mean:-0.05401504784822464 - critic/returns/max:2.4748666286468506 - critic/returns/min:-1.6201815605163574 - response_length/mean:237.4375 - response_length/max:256.0 - response_length/min:121.0 - response_length/clip_ratio:0.609375 - response_length_non_aborted/mean:237.4375 - response_length_non_aborted/max:256.0 - response_length_non_aborted/min:121.0 - response_length_non_aborted/clip_ratio:0.609375 - response/aborted_ratio:0.0 - prompt_length/mean:93.75 - prompt_length/max:129.0 - prompt_length/min:80.0 - prompt_length/clip_ratio:0.0 - num_turns/min:2 - num_turns/max:2 - num_turns/mean:2.0 - timing_s/start_profile:7.127877324819565e-05 - timing_s/agent_loop/num_preempted/min:-1 - timing_s/agent_loop/num_preempted/max:-1 - timing_s/agent_loop/num_preempted/mean:-1.0 - timing_s/agent_loop/generate_sequences/min:0.6093167969956994 - timing_s/agent_loop/generate_sequences/max:1.2448720904067159 - timing_s/agent_loop/generate_sequences/mean:1.13750239185174 - timing_s/agent_loop/tool_calls/min:0.0 - timing_s/agent_loop/tool_calls/max:0.0 - timing_s/agent_loop/tool_calls/mean:0.0 - timing_s/agent_loop/compute_score/min:0.003754681907594204 - timing_s/agent_loop/compute_score/max:0.028799360617995262 - timing_s/agent_loop/compute_score/mean:0.009637306531658396 - timing_s/agent_loop/slowest/generate_sequences:1.2448720904067159 - timing_s/agent_loop/slowest/tool_calls:0.0 - timing_s/agent_loop/slowest/compute_score:0.0038035502657294273 - timing_s/agent_loop/slowest/num_preempted:-1 - timing_s/agent_loop/slowest/prompt_length:129 - timing_s/agent_loop/slowest/response_length:256 - timing_s/gen:1.8196761533617973 - timing_s/reward:1.732911914587021e-05 - timing_s/old_log_prob:0.5921862991526723 - timing_s/ref:2.1277041593566537 - timing_s/adv:0.001996089704334736 - timing_s/update_actor:1.9500793246552348 - timing_s/update_weights:1.2568311709910631 - timing_s/step:7.770830695517361 - timing_s/stop_profile:7.651839405298233e-05 - timing_per_token_ms/gen:0.11974704878664105 - timing_per_token_ms/update_actor:0.09200223271632547 - timing_per_token_ms/adv:9.4172943212622e-05 - timing_per_token_ms/ref:0.10038234380810783 - perf/total_num_tokens:21196 - perf/time_per_step:7.770830695517361 - perf/throughput:2727.636314638409
[36m(TaskRunner pid=531819)[0m step:4 - global_seqlen/min:21264 - global_seqlen/max:21264 - global_seqlen/minmax_diff:0 - global_seqlen/balanced_min:21264 - global_seqlen/balanced_max:21264 - global_seqlen/mean:21264.0 - actor/entropy:0.17147350311279297 - perf/mfu/actor_infer:0.2875017085835729 - actor/pg_clipfrac:0.0 - actor/ppo_kl:0.0 - actor/pg_clipfrac_lower:0.0 - actor/pg_loss:0.01780604338273406 - actor/kl_loss:0.00037984259324730374 - actor/kl_coef:0.001 - actor/loss:0.01780642941594124 - actor/grad_norm:0.8807721138000488 - actor/lr:1e-06 - actor/perf/max_memory_allocated_gb:57.54373264312744 - actor/perf/max_memory_reserved_gb:76.44140625 - actor/perf/cpu_memory_used_gb:20.899600982666016 - perf/mfu/actor:0.23703987866951087 - training/global_step:4 - training/epoch:0 - critic/score/mean:0.484375 - critic/score/max:1.0 - critic/score/min:0.0 - critic/rewards/mean:0.484375 - critic/rewards/max:1.0 - critic/rewards/min:0.0 - critic/advantages/mean:-0.017806043848395348 - critic/advantages/max:2.4748666286468506 - critic/advantages/min:-2.4748666286468506 - critic/returns/mean:-0.017806043848395348 - critic/returns/max:2.4748666286468506 - critic/returns/min:-2.4748666286468506 - response_length/mean:235.5 - response_length/max:256.0 - response_length/min:152.0 - response_length/clip_ratio:0.515625 - response_length_non_aborted/mean:235.5 - response_length_non_aborted/max:256.0 - response_length_non_aborted/min:152.0 - response_length_non_aborted/clip_ratio:0.515625 - response/aborted_ratio:0.0 - prompt_length/mean:96.75 - prompt_length/max:126.0 - prompt_length/min:76.0 - prompt_length/clip_ratio:0.0 - num_turns/min:2 - num_turns/max:2 - num_turns/mean:2.0 - timing_s/start_profile:7.307901978492737e-05 - timing_s/agent_loop/num_preempted/min:-1 - timing_s/agent_loop/num_preempted/max:-1 - timing_s/agent_loop/num_preempted/mean:-1.0 - timing_s/agent_loop/generate_sequences/min:0.7489267345517874 - timing_s/agent_loop/generate_sequences/max:1.2532432479783893 - timing_s/agent_loop/generate_sequences/mean:1.1314916223636828 - timing_s/agent_loop/tool_calls/min:0.0 - timing_s/agent_loop/tool_calls/max:0.0 - timing_s/agent_loop/tool_calls/mean:0.0 - timing_s/agent_loop/compute_score/min:0.0039743101224303246 - timing_s/agent_loop/compute_score/max:0.028810210525989532 - timing_s/agent_loop/compute_score/mean:0.008268063873401843 - timing_s/agent_loop/slowest/generate_sequences:1.2532432479783893 - timing_s/agent_loop/slowest/tool_calls:0.0 - timing_s/agent_loop/slowest/compute_score:0.0043066274374723434 - timing_s/agent_loop/slowest/num_preempted:-1 - timing_s/agent_loop/slowest/prompt_length:79 - timing_s/agent_loop/slowest/response_length:256 - timing_s/gen:1.818950803950429 - timing_s/reward:1.8979422748088837e-05 - timing_s/old_log_prob:0.5858611641451716 - timing_s/ref:2.1377940820530057 - timing_s/adv:0.001996489241719246 - timing_s/update_actor:1.952905498445034 - timing_s/update_weights:1.2300039427354932 - timing_s/step:7.7496502893045545 - timing_s/stop_profile:7.822923362255096e-05 - timing_per_token_ms/gen:0.12068410323450299 - timing_per_token_ms/update_actor:0.09184092825644441 - timing_per_token_ms/adv:9.389057758273354e-05 - timing_per_token_ms/ref:0.10053583907322261 - perf/total_num_tokens:21264 - perf/time_per_step:7.7496502893045545 - perf/throughput:2743.865749574128
[36m(TaskRunner pid=531819)[0m Training Progress:  20%|██        | 5/25 [01:32<04:08, 12.44s/it]
[36m(WorkerDict pid=532349)[0m INFO:2026-07-24 03:21:56,546:update_weights done, time cost: 0.55s
[36m(TaskRunner pid=531819)[0m Training Progress:  24%|██▍       | 6/25 [01:40<03:27, 10.90s/it]
[36m(WorkerDict pid=532349)[0m INFO:2026-07-24 03:22:04,532:update_weights done, time cost: 0.54s
[36m(TaskRunner pid=531819)[0m step:5 - global_seqlen/min:22109 - global_seqlen/max:22109 - global_seqlen/minmax_diff:0 - global_seqlen/balanced_min:22109 - global_seqlen/balanced_max:22109 - global_seqlen/mean:22109.0 - actor/entropy:0.2135378122329712 - perf/mfu/actor_infer:0.29385022532354993 - actor/pg_clipfrac:0.0 - actor/ppo_kl:0.0 - actor/pg_clipfrac_lower:0.0 - actor/pg_loss:0.01879092864692211 - actor/kl_loss:0.0007279788405867293 - actor/kl_coef:0.001 - actor/loss:0.018791653215885162 - actor/grad_norm:0.5232227444648743 - actor/lr:1e-06 - actor/perf/max_memory_allocated_gb:57.54373264312744 - actor/perf/max_memory_reserved_gb:76.44140625 - actor/perf/cpu_memory_used_gb:20.909046173095703 - perf/mfu/actor:0.2402035644645455 - training/global_step:5 - training/epoch:0 - critic/score/mean:0.1875 - critic/score/max:1.0 - critic/score/min:0.0 - critic/rewards/mean:0.1875 - critic/rewards/max:1.0 - critic/rewards/min:0.0 - critic/advantages/mean:-0.018790945410728455 - critic/advantages/max:1.20761239528656 - critic/advantages/min:-1.6201815605163574 - critic/returns/mean:-0.018790945410728455 - critic/returns/max:1.20761239528656 - critic/returns/min:-1.6201815605163574 - response_length/mean:250.453125 - response_length/max:256.0 - response_length/min:185.0 - response_length/clip_ratio:0.84375 - response_length_non_aborted/mean:250.453125 - response_length_non_aborted/max:256.0 - response_length_non_aborted/min:185.0 - response_length_non_aborted/clip_ratio:0.84375 - response/aborted_ratio:0.0 - prompt_length/mean:95.0 - prompt_length/max:117.0 - prompt_length/min:78.0 - prompt_length/clip_ratio:0.0 - num_turns/min:2 - num_turns/max:2 - num_turns/mean:2.0 - timing_s/start_profile:7.166899740695953e-05 - timing_s/agent_loop/num_preempted/min:-1 - timing_s/agent_loop/num_preempted/max:-1 - timing_s/agent_loop/num_preempted/mean:-1.0 - timing_s/agent_loop/generate_sequences/min:0.9120413074269891 - timing_s/agent_loop/generate_sequences/max:1.2586827958002687 - timing_s/agent_loop/generate_sequences/mean:1.2107785259286175 - timing_s/agent_loop/tool_calls/min:0.0 - timing_s/agent_loop/tool_calls/max:0.0 - timing_s/agent_loop/tool_calls/mean:0.0 - timing_s/agent_loop/compute_score/min:0.004366566427052021 - timing_s/agent_loop/compute_score/max:0.02948080375790596 - timing_s/agent_loop/compute_score/mean:0.01294104133557994 - timing_s/agent_loop/slowest/generate_sequences:1.2586827958002687 - timing_s/agent_loop/slowest/tool_calls:0.0 - timing_s/agent_loop/slowest/compute_score:0.005343616008758545 - timing_s/agent_loop/slowest/num_preempted:-1 - timing_s/agent_loop/slowest/prompt_length:98 - timing_s/agent_loop/slowest/response_length:256 - timing_s/gen:1.8256787285208702 - timing_s/reward:2.0910054445266724e-05 - timing_s/old_log_prob:0.5944990776479244 - timing_s/ref:2.139205349609256 - timing_s/adv:0.002015930600464344 - timing_s/update_actor:2.0018403911963105 - timing_s/update_weights:1.2516025071963668 - timing_s/step:7.837342298589647 - timing_s/stop_profile:7.354933768510818e-05 - timing_per_token_ms/gen:0.11389847953839105 - timing_per_token_ms/update_actor:0.0905441399971193 - timing_per_token_ms/adv:9.118144649076593e-05 - timing_per_token_ms/ref:0.09675721876200895 - perf/total_num_tokens:22109 - perf/time_per_step:7.837342298589647 - perf/throughput:2820.9818019532695
[36m(TaskRunner pid=531819)[0m step:6 - global_seqlen/min:22178 - global_seqlen/max:22178 - global_seqlen/minmax_diff:0 - global_seqlen/balanced_min:22178 - global_seqlen/balanced_max:22178 - global_seqlen/mean:22178.0 - actor/entropy:0.16683685779571533 - perf/mfu/actor_infer:0.29581934661159687 - actor/pg_clipfrac:0.0 - actor/ppo_kl:0.0 - actor/pg_clipfrac_lower:0.0 - actor/pg_loss:0.012706938665360212 - actor/kl_loss:0.0017303797358181328 - actor/kl_coef:0.001 - actor/loss:0.012708667665719986 - actor/grad_norm:0.6269663572311401 - actor/lr:1e-06 - actor/perf/max_memory_allocated_gb:57.54373264312744 - actor/perf/max_memory_reserved_gb:76.44140625 - actor/perf/cpu_memory_used_gb:20.91571044921875 - perf/mfu/actor:0.24304263667945242 - training/global_step:6 - training/epoch:0 - critic/score/mean:0.296875 - critic/score/max:1.0 - critic/score/min:0.0 - critic/rewards/mean:0.296875 - critic/rewards/max:1.0 - critic/rewards/min:0.0 - critic/advantages/mean:-0.012706932611763477 - critic/advantages/max:2.4748666286468506 - critic/advantages/min:-1.20761239528656 - critic/returns/mean:-0.012706932611763477 - critic/returns/max:2.4748666286468506 - critic/returns/min:-1.20761239528656 - response_length/mean:241.90625 - response_length/max:256.0 - response_length/min:149.0 - response_length/clip_ratio:0.734375 - response_length_non_aborted/mean:241.90625 - response_length_non_aborted/max:256.0 - response_length_non_aborted/min:149.0 - response_length_non_aborted/clip_ratio:0.734375 - response/aborted_ratio:0.0 - prompt_length/mean:104.625 - prompt_length/max:118.0 - prompt_length/min:96.0 - prompt_length/clip_ratio:0.0 - num_turns/min:2 - num_turns/max:2 - num_turns/mean:2.0 - timing_s/start_profile:7.164012640714645e-05 - timing_s/agent_loop/num_preempted/min:-1 - timing_s/agent_loop/num_preempted/max:-1 - timing_s/agent_loop/num_preempted/mean:-1.0 - timing_s/agent_loop/generate_sequences/min:0.7198285087943077 - timing_s/agent_loop/generate_sequences/max:1.2583052096888423 - timing_s/agent_loop/generate_sequences/mean:1.1612715811352246 - timing_s/agent_loop/tool_calls/min:0.0 - timing_s/agent_loop/tool_calls/max:0.0 - timing_s/agent_loop/tool_calls/mean:0.0 - timing_s/agent_loop/compute_score/min:0.004293946549296379 - timing_s/agent_loop/compute_score/max:0.023433394730091095 - timing_s/agent_loop/compute_score/mean:0.009345167665742338 - timing_s/agent_loop/slowest/generate_sequences:1.2583052096888423 - timing_s/agent_loop/slowest/tool_calls:0.0 - timing_s/agent_loop/slowest/compute_score:0.004687952809035778 - timing_s/agent_loop/slowest/num_preempted:-1 - timing_s/agent_loop/slowest/prompt_length:102 - timing_s/agent_loop/slowest/response_length:256 - timing_s/gen:1.8214878626167774 - timing_s/reward:2.7200207114219666e-05 - timing_s/old_log_prob:0.5954520283266902 - timing_s/ref:2.1478419862687588 - timing_s/adv:0.002003910019993782 - timing_s/update_actor:1.9833891279995441 - timing_s/update_weights:1.3243639981374145 - timing_s/step:7.89560891315341 - timing_s/stop_profile:7.435865700244904e-05 - timing_per_token_ms/gen:0.11765197407420085 - timing_per_token_ms/update_actor:0.08943047741002544 - timing_per_token_ms/adv:9.03557588598513e-05 - timing_per_token_ms/ref:0.0968456121502732 - perf/total_num_tokens:22178 - perf/time_per_step:7.89560891315341 - perf/throughput:2808.903055349328
[36m(TaskRunner pid=531819)[0m Training Progress:  28%|██▊       | 7/25 [01:48<02:59,  9.95s/it]
[36m(WorkerDict pid=532349)[0m INFO:2026-07-24 03:22:12,334:update_weights done, time cost: 0.56s
[36m(TaskRunner pid=531819)[0m Training Progress:  32%|███▏      | 8/25 [01:56<02:37,  9.26s/it]
[36m(WorkerDict pid=532349)[0m INFO:2026-07-24 03:22:20,290:update_weights done, time cost: 0.54s
[36m(TaskRunner pid=531819)[0m step:7 - global_seqlen/min:22679 - global_seqlen/max:22679 - global_seqlen/minmax_diff:0 - global_seqlen/balanced_min:22679 - global_seqlen/balanced_max:22679 - global_seqlen/mean:22679.0 - actor/entropy:0.17238757014274597 - perf/mfu/actor_infer:0.29228651341724393 - actor/pg_clipfrac:0.0 - actor/ppo_kl:0.0 - actor/pg_clipfrac_lower:0.0 - actor/pg_loss:0.009823247230087873 - actor/kl_loss:0.0017024600965669379 - actor/kl_coef:0.001 - actor/loss:0.009824948385357857 - actor/grad_norm:0.7633429765701294 - actor/lr:1e-06 - actor/perf/max_memory_allocated_gb:57.543734073638916 - actor/perf/max_memory_reserved_gb:76.44140625 - actor/perf/cpu_memory_used_gb:20.957408905029297 - perf/mfu/actor:0.24071569072522825 - training/global_step:7 - training/epoch:0 - critic/score/mean:0.234375 - critic/score/max:1.0 - critic/score/min:0.0 - critic/rewards/mean:0.234375 - critic/rewards/max:1.0 - critic/rewards/min:0.0 - critic/advantages/mean:-0.009823227301239967 - critic/advantages/max:2.4748666286468506 - critic/advantages/min:-0.5400605201721191 - critic/returns/mean:-0.009823227301239967 - critic/returns/max:2.4748666286468506 - critic/returns/min:-0.5400605201721191 - response_length/mean:248.109375 - response_length/max:256.0 - response_length/min:181.0 - response_length/clip_ratio:0.78125 - response_length_non_aborted/mean:248.109375 - response_length_non_aborted/max:256.0 - response_length_non_aborted/min:181.0 - response_length_non_aborted/clip_ratio:0.78125 - response/aborted_ratio:0.0 - prompt_length/mean:106.25 - prompt_length/max:162.0 - prompt_length/min:70.0 - prompt_length/clip_ratio:0.0 - num_turns/min:2 - num_turns/max:2 - num_turns/mean:2.0 - timing_s/start_profile:7.225014269351959e-05 - timing_s/agent_loop/num_preempted/min:-1 - timing_s/agent_loop/num_preempted/max:-1 - timing_s/agent_loop/num_preempted/mean:-1.0 - timing_s/agent_loop/generate_sequences/min:0.8891317900270224 - timing_s/agent_loop/generate_sequences/max:1.2648347355425358 - timing_s/agent_loop/generate_sequences/mean:1.203210395469796 - timing_s/agent_loop/tool_calls/min:0.0 - timing_s/agent_loop/tool_calls/max:0.0 - timing_s/agent_loop/tool_calls/mean:0.0 - timing_s/agent_loop/compute_score/min:0.004050418734550476 - timing_s/agent_loop/compute_score/max:0.02867901138961315 - timing_s/agent_loop/compute_score/mean:0.011535312398336828 - timing_s/agent_loop/slowest/generate_sequences:1.2648347355425358 - timing_s/agent_loop/slowest/tool_calls:0.0 - timing_s/agent_loop/slowest/compute_score:0.0057235825806856155 - timing_s/agent_loop/slowest/num_preempted:-1 - timing_s/agent_loop/slowest/prompt_length:78 - timing_s/agent_loop/slowest/response_length:256 - timing_s/gen:1.8393864864483476 - timing_s/reward:1.9819475710391998e-05 - timing_s/old_log_prob:0.6135718263685703 - timing_s/ref:2.142910768277943 - timing_s/adv:0.0019929101690649986 - timing_s/update_actor:2.0442098900675774 - timing_s/update_weights:1.3149592438712716 - timing_s/step:7.978580459952354 - timing_s/stop_profile:7.870886474847794e-05 - timing_per_token_ms/gen:0.11583767784169957 - timing_per_token_ms/update_actor:0.09013668548293917 - timing_per_token_ms/adv:8.787469328740239e-05 - timing_per_token_ms/ref:0.09448876794734967 - perf/total_num_tokens:22679 - perf/time_per_step:7.978580459952354 - perf/throughput:2842.485591745907
[36m(TaskRunner pid=531819)[0m step:8 - global_seqlen/min:20758 - global_seqlen/max:20758 - global_seqlen/minmax_diff:0 - global_seqlen/balanced_min:20758 - global_seqlen/balanced_max:20758 - global_seqlen/mean:20758.0 - actor/entropy:0.17414885759353638 - perf/mfu/actor_infer:0.2815904715937298 - actor/pg_clipfrac:0.0 - actor/ppo_kl:0.0 - actor/pg_clipfrac_lower:0.0 - actor/pg_loss:0.01231367141008377 - actor/kl_loss:0.002580437736469321 - actor/kl_coef:0.001 - actor/loss:0.012316249310970306 - actor/grad_norm:0.6872447729110718 - actor/lr:1e-06 - actor/perf/max_memory_allocated_gb:57.543734073638916 - actor/perf/max_memory_reserved_gb:76.44140625 - actor/perf/cpu_memory_used_gb:20.94894027709961 - perf/mfu/actor:0.23613788941103322 - training/global_step:8 - training/epoch:0 - critic/score/mean:0.609375 - critic/score/max:1.0 - critic/score/min:0.0 - critic/rewards/mean:0.609375 - critic/rewards/max:1.0 - critic/rewards/min:0.0 - critic/advantages/mean:-0.012313669547438622 - critic/advantages/max:2.4748666286468506 - critic/advantages/min:-2.4748666286468506 - critic/returns/mean:-0.012313669547438622 - critic/returns/max:2.4748666286468506 - critic/returns/min:-2.4748666286468506 - response_length/mean:231.21875 - response_length/max:256.0 - response_length/min:162.0 - response_length/clip_ratio:0.421875 - response_length_non_aborted/mean:231.21875 - response_length_non_aborted/max:256.0 - response_length_non_aborted/min:162.0 - response_length_non_aborted/clip_ratio:0.421875 - response/aborted_ratio:0.0 - prompt_length/mean:93.125 - prompt_length/max:104.0 - prompt_length/min:80.0 - prompt_length/clip_ratio:0.0 - num_turns/min:2 - num_turns/max:2 - num_turns/mean:2.0 - timing_s/start_profile:8.014868944883347e-05 - timing_s/agent_loop/num_preempted/min:-1 - timing_s/agent_loop/num_preempted/max:-1 - timing_s/agent_loop/num_preempted/mean:-1.0 - timing_s/agent_loop/generate_sequences/min:0.7809979766607285 - timing_s/agent_loop/generate_sequences/max:1.2372196456417441 - timing_s/agent_loop/generate_sequences/mean:1.1006685681350064 - timing_s/agent_loop/tool_calls/min:0.0 - timing_s/agent_loop/tool_calls/max:0.0 - timing_s/agent_loop/tool_calls/mean:0.0 - timing_s/agent_loop/compute_score/min:0.0038103321567177773 - timing_s/agent_loop/compute_score/max:0.027304735966026783 - timing_s/agent_loop/compute_score/mean:0.007919856594526209 - timing_s/agent_loop/slowest/generate_sequences:1.2372196456417441 - timing_s/agent_loop/slowest/tool_calls:0.0 - timing_s/agent_loop/slowest/compute_score:0.0038103321567177773 - timing_s/agent_loop/slowest/num_preempted:-1 - timing_s/agent_loop/slowest/prompt_length:104 - timing_s/agent_loop/slowest/response_length:256 - timing_s/gen:1.8020725017413497 - timing_s/reward:1.8510036170482635e-05 - timing_s/old_log_prob:0.5885367300361395 - timing_s/ref:2.1365269646048546 - timing_s/adv:0.002087229862809181 - timing_s/update_actor:1.9128020014613867 - timing_s/update_weights:1.3370442036539316 - timing_s/step:7.801848443225026 - timing_s/stop_profile:8.434895426034927e-05 - timing_per_token_ms/gen:0.12177811202468913 - timing_per_token_ms/update_actor:0.09214770216116132 - timing_per_token_ms/adv:0.00010055062447293483 - timing_per_token_ms/ref:0.10292547281071657 - perf/total_num_tokens:20758 - perf/time_per_step:7.801848443225026 - perf/throughput:2660.6515303467404
[36m(TaskRunner pid=531819)[0m Training Progress:  36%|███▌      | 9/25 [02:04<02:21,  8.85s/it]
[36m(WorkerDict pid=532349)[0m INFO:2026-07-24 03:22:28,099:update_weights done, time cost: 0.56s
[36m(TaskRunner pid=531819)[0m Training Progress:  40%|████      | 10/25 [02:12<02:07,  8.53s/it]
[36m(WorkerDict pid=532349)[0m INFO:2026-07-24 03:22:36,142:update_weights done, time cost: 0.55s
[36m(TaskRunner pid=531819)[0m step:9 - global_seqlen/min:22897 - global_seqlen/max:22897 - global_seqlen/minmax_diff:0 - global_seqlen/balanced_min:22897 - global_seqlen/balanced_max:22897 - global_seqlen/mean:22897.0 - actor/entropy:0.19794782996177673 - perf/mfu/actor_infer:0.295599502633342 - actor/pg_clipfrac:0.0 - actor/ppo_kl:0.0 - actor/pg_clipfrac_lower:0.0 - actor/pg_loss:0.037740240106359124 - actor/kl_loss:0.0025862854963634163 - actor/kl_coef:0.001 - actor/loss:0.037742823362350464 - actor/grad_norm:0.8359931707382202 - actor/lr:1e-06 - actor/perf/max_memory_allocated_gb:57.54373502731323 - actor/perf/max_memory_reserved_gb:76.44140625 - actor/perf/cpu_memory_used_gb:20.95987319946289 - perf/mfu/actor:0.24529330668397317 - training/global_step:9 - training/epoch:0 - critic/score/mean:0.140625 - critic/score/max:1.0 - critic/score/min:0.0 - critic/rewards/mean:0.140625 - critic/rewards/max:1.0 - critic/rewards/min:0.0 - critic/advantages/mean:-0.03774024918675423 - critic/advantages/max:2.4748666286468506 - critic/advantages/min:-0.7245674133300781 - critic/returns/mean:-0.03774024918675423 - critic/returns/max:2.4748666286468506 - critic/returns/min:-0.7245674133300781 - response_length/mean:250.515625 - response_length/max:256.0 - response_length/min:182.0 - response_length/clip_ratio:0.859375 - response_length_non_aborted/mean:250.515625 - response_length_non_aborted/max:256.0 - response_length_non_aborted/min:182.0 - response_length_non_aborted/clip_ratio:0.859375 - response/aborted_ratio:0.0 - prompt_length/mean:107.25 - prompt_length/max:131.0 - prompt_length/min:89.0 - prompt_length/clip_ratio:0.0 - num_turns/min:2 - num_turns/max:2 - num_turns/mean:2.0 - timing_s/start_profile:8.15289095044136e-05 - timing_s/agent_loop/num_preempted/min:-1 - timing_s/agent_loop/num_preempted/max:-1 - timing_s/agent_loop/num_preempted/mean:-1.0 - timing_s/agent_loop/generate_sequences/min:0.8760550431907177 - timing_s/agent_loop/generate_sequences/max:1.2620536964386702 - timing_s/agent_loop/generate_sequences/mean:1.2086184499057708 - timing_s/agent_loop/tool_calls/min:0.0 - timing_s/agent_loop/tool_calls/max:0.0 - timing_s/agent_loop/tool_calls/mean:0.0 - timing_s/agent_loop/compute_score/min:0.004312957637012005 - timing_s/agent_loop/compute_score/max:0.027427314780652523 - timing_s/agent_loop/compute_score/mean:0.012025432311929762 - timing_s/agent_loop/slowest/generate_sequences:1.2620536964386702 - timing_s/agent_loop/slowest/tool_calls:0.0 - timing_s/agent_loop/slowest/compute_score:0.00448465533554554 - timing_s/agent_loop/slowest/num_preempted:-1 - timing_s/agent_loop/slowest/prompt_length:131 - timing_s/agent_loop/slowest/response_length:256 - timing_s/gen:1.8315773187205195 - timing_s/reward:2.1239742636680603e-05 - timing_s/old_log_prob:0.6102991225197911 - timing_s/ref:2.1370197935029864 - timing_s/adv:0.001994670368731022 - timing_s/update_actor:2.0240914868190885 - timing_s/update_weights:1.3180573657155037 - timing_s/step:7.944561531767249 - timing_s/stop_profile:7.447879761457443e-05 - timing_per_token_ms/gen:0.11423796661389132 - timing_per_token_ms/update_actor:0.0883998553006546 - timing_per_token_ms/adv:8.711492198676778e-05 - timing_per_token_ms/ref:0.09333186852002387 - perf/total_num_tokens:22897 - perf/time_per_step:7.944561531767249 - perf/throughput:2882.0973830265766
[36m(TaskRunner pid=531819)[0m step:10 - global_seqlen/min:20900 - global_seqlen/max:20900 - global_seqlen/minmax_diff:0 - global_seqlen/balanced_min:20900 - global_seqlen/balanced_max:20900 - global_seqlen/mean:20900.0 - actor/entropy:0.23690322041511536 - perf/mfu/actor_infer:0.2838599231659256 - actor/pg_clipfrac:0.0 - actor/ppo_kl:0.0 - actor/pg_clipfrac_lower:0.0 - actor/pg_loss:0.01995561271905899 - actor/kl_loss:0.004511465260293335 - actor/kl_coef:0.001 - actor/loss:0.019960127770900726 - actor/grad_norm:0.8825381994247437 - actor/lr:1e-06 - actor/perf/max_memory_allocated_gb:57.54373502731323 - actor/perf/max_memory_reserved_gb:76.44140625 - actor/perf/cpu_memory_used_gb:20.962146759033203 - perf/mfu/actor:0.23730518376191465 - training/global_step:10 - training/epoch:0 - critic/score/mean:0.515625 - critic/score/max:1.0 - critic/score/min:0.0 - critic/rewards/mean:0.515625 - critic/rewards/max:1.0 - critic/rewards/min:0.0 - critic/advantages/mean:-0.019955605268478394 - critic/advantages/max:1.6201815605163574 - critic/advantages/min:-2.4748666286468506 - critic/returns/mean:-0.019955605268478394 - critic/returns/max:1.6201815605163574 - critic/returns/min:-2.4748666286468506 - response_length/mean:223.4375 - response_length/max:256.0 - response_length/min:123.0 - response_length/clip_ratio:0.46875 - response_length_non_aborted/mean:223.4375 - response_length_non_aborted/max:256.0 - response_length_non_aborted/min:123.0 - response_length_non_aborted/clip_ratio:0.46875 - response/aborted_ratio:0.0 - prompt_length/mean:103.125 - prompt_length/max:142.0 - prompt_length/min:83.0 - prompt_length/clip_ratio:0.0 - num_turns/min:2 - num_turns/max:2 - num_turns/mean:2.0 - timing_s/start_profile:7.406901568174362e-05 - timing_s/agent_loop/num_preempted/min:-1 - timing_s/agent_loop/num_preempted/max:-1 - timing_s/agent_loop/num_preempted/mean:-1.0 - timing_s/agent_loop/generate_sequences/min:0.6112474929541349 - timing_s/agent_loop/generate_sequences/max:1.23776797298342 - timing_s/agent_loop/generate_sequences/mean:1.0699593158205971 - timing_s/agent_loop/tool_calls/min:0.0 - timing_s/agent_loop/tool_calls/max:0.0 - timing_s/agent_loop/tool_calls/mean:0.0 - timing_s/agent_loop/compute_score/min:0.00461670383810997 - timing_s/agent_loop/compute_score/max:0.02785474993288517 - timing_s/agent_loop/compute_score/mean:0.008461844772682525 - timing_s/agent_loop/slowest/generate_sequences:1.23776797298342 - timing_s/agent_loop/slowest/tool_calls:0.0 - timing_s/agent_loop/slowest/compute_score:0.004620793275535107 - timing_s/agent_loop/slowest/num_preempted:-1 - timing_s/agent_loop/slowest/prompt_length:142 - timing_s/agent_loop/slowest/response_length:256 - timing_s/gen:1.8110088473185897 - timing_s/reward:1.926068216562271e-05 - timing_s/old_log_prob:0.5847291583195329 - timing_s/ref:2.1369630247354507 - timing_s/adv:0.0020019495859742165 - timing_s/update_actor:1.9175857286900282 - timing_s/update_weights:1.3313045855611563 - timing_s/step:7.806087579578161 - timing_s/stop_profile:7.283873856067657e-05 - timing_per_token_ms/gen:0.1266439753369643 - timing_per_token_ms/update_actor:0.09175051333445111 - timing_per_token_ms/adv:9.578706152986681e-05 - timing_per_token_ms/ref:0.10224703467633736 - perf/total_num_tokens:20900 - perf/time_per_step:7.806087579578161 - perf/throughput:2677.3975806622234
[36m(TaskRunner pid=531819)[0m Training Progress:  44%|████▍     | 11/25 [02:20<01:57,  8.39s/it]
[36m(WorkerDict pid=532349)[0m INFO:2026-07-24 03:22:44,371:update_weights done, time cost: 0.55s
[36m(TaskRunner pid=531819)[0m Training Progress:  48%|████▊     | 12/25 [02:28<01:48,  8.33s/it]
[36m(WorkerDict pid=532349)[0m INFO:2026-07-24 03:22:52,248:update_weights done, time cost: 0.56s
[36m(TaskRunner pid=531819)[0m step:11 - global_seqlen/min:23850 - global_seqlen/max:23850 - global_seqlen/minmax_diff:0 - global_seqlen/balanced_min:23850 - global_seqlen/balanced_max:23850 - global_seqlen/mean:23850.0 - actor/entropy:0.17992807924747467 - perf/mfu/actor_infer:0.2947414721693144 - actor/pg_clipfrac:0.0 - actor/ppo_kl:0.0 - actor/pg_clipfrac_lower:0.0 - actor/pg_loss:0.010717905825003982 - actor/kl_loss:0.0053859977051615715 - actor/kl_coef:0.001 - actor/loss:0.010723290964961052 - actor/grad_norm:0.7676329016685486 - actor/lr:1e-06 - actor/perf/max_memory_allocated_gb:57.54374361038208 - actor/perf/max_memory_reserved_gb:76.443359375 - actor/perf/cpu_memory_used_gb:20.969463348388672 - perf/mfu/actor:0.24789502292774626 - training/global_step:11 - training/epoch:0 - critic/score/mean:0.171875 - critic/score/max:1.0 - critic/score/min:0.0 - critic/rewards/mean:0.171875 - critic/rewards/max:1.0 - critic/rewards/min:0.0 - critic/advantages/mean:-0.010717898607254028 - critic/advantages/max:2.4748666286468506 - critic/advantages/min:-1.20761239528656 - critic/returns/mean:-0.010717898607254028 - critic/returns/max:2.4748666286468506 - critic/returns/min:-1.20761239528656 - response_length/mean:251.40625 - response_length/max:256.0 - response_length/min:177.0 - response_length/clip_ratio:0.84375 - response_length_non_aborted/mean:251.40625 - response_length_non_aborted/max:256.0 - response_length_non_aborted/min:177.0 - response_length_non_aborted/clip_ratio:0.84375 - response/aborted_ratio:0.0 - prompt_length/mean:121.25 - prompt_length/max:183.0 - prompt_length/min:94.0 - prompt_length/clip_ratio:0.0 - num_turns/min:2 - num_turns/max:2 - num_turns/mean:2.0 - timing_s/start_profile:6.921961903572083e-05 - timing_s/agent_loop/num_preempted/min:-1 - timing_s/agent_loop/num_preempted/max:-1 - timing_s/agent_loop/num_preempted/mean:-1.0 - timing_s/agent_loop/generate_sequences/min:0.8645777311176062 - timing_s/agent_loop/generate_sequences/max:1.2679240312427282 - timing_s/agent_loop/generate_sequences/mean:1.2142871204996482 - timing_s/agent_loop/tool_calls/min:0.0 - timing_s/agent_loop/tool_calls/max:0.0 - timing_s/agent_loop/tool_calls/mean:0.0 - timing_s/agent_loop/compute_score/min:0.004017959348857403 - timing_s/agent_loop/compute_score/max:0.028097697533667088 - timing_s/agent_loop/compute_score/mean:0.011748076998628676 - timing_s/agent_loop/slowest/generate_sequences:1.2679240312427282 - timing_s/agent_loop/slowest/tool_calls:0.0 - timing_s/agent_loop/slowest/compute_score:0.004017959348857403 - timing_s/agent_loop/slowest/num_preempted:-1 - timing_s/agent_loop/slowest/prompt_length:94 - timing_s/agent_loop/slowest/response_length:256 - timing_s/gen:1.817195177078247 - timing_s/reward:1.908000558614731e-05 - timing_s/old_log_prob:0.6339491261169314 - timing_s/ref:2.1526785511523485 - timing_s/adv:0.002012830227613449 - timing_s/update_actor:2.0875319158658385 - timing_s/update_weights:1.3373011872172356 - timing_s/step:8.052482966333628 - timing_s/stop_profile:9.316857904195786e-05 - timing_per_token_ms/gen:0.1129394143616064 - timing_per_token_ms/update_actor:0.08752754364217352 - timing_per_token_ms/adv:8.43953973842117e-05 - timing_per_token_ms/ref:0.09025905874852615 - perf/total_num_tokens:23850 - perf/time_per_step:8.052482966333628 - perf/throughput:2961.8193667361625
[36m(TaskRunner pid=531819)[0m step:12 - global_seqlen/min:21933 - global_seqlen/max:21933 - global_seqlen/minmax_diff:0 - global_seqlen/balanced_min:21933 - global_seqlen/balanced_max:21933 - global_seqlen/mean:21933.0 - actor/entropy:0.12737998366355896 - perf/mfu/actor_infer:0.2862900472283302 - actor/pg_clipfrac:0.0 - actor/ppo_kl:0.0 - actor/pg_clipfrac_lower:0.0 - actor/pg_loss:0.033242990262806416 - actor/kl_loss:0.0069249256630428135 - actor/kl_coef:0.001 - actor/loss:0.03324991837143898 - actor/grad_norm:0.9039861559867859 - actor/lr:1e-06 - actor/perf/max_memory_allocated_gb:57.54374361038208 - actor/perf/max_memory_reserved_gb:76.443359375 - actor/perf/cpu_memory_used_gb:21.158863067626953 - perf/mfu/actor:0.23995792975743627 - training/global_step:12 - training/epoch:0 - critic/score/mean:0.5625 - critic/score/max:1.0 - critic/score/min:0.0 - critic/rewards/mean:0.5625 - critic/rewards/max:1.0 - critic/rewards/min:0.0 - critic/advantages/mean:-0.03324298560619354 - critic/advantages/max:2.4748666286468506 - critic/advantages/min:-2.4748666286468506 - critic/returns/mean:-0.03324298560619354 - critic/returns/max:2.4748666286468506 - critic/returns/min:-2.4748666286468506 - response_length/mean:239.078125 - response_length/max:256.0 - response_length/min:168.0 - response_length/clip_ratio:0.515625 - response_length_non_aborted/mean:239.078125 - response_length_non_aborted/max:256.0 - response_length_non_aborted/min:168.0 - response_length_non_aborted/clip_ratio:0.515625 - response/aborted_ratio:0.0 - prompt_length/mean:103.625 - prompt_length/max:181.0 - prompt_length/min:75.0 - prompt_length/clip_ratio:0.0 - num_turns/min:2 - num_turns/max:2 - num_turns/mean:2.0 - timing_s/start_profile:7.416866719722748e-05 - timing_s/agent_loop/num_preempted/min:-1 - timing_s/agent_loop/num_preempted/max:-1 - timing_s/agent_loop/num_preempted/mean:-1.0 - timing_s/agent_loop/generate_sequences/min:0.825902340002358 - timing_s/agent_loop/generate_sequences/max:1.2417800165712833 - timing_s/agent_loop/generate_sequences/mean:1.1484169234754518 - timing_s/agent_loop/tool_calls/min:0.0 - timing_s/agent_loop/tool_calls/max:0.0 - timing_s/agent_loop/tool_calls/mean:0.0 - timing_s/agent_loop/compute_score/min:0.004144198261201382 - timing_s/agent_loop/compute_score/max:0.02016562782227993 - timing_s/agent_loop/compute_score/mean:0.007968966223415919 - timing_s/agent_loop/slowest/generate_sequences:1.2398658944293857 - timing_s/agent_loop/slowest/tool_calls:0.0 - timing_s/agent_loop/slowest/compute_score:0.011989738792181015 - timing_s/agent_loop/slowest/num_preempted:-1 - timing_s/agent_loop/slowest/prompt_length:93 - timing_s/agent_loop/slowest/response_length:256 - timing_s/gen:1.804100970737636 - timing_s/reward:1.7449259757995605e-05 - timing_s/old_log_prob:0.9578774161636829 - timing_s/ref:2.1164569668471813 - timing_s/adv:0.002015179954469204 - timing_s/update_actor:1.983318394050002 - timing_s/update_weights:1.325842833146453 - timing_s/step:8.212288172915578 - timing_s/stop_profile:9.2298723757267e-05 - timing_per_token_ms/gen:0.11790738976129901 - timing_per_token_ms/update_actor:0.09042622505129266 - timing_per_token_ms/adv:9.187890185880655e-05 - timing_per_token_ms/ref:0.09649646500009945 - perf/total_num_tokens:21933 - perf/time_per_step:8.212288172915578 - perf/throughput:2670.7538189339025
[36m(TaskRunner pid=531819)[0m Training Progress:  52%|█████▏    | 13/25 [02:36<01:38,  8.20s/it]
[36m(WorkerDict pid=532349)[0m INFO:2026-07-24 03:23:00,091:update_weights done, time cost: 0.56s
[36m(TaskRunner pid=531819)[0m Training Progress:  56%|█████▌    | 14/25 [02:43<01:28,  8.09s/it]
[36m(WorkerDict pid=532349)[0m INFO:2026-07-24 03:23:07,861:update_weights done, time cost: 0.56s
[36m(TaskRunner pid=531819)[0m step:13 - global_seqlen/min:22305 - global_seqlen/max:22305 - global_seqlen/minmax_diff:0 - global_seqlen/balanced_min:22305 - global_seqlen/balanced_max:22305 - global_seqlen/mean:22305.0 - actor/entropy:0.1637793481349945 - perf/mfu/actor_infer:0.2937267855550049 - actor/pg_clipfrac:0.0 - actor/ppo_kl:0.0 - actor/pg_clipfrac_lower:0.0 - actor/pg_loss:0.02386876940727234 - actor/kl_loss:0.010718775913119316 - actor/kl_coef:0.001 - actor/loss:0.023879487067461014 - actor/grad_norm:0.8754963874816895 - actor/lr:1e-06 - actor/perf/max_memory_allocated_gb:57.54374361038208 - actor/perf/max_memory_reserved_gb:76.443359375 - actor/perf/cpu_memory_used_gb:21.144256591796875 - perf/mfu/actor:0.2430513490735664 - training/global_step:13 - training/epoch:0 - critic/score/mean:0.359375 - critic/score/max:1.0 - critic/score/min:0.0 - critic/rewards/mean:0.359375 - critic/rewards/max:1.0 - critic/rewards/min:0.0 - critic/advantages/mean:-0.023868732154369354 - critic/advantages/max:1.6201815605163574 - critic/advantages/min:-2.4748666286468506 - critic/returns/mean:-0.023868732154369354 - critic/returns/max:1.6201815605163574 - critic/returns/min:-2.4748666286468506 - response_length/mean:239.765625 - response_length/max:256.0 - response_length/min:171.0 - response_length/clip_ratio:0.5625 - response_length_non_aborted/mean:239.765625 - response_length_non_aborted/max:256.0 - response_length_non_aborted/min:171.0 - response_length_non_aborted/clip_ratio:0.5625 - response/aborted_ratio:0.0 - prompt_length/mean:108.75 - prompt_length/max:154.0 - prompt_length/min:88.0 - prompt_length/clip_ratio:0.0 - num_turns/min:2 - num_turns/max:2 - num_turns/mean:2.0 - timing_s/start_profile:7.265899330377579e-05 - timing_s/agent_loop/num_preempted/min:-1 - timing_s/agent_loop/num_preempted/max:-1 - timing_s/agent_loop/num_preempted/mean:-1.0 - timing_s/agent_loop/generate_sequences/min:0.8259811094030738 - timing_s/agent_loop/generate_sequences/max:1.2274846294894814 - timing_s/agent_loop/generate_sequences/mean:1.133863016642863 - timing_s/agent_loop/tool_calls/min:0.0 - timing_s/agent_loop/tool_calls/max:0.0 - timing_s/agent_loop/tool_calls/mean:0.0 - timing_s/agent_loop/compute_score/min:0.004282907582819462 - timing_s/agent_loop/compute_score/max:0.031159507110714912 - timing_s/agent_loop/compute_score/mean:0.00979406748956535 - timing_s/agent_loop/slowest/generate_sequences:1.2274846294894814 - timing_s/agent_loop/slowest/tool_calls:0.0 - timing_s/agent_loop/slowest/compute_score:0.004282907582819462 - timing_s/agent_loop/slowest/num_preempted:-1 - timing_s/agent_loop/slowest/prompt_length:133 - timing_s/agent_loop/slowest/response_length:256 - timing_s/gen:1.7711575543507934 - timing_s/reward:1.774076372385025e-05 - timing_s/old_log_prob:0.5997618110850453 - timing_s/ref:2.1442148610949516 - timing_s/adv:0.002008650451898575 - timing_s/update_actor:1.9947399105876684 - timing_s/update_weights:1.3384196581318974 - timing_s/step:7.8726217010989785 - timing_s/stop_profile:8.070003241300583e-05 - timing_per_token_ms/gen:0.1154224538514691 - timing_per_token_ms/update_actor:0.08943016859841597 - timing_per_token_ms/adv:9.005381985647051e-05 - timing_per_token_ms/ref:0.09613157861891736 - perf/total_num_tokens:22305 - perf/time_per_step:7.8726217010989785 - perf/throughput:2833.236607429814
[36m(TaskRunner pid=531819)[0m step:14 - global_seqlen/min:21704 - global_seqlen/max:21704 - global_seqlen/minmax_diff:0 - global_seqlen/balanced_min:21704 - global_seqlen/balanced_max:21704 - global_seqlen/mean:21704.0 - actor/entropy:0.14139758050441742 - perf/mfu/actor_infer:0.2896243883610464 - actor/pg_clipfrac:0.0 - actor/ppo_kl:0.0 - actor/pg_clipfrac_lower:0.0 - actor/pg_loss:0.03694382309913635 - actor/kl_loss:0.0114192632609047 - actor/kl_coef:0.001 - actor/loss:0.03695524483919144 - actor/grad_norm:0.8255666494369507 - actor/lr:1e-06 - actor/perf/max_memory_allocated_gb:57.54374361038208 - actor/perf/max_memory_reserved_gb:76.443359375 - actor/perf/cpu_memory_used_gb:21.146392822265625 - perf/mfu/actor:0.24024165073704573 - training/global_step:14 - training/epoch:0 - critic/score/mean:0.484375 - critic/score/max:1.0 - critic/score/min:0.0 - critic/rewards/mean:0.484375 - critic/rewards/max:1.0 - critic/rewards/min:0.0 - critic/advantages/mean:-0.036943815648555756 - critic/advantages/max:1.6201815605163574 - critic/advantages/min:-1.20761239528656 - critic/returns/mean:-0.036943815648555756 - critic/returns/max:1.6201815605163574 - critic/returns/min:-1.20761239528656 - response_length/mean:237.5 - response_length/max:256.0 - response_length/min:180.0 - response_length/clip_ratio:0.578125 - response_length_non_aborted/mean:237.5 - response_length_non_aborted/max:256.0 - response_length_non_aborted/min:180.0 - response_length_non_aborted/clip_ratio:0.578125 - response/aborted_ratio:0.0 - prompt_length/mean:101.625 - prompt_length/max:143.0 - prompt_length/min:79.0 - prompt_length/clip_ratio:0.0 - num_turns/min:2 - num_turns/max:2 - num_turns/mean:2.0 - timing_s/start_profile:7.093977183103561e-05 - timing_s/agent_loop/num_preempted/min:-1 - timing_s/agent_loop/num_preempted/max:-1 - timing_s/agent_loop/num_preempted/mean:-1.0 - timing_s/agent_loop/generate_sequences/min:0.8781649274751544 - timing_s/agent_loop/generate_sequences/max:1.2351939138025045 - timing_s/agent_loop/generate_sequences/mean:1.1290031038952293 - timing_s/agent_loop/tool_calls/min:0.0 - timing_s/agent_loop/tool_calls/max:0.0 - timing_s/agent_loop/tool_calls/mean:0.0 - timing_s/agent_loop/compute_score/min:0.0034432057291269302 - timing_s/agent_loop/compute_score/max:0.029083197936415672 - timing_s/agent_loop/compute_score/mean:0.008421856444329023 - timing_s/agent_loop/slowest/generate_sequences:1.2351939138025045 - timing_s/agent_loop/slowest/tool_calls:0.0 - timing_s/agent_loop/slowest/compute_score:0.004121708683669567 - timing_s/agent_loop/slowest/num_preempted:-1 - timing_s/agent_loop/slowest/prompt_length:93 - timing_s/agent_loop/slowest/response_length:256 - timing_s/gen:1.7799220383167267 - timing_s/reward:1.838989555835724e-05 - timing_s/old_log_prob:0.5936470022425056 - timing_s/ref:2.1456366684287786 - timing_s/adv:0.001994749531149864 - timing_s/update_actor:1.9647567654028535 - timing_s/update_weights:1.3292553424835205 - timing_s/step:7.837356294505298 - timing_s/stop_profile:7.498916238546371e-05 - timing_per_token_ms/gen:0.11710013409978465 - timing_per_token_ms/update_actor:0.09052509976975918 - timing_per_token_ms/adv:9.190700014512828e-05 - timing_per_token_ms/ref:0.09885904296114903 - perf/total_num_tokens:21704 - perf/time_per_step:7.837356294505298 - perf/throughput:2769.3011756038813
[36m(TaskRunner pid=531819)[0m Training Progress:  60%|██████    | 15/25 [02:51<01:19,  8.00s/it]
[36m(WorkerDict pid=532349)[0m INFO:2026-07-24 03:23:15,631:update_weights done, time cost: 0.55s
[36m(TaskRunner pid=531819)[0m Training Progress:  64%|██████▍   | 16/25 [02:59<01:11,  7.93s/it]
[36m(WorkerDict pid=532349)[0m INFO:2026-07-24 03:23:23,657:update_weights done, time cost: 0.56s
[36m(TaskRunner pid=531819)[0m step:15 - global_seqlen/min:20642 - global_seqlen/max:20642 - global_seqlen/minmax_diff:0 - global_seqlen/balanced_min:20642 - global_seqlen/balanced_max:20642 - global_seqlen/mean:20642.0 - actor/entropy:0.1550130695104599 - perf/mfu/actor_infer:0.2844701551235124 - actor/pg_clipfrac:0.0 - actor/ppo_kl:0.0 - actor/pg_clipfrac_lower:0.0 - actor/pg_loss:0.02014044765383005 - actor/kl_loss:0.013138543348759413 - actor/kl_coef:0.001 - actor/loss:0.020153595134615898 - actor/grad_norm:0.8323600888252258 - actor/lr:1e-06 - actor/perf/max_memory_allocated_gb:57.54374361038208 - actor/perf/max_memory_reserved_gb:76.443359375 - actor/perf/cpu_memory_used_gb:21.158283233642578 - perf/mfu/actor:0.23549288476244865 - training/global_step:15 - training/epoch:0 - critic/score/mean:0.609375 - critic/score/max:1.0 - critic/score/min:0.0 - critic/rewards/mean:0.609375 - critic/rewards/max:1.0 - critic/rewards/min:0.0 - critic/advantages/mean:-0.020140446722507477 - critic/advantages/max:1.6201815605163574 - critic/advantages/min:-2.4748666286468506 - critic/returns/mean:-0.020140446722507477 - critic/returns/max:1.6201815605163574 - critic/returns/min:-2.4748666286468506 - response_length/mean:227.53125 - response_length/max:256.0 - response_length/min:140.0 - response_length/clip_ratio:0.40625 - response_length_non_aborted/mean:227.53125 - response_length_non_aborted/max:256.0 - response_length_non_aborted/min:140.0 - response_length_non_aborted/clip_ratio:0.40625 - response/aborted_ratio:0.0 - prompt_length/mean:95.0 - prompt_length/max:107.0 - prompt_length/min:83.0 - prompt_length/clip_ratio:0.0 - num_turns/min:2 - num_turns/max:2 - num_turns/mean:2.0 - timing_s/start_profile:8.154846727848053e-05 - timing_s/agent_loop/num_preempted/min:-1 - timing_s/agent_loop/num_preempted/max:-1 - timing_s/agent_loop/num_preempted/mean:-1.0 - timing_s/agent_loop/generate_sequences/min:0.6929591968655586 - timing_s/agent_loop/generate_sequences/max:1.2275888035073876 - timing_s/agent_loop/generate_sequences/mean:1.0786007674178109 - timing_s/agent_loop/tool_calls/min:0.0 - timing_s/agent_loop/tool_calls/max:0.0 - timing_s/agent_loop/tool_calls/mean:0.0 - timing_s/agent_loop/compute_score/min:0.00393707025796175 - timing_s/agent_loop/compute_score/max:0.027528753504157066 - timing_s/agent_loop/compute_score/mean:0.008221675714594312 - timing_s/agent_loop/slowest/generate_sequences:1.2275888035073876 - timing_s/agent_loop/slowest/tool_calls:0.0 - timing_s/agent_loop/slowest/compute_score:0.0046201543882489204 - timing_s/agent_loop/slowest/num_preempted:-1 - timing_s/agent_loop/slowest/prompt_length:101 - timing_s/agent_loop/slowest/response_length:256 - timing_s/gen:1.7801784174516797 - timing_s/reward:1.802947372198105e-05 - timing_s/old_log_prob:0.5772148175165057 - timing_s/ref:2.137059456668794 - timing_s/adv:0.0019717803224921227 - timing_s/update_actor:1.9104581819847226 - timing_s/update_weights:1.349406280554831 - timing_s/step:7.778860689140856 - timing_s/stop_profile:7.885880768299103e-05 - timing_per_token_ms/gen:0.12224820886222221 - timing_per_token_ms/update_actor:0.09255199021338642 - timing_per_token_ms/adv:9.552273628970656e-05 - timing_per_token_ms/ref:0.10352967041317673 - perf/total_num_tokens:20642 - perf/time_per_step:7.778860689140856 - perf/throughput:2653.601963693198
[36m(TaskRunner pid=531819)[0m step:16 - global_seqlen/min:21017 - global_seqlen/max:21017 - global_seqlen/minmax_diff:0 - global_seqlen/balanced_min:21017 - global_seqlen/balanced_max:21017 - global_seqlen/mean:21017.0 - actor/entropy:0.1374354362487793 - perf/mfu/actor_infer:0.28806818010524676 - actor/pg_clipfrac:0.0 - actor/ppo_kl:0.0 - actor/pg_clipfrac_lower:0.0 - actor/pg_loss:0.0322108156979084 - actor/kl_loss:0.014356961182784289 - actor/kl_coef:0.001 - actor/loss:0.03222517669200897 - actor/grad_norm:0.7958017587661743 - actor/lr:1e-06 - actor/perf/max_memory_allocated_gb:57.54374361038208 - actor/perf/max_memory_reserved_gb:76.443359375 - actor/perf/cpu_memory_used_gb:21.160804748535156 - perf/mfu/actor:0.23766628005120352 - training/global_step:16 - training/epoch:0 - critic/score/mean:0.546875 - critic/score/max:1.0 - critic/score/min:0.0 - critic/rewards/mean:0.546875 - critic/rewards/max:1.0 - critic/rewards/min:0.0 - critic/advantages/mean:-0.03221079707145691 - critic/advantages/max:2.4748666286468506 - critic/advantages/min:-2.4748666286468506 - critic/returns/mean:-0.03221079707145691 - critic/returns/max:2.4748666286468506 - critic/returns/min:-2.4748666286468506 - response_length/mean:229.140625 - response_length/max:256.0 - response_length/min:157.0 - response_length/clip_ratio:0.484375 - response_length_non_aborted/mean:229.140625 - response_length_non_aborted/max:256.0 - response_length_non_aborted/min:157.0 - response_length_non_aborted/clip_ratio:0.484375 - response/aborted_ratio:0.0 - prompt_length/mean:99.25 - prompt_length/max:131.0 - prompt_length/min:79.0 - prompt_length/clip_ratio:0.0 - num_turns/min:2 - num_turns/max:2 - num_turns/mean:2.0 - timing_s/start_profile:8.214917033910751e-05 - timing_s/agent_loop/num_preempted/min:-1 - timing_s/agent_loop/num_preempted/max:-1 - timing_s/agent_loop/num_preempted/mean:-1.0 - timing_s/agent_loop/generate_sequences/min:0.7563322810456157 - timing_s/agent_loop/generate_sequences/max:1.216728711500764 - timing_s/agent_loop/generate_sequences/mean:1.0796264131786302 - timing_s/agent_loop/tool_calls/min:0.0 - timing_s/agent_loop/tool_calls/max:0.0 - timing_s/agent_loop/tool_calls/mean:0.0 - timing_s/agent_loop/compute_score/min:0.004313676618039608 - timing_s/agent_loop/compute_score/max:0.028047499246895313 - timing_s/agent_loop/compute_score/mean:0.008869053111993708 - timing_s/agent_loop/slowest/generate_sequences:1.1963213374838233 - timing_s/agent_loop/slowest/tool_calls:0.0 - timing_s/agent_loop/slowest/compute_score:0.024898200295865536 - timing_s/agent_loop/slowest/num_preempted:-1 - timing_s/agent_loop/slowest/prompt_length:117 - timing_s/agent_loop/slowest/response_length:256 - timing_s/gen:1.7746015451848507 - timing_s/reward:1.852959394454956e-05 - timing_s/old_log_prob:0.5779207721352577 - timing_s/ref:2.12597934063524 - timing_s/adv:0.0019620507955551147 - timing_s/update_actor:1.9246176918968558 - timing_s/update_weights:1.3278931677341461 - timing_s/step:7.75511434674263 - timing_s/stop_profile:7.755961269140244e-05 - timing_per_token_ms/gen:0.1210093109570304 - timing_per_token_ms/update_actor:0.0915743299184877 - timing_per_token_ms/adv:9.335541683185587e-05 - timing_per_token_ms/ref:0.10115522389661893 - perf/total_num_tokens:21017 - perf/time_per_step:7.75511434674263 - perf/throughput:2710.082541700722
[36m(TaskRunner pid=531819)[0m Training Progress:  68%|██████▊   | 17/25 [03:07<01:03,  7.96s/it]
[36m(WorkerDict pid=532349)[0m INFO:2026-07-24 03:23:31,377:update_weights done, time cost: 0.56s
[36m(TaskRunner pid=531819)[0m Training Progress:  72%|███████▏  | 18/25 [03:15<00:55,  7.89s/it]
[36m(WorkerDict pid=532349)[0m INFO:2026-07-24 03:23:39,328:update_weights done, time cost: 0.52s
[36m(TaskRunner pid=531819)[0m step:17 - global_seqlen/min:23131 - global_seqlen/max:23131 - global_seqlen/minmax_diff:0 - global_seqlen/balanced_min:23131 - global_seqlen/balanced_max:23131 - global_seqlen/mean:23131.0 - actor/entropy:0.17904022336006165 - perf/mfu/actor_infer:0.29328196244473675 - actor/pg_clipfrac:0.0 - actor/ppo_kl:0.0 - actor/pg_clipfrac_lower:0.0 - actor/pg_loss:0.0038224325980991125 - actor/kl_loss:0.016026283730752766 - actor/kl_coef:0.001 - actor/loss:0.00383845716714859 - actor/grad_norm:0.45788630843162537 - actor/lr:1e-06 - actor/perf/max_memory_allocated_gb:57.54374361038208 - actor/perf/max_memory_reserved_gb:76.443359375 - actor/perf/cpu_memory_used_gb:21.16556167602539 - perf/mfu/actor:0.24369169494319737 - training/global_step:17 - training/epoch:0 - critic/score/mean:0.28125 - critic/score/max:1.0 - critic/score/min:0.0 - critic/rewards/mean:0.28125 - critic/rewards/max:1.0 - critic/rewards/min:0.0 - critic/advantages/mean:-0.003822430269792676 - critic/advantages/max:2.4748666286468506 - critic/advantages/min:-0.35355237126350403 - critic/returns/mean:-0.003822430269792676 - critic/returns/max:2.4748666286468506 - critic/returns/min:-0.35355237126350403 - response_length/mean:242.796875 - response_length/max:256.0 - response_length/min:135.0 - response_length/clip_ratio:0.71875 - response_length_non_aborted/mean:242.796875 - response_length_non_aborted/max:256.0 - response_length_non_aborted/min:135.0 - response_length_non_aborted/clip_ratio:0.71875 - response/aborted_ratio:0.0 - prompt_length/mean:118.625 - prompt_length/max:145.0 - prompt_length/min:86.0 - prompt_length/clip_ratio:0.0 - num_turns/min:2 - num_turns/max:2 - num_turns/mean:2.0 - timing_s/start_profile:8.05296003818512e-05 - timing_s/agent_loop/num_preempted/min:-1 - timing_s/agent_loop/num_preempted/max:-1 - timing_s/agent_loop/num_preempted/mean:-1.0 - timing_s/agent_loop/generate_sequences/min:0.661526913754642 - timing_s/agent_loop/generate_sequences/max:1.2647705925628543 - timing_s/agent_loop/generate_sequences/mean:1.1733262258057948 - timing_s/agent_loop/tool_calls/min:0.0 - timing_s/agent_loop/tool_calls/max:0.0 - timing_s/agent_loop/tool_calls/mean:0.0 - timing_s/agent_loop/compute_score/min:0.004148079082369804 - timing_s/agent_loop/compute_score/max:0.02870420180261135 - timing_s/agent_loop/compute_score/mean:0.010985262473695911 - timing_s/agent_loop/slowest/generate_sequences:1.2647705925628543 - timing_s/agent_loop/slowest/tool_calls:0.0 - timing_s/agent_loop/slowest/compute_score:0.004148079082369804 - timing_s/agent_loop/slowest/num_preempted:-1 - timing_s/agent_loop/slowest/prompt_length:143 - timing_s/agent_loop/slowest/response_length:256 - timing_s/gen:1.8315432155504823 - timing_s/reward:1.6500242054462433e-05 - timing_s/old_log_prob:0.621259287931025 - timing_s/ref:2.1523691080510616 - timing_s/adv:0.0020021600648760796 - timing_s/update_actor:2.0592448133975267 - timing_s/update_weights:1.3329253802075982 - timing_s/step:8.021253394894302 - timing_s/stop_profile:7.711909711360931e-05 - timing_per_token_ms/gen:0.11786750856235809 - timing_per_token_ms/update_actor:0.08902532590020003 - timing_per_token_ms/adv:8.65574365516441e-05 - timing_per_token_ms/ref:0.09305127785444044 - perf/total_num_tokens:23131 - perf/time_per_step:8.021253394894302 - perf/throughput:2883.713911185423
[36m(TaskRunner pid=531819)[0m step:18 - global_seqlen/min:20392 - global_seqlen/max:20392 - global_seqlen/minmax_diff:0 - global_seqlen/balanced_min:20392 - global_seqlen/balanced_max:20392 - global_seqlen/mean:20392.0 - actor/entropy:0.1360909640789032 - perf/mfu/actor_infer:0.28384755735751876 - actor/pg_clipfrac:0.0 - actor/ppo_kl:0.0 - actor/pg_clipfrac_lower:0.0 - actor/pg_loss:0.03656942618545145 - actor/kl_loss:0.018605282763019204 - actor/kl_coef:0.001 - actor/loss:0.03658803179860115 - actor/grad_norm:0.9318804740905762 - actor/lr:1e-06 - actor/perf/max_memory_allocated_gb:57.54374361038208 - actor/perf/max_memory_reserved_gb:76.443359375 - actor/perf/cpu_memory_used_gb:21.170032501220703 - perf/mfu/actor:0.2343992886874463 - training/global_step:18 - training/epoch:0 - critic/score/mean:0.703125 - critic/score/max:1.0 - critic/score/min:0.0 - critic/rewards/mean:0.703125 - critic/rewards/max:1.0 - critic/rewards/min:0.0 - critic/advantages/mean:-0.03656940907239914 - critic/advantages/max:2.4748666286468506 - critic/advantages/min:-2.4748666286468506 - critic/returns/mean:-0.03656940907239914 - critic/returns/max:2.4748666286468506 - critic/returns/min:-2.4748666286468506 - response_length/mean:216.375 - response_length/max:256.0 - response_length/min:136.0 - response_length/clip_ratio:0.296875 - response_length_non_aborted/mean:216.375 - response_length_non_aborted/max:256.0 - response_length_non_aborted/min:136.0 - response_length_non_aborted/clip_ratio:0.296875 - response/aborted_ratio:0.0 - prompt_length/mean:102.25 - prompt_length/max:117.0 - prompt_length/min:87.0 - prompt_length/clip_ratio:0.0 - num_turns/min:2 - num_turns/max:2 - num_turns/mean:2.0 - timing_s/start_profile:7.500872015953064e-05 - timing_s/agent_loop/num_preempted/min:-1 - timing_s/agent_loop/num_preempted/max:-1 - timing_s/agent_loop/num_preempted/mean:-1.0 - timing_s/agent_loop/generate_sequences/min:0.6540006594732404 - timing_s/agent_loop/generate_sequences/max:1.1968368347734213 - timing_s/agent_loop/generate_sequences/mean:1.014580515344278 - timing_s/agent_loop/tool_calls/min:0.0 - timing_s/agent_loop/tool_calls/max:0.0 - timing_s/agent_loop/tool_calls/mean:0.0 - timing_s/agent_loop/compute_score/min:0.0037183230742812157 - timing_s/agent_loop/compute_score/max:0.029477445408701897 - timing_s/agent_loop/compute_score/mean:0.007928180508315563 - timing_s/agent_loop/slowest/generate_sequences:1.1968368347734213 - timing_s/agent_loop/slowest/tool_calls:0.0 - timing_s/agent_loop/slowest/compute_score:0.005479085259139538 - timing_s/agent_loop/slowest/num_preempted:-1 - timing_s/agent_loop/slowest/prompt_length:104 - timing_s/agent_loop/slowest/response_length:256 - timing_s/gen:1.75649574957788 - timing_s/reward:1.6850419342517853e-05 - timing_s/old_log_prob:0.5740654710680246 - timing_s/ref:2.1351769026368856 - timing_s/adv:0.002026098780333996 - timing_s/update_actor:1.8952736789360642 - timing_s/update_weights:1.3499603401869535 - timing_s/step:7.73550164885819 - timing_s/stop_profile:7.543899118900299e-05 - timing_per_token_ms/gen:0.12684111420984112 - timing_per_token_ms/update_actor:0.09294202034798275 - timing_per_token_ms/adv:9.935753140123557e-05 - timing_per_token_ms/ref:0.10470659585312307 - perf/total_num_tokens:20392 - perf/time_per_step:7.73550164885819 - perf/throughput:2636.157411072363
[36m(TaskRunner pid=531819)[0m Training Progress:  76%|███████▌  | 19/25 [03:23<00:47,  7.89s/it]
[36m(WorkerDict pid=532349)[0m INFO:2026-07-24 03:23:47,190:update_weights done, time cost: 0.53s
[36m(TaskRunner pid=531819)[0m Training Progress:  80%|████████  | 20/25 [03:31<00:39,  7.88s/it]
[36m(WorkerDict pid=532349)[0m INFO:2026-07-24 03:23:54,949:update_weights done, time cost: 0.51s
[36m(TaskRunner pid=531819)[0m step:19 - global_seqlen/min:22621 - global_seqlen/max:22621 - global_seqlen/minmax_diff:0 - global_seqlen/balanced_min:22621 - global_seqlen/balanced_max:22621 - global_seqlen/mean:22621.0 - actor/entropy:0.18070237338542938 - perf/mfu/actor_infer:0.2959538332023041 - actor/pg_clipfrac:0.0 - actor/ppo_kl:0.0 - actor/pg_clipfrac_lower:0.0 - actor/pg_loss:0.017398330383002758 - actor/kl_loss:0.022639816161245108 - actor/kl_coef:0.001 - actor/loss:0.017420973628759384 - actor/grad_norm:0.8088184595108032 - actor/lr:1e-06 - actor/perf/max_memory_allocated_gb:57.54374361038208 - actor/perf/max_memory_reserved_gb:76.443359375 - actor/perf/cpu_memory_used_gb:21.171371459960938 - perf/mfu/actor:0.2423582179282542 - training/global_step:19 - training/epoch:0 - critic/score/mean:0.359375 - critic/score/max:1.0 - critic/score/min:0.0 - critic/rewards/mean:0.359375 - critic/rewards/max:1.0 - critic/rewards/min:0.0 - critic/advantages/mean:-0.017398333176970482 - critic/advantages/max:2.4748666286468506 - critic/advantages/min:-1.6201815605163574 - critic/returns/mean:-0.017398333176970482 - critic/returns/max:2.4748666286468506 - critic/returns/min:-1.6201815605163574 - response_length/mean:239.453125 - response_length/max:256.0 - response_length/min:132.0 - response_length/clip_ratio:0.6875 - response_length_non_aborted/mean:239.453125 - response_length_non_aborted/max:256.0 - response_length_non_aborted/min:132.0 - response_length_non_aborted/clip_ratio:0.6875 - response/aborted_ratio:0.0 - prompt_length/mean:114.0 - prompt_length/max:152.0 - prompt_length/min:78.0 - prompt_length/clip_ratio:0.0 - num_turns/min:2 - num_turns/max:2 - num_turns/mean:2.0 - timing_s/start_profile:7.861852645874023e-05 - timing_s/agent_loop/num_preempted/min:-1 - timing_s/agent_loop/num_preempted/max:-1 - timing_s/agent_loop/num_preempted/mean:-1.0 - timing_s/agent_loop/generate_sequences/min:0.663089269772172 - timing_s/agent_loop/generate_sequences/max:1.2517860541120172 - timing_s/agent_loop/generate_sequences/mean:1.154135985809262 - timing_s/agent_loop/tool_calls/min:0.0 - timing_s/agent_loop/tool_calls/max:0.0 - timing_s/agent_loop/tool_calls/mean:0.0 - timing_s/agent_loop/compute_score/min:0.004352866671979427 - timing_s/agent_loop/compute_score/max:0.030290966853499413 - timing_s/agent_loop/compute_score/mean:0.01138460639049299 - timing_s/agent_loop/slowest/generate_sequences:1.2517860541120172 - timing_s/agent_loop/slowest/tool_calls:0.0 - timing_s/agent_loop/slowest/compute_score:0.004458975046873093 - timing_s/agent_loop/slowest/num_preempted:-1 - timing_s/agent_loop/slowest/prompt_length:139 - timing_s/agent_loop/slowest/response_length:256 - timing_s/gen:1.8324856702238321 - timing_s/reward:1.8520280718803406e-05 - timing_s/old_log_prob:0.6036246260628104 - timing_s/ref:2.1472102040424943 - timing_s/adv:0.0020028697326779366 - timing_s/update_actor:2.0258576115593314 - timing_s/update_weights:1.2520236736163497 - timing_s/step:7.885063516907394 - timing_s/stop_profile:7.795821875333786e-05 - timing_per_token_ms/gen:0.11957492138491564 - timing_per_token_ms/update_actor:0.0895565011077906 - timing_per_token_ms/adv:8.854028259926337e-05 - timing_per_token_ms/ref:0.09492110004166457 - perf/total_num_tokens:22621 - perf/time_per_step:7.885063516907394 - perf/throughput:2868.8418237209326
[36m(TaskRunner pid=531819)[0m step:20 - global_seqlen/min:21930 - global_seqlen/max:21930 - global_seqlen/minmax_diff:0 - global_seqlen/balanced_min:21930 - global_seqlen/balanced_max:21930 - global_seqlen/mean:21930.0 - actor/entropy:0.13713738322257996 - perf/mfu/actor_infer:0.28484770947769994 - actor/pg_clipfrac:0.0 - actor/ppo_kl:0.0 - actor/pg_clipfrac_lower:0.0 - actor/pg_loss:0.010037052677944303 - actor/kl_loss:0.020814572111703455 - actor/kl_coef:0.001 - actor/loss:0.010057867504656315 - actor/grad_norm:0.44282692670822144 - actor/lr:1e-06 - actor/perf/max_memory_allocated_gb:57.54374361038208 - actor/perf/max_memory_reserved_gb:76.443359375 - actor/perf/cpu_memory_used_gb:21.175865173339844 - perf/mfu/actor:0.23555441346131228 - training/global_step:20 - training/epoch:0 - critic/score/mean:0.375 - critic/score/max:1.0 - critic/score/min:0.0 - critic/rewards/mean:0.375 - critic/rewards/max:1.0 - critic/rewards/min:0.0 - critic/advantages/mean:-0.010037045925855637 - critic/advantages/max:1.6201815605163574 - critic/advantages/min:-1.6201815605163574 - critic/returns/mean:-0.010037045925855637 - critic/returns/max:1.6201815605163574 - critic/returns/min:-1.6201815605163574 - response_length/mean:226.15625 - response_length/max:256.0 - response_length/min:123.0 - response_length/clip_ratio:0.609375 - response_length_non_aborted/mean:226.15625 - response_length_non_aborted/max:256.0 - response_length_non_aborted/min:123.0 - response_length_non_aborted/clip_ratio:0.609375 - response/aborted_ratio:0.0 - prompt_length/mean:116.5 - prompt_length/max:168.0 - prompt_length/min:75.0 - prompt_length/clip_ratio:0.0 - num_turns/min:2 - num_turns/max:2 - num_turns/mean:2.0 - timing_s/start_profile:7.716938853263855e-05 - timing_s/agent_loop/num_preempted/min:-1 - timing_s/agent_loop/num_preempted/max:-1 - timing_s/agent_loop/num_preempted/mean:-1.0 - timing_s/agent_loop/generate_sequences/min:0.6079062232747674 - timing_s/agent_loop/generate_sequences/max:1.2438135165721178 - timing_s/agent_loop/generate_sequences/mean:1.0859087442368036 - timing_s/agent_loop/tool_calls/min:0.0 - timing_s/agent_loop/tool_calls/max:0.0 - timing_s/agent_loop/tool_calls/mean:0.0 - timing_s/agent_loop/compute_score/min:0.0042888568714261055 - timing_s/agent_loop/compute_score/max:0.02887772023677826 - timing_s/agent_loop/compute_score/mean:0.010037510248366743 - timing_s/agent_loop/slowest/generate_sequences:1.2438135165721178 - timing_s/agent_loop/slowest/tool_calls:0.0 - timing_s/agent_loop/slowest/compute_score:0.005044059827923775 - timing_s/agent_loop/slowest/num_preempted:-1 - timing_s/agent_loop/slowest/prompt_length:126 - timing_s/agent_loop/slowest/response_length:256 - timing_s/gen:1.7906734915450215 - timing_s/reward:1.7950311303138733e-05 - timing_s/old_log_prob:0.6099841222167015 - timing_s/ref:2.1424181954935193 - timing_s/adv:0.0019963206723332405 - timing_s/update_actor:2.022422479465604 - timing_s/update_weights:1.255770548246801 - timing_s/step:7.844813420437276 - timing_s/stop_profile:7.429905235767365e-05 - timing_per_token_ms/gen:0.12371656014543468 - timing_per_token_ms/update_actor:0.09222172728981322 - timing_per_token_ms/adv:9.103149440644051e-05 - timing_per_token_ms/ref:0.09769348816659915 - perf/total_num_tokens:21930 - perf/time_per_step:7.844813420437276 - perf/throughput:2795.477575396255
[36m(TaskRunner pid=531819)[0m Training Progress:  84%|████████▍ | 21/25 [03:38<00:31,  7.84s/it]
[36m(WorkerDict pid=532349)[0m INFO:2026-07-24 03:24:02,472:update_weights done, time cost: 0.53s
[36m(TaskRunner pid=531819)[0m Training Progress:  88%|████████▊ | 22/25 [03:46<00:23,  7.75s/it]
[36m(WorkerDict pid=532349)[0m INFO:2026-07-24 03:24:10,233:update_weights done, time cost: 0.51s
[36m(TaskRunner pid=531819)[0m step:21 - global_seqlen/min:21596 - global_seqlen/max:21596 - global_seqlen/minmax_diff:0 - global_seqlen/balanced_min:21596 - global_seqlen/balanced_max:21596 - global_seqlen/mean:21596.0 - actor/entropy:0.12199901789426804 - perf/mfu/actor_infer:0.2925066926665332 - actor/pg_clipfrac:0.0 - actor/ppo_kl:0.0 - actor/pg_clipfrac_lower:0.0 - actor/pg_loss:0.012899374589323997 - actor/kl_loss:0.02467391628306359 - actor/kl_coef:0.001 - actor/loss:0.012924056500196457 - actor/grad_norm:0.7332146167755127 - actor/lr:1e-06 - actor/perf/max_memory_allocated_gb:57.54374361038208 - actor/perf/max_memory_reserved_gb:76.4453125 - actor/perf/cpu_memory_used_gb:21.182052612304688 - perf/mfu/actor:0.23774236092327178 - training/global_step:21 - training/epoch:0 - critic/score/mean:0.484375 - critic/score/max:1.0 - critic/score/min:0.0 - critic/rewards/mean:0.484375 - critic/rewards/max:1.0 - critic/rewards/min:0.0 - critic/advantages/mean:-0.012899374589323997 - critic/advantages/max:2.4748666286468506 - critic/advantages/min:-0.935412585735321 - critic/returns/mean:-0.012899374589323997 - critic/returns/max:2.4748666286468506 - critic/returns/min:-0.935412585735321 - response_length/mean:230.3125 - response_length/max:256.0 - response_length/min:135.0 - response_length/clip_ratio:0.546875 - response_length_non_aborted/mean:230.3125 - response_length_non_aborted/max:256.0 - response_length_non_aborted/min:135.0 - response_length_non_aborted/clip_ratio:0.546875 - response/aborted_ratio:0.0 - prompt_length/mean:107.125 - prompt_length/max:171.0 - prompt_length/min:78.0 - prompt_length/clip_ratio:0.0 - num_turns/min:2 - num_turns/max:2 - num_turns/mean:2.0 - timing_s/start_profile:7.698871195316315e-05 - timing_s/agent_loop/num_preempted/min:-1 - timing_s/agent_loop/num_preempted/max:-1 - timing_s/agent_loop/num_preempted/mean:-1.0 - timing_s/agent_loop/generate_sequences/min:0.6640100413933396 - timing_s/agent_loop/generate_sequences/max:1.236933565698564 - timing_s/agent_loop/generate_sequences/mean:1.106518483866239 - timing_s/agent_loop/tool_calls/min:0.0 - timing_s/agent_loop/tool_calls/max:0.0 - timing_s/agent_loop/tool_calls/mean:0.0 - timing_s/agent_loop/compute_score/min:0.004296037368476391 - timing_s/agent_loop/compute_score/max:0.027750512585043907 - timing_s/agent_loop/compute_score/mean:0.009902212041197345 - timing_s/agent_loop/slowest/generate_sequences:1.236933565698564 - timing_s/agent_loop/slowest/tool_calls:0.0 - timing_s/agent_loop/slowest/compute_score:0.004296037368476391 - timing_s/agent_loop/slowest/num_preempted:-1 - timing_s/agent_loop/slowest/prompt_length:128 - timing_s/agent_loop/slowest/response_length:256 - timing_s/gen:1.787022229284048 - timing_s/reward:1.924019306898117e-05 - timing_s/old_log_prob:0.5875898683443666 - timing_s/ref:2.1425293553620577 - timing_s/adv:0.001990780234336853 - timing_s/update_actor:1.975486682727933 - timing_s/update_weights:1.2415157612413168 - timing_s/step:7.758805998601019 - timing_s/stop_profile:7.929932326078415e-05 - timing_per_token_ms/gen:0.12123624350638047 - timing_per_token_ms/update_actor:0.09147465654417174 - timing_per_token_ms/adv:9.218282248272148e-05 - timing_per_token_ms/ref:0.0992095459975022 - perf/total_num_tokens:21596 - perf/time_per_step:7.758805998601019 - perf/throughput:2783.417964554591
[36m(TaskRunner pid=531819)[0m step:22 - global_seqlen/min:19155 - global_seqlen/max:19155 - global_seqlen/minmax_diff:0 - global_seqlen/balanced_min:19155 - global_seqlen/balanced_max:19155 - global_seqlen/mean:19155.0 - actor/entropy:0.13398420810699463 - perf/mfu/actor_infer:0.27818624962621663 - actor/pg_clipfrac:0.0 - actor/ppo_kl:0.0 - actor/pg_clipfrac_lower:0.0 - actor/pg_loss:0.0303673492744565 - actor/kl_loss:0.02594818128272891 - actor/kl_coef:0.001 - actor/loss:0.030393294990062714 - actor/grad_norm:0.8656089901924133 - actor/lr:1e-06 - actor/perf/max_memory_allocated_gb:57.54374361038208 - actor/perf/max_memory_reserved_gb:76.4453125 - actor/perf/cpu_memory_used_gb:21.184295654296875 - perf/mfu/actor:0.22637773376042797 - training/global_step:22 - training/epoch:0 - critic/score/mean:0.796875 - critic/score/max:1.0 - critic/score/min:0.0 - critic/rewards/mean:0.796875 - critic/rewards/max:1.0 - critic/rewards/min:0.0 - critic/advantages/mean:-0.03036733902990818 - critic/advantages/max:1.6201815605163574 - critic/advantages/min:-2.4748666286468506 - critic/returns/mean:-0.03036733902990818 - critic/returns/max:1.6201815605163574 - critic/returns/min:-2.4748666286468506 - response_length/mean:200.171875 - response_length/max:256.0 - response_length/min:125.0 - response_length/clip_ratio:0.15625 - response_length_non_aborted/mean:200.171875 - response_length_non_aborted/max:256.0 - response_length_non_aborted/min:125.0 - response_length_non_aborted/clip_ratio:0.15625 - response/aborted_ratio:0.0 - prompt_length/mean:99.125 - prompt_length/max:110.0 - prompt_length/min:90.0 - prompt_length/clip_ratio:0.0 - num_turns/min:2 - num_turns/max:2 - num_turns/mean:2.0 - timing_s/start_profile:7.700826972723007e-05 - timing_s/agent_loop/num_preempted/min:-1 - timing_s/agent_loop/num_preempted/max:-1 - timing_s/agent_loop/num_preempted/mean:-1.0 - timing_s/agent_loop/generate_sequences/min:0.6172258909791708 - timing_s/agent_loop/generate_sequences/max:1.1775847831740975 - timing_s/agent_loop/generate_sequences/mean:0.940628981377813 - timing_s/agent_loop/tool_calls/min:0.0 - timing_s/agent_loop/tool_calls/max:0.0 - timing_s/agent_loop/tool_calls/mean:0.0 - timing_s/agent_loop/compute_score/min:0.003787672147154808 - timing_s/agent_loop/compute_score/max:0.01886712945997715 - timing_s/agent_loop/compute_score/mean:0.006100585902458988 - timing_s/agent_loop/slowest/generate_sequences:1.1775847831740975 - timing_s/agent_loop/slowest/tool_calls:0.0 - timing_s/agent_loop/slowest/compute_score:0.0053616054356098175 - timing_s/agent_loop/slowest/num_preempted:-1 - timing_s/agent_loop/slowest/prompt_length:102 - timing_s/agent_loop/slowest/response_length:256 - timing_s/gen:1.7249018251895905 - timing_s/reward:1.9108876585960388e-05 - timing_s/old_log_prob:0.5503385327756405 - timing_s/ref:2.1184610798954964 - timing_s/adv:0.002029240131378174 - timing_s/update_actor:1.8442860282957554 - timing_s/update_weights:1.2631910555064678 - timing_s/step:7.526631995104253 - timing_s/stop_profile:9.86289232969284e-05 - timing_per_token_ms/gen:0.13464224691199675 - timing_per_token_ms/update_actor:0.09628222543961135 - timing_per_token_ms/adv:0.00010593788208708817 - timing_per_token_ms/ref:0.1105957233043851 - perf/total_num_tokens:19155 - perf/time_per_step:7.526631995104253 - perf/throughput:2544.9630076851763
[36m(TaskRunner pid=531819)[0m Training Progress:  92%|█████████▏| 23/25 [03:54<00:15,  7.75s/it]
[36m(WorkerDict pid=532349)[0m INFO:2026-07-24 03:24:17,892:update_weights done, time cost: 0.54s
[36m(TaskRunner pid=531819)[0m Training Progress:  96%|█████████▌| 24/25 [04:01<00:07,  7.73s/it]
[36m(WorkerDict pid=532349)[0m INFO:2026-07-24 03:24:25,590:update_weights done, time cost: 0.52s
[36m(TaskRunner pid=531819)[0m step:23 - global_seqlen/min:21489 - global_seqlen/max:21489 - global_seqlen/minmax_diff:0 - global_seqlen/balanced_min:21489 - global_seqlen/balanced_max:21489 - global_seqlen/mean:21489.0 - actor/entropy:0.11897455155849457 - perf/mfu/actor_infer:0.28756998324984956 - actor/pg_clipfrac:0.0 - actor/ppo_kl:0.0 - actor/pg_clipfrac_lower:0.0 - actor/pg_loss:0.03646293934434652 - actor/kl_loss:0.025417007971554995 - actor/kl_coef:0.001 - actor/loss:0.03648835048079491 - actor/grad_norm:0.877704918384552 - actor/lr:1e-06 - actor/perf/max_memory_allocated_gb:57.54374361038208 - actor/perf/max_memory_reserved_gb:76.447265625 - actor/perf/cpu_memory_used_gb:21.20038604736328 - perf/mfu/actor:0.23726402505847655 - training/global_step:23 - training/epoch:0 - critic/score/mean:0.578125 - critic/score/max:1.0 - critic/score/min:0.0 - critic/rewards/mean:0.578125 - critic/rewards/max:1.0 - critic/rewards/min:0.0 - critic/advantages/mean:-0.036462944000959396 - critic/advantages/max:1.20761239528656 - critic/advantages/min:-1.6201815605163574 - critic/returns/mean:-0.036462944000959396 - critic/returns/max:1.20761239528656 - critic/returns/min:-1.6201815605163574 - response_length/mean:231.765625 - response_length/max:256.0 - response_length/min:139.0 - response_length/clip_ratio:0.40625 - response_length_non_aborted/mean:231.765625 - response_length_non_aborted/max:256.0 - response_length_non_aborted/min:139.0 - response_length_non_aborted/clip_ratio:0.40625 - response/aborted_ratio:0.0 - prompt_length/mean:104.0 - prompt_length/max:140.0 - prompt_length/min:82.0 - prompt_length/clip_ratio:0.0 - num_turns/min:2 - num_turns/max:2 - num_turns/mean:2.0 - timing_s/start_profile:7.836893200874329e-05 - timing_s/agent_loop/num_preempted/min:-1 - timing_s/agent_loop/num_preempted/max:-1 - timing_s/agent_loop/num_preempted/mean:-1.0 - timing_s/agent_loop/generate_sequences/min:0.6743533797562122 - timing_s/agent_loop/generate_sequences/max:1.2248774291947484 - timing_s/agent_loop/generate_sequences/mean:1.1017202118964633 - timing_s/agent_loop/tool_calls/min:0.0 - timing_s/agent_loop/tool_calls/max:0.0 - timing_s/agent_loop/tool_calls/mean:0.0 - timing_s/agent_loop/compute_score/min:0.0037502432242035866 - timing_s/agent_loop/compute_score/max:0.02064898330718279 - timing_s/agent_loop/compute_score/mean:0.007373001542873681 - timing_s/agent_loop/slowest/generate_sequences:1.2248774291947484 - timing_s/agent_loop/slowest/tool_calls:0.0 - timing_s/agent_loop/slowest/compute_score:0.005164057947695255 - timing_s/agent_loop/slowest/num_preempted:-1 - timing_s/agent_loop/slowest/prompt_length:95 - timing_s/agent_loop/slowest/response_length:256 - timing_s/gen:1.786540257744491 - timing_s/reward:1.6530044376850128e-05 - timing_s/old_log_prob:0.591049624606967 - timing_s/ref:2.132700579240918 - timing_s/adv:0.0019896402955055237 - timing_s/update_actor:1.9718358619138598 - timing_s/update_weights:1.242062428034842 - timing_s/step:7.748874933458865 - timing_s/stop_profile:7.388927042484283e-05 - timing_per_token_ms/gen:0.12044362285070391 - timing_per_token_ms/update_actor:0.09176024300404206 - timing_per_token_ms/adv:9.258878009705076e-05 - timing_per_token_ms/ref:0.09924615288012091 - perf/total_num_tokens:21489 - perf/time_per_step:7.748874933458865 - perf/throughput:2773.176775277744
[36m(TaskRunner pid=531819)[0m step:24 - global_seqlen/min:19779 - global_seqlen/max:19779 - global_seqlen/minmax_diff:0 - global_seqlen/balanced_min:19779 - global_seqlen/balanced_max:19779 - global_seqlen/mean:19779.0 - actor/entropy:0.13727621734142303 - perf/mfu/actor_infer:0.27885701691155085 - actor/pg_clipfrac:0.0 - actor/ppo_kl:0.0 - actor/pg_clipfrac_lower:0.0 - actor/pg_loss:0.04054171871393919 - actor/kl_loss:0.023227327037602663 - actor/kl_coef:0.001 - actor/loss:0.040564946830272675 - actor/grad_norm:1.018958330154419 - actor/lr:1e-06 - actor/perf/max_memory_allocated_gb:57.54374361038208 - actor/perf/max_memory_reserved_gb:76.447265625 - actor/perf/cpu_memory_used_gb:21.19770050048828 - perf/mfu/actor:0.22505233832547597 - training/global_step:24 - training/epoch:0 - critic/score/mean:0.515625 - critic/score/max:1.0 - critic/score/min:0.0 - critic/rewards/mean:0.515625 - critic/rewards/max:1.0 - critic/rewards/min:0.0 - critic/advantages/mean:-0.04054170846939087 - critic/advantages/max:2.4748666286468506 - critic/advantages/min:-1.6201815605163574 - critic/returns/mean:-0.04054170846939087 - critic/returns/max:2.4748666286468506 - critic/returns/min:-1.6201815605163574 - response_length/mean:214.546875 - response_length/max:256.0 - response_length/min:103.0 - response_length/clip_ratio:0.421875 - response_length_non_aborted/mean:214.546875 - response_length_non_aborted/max:256.0 - response_length_non_aborted/min:103.0 - response_length_non_aborted/clip_ratio:0.421875 - response/aborted_ratio:0.0 - prompt_length/mean:94.5 - prompt_length/max:130.0 - prompt_length/min:68.0 - prompt_length/clip_ratio:0.0 - num_turns/min:2 - num_turns/max:2 - num_turns/mean:2.0 - timing_s/start_profile:7.68592581152916e-05 - timing_s/agent_loop/num_preempted/min:-1 - timing_s/agent_loop/num_preempted/max:-1 - timing_s/agent_loop/num_preempted/mean:-1.0 - timing_s/agent_loop/generate_sequences/min:0.49959765188395977 - timing_s/agent_loop/generate_sequences/max:1.2047812724485993 - timing_s/agent_loop/generate_sequences/mean:1.0033465353189968 - timing_s/agent_loop/tool_calls/min:0.0 - timing_s/agent_loop/tool_calls/max:0.0 - timing_s/agent_loop/tool_calls/mean:0.0 - timing_s/agent_loop/compute_score/min:0.003994770348072052 - timing_s/agent_loop/compute_score/max:0.02422802709043026 - timing_s/agent_loop/compute_score/mean:0.008686736255185679 - timing_s/agent_loop/slowest/generate_sequences:1.2047812724485993 - timing_s/agent_loop/slowest/tool_calls:0.0 - timing_s/agent_loop/slowest/compute_score:0.005125168710947037 - timing_s/agent_loop/slowest/num_preempted:-1 - timing_s/agent_loop/slowest/prompt_length:110 - timing_s/agent_loop/slowest/response_length:256 - timing_s/gen:1.7573729129508138 - timing_s/reward:2.4770386517047882e-05 - timing_s/old_log_prob:0.5628501968458295 - timing_s/ref:2.1273887241259217 - timing_s/adv:0.0019807200878858566 - timing_s/update_actor:1.9176669074222445 - timing_s/update_weights:1.2812708271667361 - timing_s/step:7.671060621738434 - timing_s/stop_profile:7.648859173059464e-05 - timing_per_token_ms/gen:0.12798579221839734 - timing_per_token_ms/update_actor:0.0969546947480785 - timing_per_token_ms/adv:0.00010014257990221227 - timing_per_token_ms/ref:0.10755795157115737 - perf/total_num_tokens:19779 - perf/time_per_step:7.671060621738434 - perf/throughput:2578.391825499306
[36m(TaskRunner pid=531819)[0m Training Progress: 100%|██████████| 25/25 [04:09<00:00,  7.72s/it]Training Progress: 100%|██████████| 25/25 [04:09<00:00,  9.98s/it]
[36m(TaskRunner pid=531819)[0m Exception ignored in atexit callback: <function _exit_function at 0x7134785ed630>
[36m(TaskRunner pid=531819)[0m Traceback (most recent call last):
[36m(TaskRunner pid=531819)[0m   File "/home/hyin66/micromamba/envs/verl/lib/python3.10/multiprocessing/util.py", line 357, in _exit_function
[36m(TaskRunner pid=531819)[0m     p.join()
[36m(TaskRunner pid=531819)[0m   File "/home/hyin66/micromamba/envs/verl/lib/python3.10/multiprocessing/process.py", line 149, in join
[36m(TaskRunner pid=531819)[0m     res = self._popen.wait(timeout)
[36m(TaskRunner pid=531819)[0m   File "/home/hyin66/micromamba/envs/verl/lib/python3.10/multiprocessing/popen_fork.py", line 43, in wait
[36m(TaskRunner pid=531819)[0m     return self.poll(os.WNOHANG if timeout == 0.0 else 0)
[36m(TaskRunner pid=531819)[0m   File "/home/hyin66/micromamba/envs/verl/lib/python3.10/multiprocessing/popen_fork.py", line 27, in poll
[36m(TaskRunner pid=531819)[0m     pid, sts = os.waitpid(self.pid, flag)
[36m(TaskRunner pid=531819)[0m   File "/home/hyin66/micromamba/envs/verl/lib/python3.10/site-packages/torch/utils/data/_utils/signal_handling.py", line 73, in handler
[36m(TaskRunner pid=531819)[0m     _error_if_any_worker_fails()
[36m(TaskRunner pid=531819)[0m RuntimeError: DataLoader worker (pid 534618) is killed by signal: Killed. 
[36m(TaskRunner pid=531819)[0m step:25 - global_seqlen/min:20405 - global_seqlen/max:20405 - global_seqlen/minmax_diff:0 - global_seqlen/balanced_min:20405 - global_seqlen/balanced_max:20405 - global_seqlen/mean:20405.0 - actor/entropy:0.16472125053405762 - perf/mfu/actor_infer:0.2845482301112577 - actor/pg_clipfrac:0.0 - actor/ppo_kl:0.0 - actor/pg_clipfrac_lower:0.0 - actor/pg_loss:0.027855990803800523 - actor/kl_loss:0.0327827138826251 - actor/kl_coef:0.001 - actor/loss:0.027888773009181023 - actor/grad_norm:0.9676628112792969 - actor/lr:1e-06 - actor/perf/max_memory_allocated_gb:57.54374361038208 - actor/perf/max_memory_reserved_gb:76.447265625 - actor/perf/cpu_memory_used_gb:21.2008056640625 - perf/mfu/actor:0.23197331768836435 - training/global_step:25 - training/epoch:0 - critic/score/mean:0.609375 - critic/score/max:1.0 - critic/score/min:0.0 - critic/rewards/mean:0.609375 - critic/rewards/max:1.0 - critic/rewards/min:0.0 - critic/advantages/mean:-0.027855990454554558 - critic/advantages/max:2.4748666286468506 - critic/advantages/min:-2.4748666286468506 - critic/returns/mean:-0.027855990454554558 - critic/returns/max:2.4748666286468506 - critic/returns/min:-2.4748666286468506 - response_length/mean:212.953125 - response_length/max:256.0 - response_length/min:152.0 - response_length/clip_ratio:0.234375 - response_length_non_aborted/mean:212.953125 - response_length_non_aborted/max:256.0 - response_length_non_aborted/min:152.0 - response_length_non_aborted/clip_ratio:0.234375 - response/aborted_ratio:0.0 - prompt_length/mean:105.875 - prompt_length/max:159.0 - prompt_length/min:78.0 - prompt_length/clip_ratio:0.0 - num_turns/min:2 - num_turns/max:2 - num_turns/mean:2.0 - timing_s/start_profile:7.718894630670547e-05 - timing_s/agent_loop/num_preempted/min:-1 - timing_s/agent_loop/num_preempted/max:-1 - timing_s/agent_loop/num_preempted/mean:-1.0 - timing_s/agent_loop/generate_sequences/min:0.7363715888932347 - timing_s/agent_loop/generate_sequences/max:1.2155497847124934 - timing_s/agent_loop/generate_sequences/mean:1.0118323856440838 - timing_s/agent_loop/tool_calls/min:0.0 - timing_s/agent_loop/tool_calls/max:0.0 - timing_s/agent_loop/tool_calls/mean:0.0 - timing_s/agent_loop/compute_score/min:0.0037836525589227676 - timing_s/agent_loop/compute_score/max:0.023118488490581512 - timing_s/agent_loop/compute_score/mean:0.006566563824890181 - timing_s/agent_loop/slowest/generate_sequences:1.2155497847124934 - timing_s/agent_loop/slowest/tool_calls:0.0 - timing_s/agent_loop/slowest/compute_score:0.0047663915902376175 - timing_s/agent_loop/slowest/num_preempted:-1 - timing_s/agent_loop/slowest/prompt_length:107 - timing_s/agent_loop/slowest/response_length:256 - timing_s/gen:1.7778020706027746 - timing_s/reward:1.7998740077018738e-05 - timing_s/old_log_prob:0.5698674377053976 - timing_s/ref:2.136490885168314 - timing_s/adv:0.0020326394587755203 - timing_s/update_actor:1.918075853958726 - timing_s/update_weights:1.269551175646484 - timing_s/step:7.696568843908608 - timing_s/stop_profile:7.923971861600876e-05 - timing_per_token_ms/gen:0.13044259084325882 - timing_per_token_ms/update_actor:0.09400028688844528 - timing_per_token_ms/adv:9.961477376993483e-05 - timing_per_token_ms/ref:0.10470428253704063 - perf/total_num_tokens:20405 - perf/time_per_step:7.696568843908608 - perf/throughput:2651.181378849016
[36m(TaskRunner pid=531819)[0m 'Final validation metrics: None'
