/home/hyin66/micromamba/envs/verl/lib/python3.10/site-packages/verl/workers/engine/mindspeed/transformer_impl.py:24: UserWarning: NPU not support router replay for now.
  from verl.utils.megatron.router_replay_patch import RouterReplay
/home/hyin66/micromamba/envs/verl/lib/python3.10/site-packages/verl/trainer/main_ppo.py:380: FutureWarning: Warning: Function '__main__.main' is deprecated. Please use 'main_ppo.py is deprecated, and wil be replaced by main_ppo_sync.py in v0.8.0, please use main_ppo_sync.py instead.' instead.
  main()
2026-07-25 13:52:12,145	INFO worker.py:2015 -- Started a local Ray instance. View the dashboard at [1m[32m127.0.0.1:8265 [39m[22m
[36m(pid=776037)[0m /home/hyin66/micromamba/envs/verl/lib/python3.10/site-packages/verl/workers/engine/mindspeed/transformer_impl.py:24: UserWarning: NPU not support router replay for now.
[36m(pid=776037)[0m   from verl.utils.megatron.router_replay_patch import RouterReplay
ray init kwargs: {'num_cpus': None, 'runtime_env': {'env_vars': {'NCCL_DEBUG': 'WARN', 'VLLM_ALLOW_RUNTIME_LORA_UPDATING': 'true', 'CUDA_DEVICE_MAX_CONNECTIONS': '1', 'VLLM_DISABLE_COMPILE_CACHE': '1', 'HCCL_HOST_SOCKET_PORT_RANGE': 'auto', 'HCCL_NPU_SOCKET_PORT_RANGE': 'auto', 'HSA_NO_SCRATCH_RECLAIM': '1'}, 'working_dir': None}}
[36m(TaskRunner pid=776037)[0m TaskRunner hostname: hyin66-h200-01-0, PID: 776037
[36m(TaskRunner pid=776037)[0m {'actor_rollout_ref': {'actor': {'_target_': 'verl.workers.config.FSDPActorConfig',
[36m(TaskRunner pid=776037)[0m                                  'calculate_entropy': False,
[36m(TaskRunner pid=776037)[0m                                  'calculate_sum_pi_squared': False,
[36m(TaskRunner pid=776037)[0m                                  'checkpoint': {'_target_': 'verl.trainer.config.CheckpointConfig',
[36m(TaskRunner pid=776037)[0m                                                 'async_save': False,
[36m(TaskRunner pid=776037)[0m                                                 'load_contents': ['model',
[36m(TaskRunner pid=776037)[0m                                                                   'optimizer',
[36m(TaskRunner pid=776037)[0m                                                                   'extra'],
[36m(TaskRunner pid=776037)[0m                                                 'mbridge_config': {},
[36m(TaskRunner pid=776037)[0m                                                 'save_contents': ['model',
[36m(TaskRunner pid=776037)[0m                                                                   'optimizer',
[36m(TaskRunner pid=776037)[0m                                                                   'extra'],
[36m(TaskRunner pid=776037)[0m                                                 'strict': True},
[36m(TaskRunner pid=776037)[0m                                  'clip_ratio': 0.2,
[36m(TaskRunner pid=776037)[0m                                  'clip_ratio_c': 3.0,
[36m(TaskRunner pid=776037)[0m                                  'clip_ratio_high': 0.2,
[36m(TaskRunner pid=776037)[0m                                  'clip_ratio_low': 0.2,
[36m(TaskRunner pid=776037)[0m                                  'data_loader_seed': 42,
[36m(TaskRunner pid=776037)[0m                                  'entropy_checkpointing': False,
[36m(TaskRunner pid=776037)[0m                                  'entropy_coeff': 0,
[36m(TaskRunner pid=776037)[0m                                  'entropy_from_logits_with_chunking': False,
[36m(TaskRunner pid=776037)[0m                                  'freeze_vision_tower': False,
[36m(TaskRunner pid=776037)[0m                                  'fsdp_config': {'_target_': 'verl.workers.config.FSDPEngineConfig',
[36m(TaskRunner pid=776037)[0m                                                  'dtype': 'bfloat16',
[36m(TaskRunner pid=776037)[0m                                                  'entropy_checkpointing': False,
[36m(TaskRunner pid=776037)[0m                                                  'entropy_from_logits_with_chunking': False,
[36m(TaskRunner pid=776037)[0m                                                  'forward_only': False,
[36m(TaskRunner pid=776037)[0m                                                  'forward_prefetch': False,
[36m(TaskRunner pid=776037)[0m                                                  'fsdp_size': -1,
[36m(TaskRunner pid=776037)[0m                                                  'full_determinism': False,
[36m(TaskRunner pid=776037)[0m                                                  'model_dtype': 'fp32',
[36m(TaskRunner pid=776037)[0m                                                  'offload_policy': False,
[36m(TaskRunner pid=776037)[0m                                                  'optimizer_offload': False,
[36m(TaskRunner pid=776037)[0m                                                  'param_offload': False,
[36m(TaskRunner pid=776037)[0m                                                  'qat': {'_target_': 'verl.workers.config.QATEngineConfig',
[36m(TaskRunner pid=776037)[0m                                                          'activation_observer': 'static_minmax',
[36m(TaskRunner pid=776037)[0m                                                          'enable': False,
[36m(TaskRunner pid=776037)[0m                                                          'group_size': 16,
[36m(TaskRunner pid=776037)[0m                                                          'ignore_patterns': ['lm_head',
[36m(TaskRunner pid=776037)[0m                                                                              'embed_tokens',
[36m(TaskRunner pid=776037)[0m                                                                              're:.*mlp.gate$'],
[36m(TaskRunner pid=776037)[0m                                                          'mode': 'w4a16',
[36m(TaskRunner pid=776037)[0m                                                          'quantization_config_path': None},
[36m(TaskRunner pid=776037)[0m                                                  'reshard_after_forward': True,
[36m(TaskRunner pid=776037)[0m                                                  'seed': 42,
[36m(TaskRunner pid=776037)[0m                                                  'strategy': 'fsdp',
[36m(TaskRunner pid=776037)[0m                                                  'ulysses_sequence_parallel_size': 1,
[36m(TaskRunner pid=776037)[0m                                                  'use_orig_params': False,
[36m(TaskRunner pid=776037)[0m                                                  'use_torch_compile': True,
[36m(TaskRunner pid=776037)[0m                                                  'wrap_policy': {'min_num_params': 0}},
[36m(TaskRunner pid=776037)[0m                                  'grad_clip': 1.0,
[36m(TaskRunner pid=776037)[0m                                  'kl_loss_coef': 0.001,
[36m(TaskRunner pid=776037)[0m                                  'kl_loss_type': 'low_var_kl',
[36m(TaskRunner pid=776037)[0m                                  'loss_agg_mode': 'token-mean',
[36m(TaskRunner pid=776037)[0m                                  'loss_scale_factor': None,
[36m(TaskRunner pid=776037)[0m                                  'optim': {'_target_': 'verl.workers.config.FSDPOptimizerConfig',
[36m(TaskRunner pid=776037)[0m                                            'betas': [0.9, 0.999],
[36m(TaskRunner pid=776037)[0m                                            'clip_grad': 1.0,
[36m(TaskRunner pid=776037)[0m                                            'lr': 1e-06,
[36m(TaskRunner pid=776037)[0m                                            'lr_scheduler_type': 'constant',
[36m(TaskRunner pid=776037)[0m                                            'lr_warmup_steps': -1,
[36m(TaskRunner pid=776037)[0m                                            'lr_warmup_steps_ratio': 0.0,
[36m(TaskRunner pid=776037)[0m                                            'min_lr_ratio': 0.0,
[36m(TaskRunner pid=776037)[0m                                            'num_cycles': 0.5,
[36m(TaskRunner pid=776037)[0m                                            'optimizer': 'AdamW',
[36m(TaskRunner pid=776037)[0m                                            'optimizer_impl': 'torch.optim',
[36m(TaskRunner pid=776037)[0m                                            'override_optimizer_config': None,
[36m(TaskRunner pid=776037)[0m                                            'total_training_steps': -1,
[36m(TaskRunner pid=776037)[0m                                            'warmup_style': None,
[36m(TaskRunner pid=776037)[0m                                            'weight_decay': 0.01,
[36m(TaskRunner pid=776037)[0m                                            'zero_indexed_step': True},
[36m(TaskRunner pid=776037)[0m                                  'policy_loss': {'_target_': 'verl.workers.config.PolicyLossConfig',
[36m(TaskRunner pid=776037)[0m                                                  'clip_cov_lb': 1.0,
[36m(TaskRunner pid=776037)[0m                                                  'clip_cov_ratio': 0.0002,
[36m(TaskRunner pid=776037)[0m                                                  'clip_cov_ub': 5.0,
[36m(TaskRunner pid=776037)[0m                                                  'kl_cov_ratio': 0.0002,
[36m(TaskRunner pid=776037)[0m                                                  'loss_mode': 'vanilla',
[36m(TaskRunner pid=776037)[0m                                                  'ppo_kl_coef': 0.1},
[36m(TaskRunner pid=776037)[0m                                  'ppo_epochs': 1,
[36m(TaskRunner pid=776037)[0m                                  'ppo_max_token_len_per_gpu': 16384,
[36m(TaskRunner pid=776037)[0m                                  'ppo_micro_batch_size': None,
[36m(TaskRunner pid=776037)[0m                                  'ppo_micro_batch_size_per_gpu': 8,
[36m(TaskRunner pid=776037)[0m                                  'ppo_mini_batch_size': 8,
[36m(TaskRunner pid=776037)[0m                                  'profiler': {'_target_': 'verl.utils.profiler.ProfilerConfig',
[36m(TaskRunner pid=776037)[0m                                               'all_ranks': False,
[36m(TaskRunner pid=776037)[0m                                               'enable': False,
[36m(TaskRunner pid=776037)[0m                                               'ranks': [],
[36m(TaskRunner pid=776037)[0m                                               'save_path': 'outputs/profile',
[36m(TaskRunner pid=776037)[0m                                               'tool': None,
[36m(TaskRunner pid=776037)[0m                                               'tool_config': {'npu': {'_target_': 'verl.utils.profiler.config.NPUToolConfig',
[36m(TaskRunner pid=776037)[0m                                                                       'analysis': True,
[36m(TaskRunner pid=776037)[0m                                                                       'contents': [],
[36m(TaskRunner pid=776037)[0m                                                                       'discrete': False,
[36m(TaskRunner pid=776037)[0m                                                                       'level': 'level0'},
[36m(TaskRunner pid=776037)[0m                                                               'nsys': {'_target_': 'verl.utils.profiler.config.NsightToolConfig',
[36m(TaskRunner pid=776037)[0m                                                                        'discrete': False},
[36m(TaskRunner pid=776037)[0m                                                               'precision_debugger': {'_target_': 'verl.utils.profiler.config.PrecisionDebuggerToolConfig',
[36m(TaskRunner pid=776037)[0m                                                                                      'config_path': None,
[36m(TaskRunner pid=776037)[0m                                                                                      'stages': None,
[36m(TaskRunner pid=776037)[0m                                                                                      'steps': None,
[36m(TaskRunner pid=776037)[0m                                                                                      'strict': False},
[36m(TaskRunner pid=776037)[0m                                                               'torch': {'_target_': 'verl.utils.profiler.config.TorchProfilerToolConfig',
[36m(TaskRunner pid=776037)[0m                                                                         'contents': [],
[36m(TaskRunner pid=776037)[0m                                                                         'discrete': False},
[36m(TaskRunner pid=776037)[0m                                                               'torch_memory': {'_target_': 'verl.utils.profiler.config.TorchMemoryToolConfig',
[36m(TaskRunner pid=776037)[0m                                                                                'stack_depth': 32,
[36m(TaskRunner pid=776037)[0m                                                                                'trace_alloc_max_entries': 100000}}},
[36m(TaskRunner pid=776037)[0m                                  'qat': {'activation_observer': 'static_minmax',
[36m(TaskRunner pid=776037)[0m                                          'enable': False,
[36m(TaskRunner pid=776037)[0m                                          'group_size': 16,
[36m(TaskRunner pid=776037)[0m                                          'ignore_patterns': ['lm_head',
[36m(TaskRunner pid=776037)[0m                                                              'embed_tokens',
[36m(TaskRunner pid=776037)[0m                                                              're:.*mlp.gate$'],
[36m(TaskRunner pid=776037)[0m                                          'mode': 'w4a16',
[36m(TaskRunner pid=776037)[0m                                          'quantization_config_path': None},
[36m(TaskRunner pid=776037)[0m                                  'rollout_n': 8,
[36m(TaskRunner pid=776037)[0m                                  'router_replay': {'_target_': 'verl.workers.config.RouterReplayConfig',
[36m(TaskRunner pid=776037)[0m                                                    'mode': 'disabled',
[36m(TaskRunner pid=776037)[0m                                                    'record_file': None,
[36m(TaskRunner pid=776037)[0m                                                    'replay_file': None},
[36m(TaskRunner pid=776037)[0m                                  'shuffle': False,
[36m(TaskRunner pid=776037)[0m                                  'strategy': 'fsdp',
[36m(TaskRunner pid=776037)[0m                                  'tau_neg': 1.05,
[36m(TaskRunner pid=776037)[0m                                  'tau_pos': 1.0,
[36m(TaskRunner pid=776037)[0m                                  'ulysses_sequence_parallel_size': 1,
[36m(TaskRunner pid=776037)[0m                                  'use_dynamic_bsz': False,
[36m(TaskRunner pid=776037)[0m                                  'use_fused_kernels': False,
[36m(TaskRunner pid=776037)[0m                                  'use_kl_loss': True,
[36m(TaskRunner pid=776037)[0m                                  'use_prefix_grouper': False,
[36m(TaskRunner pid=776037)[0m                                  'use_remove_padding': True,
[36m(TaskRunner pid=776037)[0m                                  'use_torch_compile': True},
[36m(TaskRunner pid=776037)[0m                        'hybrid_engine': True,
[36m(TaskRunner pid=776037)[0m                        'model': {'_target_': 'verl.workers.config.HFModelConfig',
[36m(TaskRunner pid=776037)[0m                                  'custom_chat_template': None,
[36m(TaskRunner pid=776037)[0m                                  'enable_activation_offload': False,
[36m(TaskRunner pid=776037)[0m                                  'enable_gradient_checkpointing': True,
[36m(TaskRunner pid=776037)[0m                                  'exclude_modules': None,
[36m(TaskRunner pid=776037)[0m                                  'external_lib': None,
[36m(TaskRunner pid=776037)[0m                                  'fused_kernel_options': {'impl_backend': 'torch'},
[36m(TaskRunner pid=776037)[0m                                  'hf_config_path': None,
[36m(TaskRunner pid=776037)[0m                                  'lora': {'a2a_experimental': False,
[36m(TaskRunner pid=776037)[0m                                           'adapter_path': None,
[36m(TaskRunner pid=776037)[0m                                           'alpha': 32,
[36m(TaskRunner pid=776037)[0m                                           'dropout': 0.0,
[36m(TaskRunner pid=776037)[0m                                           'dropout_position': 'pre',
[36m(TaskRunner pid=776037)[0m                                           'dtype': None,
[36m(TaskRunner pid=776037)[0m                                           'exclude_modules': [],
[36m(TaskRunner pid=776037)[0m                                           'freeze_language_model': True,
[36m(TaskRunner pid=776037)[0m                                           'freeze_vision_model': True,
[36m(TaskRunner pid=776037)[0m                                           'freeze_vision_projection': True,
[36m(TaskRunner pid=776037)[0m                                           'lora_A_init_method': 'xavier',
[36m(TaskRunner pid=776037)[0m                                           'lora_B_init_method': 'zero',
[36m(TaskRunner pid=776037)[0m                                           'merge': False,
[36m(TaskRunner pid=776037)[0m                                           'rank': 0,
[36m(TaskRunner pid=776037)[0m                                           'target_modules': ['linear_qkv',
[36m(TaskRunner pid=776037)[0m                                                              'linear_proj',
[36m(TaskRunner pid=776037)[0m                                                              'linear_fc1',
[36m(TaskRunner pid=776037)[0m                                                              'linear_fc2'],
[36m(TaskRunner pid=776037)[0m                                           'type': 'lora'},
[36m(TaskRunner pid=776037)[0m                                  'lora_adapter_path': None,
[36m(TaskRunner pid=776037)[0m                                  'lora_alpha': 16,
[36m(TaskRunner pid=776037)[0m                                  'lora_rank': 0,
[36m(TaskRunner pid=776037)[0m                                  'mtp': {'_target_': 'verl.workers.config.MtpConfig',
[36m(TaskRunner pid=776037)[0m                                          'detach_encoder': False,
[36m(TaskRunner pid=776037)[0m                                          'enable': False,
[36m(TaskRunner pid=776037)[0m                                          'enable_rollout': False,
[36m(TaskRunner pid=776037)[0m                                          'enable_train': False,
[36m(TaskRunner pid=776037)[0m                                          'method': 'mtp',
[36m(TaskRunner pid=776037)[0m                                          'mtp_loss_scaling_factor': 0.1,
[36m(TaskRunner pid=776037)[0m                                          'num_speculative_tokens': 1,
[36m(TaskRunner pid=776037)[0m                                          'speculative_algorithm': 'EAGLE',
[36m(TaskRunner pid=776037)[0m                                          'speculative_eagle_topk': 1,
[36m(TaskRunner pid=776037)[0m                                          'speculative_num_draft_tokens': 4,
[36m(TaskRunner pid=776037)[0m                                          'speculative_num_steps': 3},
[36m(TaskRunner pid=776037)[0m                                  'override_config': {},
[36m(TaskRunner pid=776037)[0m                                  'path': 'Qwen/Qwen2.5-1.5B-Instruct',
[36m(TaskRunner pid=776037)[0m                                  'target_modules': 'all-linear',
[36m(TaskRunner pid=776037)[0m                                  'tiled_mlp': {'enabled': False,
[36m(TaskRunner pid=776037)[0m                                                'num_shards': 4},
[36m(TaskRunner pid=776037)[0m                                  'tokenizer_path': None,
[36m(TaskRunner pid=776037)[0m                                  'trust_remote_code': False,
[36m(TaskRunner pid=776037)[0m                                  'use_fused_kernels': False,
[36m(TaskRunner pid=776037)[0m                                  'use_liger': False,
[36m(TaskRunner pid=776037)[0m                                  'use_remove_padding': True,
[36m(TaskRunner pid=776037)[0m                                  'use_shm': False},
[36m(TaskRunner pid=776037)[0m                        'nccl_timeout': 600,
[36m(TaskRunner pid=776037)[0m                        'ref': {'_target_': 'verl.workers.config.FSDPActorConfig',
[36m(TaskRunner pid=776037)[0m                                'entropy_checkpointing': False,
[36m(TaskRunner pid=776037)[0m                                'entropy_from_logits_with_chunking': False,
[36m(TaskRunner pid=776037)[0m                                'fsdp_config': {'_target_': 'verl.workers.config.FSDPEngineConfig',
[36m(TaskRunner pid=776037)[0m                                                'dtype': 'bfloat16',
[36m(TaskRunner pid=776037)[0m                                                'entropy_checkpointing': False,
[36m(TaskRunner pid=776037)[0m                                                'entropy_from_logits_with_chunking': False,
[36m(TaskRunner pid=776037)[0m                                                'forward_only': True,
[36m(TaskRunner pid=776037)[0m                                                'forward_prefetch': False,
[36m(TaskRunner pid=776037)[0m                                                'fsdp_size': -1,
[36m(TaskRunner pid=776037)[0m                                                'full_determinism': False,
[36m(TaskRunner pid=776037)[0m                                                'model_dtype': 'fp32',
[36m(TaskRunner pid=776037)[0m                                                'offload_policy': False,
[36m(TaskRunner pid=776037)[0m                                                'optimizer_offload': False,
[36m(TaskRunner pid=776037)[0m                                                'param_offload': False,
[36m(TaskRunner pid=776037)[0m                                                'qat': {'_target_': 'verl.workers.config.QATEngineConfig',
[36m(TaskRunner pid=776037)[0m                                                        'activation_observer': 'static_minmax',
[36m(TaskRunner pid=776037)[0m                                                        'enable': False,
[36m(TaskRunner pid=776037)[0m                                                        'group_size': 16,
[36m(TaskRunner pid=776037)[0m                                                        'ignore_patterns': ['lm_head',
[36m(TaskRunner pid=776037)[0m                                                                            'embed_tokens',
[36m(TaskRunner pid=776037)[0m                                                                            're:.*mlp.gate$'],
[36m(TaskRunner pid=776037)[0m                                                        'mode': 'w4a16',
[36m(TaskRunner pid=776037)[0m                                                        'quantization_config_path': None},
[36m(TaskRunner pid=776037)[0m                                                'reshard_after_forward': True,
[36m(TaskRunner pid=776037)[0m                                                'seed': 42,
[36m(TaskRunner pid=776037)[0m                                                'strategy': 'fsdp',
[36m(TaskRunner pid=776037)[0m                                                'ulysses_sequence_parallel_size': 1,
[36m(TaskRunner pid=776037)[0m                                                'use_orig_params': False,
[36m(TaskRunner pid=776037)[0m                                                'use_torch_compile': True,
[36m(TaskRunner pid=776037)[0m                                                'wrap_policy': {'min_num_params': 0}},
[36m(TaskRunner pid=776037)[0m                                'log_prob_max_token_len_per_gpu': 16384,
[36m(TaskRunner pid=776037)[0m                                'log_prob_micro_batch_size': None,
[36m(TaskRunner pid=776037)[0m                                'log_prob_micro_batch_size_per_gpu': 8,
[36m(TaskRunner pid=776037)[0m                                'log_prob_use_dynamic_bsz': False,
[36m(TaskRunner pid=776037)[0m                                'profiler': {'_target_': 'verl.utils.profiler.ProfilerConfig',
[36m(TaskRunner pid=776037)[0m                                             'all_ranks': False,
[36m(TaskRunner pid=776037)[0m                                             'enable': False,
[36m(TaskRunner pid=776037)[0m                                             'ranks': [],
[36m(TaskRunner pid=776037)[0m                                             'save_path': 'outputs/profile',
[36m(TaskRunner pid=776037)[0m                                             'tool': None,
[36m(TaskRunner pid=776037)[0m                                             'tool_config': {'npu': {'_target_': 'verl.utils.profiler.config.NPUToolConfig',
[36m(TaskRunner pid=776037)[0m                                                                     'analysis': True,
[36m(TaskRunner pid=776037)[0m                                                                     'contents': [],
[36m(TaskRunner pid=776037)[0m                                                                     'discrete': False,
[36m(TaskRunner pid=776037)[0m                                                                     'level': 'level0'},
[36m(TaskRunner pid=776037)[0m                                                             'nsys': {'_target_': 'verl.utils.profiler.config.NsightToolConfig',
[36m(TaskRunner pid=776037)[0m                                                                      'discrete': False},
[36m(TaskRunner pid=776037)[0m                                                             'precision_debugger': {'_target_': 'verl.utils.profiler.config.PrecisionDebuggerToolConfig',
[36m(TaskRunner pid=776037)[0m                                                                                    'config_path': None,
[36m(TaskRunner pid=776037)[0m                                                                                    'stages': None,
[36m(TaskRunner pid=776037)[0m                                                                                    'steps': None,
[36m(TaskRunner pid=776037)[0m                                                                                    'strict': False},
[36m(TaskRunner pid=776037)[0m                                                             'torch': {'_target_': 'verl.utils.profiler.config.TorchProfilerToolConfig',
[36m(TaskRunner pid=776037)[0m                                                                       'contents': [],
[36m(TaskRunner pid=776037)[0m                                                                       'discrete': False},
[36m(TaskRunner pid=776037)[0m                                                             'torch_memory': {'_target_': 'verl.utils.profiler.config.TorchMemoryToolConfig',
[36m(TaskRunner pid=776037)[0m                                                                              'stack_depth': 32,
[36m(TaskRunner pid=776037)[0m                                                                              'trace_alloc_max_entries': 100000}}},
[36m(TaskRunner pid=776037)[0m                                'rollout_n': 8,
[36m(TaskRunner pid=776037)[0m                                'router_replay': {'_target_': 'verl.workers.config.RouterReplayConfig',
[36m(TaskRunner pid=776037)[0m                                                  'mode': 'disabled',
[36m(TaskRunner pid=776037)[0m                                                  'record_file': None,
[36m(TaskRunner pid=776037)[0m                                                  'replay_file': None},
[36m(TaskRunner pid=776037)[0m                                'strategy': 'fsdp',
[36m(TaskRunner pid=776037)[0m                                'ulysses_sequence_parallel_size': 1,
[36m(TaskRunner pid=776037)[0m                                'use_torch_compile': True},
[36m(TaskRunner pid=776037)[0m                        'rollout': {'_target_': 'verl.workers.config.RolloutConfig',
[36m(TaskRunner pid=776037)[0m                                    'agent': {'_target_': 'verl.workers.config.AgentLoopConfig',
[36m(TaskRunner pid=776037)[0m                                              'agent_loop_config_path': None,
[36m(TaskRunner pid=776037)[0m                                              'custom_async_server': {'_target_': 'verl.workers.config.CustomAsyncServerConfig',
[36m(TaskRunner pid=776037)[0m                                                                      'name': None,
[36m(TaskRunner pid=776037)[0m                                                                      'path': None},
[36m(TaskRunner pid=776037)[0m                                              'default_agent_loop': 'single_turn_agent',
[36m(TaskRunner pid=776037)[0m                                              'num_workers': 8},
[36m(TaskRunner pid=776037)[0m                                    'calculate_log_probs': False,
[36m(TaskRunner pid=776037)[0m                                    'checkpoint_engine': {'_target_': 'verl.workers.config.CheckpointEngineConfig',
[36m(TaskRunner pid=776037)[0m                                                          'backend': 'naive',
[36m(TaskRunner pid=776037)[0m                                                          'custom_backend_module': None,
[36m(TaskRunner pid=776037)[0m                                                          'engine_kwargs': {},
[36m(TaskRunner pid=776037)[0m                                                          'update_weights_bucket_megabytes': 2048},
[36m(TaskRunner pid=776037)[0m                                    'cudagraph_capture_sizes': None,
[36m(TaskRunner pid=776037)[0m                                    'data_parallel_size': 1,
[36m(TaskRunner pid=776037)[0m                                    'disable_log_stats': True,
[36m(TaskRunner pid=776037)[0m                                    'disaggregation': {'bootstrap_port': None,
[36m(TaskRunner pid=776037)[0m                                                       'decode_replicas': 1,
[36m(TaskRunner pid=776037)[0m                                                       'decode_tensor_model_parallel_size': None,
[36m(TaskRunner pid=776037)[0m                                                       'enabled': False,
[36m(TaskRunner pid=776037)[0m                                                       'ib_device': None,
[36m(TaskRunner pid=776037)[0m                                                       'prefill_replicas': 1,
[36m(TaskRunner pid=776037)[0m                                                       'transfer_backend': 'nixl'},
[36m(TaskRunner pid=776037)[0m                                    'do_sample': True,
[36m(TaskRunner pid=776037)[0m                                    'dtype': 'bfloat16',
[36m(TaskRunner pid=776037)[0m                                    'enable_chunked_prefill': True,
[36m(TaskRunner pid=776037)[0m                                    'enable_prefix_caching': True,
[36m(TaskRunner pid=776037)[0m                                    'enable_rollout_routing_replay': False,
[36m(TaskRunner pid=776037)[0m                                    'enforce_eager': False,
[36m(TaskRunner pid=776037)[0m                                    'engine_kwargs': {'sglang': {},
[36m(TaskRunner pid=776037)[0m                                                      'trtllm': {},
[36m(TaskRunner pid=776037)[0m                                                      'vllm': {}},
[36m(TaskRunner pid=776037)[0m                                    'expert_parallel_size': 1,
[36m(TaskRunner pid=776037)[0m                                    'free_cache_engine': True,
[36m(TaskRunner pid=776037)[0m                                    'gpu_memory_utilization': 0.5,
[36m(TaskRunner pid=776037)[0m                                    'ignore_eos': False,
[36m(TaskRunner pid=776037)[0m                                    'layered_summon': False,
[36m(TaskRunner pid=776037)[0m                                    'load_format': 'dummy',
[36m(TaskRunner pid=776037)[0m                                    'log_prob_max_token_len_per_gpu': 16384,
[36m(TaskRunner pid=776037)[0m                                    'log_prob_micro_batch_size': None,
[36m(TaskRunner pid=776037)[0m                                    'log_prob_micro_batch_size_per_gpu': 8,
[36m(TaskRunner pid=776037)[0m                                    'log_prob_use_dynamic_bsz': False,
[36m(TaskRunner pid=776037)[0m                                    'logprobs_mode': 'processed_logprobs',
[36m(TaskRunner pid=776037)[0m                                    'max_model_len': None,
[36m(TaskRunner pid=776037)[0m                                    'max_num_batched_tokens': 8192,
[36m(TaskRunner pid=776037)[0m                                    'max_num_seqs': 1024,
[36m(TaskRunner pid=776037)[0m                                    'mode': 'async',
[36m(TaskRunner pid=776037)[0m                                    'mtp': {'_target_': 'verl.workers.config.MtpConfig',
[36m(TaskRunner pid=776037)[0m                                            'detach_encoder': False,
[36m(TaskRunner pid=776037)[0m                                            'enable': False,
[36m(TaskRunner pid=776037)[0m                                            'enable_rollout': False,
[36m(TaskRunner pid=776037)[0m                                            'enable_train': False,
[36m(TaskRunner pid=776037)[0m                                            'method': 'mtp',
[36m(TaskRunner pid=776037)[0m                                            'mtp_loss_scaling_factor': 0.1,
[36m(TaskRunner pid=776037)[0m                                            'num_speculative_tokens': 1,
[36m(TaskRunner pid=776037)[0m                                            'speculative_algorithm': 'EAGLE',
[36m(TaskRunner pid=776037)[0m                                            'speculative_eagle_topk': 1,
[36m(TaskRunner pid=776037)[0m                                            'speculative_num_draft_tokens': 4,
[36m(TaskRunner pid=776037)[0m                                            'speculative_num_steps': 3},
[36m(TaskRunner pid=776037)[0m                                    'multi_stage_wake_up': False,
[36m(TaskRunner pid=776037)[0m                                    'multi_turn': {'_target_': 'verl.workers.config.MultiTurnConfig',
[36m(TaskRunner pid=776037)[0m                                                   'enable': False,
[36m(TaskRunner pid=776037)[0m                                                   'format': 'hermes',
[36m(TaskRunner pid=776037)[0m                                                   'function_tool_path': None,
[36m(TaskRunner pid=776037)[0m                                                   'max_assistant_turns': None,
[36m(TaskRunner pid=776037)[0m                                                   'max_parallel_calls': 1,
[36m(TaskRunner pid=776037)[0m                                                   'max_tool_response_length': 256,
[36m(TaskRunner pid=776037)[0m                                                   'max_user_turns': None,
[36m(TaskRunner pid=776037)[0m                                                   'num_repeat_rollouts': None,
[36m(TaskRunner pid=776037)[0m                                                   'tokenization_sanity_check_mode': 'strict',
[36m(TaskRunner pid=776037)[0m                                                   'tool_config_path': None,
[36m(TaskRunner pid=776037)[0m                                                   'tool_response_truncate_side': 'middle',
[36m(TaskRunner pid=776037)[0m                                                   'use_inference_chat_template': False},
[36m(TaskRunner pid=776037)[0m                                    'n': 8,
[36m(TaskRunner pid=776037)[0m                                    'n_gpus_per_node': 1,
[36m(TaskRunner pid=776037)[0m                                    'name': 'vllm',
[36m(TaskRunner pid=776037)[0m                                    'nnodes': 0,
[36m(TaskRunner pid=776037)[0m                                    'over_sample_rate': 0,
[36m(TaskRunner pid=776037)[0m                                    'pipeline_model_parallel_size': 1,
[36m(TaskRunner pid=776037)[0m                                    'profiler': {'_target_': 'verl.utils.profiler.ProfilerConfig',
[36m(TaskRunner pid=776037)[0m                                                 'all_ranks': False,
[36m(TaskRunner pid=776037)[0m                                                 'enable': False,
[36m(TaskRunner pid=776037)[0m                                                 'ranks': [],
[36m(TaskRunner pid=776037)[0m                                                 'save_path': 'outputs/profile',
[36m(TaskRunner pid=776037)[0m                                                 'tool': None,
[36m(TaskRunner pid=776037)[0m                                                 'tool_config': {'npu': {'_target_': 'verl.utils.profiler.config.NPUToolConfig',
[36m(TaskRunner pid=776037)[0m                                                                         'analysis': True,
[36m(TaskRunner pid=776037)[0m                                                                         'contents': [],
[36m(TaskRunner pid=776037)[0m                                                                         'discrete': False,
[36m(TaskRunner pid=776037)[0m                                                                         'level': 'level0'},
[36m(TaskRunner pid=776037)[0m                                                                 'precision_debugger': {'_target_': 'verl.utils.profiler.config.PrecisionDebuggerToolConfig',
[36m(TaskRunner pid=776037)[0m                                                                                        'config_path': None,
[36m(TaskRunner pid=776037)[0m                                                                                        'stages': None,
[36m(TaskRunner pid=776037)[0m                                                                                        'steps': None,
[36m(TaskRunner pid=776037)[0m                                                                                        'strict': False},
[36m(TaskRunner pid=776037)[0m                                                                 'torch': {'_target_': 'verl.utils.profiler.config.TorchProfilerToolConfig',
[36m(TaskRunner pid=776037)[0m                                                                           'contents': [],
[36m(TaskRunner pid=776037)[0m                                                                           'discrete': False}}},
[36m(TaskRunner pid=776037)[0m                                    'prometheus': {'_target_': 'verl.workers.config.PrometheusConfig',
[36m(TaskRunner pid=776037)[0m                                                   'enable': False,
[36m(TaskRunner pid=776037)[0m                                                   'file': '/tmp/ray/session_latest/metrics/prometheus/prometheus.yml',
[36m(TaskRunner pid=776037)[0m                                                   'port': 9090,
[36m(TaskRunner pid=776037)[0m                                                   'served_model_name': 'Qwen/Qwen2.5-1.5B-Instruct'},
[36m(TaskRunner pid=776037)[0m                                    'prompt_length': 1024,
[36m(TaskRunner pid=776037)[0m                                    'qat': {'_target_': 'verl.workers.config.QATEngineConfig',
[36m(TaskRunner pid=776037)[0m                                            'activation_observer': 'static_minmax',
[36m(TaskRunner pid=776037)[0m                                            'enable': False,
[36m(TaskRunner pid=776037)[0m                                            'group_size': 16,
[36m(TaskRunner pid=776037)[0m                                            'ignore_patterns': ['lm_head',
[36m(TaskRunner pid=776037)[0m                                                                'embed_tokens',
[36m(TaskRunner pid=776037)[0m                                                                're:.*mlp.gate$'],
[36m(TaskRunner pid=776037)[0m                                            'mode': 'w4a16',
[36m(TaskRunner pid=776037)[0m                                            'quantization_config_path': None},
[36m(TaskRunner pid=776037)[0m                                    'quantization': None,
[36m(TaskRunner pid=776037)[0m                                    'quantization_config_file': None,
[36m(TaskRunner pid=776037)[0m                                    'response_length': 512,
[36m(TaskRunner pid=776037)[0m                                    'scheduling_policy': 'fcfs',
[36m(TaskRunner pid=776037)[0m                                    'skip': {'_target_': 'verl.workers.config.SkipConfig',
[36m(TaskRunner pid=776037)[0m                                             'action': 'cache',
[36m(TaskRunner pid=776037)[0m                                             'dump_dir': '~/.verl/rollout_dump',
[36m(TaskRunner pid=776037)[0m                                             'enable': False,
[36m(TaskRunner pid=776037)[0m                                             'max_dump_step': 1},
[36m(TaskRunner pid=776037)[0m                                    'skip_tokenizer_init': True,
[36m(TaskRunner pid=776037)[0m                                    'temperature': 1.0,
[36m(TaskRunner pid=776037)[0m                                    'tensor_model_parallel_size': 1,
[36m(TaskRunner pid=776037)[0m                                    'top_k': -1,
[36m(TaskRunner pid=776037)[0m                                    'top_p': 1,
[36m(TaskRunner pid=776037)[0m                                    'trace': {'_target_': 'verl.workers.config.TraceConfig',
[36m(TaskRunner pid=776037)[0m                                              'backend': None,
[36m(TaskRunner pid=776037)[0m                                              'experiment_name': 'grpo_full_train',
[36m(TaskRunner pid=776037)[0m                                              'max_samples_per_step_per_worker': None,
[36m(TaskRunner pid=776037)[0m                                              'project_name': 'a0_grpo_bench',
[36m(TaskRunner pid=776037)[0m                                              'token2text': False},
[36m(TaskRunner pid=776037)[0m                                    'val_kwargs': {'_target_': 'verl.workers.config.SamplingConfig',
[36m(TaskRunner pid=776037)[0m                                                   'do_sample': False,
[36m(TaskRunner pid=776037)[0m                                                   'n': 1,
[36m(TaskRunner pid=776037)[0m                                                   'temperature': 0,
[36m(TaskRunner pid=776037)[0m                                                   'top_k': -1,
[36m(TaskRunner pid=776037)[0m                                                   'top_p': 1.0}}},
[36m(TaskRunner pid=776037)[0m  'algorithm': {'_target_': 'verl.trainer.config.AlgoConfig',
[36m(TaskRunner pid=776037)[0m                'adv_estimator': 'grpo',
[36m(TaskRunner pid=776037)[0m                'gamma': 1.0,
[36m(TaskRunner pid=776037)[0m                'kl_ctrl': {'_target_': 'verl.trainer.config.KLControlConfig',
[36m(TaskRunner pid=776037)[0m                            'horizon': 10000,
[36m(TaskRunner pid=776037)[0m                            'kl_coef': 0.001,
[36m(TaskRunner pid=776037)[0m                            'target_kl': 0.1,
[36m(TaskRunner pid=776037)[0m                            'type': 'fixed'},
[36m(TaskRunner pid=776037)[0m                'kl_penalty': 'kl',
[36m(TaskRunner pid=776037)[0m                'lam': 1.0,
[36m(TaskRunner pid=776037)[0m                'norm_adv_by_std_in_grpo': True,
[36m(TaskRunner pid=776037)[0m                'pf_ppo': {'reweight_method': 'pow', 'weight_pow': 2.0},
[36m(TaskRunner pid=776037)[0m                'rollout_correction': {'bypass_mode': False,
[36m(TaskRunner pid=776037)[0m                                       'loss_type': 'ppo_clip',
[36m(TaskRunner pid=776037)[0m                                       'rollout_is': None,
[36m(TaskRunner pid=776037)[0m                                       'rollout_is_batch_normalize': False,
[36m(TaskRunner pid=776037)[0m                                       'rollout_is_threshold': 2.0,
[36m(TaskRunner pid=776037)[0m                                       'rollout_rs': None,
[36m(TaskRunner pid=776037)[0m                                       'rollout_rs_threshold': None},
[36m(TaskRunner pid=776037)[0m                'use_kl_in_reward': False,
[36m(TaskRunner pid=776037)[0m                'use_pf_ppo': False},
[36m(TaskRunner pid=776037)[0m  'critic': {'_target_': 'verl.workers.config.FSDPCriticConfig',
[36m(TaskRunner pid=776037)[0m             'checkpoint': {'_target_': 'verl.trainer.config.CheckpointConfig',
[36m(TaskRunner pid=776037)[0m                            'async_save': False,
[36m(TaskRunner pid=776037)[0m                            'load_contents': ['model', 'optimizer', 'extra'],
[36m(TaskRunner pid=776037)[0m                            'mbridge_config': {},
[36m(TaskRunner pid=776037)[0m                            'save_contents': ['model', 'optimizer', 'extra']},
[36m(TaskRunner pid=776037)[0m             'cliprange_value': 0.5,
[36m(TaskRunner pid=776037)[0m             'data_loader_seed': 42,
[36m(TaskRunner pid=776037)[0m             'enable': None,
[36m(TaskRunner pid=776037)[0m             'forward_max_token_len_per_gpu': 32768,
[36m(TaskRunner pid=776037)[0m             'forward_micro_batch_size': None,
[36m(TaskRunner pid=776037)[0m             'forward_micro_batch_size_per_gpu': None,
[36m(TaskRunner pid=776037)[0m             'fsdp': {'_target_': 'verl.workers.config.FSDPEngineConfig',
[36m(TaskRunner pid=776037)[0m                      'dtype': 'bfloat16',
[36m(TaskRunner pid=776037)[0m                      'entropy_checkpointing': False,
[36m(TaskRunner pid=776037)[0m                      'entropy_from_logits_with_chunking': False,
[36m(TaskRunner pid=776037)[0m                      'forward_only': False,
[36m(TaskRunner pid=776037)[0m                      'forward_prefetch': False,
[36m(TaskRunner pid=776037)[0m                      'fsdp_size': -1,
[36m(TaskRunner pid=776037)[0m                      'full_determinism': False,
[36m(TaskRunner pid=776037)[0m                      'model_dtype': 'fp32',
[36m(TaskRunner pid=776037)[0m                      'offload_policy': False,
[36m(TaskRunner pid=776037)[0m                      'optimizer_offload': False,
[36m(TaskRunner pid=776037)[0m                      'param_offload': False,
[36m(TaskRunner pid=776037)[0m                      'qat': {'_target_': 'verl.workers.config.QATEngineConfig',
[36m(TaskRunner pid=776037)[0m                              'activation_observer': 'static_minmax',
[36m(TaskRunner pid=776037)[0m                              'enable': False,
[36m(TaskRunner pid=776037)[0m                              'group_size': 16,
[36m(TaskRunner pid=776037)[0m                              'ignore_patterns': ['lm_head',
[36m(TaskRunner pid=776037)[0m                                                  'embed_tokens',
[36m(TaskRunner pid=776037)[0m                                                  're:.*mlp.gate$'],
[36m(TaskRunner pid=776037)[0m                              'mode': 'w4a16',
[36m(TaskRunner pid=776037)[0m                              'quantization_config_path': None},
[36m(TaskRunner pid=776037)[0m                      'reshard_after_forward': True,
[36m(TaskRunner pid=776037)[0m                      'seed': 42,
[36m(TaskRunner pid=776037)[0m                      'strategy': 'fsdp',
[36m(TaskRunner pid=776037)[0m                      'ulysses_sequence_parallel_size': 1,
[36m(TaskRunner pid=776037)[0m                      'use_orig_params': False,
[36m(TaskRunner pid=776037)[0m                      'use_torch_compile': True,
[36m(TaskRunner pid=776037)[0m                      'wrap_policy': {'min_num_params': 0}},
[36m(TaskRunner pid=776037)[0m             'grad_clip': 1.0,
[36m(TaskRunner pid=776037)[0m             'loss_agg_mode': 'token-mean',
[36m(TaskRunner pid=776037)[0m             'model': {'_target_': 'verl.workers.config.HFModelConfig',
[36m(TaskRunner pid=776037)[0m                       'custom_chat_template': None,
[36m(TaskRunner pid=776037)[0m                       'enable_activation_offload': False,
[36m(TaskRunner pid=776037)[0m                       'enable_gradient_checkpointing': True,
[36m(TaskRunner pid=776037)[0m                       'exclude_modules': None,
[36m(TaskRunner pid=776037)[0m                       'external_lib': None,
[36m(TaskRunner pid=776037)[0m                       'fused_kernel_options': {'impl_backend': 'torch'},
[36m(TaskRunner pid=776037)[0m                       'hf_config_path': None,
[36m(TaskRunner pid=776037)[0m                       'lora': {'a2a_experimental': False,
[36m(TaskRunner pid=776037)[0m                                'adapter_path': None,
[36m(TaskRunner pid=776037)[0m                                'alpha': 32,
[36m(TaskRunner pid=776037)[0m                                'dropout': 0.0,
[36m(TaskRunner pid=776037)[0m                                'dropout_position': 'pre',
[36m(TaskRunner pid=776037)[0m                                'dtype': None,
[36m(TaskRunner pid=776037)[0m                                'exclude_modules': [],
[36m(TaskRunner pid=776037)[0m                                'freeze_language_model': True,
[36m(TaskRunner pid=776037)[0m                                'freeze_vision_model': True,
[36m(TaskRunner pid=776037)[0m                                'freeze_vision_projection': True,
[36m(TaskRunner pid=776037)[0m                                'lora_A_init_method': 'xavier',
[36m(TaskRunner pid=776037)[0m                                'lora_B_init_method': 'zero',
[36m(TaskRunner pid=776037)[0m                                'merge': False,
[36m(TaskRunner pid=776037)[0m                                'rank': 0,
[36m(TaskRunner pid=776037)[0m                                'target_modules': ['linear_qkv',
[36m(TaskRunner pid=776037)[0m                                                   'linear_proj',
[36m(TaskRunner pid=776037)[0m                                                   'linear_fc1',
[36m(TaskRunner pid=776037)[0m                                                   'linear_fc2'],
[36m(TaskRunner pid=776037)[0m                                'type': 'lora'},
[36m(TaskRunner pid=776037)[0m                       'lora_adapter_path': None,
[36m(TaskRunner pid=776037)[0m                       'lora_alpha': 16,
[36m(TaskRunner pid=776037)[0m                       'lora_rank': 0,
[36m(TaskRunner pid=776037)[0m                       'mtp': {'_target_': 'verl.workers.config.MtpConfig',
[36m(TaskRunner pid=776037)[0m                               'detach_encoder': False,
[36m(TaskRunner pid=776037)[0m                               'enable': False,
[36m(TaskRunner pid=776037)[0m                               'enable_rollout': False,
[36m(TaskRunner pid=776037)[0m                               'enable_train': False,
[36m(TaskRunner pid=776037)[0m                               'method': 'mtp',
[36m(TaskRunner pid=776037)[0m                               'mtp_loss_scaling_factor': 0.1,
[36m(TaskRunner pid=776037)[0m                               'num_speculative_tokens': 1,
[36m(TaskRunner pid=776037)[0m                               'speculative_algorithm': 'EAGLE',
[36m(TaskRunner pid=776037)[0m                               'speculative_eagle_topk': 1,
[36m(TaskRunner pid=776037)[0m                               'speculative_num_draft_tokens': 4,
[36m(TaskRunner pid=776037)[0m                               'speculative_num_steps': 3},
[36m(TaskRunner pid=776037)[0m                       'override_config': {},
[36m(TaskRunner pid=776037)[0m                       'path': '~/models/deepseek-llm-7b-chat',
[36m(TaskRunner pid=776037)[0m                       'target_modules': 'all-linear',
[36m(TaskRunner pid=776037)[0m                       'tiled_mlp': {'enabled': False, 'num_shards': 4},
[36m(TaskRunner pid=776037)[0m                       'tokenizer_path': None,
[36m(TaskRunner pid=776037)[0m                       'trust_remote_code': False,
[36m(TaskRunner pid=776037)[0m                       'use_fused_kernels': False,
[36m(TaskRunner pid=776037)[0m                       'use_liger': False,
[36m(TaskRunner pid=776037)[0m                       'use_remove_padding': True,
[36m(TaskRunner pid=776037)[0m                       'use_shm': False},
[36m(TaskRunner pid=776037)[0m             'optim': {'_target_': 'verl.workers.config.FSDPOptimizerConfig',
[36m(TaskRunner pid=776037)[0m                       'betas': [0.9, 0.999],
[36m(TaskRunner pid=776037)[0m                       'clip_grad': 1.0,
[36m(TaskRunner pid=776037)[0m                       'lr': 1e-05,
[36m(TaskRunner pid=776037)[0m                       'lr_scheduler_type': 'constant',
[36m(TaskRunner pid=776037)[0m                       'lr_warmup_steps': -1,
[36m(TaskRunner pid=776037)[0m                       'lr_warmup_steps_ratio': 0.0,
[36m(TaskRunner pid=776037)[0m                       'min_lr_ratio': 0.0,
[36m(TaskRunner pid=776037)[0m                       'num_cycles': 0.5,
[36m(TaskRunner pid=776037)[0m                       'optimizer': 'AdamW',
[36m(TaskRunner pid=776037)[0m                       'optimizer_impl': 'torch.optim',
[36m(TaskRunner pid=776037)[0m                       'override_optimizer_config': None,
[36m(TaskRunner pid=776037)[0m                       'total_training_steps': -1,
[36m(TaskRunner pid=776037)[0m                       'warmup_style': None,
[36m(TaskRunner pid=776037)[0m                       'weight_decay': 0.01,
[36m(TaskRunner pid=776037)[0m                       'zero_indexed_step': True},
[36m(TaskRunner pid=776037)[0m             'ppo_epochs': 1,
[36m(TaskRunner pid=776037)[0m             'ppo_max_token_len_per_gpu': 32768,
[36m(TaskRunner pid=776037)[0m             'ppo_micro_batch_size': None,
[36m(TaskRunner pid=776037)[0m             'ppo_micro_batch_size_per_gpu': None,
[36m(TaskRunner pid=776037)[0m             'ppo_mini_batch_size': 8,
[36m(TaskRunner pid=776037)[0m             'profiler': {'_target_': 'verl.utils.profiler.ProfilerConfig',
[36m(TaskRunner pid=776037)[0m                          'all_ranks': False,
[36m(TaskRunner pid=776037)[0m                          'enable': False,
[36m(TaskRunner pid=776037)[0m                          'ranks': [],
[36m(TaskRunner pid=776037)[0m                          'save_path': 'outputs/profile',
[36m(TaskRunner pid=776037)[0m                          'tool': None,
[36m(TaskRunner pid=776037)[0m                          'tool_config': {'npu': {'_target_': 'verl.utils.profiler.config.NPUToolConfig',
[36m(TaskRunner pid=776037)[0m                                                  'analysis': True,
[36m(TaskRunner pid=776037)[0m                                                  'contents': [],
[36m(TaskRunner pid=776037)[0m                                                  'discrete': False,
[36m(TaskRunner pid=776037)[0m                                                  'level': 'level0'},
[36m(TaskRunner pid=776037)[0m                                          'nsys': {'_target_': 'verl.utils.profiler.config.NsightToolConfig',
[36m(TaskRunner pid=776037)[0m                                                   'discrete': False},
[36m(TaskRunner pid=776037)[0m                                          'precision_debugger': {'_target_': 'verl.utils.profiler.config.PrecisionDebuggerToolConfig',
[36m(TaskRunner pid=776037)[0m                                                                 'config_path': None,
[36m(TaskRunner pid=776037)[0m                                                                 'stages': None,
[36m(TaskRunner pid=776037)[0m                                                                 'steps': None,
[36m(TaskRunner pid=776037)[0m                                                                 'strict': False},
[36m(TaskRunner pid=776037)[0m                                          'torch': {'_target_': 'verl.utils.profiler.config.TorchProfilerToolConfig',
[36m(TaskRunner pid=776037)[0m                                                    'contents': [],
[36m(TaskRunner pid=776037)[0m                                                    'discrete': False},
[36m(TaskRunner pid=776037)[0m                                          'torch_memory': {'_target_': 'verl.utils.profiler.config.TorchMemoryToolConfig',
[36m(TaskRunner pid=776037)[0m                                                           'stack_depth': 32,
[36m(TaskRunner pid=776037)[0m                                                           'trace_alloc_max_entries': 100000}}},
[36m(TaskRunner pid=776037)[0m             'rollout_n': 8,
[36m(TaskRunner pid=776037)[0m             'shuffle': False,
[36m(TaskRunner pid=776037)[0m             'strategy': 'fsdp',
[36m(TaskRunner pid=776037)[0m             'ulysses_sequence_parallel_size': 1,
[36m(TaskRunner pid=776037)[0m             'use_dynamic_bsz': False},
[36m(TaskRunner pid=776037)[0m  'data': {'apply_chat_template_kwargs': {},
[36m(TaskRunner pid=776037)[0m           'audio_key': 'audios',
[36m(TaskRunner pid=776037)[0m           'custom_cls': {'name': None, 'path': None},
[36m(TaskRunner pid=776037)[0m           'dataloader_num_workers': 8,
[36m(TaskRunner pid=776037)[0m           'filter_overlong_prompts': True,
[36m(TaskRunner pid=776037)[0m           'filter_overlong_prompts_workers': 1,
[36m(TaskRunner pid=776037)[0m           'function_tool_path': None,
[36m(TaskRunner pid=776037)[0m           'image_key': 'images',
[36m(TaskRunner pid=776037)[0m           'image_patch_size': 14,
[36m(TaskRunner pid=776037)[0m           'max_prompt_length': 1024,
[36m(TaskRunner pid=776037)[0m           'max_response_length': 512,
[36m(TaskRunner pid=776037)[0m           'mm_processor_kwargs': {},
[36m(TaskRunner pid=776037)[0m           'prompt_key': 'prompt',
[36m(TaskRunner pid=776037)[0m           'return_full_prompt': False,
[36m(TaskRunner pid=776037)[0m           'return_multi_modal_inputs': True,
[36m(TaskRunner pid=776037)[0m           'return_raw_chat': True,
[36m(TaskRunner pid=776037)[0m           'return_raw_input_ids': False,
[36m(TaskRunner pid=776037)[0m           'reward_fn_key': 'data_source',
[36m(TaskRunner pid=776037)[0m           'seed': None,
[36m(TaskRunner pid=776037)[0m           'shuffle': True,
[36m(TaskRunner pid=776037)[0m           'tokenizer': None,
[36m(TaskRunner pid=776037)[0m           'tool_config_path': None,
[36m(TaskRunner pid=776037)[0m           'train_batch_size': 16,
[36m(TaskRunner pid=776037)[0m           'train_files': 'track_a/grpo_bench/data/train.parquet',
[36m(TaskRunner pid=776037)[0m           'train_max_samples': -1,
[36m(TaskRunner pid=776037)[0m           'truncation': 'right',
[36m(TaskRunner pid=776037)[0m           'trust_remote_code': False,
[36m(TaskRunner pid=776037)[0m           'use_shm': False,
[36m(TaskRunner pid=776037)[0m           'val_batch_size': None,
[36m(TaskRunner pid=776037)[0m           'val_files': 'track_a/grpo_bench/data/val.parquet',
[36m(TaskRunner pid=776037)[0m           'val_max_samples': -1,
[36m(TaskRunner pid=776037)[0m           'validation_shuffle': False,
[36m(TaskRunner pid=776037)[0m           'video_key': 'videos'},
[36m(TaskRunner pid=776037)[0m  'distillation': {'_target_': 'verl.workers.config.DistillationConfig',
[36m(TaskRunner pid=776037)[0m                   'distillation_loss': {'_target_': 'verl.workers.config.DistillationLossConfig',
[36m(TaskRunner pid=776037)[0m                                         'clip_ratio': 0.2,
[36m(TaskRunner pid=776037)[0m                                         'clip_ratio_high': 0.2,
[36m(TaskRunner pid=776037)[0m                                         'clip_ratio_low': 0.2,
[36m(TaskRunner pid=776037)[0m                                         'distillation_loss_coef': 1.0,
[36m(TaskRunner pid=776037)[0m                                         'log_prob_min_clamp': None,
[36m(TaskRunner pid=776037)[0m                                         'loss_max_clamp': None,
[36m(TaskRunner pid=776037)[0m                                         'loss_mode': 'k3',
[36m(TaskRunner pid=776037)[0m                                         'policy_loss_mode': 'vanilla',
[36m(TaskRunner pid=776037)[0m                                         'topk': 32,
[36m(TaskRunner pid=776037)[0m                                         'use_policy_gradient': False,
[36m(TaskRunner pid=776037)[0m                                         'use_task_rewards': True},
[36m(TaskRunner pid=776037)[0m                   'enabled': False,
[36m(TaskRunner pid=776037)[0m                   'n_gpus_per_node': 8,
[36m(TaskRunner pid=776037)[0m                   'nnodes': 0,
[36m(TaskRunner pid=776037)[0m                   'teacher_key': 'data_source',
[36m(TaskRunner pid=776037)[0m                   'teacher_models': {'teacher_model': {'_target_': 'verl.workers.config.DistillationTeacherModelConfig',
[36m(TaskRunner pid=776037)[0m                                                        'inference': {'_target_': 'verl.workers.config.RolloutConfig',
[36m(TaskRunner pid=776037)[0m                                                                      'cudagraph_capture_sizes': None,
[36m(TaskRunner pid=776037)[0m                                                                      'data_parallel_size': 1,
[36m(TaskRunner pid=776037)[0m                                                                      'disable_log_stats': True,
[36m(TaskRunner pid=776037)[0m                                                                      'dtype': 'bfloat16',
[36m(TaskRunner pid=776037)[0m                                                                      'enable_chunked_prefill': True,
[36m(TaskRunner pid=776037)[0m                                                                      'enable_prefix_caching': True,
[36m(TaskRunner pid=776037)[0m                                                                      'enforce_eager': True,
[36m(TaskRunner pid=776037)[0m                                                                      'engine_kwargs': {},
[36m(TaskRunner pid=776037)[0m                                                                      'expert_parallel_size': 1,
[36m(TaskRunner pid=776037)[0m                                                                      'free_cache_engine': True,
[36m(TaskRunner pid=776037)[0m                                                                      'gpu_memory_utilization': 0.5,
[36m(TaskRunner pid=776037)[0m                                                                      'limit_images': None,
[36m(TaskRunner pid=776037)[0m                                                                      'load_format': 'auto',
[36m(TaskRunner pid=776037)[0m                                                                      'max_model_len': None,
[36m(TaskRunner pid=776037)[0m                                                                      'max_num_batched_tokens': 8192,
[36m(TaskRunner pid=776037)[0m                                                                      'max_num_seqs': 1024,
[36m(TaskRunner pid=776037)[0m                                                                      'name': 'vllm',
[36m(TaskRunner pid=776037)[0m                                                                      'prompt_length': 1024,
[36m(TaskRunner pid=776037)[0m                                                                      'response_length': 512,
[36m(TaskRunner pid=776037)[0m                                                                      'skip_tokenizer_init': True,
[36m(TaskRunner pid=776037)[0m                                                                      'temperature': 1.0,
[36m(TaskRunner pid=776037)[0m                                                                      'tensor_model_parallel_size': 2},
[36m(TaskRunner pid=776037)[0m                                                        'key': None,
[36m(TaskRunner pid=776037)[0m                                                        'model_path': None,
[36m(TaskRunner pid=776037)[0m                                                        'num_replicas': 0}}},
[36m(TaskRunner pid=776037)[0m  'global_profiler': {'_target_': 'verl.utils.profiler.ProfilerConfig',
[36m(TaskRunner pid=776037)[0m                      'global_tool_config': {'nsys': {'_target_': 'verl.utils.profiler.config.NsightToolConfig',
[36m(TaskRunner pid=776037)[0m                                                      'controller_nsight_options': {'cuda-graph-trace': 'graph',
[36m(TaskRunner pid=776037)[0m                                                                                    'cuda-memory-usage': 'true',
[36m(TaskRunner pid=776037)[0m                                                                                    'trace': 'cuda,nvtx,cublas,ucx'},
[36m(TaskRunner pid=776037)[0m                                                      'discrete': False,
[36m(TaskRunner pid=776037)[0m                                                      'worker_nsight_options': {'capture-range': 'cudaProfilerApi',
[36m(TaskRunner pid=776037)[0m                                                                                'capture-range-end': None,
[36m(TaskRunner pid=776037)[0m                                                                                'cuda-graph-trace': 'graph',
[36m(TaskRunner pid=776037)[0m                                                                                'cuda-memory-usage': 'true',
[36m(TaskRunner pid=776037)[0m                                                                                'kill': 'none',
[36m(TaskRunner pid=776037)[0m                                                                                'trace': 'cuda,nvtx,cublas,ucx'}},
[36m(TaskRunner pid=776037)[0m                                             'precision_debugger': {'_target_': 'verl.utils.profiler.config.PrecisionDebuggerToolConfig',
[36m(TaskRunner pid=776037)[0m                                                                    'config_path': None,
[36m(TaskRunner pid=776037)[0m                                                                    'stages': None,
[36m(TaskRunner pid=776037)[0m                                                                    'steps': None,
[36m(TaskRunner pid=776037)[0m                                                                    'strict': False},
[36m(TaskRunner pid=776037)[0m                                             'torch_memory': {'context': 'all',
[36m(TaskRunner pid=776037)[0m                                                              'kw_args': {},
[36m(TaskRunner pid=776037)[0m                                                              'stack_depth': 32,
[36m(TaskRunner pid=776037)[0m                                                              'stacks': 'all',
[36m(TaskRunner pid=776037)[0m                                                              'trace_alloc_max_entries': 100000}},
[36m(TaskRunner pid=776037)[0m                      'profile_continuous_steps': False,
[36m(TaskRunner pid=776037)[0m                      'save_path': 'outputs/profile',
[36m(TaskRunner pid=776037)[0m                      'steps': None,
[36m(TaskRunner pid=776037)[0m                      'tool': None},
[36m(TaskRunner pid=776037)[0m  'model_engine': 'dp',
[36m(TaskRunner pid=776037)[0m  'ray_kwargs': {'ray_init': {'num_cpus': None}, 'timeline_json_file': None},
[36m(TaskRunner pid=776037)[0m  'reward': {'_target_': 'verl.workers.config.RewardConfig',
[36m(TaskRunner pid=776037)[0m             'custom_reward_function': {'name': 'compute_score',
[36m(TaskRunner pid=776037)[0m                                        'path': '/home/hyin66/es-fine-tuning-paper/experiments/2026-07-24_es_improvement/es_bench/grpo/reward_logged.py'},
[36m(TaskRunner pid=776037)[0m             'num_workers': 8,
[36m(TaskRunner pid=776037)[0m             'reward_manager': {'_target_': 'verl.workers.config.reward.RewardManagerConfig',
[36m(TaskRunner pid=776037)[0m                                'module': {'_target_': 'verl.trainer.config.config.ModuleConfig',
[36m(TaskRunner pid=776037)[0m                                           'name': 'custom_reward_manager',
[36m(TaskRunner pid=776037)[0m                                           'path': None},
[36m(TaskRunner pid=776037)[0m                                'name': 'naive',
[36m(TaskRunner pid=776037)[0m                                'source': 'register'},
[36m(TaskRunner pid=776037)[0m             'reward_model': {'_target_': 'verl.workers.config.RewardModelConfig',
[36m(TaskRunner pid=776037)[0m                              'enable': False,
[36m(TaskRunner pid=776037)[0m                              'enable_resource_pool': False,
[36m(TaskRunner pid=776037)[0m                              'model_path': None,
[36m(TaskRunner pid=776037)[0m                              'n_gpus_per_node': 8,
[36m(TaskRunner pid=776037)[0m                              'nnodes': 0,
[36m(TaskRunner pid=776037)[0m                              'rollout': {'_target_': 'verl.workers.config.RolloutConfig',
[36m(TaskRunner pid=776037)[0m                                          'cudagraph_capture_sizes': None,
[36m(TaskRunner pid=776037)[0m                                          'data_parallel_size': 1,
[36m(TaskRunner pid=776037)[0m                                          'disable_log_stats': True,
[36m(TaskRunner pid=776037)[0m                                          'disaggregation': {'bootstrap_port': None,
[36m(TaskRunner pid=776037)[0m                                                             'decode_replicas': 1,
[36m(TaskRunner pid=776037)[0m                                                             'decode_tensor_model_parallel_size': None,
[36m(TaskRunner pid=776037)[0m                                                             'enabled': False,
[36m(TaskRunner pid=776037)[0m                                                             'ib_device': None,
[36m(TaskRunner pid=776037)[0m                                                             'prefill_replicas': 1,
[36m(TaskRunner pid=776037)[0m                                                             'transfer_backend': 'nixl'},
[36m(TaskRunner pid=776037)[0m                                          'do_sample': True,
[36m(TaskRunner pid=776037)[0m                                          'dtype': 'bfloat16',
[36m(TaskRunner pid=776037)[0m                                          'enable_chunked_prefill': True,
[36m(TaskRunner pid=776037)[0m                                          'enable_prefix_caching': True,
[36m(TaskRunner pid=776037)[0m                                          'enforce_eager': True,
[36m(TaskRunner pid=776037)[0m                                          'engine_kwargs': {},
[36m(TaskRunner pid=776037)[0m                                          'expert_parallel_size': 1,
[36m(TaskRunner pid=776037)[0m                                          'free_cache_engine': True,
[36m(TaskRunner pid=776037)[0m                                          'gpu_memory_utilization': 0.5,
[36m(TaskRunner pid=776037)[0m                                          'ignore_eos': False,
[36m(TaskRunner pid=776037)[0m                                          'layered_summon': False,
[36m(TaskRunner pid=776037)[0m                                          'limit_images': None,
[36m(TaskRunner pid=776037)[0m                                          'load_format': 'auto',
[36m(TaskRunner pid=776037)[0m                                          'max_model_len': None,
[36m(TaskRunner pid=776037)[0m                                          'max_num_batched_tokens': 8192,
[36m(TaskRunner pid=776037)[0m                                          'max_num_seqs': 1024,
[36m(TaskRunner pid=776037)[0m                                          'mtp': None,
[36m(TaskRunner pid=776037)[0m                                          'multi_stage_wake_up': False,
[36m(TaskRunner pid=776037)[0m                                          'n': 1,
[36m(TaskRunner pid=776037)[0m                                          'name': '???',
[36m(TaskRunner pid=776037)[0m                                          'pipeline_model_parallel_size': 1,
[36m(TaskRunner pid=776037)[0m /home/hyin66/micromamba/envs/verl/lib/python3.10/site-packages/verl/trainer/main_ppo.py:258: UserWarning: Disabled critic as algorithm.adv_estimator != gae. If it is not intended, please set critic.enable=True
[36m(TaskRunner pid=776037)[0m   use_critic=need_critic(config),
[36m(TaskRunner pid=776037)[0m Filtering prompts longer than 1024 tokens (num_proc=1):   0%|          | 0/2000 [00:00<?, ? examples/s]
[36m(TaskRunner pid=776037)[0m Filtering prompts longer than 1024 tokens (num_proc=1):  50%|█████     | 1000/2000 [00:00<00:00, 1789.08 examples/s]
[36m(TaskRunner pid=776037)[0m Filtering prompts longer than 1024 tokens (num_proc=1): 100%|██████████| 2000/2000 [00:00<00:00, 3028.47 examples/s]
[36m(TaskRunner pid=776037)[0m Filtering prompts longer than 1024 tokens (num_proc=1): 100%|██████████| 2000/2000 [00:00<00:00, 2386.96 examples/s]
[36m(TaskRunner pid=776037)[0m Filtering prompts longer than 1024 tokens (num_proc=1):   0%|          | 0/200 [00:00<?, ? examples/s]
[36m(TaskRunner pid=776037)[0m Filtering prompts longer than 1024 tokens (num_proc=1): 100%|██████████| 200/200 [00:00<00:00, 496.69 examples/s]
[36m(TaskRunner pid=776037)[0m Filtering prompts longer than 1024 tokens (num_proc=1): 100%|██████████| 200/200 [00:00<00:00, 388.23 examples/s]
[36m(TaskRunner pid=776037)[0m /home/hyin66/micromamba/envs/verl/lib/python3.10/site-packages/verl/trainer/main_ppo.py:299: FutureWarning: Warning: Class 'verl.trainer.ppo.ray_trainer.RayPPOTrainer' is deprecated. Please use 'main_ppo.py is deprecated, and wil be replaced by main_ppo_sync.py in v0.8.0, please use main_ppo_sync.py instead.' instead.
[36m(TaskRunner pid=776037)[0m   trainer = RayPPOTrainer(
[36m(TaskRunner pid=776037)[0m /home/hyin66/micromamba/envs/verl/lib/python3.10/site-packages/verl/trainer/ppo/ray_trainer.py:348: UserWarning: Disabled critic as algorithm.adv_estimator != gae. If it is not intended, please set critic.enable=True
[36m(TaskRunner pid=776037)[0m   self.use_critic = need_critic(self.config)
[36m(WorkerDict pid=776530)[0m /home/hyin66/micromamba/envs/verl/lib/python3.10/site-packages/verl/workers/engine/mindspeed/transformer_impl.py:24: UserWarning: NPU not support router replay for now.
[36m(WorkerDict pid=776530)[0m   from verl.utils.megatron.router_replay_patch import RouterReplay
[36m(WorkerDict pid=776530)[0m `torch_dtype` is deprecated! Use `dtype` instead!
[36m(WorkerDict pid=776530)[0m Flash Attention 2 only supports torch.float16 and torch.bfloat16 dtypes, but the current dype in Qwen2ForCausalLM is torch.float32. You should run training or inference using Automatic Mixed-Precision via the `with torch.autocast(device_type='torch_device'):` decorator, or load the model with the `dtype` argument. Example: `model = AutoModel.from_pretrained("openai/whisper-tiny", attn_implementation="flash_attention_2", dtype=torch.float16)`
[36m(WorkerDict pid=776530)[0m Flash Attention 2 only supports torch.float16 and torch.bfloat16 dtypes, but the current dype in Qwen2Model is torch.float32. You should run training or inference using Automatic Mixed-Precision via the `with torch.autocast(device_type='torch_device'):` decorator, or load the model with the `dtype` argument. Example: `model = AutoModel.from_pretrained("openai/whisper-tiny", attn_implementation="flash_attention_2", dtype=torch.float16)`
[36m(WorkerDict pid=776530)[0m /home/hyin66/micromamba/envs/verl/lib/python3.10/site-packages/torch/distributed/fsdp/_init_utils.py:430: UserWarning: FSDP is switching to use `NO_SHARD` instead of ShardingStrategy.FULL_SHARD since the world size is 1.
[36m(WorkerDict pid=776530)[0m   warnings.warn(
[36m(WorkerDict pid=776530)[0m /home/hyin66/micromamba/envs/verl/lib/python3.10/site-packages/torch/distributed/fsdp/fully_sharded_data_parallel.py:678: FutureWarning: FSDP.state_dict_type() and FSDP.set_state_dict_type() are being deprecated. Please use APIs, get_state_dict() and set_state_dict(), which can support different parallelisms, FSDP1, FSDP2, DDP. API doc: https://pytorch.org/docs/stable/distributed.checkpoint.html#torch.distributed.checkpoint.state_dict.get_state_dict .Tutorial: https://pytorch.org/tutorials/recipes/distributed_checkpoint_recipe.html .
[36m(WorkerDict pid=776530)[0m   warnings.warn(
[36m(WorkerDict pid=776530)[0m /home/hyin66/micromamba/envs/verl/lib/python3.10/site-packages/torch/distributed/fsdp/_init_utils.py:430: UserWarning: FSDP is switching to use `NO_SHARD` instead of ShardingStrategy.FULL_SHARD since the world size is 1.
[36m(WorkerDict pid=776530)[0m   warnings.warn(
[36m(WorkerDict pid=776530)[0m /home/hyin66/micromamba/envs/verl/lib/python3.10/site-packages/torch/distributed/fsdp/fully_sharded_data_parallel.py:678: FutureWarning: FSDP.state_dict_type() and FSDP.set_state_dict_type() are being deprecated. Please use APIs, get_state_dict() and set_state_dict(), which can support different parallelisms, FSDP1, FSDP2, DDP. API doc: https://pytorch.org/docs/stable/distributed.checkpoint.html#torch.distributed.checkpoint.state_dict.get_state_dict .Tutorial: https://pytorch.org/tutorials/recipes/distributed_checkpoint_recipe.html .
[36m(WorkerDict pid=776530)[0m   warnings.warn(
[36m(vLLMHttpServer pid=777497)[0m WARNING:2026-07-25 13:53:54,407:agent loop only support torch and npu profiler, got None
[36m(vLLMHttpServer pid=777497)[0m INFO:2026-07-25 13:53:54,407:vLLMHttpServer, replica_rank: 0, node_rank: 0, CUDA_VISIBLE_DEVICES: 1, master_address: 10.233.74.176, master_port: 33777, data_parallel_rpc_port: 43129, data_parallel_master_port: 36117
[36m(TaskRunner pid=776037)[0m                                          'prompt_length': 2048,
[36m(TaskRunner pid=776037)[0m                                          'quantization': None,
[36m(TaskRunner pid=776037)[0m                                          'quantization_config_file': None,
[36m(TaskRunner pid=776037)[0m                                          'response_length': 2048,
[36m(TaskRunner pid=776037)[0m                                          'scheduling_policy': 'fcfs',
[36m(TaskRunner pid=776037)[0m                                          'skip_tokenizer_init': False,
[36m(TaskRunner pid=776037)[0m                                          'temperature': 1.0,
[36m(TaskRunner pid=776037)[0m                                          'tensor_model_parallel_size': 2,
[36m(TaskRunner pid=776037)[0m                                          'top_k': -1,
[36m(TaskRunner pid=776037)[0m                                          'top_p': 1}},
[36m(TaskRunner pid=776037)[0m             'sandbox_fusion': {'_target_': 'verl.workers.config.SandboxFusionConfig',
[36m(TaskRunner pid=776037)[0m                                'max_concurrent': 64,
[36m(TaskRunner pid=776037)[0m                                'memory_limit_mb': 1024,
[36m(TaskRunner pid=776037)[0m                                'url': None}},
[36m(TaskRunner pid=776037)[0m  'trainer': {'balance_batch': True,
[36m(TaskRunner pid=776037)[0m              'critic_warmup': 0,
[36m(TaskRunner pid=776037)[0m              'default_hdfs_dir': None,
[36m(TaskRunner pid=776037)[0m              'default_local_dir': '/tmp/grpo_ckpt_grpo_full_train',
[36m(TaskRunner pid=776037)[0m              'del_local_ckpt_after_load': False,
[36m(TaskRunner pid=776037)[0m              'device': 'cuda',
[36m(TaskRunner pid=776037)[0m              'esi_redundant_time': 0,
[36m(TaskRunner pid=776037)[0m              'experiment_name': 'grpo_full_train',
[36m(TaskRunner pid=776037)[0m              'log_val_generations': 0,
[36m(TaskRunner pid=776037)[0m              'logger': ['console'],
[36m(TaskRunner pid=776037)[0m              'max_actor_ckpt_to_keep': None,
[36m(TaskRunner pid=776037)[0m              'max_critic_ckpt_to_keep': None,
[36m(TaskRunner pid=776037)[0m              'n_gpus_per_node': 1,
[36m(TaskRunner pid=776037)[0m              'nnodes': 1,
[36m(TaskRunner pid=776037)[0m              'project_name': 'a0_grpo_bench',
[36m(TaskRunner pid=776037)[0m              'ray_wait_register_center_timeout': 300,
[36m(TaskRunner pid=776037)[0m              'resume_from_path': None,
[36m(TaskRunner pid=776037)[0m              'resume_mode': 'auto',
[36m(TaskRunner pid=776037)[0m              'rollout_data_dir': None,
[36m(TaskRunner pid=776037)[0m              'save_freq': 200,
[36m(TaskRunner pid=776037)[0m              'test_freq': -1,
[36m(TaskRunner pid=776037)[0m              'total_epochs': 1000,
[36m(TaskRunner pid=776037)[0m              'total_training_steps': 200,
[36m(TaskRunner pid=776037)[0m              'val_before_train': False,
[36m(TaskRunner pid=776037)[0m              'val_only': False,
[36m(TaskRunner pid=776037)[0m              'validation_data_dir': None},
[36m(TaskRunner pid=776037)[0m  'transfer_queue': {'backend': {'MooncakeStore': {'auto_init': False,
[36m(TaskRunner pid=776037)[0m                                                   'device_name': '',
[36m(TaskRunner pid=776037)[0m                                                   'global_segment_size': 4294967296,
[36m(TaskRunner pid=776037)[0m                                                   'local_buffer_size': 1073741824,
[36m(TaskRunner pid=776037)[0m                                                   'local_hostname': 'localhost',
[36m(TaskRunner pid=776037)[0m                                                   'master_server_address': 'localhost:50124',
[36m(TaskRunner pid=776037)[0m                                                   'metadata_server': 'localhost:50123',
[36m(TaskRunner pid=776037)[0m                                                   'protocol': 'tcp'},
[36m(TaskRunner pid=776037)[0m                                 'SimpleStorage': {'num_data_storage_units': 8,
[36m(TaskRunner pid=776037)[0m                                                   'total_storage_size': 100000},
[36m(TaskRunner pid=776037)[0m                                 'storage_backend': 'SimpleStorage'},
[36m(TaskRunner pid=776037)[0m                     'enable': False,
[36m(TaskRunner pid=776037)[0m                     'metrics': {'enabled': False, 'port': 0}}}
[36m(TaskRunner pid=776037)[0m [validate_config] All configuration checks passed successfully!
[36m(TaskRunner pid=776037)[0m Using dataset class: RLHFDataset
[36m(TaskRunner pid=776037)[0m dataset len: 2000
[36m(TaskRunner pid=776037)[0m filter dataset len: 2000
[36m(TaskRunner pid=776037)[0m Using dataset class: RLHFDataset
[36m(TaskRunner pid=776037)[0m dataset len: 200
[36m(TaskRunner pid=776037)[0m filter dataset len: 200
[36m(TaskRunner pid=776037)[0m Size of train dataloader: 125, Size of val dataloader: 1
[36m(TaskRunner pid=776037)[0m Total training steps: 200
[36m(TaskRunner pid=776037)[0m colocated worker base class <class 'verl.single_controller.base.worker.Worker'>
[36m(WorkerDict pid=776530)[0m [Gloo] Rank 0 is connected to 0 peer ranks. Expected number of connected peer ranks is : 0
[36m(WorkerDict pid=776530)[0m Warning: Failed to set NUMA affinity: libnuma.so: cannot open shared object file: No such file or directory
[36m(WorkerDict pid=776530)[0m Monkey patch _flash_attention_forward in transformers.integrations.flash_attention
[36m(WorkerDict pid=776530)[0m Skipping monkey patch for Qwen2ForCausalLM as use_fused_kernels is False or fused_kernels_backend is torch
[36m(WorkerDict pid=776530)[0m Qwen2ForCausalLM contains 1.54B parameters
[36m(WorkerDict pid=776530)[0m Before FSDP, memory allocated (GB): 0.00, memory reserved (GB): 0.00, device memory used/total (GB): 1.86/139.80
[36m(WorkerDict pid=776530)[0m After FSDP, memory allocated (GB): 5.75, memory reserved (GB): 6.86, device memory used/total (GB): 9.36/139.80
[36m(WorkerDict pid=776530)[0m Warning: Failed to set NUMA affinity: libnuma.so: cannot open shared object file: No such file or directory
[36m(WorkerDict pid=776530)[0m Monkey patch _flash_attention_forward in transformers.integrations.flash_attention
[36m(WorkerDict pid=776530)[0m Skipping monkey patch for Qwen2ForCausalLM as use_fused_kernels is False or fused_kernels_backend is torch
[36m(WorkerDict pid=776530)[0m Qwen2ForCausalLM contains 1.54B parameters
[36m(WorkerDict pid=776530)[0m Before FSDP, memory allocated (GB): 5.75, memory reserved (GB): 6.86, device memory used/total (GB): 9.36/139.80
[36m(WorkerDict pid=776530)[0m After FSDP, memory allocated (GB): 11.50, memory reserved (GB): 12.82, device memory used/total (GB): 15.32/139.80
[36m(WorkerDict pid=776530)[0m Total steps: 200, num_warmup_steps: 0
[36m(WorkerDict pid=776530)[0m NCCL version 2.27.3+cuda12.9
[36m(WorkerDict pid=776530)[0m [Gloo] Rank 0 is connected to 0 peer ranks. Expected number of connected peer ranks is : 0
[36m(WorkerDict pid=776530)[0m [Gloo] Rank 0 is connected to 0 peer ranks. Expected number of connected peer ranks is : 0
[36m(WorkerDict pid=776530)[0m [Gloo] Rank 0 is connected to 0 peer ranks. Expected number of connected peer ranks is : 0
[36m(TaskRunner pid=776037)[0m WARNING 07-25 13:53:26 [api_server.py:1213] LoRA dynamic loading & unloading is enabled in the API server. This should ONLY be used for local development!
[36m(pid=777497)[0m WARNING 07-25 13:53:52 [api_server.py:1213] LoRA dynamic loading & unloading is enabled in the API server. This should ONLY be used for local development!
[36m(vLLMHttpServer pid=777497)[0m ['serve',
[36m(vLLMHttpServer pid=777497)[0m  'Qwen/Qwen2.5-1.5B-Instruct',
[36m(vLLMHttpServer pid=777497)[0m  '--dtype',
[36m(vLLMHttpServer pid=777497)[0m  'bfloat16',
[36m(vLLMHttpServer pid=777497)[0m  '--load_format',
[36m(vLLMHttpServer pid=777497)[0m INFO:2026-07-25 13:53:54,415:override_generation_config: {'temperature': 1.0, 'top_k': -1, 'top_p': 1, 'repetition_penalty': 1.0, 'max_new_tokens': 512}
[36m(vLLMHttpServer pid=777497)[0m INFO:2026-07-25 13:53:54,416:enable_sleep_mode: True
[36m(vLLMHttpServer pid=777497)[0m `torch_dtype` is deprecated! Use `dtype` instead!
[36m(vLLMHttpServer pid=777497)[0m [1;36m(Worker pid=778095)[0;0m Capturing CUDA graphs (mixed prefill-decode, PIECEWISE):   0%|          | 0/67 [00:00<?, ?it/s]
[36m(vLLMHttpServer pid=777497)[0m Capturing CUDA graphs (mixed prefill-decode, PIECEWISE):  10%|█         | 7/67 [00:00<00:00, 62.90it/s]
[36m(vLLMHttpServer pid=777497)[0m Capturing CUDA graphs (mixed prefill-decode, PIECEWISE):  21%|██        | 14/67 [00:00<00:00, 62.02it/s]
[36m(vLLMHttpServer pid=777497)[0m Capturing CUDA graphs (mixed prefill-decode, PIECEWISE):  31%|███▏      | 21/67 [00:00<00:00, 62.32it/s]
[36m(vLLMHttpServer pid=777497)[0m Capturing CUDA graphs (mixed prefill-decode, PIECEWISE):  42%|████▏     | 28/67 [00:00<00:00, 60.51it/s]
[36m(vLLMHttpServer pid=777497)[0m Capturing CUDA graphs (mixed prefill-decode, PIECEWISE):  52%|█████▏    | 35/67 [00:00<00:00, 58.27it/s]
[36m(vLLMHttpServer pid=777497)[0m Capturing CUDA graphs (mixed prefill-decode, PIECEWISE):  61%|██████    | 41/67 [00:00<00:00, 56.64it/s]
[36m(vLLMHttpServer pid=777497)[0m Capturing CUDA graphs (mixed prefill-decode, PIECEWISE):  70%|███████   | 47/67 [00:00<00:00, 56.18it/s]
[36m(vLLMHttpServer pid=777497)[0m Capturing CUDA graphs (mixed prefill-decode, PIECEWISE):  79%|███████▉  | 53/67 [00:00<00:00, 53.98it/s]
[36m(vLLMHttpServer pid=777497)[0m Capturing CUDA graphs (mixed prefill-decode, PIECEWISE):  88%|████████▊ | 59/67 [00:01<00:00, 53.36it/s]
[36m(vLLMHttpServer pid=777497)[0m Capturing CUDA graphs (mixed prefill-decode, PIECEWISE):  97%|█████████▋| 65/67 [00:01<00:00, 54.80it/s]Capturing CUDA graphs (mixed prefill-decode, PIECEWISE): 100%|██████████| 67/67 [00:01<00:00, 56.53it/s]
[36m(vLLMHttpServer pid=777497)[0m [1;36m(Worker pid=778095)[0;0m Capturing CUDA graphs (decode, FULL):   0%|          | 0/67 [00:00<?, ?it/s]
[36m(vLLMHttpServer pid=777497)[0m Capturing CUDA graphs (decode, FULL):  12%|█▏        | 8/67 [00:00<00:00, 72.50it/s]
[36m(vLLMHttpServer pid=777497)[0m Capturing CUDA graphs (decode, FULL):  25%|██▌       | 17/67 [00:00<00:00, 79.31it/s]
[36m(vLLMHttpServer pid=777497)[0m Capturing CUDA graphs (decode, FULL):  39%|███▉      | 26/67 [00:00<00:00, 82.77it/s]
[36m(vLLMHttpServer pid=777497)[0m Capturing CUDA graphs (decode, FULL):  52%|█████▏    | 35/67 [00:00<00:00, 84.45it/s]
[36m(vLLMHttpServer pid=777497)[0m Capturing CUDA graphs (decode, FULL):  66%|██████▌   | 44/67 [00:00<00:00, 85.83it/s]
[36m(vLLMHttpServer pid=777497)[0m Capturing CUDA graphs (decode, FULL):  79%|███████▉  | 53/67 [00:00<00:00, 86.90it/s]
[36m(vLLMHttpServer pid=777497)[0m Capturing CUDA graphs (decode, FULL):  93%|█████████▎| 62/67 [00:00<00:00, 87.81it/s]Capturing CUDA graphs (decode, FULL): 100%|██████████| 67/67 [00:00<00:00, 85.72it/s]
[36m(vLLMHttpServer pid=777497)[0m INFO:2026-07-25 13:54:53,493:Initializing a V1 LLM engine with config: model='Qwen/Qwen2.5-1.5B-Instruct', speculative_config=None, tokenizer='Qwen/Qwen2.5-1.5B-Instruct', skip_tokenizer_init=False, tokenizer_mode=auto, revision=None, tokenizer_revision=None, trust_remote_code=False, dtype=torch.bfloat16, max_seq_len=32768, download_dir=None, load_format=dummy, tensor_parallel_size=1, pipeline_parallel_size=1, data_parallel_size=1, disable_custom_all_reduce=False, quantization=None, enforce_eager=False, kv_cache_dtype=auto, device_config=cuda, structured_outputs_config=StructuredOutputsConfig(backend='auto', disable_fallback=False, disable_any_whitespace=False, disable_additional_properties=False, reasoning_parser=''), observability_config=ObservabilityConfig(show_hidden_metrics_for_version=None, otlp_traces_endpoint=None, collect_detailed_traces=None), seed=0, served_model_name=Qwen/Qwen2.5-1.5B-Instruct, enable_prefix_caching=True, chunked_prefill_enabled=True, pooler_config=None, compilation_config={"level":3,"debug_dump_path":"","cache_dir":"","backend":"","custom_ops":[],"splitting_ops":["vllm.unified_attention","vllm.unified_attention_with_output","vllm.mamba_mixer2","vllm.mamba_mixer","vllm.short_conv","vllm.linear_attention","vllm.plamo2_mamba_mixer","vllm.gdn_attention","vllm.sparse_attn_indexer"],"use_inductor":true,"compile_sizes":[],"inductor_compile_config":{"enable_auto_functionalized_v2":false},"inductor_passes":{},"cudagraph_mode":[2,1],"use_cudagraph":true,"cudagraph_num_of_warmups":1,"cudagraph_capture_sizes":[512,504,496,488,480,472,464,456,448,440,432,424,416,408,400,392,384,376,368,360,352,344,336,328,320,312,304,296,288,280,272,264,256,248,240,232,224,216,208,200,192,184,176,168,160,152,144,136,128,120,112,104,96,88,80,72,64,56,48,40,32,24,16,8,4,2,1],"cudagraph_copy_inputs":false,"full_cuda_graph":false,"use_inductor_graph_partition":false,"pass_config":{},"max_capture_size":512,"local_cache_dir":null}
[36m(WorkerDict pid=776530)[0m /home/hyin66/micromamba/envs/verl/lib/python3.10/site-packages/torch/distributed/fsdp/_state_dict_utils.py:763: UserWarning: When using ``NO_SHARD`` for ``ShardingStrategy``, full_state_dict will be returned.
[36m(WorkerDict pid=776530)[0m   warnings.warn(
[36m(WorkerDict pid=776530)[0m /home/hyin66/micromamba/envs/verl/lib/python3.10/site-packages/torch/distributed/fsdp/_state_dict_utils.py:701: UserWarning: When using ``NO_SHARD`` for ``ShardingStrategy``, full_state_dict will be returned.
[36m(WorkerDict pid=776530)[0m   warnings.warn(
[36m(WorkerDict pid=776530)[0m INFO:2026-07-25 13:54:55,483:update_weights done, time cost: 0.47s
[36m(TaskRunner pid=776037)[0m Training Progress:   0%|          | 0/200 [00:00<?, ?it/s]
[36m(AgentLoopWorker pid=778580)[0m You're using a Qwen2TokenizerFast tokenizer. Please note that with a fast tokenizer, using the `__call__` method is faster than using a method to encode the text followed by a call to the `pad` method to get a padded encoding.
[36m(AgentLoopWorker pid=778586)[0m You're using a Qwen2TokenizerFast tokenizer. Please note that with a fast tokenizer, using the `__call__` method is faster than using a method to encode the text followed by a call to the `pad` method to get a padded encoding.
[36m(AgentLoopWorker pid=778582)[0m You're using a Qwen2TokenizerFast tokenizer. Please note that with a fast tokenizer, using the `__call__` method is faster than using a method to encode the text followed by a call to the `pad` method to get a padded encoding.
[36m(AgentLoopWorker pid=778585)[0m You're using a Qwen2TokenizerFast tokenizer. Please note that with a fast tokenizer, using the `__call__` method is faster than using a method to encode the text followed by a call to the `pad` method to get a padded encoding.
[36m(AgentLoopWorker pid=778581)[0m You're using a Qwen2TokenizerFast tokenizer. Please note that with a fast tokenizer, using the `__call__` method is faster than using a method to encode the text followed by a call to the `pad` method to get a padded encoding.
[36m(AgentLoopWorker pid=778588)[0m You're using a Qwen2TokenizerFast tokenizer. Please note that with a fast tokenizer, using the `__call__` method is faster than using a method to encode the text followed by a call to the `pad` method to get a padded encoding.
[36m(AgentLoopWorker pid=778578)[0m You're using a Qwen2TokenizerFast tokenizer. Please note that with a fast tokenizer, using the `__call__` method is faster than using a method to encode the text followed by a call to the `pad` method to get a padded encoding.
[36m(AgentLoopWorker pid=778584)[0m You're using a Qwen2TokenizerFast tokenizer. Please note that with a fast tokenizer, using the `__call__` method is faster than using a method to encode the text followed by a call to the `pad` method to get a padded encoding.
[36m(WorkerDict pid=776530)[0m INFO:2026-07-25 13:55:46,876:update_weights done, time cost: 0.49s
[36m(TaskRunner pid=776037)[0m Training Progress:   0%|          | 1/200 [00:51<2:50:22, 51.37s/it]
[36m(vLLMHttpServer pid=777497)[0m  'dummy',
[36m(vLLMHttpServer pid=777497)[0m  '--distributed_executor_backend',
[36m(vLLMHttpServer pid=777497)[0m  'mp',
[36m(vLLMHttpServer pid=777497)[0m  '--worker_extension_cls',
[36m(vLLMHttpServer pid=777497)[0m  'verl.workers.rollout.vllm_rollout.utils.vLLMColocateWorkerExtension',
[36m(vLLMHttpServer pid=777497)[0m  '--max_model_len',
[36m(vLLMHttpServer pid=777497)[0m  '32768',
[36m(vLLMHttpServer pid=777497)[0m  '--max_num_seqs',
[36m(vLLMHttpServer pid=777497)[0m  '1024',
[36m(vLLMHttpServer pid=777497)[0m  '--enable_chunked_prefill',
[36m(vLLMHttpServer pid=777497)[0m  '--max_num_batched_tokens',
[36m(vLLMHttpServer pid=777497)[0m  '8192',
[36m(vLLMHttpServer pid=777497)[0m  '--enable_prefix_caching',
[36m(vLLMHttpServer pid=777497)[0m  '--enable_sleep_mode',
[36m(vLLMHttpServer pid=777497)[0m  '--logprobs_mode',
[36m(vLLMHttpServer pid=777497)[0m  'processed_logprobs',
[36m(vLLMHttpServer pid=777497)[0m  '--gpu_memory_utilization',
[36m(vLLMHttpServer pid=777497)[0m  '0.5',
[36m(vLLMHttpServer pid=777497)[0m  '--disable_log_stats',
[36m(vLLMHttpServer pid=777497)[0m  '--tensor_parallel_size',
[36m(vLLMHttpServer pid=777497)[0m  '1',
[36m(vLLMHttpServer pid=777497)[0m  '--seed',
[36m(vLLMHttpServer pid=777497)[0m  '0',
[36m(vLLMHttpServer pid=777497)[0m  '--override_generation_config',
[36m(vLLMHttpServer pid=777497)[0m  '{"temperature": 1.0, "top_k": -1, "top_p": 1, "repetition_penalty": 1.0, '
[36m(vLLMHttpServer pid=777497)[0m  '"max_new_tokens": 512}',
[36m(vLLMHttpServer pid=777497)[0m  '--hf_overrides',
[36m(vLLMHttpServer pid=777497)[0m  '{}',
[36m(vLLMHttpServer pid=777497)[0m  '--scheduling_policy',
[36m(vLLMHttpServer pid=777497)[0m  'fcfs',
[36m(vLLMHttpServer pid=777497)[0m  '--compilation_config',
[36m(vLLMHttpServer pid=777497)[0m  '{"cudagraph_mode": "FULL_AND_PIECEWISE"}']
[36m(vLLMHttpServer pid=777497)[0m WARNING 07-25 13:53:55 [__init__.py:3036] We must use the `spawn` multiprocessing start method. Overriding VLLM_WORKER_MULTIPROC_METHOD to 'spawn'. See https://docs.vllm.ai/en/latest/usage/troubleshooting.html#python-multiprocessing for more information. Reasons: In a Ray actor and can only be spawned; CUDA is initialized
[36m(vLLMHttpServer pid=777497)[0m [Gloo] Rank 0 is connected to 0 peer ranks. Expected number of connected peer ranks is : 0
[36m(vLLMHttpServer pid=777497)[0m [Gloo] Rank 0 is connected to 0 peer ranks. Expected number of connected peer ranks is : 0
[36m(vLLMHttpServer pid=777497)[0m [Gloo] Rank 0 is connected to 0 peer ranks. Expected number of connected peer ranks is : 0
[36m(vLLMHttpServer pid=777497)[0m [Gloo] Rank 0 is connected to 0 peer ranks. Expected number of connected peer ranks is : 0
[36m(vLLMHttpServer pid=777497)[0m [Gloo] Rank 0 is connected to 0 peer ranks. Expected number of connected peer ranks is : 0
[36m(vLLMHttpServer pid=777497)[0m [Gloo] Rank 0 is connected to 0 peer ranks. Expected number of connected peer ranks is : 0
[36m(vLLMHttpServer pid=777497)[0m WARNING 07-25 13:54:53 [model.py:1389] Default sampling parameters have been overridden by the model's Hugging Face generation config recommended from the model creator. If this is not intended, please relaunch vLLM instance with `--generation-config vllm`.
[36m(TaskRunner pid=776037)[0m LLMServerManager: ['10.233.74.176:40603']
[36m(TaskRunner pid=776037)[0m Checkpoint tracker file does not exist: /tmp/grpo_ckpt_grpo_full_train/latest_checkpointed_iteration.txt
[36m(TaskRunner pid=776037)[0m Training from scratch
[36m(WorkerDict pid=776530)[0m WARNING 07-25 13:54:54 [api_server.py:1213] LoRA dynamic loading & unloading is enabled in the API server. This should ONLY be used for local development!
[36m(AgentLoopWorker pid=778582)[0m Using dataset class: RLHFDataset
[36m(AgentLoopWorker pid=778588)[0m Using dataset class: RLHFDataset
[36m(AgentLoopWorker pid=778584)[0m Using dataset class: RLHFDataset
[36m(AgentLoopWorker pid=778581)[0m Using dataset class: RLHFDataset
[36m(AgentLoopWorker pid=778578)[0m Using dataset class: RLHFDataset
[36m(AgentLoopWorker pid=778586)[0m Using dataset class: RLHFDataset
[36m(AgentLoopWorker pid=778580)[0m Using dataset class: RLHFDataset
[36m(AgentLoopWorker pid=778585)[0m Using dataset class: RLHFDataset
[36m(GlobalRequestLoadBalancer pid=778583)[0m WARNING 07-25 13:55:20 [api_server.py:1213] LoRA dynamic loading & unloading is enabled in the API server. This should ONLY be used for local development!
[36m(AgentLoopWorker pid=778578)[0m WARNING 07-25 13:55:29 [api_server.py:1213] LoRA dynamic loading & unloading is enabled in the API server. This should ONLY be used for local development!
[36m(AgentLoopWorker pid=778588)[0m WARNING 07-25 13:55:29 [api_server.py:1213] LoRA dynamic loading & unloading is enabled in the API server. This should ONLY be used for local development!
[36m(AgentLoopWorker pid=778580)[0m WARNING 07-25 13:55:29 [api_server.py:1213] LoRA dynamic loading & unloading is enabled in the API server. This should ONLY be used for local development!
[36m(AgentLoopWorker pid=778582)[0m WARNING 07-25 13:55:29 [api_server.py:1213] LoRA dynamic loading & unloading is enabled in the API server. This should ONLY be used for local development!
[36m(AgentLoopWorker pid=778585)[0m WARNING 07-25 13:55:29 [api_server.py:1213] LoRA dynamic loading & unloading is enabled in the API server. This should ONLY be used for local development!
[36m(AgentLoopWorker pid=778586)[0m WARNING 07-25 13:55:29 [api_server.py:1213] LoRA dynamic loading & unloading is enabled in the API server. This should ONLY be used for local development!
[36m(AgentLoopWorker pid=778584)[0m WARNING 07-25 13:55:29 [api_server.py:1213] LoRA dynamic loading & unloading is enabled in the API server. This should ONLY be used for local development!
[36m(AgentLoopWorker pid=778581)[0m WARNING 07-25 13:55:29 [api_server.py:1213] LoRA dynamic loading & unloading is enabled in the API server. This should ONLY be used for local development!
[36m(WorkerDict pid=776530)[0m INFO:2026-07-25 13:55:56,162:update_weights done, time cost: 0.48s
[36m(TaskRunner pid=776037)[0m Training Progress:   1%|          | 2/200 [01:00<1:27:49, 26.61s/it]
[36m(WorkerDict pid=776530)[0m INFO:2026-07-25 13:56:05,660:update_weights done, time cost: 0.47s
[36m(TaskRunner pid=776037)[0m Training Progress:   2%|▏         | 3/200 [01:10<1:01:43, 18.80s/it]
[36m(TaskRunner pid=776037)[0m step:1 - global_seqlen/min:51850 - global_seqlen/max:51850 - global_seqlen/minmax_diff:0 - global_seqlen/balanced_min:51850 - global_seqlen/balanced_max:51850 - global_seqlen/mean:51850.0 - actor/entropy:0.23672428727149963 - perf/mfu/actor_infer:0.04686376452774451 - actor/pg_clipfrac:0.00017195407053804956 - actor/ppo_kl:8.436040855031024e-05 - actor/pg_clipfrac_lower:0.0 - actor/pg_loss:-0.007506840454880148 - actor/kl_loss:0.00012115550816815812 - actor/kl_coef:0.001 - actor/loss:-0.007506718393415213 - actor/grad_norm:0.5459035336971283 - actor/perf/max_memory_allocated_gb:28.816622257232666 - actor/perf/max_memory_reserved_gb:32.171875 - actor/perf/cpu_memory_used_gb:26.106956481933594 - actor/lr:1e-06 - perf/mfu/actor:0.20554156360630388 - training/global_step:1 - training/epoch:0 - critic/score/mean:0.765625 - critic/score/max:1.0 - critic/score/min:0.0 - critic/rewards/mean:0.765625 - critic/rewards/max:1.0 - critic/rewards/min:0.0 - critic/advantages/mean:0.0076482659205794334 - critic/advantages/max:0.935412585735321 - critic/advantages/min:-2.4748666286468506 - critic/returns/mean:0.0076482659205794334 - critic/returns/max:0.935412585735321 - critic/returns/min:-2.4748666286468506 - response_length/mean:303.515625 - response_length/max:512.0 - response_length/min:50.0 - response_length/clip_ratio:0.0390625 - response_length_non_aborted/mean:303.515625 - response_length_non_aborted/max:512.0 - response_length_non_aborted/min:50.0 - response_length_non_aborted/clip_ratio:0.0390625 - response/aborted_ratio:0.0 - prompt_length/mean:101.5625 - prompt_length/max:141.0 - prompt_length/min:77.0 - prompt_length/clip_ratio:0.0 - num_turns/min:2 - num_turns/max:2 - num_turns/mean:2.0 - timing_s/start_profile:0.00025673769414424896 - timing_s/agent_loop/num_preempted/min:-1 - timing_s/agent_loop/num_preempted/max:-1 - timing_s/agent_loop/num_preempted/mean:-1.0 - timing_s/agent_loop/generate_sequences/min:13.840669554658234 - timing_s/agent_loop/generate_sequences/max:15.73758902028203 - timing_s/agent_loop/generate_sequences/mean:15.040328188995773 - timing_s/agent_loop/tool_calls/min:0.0 - timing_s/agent_loop/tool_calls/max:0.0 - timing_s/agent_loop/tool_calls/mean:0.0 - timing_s/agent_loop/compute_score/min:0.0039037326350808144 - timing_s/agent_loop/compute_score/max:0.02881968952715397 - timing_s/agent_loop/compute_score/mean:0.007469807940651663 - timing_s/agent_loop/slowest/generate_sequences:15.73758902028203 - timing_s/agent_loop/slowest/tool_calls:0.0 - timing_s/agent_loop/slowest/compute_score:0.0046350546181201935 - timing_s/agent_loop/slowest/num_preempted:-1 - timing_s/agent_loop/slowest/prompt_length:112 - timing_s/agent_loop/slowest/response_length:512 - timing_s/gen:35.63028668984771 - timing_s/reward:3.137905150651932e-05 - timing_s/old_log_prob:4.201134824194014 - timing_s/ref:7.559640142135322 - timing_s/adv:0.003909502178430557 - timing_s/update_actor:2.8871567770838737 - timing_s/update_weights:0.8895319607108831 - timing_s/step:51.22693203762174 - timing_s/stop_profile:8.095987141132355e-05 - timing_per_token_ms/ref:0.1457982669650014 - timing_per_token_ms/gen:0.9171244965211766 - timing_per_token_ms/update_actor:0.05568286937480952 - timing_per_token_ms/adv:7.540023487812069e-05 - perf/total_num_tokens:51850 - perf/time_per_step:51.22693203762174 - perf/throughput:1012.1628982567348
[36m(TaskRunner pid=776037)[0m step:2 - global_seqlen/min:46038 - global_seqlen/max:46038 - global_seqlen/minmax_diff:0 - global_seqlen/balanced_min:46038 - global_seqlen/balanced_max:46038 - global_seqlen/mean:46038.0 - actor/entropy:0.26123541593551636 - perf/mfu/actor_infer:0.22605538483709153 - actor/pg_clipfrac:0.00013609492998511996 - actor/ppo_kl:-8.647203884493138e-05 - actor/pg_clipfrac_lower:0.0 - actor/pg_loss:-0.010041342116892338 - actor/kl_loss:0.0002936065138783306 - actor/kl_coef:0.001 - actor/loss:-0.010041046887636185 - actor/grad_norm:0.8569310903549194 - actor/perf/max_memory_allocated_gb:28.816622257232666 - actor/perf/max_memory_reserved_gb:40.615234375 - actor/perf/cpu_memory_used_gb:26.124217987060547 - actor/lr:1e-06 - perf/mfu/actor:0.19861466823475393 - training/global_step:2 - training/epoch:0 - critic/score/mean:0.7578125 - critic/score/max:1.0 - critic/score/min:0.0 - critic/rewards/mean:0.7578125 - critic/rewards/max:1.0 - critic/rewards/min:0.0 - critic/advantages/mean:0.009746704250574112 - critic/advantages/max:1.20761239528656 - critic/advantages/min:-2.4748666286468506 - critic/returns/mean:0.009746704250574112 - critic/returns/max:1.20761239528656 - critic/returns/min:-2.4748666286468506 - response_length/mean:264.421875 - response_length/max:512.0 - response_length/min:96.0 - response_length/clip_ratio:0.015625 - response_length_non_aborted/mean:264.421875 - response_length_non_aborted/max:512.0 - response_length_non_aborted/min:96.0 - response_length_non_aborted/clip_ratio:0.015625 - response/aborted_ratio:0.0 - prompt_length/mean:95.25 - prompt_length/max:129.0 - prompt_length/min:76.0 - prompt_length/clip_ratio:0.0 - num_turns/min:2 - num_turns/max:2 - num_turns/mean:2.0 - timing_s/start_profile:8.038897067308426e-05 - timing_s/agent_loop/num_preempted/min:-1 - timing_s/agent_loop/num_preempted/max:-1 - timing_s/agent_loop/num_preempted/mean:-1.0 - timing_s/agent_loop/generate_sequences/min:0.51117436401546 - timing_s/agent_loop/generate_sequences/max:1.961781213991344 - timing_s/agent_loop/generate_sequences/mean:1.2199868712341413 - timing_s/agent_loop/tool_calls/min:0.0 - timing_s/agent_loop/tool_calls/max:0.0 - timing_s/agent_loop/tool_calls/mean:0.0 - timing_s/agent_loop/compute_score/min:0.003929212689399719 - timing_s/agent_loop/compute_score/max:0.01514637190848589 - timing_s/agent_loop/compute_score/mean:0.00561854342231527 - timing_s/agent_loop/slowest/generate_sequences:1.961781213991344 - timing_s/agent_loop/slowest/tool_calls:0.0 - timing_s/agent_loop/slowest/compute_score:0.006263868883252144 - timing_s/agent_loop/slowest/num_preempted:-1 - timing_s/agent_loop/slowest/prompt_length:107 - timing_s/agent_loop/slowest/response_length:512 - timing_s/gen:2.5415062848478556 - timing_s/reward:1.6740523278713226e-05 - timing_s/old_log_prob:0.8224420817568898 - timing_s/ref:2.332995379343629 - timing_s/adv:0.003995080478489399 - timing_s/update_actor:2.650810891762376 - timing_s/update_weights:0.8800892913714051 - timing_s/step:9.280451647937298 - timing_s/stop_profile:0.00011349935084581375 - timing_per_token_ms/ref:0.0506754285447593 - timing_per_token_ms/gen:0.07509029973550362 - timing_per_token_ms/update_actor:0.057578758672452664 - timing_per_token_ms/adv:8.677788953667403e-05 - perf/total_num_tokens:46038 - perf/time_per_step:9.280451647937298 - perf/throughput:4960.749944775861
[36m(WorkerDict pid=776530)[0m INFO:2026-07-25 13:56:15,257:update_weights done, time cost: 0.48s
[36m(TaskRunner pid=776037)[0m Training Progress:   2%|▏         | 4/200 [01:19<49:32, 15.17s/it]  
[36m(WorkerDict pid=776530)[0m INFO:2026-07-25 13:56:25,183:update_weights done, time cost: 0.48s
[36m(TaskRunner pid=776037)[0m Training Progress:   2%|▎         | 5/200 [01:29<43:08, 13.27s/it]
[36m(TaskRunner pid=776037)[0m step:3 - global_seqlen/min:51586 - global_seqlen/max:51586 - global_seqlen/minmax_diff:0 - global_seqlen/balanced_min:51586 - global_seqlen/balanced_max:51586 - global_seqlen/mean:51586.0 - actor/entropy:0.2461763620376587 - perf/mfu/actor_infer:0.24271060246953305 - actor/pg_clipfrac:0.00018380265828454867 - actor/ppo_kl:0.0001495443757448811 - actor/pg_clipfrac_lower:0.0 - actor/pg_loss:-0.010427213739603758 - actor/kl_loss:0.0002961936270367005 - actor/kl_coef:0.001 - actor/loss:-0.010426923632621765 - actor/grad_norm:0.6984889507293701 - actor/perf/max_memory_allocated_gb:28.816622257232666 - actor/perf/max_memory_reserved_gb:40.615234375 - actor/perf/cpu_memory_used_gb:26.14276695251465 - actor/lr:1e-06 - perf/mfu/actor:0.2133560404922769 - training/global_step:3 - training/epoch:0 - critic/score/mean:0.7109375 - critic/score/max:1.0 - critic/score/min:0.0 - critic/rewards/mean:0.7109375 - critic/rewards/max:1.0 - critic/rewards/min:0.0 - critic/advantages/mean:0.01033819280564785 - critic/advantages/max:1.20761239528656 - critic/advantages/min:-2.4748666286468506 - critic/returns/mean:0.01033819280564785 - critic/returns/max:1.20761239528656 - critic/returns/min:-2.4748666286468506 - response_length/mean:303.203125 - response_length/max:512.0 - response_length/min:78.0 - response_length/clip_ratio:0.015625 - response_length_non_aborted/mean:303.203125 - response_length_non_aborted/max:512.0 - response_length_non_aborted/min:78.0 - response_length_non_aborted/clip_ratio:0.015625 - response/aborted_ratio:0.0 - prompt_length/mean:99.8125 - prompt_length/max:118.0 - prompt_length/min:78.0 - prompt_length/clip_ratio:0.0 - num_turns/min:2 - num_turns/max:2 - num_turns/mean:2.0 - timing_s/start_profile:8.098874241113663e-05 - timing_s/agent_loop/num_preempted/min:-1 - timing_s/agent_loop/num_preempted/max:-1 - timing_s/agent_loop/num_preempted/mean:-1.0 - timing_s/agent_loop/generate_sequences/min:0.40631965454667807 - timing_s/agent_loop/generate_sequences/max:2.044456691481173 - timing_s/agent_loop/generate_sequences/mean:1.392394092741597 - timing_s/agent_loop/tool_calls/min:0.0 - timing_s/agent_loop/tool_calls/max:0.0 - timing_s/agent_loop/tool_calls/mean:0.0 - timing_s/agent_loop/compute_score/min:0.003982671536505222 - timing_s/agent_loop/compute_score/max:0.010116621851921082 - timing_s/agent_loop/compute_score/mean:0.005511205563379917 - timing_s/agent_loop/slowest/generate_sequences:2.044456691481173 - timing_s/agent_loop/slowest/tool_calls:0.0 - timing_s/agent_loop/slowest/compute_score:0.005343838594853878 - timing_s/agent_loop/slowest/num_preempted:-1 - timing_s/agent_loop/slowest/prompt_length:104 - timing_s/agent_loop/slowest/response_length:512 - timing_s/gen:2.6300004133954644 - timing_s/reward:1.9410625100135803e-05 - timing_s/old_log_prob:0.8527018986642361 - timing_s/ref:2.3261374160647392 - timing_s/adv:0.003427117131650448 - timing_s/update_actor:2.762500216253102 - timing_s/update_weights:0.8702596370130777 - timing_s/step:9.494725096039474 - timing_s/stop_profile:7.91698694229126e-05 - timing_per_token_ms/ref:0.04509241685854184 - timing_per_token_ms/gen:0.06776605033227169 - timing_per_token_ms/update_actor:0.05355135533387163 - timing_per_token_ms/adv:6.643502368182158e-05 - perf/total_num_tokens:51586 - perf/time_per_step:9.494725096039474 - perf/throughput:5433.122020722645
[36m(TaskRunner pid=776037)[0m step:4 - global_seqlen/min:52561 - global_seqlen/max:52561 - global_seqlen/minmax_diff:0 - global_seqlen/balanced_min:52561 - global_seqlen/balanced_max:52561 - global_seqlen/mean:52561.0 - actor/entropy:0.28919798135757446 - perf/mfu/actor_infer:0.2463043830366057 - actor/pg_clipfrac:0.00025441046273044776 - actor/ppo_kl:-0.0001921434804899036 - actor/pg_clipfrac_lower:0.0 - actor/pg_loss:0.038955585565418005 - actor/kl_loss:0.00036592419837688794 - actor/kl_coef:0.001 - actor/loss:0.03895594924688339 - actor/grad_norm:0.689893901348114 - actor/perf/max_memory_allocated_gb:29.165279388427734 - actor/perf/max_memory_reserved_gb:40.615234375 - actor/perf/cpu_memory_used_gb:26.166784286499023 - actor/lr:1e-06 - perf/mfu/actor:0.2138738798417848 - training/global_step:4 - training/epoch:0 - critic/score/mean:0.6953125 - critic/score/max:1.0 - critic/score/min:0.0 - critic/rewards/mean:0.6953125 - critic/rewards/max:1.0 - critic/rewards/min:0.0 - critic/advantages/mean:-0.039357058703899384 - critic/advantages/max:1.20761239528656 - critic/advantages/min:-2.4748666286468506 - critic/returns/mean:-0.039357058703899384 - critic/returns/max:1.20761239528656 - critic/returns/min:-2.4748666286468506 - response_length/mean:310.9453125 - response_length/max:512.0 - response_length/min:142.0 - response_length/clip_ratio:0.0625 - response_length_non_aborted/mean:310.9453125 - response_length_non_aborted/max:512.0 - response_length_non_aborted/min:142.0 - response_length_non_aborted/clip_ratio:0.0625 - response/aborted_ratio:0.0 - prompt_length/mean:99.6875 - prompt_length/max:162.0 - prompt_length/min:70.0 - prompt_length/clip_ratio:0.0 - num_turns/min:2 - num_turns/max:2 - num_turns/mean:2.0 - timing_s/start_profile:7.789861410856247e-05 - timing_s/agent_loop/num_preempted/min:-1 - timing_s/agent_loop/num_preempted/max:-1 - timing_s/agent_loop/num_preempted/mean:-1.0 - timing_s/agent_loop/generate_sequences/min:0.7122144922614098 - timing_s/agent_loop/generate_sequences/max:2.069626267068088 - timing_s/agent_loop/generate_sequences/mean:1.4045768234864227 - timing_s/agent_loop/tool_calls/min:0.0 - timing_s/agent_loop/tool_calls/max:0.0 - timing_s/agent_loop/tool_calls/mean:0.0 - timing_s/agent_loop/compute_score/min:0.0038726627826690674 - timing_s/agent_loop/compute_score/max:0.014083553105592728 - timing_s/agent_loop/compute_score/mean:0.005547392196604051 - timing_s/agent_loop/slowest/generate_sequences:2.069626267068088 - timing_s/agent_loop/slowest/tool_calls:0.0 - timing_s/agent_loop/slowest/compute_score:0.005543986335396767 - timing_s/agent_loop/slowest/num_preempted:-1 - timing_s/agent_loop/slowest/prompt_length:104 - timing_s/agent_loop/slowest/response_length:512 - timing_s/gen:2.651372936554253 - timing_s/reward:1.5620142221450806e-05 - timing_s/old_log_prob:0.8597948588430882 - timing_s/ref:2.3433945775032043 - timing_s/adv:0.00344108697026968 - timing_s/update_actor:2.8034555492922664 - timing_s/update_weights:0.8817777950316668 - timing_s/step:9.592041719704866 - timing_s/stop_profile:8.755922317504883e-05 - timing_per_token_ms/ref:0.0445842844980728 - timing_per_token_ms/gen:0.06661573670395853 - timing_per_token_ms/update_actor:0.05333718059573194 - timing_per_token_ms/adv:6.546844562070129e-05 - perf/total_num_tokens:52561 - perf/time_per_step:9.592041719704866 - perf/throughput:5479.646725474962
[36m(WorkerDict pid=776530)[0m INFO:2026-07-25 13:56:34,641:update_weights done, time cost: 0.48s
[36m(TaskRunner pid=776037)[0m Training Progress:   3%|▎         | 6/200 [01:39<38:43, 11.97s/it]
[36m(WorkerDict pid=776530)[0m INFO:2026-07-25 13:56:44,105:update_weights done, time cost: 0.47s
[36m(TaskRunner pid=776037)[0m Training Progress:   4%|▎         | 7/200 [01:48<35:53, 11.16s/it]
[36m(TaskRunner pid=776037)[0m step:5 - global_seqlen/min:52663 - global_seqlen/max:52663 - global_seqlen/minmax_diff:0 - global_seqlen/balanced_min:52663 - global_seqlen/balanced_max:52663 - global_seqlen/mean:52663.0 - actor/entropy:0.29791179299354553 - perf/mfu/actor_infer:0.2463067391867889 - actor/pg_clipfrac:0.00019362965213076677 - actor/ppo_kl:-5.536156777452561e-05 - actor/pg_clipfrac_lower:0.0 - actor/pg_loss:-0.0036230975238140672 - actor/kl_loss:0.00041870570748869795 - actor/kl_coef:0.001 - actor/loss:-0.0036226799711585045 - actor/grad_norm:0.66956427693367 - actor/perf/max_memory_allocated_gb:29.165279388427734 - actor/perf/max_memory_reserved_gb:40.751953125 - actor/perf/cpu_memory_used_gb:26.350675582885742 - actor/lr:1e-06 - perf/mfu/actor:0.2141032318507905 - training/global_step:5 - training/epoch:0 - critic/score/mean:0.6328125 - critic/score/max:1.0 - critic/score/min:0.0 - critic/rewards/mean:0.6328125 - critic/rewards/max:1.0 - critic/rewards/min:0.0 - critic/advantages/mean:0.0037121076602488756 - critic/advantages/max:2.4748666286468506 - critic/advantages/min:-2.4748666286468506 - critic/returns/mean:0.0037121076602488756 - critic/returns/max:2.4748666286468506 - critic/returns/min:-2.4748666286468506 - response_length/mean:306.2421875 - response_length/max:512.0 - response_length/min:87.0 - response_length/clip_ratio:0.03125 - response_length_non_aborted/mean:306.2421875 - response_length_non_aborted/max:512.0 - response_length_non_aborted/min:87.0 - response_length_non_aborted/clip_ratio:0.03125 - response/aborted_ratio:0.0 - prompt_length/mean:105.1875 - prompt_length/max:142.0 - prompt_length/min:83.0 - prompt_length/clip_ratio:0.0 - num_turns/min:2 - num_turns/max:2 - num_turns/mean:2.0 - timing_s/start_profile:7.770024240016937e-05 - timing_s/agent_loop/num_preempted/min:-1 - timing_s/agent_loop/num_preempted/max:-1 - timing_s/agent_loop/num_preempted/mean:-1.0 - timing_s/agent_loop/generate_sequences/min:0.4734088722616434 - timing_s/agent_loop/generate_sequences/max:2.025259147398174 - timing_s/agent_loop/generate_sequences/mean:1.3716050402799738 - timing_s/agent_loop/tool_calls/min:0.0 - timing_s/agent_loop/tool_calls/max:0.0 - timing_s/agent_loop/tool_calls/mean:0.0 - timing_s/agent_loop/compute_score/min:0.0036437343806028366 - timing_s/agent_loop/compute_score/max:0.009904203936457634 - timing_s/agent_loop/compute_score/mean:0.005436522653326392 - timing_s/agent_loop/slowest/generate_sequences:2.025259147398174 - timing_s/agent_loop/slowest/tool_calls:0.0 - timing_s/agent_loop/slowest/compute_score:0.004681725054979324 - timing_s/agent_loop/slowest/num_preempted:-1 - timing_s/agent_loop/slowest/prompt_length:142 - timing_s/agent_loop/slowest/response_length:512 - timing_s/gen:2.6008564569056034 - timing_s/reward:1.6619451344013214e-05 - timing_s/old_log_prob:1.2463281843811274 - timing_s/ref:2.3341488586738706 - timing_s/adv:0.0024561360478401184 - timing_s/update_actor:2.8068809965625405 - timing_s/update_weights:0.8744236659258604 - timing_s/step:9.915047101676464 - timing_s/stop_profile:8.933898061513901e-05 - timing_per_token_ms/ref:0.04432236786119041 - timing_per_token_ms/gen:0.06635007160656148 - timing_per_token_ms/update_actor:0.05329891947975885 - timing_per_token_ms/adv:4.663874158023885e-05 - perf/total_num_tokens:52663 - perf/time_per_step:9.915047101676464 - perf/throughput:5311.42206990581
[36m(TaskRunner pid=776037)[0m step:6 - global_seqlen/min:52462 - global_seqlen/max:52462 - global_seqlen/minmax_diff:0 - global_seqlen/balanced_min:52462 - global_seqlen/balanced_max:52462 - global_seqlen/mean:52462.0 - actor/entropy:0.22411565482616425 - perf/mfu/actor_infer:0.2510788567409283 - actor/pg_clipfrac:0.00019705194245034363 - actor/ppo_kl:-7.423032002407126e-06 - actor/pg_clipfrac_lower:0.0 - actor/pg_loss:-0.001336991204880178 - actor/kl_loss:0.0005365307988540735 - actor/kl_coef:0.001 - actor/loss:-0.0013364572077989578 - actor/grad_norm:0.5351053476333618 - actor/perf/max_memory_allocated_gb:29.165279388427734 - actor/perf/max_memory_reserved_gb:40.751953125 - actor/perf/cpu_memory_used_gb:26.364356994628906 - actor/lr:1e-06 - perf/mfu/actor:0.21534592201384936 - training/global_step:6 - training/epoch:0 - critic/score/mean:0.703125 - critic/score/max:1.0 - critic/score/min:0.0 - critic/rewards/mean:0.703125 - critic/rewards/max:1.0 - critic/rewards/min:0.0 - critic/advantages/mean:0.001762789092026651 - critic/advantages/max:2.4748666286468506 - critic/advantages/min:-2.4748666286468506 - critic/returns/mean:0.001762789092026651 - critic/returns/max:2.4748666286468506 - critic/returns/min:-2.4748666286468506 - response_length/mean:297.421875 - response_length/max:512.0 - response_length/min:157.0 - response_length/clip_ratio:0.0234375 - response_length_non_aborted/mean:297.421875 - response_length_non_aborted/max:512.0 - response_length_non_aborted/min:157.0 - response_length_non_aborted/clip_ratio:0.0234375 - response/aborted_ratio:0.0 - prompt_length/mean:112.4375 - prompt_length/max:183.0 - prompt_length/min:75.0 - prompt_length/clip_ratio:0.0 - num_turns/min:2 - num_turns/max:2 - num_turns/mean:2.0 - timing_s/start_profile:7.54091888666153e-05 - timing_s/agent_loop/num_preempted/min:-1 - timing_s/agent_loop/num_preempted/max:-1 - timing_s/agent_loop/num_preempted/mean:-1.0 - timing_s/agent_loop/generate_sequences/min:0.7599229980260134 - timing_s/agent_loop/generate_sequences/max:2.0033082710579038 - timing_s/agent_loop/generate_sequences/mean:1.3593237665772904 - timing_s/agent_loop/tool_calls/min:0.0 - timing_s/agent_loop/tool_calls/max:0.0 - timing_s/agent_loop/tool_calls/mean:0.0 - timing_s/agent_loop/compute_score/min:0.003717743791639805 - timing_s/agent_loop/compute_score/max:0.009864473715424538 - timing_s/agent_loop/compute_score/mean:0.005413092723756563 - timing_s/agent_loop/slowest/generate_sequences:2.0033082710579038 - timing_s/agent_loop/slowest/tool_calls:0.0 - timing_s/agent_loop/slowest/compute_score:0.006113070994615555 - timing_s/agent_loop/slowest/num_preempted:-1 - timing_s/agent_loop/slowest/prompt_length:115 - timing_s/agent_loop/slowest/response_length:512 - timing_s/gen:2.578289915807545 - timing_s/reward:1.7160549759864807e-05 - timing_s/old_log_prob:0.839341327548027 - timing_s/ref:2.33027037512511 - timing_s/adv:0.003406067378818989 - timing_s/update_actor:2.7829722575843334 - timing_s/update_weights:0.8656354211270809 - timing_s/step:9.448963568545878 - timing_s/stop_profile:3.205984830856323e-05 - timing_per_token_ms/ref:0.04441825273769796 - timing_per_token_ms/gen:0.06772497808793132 - timing_per_token_ms/update_actor:0.053047391589804684 - timing_per_token_ms/adv:6.492446682968604e-05 - perf/total_num_tokens:52462 - perf/time_per_step:9.448963568545878 - perf/throughput:5552.143324442248
[36m(WorkerDict pid=776530)[0m INFO:2026-07-25 13:56:53,399:update_weights done, time cost: 0.46s
[36m(TaskRunner pid=776037)[0m Training Progress:   4%|▍         | 8/200 [01:57<33:48, 10.57s/it]
[36m(WorkerDict pid=776530)[0m INFO:2026-07-25 13:57:03,011:update_weights done, time cost: 0.46s
[36m(TaskRunner pid=776037)[0m Training Progress:   4%|▍         | 9/200 [02:07<32:40, 10.26s/it]
[36m(TaskRunner pid=776037)[0m step:7 - global_seqlen/min:52764 - global_seqlen/max:52764 - global_seqlen/minmax_diff:0 - global_seqlen/balanced_min:52764 - global_seqlen/balanced_max:52764 - global_seqlen/mean:52764.0 - actor/entropy:0.23105716705322266 - perf/mfu/actor_infer:0.2537486032685618 - actor/pg_clipfrac:0.0001215136635437375 - actor/ppo_kl:-0.00012584263049575384 - actor/pg_clipfrac_lower:0.0 - actor/pg_loss:0.01575059542665258 - actor/kl_loss:0.0006192219789227238 - actor/kl_coef:0.001 - actor/loss:0.015751216560602188 - actor/grad_norm:0.6892698109149933 - actor/perf/max_memory_allocated_gb:29.165279388427734 - actor/perf/max_memory_reserved_gb:40.751953125 - actor/perf/cpu_memory_used_gb:26.38067626953125 - actor/lr:1e-06 - perf/mfu/actor:0.21650499575686732 - training/global_step:7 - training/epoch:0 - critic/score/mean:0.7734375 - critic/score/max:1.0 - critic/score/min:0.0 - critic/rewards/mean:0.7734375 - critic/rewards/max:1.0 - critic/rewards/min:0.0 - critic/advantages/mean:-0.015439349226653576 - critic/advantages/max:1.20761239528656 - critic/advantages/min:-2.4748666286468506 - critic/returns/mean:-0.015439349226653576 - critic/returns/max:1.20761239528656 - critic/returns/min:-2.4748666286468506 - response_length/mean:307.03125 - response_length/max:498.0 - response_length/min:151.0 - response_length/clip_ratio:0.0 - response_length_non_aborted/mean:307.03125 - response_length_non_aborted/max:498.0 - response_length_non_aborted/min:151.0 - response_length_non_aborted/clip_ratio:0.0 - response/aborted_ratio:0.0 - prompt_length/mean:105.1875 - prompt_length/max:154.0 - prompt_length/min:79.0 - prompt_length/clip_ratio:0.0 - num_turns/min:2 - num_turns/max:2 - num_turns/mean:2.0 - timing_s/start_profile:2.7750618755817413e-05 - timing_s/agent_loop/num_preempted/min:-1 - timing_s/agent_loop/num_preempted/max:-1 - timing_s/agent_loop/num_preempted/mean:-1.0 - timing_s/agent_loop/generate_sequences/min:0.7854093415662646 - timing_s/agent_loop/generate_sequences/max:2.014232175424695 - timing_s/agent_loop/generate_sequences/mean:1.4202554504372529 - timing_s/agent_loop/tool_calls/min:0.0 - timing_s/agent_loop/tool_calls/max:0.0 - timing_s/agent_loop/tool_calls/mean:0.0 - timing_s/agent_loop/compute_score/min:0.003630765713751316 - timing_s/agent_loop/compute_score/max:0.01398378424346447 - timing_s/agent_loop/compute_score/mean:0.005373396750655957 - timing_s/agent_loop/slowest/generate_sequences:2.014232175424695 - timing_s/agent_loop/slowest/tool_calls:0.0 - timing_s/agent_loop/slowest/compute_score:0.005972261540591717 - timing_s/agent_loop/slowest/num_preempted:-1 - timing_s/agent_loop/slowest/prompt_length:99 - timing_s/agent_loop/slowest/response_length:498 - timing_s/gen:2.5809707902371883 - timing_s/reward:1.5249475836753845e-05 - timing_s/old_log_prob:0.8401160901412368 - timing_s/ref:2.3436017958447337 - timing_s/adv:0.0034468872472643852 - timing_s/update_actor:2.784047966822982 - timing_s/update_weights:0.8656848017126322 - timing_s/step:9.466985903680325 - timing_s/stop_profile:8.385907858610153e-05 - timing_per_token_ms/ref:0.044416681749767525 - timing_per_token_ms/gen:0.0656735570034908 - timing_per_token_ms/update_actor:0.052764156751250506 - timing_per_token_ms/adv:6.532649623349984e-05 - perf/total_num_tokens:52764 - perf/time_per_step:9.466985903680325 - perf/throughput:5573.474021915234
[36m(TaskRunner pid=776037)[0m step:8 - global_seqlen/min:48685 - global_seqlen/max:48685 - global_seqlen/minmax_diff:0 - global_seqlen/balanced_min:48685 - global_seqlen/balanced_max:48685 - global_seqlen/mean:48685.0 - actor/entropy:0.24800622463226318 - perf/mfu/actor_infer:0.23950336775614678 - actor/pg_clipfrac:0.00019092181901214644 - actor/ppo_kl:-5.350547507987358e-05 - actor/pg_clipfrac_lower:0.0 - actor/pg_loss:0.01949955930467695 - actor/kl_loss:0.0009542615152895451 - actor/kl_coef:0.001 - actor/loss:0.01950051635503769 - actor/grad_norm:0.7185226082801819 - actor/perf/max_memory_allocated_gb:29.165279388427734 - actor/perf/max_memory_reserved_gb:40.751953125 - actor/perf/cpu_memory_used_gb:26.40139389038086 - actor/lr:1e-06 - perf/mfu/actor:0.2060963739904761 - training/global_step:8 - training/epoch:0 - critic/score/mean:0.765625 - critic/score/max:1.0 - critic/score/min:0.0 - critic/rewards/mean:0.765625 - critic/rewards/max:1.0 - critic/rewards/min:0.0 - critic/advantages/mean:-0.01906859502196312 - critic/advantages/max:2.4748666286468506 - critic/advantages/min:-2.4748666286468506 - critic/returns/mean:-0.01906859502196312 - critic/returns/max:2.4748666286468506 - critic/returns/min:-2.4748666286468506 - response_length/mean:283.2265625 - response_length/max:512.0 - response_length/min:73.0 - response_length/clip_ratio:0.03125 - response_length_non_aborted/mean:283.2265625 - response_length_non_aborted/max:512.0 - response_length_non_aborted/min:73.0 - response_length_non_aborted/clip_ratio:0.03125 - response/aborted_ratio:0.0 - prompt_length/mean:97.125 - prompt_length/max:131.0 - prompt_length/min:79.0 - prompt_length/clip_ratio:0.0 - num_turns/min:2 - num_turns/max:2 - num_turns/mean:2.0 - timing_s/start_profile:8.208025246858597e-05 - timing_s/agent_loop/num_preempted/min:-1 - timing_s/agent_loop/num_preempted/max:-1 - timing_s/agent_loop/num_preempted/mean:-1.0 - timing_s/agent_loop/generate_sequences/min:0.410145515576005 - timing_s/agent_loop/generate_sequences/max:1.9678696254268289 - timing_s/agent_loop/generate_sequences/mean:1.2759374801680679 - timing_s/agent_loop/tool_calls/min:0.0 - timing_s/agent_loop/tool_calls/max:0.0 - timing_s/agent_loop/tool_calls/mean:0.0 - timing_s/agent_loop/compute_score/min:0.003257637843489647 - timing_s/agent_loop/compute_score/max:0.009922944009304047 - timing_s/agent_loop/compute_score/mean:0.005378341535106301 - timing_s/agent_loop/slowest/generate_sequences:1.9678696254268289 - timing_s/agent_loop/slowest/tool_calls:0.0 - timing_s/agent_loop/slowest/compute_score:0.005856312811374664 - timing_s/agent_loop/slowest/num_preempted:-1 - timing_s/agent_loop/slowest/prompt_length:131 - timing_s/agent_loop/slowest/response_length:512 - timing_s/gen:2.5274463202804327 - timing_s/reward:1.7238780856132507e-05 - timing_s/old_log_prob:0.8229312459006906 - timing_s/ref:2.3310540476813912 - timing_s/adv:0.0034294556826353073 - timing_s/update_actor:2.698994913138449 - timing_s/update_weights:0.8679136103019118 - timing_s/step:9.30060915183276 - timing_s/stop_profile:8.144881576299667e-05 - timing_per_token_ms/ref:0.047880333730746454 - timing_per_token_ms/gen:0.06971688743774122 - timing_per_token_ms/update_actor:0.05543791543880968 - timing_per_token_ms/adv:7.044173118281416e-05 - perf/total_num_tokens:48685 - perf/time_per_step:9.30060915183276 - perf/throughput:5234.603369006882
[36m(WorkerDict pid=776530)[0m INFO:2026-07-25 13:57:12,973:update_weights done, time cost: 0.47s
[36m(TaskRunner pid=776037)[0m Training Progress:   5%|▌         | 10/200 [02:17<32:12, 10.17s/it]
[36m(WorkerDict pid=776530)[0m INFO:2026-07-25 13:57:22,711:update_weights done, time cost: 0.47s
[36m(TaskRunner pid=776037)[0m Training Progress:   6%|▌         | 11/200 [02:27<31:37, 10.04s/it]
[36m(TaskRunner pid=776037)[0m step:9 - global_seqlen/min:55485 - global_seqlen/max:55485 - global_seqlen/minmax_diff:0 - global_seqlen/balanced_min:55485 - global_seqlen/balanced_max:55485 - global_seqlen/mean:55485.0 - actor/entropy:0.22983044385910034 - perf/mfu/actor_infer:0.25659691745442276 - actor/pg_clipfrac:5.376230001274962e-05 - actor/ppo_kl:1.9739248728001257e-05 - actor/pg_clipfrac_lower:0.0 - actor/pg_loss:0.006612321129068732 - actor/kl_loss:0.0008485085782012902 - actor/kl_coef:0.001 - actor/loss:0.006613168865442276 - actor/grad_norm:0.5563206374645233 - actor/perf/max_memory_allocated_gb:29.224040985107422 - actor/perf/max_memory_reserved_gb:40.751953125 - actor/perf/cpu_memory_used_gb:26.395761489868164 - actor/lr:1e-06 - perf/mfu/actor:0.22046643575076236 - training/global_step:9 - training/epoch:0 - critic/score/mean:0.796875 - critic/score/max:1.0 - critic/score/min:0.0 - critic/rewards/mean:0.796875 - critic/rewards/max:1.0 - critic/rewards/min:0.0 - critic/advantages/mean:-0.006350079085677862 - critic/advantages/max:2.4748666286468506 - critic/advantages/min:-2.4748666286468506 - critic/returns/mean:-0.006350079085677862 - critic/returns/max:2.4748666286468506 - critic/returns/min:-2.4748666286468506 - response_length/mean:323.0390625 - response_length/max:512.0 - response_length/min:101.0 - response_length/clip_ratio:0.0625 - response_length_non_aborted/mean:323.0390625 - response_length_non_aborted/max:512.0 - response_length_non_aborted/min:101.0 - response_length_non_aborted/clip_ratio:0.0625 - response/aborted_ratio:0.0 - prompt_length/mean:110.4375 - prompt_length/max:145.0 - prompt_length/min:86.0 - prompt_length/clip_ratio:0.0 - num_turns/min:2 - num_turns/max:2 - num_turns/mean:2.0 - timing_s/start_profile:0.0001667691394686699 - timing_s/agent_loop/num_preempted/min:-1 - timing_s/agent_loop/num_preempted/max:-1 - timing_s/agent_loop/num_preempted/mean:-1.0 - timing_s/agent_loop/generate_sequences/min:0.502271480858326 - timing_s/agent_loop/generate_sequences/max:2.0837834300473332 - timing_s/agent_loop/generate_sequences/mean:1.4730566623111372 - timing_s/agent_loop/tool_calls/min:0.0 - timing_s/agent_loop/tool_calls/max:0.0 - timing_s/agent_loop/tool_calls/mean:0.0 - timing_s/agent_loop/compute_score/min:0.003102620132267475 - timing_s/agent_loop/compute_score/max:0.010315128602087498 - timing_s/agent_loop/compute_score/mean:0.005660418748448137 - timing_s/agent_loop/slowest/generate_sequences:2.0837834300473332 - timing_s/agent_loop/slowest/tool_calls:0.0 - timing_s/agent_loop/slowest/compute_score:0.005299878306686878 - timing_s/agent_loop/slowest/num_preempted:-1 - timing_s/agent_loop/slowest/prompt_length:119 - timing_s/agent_loop/slowest/response_length:512 - timing_s/gen:2.6463678246363997 - timing_s/reward:1.3250857591629028e-05 - timing_s/old_log_prob:0.8615488121286035 - timing_s/ref:2.3352813655510545 - timing_s/adv:0.002395426854491234 - timing_s/update_actor:2.8597682621330023 - timing_s/update_weights:0.8478896645829082 - timing_s/step:9.590010978281498 - timing_s/stop_profile:8.683931082487106e-05 - timing_per_token_ms/ref:0.04208851699650454 - timing_per_token_ms/gen:0.064000769659155 - timing_per_token_ms/update_actor:0.05154128615180684 - timing_per_token_ms/adv:4.317251247168125e-05 - perf/total_num_tokens:55485 - perf/time_per_step:9.590010978281498 - perf/throughput:5785.707662447614
[36m(TaskRunner pid=776037)[0m step:10 - global_seqlen/min:57639 - global_seqlen/max:57639 - global_seqlen/minmax_diff:0 - global_seqlen/balanced_min:57639 - global_seqlen/balanced_max:57639 - global_seqlen/mean:57639.0 - actor/entropy:0.2970295548439026 - perf/mfu/actor_infer:0.26248475395163867 - actor/pg_clipfrac:0.00014701739928568713 - actor/ppo_kl:-7.295206356161543e-05 - actor/pg_clipfrac_lower:0.0 - actor/pg_loss:0.002182590076699853 - actor/kl_loss:0.0010320172223146074 - actor/kl_coef:0.001 - actor/loss:0.0021836236119270325 - actor/grad_norm:0.6140489280223846 - actor/perf/max_memory_allocated_gb:29.571680545806885 - actor/perf/max_memory_reserved_gb:40.80859375 - actor/perf/cpu_memory_used_gb:26.413236618041992 - actor/lr:1e-06 - perf/mfu/actor:0.22442120662093962 - training/global_step:10 - training/epoch:0 - critic/score/mean:0.640625 - critic/score/max:1.0 - critic/score/min:0.0 - critic/rewards/mean:0.640625 - critic/rewards/max:1.0 - critic/rewards/min:0.0 - critic/advantages/mean:-0.002331778174266219 - critic/advantages/max:2.4748666286468506 - critic/advantages/min:-2.4748666286468506 - critic/returns/mean:-0.002331778174266219 - critic/returns/max:2.4748666286468506 - critic/returns/min:-2.4748666286468506 - response_length/mean:335.0546875 - response_length/max:512.0 - response_length/min:119.0 - response_length/clip_ratio:0.1015625 - response_length_non_aborted/mean:335.0546875 - response_length_non_aborted/max:512.0 - response_length_non_aborted/min:119.0 - response_length_non_aborted/clip_ratio:0.1015625 - response/aborted_ratio:0.0 - prompt_length/mean:115.25 - prompt_length/max:168.0 - prompt_length/min:75.0 - prompt_length/clip_ratio:0.0 - num_turns/min:2 - num_turns/max:2 - num_turns/mean:2.0 - timing_s/start_profile:7.684994488954544e-05 - timing_s/agent_loop/num_preempted/min:-1 - timing_s/agent_loop/num_preempted/max:-1 - timing_s/agent_loop/num_preempted/mean:-1.0 - timing_s/agent_loop/generate_sequences/min:0.6089432649314404 - timing_s/agent_loop/generate_sequences/max:2.3052703980356455 - timing_s/agent_loop/generate_sequences/mean:1.534106585495465 - timing_s/agent_loop/tool_calls/min:0.0 - timing_s/agent_loop/tool_calls/max:0.0 - timing_s/agent_loop/tool_calls/mean:0.0 - timing_s/agent_loop/compute_score/min:0.004233678802847862 - timing_s/agent_loop/compute_score/max:0.022177064791321754 - timing_s/agent_loop/compute_score/mean:0.005976290638500359 - timing_s/agent_loop/slowest/generate_sequences:2.3052703980356455 - timing_s/agent_loop/slowest/tool_calls:0.0 - timing_s/agent_loop/slowest/compute_score:0.004969991743564606 - timing_s/agent_loop/slowest/num_preempted:-1 - timing_s/agent_loop/slowest/prompt_length:152 - timing_s/agent_loop/slowest/response_length:512 - timing_s/gen:2.8758338559418917 - timing_s/reward:1.4958903193473816e-05 - timing_s/old_log_prob:0.8816297072917223 - timing_s/ref:2.3623953042551875 - timing_s/adv:0.003494085744023323 - timing_s/update_actor:2.9283361360430717 - timing_s/update_weights:0.8528413558378816 - timing_s/step:9.953891864977777 - timing_s/stop_profile:8.350890129804611e-05 - timing_per_token_ms/ref:0.04098605638986082 - timing_per_token_ms/gen:0.06705607424025677 - timing_per_token_ms/update_actor:0.05080476996552806 - timing_per_token_ms/adv:6.062016592972333e-05 - perf/total_num_tokens:57639 - perf/time_per_step:9.953891864977777 - perf/throughput:5790.599373778578
[36m(WorkerDict pid=776530)[0m INFO:2026-07-25 13:57:32,319:update_weights done, time cost: 0.47s
[36m(TaskRunner pid=776037)[0m Training Progress:   6%|▌         | 12/200 [02:36<31:02,  9.91s/it]
[36m(WorkerDict pid=776530)[0m INFO:2026-07-25 13:57:41,593:update_weights done, time cost: 0.46s
[36m(TaskRunner pid=776037)[0m Training Progress:   6%|▋         | 13/200 [02:46<30:16,  9.72s/it]
[36m(TaskRunner pid=776037)[0m step:11 - global_seqlen/min:50268 - global_seqlen/max:50268 - global_seqlen/minmax_diff:0 - global_seqlen/balanced_min:50268 - global_seqlen/balanced_max:50268 - global_seqlen/mean:50268.0 - actor/entropy:0.20423772931098938 - perf/mfu/actor_infer:0.2463386845500907 - actor/pg_clipfrac:0.00016129294090205804 - actor/ppo_kl:-2.3080439405021025e-05 - actor/pg_clipfrac_lower:0.0 - actor/pg_loss:0.026164322276599705 - actor/kl_loss:0.0014620940419263206 - actor/kl_coef:0.001 - actor/loss:0.026165776886045933 - actor/grad_norm:0.7002591490745544 - actor/perf/max_memory_allocated_gb:29.571680545806885 - actor/perf/max_memory_reserved_gb:41.162109375 - actor/perf/cpu_memory_used_gb:26.42098617553711 - actor/lr:1e-06 - perf/mfu/actor:0.20986186787806804 - training/global_step:11 - training/epoch:0 - critic/score/mean:0.7578125 - critic/score/max:1.0 - critic/score/min:0.0 - critic/rewards/mean:0.7578125 - critic/rewards/max:1.0 - critic/rewards/min:0.0 - critic/advantages/mean:-0.026406317949295044 - critic/advantages/max:1.20761239528656 - critic/advantages/min:-2.4748666286468506 - critic/returns/mean:-0.026406317949295044 - critic/returns/max:1.20761239528656 - critic/returns/min:-2.4748666286468506 - response_length/mean:289.59375 - response_length/max:512.0 - response_length/min:58.0 - response_length/clip_ratio:0.03125 - response_length_non_aborted/mean:289.59375 - response_length_non_aborted/max:512.0 - response_length_non_aborted/min:58.0 - response_length_non_aborted/clip_ratio:0.03125 - response/aborted_ratio:0.0 - prompt_length/mean:103.125 - prompt_length/max:171.0 - prompt_length/min:78.0 - prompt_length/clip_ratio:0.0 - num_turns/min:2 - num_turns/max:2 - num_turns/mean:2.0 - timing_s/start_profile:7.74189829826355e-05 - timing_s/agent_loop/num_preempted/min:-1 - timing_s/agent_loop/num_preempted/max:-1 - timing_s/agent_loop/num_preempted/mean:-1.0 - timing_s/agent_loop/generate_sequences/min:0.3327328581362963 - timing_s/agent_loop/generate_sequences/max:1.9893524972721934 - timing_s/agent_loop/generate_sequences/mean:1.3108526263968088 - timing_s/agent_loop/tool_calls/min:0.0 - timing_s/agent_loop/tool_calls/max:0.0 - timing_s/agent_loop/tool_calls/mean:0.0 - timing_s/agent_loop/compute_score/min:0.0037300335243344307 - timing_s/agent_loop/compute_score/max:0.009910713881254196 - timing_s/agent_loop/compute_score/mean:0.0054353369705495425 - timing_s/agent_loop/slowest/generate_sequences:1.9893524972721934 - timing_s/agent_loop/slowest/tool_calls:0.0 - timing_s/agent_loop/slowest/compute_score:0.005527845583856106 - timing_s/agent_loop/slowest/num_preempted:-1 - timing_s/agent_loop/slowest/prompt_length:102 - timing_s/agent_loop/slowest/response_length:512 - timing_s/gen:2.560491698794067 - timing_s/reward:1.8250197172164917e-05 - timing_s/old_log_prob:1.2101104659959674 - timing_s/ref:2.3212665216997266 - timing_s/adv:0.00344819575548172 - timing_s/update_actor:2.73387885466218 - timing_s/update_weights:0.8634864427149296 - timing_s/step:9.742022251710296 - timing_s/stop_profile:8.065905421972275e-05 - timing_per_token_ms/ref:0.04617781733308917 - timing_per_token_ms/gen:0.06907552872542536 - timing_per_token_ms/update_actor:0.05438606776999642 - timing_per_token_ms/adv:6.85962392671624e-05 - perf/total_num_tokens:50268 - perf/time_per_step:9.742022251710296 - perf/throughput:5159.914307440124
[36m(TaskRunner pid=776037)[0m step:12 - global_seqlen/min:51966 - global_seqlen/max:51966 - global_seqlen/minmax_diff:0 - global_seqlen/balanced_min:51966 - global_seqlen/balanced_max:51966 - global_seqlen/mean:51966.0 - actor/entropy:0.22175848484039307 - perf/mfu/actor_infer:0.2514149895610306 - actor/pg_clipfrac:0.00026437877204443794 - actor/ppo_kl:3.0675074413011316e-05 - actor/pg_clipfrac_lower:0.0 - actor/pg_loss:0.0027748277643695474 - actor/kl_loss:0.0017227881253347732 - actor/kl_coef:0.001 - actor/loss:0.002776551991701126 - actor/grad_norm:0.5568436086177826 - actor/perf/max_memory_allocated_gb:29.571680545806885 - actor/perf/max_memory_reserved_gb:41.162109375 - actor/perf/cpu_memory_used_gb:26.433443069458008 - actor/lr:1e-06 - perf/mfu/actor:0.2147325292113494 - training/global_step:12 - training/epoch:0 - critic/score/mean:0.6953125 - critic/score/max:1.0 - critic/score/min:0.0 - critic/rewards/mean:0.6953125 - critic/rewards/max:1.0 - critic/rewards/min:0.0 - critic/advantages/mean:-0.0031154227908700705 - critic/advantages/max:2.4748666286468506 - critic/advantages/min:-2.4748666286468506 - critic/returns/mean:-0.0031154227908700705 - critic/returns/max:2.4748666286468506 - critic/returns/min:-2.4748666286468506 - response_length/mean:306.734375 - response_length/max:512.0 - response_length/min:109.0 - response_length/clip_ratio:0.0234375 - response_length_non_aborted/mean:306.734375 - response_length_non_aborted/max:512.0 - response_length_non_aborted/min:109.0 - response_length_non_aborted/clip_ratio:0.0234375 - response/aborted_ratio:0.0 - prompt_length/mean:99.25 - prompt_length/max:140.0 - prompt_length/min:68.0 - prompt_length/clip_ratio:0.0 - num_turns/min:2 - num_turns/max:2 - num_turns/mean:2.0 - timing_s/start_profile:7.51987099647522e-05 - timing_s/agent_loop/num_preempted/min:-1 - timing_s/agent_loop/num_preempted/max:-1 - timing_s/agent_loop/num_preempted/mean:-1.0 - timing_s/agent_loop/generate_sequences/min:0.5812503546476364 - timing_s/agent_loop/generate_sequences/max:2.233280288055539 - timing_s/agent_loop/generate_sequences/mean:1.489394782074669 - timing_s/agent_loop/tool_calls/min:0.0 - timing_s/agent_loop/tool_calls/max:0.0 - timing_s/agent_loop/tool_calls/mean:0.0 - timing_s/agent_loop/compute_score/min:0.004150670021772385 - timing_s/agent_loop/compute_score/max:0.010400808416306973 - timing_s/agent_loop/compute_score/mean:0.005517917183169629 - timing_s/agent_loop/slowest/generate_sequences:2.233280288055539 - timing_s/agent_loop/slowest/tool_calls:0.0 - timing_s/agent_loop/slowest/compute_score:0.006544946692883968 - timing_s/agent_loop/slowest/num_preempted:-1 - timing_s/agent_loop/slowest/prompt_length:107 - timing_s/agent_loop/slowest/response_length:495 - timing_s/gen:2.784994368441403 - timing_s/reward:1.5408731997013092e-05 - timing_s/old_log_prob:0.8345827739685774 - timing_s/ref:2.334882411174476 - timing_s/adv:0.0012866072356700897 - timing_s/update_actor:2.7351251216605306 - timing_s/update_weights:0.8643470052629709 - timing_s/step:9.605239200405777 - timing_s/stop_profile:8.148886263370514e-05 - timing_per_token_ms/ref:0.04493096276747251 - timing_per_token_ms/gen:0.0709335838327493 - timing_per_token_ms/update_actor:0.05263297389948294 - timing_per_token_ms/adv:2.4758635178195162e-05 - perf/total_num_tokens:51966 - perf/time_per_step:9.605239200405777 - perf/throughput:5410.172398185011
[36m(WorkerDict pid=776530)[0m INFO:2026-07-25 13:57:51,047:update_weights done, time cost: 0.46s
[36m(TaskRunner pid=776037)[0m Training Progress:   7%|▋         | 14/200 [02:55<29:52,  9.63s/it]
[36m(WorkerDict pid=776530)[0m INFO:2026-07-25 13:58:00,501:update_weights done, time cost: 0.47s
[36m(TaskRunner pid=776037)[0m Training Progress:   8%|▊         | 15/200 [03:04<29:32,  9.58s/it]
[36m(TaskRunner pid=776037)[0m step:13 - global_seqlen/min:49508 - global_seqlen/max:49508 - global_seqlen/minmax_diff:0 - global_seqlen/balanced_min:49508 - global_seqlen/balanced_max:49508 - global_seqlen/mean:49508.0 - actor/entropy:0.23019133508205414 - perf/mfu/actor_infer:0.24535574023600162 - actor/pg_clipfrac:0.00025615452614147216 - actor/ppo_kl:4.747909861180233e-05 - actor/pg_clipfrac_lower:0.0 - actor/pg_loss:0.03832054109079763 - actor/kl_loss:0.0018528602158767171 - actor/kl_coef:0.001 - actor/loss:0.038322389125823975 - actor/grad_norm:0.6709800660610199 - actor/perf/max_memory_allocated_gb:29.571680545806885 - actor/perf/max_memory_reserved_gb:41.162109375 - actor/perf/cpu_memory_used_gb:26.435693740844727 - actor/lr:1e-06 - perf/mfu/actor:0.20951316797082886 - training/global_step:13 - training/epoch:0 - critic/score/mean:0.7265625 - critic/score/max:1.0 - critic/score/min:0.0 - critic/rewards/mean:0.7265625 - critic/rewards/max:1.0 - critic/rewards/min:0.0 - critic/advantages/mean:-0.03907741606235504 - critic/advantages/max:2.4748666286468506 - critic/advantages/min:-2.4748666286468506 - critic/returns/mean:-0.03907741606235504 - critic/returns/max:2.4748666286468506 - critic/returns/min:-2.4748666286468506 - response_length/mean:289.09375 - response_length/max:512.0 - response_length/min:140.0 - response_length/clip_ratio:0.015625 - response_length_non_aborted/mean:289.09375 - response_length_non_aborted/max:512.0 - response_length_non_aborted/min:140.0 - response_length_non_aborted/clip_ratio:0.015625 - response/aborted_ratio:0.0 - prompt_length/mean:97.6875 - prompt_length/max:159.0 - prompt_length/min:73.0 - prompt_length/clip_ratio:0.0 - num_turns/min:2 - num_turns/max:2 - num_turns/mean:2.0 - timing_s/start_profile:0.00017011817544698715 - timing_s/agent_loop/num_preempted/min:-1 - timing_s/agent_loop/num_preempted/max:-1 - timing_s/agent_loop/num_preempted/mean:-1.0 - timing_s/agent_loop/generate_sequences/min:0.7135251788422465 - timing_s/agent_loop/generate_sequences/max:1.9748254185542464 - timing_s/agent_loop/generate_sequences/mean:1.3104613705872907 - timing_s/agent_loop/tool_calls/min:0.0 - timing_s/agent_loop/tool_calls/max:0.0 - timing_s/agent_loop/tool_calls/mean:0.0 - timing_s/agent_loop/compute_score/min:0.003995120525360107 - timing_s/agent_loop/compute_score/max:0.010227341204881668 - timing_s/agent_loop/compute_score/mean:0.0052787047607125714 - timing_s/agent_loop/slowest/generate_sequences:1.9748254185542464 - timing_s/agent_loop/slowest/tool_calls:0.0 - timing_s/agent_loop/slowest/compute_score:0.006000821478664875 - timing_s/agent_loop/slowest/num_preempted:-1 - timing_s/agent_loop/slowest/prompt_length:113 - timing_s/agent_loop/slowest/response_length:512 - timing_s/gen:2.5442487969994545 - timing_s/reward:1.4589168131351471e-05 - timing_s/old_log_prob:0.8114191284403205 - timing_s/ref:2.3133191699162126 - timing_s/adv:0.002356027252972126 - timing_s/update_actor:2.6890233093872666 - timing_s/update_weights:0.856924626044929 - timing_s/step:9.264860857278109 - timing_s/stop_profile:8.187070488929749e-05 - timing_per_token_ms/ref:0.04672616890030323 - timing_per_token_ms/gen:0.06875604791372432 - timing_per_token_ms/update_actor:0.054314925050239694 - timing_per_token_ms/adv:4.7588819038784154e-05 - perf/total_num_tokens:49508 - perf/time_per_step:9.264860857278109 - perf/throughput:5343.6312495841175
[36m(TaskRunner pid=776037)[0m step:14 - global_seqlen/min:52415 - global_seqlen/max:52415 - global_seqlen/minmax_diff:0 - global_seqlen/balanced_min:52415 - global_seqlen/balanced_max:52415 - global_seqlen/mean:52415.0 - actor/entropy:0.21405579149723053 - perf/mfu/actor_infer:0.24835038777559085 - actor/pg_clipfrac:0.00017522362031741068 - actor/ppo_kl:6.364710679918062e-05 - actor/pg_clipfrac_lower:0.0 - actor/pg_loss:-0.006239285954507068 - actor/kl_loss:0.0019511659484123811 - actor/kl_coef:0.001 - actor/loss:-0.006237339228391647 - actor/grad_norm:0.635935977101326 - actor/perf/max_memory_allocated_gb:29.571680545806885 - actor/perf/max_memory_reserved_gb:41.162109375 - actor/perf/cpu_memory_used_gb:26.442241668701172 - actor/lr:1e-06 - perf/mfu/actor:0.21503162170114593 - training/global_step:14 - training/epoch:0 - critic/score/mean:0.8125 - critic/score/max:1.0 - critic/score/min:0.0 - critic/rewards/mean:0.8125 - critic/rewards/max:1.0 - critic/rewards/min:0.0 - critic/advantages/mean:0.006399902980774641 - critic/advantages/max:2.4748666286468506 - critic/advantages/min:-2.4748666286468506 - critic/returns/mean:0.006399902980774641 - critic/returns/max:2.4748666286468506 - critic/returns/min:-2.4748666286468506 - response_length/mean:306.1796875 - response_length/max:512.0 - response_length/min:155.0 - response_length/clip_ratio:0.0078125 - response_length_non_aborted/mean:306.1796875 - response_length_non_aborted/max:512.0 - response_length_non_aborted/min:155.0 - response_length_non_aborted/clip_ratio:0.0078125 - response/aborted_ratio:0.0 - prompt_length/mean:103.3125 - prompt_length/max:134.0 - prompt_length/min:77.0 - prompt_length/clip_ratio:0.0 - num_turns/min:2 - num_turns/max:2 - num_turns/mean:2.0 - timing_s/start_profile:7.248017936944962e-05 - timing_s/agent_loop/num_preempted/min:-1 - timing_s/agent_loop/num_preempted/max:-1 - timing_s/agent_loop/num_preempted/mean:-1.0 - timing_s/agent_loop/generate_sequences/min:0.7017517238855362 - timing_s/agent_loop/generate_sequences/max:2.0220733787864447 - timing_s/agent_loop/generate_sequences/mean:1.3624931606609607 - timing_s/agent_loop/tool_calls/min:0.0 - timing_s/agent_loop/tool_calls/max:0.0 - timing_s/agent_loop/tool_calls/mean:0.0 - timing_s/agent_loop/compute_score/min:0.0029095709323883057 - timing_s/agent_loop/compute_score/max:0.009254000149667263 - timing_s/agent_loop/compute_score/mean:0.0052440502477111295 - timing_s/agent_loop/slowest/generate_sequences:2.0220733787864447 - timing_s/agent_loop/slowest/tool_calls:0.0 - timing_s/agent_loop/slowest/compute_score:0.005312537774443626 - timing_s/agent_loop/slowest/num_preempted:-1 - timing_s/agent_loop/slowest/prompt_length:128 - timing_s/agent_loop/slowest/response_length:512 - timing_s/gen:2.573186345398426 - timing_s/reward:1.6509555280208588e-05 - timing_s/old_log_prob:0.8499455042183399 - timing_s/ref:2.3410052312538028 - timing_s/adv:0.003399936482310295 - timing_s/update_actor:2.779028905555606 - timing_s/update_weights:0.849429708905518 - timing_s/step:9.444335692562163 - timing_s/stop_profile:8.200015872716904e-05 - timing_per_token_ms/ref:0.04466288717454551 - timing_per_token_ms/gen:0.06565758325631972 - timing_per_token_ms/update_actor:0.0530197253754766 - timing_per_token_ms/adv:6.48657155835218e-05 - perf/total_num_tokens:52415 - perf/time_per_step:9.444335692562163 - perf/throughput:5549.887435839363
[36m(WorkerDict pid=776530)[0m INFO:2026-07-25 13:58:10,496:update_weights done, time cost: 0.48s
[36m(TaskRunner pid=776037)[0m Training Progress:   8%|▊         | 16/200 [03:14<29:46,  9.71s/it]
[36m(WorkerDict pid=776530)[0m INFO:2026-07-25 13:58:20,155:update_weights done, time cost: 0.46s
[36m(TaskRunner pid=776037)[0m Training Progress:   8%|▊         | 17/200 [03:24<29:33,  9.69s/it]
[36m(TaskRunner pid=776037)[0m step:15 - global_seqlen/min:52260 - global_seqlen/max:52260 - global_seqlen/minmax_diff:0 - global_seqlen/balanced_min:52260 - global_seqlen/balanced_max:52260 - global_seqlen/mean:52260.0 - actor/entropy:0.2157963365316391 - perf/mfu/actor_infer:0.24984373110382055 - actor/pg_clipfrac:0.0002584969624876976 - actor/ppo_kl:0.00010363767614762764 - actor/pg_clipfrac_lower:0.0 - actor/pg_loss:0.00913955360010732 - actor/kl_loss:0.0022578313073609024 - actor/kl_coef:0.001 - actor/loss:0.009141817688941956 - actor/grad_norm:0.6449720561504364 - actor/perf/max_memory_allocated_gb:29.571680545806885 - actor/perf/max_memory_reserved_gb:41.162109375 - actor/perf/cpu_memory_used_gb:26.443771362304688 - actor/lr:1e-06 - perf/mfu/actor:0.21274735931194483 - training/global_step:15 - training/epoch:0 - critic/score/mean:0.765625 - critic/score/max:1.0 - critic/score/min:0.0 - critic/rewards/mean:0.765625 - critic/rewards/max:1.0 - critic/rewards/min:0.0 - critic/advantages/mean:-0.008224098943173885 - critic/advantages/max:2.4748666286468506 - critic/advantages/min:-2.4748666286468506 - critic/returns/mean:-0.008224098943173885 - critic/returns/max:2.4748666286468506 - critic/returns/min:-2.4748666286468506 - response_length/mean:301.59375 - response_length/max:512.0 - response_length/min:81.0 - response_length/clip_ratio:0.0703125 - response_length_non_aborted/mean:301.59375 - response_length_non_aborted/max:512.0 - response_length_non_aborted/min:81.0 - response_length_non_aborted/clip_ratio:0.0703125 - response/aborted_ratio:0.0 - prompt_length/mean:106.6875 - prompt_length/max:168.0 - prompt_length/min:83.0 - prompt_length/clip_ratio:0.0 - num_turns/min:2 - num_turns/max:2 - num_turns/mean:2.0 - timing_s/start_profile:7.187947630882263e-05 - timing_s/agent_loop/num_preempted/min:-1 - timing_s/agent_loop/num_preempted/max:-1 - timing_s/agent_loop/num_preempted/mean:-1.0 - timing_s/agent_loop/generate_sequences/min:0.4021927332505584 - timing_s/agent_loop/generate_sequences/max:1.9986110460013151 - timing_s/agent_loop/generate_sequences/mean:1.3407478700682987 - timing_s/agent_loop/tool_calls/min:0.0 - timing_s/agent_loop/tool_calls/max:0.0 - timing_s/agent_loop/tool_calls/mean:0.0 - timing_s/agent_loop/compute_score/min:0.004049831070005894 - timing_s/agent_loop/compute_score/max:0.016744738444685936 - timing_s/agent_loop/compute_score/mean:0.00544537616224261 - timing_s/agent_loop/slowest/generate_sequences:1.9986110460013151 - timing_s/agent_loop/slowest/tool_calls:0.0 - timing_s/agent_loop/slowest/compute_score:0.004233488813042641 - timing_s/agent_loop/slowest/num_preempted:-1 - timing_s/agent_loop/slowest/prompt_length:168 - timing_s/agent_loop/slowest/response_length:512 - timing_s/gen:2.5615189988166094 - timing_s/reward:1.4989636838436127e-05 - timing_s/old_log_prob:0.8426335649564862 - timing_s/ref:2.3405240643769503 - timing_s/adv:0.003472886048257351 - timing_s/update_actor:2.8002079594880342 - timing_s/update_weights:0.8638560390099883 - timing_s/step:9.459737463854253 - timing_s/stop_profile:8.05296003818512e-05 - timing_per_token_ms/ref:0.04478614742397532 - timing_per_token_ms/gen:0.06635371979112552 - timing_per_token_ms/update_actor:0.05358224185778864 - timing_per_token_ms/adv:6.645400015800518e-05 - perf/total_num_tokens:52260 - perf/time_per_step:9.459737463854253 - perf/throughput:5524.466212692049
[36m(TaskRunner pid=776037)[0m step:16 - global_seqlen/min:54271 - global_seqlen/max:54271 - global_seqlen/minmax_diff:0 - global_seqlen/balanced_min:54271 - global_seqlen/balanced_max:54271 - global_seqlen/mean:54271.0 - actor/entropy:0.1952132135629654 - perf/mfu/actor_infer:0.25434900246853753 - actor/pg_clipfrac:4.991676723875571e-05 - actor/ppo_kl:-3.9030998550515505e-05 - actor/pg_clipfrac_lower:0.0 - actor/pg_loss:-0.013218228938058019 - actor/kl_loss:0.002957239354145713 - actor/kl_coef:0.001 - actor/loss:-0.01321527548134327 - actor/grad_norm:0.4720688909292221 - actor/perf/max_memory_allocated_gb:29.571680545806885 - actor/perf/max_memory_reserved_gb:41.162109375 - actor/perf/cpu_memory_used_gb:26.45945167541504 - actor/lr:1e-06 - perf/mfu/actor:0.21788444614926683 - training/global_step:16 - training/epoch:0 - critic/score/mean:0.765625 - critic/score/max:1.0 - critic/score/min:0.0 - critic/rewards/mean:0.765625 - critic/rewards/max:1.0 - critic/rewards/min:0.0 - critic/advantages/mean:0.012577176094055176 - critic/advantages/max:2.4748666286468506 - critic/advantages/min:-1.6201815605163574 - critic/returns/mean:0.012577176094055176 - critic/returns/max:2.4748666286468506 - critic/returns/min:-1.6201815605163574 - response_length/mean:317.1796875 - response_length/max:512.0 - response_length/min:146.0 - response_length/clip_ratio:0.0546875 - response_length_non_aborted/mean:317.1796875 - response_length_non_aborted/max:512.0 - response_length_non_aborted/min:146.0 - response_length_non_aborted/clip_ratio:0.0546875 - response/aborted_ratio:0.0 - prompt_length/mean:106.8125 - prompt_length/max:156.0 - prompt_length/min:74.0 - prompt_length/clip_ratio:0.0 - num_turns/min:2 - num_turns/max:2 - num_turns/mean:2.0 - timing_s/start_profile:7.089972496032715e-05 - timing_s/agent_loop/num_preempted/min:-1 - timing_s/agent_loop/num_preempted/max:-1 - timing_s/agent_loop/num_preempted/mean:-1.0 - timing_s/agent_loop/generate_sequences/min:0.7660596985369921 - timing_s/agent_loop/generate_sequences/max:2.0777757465839386 - timing_s/agent_loop/generate_sequences/mean:1.4605956990781124 - timing_s/agent_loop/tool_calls/min:0.0 - timing_s/agent_loop/tool_calls/max:0.0 - timing_s/agent_loop/tool_calls/mean:0.0 - timing_s/agent_loop/compute_score/min:0.0035279560834169388 - timing_s/agent_loop/compute_score/max:0.01721437368541956 - timing_s/agent_loop/compute_score/mean:0.005651797022437677 - timing_s/agent_loop/slowest/generate_sequences:2.0777757465839386 - timing_s/agent_loop/slowest/tool_calls:0.0 - timing_s/agent_loop/slowest/compute_score:0.004682104103267193 - timing_s/agent_loop/slowest/num_preempted:-1 - timing_s/agent_loop/slowest/prompt_length:91 - timing_s/agent_loop/slowest/response_length:512 - timing_s/gen:2.635690627619624 - timing_s/reward:1.4750286936759949e-05 - timing_s/old_log_prob:0.8603377025574446 - timing_s/ref:2.7341443924233317 - timing_s/adv:0.0026857247576117516 - timing_s/update_actor:2.8309999210759997 - timing_s/update_weights:0.8828730350360274 - timing_s/step:9.996267460286617 - timing_s/stop_profile:8.025020360946655e-05 - timing_per_token_ms/ref:0.05037947324396697 - timing_per_token_ms/gen:0.06492008738194596 - timing_per_token_ms/update_actor:0.05216413777295424 - timing_per_token_ms/adv:4.9487290774294775e-05 - perf/total_num_tokens:54271 - perf/time_per_step:9.996267460286617 - perf/throughput:5429.12644300575
[36m(WorkerDict pid=776530)[0m INFO:2026-07-25 13:58:29,472:update_weights done, time cost: 0.48s
[36m(TaskRunner pid=776037)[0m Training Progress:   9%|▉         | 18/200 [03:33<29:03,  9.58s/it]
[36m(WorkerDict pid=776530)[0m INFO:2026-07-25 13:58:38,927:update_weights done, time cost: 0.46s
[36m(TaskRunner pid=776037)[0m Training Progress:  10%|▉         | 19/200 [03:43<28:47,  9.54s/it]
[36m(TaskRunner pid=776037)[0m step:17 - global_seqlen/min:54205 - global_seqlen/max:54205 - global_seqlen/minmax_diff:0 - global_seqlen/balanced_min:54205 - global_seqlen/balanced_max:54205 - global_seqlen/mean:54205.0 - actor/entropy:0.19286762177944183 - perf/mfu/actor_infer:0.25534650965303607 - actor/pg_clipfrac:0.00021972847025608644 - actor/ppo_kl:7.546547476522392e-05 - actor/pg_clipfrac_lower:0.0 - actor/pg_loss:0.03241923113819212 - actor/kl_loss:0.002758041169727221 - actor/kl_coef:0.001 - actor/loss:0.032421987503767014 - actor/grad_norm:0.6379866302013397 - actor/perf/max_memory_allocated_gb:29.571680545806885 - actor/perf/max_memory_reserved_gb:41.162109375 - actor/perf/cpu_memory_used_gb:26.441335678100586 - actor/lr:1e-06 - perf/mfu/actor:0.21829187538394684 - training/global_step:17 - training/epoch:0 - critic/score/mean:0.6640625 - critic/score/max:1.0 - critic/score/min:0.0 - critic/rewards/mean:0.6640625 - critic/rewards/max:1.0 - critic/rewards/min:0.0 - critic/advantages/mean:-0.03243907168507576 - critic/advantages/max:2.4748666286468506 - critic/advantages/min:-2.4748666286468506 - critic/returns/mean:-0.03243907168507576 - critic/returns/max:2.4748666286468506 - critic/returns/min:-2.4748666286468506 - response_length/mean:318.7890625 - response_length/max:512.0 - response_length/min:136.0 - response_length/clip_ratio:0.0859375 - response_length_non_aborted/mean:318.7890625 - response_length_non_aborted/max:512.0 - response_length_non_aborted/min:136.0 - response_length_non_aborted/clip_ratio:0.0859375 - response/aborted_ratio:0.0 - prompt_length/mean:104.6875 - prompt_length/max:161.0 - prompt_length/min:76.0 - prompt_length/clip_ratio:0.0 - num_turns/min:2 - num_turns/max:2 - num_turns/mean:2.0 - timing_s/start_profile:0.0002495385706424713 - timing_s/agent_loop/num_preempted/min:-1 - timing_s/agent_loop/num_preempted/max:-1 - timing_s/agent_loop/num_preempted/mean:-1.0 - timing_s/agent_loop/generate_sequences/min:0.719292713329196 - timing_s/agent_loop/generate_sequences/max:2.110082443803549 - timing_s/agent_loop/generate_sequences/mean:1.4500988932704786 - timing_s/agent_loop/tool_calls/min:0.0 - timing_s/agent_loop/tool_calls/max:0.0 - timing_s/agent_loop/tool_calls/mean:0.0 - timing_s/agent_loop/compute_score/min:0.0042934780940413475 - timing_s/agent_loop/compute_score/max:0.024809299036860466 - timing_s/agent_loop/compute_score/mean:0.005898183160752524 - timing_s/agent_loop/slowest/generate_sequences:2.110082443803549 - timing_s/agent_loop/slowest/tool_calls:0.0 - timing_s/agent_loop/slowest/compute_score:0.005009031854569912 - timing_s/agent_loop/slowest/num_preempted:-1 - timing_s/agent_loop/slowest/prompt_length:161 - timing_s/agent_loop/slowest/response_length:512 - timing_s/gen:2.6863720063120127 - timing_s/reward:2.240017056465149e-05 - timing_s/old_log_prob:0.860155675560236 - timing_s/ref:2.347296410240233 - timing_s/adv:0.0034972652792930603 - timing_s/update_actor:2.833163870498538 - timing_s/update_weights:0.8600618364289403 - timing_s/step:9.639748243615031 - timing_s/stop_profile:8.37305560708046e-05 - timing_per_token_ms/ref:0.0433040570102432 - timing_per_token_ms/gen:0.0658343831959812 - timing_per_token_ms/update_actor:0.0522675744027034 - timing_per_token_ms/adv:6.451923769565649e-05 - perf/total_num_tokens:54205 - perf/time_per_step:9.639748243615031 - perf/throughput:5623.072162273858
[36m(TaskRunner pid=776037)[0m step:18 - global_seqlen/min:49369 - global_seqlen/max:49369 - global_seqlen/minmax_diff:0 - global_seqlen/balanced_min:49369 - global_seqlen/balanced_max:49369 - global_seqlen/mean:49369.0 - actor/entropy:0.20128627121448517 - perf/mfu/actor_infer:0.24556828826889013 - actor/pg_clipfrac:0.00015352652008004952 - actor/ppo_kl:-8.259559581347276e-05 - actor/pg_clipfrac_lower:0.0 - actor/pg_loss:0.036800950998440385 - actor/kl_loss:0.0033935948158614337 - actor/kl_coef:0.001 - actor/loss:0.03680434450507164 - actor/grad_norm:0.665867030620575 - actor/perf/max_memory_allocated_gb:29.571680545806885 - actor/perf/max_memory_reserved_gb:41.162109375 - actor/perf/cpu_memory_used_gb:26.452442169189453 - actor/lr:1e-06 - perf/mfu/actor:0.20801814972071014 - training/global_step:18 - training/epoch:0 - critic/score/mean:0.875 - critic/score/max:1.0 - critic/score/min:0.0 - critic/rewards/mean:0.875 - critic/rewards/max:1.0 - critic/rewards/min:0.0 - critic/advantages/mean:-0.03762302175164223 - critic/advantages/max:0.7245674133300781 - critic/advantages/min:-2.4748666286468506 - critic/returns/mean:-0.03762302175164223 - critic/returns/max:0.7245674133300781 - critic/returns/min:-2.4748666286468506 - response_length/mean:284.8828125 - response_length/max:512.0 - response_length/min:111.0 - response_length/clip_ratio:0.0234375 - response_length_non_aborted/mean:284.8828125 - response_length_non_aborted/max:512.0 - response_length_non_aborted/min:111.0 - response_length_non_aborted/clip_ratio:0.0234375 - response/aborted_ratio:0.0 - prompt_length/mean:100.8125 - prompt_length/max:151.0 - prompt_length/min:72.0 - prompt_length/clip_ratio:0.0 - num_turns/min:2 - num_turns/max:2 - num_turns/mean:2.0 - timing_s/start_profile:0.00017244834452867508 - timing_s/agent_loop/num_preempted/min:-1 - timing_s/agent_loop/num_preempted/max:-1 - timing_s/agent_loop/num_preempted/mean:-1.0 - timing_s/agent_loop/generate_sequences/min:0.6003405880182981 - timing_s/agent_loop/generate_sequences/max:1.9799460479989648 - timing_s/agent_loop/generate_sequences/mean:1.3065826957754325 - timing_s/agent_loop/tool_calls/min:0.0 - timing_s/agent_loop/tool_calls/max:0.0 - timing_s/agent_loop/tool_calls/mean:0.0 - timing_s/agent_loop/compute_score/min:0.0038391631096601486 - timing_s/agent_loop/compute_score/max:0.008074401877820492 - timing_s/agent_loop/compute_score/mean:0.005321896001987625 - timing_s/agent_loop/slowest/generate_sequences:1.9799460479989648 - timing_s/agent_loop/slowest/tool_calls:0.0 - timing_s/agent_loop/slowest/compute_score:0.005869682878255844 - timing_s/agent_loop/slowest/num_preempted:-1 - timing_s/agent_loop/slowest/prompt_length:111 - timing_s/agent_loop/slowest/response_length:512 - timing_s/gen:2.5307933567091823 - timing_s/reward:1.7258338630199432e-05 - timing_s/old_log_prob:0.8124797875061631 - timing_s/ref:2.3326529720798135 - timing_s/adv:0.0034246472641825676 - timing_s/update_actor:2.7074341317638755 - timing_s/update_weights:0.8774684658274055 - timing_s/step:9.314744311384857 - timing_s/stop_profile:8.268840610980988e-05 - timing_per_token_ms/ref:0.04724934619052064 - timing_per_token_ms/gen:0.06940335545616844 - timing_per_token_ms/update_actor:0.05484077319297283 - timing_per_token_ms/adv:6.936837416562149e-05 - perf/total_num_tokens:49369 - perf/time_per_step:9.314744311384857 - perf/throughput:5300.091806026196
[36m(WorkerDict pid=776530)[0m INFO:2026-07-25 13:58:48,392:update_weights done, time cost: 0.47s
[36m(TaskRunner pid=776037)[0m Training Progress:  10%|█         | 20/200 [03:52<28:33,  9.52s/it]
[36m(WorkerDict pid=776530)[0m INFO:2026-07-25 13:58:57,947:update_weights done, time cost: 0.47s
[36m(TaskRunner pid=776037)[0m Training Progress:  10%|█         | 21/200 [04:02<28:26,  9.53s/it]
[36m(TaskRunner pid=776037)[0m step:19 - global_seqlen/min:53247 - global_seqlen/max:53247 - global_seqlen/minmax_diff:0 - global_seqlen/balanced_min:53247 - global_seqlen/balanced_max:53247 - global_seqlen/mean:53247.0 - actor/entropy:0.19614943861961365 - perf/mfu/actor_infer:0.25440070855209856 - actor/pg_clipfrac:0.00013292609219206497 - actor/ppo_kl:-4.729536703962367e-05 - actor/pg_clipfrac_lower:0.0 - actor/pg_loss:0.022906874772161245 - actor/kl_loss:0.003500231403450016 - actor/kl_coef:0.001 - actor/loss:0.022910374216735363 - actor/grad_norm:0.546845942735672 - actor/perf/max_memory_allocated_gb:29.571680545806885 - actor/perf/max_memory_reserved_gb:41.162109375 - actor/perf/cpu_memory_used_gb:26.455076217651367 - actor/lr:1e-06 - perf/mfu/actor:0.21741528450527886 - training/global_step:19 - training/epoch:0 - critic/score/mean:0.8515625 - critic/score/max:1.0 - critic/score/min:0.0 - critic/rewards/mean:0.8515625 - critic/rewards/max:1.0 - critic/rewards/min:0.0 - critic/advantages/mean:-0.022941285744309425 - critic/advantages/max:1.6201815605163574 - critic/advantages/min:-2.4748666286468506 - critic/returns/mean:-0.022941285744309425 - critic/returns/max:1.6201815605163574 - critic/returns/min:-2.4748666286468506 - response_length/mean:311.1171875 - response_length/max:512.0 - response_length/min:134.0 - response_length/clip_ratio:0.03125 - response_length_non_aborted/mean:311.1171875 - response_length_non_aborted/max:512.0 - response_length_non_aborted/min:134.0 - response_length_non_aborted/clip_ratio:0.03125 - response/aborted_ratio:0.0 - prompt_length/mean:104.875 - prompt_length/max:150.0 - prompt_length/min:72.0 - prompt_length/clip_ratio:0.0 - num_turns/min:2 - num_turns/max:2 - num_turns/mean:2.0 - timing_s/start_profile:7.598847150802612e-05 - timing_s/agent_loop/num_preempted/min:-1 - timing_s/agent_loop/num_preempted/max:-1 - timing_s/agent_loop/num_preempted/mean:-1.0 - timing_s/agent_loop/generate_sequences/min:0.6993380766361952 - timing_s/agent_loop/generate_sequences/max:2.0385681185871363 - timing_s/agent_loop/generate_sequences/mean:1.4209936848274083 - timing_s/agent_loop/tool_calls/min:0.0 - timing_s/agent_loop/tool_calls/max:0.0 - timing_s/agent_loop/tool_calls/mean:0.0 - timing_s/agent_loop/compute_score/min:0.0038629425689578056 - timing_s/agent_loop/compute_score/max:0.008961273357272148 - timing_s/agent_loop/compute_score/mean:0.0053175721113802865 - timing_s/agent_loop/slowest/generate_sequences:2.0385681185871363 - timing_s/agent_loop/slowest/tool_calls:0.0 - timing_s/agent_loop/slowest/compute_score:0.005592375993728638 - timing_s/agent_loop/slowest/num_preempted:-1 - timing_s/agent_loop/slowest/prompt_length:119 - timing_s/agent_loop/slowest/response_length:512 - timing_s/gen:2.6027222983539104 - timing_s/reward:1.0440126061439514e-05 - timing_s/old_log_prob:0.8361692074686289 - timing_s/ref:2.327270404435694 - timing_s/adv:0.0033947471529245377 - timing_s/update_actor:2.792326897382736 - timing_s/update_weights:0.8683000253513455 - timing_s/step:9.45302752777934 - timing_s/stop_profile:7.956847548484802e-05 - timing_per_token_ms/ref:0.043707070904195434 - timing_per_token_ms/gen:0.06535726334916783 - timing_per_token_ms/update_actor:0.05244101822417669 - timing_per_token_ms/adv:6.375471205747813e-05 - perf/total_num_tokens:53247 - perf/time_per_step:9.45302752777934 - perf/throughput:5632.798576278824
[36m(TaskRunner pid=776037)[0m step:20 - global_seqlen/min:52855 - global_seqlen/max:52855 - global_seqlen/minmax_diff:0 - global_seqlen/balanced_min:52855 - global_seqlen/balanced_max:52855 - global_seqlen/mean:52855.0 - actor/entropy:0.18038448691368103 - perf/mfu/actor_infer:0.2519454134690055 - actor/pg_clipfrac:0.0002856985593098216 - actor/ppo_kl:-8.5322921563602e-05 - actor/pg_clipfrac_lower:0.0 - actor/pg_loss:0.027107079979032278 - actor/kl_loss:0.004037997583509423 - actor/kl_coef:0.001 - actor/loss:0.027111120522022247 - actor/grad_norm:0.7489359676837921 - actor/perf/max_memory_allocated_gb:29.571680545806885 - actor/perf/max_memory_reserved_gb:41.162109375 - actor/perf/cpu_memory_used_gb:26.466516494750977 - actor/lr:1e-06 - perf/mfu/actor:0.21652003892484983 - training/global_step:20 - training/epoch:0 - critic/score/mean:0.75 - critic/score/max:1.0 - critic/score/min:0.0 - critic/rewards/mean:0.75 - critic/rewards/max:1.0 - critic/rewards/min:0.0 - critic/advantages/mean:-0.02738066390156746 - critic/advantages/max:1.6201815605163574 - critic/advantages/min:-2.4748666286468506 - critic/returns/mean:-0.02738066390156746 - critic/returns/max:1.6201815605163574 - critic/returns/min:-2.4748666286468506 - response_length/mean:308.0546875 - response_length/max:512.0 - response_length/min:149.0 - response_length/clip_ratio:0.03125 - response_length_non_aborted/mean:308.0546875 - response_length_non_aborted/max:512.0 - response_length_non_aborted/min:149.0 - response_length_non_aborted/clip_ratio:0.03125 - response/aborted_ratio:0.0 - prompt_length/mean:104.875 - prompt_length/max:135.0 - prompt_length/min:79.0 - prompt_length/clip_ratio:0.0 - num_turns/min:2 - num_turns/max:2 - num_turns/mean:2.0 - timing_s/start_profile:8.147861808538437e-05 - timing_s/agent_loop/num_preempted/min:-1 - timing_s/agent_loop/num_preempted/max:-1 - timing_s/agent_loop/num_preempted/mean:-1.0 - timing_s/agent_loop/generate_sequences/min:0.7465539984405041 - timing_s/agent_loop/generate_sequences/max:2.0240372996777296 - timing_s/agent_loop/generate_sequences/mean:1.3994368058920372 - timing_s/agent_loop/tool_calls/min:0.0 - timing_s/agent_loop/tool_calls/max:0.0 - timing_s/agent_loop/tool_calls/mean:0.0 - timing_s/agent_loop/compute_score/min:0.004005190916359425 - timing_s/agent_loop/compute_score/max:0.012819044291973114 - timing_s/agent_loop/compute_score/mean:0.005545170286495704 - timing_s/agent_loop/slowest/generate_sequences:2.0240372996777296 - timing_s/agent_loop/slowest/tool_calls:0.0 - timing_s/agent_loop/slowest/compute_score:0.005994522012770176 - timing_s/agent_loop/slowest/num_preempted:-1 - timing_s/agent_loop/slowest/prompt_length:135 - timing_s/agent_loop/slowest/response_length:512 - timing_s/gen:2.5968415960669518 - timing_s/reward:1.746043562889099e-05 - timing_s/old_log_prob:0.85295763425529 - timing_s/ref:2.3247233582660556 - timing_s/adv:0.0013085370883345604 - timing_s/update_actor:2.7611977392807603 - timing_s/update_weights:0.8721522679552436 - timing_s/step:9.459874951280653 - timing_s/stop_profile:8.702930063009262e-05 - timing_per_token_ms/ref:0.04398303581999916 - timing_per_token_ms/gen:0.06585786807504125 - timing_per_token_ms/update_actor:0.05224099402669114 - timing_per_token_ms/adv:2.4757110743251544e-05 - perf/total_num_tokens:52855 - perf/time_per_step:9.459874951280653 - perf/throughput:5587.283158837594
[36m(WorkerDict pid=776530)[0m INFO:2026-07-25 13:59:07,464:update_weights done, time cost: 0.47s
[36m(TaskRunner pid=776037)[0m Training Progress:  11%|█         | 22/200 [04:11<28:15,  9.53s/it]
[36m(WorkerDict pid=776530)[0m INFO:2026-07-25 13:59:16,812:update_weights done, time cost: 0.47s
[36m(TaskRunner pid=776037)[0m Training Progress:  12%|█▏        | 23/200 [04:21<27:56,  9.47s/it]
[36m(TaskRunner pid=776037)[0m step:21 - global_seqlen/min:54780 - global_seqlen/max:54780 - global_seqlen/minmax_diff:0 - global_seqlen/balanced_min:54780 - global_seqlen/balanced_max:54780 - global_seqlen/mean:54780.0 - actor/entropy:0.2046990543603897 - perf/mfu/actor_infer:0.2580019525169305 - actor/pg_clipfrac:0.0002844979590008734 - actor/ppo_kl:3.7260092994984007e-05 - actor/pg_clipfrac_lower:0.0 - actor/pg_loss:0.019970684428699315 - actor/kl_loss:0.004244716998073272 - actor/kl_coef:0.001 - actor/loss:0.019974929746240377 - actor/grad_norm:0.6692163050174713 - actor/perf/max_memory_allocated_gb:29.571680545806885 - actor/perf/max_memory_reserved_gb:41.162109375 - actor/perf/cpu_memory_used_gb:26.484291076660156 - actor/lr:1e-06 - perf/mfu/actor:0.2213874755419583 - training/global_step:21 - training/epoch:0 - critic/score/mean:0.7890625 - critic/score/max:1.0 - critic/score/min:0.0 - critic/rewards/mean:0.7890625 - critic/rewards/max:1.0 - critic/rewards/min:0.0 - critic/advantages/mean:-0.020109770819544792 - critic/advantages/max:1.6201815605163574 - critic/advantages/min:-2.4748666286468506 - critic/returns/mean:-0.020109770819544792 - critic/returns/max:1.6201815605163574 - critic/returns/min:-2.4748666286468506 - response_length/mean:326.65625 - response_length/max:512.0 - response_length/min:109.0 - response_length/clip_ratio:0.03125 - response_length_non_aborted/mean:326.65625 - response_length_non_aborted/max:512.0 - response_length_non_aborted/min:109.0 - response_length_non_aborted/clip_ratio:0.03125 - response/aborted_ratio:0.0 - prompt_length/mean:101.3125 - prompt_length/max:168.0 - prompt_length/min:70.0 - prompt_length/clip_ratio:0.0 - num_turns/min:2 - num_turns/max:2 - num_turns/mean:2.0 - timing_s/start_profile:8.202902972698212e-05 - timing_s/agent_loop/num_preempted/min:-1 - timing_s/agent_loop/num_preempted/max:-1 - timing_s/agent_loop/num_preempted/mean:-1.0 - timing_s/agent_loop/generate_sequences/min:0.5606284439563751 - timing_s/agent_loop/generate_sequences/max:2.053832449950278 - timing_s/agent_loop/generate_sequences/mean:1.4652584095310885 - timing_s/agent_loop/tool_calls/min:0.0 - timing_s/agent_loop/tool_calls/max:0.0 - timing_s/agent_loop/tool_calls/mean:0.0 - timing_s/agent_loop/compute_score/min:0.003506525419652462 - timing_s/agent_loop/compute_score/max:0.010061132721602917 - timing_s/agent_loop/compute_score/mean:0.005397177774284501 - timing_s/agent_loop/slowest/generate_sequences:2.053832449950278 - timing_s/agent_loop/slowest/tool_calls:0.0 - timing_s/agent_loop/slowest/compute_score:0.004694655537605286 - timing_s/agent_loop/slowest/num_preempted:-1 - timing_s/agent_loop/slowest/prompt_length:135 - timing_s/agent_loop/slowest/response_length:512 - timing_s/gen:2.6244561970233917 - timing_s/reward:1.8689781427383423e-05 - timing_s/old_log_prob:0.8504687491804361 - timing_s/ref:2.3356479927897453 - timing_s/adv:0.002629624679684639 - timing_s/update_actor:2.811696818098426 - timing_s/update_weights:0.8774599861353636 - timing_s/step:9.54996834602207 - timing_s/stop_profile:8.062925189733505e-05 - timing_per_token_ms/ref:0.0426368746401925 - timing_per_token_ms/gen:0.06276801389609184 - timing_per_token_ms/update_actor:0.051327068603476196 - timing_per_token_ms/adv:4.800337129763854e-05 - perf/total_num_tokens:54780 - perf/time_per_step:9.54996834602207 - perf/throughput:5736.144667203843
[36m(TaskRunner pid=776037)[0m step:22 - global_seqlen/min:46577 - global_seqlen/max:46577 - global_seqlen/minmax_diff:0 - global_seqlen/balanced_min:46577 - global_seqlen/balanced_max:46577 - global_seqlen/mean:46577.0 - actor/entropy:0.15630748867988586 - perf/mfu/actor_infer:0.2409750767920673 - actor/pg_clipfrac:0.00015596482990076765 - actor/ppo_kl:4.707749030785635e-05 - actor/pg_clipfrac_lower:0.0 - actor/pg_loss:0.012578752590343356 - actor/kl_loss:0.005308838051860221 - actor/kl_coef:0.001 - actor/loss:0.012584065552800894 - actor/grad_norm:0.5304719656705856 - actor/perf/max_memory_allocated_gb:29.571680545806885 - actor/perf/max_memory_reserved_gb:41.162109375 - actor/perf/cpu_memory_used_gb:26.49524688720703 - actor/lr:1e-06 - perf/mfu/actor:0.20615964251388705 - training/global_step:22 - training/epoch:0 - critic/score/mean:0.8984375 - critic/score/max:1.0 - critic/score/min:0.0 - critic/rewards/mean:0.8984375 - critic/rewards/max:1.0 - critic/rewards/min:0.0 - critic/advantages/mean:-0.012441258877515793 - critic/advantages/max:0.935412585735321 - critic/advantages/min:-2.4748666286468506 - critic/returns/mean:-0.012441258877515793 - critic/returns/max:0.935412585735321 - critic/returns/min:-2.4748666286468506 - response_length/mean:273.5078125 - response_length/max:512.0 - response_length/min:143.0 - response_length/clip_ratio:0.015625 - response_length_non_aborted/mean:273.5078125 - response_length_non_aborted/max:512.0 - response_length_non_aborted/min:143.0 - response_length_non_aborted/clip_ratio:0.015625 - response/aborted_ratio:0.0 - prompt_length/mean:90.375 - prompt_length/max:120.0 - prompt_length/min:71.0 - prompt_length/clip_ratio:0.0 - num_turns/min:2 - num_turns/max:2 - num_turns/mean:2.0 - timing_s/start_profile:0.00016704760491847992 - timing_s/agent_loop/num_preempted/min:-1 - timing_s/agent_loop/num_preempted/max:-1 - timing_s/agent_loop/num_preempted/mean:-1.0 - timing_s/agent_loop/generate_sequences/min:0.7133941603824496 - timing_s/agent_loop/generate_sequences/max:1.9451049761846662 - timing_s/agent_loop/generate_sequences/mean:1.2477013217794592 - timing_s/agent_loop/tool_calls/min:0.0 - timing_s/agent_loop/tool_calls/max:0.0 - timing_s/agent_loop/tool_calls/mean:0.0 - timing_s/agent_loop/compute_score/min:0.0038796821609139442 - timing_s/agent_loop/compute_score/max:0.010230150073766708 - timing_s/agent_loop/compute_score/mean:0.005460658787342254 - timing_s/agent_loop/slowest/generate_sequences:1.9451049761846662 - timing_s/agent_loop/slowest/tool_calls:0.0 - timing_s/agent_loop/slowest/compute_score:0.006197168491780758 - timing_s/agent_loop/slowest/num_preempted:-1 - timing_s/agent_loop/slowest/prompt_length:120 - timing_s/agent_loop/slowest/response_length:512 - timing_s/gen:2.5155600355938077 - timing_s/reward:1.608859747648239e-05 - timing_s/old_log_prob:1.1701645040884614 - timing_s/ref:2.3065316947177052 - timing_s/adv:0.003463875502347946 - timing_s/update_actor:2.5822531264275312 - timing_s/update_weights:0.8760933298617601 - timing_s/step:9.503906292840838 - timing_s/stop_profile:7.839873433113098e-05 - timing_per_token_ms/ref:0.04952082990999217 - timing_per_token_ms/gen:0.07185466695974771 - timing_per_token_ms/update_actor:0.05544052056653566 - timing_per_token_ms/adv:7.436879795495515e-05 - perf/total_num_tokens:46577 - perf/time_per_step:9.503906292840838 - perf/throughput:4900.826940506117
[36m(WorkerDict pid=776530)[0m INFO:2026-07-25 13:59:26,188:update_weights done, time cost: 0.48s
[36m(TaskRunner pid=776037)[0m Training Progress:  12%|█▏        | 24/200 [04:30<27:42,  9.44s/it]
[36m(WorkerDict pid=776530)[0m INFO:2026-07-25 13:59:35,534:update_weights done, time cost: 0.47s
[36m(TaskRunner pid=776037)[0m Training Progress:  12%|█▎        | 25/200 [04:40<27:27,  9.42s/it]
[36m(TaskRunner pid=776037)[0m step:23 - global_seqlen/min:51412 - global_seqlen/max:51412 - global_seqlen/minmax_diff:0 - global_seqlen/balanced_min:51412 - global_seqlen/balanced_max:51412 - global_seqlen/mean:51412.0 - actor/entropy:0.17890284955501556 - perf/mfu/actor_infer:0.25161614261033505 - actor/pg_clipfrac:0.00020359110385470558 - actor/ppo_kl:8.592240737925749e-05 - actor/pg_clipfrac_lower:0.0 - actor/pg_loss:0.039767382375430316 - actor/kl_loss:0.004833836399484426 - actor/kl_coef:0.001 - actor/loss:0.03977220878005028 - actor/grad_norm:0.6502762585878372 - actor/perf/max_memory_allocated_gb:29.571680545806885 - actor/perf/max_memory_reserved_gb:41.162109375 - actor/perf/cpu_memory_used_gb:26.504297256469727 - actor/lr:1e-06 - perf/mfu/actor:0.21781339783542064 - training/global_step:23 - training/epoch:0 - critic/score/mean:0.8203125 - critic/score/max:1.0 - critic/score/min:0.0 - critic/rewards/mean:0.8203125 - critic/rewards/max:1.0 - critic/rewards/min:0.0 - critic/advantages/mean:-0.039361607283353806 - critic/advantages/max:1.6201815605163574 - critic/advantages/min:-2.4748666286468506 - critic/returns/mean:-0.039361607283353806 - critic/returns/max:1.6201815605163574 - critic/returns/min:-2.4748666286468506 - response_length/mean:297.15625 - response_length/max:512.0 - response_length/min:147.0 - response_length/clip_ratio:0.0078125 - response_length_non_aborted/mean:297.15625 - response_length_non_aborted/max:512.0 - response_length_non_aborted/min:147.0 - response_length_non_aborted/clip_ratio:0.0078125 - response/aborted_ratio:0.0 - prompt_length/mean:104.5 - prompt_length/max:140.0 - prompt_length/min:82.0 - prompt_length/clip_ratio:0.0 - num_turns/min:2 - num_turns/max:2 - num_turns/mean:2.0 - timing_s/start_profile:8.086953312158585e-05 - timing_s/agent_loop/num_preempted/min:-1 - timing_s/agent_loop/num_preempted/max:-1 - timing_s/agent_loop/num_preempted/mean:-1.0 - timing_s/agent_loop/generate_sequences/min:0.7302014473825693 - timing_s/agent_loop/generate_sequences/max:2.000776344910264 - timing_s/agent_loop/generate_sequences/mean:1.3694926900498103 - timing_s/agent_loop/tool_calls/min:0.0 - timing_s/agent_loop/tool_calls/max:0.0 - timing_s/agent_loop/tool_calls/mean:0.0 - timing_s/agent_loop/compute_score/min:0.003620685078203678 - timing_s/agent_loop/compute_score/max:0.010173802264034748 - timing_s/agent_loop/compute_score/mean:0.005300018136040308 - timing_s/agent_loop/slowest/generate_sequences:2.000776344910264 - timing_s/agent_loop/slowest/tool_calls:0.0 - timing_s/agent_loop/slowest/compute_score:0.006265899166464806 - timing_s/agent_loop/slowest/num_preempted:-1 - timing_s/agent_loop/slowest/prompt_length:101 - timing_s/agent_loop/slowest/response_length:512 - timing_s/gen:2.564555909484625 - timing_s/reward:1.5030615031719208e-05 - timing_s/old_log_prob:0.8266386799514294 - timing_s/ref:2.334938549436629 - timing_s/adv:0.0034528663381934166 - timing_s/update_actor:2.696627696044743 - timing_s/update_weights:0.8595507107675076 - timing_s/step:9.33581080660224 - timing_s/stop_profile:7.986929267644882e-05 - timing_per_token_ms/ref:0.045416217020085366 - timing_per_token_ms/gen:0.06742443762447746 - timing_per_token_ms/update_actor:0.05245132840668994 - timing_per_token_ms/adv:6.716070835978791e-05 - perf/total_num_tokens:51412 - perf/time_per_step:9.33581080660224 - perf/throughput:5506.96678253609
[36m(TaskRunner pid=776037)[0m step:24 - global_seqlen/min:50574 - global_seqlen/max:50574 - global_seqlen/minmax_diff:0 - global_seqlen/balanced_min:50574 - global_seqlen/balanced_max:50574 - global_seqlen/mean:50574.0 - actor/entropy:0.18277518451213837 - perf/mfu/actor_infer:0.24534976131360764 - actor/pg_clipfrac:5.992712976876646e-05 - actor/ppo_kl:0.00011216872098884778 - actor/pg_clipfrac_lower:0.0 - actor/pg_loss:0.04355479450896382 - actor/kl_loss:0.003868286483339034 - actor/kl_coef:0.001 - actor/loss:0.04355865530669689 - actor/grad_norm:0.5722285062074661 - actor/perf/max_memory_allocated_gb:29.571680545806885 - actor/perf/max_memory_reserved_gb:41.162109375 - actor/perf/cpu_memory_used_gb:26.50478172302246 - actor/lr:1e-06 - perf/mfu/actor:0.21428554540735445 - training/global_step:24 - training/epoch:0 - critic/score/mean:0.7890625 - critic/score/max:1.0 - critic/score/min:0.0 - critic/rewards/mean:0.7890625 - critic/rewards/max:1.0 - critic/rewards/min:0.0 - critic/advantages/mean:-0.04352410510182381 - critic/advantages/max:2.4748666286468506 - critic/advantages/min:-2.4748666286468506 - critic/returns/mean:-0.04352410510182381 - critic/returns/max:2.4748666286468506 - critic/returns/min:-2.4748666286468506 - response_length/mean:287.859375 - response_length/max:512.0 - response_length/min:131.0 - response_length/clip_ratio:0.046875 - response_length_non_aborted/mean:287.859375 - response_length_non_aborted/max:512.0 - response_length_non_aborted/min:131.0 - response_length_non_aborted/clip_ratio:0.046875 - response/aborted_ratio:0.0 - prompt_length/mean:107.25 - prompt_length/max:256.0 - prompt_length/min:80.0 - prompt_length/clip_ratio:0.0 - num_turns/min:2 - num_turns/max:2 - num_turns/mean:2.0 - timing_s/start_profile:0.00016577821224927902 - timing_s/agent_loop/num_preempted/min:-1 - timing_s/agent_loop/num_preempted/max:-1 - timing_s/agent_loop/num_preempted/mean:-1.0 - timing_s/agent_loop/generate_sequences/min:0.684055776335299 - timing_s/agent_loop/generate_sequences/max:2.0319080129265785 - timing_s/agent_loop/generate_sequences/mean:1.3422470602381509 - timing_s/agent_loop/tool_calls/min:0.0 - timing_s/agent_loop/tool_calls/max:0.0 - timing_s/agent_loop/tool_calls/mean:0.0 - timing_s/agent_loop/compute_score/min:0.004035189747810364 - timing_s/agent_loop/compute_score/max:0.020518001168966293 - timing_s/agent_loop/compute_score/mean:0.0056995574705069885 - timing_s/agent_loop/slowest/generate_sequences:2.0319080129265785 - timing_s/agent_loop/slowest/tool_calls:0.0 - timing_s/agent_loop/slowest/compute_score:0.005320778116583824 - timing_s/agent_loop/slowest/num_preempted:-1 - timing_s/agent_loop/slowest/prompt_length:256 - timing_s/agent_loop/slowest/response_length:512 - timing_s/gen:2.600226023234427 - timing_s/reward:1.619011163711548e-05 - timing_s/old_log_prob:0.8295661322772503 - timing_s/ref:2.3191456720232964 - timing_s/adv:0.0034455470740795135 - timing_s/update_actor:2.693928562104702 - timing_s/update_weights:0.8797738431021571 - timing_s/step:9.374861557036638 - timing_s/stop_profile:8.461903780698776e-05 - timing_per_token_ms/ref:0.04585648103814799 - timing_per_token_ms/gen:0.07057010321973693 - timing_per_token_ms/update_actor:0.05326706533208174 - timing_per_token_ms/adv:6.812882259816336e-05 - perf/total_num_tokens:50574 - perf/time_per_step:9.374861557036638 - perf/throughput:5394.639663989477
[36m(WorkerDict pid=776530)[0m INFO:2026-07-25 13:59:44,995:update_weights done, time cost: 0.47s
[36m(TaskRunner pid=776037)[0m Training Progress:  13%|█▎        | 26/200 [04:49<27:20,  9.43s/it]
[36m(WorkerDict pid=776530)[0m INFO:2026-07-25 13:59:54,224:update_weights done, time cost: 0.47s
[36m(TaskRunner pid=776037)[0m Training Progress:  14%|█▎        | 27/200 [04:58<27:00,  9.37s/it]
[36m(TaskRunner pid=776037)[0m step:25 - global_seqlen/min:50933 - global_seqlen/max:50933 - global_seqlen/minmax_diff:0 - global_seqlen/balanced_min:50933 - global_seqlen/balanced_max:50933 - global_seqlen/mean:50933.0 - actor/entropy:0.16481834650039673 - perf/mfu/actor_infer:0.2522473143308574 - actor/pg_clipfrac:0.00016488765868416522 - actor/ppo_kl:-0.00027182723169971723 - actor/pg_clipfrac_lower:0.0 - actor/pg_loss:0.02113837713841349 - actor/kl_loss:0.004602399174473248 - actor/kl_coef:0.001 - actor/loss:0.02114298101514578 - actor/grad_norm:0.5848850458860397 - actor/perf/max_memory_allocated_gb:29.571680545806885 - actor/perf/max_memory_reserved_gb:41.162109375 - actor/perf/cpu_memory_used_gb:26.50898551940918 - actor/lr:1e-06 - perf/mfu/actor:0.2129832597379509 - training/global_step:25 - training/epoch:0 - critic/score/mean:0.8046875 - critic/score/max:1.0 - critic/score/min:0.0 - critic/rewards/mean:0.8046875 - critic/rewards/max:1.0 - critic/rewards/min:0.0 - critic/advantages/mean:-0.02116154506802559 - critic/advantages/max:2.4748666286468506 - critic/advantages/min:-2.4748666286468506 - critic/returns/mean:-0.02116154506802559 - critic/returns/max:2.4748666286468506 - critic/returns/min:-2.4748666286468506 - response_length/mean:299.0390625 - response_length/max:512.0 - response_length/min:160.0 - response_length/clip_ratio:0.046875 - response_length_non_aborted/mean:299.0390625 - response_length_non_aborted/max:512.0 - response_length_non_aborted/min:160.0 - response_length_non_aborted/clip_ratio:0.046875 - response/aborted_ratio:0.0 - prompt_length/mean:98.875 - prompt_length/max:128.0 - prompt_length/min:76.0 - prompt_length/clip_ratio:0.0 - num_turns/min:2 - num_turns/max:2 - num_turns/mean:2.0 - timing_s/start_profile:7.88392499089241e-05 - timing_s/agent_loop/num_preempted/min:-1 - timing_s/agent_loop/num_preempted/max:-1 - timing_s/agent_loop/num_preempted/mean:-1.0 - timing_s/agent_loop/generate_sequences/min:0.7704290766268969 - timing_s/agent_loop/generate_sequences/max:1.997399928048253 - timing_s/agent_loop/generate_sequences/mean:1.350988866739499 - timing_s/agent_loop/tool_calls/min:0.0 - timing_s/agent_loop/tool_calls/max:0.0 - timing_s/agent_loop/tool_calls/mean:0.0 - timing_s/agent_loop/compute_score/min:0.003811492584645748 - timing_s/agent_loop/compute_score/max:0.022170674055814743 - timing_s/agent_loop/compute_score/mean:0.005776505895482842 - timing_s/agent_loop/slowest/generate_sequences:1.997399928048253 - timing_s/agent_loop/slowest/tool_calls:0.0 - timing_s/agent_loop/slowest/compute_score:0.006085101515054703 - timing_s/agent_loop/slowest/num_preempted:-1 - timing_s/agent_loop/slowest/prompt_length:120 - timing_s/agent_loop/slowest/response_length:512 - timing_s/gen:2.5604693172499537 - timing_s/reward:1.7090700566768646e-05 - timing_s/old_log_prob:0.8142114607617259 - timing_s/ref:2.3237163182348013 - timing_s/adv:0.002391207031905651 - timing_s/update_actor:2.7201835764572024 - timing_s/update_weights:0.8752841586247087 - timing_s/step:9.34500904660672 - timing_s/stop_profile:8.37789848446846e-05 - timing_per_token_ms/ref:0.045623001162994545 - timing_per_token_ms/gen:0.06689315560911131 - timing_per_token_ms/update_actor:0.05340709513394464 - timing_per_token_ms/adv:4.6948089291925686e-05 - perf/total_num_tokens:50933 - perf/time_per_step:9.34500904660672 - perf/throughput:5450.288998756439
[36m(TaskRunner pid=776037)[0m step:26 - global_seqlen/min:52377 - global_seqlen/max:52377 - global_seqlen/minmax_diff:0 - global_seqlen/balanced_min:52377 - global_seqlen/balanced_max:52377 - global_seqlen/mean:52377.0 - actor/entropy:0.2049248218536377 - perf/mfu/actor_infer:0.2519843552974627 - actor/pg_clipfrac:0.00029758530581602827 - actor/ppo_kl:7.321431303353165e-05 - actor/pg_clipfrac_lower:0.0 - actor/pg_loss:0.005828865570947528 - actor/kl_loss:0.0046239259536378086 - actor/kl_coef:0.001 - actor/loss:0.005833493545651436 - actor/grad_norm:0.5662858784198761 - actor/perf/max_memory_allocated_gb:29.571680545806885 - actor/perf/max_memory_reserved_gb:41.162109375 - actor/perf/cpu_memory_used_gb:26.519704818725586 - actor/lr:1e-06 - perf/mfu/actor:0.21788427747303718 - training/global_step:26 - training/epoch:0 - critic/score/mean:0.7109375 - critic/score/max:1.0 - critic/score/min:0.0 - critic/rewards/mean:0.7109375 - critic/rewards/max:1.0 - critic/rewards/min:0.0 - critic/advantages/mean:-0.00582479452714324 - critic/advantages/max:1.20761239528656 - critic/advantages/min:-2.4748666286468506 - critic/returns/mean:-0.00582479452714324 - critic/returns/max:1.20761239528656 - critic/returns/min:-2.4748666286468506 - response_length/mean:306.5703125 - response_length/max:512.0 - response_length/min:172.0 - response_length/clip_ratio:0.03125 - response_length_non_aborted/mean:306.5703125 - response_length_non_aborted/max:512.0 - response_length_non_aborted/min:172.0 - response_length_non_aborted/clip_ratio:0.03125 - response/aborted_ratio:0.0 - prompt_length/mean:102.625 - prompt_length/max:141.0 - prompt_length/min:79.0 - prompt_length/clip_ratio:0.0 - num_turns/min:2 - num_turns/max:2 - num_turns/mean:2.0 - timing_s/start_profile:0.00010580942034721375 - timing_s/agent_loop/num_preempted/min:-1 - timing_s/agent_loop/num_preempted/max:-1 - timing_s/agent_loop/num_preempted/mean:-1.0 - timing_s/agent_loop/generate_sequences/min:0.8422274980694056 - timing_s/agent_loop/generate_sequences/max:2.030658065341413 - timing_s/agent_loop/generate_sequences/mean:1.4054659891771735 - timing_s/agent_loop/tool_calls/min:0.0 - timing_s/agent_loop/tool_calls/max:0.0 - timing_s/agent_loop/tool_calls/mean:0.0 - timing_s/agent_loop/compute_score/min:0.0038242125883698463 - timing_s/agent_loop/compute_score/max:0.010766956023871899 - timing_s/agent_loop/compute_score/mean:0.005521193044842221 - timing_s/agent_loop/slowest/generate_sequences:2.030658065341413 - timing_s/agent_loop/slowest/tool_calls:0.0 - timing_s/agent_loop/slowest/compute_score:0.005554186180233955 - timing_s/agent_loop/slowest/num_preempted:-1 - timing_s/agent_loop/slowest/prompt_length:85 - timing_s/agent_loop/slowest/response_length:512 - timing_s/gen:2.6127663496881723 - timing_s/reward:1.3990327715873718e-05 - timing_s/old_log_prob:0.8386136554181576 - timing_s/ref:2.338085279799998 - timing_s/adv:0.0033909277990460396 - timing_s/update_actor:2.739249652251601 - timing_s/update_weights:0.8742667874321342 - timing_s/step:9.455310043878853 - timing_s/stop_profile:8.147954940795898e-05 - timing_per_token_ms/ref:0.044639541779788794 - timing_per_token_ms/gen:0.06658256287271405 - timing_per_token_ms/update_actor:0.0522987122640014 - timing_per_token_ms/adv:6.474077933150122e-05 - perf/total_num_tokens:52377 - perf/time_per_step:9.455310043878853 - perf/throughput:5539.427026394301
[36m(WorkerDict pid=776530)[0m INFO:2026-07-25 14:00:03,651:update_weights done, time cost: 0.46s
[36m(TaskRunner pid=776037)[0m Training Progress:  14%|█▍        | 28/200 [05:08<26:54,  9.39s/it]
[36m(WorkerDict pid=776530)[0m INFO:2026-07-25 14:00:13,050:update_weights done, time cost: 0.46s
[36m(TaskRunner pid=776037)[0m Training Progress:  14%|█▍        | 29/200 [05:17<26:45,  9.39s/it]
[36m(TaskRunner pid=776037)[0m step:27 - global_seqlen/min:48522 - global_seqlen/max:48522 - global_seqlen/minmax_diff:0 - global_seqlen/balanced_min:48522 - global_seqlen/balanced_max:48522 - global_seqlen/mean:48522.0 - actor/entropy:0.15461690723896027 - perf/mfu/actor_infer:0.24315102639830366 - actor/pg_clipfrac:0.0001368539633403998 - actor/ppo_kl:8.853998633640003e-05 - actor/pg_clipfrac_lower:0.0 - actor/pg_loss:0.016923487768508494 - actor/kl_loss:0.004906066591502167 - actor/kl_coef:0.001 - actor/loss:0.01692839339375496 - actor/grad_norm:0.5437079668045044 - actor/perf/max_memory_allocated_gb:29.571680545806885 - actor/perf/max_memory_reserved_gb:41.162109375 - actor/perf/cpu_memory_used_gb:26.512195587158203 - actor/lr:1e-06 - perf/mfu/actor:0.21015830282287296 - training/global_step:27 - training/epoch:0 - critic/score/mean:0.734375 - critic/score/max:1.0 - critic/score/min:0.0 - critic/rewards/mean:0.734375 - critic/rewards/max:1.0 - critic/rewards/min:0.0 - critic/advantages/mean:-0.01593879982829094 - critic/advantages/max:2.4748666286468506 - critic/advantages/min:-2.4748666286468506 - critic/returns/mean:-0.01593879982829094 - critic/returns/max:2.4748666286468506 - critic/returns/min:-2.4748666286468506 - response_length/mean:275.578125 - response_length/max:512.0 - response_length/min:115.0 - response_length/clip_ratio:0.015625 - response_length_non_aborted/mean:275.578125 - response_length_non_aborted/max:512.0 - response_length_non_aborted/min:115.0 - response_length_non_aborted/clip_ratio:0.015625 - response/aborted_ratio:0.0 - prompt_length/mean:103.5 - prompt_length/max:163.0 - prompt_length/min:64.0 - prompt_length/clip_ratio:0.0 - num_turns/min:2 - num_turns/max:2 - num_turns/mean:2.0 - timing_s/start_profile:7.853005081415176e-05 - timing_s/agent_loop/num_preempted/min:-1 - timing_s/agent_loop/num_preempted/max:-1 - timing_s/agent_loop/num_preempted/mean:-1.0 - timing_s/agent_loop/generate_sequences/min:0.5818203678354621 - timing_s/agent_loop/generate_sequences/max:1.9563176073133945 - timing_s/agent_loop/generate_sequences/mean:1.2558675929903984 - timing_s/agent_loop/tool_calls/min:0.0 - timing_s/agent_loop/tool_calls/max:0.0 - timing_s/agent_loop/tool_calls/mean:0.0 - timing_s/agent_loop/compute_score/min:0.004092300310730934 - timing_s/agent_loop/compute_score/max:0.011571616865694523 - timing_s/agent_loop/compute_score/mean:0.005595314149104524 - timing_s/agent_loop/slowest/generate_sequences:1.9563176073133945 - timing_s/agent_loop/slowest/tool_calls:0.0 - timing_s/agent_loop/slowest/compute_score:0.005041230469942093 - timing_s/agent_loop/slowest/num_preempted:-1 - timing_s/agent_loop/slowest/prompt_length:163 - timing_s/agent_loop/slowest/response_length:512 - timing_s/gen:2.529317731037736 - timing_s/reward:1.5490688383579254e-05 - timing_s/old_log_prob:0.8078313926234841 - timing_s/ref:2.327152065001428 - timing_s/adv:0.003427705727517605 - timing_s/update_actor:2.634538189508021 - timing_s/update_weights:0.8705088645219803 - timing_s/step:9.222808343358338 - timing_s/stop_profile:7.938873022794724e-05 - timing_per_token_ms/ref:0.04796076140722617 - timing_per_token_ms/gen:0.07170487415767239 - timing_per_token_ms/update_actor:0.054295746043197333 - timing_per_token_ms/adv:7.064230096693469e-05 - perf/total_num_tokens:48522 - perf/time_per_step:9.222808343358338 - perf/throughput:5261.087316743643
[36m(TaskRunner pid=776037)[0m step:28 - global_seqlen/min:46024 - global_seqlen/max:46024 - global_seqlen/minmax_diff:0 - global_seqlen/balanced_min:46024 - global_seqlen/balanced_max:46024 - global_seqlen/mean:46024.0 - actor/entropy:0.19528241455554962 - perf/mfu/actor_infer:0.2405176109142051 - actor/pg_clipfrac:0.00014173067756928504 - actor/ppo_kl:3.670283467727131e-05 - actor/pg_clipfrac_lower:0.0 - actor/pg_loss:0.024622468510642648 - actor/kl_loss:0.004977457050699741 - actor/kl_coef:0.001 - actor/loss:0.0246274471282959 - actor/grad_norm:0.6842159926891327 - actor/perf/max_memory_allocated_gb:29.571680545806885 - actor/perf/max_memory_reserved_gb:41.162109375 - actor/perf/cpu_memory_used_gb:26.483537673950195 - actor/lr:1e-06 - perf/mfu/actor:0.20491508375108258 - training/global_step:28 - training/epoch:0 - critic/score/mean:0.8125 - critic/score/max:1.0 - critic/score/min:0.0 - critic/rewards/mean:0.8125 - critic/rewards/max:1.0 - critic/rewards/min:0.0 - critic/advantages/mean:-0.025593429803848267 - critic/advantages/max:2.4748666286468506 - critic/advantages/min:-2.4748666286468506 - critic/returns/mean:-0.025593429803848267 - critic/returns/max:2.4748666286468506 - critic/returns/min:-2.4748666286468506 - response_length/mean:268.625 - response_length/max:512.0 - response_length/min:144.0 - response_length/clip_ratio:0.03125 - response_length_non_aborted/mean:268.625 - response_length_non_aborted/max:512.0 - response_length_non_aborted/min:144.0 - response_length_non_aborted/clip_ratio:0.03125 - response/aborted_ratio:0.0 - prompt_length/mean:90.9375 - prompt_length/max:128.0 - prompt_length/min:72.0 - prompt_length/clip_ratio:0.0 - num_turns/min:2 - num_turns/max:2 - num_turns/mean:2.0 - timing_s/start_profile:7.672887295484543e-05 - timing_s/agent_loop/num_preempted/min:-1 - timing_s/agent_loop/num_preempted/max:-1 - timing_s/agent_loop/num_preempted/mean:-1.0 - timing_s/agent_loop/generate_sequences/min:0.7312168069183826 - timing_s/agent_loop/generate_sequences/max:1.902957214973867 - timing_s/agent_loop/generate_sequences/mean:1.2015687036764575 - timing_s/agent_loop/tool_calls/min:0.0 - timing_s/agent_loop/tool_calls/max:0.0 - timing_s/agent_loop/tool_calls/mean:0.0 - timing_s/agent_loop/compute_score/min:0.0030648699030280113 - timing_s/agent_loop/compute_score/max:0.011567546986043453 - timing_s/agent_loop/compute_score/mean:0.005581318597251084 - timing_s/agent_loop/slowest/generate_sequences:1.902957214973867 - timing_s/agent_loop/slowest/tool_calls:0.0 - timing_s/agent_loop/slowest/compute_score:0.005372888408601284 - timing_s/agent_loop/slowest/num_preempted:-1 - timing_s/agent_loop/slowest/prompt_length:128 - timing_s/agent_loop/slowest/response_length:512 - timing_s/gen:2.468378832563758 - timing_s/reward:1.5519559383392334e-05 - timing_s/old_log_prob:1.1680731941014528 - timing_s/ref:2.3056966233998537 - timing_s/adv:0.003436136059463024 - timing_s/update_actor:2.564529439434409 - timing_s/update_weights:0.8694423558190465 - timing_s/step:9.42653895355761 - timing_s/stop_profile:8.020922541618347e-05 - timing_per_token_ms/ref:0.050097701707801444 - timing_per_token_ms/gen:0.07178858866227775 - timing_per_token_ms/update_actor:0.05572156786534002 - timing_per_token_ms/adv:7.465965712374031e-05 - perf/total_num_tokens:46024 - perf/time_per_step:9.42653895355761 - perf/throughput:4882.385807426211
[36m(WorkerDict pid=776530)[0m INFO:2026-07-25 14:00:22,582:update_weights done, time cost: 0.45s
[36m(TaskRunner pid=776037)[0m Training Progress:  15%|█▌        | 30/200 [05:27<26:43,  9.43s/it]
[36m(WorkerDict pid=776530)[0m INFO:2026-07-25 14:00:31,983:update_weights done, time cost: 0.46s
[36m(TaskRunner pid=776037)[0m Training Progress:  16%|█▌        | 31/200 [05:36<26:32,  9.42s/it]
[36m(TaskRunner pid=776037)[0m step:29 - global_seqlen/min:51202 - global_seqlen/max:51202 - global_seqlen/minmax_diff:0 - global_seqlen/balanced_min:51202 - global_seqlen/balanced_max:51202 - global_seqlen/mean:51202.0 - actor/entropy:0.16977459192276 - perf/mfu/actor_infer:0.2515269254832057 - actor/pg_clipfrac:0.00021569438104052097 - actor/ppo_kl:7.2162734795711e-05 - actor/pg_clipfrac_lower:0.0 - actor/pg_loss:0.018965816358104348 - actor/kl_loss:0.004921887433738448 - actor/kl_coef:0.001 - actor/loss:0.018970736768096685 - actor/grad_norm:0.6227824091911316 - actor/perf/max_memory_allocated_gb:29.571680545806885 - actor/perf/max_memory_reserved_gb:41.162109375 - actor/perf/cpu_memory_used_gb:26.515644073486328 - actor/lr:1e-06 - perf/mfu/actor:0.21540352459963275 - training/global_step:29 - training/epoch:0 - critic/score/mean:0.796875 - critic/score/max:1.0 - critic/score/min:0.0 - critic/rewards/mean:0.796875 - critic/rewards/max:1.0 - critic/rewards/min:0.0 - critic/advantages/mean:-0.018584514036774635 - critic/advantages/max:2.4748666286468506 - critic/advantages/min:-2.4748666286468506 - critic/returns/mean:-0.018584514036774635 - critic/returns/max:2.4748666286468506 - critic/returns/min:-2.4748666286468506 - response_length/mean:299.015625 - response_length/max:512.0 - response_length/min:143.0 - response_length/clip_ratio:0.0546875 - response_length_non_aborted/mean:299.015625 - response_length_non_aborted/max:512.0 - response_length_non_aborted/min:143.0 - response_length_non_aborted/clip_ratio:0.0546875 - response/aborted_ratio:0.0 - prompt_length/mean:101.0 - prompt_length/max:141.0 - prompt_length/min:74.0 - prompt_length/clip_ratio:0.0 - num_turns/min:2 - num_turns/max:2 - num_turns/mean:2.0 - timing_s/start_profile:8.038897067308426e-05 - timing_s/agent_loop/num_preempted/min:-1 - timing_s/agent_loop/num_preempted/max:-1 - timing_s/agent_loop/num_preempted/mean:-1.0 - timing_s/agent_loop/generate_sequences/min:0.6926191616803408 - timing_s/agent_loop/generate_sequences/max:2.0295011354610324 - timing_s/agent_loop/generate_sequences/mean:1.3495298601555987 - timing_s/agent_loop/tool_calls/min:0.0 - timing_s/agent_loop/tool_calls/max:0.0 - timing_s/agent_loop/tool_calls/mean:0.0 - timing_s/agent_loop/compute_score/min:0.0032497383654117584 - timing_s/agent_loop/compute_score/max:0.01087646372616291 - timing_s/agent_loop/compute_score/mean:0.005366786797821987 - timing_s/agent_loop/slowest/generate_sequences:2.0295011354610324 - timing_s/agent_loop/slowest/tool_calls:0.0 - timing_s/agent_loop/slowest/compute_score:0.004482806660234928 - timing_s/agent_loop/slowest/num_preempted:-1 - timing_s/agent_loop/slowest/prompt_length:123 - timing_s/agent_loop/slowest/response_length:512 - timing_s/gen:2.593351488932967 - timing_s/reward:1.5090219676494598e-05 - timing_s/old_log_prob:0.8248598072677851 - timing_s/ref:2.340318227186799 - timing_s/adv:0.003456275910139084 - timing_s/update_actor:2.7116557396948338 - timing_s/update_weights:0.8628564681857824 - timing_s/step:9.38541720341891 - timing_s/stop_profile:7.888954132795334e-05 - timing_per_token_ms/ref:0.045707554923377976 - timing_per_token_ms/gen:0.06775752440123758 - timing_per_token_ms/update_actor:0.0529599574175781 - timing_per_token_ms/adv:6.750275204365228e-05 - perf/total_num_tokens:51202 - perf/time_per_step:9.38541720341891 - perf/throughput:5455.484704648845
[36m(TaskRunner pid=776037)[0m step:30 - global_seqlen/min:53729 - global_seqlen/max:53729 - global_seqlen/minmax_diff:0 - global_seqlen/balanced_min:53729 - global_seqlen/balanced_max:53729 - global_seqlen/mean:53729.0 - actor/entropy:0.1842053085565567 - perf/mfu/actor_infer:0.2552041588440442 - actor/pg_clipfrac:0.0002469215432938654 - actor/ppo_kl:-0.0001859059912021621 - actor/pg_clipfrac_lower:0.0 - actor/pg_loss:-0.00442208512686193 - actor/kl_loss:0.006659932347247377 - actor/kl_coef:0.001 - actor/loss:-0.004415430128574371 - actor/grad_norm:0.6293286681175232 - actor/perf/max_memory_allocated_gb:29.571680545806885 - actor/perf/max_memory_reserved_gb:41.162109375 - actor/perf/cpu_memory_used_gb:26.512889862060547 - actor/lr:1e-06 - perf/mfu/actor:0.22169558077481666 - training/global_step:30 - training/epoch:0 - critic/score/mean:0.765625 - critic/score/max:1.0 - critic/score/min:0.0 - critic/rewards/mean:0.765625 - critic/rewards/max:1.0 - critic/rewards/min:0.0 - critic/advantages/mean:0.0041881827637553215 - critic/advantages/max:2.4748666286468506 - critic/advantages/min:-2.4748666286468506 - critic/returns/mean:0.0041881827637553215 - critic/returns/max:2.4748666286468506 - critic/returns/min:-2.4748666286468506 - response_length/mean:320.0078125 - response_length/max:512.0 - response_length/min:153.0 - response_length/clip_ratio:0.03125 - response_length_non_aborted/mean:320.0078125 - response_length_non_aborted/max:512.0 - response_length_non_aborted/min:153.0 - response_length_non_aborted/clip_ratio:0.03125 - response/aborted_ratio:0.0 - prompt_length/mean:99.75 - prompt_length/max:134.0 - prompt_length/min:73.0 - prompt_length/clip_ratio:0.0 - num_turns/min:2 - num_turns/max:2 - num_turns/mean:2.0 - timing_s/start_profile:0.00016168784350156784 - timing_s/agent_loop/num_preempted/min:-1 - timing_s/agent_loop/num_preempted/max:-1 - timing_s/agent_loop/num_preempted/mean:-1.0 - timing_s/agent_loop/generate_sequences/min:0.8336621718481183 - timing_s/agent_loop/generate_sequences/max:2.09095189999789 - timing_s/agent_loop/generate_sequences/mean:1.484723298708559 - timing_s/agent_loop/tool_calls/min:0.0 - timing_s/agent_loop/tool_calls/max:0.0 - timing_s/agent_loop/tool_calls/mean:0.0 - timing_s/agent_loop/compute_score/min:0.003912691958248615 - timing_s/agent_loop/compute_score/max:0.008382358588278294 - timing_s/agent_loop/compute_score/mean:0.005327319937350694 - timing_s/agent_loop/slowest/generate_sequences:2.09095189999789 - timing_s/agent_loop/slowest/tool_calls:0.0 - timing_s/agent_loop/slowest/compute_score:0.006892663426697254 - timing_s/agent_loop/slowest/num_preempted:-1 - timing_s/agent_loop/slowest/prompt_length:83 - timing_s/agent_loop/slowest/response_length:512 - timing_s/gen:2.663131951354444 - timing_s/reward:1.4500692486763e-05 - timing_s/old_log_prob:0.8498479956761003 - timing_s/ref:2.3433271581307054 - timing_s/adv:0.0035456744953989983 - timing_s/update_actor:2.762779623270035 - timing_s/update_weights:0.8568659564480186 - timing_s/step:9.528113566339016 - timing_s/stop_profile:8.147861808538437e-05 - timing_per_token_ms/ref:0.043613824156986086 - timing_per_token_ms/gen:0.06501628259452757 - timing_per_token_ms/update_actor:0.05142064105548279 - timing_per_token_ms/adv:6.59918199742969e-05 - perf/total_num_tokens:53729 - perf/time_per_step:9.528113566339016 - perf/throughput:5638.996599475281
[36m(WorkerDict pid=776530)[0m INFO:2026-07-25 14:00:41,329:update_weights done, time cost: 0.46s
[36m(TaskRunner pid=776037)[0m Training Progress:  16%|█▌        | 32/200 [05:45<26:18,  9.40s/it]
[36m(WorkerDict pid=776530)[0m INFO:2026-07-25 14:00:51,070:update_weights done, time cost: 0.46s
[36m(TaskRunner pid=776037)[0m Training Progress:  16%|█▋        | 33/200 [05:55<26:26,  9.50s/it]
[36m(TaskRunner pid=776037)[0m step:31 - global_seqlen/min:51707 - global_seqlen/max:51707 - global_seqlen/minmax_diff:0 - global_seqlen/balanced_min:51707 - global_seqlen/balanced_max:51707 - global_seqlen/mean:51707.0 - actor/entropy:0.16851511597633362 - perf/mfu/actor_infer:0.25120170038571116 - actor/pg_clipfrac:0.00016754265925555956 - actor/ppo_kl:-0.0001481284180044895 - actor/pg_clipfrac_lower:0.0 - actor/pg_loss:-0.013032352784648538 - actor/kl_loss:0.005764651912613772 - actor/kl_coef:0.001 - actor/loss:-0.013026583939790726 - actor/grad_norm:0.3830293118953705 - actor/perf/max_memory_allocated_gb:29.571680545806885 - actor/perf/max_memory_reserved_gb:41.162109375 - actor/perf/cpu_memory_used_gb:26.531978607177734 - actor/lr:1e-06 - perf/mfu/actor:0.21695962389452483 - training/global_step:31 - training/epoch:0 - critic/score/mean:0.8671875 - critic/score/max:1.0 - critic/score/min:0.0 - critic/rewards/mean:0.8671875 - critic/rewards/max:1.0 - critic/rewards/min:0.0 - critic/advantages/mean:0.012784304097294807 - critic/advantages/max:1.20761239528656 - critic/advantages/min:-2.4748666286468506 - critic/returns/mean:0.012784304097294807 - critic/returns/max:1.20761239528656 - critic/returns/min:-2.4748666286468506 - response_length/mean:299.5234375 - response_length/max:512.0 - response_length/min:144.0 - response_length/clip_ratio:0.046875 - response_length_non_aborted/mean:299.5234375 - response_length_non_aborted/max:512.0 - response_length_non_aborted/min:144.0 - response_length_non_aborted/clip_ratio:0.046875 - response/aborted_ratio:0.0 - prompt_length/mean:104.4375 - prompt_length/max:161.0 - prompt_length/min:83.0 - prompt_length/clip_ratio:0.0 - num_turns/min:2 - num_turns/max:2 - num_turns/mean:2.0 - timing_s/start_profile:7.600896060466766e-05 - timing_s/agent_loop/num_preempted/min:-1 - timing_s/agent_loop/num_preempted/max:-1 - timing_s/agent_loop/num_preempted/mean:-1.0 - timing_s/agent_loop/generate_sequences/min:0.7256631013005972 - timing_s/agent_loop/generate_sequences/max:2.0261353282257915 - timing_s/agent_loop/generate_sequences/mean:1.3642681223354884 - timing_s/agent_loop/tool_calls/min:0.0 - timing_s/agent_loop/tool_calls/max:0.0 - timing_s/agent_loop/tool_calls/mean:0.0 - timing_s/agent_loop/compute_score/min:0.0035155359655618668 - timing_s/agent_loop/compute_score/max:0.012798205949366093 - timing_s/agent_loop/compute_score/mean:0.005472467855724972 - timing_s/agent_loop/slowest/generate_sequences:2.0261353282257915 - timing_s/agent_loop/slowest/tool_calls:0.0 - timing_s/agent_loop/slowest/compute_score:0.005722213536500931 - timing_s/agent_loop/slowest/num_preempted:-1 - timing_s/agent_loop/slowest/prompt_length:161 - timing_s/agent_loop/slowest/response_length:512 - timing_s/gen:2.5976391872391105 - timing_s/reward:1.601036638021469e-05 - timing_s/old_log_prob:0.8318599099293351 - timing_s/ref:2.3365204138681293 - timing_s/adv:0.0034429170191287994 - timing_s/update_actor:2.711995576508343 - timing_s/update_weights:0.8626215904951096 - timing_s/step:9.393556874245405 - timing_s/stop_profile:8.553825318813324e-05 - timing_per_token_ms/ref:0.04518770019278104 - timing_per_token_ms/gen:0.06775448465633195 - timing_per_token_ms/update_actor:0.05244929267813533 - timing_per_token_ms/adv:6.658512424098863e-05 - perf/total_num_tokens:51707 - perf/time_per_step:9.393556874245405 - perf/throughput:5504.517691457921
[36m(TaskRunner pid=776037)[0m step:32 - global_seqlen/min:51055 - global_seqlen/max:51055 - global_seqlen/minmax_diff:0 - global_seqlen/balanced_min:51055 - global_seqlen/balanced_max:51055 - global_seqlen/mean:51055.0 - actor/entropy:0.1544203907251358 - perf/mfu/actor_infer:0.248390332554729 - actor/pg_clipfrac:0.0003408520406082971 - actor/ppo_kl:-9.283098825108027e-05 - actor/pg_clipfrac_lower:0.0 - actor/pg_loss:0.01667255681240931 - actor/kl_loss:0.005304811900714412 - actor/kl_coef:0.001 - actor/loss:0.016677863895893097 - actor/grad_norm:0.5466183423995972 - actor/perf/max_memory_allocated_gb:29.571680545806885 - actor/perf/max_memory_reserved_gb:41.162109375 - actor/perf/cpu_memory_used_gb:26.533504486083984 - actor/lr:1e-06 - perf/mfu/actor:0.21540417867077963 - training/global_step:32 - training/epoch:0 - critic/score/mean:0.859375 - critic/score/max:1.0 - critic/score/min:0.0 - critic/rewards/mean:0.859375 - critic/rewards/max:1.0 - critic/rewards/min:0.0 - critic/advantages/mean:-0.01690644957125187 - critic/advantages/max:0.7245674133300781 - critic/advantages/min:-2.4748666286468506 - critic/returns/mean:-0.01690644957125187 - critic/returns/max:0.7245674133300781 - critic/returns/min:-2.4748666286468506 - response_length/mean:295.2421875 - response_length/max:512.0 - response_length/min:115.0 - response_length/clip_ratio:0.0234375 - response_length_non_aborted/mean:295.2421875 - response_length_non_aborted/max:512.0 - response_length_non_aborted/min:115.0 - response_length_non_aborted/clip_ratio:0.0234375 - response/aborted_ratio:0.0 - prompt_length/mean:103.625 - prompt_length/max:117.0 - prompt_length/min:85.0 - prompt_length/clip_ratio:0.0 - num_turns/min:2 - num_turns/max:2 - num_turns/mean:2.0 - timing_s/start_profile:7.536914199590683e-05 - timing_s/agent_loop/num_preempted/min:-1 - timing_s/agent_loop/num_preempted/max:-1 - timing_s/agent_loop/num_preempted/mean:-1.0 - timing_s/agent_loop/generate_sequences/min:0.5873484946787357 - timing_s/agent_loop/generate_sequences/max:1.9948007026687264 - timing_s/agent_loop/generate_sequences/mean:1.3262915315353894 - timing_s/agent_loop/tool_calls/min:0.0 - timing_s/agent_loop/tool_calls/max:0.0 - timing_s/agent_loop/tool_calls/mean:0.0 - timing_s/agent_loop/compute_score/min:0.0037983031943440437 - timing_s/agent_loop/compute_score/max:0.00915320124477148 - timing_s/agent_loop/compute_score/mean:0.005384198360843584 - timing_s/agent_loop/slowest/generate_sequences:1.9948007026687264 - timing_s/agent_loop/slowest/tool_calls:0.0 - timing_s/agent_loop/slowest/compute_score:0.00555676594376564 - timing_s/agent_loop/slowest/num_preempted:-1 - timing_s/agent_loop/slowest/prompt_length:110 - timing_s/agent_loop/slowest/response_length:512 - timing_s/gen:2.558950202539563 - timing_s/reward:1.6110017895698547e-05 - timing_s/old_log_prob:0.8293977128341794 - timing_s/ref:2.3333421954885125 - timing_s/adv:0.0034947460517287254 - timing_s/update_actor:2.7009120248258114 - timing_s/update_weights:0.8625166416168213 - timing_s/step:9.337663317099214 - timing_s/stop_profile:8.127931505441666e-05 - timing_per_token_ms/ref:0.045702520722524974 - timing_per_token_ms/gen:0.06771321749992229 - timing_per_token_ms/update_actor:0.0529020081250771 - timing_per_token_ms/adv:6.845061309820244e-05 - perf/total_num_tokens:51055 - perf/time_per_step:9.337663317099214 - perf/throughput:5467.64198560336
[36m(WorkerDict pid=776530)[0m INFO:2026-07-25 14:01:00,530:update_weights done, time cost: 0.45s
[36m(TaskRunner pid=776037)[0m Training Progress:  17%|█▋        | 34/200 [06:05<26:15,  9.49s/it]
[36m(WorkerDict pid=776530)[0m INFO:2026-07-25 14:01:10,072:update_weights done, time cost: 0.47s
[36m(TaskRunner pid=776037)[0m Training Progress:  18%|█▊        | 35/200 [06:14<26:08,  9.50s/it]
[36m(TaskRunner pid=776037)[0m step:33 - global_seqlen/min:52328 - global_seqlen/max:52328 - global_seqlen/minmax_diff:0 - global_seqlen/balanced_min:52328 - global_seqlen/balanced_max:52328 - global_seqlen/mean:52328.0 - actor/entropy:0.17534969747066498 - perf/mfu/actor_infer:0.25478933123540576 - actor/pg_clipfrac:0.00012115539902879391 - actor/ppo_kl:2.4708410592211294e-05 - actor/pg_clipfrac_lower:0.0 - actor/pg_loss:0.04886020300909877 - actor/kl_loss:0.005840813377290033 - actor/kl_coef:0.001 - actor/loss:0.04886604007333517 - actor/grad_norm:0.6535452902317047 - actor/perf/max_memory_allocated_gb:29.571680545806885 - actor/perf/max_memory_reserved_gb:41.162109375 - actor/perf/cpu_memory_used_gb:26.53799057006836 - actor/lr:1e-06 - perf/mfu/actor:0.22000198279272692 - training/global_step:33 - training/epoch:0 - critic/score/mean:0.8203125 - critic/score/max:1.0 - critic/score/min:0.0 - critic/rewards/mean:0.8203125 - critic/rewards/max:1.0 - critic/rewards/min:0.0 - critic/advantages/mean:-0.04863899573683739 - critic/advantages/max:0.935412585735321 - critic/advantages/min:-2.4748666286468506 - critic/returns/mean:-0.04863899573683739 - critic/returns/max:0.935412585735321 - critic/returns/min:-2.4748666286468506 - response_length/mean:308.6875 - response_length/max:512.0 - response_length/min:155.0 - response_length/clip_ratio:0.03125 - response_length_non_aborted/mean:308.6875 - response_length_non_aborted/max:512.0 - response_length_non_aborted/min:155.0 - response_length_non_aborted/clip_ratio:0.03125 - response/aborted_ratio:0.0 - prompt_length/mean:100.125 - prompt_length/max:124.0 - prompt_length/min:82.0 - prompt_length/clip_ratio:0.0 - num_turns/min:2 - num_turns/max:2 - num_turns/mean:2.0 - timing_s/start_profile:9.410921484231949e-05 - timing_s/agent_loop/num_preempted/min:-1 - timing_s/agent_loop/num_preempted/max:-1 - timing_s/agent_loop/num_preempted/mean:-1.0 - timing_s/agent_loop/generate_sequences/min:0.7591686956584454 - timing_s/agent_loop/generate_sequences/max:2.0175960808992386 - timing_s/agent_loop/generate_sequences/mean:1.3984430751152104 - timing_s/agent_loop/tool_calls/min:0.0 - timing_s/agent_loop/tool_calls/max:0.0 - timing_s/agent_loop/tool_calls/mean:0.0 - timing_s/agent_loop/compute_score/min:0.003669844940304756 - timing_s/agent_loop/compute_score/max:0.009922724217176437 - timing_s/agent_loop/compute_score/mean:0.00533547190570971 - timing_s/agent_loop/slowest/generate_sequences:2.0175960808992386 - timing_s/agent_loop/slowest/tool_calls:0.0 - timing_s/agent_loop/slowest/compute_score:0.0050666118040680885 - timing_s/agent_loop/slowest/num_preempted:-1 - timing_s/agent_loop/slowest/prompt_length:124 - timing_s/agent_loop/slowest/response_length:512 - timing_s/gen:2.580024618655443 - timing_s/reward:1.71000137925148e-05 - timing_s/old_log_prob:0.8299625879153609 - timing_s/ref:2.337046197615564 - timing_s/adv:0.0035135559737682343 - timing_s/update_actor:3.0737729920074344 - timing_s/update_weights:0.8584656305611134 - timing_s/step:9.731601390056312 - timing_s/stop_profile:3.2749027013778687e-05 - timing_per_token_ms/ref:0.044661485201337024 - timing_per_token_ms/gen:0.06529724181654796 - timing_per_token_ms/update_actor:0.05874050206404668 - timing_per_token_ms/adv:6.714485502538286e-05 - perf/total_num_tokens:52328 - perf/time_per_step:9.731601390056312 - perf/throughput:5377.121185159558
[36m(TaskRunner pid=776037)[0m step:34 - global_seqlen/min:52816 - global_seqlen/max:52816 - global_seqlen/minmax_diff:0 - global_seqlen/balanced_min:52816 - global_seqlen/balanced_max:52816 - global_seqlen/mean:52816.0 - actor/entropy:0.1710745245218277 - perf/mfu/actor_infer:0.2517010630968129 - actor/pg_clipfrac:0.0003495966248010518 - actor/ppo_kl:-1.0835159287125862e-05 - actor/pg_clipfrac_lower:0.0 - actor/pg_loss:0.017547395429573953 - actor/kl_loss:0.00627376684860792 - actor/kl_coef:0.001 - actor/loss:0.0175536647439003 - actor/grad_norm:0.5972256660461426 - actor/perf/max_memory_allocated_gb:29.571680545806885 - actor/perf/max_memory_reserved_gb:41.162109375 - actor/perf/cpu_memory_used_gb:26.536495208740234 - actor/lr:1e-06 - perf/mfu/actor:0.21801954256441664 - training/global_step:34 - training/epoch:0 - critic/score/mean:0.8203125 - critic/score/max:1.0 - critic/score/min:0.0 - critic/rewards/mean:0.8203125 - critic/rewards/max:1.0 - critic/rewards/min:0.0 - critic/advantages/mean:-0.017004188150167465 - critic/advantages/max:2.4748666286468506 - critic/advantages/min:-2.4748666286468506 - critic/returns/mean:-0.017004188150167465 - critic/returns/max:2.4748666286468506 - critic/returns/min:-2.4748666286468506 - response_length/mean:306.5 - response_length/max:512.0 - response_length/min:125.0 - response_length/clip_ratio:0.078125 - response_length_non_aborted/mean:306.5 - response_length_non_aborted/max:512.0 - response_length_non_aborted/min:125.0 - response_length_non_aborted/clip_ratio:0.078125 - response/aborted_ratio:0.0 - prompt_length/mean:106.125 - prompt_length/max:215.0 - prompt_length/min:74.0 - prompt_length/clip_ratio:0.0 - num_turns/min:2 - num_turns/max:2 - num_turns/mean:2.0 - timing_s/start_profile:2.7609989047050476e-05 - timing_s/agent_loop/num_preempted/min:-1 - timing_s/agent_loop/num_preempted/max:-1 - timing_s/agent_loop/num_preempted/mean:-1.0 - timing_s/agent_loop/generate_sequences/min:0.5982000594958663 - timing_s/agent_loop/generate_sequences/max:2.0485823014751077 - timing_s/agent_loop/generate_sequences/mean:1.3757908055413282 - timing_s/agent_loop/tool_calls/min:0.0 - timing_s/agent_loop/tool_calls/max:0.0 - timing_s/agent_loop/tool_calls/mean:0.0 - timing_s/agent_loop/compute_score/min:0.004011861048638821 - timing_s/agent_loop/compute_score/max:0.02049083076417446 - timing_s/agent_loop/compute_score/mean:0.005735603750508744 - timing_s/agent_loop/slowest/generate_sequences:2.0485823014751077 - timing_s/agent_loop/slowest/tool_calls:0.0 - timing_s/agent_loop/slowest/compute_score:0.00500729214400053 - timing_s/agent_loop/slowest/num_preempted:-1 - timing_s/agent_loop/slowest/prompt_length:215 - timing_s/agent_loop/slowest/response_length:512 - timing_s/gen:2.61395266931504 - timing_s/reward:1.490022987127304e-05 - timing_s/old_log_prob:0.8466997658833861 - timing_s/ref:2.337342425249517 - timing_s/adv:0.0034459056332707405 - timing_s/update_actor:2.76186419185251 - timing_s/update_weights:0.8445645561441779 - timing_s/step:9.457331304438412 - timing_s/stop_profile:7.282011210918427e-05 - timing_per_token_ms/ref:0.04425443852714172 - timing_per_token_ms/gen:0.06662807578800571 - timing_per_token_ms/update_actor:0.052292187819079634 - timing_per_token_ms/adv:6.524359348058809e-05 - perf/total_num_tokens:52816 - perf/time_per_step:9.457331304438412 - perf/throughput:5584.662131399898
[36m(WorkerDict pid=776530)[0m INFO:2026-07-25 14:01:19,385:update_weights done, time cost: 0.46s
[36m(TaskRunner pid=776037)[0m Training Progress:  18%|█▊        | 36/200 [06:23<25:49,  9.45s/it]
[36m(WorkerDict pid=776530)[0m INFO:2026-07-25 14:01:28,863:update_weights done, time cost: 0.46s
[36m(TaskRunner pid=776037)[0m Training Progress:  18%|█▊        | 37/200 [06:33<25:41,  9.46s/it]
[36m(TaskRunner pid=776037)[0m step:35 - global_seqlen/min:55129 - global_seqlen/max:55129 - global_seqlen/minmax_diff:0 - global_seqlen/balanced_min:55129 - global_seqlen/balanced_max:55129 - global_seqlen/mean:55129.0 - actor/entropy:0.17312800884246826 - perf/mfu/actor_infer:0.25786058422339625 - actor/pg_clipfrac:0.0003055687939195195 - actor/ppo_kl:-3.922066957784409e-05 - actor/pg_clipfrac_lower:0.0 - actor/pg_loss:0.018128504045307636 - actor/kl_loss:0.006036889957613312 - actor/kl_coef:0.001 - actor/loss:0.01813453808426857 - actor/grad_norm:0.5031200796365738 - actor/perf/max_memory_allocated_gb:29.571680545806885 - actor/perf/max_memory_reserved_gb:41.203125 - actor/perf/cpu_memory_used_gb:26.55066680908203 - actor/lr:1e-06 - perf/mfu/actor:0.22426166451633234 - training/global_step:35 - training/epoch:0 - critic/score/mean:0.75 - critic/score/max:1.0 - critic/score/min:0.0 - critic/rewards/mean:0.75 - critic/rewards/max:1.0 - critic/rewards/min:0.0 - critic/advantages/mean:-0.018488360568881035 - critic/advantages/max:1.20761239528656 - critic/advantages/min:-2.4748666286468506 - critic/returns/mean:-0.018488360568881035 - critic/returns/max:1.20761239528656 - critic/returns/min:-2.4748666286468506 - response_length/mean:320.1953125 - response_length/max:512.0 - response_length/min:175.0 - response_length/clip_ratio:0.0546875 - response_length_non_aborted/mean:320.1953125 - response_length_non_aborted/max:512.0 - response_length_non_aborted/min:175.0 - response_length_non_aborted/clip_ratio:0.0546875 - response/aborted_ratio:0.0 - prompt_length/mean:110.5 - prompt_length/max:147.0 - prompt_length/min:82.0 - prompt_length/clip_ratio:0.0 - num_turns/min:2 - num_turns/max:2 - num_turns/mean:2.0 - timing_s/start_profile:7.562898099422455e-05 - timing_s/agent_loop/num_preempted/min:-1 - timing_s/agent_loop/num_preempted/max:-1 - timing_s/agent_loop/num_preempted/mean:-1.0 - timing_s/agent_loop/generate_sequences/min:0.9021156877279282 - timing_s/agent_loop/generate_sequences/max:2.055710311047733 - timing_s/agent_loop/generate_sequences/mean:1.453513692911656 - timing_s/agent_loop/tool_calls/min:0.0 - timing_s/agent_loop/tool_calls/max:0.0 - timing_s/agent_loop/tool_calls/mean:0.0 - timing_s/agent_loop/compute_score/min:0.003772643394768238 - timing_s/agent_loop/compute_score/max:0.01071571558713913 - timing_s/agent_loop/compute_score/mean:0.005528333262191154 - timing_s/agent_loop/slowest/generate_sequences:2.055710311047733 - timing_s/agent_loop/slowest/tool_calls:0.0 - timing_s/agent_loop/slowest/compute_score:0.005431448109447956 - timing_s/agent_loop/slowest/num_preempted:-1 - timing_s/agent_loop/slowest/prompt_length:139 - timing_s/agent_loop/slowest/response_length:512 - timing_s/gen:2.611177595332265 - timing_s/reward:1.5719793736934662e-05 - timing_s/old_log_prob:0.8614147016778588 - timing_s/ref:2.349065341986716 - timing_s/adv:0.003461887128651142 - timing_s/update_actor:2.8007252337411046 - timing_s/update_weights:0.8617233289405704 - timing_s/step:9.537388985976577 - timing_s/stop_profile:7.962994277477264e-05 - timing_per_token_ms/ref:0.04261033833348538 - timing_per_token_ms/gen:0.06371056716682359 - timing_per_token_ms/update_actor:0.050803120567053724 - timing_per_token_ms/adv:6.279611690128866e-05 - perf/total_num_tokens:55129 - perf/time_per_step:9.537388985976577 - perf/throughput:5780.303192106313
[36m(TaskRunner pid=776037)[0m step:36 - global_seqlen/min:51723 - global_seqlen/max:51723 - global_seqlen/minmax_diff:0 - global_seqlen/balanced_min:51723 - global_seqlen/balanced_max:51723 - global_seqlen/mean:51723.0 - actor/entropy:0.1564977616071701 - perf/mfu/actor_infer:0.25512294100297667 - actor/pg_clipfrac:0.00023121238154999446 - actor/ppo_kl:2.0083938693460368e-05 - actor/pg_clipfrac_lower:0.0 - actor/pg_loss:0.033547677274327725 - actor/kl_loss:0.006907585717272013 - actor/kl_coef:0.001 - actor/loss:0.03355458006262779 - actor/grad_norm:0.6821572482585907 - actor/perf/max_memory_allocated_gb:29.571680545806885 - actor/perf/max_memory_reserved_gb:41.203125 - actor/perf/cpu_memory_used_gb:26.54806137084961 - actor/lr:1e-06 - perf/mfu/actor:0.220232872063516 - training/global_step:36 - training/epoch:0 - critic/score/mean:0.859375 - critic/score/max:1.0 - critic/score/min:0.0 - critic/rewards/mean:0.859375 - critic/rewards/max:1.0 - critic/rewards/min:0.0 - critic/advantages/mean:-0.03397054970264435 - critic/advantages/max:0.935412585735321 - critic/advantages/min:-2.4748666286468506 - critic/returns/mean:-0.03397054970264435 - critic/returns/max:0.935412585735321 - critic/returns/min:-2.4748666286468506 - response_length/mean:299.7734375 - response_length/max:512.0 - response_length/min:159.0 - response_length/clip_ratio:0.0234375 - response_length_non_aborted/mean:299.7734375 - response_length_non_aborted/max:512.0 - response_length_non_aborted/min:159.0 - response_length_non_aborted/clip_ratio:0.0234375 - response/aborted_ratio:0.0 - prompt_length/mean:104.3125 - prompt_length/max:143.0 - prompt_length/min:79.0 - prompt_length/clip_ratio:0.0 - num_turns/min:2 - num_turns/max:2 - num_turns/mean:2.0 - timing_s/start_profile:7.569883018732071e-05 - timing_s/agent_loop/num_preempted/min:-1 - timing_s/agent_loop/num_preempted/max:-1 - timing_s/agent_loop/num_preempted/mean:-1.0 - timing_s/agent_loop/generate_sequences/min:0.8048126120120287 - timing_s/agent_loop/generate_sequences/max:1.9995469767600298 - timing_s/agent_loop/generate_sequences/mean:1.3826818872403237 - timing_s/agent_loop/tool_calls/min:0.0 - timing_s/agent_loop/tool_calls/max:0.0 - timing_s/agent_loop/tool_calls/mean:0.0 - timing_s/agent_loop/compute_score/min:0.003918741829693317 - timing_s/agent_loop/compute_score/max:0.011240780353546143 - timing_s/agent_loop/compute_score/mean:0.00541428268479649 - timing_s/agent_loop/slowest/generate_sequences:1.9995469767600298 - timing_s/agent_loop/slowest/tool_calls:0.0 - timing_s/agent_loop/slowest/compute_score:0.005954812280833721 - timing_s/agent_loop/slowest/num_preempted:-1 - timing_s/agent_loop/slowest/prompt_length:96 - timing_s/agent_loop/slowest/response_length:512 - timing_s/gen:2.5649700444191694 - timing_s/reward:1.5430152416229248e-05 - timing_s/old_log_prob:0.8205311903730035 - timing_s/ref:2.3359619099646807 - timing_s/adv:0.0034677572548389435 - timing_s/update_actor:2.680040266364813 - timing_s/update_weights:0.8550972836092114 - timing_s/step:9.309953426010907 - timing_s/stop_profile:8.811894804239273e-05 - timing_per_token_ms/ref:0.04516292384364172 - timing_per_token_ms/gen:0.06684657799950924 - timing_per_token_ms/update_actor:0.051815251751924925 - timing_per_token_ms/adv:6.70447819120883e-05 - perf/total_num_tokens:51723 - perf/time_per_step:9.309953426010907 - perf/throughput:5555.666890394109
[36m(WorkerDict pid=776530)[0m INFO:2026-07-25 14:01:38,405:update_weights done, time cost: 0.47s
[36m(TaskRunner pid=776037)[0m Training Progress:  19%|█▉        | 38/200 [06:42<25:36,  9.48s/it]
[36m(WorkerDict pid=776530)[0m INFO:2026-07-25 14:01:47,967:update_weights done, time cost: 0.46s
[36m(TaskRunner pid=776037)[0m Training Progress:  20%|█▉        | 39/200 [06:52<25:30,  9.51s/it]
[36m(TaskRunner pid=776037)[0m step:37 - global_seqlen/min:53071 - global_seqlen/max:53071 - global_seqlen/minmax_diff:0 - global_seqlen/balanced_min:53071 - global_seqlen/balanced_max:53071 - global_seqlen/mean:53071.0 - actor/entropy:0.1787409633398056 - perf/mfu/actor_infer:0.25436750971086225 - actor/pg_clipfrac:0.00032507178184459917 - actor/ppo_kl:-6.441184268624056e-05 - actor/pg_clipfrac_lower:0.0 - actor/pg_loss:0.01791804120875895 - actor/kl_loss:0.00794195057824254 - actor/kl_coef:0.001 - actor/loss:0.017925988882780075 - actor/grad_norm:0.6393158137798309 - actor/perf/max_memory_allocated_gb:29.571680545806885 - actor/perf/max_memory_reserved_gb:41.203125 - actor/perf/cpu_memory_used_gb:26.550426483154297 - actor/lr:1e-06 - perf/mfu/actor:0.21969422822346885 - training/global_step:37 - training/epoch:0 - critic/score/mean:0.7578125 - critic/score/max:1.0 - critic/score/min:0.0 - critic/rewards/mean:0.7578125 - critic/rewards/max:1.0 - critic/rewards/min:0.0 - critic/advantages/mean:-0.0182071290910244 - critic/advantages/max:2.4748666286468506 - critic/advantages/min:-2.4748666286468506 - critic/returns/mean:-0.0182071290910244 - critic/returns/max:2.4748666286468506 - critic/returns/min:-2.4748666286468506 - response_length/mean:310.4296875 - response_length/max:512.0 - response_length/min:145.0 - response_length/clip_ratio:0.0546875 - response_length_non_aborted/mean:310.4296875 - response_length_non_aborted/max:512.0 - response_length_non_aborted/min:145.0 - response_length_non_aborted/clip_ratio:0.0546875 - response/aborted_ratio:0.0 - prompt_length/mean:104.1875 - prompt_length/max:156.0 - prompt_length/min:81.0 - prompt_length/clip_ratio:0.0 - num_turns/min:2 - num_turns/max:2 - num_turns/mean:2.0 - timing_s/start_profile:7.471907883882523e-05 - timing_s/agent_loop/num_preempted/min:-1 - timing_s/agent_loop/num_preempted/max:-1 - timing_s/agent_loop/num_preempted/mean:-1.0 - timing_s/agent_loop/generate_sequences/min:0.7722349492833018 - timing_s/agent_loop/generate_sequences/max:2.088038418442011 - timing_s/agent_loop/generate_sequences/mean:1.4352718303052825 - timing_s/agent_loop/tool_calls/min:0.0 - timing_s/agent_loop/tool_calls/max:0.0 - timing_s/agent_loop/tool_calls/mean:0.0 - timing_s/agent_loop/compute_score/min:0.0035450151190161705 - timing_s/agent_loop/compute_score/max:0.013614377938210964 - timing_s/agent_loop/compute_score/mean:0.005395593143475708 - timing_s/agent_loop/slowest/generate_sequences:2.088038418442011 - timing_s/agent_loop/slowest/tool_calls:0.0 - timing_s/agent_loop/slowest/compute_score:0.0057317642495036125 - timing_s/agent_loop/slowest/num_preempted:-1 - timing_s/agent_loop/slowest/prompt_length:121 - timing_s/agent_loop/slowest/response_length:512 - timing_s/gen:2.6643915390595794 - timing_s/reward:1.0930001735687256e-05 - timing_s/old_log_prob:0.833909030072391 - timing_s/ref:2.3239145958796144 - timing_s/adv:0.0023677675053477287 - timing_s/update_actor:2.7440463546663523 - timing_s/update_weights:0.8669282281771302 - timing_s/step:9.481845926493406 - timing_s/stop_profile:8.157920092344284e-05 - timing_per_token_ms/ref:0.04378878475777005 - timing_per_token_ms/gen:0.06705402136805283 - timing_per_token_ms/update_actor:0.051705194073342356 - timing_per_token_ms/adv:4.461509120513517e-05 - perf/total_num_tokens:53071 - perf/time_per_step:9.481845926493406 - perf/throughput:5597.1168917344785
[36m(TaskRunner pid=776037)[0m step:38 - global_seqlen/min:54853 - global_seqlen/max:54853 - global_seqlen/minmax_diff:0 - global_seqlen/balanced_min:54853 - global_seqlen/balanced_max:54853 - global_seqlen/mean:54853.0 - actor/entropy:0.15468576550483704 - perf/mfu/actor_infer:0.26034483552500365 - actor/pg_clipfrac:9.738732660480309e-05 - actor/ppo_kl:5.1873345000785775e-05 - actor/pg_clipfrac_lower:0.0 - actor/pg_loss:0.015361177502200007 - actor/kl_loss:0.0075450584990903735 - actor/kl_coef:0.001 - actor/loss:0.015368725173175335 - actor/grad_norm:0.48681148886680603 - actor/perf/max_memory_allocated_gb:29.571680545806885 - actor/perf/max_memory_reserved_gb:41.203125 - actor/perf/cpu_memory_used_gb:26.56365203857422 - actor/lr:1e-06 - perf/mfu/actor:0.225567634926404 - training/global_step:38 - training/epoch:0 - critic/score/mean:0.84375 - critic/score/max:1.0 - critic/score/min:0.0 - critic/rewards/mean:0.84375 - critic/rewards/max:1.0 - critic/rewards/min:0.0 - critic/advantages/mean:-0.015963586047291756 - critic/advantages/max:2.4748666286468506 - critic/advantages/min:-2.4748666286468506 - critic/returns/mean:-0.015963586047291756 - critic/returns/max:2.4748666286468506 - critic/returns/min:-2.4748666286468506 - response_length/mean:320.2890625 - response_length/max:512.0 - response_length/min:135.0 - response_length/clip_ratio:0.078125 - response_length_non_aborted/mean:320.2890625 - response_length_non_aborted/max:512.0 - response_length_non_aborted/min:135.0 - response_length_non_aborted/clip_ratio:0.078125 - response/aborted_ratio:0.0 - prompt_length/mean:108.25 - prompt_length/max:138.0 - prompt_length/min:87.0 - prompt_length/clip_ratio:0.0 - num_turns/min:2 - num_turns/max:2 - num_turns/mean:2.0 - timing_s/start_profile:7.799826562404633e-05 - timing_s/agent_loop/num_preempted/min:-1 - timing_s/agent_loop/num_preempted/max:-1 - timing_s/agent_loop/num_preempted/mean:-1.0 - timing_s/agent_loop/generate_sequences/min:0.7098677046597004 - timing_s/agent_loop/generate_sequences/max:2.078181873075664 - timing_s/agent_loop/generate_sequences/mean:1.4580503883262281 - timing_s/agent_loop/tool_calls/min:0.0 - timing_s/agent_loop/tool_calls/max:0.0 - timing_s/agent_loop/tool_calls/mean:0.0 - timing_s/agent_loop/compute_score/min:0.0042143091559410095 - timing_s/agent_loop/compute_score/max:0.02325135376304388 - timing_s/agent_loop/compute_score/mean:0.006042121101927478 - timing_s/agent_loop/slowest/generate_sequences:2.078181873075664 - timing_s/agent_loop/slowest/tool_calls:0.0 - timing_s/agent_loop/slowest/compute_score:0.006672385148704052 - timing_s/agent_loop/slowest/num_preempted:-1 - timing_s/agent_loop/slowest/prompt_length:97 - timing_s/agent_loop/slowest/response_length:512 - timing_s/gen:2.648875399492681 - timing_s/reward:1.5618279576301575e-05 - timing_s/old_log_prob:0.8516338877379894 - timing_s/ref:2.3324642619118094 - timing_s/adv:0.0035015465691685677 - timing_s/update_actor:2.772421640343964 - timing_s/update_weights:0.8694564756006002 - timing_s/step:9.527794648893178 - timing_s/stop_profile:8.455850183963776e-05 - timing_per_token_ms/ref:0.04252209107818733 - timing_per_token_ms/gen:0.06461144472748448 - timing_per_token_ms/update_actor:0.05054275318294285 - timing_per_token_ms/adv:6.383509688018099e-05 - perf/total_num_tokens:54853 - perf/time_per_step:9.527794648893178 - perf/throughput:5757.1559863931525
[36m(WorkerDict pid=776530)[0m INFO:2026-07-25 14:01:57,478:update_weights done, time cost: 0.46s
[36m(TaskRunner pid=776037)[0m Training Progress:  20%|██        | 40/200 [07:01<25:20,  9.51s/it]
[36m(WorkerDict pid=776530)[0m INFO:2026-07-25 14:02:06,867:update_weights done, time cost: 0.48s
[36m(TaskRunner pid=776037)[0m Training Progress:  20%|██        | 41/200 [07:11<25:06,  9.47s/it]
[36m(TaskRunner pid=776037)[0m step:39 - global_seqlen/min:48548 - global_seqlen/max:48548 - global_seqlen/minmax_diff:0 - global_seqlen/balanced_min:48548 - global_seqlen/balanced_max:48548 - global_seqlen/mean:48548.0 - actor/entropy:0.16598518192768097 - perf/mfu/actor_infer:0.24522656706557458 - actor/pg_clipfrac:0.00030493142548948526 - actor/ppo_kl:-0.00012042926965705192 - actor/pg_clipfrac_lower:0.0 - actor/pg_loss:0.007915232974482933 - actor/kl_loss:0.008135498486808501 - actor/kl_coef:0.001 - actor/loss:0.007923368364572525 - actor/grad_norm:0.6195229291915894 - actor/perf/max_memory_allocated_gb:29.571680545806885 - actor/perf/max_memory_reserved_gb:41.203125 - actor/perf/cpu_memory_used_gb:26.566585540771484 - actor/lr:1e-06 - perf/mfu/actor:0.21116204157334006 - training/global_step:39 - training/epoch:0 - critic/score/mean:0.84375 - critic/score/max:1.0 - critic/score/min:0.0 - critic/rewards/mean:0.84375 - critic/rewards/max:1.0 - critic/rewards/min:0.0 - critic/advantages/mean:-0.008176371455192566 - critic/advantages/max:1.20761239528656 - critic/advantages/min:-2.4748666286468506 - critic/returns/mean:-0.008176371455192566 - critic/returns/max:1.20761239528656 - critic/returns/min:-2.4748666286468506 - response_length/mean:282.78125 - response_length/max:512.0 - response_length/min:126.0 - response_length/clip_ratio:0.015625 - response_length_non_aborted/mean:282.78125 - response_length_non_aborted/max:512.0 - response_length_non_aborted/min:126.0 - response_length_non_aborted/clip_ratio:0.015625 - response/aborted_ratio:0.0 - prompt_length/mean:96.5 - prompt_length/max:131.0 - prompt_length/min:75.0 - prompt_length/clip_ratio:0.0 - num_turns/min:2 - num_turns/max:2 - num_turns/mean:2.0 - timing_s/start_profile:7.950887084007263e-05 - timing_s/agent_loop/num_preempted/min:-1 - timing_s/agent_loop/num_preempted/max:-1 - timing_s/agent_loop/num_preempted/mean:-1.0 - timing_s/agent_loop/generate_sequences/min:0.6582890748977661 - timing_s/agent_loop/generate_sequences/max:1.9673998188227415 - timing_s/agent_loop/generate_sequences/mean:1.2823031026346143 - timing_s/agent_loop/tool_calls/min:0.0 - timing_s/agent_loop/tool_calls/max:0.0 - timing_s/agent_loop/tool_calls/mean:0.0 - timing_s/agent_loop/compute_score/min:0.003888702020049095 - timing_s/agent_loop/compute_score/max:0.009735474362969398 - timing_s/agent_loop/compute_score/mean:0.005322795746906195 - timing_s/agent_loop/slowest/generate_sequences:1.9673998188227415 - timing_s/agent_loop/slowest/tool_calls:0.0 - timing_s/agent_loop/slowest/compute_score:0.004664134234189987 - timing_s/agent_loop/slowest/num_preempted:-1 - timing_s/agent_loop/slowest/prompt_length:105 - timing_s/agent_loop/slowest/response_length:512 - timing_s/gen:2.5394125124439597 - timing_s/reward:1.532025635242462e-05 - timing_s/old_log_prob:1.1674014898017049 - timing_s/ref:2.3129808818921447 - timing_s/adv:0.003402506932616234 - timing_s/update_actor:2.624729993753135 - timing_s/update_weights:0.8584590507671237 - timing_s/step:9.55543092917651 - timing_s/stop_profile:8.447933942079544e-05 - timing_per_token_ms/ref:0.047643175452997955 - timing_per_token_ms/gen:0.07015726910277267 - timing_per_token_ms/update_actor:0.05406463693155506 - timing_per_token_ms/adv:7.008541922666708e-05 - perf/total_num_tokens:48548 - perf/time_per_step:9.55543092917651 - perf/throughput:5080.670914774106
[36m(TaskRunner pid=776037)[0m step:40 - global_seqlen/min:53841 - global_seqlen/max:53841 - global_seqlen/minmax_diff:0 - global_seqlen/balanced_min:53841 - global_seqlen/balanced_max:53841 - global_seqlen/mean:53841.0 - actor/entropy:0.19674482941627502 - perf/mfu/actor_infer:0.25494444749342543 - actor/pg_clipfrac:0.00011084928337368183 - actor/ppo_kl:4.005008555907352e-06 - actor/pg_clipfrac_lower:0.0 - actor/pg_loss:0.014668174204416573 - actor/kl_loss:0.006330241070827469 - actor/kl_coef:0.001 - actor/loss:0.014674507081508636 - actor/grad_norm:0.46962499618530273 - actor/perf/max_memory_allocated_gb:29.571680545806885 - actor/perf/max_memory_reserved_gb:41.203125 - actor/perf/cpu_memory_used_gb:26.56920623779297 - actor/lr:1e-06 - perf/mfu/actor:0.2210369075344179 - training/global_step:40 - training/epoch:0 - critic/score/mean:0.7421875 - critic/score/max:1.0 - critic/score/min:0.0 - critic/rewards/mean:0.7421875 - critic/rewards/max:1.0 - critic/rewards/min:0.0 - critic/advantages/mean:-0.014226008206605911 - critic/advantages/max:2.4748666286468506 - critic/advantages/min:-1.6201815605163574 - critic/returns/mean:-0.014226008206605911 - critic/returns/max:2.4748666286468506 - critic/returns/min:-1.6201815605163574 - response_length/mean:314.8203125 - response_length/max:512.0 - response_length/min:145.0 - response_length/clip_ratio:0.0859375 - response_length_non_aborted/mean:314.8203125 - response_length_non_aborted/max:512.0 - response_length_non_aborted/min:145.0 - response_length_non_aborted/clip_ratio:0.0859375 - response/aborted_ratio:0.0 - prompt_length/mean:105.8125 - prompt_length/max:151.0 - prompt_length/min:70.0 - prompt_length/clip_ratio:0.0 - num_turns/min:2 - num_turns/max:2 - num_turns/mean:2.0 - timing_s/start_profile:8.141901344060898e-05 - timing_s/agent_loop/num_preempted/min:-1 - timing_s/agent_loop/num_preempted/max:-1 - timing_s/agent_loop/num_preempted/mean:-1.0 - timing_s/agent_loop/generate_sequences/min:0.7284775041043758 - timing_s/agent_loop/generate_sequences/max:2.04867060855031 - timing_s/agent_loop/generate_sequences/mean:1.4056088820725563 - timing_s/agent_loop/tool_calls/min:0.0 - timing_s/agent_loop/tool_calls/max:0.0 - timing_s/agent_loop/tool_calls/mean:0.0 - timing_s/agent_loop/compute_score/min:0.003945372067391872 - timing_s/agent_loop/compute_score/max:0.020264542661607265 - timing_s/agent_loop/compute_score/mean:0.00580226891906932 - timing_s/agent_loop/slowest/generate_sequences:2.04867060855031 - timing_s/agent_loop/slowest/tool_calls:0.0 - timing_s/agent_loop/slowest/compute_score:0.0048933131620287895 - timing_s/agent_loop/slowest/num_preempted:-1 - timing_s/agent_loop/slowest/prompt_length:130 - timing_s/agent_loop/slowest/response_length:512 - timing_s/gen:2.6191739179193974 - timing_s/reward:1.6439706087112427e-05 - timing_s/old_log_prob:0.8514841394498944 - timing_s/ref:2.34334771707654 - timing_s/adv:0.00340056698769331 - timing_s/update_actor:2.7784965112805367 - timing_s/update_weights:0.8564036609604955 - timing_s/step:9.500636043027043 - timing_s/stop_profile:8.694920688867569e-05 - timing_per_token_ms/ref:0.04352348056456121 - timing_per_token_ms/gen:0.06499674710076178 - timing_per_token_ms/update_actor:0.05160558888728918 - timing_per_token_ms/adv:6.3159432174241e-05 - perf/total_num_tokens:53841 - perf/time_per_step:9.500636043027043 - perf/throughput:5667.094261495935
[36m(WorkerDict pid=776530)[0m INFO:2026-07-25 14:02:16,091:update_weights done, time cost: 0.45s
[36m(TaskRunner pid=776037)[0m Training Progress:  21%|██        | 42/200 [07:20<24:44,  9.40s/it]
[36m(WorkerDict pid=776530)[0m INFO:2026-07-25 14:02:25,464:update_weights done, time cost: 0.47s
[36m(TaskRunner pid=776037)[0m Training Progress:  22%|██▏       | 43/200 [07:29<24:34,  9.39s/it]
[36m(TaskRunner pid=776037)[0m step:41 - global_seqlen/min:52276 - global_seqlen/max:52276 - global_seqlen/minmax_diff:0 - global_seqlen/balanced_min:52276 - global_seqlen/balanced_max:52276 - global_seqlen/mean:52276.0 - actor/entropy:0.1380363553762436 - perf/mfu/actor_infer:0.2514033303490976 - actor/pg_clipfrac:7.103171810740605e-05 - actor/ppo_kl:-0.0001893255905542901 - actor/pg_clipfrac_lower:0.0 - actor/pg_loss:-0.001406620244779333 - actor/kl_loss:0.00776641457923688 - actor/kl_coef:0.001 - actor/loss:-0.0013988539576530457 - actor/grad_norm:0.43482160568237305 - actor/perf/max_memory_allocated_gb:29.571680545806885 - actor/perf/max_memory_reserved_gb:41.203125 - actor/perf/cpu_memory_used_gb:26.575441360473633 - actor/lr:1e-06 - perf/mfu/actor:0.2181816619983411 - training/global_step:41 - training/epoch:0 - critic/score/mean:0.828125 - critic/score/max:1.0 - critic/score/min:0.0 - critic/rewards/mean:0.828125 - critic/rewards/max:1.0 - critic/rewards/min:0.0 - critic/advantages/mean:0.001171675743535161 - critic/advantages/max:2.4748666286468506 - critic/advantages/min:-2.4748666286468506 - critic/returns/mean:0.001171675743535161 - critic/returns/max:2.4748666286468506 - critic/returns/min:-2.4748666286468506 - response_length/mean:309.53125 - response_length/max:512.0 - response_length/min:147.0 - response_length/clip_ratio:0.0625 - response_length_non_aborted/mean:309.53125 - response_length_non_aborted/max:512.0 - response_length_non_aborted/min:147.0 - response_length_non_aborted/clip_ratio:0.0625 - response/aborted_ratio:0.0 - prompt_length/mean:98.875 - prompt_length/max:147.0 - prompt_length/min:74.0 - prompt_length/clip_ratio:0.0 - num_turns/min:2 - num_turns/max:2 - num_turns/mean:2.0 - timing_s/start_profile:7.598847150802612e-05 - timing_s/agent_loop/num_preempted/min:-1 - timing_s/agent_loop/num_preempted/max:-1 - timing_s/agent_loop/num_preempted/mean:-1.0 - timing_s/agent_loop/generate_sequences/min:0.7008460322394967 - timing_s/agent_loop/generate_sequences/max:2.0179221080616117 - timing_s/agent_loop/generate_sequences/mean:1.3782024976680987 - timing_s/agent_loop/tool_calls/min:0.0 - timing_s/agent_loop/tool_calls/max:0.0 - timing_s/agent_loop/tool_calls/mean:0.0 - timing_s/agent_loop/compute_score/min:0.0038357721641659737 - timing_s/agent_loop/compute_score/max:0.013061633333563805 - timing_s/agent_loop/compute_score/mean:0.005459519648866262 - timing_s/agent_loop/slowest/generate_sequences:2.0179221080616117 - timing_s/agent_loop/slowest/tool_calls:0.0 - timing_s/agent_loop/slowest/compute_score:0.004693745635449886 - timing_s/agent_loop/slowest/num_preempted:-1 - timing_s/agent_loop/slowest/prompt_length:147 - timing_s/agent_loop/slowest/response_length:512 - timing_s/gen:2.5737587194889784 - timing_s/reward:1.4639459550380707e-05 - timing_s/old_log_prob:0.8328080391511321 - timing_s/ref:2.3237149277701974 - timing_s/adv:0.0034187566488981247 - timing_s/update_actor:2.7311558201909065 - timing_s/update_weights:0.8836101572960615 - timing_s/step:9.39618349634111 - timing_s/stop_profile:8.484907448291779e-05 - timing_per_token_ms/ref:0.04445089386659647 - timing_per_token_ms/gen:0.0649610984222357 - timing_per_token_ms/update_actor:0.052244927312550815 - timing_per_token_ms/adv:6.53982066129414e-05 - perf/total_num_tokens:52276 - perf/time_per_step:9.39618349634111 - perf/throughput:5563.535452490511
[36m(TaskRunner pid=776037)[0m step:42 - global_seqlen/min:49776 - global_seqlen/max:49776 - global_seqlen/minmax_diff:0 - global_seqlen/balanced_min:49776 - global_seqlen/balanced_max:49776 - global_seqlen/mean:49776.0 - actor/entropy:0.19676226377487183 - perf/mfu/actor_infer:0.24980470689144474 - actor/pg_clipfrac:5.513250653166324e-05 - actor/ppo_kl:-0.00010350992761232192 - actor/pg_clipfrac_lower:0.0 - actor/pg_loss:0.025865310453809798 - actor/kl_loss:0.007722604044829495 - actor/kl_coef:0.001 - actor/loss:0.02587303053587675 - actor/grad_norm:0.5042259246110916 - actor/perf/max_memory_allocated_gb:29.571680545806885 - actor/perf/max_memory_reserved_gb:41.203125 - actor/perf/cpu_memory_used_gb:26.577939987182617 - actor/lr:1e-06 - perf/mfu/actor:0.21436065745550653 - training/global_step:42 - training/epoch:0 - critic/score/mean:0.765625 - critic/score/max:1.0 - critic/score/min:0.0 - critic/rewards/mean:0.765625 - critic/rewards/max:1.0 - critic/rewards/min:0.0 - critic/advantages/mean:-0.0258370041847229 - critic/advantages/max:1.20761239528656 - critic/advantages/min:-2.4748666286468506 - critic/returns/mean:-0.0258370041847229 - critic/returns/max:1.20761239528656 - critic/returns/min:-2.4748666286468506 - response_length/mean:288.25 - response_length/max:512.0 - response_length/min:154.0 - response_length/clip_ratio:0.0234375 - response_length_non_aborted/mean:288.25 - response_length_non_aborted/max:512.0 - response_length_non_aborted/min:154.0 - response_length_non_aborted/clip_ratio:0.0234375 - response/aborted_ratio:0.0 - prompt_length/mean:100.625 - prompt_length/max:151.0 - prompt_length/min:69.0 - prompt_length/clip_ratio:0.0 - num_turns/min:2 - num_turns/max:2 - num_turns/mean:2.0 - timing_s/start_profile:8.258968591690063e-05 - timing_s/agent_loop/num_preempted/min:-1 - timing_s/agent_loop/num_preempted/max:-1 - timing_s/agent_loop/num_preempted/mean:-1.0 - timing_s/agent_loop/generate_sequences/min:0.7994496040046215 - timing_s/agent_loop/generate_sequences/max:1.962651476264 - timing_s/agent_loop/generate_sequences/mean:1.299028017107048 - timing_s/agent_loop/tool_calls/min:0.0 - timing_s/agent_loop/tool_calls/max:0.0 - timing_s/agent_loop/tool_calls/mean:0.0 - timing_s/agent_loop/compute_score/min:0.0038556624203920364 - timing_s/agent_loop/compute_score/max:0.011936764232814312 - timing_s/agent_loop/compute_score/mean:0.005483816450578161 - timing_s/agent_loop/slowest/generate_sequences:1.962651476264 - timing_s/agent_loop/slowest/tool_calls:0.0 - timing_s/agent_loop/slowest/compute_score:0.0049248915165662766 - timing_s/agent_loop/slowest/num_preempted:-1 - timing_s/agent_loop/slowest/prompt_length:104 - timing_s/agent_loop/slowest/response_length:512 - timing_s/gen:2.5216441452503204 - timing_s/reward:1.6169622540473938e-05 - timing_s/old_log_prob:0.8063002368435264 - timing_s/ref:2.3316394006833434 - timing_s/adv:0.003405757248401642 - timing_s/update_actor:2.6486553102731705 - timing_s/update_weights:0.8509169053286314 - timing_s/step:9.211532549932599 - timing_s/stop_profile:8.257944136857986e-05 - timing_per_token_ms/ref:0.046842643054551256 - timing_per_token_ms/gen:0.06834464834264746 - timing_per_token_ms/update_actor:0.05321149369722698 - timing_per_token_ms/adv:6.842167406785683e-05 - perf/total_num_tokens:49776 - perf/time_per_step:9.211532549932599 - perf/throughput:5403.6610879005375
[36m(WorkerDict pid=776530)[0m INFO:2026-07-25 14:02:34,667:update_weights done, time cost: 0.47s
[36m(TaskRunner pid=776037)[0m Training Progress:  22%|██▏       | 44/200 [07:39<24:16,  9.33s/it]
[36m(WorkerDict pid=776530)[0m INFO:2026-07-25 14:02:44,432:update_weights done, time cost: 0.45s
[36m(TaskRunner pid=776037)[0m Training Progress:  22%|██▎       | 45/200 [07:48<24:26,  9.46s/it]
[36m(TaskRunner pid=776037)[0m step:43 - global_seqlen/min:51832 - global_seqlen/max:51832 - global_seqlen/minmax_diff:0 - global_seqlen/balanced_min:51832 - global_seqlen/balanced_max:51832 - global_seqlen/mean:51832.0 - actor/entropy:0.1462886780500412 - perf/mfu/actor_infer:0.25350078524704595 - actor/pg_clipfrac:0.00018926703705801629 - actor/ppo_kl:7.568992714368505e-05 - actor/pg_clipfrac_lower:0.0 - actor/pg_loss:0.004712207592092454 - actor/kl_loss:0.008042182365898043 - actor/kl_coef:0.001 - actor/loss:0.0047202520072460175 - actor/grad_norm:0.5922324955463409 - actor/perf/max_memory_allocated_gb:29.571680545806885 - actor/perf/max_memory_reserved_gb:41.203125 - actor/perf/cpu_memory_used_gb:26.5749454498291 - actor/lr:1e-06 - perf/mfu/actor:0.21870389638786303 - training/global_step:43 - training/epoch:0 - critic/score/mean:0.84375 - critic/score/max:1.0 - critic/score/min:0.0 - critic/rewards/mean:0.84375 - critic/rewards/max:1.0 - critic/rewards/min:0.0 - critic/advantages/mean:-0.004779456648975611 - critic/advantages/max:1.20761239528656 - critic/advantages/min:-2.4748666286468506 - critic/returns/mean:-0.004779456648975611 - critic/returns/max:1.20761239528656 - critic/returns/min:-2.4748666286468506 - response_length/mean:303.4375 - response_length/max:512.0 - response_length/min:152.0 - response_length/clip_ratio:0.015625 - response_length_non_aborted/mean:303.4375 - response_length_non_aborted/max:512.0 - response_length_non_aborted/min:152.0 - response_length_non_aborted/clip_ratio:0.015625 - response/aborted_ratio:0.0 - prompt_length/mean:101.5 - prompt_length/max:144.0 - prompt_length/min:74.0 - prompt_length/clip_ratio:0.0 - num_turns/min:2 - num_turns/max:2 - num_turns/mean:2.0 - timing_s/start_profile:7.699895650148392e-05 - timing_s/agent_loop/num_preempted/min:-1 - timing_s/agent_loop/num_preempted/max:-1 - timing_s/agent_loop/num_preempted/mean:-1.0 - timing_s/agent_loop/generate_sequences/min:0.7901163250207901 - timing_s/agent_loop/generate_sequences/max:2.0149992061778903 - timing_s/agent_loop/generate_sequences/mean:1.397284972597845 - timing_s/agent_loop/tool_calls/min:0.0 - timing_s/agent_loop/tool_calls/max:0.0 - timing_s/agent_loop/tool_calls/mean:0.0 - timing_s/agent_loop/compute_score/min:0.0034581469371914864 - timing_s/agent_loop/compute_score/max:0.013787905685603619 - timing_s/agent_loop/compute_score/mean:0.005509989678103011 - timing_s/agent_loop/slowest/generate_sequences:2.0149992061778903 - timing_s/agent_loop/slowest/tool_calls:0.0 - timing_s/agent_loop/slowest/compute_score:0.0056871650740504265 - timing_s/agent_loop/slowest/num_preempted:-1 - timing_s/agent_loop/slowest/prompt_length:120 - timing_s/agent_loop/slowest/response_length:512 - timing_s/gen:2.5777208898216486 - timing_s/reward:2.2700056433677673e-05 - timing_s/old_log_prob:0.8249421566724777 - timing_s/ref:2.336612632498145 - timing_s/adv:0.0034602470695972443 - timing_s/update_actor:2.6988204838708043 - timing_s/update_weights:0.87373564299196 - timing_s/step:9.36902327183634 - timing_s/stop_profile:8.750893175601959e-05 - timing_per_token_ms/ref:0.045080503019334486 - timing_per_token_ms/gen:0.06636768511384265 - timing_per_token_ms/update_actor:0.05206861560176733 - timing_per_token_ms/adv:6.675889546220952e-05 - perf/total_num_tokens:51832 - perf/time_per_step:9.36902327183634 - perf/throughput:5532.273588839198
[36m(TaskRunner pid=776037)[0m step:44 - global_seqlen/min:48885 - global_seqlen/max:48885 - global_seqlen/minmax_diff:0 - global_seqlen/balanced_min:48885 - global_seqlen/balanced_max:48885 - global_seqlen/mean:48885.0 - actor/entropy:0.14199934899806976 - perf/mfu/actor_infer:0.2449323997059544 - actor/pg_clipfrac:0.000194382011613925 - actor/ppo_kl:4.25282307787711e-05 - actor/pg_clipfrac_lower:0.0 - actor/pg_loss:4.764906771015376e-05 - actor/kl_loss:0.00850099656963721 - actor/kl_coef:0.001 - actor/loss:5.615083500742912e-05 - actor/grad_norm:0.43481746315956116 - actor/perf/max_memory_allocated_gb:29.571680545806885 - actor/perf/max_memory_reserved_gb:41.203125 - actor/perf/cpu_memory_used_gb:26.58739471435547 - actor/lr:1e-06 - perf/mfu/actor:0.21172136879194342 - training/global_step:44 - training/epoch:0 - critic/score/mean:0.8203125 - critic/score/max:1.0 - critic/score/min:0.0 - critic/rewards/mean:0.8203125 - critic/rewards/max:1.0 - critic/rewards/min:0.0 - critic/advantages/mean:-2.631949246278964e-05 - critic/advantages/max:0.5400605201721191 - critic/advantages/min:-2.4748666286468506 - critic/returns/mean:-2.631949246278964e-05 - critic/returns/max:0.5400605201721191 - critic/returns/min:-2.4748666286468506 - response_length/mean:281.1640625 - response_length/max:512.0 - response_length/min:134.0 - response_length/clip_ratio:0.046875 - response_length_non_aborted/mean:281.1640625 - response_length_non_aborted/max:512.0 - response_length_non_aborted/min:134.0 - response_length_non_aborted/clip_ratio:0.046875 - response/aborted_ratio:0.0 - prompt_length/mean:100.75 - prompt_length/max:138.0 - prompt_length/min:77.0 - prompt_length/clip_ratio:0.0 - num_turns/min:2 - num_turns/max:2 - num_turns/mean:2.0 - timing_s/start_profile:7.956940680742264e-05 - timing_s/agent_loop/num_preempted/min:-1 - timing_s/agent_loop/num_preempted/max:-1 - timing_s/agent_loop/num_preempted/mean:-1.0 - timing_s/agent_loop/generate_sequences/min:0.6449031559750438 - timing_s/agent_loop/generate_sequences/max:1.9468134492635727 - timing_s/agent_loop/generate_sequences/mean:1.2489910609874642 - timing_s/agent_loop/tool_calls/min:0.0 - timing_s/agent_loop/tool_calls/max:0.0 - timing_s/agent_loop/tool_calls/mean:0.0 - timing_s/agent_loop/compute_score/min:0.003968561068177223 - timing_s/agent_loop/compute_score/max:0.012475439347326756 - timing_s/agent_loop/compute_score/mean:0.005333005414286163 - timing_s/agent_loop/slowest/generate_sequences:1.9468134492635727 - timing_s/agent_loop/slowest/tool_calls:0.0 - timing_s/agent_loop/slowest/compute_score:0.005509026348590851 - timing_s/agent_loop/slowest/num_preempted:-1 - timing_s/agent_loop/slowest/prompt_length:99 - timing_s/agent_loop/slowest/response_length:512 - timing_s/gen:2.506605811417103 - timing_s/reward:1.6598962247371674e-05 - timing_s/old_log_prob:0.8088524434715509 - timing_s/ref:2.3263260014355183 - timing_s/adv:0.0034218057990074158 - timing_s/update_actor:2.6362036215141416 - timing_s/update_weights:0.8643813030794263 - timing_s/step:9.195114070549607 - timing_s/stop_profile:7.699988782405853e-05 - timing_per_token_ms/ref:0.047587726325775154 - timing_per_token_ms/gen:0.06964922091242054 - timing_per_token_ms/update_actor:0.053926636422504684 - timing_per_token_ms/adv:6.999705019959939e-05 - perf/total_num_tokens:48885 - perf/time_per_step:9.195114070549607 - perf/throughput:5316.410391967879
[36m(WorkerDict pid=776530)[0m INFO:2026-07-25 14:02:53,795:update_weights done, time cost: 0.47s
[36m(TaskRunner pid=776037)[0m Training Progress:  23%|██▎       | 46/200 [07:58<24:12,  9.43s/it]
[36m(WorkerDict pid=776530)[0m INFO:2026-07-25 14:03:03,107:update_weights done, time cost: 0.47s
[36m(TaskRunner pid=776037)[0m Training Progress:  24%|██▎       | 47/200 [08:07<23:57,  9.40s/it]
[36m(TaskRunner pid=776037)[0m step:45 - global_seqlen/min:52622 - global_seqlen/max:52622 - global_seqlen/minmax_diff:0 - global_seqlen/balanced_min:52622 - global_seqlen/balanced_max:52622 - global_seqlen/mean:52622.0 - actor/entropy:0.14663998782634735 - perf/mfu/actor_infer:0.25617100012526756 - actor/pg_clipfrac:0.0005235186072241049 - actor/ppo_kl:4.7194787839544006e-05 - actor/pg_clipfrac_lower:0.0 - actor/pg_loss:0.034607469584443606 - actor/kl_loss:0.007543768384493887 - actor/kl_coef:0.001 - actor/loss:0.03461501561105251 - actor/grad_norm:0.6456989943981171 - actor/perf/max_memory_allocated_gb:29.571680545806885 - actor/perf/max_memory_reserved_gb:41.203125 - actor/perf/cpu_memory_used_gb:26.590431213378906 - actor/lr:1e-06 - perf/mfu/actor:0.22222226255195446 - training/global_step:45 - training/epoch:0 - critic/score/mean:0.859375 - critic/score/max:1.0 - critic/score/min:0.0 - critic/rewards/mean:0.859375 - critic/rewards/max:1.0 - critic/rewards/min:0.0 - critic/advantages/mean:-0.03457924723625183 - critic/advantages/max:0.935412585735321 - critic/advantages/min:-2.4748666286468506 - critic/returns/mean:-0.03457924723625183 - critic/returns/max:0.935412585735321 - critic/returns/min:-2.4748666286468506 - response_length/mean:310.796875 - response_length/max:512.0 - response_length/min:213.0 - response_length/clip_ratio:0.0078125 - response_length_non_aborted/mean:310.796875 - response_length_non_aborted/max:512.0 - response_length_non_aborted/min:213.0 - response_length_non_aborted/clip_ratio:0.0078125 - response/aborted_ratio:0.0 - prompt_length/mean:100.3125 - prompt_length/max:128.0 - prompt_length/min:79.0 - prompt_length/clip_ratio:0.0 - num_turns/min:2 - num_turns/max:2 - num_turns/mean:2.0 - timing_s/start_profile:7.664971053600311e-05 - timing_s/agent_loop/num_preempted/min:-1 - timing_s/agent_loop/num_preempted/max:-1 - timing_s/agent_loop/num_preempted/mean:-1.0 - timing_s/agent_loop/generate_sequences/min:1.0399751784279943 - timing_s/agent_loop/generate_sequences/max:2.0494707813486457 - timing_s/agent_loop/generate_sequences/mean:1.4589779914531391 - timing_s/agent_loop/tool_calls/min:0.0 - timing_s/agent_loop/tool_calls/max:0.0 - timing_s/agent_loop/tool_calls/mean:0.0 - timing_s/agent_loop/compute_score/min:0.0038128336891531944 - timing_s/agent_loop/compute_score/max:0.010429669171571732 - timing_s/agent_loop/compute_score/mean:0.005401923604949843 - timing_s/agent_loop/slowest/generate_sequences:2.0494707813486457 - timing_s/agent_loop/slowest/tool_calls:0.0 - timing_s/agent_loop/slowest/compute_score:0.006290668621659279 - timing_s/agent_loop/slowest/num_preempted:-1 - timing_s/agent_loop/slowest/prompt_length:105 - timing_s/agent_loop/slowest/response_length:512 - timing_s/gen:2.614975918084383 - timing_s/reward:1.635029911994934e-05 - timing_s/old_log_prob:1.218975248746574 - timing_s/ref:2.32256864849478 - timing_s/adv:0.0034019770100712776 - timing_s/update_actor:2.702907524071634 - timing_s/update_weights:0.8429547902196646 - timing_s/step:9.757757564075291 - timing_s/stop_profile:7.691886276006699e-05 - timing_per_token_ms/ref:0.04413683722577591 - timing_per_token_ms/gen:0.06573264084471327 - timing_per_token_ms/update_actor:0.051364591312980004 - timing_per_token_ms/adv:6.464932936929949e-05 - perf/total_num_tokens:52622 - perf/time_per_step:9.757757564075291 - perf/throughput:5392.837407001801
[36m(TaskRunner pid=776037)[0m step:46 - global_seqlen/min:52544 - global_seqlen/max:52544 - global_seqlen/minmax_diff:0 - global_seqlen/balanced_min:52544 - global_seqlen/balanced_max:52544 - global_seqlen/mean:52544.0 - actor/entropy:0.13651208579540253 - perf/mfu/actor_infer:0.25875693598879135 - actor/pg_clipfrac:0.00020266425781301223 - actor/ppo_kl:1.461330487018131e-05 - actor/pg_clipfrac_lower:0.0 - actor/pg_loss:0.012871889281086624 - actor/kl_loss:0.008797232731012627 - actor/kl_coef:0.001 - actor/loss:0.012880686670541763 - actor/grad_norm:0.5362633168697357 - actor/perf/max_memory_allocated_gb:29.571680545806885 - actor/perf/max_memory_reserved_gb:41.203125 - actor/perf/cpu_memory_used_gb:26.594036102294922 - actor/lr:1e-06 - perf/mfu/actor:0.2222210154687007 - training/global_step:46 - training/epoch:0 - critic/score/mean:0.796875 - critic/score/max:1.0 - critic/score/min:0.0 - critic/rewards/mean:0.796875 - critic/rewards/max:1.0 - critic/rewards/min:0.0 - critic/advantages/mean:-0.012595316395163536 - critic/advantages/max:1.6201815605163574 - critic/advantages/min:-2.4748666286468506 - critic/returns/mean:-0.012595316395163536 - critic/returns/max:1.6201815605163574 - critic/returns/min:-2.4748666286468506 - response_length/mean:304.5625 - response_length/max:512.0 - response_length/min:179.0 - response_length/clip_ratio:0.0078125 - response_length_non_aborted/mean:304.5625 - response_length_non_aborted/max:512.0 - response_length_non_aborted/min:179.0 - response_length_non_aborted/clip_ratio:0.0078125 - response/aborted_ratio:0.0 - prompt_length/mean:105.9375 - prompt_length/max:140.0 - prompt_length/min:77.0 - prompt_length/clip_ratio:0.0 - num_turns/min:2 - num_turns/max:2 - num_turns/mean:2.0 - timing_s/start_profile:8.022971451282501e-05 - timing_s/agent_loop/num_preempted/min:-1 - timing_s/agent_loop/num_preempted/max:-1 - timing_s/agent_loop/num_preempted/mean:-1.0 - timing_s/agent_loop/generate_sequences/min:0.8717015031725168 - timing_s/agent_loop/generate_sequences/max:2.0241351164877415 - timing_s/agent_loop/generate_sequences/mean:1.422366761151352 - timing_s/agent_loop/tool_calls/min:0.0 - timing_s/agent_loop/tool_calls/max:0.0 - timing_s/agent_loop/tool_calls/mean:0.0 - timing_s/agent_loop/compute_score/min:0.003966242074966431 - timing_s/agent_loop/compute_score/max:0.011033683083951473 - timing_s/agent_loop/compute_score/mean:0.00544344413356157 - timing_s/agent_loop/slowest/generate_sequences:2.0241351164877415 - timing_s/agent_loop/slowest/tool_calls:0.0 - timing_s/agent_loop/slowest/compute_score:0.005318008363246918 - timing_s/agent_loop/slowest/num_preempted:-1 - timing_s/agent_loop/slowest/prompt_length:83 - timing_s/agent_loop/slowest/response_length:512 - timing_s/gen:2.588868962600827 - timing_s/reward:1.631956547498703e-05 - timing_s/old_log_prob:0.8225517198443413 - timing_s/ref:2.3367817709222436 - timing_s/adv:0.003445487469434738 - timing_s/update_actor:2.6964107481762767 - timing_s/update_weights:0.8635663110762835 - timing_s/step:9.360454322770238 - timing_s/stop_profile:7.734913378953934e-05 - timing_per_token_ms/ref:0.04447285648070652 - timing_per_token_ms/gen:0.06640849996410905 - timing_per_token_ms/update_actor:0.05131719602954241 - timing_per_token_ms/adv:6.557337601695224e-05 - perf/total_num_tokens:52544 - perf/time_per_step:9.360454322770238 - perf/throughput:5613.402746080549
[36m(WorkerDict pid=776530)[0m INFO:2026-07-25 14:03:12,212:update_weights done, time cost: 0.47s
[36m(TaskRunner pid=776037)[0m Training Progress:  24%|██▍       | 48/200 [08:16<23:35,  9.31s/it]
[36m(WorkerDict pid=776530)[0m INFO:2026-07-25 14:03:21,445:update_weights done, time cost: 0.47s
[36m(TaskRunner pid=776037)[0m Training Progress:  24%|██▍       | 49/200 [08:25<23:22,  9.29s/it]
[36m(TaskRunner pid=776037)[0m step:47 - global_seqlen/min:49893 - global_seqlen/max:49893 - global_seqlen/minmax_diff:0 - global_seqlen/balanced_min:49893 - global_seqlen/balanced_max:49893 - global_seqlen/mean:49893.0 - actor/entropy:0.1672193557024002 - perf/mfu/actor_infer:0.24883708296075369 - actor/pg_clipfrac:0.00016121391490742099 - actor/ppo_kl:-5.884289544155763e-05 - actor/pg_clipfrac_lower:0.0 - actor/pg_loss:0.020792623909073882 - actor/kl_loss:0.010570292768534273 - actor/kl_coef:0.001 - actor/loss:0.02080320194363594 - actor/grad_norm:0.6569471061229706 - actor/perf/max_memory_allocated_gb:29.571680545806885 - actor/perf/max_memory_reserved_gb:41.203125 - actor/perf/cpu_memory_used_gb:26.56002426147461 - actor/lr:1e-06 - perf/mfu/actor:0.21435142493191534 - training/global_step:47 - training/epoch:0 - critic/score/mean:0.7890625 - critic/score/max:1.0 - critic/score/min:0.0 - critic/rewards/mean:0.7890625 - critic/rewards/max:1.0 - critic/rewards/min:0.0 - critic/advantages/mean:-0.021192112937569618 - critic/advantages/max:2.4748666286468506 - critic/advantages/min:-2.4748666286468506 - critic/returns/mean:-0.021192112937569618 - critic/returns/max:2.4748666286468506 - critic/returns/min:-2.4748666286468506 - response_length/mean:292.8515625 - response_length/max:512.0 - response_length/min:135.0 - response_length/clip_ratio:0.015625 - response_length_non_aborted/mean:292.8515625 - response_length_non_aborted/max:512.0 - response_length_non_aborted/min:135.0 - response_length_non_aborted/clip_ratio:0.015625 - response/aborted_ratio:0.0 - prompt_length/mean:96.9375 - prompt_length/max:124.0 - prompt_length/min:78.0 - prompt_length/clip_ratio:0.0 - num_turns/min:2 - num_turns/max:2 - num_turns/mean:2.0 - timing_s/start_profile:7.641874253749847e-05 - timing_s/agent_loop/num_preempted/min:-1 - timing_s/agent_loop/num_preempted/max:-1 - timing_s/agent_loop/num_preempted/mean:-1.0 - timing_s/agent_loop/generate_sequences/min:0.7291464572772384 - timing_s/agent_loop/generate_sequences/max:2.0271060690283775 - timing_s/agent_loop/generate_sequences/mean:1.3840147444352624 - timing_s/agent_loop/tool_calls/min:0.0 - timing_s/agent_loop/tool_calls/max:0.0 - timing_s/agent_loop/tool_calls/mean:0.0 - timing_s/agent_loop/compute_score/min:0.0030038105323910713 - timing_s/agent_loop/compute_score/max:0.010255950503051281 - timing_s/agent_loop/compute_score/mean:0.005240142665570602 - timing_s/agent_loop/slowest/generate_sequences:2.0271060690283775 - timing_s/agent_loop/slowest/tool_calls:0.0 - timing_s/agent_loop/slowest/compute_score:0.004912322387099266 - timing_s/agent_loop/slowest/num_preempted:-1 - timing_s/agent_loop/slowest/prompt_length:100 - timing_s/agent_loop/slowest/response_length:512 - timing_s/gen:2.5846913727000356 - timing_s/reward:1.6099773347377777e-05 - timing_s/old_log_prob:0.8113077990710735 - timing_s/ref:2.3332820553332567 - timing_s/adv:0.0034246165305376053 - timing_s/update_actor:2.6553995460271835 - timing_s/update_weights:0.8728169109672308 - timing_s/step:9.312245602719486 - timing_s/stop_profile:8.749030530452728e-05 - timing_per_token_ms/ref:0.04676571974692355 - timing_per_token_ms/gen:0.06895268434573924 - timing_per_token_ms/update_actor:0.05322188575606164 - timing_per_token_ms/adv:6.863921853842433e-05 - perf/total_num_tokens:49893 - perf/time_per_step:9.312245602719486 - perf/throughput:5357.7839469171195
[36m(TaskRunner pid=776037)[0m step:48 - global_seqlen/min:46571 - global_seqlen/max:46571 - global_seqlen/minmax_diff:0 - global_seqlen/balanced_min:46571 - global_seqlen/balanced_max:46571 - global_seqlen/mean:46571.0 - actor/entropy:0.15038815140724182 - perf/mfu/actor_infer:0.2412433961742306 - actor/pg_clipfrac:0.00018312597603653558 - actor/ppo_kl:0.00012794414931249776 - actor/pg_clipfrac_lower:0.0 - actor/pg_loss:0.00883930642157793 - actor/kl_loss:0.01131774001987651 - actor/kl_coef:0.001 - actor/loss:0.008850622922182083 - actor/grad_norm:0.49947547912597656 - actor/perf/max_memory_allocated_gb:29.571680545806885 - actor/perf/max_memory_reserved_gb:41.203125 - actor/perf/cpu_memory_used_gb:26.588308334350586 - actor/lr:1e-06 - perf/mfu/actor:0.20665795940718856 - training/global_step:48 - training/epoch:0 - critic/score/mean:0.75 - critic/score/max:1.0 - critic/score/min:0.0 - critic/rewards/mean:0.75 - critic/rewards/max:1.0 - critic/rewards/min:0.0 - critic/advantages/mean:-0.008760873228311539 - critic/advantages/max:1.20761239528656 - critic/advantages/min:-2.4748666286468506 - critic/returns/mean:-0.008760873228311539 - critic/returns/max:1.20761239528656 - critic/returns/min:-2.4748666286468506 - response_length/mean:267.5859375 - response_length/max:512.0 - response_length/min:143.0 - response_length/clip_ratio:0.0078125 - response_length_non_aborted/mean:267.5859375 - response_length_non_aborted/max:512.0 - response_length_non_aborted/min:143.0 - response_length_non_aborted/clip_ratio:0.0078125 - response/aborted_ratio:0.0 - prompt_length/mean:96.25 - prompt_length/max:123.0 - prompt_length/min:70.0 - prompt_length/clip_ratio:0.0 - num_turns/min:2 - num_turns/max:2 - num_turns/mean:2.0 - timing_s/start_profile:8.145906031131744e-05 - timing_s/agent_loop/num_preempted/min:-1 - timing_s/agent_loop/num_preempted/max:-1 - timing_s/agent_loop/num_preempted/mean:-1.0 - timing_s/agent_loop/generate_sequences/min:0.7181589240208268 - timing_s/agent_loop/generate_sequences/max:1.9353755107149482 - timing_s/agent_loop/generate_sequences/mean:1.2433364607204567 - timing_s/agent_loop/tool_calls/min:0.0 - timing_s/agent_loop/tool_calls/max:0.0 - timing_s/agent_loop/tool_calls/mean:0.0 - timing_s/agent_loop/compute_score/min:0.003079179674386978 - timing_s/agent_loop/compute_score/max:0.009068291634321213 - timing_s/agent_loop/compute_score/mean:0.005209743219893426 - timing_s/agent_loop/slowest/generate_sequences:1.9353755107149482 - timing_s/agent_loop/slowest/tool_calls:0.0 - timing_s/agent_loop/slowest/compute_score:0.0056655146181583405 - timing_s/agent_loop/slowest/num_preempted:-1 - timing_s/agent_loop/slowest/prompt_length:70 - timing_s/agent_loop/slowest/response_length:512 - timing_s/gen:2.5091774966567755 - timing_s/reward:1.63298100233078e-05 - timing_s/old_log_prob:0.7846230389550328 - timing_s/ref:2.317837605252862 - timing_s/adv:0.002359917387366295 - timing_s/update_actor:2.567548619583249 - timing_s/update_weights:0.8667398104444146 - timing_s/step:9.097492507658899 - timing_s/stop_profile:7.982831448316574e-05 - timing_per_token_ms/ref:0.049769977137120995 - timing_per_token_ms/gen:0.07325851790186493 - timing_per_token_ms/update_actor:0.055131919425892705 - timing_per_token_ms/adv:5.067353905577065e-05 - perf/total_num_tokens:46571 - perf/time_per_step:9.097492507658899 - perf/throughput:5119.10286936684
[36m(WorkerDict pid=776530)[0m INFO:2026-07-25 14:03:30,837:update_weights done, time cost: 0.49s
[36m(TaskRunner pid=776037)[0m Training Progress:  25%|██▌       | 50/200 [08:35<23:17,  9.32s/it]
[36m(WorkerDict pid=776530)[0m INFO:2026-07-25 14:03:40,193:update_weights done, time cost: 0.46s
[36m(TaskRunner pid=776037)[0m Training Progress:  26%|██▌       | 51/200 [08:44<23:09,  9.33s/it]
[36m(TaskRunner pid=776037)[0m step:49 - global_seqlen/min:48891 - global_seqlen/max:48891 - global_seqlen/minmax_diff:0 - global_seqlen/balanced_min:48891 - global_seqlen/balanced_max:48891 - global_seqlen/mean:48891.0 - actor/entropy:0.17446479201316833 - perf/mfu/actor_infer:0.24622519106535048 - actor/pg_clipfrac:0.000322368650813587 - actor/ppo_kl:-2.689748959028293e-05 - actor/pg_clipfrac_lower:0.0 - actor/pg_loss:-0.0034519281471148133 - actor/kl_loss:0.009214702586177737 - actor/kl_coef:0.001 - actor/loss:-0.003442712128162384 - actor/grad_norm:0.665539026260376 - actor/perf/max_memory_allocated_gb:29.571680545806885 - actor/perf/max_memory_reserved_gb:41.203125 - actor/perf/cpu_memory_used_gb:26.603689193725586 - actor/lr:1e-06 - perf/mfu/actor:0.21196727818868086 - training/global_step:49 - training/epoch:0 - critic/score/mean:0.6796875 - critic/score/max:1.0 - critic/score/min:0.0 - critic/rewards/mean:0.6796875 - critic/rewards/max:1.0 - critic/rewards/min:0.0 - critic/advantages/mean:0.00437560398131609 - critic/advantages/max:2.4748666286468506 - critic/advantages/min:-2.4748666286468506 - critic/returns/mean:0.00437560398131609 - critic/returns/max:2.4748666286468506 - critic/returns/min:-2.4748666286468506 - response_length/mean:282.6484375 - response_length/max:512.0 - response_length/min:145.0 - response_length/clip_ratio:0.0234375 - response_length_non_aborted/mean:282.6484375 - response_length_non_aborted/max:512.0 - response_length_non_aborted/min:145.0 - response_length_non_aborted/clip_ratio:0.0234375 - response/aborted_ratio:0.0 - prompt_length/mean:99.3125 - prompt_length/max:147.0 - prompt_length/min:72.0 - prompt_length/clip_ratio:0.0 - num_turns/min:2 - num_turns/max:2 - num_turns/mean:2.0 - timing_s/start_profile:7.564853876829147e-05 - timing_s/agent_loop/num_preempted/min:-1 - timing_s/agent_loop/num_preempted/max:-1 - timing_s/agent_loop/num_preempted/mean:-1.0 - timing_s/agent_loop/generate_sequences/min:0.7594604631885886 - timing_s/agent_loop/generate_sequences/max:1.9687939155846834 - timing_s/agent_loop/generate_sequences/mean:1.2876767742418451 - timing_s/agent_loop/tool_calls/min:0.0 - timing_s/agent_loop/tool_calls/max:0.0 - timing_s/agent_loop/tool_calls/mean:0.0 - timing_s/agent_loop/compute_score/min:0.00392118189483881 - timing_s/agent_loop/compute_score/max:0.011298660188913345 - timing_s/agent_loop/compute_score/mean:0.0052587606842280366 - timing_s/agent_loop/slowest/generate_sequences:1.9687939155846834 - timing_s/agent_loop/slowest/tool_calls:0.0 - timing_s/agent_loop/slowest/compute_score:0.005262278951704502 - timing_s/agent_loop/slowest/num_preempted:-1 - timing_s/agent_loop/slowest/prompt_length:104 - timing_s/agent_loop/slowest/response_length:512 - timing_s/gen:2.5402090651914477 - timing_s/reward:1.6380101442337036e-05 - timing_s/old_log_prob:0.8058860907331109 - timing_s/ref:2.325124274007976 - timing_s/adv:0.0034239860251545906 - timing_s/update_actor:2.6333338199183345 - timing_s/update_weights:0.8798291236162186 - timing_s/step:9.236400527879596 - timing_s/stop_profile:8.227955549955368e-05 - timing_per_token_ms/ref:0.04755730653919896 - timing_per_token_ms/gen:0.07021225200230652 - timing_per_token_ms/update_actor:0.05386132048676309 - timing_per_token_ms/adv:7.003305363266431e-05 - perf/total_num_tokens:48891 - perf/time_per_step:9.236400527879596 - perf/throughput:5293.29578686254
[36m(TaskRunner pid=776037)[0m step:50 - global_seqlen/min:48094 - global_seqlen/max:48094 - global_seqlen/minmax_diff:0 - global_seqlen/balanced_min:48094 - global_seqlen/balanced_max:48094 - global_seqlen/mean:48094.0 - actor/entropy:0.11925943195819855 - perf/mfu/actor_infer:0.2464689579865824 - actor/pg_clipfrac:0.0004350017898104852 - actor/ppo_kl:-1.069022164301714e-05 - actor/pg_clipfrac_lower:0.0 - actor/pg_loss:0.009255916957044974 - actor/kl_loss:0.010645242320606485 - actor/kl_coef:0.001 - actor/loss:0.009266562759876251 - actor/grad_norm:0.6076425760984421 - actor/perf/max_memory_allocated_gb:29.571680545806885 - actor/perf/max_memory_reserved_gb:41.203125 - actor/perf/cpu_memory_used_gb:26.613628387451172 - actor/lr:1e-06 - perf/mfu/actor:0.21094905167825995 - training/global_step:50 - training/epoch:0 - critic/score/mean:0.890625 - critic/score/max:1.0 - critic/score/min:0.0 - critic/rewards/mean:0.890625 - critic/rewards/max:1.0 - critic/rewards/min:0.0 - critic/advantages/mean:-0.007568736094981432 - critic/advantages/max:0.935412585735321 - critic/advantages/min:-2.4748666286468506 - critic/returns/mean:-0.007568736094981432 - critic/returns/max:0.935412585735321 - critic/returns/min:-2.4748666286468506 - response_length/mean:278.984375 - response_length/max:446.0 - response_length/min:102.0 - response_length/clip_ratio:0.0 - response_length_non_aborted/mean:278.984375 - response_length_non_aborted/max:446.0 - response_length_non_aborted/min:102.0 - response_length_non_aborted/clip_ratio:0.0 - response/aborted_ratio:0.0 - prompt_length/mean:96.75 - prompt_length/max:137.0 - prompt_length/min:75.0 - prompt_length/clip_ratio:0.0 - num_turns/min:2 - num_turns/max:2 - num_turns/mean:2.0 - timing_s/start_profile:7.468927651643753e-05 - timing_s/agent_loop/num_preempted/min:-1 - timing_s/agent_loop/num_preempted/max:-1 - timing_s/agent_loop/num_preempted/mean:-1.0 - timing_s/agent_loop/generate_sequences/min:0.5196699528023601 - timing_s/agent_loop/generate_sequences/max:1.8009783243760467 - timing_s/agent_loop/generate_sequences/mean:1.2913241662754444 - timing_s/agent_loop/tool_calls/min:0.0 - timing_s/agent_loop/tool_calls/max:0.0 - timing_s/agent_loop/tool_calls/mean:0.0 - timing_s/agent_loop/compute_score/min:0.003763883374631405 - timing_s/agent_loop/compute_score/max:0.010341549292206764 - timing_s/agent_loop/compute_score/mean:0.005300320299284067 - timing_s/agent_loop/slowest/generate_sequences:1.8009783243760467 - timing_s/agent_loop/slowest/tool_calls:0.0 - timing_s/agent_loop/slowest/compute_score:0.005182050168514252 - timing_s/agent_loop/slowest/num_preempted:-1 - timing_s/agent_loop/slowest/prompt_length:118 - timing_s/agent_loop/slowest/response_length:446 - timing_s/gen:2.3697018614038825 - timing_s/reward:1.4909543097019196e-05 - timing_s/old_log_prob:0.7891208548098803 - timing_s/ref:2.703014482744038 - timing_s/adv:0.0014750147238373756 - timing_s/update_actor:2.577948547899723 - timing_s/update_weights:0.8945759395137429 - timing_s/step:9.38414008449763 - timing_s/stop_profile:7.50487670302391e-05 - timing_per_token_ms/ref:0.05620273802852826 - timing_per_token_ms/gen:0.06635961527314149 - timing_per_token_ms/update_actor:0.053602290262812886 - timing_per_token_ms/adv:3.0669412480504336e-05 - perf/total_num_tokens:48094 - perf/time_per_step:9.38414008449763 - perf/throughput:5125.030057836638
[36m(WorkerDict pid=776530)[0m INFO:2026-07-25 14:03:49,253:update_weights done, time cost: 0.46s
[36m(TaskRunner pid=776037)[0m Training Progress:  26%|██▌       | 52/200 [08:53<22:48,  9.25s/it]
[36m(WorkerDict pid=776530)[0m INFO:2026-07-25 14:03:58,580:update_weights done, time cost: 0.47s
[36m(TaskRunner pid=776037)[0m Training Progress:  26%|██▋       | 53/200 [09:03<22:42,  9.27s/it]
[36m(TaskRunner pid=776037)[0m step:51 - global_seqlen/min:50832 - global_seqlen/max:50832 - global_seqlen/minmax_diff:0 - global_seqlen/balanced_min:50832 - global_seqlen/balanced_max:50832 - global_seqlen/mean:50832.0 - actor/entropy:0.1434963047504425 - perf/mfu/actor_infer:0.24939552163930898 - actor/pg_clipfrac:0.00026225171131954994 - actor/ppo_kl:-5.004463582736207e-05 - actor/pg_clipfrac_lower:0.0 - actor/pg_loss:-0.0031812707893550396 - actor/kl_loss:0.009460669331019744 - actor/kl_coef:0.001 - actor/loss:-0.0031718090176582336 - actor/grad_norm:0.5519470572471619 - actor/perf/max_memory_allocated_gb:29.571680545806885 - actor/perf/max_memory_reserved_gb:41.203125 - actor/perf/cpu_memory_used_gb:26.61641502380371 - actor/lr:1e-06 - perf/mfu/actor:0.21477109672405087 - training/global_step:51 - training/epoch:0 - critic/score/mean:0.796875 - critic/score/max:1.0 - critic/score/min:0.0 - critic/rewards/mean:0.796875 - critic/rewards/max:1.0 - critic/rewards/min:0.0 - critic/advantages/mean:0.003220748621970415 - critic/advantages/max:2.4748666286468506 - critic/advantages/min:-2.4748666286468506 - critic/returns/mean:0.003220748621970415 - critic/returns/max:2.4748666286468506 - critic/returns/min:-2.4748666286468506 - response_length/mean:296.0625 - response_length/max:512.0 - response_length/min:124.0 - response_length/clip_ratio:0.03125 - response_length_non_aborted/mean:296.0625 - response_length_non_aborted/max:512.0 - response_length_non_aborted/min:124.0 - response_length_non_aborted/clip_ratio:0.03125 - response/aborted_ratio:0.0 - prompt_length/mean:101.0625 - prompt_length/max:137.0 - prompt_length/min:76.0 - prompt_length/clip_ratio:0.0 - num_turns/min:2 - num_turns/max:2 - num_turns/mean:2.0 - timing_s/start_profile:8.600857108831406e-05 - timing_s/agent_loop/num_preempted/min:-1 - timing_s/agent_loop/num_preempted/max:-1 - timing_s/agent_loop/num_preempted/mean:-1.0 - timing_s/agent_loop/generate_sequences/min:0.6577016608789563 - timing_s/agent_loop/generate_sequences/max:2.017875298857689 - timing_s/agent_loop/generate_sequences/mean:1.3561476405302528 - timing_s/agent_loop/tool_calls/min:0.0 - timing_s/agent_loop/tool_calls/max:0.0 - timing_s/agent_loop/tool_calls/mean:0.0 - timing_s/agent_loop/compute_score/min:0.003643774427473545 - timing_s/agent_loop/compute_score/max:0.013745436444878578 - timing_s/agent_loop/compute_score/mean:0.0052645638133981265 - timing_s/agent_loop/slowest/generate_sequences:2.017875298857689 - timing_s/agent_loop/slowest/tool_calls:0.0 - timing_s/agent_loop/slowest/compute_score:0.005749134346842766 - timing_s/agent_loop/slowest/num_preempted:-1 - timing_s/agent_loop/slowest/prompt_length:103 - timing_s/agent_loop/slowest/response_length:512 - timing_s/gen:2.597851554863155 - timing_s/reward:1.5269964933395386e-05 - timing_s/old_log_prob:0.8203430604189634 - timing_s/ref:2.3170520421117544 - timing_s/adv:0.003427877090871334 - timing_s/update_actor:2.698719324544072 - timing_s/update_weights:0.8551819724962115 - timing_s/step:9.341817994602025 - timing_s/stop_profile:7.746927440166473e-05 - timing_per_token_ms/ref:0.045582547255896964 - timing_per_token_ms/gen:0.06855213096007903 - timing_per_token_ms/update_actor:0.05309095303242194 - timing_per_token_ms/adv:6.743541648708165e-05 - perf/total_num_tokens:50832 - perf/time_per_step:9.341817994602025 - perf/throughput:5441.339151476963
[36m(TaskRunner pid=776037)[0m step:52 - global_seqlen/min:49031 - global_seqlen/max:49031 - global_seqlen/minmax_diff:0 - global_seqlen/balanced_min:49031 - global_seqlen/balanced_max:49031 - global_seqlen/mean:49031.0 - actor/entropy:0.13256745040416718 - perf/mfu/actor_infer:0.24937956561395913 - actor/pg_clipfrac:0.00030985700323071796 - actor/ppo_kl:-2.5933804863598198e-06 - actor/pg_clipfrac_lower:0.0 - actor/pg_loss:-0.005231671268120408 - actor/kl_loss:0.01030072380672209 - actor/kl_coef:0.001 - actor/loss:-0.005221370607614517 - actor/grad_norm:0.545860230922699 - actor/perf/max_memory_allocated_gb:29.571680545806885 - actor/perf/max_memory_reserved_gb:41.203125 - actor/perf/cpu_memory_used_gb:26.6189022064209 - actor/lr:1e-06 - perf/mfu/actor:0.21388170032156623 - training/global_step:52 - training/epoch:0 - critic/score/mean:0.859375 - critic/score/max:1.0 - critic/score/min:0.0 - critic/rewards/mean:0.859375 - critic/rewards/max:1.0 - critic/rewards/min:0.0 - critic/advantages/mean:0.005365705117583275 - critic/advantages/max:1.6201815605163574 - critic/advantages/min:-2.4748666286468506 - critic/returns/mean:0.005365705117583275 - critic/returns/max:1.6201815605163574 - critic/returns/min:-2.4748666286468506 - response_length/mean:278.9296875 - response_length/max:449.0 - response_length/min:168.0 - response_length/clip_ratio:0.0 - response_length_non_aborted/mean:278.9296875 - response_length_non_aborted/max:449.0 - response_length_non_aborted/min:168.0 - response_length_non_aborted/clip_ratio:0.0 - response/aborted_ratio:0.0 - prompt_length/mean:104.125 - prompt_length/max:146.0 - prompt_length/min:79.0 - prompt_length/clip_ratio:0.0 - num_turns/min:2 - num_turns/max:2 - num_turns/mean:2.0 - timing_s/start_profile:7.625948637723923e-05 - timing_s/agent_loop/num_preempted/min:-1 - timing_s/agent_loop/num_preempted/max:-1 - timing_s/agent_loop/num_preempted/mean:-1.0 - timing_s/agent_loop/generate_sequences/min:0.8207067064940929 - timing_s/agent_loop/generate_sequences/max:1.8250469723716378 - timing_s/agent_loop/generate_sequences/mean:1.317873867257731 - timing_s/agent_loop/tool_calls/min:0.0 - timing_s/agent_loop/tool_calls/max:0.0 - timing_s/agent_loop/tool_calls/mean:0.0 - timing_s/agent_loop/compute_score/min:0.003896561451256275 - timing_s/agent_loop/compute_score/max:0.017356840893626213 - timing_s/agent_loop/compute_score/mean:0.005355498768039979 - timing_s/agent_loop/slowest/generate_sequences:1.8250469723716378 - timing_s/agent_loop/slowest/tool_calls:0.0 - timing_s/agent_loop/slowest/compute_score:0.005614204332232475 - timing_s/agent_loop/slowest/num_preempted:-1 - timing_s/agent_loop/slowest/prompt_length:88 - timing_s/agent_loop/slowest/response_length:449 - timing_s/gen:2.4001375064253807 - timing_s/reward:1.5810132026672363e-05 - timing_s/old_log_prob:0.7954553235322237 - timing_s/ref:2.328586559742689 - timing_s/adv:0.003413996659219265 - timing_s/update_actor:2.6145517332479358 - timing_s/update_weights:0.8632974540814757 - timing_s/step:9.05447646509856 - timing_s/stop_profile:8.175987750291824e-05 - timing_per_token_ms/ref:0.04749212864805305 - timing_per_token_ms/gen:0.06722509330939642 - timing_per_token_ms/update_actor:0.05332446275311407 - timing_per_token_ms/adv:6.9629349987136e-05 - perf/total_num_tokens:49031 - perf/time_per_step:9.05447646509856 - perf/throughput:5415.111540572798
[36m(WorkerDict pid=776530)[0m INFO:2026-07-25 14:04:07,733:update_weights done, time cost: 0.47s
[36m(TaskRunner pid=776037)[0m Training Progress:  27%|██▋       | 54/200 [09:12<22:28,  9.24s/it]
[36m(WorkerDict pid=776530)[0m INFO:2026-07-25 14:04:16,929:update_weights done, time cost: 0.48s
[36m(TaskRunner pid=776037)[0m Training Progress:  28%|██▊       | 55/200 [09:21<22:17,  9.23s/it]
[36m(TaskRunner pid=776037)[0m step:53 - global_seqlen/min:51845 - global_seqlen/max:51845 - global_seqlen/minmax_diff:0 - global_seqlen/balanced_min:51845 - global_seqlen/balanced_max:51845 - global_seqlen/mean:51845.0 - actor/entropy:0.13368737697601318 - perf/mfu/actor_infer:0.2551092605905162 - actor/pg_clipfrac:0.0003823441657004878 - actor/ppo_kl:8.047810297284741e-05 - actor/pg_clipfrac_lower:0.0 - actor/pg_loss:0.004453552654013038 - actor/kl_loss:0.011981564108282328 - actor/kl_coef:0.001 - actor/loss:0.004465535283088684 - actor/grad_norm:0.6285853385925293 - actor/perf/max_memory_allocated_gb:29.571680545806885 - actor/perf/max_memory_reserved_gb:41.203125 - actor/perf/cpu_memory_used_gb:26.619951248168945 - actor/lr:1e-06 - perf/mfu/actor:0.21939184271970233 - training/global_step:53 - training/epoch:0 - critic/score/mean:0.8046875 - critic/score/max:1.0 - critic/score/min:0.0 - critic/rewards/mean:0.8046875 - critic/rewards/max:1.0 - critic/rewards/min:0.0 - critic/advantages/mean:-0.0047456203028559685 - critic/advantages/max:2.4748666286468506 - critic/advantages/min:-2.4748666286468506 - critic/returns/mean:-0.0047456203028559685 - critic/returns/max:2.4748666286468506 - critic/returns/min:-2.4748666286468506 - response_length/mean:291.7890625 - response_length/max:512.0 - response_length/min:156.0 - response_length/clip_ratio:0.0078125 - response_length_non_aborted/mean:291.7890625 - response_length_non_aborted/max:512.0 - response_length_non_aborted/min:156.0 - response_length_non_aborted/clip_ratio:0.0078125 - response/aborted_ratio:0.0 - prompt_length/mean:113.25 - prompt_length/max:162.0 - prompt_length/min:78.0 - prompt_length/clip_ratio:0.0 - num_turns/min:2 - num_turns/max:2 - num_turns/mean:2.0 - timing_s/start_profile:7.801037281751633e-05 - timing_s/agent_loop/num_preempted/min:-1 - timing_s/agent_loop/num_preempted/max:-1 - timing_s/agent_loop/num_preempted/mean:-1.0 - timing_s/agent_loop/generate_sequences/min:0.7461216114461422 - timing_s/agent_loop/generate_sequences/max:1.9814933622255921 - timing_s/agent_loop/generate_sequences/mean:1.3223651603111648 - timing_s/agent_loop/tool_calls/min:0.0 - timing_s/agent_loop/tool_calls/max:0.0 - timing_s/agent_loop/tool_calls/mean:0.0 - timing_s/agent_loop/compute_score/min:0.0037291543558239937 - timing_s/agent_loop/compute_score/max:0.013913185335695744 - timing_s/agent_loop/compute_score/mean:0.005310567939886823 - timing_s/agent_loop/slowest/generate_sequences:1.9814933622255921 - timing_s/agent_loop/slowest/tool_calls:0.0 - timing_s/agent_loop/slowest/compute_score:0.005933881737291813 - timing_s/agent_loop/slowest/num_preempted:-1 - timing_s/agent_loop/slowest/prompt_length:131 - timing_s/agent_loop/slowest/response_length:512 - timing_s/gen:2.542454822920263 - timing_s/reward:1.5710480511188507e-05 - timing_s/old_log_prob:0.821771876886487 - timing_s/ref:2.336413234472275 - timing_s/adv:0.003395216539502144 - timing_s/update_actor:2.6949279522523284 - timing_s/update_weights:0.8725007753819227 - timing_s/step:9.320409341715276 - timing_s/stop_profile:8.376035839319229e-05 - timing_per_token_ms/ref:0.04506535315791831 - timing_per_token_ms/gen:0.0680729021639204 - timing_per_token_ms/update_actor:0.05198047935678134 - timing_per_token_ms/adv:6.548782986791675e-05 - perf/total_num_tokens:51845 - perf/time_per_step:9.320409341715276 - perf/throughput:5562.523929926316
[36m(TaskRunner pid=776037)[0m step:54 - global_seqlen/min:48959 - global_seqlen/max:48959 - global_seqlen/minmax_diff:0 - global_seqlen/balanced_min:48959 - global_seqlen/balanced_max:48959 - global_seqlen/mean:48959.0 - actor/entropy:0.12936414778232574 - perf/mfu/actor_infer:0.24743674856515943 - actor/pg_clipfrac:0.00013635931645694654 - actor/ppo_kl:1.5239658978316584e-05 - actor/pg_clipfrac_lower:0.0 - actor/pg_loss:-0.018265302293002605 - actor/kl_loss:0.011627177067566663 - actor/kl_coef:0.001 - actor/loss:-0.018253675661981106 - actor/grad_norm:0.43286581337451935 - actor/perf/max_memory_allocated_gb:29.571680545806885 - actor/perf/max_memory_reserved_gb:41.203125 - actor/perf/cpu_memory_used_gb:26.631736755371094 - actor/lr:1e-06 - perf/mfu/actor:0.21278655840219968 - training/global_step:54 - training/epoch:0 - critic/score/mean:0.8203125 - critic/score/max:1.0 - critic/score/min:0.0 - critic/rewards/mean:0.8203125 - critic/rewards/max:1.0 - critic/rewards/min:0.0 - critic/advantages/mean:0.01817362755537033 - critic/advantages/max:1.20761239528656 - critic/advantages/min:-2.4748666286468506 - critic/returns/mean:0.01817362755537033 - critic/returns/max:1.20761239528656 - critic/returns/min:-2.4748666286468506 - response_length/mean:277.3671875 - response_length/max:508.0 - response_length/min:134.0 - response_length/clip_ratio:0.0 - response_length_non_aborted/mean:277.3671875 - response_length_non_aborted/max:508.0 - response_length_non_aborted/min:134.0 - response_length_non_aborted/clip_ratio:0.0 - response/aborted_ratio:0.0 - prompt_length/mean:105.125 - prompt_length/max:155.0 - prompt_length/min:83.0 - prompt_length/clip_ratio:0.0 - num_turns/min:2 - num_turns/max:2 - num_turns/mean:2.0 - timing_s/start_profile:8.035916835069656e-05 - timing_s/agent_loop/num_preempted/min:-1 - timing_s/agent_loop/num_preempted/max:-1 - timing_s/agent_loop/num_preempted/mean:-1.0 - timing_s/agent_loop/generate_sequences/min:0.6649927999824286 - timing_s/agent_loop/generate_sequences/max:1.9189081089571118 - timing_s/agent_loop/generate_sequences/mean:1.2544881024150527 - timing_s/agent_loop/tool_calls/min:0.0 - timing_s/agent_loop/tool_calls/max:0.0 - timing_s/agent_loop/tool_calls/mean:0.0 - timing_s/agent_loop/compute_score/min:0.0032806377857923508 - timing_s/agent_loop/compute_score/max:0.01306307315826416 - timing_s/agent_loop/compute_score/mean:0.005307805899064988 - timing_s/agent_loop/slowest/generate_sequences:1.9189081089571118 - timing_s/agent_loop/slowest/tool_calls:0.0 - timing_s/agent_loop/slowest/compute_score:0.004883602261543274 - timing_s/agent_loop/slowest/num_preempted:-1 - timing_s/agent_loop/slowest/prompt_length:109 - timing_s/agent_loop/slowest/response_length:508 - timing_s/gen:2.4911311818286777 - timing_s/reward:1.5820376574993134e-05 - timing_s/old_log_prob:0.7955638011917472 - timing_s/ref:2.3142582094296813 - timing_s/adv:0.003441265784204006 - timing_s/update_actor:2.626039581373334 - timing_s/update_weights:0.8712807260453701 - timing_s/step:9.15081402938813 - timing_s/stop_profile:7.973052561283112e-05 - timing_per_token_ms/ref:0.04726931124879351 - timing_per_token_ms/gen:0.0701667797602647 - timing_per_token_ms/update_actor:0.05363752489579718 - timing_per_token_ms/adv:7.028872697979955e-05 - perf/total_num_tokens:48959 - perf/time_per_step:9.15081402938813 - perf/throughput:5350.234399121938
[36m(WorkerDict pid=776530)[0m INFO:2026-07-25 14:04:26,525:update_weights done, time cost: 0.47s
[36m(TaskRunner pid=776037)[0m Training Progress:  28%|██▊       | 56/200 [09:31<22:24,  9.33s/it]
[36m(WorkerDict pid=776530)[0m INFO:2026-07-25 14:04:35,435:update_weights done, time cost: 0.46s
[36m(TaskRunner pid=776037)[0m Training Progress:  28%|██▊       | 57/200 [09:39<21:57,  9.21s/it]
[36m(TaskRunner pid=776037)[0m step:55 - global_seqlen/min:51053 - global_seqlen/max:51053 - global_seqlen/minmax_diff:0 - global_seqlen/balanced_min:51053 - global_seqlen/balanced_max:51053 - global_seqlen/mean:51053.0 - actor/entropy:0.14274747669696808 - perf/mfu/actor_infer:0.25094313731150353 - actor/pg_clipfrac:0.0001925169381138403 - actor/ppo_kl:-0.00020649467160183121 - actor/pg_clipfrac_lower:0.0 - actor/pg_loss:0.0017168446211144328 - actor/kl_loss:0.011005416687112302 - actor/kl_coef:0.001 - actor/loss:0.0017278483137488365 - actor/grad_norm:0.39809903502464294 - actor/perf/max_memory_allocated_gb:29.571680545806885 - actor/perf/max_memory_reserved_gb:41.203125 - actor/perf/cpu_memory_used_gb:26.635774612426758 - actor/lr:1e-06 - perf/mfu/actor:0.21632559199441034 - training/global_step:55 - training/epoch:0 - critic/score/mean:0.859375 - critic/score/max:1.0 - critic/score/min:0.0 - critic/rewards/mean:0.859375 - critic/rewards/max:1.0 - critic/rewards/min:0.0 - critic/advantages/mean:-0.0017556786770001054 - critic/advantages/max:2.4748666286468506 - critic/advantages/min:-2.4748666286468506 - critic/returns/mean:-0.0017556786770001054 - critic/returns/max:2.4748666286468506 - critic/returns/min:-2.4748666286468506 - response_length/mean:291.1015625 - response_length/max:478.0 - response_length/min:124.0 - response_length/clip_ratio:0.0 - response_length_non_aborted/mean:291.1015625 - response_length_non_aborted/max:478.0 - response_length_non_aborted/min:124.0 - response_length_non_aborted/clip_ratio:0.0 - response/aborted_ratio:0.0 - prompt_length/mean:107.75 - prompt_length/max:137.0 - prompt_length/min:79.0 - prompt_length/clip_ratio:0.0 - num_turns/min:2 - num_turns/max:2 - num_turns/mean:2.0 - timing_s/start_profile:9.4548799097538e-05 - timing_s/agent_loop/num_preempted/min:-1 - timing_s/agent_loop/num_preempted/max:-1 - timing_s/agent_loop/num_preempted/mean:-1.0 - timing_s/agent_loop/generate_sequences/min:0.5886584604158998 - timing_s/agent_loop/generate_sequences/max:1.8779420172795653 - timing_s/agent_loop/generate_sequences/mean:1.3293930153231486 - timing_s/agent_loop/tool_calls/min:0.0 - timing_s/agent_loop/tool_calls/max:0.0 - timing_s/agent_loop/tool_calls/mean:0.0 - timing_s/agent_loop/compute_score/min:0.003920151852071285 - timing_s/agent_loop/compute_score/max:0.013961074873805046 - timing_s/agent_loop/compute_score/mean:0.00520446288282983 - timing_s/agent_loop/slowest/generate_sequences:1.8779420172795653 - timing_s/agent_loop/slowest/tool_calls:0.0 - timing_s/agent_loop/slowest/compute_score:0.0048070624470710754 - timing_s/agent_loop/slowest/num_preempted:-1 - timing_s/agent_loop/slowest/prompt_length:131 - timing_s/agent_loop/slowest/response_length:478 - timing_s/gen:2.4087659027427435 - timing_s/reward:1.669023185968399e-05 - timing_s/old_log_prob:0.821395481005311 - timing_s/ref:2.3373957742005587 - timing_s/adv:0.003445817157626152 - timing_s/update_actor:2.6911615477874875 - timing_s/update_weights:0.8872069418430328 - timing_s/step:9.197989801876247 - timing_s/stop_profile:8.360855281352997e-05 - timing_per_token_ms/ref:0.04578371054003797 - timing_per_token_ms/gen:0.06464576642448522 - timing_per_token_ms/update_actor:0.052713093212690486 - timing_per_token_ms/adv:6.749490054700315e-05 - perf/total_num_tokens:51053 - perf/time_per_step:9.197989801876247 - perf/throughput:5550.4519030436395
[36m(TaskRunner pid=776037)[0m step:56 - global_seqlen/min:48505 - global_seqlen/max:48505 - global_seqlen/minmax_diff:0 - global_seqlen/balanced_min:48505 - global_seqlen/balanced_max:48505 - global_seqlen/mean:48505.0 - actor/entropy:0.12042513489723206 - perf/mfu/actor_infer:0.2443268382119436 - actor/pg_clipfrac:8.40596439957153e-05 - actor/ppo_kl:6.510803075343574e-05 - actor/pg_clipfrac_lower:0.0 - actor/pg_loss:-0.002380004385486245 - actor/kl_loss:0.010654789250111207 - actor/kl_coef:0.001 - actor/loss:-0.002369347959756851 - actor/grad_norm:0.4807427227497101 - actor/perf/max_memory_allocated_gb:29.571680545806885 - actor/perf/max_memory_reserved_gb:41.203125 - actor/perf/cpu_memory_used_gb:26.638734817504883 - actor/lr:1e-06 - perf/mfu/actor:0.2093321004574254 - training/global_step:56 - training/epoch:0 - critic/score/mean:0.84375 - critic/score/max:1.0 - critic/score/min:0.0 - critic/rewards/mean:0.84375 - critic/rewards/max:1.0 - critic/rewards/min:0.0 - critic/advantages/mean:0.0024715769104659557 - critic/advantages/max:1.6201815605163574 - critic/advantages/min:-2.4748666286468506 - critic/returns/mean:0.0024715769104659557 - critic/returns/max:1.6201815605163574 - critic/returns/min:-2.4748666286468506 - response_length/mean:281.5078125 - response_length/max:505.0 - response_length/min:158.0 - response_length/clip_ratio:0.0 - response_length_non_aborted/mean:281.5078125 - response_length_non_aborted/max:505.0 - response_length_non_aborted/min:158.0 - response_length_non_aborted/clip_ratio:0.0 - response/aborted_ratio:0.0 - prompt_length/mean:97.4375 - prompt_length/max:145.0 - prompt_length/min:73.0 - prompt_length/clip_ratio:0.0 - num_turns/min:2 - num_turns/max:2 - num_turns/mean:2.0 - timing_s/start_profile:8.002948015928268e-05 - timing_s/agent_loop/num_preempted/min:-1 - timing_s/agent_loop/num_preempted/max:-1 - timing_s/agent_loop/num_preempted/mean:-1.0 - timing_s/agent_loop/generate_sequences/min:0.8309483183547854 - timing_s/agent_loop/generate_sequences/max:1.962275829166174 - timing_s/agent_loop/generate_sequences/mean:1.3131796717934776 - timing_s/agent_loop/tool_calls/min:0.0 - timing_s/agent_loop/tool_calls/max:0.0 - timing_s/agent_loop/tool_calls/mean:0.0 - timing_s/agent_loop/compute_score/min:0.0033273184671998024 - timing_s/agent_loop/compute_score/max:0.009622487239539623 - timing_s/agent_loop/compute_score/mean:0.005285855142574292 - timing_s/agent_loop/slowest/generate_sequences:1.962275829166174 - timing_s/agent_loop/slowest/tool_calls:0.0 - timing_s/agent_loop/slowest/compute_score:0.005512887611985207 - timing_s/agent_loop/slowest/num_preempted:-1 - timing_s/agent_loop/slowest/prompt_length:130 - timing_s/agent_loop/slowest/response_length:505 - timing_s/gen:2.5304816691204906 - timing_s/reward:1.4990568161010742e-05 - timing_s/old_log_prob:1.1714598312973976 - timing_s/ref:2.3103573080152273 - timing_s/adv:0.003387247212231159 - timing_s/update_actor:2.6439419174566865 - timing_s/update_weights:0.8705607438459992 - timing_s/step:9.579953529872 - timing_s/stop_profile:8.645933121442795e-05 - timing_per_token_ms/ref:0.04763132270931301 - timing_per_token_ms/gen:0.070226782924555 - timing_per_token_ms/update_actor:0.05450864689118001 - timing_per_token_ms/adv:6.983294943265971e-05 - perf/total_num_tokens:48505 - perf/time_per_step:9.579953529872 - perf/throughput:5063.176961010591
[36m(WorkerDict pid=776530)[0m INFO:2026-07-25 14:04:44,562:update_weights done, time cost: 0.47s
[36m(TaskRunner pid=776037)[0m Training Progress:  29%|██▉       | 58/200 [09:49<21:43,  9.18s/it]
[36m(WorkerDict pid=776530)[0m INFO:2026-07-25 14:04:53,875:update_weights done, time cost: 0.47s
[36m(TaskRunner pid=776037)[0m Training Progress:  30%|██▉       | 59/200 [09:58<21:40,  9.22s/it]
[36m(TaskRunner pid=776037)[0m step:57 - global_seqlen/min:47562 - global_seqlen/max:47562 - global_seqlen/minmax_diff:0 - global_seqlen/balanced_min:47562 - global_seqlen/balanced_max:47562 - global_seqlen/mean:47562.0 - actor/entropy:0.11907782405614853 - perf/mfu/actor_infer:0.24611545666223436 - actor/pg_clipfrac:0.00020198749552946538 - actor/ppo_kl:-6.996767788791658e-05 - actor/pg_clipfrac_lower:0.0 - actor/pg_loss:0.025861242116661742 - actor/kl_loss:0.012863422045484185 - actor/kl_coef:0.001 - actor/loss:0.025874107144773006 - actor/grad_norm:0.6510610282421112 - actor/perf/max_memory_allocated_gb:29.571680545806885 - actor/perf/max_memory_reserved_gb:41.203125 - actor/perf/cpu_memory_used_gb:26.63892936706543 - actor/lr:1e-06 - perf/mfu/actor:0.2103086188381854 - training/global_step:57 - training/epoch:0 - critic/score/mean:0.8046875 - critic/score/max:1.0 - critic/score/min:0.0 - critic/rewards/mean:0.8046875 - critic/rewards/max:1.0 - critic/rewards/min:0.0 - critic/advantages/mean:-0.025851314887404442 - critic/advantages/max:1.20761239528656 - critic/advantages/min:-2.4748666286468506 - critic/returns/mean:-0.025851314887404442 - critic/returns/max:1.20761239528656 - critic/returns/min:-2.4748666286468506 - response_length/mean:269.890625 - response_length/max:451.0 - response_length/min:129.0 - response_length/clip_ratio:0.0 - response_length_non_aborted/mean:269.890625 - response_length_non_aborted/max:451.0 - response_length_non_aborted/min:129.0 - response_length_non_aborted/clip_ratio:0.0 - response/aborted_ratio:0.0 - prompt_length/mean:101.6875 - prompt_length/max:133.0 - prompt_length/min:79.0 - prompt_length/clip_ratio:0.0 - num_turns/min:2 - num_turns/max:2 - num_turns/mean:2.0 - timing_s/start_profile:7.377006113529205e-05 - timing_s/agent_loop/num_preempted/min:-1 - timing_s/agent_loop/num_preempted/max:-1 - timing_s/agent_loop/num_preempted/mean:-1.0 - timing_s/agent_loop/generate_sequences/min:0.6772766308858991 - timing_s/agent_loop/generate_sequences/max:1.7730987258255482 - timing_s/agent_loop/generate_sequences/mean:1.2511458057779237 - timing_s/agent_loop/tool_calls/min:0.0 - timing_s/agent_loop/tool_calls/max:0.0 - timing_s/agent_loop/tool_calls/mean:0.0 - timing_s/agent_loop/compute_score/min:0.004051870666444302 - timing_s/agent_loop/compute_score/max:0.012579658068716526 - timing_s/agent_loop/compute_score/mean:0.005488917762704659 - timing_s/agent_loop/slowest/generate_sequences:1.7730987258255482 - timing_s/agent_loop/slowest/tool_calls:0.0 - timing_s/agent_loop/slowest/compute_score:0.005845452658832073 - timing_s/agent_loop/slowest/num_preempted:-1 - timing_s/agent_loop/slowest/prompt_length:90 - timing_s/agent_loop/slowest/response_length:451 - timing_s/gen:2.3351545073091984 - timing_s/reward:1.7220154404640198e-05 - timing_s/old_log_prob:0.7801454020664096 - timing_s/ref:2.307657143101096 - timing_s/adv:0.002353006973862648 - timing_s/update_actor:2.5734655326232314 - timing_s/update_weights:0.8708107313141227 - timing_s/step:8.918746873736382 - timing_s/stop_profile:7.971003651618958e-05 - timing_per_token_ms/ref:0.04851892567808536 - timing_per_token_ms/gen:0.06759551054562607 - timing_per_token_ms/update_actor:0.05410759708639736 - timing_per_token_ms/adv:4.9472414403571086e-05 - perf/total_num_tokens:47562 - perf/time_per_step:8.918746873736382 - perf/throughput:5332.811960395348
[36m(TaskRunner pid=776037)[0m step:58 - global_seqlen/min:48232 - global_seqlen/max:48232 - global_seqlen/minmax_diff:0 - global_seqlen/balanced_min:48232 - global_seqlen/balanced_max:48232 - global_seqlen/mean:48232.0 - actor/entropy:0.15163281559944153 - perf/mfu/actor_infer:0.25163688976584403 - actor/pg_clipfrac:0.00025312607976957224 - actor/ppo_kl:0.0001462665650251438 - actor/pg_clipfrac_lower:0.0 - actor/pg_loss:0.014254284789785743 - actor/kl_loss:0.012554321729112417 - actor/kl_coef:0.001 - actor/loss:0.014266840647906065 - actor/grad_norm:0.47723667323589325 - actor/perf/max_memory_allocated_gb:29.571680545806885 - actor/perf/max_memory_reserved_gb:41.203125 - actor/perf/cpu_memory_used_gb:26.639768600463867 - actor/lr:1e-06 - perf/mfu/actor:0.2133452166958376 - training/global_step:58 - training/epoch:0 - critic/score/mean:0.8515625 - critic/score/max:1.0 - critic/score/min:0.0 - critic/rewards/mean:0.8515625 - critic/rewards/max:1.0 - critic/rewards/min:0.0 - critic/advantages/mean:-0.014256829395890236 - critic/advantages/max:2.4748666286468506 - critic/advantages/min:-2.4748666286468506 - critic/returns/mean:-0.014256829395890236 - critic/returns/max:2.4748666286468506 - critic/returns/min:-2.4748666286468506 - response_length/mean:275.125 - response_length/max:512.0 - response_length/min:136.0 - response_length/clip_ratio:0.03125 - response_length_non_aborted/mean:275.125 - response_length_non_aborted/max:512.0 - response_length_non_aborted/min:136.0 - response_length_non_aborted/clip_ratio:0.03125 - response/aborted_ratio:0.0 - prompt_length/mean:101.6875 - prompt_length/max:148.0 - prompt_length/min:72.0 - prompt_length/clip_ratio:0.0 - num_turns/min:2 - num_turns/max:2 - num_turns/mean:2.0 - timing_s/start_profile:8.261948823928833e-05 - timing_s/agent_loop/num_preempted/min:-1 - timing_s/agent_loop/num_preempted/max:-1 - timing_s/agent_loop/num_preempted/mean:-1.0 - timing_s/agent_loop/generate_sequences/min:0.7052924884483218 - timing_s/agent_loop/generate_sequences/max:1.9522171868011355 - timing_s/agent_loop/generate_sequences/mean:1.2512974072087673 - timing_s/agent_loop/tool_calls/min:0.0 - timing_s/agent_loop/tool_calls/max:0.0 - timing_s/agent_loop/tool_calls/mean:0.0 - timing_s/agent_loop/compute_score/min:0.0039200615137815475 - timing_s/agent_loop/compute_score/max:0.010264109820127487 - timing_s/agent_loop/compute_score/mean:0.0054258824602584355 - timing_s/agent_loop/slowest/generate_sequences:1.9522171868011355 - timing_s/agent_loop/slowest/tool_calls:0.0 - timing_s/agent_loop/slowest/compute_score:0.00503253098577261 - timing_s/agent_loop/slowest/num_preempted:-1 - timing_s/agent_loop/slowest/prompt_length:130 - timing_s/agent_loop/slowest/response_length:512 - timing_s/gen:2.528196381404996 - timing_s/reward:1.551024615764618e-05 - timing_s/old_log_prob:0.7774419784545898 - timing_s/ref:2.3108239825814962 - timing_s/adv:0.0023495079949498177 - timing_s/update_actor:2.5734176822006702 - timing_s/update_weights:0.8661319855600595 - timing_s/step:9.106893424876034 - timing_s/stop_profile:3.171991556882858e-05 - timing_per_token_ms/ref:0.04791059841145912 - timing_per_token_ms/gen:0.07179112850423092 - timing_per_token_ms/update_actor:0.053354985947102966 - timing_per_token_ms/adv:4.8712638807219636e-05 - perf/total_num_tokens:48232 - perf/time_per_step:9.106893424876034 - perf/throughput:5296.207801032496
[36m(WorkerDict pid=776530)[0m INFO:2026-07-25 14:05:03,245:update_weights done, time cost: 0.46s
[36m(TaskRunner pid=776037)[0m Training Progress:  30%|███       | 60/200 [10:07<21:37,  9.27s/it]
[36m(WorkerDict pid=776530)[0m INFO:2026-07-25 14:05:11,924:update_weights done, time cost: 0.47s
[36m(TaskRunner pid=776037)[0m Training Progress:  30%|███       | 61/200 [10:16<21:03,  9.09s/it]
[36m(TaskRunner pid=776037)[0m step:59 - global_seqlen/min:51241 - global_seqlen/max:51241 - global_seqlen/minmax_diff:0 - global_seqlen/balanced_min:51241 - global_seqlen/balanced_max:51241 - global_seqlen/mean:51241.0 - actor/entropy:0.12958744168281555 - perf/mfu/actor_infer:0.25530102468386834 - actor/pg_clipfrac:0.00038171182131918613 - actor/ppo_kl:-9.348777894047089e-05 - actor/pg_clipfrac_lower:0.0 - actor/pg_loss:0.026326275139581412 - actor/kl_loss:0.01161762501578778 - actor/kl_coef:0.001 - actor/loss:0.026337886229157448 - actor/grad_norm:0.6891669034957886 - actor/perf/max_memory_allocated_gb:29.571680545806885 - actor/perf/max_memory_reserved_gb:41.203125 - actor/perf/cpu_memory_used_gb:26.64641761779785 - actor/lr:1e-06 - perf/mfu/actor:0.21780503907939197 - training/global_step:59 - training/epoch:0 - critic/score/mean:0.7421875 - critic/score/max:1.0 - critic/score/min:0.0 - critic/rewards/mean:0.7421875 - critic/rewards/max:1.0 - critic/rewards/min:0.0 - critic/advantages/mean:-0.02640439011156559 - critic/advantages/max:2.4748666286468506 - critic/advantages/min:-2.4748666286468506 - critic/returns/mean:-0.02640439011156559 - critic/returns/max:2.4748666286468506 - critic/returns/min:-2.4748666286468506 - response_length/mean:284.8203125 - response_length/max:512.0 - response_length/min:135.0 - response_length/clip_ratio:0.0234375 - response_length_non_aborted/mean:284.8203125 - response_length_non_aborted/max:512.0 - response_length_non_aborted/min:135.0 - response_length_non_aborted/clip_ratio:0.0234375 - response/aborted_ratio:0.0 - prompt_length/mean:115.5 - prompt_length/max:160.0 - prompt_length/min:71.0 - prompt_length/clip_ratio:0.0 - num_turns/min:2 - num_turns/max:2 - num_turns/mean:2.0 - timing_s/start_profile:5.550868809223175e-05 - timing_s/agent_loop/num_preempted/min:-1 - timing_s/agent_loop/num_preempted/max:-1 - timing_s/agent_loop/num_preempted/mean:-1.0 - timing_s/agent_loop/generate_sequences/min:0.694714242592454 - timing_s/agent_loop/generate_sequences/max:1.9767118878662586 - timing_s/agent_loop/generate_sequences/mean:1.2925094959209673 - timing_s/agent_loop/tool_calls/min:0.0 - timing_s/agent_loop/tool_calls/max:0.0 - timing_s/agent_loop/tool_calls/mean:0.0 - timing_s/agent_loop/compute_score/min:0.003880382515490055 - timing_s/agent_loop/compute_score/max:0.01016360241919756 - timing_s/agent_loop/compute_score/mean:0.005364083583117463 - timing_s/agent_loop/slowest/generate_sequences:1.9767118878662586 - timing_s/agent_loop/slowest/tool_calls:0.0 - timing_s/agent_loop/slowest/compute_score:0.004889052361249924 - timing_s/agent_loop/slowest/num_preempted:-1 - timing_s/agent_loop/slowest/prompt_length:117 - timing_s/agent_loop/slowest/response_length:512 - timing_s/gen:2.554249918088317 - timing_s/reward:1.735985279083252e-05 - timing_s/old_log_prob:0.8132771495729685 - timing_s/ref:2.336652472615242 - timing_s/adv:0.003385537303984165 - timing_s/update_actor:2.6810098364949226 - timing_s/update_weights:0.8775694156065583 - timing_s/step:9.314767876639962 - timing_s/stop_profile:3.187917172908783e-05 - timing_per_token_ms/ref:0.04560122699820929 - timing_per_token_ms/gen:0.07006198859171947 - timing_per_token_ms/update_actor:0.052321575232624706 - timing_per_token_ms/adv:6.607086715685028e-05 - perf/total_num_tokens:51241 - perf/time_per_step:9.314767876639962 - perf/throughput:5501.049589062195
[36m(TaskRunner pid=776037)[0m step:60 - global_seqlen/min:52120 - global_seqlen/max:52120 - global_seqlen/minmax_diff:0 - global_seqlen/balanced_min:52120 - global_seqlen/balanced_max:52120 - global_seqlen/mean:52120.0 - actor/entropy:0.14049220085144043 - perf/mfu/actor_infer:0.2572093045194182 - actor/pg_clipfrac:7.664121403649915e-05 - actor/ppo_kl:-7.646698213648051e-05 - actor/pg_clipfrac_lower:0.0 - actor/pg_loss:0.04362086486071348 - actor/kl_loss:0.01240918308030814 - actor/kl_coef:0.001 - actor/loss:0.043633269146084785 - actor/grad_norm:0.5850169360637665 - actor/perf/max_memory_allocated_gb:29.571680545806885 - actor/perf/max_memory_reserved_gb:41.203125 - actor/perf/cpu_memory_used_gb:26.64212417602539 - actor/lr:1e-06 - perf/mfu/actor:0.22000407449372178 - training/global_step:60 - training/epoch:0 - critic/score/mean:0.84375 - critic/score/max:1.0 - critic/score/min:0.0 - critic/rewards/mean:0.84375 - critic/rewards/max:1.0 - critic/rewards/min:0.0 - critic/advantages/mean:-0.04364236444234848 - critic/advantages/max:1.6201815605163574 - critic/advantages/min:-2.4748666286468506 - critic/returns/mean:-0.04364236444234848 - critic/returns/max:1.6201815605163574 - critic/returns/min:-2.4748666286468506 - response_length/mean:306.625 - response_length/max:512.0 - response_length/min:130.0 - response_length/clip_ratio:0.015625 - response_length_non_aborted/mean:306.625 - response_length_non_aborted/max:512.0 - response_length_non_aborted/min:130.0 - response_length_non_aborted/clip_ratio:0.015625 - response/aborted_ratio:0.0 - prompt_length/mean:100.5625 - prompt_length/max:133.0 - prompt_length/min:79.0 - prompt_length/clip_ratio:0.0 - num_turns/min:2 - num_turns/max:2 - num_turns/mean:2.0 - timing_s/start_profile:5.339924246072769e-05 - timing_s/agent_loop/num_preempted/min:-1 - timing_s/agent_loop/num_preempted/max:-1 - timing_s/agent_loop/num_preempted/mean:-1.0 - timing_s/agent_loop/generate_sequences/min:0.6407032962888479 - timing_s/agent_loop/generate_sequences/max:2.0469612265005708 - timing_s/agent_loop/generate_sequences/mean:1.4116870311336243 - timing_s/agent_loop/tool_calls/min:0.0 - timing_s/agent_loop/tool_calls/max:0.0 - timing_s/agent_loop/tool_calls/mean:0.0 - timing_s/agent_loop/compute_score/min:0.003667055629193783 - timing_s/agent_loop/compute_score/max:0.009453377686440945 - timing_s/agent_loop/compute_score/mean:0.005214088705542963 - timing_s/agent_loop/slowest/generate_sequences:2.0469612265005708 - timing_s/agent_loop/slowest/tool_calls:0.0 - timing_s/agent_loop/slowest/compute_score:0.0052200788632035255 - timing_s/agent_loop/slowest/num_preempted:-1 - timing_s/agent_loop/slowest/prompt_length:133 - timing_s/agent_loop/slowest/response_length:512 - timing_s/gen:2.6170481480658054 - timing_s/reward:1.5719793736934662e-05 - timing_s/old_log_prob:0.8143184296786785 - timing_s/ref:2.3214172292500734 - timing_s/adv:0.00238964706659317 - timing_s/update_actor:2.694381196051836 - timing_s/update_weights:0.8649785472080112 - timing_s/step:9.36398012842983 - timing_s/stop_profile:7.712841033935547e-05 - timing_per_token_ms/ref:0.04453985474386173 - timing_per_token_ms/gen:0.06667978363396365 - timing_per_token_ms/update_actor:0.051695725173672984 - timing_per_token_ms/adv:4.5848946020590375e-05 - perf/total_num_tokens:52120 - perf/time_per_step:9.36398012842983 - perf/throughput:5566.009248755164
[36m(WorkerDict pid=776530)[0m INFO:2026-07-25 14:05:21,488:update_weights done, time cost: 0.46s
[36m(TaskRunner pid=776037)[0m Training Progress:  31%|███       | 62/200 [10:25<21:14,  9.23s/it]
[36m(WorkerDict pid=776530)[0m INFO:2026-07-25 14:05:30,859:update_weights done, time cost: 0.47s
[36m(TaskRunner pid=776037)[0m Training Progress:  32%|███▏      | 63/200 [10:35<21:10,  9.27s/it]
[36m(TaskRunner pid=776037)[0m step:61 - global_seqlen/min:44786 - global_seqlen/max:44786 - global_seqlen/minmax_diff:0 - global_seqlen/balanced_min:44786 - global_seqlen/balanced_max:44786 - global_seqlen/mean:44786.0 - actor/entropy:0.11307000368833542 - perf/mfu/actor_infer:0.23906075894916842 - actor/pg_clipfrac:0.00027109268194180913 - actor/ppo_kl:-6.151970592327416e-05 - actor/pg_clipfrac_lower:0.0 - actor/pg_loss:0.014312549013993703 - actor/kl_loss:0.013631536799948663 - actor/kl_coef:0.001 - actor/loss:0.014326177537441254 - actor/grad_norm:0.6105944365262985 - actor/perf/max_memory_allocated_gb:29.571680545806885 - actor/perf/max_memory_reserved_gb:41.203125 - actor/perf/cpu_memory_used_gb:26.65351104736328 - actor/lr:1e-06 - perf/mfu/actor:0.20345695187519502 - training/global_step:61 - training/epoch:0 - critic/score/mean:0.875 - critic/score/max:1.0 - critic/score/min:0.0 - critic/rewards/mean:0.875 - critic/rewards/max:1.0 - critic/rewards/min:0.0 - critic/advantages/mean:-0.014799346216022968 - critic/advantages/max:1.6201815605163574 - critic/advantages/min:-2.4748666286468506 - critic/returns/mean:-0.014799346216022968 - critic/returns/max:1.6201815605163574 - critic/returns/min:-2.4748666286468506 - response_length/mean:250.515625 - response_length/max:402.0 - response_length/min:149.0 - response_length/clip_ratio:0.0 - response_length_non_aborted/mean:250.515625 - response_length_non_aborted/max:402.0 - response_length_non_aborted/min:149.0 - response_length_non_aborted/clip_ratio:0.0 - response/aborted_ratio:0.0 - prompt_length/mean:99.375 - prompt_length/max:148.0 - prompt_length/min:70.0 - prompt_length/clip_ratio:0.0 - num_turns/min:2 - num_turns/max:2 - num_turns/mean:2.0 - timing_s/start_profile:3.535021096467972e-05 - timing_s/agent_loop/num_preempted/min:-1 - timing_s/agent_loop/num_preempted/max:-1 - timing_s/agent_loop/num_preempted/mean:-1.0 - timing_s/agent_loop/generate_sequences/min:0.7776370160281658 - timing_s/agent_loop/generate_sequences/max:1.600270515307784 - timing_s/agent_loop/generate_sequences/mean:1.1612271993726608 - timing_s/agent_loop/tool_calls/min:0.0 - timing_s/agent_loop/tool_calls/max:0.0 - timing_s/agent_loop/tool_calls/mean:0.0 - timing_s/agent_loop/compute_score/min:0.003909462131559849 - timing_s/agent_loop/compute_score/max:0.01327076181769371 - timing_s/agent_loop/compute_score/mean:0.00535012374893995 - timing_s/agent_loop/slowest/generate_sequences:1.600270515307784 - timing_s/agent_loop/slowest/tool_calls:0.0 - timing_s/agent_loop/slowest/compute_score:0.005000840872526169 - timing_s/agent_loop/slowest/num_preempted:-1 - timing_s/agent_loop/slowest/prompt_length:108 - timing_s/agent_loop/slowest/response_length:402 - timing_s/gen:2.1603612136095762 - timing_s/reward:1.445971429347992e-05 - timing_s/old_log_prob:0.7616916913539171 - timing_s/ref:2.313906652852893 - timing_s/adv:0.0033841263502836227 - timing_s/update_actor:2.5136117534711957 - timing_s/update_weights:0.8646192103624344 - timing_s/step:8.667719112709165 - timing_s/stop_profile:9.469874203205109e-05 - timing_per_token_ms/ref:0.05166584764999984 - timing_per_token_ms/gen:0.06737233248953958 - timing_per_token_ms/update_actor:0.05612494425649077 - timing_per_token_ms/adv:7.556214777572507e-05 - perf/total_num_tokens:44786 - perf/time_per_step:8.667719112709165 - perf/throughput:5166.987925846824
[36m(TaskRunner pid=776037)[0m step:62 - global_seqlen/min:49568 - global_seqlen/max:49568 - global_seqlen/minmax_diff:0 - global_seqlen/balanced_min:49568 - global_seqlen/balanced_max:49568 - global_seqlen/mean:49568.0 - actor/entropy:0.12434021383523941 - perf/mfu/actor_infer:0.25161470792624974 - actor/pg_clipfrac:0.0001406937080901116 - actor/ppo_kl:-0.00010651702780251071 - actor/pg_clipfrac_lower:0.0 - actor/pg_loss:0.001721462482237257 - actor/kl_loss:0.011729563033441082 - actor/kl_coef:0.001 - actor/loss:0.001733195036649704 - actor/grad_norm:0.5197527855634689 - actor/perf/max_memory_allocated_gb:29.571680545806885 - actor/perf/max_memory_reserved_gb:41.203125 - actor/perf/cpu_memory_used_gb:26.657285690307617 - actor/lr:1e-06 - perf/mfu/actor:0.21463610727453114 - training/global_step:62 - training/epoch:0 - critic/score/mean:0.8125 - critic/score/max:1.0 - critic/score/min:0.0 - critic/rewards/mean:0.8125 - critic/rewards/max:1.0 - critic/rewards/min:0.0 - critic/advantages/mean:-0.002431892091408372 - critic/advantages/max:0.935412585735321 - critic/advantages/min:-2.4748666286468506 - critic/returns/mean:-0.002431892091408372 - critic/returns/max:0.935412585735321 - critic/returns/min:-2.4748666286468506 - response_length/mean:283.125 - response_length/max:512.0 - response_length/min:137.0 - response_length/clip_ratio:0.0234375 - response_length_non_aborted/mean:283.125 - response_length_non_aborted/max:512.0 - response_length_non_aborted/min:137.0 - response_length_non_aborted/clip_ratio:0.0234375 - response/aborted_ratio:0.0 - prompt_length/mean:104.125 - prompt_length/max:153.0 - prompt_length/min:74.0 - prompt_length/clip_ratio:0.0 - num_turns/min:2 - num_turns/max:2 - num_turns/mean:2.0 - timing_s/start_profile:7.328018546104431e-05 - timing_s/agent_loop/num_preempted/min:-1 - timing_s/agent_loop/num_preempted/max:-1 - timing_s/agent_loop/num_preempted/mean:-1.0 - timing_s/agent_loop/generate_sequences/min:0.7149175247177482 - timing_s/agent_loop/generate_sequences/max:1.9639668622985482 - timing_s/agent_loop/generate_sequences/mean:1.3023124517931137 - timing_s/agent_loop/tool_calls/min:0.0 - timing_s/agent_loop/tool_calls/max:0.0 - timing_s/agent_loop/tool_calls/mean:0.0 - timing_s/agent_loop/compute_score/min:0.0037986934185028076 - timing_s/agent_loop/compute_score/max:0.009853294119238853 - timing_s/agent_loop/compute_score/mean:0.00523458110546926 - timing_s/agent_loop/slowest/generate_sequences:1.9639668622985482 - timing_s/agent_loop/slowest/tool_calls:0.0 - timing_s/agent_loop/slowest/compute_score:0.00562672596424818 - timing_s/agent_loop/slowest/num_preempted:-1 - timing_s/agent_loop/slowest/prompt_length:96 - timing_s/agent_loop/slowest/response_length:512 - timing_s/gen:2.532571168616414 - timing_s/reward:1.4440156519412994e-05 - timing_s/old_log_prob:1.1706252582371235 - timing_s/ref:2.31134566757828 - timing_s/adv:0.0034239673987030983 - timing_s/update_actor:2.635321040637791 - timing_s/update_weights:0.8631078852340579 - timing_s/step:9.564240663312376 - timing_s/stop_profile:7.850863039493561e-05 - timing_per_token_ms/ref:0.04662979477845142 - timing_per_token_ms/gen:0.06988331039228515 - timing_per_token_ms/update_actor:0.053165773092273064 - timing_per_token_ms/adv:6.907616604872294e-05 - perf/total_num_tokens:49568 - perf/time_per_step:9.564240663312376 - perf/throughput:5182.638302917103
[36m(WorkerDict pid=776530)[0m INFO:2026-07-25 14:05:40,183:update_weights done, time cost: 0.46s
[36m(TaskRunner pid=776037)[0m Training Progress:  32%|███▏      | 64/200 [10:44<21:03,  9.29s/it]
[36m(WorkerDict pid=776530)[0m INFO:2026-07-25 14:05:49,443:update_weights done, time cost: 0.46s
[36m(TaskRunner pid=776037)[0m Training Progress:  32%|███▎      | 65/200 [10:53<20:52,  9.28s/it]
[36m(TaskRunner pid=776037)[0m step:63 - global_seqlen/min:53071 - global_seqlen/max:53071 - global_seqlen/minmax_diff:0 - global_seqlen/balanced_min:53071 - global_seqlen/balanced_max:53071 - global_seqlen/mean:53071.0 - actor/entropy:0.15654665231704712 - perf/mfu/actor_infer:0.25691836186749756 - actor/pg_clipfrac:0.00035053963438258506 - actor/ppo_kl:6.777149974368513e-05 - actor/pg_clipfrac_lower:0.0 - actor/pg_loss:0.03661168646067381 - actor/kl_loss:0.0114846340729855 - actor/kl_coef:0.001 - actor/loss:0.03662317618727684 - actor/grad_norm:0.6494378447532654 - actor/perf/max_memory_allocated_gb:29.571680545806885 - actor/perf/max_memory_reserved_gb:41.203125 - actor/perf/cpu_memory_used_gb:26.66036605834961 - actor/lr:1e-06 - perf/mfu/actor:0.2213865669049976 - training/global_step:63 - training/epoch:0 - critic/score/mean:0.75 - critic/score/max:1.0 - critic/score/min:0.0 - critic/rewards/mean:0.75 - critic/rewards/max:1.0 - critic/rewards/min:0.0 - critic/advantages/mean:-0.03700840473175049 - critic/advantages/max:2.4748666286468506 - critic/advantages/min:-2.4748666286468506 - critic/returns/mean:-0.03700840473175049 - critic/returns/max:2.4748666286468506 - critic/returns/min:-2.4748666286468506 - response_length/mean:308.9296875 - response_length/max:512.0 - response_length/min:118.0 - response_length/clip_ratio:0.0625 - response_length_non_aborted/mean:308.9296875 - response_length_non_aborted/max:512.0 - response_length_non_aborted/min:118.0 - response_length_non_aborted/clip_ratio:0.0625 - response/aborted_ratio:0.0 - prompt_length/mean:105.6875 - prompt_length/max:139.0 - prompt_length/min:78.0 - prompt_length/clip_ratio:0.0 - num_turns/min:2 - num_turns/max:2 - num_turns/mean:2.0 - timing_s/start_profile:7.773935794830322e-05 - timing_s/agent_loop/num_preempted/min:-1 - timing_s/agent_loop/num_preempted/max:-1 - timing_s/agent_loop/num_preempted/mean:-1.0 - timing_s/agent_loop/generate_sequences/min:0.6204805225133896 - timing_s/agent_loop/generate_sequences/max:2.014049595221877 - timing_s/agent_loop/generate_sequences/mean:1.4035380288478336 - timing_s/agent_loop/tool_calls/min:0.0 - timing_s/agent_loop/tool_calls/max:0.0 - timing_s/agent_loop/tool_calls/mean:0.0 - timing_s/agent_loop/compute_score/min:0.003545556217432022 - timing_s/agent_loop/compute_score/max:0.01191413588821888 - timing_s/agent_loop/compute_score/mean:0.005437704676296562 - timing_s/agent_loop/slowest/generate_sequences:2.014049595221877 - timing_s/agent_loop/slowest/tool_calls:0.0 - timing_s/agent_loop/slowest/compute_score:0.004874582402408123 - timing_s/agent_loop/slowest/num_preempted:-1 - timing_s/agent_loop/slowest/prompt_length:112 - timing_s/agent_loop/slowest/response_length:512 - timing_s/gen:2.5689762756228447 - timing_s/reward:1.567043364048004e-05 - timing_s/old_log_prob:0.8278872082009912 - timing_s/ref:2.3239001957699656 - timing_s/adv:0.0023454269394278526 - timing_s/update_actor:2.724437315016985 - timing_s/update_weights:0.8718257816508412 - timing_s/step:9.368108348920941 - timing_s/stop_profile:8.061900734901428e-05 - timing_per_token_ms/ref:0.04378851342107678 - timing_per_token_ms/gen:0.064966650876839 - timing_per_token_ms/update_actor:0.05133570716619217 - timing_per_token_ms/adv:4.4194135015881603e-05 - perf/total_num_tokens:53071 - perf/time_per_step:9.368108348920941 - perf/throughput:5665.071113968589
[36m(TaskRunner pid=776037)[0m step:64 - global_seqlen/min:50808 - global_seqlen/max:50808 - global_seqlen/minmax_diff:0 - global_seqlen/balanced_min:50808 - global_seqlen/balanced_max:50808 - global_seqlen/mean:50808.0 - actor/entropy:0.11968877911567688 - perf/mfu/actor_infer:0.24918791645341112 - actor/pg_clipfrac:0.000135880931338761 - actor/ppo_kl:-4.7684022320027e-05 - actor/pg_clipfrac_lower:0.0 - actor/pg_loss:0.000903576088603586 - actor/kl_loss:0.011308291752357036 - actor/kl_coef:0.001 - actor/loss:0.0009148847311735153 - actor/grad_norm:0.3353903144598007 - actor/perf/max_memory_allocated_gb:29.571680545806885 - actor/perf/max_memory_reserved_gb:41.203125 - actor/perf/cpu_memory_used_gb:26.663660049438477 - actor/lr:1e-06 - perf/mfu/actor:0.21464211154038842 - training/global_step:64 - training/epoch:0 - critic/score/mean:0.8515625 - critic/score/max:1.0 - critic/score/min:0.0 - critic/rewards/mean:0.8515625 - critic/rewards/max:1.0 - critic/rewards/min:0.0 - critic/advantages/mean:-0.0011592564405873418 - critic/advantages/max:0.5400605201721191 - critic/advantages/min:-2.4748666286468506 - critic/returns/mean:-0.0011592564405873418 - critic/returns/max:0.5400605201721191 - critic/returns/min:-2.4748666286468506 - response_length/mean:289.5 - response_length/max:512.0 - response_length/min:139.0 - response_length/clip_ratio:0.015625 - response_length_non_aborted/mean:289.5 - response_length_non_aborted/max:512.0 - response_length_non_aborted/min:139.0 - response_length_non_aborted/clip_ratio:0.015625 - response/aborted_ratio:0.0 - prompt_length/mean:107.4375 - prompt_length/max:175.0 - prompt_length/min:74.0 - prompt_length/clip_ratio:0.0 - num_turns/min:2 - num_turns/max:2 - num_turns/mean:2.0 - timing_s/start_profile:8.044857531785965e-05 - timing_s/agent_loop/num_preempted/min:-1 - timing_s/agent_loop/num_preempted/max:-1 - timing_s/agent_loop/num_preempted/mean:-1.0 - timing_s/agent_loop/generate_sequences/min:0.7161062732338905 - timing_s/agent_loop/generate_sequences/max:1.98217982519418 - timing_s/agent_loop/generate_sequences/mean:1.2975656149210408 - timing_s/agent_loop/tool_calls/min:0.0 - timing_s/agent_loop/tool_calls/max:0.0 - timing_s/agent_loop/tool_calls/mean:0.0 - timing_s/agent_loop/compute_score/min:0.0038662636652588844 - timing_s/agent_loop/compute_score/max:0.01375514641404152 - timing_s/agent_loop/compute_score/mean:0.00537304746103473 - timing_s/agent_loop/slowest/generate_sequences:1.98217982519418 - timing_s/agent_loop/slowest/tool_calls:0.0 - timing_s/agent_loop/slowest/compute_score:0.0049684913828969 - timing_s/agent_loop/slowest/num_preempted:-1 - timing_s/agent_loop/slowest/prompt_length:98 - timing_s/agent_loop/slowest/response_length:512 - timing_s/gen:2.5491676069796085 - timing_s/reward:1.4739111065864563e-05 - timing_s/old_log_prob:0.8240537168458104 - timing_s/ref:2.3329237680882215 - timing_s/adv:0.0034033069387078285 - timing_s/update_actor:2.6999634318053722 - timing_s/update_weights:0.8581656543537974 - timing_s/step:9.316688908264041 - timing_s/stop_profile:7.957965135574341e-05 - timing_per_token_ms/ref:0.04591646528279447 - timing_per_token_ms/gen:0.06879230372894021 - timing_per_token_ms/update_actor:0.053140517867370736 - timing_per_token_ms/adv:6.698368246551386e-05 - perf/total_num_tokens:50808 - perf/time_per_step:9.316688908264041 - perf/throughput:5453.439574968802
[36m(WorkerDict pid=776530)[0m INFO:2026-07-25 14:05:58,883:update_weights done, time cost: 0.48s
[36m(TaskRunner pid=776037)[0m Training Progress:  33%|███▎      | 66/200 [11:03<20:49,  9.33s/it]
[36m(WorkerDict pid=776530)[0m INFO:2026-07-25 14:06:08,480:update_weights done, time cost: 0.46s
[36m(TaskRunner pid=776037)[0m Training Progress:  34%|███▎      | 67/200 [11:12<20:51,  9.41s/it]
[36m(TaskRunner pid=776037)[0m step:65 - global_seqlen/min:50523 - global_seqlen/max:50523 - global_seqlen/minmax_diff:0 - global_seqlen/balanced_min:50523 - global_seqlen/balanced_max:50523 - global_seqlen/mean:50523.0 - actor/entropy:0.1283380538225174 - perf/mfu/actor_infer:0.2537218705352385 - actor/pg_clipfrac:0.00030273829179350287 - actor/ppo_kl:2.2209262624528492e-05 - actor/pg_clipfrac_lower:0.0 - actor/pg_loss:0.028391033760271966 - actor/kl_loss:0.013762237038463354 - actor/kl_coef:0.001 - actor/loss:0.02840479463338852 - actor/grad_norm:0.5046504437923431 - actor/perf/max_memory_allocated_gb:29.571680545806885 - actor/perf/max_memory_reserved_gb:41.203125 - actor/perf/cpu_memory_used_gb:26.66509437561035 - actor/lr:1e-06 - perf/mfu/actor:0.2162343922511976 - training/global_step:65 - training/epoch:0 - critic/score/mean:0.7421875 - critic/score/max:1.0 - critic/score/min:0.0 - critic/rewards/mean:0.7421875 - critic/rewards/max:1.0 - critic/rewards/min:0.0 - critic/advantages/mean:-0.028483906760811806 - critic/advantages/max:1.20761239528656 - critic/advantages/min:-2.4748666286468506 - critic/returns/mean:-0.028483906760811806 - critic/returns/max:1.20761239528656 - critic/returns/min:-2.4748666286468506 - response_length/mean:290.2734375 - response_length/max:512.0 - response_length/min:141.0 - response_length/clip_ratio:0.0859375 - response_length_non_aborted/mean:290.2734375 - response_length_non_aborted/max:512.0 - response_length_non_aborted/min:141.0 - response_length_non_aborted/clip_ratio:0.0859375 - response/aborted_ratio:0.0 - prompt_length/mean:104.4375 - prompt_length/max:133.0 - prompt_length/min:86.0 - prompt_length/clip_ratio:0.0 - num_turns/min:2 - num_turns/max:2 - num_turns/mean:2.0 - timing_s/start_profile:7.896870374679565e-05 - timing_s/agent_loop/num_preempted/min:-1 - timing_s/agent_loop/num_preempted/max:-1 - timing_s/agent_loop/num_preempted/mean:-1.0 - timing_s/agent_loop/generate_sequences/min:0.7441133512184024 - timing_s/agent_loop/generate_sequences/max:2.019335384480655 - timing_s/agent_loop/generate_sequences/mean:1.3186386944944388 - timing_s/agent_loop/tool_calls/min:0.0 - timing_s/agent_loop/tool_calls/max:0.0 - timing_s/agent_loop/tool_calls/mean:0.0 - timing_s/agent_loop/compute_score/min:0.003764673136174679 - timing_s/agent_loop/compute_score/max:0.023533811792731285 - timing_s/agent_loop/compute_score/mean:0.005538606805203017 - timing_s/agent_loop/slowest/generate_sequences:2.019335384480655 - timing_s/agent_loop/slowest/tool_calls:0.0 - timing_s/agent_loop/slowest/compute_score:0.004353826865553856 - timing_s/agent_loop/slowest/num_preempted:-1 - timing_s/agent_loop/slowest/prompt_length:121 - timing_s/agent_loop/slowest/response_length:512 - timing_s/gen:2.587083278223872 - timing_s/reward:1.5399418771266937e-05 - timing_s/old_log_prob:0.8016377333551645 - timing_s/ref:2.3144713770598173 - timing_s/adv:0.0012718578800559044 - timing_s/update_actor:2.6405666191130877 - timing_s/update_weights:0.8581999931484461 - timing_s/step:9.252377652563155 - timing_s/stop_profile:8.65887850522995e-05 - timing_per_token_ms/ref:0.04581025230211621 - timing_per_token_ms/gen:0.06962947862263147 - timing_per_token_ms/update_actor:0.05226464420388907 - timing_per_token_ms/adv:2.517383924264007e-05 - perf/total_num_tokens:50523 - perf/time_per_step:9.252377652563155 - perf/throughput:5460.542348917609
[36m(TaskRunner pid=776037)[0m step:66 - global_seqlen/min:51961 - global_seqlen/max:51961 - global_seqlen/minmax_diff:0 - global_seqlen/balanced_min:51961 - global_seqlen/balanced_max:51961 - global_seqlen/mean:51961.0 - actor/entropy:0.147475004196167 - perf/mfu/actor_infer:0.25082868988025087 - actor/pg_clipfrac:0.0005794732605863828 - actor/ppo_kl:-0.00017806304776968318 - actor/pg_clipfrac_lower:0.0 - actor/pg_loss:-0.014118681661784649 - actor/kl_loss:0.012538469134597108 - actor/kl_coef:0.001 - actor/loss:-0.0141061432659626 - actor/grad_norm:0.7055301070213318 - actor/perf/max_memory_allocated_gb:29.571680545806885 - actor/perf/max_memory_reserved_gb:41.203125 - actor/perf/cpu_memory_used_gb:26.663991928100586 - actor/lr:1e-06 - perf/mfu/actor:0.21489681100181884 - training/global_step:66 - training/epoch:0 - critic/score/mean:0.7734375 - critic/score/max:1.0 - critic/score/min:0.0 - critic/rewards/mean:0.7734375 - critic/rewards/max:1.0 - critic/rewards/min:0.0 - critic/advantages/mean:0.014113958925008774 - critic/advantages/max:2.4748666286468506 - critic/advantages/min:-2.4748666286468506 - critic/returns/mean:0.014113958925008774 - critic/returns/max:2.4748666286468506 - critic/returns/min:-2.4748666286468506 - response_length/mean:300.3203125 - response_length/max:512.0 - response_length/min:170.0 - response_length/clip_ratio:0.0078125 - response_length_non_aborted/mean:300.3203125 - response_length_non_aborted/max:512.0 - response_length_non_aborted/min:170.0 - response_length_non_aborted/clip_ratio:0.0078125 - response/aborted_ratio:0.0 - prompt_length/mean:105.625 - prompt_length/max:141.0 - prompt_length/min:69.0 - prompt_length/clip_ratio:0.0 - num_turns/min:2 - num_turns/max:2 - num_turns/mean:2.0 - timing_s/start_profile:7.606856524944305e-05 - timing_s/agent_loop/num_preempted/min:-1 - timing_s/agent_loop/num_preempted/max:-1 - timing_s/agent_loop/num_preempted/mean:-1.0 - timing_s/agent_loop/generate_sequences/min:0.8362867962568998 - timing_s/agent_loop/generate_sequences/max:1.9863356249406934 - timing_s/agent_loop/generate_sequences/mean:1.3512160733589553 - timing_s/agent_loop/tool_calls/min:0.0 - timing_s/agent_loop/tool_calls/max:0.0 - timing_s/agent_loop/tool_calls/mean:0.0 - timing_s/agent_loop/compute_score/min:0.003940071910619736 - timing_s/agent_loop/compute_score/max:0.010547757148742676 - timing_s/agent_loop/compute_score/mean:0.005188094932236709 - timing_s/agent_loop/slowest/generate_sequences:1.9863356249406934 - timing_s/agent_loop/slowest/tool_calls:0.0 - timing_s/agent_loop/slowest/compute_score:0.004685414955019951 - timing_s/agent_loop/slowest/num_preempted:-1 - timing_s/agent_loop/slowest/prompt_length:108 - timing_s/agent_loop/slowest/response_length:512 - timing_s/gen:2.5599016528576612 - timing_s/reward:1.4199875295162201e-05 - timing_s/old_log_prob:0.838637063279748 - timing_s/ref:2.3458514027297497 - timing_s/adv:0.003432026132941246 - timing_s/update_actor:2.758918719366193 - timing_s/update_weights:0.8765117852017283 - timing_s/step:9.43281174916774 - timing_s/stop_profile:8.743908256292343e-05 - timing_per_token_ms/ref:0.04514638676564634 - timing_per_token_ms/gen:0.06659300363824201 - timing_per_token_ms/update_actor:0.0530959511819671 - timing_per_token_ms/adv:6.60500400866274e-05 - perf/total_num_tokens:51961 - perf/time_per_step:9.43281174916774 - perf/throughput:5508.537791458049
[36m(WorkerDict pid=776530)[0m INFO:2026-07-25 14:06:17,626:update_weights done, time cost: 0.46s
[36m(TaskRunner pid=776037)[0m Training Progress:  34%|███▍      | 68/200 [11:22<20:31,  9.33s/it]
[36m(WorkerDict pid=776530)[0m INFO:2026-07-25 14:06:26,853:update_weights done, time cost: 0.47s
[36m(TaskRunner pid=776037)[0m Training Progress:  34%|███▍      | 69/200 [11:31<20:18,  9.30s/it]
[36m(TaskRunner pid=776037)[0m step:67 - global_seqlen/min:48895 - global_seqlen/max:48895 - global_seqlen/minmax_diff:0 - global_seqlen/balanced_min:48895 - global_seqlen/balanced_max:48895 - global_seqlen/mean:48895.0 - actor/entropy:0.0912669450044632 - perf/mfu/actor_infer:0.24891484510925835 - actor/pg_clipfrac:4.631227602658328e-05 - actor/ppo_kl:-0.00013860926878805913 - actor/pg_clipfrac_lower:0.0 - actor/pg_loss:0.011025177082046866 - actor/kl_loss:0.011948254192247987 - actor/kl_coef:0.001 - actor/loss:0.011037126183509827 - actor/grad_norm:0.3550918847322464 - actor/perf/max_memory_allocated_gb:29.571680545806885 - actor/perf/max_memory_reserved_gb:41.203125 - actor/perf/cpu_memory_used_gb:26.67217254638672 - actor/lr:1e-06 - perf/mfu/actor:0.20911068487604234 - training/global_step:67 - training/epoch:0 - critic/score/mean:0.9140625 - critic/score/max:1.0 - critic/score/min:0.0 - critic/rewards/mean:0.9140625 - critic/rewards/max:1.0 - critic/rewards/min:0.0 - critic/advantages/mean:-0.01113712228834629 - critic/advantages/max:0.5400605201721191 - critic/advantages/min:-2.4748666286468506 - critic/returns/mean:-0.01113712228834629 - critic/returns/max:0.5400605201721191 - critic/returns/min:-2.4748666286468506 - response_length/mean:278.6796875 - response_length/max:496.0 - response_length/min:133.0 - response_length/clip_ratio:0.0 - response_length_non_aborted/mean:278.6796875 - response_length_non_aborted/max:496.0 - response_length_non_aborted/min:133.0 - response_length_non_aborted/clip_ratio:0.0 - response/aborted_ratio:0.0 - prompt_length/mean:103.3125 - prompt_length/max:155.0 - prompt_length/min:72.0 - prompt_length/clip_ratio:0.0 - num_turns/min:2 - num_turns/max:2 - num_turns/mean:2.0 - timing_s/start_profile:7.698871195316315e-05 - timing_s/agent_loop/num_preempted/min:-1 - timing_s/agent_loop/num_preempted/max:-1 - timing_s/agent_loop/num_preempted/mean:-1.0 - timing_s/agent_loop/generate_sequences/min:0.6785514587536454 - timing_s/agent_loop/generate_sequences/max:1.9242880381643772 - timing_s/agent_loop/generate_sequences/mean:1.2811745808357955 - timing_s/agent_loop/tool_calls/min:0.0 - timing_s/agent_loop/tool_calls/max:0.0 - timing_s/agent_loop/tool_calls/mean:0.0 - timing_s/agent_loop/compute_score/min:0.0037368126213550568 - timing_s/agent_loop/compute_score/max:0.010838035494089127 - timing_s/agent_loop/compute_score/mean:0.005157996500201989 - timing_s/agent_loop/slowest/generate_sequences:1.9242880381643772 - timing_s/agent_loop/slowest/tool_calls:0.0 - timing_s/agent_loop/slowest/compute_score:0.004858923144638538 - timing_s/agent_loop/slowest/num_preempted:-1 - timing_s/agent_loop/slowest/prompt_length:91 - timing_s/agent_loop/slowest/response_length:496 - timing_s/gen:2.509020327590406 - timing_s/reward:1.3859942555427551e-05 - timing_s/old_log_prob:0.7973309950903058 - timing_s/ref:2.7069446947425604 - timing_s/adv:0.002385656349360943 - timing_s/update_actor:2.665867463685572 - timing_s/update_weights:0.856208723038435 - timing_s/step:9.586992971599102 - timing_s/stop_profile:8.171983063220978e-05 - timing_per_token_ms/ref:0.05536240300117722 - timing_per_token_ms/gen:0.0703378186086851 - timing_per_token_ms/update_actor:0.05452229192525968 - timing_per_token_ms/adv:4.879141730976465e-05 - perf/total_num_tokens:48895 - perf/time_per_step:9.586992971599102 - perf/throughput:5100.139339295287
[36m(TaskRunner pid=776037)[0m step:68 - global_seqlen/min:49068 - global_seqlen/max:49068 - global_seqlen/minmax_diff:0 - global_seqlen/balanced_min:49068 - global_seqlen/balanced_max:49068 - global_seqlen/mean:49068.0 - actor/entropy:0.126105397939682 - perf/mfu/actor_infer:0.24916175200772117 - actor/pg_clipfrac:0.00045449461504176725 - actor/ppo_kl:0.00016979685324258753 - actor/pg_clipfrac_lower:0.0 - actor/pg_loss:0.00245060957968235 - actor/kl_loss:0.014475260861217976 - actor/kl_coef:0.001 - actor/loss:0.0024650837294757366 - actor/grad_norm:0.6415373086929321 - actor/perf/max_memory_allocated_gb:29.571680545806885 - actor/perf/max_memory_reserved_gb:41.203125 - actor/perf/cpu_memory_used_gb:26.676286697387695 - actor/lr:1e-06 - perf/mfu/actor:0.21011618039462454 - training/global_step:68 - training/epoch:0 - critic/score/mean:0.8359375 - critic/score/max:1.0 - critic/score/min:0.0 - critic/rewards/mean:0.8359375 - critic/rewards/max:1.0 - critic/rewards/min:0.0 - critic/advantages/mean:-0.0025533593725413084 - critic/advantages/max:2.4748666286468506 - critic/advantages/min:-2.4748666286468506 - critic/returns/mean:-0.0025533593725413084 - critic/returns/max:2.4748666286468506 - critic/returns/min:-2.4748666286468506 - response_length/mean:279.53125 - response_length/max:485.0 - response_length/min:140.0 - response_length/clip_ratio:0.0 - response_length_non_aborted/mean:279.53125 - response_length_non_aborted/max:485.0 - response_length_non_aborted/min:140.0 - response_length_non_aborted/clip_ratio:0.0 - response/aborted_ratio:0.0 - prompt_length/mean:103.8125 - prompt_length/max:166.0 - prompt_length/min:72.0 - prompt_length/clip_ratio:0.0 - num_turns/min:2 - num_turns/max:2 - num_turns/mean:2.0 - timing_s/start_profile:7.908884435892105e-05 - timing_s/agent_loop/num_preempted/min:-1 - timing_s/agent_loop/num_preempted/max:-1 - timing_s/agent_loop/num_preempted/mean:-1.0 - timing_s/agent_loop/generate_sequences/min:0.7456122171133757 - timing_s/agent_loop/generate_sequences/max:1.8976805666461587 - timing_s/agent_loop/generate_sequences/mean:1.3001621310249902 - timing_s/agent_loop/tool_calls/min:0.0 - timing_s/agent_loop/tool_calls/max:0.0 - timing_s/agent_loop/tool_calls/mean:0.0 - timing_s/agent_loop/compute_score/min:0.0037375744432210922 - timing_s/agent_loop/compute_score/max:0.009866183623671532 - timing_s/agent_loop/compute_score/mean:0.005246222564892378 - timing_s/agent_loop/slowest/generate_sequences:1.8976805666461587 - timing_s/agent_loop/slowest/tool_calls:0.0 - timing_s/agent_loop/slowest/compute_score:0.004999792203307152 - timing_s/agent_loop/slowest/num_preempted:-1 - timing_s/agent_loop/slowest/prompt_length:166 - timing_s/agent_loop/slowest/response_length:485 - timing_s/gen:2.4580476814880967 - timing_s/reward:1.588929444551468e-05 - timing_s/old_log_prob:0.7934980718418956 - timing_s/ref:2.3152748299762607 - timing_s/adv:0.003417816013097763 - timing_s/update_actor:2.669133431278169 - timing_s/update_weights:0.8586748288944364 - timing_s/step:9.14719071239233 - timing_s/stop_profile:7.575936615467072e-05 - timing_per_token_ms/ref:0.04718502547436742 - timing_per_token_ms/gen:0.06869892905221064 - timing_per_token_ms/update_actor:0.054396621653178635 - timing_per_token_ms/adv:6.96546835635804e-05 - perf/total_num_tokens:49068 - perf/time_per_step:9.14719071239233 - perf/throughput:5364.269920985052
[36m(WorkerDict pid=776530)[0m INFO:2026-07-25 14:06:36,328:update_weights done, time cost: 0.47s
[36m(TaskRunner pid=776037)[0m Training Progress:  35%|███▌      | 70/200 [11:40<20:15,  9.35s/it]
[36m(WorkerDict pid=776530)[0m INFO:2026-07-25 14:06:45,833:update_weights done, time cost: 0.47s
[36m(TaskRunner pid=776037)[0m Training Progress:  36%|███▌      | 71/200 [11:50<20:12,  9.40s/it]
[36m(TaskRunner pid=776037)[0m step:69 - global_seqlen/min:49278 - global_seqlen/max:49278 - global_seqlen/minmax_diff:0 - global_seqlen/balanced_min:49278 - global_seqlen/balanced_max:49278 - global_seqlen/mean:49278.0 - actor/entropy:0.12220746278762817 - perf/mfu/actor_infer:0.2502197791367273 - actor/pg_clipfrac:0.000439712472143583 - actor/ppo_kl:2.3548985666366207e-05 - actor/pg_clipfrac_lower:0.0 - actor/pg_loss:0.027502480894327164 - actor/kl_loss:0.015454429958481342 - actor/kl_coef:0.001 - actor/loss:0.027517937123775482 - actor/grad_norm:0.6233546733856201 - actor/perf/max_memory_allocated_gb:29.571680545806885 - actor/perf/max_memory_reserved_gb:41.203125 - actor/perf/cpu_memory_used_gb:26.677490234375 - actor/lr:1e-06 - perf/mfu/actor:0.21150139125784853 - training/global_step:69 - training/epoch:0 - critic/score/mean:0.828125 - critic/score/max:1.0 - critic/score/min:0.0 - critic/rewards/mean:0.828125 - critic/rewards/max:1.0 - critic/rewards/min:0.0 - critic/advantages/mean:-0.027117740362882614 - critic/advantages/max:0.935412585735321 - critic/advantages/min:-2.4748666286468506 - critic/returns/mean:-0.027117740362882614 - critic/returns/max:0.935412585735321 - critic/returns/min:-2.4748666286468506 - response_length/mean:276.921875 - response_length/max:512.0 - response_length/min:159.0 - response_length/clip_ratio:0.0078125 - response_length_non_aborted/mean:276.921875 - response_length_non_aborted/max:512.0 - response_length_non_aborted/min:159.0 - response_length_non_aborted/clip_ratio:0.0078125 - response/aborted_ratio:0.0 - prompt_length/mean:108.0625 - prompt_length/max:146.0 - prompt_length/min:75.0 - prompt_length/clip_ratio:0.0 - num_turns/min:2 - num_turns/max:2 - num_turns/mean:2.0 - timing_s/start_profile:8.360855281352997e-05 - timing_s/agent_loop/num_preempted/min:-1 - timing_s/agent_loop/num_preempted/max:-1 - timing_s/agent_loop/num_preempted/mean:-1.0 - timing_s/agent_loop/generate_sequences/min:0.8058439716696739 - timing_s/agent_loop/generate_sequences/max:1.9360465127974749 - timing_s/agent_loop/generate_sequences/mean:1.2802770652269828 - timing_s/agent_loop/tool_calls/min:0.0 - timing_s/agent_loop/tool_calls/max:0.0 - timing_s/agent_loop/tool_calls/mean:0.0 - timing_s/agent_loop/compute_score/min:0.003264438360929489 - timing_s/agent_loop/compute_score/max:0.009740634821355343 - timing_s/agent_loop/compute_score/mean:0.005078472902823705 - timing_s/agent_loop/slowest/generate_sequences:1.9360465127974749 - timing_s/agent_loop/slowest/tool_calls:0.0 - timing_s/agent_loop/slowest/compute_score:0.006022050976753235 - timing_s/agent_loop/slowest/num_preempted:-1 - timing_s/agent_loop/slowest/prompt_length:123 - timing_s/agent_loop/slowest/response_length:512 - timing_s/gen:2.5118699595332146 - timing_s/reward:1.41095370054245e-05 - timing_s/old_log_prob:0.7980667063966393 - timing_s/ref:2.331309823319316 - timing_s/adv:0.003414386883378029 - timing_s/update_actor:2.6611889582127333 - timing_s/update_weights:0.8712897961959243 - timing_s/step:9.225247305817902 - timing_s/stop_profile:8.493941277265549e-05 - timing_per_token_ms/ref:0.04730934338486375 - timing_per_token_ms/gen:0.0708646944516508 - timing_per_token_ms/update_actor:0.05400359101856271 - timing_per_token_ms/adv:6.928826014404052e-05 - perf/total_num_tokens:49278 - perf/time_per_step:9.225247305817902 - perf/throughput:5341.64541788737
[36m(TaskRunner pid=776037)[0m step:70 - global_seqlen/min:52894 - global_seqlen/max:52894 - global_seqlen/minmax_diff:0 - global_seqlen/balanced_min:52894 - global_seqlen/balanced_max:52894 - global_seqlen/mean:52894.0 - actor/entropy:0.1051669642329216 - perf/mfu/actor_infer:0.258712199368822 - actor/pg_clipfrac:0.00026352773056714796 - actor/ppo_kl:6.952697367523797e-05 - actor/pg_clipfrac_lower:0.0 - actor/pg_loss:0.014483524835668504 - actor/kl_loss:0.0138502643967513 - actor/kl_coef:0.001 - actor/loss:0.014497376047074795 - actor/grad_norm:0.5106573551893234 - actor/perf/max_memory_allocated_gb:29.571680545806885 - actor/perf/max_memory_reserved_gb:41.203125 - actor/perf/cpu_memory_used_gb:26.681591033935547 - actor/lr:1e-06 - perf/mfu/actor:0.2187529120210294 - training/global_step:70 - training/epoch:0 - critic/score/mean:0.8984375 - critic/score/max:1.0 - critic/score/min:0.0 - critic/rewards/mean:0.8984375 - critic/rewards/max:1.0 - critic/rewards/min:0.0 - critic/advantages/mean:-0.014818132854998112 - critic/advantages/max:1.6201815605163574 - critic/advantages/min:-2.4748666286468506 - critic/returns/mean:-0.014818132854998112 - critic/returns/max:1.6201815605163574 - critic/returns/min:-2.4748666286468506 - response_length/mean:304.484375 - response_length/max:512.0 - response_length/min:189.0 - response_length/clip_ratio:0.0234375 - response_length_non_aborted/mean:304.484375 - response_length_non_aborted/max:512.0 - response_length_non_aborted/min:189.0 - response_length_non_aborted/clip_ratio:0.0234375 - response/aborted_ratio:0.0 - prompt_length/mean:108.75 - prompt_length/max:194.0 - prompt_length/min:81.0 - prompt_length/clip_ratio:0.0 - num_turns/min:2 - num_turns/max:2 - num_turns/mean:2.0 - timing_s/start_profile:8.43685120344162e-05 - timing_s/agent_loop/num_preempted/min:-1 - timing_s/agent_loop/num_preempted/max:-1 - timing_s/agent_loop/num_preempted/mean:-1.0 - timing_s/agent_loop/generate_sequences/min:0.9032728746533394 - timing_s/agent_loop/generate_sequences/max:2.0498583670705557 - timing_s/agent_loop/generate_sequences/mean:1.406779438140802 - timing_s/agent_loop/tool_calls/min:0.0 - timing_s/agent_loop/tool_calls/max:0.0 - timing_s/agent_loop/tool_calls/mean:0.0 - timing_s/agent_loop/compute_score/min:0.0029964009299874306 - timing_s/agent_loop/compute_score/max:0.010247010737657547 - timing_s/agent_loop/compute_score/mean:0.005129103279614355 - timing_s/agent_loop/slowest/generate_sequences:2.0498583670705557 - timing_s/agent_loop/slowest/tool_calls:0.0 - timing_s/agent_loop/slowest/compute_score:0.004863402806222439 - timing_s/agent_loop/slowest/num_preempted:-1 - timing_s/agent_loop/slowest/prompt_length:112 - timing_s/agent_loop/slowest/response_length:512 - timing_s/gen:2.635559778660536 - timing_s/reward:1.4220364391803741e-05 - timing_s/old_log_prob:0.8219590242952108 - timing_s/ref:2.32439933065325 - timing_s/adv:0.0034095756709575653 - timing_s/update_actor:2.757921508513391 - timing_s/update_weights:0.8731920067220926 - timing_s/step:9.465614750050008 - timing_s/stop_profile:7.522851228713989e-05 - timing_per_token_ms/ref:0.04394448010461017 - timing_per_token_ms/gen:0.06762353822190527 - timing_per_token_ms/update_actor:0.052140535949510174 - timing_per_token_ms/adv:6.446053750817797e-05 - perf/total_num_tokens:52894 - perf/time_per_step:9.465614750050008 - perf/throughput:5588.015295015102
[36m(WorkerDict pid=776530)[0m INFO:2026-07-25 14:06:55,179:update_weights done, time cost: 0.47s
[36m(TaskRunner pid=776037)[0m Training Progress:  36%|███▌      | 72/200 [11:59<20:00,  9.38s/it]
[36m(WorkerDict pid=776530)[0m INFO:2026-07-25 14:07:04,991:update_weights done, time cost: 0.47s
[36m(TaskRunner pid=776037)[0m Training Progress:  36%|███▋      | 73/200 [12:09<20:07,  9.51s/it]
[36m(TaskRunner pid=776037)[0m step:71 - global_seqlen/min:54123 - global_seqlen/max:54123 - global_seqlen/minmax_diff:0 - global_seqlen/balanced_min:54123 - global_seqlen/balanced_max:54123 - global_seqlen/mean:54123.0 - actor/entropy:0.1552194058895111 - perf/mfu/actor_infer:0.26004879646214235 - actor/pg_clipfrac:8.749914741201792e-05 - actor/ppo_kl:-3.3503038025628484e-05 - actor/pg_clipfrac_lower:0.0 - actor/pg_loss:0.002868708790629171 - actor/kl_loss:0.012822761898860335 - actor/kl_coef:0.001 - actor/loss:0.002881530672311783 - actor/grad_norm:0.5728503912687302 - actor/perf/max_memory_allocated_gb:29.571680545806885 - actor/perf/max_memory_reserved_gb:41.203125 - actor/perf/cpu_memory_used_gb:26.682788848876953 - actor/lr:1e-06 - perf/mfu/actor:0.2210177615946767 - training/global_step:71 - training/epoch:0 - critic/score/mean:0.671875 - critic/score/max:1.0 - critic/score/min:0.0 - critic/rewards/mean:0.671875 - critic/rewards/max:1.0 - critic/rewards/min:0.0 - critic/advantages/mean:-0.00275682401843369 - critic/advantages/max:2.4748666286468506 - critic/advantages/min:-1.20761239528656 - critic/returns/mean:-0.00275682401843369 - critic/returns/max:2.4748666286468506 - critic/returns/min:-1.20761239528656 - response_length/mean:317.9609375 - response_length/max:512.0 - response_length/min:166.0 - response_length/clip_ratio:0.0390625 - response_length_non_aborted/mean:317.9609375 - response_length_non_aborted/max:512.0 - response_length_non_aborted/min:166.0 - response_length_non_aborted/clip_ratio:0.0390625 - response/aborted_ratio:0.0 - prompt_length/mean:104.875 - prompt_length/max:146.0 - prompt_length/min:77.0 - prompt_length/clip_ratio:0.0 - num_turns/min:2 - num_turns/max:2 - num_turns/mean:2.0 - timing_s/start_profile:7.413886487483978e-05 - timing_s/agent_loop/num_preempted/min:-1 - timing_s/agent_loop/num_preempted/max:-1 - timing_s/agent_loop/num_preempted/mean:-1.0 - timing_s/agent_loop/generate_sequences/min:0.7922740243375301 - timing_s/agent_loop/generate_sequences/max:2.044588669203222 - timing_s/agent_loop/generate_sequences/mean:1.4412373546001618 - timing_s/agent_loop/tool_calls/min:0.0 - timing_s/agent_loop/tool_calls/max:0.0 - timing_s/agent_loop/tool_calls/mean:0.0 - timing_s/agent_loop/compute_score/min:0.003969341516494751 - timing_s/agent_loop/compute_score/max:0.013452180661261082 - timing_s/agent_loop/compute_score/mean:0.005481181346112862 - timing_s/agent_loop/slowest/generate_sequences:2.044588669203222 - timing_s/agent_loop/slowest/tool_calls:0.0 - timing_s/agent_loop/slowest/compute_score:0.004944922402501106 - timing_s/agent_loop/slowest/num_preempted:-1 - timing_s/agent_loop/slowest/prompt_length:136 - timing_s/agent_loop/slowest/response_length:512 - timing_s/gen:2.6022185515612364 - timing_s/reward:1.3999640941619873e-05 - timing_s/old_log_prob:0.8394254455342889 - timing_s/ref:2.3429510593414307 - timing_s/adv:0.0033995863050222397 - timing_s/update_actor:2.793106366880238 - timing_s/update_weights:0.8737447019666433 - timing_s/step:9.504534392617643 - timing_s/stop_profile:8.371938019990921e-05 - timing_per_token_ms/ref:0.043289378994908465 - timing_per_token_ms/gen:0.06393814471021982 - timing_per_token_ms/update_actor:0.05160664351348296 - timing_per_token_ms/adv:6.28122296440005e-05 - perf/total_num_tokens:54123 - perf/time_per_step:9.504534392617643 - perf/throughput:5694.439913020715
[36m(TaskRunner pid=776037)[0m step:72 - global_seqlen/min:51786 - global_seqlen/max:51786 - global_seqlen/minmax_diff:0 - global_seqlen/balanced_min:51786 - global_seqlen/balanced_max:51786 - global_seqlen/mean:51786.0 - actor/entropy:0.103595070540905 - perf/mfu/actor_infer:0.25346969966480776 - actor/pg_clipfrac:0.00026097847876371816 - actor/ppo_kl:-5.36787108558201e-05 - actor/pg_clipfrac_lower:0.0 - actor/pg_loss:0.00796003919094801 - actor/kl_loss:0.013340940000489354 - actor/kl_coef:0.001 - actor/loss:0.007973380386829376 - actor/grad_norm:0.5035645365715027 - actor/perf/max_memory_allocated_gb:29.571680545806885 - actor/perf/max_memory_reserved_gb:41.203125 - actor/perf/cpu_memory_used_gb:26.68794822692871 - actor/lr:1e-06 - perf/mfu/actor:0.21669176607184454 - training/global_step:72 - training/epoch:0 - critic/score/mean:0.9140625 - critic/score/max:1.0 - critic/score/min:0.0 - critic/rewards/mean:0.9140625 - critic/rewards/max:1.0 - critic/rewards/min:0.0 - critic/advantages/mean:-0.0071774874813854694 - critic/advantages/max:0.935412585735321 - critic/advantages/min:-2.4748666286468506 - critic/returns/mean:-0.0071774874813854694 - critic/returns/max:0.935412585735321 - critic/returns/min:-2.4748666286468506 - response_length/mean:296.515625 - response_length/max:512.0 - response_length/min:123.0 - response_length/clip_ratio:0.0078125 - response_length_non_aborted/mean:296.515625 - response_length_non_aborted/max:512.0 - response_length_non_aborted/min:123.0 - response_length_non_aborted/clip_ratio:0.0078125 - response/aborted_ratio:0.0 - prompt_length/mean:108.0625 - prompt_length/max:153.0 - prompt_length/min:73.0 - prompt_length/clip_ratio:0.0 - num_turns/min:2 - num_turns/max:2 - num_turns/mean:2.0 - timing_s/start_profile:7.479824125766754e-05 - timing_s/agent_loop/num_preempted/min:-1 - timing_s/agent_loop/num_preempted/max:-1 - timing_s/agent_loop/num_preempted/mean:-1.0 - timing_s/agent_loop/generate_sequences/min:0.5974474670365453 - timing_s/agent_loop/generate_sequences/max:1.966544097289443 - timing_s/agent_loop/generate_sequences/mean:1.3277493682762724 - timing_s/agent_loop/tool_calls/min:0.0 - timing_s/agent_loop/tool_calls/max:0.0 - timing_s/agent_loop/tool_calls/mean:0.0 - timing_s/agent_loop/compute_score/min:0.003690744750201702 - timing_s/agent_loop/compute_score/max:0.012856504879891872 - timing_s/agent_loop/compute_score/mean:0.005484522000188008 - timing_s/agent_loop/slowest/generate_sequences:1.966544097289443 - timing_s/agent_loop/slowest/tool_calls:0.0 - timing_s/agent_loop/slowest/compute_score:0.005247688852250576 - timing_s/agent_loop/slowest/num_preempted:-1 - timing_s/agent_loop/slowest/prompt_length:116 - timing_s/agent_loop/slowest/response_length:512 - timing_s/gen:2.5246440153568983 - timing_s/reward:1.4649704098701477e-05 - timing_s/old_log_prob:0.8276848299428821 - timing_s/ref:2.342706423252821 - timing_s/adv:0.003416895866394043 - timing_s/update_actor:2.7227549105882645 - timing_s/update_weights:0.867524323053658 - timing_s/step:9.338096519000828 - timing_s/stop_profile:7.984880357980728e-05 - timing_per_token_ms/ref:0.0452382192726378 - timing_per_token_ms/gen:0.06651852282649783 - timing_per_token_ms/update_actor:0.05257704612420856 - timing_per_token_ms/adv:6.598107338651456e-05 - perf/total_num_tokens:51786 - perf/time_per_step:9.338096519000828 - perf/throughput:5545.66981553764
[36m(WorkerDict pid=776530)[0m INFO:2026-07-25 14:07:14,567:update_weights done, time cost: 0.46s
[36m(TaskRunner pid=776037)[0m Training Progress:  37%|███▋      | 74/200 [12:19<20:00,  9.53s/it]
[36m(WorkerDict pid=776530)[0m INFO:2026-07-25 14:07:23,705:update_weights done, time cost: 0.47s
[36m(TaskRunner pid=776037)[0m Training Progress:  38%|███▊      | 75/200 [12:28<19:36,  9.41s/it]
[36m(TaskRunner pid=776037)[0m step:73 - global_seqlen/min:53687 - global_seqlen/max:53687 - global_seqlen/minmax_diff:0 - global_seqlen/balanced_min:53687 - global_seqlen/balanced_max:53687 - global_seqlen/mean:53687.0 - actor/entropy:0.13243182003498077 - perf/mfu/actor_infer:0.2594782760303555 - actor/pg_clipfrac:0.00025619710868340917 - actor/ppo_kl:1.6101459095807513e-05 - actor/pg_clipfrac_lower:0.0 - actor/pg_loss:-0.00931803164712619 - actor/kl_loss:0.013890720321796834 - actor/kl_coef:0.001 - actor/loss:-0.009304139763116837 - actor/grad_norm:0.598702073097229 - actor/perf/max_memory_allocated_gb:29.571680545806885 - actor/perf/max_memory_reserved_gb:41.203125 - actor/perf/cpu_memory_used_gb:26.68681526184082 - actor/lr:1e-06 - perf/mfu/actor:0.22268360193667885 - training/global_step:73 - training/epoch:0 - critic/score/mean:0.765625 - critic/score/max:1.0 - critic/score/min:0.0 - critic/rewards/mean:0.765625 - critic/rewards/max:1.0 - critic/rewards/min:0.0 - critic/advantages/mean:0.009378429502248764 - critic/advantages/max:1.20761239528656 - critic/advantages/min:-2.4748666286468506 - critic/returns/mean:0.009378429502248764 - critic/returns/max:1.20761239528656 - critic/returns/min:-2.4748666286468506 - response_length/mean:315.0546875 - response_length/max:512.0 - response_length/min:175.0 - response_length/clip_ratio:0.03125 - response_length_non_aborted/mean:315.0546875 - response_length_non_aborted/max:512.0 - response_length_non_aborted/min:175.0 - response_length_non_aborted/clip_ratio:0.03125 - response/aborted_ratio:0.0 - prompt_length/mean:104.375 - prompt_length/max:152.0 - prompt_length/min:80.0 - prompt_length/clip_ratio:0.0 - num_turns/min:2 - num_turns/max:2 - num_turns/mean:2.0 - timing_s/start_profile:7.65891745686531e-05 - timing_s/agent_loop/num_preempted/min:-1 - timing_s/agent_loop/num_preempted/max:-1 - timing_s/agent_loop/num_preempted/mean:-1.0 - timing_s/agent_loop/generate_sequences/min:0.863612100481987 - timing_s/agent_loop/generate_sequences/max:2.048197784461081 - timing_s/agent_loop/generate_sequences/mean:1.4369984360819217 - timing_s/agent_loop/tool_calls/min:0.0 - timing_s/agent_loop/tool_calls/max:0.0 - timing_s/agent_loop/tool_calls/mean:0.0 - timing_s/agent_loop/compute_score/min:0.003814753144979477 - timing_s/agent_loop/compute_score/max:0.010103732347488403 - timing_s/agent_loop/compute_score/mean:0.00524052406399278 - timing_s/agent_loop/slowest/generate_sequences:2.048197784461081 - timing_s/agent_loop/slowest/tool_calls:0.0 - timing_s/agent_loop/slowest/compute_score:0.004902551881968975 - timing_s/agent_loop/slowest/num_preempted:-1 - timing_s/agent_loop/slowest/prompt_length:101 - timing_s/agent_loop/slowest/response_length:512 - timing_s/gen:2.6102995024994016 - timing_s/reward:1.4060176908969879e-05 - timing_s/old_log_prob:1.1984477192163467 - timing_s/ref:2.3241544626653194 - timing_s/adv:0.0034024370834231377 - timing_s/update_actor:2.7477977788075805 - timing_s/update_weights:0.8705921126529574 - timing_s/step:9.803385369479656 - timing_s/stop_profile:8.045881986618042e-05 - timing_per_token_ms/ref:0.04329082389899453 - timing_per_token_ms/gen:0.0647283334366405 - timing_per_token_ms/update_actor:0.05118180898183136 - timing_per_token_ms/adv:6.337543694792292e-05 - perf/total_num_tokens:53687 - perf/time_per_step:9.803385369479656 - perf/throughput:5476.373515534828
[36m(TaskRunner pid=776037)[0m step:74 - global_seqlen/min:56004 - global_seqlen/max:56004 - global_seqlen/minmax_diff:0 - global_seqlen/balanced_min:56004 - global_seqlen/balanced_max:56004 - global_seqlen/mean:56004.0 - actor/entropy:0.14127083122730255 - perf/mfu/actor_infer:0.2625180328325403 - actor/pg_clipfrac:0.0001950459300132934 - actor/ppo_kl:-0.0002097681067425583 - actor/pg_clipfrac_lower:0.0 - actor/pg_loss:-0.005402306211180985 - actor/kl_loss:0.014253320579882711 - actor/kl_coef:0.001 - actor/loss:-0.005388053134083748 - actor/grad_norm:0.479804128408432 - actor/perf/max_memory_allocated_gb:29.571680545806885 - actor/perf/max_memory_reserved_gb:41.203125 - actor/perf/cpu_memory_used_gb:26.704317092895508 - actor/lr:1e-06 - perf/mfu/actor:0.22605161874498375 - training/global_step:74 - training/epoch:0 - critic/score/mean:0.796875 - critic/score/max:1.0 - critic/score/min:0.0 - critic/rewards/mean:0.796875 - critic/rewards/max:1.0 - critic/rewards/min:0.0 - critic/advantages/mean:0.005233621224761009 - critic/advantages/max:1.6201815605163574 - critic/advantages/min:-2.4748666286468506 - critic/returns/mean:0.005233621224761009 - critic/returns/max:1.6201815605163574 - critic/returns/min:-2.4748666286468506 - response_length/mean:321.59375 - response_length/max:512.0 - response_length/min:181.0 - response_length/clip_ratio:0.0234375 - response_length_non_aborted/mean:321.59375 - response_length_non_aborted/max:512.0 - response_length_non_aborted/min:181.0 - response_length_non_aborted/clip_ratio:0.0234375 - response/aborted_ratio:0.0 - prompt_length/mean:115.9375 - prompt_length/max:199.0 - prompt_length/min:82.0 - prompt_length/clip_ratio:0.0 - num_turns/min:2 - num_turns/max:2 - num_turns/mean:2.0 - timing_s/start_profile:7.398892194032669e-05 - timing_s/agent_loop/num_preempted/min:-1 - timing_s/agent_loop/num_preempted/max:-1 - timing_s/agent_loop/num_preempted/mean:-1.0 - timing_s/agent_loop/generate_sequences/min:0.8892644308507442 - timing_s/agent_loop/generate_sequences/max:2.0669338908046484 - timing_s/agent_loop/generate_sequences/mean:1.4728851139952894 - timing_s/agent_loop/tool_calls/min:0.0 - timing_s/agent_loop/tool_calls/max:0.0 - timing_s/agent_loop/tool_calls/mean:0.0 - timing_s/agent_loop/compute_score/min:0.003434455953538418 - timing_s/agent_loop/compute_score/max:0.011898535303771496 - timing_s/agent_loop/compute_score/mean:0.005137588785146363 - timing_s/agent_loop/slowest/generate_sequences:2.0669338908046484 - timing_s/agent_loop/slowest/tool_calls:0.0 - timing_s/agent_loop/slowest/compute_score:0.00486158300191164 - timing_s/agent_loop/slowest/num_preempted:-1 - timing_s/agent_loop/slowest/prompt_length:104 - timing_s/agent_loop/slowest/response_length:512 - timing_s/gen:2.627769812941551 - timing_s/reward:1.570954918861389e-05 - timing_s/old_log_prob:0.8590783849358559 - timing_s/ref:2.3493498973548412 - timing_s/adv:0.00342581607401371 - timing_s/update_actor:2.8229916878044605 - timing_s/update_weights:0.8579437956213951 - timing_s/step:9.569414090365171 - timing_s/stop_profile:8.19982960820198e-05 - timing_per_token_ms/ref:0.041949680332741254 - timing_per_token_ms/gen:0.06383660025608666 - timing_per_token_ms/update_actor:0.05040696535612564 - timing_per_token_ms/adv:6.117091768469592e-05 - perf/total_num_tokens:56004 - perf/time_per_step:9.569414090365171 - perf/throughput:5852.395922169031
[36m(WorkerDict pid=776530)[0m INFO:2026-07-25 14:07:32,818:update_weights done, time cost: 0.46s
[36m(TaskRunner pid=776037)[0m Training Progress:  38%|███▊      | 76/200 [12:37<19:15,  9.32s/it]
[36m(WorkerDict pid=776530)[0m INFO:2026-07-25 14:07:41,992:update_weights done, time cost: 0.47s
[36m(TaskRunner pid=776037)[0m Training Progress:  38%|███▊      | 77/200 [12:46<19:00,  9.28s/it]
[36m(TaskRunner pid=776037)[0m step:75 - global_seqlen/min:49034 - global_seqlen/max:49034 - global_seqlen/minmax_diff:0 - global_seqlen/balanced_min:49034 - global_seqlen/balanced_max:49034 - global_seqlen/mean:49034.0 - actor/entropy:0.12216328829526901 - perf/mfu/actor_infer:0.24916886073214872 - actor/pg_clipfrac:0.00026000547950388864 - actor/ppo_kl:6.242197832762031e-05 - actor/pg_clipfrac_lower:0.0 - actor/pg_loss:0.015160563460085541 - actor/kl_loss:0.015325815824326128 - actor/kl_coef:0.001 - actor/loss:0.015175886452198029 - actor/grad_norm:0.5963853001594543 - actor/perf/max_memory_allocated_gb:29.571680545806885 - actor/perf/max_memory_reserved_gb:41.203125 - actor/perf/cpu_memory_used_gb:26.707138061523438 - actor/lr:1e-06 - perf/mfu/actor:0.213931987388027 - training/global_step:75 - training/epoch:0 - critic/score/mean:0.7578125 - critic/score/max:1.0 - critic/score/min:0.0 - critic/rewards/mean:0.7578125 - critic/rewards/max:1.0 - critic/rewards/min:0.0 - critic/advantages/mean:-0.015789028257131577 - critic/advantages/max:2.4748666286468506 - critic/advantages/min:-2.4748666286468506 - critic/returns/mean:-0.015789028257131577 - critic/returns/max:2.4748666286468506 - critic/returns/min:-2.4748666286468506 - response_length/mean:284.703125 - response_length/max:493.0 - response_length/min:135.0 - response_length/clip_ratio:0.0 - response_length_non_aborted/mean:284.703125 - response_length_non_aborted/max:493.0 - response_length_non_aborted/min:135.0 - response_length_non_aborted/clip_ratio:0.0 - response/aborted_ratio:0.0 - prompt_length/mean:98.375 - prompt_length/max:128.0 - prompt_length/min:73.0 - prompt_length/clip_ratio:0.0 - num_turns/min:2 - num_turns/max:2 - num_turns/mean:2.0 - timing_s/start_profile:7.52592459321022e-05 - timing_s/agent_loop/num_preempted/min:-1 - timing_s/agent_loop/num_preempted/max:-1 - timing_s/agent_loop/num_preempted/mean:-1.0 - timing_s/agent_loop/generate_sequences/min:0.6858257176354527 - timing_s/agent_loop/generate_sequences/max:1.9065803494304419 - timing_s/agent_loop/generate_sequences/mean:1.318536583268724 - timing_s/agent_loop/tool_calls/min:0.0 - timing_s/agent_loop/tool_calls/max:0.0 - timing_s/agent_loop/tool_calls/mean:0.0 - timing_s/agent_loop/compute_score/min:0.004012150689959526 - timing_s/agent_loop/compute_score/max:0.009557276964187622 - timing_s/agent_loop/compute_score/mean:0.005165675233001821 - timing_s/agent_loop/slowest/generate_sequences:1.9065803494304419 - timing_s/agent_loop/slowest/tool_calls:0.0 - timing_s/agent_loop/slowest/compute_score:0.0053624678403139114 - timing_s/agent_loop/slowest/num_preempted:-1 - timing_s/agent_loop/slowest/prompt_length:90 - timing_s/agent_loop/slowest/response_length:493 - timing_s/gen:2.4713671328499913 - timing_s/reward:1.34296715259552e-05 - timing_s/old_log_prob:0.7981902556493878 - timing_s/ref:2.3281667539849877 - timing_s/adv:0.0034259874373674393 - timing_s/update_actor:2.616530722938478 - timing_s/update_weights:0.8635573703795671 - timing_s/step:9.13034111727029 - timing_s/stop_profile:7.953029125928879e-05 - timing_per_token_ms/ref:0.047480661459089364 - timing_per_token_ms/gen:0.06781645169996134 - timing_per_token_ms/update_actor:0.05336155979398943 - timing_per_token_ms/adv:6.986962999892807e-05 - perf/total_num_tokens:49034 - perf/time_per_step:9.13034111727029 - perf/throughput:5370.445569361132
[36m(TaskRunner pid=776037)[0m step:76 - global_seqlen/min:47036 - global_seqlen/max:47036 - global_seqlen/minmax_diff:0 - global_seqlen/balanced_min:47036 - global_seqlen/balanced_max:47036 - global_seqlen/mean:47036.0 - actor/entropy:0.12166129797697067 - perf/mfu/actor_infer:0.2419317984143666 - actor/pg_clipfrac:0.0003300835451227613 - actor/ppo_kl:-0.00018213090277185984 - actor/pg_clipfrac_lower:0.0 - actor/pg_loss:-0.003087552380748093 - actor/kl_loss:0.013792086218018085 - actor/kl_coef:0.001 - actor/loss:-0.003073759377002716 - actor/grad_norm:0.5649042129516602 - actor/perf/max_memory_allocated_gb:29.571680545806885 - actor/perf/max_memory_reserved_gb:41.203125 - actor/perf/cpu_memory_used_gb:26.71168327331543 - actor/lr:1e-06 - perf/mfu/actor:0.20751284804932757 - training/global_step:76 - training/epoch:0 - critic/score/mean:0.75 - critic/score/max:1.0 - critic/score/min:0.0 - critic/rewards/mean:0.75 - critic/rewards/max:1.0 - critic/rewards/min:0.0 - critic/advantages/mean:0.0028323056176304817 - critic/advantages/max:1.6201815605163574 - critic/advantages/min:-2.4748666286468506 - critic/returns/mean:0.0028323056176304817 - critic/returns/max:1.6201815605163574 - critic/returns/min:-2.4748666286468506 - response_length/mean:273.15625 - response_length/max:512.0 - response_length/min:133.0 - response_length/clip_ratio:0.0234375 - response_length_non_aborted/mean:273.15625 - response_length_non_aborted/max:512.0 - response_length_non_aborted/min:133.0 - response_length_non_aborted/clip_ratio:0.0234375 - response/aborted_ratio:0.0 - prompt_length/mean:94.3125 - prompt_length/max:135.0 - prompt_length/min:70.0 - prompt_length/clip_ratio:0.0 - num_turns/min:2 - num_turns/max:2 - num_turns/mean:2.0 - timing_s/start_profile:7.552932947874069e-05 - timing_s/agent_loop/num_preempted/min:-1 - timing_s/agent_loop/num_preempted/max:-1 - timing_s/agent_loop/num_preempted/mean:-1.0 - timing_s/agent_loop/generate_sequences/min:0.6326759243384004 - timing_s/agent_loop/generate_sequences/max:1.9331616014242172 - timing_s/agent_loop/generate_sequences/mean:1.2309776168622193 - timing_s/agent_loop/tool_calls/min:0.0 - timing_s/agent_loop/tool_calls/max:0.0 - timing_s/agent_loop/tool_calls/mean:0.0 - timing_s/agent_loop/compute_score/min:0.003605285659432411 - timing_s/agent_loop/compute_score/max:0.011702215299010277 - timing_s/agent_loop/compute_score/mean:0.005068087608378846 - timing_s/agent_loop/slowest/generate_sequences:1.9331616014242172 - timing_s/agent_loop/slowest/tool_calls:0.0 - timing_s/agent_loop/slowest/compute_score:0.004497007466852665 - timing_s/agent_loop/slowest/num_preempted:-1 - timing_s/agent_loop/slowest/prompt_length:110 - timing_s/agent_loop/slowest/response_length:512 - timing_s/gen:2.501530029810965 - timing_s/reward:1.6208738088607788e-05 - timing_s/old_log_prob:0.7896608598530293 - timing_s/ref:2.3227072777226567 - timing_s/adv:0.003407306969165802 - timing_s/update_actor:2.5859050899744034 - timing_s/update_weights:0.8555311188101768 - timing_s/step:9.107692547142506 - timing_s/stop_profile:7.686857134103775e-05 - timing_per_token_ms/ref:0.04938147966924604 - timing_per_token_ms/gen:0.07154587661054128 - timing_per_token_ms/update_actor:0.05497714707828904 - timing_per_token_ms/adv:7.244040669201892e-05 - perf/total_num_tokens:47036 - perf/time_per_step:9.107692547142506 - perf/throughput:5164.425539897844
[36m(WorkerDict pid=776530)[0m INFO:2026-07-25 14:07:51,242:update_weights done, time cost: 0.46s
[36m(TaskRunner pid=776037)[0m Training Progress:  39%|███▉      | 78/200 [12:55<18:51,  9.27s/it]
[36m(WorkerDict pid=776530)[0m INFO:2026-07-25 14:08:01,067:update_weights done, time cost: 0.48s
[36m(TaskRunner pid=776037)[0m Training Progress:  40%|███▉      | 79/200 [13:05<19:02,  9.44s/it]
[36m(TaskRunner pid=776037)[0m step:77 - global_seqlen/min:50287 - global_seqlen/max:50287 - global_seqlen/minmax_diff:0 - global_seqlen/balanced_min:50287 - global_seqlen/balanced_max:50287 - global_seqlen/mean:50287.0 - actor/entropy:0.14551688730716705 - perf/mfu/actor_infer:0.25185616548623296 - actor/pg_clipfrac:0.00012848132610088214 - actor/ppo_kl:-0.00011737974818970542 - actor/pg_clipfrac_lower:0.0 - actor/pg_loss:0.004928307738737203 - actor/kl_loss:0.015152837266214192 - actor/kl_coef:0.001 - actor/loss:0.004943462088704109 - actor/grad_norm:0.6179399192333221 - actor/perf/max_memory_allocated_gb:29.571680545806885 - actor/perf/max_memory_reserved_gb:41.203125 - actor/perf/cpu_memory_used_gb:26.714475631713867 - actor/lr:1e-06 - perf/mfu/actor:0.21597587104989768 - training/global_step:77 - training/epoch:0 - critic/score/mean:0.8046875 - critic/score/max:1.0 - critic/score/min:0.0 - critic/rewards/mean:0.8046875 - critic/rewards/max:1.0 - critic/rewards/min:0.0 - critic/advantages/mean:-0.004712834022939205 - critic/advantages/max:0.935412585735321 - critic/advantages/min:-2.4748666286468506 - critic/returns/mean:-0.004712834022939205 - critic/returns/max:0.935412585735321 - critic/returns/min:-2.4748666286468506 - response_length/mean:287.7421875 - response_length/max:481.0 - response_length/min:101.0 - response_length/clip_ratio:0.0 - response_length_non_aborted/mean:287.7421875 - response_length_non_aborted/max:481.0 - response_length_non_aborted/min:101.0 - response_length_non_aborted/clip_ratio:0.0 - response/aborted_ratio:0.0 - prompt_length/mean:105.125 - prompt_length/max:149.0 - prompt_length/min:76.0 - prompt_length/clip_ratio:0.0 - num_turns/min:2 - num_turns/max:2 - num_turns/mean:2.0 - timing_s/start_profile:8.37789848446846e-05 - timing_s/agent_loop/num_preempted/min:-1 - timing_s/agent_loop/num_preempted/max:-1 - timing_s/agent_loop/num_preempted/mean:-1.0 - timing_s/agent_loop/generate_sequences/min:0.5286470549181104 - timing_s/agent_loop/generate_sequences/max:1.8879612404853106 - timing_s/agent_loop/generate_sequences/mean:1.2993392201678944 - timing_s/agent_loop/tool_calls/min:0.0 - timing_s/agent_loop/tool_calls/max:0.0 - timing_s/agent_loop/tool_calls/mean:0.0 - timing_s/agent_loop/compute_score/min:0.0033038584515452385 - timing_s/agent_loop/compute_score/max:0.009976663626730442 - timing_s/agent_loop/compute_score/mean:0.005354360480851028 - timing_s/agent_loop/slowest/generate_sequences:1.8879612404853106 - timing_s/agent_loop/slowest/tool_calls:0.0 - timing_s/agent_loop/slowest/compute_score:0.005468777380883694 - timing_s/agent_loop/slowest/num_preempted:-1 - timing_s/agent_loop/slowest/prompt_length:115 - timing_s/agent_loop/slowest/response_length:481 - timing_s/gen:2.458000423386693 - timing_s/reward:1.5469267964363098e-05 - timing_s/old_log_prob:0.8090220913290977 - timing_s/ref:2.331751779653132 - timing_s/adv:0.003451467491686344 - timing_s/update_actor:2.6562196472659707 - timing_s/update_weights:0.8569652857258916 - timing_s/step:9.163797002285719 - timing_s/stop_profile:7.736030966043472e-05 - timing_per_token_ms/ref:0.0463688782320109 - timing_per_token_ms/gen:0.06673727086928655 - timing_per_token_ms/update_actor:0.05282119926155807 - timing_per_token_ms/adv:6.863538273681755e-05 - perf/total_num_tokens:50287 - perf/time_per_step:9.163797002285719 - perf/throughput:5487.572453586319
[36m(TaskRunner pid=776037)[0m step:78 - global_seqlen/min:50354 - global_seqlen/max:50354 - global_seqlen/minmax_diff:0 - global_seqlen/balanced_min:50354 - global_seqlen/balanced_max:50354 - global_seqlen/mean:50354.0 - actor/entropy:0.1354476511478424 - perf/mfu/actor_infer:0.25250114451075767 - actor/pg_clipfrac:0.00034771879472828005 - actor/ppo_kl:3.328797174617648e-05 - actor/pg_clipfrac_lower:0.0 - actor/pg_loss:-0.003538205288350582 - actor/kl_loss:0.013865415938198566 - actor/kl_coef:0.001 - actor/loss:-0.0035243406891822815 - actor/grad_norm:0.6440727412700653 - actor/perf/max_memory_allocated_gb:29.571680545806885 - actor/perf/max_memory_reserved_gb:41.203125 - actor/perf/cpu_memory_used_gb:26.72613525390625 - actor/lr:1e-06 - perf/mfu/actor:0.21734536889035075 - training/global_step:78 - training/epoch:0 - critic/score/mean:0.7109375 - critic/score/max:1.0 - critic/score/min:0.0 - critic/rewards/mean:0.7109375 - critic/rewards/max:1.0 - critic/rewards/min:0.0 - critic/advantages/mean:0.004219738766551018 - critic/advantages/max:1.6201815605163574 - critic/advantages/min:-2.4748666286468506 - critic/returns/mean:0.004219738766551018 - critic/returns/max:1.6201815605163574 - critic/returns/min:-2.4748666286468506 - response_length/mean:287.828125 - response_length/max:512.0 - response_length/min:175.0 - response_length/clip_ratio:0.015625 - response_length_non_aborted/mean:287.828125 - response_length_non_aborted/max:512.0 - response_length_non_aborted/min:175.0 - response_length_non_aborted/clip_ratio:0.015625 - response/aborted_ratio:0.0 - prompt_length/mean:105.5625 - prompt_length/max:162.0 - prompt_length/min:78.0 - prompt_length/clip_ratio:0.0 - num_turns/min:2 - num_turns/max:2 - num_turns/mean:2.0 - timing_s/start_profile:8.073914796113968e-05 - timing_s/agent_loop/num_preempted/min:-1 - timing_s/agent_loop/num_preempted/max:-1 - timing_s/agent_loop/num_preempted/mean:-1.0 - timing_s/agent_loop/generate_sequences/min:0.8861461617052555 - timing_s/agent_loop/generate_sequences/max:1.9786085402593017 - timing_s/agent_loop/generate_sequences/mean:1.3371579244267195 - timing_s/agent_loop/tool_calls/min:0.0 - timing_s/agent_loop/tool_calls/max:0.0 - timing_s/agent_loop/tool_calls/mean:0.0 - timing_s/agent_loop/compute_score/min:0.0037993425503373146 - timing_s/agent_loop/compute_score/max:0.009370779618620872 - timing_s/agent_loop/compute_score/mean:0.00521623495296808 - timing_s/agent_loop/slowest/generate_sequences:1.9786085402593017 - timing_s/agent_loop/slowest/tool_calls:0.0 - timing_s/agent_loop/slowest/compute_score:0.007058802060782909 - timing_s/agent_loop/slowest/num_preempted:-1 - timing_s/agent_loop/slowest/prompt_length:129 - timing_s/agent_loop/slowest/response_length:512 - timing_s/gen:2.5511682983487844 - timing_s/reward:1.5609897673130035e-05 - timing_s/old_log_prob:0.8068751823157072 - timing_s/ref:2.3301857141777873 - timing_s/adv:0.0034202663227915764 - timing_s/update_actor:2.6504630129784346 - timing_s/update_weights:0.8619726374745369 - timing_s/step:9.253729379735887 - timing_s/stop_profile:8.009839802980423e-05 - timing_per_token_ms/ref:0.046276079639706626 - timing_per_token_ms/gen:0.06924619451573705 - timing_per_token_ms/update_actor:0.052636593179855314 - timing_per_token_ms/adv:6.792442155124868e-05 - perf/total_num_tokens:50354 - perf/time_per_step:9.253729379735887 - perf/throughput:5441.4817997883965
[36m(WorkerDict pid=776530)[0m INFO:2026-07-25 14:08:10,639:update_weights done, time cost: 0.47s
[36m(TaskRunner pid=776037)[0m Training Progress:  40%|████      | 80/200 [13:15<18:57,  9.48s/it]
[36m(WorkerDict pid=776530)[0m INFO:2026-07-25 14:08:19,832:update_weights done, time cost: 0.48s
[36m(TaskRunner pid=776037)[0m Training Progress:  40%|████      | 81/200 [13:24<18:37,  9.39s/it]
[36m(TaskRunner pid=776037)[0m step:79 - global_seqlen/min:53206 - global_seqlen/max:53206 - global_seqlen/minmax_diff:0 - global_seqlen/balanced_min:53206 - global_seqlen/balanced_max:53206 - global_seqlen/mean:53206.0 - actor/entropy:0.12126167863607407 - perf/mfu/actor_infer:0.25578089931038034 - actor/pg_clipfrac:0.0003435078797338065 - actor/ppo_kl:7.175970677053556e-05 - actor/pg_clipfrac_lower:0.0 - actor/pg_loss:0.010443240891618188 - actor/kl_loss:0.01508902182104066 - actor/kl_coef:0.001 - actor/loss:0.010458327829837799 - actor/grad_norm:0.6602882742881775 - actor/perf/max_memory_allocated_gb:29.571680545806885 - actor/perf/max_memory_reserved_gb:41.203125 - actor/perf/cpu_memory_used_gb:26.716495513916016 - actor/lr:1e-06 - perf/mfu/actor:0.21986609976079005 - training/global_step:79 - training/epoch:0 - critic/score/mean:0.75 - critic/score/max:1.0 - critic/score/min:0.0 - critic/rewards/mean:0.75 - critic/rewards/max:1.0 - critic/rewards/min:0.0 - critic/advantages/mean:-0.011208764277398586 - critic/advantages/max:2.4748666286468506 - critic/advantages/min:-2.4748666286468506 - critic/returns/mean:-0.011208764277398586 - critic/returns/max:2.4748666286468506 - critic/returns/min:-2.4748666286468506 - response_length/mean:315.484375 - response_length/max:512.0 - response_length/min:147.0 - response_length/clip_ratio:0.03125 - response_length_non_aborted/mean:315.484375 - response_length_non_aborted/max:512.0 - response_length_non_aborted/min:147.0 - response_length_non_aborted/clip_ratio:0.03125 - response/aborted_ratio:0.0 - prompt_length/mean:100.1875 - prompt_length/max:131.0 - prompt_length/min:69.0 - prompt_length/clip_ratio:0.0 - num_turns/min:2 - num_turns/max:2 - num_turns/mean:2.0 - timing_s/start_profile:8.055008947849274e-05 - timing_s/agent_loop/num_preempted/min:-1 - timing_s/agent_loop/num_preempted/max:-1 - timing_s/agent_loop/num_preempted/mean:-1.0 - timing_s/agent_loop/generate_sequences/min:0.7648523608222604 - timing_s/agent_loop/generate_sequences/max:2.0448188856244087 - timing_s/agent_loop/generate_sequences/mean:1.43948584516329 - timing_s/agent_loop/tool_calls/min:0.0 - timing_s/agent_loop/tool_calls/max:0.0 - timing_s/agent_loop/tool_calls/mean:0.0 - timing_s/agent_loop/compute_score/min:0.003910812549293041 - timing_s/agent_loop/compute_score/max:0.010133860632777214 - timing_s/agent_loop/compute_score/mean:0.005342286473023705 - timing_s/agent_loop/slowest/generate_sequences:2.0448188856244087 - timing_s/agent_loop/slowest/tool_calls:0.0 - timing_s/agent_loop/slowest/compute_score:0.005212198942899704 - timing_s/agent_loop/slowest/num_preempted:-1 - timing_s/agent_loop/slowest/prompt_length:98 - timing_s/agent_loop/slowest/response_length:512 - timing_s/gen:2.6143932938575745 - timing_s/reward:1.5780329704284668e-05 - timing_s/old_log_prob:1.2029568441212177 - timing_s/ref:2.320923593826592 - timing_s/adv:0.002396276220679283 - timing_s/update_actor:2.7495018811896443 - timing_s/update_weights:0.8889539148658514 - timing_s/step:9.827754082158208 - timing_s/stop_profile:7.882900536060333e-05 - timing_per_token_ms/ref:0.04362146362866203 - timing_per_token_ms/gen:0.06474155053879388 - timing_per_token_ms/update_actor:0.05167653800679706 - timing_per_token_ms/adv:4.503770666239302e-05 - perf/total_num_tokens:53206 - perf/time_per_step:9.827754082158208 - perf/throughput:5413.851380000728
[36m(TaskRunner pid=776037)[0m step:80 - global_seqlen/min:54418 - global_seqlen/max:54418 - global_seqlen/minmax_diff:0 - global_seqlen/balanced_min:54418 - global_seqlen/balanced_max:54418 - global_seqlen/mean:54418.0 - actor/entropy:0.1402856856584549 - perf/mfu/actor_infer:0.25322545687549985 - actor/pg_clipfrac:0.00024110122467391193 - actor/ppo_kl:0.00014115909925749293 - actor/pg_clipfrac_lower:0.0 - actor/pg_loss:0.02765789208933711 - actor/kl_loss:0.013575422257417813 - actor/kl_coef:0.001 - actor/loss:0.027671467512845993 - actor/grad_norm:0.6457057893276215 - actor/perf/max_memory_allocated_gb:29.571680545806885 - actor/perf/max_memory_reserved_gb:41.203125 - actor/perf/cpu_memory_used_gb:26.72873306274414 - actor/lr:1e-06 - perf/mfu/actor:0.22104911660471843 - training/global_step:80 - training/epoch:0 - critic/score/mean:0.6796875 - critic/score/max:1.0 - critic/score/min:0.0 - critic/rewards/mean:0.6796875 - critic/rewards/max:1.0 - critic/rewards/min:0.0 - critic/advantages/mean:-0.027464624494314194 - critic/advantages/max:1.6201815605163574 - critic/advantages/min:-2.4748666286468506 - critic/returns/mean:-0.027464624494314194 - critic/returns/max:1.6201815605163574 - critic/returns/min:-2.4748666286468506 - response_length/mean:316.453125 - response_length/max:512.0 - response_length/min:111.0 - response_length/clip_ratio:0.0859375 - response_length_non_aborted/mean:316.453125 - response_length_non_aborted/max:512.0 - response_length_non_aborted/min:111.0 - response_length_non_aborted/clip_ratio:0.0859375 - response/aborted_ratio:0.0 - prompt_length/mean:108.6875 - prompt_length/max:162.0 - prompt_length/min:70.0 - prompt_length/clip_ratio:0.0 - num_turns/min:2 - num_turns/max:2 - num_turns/mean:2.0 - timing_s/start_profile:8.054915815591812e-05 - timing_s/agent_loop/num_preempted/min:-1 - timing_s/agent_loop/num_preempted/max:-1 - timing_s/agent_loop/num_preempted/mean:-1.0 - timing_s/agent_loop/generate_sequences/min:0.5599832497537136 - timing_s/agent_loop/generate_sequences/max:2.044748337008059 - timing_s/agent_loop/generate_sequences/mean:1.4019559000662412 - timing_s/agent_loop/tool_calls/min:0.0 - timing_s/agent_loop/tool_calls/max:0.0 - timing_s/agent_loop/tool_calls/mean:0.0 - timing_s/agent_loop/compute_score/min:0.004144899547100067 - timing_s/agent_loop/compute_score/max:0.013102841563522816 - timing_s/agent_loop/compute_score/mean:0.005522376610315405 - timing_s/agent_loop/slowest/generate_sequences:2.044748337008059 - timing_s/agent_loop/slowest/tool_calls:0.0 - timing_s/agent_loop/slowest/compute_score:0.004361877217888832 - timing_s/agent_loop/slowest/num_preempted:-1 - timing_s/agent_loop/slowest/prompt_length:162 - timing_s/agent_loop/slowest/response_length:512 - timing_s/gen:2.619357965886593 - timing_s/reward:1.547951251268387e-05 - timing_s/old_log_prob:0.8646505698561668 - timing_s/ref:2.3467049645259976 - timing_s/adv:0.0034441566094756126 - timing_s/update_actor:2.8039907617494464 - timing_s/update_weights:0.867489343509078 - timing_s/step:9.554408516734838 - timing_s/stop_profile:8.11191275715828e-05 - timing_per_token_ms/ref:0.04312369003870039 - timing_per_token_ms/gen:0.06466592519346746 - timing_per_token_ms/update_actor:0.051526898484866156 - timing_per_token_ms/adv:6.329076058428484e-05 - perf/total_num_tokens:54418 - perf/time_per_step:9.554408516734838 - perf/throughput:5695.59066944701
[36m(WorkerDict pid=776530)[0m INFO:2026-07-25 14:08:29,299:update_weights done, time cost: 0.47s
[36m(TaskRunner pid=776037)[0m Training Progress:  41%|████      | 82/200 [13:33<18:30,  9.41s/it]
[36m(WorkerDict pid=776530)[0m INFO:2026-07-25 14:08:38,504:update_weights done, time cost: 0.47s
[36m(TaskRunner pid=776037)[0m Training Progress:  42%|████▏     | 83/200 [13:43<18:14,  9.35s/it]
[36m(TaskRunner pid=776037)[0m step:81 - global_seqlen/min:50184 - global_seqlen/max:50184 - global_seqlen/minmax_diff:0 - global_seqlen/balanced_min:50184 - global_seqlen/balanced_max:50184 - global_seqlen/mean:50184.0 - actor/entropy:0.1266031116247177 - perf/mfu/actor_infer:0.25296642493328475 - actor/pg_clipfrac:5.1478866225806996e-05 - actor/ppo_kl:-0.00015894506600488967 - actor/pg_clipfrac_lower:0.0 - actor/pg_loss:0.004804350137419533 - actor/kl_loss:0.014647443371359259 - actor/kl_coef:0.001 - actor/loss:0.004818999208509922 - actor/grad_norm:0.4347441792488098 - actor/perf/max_memory_allocated_gb:29.571680545806885 - actor/perf/max_memory_reserved_gb:41.203125 - actor/perf/cpu_memory_used_gb:26.731746673583984 - actor/lr:1e-06 - perf/mfu/actor:0.21698823121424865 - training/global_step:81 - training/epoch:0 - critic/score/mean:0.9140625 - critic/score/max:1.0 - critic/score/min:0.0 - critic/rewards/mean:0.9140625 - critic/rewards/max:1.0 - critic/rewards/min:0.0 - critic/advantages/mean:-0.004867572337388992 - critic/advantages/max:1.6201815605163574 - critic/advantages/min:-2.4748666286468506 - critic/returns/mean:-0.004867572337388992 - critic/returns/max:1.6201815605163574 - critic/returns/min:-2.4748666286468506 - response_length/mean:288.1875 - response_length/max:492.0 - response_length/min:161.0 - response_length/clip_ratio:0.0 - response_length_non_aborted/mean:288.1875 - response_length_non_aborted/max:492.0 - response_length_non_aborted/min:161.0 - response_length_non_aborted/clip_ratio:0.0 - response/aborted_ratio:0.0 - prompt_length/mean:103.875 - prompt_length/max:133.0 - prompt_length/min:81.0 - prompt_length/clip_ratio:0.0 - num_turns/min:2 - num_turns/max:2 - num_turns/mean:2.0 - timing_s/start_profile:8.42483714222908e-05 - timing_s/agent_loop/num_preempted/min:-1 - timing_s/agent_loop/num_preempted/max:-1 - timing_s/agent_loop/num_preempted/mean:-1.0 - timing_s/agent_loop/generate_sequences/min:0.7831072919070721 - timing_s/agent_loop/generate_sequences/max:1.9185346234589815 - timing_s/agent_loop/generate_sequences/mean:1.3244217668761848 - timing_s/agent_loop/tool_calls/min:0.0 - timing_s/agent_loop/tool_calls/max:0.0 - timing_s/agent_loop/tool_calls/mean:0.0 - timing_s/agent_loop/compute_score/min:0.0037314537912607193 - timing_s/agent_loop/compute_score/max:0.009890863671898842 - timing_s/agent_loop/compute_score/mean:0.00525047181872651 - timing_s/agent_loop/slowest/generate_sequences:1.9185346234589815 - timing_s/agent_loop/slowest/tool_calls:0.0 - timing_s/agent_loop/slowest/compute_score:0.005359797738492489 - timing_s/agent_loop/slowest/num_preempted:-1 - timing_s/agent_loop/slowest/prompt_length:112 - timing_s/agent_loop/slowest/response_length:492 - timing_s/gen:2.488819543272257 - timing_s/reward:1.517031341791153e-05 - timing_s/old_log_prob:0.804574123583734 - timing_s/ref:2.3310444662347436 - timing_s/adv:0.003442026674747467 - timing_s/update_actor:2.639386381022632 - timing_s/update_weights:0.8792910194024444 - timing_s/step:9.195709120482206 - timing_s/stop_profile:8.116941899061203e-05 - timing_per_token_ms/ref:0.04644995349583022 - timing_per_token_ms/gen:0.06746962544112603 - timing_per_token_ms/update_actor:0.052594181034246616 - timing_per_token_ms/adv:6.858812917956853e-05 - perf/total_num_tokens:50184 - perf/time_per_step:9.195709120482206 - perf/throughput:5457.327906145039
[36m(TaskRunner pid=776037)[0m step:82 - global_seqlen/min:54093 - global_seqlen/max:54093 - global_seqlen/minmax_diff:0 - global_seqlen/balanced_min:54093 - global_seqlen/balanced_max:54093 - global_seqlen/mean:54093.0 - actor/entropy:0.12858177721500397 - perf/mfu/actor_infer:0.2603903071816104 - actor/pg_clipfrac:0.00019234337742091157 - actor/ppo_kl:-1.7771544662537053e-05 - actor/pg_clipfrac_lower:0.0 - actor/pg_loss:0.004528278484940529 - actor/kl_loss:0.016532660665689036 - actor/kl_coef:0.001 - actor/loss:0.004544813185930252 - actor/grad_norm:0.7266982197761536 - actor/perf/max_memory_allocated_gb:29.571680545806885 - actor/perf/max_memory_reserved_gb:41.203125 - actor/perf/cpu_memory_used_gb:26.73381805419922 - actor/lr:1e-06 - perf/mfu/actor:0.2256779441546889 - training/global_step:82 - training/epoch:0 - critic/score/mean:0.828125 - critic/score/max:1.0 - critic/score/min:0.0 - critic/rewards/mean:0.828125 - critic/rewards/max:1.0 - critic/rewards/min:0.0 - critic/advantages/mean:-0.005659004207700491 - critic/advantages/max:1.20761239528656 - critic/advantages/min:-2.4748666286468506 - critic/returns/mean:-0.005659004207700491 - critic/returns/max:1.20761239528656 - critic/returns/min:-2.4748666286468506 - response_length/mean:316.0390625 - response_length/max:512.0 - response_length/min:179.0 - response_length/clip_ratio:0.0078125 - response_length_non_aborted/mean:316.0390625 - response_length_non_aborted/max:512.0 - response_length_non_aborted/min:179.0 - response_length_non_aborted/clip_ratio:0.0078125 - response/aborted_ratio:0.0 - prompt_length/mean:106.5625 - prompt_length/max:132.0 - prompt_length/min:85.0 - prompt_length/clip_ratio:0.0 - num_turns/min:2 - num_turns/max:2 - num_turns/mean:2.0 - timing_s/start_profile:8.630845695734024e-05 - timing_s/agent_loop/num_preempted/min:-1 - timing_s/agent_loop/num_preempted/max:-1 - timing_s/agent_loop/num_preempted/mean:-1.0 - timing_s/agent_loop/generate_sequences/min:0.9112726775929332 - timing_s/agent_loop/generate_sequences/max:2.057461613789201 - timing_s/agent_loop/generate_sequences/mean:1.4795083897406585 - timing_s/agent_loop/tool_calls/min:0.0 - timing_s/agent_loop/tool_calls/max:0.0 - timing_s/agent_loop/tool_calls/mean:0.0 - timing_s/agent_loop/compute_score/min:0.0036823442205786705 - timing_s/agent_loop/compute_score/max:0.01084645465016365 - timing_s/agent_loop/compute_score/mean:0.005297189767588861 - timing_s/agent_loop/slowest/generate_sequences:2.057461613789201 - timing_s/agent_loop/slowest/tool_calls:0.0 - timing_s/agent_loop/slowest/compute_score:0.005057831294834614 - timing_s/agent_loop/slowest/num_preempted:-1 - timing_s/agent_loop/slowest/prompt_length:104 - timing_s/agent_loop/slowest/response_length:512 - timing_s/gen:2.6260187504813075 - timing_s/reward:1.532025635242462e-05 - timing_s/old_log_prob:0.8395880544558167 - timing_s/ref:2.3433910459280014 - timing_s/adv:0.0033999867737293243 - timing_s/update_actor:2.729896712116897 - timing_s/update_weights:0.8674213839694858 - timing_s/step:9.458969543688 - timing_s/stop_profile:8.027907460927963e-05 - timing_per_token_ms/ref:0.043321521193648 - timing_per_token_ms/gen:0.06491530295605535 - timing_per_token_ms/update_actor:0.05046672789671301 - timing_per_token_ms/adv:6.285446866931625e-05 - perf/total_num_tokens:54093 - perf/time_per_step:9.458969543688 - perf/throughput:5718.699034832651
[36m(WorkerDict pid=776530)[0m INFO:2026-07-25 14:08:48,054:update_weights done, time cost: 0.47s
[36m(TaskRunner pid=776037)[0m Training Progress:  42%|████▏     | 84/200 [13:52<18:11,  9.41s/it]
[36m(WorkerDict pid=776530)[0m INFO:2026-07-25 14:08:57,159:update_weights done, time cost: 0.48s
[36m(TaskRunner pid=776037)[0m Training Progress:  42%|████▎     | 85/200 [14:01<17:51,  9.32s/it]
[36m(TaskRunner pid=776037)[0m step:83 - global_seqlen/min:48091 - global_seqlen/max:48091 - global_seqlen/minmax_diff:0 - global_seqlen/balanced_min:48091 - global_seqlen/balanced_max:48091 - global_seqlen/mean:48091.0 - actor/entropy:0.13587121665477753 - perf/mfu/actor_infer:0.24847332787527918 - actor/pg_clipfrac:0.00010991548333549872 - actor/ppo_kl:3.49271126651729e-05 - actor/pg_clipfrac_lower:0.0 - actor/pg_loss:-0.0027401666156947613 - actor/kl_loss:0.014838882634649053 - actor/kl_coef:0.001 - actor/loss:-0.0027253273874521255 - actor/grad_norm:0.40826763212680817 - actor/perf/max_memory_allocated_gb:29.571680545806885 - actor/perf/max_memory_reserved_gb:41.203125 - actor/perf/cpu_memory_used_gb:26.736371994018555 - actor/lr:1e-06 - perf/mfu/actor:0.2113578285112635 - training/global_step:83 - training/epoch:0 - critic/score/mean:0.890625 - critic/score/max:1.0 - critic/score/min:0.0 - critic/rewards/mean:0.890625 - critic/rewards/max:1.0 - critic/rewards/min:0.0 - critic/advantages/mean:0.0025835814885795116 - critic/advantages/max:0.7245674133300781 - critic/advantages/min:-2.4748666286468506 - critic/returns/mean:0.0025835814885795116 - critic/returns/max:0.7245674133300781 - critic/returns/min:-2.4748666286468506 - response_length/mean:282.2734375 - response_length/max:512.0 - response_length/min:159.0 - response_length/clip_ratio:0.0234375 - response_length_non_aborted/mean:282.2734375 - response_length_non_aborted/max:512.0 - response_length_non_aborted/min:159.0 - response_length_non_aborted/clip_ratio:0.0234375 - response/aborted_ratio:0.0 - prompt_length/mean:93.4375 - prompt_length/max:117.0 - prompt_length/min:72.0 - prompt_length/clip_ratio:0.0 - num_turns/min:2 - num_turns/max:2 - num_turns/mean:2.0 - timing_s/start_profile:7.375888526439667e-05 - timing_s/agent_loop/num_preempted/min:-1 - timing_s/agent_loop/num_preempted/max:-1 - timing_s/agent_loop/num_preempted/mean:-1.0 - timing_s/agent_loop/generate_sequences/min:0.7842251416295767 - timing_s/agent_loop/generate_sequences/max:1.9947699522599578 - timing_s/agent_loop/generate_sequences/mean:1.2984181583597092 - timing_s/agent_loop/tool_calls/min:0.0 - timing_s/agent_loop/tool_calls/max:0.0 - timing_s/agent_loop/tool_calls/mean:0.0 - timing_s/agent_loop/compute_score/min:0.003956611268222332 - timing_s/agent_loop/compute_score/max:0.007779603824019432 - timing_s/agent_loop/compute_score/mean:0.005205856483371463 - timing_s/agent_loop/slowest/generate_sequences:1.9947699522599578 - timing_s/agent_loop/slowest/tool_calls:0.0 - timing_s/agent_loop/slowest/compute_score:0.005043640732765198 - timing_s/agent_loop/slowest/num_preempted:-1 - timing_s/agent_loop/slowest/prompt_length:96 - timing_s/agent_loop/slowest/response_length:512 - timing_s/gen:2.563510618172586 - timing_s/reward:1.5810132026672363e-05 - timing_s/old_log_prob:0.7855514883995056 - timing_s/ref:2.328168814070523 - timing_s/adv:0.003416377119719982 - timing_s/update_actor:2.5989726735278964 - timing_s/update_weights:0.871412904933095 - timing_s/step:9.199715573340654 - timing_s/stop_profile:7.950887084007263e-05 - timing_per_token_ms/ref:0.048411736376255905 - timing_per_token_ms/gen:0.0709504474875477 - timing_per_token_ms/update_actor:0.054042807875234376 - timing_per_token_ms/adv:7.103984362396253e-05 - perf/total_num_tokens:48091 - perf/time_per_step:9.199715573340654 - perf/throughput:5227.44422005396
[36m(TaskRunner pid=776037)[0m step:84 - global_seqlen/min:48548 - global_seqlen/max:48548 - global_seqlen/minmax_diff:0 - global_seqlen/balanced_min:48548 - global_seqlen/balanced_max:48548 - global_seqlen/mean:48548.0 - actor/entropy:0.11015578359365463 - perf/mfu/actor_infer:0.24763469003506164 - actor/pg_clipfrac:0.00029262196221679915 - actor/ppo_kl:-2.743534423643723e-05 - actor/pg_clipfrac_lower:0.0 - actor/pg_loss:0.01747361055458896 - actor/kl_loss:0.019187782192602754 - actor/kl_coef:0.001 - actor/loss:0.017492798157036304 - actor/grad_norm:0.5805763900279999 - actor/perf/max_memory_allocated_gb:29.571680545806885 - actor/perf/max_memory_reserved_gb:41.203125 - actor/perf/cpu_memory_used_gb:26.740100860595703 - actor/lr:1e-06 - perf/mfu/actor:0.21196303892939505 - training/global_step:84 - training/epoch:0 - critic/score/mean:0.828125 - critic/score/max:1.0 - critic/score/min:0.0 - critic/rewards/mean:0.828125 - critic/rewards/max:1.0 - critic/rewards/min:0.0 - critic/advantages/mean:-0.017426226288080215 - critic/advantages/max:1.20761239528656 - critic/advantages/min:-2.4748666286468506 - critic/returns/mean:-0.017426226288080215 - critic/returns/max:1.20761239528656 - critic/returns/min:-2.4748666286468506 - response_length/mean:281.71875 - response_length/max:512.0 - response_length/min:122.0 - response_length/clip_ratio:0.0234375 - response_length_non_aborted/mean:281.71875 - response_length_non_aborted/max:512.0 - response_length_non_aborted/min:122.0 - response_length_non_aborted/clip_ratio:0.0234375 - response/aborted_ratio:0.0 - prompt_length/mean:97.5625 - prompt_length/max:172.0 - prompt_length/min:71.0 - prompt_length/clip_ratio:0.0 - num_turns/min:2 - num_turns/max:2 - num_turns/mean:2.0 - timing_s/start_profile:7.650908082723618e-05 - timing_s/agent_loop/num_preempted/min:-1 - timing_s/agent_loop/num_preempted/max:-1 - timing_s/agent_loop/num_preempted/mean:-1.0 - timing_s/agent_loop/generate_sequences/min:0.6173664312809706 - timing_s/agent_loop/generate_sequences/max:1.9444829411804676 - timing_s/agent_loop/generate_sequences/mean:1.2586951895209495 - timing_s/agent_loop/tool_calls/min:0.0 - timing_s/agent_loop/tool_calls/max:0.0 - timing_s/agent_loop/tool_calls/mean:0.0 - timing_s/agent_loop/compute_score/min:0.0038587329909205437 - timing_s/agent_loop/compute_score/max:0.010490838438272476 - timing_s/agent_loop/compute_score/mean:0.00524469641095493 - timing_s/agent_loop/slowest/generate_sequences:1.9444829411804676 - timing_s/agent_loop/slowest/tool_calls:0.0 - timing_s/agent_loop/slowest/compute_score:0.00540043693035841 - timing_s/agent_loop/slowest/num_preempted:-1 - timing_s/agent_loop/slowest/prompt_length:172 - timing_s/agent_loop/slowest/response_length:511 - timing_s/gen:2.5083922324702144 - timing_s/reward:1.488998532295227e-05 - timing_s/old_log_prob:0.7967115016654134 - timing_s/ref:2.3272779611870646 - timing_s/adv:0.003428936004638672 - timing_s/update_actor:2.984984283335507 - timing_s/update_weights:0.8720708377659321 - timing_s/step:9.542371224611998 - timing_s/stop_profile:7.698033004999161e-05 - timing_per_token_ms/ref:0.047937669135434305 - timing_per_token_ms/gen:0.06956162596977855 - timing_per_token_ms/update_actor:0.061485216349499605 - timing_per_token_ms/adv:7.06298097684492e-05 - perf/total_num_tokens:48548 - perf/time_per_step:9.542371224611998 - perf/throughput:5087.624329137751
[36m(WorkerDict pid=776530)[0m INFO:2026-07-25 14:09:06,535:update_weights done, time cost: 0.46s
[36m(TaskRunner pid=776037)[0m Training Progress:  43%|████▎     | 86/200 [14:11<17:43,  9.33s/it]
[36m(WorkerDict pid=776530)[0m INFO:2026-07-25 14:09:16,131:update_weights done, time cost: 0.47s
[36m(TaskRunner pid=776037)[0m Training Progress:  44%|████▎     | 87/200 [14:20<17:43,  9.41s/it]
[36m(TaskRunner pid=776037)[0m step:85 - global_seqlen/min:47405 - global_seqlen/max:47405 - global_seqlen/minmax_diff:0 - global_seqlen/balanced_min:47405 - global_seqlen/balanced_max:47405 - global_seqlen/mean:47405.0 - actor/entropy:0.12482557445764542 - perf/mfu/actor_infer:0.24579584323007167 - actor/pg_clipfrac:0.0004233554318489041 - actor/ppo_kl:-6.333557587367977e-05 - actor/pg_clipfrac_lower:0.0 - actor/pg_loss:0.02815958554856479 - actor/kl_loss:0.020065541844815016 - actor/kl_coef:0.001 - actor/loss:0.028179649263620377 - actor/grad_norm:0.8166624903678894 - actor/perf/max_memory_allocated_gb:29.571680545806885 - actor/perf/max_memory_reserved_gb:41.203125 - actor/perf/cpu_memory_used_gb:26.69944953918457 - actor/lr:1e-06 - perf/mfu/actor:0.2093840163181501 - training/global_step:85 - training/epoch:0 - critic/score/mean:0.84375 - critic/score/max:1.0 - critic/score/min:0.0 - critic/rewards/mean:0.84375 - critic/rewards/max:1.0 - critic/rewards/min:0.0 - critic/advantages/mean:-0.028072278946638107 - critic/advantages/max:1.20761239528656 - critic/advantages/min:-2.4748666286468506 - critic/returns/mean:-0.028072278946638107 - critic/returns/max:1.20761239528656 - critic/returns/min:-2.4748666286468506 - response_length/mean:267.6640625 - response_length/max:512.0 - response_length/min:123.0 - response_length/clip_ratio:0.0078125 - response_length_non_aborted/mean:267.6640625 - response_length_non_aborted/max:512.0 - response_length_non_aborted/min:123.0 - response_length_non_aborted/clip_ratio:0.0078125 - response/aborted_ratio:0.0 - prompt_length/mean:102.6875 - prompt_length/max:139.0 - prompt_length/min:72.0 - prompt_length/clip_ratio:0.0 - num_turns/min:2 - num_turns/max:2 - num_turns/mean:2.0 - timing_s/start_profile:2.7320347726345062e-05 - timing_s/agent_loop/num_preempted/min:-1 - timing_s/agent_loop/num_preempted/max:-1 - timing_s/agent_loop/num_preempted/mean:-1.0 - timing_s/agent_loop/generate_sequences/min:0.6331563387066126 - timing_s/agent_loop/generate_sequences/max:1.904433730058372 - timing_s/agent_loop/generate_sequences/mean:1.196760434191674 - timing_s/agent_loop/tool_calls/min:0.0 - timing_s/agent_loop/tool_calls/max:0.0 - timing_s/agent_loop/tool_calls/mean:0.0 - timing_s/agent_loop/compute_score/min:0.0035421960055828094 - timing_s/agent_loop/compute_score/max:0.009674975648522377 - timing_s/agent_loop/compute_score/mean:0.005182563407288399 - timing_s/agent_loop/slowest/generate_sequences:1.904433730058372 - timing_s/agent_loop/slowest/tool_calls:0.0 - timing_s/agent_loop/slowest/compute_score:0.006442357785999775 - timing_s/agent_loop/slowest/num_preempted:-1 - timing_s/agent_loop/slowest/prompt_length:139 - timing_s/agent_loop/slowest/response_length:512 - timing_s/gen:2.478278956376016 - timing_s/reward:1.6489997506141663e-05 - timing_s/old_log_prob:0.786935904994607 - timing_s/ref:2.321411859244108 - timing_s/adv:0.0034374063834547997 - timing_s/update_actor:2.585644291713834 - timing_s/update_weights:0.8847279855981469 - timing_s/step:9.109962834976614 - timing_s/stop_profile:7.987860590219498e-05 - timing_per_token_ms/ref:0.04896976815196937 - timing_per_token_ms/gen:0.07233527790712518 - timing_per_token_ms/update_actor:0.05454370407581128 - timing_per_token_ms/adv:7.251147312424427e-05 - perf/total_num_tokens:47405 - perf/time_per_step:9.109962834976614 - perf/throughput:5203.643621683523
[36m(TaskRunner pid=776037)[0m step:86 - global_seqlen/min:51747 - global_seqlen/max:51747 - global_seqlen/minmax_diff:0 - global_seqlen/balanced_min:51747 - global_seqlen/balanced_max:51747 - global_seqlen/mean:51747.0 - actor/entropy:0.14533255994319916 - perf/mfu/actor_infer:0.25875162528082846 - actor/pg_clipfrac:0.000644005645881407 - actor/ppo_kl:-8.100545801426051e-05 - actor/pg_clipfrac_lower:0.0 - actor/pg_loss:0.0379029301693663 - actor/kl_loss:0.019104797393083572 - actor/kl_coef:0.001 - actor/loss:0.037922030314803123 - actor/grad_norm:0.7457476854324341 - actor/perf/max_memory_allocated_gb:29.571680545806885 - actor/perf/max_memory_reserved_gb:41.203125 - actor/perf/cpu_memory_used_gb:26.71662712097168 - actor/lr:1e-06 - perf/mfu/actor:0.21721157695779822 - training/global_step:86 - training/epoch:0 - critic/score/mean:0.71875 - critic/score/max:1.0 - critic/score/min:0.0 - critic/rewards/mean:0.71875 - critic/rewards/max:1.0 - critic/rewards/min:0.0 - critic/advantages/mean:-0.03779780492186546 - critic/advantages/max:2.4748666286468506 - critic/advantages/min:-2.4748666286468506 - critic/returns/mean:-0.03779780492186546 - critic/returns/max:2.4748666286468506 - critic/returns/min:-2.4748666286468506 - response_length/mean:300.0234375 - response_length/max:512.0 - response_length/min:150.0 - response_length/clip_ratio:0.0546875 - response_length_non_aborted/mean:300.0234375 - response_length_non_aborted/max:512.0 - response_length_non_aborted/min:150.0 - response_length_non_aborted/clip_ratio:0.0546875 - response/aborted_ratio:0.0 - prompt_length/mean:104.25 - prompt_length/max:170.0 - prompt_length/min:76.0 - prompt_length/clip_ratio:0.0 - num_turns/min:2 - num_turns/max:2 - num_turns/mean:2.0 - timing_s/start_profile:7.526949048042297e-05 - timing_s/agent_loop/num_preempted/min:-1 - timing_s/agent_loop/num_preempted/max:-1 - timing_s/agent_loop/num_preempted/mean:-1.0 - timing_s/agent_loop/generate_sequences/min:0.7342176679521799 - timing_s/agent_loop/generate_sequences/max:1.998178598470986 - timing_s/agent_loop/generate_sequences/mean:1.346663306132541 - timing_s/agent_loop/tool_calls/min:0.0 - timing_s/agent_loop/tool_calls/max:0.0 - timing_s/agent_loop/tool_calls/mean:0.0 - timing_s/agent_loop/compute_score/min:0.00341933686286211 - timing_s/agent_loop/compute_score/max:0.013081693090498447 - timing_s/agent_loop/compute_score/mean:0.005324243204086088 - timing_s/agent_loop/slowest/generate_sequences:1.998178598470986 - timing_s/agent_loop/slowest/tool_calls:0.0 - timing_s/agent_loop/slowest/compute_score:0.005008821375668049 - timing_s/agent_loop/slowest/num_preempted:-1 - timing_s/agent_loop/slowest/prompt_length:148 - timing_s/agent_loop/slowest/response_length:512 - timing_s/gen:2.5750794764608145 - timing_s/reward:1.566018909215927e-05 - timing_s/old_log_prob:0.8097958024591208 - timing_s/ref:2.3373378040269017 - timing_s/adv:0.003406686708331108 - timing_s/update_actor:2.723017178475857 - timing_s/update_weights:0.8559902952983975 - timing_s/step:9.353890653699636 - timing_s/stop_profile:8.07885080575943e-05 - timing_per_token_ms/ref:0.04516856637151722 - timing_per_token_ms/gen:0.0670541227628262 - timing_per_token_ms/update_actor:0.0526217399747977 - timing_per_token_ms/adv:6.583351128241459e-05 - perf/total_num_tokens:51747 - perf/time_per_step:9.353890653699636 - perf/throughput:5532.1365104405095
[36m(WorkerDict pid=776530)[0m INFO:2026-07-25 14:09:25,513:update_weights done, time cost: 0.46s
[36m(TaskRunner pid=776037)[0m Training Progress:  44%|████▍     | 88/200 [14:30<17:33,  9.40s/it]
[36m(WorkerDict pid=776530)[0m INFO:2026-07-25 14:09:34,488:update_weights done, time cost: 0.47s
[36m(TaskRunner pid=776037)[0m Training Progress:  44%|████▍     | 89/200 [14:38<17:09,  9.27s/it]
[36m(TaskRunner pid=776037)[0m step:87 - global_seqlen/min:55334 - global_seqlen/max:55334 - global_seqlen/minmax_diff:0 - global_seqlen/balanced_min:55334 - global_seqlen/balanced_max:55334 - global_seqlen/mean:55334.0 - actor/entropy:0.09646859765052795 - perf/mfu/actor_infer:0.2605569180769964 - actor/pg_clipfrac:0.00036165380879538134 - actor/ppo_kl:2.5536753582855454e-06 - actor/pg_clipfrac_lower:0.0 - actor/pg_loss:0.021047787740826607 - actor/kl_loss:0.014635750208981335 - actor/kl_coef:0.001 - actor/loss:0.02106242161244154 - actor/grad_norm:0.5642903447151184 - actor/perf/max_memory_allocated_gb:29.571680545806885 - actor/perf/max_memory_reserved_gb:41.203125 - actor/perf/cpu_memory_used_gb:26.724449157714844 - actor/lr:1e-06 - perf/mfu/actor:0.22193503113001956 - training/global_step:87 - training/epoch:0 - critic/score/mean:0.8515625 - critic/score/max:1.0 - critic/score/min:0.0 - critic/rewards/mean:0.8515625 - critic/rewards/max:1.0 - critic/rewards/min:0.0 - critic/advantages/mean:-0.021145420148968697 - critic/advantages/max:2.4748666286468506 - critic/advantages/min:-2.4748666286468506 - critic/returns/mean:-0.021145420148968697 - critic/returns/max:2.4748666286468506 - critic/returns/min:-2.4748666286468506 - response_length/mean:322.046875 - response_length/max:512.0 - response_length/min:141.0 - response_length/clip_ratio:0.078125 - response_length_non_aborted/mean:322.046875 - response_length_non_aborted/max:512.0 - response_length_non_aborted/min:141.0 - response_length_non_aborted/clip_ratio:0.078125 - response/aborted_ratio:0.0 - prompt_length/mean:110.25 - prompt_length/max:158.0 - prompt_length/min:75.0 - prompt_length/clip_ratio:0.0 - num_turns/min:2 - num_turns/max:2 - num_turns/mean:2.0 - timing_s/start_profile:7.423944771289825e-05 - timing_s/agent_loop/num_preempted/min:-1 - timing_s/agent_loop/num_preempted/max:-1 - timing_s/agent_loop/num_preempted/mean:-1.0 - timing_s/agent_loop/generate_sequences/min:0.7107412861660123 - timing_s/agent_loop/generate_sequences/max:2.0739968130365014 - timing_s/agent_loop/generate_sequences/mean:1.4540073743555695 - timing_s/agent_loop/tool_calls/min:0.0 - timing_s/agent_loop/tool_calls/max:0.0 - timing_s/agent_loop/tool_calls/mean:0.0 - timing_s/agent_loop/compute_score/min:0.0025974344462156296 - timing_s/agent_loop/compute_score/max:0.012822655029594898 - timing_s/agent_loop/compute_score/mean:0.005342252421542071 - timing_s/agent_loop/slowest/generate_sequences:2.0739968130365014 - timing_s/agent_loop/slowest/tool_calls:0.0 - timing_s/agent_loop/slowest/compute_score:0.00488717295229435 - timing_s/agent_loop/slowest/num_preempted:-1 - timing_s/agent_loop/slowest/prompt_length:114 - timing_s/agent_loop/slowest/response_length:512 - timing_s/gen:2.6449845861643553 - timing_s/reward:1.5970319509506226e-05 - timing_s/old_log_prob:0.8523317603394389 - timing_s/ref:2.335317773744464 - timing_s/adv:0.0034071775153279305 - timing_s/update_actor:2.8456994760781527 - timing_s/update_weights:0.8684638841077685 - timing_s/step:9.599916825070977 - timing_s/stop_profile:8.730869740247726e-05 - timing_per_token_ms/ref:0.04220402959743492 - timing_per_token_ms/gen:0.06416439246432379 - timing_per_token_ms/update_actor:0.05142768417389223 - timing_per_token_ms/adv:6.15747554004397e-05 - perf/total_num_tokens:55334 - perf/time_per_step:9.599916825070977 - perf/throughput:5764.008273018645
[36m(TaskRunner pid=776037)[0m step:88 - global_seqlen/min:51602 - global_seqlen/max:51602 - global_seqlen/minmax_diff:0 - global_seqlen/balanced_min:51602 - global_seqlen/balanced_max:51602 - global_seqlen/mean:51602.0 - actor/entropy:0.12581191956996918 - perf/mfu/actor_infer:0.2570635942178198 - actor/pg_clipfrac:0.00032360324257751927 - actor/ppo_kl:1.6892122403078247e-05 - actor/pg_clipfrac_lower:0.0 - actor/pg_loss:-0.011590437105041929 - actor/kl_loss:0.015481427777558565 - actor/kl_coef:0.001 - actor/loss:-0.011574956122785807 - actor/grad_norm:0.6081404089927673 - actor/perf/max_memory_allocated_gb:29.571680545806885 - actor/perf/max_memory_reserved_gb:41.203125 - actor/perf/cpu_memory_used_gb:26.741071701049805 - actor/lr:1e-06 - perf/mfu/actor:0.21595249792750199 - training/global_step:88 - training/epoch:0 - critic/score/mean:0.71875 - critic/score/max:1.0 - critic/score/min:0.0 - critic/rewards/mean:0.71875 - critic/rewards/max:1.0 - critic/rewards/min:0.0 - critic/advantages/mean:0.011586122214794159 - critic/advantages/max:2.4748666286468506 - critic/advantages/min:-1.6201815605163574 - critic/returns/mean:0.011586122214794159 - critic/returns/max:2.4748666286468506 - critic/returns/min:-1.6201815605163574 - response_length/mean:299.578125 - response_length/max:512.0 - response_length/min:143.0 - response_length/clip_ratio:0.0546875 - response_length_non_aborted/mean:299.578125 - response_length_non_aborted/max:512.0 - response_length_non_aborted/min:143.0 - response_length_non_aborted/clip_ratio:0.0546875 - response/aborted_ratio:0.0 - prompt_length/mean:103.5625 - prompt_length/max:136.0 - prompt_length/min:81.0 - prompt_length/clip_ratio:0.0 - num_turns/min:2 - num_turns/max:2 - num_turns/mean:2.0 - timing_s/start_profile:7.893890142440796e-05 - timing_s/agent_loop/num_preempted/min:-1 - timing_s/agent_loop/num_preempted/max:-1 - timing_s/agent_loop/num_preempted/mean:-1.0 - timing_s/agent_loop/generate_sequences/min:0.6934588933363557 - timing_s/agent_loop/generate_sequences/max:2.0168575681746006 - timing_s/agent_loop/generate_sequences/mean:1.3287534651244641 - timing_s/agent_loop/tool_calls/min:0.0 - timing_s/agent_loop/tool_calls/max:0.0 - timing_s/agent_loop/tool_calls/mean:0.0 - timing_s/agent_loop/compute_score/min:0.003982980735599995 - timing_s/agent_loop/compute_score/max:0.02396620623767376 - timing_s/agent_loop/compute_score/mean:0.005578344760579057 - timing_s/agent_loop/slowest/generate_sequences:2.0168575681746006 - timing_s/agent_loop/slowest/tool_calls:0.0 - timing_s/agent_loop/slowest/compute_score:0.004524066112935543 - timing_s/agent_loop/slowest/num_preempted:-1 - timing_s/agent_loop/slowest/prompt_length:118 - timing_s/agent_loop/slowest/response_length:512 - timing_s/gen:2.5846420023590326 - timing_s/reward:1.4679506421089172e-05 - timing_s/old_log_prob:0.8139092326164246 - timing_s/ref:2.3363007456064224 - timing_s/adv:0.0033963071182370186 - timing_s/update_actor:2.7305400650948286 - timing_s/update_weights:0.8541124034672976 - timing_s/step:9.372403535060585 - timing_s/stop_profile:7.822923362255096e-05 - timing_per_token_ms/ref:0.04527539137255188 - timing_per_token_ms/gen:0.06740317118758235 - timing_per_token_ms/update_actor:0.052915392137801415 - timing_per_token_ms/adv:6.581735433194486e-05 - perf/total_num_tokens:51602 - perf/time_per_step:9.372403535060585 - perf/throughput:5505.738181989881
[36m(WorkerDict pid=776530)[0m INFO:2026-07-25 14:09:44,052:update_weights done, time cost: 0.46s
[36m(TaskRunner pid=776037)[0m Training Progress:  45%|████▌     | 90/200 [14:48<17:09,  9.36s/it]
[36m(WorkerDict pid=776530)[0m INFO:2026-07-25 14:09:53,549:update_weights done, time cost: 0.47s
[36m(TaskRunner pid=776037)[0m Training Progress:  46%|████▌     | 91/200 [14:58<17:04,  9.40s/it]
[36m(TaskRunner pid=776037)[0m step:89 - global_seqlen/min:46299 - global_seqlen/max:46299 - global_seqlen/minmax_diff:0 - global_seqlen/balanced_min:46299 - global_seqlen/balanced_max:46299 - global_seqlen/mean:46299.0 - actor/entropy:0.0880870595574379 - perf/mfu/actor_infer:0.2435787360409797 - actor/pg_clipfrac:0.0003118009899480967 - actor/ppo_kl:9.345763828605413e-06 - actor/pg_clipfrac_lower:0.0 - actor/pg_loss:-0.010756387218862073 - actor/kl_loss:0.016368573997169733 - actor/kl_coef:0.001 - actor/loss:-0.01074001844972372 - actor/grad_norm:0.45238617062568665 - actor/perf/max_memory_allocated_gb:29.571680545806885 - actor/perf/max_memory_reserved_gb:41.203125 - actor/perf/cpu_memory_used_gb:26.752283096313477 - actor/lr:1e-06 - perf/mfu/actor:0.2020741042430924 - training/global_step:89 - training/epoch:0 - critic/score/mean:0.890625 - critic/score/max:1.0 - critic/score/min:0.0 - critic/rewards/mean:0.890625 - critic/rewards/max:1.0 - critic/rewards/min:0.0 - critic/advantages/mean:0.010867400094866753 - critic/advantages/max:2.4748666286468506 - critic/advantages/min:-2.4748666286468506 - critic/returns/mean:0.010867400094866753 - critic/returns/max:2.4748666286468506 - critic/returns/min:-2.4748666286468506 - response_length/mean:262.3359375 - response_length/max:455.0 - response_length/min:146.0 - response_length/clip_ratio:0.0 - response_length_non_aborted/mean:262.3359375 - response_length_non_aborted/max:455.0 - response_length_non_aborted/min:146.0 - response_length_non_aborted/clip_ratio:0.0 - response/aborted_ratio:0.0 - prompt_length/mean:99.375 - prompt_length/max:124.0 - prompt_length/min:79.0 - prompt_length/clip_ratio:0.0 - num_turns/min:2 - num_turns/max:2 - num_turns/mean:2.0 - timing_s/start_profile:7.569883018732071e-05 - timing_s/agent_loop/num_preempted/min:-1 - timing_s/agent_loop/num_preempted/max:-1 - timing_s/agent_loop/num_preempted/mean:-1.0 - timing_s/agent_loop/generate_sequences/min:0.7759634917601943 - timing_s/agent_loop/generate_sequences/max:1.774392694234848 - timing_s/agent_loop/generate_sequences/mean:1.2212538684980245 - timing_s/agent_loop/tool_calls/min:0.0 - timing_s/agent_loop/tool_calls/max:0.0 - timing_s/agent_loop/tool_calls/mean:0.0 - timing_s/agent_loop/compute_score/min:0.0032793572172522545 - timing_s/agent_loop/compute_score/max:0.013387540355324745 - timing_s/agent_loop/compute_score/mean:0.005426987263490446 - timing_s/agent_loop/slowest/generate_sequences:1.774392694234848 - timing_s/agent_loop/slowest/tool_calls:0.0 - timing_s/agent_loop/slowest/compute_score:0.005159790627658367 - timing_s/agent_loop/slowest/num_preempted:-1 - timing_s/agent_loop/slowest/prompt_length:113 - timing_s/agent_loop/slowest/response_length:455 - timing_s/gen:2.3453261284157634 - timing_s/reward:1.4659948647022247e-05 - timing_s/old_log_prob:0.7723294971510768 - timing_s/ref:2.3163378490135074 - timing_s/adv:0.0033892272040247917 - timing_s/update_actor:2.6211045579984784 - timing_s/update_weights:0.8623904334381223 - timing_s/step:8.969828655011952 - timing_s/stop_profile:8.13901424407959e-05 - timing_per_token_ms/ref:0.05002997578810573 - timing_per_token_ms/gen:0.0698450260107735 - timing_per_token_ms/update_actor:0.056612552279714 - timing_per_token_ms/adv:7.32030325498346e-05 - perf/total_num_tokens:46299 - perf/time_per_step:8.969828655011952 - perf/throughput:5161.637059157214
[36m(TaskRunner pid=776037)[0m step:90 - global_seqlen/min:48235 - global_seqlen/max:48235 - global_seqlen/minmax_diff:0 - global_seqlen/balanced_min:48235 - global_seqlen/balanced_max:48235 - global_seqlen/mean:48235.0 - actor/entropy:0.09495362639427185 - perf/mfu/actor_infer:0.24717836067745816 - actor/pg_clipfrac:0.00014197005839378107 - actor/ppo_kl:-0.00018444785291649168 - actor/pg_clipfrac_lower:0.0 - actor/pg_loss:0.006488746497780085 - actor/kl_loss:0.015762629394885153 - actor/kl_coef:0.001 - actor/loss:0.006504513323307037 - actor/grad_norm:0.5738853514194489 - actor/perf/max_memory_allocated_gb:29.571680545806885 - actor/perf/max_memory_reserved_gb:41.203125 - actor/perf/cpu_memory_used_gb:26.756479263305664 - actor/lr:1e-06 - perf/mfu/actor:0.20760686411941257 - training/global_step:90 - training/epoch:0 - critic/score/mean:0.859375 - critic/score/max:1.0 - critic/score/min:0.0 - critic/rewards/mean:0.859375 - critic/rewards/max:1.0 - critic/rewards/min:0.0 - critic/advantages/mean:-0.0070779635570943356 - critic/advantages/max:1.6201815605163574 - critic/advantages/min:-2.4748666286468506 - critic/returns/mean:-0.0070779635570943356 - critic/returns/max:1.6201815605163574 - critic/returns/min:-2.4748666286468506 - response_length/mean:272.5234375 - response_length/max:505.0 - response_length/min:133.0 - response_length/clip_ratio:0.0 - response_length_non_aborted/mean:272.5234375 - response_length_non_aborted/max:505.0 - response_length_non_aborted/min:133.0 - response_length_non_aborted/clip_ratio:0.0 - response/aborted_ratio:0.0 - prompt_length/mean:104.3125 - prompt_length/max:144.0 - prompt_length/min:71.0 - prompt_length/clip_ratio:0.0 - num_turns/min:2 - num_turns/max:2 - num_turns/mean:2.0 - timing_s/start_profile:7.610861212015152e-05 - timing_s/agent_loop/num_preempted/min:-1 - timing_s/agent_loop/num_preempted/max:-1 - timing_s/agent_loop/num_preempted/mean:-1.0 - timing_s/agent_loop/generate_sequences/min:0.668693863786757 - timing_s/agent_loop/generate_sequences/max:1.9304450582712889 - timing_s/agent_loop/generate_sequences/mean:1.2331244260276435 - timing_s/agent_loop/tool_calls/min:0.0 - timing_s/agent_loop/tool_calls/max:0.0 - timing_s/agent_loop/tool_calls/mean:0.0 - timing_s/agent_loop/compute_score/min:0.0037006232887506485 - timing_s/agent_loop/compute_score/max:0.01292613334953785 - timing_s/agent_loop/compute_score/mean:0.005354980217816774 - timing_s/agent_loop/slowest/generate_sequences:1.9304450582712889 - timing_s/agent_loop/slowest/tool_calls:0.0 - timing_s/agent_loop/slowest/compute_score:0.005434007383882999 - timing_s/agent_loop/slowest/num_preempted:-1 - timing_s/agent_loop/slowest/prompt_length:112 - timing_s/agent_loop/slowest/response_length:505 - timing_s/gen:2.4980385629460216 - timing_s/reward:1.5730038285255432e-05 - timing_s/old_log_prob:1.188446905463934 - timing_s/ref:2.3089256305247545 - timing_s/adv:0.0034270668402314186 - timing_s/update_actor:2.6547038219869137 - timing_s/update_weights:0.8507424164563417 - timing_s/step:9.553169588558376 - timing_s/stop_profile:8.067954331636429e-05 - timing_per_token_ms/ref:0.047868262268575816 - timing_per_token_ms/gen:0.07161191878410748 - timing_per_token_ms/update_actor:0.055036878241669196 - timing_per_token_ms/adv:7.104937991565085e-05 - perf/total_num_tokens:48235 - perf/time_per_step:9.553169588558376 - perf/throughput:5049.109570688456
[36m(WorkerDict pid=776530)[0m INFO:2026-07-25 14:10:02,930:update_weights done, time cost: 0.45s
[36m(TaskRunner pid=776037)[0m Training Progress:  46%|████▌     | 92/200 [15:07<16:54,  9.40s/it]
[36m(WorkerDict pid=776530)[0m INFO:2026-07-25 14:10:12,392:update_weights done, time cost: 0.47s
[36m(TaskRunner pid=776037)[0m Training Progress:  46%|████▋     | 93/200 [15:16<16:47,  9.42s/it]
[36m(TaskRunner pid=776037)[0m step:91 - global_seqlen/min:53100 - global_seqlen/max:53100 - global_seqlen/minmax_diff:0 - global_seqlen/balanced_min:53100 - global_seqlen/balanced_max:53100 - global_seqlen/mean:53100.0 - actor/entropy:0.128041073679924 - perf/mfu/actor_infer:0.2561611242841499 - actor/pg_clipfrac:0.00024667614889040124 - actor/ppo_kl:-8.83912030076317e-05 - actor/pg_clipfrac_lower:0.0 - actor/pg_loss:0.03640845962945605 - actor/kl_loss:0.01697747642174363 - actor/kl_coef:0.001 - actor/loss:0.036425440572202206 - actor/grad_norm:0.5942330658435822 - actor/perf/max_memory_allocated_gb:29.571680545806885 - actor/perf/max_memory_reserved_gb:41.203125 - actor/perf/cpu_memory_used_gb:26.760162353515625 - actor/lr:1e-06 - perf/mfu/actor:0.21700289001721856 - training/global_step:91 - training/epoch:0 - critic/score/mean:0.7578125 - critic/score/max:1.0 - critic/score/min:0.0 - critic/rewards/mean:0.7578125 - critic/rewards/max:1.0 - critic/rewards/min:0.0 - critic/advantages/mean:-0.0363793671131134 - critic/advantages/max:2.4748666286468506 - critic/advantages/min:-2.4748666286468506 - critic/returns/mean:-0.0363793671131134 - critic/returns/max:2.4748666286468506 - critic/returns/min:-2.4748666286468506 - response_length/mean:303.28125 - response_length/max:512.0 - response_length/min:146.0 - response_length/clip_ratio:0.03125 - response_length_non_aborted/mean:303.28125 - response_length_non_aborted/max:512.0 - response_length_non_aborted/min:146.0 - response_length_non_aborted/clip_ratio:0.03125 - response/aborted_ratio:0.0 - prompt_length/mean:111.5625 - prompt_length/max:153.0 - prompt_length/min:79.0 - prompt_length/clip_ratio:0.0 - num_turns/min:2 - num_turns/max:2 - num_turns/mean:2.0 - timing_s/start_profile:7.425900548696518e-05 - timing_s/agent_loop/num_preempted/min:-1 - timing_s/agent_loop/num_preempted/max:-1 - timing_s/agent_loop/num_preempted/mean:-1.0 - timing_s/agent_loop/generate_sequences/min:0.7429462922737002 - timing_s/agent_loop/generate_sequences/max:2.0322855785489082 - timing_s/agent_loop/generate_sequences/mean:1.3720171420573024 - timing_s/agent_loop/tool_calls/min:0.0 - timing_s/agent_loop/tool_calls/max:0.0 - timing_s/agent_loop/tool_calls/mean:0.0 - timing_s/agent_loop/compute_score/min:0.0035591358318924904 - timing_s/agent_loop/compute_score/max:0.011598557233810425 - timing_s/agent_loop/compute_score/mean:0.005313676439982373 - timing_s/agent_loop/slowest/generate_sequences:2.0322855785489082 - timing_s/agent_loop/slowest/tool_calls:0.0 - timing_s/agent_loop/slowest/compute_score:0.004860031418502331 - timing_s/agent_loop/slowest/num_preempted:-1 - timing_s/agent_loop/slowest/prompt_length:153 - timing_s/agent_loop/slowest/response_length:512 - timing_s/gen:2.604181663133204 - timing_s/reward:1.4258548617362976e-05 - timing_s/old_log_prob:0.8373599760234356 - timing_s/ref:2.3439103811979294 - timing_s/adv:0.0034442469477653503 - timing_s/update_actor:2.7937798416242003 - timing_s/update_weights:0.8594401804730296 - timing_s/step:9.491011152043939 - timing_s/stop_profile:7.877964526414871e-05 - timing_per_token_ms/ref:0.044141438440638975 - timing_per_token_ms/gen:0.06708350497509541 - timing_per_token_ms/update_actor:0.0526135563394388 - timing_per_token_ms/adv:6.48634076791968e-05 - perf/total_num_tokens:53100 - perf/time_per_step:9.491011152043939 - perf/throughput:5594.7674224958255
[36m(TaskRunner pid=776037)[0m step:92 - global_seqlen/min:51426 - global_seqlen/max:51426 - global_seqlen/minmax_diff:0 - global_seqlen/balanced_min:51426 - global_seqlen/balanced_max:51426 - global_seqlen/mean:51426.0 - actor/entropy:0.10914044082164764 - perf/mfu/actor_infer:0.2513769676401641 - actor/pg_clipfrac:0.00045304151353775524 - actor/ppo_kl:-4.6467727315757656e-05 - actor/pg_clipfrac_lower:0.0 - actor/pg_loss:-0.00036688754335045815 - actor/kl_loss:0.017746200843248516 - actor/kl_coef:0.001 - actor/loss:-0.0003491397947072983 - actor/grad_norm:0.7135131359100342 - actor/perf/max_memory_allocated_gb:29.571680545806885 - actor/perf/max_memory_reserved_gb:41.203125 - actor/perf/cpu_memory_used_gb:26.76067352294922 - actor/lr:1e-06 - perf/mfu/actor:0.21345384289536995 - training/global_step:92 - training/epoch:0 - critic/score/mean:0.7421875 - critic/score/max:1.0 - critic/score/min:0.0 - critic/rewards/mean:0.7421875 - critic/rewards/max:1.0 - critic/rewards/min:0.0 - critic/advantages/mean:0.00043559432378970087 - critic/advantages/max:1.6201815605163574 - critic/advantages/min:-2.4748666286468506 - critic/returns/mean:0.00043559432378970087 - critic/returns/max:1.6201815605163574 - critic/returns/min:-2.4748666286468506 - response_length/mean:293.515625 - response_length/max:512.0 - response_length/min:168.0 - response_length/clip_ratio:0.046875 - response_length_non_aborted/mean:293.515625 - response_length_non_aborted/max:512.0 - response_length_non_aborted/min:168.0 - response_length_non_aborted/clip_ratio:0.046875 - response/aborted_ratio:0.0 - prompt_length/mean:108.25 - prompt_length/max:162.0 - prompt_length/min:75.0 - prompt_length/clip_ratio:0.0 - num_turns/min:2 - num_turns/max:2 - num_turns/mean:2.0 - timing_s/start_profile:7.668882608413696e-05 - timing_s/agent_loop/num_preempted/min:-1 - timing_s/agent_loop/num_preempted/max:-1 - timing_s/agent_loop/num_preempted/mean:-1.0 - timing_s/agent_loop/generate_sequences/min:0.8303343532606959 - timing_s/agent_loop/generate_sequences/max:2.0056758262217045 - timing_s/agent_loop/generate_sequences/mean:1.3184025684022345 - timing_s/agent_loop/tool_calls/min:0.0 - timing_s/agent_loop/tool_calls/max:0.0 - timing_s/agent_loop/tool_calls/mean:0.0 - timing_s/agent_loop/compute_score/min:0.0029963208362460136 - timing_s/agent_loop/compute_score/max:0.020203263498842716 - timing_s/agent_loop/compute_score/mean:0.005749785210355185 - timing_s/agent_loop/slowest/generate_sequences:2.0056758262217045 - timing_s/agent_loop/slowest/tool_calls:0.0 - timing_s/agent_loop/slowest/compute_score:0.005457577295601368 - timing_s/agent_loop/slowest/num_preempted:-1 - timing_s/agent_loop/slowest/prompt_length:102 - timing_s/agent_loop/slowest/response_length:512 - timing_s/gen:2.5720159551128745 - timing_s/reward:1.3629905879497528e-05 - timing_s/old_log_prob:0.8270209757611156 - timing_s/ref:2.3340589571744204 - timing_s/adv:0.003387956880033016 - timing_s/update_actor:2.75077813770622 - timing_s/update_weights:0.8453357079997659 - timing_s/step:9.380731363780797 - timing_s/stop_profile:7.707905024290085e-05 - timing_per_token_ms/ref:0.045386749060288965 - timing_per_token_ms/gen:0.06845930144032139 - timing_per_token_ms/update_actor:0.053490027178979896 - timing_per_token_ms/adv:6.58802333456426e-05 - perf/total_num_tokens:51426 - perf/time_per_step:9.380731363780797 - perf/throughput:5482.0885499990845
[36m(WorkerDict pid=776530)[0m INFO:2026-07-25 14:10:21,514:update_weights done, time cost: 0.45s
[36m(TaskRunner pid=776037)[0m Training Progress:  47%|████▋     | 94/200 [15:26<16:28,  9.33s/it]
[36m(WorkerDict pid=776530)[0m INFO:2026-07-25 14:10:31,376:update_weights done, time cost: 0.47s
[36m(TaskRunner pid=776037)[0m Training Progress:  48%|████▊     | 95/200 [15:35<16:36,  9.49s/it]
[36m(TaskRunner pid=776037)[0m step:93 - global_seqlen/min:53050 - global_seqlen/max:53050 - global_seqlen/minmax_diff:0 - global_seqlen/balanced_min:53050 - global_seqlen/balanced_max:53050 - global_seqlen/mean:53050.0 - actor/entropy:0.10445310920476913 - perf/mfu/actor_infer:0.25939636095791635 - actor/pg_clipfrac:0.00035958144508185796 - actor/ppo_kl:4.3000487039535074e-05 - actor/pg_clipfrac_lower:0.0 - actor/pg_loss:0.017966494080610573 - actor/kl_loss:0.01723293209215626 - actor/kl_coef:0.001 - actor/loss:0.017983724363148212 - actor/grad_norm:0.5292000472545624 - actor/perf/max_memory_allocated_gb:29.571680545806885 - actor/perf/max_memory_reserved_gb:41.203125 - actor/perf/cpu_memory_used_gb:26.759702682495117 - actor/lr:1e-06 - perf/mfu/actor:0.21971146837582448 - training/global_step:93 - training/epoch:0 - critic/score/mean:0.8125 - critic/score/max:1.0 - critic/score/min:0.0 - critic/rewards/mean:0.8125 - critic/rewards/max:1.0 - critic/rewards/min:0.0 - critic/advantages/mean:-0.017870042473077774 - critic/advantages/max:1.6201815605163574 - critic/advantages/min:-2.4748666286468506 - critic/returns/mean:-0.017870042473077774 - critic/returns/max:1.6201815605163574 - critic/returns/min:-2.4748666286468506 - response_length/mean:313.453125 - response_length/max:512.0 - response_length/min:153.0 - response_length/clip_ratio:0.0546875 - response_length_non_aborted/mean:313.453125 - response_length_non_aborted/max:512.0 - response_length_non_aborted/min:153.0 - response_length_non_aborted/clip_ratio:0.0546875 - response/aborted_ratio:0.0 - prompt_length/mean:101.0 - prompt_length/max:124.0 - prompt_length/min:78.0 - prompt_length/clip_ratio:0.0 - num_turns/min:2 - num_turns/max:2 - num_turns/mean:2.0 - timing_s/start_profile:7.13597983121872e-05 - timing_s/agent_loop/num_preempted/min:-1 - timing_s/agent_loop/num_preempted/max:-1 - timing_s/agent_loop/num_preempted/mean:-1.0 - timing_s/agent_loop/generate_sequences/min:0.7480949927121401 - timing_s/agent_loop/generate_sequences/max:2.0477552572265267 - timing_s/agent_loop/generate_sequences/mean:1.4417803386168089 - timing_s/agent_loop/tool_calls/min:0.0 - timing_s/agent_loop/tool_calls/max:0.0 - timing_s/agent_loop/tool_calls/mean:0.0 - timing_s/agent_loop/compute_score/min:0.0035513965412974358 - timing_s/agent_loop/compute_score/max:0.016283992677927017 - timing_s/agent_loop/compute_score/mean:0.005400304711656645 - timing_s/agent_loop/slowest/generate_sequences:2.0477552572265267 - timing_s/agent_loop/slowest/tool_calls:0.0 - timing_s/agent_loop/slowest/compute_score:0.0054351575672626495 - timing_s/agent_loop/slowest/num_preempted:-1 - timing_s/agent_loop/slowest/prompt_length:102 - timing_s/agent_loop/slowest/response_length:512 - timing_s/gen:2.6142418049275875 - timing_s/reward:1.4360062777996063e-05 - timing_s/old_log_prob:0.8258858667686582 - timing_s/ref:2.343257146887481 - timing_s/adv:0.0033796969801187515 - timing_s/update_actor:2.7585142636671662 - timing_s/update_weights:0.862564810551703 - timing_s/step:9.456441989168525 - timing_s/stop_profile:7.773935794830322e-05 - timing_per_token_ms/ref:0.044170728499292766 - timing_per_token_ms/gen:0.06515731531148965 - timing_per_token_ms/update_actor:0.051998383858005016 - timing_per_token_ms/adv:6.370776588348259e-05 - perf/total_num_tokens:53050 - perf/time_per_step:9.456441989168525 - perf/throughput:5609.932367878304
[36m(TaskRunner pid=776037)[0m step:94 - global_seqlen/min:48265 - global_seqlen/max:48265 - global_seqlen/minmax_diff:0 - global_seqlen/balanced_min:48265 - global_seqlen/balanced_max:48265 - global_seqlen/mean:48265.0 - actor/entropy:0.09502996504306793 - perf/mfu/actor_infer:0.24799449674284868 - actor/pg_clipfrac:0.00027882279209734406 - actor/ppo_kl:3.410026965866564e-05 - actor/pg_clipfrac_lower:0.0 - actor/pg_loss:-0.004431230132468045 - actor/kl_loss:0.019952238304540515 - actor/kl_coef:0.001 - actor/loss:-0.004411278059706092 - actor/grad_norm:0.5269107818603516 - actor/perf/max_memory_allocated_gb:29.571680545806885 - actor/perf/max_memory_reserved_gb:41.203125 - actor/perf/cpu_memory_used_gb:26.764066696166992 - actor/lr:1e-06 - perf/mfu/actor:0.21063762731250502 - training/global_step:94 - training/epoch:0 - critic/score/mean:0.90625 - critic/score/max:1.0 - critic/score/min:0.0 - critic/rewards/mean:0.90625 - critic/rewards/max:1.0 - critic/rewards/min:0.0 - critic/advantages/mean:0.004262126982212067 - critic/advantages/max:0.7245674133300781 - critic/advantages/min:-2.4748666286468506 - critic/returns/mean:0.004262126982212067 - critic/returns/max:0.7245674133300781 - critic/returns/min:-2.4748666286468506 - response_length/mean:279.7578125 - response_length/max:489.0 - response_length/min:142.0 - response_length/clip_ratio:0.0 - response_length_non_aborted/mean:279.7578125 - response_length_non_aborted/max:489.0 - response_length_non_aborted/min:142.0 - response_length_non_aborted/clip_ratio:0.0 - response/aborted_ratio:0.0 - prompt_length/mean:97.3125 - prompt_length/max:139.0 - prompt_length/min:67.0 - prompt_length/clip_ratio:0.0 - num_turns/min:2 - num_turns/max:2 - num_turns/mean:2.0 - timing_s/start_profile:8.211936801671982e-05 - timing_s/agent_loop/num_preempted/min:-1 - timing_s/agent_loop/num_preempted/max:-1 - timing_s/agent_loop/num_preempted/mean:-1.0 - timing_s/agent_loop/generate_sequences/min:0.7326332731172442 - timing_s/agent_loop/generate_sequences/max:1.9032579809427261 - timing_s/agent_loop/generate_sequences/mean:1.2866285382115166 - timing_s/agent_loop/tool_calls/min:0.0 - timing_s/agent_loop/tool_calls/max:0.0 - timing_s/agent_loop/tool_calls/mean:0.0 - timing_s/agent_loop/compute_score/min:0.003952741622924805 - timing_s/agent_loop/compute_score/max:0.009256979450583458 - timing_s/agent_loop/compute_score/mean:0.005245068190561142 - timing_s/agent_loop/slowest/generate_sequences:1.9032579809427261 - timing_s/agent_loop/slowest/tool_calls:0.0 - timing_s/agent_loop/slowest/compute_score:0.005251208320260048 - timing_s/agent_loop/slowest/num_preempted:-1 - timing_s/agent_loop/slowest/prompt_length:92 - timing_s/agent_loop/slowest/response_length:489 - timing_s/gen:2.475688640959561 - timing_s/reward:1.5280209481716156e-05 - timing_s/old_log_prob:0.7901263646781445 - timing_s/ref:2.3313511526212096 - timing_s/adv:0.003424767404794693 - timing_s/update_actor:2.617084867320955 - timing_s/update_weights:0.8455212255939841 - timing_s/step:9.113833355717361 - timing_s/stop_profile:7.610023021697998e-05 - timing_per_token_ms/ref:0.048303142082693665 - timing_per_token_ms/gen:0.06913593345135471 - timing_per_token_ms/update_actor:0.05422324391009955 - timing_per_token_ms/adv:7.095757598248613e-05 - perf/total_num_tokens:48265 - perf/time_per_step:9.113833355717361 - perf/throughput:5295.7957553307715
[36m(WorkerDict pid=776530)[0m INFO:2026-07-25 14:10:40,305:update_weights done, time cost: 0.46s
[36m(TaskRunner pid=776037)[0m Training Progress:  48%|████▊     | 96/200 [15:44<16:09,  9.32s/it]
[36m(WorkerDict pid=776530)[0m INFO:2026-07-25 14:10:49,651:update_weights done, time cost: 0.47s
[36m(TaskRunner pid=776037)[0m Training Progress:  48%|████▊     | 97/200 [15:54<16:01,  9.33s/it]
[36m(TaskRunner pid=776037)[0m step:95 - global_seqlen/min:52534 - global_seqlen/max:52534 - global_seqlen/minmax_diff:0 - global_seqlen/balanced_min:52534 - global_seqlen/balanced_max:52534 - global_seqlen/mean:52534.0 - actor/entropy:0.09452760219573975 - perf/mfu/actor_infer:0.25226467686637766 - actor/pg_clipfrac:0.00015197401990008075 - actor/ppo_kl:8.83763395567172e-05 - actor/pg_clipfrac_lower:0.0 - actor/pg_loss:0.006148384418338537 - actor/kl_loss:0.01871882996056229 - actor/kl_coef:0.001 - actor/loss:0.006167098879814148 - actor/grad_norm:0.40254560112953186 - actor/perf/max_memory_allocated_gb:29.571680545806885 - actor/perf/max_memory_reserved_gb:41.203125 - actor/perf/cpu_memory_used_gb:26.737499237060547 - actor/lr:1e-06 - perf/mfu/actor:0.21750556065908355 - training/global_step:95 - training/epoch:0 - critic/score/mean:0.9296875 - critic/score/max:1.0 - critic/score/min:0.0 - critic/rewards/mean:0.9296875 - critic/rewards/max:1.0 - critic/rewards/min:0.0 - critic/advantages/mean:-0.006263951305299997 - critic/advantages/max:0.935412585735321 - critic/advantages/min:-1.6201815605163574 - critic/returns/mean:-0.006263951305299997 - critic/returns/max:0.935412585735321 - critic/returns/min:-1.6201815605163574 - response_length/mean:302.859375 - response_length/max:512.0 - response_length/min:156.0 - response_length/clip_ratio:0.0234375 - response_length_non_aborted/mean:302.859375 - response_length_non_aborted/max:512.0 - response_length_non_aborted/min:156.0 - response_length_non_aborted/clip_ratio:0.0234375 - response/aborted_ratio:0.0 - prompt_length/mean:107.5625 - prompt_length/max:163.0 - prompt_length/min:66.0 - prompt_length/clip_ratio:0.0 - num_turns/min:2 - num_turns/max:2 - num_turns/mean:2.0 - timing_s/start_profile:7.757917046546936e-05 - timing_s/agent_loop/num_preempted/min:-1 - timing_s/agent_loop/num_preempted/max:-1 - timing_s/agent_loop/num_preempted/mean:-1.0 - timing_s/agent_loop/generate_sequences/min:0.8228120971471071 - timing_s/agent_loop/generate_sequences/max:2.0513369934633374 - timing_s/agent_loop/generate_sequences/mean:1.4283054434636142 - timing_s/agent_loop/tool_calls/min:0.0 - timing_s/agent_loop/tool_calls/max:0.0 - timing_s/agent_loop/tool_calls/mean:0.0 - timing_s/agent_loop/compute_score/min:0.0037655141204595566 - timing_s/agent_loop/compute_score/max:0.010747475549578667 - timing_s/agent_loop/compute_score/mean:0.005253528710454702 - timing_s/agent_loop/slowest/generate_sequences:2.0513369934633374 - timing_s/agent_loop/slowest/tool_calls:0.0 - timing_s/agent_loop/slowest/compute_score:0.00453820638358593 - timing_s/agent_loop/slowest/num_preempted:-1 - timing_s/agent_loop/slowest/prompt_length:163 - timing_s/agent_loop/slowest/response_length:512 - timing_s/gen:2.6096053095534444 - timing_s/reward:1.5399418771266937e-05 - timing_s/old_log_prob:0.8401035191491246 - timing_s/ref:2.340755701996386 - timing_s/adv:0.003452807664871216 - timing_s/update_actor:3.1470257388427854 - timing_s/update_weights:0.8878792254254222 - timing_s/step:9.877588016912341 - timing_s/stop_profile:3.411993384361267e-05 - timing_per_token_ms/ref:0.04455696695466529 - timing_per_token_ms/gen:0.0673168578020287 - timing_per_token_ms/update_actor:0.059904552077564725 - timing_per_token_ms/adv:6.572520015363795e-05 - perf/total_num_tokens:52534 - perf/time_per_step:9.877588016912341 - perf/throughput:5318.504872854753
[36m(TaskRunner pid=776037)[0m step:96 - global_seqlen/min:42878 - global_seqlen/max:42878 - global_seqlen/minmax_diff:0 - global_seqlen/balanced_min:42878 - global_seqlen/balanced_max:42878 - global_seqlen/mean:42878.0 - actor/entropy:0.0980980172753334 - perf/mfu/actor_infer:0.23209380700322443 - actor/pg_clipfrac:0.0005005563907616306 - actor/ppo_kl:0.00013259143287314146 - actor/pg_clipfrac_lower:0.0 - actor/pg_loss:0.017450830433517694 - actor/kl_loss:0.02242982981260866 - actor/kl_coef:0.001 - actor/loss:0.017473257146775723 - actor/grad_norm:0.5751606225967407 - actor/perf/max_memory_allocated_gb:29.571680545806885 - actor/perf/max_memory_reserved_gb:41.203125 - actor/perf/cpu_memory_used_gb:26.739482879638672 - actor/lr:1e-06 - perf/mfu/actor:0.19448081635855297 - training/global_step:96 - training/epoch:0 - critic/score/mean:0.921875 - critic/score/max:1.0 - critic/score/min:0.0 - critic/rewards/mean:0.921875 - critic/rewards/max:1.0 - critic/rewards/min:0.0 - critic/advantages/mean:-0.01741587370634079 - critic/advantages/max:0.7245674133300781 - critic/advantages/min:-2.4748666286468506 - critic/returns/mean:-0.01741587370634079 - critic/returns/max:0.7245674133300781 - critic/returns/min:-2.4748666286468506 - response_length/mean:243.859375 - response_length/max:512.0 - response_length/min:157.0 - response_length/clip_ratio:0.0078125 - response_length_non_aborted/mean:243.859375 - response_length_non_aborted/max:512.0 - response_length_non_aborted/min:157.0 - response_length_non_aborted/clip_ratio:0.0078125 - response/aborted_ratio:0.0 - prompt_length/mean:91.125 - prompt_length/max:108.0 - prompt_length/min:69.0 - prompt_length/clip_ratio:0.0 - num_turns/min:2 - num_turns/max:2 - num_turns/mean:2.0 - timing_s/start_profile:2.828892320394516e-05 - timing_s/agent_loop/num_preempted/min:-1 - timing_s/agent_loop/num_preempted/max:-1 - timing_s/agent_loop/num_preempted/mean:-1.0 - timing_s/agent_loop/generate_sequences/min:0.793571432121098 - timing_s/agent_loop/generate_sequences/max:1.8378429664298892 - timing_s/agent_loop/generate_sequences/mean:1.129756565176649 - timing_s/agent_loop/tool_calls/min:0.0 - timing_s/agent_loop/tool_calls/max:0.0 - timing_s/agent_loop/tool_calls/mean:0.0 - timing_s/agent_loop/compute_score/min:0.003999541513621807 - timing_s/agent_loop/compute_score/max:0.015286792069673538 - timing_s/agent_loop/compute_score/mean:0.005478253078763373 - timing_s/agent_loop/slowest/generate_sequences:1.8378429664298892 - timing_s/agent_loop/slowest/tool_calls:0.0 - timing_s/agent_loop/slowest/compute_score:0.006001992151141167 - timing_s/agent_loop/slowest/num_preempted:-1 - timing_s/agent_loop/slowest/prompt_length:87 - timing_s/agent_loop/slowest/response_length:512 - timing_s/gen:2.4102209769189358 - timing_s/reward:1.4419667422771454e-05 - timing_s/old_log_prob:0.7533019417896867 - timing_s/ref:2.3095394046977162 - timing_s/adv:0.0034062471240758896 - timing_s/update_actor:2.5264105880632997 - timing_s/update_weights:0.8671060465276241 - timing_s/step:8.919155567884445 - timing_s/stop_profile:8.379854261875153e-05 - timing_per_token_ms/ref:0.053863039430423906 - timing_per_token_ms/gen:0.07721602412119356 - timing_per_token_ms/update_actor:0.058920905547443905 - timing_per_token_ms/adv:7.944043854834389e-05 - perf/total_num_tokens:42878 - perf/time_per_step:8.919155567884445 - perf/throughput:4807.405776662592
[36m(WorkerDict pid=776530)[0m INFO:2026-07-25 14:10:58,687:update_weights done, time cost: 0.47s
[36m(TaskRunner pid=776037)[0m Training Progress:  49%|████▉     | 98/200 [16:03<15:43,  9.25s/it]
[36m(WorkerDict pid=776530)[0m INFO:2026-07-25 14:11:07,850:update_weights done, time cost: 0.47s
[36m(TaskRunner pid=776037)[0m Training Progress:  50%|████▉     | 99/200 [16:12<15:30,  9.22s/it]
[36m(TaskRunner pid=776037)[0m step:97 - global_seqlen/min:50717 - global_seqlen/max:50717 - global_seqlen/minmax_diff:0 - global_seqlen/balanced_min:50717 - global_seqlen/balanced_max:50717 - global_seqlen/mean:50717.0 - actor/entropy:0.12984979152679443 - perf/mfu/actor_infer:0.2489251331486058 - actor/pg_clipfrac:0.000388228580050054 - actor/ppo_kl:-7.595322506404045e-05 - actor/pg_clipfrac_lower:0.0 - actor/pg_loss:-0.002876707003451884 - actor/kl_loss:0.020076147455256432 - actor/kl_coef:0.001 - actor/loss:-0.002856627106666565 - actor/grad_norm:0.746105968952179 - actor/perf/max_memory_allocated_gb:29.571680545806885 - actor/perf/max_memory_reserved_gb:41.203125 - actor/perf/cpu_memory_used_gb:26.73966407775879 - actor/lr:1e-06 - perf/mfu/actor:0.21292781874220018 - training/global_step:97 - training/epoch:0 - critic/score/mean:0.7421875 - critic/score/max:1.0 - critic/score/min:0.0 - critic/rewards/mean:0.7421875 - critic/rewards/max:1.0 - critic/rewards/min:0.0 - critic/advantages/mean:0.0028789592906832695 - critic/advantages/max:2.4748666286468506 - critic/advantages/min:-2.4748666286468506 - critic/returns/mean:0.0028789592906832695 - critic/returns/max:2.4748666286468506 - critic/returns/min:-2.4748666286468506 - response_length/mean:286.8515625 - response_length/max:508.0 - response_length/min:136.0 - response_length/clip_ratio:0.0 - response_length_non_aborted/mean:286.8515625 - response_length_non_aborted/max:508.0 - response_length_non_aborted/min:136.0 - response_length_non_aborted/clip_ratio:0.0 - response/aborted_ratio:0.0 - prompt_length/mean:109.375 - prompt_length/max:145.0 - prompt_length/min:70.0 - prompt_length/clip_ratio:0.0 - num_turns/min:2 - num_turns/max:2 - num_turns/mean:2.0 - timing_s/start_profile:7.967930287122726e-05 - timing_s/agent_loop/num_preempted/min:-1 - timing_s/agent_loop/num_preempted/max:-1 - timing_s/agent_loop/num_preempted/mean:-1.0 - timing_s/agent_loop/generate_sequences/min:0.6696862038224936 - timing_s/agent_loop/generate_sequences/max:1.9617462139576674 - timing_s/agent_loop/generate_sequences/mean:1.3041158954511047 - timing_s/agent_loop/tool_calls/min:0.0 - timing_s/agent_loop/tool_calls/max:0.0 - timing_s/agent_loop/tool_calls/mean:0.0 - timing_s/agent_loop/compute_score/min:0.0037795528769493103 - timing_s/agent_loop/compute_score/max:0.013559038750827312 - timing_s/agent_loop/compute_score/mean:0.005450277203635778 - timing_s/agent_loop/slowest/generate_sequences:1.9617462139576674 - timing_s/agent_loop/slowest/tool_calls:0.0 - timing_s/agent_loop/slowest/compute_score:0.005764034576714039 - timing_s/agent_loop/slowest/num_preempted:-1 - timing_s/agent_loop/slowest/prompt_length:109 - timing_s/agent_loop/slowest/response_length:508 - timing_s/gen:2.5367829771712422 - timing_s/reward:1.3410113751888275e-05 - timing_s/old_log_prob:0.8229992752894759 - timing_s/ref:2.331299533136189 - timing_s/adv:0.0034010764211416245 - timing_s/update_actor:2.7209936175495386 - timing_s/update_weights:0.881764454767108 - timing_s/step:9.346583595499396 - timing_s/stop_profile:8.268840610980988e-05 - timing_per_token_ms/ref:0.045966826372541535 - timing_per_token_ms/gen:0.06909014835556397 - timing_per_token_ms/update_actor:0.05365052383913754 - timing_per_token_ms/adv:6.705988960588411e-05 - perf/total_num_tokens:50717 - perf/time_per_step:9.346583595499396 - perf/throughput:5426.260780936197
[36m(TaskRunner pid=776037)[0m step:98 - global_seqlen/min:46696 - global_seqlen/max:46696 - global_seqlen/minmax_diff:0 - global_seqlen/balanced_min:46696 - global_seqlen/balanced_max:46696 - global_seqlen/mean:46696.0 - actor/entropy:0.11077582091093063 - perf/mfu/actor_infer:0.2395240532195246 - actor/pg_clipfrac:0.0003552820508048171 - actor/ppo_kl:-4.849460810874007e-05 - actor/pg_clipfrac_lower:0.0 - actor/pg_loss:-0.01031840848736465 - actor/kl_loss:0.020938345813192427 - actor/kl_coef:0.001 - actor/loss:-0.010297469794750214 - actor/grad_norm:0.703399270772934 - actor/perf/max_memory_allocated_gb:29.571680545806885 - actor/perf/max_memory_reserved_gb:41.203125 - actor/perf/cpu_memory_used_gb:26.742046356201172 - actor/lr:1e-06 - perf/mfu/actor:0.20329429802258395 - training/global_step:98 - training/epoch:0 - critic/score/mean:0.78125 - critic/score/max:1.0 - critic/score/min:0.0 - critic/rewards/mean:0.78125 - critic/rewards/max:1.0 - critic/rewards/min:0.0 - critic/advantages/mean:0.010716238990426064 - critic/advantages/max:2.4748666286468506 - critic/advantages/min:-2.4748666286468506 - critic/returns/mean:0.010716238990426064 - critic/returns/max:2.4748666286468506 - critic/returns/min:-2.4748666286468506 - response_length/mean:260.0625 - response_length/max:472.0 - response_length/min:129.0 - response_length/clip_ratio:0.0 - response_length_non_aborted/mean:260.0625 - response_length_non_aborted/max:472.0 - response_length_non_aborted/min:129.0 - response_length_non_aborted/clip_ratio:0.0 - response/aborted_ratio:0.0 - prompt_length/mean:104.75 - prompt_length/max:168.0 - prompt_length/min:73.0 - prompt_length/clip_ratio:0.0 - num_turns/min:2 - num_turns/max:2 - num_turns/mean:2.0 - timing_s/start_profile:8.589029312133789e-05 - timing_s/agent_loop/num_preempted/min:-1 - timing_s/agent_loop/num_preempted/max:-1 - timing_s/agent_loop/num_preempted/mean:-1.0 - timing_s/agent_loop/generate_sequences/min:0.6790947625413537 - timing_s/agent_loop/generate_sequences/max:1.7955815680325031 - timing_s/agent_loop/generate_sequences/mean:1.1874978877749527 - timing_s/agent_loop/tool_calls/min:0.0 - timing_s/agent_loop/tool_calls/max:0.0 - timing_s/agent_loop/tool_calls/mean:0.0 - timing_s/agent_loop/compute_score/min:0.003884461708366871 - timing_s/agent_loop/compute_score/max:0.011930594220757484 - timing_s/agent_loop/compute_score/mean:0.0052894781256327406 - timing_s/agent_loop/slowest/generate_sequences:1.7955815680325031 - timing_s/agent_loop/slowest/tool_calls:0.0 - timing_s/agent_loop/slowest/compute_score:0.0060672517865896225 - timing_s/agent_loop/slowest/num_preempted:-1 - timing_s/agent_loop/slowest/prompt_length:150 - timing_s/agent_loop/slowest/response_length:472 - timing_s/gen:2.347712744027376 - timing_s/reward:1.4829449355602264e-05 - timing_s/old_log_prob:0.7929418869316578 - timing_s/ref:2.3282287046313286 - timing_s/adv:0.0034245969727635384 - timing_s/update_actor:2.627799923531711 - timing_s/update_weights:0.8953394712880254 - timing_s/step:9.044666917994618 - timing_s/stop_profile:8.101016283035278e-05 - timing_per_token_ms/ref:0.049859274983538815 - timing_per_token_ms/gen:0.07052729944807067 - timing_per_token_ms/update_actor:0.05627462573950041 - timing_per_token_ms/adv:7.333812259644377e-05 - perf/total_num_tokens:46696 - perf/time_per_step:9.044666917994618 - perf/throughput:5162.821408834526
[36m(WorkerDict pid=776530)[0m INFO:2026-07-25 14:11:17,196:update_weights done, time cost: 0.47s
[36m(TaskRunner pid=776037)[0m Training Progress:  50%|█████     | 100/200 [16:21<15:25,  9.26s/it]
[36m(WorkerDict pid=776530)[0m INFO:2026-07-25 14:11:26,995:update_weights done, time cost: 0.47s
[36m(TaskRunner pid=776037)[0m Training Progress:  50%|█████     | 101/200 [16:31<15:32,  9.42s/it]
[36m(TaskRunner pid=776037)[0m step:99 - global_seqlen/min:48897 - global_seqlen/max:48897 - global_seqlen/minmax_diff:0 - global_seqlen/balanced_min:48897 - global_seqlen/balanced_max:48897 - global_seqlen/mean:48897.0 - actor/entropy:0.09926500171422958 - perf/mfu/actor_infer:0.25101865732939554 - actor/pg_clipfrac:0.0002467875001457287 - actor/ppo_kl:-0.00015565462422273413 - actor/pg_clipfrac_lower:0.0 - actor/pg_loss:0.0024693170562386513 - actor/kl_loss:0.021239901252556592 - actor/kl_coef:0.001 - actor/loss:0.0024905558675527573 - actor/grad_norm:0.5119572430849075 - actor/perf/max_memory_allocated_gb:29.571680545806885 - actor/perf/max_memory_reserved_gb:41.203125 - actor/perf/cpu_memory_used_gb:26.75518226623535 - actor/lr:1e-06 - perf/mfu/actor:0.2101212399780264 - training/global_step:99 - training/epoch:0 - critic/score/mean:0.890625 - critic/score/max:1.0 - critic/score/min:0.0 - critic/rewards/mean:0.890625 - critic/rewards/max:1.0 - critic/rewards/min:0.0 - critic/advantages/mean:-0.0024208587128669024 - critic/advantages/max:1.20761239528656 - critic/advantages/min:-2.4748666286468506 - critic/returns/mean:-0.0024208587128669024 - critic/returns/max:1.20761239528656 - critic/returns/min:-2.4748666286468506 - response_length/mean:280.0703125 - response_length/max:470.0 - response_length/min:162.0 - response_length/clip_ratio:0.0 - response_length_non_aborted/mean:280.0703125 - response_length_non_aborted/max:470.0 - response_length_non_aborted/min:162.0 - response_length_non_aborted/clip_ratio:0.0 - response/aborted_ratio:0.0 - prompt_length/mean:101.9375 - prompt_length/max:141.0 - prompt_length/min:79.0 - prompt_length/clip_ratio:0.0 - num_turns/min:2 - num_turns/max:2 - num_turns/mean:2.0 - timing_s/start_profile:8.829869329929352e-05 - timing_s/agent_loop/num_preempted/min:-1 - timing_s/agent_loop/num_preempted/max:-1 - timing_s/agent_loop/num_preempted/mean:-1.0 - timing_s/agent_loop/generate_sequences/min:0.7819113433361053 - timing_s/agent_loop/generate_sequences/max:1.8690246641635895 - timing_s/agent_loop/generate_sequences/mean:1.3102134867149289 - timing_s/agent_loop/tool_calls/min:0.0 - timing_s/agent_loop/tool_calls/max:0.0 - timing_s/agent_loop/tool_calls/mean:0.0 - timing_s/agent_loop/compute_score/min:0.00390718225389719 - timing_s/agent_loop/compute_score/max:0.012922093272209167 - timing_s/agent_loop/compute_score/mean:0.0054113081059767865 - timing_s/agent_loop/slowest/generate_sequences:1.8690246641635895 - timing_s/agent_loop/slowest/tool_calls:0.0 - timing_s/agent_loop/slowest/compute_score:0.005438247695565224 - timing_s/agent_loop/slowest/num_preempted:-1 - timing_s/agent_loop/slowest/prompt_length:111 - timing_s/agent_loop/slowest/response_length:470 - timing_s/gen:2.431583278812468 - timing_s/reward:1.590978354215622e-05 - timing_s/old_log_prob:0.7926262300461531 - timing_s/ref:2.328529169782996 - timing_s/adv:0.003422246314585209 - timing_s/update_actor:2.6604239055886865 - timing_s/update_weights:0.875397096388042 - timing_s/step:9.140880334191024 - timing_s/stop_profile:8.48202034831047e-05 - timing_per_token_ms/ref:0.047621104971327405 - timing_per_token_ms/gen:0.06782848276974164 - timing_per_token_ms/update_actor:0.054408734801494704 - timing_per_token_ms/adv:6.998888100671225e-05 - perf/total_num_tokens:48897 - perf/time_per_step:9.140880334191024 - perf/throughput:5349.265958236333
[36m(TaskRunner pid=776037)[0m step:100 - global_seqlen/min:50398 - global_seqlen/max:50398 - global_seqlen/minmax_diff:0 - global_seqlen/balanced_min:50398 - global_seqlen/balanced_max:50398 - global_seqlen/mean:50398.0 - actor/entropy:0.08742233365774155 - perf/mfu/actor_infer:0.25229500462372423 - actor/pg_clipfrac:0.0002298247109138174 - actor/ppo_kl:8.581810061514261e-05 - actor/pg_clipfrac_lower:0.0 - actor/pg_loss:0.012055598097504117 - actor/kl_loss:0.021467631217092276 - actor/kl_coef:0.001 - actor/loss:0.012077066116034985 - actor/grad_norm:0.48003266751766205 - actor/perf/max_memory_allocated_gb:29.571680545806885 - actor/perf/max_memory_reserved_gb:41.203125 - actor/perf/cpu_memory_used_gb:26.767070770263672 - actor/lr:1e-06 - perf/mfu/actor:0.2120638570021129 - training/global_step:100 - training/epoch:0 - critic/score/mean:0.859375 - critic/score/max:1.0 - critic/score/min:0.0 - critic/rewards/mean:0.859375 - critic/rewards/max:1.0 - critic/rewards/min:0.0 - critic/advantages/mean:-0.012095702812075615 - critic/advantages/max:1.6201815605163574 - critic/advantages/min:-1.6201815605163574 - critic/returns/mean:-0.012095702812075615 - critic/returns/max:1.6201815605163574 - critic/returns/min:-1.6201815605163574 - response_length/mean:289.171875 - response_length/max:512.0 - response_length/min:161.0 - response_length/clip_ratio:0.046875 - response_length_non_aborted/mean:289.171875 - response_length_non_aborted/max:512.0 - response_length_non_aborted/min:161.0 - response_length_non_aborted/clip_ratio:0.046875 - response/aborted_ratio:0.0 - prompt_length/mean:104.5625 - prompt_length/max:169.0 - prompt_length/min:70.0 - prompt_length/clip_ratio:0.0 - num_turns/min:2 - num_turns/max:2 - num_turns/mean:2.0 - timing_s/start_profile:7.97295942902565e-05 - timing_s/agent_loop/num_preempted/min:-1 - timing_s/agent_loop/num_preempted/max:-1 - timing_s/agent_loop/num_preempted/mean:-1.0 - timing_s/agent_loop/generate_sequences/min:0.8218705058097839 - timing_s/agent_loop/generate_sequences/max:1.9923800956457853 - timing_s/agent_loop/generate_sequences/mean:1.3156468262313865 - timing_s/agent_loop/tool_calls/min:0.0 - timing_s/agent_loop/tool_calls/max:0.0 - timing_s/agent_loop/tool_calls/mean:0.0 - timing_s/agent_loop/compute_score/min:0.003029700368642807 - timing_s/agent_loop/compute_score/max:0.012969943694770336 - timing_s/agent_loop/compute_score/mean:0.005229056332609616 - timing_s/agent_loop/slowest/generate_sequences:1.9923800956457853 - timing_s/agent_loop/slowest/tool_calls:0.0 - timing_s/agent_loop/slowest/compute_score:0.004240899346768856 - timing_s/agent_loop/slowest/num_preempted:-1 - timing_s/agent_loop/slowest/prompt_length:169 - timing_s/agent_loop/slowest/response_length:512 - timing_s/gen:2.548040078021586 - timing_s/reward:1.4428980648517609e-05 - timing_s/old_log_prob:0.8091238206252456 - timing_s/ref:2.332649960182607 - timing_s/adv:0.003413107246160507 - timing_s/update_actor:2.7180257253348827 - timing_s/update_weights:0.8845891263335943 - timing_s/step:9.344139598309994 - timing_s/stop_profile:8.060038089752197e-05 - timing_per_token_ms/ref:0.046284573994654694 - timing_per_token_ms/gen:0.06883990052470919 - timing_per_token_ms/update_actor:0.05393122197973893 - timing_per_token_ms/adv:6.772306929164862e-05 - perf/total_num_tokens:50398 - perf/time_per_step:9.344139598309994 - perf/throughput:5393.540996446063
[36m(WorkerDict pid=776530)[0m INFO:2026-07-25 14:11:36,194:update_weights done, time cost: 0.47s
[36m(TaskRunner pid=776037)[0m Training Progress:  51%|█████     | 102/200 [16:40<15:16,  9.35s/it]
[36m(WorkerDict pid=776530)[0m INFO:2026-07-25 14:11:45,498:update_weights done, time cost: 0.46s
[36m(TaskRunner pid=776037)[0m Training Progress:  52%|█████▏    | 103/200 [16:50<15:06,  9.34s/it]
[36m(TaskRunner pid=776037)[0m step:101 - global_seqlen/min:52660 - global_seqlen/max:52660 - global_seqlen/minmax_diff:0 - global_seqlen/balanced_min:52660 - global_seqlen/balanced_max:52660 - global_seqlen/mean:52660.0 - actor/entropy:0.11615373939275742 - perf/mfu/actor_infer:0.2599805318471832 - actor/pg_clipfrac:0.0003433805213717278 - actor/ppo_kl:-0.00012314368950683274 - actor/pg_clipfrac_lower:0.0 - actor/pg_loss:0.014945260481908917 - actor/kl_loss:0.021082340041175485 - actor/kl_coef:0.001 - actor/loss:0.014966342598199844 - actor/grad_norm:0.49327707290649414 - actor/perf/max_memory_allocated_gb:29.571680545806885 - actor/perf/max_memory_reserved_gb:41.203125 - actor/perf/cpu_memory_used_gb:26.74704360961914 - actor/lr:1e-06 - perf/mfu/actor:0.21913731129194397 - training/global_step:101 - training/epoch:0 - critic/score/mean:0.84375 - critic/score/max:1.0 - critic/score/min:0.0 - critic/rewards/mean:0.84375 - critic/rewards/max:1.0 - critic/rewards/min:0.0 - critic/advantages/mean:-0.014968357048928738 - critic/advantages/max:1.6201815605163574 - critic/advantages/min:-2.4748666286468506 - critic/returns/mean:-0.014968357048928738 - critic/returns/max:1.6201815605163574 - critic/returns/min:-2.4748666286468506 - response_length/mean:304.65625 - response_length/max:512.0 - response_length/min:174.0 - response_length/clip_ratio:0.046875 - response_length_non_aborted/mean:304.65625 - response_length_non_aborted/max:512.0 - response_length_non_aborted/min:174.0 - response_length_non_aborted/clip_ratio:0.046875 - response/aborted_ratio:0.0 - prompt_length/mean:106.75 - prompt_length/max:137.0 - prompt_length/min:77.0 - prompt_length/clip_ratio:0.0 - num_turns/min:2 - num_turns/max:2 - num_turns/mean:2.0 - timing_s/start_profile:7.341988384723663e-05 - timing_s/agent_loop/num_preempted/min:-1 - timing_s/agent_loop/num_preempted/max:-1 - timing_s/agent_loop/num_preempted/mean:-1.0 - timing_s/agent_loop/generate_sequences/min:0.8707166220992804 - timing_s/agent_loop/generate_sequences/max:2.0154611822217703 - timing_s/agent_loop/generate_sequences/mean:1.3909124798155972 - timing_s/agent_loop/tool_calls/min:0.0 - timing_s/agent_loop/tool_calls/max:0.0 - timing_s/agent_loop/tool_calls/mean:0.0 - timing_s/agent_loop/compute_score/min:0.0035145459696650505 - timing_s/agent_loop/compute_score/max:0.00985991396009922 - timing_s/agent_loop/compute_score/mean:0.0052495605195872486 - timing_s/agent_loop/slowest/generate_sequences:2.0154611822217703 - timing_s/agent_loop/slowest/tool_calls:0.0 - timing_s/agent_loop/slowest/compute_score:0.005705603398382664 - timing_s/agent_loop/slowest/num_preempted:-1 - timing_s/agent_loop/slowest/prompt_length:116 - timing_s/agent_loop/slowest/response_length:512 - timing_s/gen:2.5847894102334976 - timing_s/reward:1.5848316252231598e-05 - timing_s/old_log_prob:0.8199319848790765 - timing_s/ref:2.7283747466281056 - timing_s/adv:0.0012787571176886559 - timing_s/update_actor:2.7228053798899055 - timing_s/update_weights:0.8871782822534442 - timing_s/step:9.793226736597717 - timing_s/stop_profile:7.654912769794464e-05 - timing_per_token_ms/ref:0.05181114216916266 - timing_per_token_ms/gen:0.06628344984699706 - timing_per_token_ms/update_actor:0.051705381311999726 - timing_per_token_ms/adv:2.428327226905917e-05 - perf/total_num_tokens:52660 - perf/time_per_step:9.793226736597717 - perf/throughput:5377.185826118707
[36m(TaskRunner pid=776037)[0m step:102 - global_seqlen/min:47714 - global_seqlen/max:47714 - global_seqlen/minmax_diff:0 - global_seqlen/balanced_min:47714 - global_seqlen/balanced_max:47714 - global_seqlen/mean:47714.0 - actor/entropy:0.12391937524080276 - perf/mfu/actor_infer:0.24639373057696942 - actor/pg_clipfrac:0.0002896055666496977 - actor/ppo_kl:-9.149507673100743e-05 - actor/pg_clipfrac_lower:0.0 - actor/pg_loss:0.00653016846626997 - actor/kl_loss:0.024555905838496983 - actor/kl_coef:0.001 - actor/loss:0.006554722785949707 - actor/grad_norm:0.6527291238307953 - actor/perf/max_memory_allocated_gb:29.571680545806885 - actor/perf/max_memory_reserved_gb:41.203125 - actor/perf/cpu_memory_used_gb:26.756284713745117 - actor/lr:1e-06 - perf/mfu/actor:0.2060359230032197 - training/global_step:102 - training/epoch:0 - critic/score/mean:0.8984375 - critic/score/max:1.0 - critic/score/min:0.0 - critic/rewards/mean:0.8984375 - critic/rewards/max:1.0 - critic/rewards/min:0.0 - critic/advantages/mean:-0.006742248777300119 - critic/advantages/max:1.20761239528656 - critic/advantages/min:-2.4748666286468506 - critic/returns/mean:-0.006742248777300119 - critic/returns/max:1.20761239528656 - critic/returns/min:-2.4748666286468506 - response_length/mean:267.890625 - response_length/max:512.0 - response_length/min:130.0 - response_length/clip_ratio:0.0078125 - response_length_non_aborted/mean:267.890625 - response_length_non_aborted/max:512.0 - response_length_non_aborted/min:130.0 - response_length_non_aborted/clip_ratio:0.0078125 - response/aborted_ratio:0.0 - prompt_length/mean:104.875 - prompt_length/max:175.0 - prompt_length/min:74.0 - prompt_length/clip_ratio:0.0 - num_turns/min:2 - num_turns/max:2 - num_turns/mean:2.0 - timing_s/start_profile:7.31591135263443e-05 - timing_s/agent_loop/num_preempted/min:-1 - timing_s/agent_loop/num_preempted/max:-1 - timing_s/agent_loop/num_preempted/mean:-1.0 - timing_s/agent_loop/generate_sequences/min:0.6693232981488109 - timing_s/agent_loop/generate_sequences/max:1.9411692824214697 - timing_s/agent_loop/generate_sequences/mean:1.2268492052098736 - timing_s/agent_loop/tool_calls/min:0.0 - timing_s/agent_loop/tool_calls/max:0.0 - timing_s/agent_loop/tool_calls/mean:0.0 - timing_s/agent_loop/compute_score/min:0.0038221022114157677 - timing_s/agent_loop/compute_score/max:0.013606837950646877 - timing_s/agent_loop/compute_score/mean:0.005260225938400254 - timing_s/agent_loop/slowest/generate_sequences:1.9411692824214697 - timing_s/agent_loop/slowest/tool_calls:0.0 - timing_s/agent_loop/slowest/compute_score:0.006236099638044834 - timing_s/agent_loop/slowest/num_preempted:-1 - timing_s/agent_loop/slowest/prompt_length:175 - timing_s/agent_loop/slowest/response_length:512 - timing_s/gen:2.5013663107529283 - timing_s/reward:1.4520250260829926e-05 - timing_s/old_log_prob:0.787013134919107 - timing_s/ref:2.3269981257617474 - timing_s/adv:0.0034069670364260674 - timing_s/update_actor:2.6481385361403227 - timing_s/update_weights:0.8808626029640436 - timing_s/step:9.196878839284182 - timing_s/stop_profile:7.72085040807724e-05 - timing_per_token_ms/ref:0.04876971383161645 - timing_per_token_ms/gen:0.07294739897208889 - timing_per_token_ms/update_actor:0.05550024177684375 - timing_per_token_ms/adv:7.14039283318537e-05 - perf/total_num_tokens:47714 - perf/time_per_step:9.196878839284182 - perf/throughput:5188.064432923824
[36m(WorkerDict pid=776530)[0m INFO:2026-07-25 14:11:54,676:update_weights done, time cost: 0.48s
[36m(TaskRunner pid=776037)[0m Training Progress:  52%|█████▏    | 104/200 [16:59<14:51,  9.29s/it]
[36m(WorkerDict pid=776530)[0m INFO:2026-07-25 14:12:04,015:update_weights done, time cost: 0.46s
[36m(TaskRunner pid=776037)[0m Training Progress:  52%|█████▎    | 105/200 [17:08<14:43,  9.30s/it]
[36m(TaskRunner pid=776037)[0m step:103 - global_seqlen/min:48524 - global_seqlen/max:48524 - global_seqlen/minmax_diff:0 - global_seqlen/balanced_min:48524 - global_seqlen/balanced_max:48524 - global_seqlen/mean:48524.0 - actor/entropy:0.09755796194076538 - perf/mfu/actor_infer:0.24289384315272802 - actor/pg_clipfrac:0.00033472798895672895 - actor/ppo_kl:-6.021710578352213e-05 - actor/pg_clipfrac_lower:0.0 - actor/pg_loss:-0.005929818609729409 - actor/kl_loss:0.020614889566786587 - actor/kl_coef:0.001 - actor/loss:-0.0059092044830322266 - actor/grad_norm:0.6646161079406738 - actor/perf/max_memory_allocated_gb:29.571680545806885 - actor/perf/max_memory_reserved_gb:41.203125 - actor/perf/cpu_memory_used_gb:26.769775390625 - actor/lr:1e-06 - perf/mfu/actor:0.20622142525601828 - training/global_step:103 - training/epoch:0 - critic/score/mean:0.84375 - critic/score/max:1.0 - critic/score/min:0.0 - critic/rewards/mean:0.84375 - critic/rewards/max:1.0 - critic/rewards/min:0.0 - critic/advantages/mean:0.00595626886934042 - critic/advantages/max:2.4748666286468506 - critic/advantages/min:-2.4748666286468506 - critic/returns/mean:0.00595626886934042 - critic/returns/max:2.4748666286468506 - critic/returns/min:-2.4748666286468506 - response_length/mean:277.53125 - response_length/max:512.0 - response_length/min:151.0 - response_length/clip_ratio:0.0234375 - response_length_non_aborted/mean:277.53125 - response_length_non_aborted/max:512.0 - response_length_non_aborted/min:151.0 - response_length_non_aborted/clip_ratio:0.0234375 - response/aborted_ratio:0.0 - prompt_length/mean:101.5625 - prompt_length/max:141.0 - prompt_length/min:77.0 - prompt_length/clip_ratio:0.0 - num_turns/min:2 - num_turns/max:2 - num_turns/mean:2.0 - timing_s/start_profile:8.024927228689194e-05 - timing_s/agent_loop/num_preempted/min:-1 - timing_s/agent_loop/num_preempted/max:-1 - timing_s/agent_loop/num_preempted/mean:-1.0 - timing_s/agent_loop/generate_sequences/min:0.755885036662221 - timing_s/agent_loop/generate_sequences/max:1.9679977716878057 - timing_s/agent_loop/generate_sequences/mean:1.2685864819432027 - timing_s/agent_loop/tool_calls/min:0.0 - timing_s/agent_loop/tool_calls/max:0.0 - timing_s/agent_loop/tool_calls/mean:0.0 - timing_s/agent_loop/compute_score/min:0.004031850956380367 - timing_s/agent_loop/compute_score/max:0.009690375998616219 - timing_s/agent_loop/compute_score/mean:0.005251419708656613 - timing_s/agent_loop/slowest/generate_sequences:1.9679977716878057 - timing_s/agent_loop/slowest/tool_calls:0.0 - timing_s/agent_loop/slowest/compute_score:0.00500499177724123 - timing_s/agent_loop/slowest/num_preempted:-1 - timing_s/agent_loop/slowest/prompt_length:108 - timing_s/agent_loop/slowest/response_length:512 - timing_s/gen:2.54209347628057 - timing_s/reward:1.595914363861084e-05 - timing_s/old_log_prob:0.8068657424300909 - timing_s/ref:2.3246560879051685 - timing_s/adv:0.003420187160372734 - timing_s/update_actor:2.6922523472458124 - timing_s/update_weights:0.8873256500810385 - timing_s/step:9.30582003109157 - timing_s/stop_profile:8.564908057451248e-05 - timing_per_token_ms/ref:0.047907346630639856 - timing_per_token_ms/gen:0.07155988842136499 - timing_per_token_ms/update_actor:0.05548290221840352 - timing_per_token_ms/adv:7.048444399416236e-05 - perf/total_num_tokens:48524 - perf/time_per_step:9.30582003109157 - perf/throughput:5214.371204028985
[36m(TaskRunner pid=776037)[0m step:104 - global_seqlen/min:46517 - global_seqlen/max:46517 - global_seqlen/minmax_diff:0 - global_seqlen/balanced_min:46517 - global_seqlen/balanced_max:46517 - global_seqlen/mean:46517.0 - actor/entropy:0.09683946520090103 - perf/mfu/actor_infer:0.24480173562058052 - actor/pg_clipfrac:0.00032259627550956793 - actor/ppo_kl:-5.636099626826763e-05 - actor/pg_clipfrac_lower:0.0 - actor/pg_loss:0.013705857447348535 - actor/kl_loss:0.018156500009354204 - actor/kl_coef:0.001 - actor/loss:0.013724016025662422 - actor/grad_norm:0.661762923002243 - actor/perf/max_memory_allocated_gb:29.571680545806885 - actor/perf/max_memory_reserved_gb:41.203125 - actor/perf/cpu_memory_used_gb:26.777423858642578 - actor/lr:1e-06 - perf/mfu/actor:0.20429971625591417 - training/global_step:104 - training/epoch:0 - critic/score/mean:0.7890625 - critic/score/max:1.0 - critic/score/min:0.0 - critic/rewards/mean:0.7890625 - critic/rewards/max:1.0 - critic/rewards/min:0.0 - critic/advantages/mean:-0.014061436988413334 - critic/advantages/max:2.4748666286468506 - critic/advantages/min:-2.4748666286468506 - critic/returns/mean:-0.014061436988413334 - critic/returns/max:2.4748666286468506 - critic/returns/min:-2.4748666286468506 - response_length/mean:265.7890625 - response_length/max:512.0 - response_length/min:149.0 - response_length/clip_ratio:0.015625 - response_length_non_aborted/mean:265.7890625 - response_length_non_aborted/max:512.0 - response_length_non_aborted/min:149.0 - response_length_non_aborted/clip_ratio:0.015625 - response/aborted_ratio:0.0 - prompt_length/mean:97.625 - prompt_length/max:153.0 - prompt_length/min:72.0 - prompt_length/clip_ratio:0.0 - num_turns/min:2 - num_turns/max:2 - num_turns/mean:2.0 - timing_s/start_profile:8.404906839132309e-05 - timing_s/agent_loop/num_preempted/min:-1 - timing_s/agent_loop/num_preempted/max:-1 - timing_s/agent_loop/num_preempted/mean:-1.0 - timing_s/agent_loop/generate_sequences/min:0.728219086304307 - timing_s/agent_loop/generate_sequences/max:1.9371595019474626 - timing_s/agent_loop/generate_sequences/mean:1.2097210817664745 - timing_s/agent_loop/tool_calls/min:0.0 - timing_s/agent_loop/tool_calls/max:0.0 - timing_s/agent_loop/tool_calls/mean:0.0 - timing_s/agent_loop/compute_score/min:0.003970751538872719 - timing_s/agent_loop/compute_score/max:0.009249639697372913 - timing_s/agent_loop/compute_score/mean:0.005191662210563663 - timing_s/agent_loop/slowest/generate_sequences:1.9371595019474626 - timing_s/agent_loop/slowest/tool_calls:0.0 - timing_s/agent_loop/slowest/compute_score:0.006032521836459637 - timing_s/agent_loop/slowest/num_preempted:-1 - timing_s/agent_loop/slowest/prompt_length:89 - timing_s/agent_loop/slowest/response_length:512 - timing_s/gen:2.515948498621583 - timing_s/reward:1.5340745449066162e-05 - timing_s/old_log_prob:0.7731672087684274 - timing_s/ref:2.323546159081161 - timing_s/adv:0.00340917706489563 - timing_s/update_actor:2.6058552358299494 - timing_s/update_weights:0.8901074733585119 - timing_s/step:9.160717059858143 - timing_s/stop_profile:8.277967572212219e-05 - timing_per_token_ms/ref:0.049950473140597224 - timing_per_token_ms/gen:0.07395280851890253 - timing_per_token_ms/update_actor:0.05601941732764257 - timing_per_token_ms/adv:7.328884203400111e-05 - perf/total_num_tokens:46517 - perf/time_per_step:9.160717059858143 - perf/throughput:5077.877604563887
[36m(WorkerDict pid=776530)[0m INFO:2026-07-25 14:12:13,253:update_weights done, time cost: 0.47s
[36m(TaskRunner pid=776037)[0m Training Progress:  53%|█████▎    | 106/200 [17:17<14:32,  9.28s/it]
[36m(WorkerDict pid=776530)[0m INFO:2026-07-25 14:12:22,727:update_weights done, time cost: 0.47s
[36m(TaskRunner pid=776037)[0m Training Progress:  54%|█████▎    | 107/200 [17:27<14:28,  9.34s/it]
[36m(TaskRunner pid=776037)[0m step:105 - global_seqlen/min:52827 - global_seqlen/max:52827 - global_seqlen/minmax_diff:0 - global_seqlen/balanced_min:52827 - global_seqlen/balanced_max:52827 - global_seqlen/mean:52827.0 - actor/entropy:0.10866814106702805 - perf/mfu/actor_infer:0.2564322366798702 - actor/pg_clipfrac:0.0002881469845306128 - actor/ppo_kl:6.15825165368733e-05 - actor/pg_clipfrac_lower:0.0 - actor/pg_loss:-0.008650980002130382 - actor/kl_loss:0.018342153925914317 - actor/kl_coef:0.001 - actor/loss:-0.008632637560367584 - actor/grad_norm:0.6957316994667053 - actor/perf/max_memory_allocated_gb:29.571680545806885 - actor/perf/max_memory_reserved_gb:41.203125 - actor/perf/cpu_memory_used_gb:26.784488677978516 - actor/lr:1e-06 - perf/mfu/actor:0.21687655028656022 - training/global_step:105 - training/epoch:0 - critic/score/mean:0.7265625 - critic/score/max:1.0 - critic/score/min:0.0 - critic/rewards/mean:0.7265625 - critic/rewards/max:1.0 - critic/rewards/min:0.0 - critic/advantages/mean:0.008427081629633904 - critic/advantages/max:1.20761239528656 - critic/advantages/min:-2.4748666286468506 - critic/returns/mean:0.008427081629633904 - critic/returns/max:1.20761239528656 - critic/returns/min:-2.4748666286468506 - response_length/mean:301.8359375 - response_length/max:454.0 - response_length/min:160.0 - response_length/clip_ratio:0.0 - response_length_non_aborted/mean:301.8359375 - response_length_non_aborted/max:454.0 - response_length_non_aborted/min:160.0 - response_length_non_aborted/clip_ratio:0.0 - response/aborted_ratio:0.0 - prompt_length/mean:110.875 - prompt_length/max:160.0 - prompt_length/min:83.0 - prompt_length/clip_ratio:0.0 - num_turns/min:2 - num_turns/max:2 - num_turns/mean:2.0 - timing_s/start_profile:7.561873644590378e-05 - timing_s/agent_loop/num_preempted/min:-1 - timing_s/agent_loop/num_preempted/max:-1 - timing_s/agent_loop/num_preempted/mean:-1.0 - timing_s/agent_loop/generate_sequences/min:0.8129195729270577 - timing_s/agent_loop/generate_sequences/max:1.8764327820390463 - timing_s/agent_loop/generate_sequences/mean:1.3936917781538796 - timing_s/agent_loop/tool_calls/min:0.0 - timing_s/agent_loop/tool_calls/max:0.0 - timing_s/agent_loop/tool_calls/mean:0.0 - timing_s/agent_loop/compute_score/min:0.0038682417944073677 - timing_s/agent_loop/compute_score/max:0.010050502605736256 - timing_s/agent_loop/compute_score/mean:0.005257327458821237 - timing_s/agent_loop/slowest/generate_sequences:1.8764327820390463 - timing_s/agent_loop/slowest/tool_calls:0.0 - timing_s/agent_loop/slowest/compute_score:0.004539525136351585 - timing_s/agent_loop/slowest/num_preempted:-1 - timing_s/agent_loop/slowest/prompt_length:158 - timing_s/agent_loop/slowest/response_length:451 - timing_s/gen:2.4523700065910816 - timing_s/reward:1.558009535074234e-05 - timing_s/old_log_prob:0.8329721791669726 - timing_s/ref:2.33875994104892 - timing_s/adv:0.003420725464820862 - timing_s/update_actor:2.781966185197234 - timing_s/update_weights:0.8710557287558913 - timing_s/step:9.330161144956946 - timing_s/stop_profile:8.195824921131134e-05 - timing_per_token_ms/ref:0.04427205673327882 - timing_per_token_ms/gen:0.06347534635928774 - timing_per_token_ms/update_actor:0.0526618241656205 - timing_per_token_ms/adv:6.475335462587052e-05 - perf/total_num_tokens:52827 - perf/time_per_step:9.330161144956946 - perf/throughput:5661.960086139945
[36m(TaskRunner pid=776037)[0m step:106 - global_seqlen/min:48778 - global_seqlen/max:48778 - global_seqlen/minmax_diff:0 - global_seqlen/balanced_min:48778 - global_seqlen/balanced_max:48778 - global_seqlen/mean:48778.0 - actor/entropy:0.09144589304924011 - perf/mfu/actor_infer:0.24760272530227545 - actor/pg_clipfrac:0.00024824272259138525 - actor/ppo_kl:0.00015648976159354788 - actor/pg_clipfrac_lower:0.0 - actor/pg_loss:0.001407186733558774 - actor/kl_loss:0.022624976583756506 - actor/kl_coef:0.001 - actor/loss:0.001429809257388115 - actor/grad_norm:0.6402910649776459 - actor/perf/max_memory_allocated_gb:29.571680545806885 - actor/perf/max_memory_reserved_gb:41.203125 - actor/perf/cpu_memory_used_gb:26.80091667175293 - actor/lr:1e-06 - perf/mfu/actor:0.20916568330002072 - training/global_step:106 - training/epoch:0 - critic/score/mean:0.8671875 - critic/score/max:1.0 - critic/score/min:0.0 - critic/rewards/mean:0.8671875 - critic/rewards/max:1.0 - critic/rewards/min:0.0 - critic/advantages/mean:-0.001646637567318976 - critic/advantages/max:2.4748666286468506 - critic/advantages/min:-2.4748666286468506 - critic/returns/mean:-0.001646637567318976 - critic/returns/max:2.4748666286468506 - critic/returns/min:-2.4748666286468506 - response_length/mean:268.828125 - response_length/max:512.0 - response_length/min:146.0 - response_length/clip_ratio:0.0078125 - response_length_non_aborted/mean:268.828125 - response_length_non_aborted/max:512.0 - response_length_non_aborted/min:146.0 - response_length_non_aborted/clip_ratio:0.0078125 - response/aborted_ratio:0.0 - prompt_length/mean:112.25 - prompt_length/max:194.0 - prompt_length/min:76.0 - prompt_length/clip_ratio:0.0 - num_turns/min:2 - num_turns/max:2 - num_turns/mean:2.0 - timing_s/start_profile:9.323935955762863e-05 - timing_s/agent_loop/num_preempted/min:-1 - timing_s/agent_loop/num_preempted/max:-1 - timing_s/agent_loop/num_preempted/mean:-1.0 - timing_s/agent_loop/generate_sequences/min:0.7477289866656065 - timing_s/agent_loop/generate_sequences/max:1.938217001967132 - timing_s/agent_loop/generate_sequences/mean:1.2542442540216143 - timing_s/agent_loop/tool_calls/min:0.0 - timing_s/agent_loop/tool_calls/max:0.0 - timing_s/agent_loop/tool_calls/mean:0.0 - timing_s/agent_loop/compute_score/min:0.00276805367320776 - timing_s/agent_loop/compute_score/max:0.009130651131272316 - timing_s/agent_loop/compute_score/mean:0.005312104898621328 - timing_s/agent_loop/slowest/generate_sequences:1.938217001967132 - timing_s/agent_loop/slowest/tool_calls:0.0 - timing_s/agent_loop/slowest/compute_score:0.005385367199778557 - timing_s/agent_loop/slowest/num_preempted:-1 - timing_s/agent_loop/slowest/prompt_length:84 - timing_s/agent_loop/slowest/response_length:512 - timing_s/gen:2.5127745708450675 - timing_s/reward:1.569930464029312e-05 - timing_s/old_log_prob:0.7996923821046948 - timing_s/ref:2.3259324049577117 - timing_s/adv:0.0033981865271925926 - timing_s/update_actor:2.665008570998907 - timing_s/update_weights:0.8747590621933341 - timing_s/step:9.230311224237084 - timing_s/stop_profile:8.212029933929443e-05 - timing_per_token_ms/ref:0.047684046187988674 - timing_per_token_ms/gen:0.07302454434307083 - timing_per_token_ms/update_actor:0.054635462114045415 - timing_per_token_ms/adv:6.966637679266458e-05 - perf/total_num_tokens:48778 - perf/time_per_step:9.230311224237084 - perf/throughput:5284.545538607412
[36m(WorkerDict pid=776530)[0m INFO:2026-07-25 14:12:32,134:update_weights done, time cost: 0.47s
[36m(TaskRunner pid=776037)[0m Training Progress:  54%|█████▍    | 108/200 [17:36<14:21,  9.36s/it]
[36m(WorkerDict pid=776530)[0m INFO:2026-07-25 14:12:41,506:update_weights done, time cost: 0.47s
[36m(TaskRunner pid=776037)[0m Training Progress:  55%|█████▍    | 109/200 [17:46<14:12,  9.37s/it]
[36m(TaskRunner pid=776037)[0m step:107 - global_seqlen/min:46687 - global_seqlen/max:46687 - global_seqlen/minmax_diff:0 - global_seqlen/balanced_min:46687 - global_seqlen/balanced_max:46687 - global_seqlen/mean:46687.0 - actor/entropy:0.08915609866380692 - perf/mfu/actor_infer:0.2434609809811373 - actor/pg_clipfrac:0.0003208236757927807 - actor/ppo_kl:6.468469928222476e-05 - actor/pg_clipfrac_lower:0.0 - actor/pg_loss:0.005913701374083757 - actor/kl_loss:0.020982291374821216 - actor/kl_coef:0.001 - actor/loss:0.005934681743383408 - actor/grad_norm:0.6127741038799286 - actor/perf/max_memory_allocated_gb:29.571680545806885 - actor/perf/max_memory_reserved_gb:41.203125 - actor/perf/cpu_memory_used_gb:26.80064582824707 - actor/lr:1e-06 - perf/mfu/actor:0.20351774371521225 - training/global_step:107 - training/epoch:0 - critic/score/mean:0.796875 - critic/score/max:1.0 - critic/score/min:0.0 - critic/rewards/mean:0.796875 - critic/rewards/max:1.0 - critic/rewards/min:0.0 - critic/advantages/mean:-0.0059142508544027805 - critic/advantages/max:2.4748666286468506 - critic/advantages/min:-2.4748666286468506 - critic/returns/mean:-0.0059142508544027805 - critic/returns/max:2.4748666286468506 - critic/returns/min:-2.4748666286468506 - response_length/mean:270.6796875 - response_length/max:481.0 - response_length/min:160.0 - response_length/clip_ratio:0.0 - response_length_non_aborted/mean:270.6796875 - response_length_non_aborted/max:481.0 - response_length_non_aborted/min:160.0 - response_length_non_aborted/clip_ratio:0.0 - response/aborted_ratio:0.0 - prompt_length/mean:94.0625 - prompt_length/max:142.0 - prompt_length/min:79.0 - prompt_length/clip_ratio:0.0 - num_turns/min:2 - num_turns/max:2 - num_turns/mean:2.0 - timing_s/start_profile:7.675867527723312e-05 - timing_s/agent_loop/num_preempted/min:-1 - timing_s/agent_loop/num_preempted/max:-1 - timing_s/agent_loop/num_preempted/mean:-1.0 - timing_s/agent_loop/generate_sequences/min:0.8096838146448135 - timing_s/agent_loop/generate_sequences/max:1.8608273044228554 - timing_s/agent_loop/generate_sequences/mean:1.2374949974619085 - timing_s/agent_loop/tool_calls/min:0.0 - timing_s/agent_loop/tool_calls/max:0.0 - timing_s/agent_loop/tool_calls/mean:0.0 - timing_s/agent_loop/compute_score/min:0.0037944428622722626 - timing_s/agent_loop/compute_score/max:0.008137911558151245 - timing_s/agent_loop/compute_score/mean:0.005132882579346187 - timing_s/agent_loop/slowest/generate_sequences:1.8608273044228554 - timing_s/agent_loop/slowest/tool_calls:0.0 - timing_s/agent_loop/slowest/compute_score:0.005145120434463024 - timing_s/agent_loop/slowest/num_preempted:-1 - timing_s/agent_loop/slowest/prompt_length:101 - timing_s/agent_loop/slowest/response_length:481 - timing_s/gen:2.447083088569343 - timing_s/reward:1.4089979231357574e-05 - timing_s/old_log_prob:1.1600715005770326 - timing_s/ref:2.3051915261894464 - timing_s/adv:0.0033936863765120506 - timing_s/update_actor:2.6250896397978067 - timing_s/update_weights:0.8881001928821206 - timing_s/step:9.47777803055942 - timing_s/stop_profile:7.733888924121857e-05 - timing_per_token_ms/ref:0.049375447687567124 - timing_per_token_ms/gen:0.07062900362424865 - timing_per_token_ms/update_actor:0.056227421761899606 - timing_per_token_ms/adv:7.269017877593443e-05 - perf/total_num_tokens:46687 - perf/time_per_step:9.47777803055942 - perf/throughput:4925.943596639003
[36m(TaskRunner pid=776037)[0m step:108 - global_seqlen/min:51314 - global_seqlen/max:51314 - global_seqlen/minmax_diff:0 - global_seqlen/balanced_min:51314 - global_seqlen/balanced_max:51314 - global_seqlen/mean:51314.0 - actor/entropy:0.12255192548036575 - perf/mfu/actor_infer:0.25367732531013026 - actor/pg_clipfrac:0.00034884654451161623 - actor/ppo_kl:1.7496176951681264e-06 - actor/pg_clipfrac_lower:0.0 - actor/pg_loss:0.01458853343501687 - actor/kl_loss:0.02119404572295025 - actor/kl_coef:0.001 - actor/loss:0.014609727077186108 - actor/grad_norm:0.6434176862239838 - actor/perf/max_memory_allocated_gb:29.571680545806885 - actor/perf/max_memory_reserved_gb:41.203125 - actor/perf/cpu_memory_used_gb:26.818443298339844 - actor/lr:1e-06 - perf/mfu/actor:0.2144849459830388 - training/global_step:108 - training/epoch:0 - critic/score/mean:0.859375 - critic/score/max:1.0 - critic/score/min:0.0 - critic/rewards/mean:0.859375 - critic/rewards/max:1.0 - critic/rewards/min:0.0 - critic/advantages/mean:-0.014812839217483997 - critic/advantages/max:2.4748666286468506 - critic/advantages/min:-2.4748666286468506 - critic/returns/mean:-0.014812839217483997 - critic/returns/max:2.4748666286468506 - critic/returns/min:-2.4748666286468506 - response_length/mean:291.328125 - response_length/max:512.0 - response_length/min:135.0 - response_length/clip_ratio:0.015625 - response_length_non_aborted/mean:291.328125 - response_length_non_aborted/max:512.0 - response_length_non_aborted/min:135.0 - response_length_non_aborted/clip_ratio:0.015625 - response/aborted_ratio:0.0 - prompt_length/mean:109.5625 - prompt_length/max:186.0 - prompt_length/min:79.0 - prompt_length/clip_ratio:0.0 - num_turns/min:2 - num_turns/max:2 - num_turns/mean:2.0 - timing_s/start_profile:7.835868746042252e-05 - timing_s/agent_loop/num_preempted/min:-1 - timing_s/agent_loop/num_preempted/max:-1 - timing_s/agent_loop/num_preempted/mean:-1.0 - timing_s/agent_loop/generate_sequences/min:0.6947759101167321 - timing_s/agent_loop/generate_sequences/max:1.9769646264612675 - timing_s/agent_loop/generate_sequences/mean:1.3078601357192383 - timing_s/agent_loop/tool_calls/min:0.0 - timing_s/agent_loop/tool_calls/max:0.0 - timing_s/agent_loop/tool_calls/mean:0.0 - timing_s/agent_loop/compute_score/min:0.003761594183743 - timing_s/agent_loop/compute_score/max:0.012943954207003117 - timing_s/agent_loop/compute_score/mean:0.005419034227088559 - timing_s/agent_loop/slowest/generate_sequences:1.9769646264612675 - timing_s/agent_loop/slowest/tool_calls:0.0 - timing_s/agent_loop/slowest/compute_score:0.005676724947988987 - timing_s/agent_loop/slowest/num_preempted:-1 - timing_s/agent_loop/slowest/prompt_length:129 - timing_s/agent_loop/slowest/response_length:512 - timing_s/gen:2.5595052763819695 - timing_s/reward:1.6660429537296295e-05 - timing_s/old_log_prob:0.8236872786656022 - timing_s/ref:2.346378406509757 - timing_s/adv:0.0034274961799383163 - timing_s/update_actor:2.734424337744713 - timing_s/update_weights:0.8840704821050167 - timing_s/step:9.400597160682082 - timing_s/stop_profile:8.471962064504623e-05 - timing_per_token_ms/ref:0.0457258916964134 - timing_per_token_ms/gen:0.06863784597430865 - timing_per_token_ms/update_actor:0.053288076114602505 - timing_per_token_ms/adv:6.679456249636193e-05 - perf/total_num_tokens:51314 - perf/time_per_step:9.400597160682082 - perf/throughput:5458.589398407621
[36m(WorkerDict pid=776530)[0m INFO:2026-07-25 14:12:50,758:update_weights done, time cost: 0.48s
[36m(TaskRunner pid=776037)[0m Training Progress:  55%|█████▌    | 110/200 [17:55<13:59,  9.33s/it]
[36m(WorkerDict pid=776530)[0m INFO:2026-07-25 14:13:00,283:update_weights done, time cost: 0.47s
[36m(TaskRunner pid=776037)[0m Training Progress:  56%|█████▌    | 111/200 [18:04<13:55,  9.39s/it]
[36m(TaskRunner pid=776037)[0m step:109 - global_seqlen/min:50116 - global_seqlen/max:50116 - global_seqlen/minmax_diff:0 - global_seqlen/balanced_min:50116 - global_seqlen/balanced_max:50116 - global_seqlen/mean:50116.0 - actor/entropy:0.09642010927200317 - perf/mfu/actor_infer:0.251347064620885 - actor/pg_clipfrac:0.00030809753297944553 - actor/ppo_kl:-0.00010960624501876737 - actor/pg_clipfrac_lower:0.0 - actor/pg_loss:0.01984494223506772 - actor/kl_loss:0.022838002594653517 - actor/kl_coef:0.001 - actor/loss:0.019867777824401855 - actor/grad_norm:0.7120248079299927 - actor/perf/max_memory_allocated_gb:29.571680545806885 - actor/perf/max_memory_reserved_gb:41.203125 - actor/perf/cpu_memory_used_gb:26.817169189453125 - actor/lr:1e-06 - perf/mfu/actor:0.21163472412349643 - training/global_step:109 - training/epoch:0 - critic/score/mean:0.8984375 - critic/score/max:1.0 - critic/score/min:0.0 - critic/rewards/mean:0.8984375 - critic/rewards/max:1.0 - critic/rewards/min:0.0 - critic/advantages/mean:-0.019753076136112213 - critic/advantages/max:1.20761239528656 - critic/advantages/min:-2.4748666286468506 - critic/returns/mean:-0.019753076136112213 - critic/returns/max:1.20761239528656 - critic/returns/min:-2.4748666286468506 - response_length/mean:288.34375 - response_length/max:512.0 - response_length/min:158.0 - response_length/clip_ratio:0.0078125 - response_length_non_aborted/mean:288.34375 - response_length_non_aborted/max:512.0 - response_length_non_aborted/min:158.0 - response_length_non_aborted/clip_ratio:0.0078125 - response/aborted_ratio:0.0 - prompt_length/mean:103.1875 - prompt_length/max:143.0 - prompt_length/min:70.0 - prompt_length/clip_ratio:0.0 - num_turns/min:2 - num_turns/max:2 - num_turns/mean:2.0 - timing_s/start_profile:7.341988384723663e-05 - timing_s/agent_loop/num_preempted/min:-1 - timing_s/agent_loop/num_preempted/max:-1 - timing_s/agent_loop/num_preempted/mean:-1.0 - timing_s/agent_loop/generate_sequences/min:0.8272363636642694 - timing_s/agent_loop/generate_sequences/max:2.012101413682103 - timing_s/agent_loop/generate_sequences/mean:1.3408435049568652 - timing_s/agent_loop/tool_calls/min:0.0 - timing_s/agent_loop/tool_calls/max:0.0 - timing_s/agent_loop/tool_calls/mean:0.0 - timing_s/agent_loop/compute_score/min:0.003881942480802536 - timing_s/agent_loop/compute_score/max:0.013661987148225307 - timing_s/agent_loop/compute_score/mean:0.005412868493294809 - timing_s/agent_loop/slowest/generate_sequences:2.012101413682103 - timing_s/agent_loop/slowest/tool_calls:0.0 - timing_s/agent_loop/slowest/compute_score:0.005107879638671875 - timing_s/agent_loop/slowest/num_preempted:-1 - timing_s/agent_loop/slowest/prompt_length:70 - timing_s/agent_loop/slowest/response_length:512 - timing_s/gen:2.5830912170931697 - timing_s/reward:1.6829930245876312e-05 - timing_s/old_log_prob:0.8083020178601146 - timing_s/ref:2.3359689079225063 - timing_s/adv:0.003417867235839367 - timing_s/update_actor:2.7043507490307093 - timing_s/update_weights:0.889893845655024 - timing_s/step:9.373508632183075 - timing_s/stop_profile:4.0378421545028687e-05 - timing_per_token_ms/ref:0.046611240081461135 - timing_per_token_ms/gen:0.06998729860987238 - timing_per_token_ms/update_actor:0.053961823549978236 - timing_per_token_ms/adv:6.81991227520027e-05 - perf/total_num_tokens:50116 - perf/time_per_step:9.373508632183075 - perf/throughput:5346.557192888407
[36m(TaskRunner pid=776037)[0m step:110 - global_seqlen/min:48034 - global_seqlen/max:48034 - global_seqlen/minmax_diff:0 - global_seqlen/balanced_min:48034 - global_seqlen/balanced_max:48034 - global_seqlen/mean:48034.0 - actor/entropy:0.11152447760105133 - perf/mfu/actor_infer:0.24140579479977864 - actor/pg_clipfrac:0.00024263044178951532 - actor/ppo_kl:-0.0001373029381284141 - actor/pg_clipfrac_lower:0.0 - actor/pg_loss:0.032756754430010915 - actor/kl_loss:0.025769609434064478 - actor/kl_coef:0.001 - actor/loss:0.03278252109885216 - actor/grad_norm:0.6777409017086029 - actor/perf/max_memory_allocated_gb:29.571680545806885 - actor/perf/max_memory_reserved_gb:41.203125 - actor/perf/cpu_memory_used_gb:26.819047927856445 - actor/lr:1e-06 - perf/mfu/actor:0.2058239517984387 - training/global_step:110 - training/epoch:0 - critic/score/mean:0.8828125 - critic/score/max:1.0 - critic/score/min:0.0 - critic/rewards/mean:0.8828125 - critic/rewards/max:1.0 - critic/rewards/min:0.0 - critic/advantages/mean:-0.03289129585027695 - critic/advantages/max:1.20761239528656 - critic/advantages/min:-2.4748666286468506 - critic/returns/mean:-0.03289129585027695 - critic/returns/max:1.20761239528656 - critic/returns/min:-2.4748666286468506 - response_length/mean:269.640625 - response_length/max:512.0 - response_length/min:140.0 - response_length/clip_ratio:0.046875 - response_length_non_aborted/mean:269.640625 - response_length_non_aborted/max:512.0 - response_length_non_aborted/min:140.0 - response_length_non_aborted/clip_ratio:0.046875 - response/aborted_ratio:0.0 - prompt_length/mean:105.625 - prompt_length/max:178.0 - prompt_length/min:71.0 - prompt_length/clip_ratio:0.0 - num_turns/min:2 - num_turns/max:2 - num_turns/mean:2.0 - timing_s/start_profile:2.4570152163505554e-05 - timing_s/agent_loop/num_preempted/min:-1 - timing_s/agent_loop/num_preempted/max:-1 - timing_s/agent_loop/num_preempted/mean:-1.0 - timing_s/agent_loop/generate_sequences/min:0.7005168348550797 - timing_s/agent_loop/generate_sequences/max:1.9353117207065225 - timing_s/agent_loop/generate_sequences/mean:1.2102168995916145 - timing_s/agent_loop/tool_calls/min:0.0 - timing_s/agent_loop/tool_calls/max:0.0 - timing_s/agent_loop/tool_calls/mean:0.0 - timing_s/agent_loop/compute_score/min:0.003992002457380295 - timing_s/agent_loop/compute_score/max:0.013582447543740273 - timing_s/agent_loop/compute_score/mean:0.005488309448992368 - timing_s/agent_loop/slowest/generate_sequences:1.9353117207065225 - timing_s/agent_loop/slowest/tool_calls:0.0 - timing_s/agent_loop/slowest/compute_score:0.004400736652314663 - timing_s/agent_loop/slowest/num_preempted:-1 - timing_s/agent_loop/slowest/prompt_length:116 - timing_s/agent_loop/slowest/response_length:512 - timing_s/gen:2.502229692414403 - timing_s/reward:1.4729797840118408e-05 - timing_s/old_log_prob:0.8031505467370152 - timing_s/ref:2.328327371738851 - timing_s/adv:0.003424237482249737 - timing_s/update_actor:2.667662736028433 - timing_s/update_weights:0.8915258394554257 - timing_s/step:9.245143759995699 - timing_s/stop_profile:8.151866495609283e-05 - timing_per_token_ms/ref:0.04847248556728257 - timing_per_token_ms/gen:0.07249897700684949 - timing_per_token_ms/update_actor:0.05553696831470277 - timing_per_token_ms/adv:7.128778536556891e-05 - perf/total_num_tokens:48034 - perf/time_per_step:9.245143759995699 - perf/throughput:5195.592545336725
[36m(WorkerDict pid=776530)[0m INFO:2026-07-25 14:13:10,084:update_weights done, time cost: 0.47s
[36m(TaskRunner pid=776037)[0m Training Progress:  56%|█████▌    | 112/200 [18:14<13:57,  9.51s/it]
[36m(WorkerDict pid=776530)[0m INFO:2026-07-25 14:13:18,862:update_weights done, time cost: 0.47s
[36m(TaskRunner pid=776037)[0m Training Progress:  56%|█████▋    | 113/200 [18:23<13:28,  9.29s/it]
[36m(TaskRunner pid=776037)[0m step:111 - global_seqlen/min:53603 - global_seqlen/max:53603 - global_seqlen/minmax_diff:0 - global_seqlen/balanced_min:53603 - global_seqlen/balanced_max:53603 - global_seqlen/mean:53603.0 - actor/entropy:0.11797038465738297 - perf/mfu/actor_infer:0.25774373811351076 - actor/pg_clipfrac:0.0005802084215247305 - actor/ppo_kl:-4.0499225178791676e-05 - actor/pg_clipfrac_lower:0.0 - actor/pg_loss:0.003953730323701166 - actor/kl_loss:0.01978997199330479 - actor/kl_coef:0.001 - actor/loss:0.003973520360887051 - actor/grad_norm:0.6502092480659485 - actor/perf/max_memory_allocated_gb:29.571680545806885 - actor/perf/max_memory_reserved_gb:41.203125 - actor/perf/cpu_memory_used_gb:26.81496810913086 - actor/lr:1e-06 - perf/mfu/actor:0.21877270745580077 - training/global_step:111 - training/epoch:0 - critic/score/mean:0.7109375 - critic/score/max:1.0 - critic/score/min:0.0 - critic/rewards/mean:0.7109375 - critic/rewards/max:1.0 - critic/rewards/min:0.0 - critic/advantages/mean:-0.003798086429014802 - critic/advantages/max:1.20761239528656 - critic/advantages/min:-2.4748666286468506 - critic/returns/mean:-0.003798086429014802 - critic/returns/max:1.20761239528656 - critic/returns/min:-2.4748666286468506 - response_length/mean:308.0859375 - response_length/max:507.0 - response_length/min:149.0 - response_length/clip_ratio:0.0 - response_length_non_aborted/mean:308.0859375 - response_length_non_aborted/max:507.0 - response_length_non_aborted/min:149.0 - response_length_non_aborted/clip_ratio:0.0 - response/aborted_ratio:0.0 - prompt_length/mean:110.6875 - prompt_length/max:146.0 - prompt_length/min:78.0 - prompt_length/clip_ratio:0.0 - num_turns/min:2 - num_turns/max:2 - num_turns/mean:2.0 - timing_s/start_profile:7.29486346244812e-05 - timing_s/agent_loop/num_preempted/min:-1 - timing_s/agent_loop/num_preempted/max:-1 - timing_s/agent_loop/num_preempted/mean:-1.0 - timing_s/agent_loop/generate_sequences/min:0.7701665386557579 - timing_s/agent_loop/generate_sequences/max:2.03288771212101 - timing_s/agent_loop/generate_sequences/mean:1.3950862044366659 - timing_s/agent_loop/tool_calls/min:0.0 - timing_s/agent_loop/tool_calls/max:0.0 - timing_s/agent_loop/tool_calls/mean:0.0 - timing_s/agent_loop/compute_score/min:0.002939341589808464 - timing_s/agent_loop/compute_score/max:0.014059573411941528 - timing_s/agent_loop/compute_score/mean:0.00535069184115855 - timing_s/agent_loop/slowest/generate_sequences:2.03288771212101 - timing_s/agent_loop/slowest/tool_calls:0.0 - timing_s/agent_loop/slowest/compute_score:0.005465916357934475 - timing_s/agent_loop/slowest/num_preempted:-1 - timing_s/agent_loop/slowest/prompt_length:146 - timing_s/agent_loop/slowest/response_length:507 - timing_s/gen:2.5928846625611186 - timing_s/reward:1.3899989426136017e-05 - timing_s/old_log_prob:0.8365009240806103 - timing_s/ref:2.346798272803426 - timing_s/adv:0.003429226577281952 - timing_s/update_actor:2.800403785891831 - timing_s/update_weights:0.8868149658665061 - timing_s/step:9.517129527404904 - timing_s/stop_profile:9.571854025125504e-05 - timing_per_token_ms/ref:0.04378109943106591 - timing_per_token_ms/gen:0.06575084728188459 - timing_per_token_ms/update_actor:0.05224341521727946 - timing_per_token_ms/adv:6.397452712127963e-05 - perf/total_num_tokens:53603 - perf/time_per_step:9.517129527404904 - perf/throughput:5632.265468873604
[36m(TaskRunner pid=776037)[0m step:112 - global_seqlen/min:51697 - global_seqlen/max:51697 - global_seqlen/minmax_diff:0 - global_seqlen/balanced_min:51697 - global_seqlen/balanced_max:51697 - global_seqlen/mean:51697.0 - actor/entropy:0.08774292469024658 - perf/mfu/actor_infer:0.25359956972041825 - actor/pg_clipfrac:0.00027835119908559136 - actor/ppo_kl:-8.988510103336012e-06 - actor/pg_clipfrac_lower:0.0 - actor/pg_loss:0.014010216109454632 - actor/kl_loss:0.025495949375908822 - actor/kl_coef:0.001 - actor/loss:0.014035716652870178 - actor/grad_norm:0.5879311561584473 - actor/perf/max_memory_allocated_gb:29.571680545806885 - actor/perf/max_memory_reserved_gb:41.203125 - actor/perf/cpu_memory_used_gb:26.828094482421875 - actor/lr:1e-06 - perf/mfu/actor:0.21461768580165197 - training/global_step:112 - training/epoch:0 - critic/score/mean:0.8125 - critic/score/max:1.0 - critic/score/min:0.0 - critic/rewards/mean:0.8125 - critic/rewards/max:1.0 - critic/rewards/min:0.0 - critic/advantages/mean:-0.014532945118844509 - critic/advantages/max:1.20761239528656 - critic/advantages/min:-1.6201815605163574 - critic/returns/mean:-0.014532945118844509 - critic/returns/max:1.20761239528656 - critic/returns/min:-1.6201815605163574 - response_length/mean:295.1953125 - response_length/max:512.0 - response_length/min:162.0 - response_length/clip_ratio:0.0078125 - response_length_non_aborted/mean:295.1953125 - response_length_non_aborted/max:512.0 - response_length_non_aborted/min:162.0 - response_length_non_aborted/clip_ratio:0.0078125 - response/aborted_ratio:0.0 - prompt_length/mean:108.6875 - prompt_length/max:144.0 - prompt_length/min:91.0 - prompt_length/clip_ratio:0.0 - num_turns/min:2 - num_turns/max:2 - num_turns/mean:2.0 - timing_s/start_profile:7.52890482544899e-05 - timing_s/agent_loop/num_preempted/min:-1 - timing_s/agent_loop/num_preempted/max:-1 - timing_s/agent_loop/num_preempted/mean:-1.0 - timing_s/agent_loop/generate_sequences/min:0.8209104659035802 - timing_s/agent_loop/generate_sequences/max:1.9899194287136197 - timing_s/agent_loop/generate_sequences/mean:1.355874385437346 - timing_s/agent_loop/tool_calls/min:0.0 - timing_s/agent_loop/tool_calls/max:0.0 - timing_s/agent_loop/tool_calls/mean:0.0 - timing_s/agent_loop/compute_score/min:0.003717494197189808 - timing_s/agent_loop/compute_score/max:0.015873534604907036 - timing_s/agent_loop/compute_score/mean:0.005406164658779744 - timing_s/agent_loop/slowest/generate_sequences:1.9899194287136197 - timing_s/agent_loop/slowest/tool_calls:0.0 - timing_s/agent_loop/slowest/compute_score:0.005608744919300079 - timing_s/agent_loop/slowest/num_preempted:-1 - timing_s/agent_loop/slowest/prompt_length:104 - timing_s/agent_loop/slowest/response_length:509 - timing_s/gen:2.5597320841625333 - timing_s/reward:1.6440637409687042e-05 - timing_s/old_log_prob:0.8226251881569624 - timing_s/ref:2.337383504025638 - timing_s/adv:0.0034149568527936935 - timing_s/update_actor:3.1440441980957985 - timing_s/update_weights:0.8790275910869241 - timing_s/step:9.79463373310864 - timing_s/stop_profile:4.3050386011600494e-05 - timing_per_token_ms/ref:0.04521313623664116 - timing_per_token_ms/gen:0.06774466280700102 - timing_per_token_ms/update_actor:0.06081676302485248 - timing_per_token_ms/adv:6.605715714245882e-05 - perf/total_num_tokens:51697 - perf/time_per_step:9.79463373310864 - perf/throughput:5278.094251268373
[36m(WorkerDict pid=776530)[0m INFO:2026-07-25 14:13:28,204:update_weights done, time cost: 0.47s
[36m(TaskRunner pid=776037)[0m Training Progress:  57%|█████▋    | 114/200 [18:32<13:20,  9.31s/it]
[36m(WorkerDict pid=776530)[0m INFO:2026-07-25 14:13:37,847:update_weights done, time cost: 0.47s
[36m(TaskRunner pid=776037)[0m Training Progress:  57%|█████▊    | 115/200 [18:42<13:19,  9.41s/it]
[36m(TaskRunner pid=776037)[0m step:113 - global_seqlen/min:43819 - global_seqlen/max:43819 - global_seqlen/minmax_diff:0 - global_seqlen/balanced_min:43819 - global_seqlen/balanced_max:43819 - global_seqlen/mean:43819.0 - actor/entropy:0.07799824327230453 - perf/mfu/actor_infer:0.2380573660574992 - actor/pg_clipfrac:8.65696511027636e-05 - actor/ppo_kl:2.9231709959276486e-06 - actor/pg_clipfrac_lower:0.0 - actor/pg_loss:0.0017452237661927938 - actor/kl_loss:0.023039019608404487 - actor/kl_coef:0.001 - actor/loss:0.0017682639881968498 - actor/grad_norm:0.4157186448574066 - actor/perf/max_memory_allocated_gb:29.571680545806885 - actor/perf/max_memory_reserved_gb:41.203125 - actor/perf/cpu_memory_used_gb:26.804643630981445 - actor/lr:1e-06 - perf/mfu/actor:0.1970501341117803 - training/global_step:113 - training/epoch:0 - critic/score/mean:0.90625 - critic/score/max:1.0 - critic/score/min:0.0 - critic/rewards/mean:0.90625 - critic/rewards/max:1.0 - critic/rewards/min:0.0 - critic/advantages/mean:-0.0017624534666538239 - critic/advantages/max:0.5400605201721191 - critic/advantages/min:-2.4748666286468506 - critic/returns/mean:-0.0017624534666538239 - critic/returns/max:0.5400605201721191 - critic/returns/min:-2.4748666286468506 - response_length/mean:246.0234375 - response_length/max:433.0 - response_length/min:134.0 - response_length/clip_ratio:0.0 - response_length_non_aborted/mean:246.0234375 - response_length_non_aborted/max:433.0 - response_length_non_aborted/min:134.0 - response_length_non_aborted/clip_ratio:0.0 - response/aborted_ratio:0.0 - prompt_length/mean:96.3125 - prompt_length/max:129.0 - prompt_length/min:77.0 - prompt_length/clip_ratio:0.0 - num_turns/min:2 - num_turns/max:2 - num_turns/mean:2.0 - timing_s/start_profile:2.7169473469257355e-05 - timing_s/agent_loop/num_preempted/min:-1 - timing_s/agent_loop/num_preempted/max:-1 - timing_s/agent_loop/num_preempted/mean:-1.0 - timing_s/agent_loop/generate_sequences/min:0.656877669505775 - timing_s/agent_loop/generate_sequences/max:1.6594312703236938 - timing_s/agent_loop/generate_sequences/mean:1.1231293785604066 - timing_s/agent_loop/tool_calls/min:0.0 - timing_s/agent_loop/tool_calls/max:0.0 - timing_s/agent_loop/tool_calls/mean:0.0 - timing_s/agent_loop/compute_score/min:0.003656284883618355 - timing_s/agent_loop/compute_score/max:0.012129363603889942 - timing_s/agent_loop/compute_score/mean:0.005145082715898752 - timing_s/agent_loop/slowest/generate_sequences:1.6594312703236938 - timing_s/agent_loop/slowest/tool_calls:0.0 - timing_s/agent_loop/slowest/compute_score:0.0060018813237547874 - timing_s/agent_loop/slowest/num_preempted:-1 - timing_s/agent_loop/slowest/prompt_length:116 - timing_s/agent_loop/slowest/response_length:433 - timing_s/gen:2.229185365140438 - timing_s/reward:1.658964902162552e-05 - timing_s/old_log_prob:0.7512255627661943 - timing_s/ref:2.313282238319516 - timing_s/adv:0.0033863168209791183 - timing_s/update_actor:2.545772450044751 - timing_s/update_weights:0.8846529461443424 - timing_s/step:8.776232195086777 - timing_s/stop_profile:8.197873830795288e-05 - timing_per_token_ms/ref:0.052791762439113536 - timing_per_token_ms/gen:0.07078801451654244 - timing_per_token_ms/update_actor:0.058097456583782174 - timing_per_token_ms/adv:7.727964629450965e-05 - perf/total_num_tokens:43819 - perf/time_per_step:8.776232195086777 - perf/throughput:4992.917122741045
[36m(TaskRunner pid=776037)[0m step:114 - global_seqlen/min:50061 - global_seqlen/max:50061 - global_seqlen/minmax_diff:0 - global_seqlen/balanced_min:50061 - global_seqlen/balanced_max:50061 - global_seqlen/mean:50061.0 - actor/entropy:0.08575360476970673 - perf/mfu/actor_infer:0.2531476850286945 - actor/pg_clipfrac:0.0005239131860435009 - actor/ppo_kl:3.558124114988459e-05 - actor/pg_clipfrac_lower:0.0 - actor/pg_loss:-0.0034965400118380785 - actor/kl_loss:0.021129542088601738 - actor/kl_coef:0.001 - actor/loss:-0.0034754090011119843 - actor/grad_norm:0.5234090238809586 - actor/perf/max_memory_allocated_gb:29.571680545806885 - actor/perf/max_memory_reserved_gb:41.203125 - actor/perf/cpu_memory_used_gb:26.807918548583984 - actor/lr:1e-06 - perf/mfu/actor:0.21358646373458712 - training/global_step:114 - training/epoch:0 - critic/score/mean:0.8828125 - critic/score/max:1.0 - critic/score/min:0.0 - critic/rewards/mean:0.8828125 - critic/rewards/max:1.0 - critic/rewards/min:0.0 - critic/advantages/mean:0.0033661345951259136 - critic/advantages/max:0.5400605201721191 - critic/advantages/min:-2.4748666286468506 - critic/returns/mean:0.0033661345951259136 - critic/returns/max:0.5400605201721191 - critic/returns/min:-2.4748666286468506 - response_length/mean:290.3515625 - response_length/max:512.0 - response_length/min:162.0 - response_length/clip_ratio:0.0390625 - response_length_non_aborted/mean:290.3515625 - response_length_non_aborted/max:512.0 - response_length_non_aborted/min:162.0 - response_length_non_aborted/clip_ratio:0.0390625 - response/aborted_ratio:0.0 - prompt_length/mean:100.75 - prompt_length/max:120.0 - prompt_length/min:79.0 - prompt_length/clip_ratio:0.0 - num_turns/min:2 - num_turns/max:2 - num_turns/mean:2.0 - timing_s/start_profile:7.489882409572601e-05 - timing_s/agent_loop/num_preempted/min:-1 - timing_s/agent_loop/num_preempted/max:-1 - timing_s/agent_loop/num_preempted/mean:-1.0 - timing_s/agent_loop/generate_sequences/min:0.8384181251749396 - timing_s/agent_loop/generate_sequences/max:2.0284660449251533 - timing_s/agent_loop/generate_sequences/mean:1.3695266549257212 - timing_s/agent_loop/tool_calls/min:0.0 - timing_s/agent_loop/tool_calls/max:0.0 - timing_s/agent_loop/tool_calls/mean:0.0 - timing_s/agent_loop/compute_score/min:0.0038998918607831 - timing_s/agent_loop/compute_score/max:0.020332293584942818 - timing_s/agent_loop/compute_score/mean:0.005389393583755009 - timing_s/agent_loop/slowest/generate_sequences:2.0284660449251533 - timing_s/agent_loop/slowest/tool_calls:0.0 - timing_s/agent_loop/slowest/compute_score:0.004886613227427006 - timing_s/agent_loop/slowest/num_preempted:-1 - timing_s/agent_loop/slowest/prompt_length:114 - timing_s/agent_loop/slowest/response_length:512 - timing_s/gen:2.6048054760321975 - timing_s/reward:1.6559846699237823e-05 - timing_s/old_log_prob:0.7972939144819975 - timing_s/ref:2.320353980176151 - timing_s/adv:0.0034628473222255707 - timing_s/update_actor:2.6791556337848306 - timing_s/update_weights:0.8804138377308846 - timing_s/step:9.335031447000802 - timing_s/stop_profile:7.941015064716339e-05 - timing_per_token_ms/ref:0.046350531954538476 - timing_per_token_ms/gen:0.0700875952114139 - timing_per_token_ms/update_actor:0.05351782093415694 - timing_per_token_ms/adv:6.917255592628135e-05 - perf/total_num_tokens:50061 - perf/time_per_step:9.335031447000802 - perf/throughput:5362.702877244597
[36m(WorkerDict pid=776530)[0m INFO:2026-07-25 14:13:47,132:update_weights done, time cost: 0.47s
[36m(TaskRunner pid=776037)[0m Training Progress:  58%|█████▊    | 116/200 [18:51<13:07,  9.37s/it]
[36m(WorkerDict pid=776530)[0m INFO:2026-07-25 14:13:56,225:update_weights done, time cost: 0.46s
[36m(TaskRunner pid=776037)[0m Training Progress:  58%|█████▊    | 117/200 [19:00<12:51,  9.29s/it]
[36m(TaskRunner pid=776037)[0m step:115 - global_seqlen/min:55098 - global_seqlen/max:55098 - global_seqlen/minmax_diff:0 - global_seqlen/balanced_min:55098 - global_seqlen/balanced_max:55098 - global_seqlen/mean:55098.0 - actor/entropy:0.0949496477842331 - perf/mfu/actor_infer:0.2604411941549824 - actor/pg_clipfrac:0.00040250189158541616 - actor/ppo_kl:5.3965628239893704e-05 - actor/pg_clipfrac_lower:0.0 - actor/pg_loss:0.018708576826611534 - actor/kl_loss:0.019224342511733994 - actor/kl_coef:0.001 - actor/loss:0.018727801740169525 - actor/grad_norm:0.5099396407604218 - actor/perf/max_memory_allocated_gb:29.571680545806885 - actor/perf/max_memory_reserved_gb:41.203125 - actor/perf/cpu_memory_used_gb:26.827335357666016 - actor/lr:1e-06 - perf/mfu/actor:0.22192117244981813 - training/global_step:115 - training/epoch:0 - critic/score/mean:0.8125 - critic/score/max:1.0 - critic/score/min:0.0 - critic/rewards/mean:0.8125 - critic/rewards/max:1.0 - critic/rewards/min:0.0 - critic/advantages/mean:-0.01868421956896782 - critic/advantages/max:2.4748666286468506 - critic/advantages/min:-2.4748666286468506 - critic/returns/mean:-0.01868421956896782 - critic/returns/max:2.4748666286468506 - critic/returns/min:-2.4748666286468506 - response_length/mean:327.078125 - response_length/max:512.0 - response_length/min:176.0 - response_length/clip_ratio:0.0546875 - response_length_non_aborted/mean:327.078125 - response_length_non_aborted/max:512.0 - response_length_non_aborted/min:176.0 - response_length_non_aborted/clip_ratio:0.0546875 - response/aborted_ratio:0.0 - prompt_length/mean:103.375 - prompt_length/max:133.0 - prompt_length/min:78.0 - prompt_length/clip_ratio:0.0 - num_turns/min:2 - num_turns/max:2 - num_turns/mean:2.0 - timing_s/start_profile:7.604900747537613e-05 - timing_s/agent_loop/num_preempted/min:-1 - timing_s/agent_loop/num_preempted/max:-1 - timing_s/agent_loop/num_preempted/mean:-1.0 - timing_s/agent_loop/generate_sequences/min:0.8581514935940504 - timing_s/agent_loop/generate_sequences/max:2.0869282968342304 - timing_s/agent_loop/generate_sequences/mean:1.4960565422152285 - timing_s/agent_loop/tool_calls/min:0.0 - timing_s/agent_loop/tool_calls/max:0.0 - timing_s/agent_loop/tool_calls/mean:0.0 - timing_s/agent_loop/compute_score/min:0.0035781553015112877 - timing_s/agent_loop/compute_score/max:0.01671635825186968 - timing_s/agent_loop/compute_score/mean:0.005327357037458569 - timing_s/agent_loop/slowest/generate_sequences:2.0869282968342304 - timing_s/agent_loop/slowest/tool_calls:0.0 - timing_s/agent_loop/slowest/compute_score:0.004200410097837448 - timing_s/agent_loop/slowest/num_preempted:-1 - timing_s/agent_loop/slowest/prompt_length:126 - timing_s/agent_loop/slowest/response_length:512 - timing_s/gen:2.671369729563594 - timing_s/reward:1.5179626643657684e-05 - timing_s/old_log_prob:0.8523735497146845 - timing_s/ref:2.3515765564516187 - timing_s/adv:0.003419267013669014 - timing_s/update_actor:2.8334458051249385 - timing_s/update_weights:0.8763271868228912 - timing_s/step:9.636634697206318 - timing_s/stop_profile:8.020922541618347e-05 - timing_per_token_ms/ref:0.04267988958676574 - timing_per_token_ms/gen:0.06380761786565695 - timing_per_token_ms/update_actor:0.05142556544928924 - timing_per_token_ms/adv:6.205791523592533e-05 - perf/total_num_tokens:55098 - perf/time_per_step:9.636634697206318 - perf/throughput:5717.5561522502285
[36m(TaskRunner pid=776037)[0m step:116 - global_seqlen/min:49565 - global_seqlen/max:49565 - global_seqlen/minmax_diff:0 - global_seqlen/balanced_min:49565 - global_seqlen/balanced_max:49565 - global_seqlen/mean:49565.0 - actor/entropy:0.09604343771934509 - perf/mfu/actor_infer:0.2519716511635601 - actor/pg_clipfrac:0.0002841196310328087 - actor/ppo_kl:-1.9829855091302306e-05 - actor/pg_clipfrac_lower:0.0 - actor/pg_loss:0.0005546595202758908 - actor/kl_loss:0.022996770043391734 - actor/kl_coef:0.001 - actor/loss:0.000577656552195549 - actor/grad_norm:0.6189465820789337 - actor/perf/max_memory_allocated_gb:29.571680545806885 - actor/perf/max_memory_reserved_gb:41.203125 - actor/perf/cpu_memory_used_gb:26.83163070678711 - actor/lr:1e-06 - perf/mfu/actor:0.21163039987834514 - training/global_step:116 - training/epoch:0 - critic/score/mean:0.875 - critic/score/max:1.0 - critic/score/min:0.0 - critic/rewards/mean:0.875 - critic/rewards/max:1.0 - critic/rewards/min:0.0 - critic/advantages/mean:-0.0007513357559219003 - critic/advantages/max:1.6201815605163574 - critic/advantages/min:-2.4748666286468506 - critic/returns/mean:-0.0007513357559219003 - critic/returns/max:1.6201815605163574 - critic/returns/min:-2.4748666286468506 - response_length/mean:277.7265625 - response_length/max:512.0 - response_length/min:134.0 - response_length/clip_ratio:0.015625 - response_length_non_aborted/mean:277.7265625 - response_length_non_aborted/max:512.0 - response_length_non_aborted/min:134.0 - response_length_non_aborted/clip_ratio:0.015625 - response/aborted_ratio:0.0 - prompt_length/mean:109.5 - prompt_length/max:185.0 - prompt_length/min:80.0 - prompt_length/clip_ratio:0.0 - num_turns/min:2 - num_turns/max:2 - num_turns/mean:2.0 - timing_s/start_profile:7.521919906139374e-05 - timing_s/agent_loop/num_preempted/min:-1 - timing_s/agent_loop/num_preempted/max:-1 - timing_s/agent_loop/num_preempted/mean:-1.0 - timing_s/agent_loop/generate_sequences/min:0.7047314839437604 - timing_s/agent_loop/generate_sequences/max:1.9710621321573853 - timing_s/agent_loop/generate_sequences/mean:1.2871749905898469 - timing_s/agent_loop/tool_calls/min:0.0 - timing_s/agent_loop/tool_calls/max:0.0 - timing_s/agent_loop/tool_calls/mean:0.0 - timing_s/agent_loop/compute_score/min:0.004047069698572159 - timing_s/agent_loop/compute_score/max:0.01317750196903944 - timing_s/agent_loop/compute_score/mean:0.005587009000009857 - timing_s/agent_loop/slowest/generate_sequences:1.9710621321573853 - timing_s/agent_loop/slowest/tool_calls:0.0 - timing_s/agent_loop/slowest/compute_score:0.005943602882325649 - timing_s/agent_loop/slowest/num_preempted:-1 - timing_s/agent_loop/slowest/prompt_length:163 - timing_s/agent_loop/slowest/response_length:512 - timing_s/gen:2.5424403622746468 - timing_s/reward:1.5090219676494598e-05 - timing_s/old_log_prob:0.7983050048351288 - timing_s/ref:2.3294796217232943 - timing_s/adv:0.003393717110157013 - timing_s/update_actor:2.6766510186716914 - timing_s/update_weights:0.8800908597186208 - timing_s/step:9.279817732982337 - timing_s/stop_profile:7.91400671005249e-05 - timing_per_token_ms/ref:0.046998479203536656 - timing_per_token_ms/gen:0.07151932156388778 - timing_per_token_ms/update_actor:0.05400284512603029 - timing_per_token_ms/adv:6.847003147699007e-05 - perf/total_num_tokens:49565 - perf/time_per_step:9.279817732982337 - perf/throughput:5341.160939383111
[36m(WorkerDict pid=776530)[0m INFO:2026-07-25 14:14:06,031:update_weights done, time cost: 0.47s
[36m(TaskRunner pid=776037)[0m Training Progress:  59%|█████▉    | 118/200 [19:10<12:54,  9.44s/it]
[36m(WorkerDict pid=776530)[0m INFO:2026-07-25 14:14:15,405:update_weights done, time cost: 0.48s
[36m(TaskRunner pid=776037)[0m Training Progress:  60%|█████▉    | 119/200 [19:19<12:43,  9.43s/it]
[36m(TaskRunner pid=776037)[0m step:117 - global_seqlen/min:48089 - global_seqlen/max:48089 - global_seqlen/minmax_diff:0 - global_seqlen/balanced_min:48089 - global_seqlen/balanced_max:48089 - global_seqlen/mean:48089.0 - actor/entropy:0.08334819227457047 - perf/mfu/actor_infer:0.2502100696644738 - actor/pg_clipfrac:0.00024129141092998907 - actor/ppo_kl:0.00010043508962098713 - actor/pg_clipfrac_lower:0.0 - actor/pg_loss:0.0194974418845959 - actor/kl_loss:0.024250404560007155 - actor/kl_coef:0.001 - actor/loss:0.019521692767739296 - actor/grad_norm:0.46540088951587677 - actor/perf/max_memory_allocated_gb:29.571680545806885 - actor/perf/max_memory_reserved_gb:41.203125 - actor/perf/cpu_memory_used_gb:26.83828353881836 - actor/lr:1e-06 - perf/mfu/actor:0.20845226855212906 - training/global_step:117 - training/epoch:0 - critic/score/mean:0.8671875 - critic/score/max:1.0 - critic/score/min:0.0 - critic/rewards/mean:0.8671875 - critic/rewards/max:1.0 - critic/rewards/min:0.0 - critic/advantages/mean:-0.01914699748158455 - critic/advantages/max:0.935412585735321 - critic/advantages/min:-2.4748666286468506 - critic/returns/mean:-0.01914699748158455 - critic/returns/max:0.935412585735321 - critic/returns/min:-2.4748666286468506 - response_length/mean:276.3828125 - response_length/max:452.0 - response_length/min:147.0 - response_length/clip_ratio:0.0 - response_length_non_aborted/mean:276.3828125 - response_length_non_aborted/max:452.0 - response_length_non_aborted/min:147.0 - response_length_non_aborted/clip_ratio:0.0 - response/aborted_ratio:0.0 - prompt_length/mean:99.3125 - prompt_length/max:131.0 - prompt_length/min:78.0 - prompt_length/clip_ratio:0.0 - num_turns/min:2 - num_turns/max:2 - num_turns/mean:2.0 - timing_s/start_profile:7.268879562616348e-05 - timing_s/agent_loop/num_preempted/min:-1 - timing_s/agent_loop/num_preempted/max:-1 - timing_s/agent_loop/num_preempted/mean:-1.0 - timing_s/agent_loop/generate_sequences/min:0.7702285572886467 - timing_s/agent_loop/generate_sequences/max:1.8384473510086536 - timing_s/agent_loop/generate_sequences/mean:1.3036458837232203 - timing_s/agent_loop/tool_calls/min:0.0 - timing_s/agent_loop/tool_calls/max:0.0 - timing_s/agent_loop/tool_calls/mean:0.0 - timing_s/agent_loop/compute_score/min:0.002572835423052311 - timing_s/agent_loop/compute_score/max:0.00976659543812275 - timing_s/agent_loop/compute_score/mean:0.005131105957843829 - timing_s/agent_loop/slowest/generate_sequences:1.8384473510086536 - timing_s/agent_loop/slowest/tool_calls:0.0 - timing_s/agent_loop/slowest/compute_score:0.005088880658149719 - timing_s/agent_loop/slowest/num_preempted:-1 - timing_s/agent_loop/slowest/prompt_length:93 - timing_s/agent_loop/slowest/response_length:452 - timing_s/gen:2.4130502184852958 - timing_s/reward:1.4039687812328339e-05 - timing_s/old_log_prob:0.7800935925915837 - timing_s/ref:2.331457022577524 - timing_s/adv:0.0034436173737049103 - timing_s/update_actor:2.638551819138229 - timing_s/update_weights:0.8781565800309181 - timing_s/step:9.094468393363059 - timing_s/stop_profile:8.132867515087128e-05 - timing_per_token_ms/ref:0.04848212735921987 - timing_per_token_ms/gen:0.06820957736623501 - timing_per_token_ms/update_actor:0.05486809497261804 - timing_per_token_ms/adv:7.160925312867621e-05 - perf/total_num_tokens:48089 - perf/time_per_step:9.094468393363059 - perf/throughput:5287.719734678971
[36m(TaskRunner pid=776037)[0m step:118 - global_seqlen/min:51533 - global_seqlen/max:51533 - global_seqlen/minmax_diff:0 - global_seqlen/balanced_min:51533 - global_seqlen/balanced_max:51533 - global_seqlen/mean:51533.0 - actor/entropy:0.07710710167884827 - perf/mfu/actor_infer:0.2555446817217009 - actor/pg_clipfrac:0.00017498302622698247 - actor/ppo_kl:5.100506848521036e-05 - actor/pg_clipfrac_lower:0.0 - actor/pg_loss:0.0017624255269765854 - actor/kl_loss:0.020372952742036432 - actor/kl_coef:0.001 - actor/loss:0.001782798208296299 - actor/grad_norm:0.40969695150852203 - actor/perf/max_memory_allocated_gb:29.571680545806885 - actor/perf/max_memory_reserved_gb:41.203125 - actor/perf/cpu_memory_used_gb:26.83576202392578 - actor/lr:1e-06 - perf/mfu/actor:0.21577644880334143 - training/global_step:118 - training/epoch:0 - critic/score/mean:0.921875 - critic/score/max:1.0 - critic/score/min:0.0 - critic/rewards/mean:0.921875 - critic/rewards/max:1.0 - critic/rewards/min:0.0 - critic/advantages/mean:-0.0018230541609227657 - critic/advantages/max:1.20761239528656 - critic/advantages/min:-2.4748666286468506 - critic/returns/mean:-0.0018230541609227657 - critic/returns/max:1.20761239528656 - critic/returns/min:-2.4748666286468506 - response_length/mean:301.4765625 - response_length/max:512.0 - response_length/min:180.0 - response_length/clip_ratio:0.015625 - response_length_non_aborted/mean:301.4765625 - response_length_non_aborted/max:512.0 - response_length_non_aborted/min:180.0 - response_length_non_aborted/clip_ratio:0.015625 - response/aborted_ratio:0.0 - prompt_length/mean:101.125 - prompt_length/max:149.0 - prompt_length/min:74.0 - prompt_length/clip_ratio:0.0 - num_turns/min:2 - num_turns/max:2 - num_turns/mean:2.0 - timing_s/start_profile:8.112937211990356e-05 - timing_s/agent_loop/num_preempted/min:-1 - timing_s/agent_loop/num_preempted/max:-1 - timing_s/agent_loop/num_preempted/mean:-1.0 - timing_s/agent_loop/generate_sequences/min:0.9064586954191327 - timing_s/agent_loop/generate_sequences/max:2.0574574237689376 - timing_s/agent_loop/generate_sequences/mean:1.4296069741249084 - timing_s/agent_loop/tool_calls/min:0.0 - timing_s/agent_loop/tool_calls/max:0.0 - timing_s/agent_loop/tool_calls/mean:0.0 - timing_s/agent_loop/compute_score/min:0.0038103824481368065 - timing_s/agent_loop/compute_score/max:0.012879555113613605 - timing_s/agent_loop/compute_score/mean:0.005370804225094616 - timing_s/agent_loop/slowest/generate_sequences:2.0574574237689376 - timing_s/agent_loop/slowest/tool_calls:0.0 - timing_s/agent_loop/slowest/compute_score:0.004702075384557247 - timing_s/agent_loop/slowest/num_preempted:-1 - timing_s/agent_loop/slowest/prompt_length:110 - timing_s/agent_loop/slowest/response_length:512 - timing_s/gen:2.6286824038252234 - timing_s/reward:1.5519559383392334e-05 - timing_s/old_log_prob:0.8163863187655807 - timing_s/ref:2.717551930807531 - timing_s/adv:0.0013186968863010406 - timing_s/update_actor:2.7024641074240208 - timing_s/update_weights:0.8827929440885782 - timing_s/step:9.797590573318303 - timing_s/stop_profile:8.453894406557083e-05 - timing_per_token_ms/ref:0.0527342078048538 - timing_per_token_ms/gen:0.06811999284317354 - timing_per_token_ms/update_actor:0.05244142796701183 - timing_per_token_ms/adv:2.5589367711971757e-05 - perf/total_num_tokens:51533 - perf/time_per_step:9.797590573318303 - perf/throughput:5259.762552268656
[36m(WorkerDict pid=776530)[0m INFO:2026-07-25 14:14:24,825:update_weights done, time cost: 0.47s
[36m(TaskRunner pid=776037)[0m Training Progress:  60%|██████    | 120/200 [19:29<12:33,  9.42s/it]
[36m(WorkerDict pid=776530)[0m INFO:2026-07-25 14:14:33,875:update_weights done, time cost: 0.47s
[36m(TaskRunner pid=776037)[0m Training Progress:  60%|██████    | 121/200 [19:38<12:15,  9.31s/it]
[36m(TaskRunner pid=776037)[0m step:119 - global_seqlen/min:51277 - global_seqlen/max:51277 - global_seqlen/minmax_diff:0 - global_seqlen/balanced_min:51277 - global_seqlen/balanced_max:51277 - global_seqlen/mean:51277.0 - actor/entropy:0.09414128214120865 - perf/mfu/actor_infer:0.2565050026827644 - actor/pg_clipfrac:0.00026564907602733 - actor/ppo_kl:-4.004103578836293e-05 - actor/pg_clipfrac_lower:0.0 - actor/pg_loss:0.009000293910503387 - actor/kl_loss:0.023852970101870596 - actor/kl_coef:0.001 - actor/loss:0.009024148806929588 - actor/grad_norm:0.5337995141744614 - actor/perf/max_memory_allocated_gb:29.571680545806885 - actor/perf/max_memory_reserved_gb:41.203125 - actor/perf/cpu_memory_used_gb:26.8410701751709 - actor/lr:1e-06 - perf/mfu/actor:0.2153904468769514 - training/global_step:119 - training/epoch:0 - critic/score/mean:0.890625 - critic/score/max:1.0 - critic/score/min:0.0 - critic/rewards/mean:0.890625 - critic/rewards/max:1.0 - critic/rewards/min:0.0 - critic/advantages/mean:-0.008572252467274666 - critic/advantages/max:1.6201815605163574 - critic/advantages/min:-2.4748666286468506 - critic/returns/mean:-0.008572252467274666 - critic/returns/max:1.6201815605163574 - critic/returns/min:-2.4748666286468506 - response_length/mean:290.2265625 - response_length/max:512.0 - response_length/min:145.0 - response_length/clip_ratio:0.0390625 - response_length_non_aborted/mean:290.2265625 - response_length_non_aborted/max:512.0 - response_length_non_aborted/min:145.0 - response_length_non_aborted/clip_ratio:0.0390625 - response/aborted_ratio:0.0 - prompt_length/mean:110.375 - prompt_length/max:212.0 - prompt_length/min:81.0 - prompt_length/clip_ratio:0.0 - num_turns/min:2 - num_turns/max:2 - num_turns/mean:2.0 - timing_s/start_profile:7.678940892219543e-05 - timing_s/agent_loop/num_preempted/min:-1 - timing_s/agent_loop/num_preempted/max:-1 - timing_s/agent_loop/num_preempted/mean:-1.0 - timing_s/agent_loop/generate_sequences/min:0.7456365069374442 - timing_s/agent_loop/generate_sequences/max:2.0141991935670376 - timing_s/agent_loop/generate_sequences/mean:1.3309740901822806 - timing_s/agent_loop/tool_calls/min:0.0 - timing_s/agent_loop/tool_calls/max:0.0 - timing_s/agent_loop/tool_calls/mean:0.0 - timing_s/agent_loop/compute_score/min:0.0037636226043105125 - timing_s/agent_loop/compute_score/max:0.016884805634617805 - timing_s/agent_loop/compute_score/mean:0.0056052583386190236 - timing_s/agent_loop/slowest/generate_sequences:2.0141991935670376 - timing_s/agent_loop/slowest/tool_calls:0.0 - timing_s/agent_loop/slowest/compute_score:0.004979962483048439 - timing_s/agent_loop/slowest/num_preempted:-1 - timing_s/agent_loop/slowest/prompt_length:111 - timing_s/agent_loop/slowest/response_length:512 - timing_s/gen:2.6015421180054545 - timing_s/reward:1.5070661902427673e-05 - timing_s/old_log_prob:0.8048478504642844 - timing_s/ref:2.3191444305703044 - timing_s/adv:0.002400025725364685 - timing_s/update_actor:2.712609939277172 - timing_s/update_weights:0.9026049617677927 - timing_s/step:9.3800725992769 - timing_s/stop_profile:8.204951882362366e-05 - timing_per_token_ms/ref:0.0452277713315971 - timing_per_token_ms/gen:0.07002993668754083 - timing_per_token_ms/update_actor:0.05290110457470546 - timing_per_token_ms/adv:4.680511194813825e-05 - perf/total_num_tokens:51277 - perf/time_per_step:9.3800725992769 - perf/throughput:5466.588819787268
[36m(TaskRunner pid=776037)[0m step:120 - global_seqlen/min:52134 - global_seqlen/max:52134 - global_seqlen/minmax_diff:0 - global_seqlen/balanced_min:52134 - global_seqlen/balanced_max:52134 - global_seqlen/mean:52134.0 - actor/entropy:0.09888065606355667 - perf/mfu/actor_infer:0.2571856498262427 - actor/pg_clipfrac:0.00020876242524536792 - actor/ppo_kl:-0.00017621954475544044 - actor/pg_clipfrac_lower:0.0 - actor/pg_loss:-0.0006556514417752624 - actor/kl_loss:0.024718491709791124 - actor/kl_coef:0.001 - actor/loss:-0.0006309375166893005 - actor/grad_norm:0.5748070478439331 - actor/perf/max_memory_allocated_gb:29.571680545806885 - actor/perf/max_memory_reserved_gb:41.203125 - actor/perf/cpu_memory_used_gb:26.844337463378906 - actor/lr:1e-06 - perf/mfu/actor:0.21595906949855312 - training/global_step:120 - training/epoch:0 - critic/score/mean:0.875 - critic/score/max:1.0 - critic/score/min:0.0 - critic/rewards/mean:0.875 - critic/rewards/max:1.0 - critic/rewards/min:0.0 - critic/advantages/mean:0.0005980900605209172 - critic/advantages/max:1.20761239528656 - critic/advantages/min:-2.4748666286468506 - critic/returns/mean:0.0005980900605209172 - critic/returns/max:1.20761239528656 - critic/returns/min:-2.4748666286468506 - response_length/mean:298.609375 - response_length/max:512.0 - response_length/min:148.0 - response_length/clip_ratio:0.015625 - response_length_non_aborted/mean:298.609375 - response_length_non_aborted/max:512.0 - response_length_non_aborted/min:148.0 - response_length_non_aborted/clip_ratio:0.015625 - response/aborted_ratio:0.0 - prompt_length/mean:108.6875 - prompt_length/max:158.0 - prompt_length/min:70.0 - prompt_length/clip_ratio:0.0 - num_turns/min:2 - num_turns/max:2 - num_turns/mean:2.0 - timing_s/start_profile:7.663015276193619e-05 - timing_s/agent_loop/num_preempted/min:-1 - timing_s/agent_loop/num_preempted/max:-1 - timing_s/agent_loop/num_preempted/mean:-1.0 - timing_s/agent_loop/generate_sequences/min:0.7542909337207675 - timing_s/agent_loop/generate_sequences/max:2.0021272115409374 - timing_s/agent_loop/generate_sequences/mean:1.3671008168530534 - timing_s/agent_loop/tool_calls/min:0.0 - timing_s/agent_loop/tool_calls/max:0.0 - timing_s/agent_loop/tool_calls/mean:0.0 - timing_s/agent_loop/compute_score/min:0.00359264574944973 - timing_s/agent_loop/compute_score/max:0.01416804175823927 - timing_s/agent_loop/compute_score/mean:0.005521806968317833 - timing_s/agent_loop/slowest/generate_sequences:2.0021272115409374 - timing_s/agent_loop/slowest/tool_calls:0.0 - timing_s/agent_loop/slowest/compute_score:0.005235819146037102 - timing_s/agent_loop/slowest/num_preempted:-1 - timing_s/agent_loop/slowest/prompt_length:158 - timing_s/agent_loop/slowest/response_length:512 - timing_s/gen:2.57424702309072 - timing_s/reward:1.4309771358966827e-05 - timing_s/old_log_prob:0.8141877111047506 - timing_s/ref:2.3253611512482166 - timing_s/adv:0.003421747125685215 - timing_s/update_actor:2.751846307888627 - timing_s/update_weights:0.8967016395181417 - timing_s/step:9.414315796457231 - timing_s/stop_profile:7.932912558317184e-05 - timing_per_token_ms/ref:0.0446035437765799 - timing_per_token_ms/gen:0.06734987763828999 - timing_per_token_ms/update_actor:0.05278410073826346 - timing_per_token_ms/adv:6.56336963533436e-05 - perf/total_num_tokens:52134 - perf/time_per_step:9.414315796457231 - perf/throughput:5537.736477845679
[36m(WorkerDict pid=776530)[0m INFO:2026-07-25 14:14:43,477:update_weights done, time cost: 0.47s
[36m(TaskRunner pid=776037)[0m Training Progress:  61%|██████    | 122/200 [19:47<12:12,  9.40s/it]
[36m(WorkerDict pid=776530)[0m INFO:2026-07-25 14:14:52,825:update_weights done, time cost: 0.47s
[36m(TaskRunner pid=776037)[0m Training Progress:  62%|██████▏   | 123/200 [19:57<12:02,  9.38s/it]
[36m(TaskRunner pid=776037)[0m step:121 - global_seqlen/min:44696 - global_seqlen/max:44696 - global_seqlen/minmax_diff:0 - global_seqlen/balanced_min:44696 - global_seqlen/balanced_max:44696 - global_seqlen/mean:44696.0 - actor/entropy:0.09669849276542664 - perf/mfu/actor_infer:0.23847532068579244 - actor/pg_clipfrac:0.00012710502051049843 - actor/ppo_kl:0.00020195429917180263 - actor/pg_clipfrac_lower:0.0 - actor/pg_loss:0.02433065854711458 - actor/kl_loss:0.026009582390543073 - actor/kl_coef:0.001 - actor/loss:0.024356666021049023 - actor/grad_norm:0.5663499385118484 - actor/perf/max_memory_allocated_gb:29.571680545806885 - actor/perf/max_memory_reserved_gb:41.203125 - actor/perf/cpu_memory_used_gb:26.847835540771484 - actor/lr:1e-06 - perf/mfu/actor:0.19873739704955243 - training/global_step:121 - training/epoch:0 - critic/score/mean:0.890625 - critic/score/max:1.0 - critic/score/min:0.0 - critic/rewards/mean:0.890625 - critic/rewards/max:1.0 - critic/rewards/min:0.0 - critic/advantages/mean:-0.02433937042951584 - critic/advantages/max:1.20761239528656 - critic/advantages/min:-2.4748666286468506 - critic/returns/mean:-0.02433937042951584 - critic/returns/max:1.20761239528656 - critic/returns/min:-2.4748666286468506 - response_length/mean:245.0625 - response_length/max:512.0 - response_length/min:131.0 - response_length/clip_ratio:0.015625 - response_length_non_aborted/mean:245.0625 - response_length_non_aborted/max:512.0 - response_length_non_aborted/min:131.0 - response_length_non_aborted/clip_ratio:0.015625 - response/aborted_ratio:0.0 - prompt_length/mean:104.125 - prompt_length/max:138.0 - prompt_length/min:77.0 - prompt_length/clip_ratio:0.0 - num_turns/min:2 - num_turns/max:2 - num_turns/mean:2.0 - timing_s/start_profile:7.322896271944046e-05 - timing_s/agent_loop/num_preempted/min:-1 - timing_s/agent_loop/num_preempted/max:-1 - timing_s/agent_loop/num_preempted/mean:-1.0 - timing_s/agent_loop/generate_sequences/min:0.6792496414855123 - timing_s/agent_loop/generate_sequences/max:1.861545717343688 - timing_s/agent_loop/generate_sequences/mean:1.114635545083729 - timing_s/agent_loop/tool_calls/min:0.0 - timing_s/agent_loop/tool_calls/max:0.0 - timing_s/agent_loop/tool_calls/mean:0.0 - timing_s/agent_loop/compute_score/min:0.003747423179447651 - timing_s/agent_loop/compute_score/max:0.012707375921308994 - timing_s/agent_loop/compute_score/mean:0.005276975316519383 - timing_s/agent_loop/slowest/generate_sequences:1.861545717343688 - timing_s/agent_loop/slowest/tool_calls:0.0 - timing_s/agent_loop/slowest/compute_score:0.006280188448727131 - timing_s/agent_loop/slowest/num_preempted:-1 - timing_s/agent_loop/slowest/prompt_length:133 - timing_s/agent_loop/slowest/response_length:512 - timing_s/gen:2.4362428532913327 - timing_s/reward:1.4949589967727661e-05 - timing_s/old_log_prob:0.7615602416917682 - timing_s/ref:2.319042231887579 - timing_s/adv:0.0034136176109313965 - timing_s/update_actor:2.5746281584724784 - timing_s/update_weights:0.8895126990973949 - timing_s/step:9.033572115004063 - timing_s/stop_profile:7.808022201061249e-05 - timing_per_token_ms/ref:0.051884782349373076 - timing_per_token_ms/gen:0.077666502591537 - timing_per_token_ms/update_actor:0.05760310001952028 - timing_per_token_ms/adv:7.637411873392242e-05 - perf/total_num_tokens:44696 - perf/time_per_step:9.033572115004063 - perf/throughput:4947.765892715176
[36m(TaskRunner pid=776037)[0m step:122 - global_seqlen/min:55106 - global_seqlen/max:55106 - global_seqlen/minmax_diff:0 - global_seqlen/balanced_min:55106 - global_seqlen/balanced_max:55106 - global_seqlen/mean:55106.0 - actor/entropy:0.09506891667842865 - perf/mfu/actor_infer:0.2638988406286649 - actor/pg_clipfrac:0.000502160599353374 - actor/ppo_kl:-2.4746547069298686e-05 - actor/pg_clipfrac_lower:0.0 - actor/pg_loss:0.007342408411204815 - actor/kl_loss:0.023242505674716085 - actor/kl_coef:0.001 - actor/loss:0.007365647703409195 - actor/grad_norm:0.6048484742641449 - actor/perf/max_memory_allocated_gb:29.571680545806885 - actor/perf/max_memory_reserved_gb:41.203125 - actor/perf/cpu_memory_used_gb:26.854394912719727 - actor/lr:1e-06 - perf/mfu/actor:0.22374988890262656 - training/global_step:122 - training/epoch:0 - critic/score/mean:0.765625 - critic/score/max:1.0 - critic/score/min:0.0 - critic/rewards/mean:0.765625 - critic/rewards/max:1.0 - critic/rewards/min:0.0 - critic/advantages/mean:-0.007833696901798248 - critic/advantages/max:1.6201815605163574 - critic/advantages/min:-2.4748666286468506 - critic/returns/mean:-0.007833696901798248 - critic/returns/max:1.6201815605163574 - critic/returns/min:-2.4748666286468506 - response_length/mean:317.390625 - response_length/max:512.0 - response_length/min:171.0 - response_length/clip_ratio:0.015625 - response_length_non_aborted/mean:317.390625 - response_length_non_aborted/max:512.0 - response_length_non_aborted/min:171.0 - response_length_non_aborted/clip_ratio:0.015625 - response/aborted_ratio:0.0 - prompt_length/mean:113.125 - prompt_length/max:149.0 - prompt_length/min:87.0 - prompt_length/clip_ratio:0.0 - num_turns/min:2 - num_turns/max:2 - num_turns/mean:2.0 - timing_s/start_profile:8.784886449575424e-05 - timing_s/agent_loop/num_preempted/min:-1 - timing_s/agent_loop/num_preempted/max:-1 - timing_s/agent_loop/num_preempted/mean:-1.0 - timing_s/agent_loop/generate_sequences/min:0.8900822540745139 - timing_s/agent_loop/generate_sequences/max:2.067733533680439 - timing_s/agent_loop/generate_sequences/mean:1.471473453399085 - timing_s/agent_loop/tool_calls/min:0.0 - timing_s/agent_loop/tool_calls/max:0.0 - timing_s/agent_loop/tool_calls/mean:0.0 - timing_s/agent_loop/compute_score/min:0.003628995269536972 - timing_s/agent_loop/compute_score/max:0.008797824382781982 - timing_s/agent_loop/compute_score/mean:0.0052038161011296324 - timing_s/agent_loop/slowest/generate_sequences:2.067733533680439 - timing_s/agent_loop/slowest/tool_calls:0.0 - timing_s/agent_loop/slowest/compute_score:0.005717354826629162 - timing_s/agent_loop/slowest/num_preempted:-1 - timing_s/agent_loop/slowest/prompt_length:121 - timing_s/agent_loop/slowest/response_length:512 - timing_s/gen:2.6458800174295902 - timing_s/reward:1.5360303223133087e-05 - timing_s/old_log_prob:0.8478540331125259 - timing_s/ref:2.357129741460085 - timing_s/adv:0.00341904629021883 - timing_s/update_actor:2.811909044161439 - timing_s/update_weights:0.8818256640806794 - timing_s/step:9.598315748386085 - timing_s/stop_profile:8.252914994955063e-05 - timing_per_token_ms/ref:0.042774466327806134 - timing_per_token_ms/gen:0.0651277511305467 - timing_per_token_ms/update_actor:0.05102727550831922 - timing_per_token_ms/adv:6.204490055926451e-05 - perf/total_num_tokens:55106 - perf/time_per_step:9.598315748386085 - perf/throughput:5741.215588710534
[36m(WorkerDict pid=776530)[0m INFO:2026-07-25 14:15:02,368:update_weights done, time cost: 0.47s
[36m(TaskRunner pid=776037)[0m Training Progress:  62%|██████▏   | 124/200 [20:06<11:56,  9.43s/it]
[36m(WorkerDict pid=776530)[0m INFO:2026-07-25 14:15:11,545:update_weights done, time cost: 0.47s
[36m(TaskRunner pid=776037)[0m Training Progress:  62%|██████▎   | 125/200 [20:16<11:41,  9.36s/it]
[36m(TaskRunner pid=776037)[0m step:123 - global_seqlen/min:49725 - global_seqlen/max:49725 - global_seqlen/minmax_diff:0 - global_seqlen/balanced_min:49725 - global_seqlen/balanced_max:49725 - global_seqlen/mean:49725.0 - actor/entropy:0.1146576851606369 - perf/mfu/actor_infer:0.24933331145787171 - actor/pg_clipfrac:0.00041777595652092714 - actor/ppo_kl:9.505203115622862e-05 - actor/pg_clipfrac_lower:0.0 - actor/pg_loss:0.002359714882913977 - actor/kl_loss:0.02792302827583626 - actor/kl_coef:0.001 - actor/loss:0.0023876354098320007 - actor/grad_norm:0.6550717055797577 - actor/perf/max_memory_allocated_gb:29.571680545806885 - actor/perf/max_memory_reserved_gb:41.203125 - actor/perf/cpu_memory_used_gb:26.87724494934082 - actor/lr:1e-06 - perf/mfu/actor:0.20847001966452272 - training/global_step:123 - training/epoch:0 - critic/score/mean:0.8125 - critic/score/max:1.0 - critic/score/min:0.0 - critic/rewards/mean:0.8125 - critic/rewards/max:1.0 - critic/rewards/min:0.0 - critic/advantages/mean:-0.0017801200738176703 - critic/advantages/max:1.6201815605163574 - critic/advantages/min:-2.4748666286468506 - critic/returns/mean:-0.0017801200738176703 - critic/returns/max:1.6201815605163574 - critic/returns/min:-2.4748666286468506 - response_length/mean:286.2890625 - response_length/max:512.0 - response_length/min:158.0 - response_length/clip_ratio:0.0625 - response_length_non_aborted/mean:286.2890625 - response_length_non_aborted/max:512.0 - response_length_non_aborted/min:158.0 - response_length_non_aborted/clip_ratio:0.0625 - response/aborted_ratio:0.0 - prompt_length/mean:102.1875 - prompt_length/max:140.0 - prompt_length/min:74.0 - prompt_length/clip_ratio:0.0 - num_turns/min:2 - num_turns/max:2 - num_turns/mean:2.0 - timing_s/start_profile:7.46389850974083e-05 - timing_s/agent_loop/num_preempted/min:-1 - timing_s/agent_loop/num_preempted/max:-1 - timing_s/agent_loop/num_preempted/mean:-1.0 - timing_s/agent_loop/generate_sequences/min:0.7787299249321222 - timing_s/agent_loop/generate_sequences/max:1.967685256153345 - timing_s/agent_loop/generate_sequences/mean:1.27084079622 - timing_s/agent_loop/tool_calls/min:0.0 - timing_s/agent_loop/tool_calls/max:0.0 - timing_s/agent_loop/tool_calls/mean:0.0 - timing_s/agent_loop/compute_score/min:0.003271288238465786 - timing_s/agent_loop/compute_score/max:0.016124824061989784 - timing_s/agent_loop/compute_score/mean:0.005468955139804166 - timing_s/agent_loop/slowest/generate_sequences:1.967685256153345 - timing_s/agent_loop/slowest/tool_calls:0.0 - timing_s/agent_loop/slowest/compute_score:0.005308488383889198 - timing_s/agent_loop/slowest/num_preempted:-1 - timing_s/agent_loop/slowest/prompt_length:140 - timing_s/agent_loop/slowest/response_length:512 - timing_s/gen:2.539167193695903 - timing_s/reward:1.5019439160823822e-05 - timing_s/old_log_prob:0.8082491895183921 - timing_s/ref:2.332550990395248 - timing_s/adv:0.0033898968249559402 - timing_s/update_actor:2.7239268785342574 - timing_s/update_weights:0.8882565507665277 - timing_s/step:9.344014190137386 - timing_s/stop_profile:8.200947195291519e-05 - timing_per_token_ms/ref:0.04690901941468573 - timing_per_token_ms/gen:0.06929095903113393 - timing_per_token_ms/update_actor:0.054779826617079086 - timing_per_token_ms/adv:6.817288737970719e-05 - perf/total_num_tokens:49725 - perf/time_per_step:9.344014190137386 - perf/throughput:5321.588665017736
[36m(TaskRunner pid=776037)[0m step:124 - global_seqlen/min:50463 - global_seqlen/max:50463 - global_seqlen/minmax_diff:0 - global_seqlen/balanced_min:50463 - global_seqlen/balanced_max:50463 - global_seqlen/mean:50463.0 - actor/entropy:0.09787287563085556 - perf/mfu/actor_infer:0.2524212841620918 - actor/pg_clipfrac:0.00025945509150915314 - actor/ppo_kl:-3.8902317101019435e-05 - actor/pg_clipfrac_lower:0.0 - actor/pg_loss:0.0106686323415488 - actor/kl_loss:0.023496883222833276 - actor/kl_coef:0.001 - actor/loss:0.010692128911614418 - actor/grad_norm:0.54676353931427 - actor/perf/max_memory_allocated_gb:29.571680545806885 - actor/perf/max_memory_reserved_gb:41.203125 - actor/perf/cpu_memory_used_gb:26.855754852294922 - actor/lr:1e-06 - perf/mfu/actor:0.21337737325469297 - training/global_step:124 - training/epoch:0 - critic/score/mean:0.8984375 - critic/score/max:1.0 - critic/score/min:0.0 - critic/rewards/mean:0.8984375 - critic/rewards/max:1.0 - critic/rewards/min:0.0 - critic/advantages/mean:-0.01123557984828949 - critic/advantages/max:0.935412585735321 - critic/advantages/min:-1.6201815605163574 - critic/returns/mean:-0.01123557984828949 - critic/returns/max:0.935412585735321 - critic/returns/min:-1.6201815605163574 - response_length/mean:275.9296875 - response_length/max:465.0 - response_length/min:142.0 - response_length/clip_ratio:0.0 - response_length_non_aborted/mean:275.9296875 - response_length_non_aborted/max:465.0 - response_length_non_aborted/min:142.0 - response_length_non_aborted/clip_ratio:0.0 - response/aborted_ratio:0.0 - prompt_length/mean:118.3125 - prompt_length/max:167.0 - prompt_length/min:68.0 - prompt_length/clip_ratio:0.0 - num_turns/min:2 - num_turns/max:2 - num_turns/mean:2.0 - timing_s/start_profile:7.435865700244904e-05 - timing_s/agent_loop/num_preempted/min:-1 - timing_s/agent_loop/num_preempted/max:-1 - timing_s/agent_loop/num_preempted/mean:-1.0 - timing_s/agent_loop/generate_sequences/min:0.7106522666290402 - timing_s/agent_loop/generate_sequences/max:1.8399713961407542 - timing_s/agent_loop/generate_sequences/mean:1.2886914071932551 - timing_s/agent_loop/tool_calls/min:0.0 - timing_s/agent_loop/tool_calls/max:0.0 - timing_s/agent_loop/tool_calls/mean:0.0 - timing_s/agent_loop/compute_score/min:0.0038636429235339165 - timing_s/agent_loop/compute_score/max:0.010136321187019348 - timing_s/agent_loop/compute_score/mean:0.005116098851431161 - timing_s/agent_loop/slowest/generate_sequences:1.8399713961407542 - timing_s/agent_loop/slowest/tool_calls:0.0 - timing_s/agent_loop/slowest/compute_score:0.005233129486441612 - timing_s/agent_loop/slowest/num_preempted:-1 - timing_s/agent_loop/slowest/prompt_length:128 - timing_s/agent_loop/slowest/response_length:465 - timing_s/gen:2.395086313597858 - timing_s/reward:1.4429911971092224e-05 - timing_s/old_log_prob:1.177732428535819 - timing_s/ref:2.320295770652592 - timing_s/adv:0.003452746197581291 - timing_s/update_actor:2.7039447128772736 - timing_s/update_weights:0.8783292379230261 - timing_s/step:9.527568256482482 - timing_s/stop_profile:8.029025048017502e-05 - timing_per_token_ms/ref:0.04598013932292159 - timing_per_token_ms/gen:0.06781297074090031 - timing_per_token_ms/update_actor:0.05358271828621512 - timing_per_token_ms/adv:6.842134232172663e-05 - perf/total_num_tokens:50463 - perf/time_per_step:9.527568256482482 - perf/throughput:5296.524636878395
[36m(WorkerDict pid=776530)[0m INFO:2026-07-25 14:15:20,760:update_weights done, time cost: 0.47s
[36m(TaskRunner pid=776037)[0m Training Progress:  63%|██████▎   | 126/200 [20:25<11:29,  9.32s/it]
[36m(WorkerDict pid=776530)[0m INFO:2026-07-25 14:15:29,582:update_weights done, time cost: 0.47s
[36m(TaskRunner pid=776037)[0m Training Progress:  64%|██████▎   | 127/200 [20:34<11:08,  9.16s/it]
[36m(TaskRunner pid=776037)[0m step:125 - global_seqlen/min:46330 - global_seqlen/max:46330 - global_seqlen/minmax_diff:0 - global_seqlen/balanced_min:46330 - global_seqlen/balanced_max:46330 - global_seqlen/mean:46330.0 - actor/entropy:0.08508424460887909 - perf/mfu/actor_infer:0.24020080936080776 - actor/pg_clipfrac:0.0005856638454133645 - actor/ppo_kl:-0.0002089860836349544 - actor/pg_clipfrac_lower:0.0 - actor/pg_loss:0.022793870884925127 - actor/kl_loss:0.02539870928740129 - actor/kl_coef:0.001 - actor/loss:0.022819269448518753 - actor/grad_norm:0.6550033986568451 - actor/perf/max_memory_allocated_gb:29.571680545806885 - actor/perf/max_memory_reserved_gb:41.203125 - actor/perf/cpu_memory_used_gb:26.86473274230957 - actor/lr:1e-06 - perf/mfu/actor:0.20332609208717609 - training/global_step:125 - training/epoch:0 - critic/score/mean:0.90625 - critic/score/max:1.0 - critic/score/min:0.0 - critic/rewards/mean:0.90625 - critic/rewards/max:1.0 - critic/rewards/min:0.0 - critic/advantages/mean:-0.023057136684656143 - critic/advantages/max:0.7245674133300781 - critic/advantages/min:-2.4748666286468506 - critic/returns/mean:-0.023057136684656143 - critic/returns/max:0.7245674133300781 - critic/returns/min:-2.4748666286468506 - response_length/mean:262.953125 - response_length/max:512.0 - response_length/min:139.0 - response_length/clip_ratio:0.0078125 - response_length_non_aborted/mean:262.953125 - response_length_non_aborted/max:512.0 - response_length_non_aborted/min:139.0 - response_length_non_aborted/clip_ratio:0.0078125 - response/aborted_ratio:0.0 - prompt_length/mean:99.0 - prompt_length/max:154.0 - prompt_length/min:72.0 - prompt_length/clip_ratio:0.0 - num_turns/min:2 - num_turns/max:2 - num_turns/mean:2.0 - timing_s/start_profile:7.211882621049881e-05 - timing_s/agent_loop/num_preempted/min:-1 - timing_s/agent_loop/num_preempted/max:-1 - timing_s/agent_loop/num_preempted/mean:-1.0 - timing_s/agent_loop/generate_sequences/min:0.6824923101812601 - timing_s/agent_loop/generate_sequences/max:1.9325215071439743 - timing_s/agent_loop/generate_sequences/mean:1.2009078584887902 - timing_s/agent_loop/tool_calls/min:0.0 - timing_s/agent_loop/tool_calls/max:0.0 - timing_s/agent_loop/tool_calls/mean:0.0 - timing_s/agent_loop/compute_score/min:0.0037298444658517838 - timing_s/agent_loop/compute_score/max:0.009763475507497787 - timing_s/agent_loop/compute_score/mean:0.0051051646514679305 - timing_s/agent_loop/slowest/generate_sequences:1.9325215071439743 - timing_s/agent_loop/slowest/tool_calls:0.0 - timing_s/agent_loop/slowest/compute_score:0.004960991442203522 - timing_s/agent_loop/slowest/num_preempted:-1 - timing_s/agent_loop/slowest/prompt_length:125 - timing_s/agent_loop/slowest/response_length:512 - timing_s/gen:2.518427406437695 - timing_s/reward:1.4680437743663788e-05 - timing_s/old_log_prob:0.7875004103407264 - timing_s/ref:2.32852596975863 - timing_s/adv:0.0034005362540483475 - timing_s/update_actor:2.60758160892874 - timing_s/update_weights:0.8982203351333737 - timing_s/step:9.19262922089547 - timing_s/stop_profile:9.894929826259613e-05 - timing_per_token_ms/ref:0.05025957197838614 - timing_per_token_ms/gen:0.07482403608169513 - timing_per_token_ms/update_actor:0.05628278888255429 - timing_per_token_ms/adv:7.339814923480137e-05 - perf/total_num_tokens:46330 - perf/time_per_step:9.19262922089547 - perf/throughput:5039.907396100429
[36m(TaskRunner pid=776037)[0m step:126 - global_seqlen/min:45712 - global_seqlen/max:45712 - global_seqlen/minmax_diff:0 - global_seqlen/balanced_min:45712 - global_seqlen/balanced_max:45712 - global_seqlen/mean:45712.0 - actor/entropy:0.08183137327432632 - perf/mfu/actor_infer:0.24352365828456415 - actor/pg_clipfrac:0.0002904486664192518 - actor/ppo_kl:-4.730846274014766e-05 - actor/pg_clipfrac_lower:0.0 - actor/pg_loss:0.008876886160578579 - actor/kl_loss:0.02603347785770893 - actor/kl_coef:0.001 - actor/loss:0.008902917616069317 - actor/grad_norm:0.5408839881420135 - actor/perf/max_memory_allocated_gb:29.571680545806885 - actor/perf/max_memory_reserved_gb:41.203125 - actor/perf/cpu_memory_used_gb:26.731203079223633 - actor/lr:1e-06 - perf/mfu/actor:0.20268795393910566 - training/global_step:126 - training/epoch:1 - critic/score/mean:0.9609375 - critic/score/max:1.0 - critic/score/min:0.0 - critic/rewards/mean:0.9609375 - critic/rewards/max:1.0 - critic/rewards/min:0.0 - critic/advantages/mean:-0.008915429003536701 - critic/advantages/max:0.5400605201721191 - critic/advantages/min:-2.4748666286468506 - critic/returns/mean:-0.008915429003536701 - critic/returns/max:0.5400605201721191 - critic/returns/min:-2.4748666286468506 - response_length/mean:262.6875 - response_length/max:470.0 - response_length/min:166.0 - response_length/clip_ratio:0.0 - response_length_non_aborted/mean:262.6875 - response_length_non_aborted/max:470.0 - response_length_non_aborted/min:166.0 - response_length_non_aborted/clip_ratio:0.0 - response/aborted_ratio:0.0 - prompt_length/mean:94.4375 - prompt_length/max:133.0 - prompt_length/min:79.0 - prompt_length/clip_ratio:0.0 - num_turns/min:2 - num_turns/max:2 - num_turns/mean:2.0 - timing_s/start_profile:0.00020997785031795502 - timing_s/agent_loop/num_preempted/min:-1 - timing_s/agent_loop/num_preempted/max:-1 - timing_s/agent_loop/num_preempted/mean:-1.0 - timing_s/agent_loop/generate_sequences/min:0.8091988889500499 - timing_s/agent_loop/generate_sequences/max:1.7883201278746128 - timing_s/agent_loop/generate_sequences/mean:1.1963756973054842 - timing_s/agent_loop/tool_calls/min:0.0 - timing_s/agent_loop/tool_calls/max:0.0 - timing_s/agent_loop/tool_calls/mean:0.0 - timing_s/agent_loop/compute_score/min:0.003478236496448517 - timing_s/agent_loop/compute_score/max:0.012571018189191818 - timing_s/agent_loop/compute_score/mean:0.005209400347666815 - timing_s/agent_loop/slowest/generate_sequences:1.7883201278746128 - timing_s/agent_loop/slowest/tool_calls:0.0 - timing_s/agent_loop/slowest/compute_score:0.005811484530568123 - timing_s/agent_loop/slowest/num_preempted:-1 - timing_s/agent_loop/slowest/prompt_length:81 - timing_s/agent_loop/slowest/response_length:470 - timing_s/gen:2.3668824769556522 - timing_s/reward:3.540981560945511e-05 - timing_s/old_log_prob:0.7722465191036463 - timing_s/ref:2.3214642871171236 - timing_s/adv:0.003521195612847805 - timing_s/update_actor:2.5854838537052274 - timing_s/update_weights:0.9064892241731286 - timing_s/step:9.009771667420864 - timing_s/stop_profile:7.68592581152916e-05 - timing_per_token_ms/ref:0.05078457050921254 - timing_per_token_ms/gen:0.07039265039720594 - timing_per_token_ms/update_actor:0.056560287314167554 - timing_per_token_ms/adv:7.703000553132231e-05 - perf/total_num_tokens:45712 - perf/time_per_step:9.009771667420864 - perf/throughput:5073.60249375615
[36m(WorkerDict pid=776530)[0m INFO:2026-07-25 14:15:38,431:update_weights done, time cost: 0.46s
[36m(TaskRunner pid=776037)[0m Training Progress:  64%|██████▍   | 128/200 [20:42<10:52,  9.07s/it]
[36m(WorkerDict pid=776530)[0m INFO:2026-07-25 14:15:47,911:update_weights done, time cost: 0.46s
[36m(TaskRunner pid=776037)[0m Training Progress:  64%|██████▍   | 129/200 [20:52<10:52,  9.19s/it]
[36m(TaskRunner pid=776037)[0m step:127 - global_seqlen/min:45103 - global_seqlen/max:45103 - global_seqlen/minmax_diff:0 - global_seqlen/balanced_min:45103 - global_seqlen/balanced_max:45103 - global_seqlen/mean:45103.0 - actor/entropy:0.07664748281240463 - perf/mfu/actor_infer:0.24092262908248477 - actor/pg_clipfrac:0.00038275577753665857 - actor/ppo_kl:-0.00010477399814590171 - actor/pg_clipfrac_lower:0.0 - actor/pg_loss:0.013251596101326868 - actor/kl_loss:0.024247256631497294 - actor/kl_coef:0.001 - actor/loss:0.013275845907628536 - actor/grad_norm:0.6449585855007172 - actor/perf/max_memory_allocated_gb:29.571680545806885 - actor/perf/max_memory_reserved_gb:41.203125 - actor/perf/cpu_memory_used_gb:26.746915817260742 - actor/lr:1e-06 - perf/mfu/actor:0.200193264139502 - training/global_step:127 - training/epoch:1 - critic/score/mean:0.8984375 - critic/score/max:1.0 - critic/score/min:0.0 - critic/rewards/mean:0.8984375 - critic/rewards/max:1.0 - critic/rewards/min:0.0 - critic/advantages/mean:-0.01313428208231926 - critic/advantages/max:2.4748666286468506 - critic/advantages/min:-2.4748666286468506 - critic/returns/mean:-0.01313428208231926 - critic/returns/max:2.4748666286468506 - critic/returns/min:-2.4748666286468506 - response_length/mean:249.6171875 - response_length/max:410.0 - response_length/min:133.0 - response_length/clip_ratio:0.0 - response_length_non_aborted/mean:249.6171875 - response_length_non_aborted/max:410.0 - response_length_non_aborted/min:133.0 - response_length_non_aborted/clip_ratio:0.0 - response/aborted_ratio:0.0 - prompt_length/mean:102.75 - prompt_length/max:170.0 - prompt_length/min:69.0 - prompt_length/clip_ratio:0.0 - num_turns/min:2 - num_turns/max:2 - num_turns/mean:2.0 - timing_s/start_profile:7.143896073102951e-05 - timing_s/agent_loop/num_preempted/min:-1 - timing_s/agent_loop/num_preempted/max:-1 - timing_s/agent_loop/num_preempted/mean:-1.0 - timing_s/agent_loop/generate_sequences/min:0.6982789160683751 - timing_s/agent_loop/generate_sequences/max:1.6344541730359197 - timing_s/agent_loop/generate_sequences/mean:1.1331741114991019 - timing_s/agent_loop/tool_calls/min:0.0 - timing_s/agent_loop/tool_calls/max:0.0 - timing_s/agent_loop/tool_calls/mean:0.0 - timing_s/agent_loop/compute_score/min:0.003834403119981289 - timing_s/agent_loop/compute_score/max:0.011062271893024445 - timing_s/agent_loop/compute_score/mean:0.005301424360368401 - timing_s/agent_loop/slowest/generate_sequences:1.6344541730359197 - timing_s/agent_loop/slowest/tool_calls:0.0 - timing_s/agent_loop/slowest/compute_score:0.0044374968856573105 - timing_s/agent_loop/slowest/num_preempted:-1 - timing_s/agent_loop/slowest/prompt_length:100 - timing_s/agent_loop/slowest/response_length:410 - timing_s/gen:2.2058321619406343 - timing_s/reward:1.5739351511001587e-05 - timing_s/old_log_prob:0.7655038228258491 - timing_s/ref:2.3304444206878543 - timing_s/adv:0.0034981854259967804 - timing_s/update_actor:2.5670229932293296 - timing_s/update_weights:0.8655449505895376 - timing_s/step:8.786903681233525 - timing_s/stop_profile:7.785949856042862e-05 - timing_per_token_ms/ref:0.05166938830427808 - timing_per_token_ms/gen:0.06903796945136723 - timing_per_token_ms/update_actor:0.05691468401723454 - timing_per_token_ms/adv:7.755992785395162e-05 - perf/total_num_tokens:45103 - perf/time_per_step:8.786903681233525 - perf/throughput:5132.979902389045
[36m(TaskRunner pid=776037)[0m step:128 - global_seqlen/min:46691 - global_seqlen/max:46691 - global_seqlen/minmax_diff:0 - global_seqlen/balanced_min:46691 - global_seqlen/balanced_max:46691 - global_seqlen/mean:46691.0 - actor/entropy:0.08586258441209793 - perf/mfu/actor_infer:0.24786582209794106 - actor/pg_clipfrac:0.00019346718181623146 - actor/ppo_kl:0.00012826700640289346 - actor/pg_clipfrac_lower:0.0 - actor/pg_loss:-0.006416026270017028 - actor/kl_loss:0.023099896672647446 - actor/kl_coef:0.001 - actor/loss:-0.006392925977706909 - actor/grad_norm:0.44207730889320374 - actor/perf/max_memory_allocated_gb:29.571680545806885 - actor/perf/max_memory_reserved_gb:41.203125 - actor/perf/cpu_memory_used_gb:26.756126403808594 - actor/lr:1e-06 - perf/mfu/actor:0.20608842743413508 - training/global_step:128 - training/epoch:1 - critic/score/mean:0.9453125 - critic/score/max:1.0 - critic/score/min:0.0 - critic/rewards/mean:0.9453125 - critic/rewards/max:1.0 - critic/rewards/min:0.0 - critic/advantages/mean:0.006412479095160961 - critic/advantages/max:0.7245674133300781 - critic/advantages/min:-2.4748666286468506 - critic/returns/mean:0.006412479095160961 - critic/returns/max:0.7245674133300781 - critic/returns/min:-2.4748666286468506 - response_length/mean:261.8359375 - response_length/max:427.0 - response_length/min:159.0 - response_length/clip_ratio:0.0 - response_length_non_aborted/mean:261.8359375 - response_length_non_aborted/max:427.0 - response_length_non_aborted/min:159.0 - response_length_non_aborted/clip_ratio:0.0 - response/aborted_ratio:0.0 - prompt_length/mean:102.9375 - prompt_length/max:128.0 - prompt_length/min:80.0 - prompt_length/clip_ratio:0.0 - num_turns/min:2 - num_turns/max:2 - num_turns/mean:2.0 - timing_s/start_profile:7.346924394369125e-05 - timing_s/agent_loop/num_preempted/min:-1 - timing_s/agent_loop/num_preempted/max:-1 - timing_s/agent_loop/num_preempted/mean:-1.0 - timing_s/agent_loop/generate_sequences/min:0.79099156614393 - timing_s/agent_loop/generate_sequences/max:1.6952143721282482 - timing_s/agent_loop/generate_sequences/mean:1.2114651658121147 - timing_s/agent_loop/tool_calls/min:0.0 - timing_s/agent_loop/tool_calls/max:0.0 - timing_s/agent_loop/tool_calls/mean:0.0 - timing_s/agent_loop/compute_score/min:0.003731553442776203 - timing_s/agent_loop/compute_score/max:0.009669645689427853 - timing_s/agent_loop/compute_score/mean:0.005401771879405715 - timing_s/agent_loop/slowest/generate_sequences:1.6952143721282482 - timing_s/agent_loop/slowest/tool_calls:0.0 - timing_s/agent_loop/slowest/compute_score:0.00472178403288126 - timing_s/agent_loop/slowest/num_preempted:-1 - timing_s/agent_loop/slowest/prompt_length:105 - timing_s/agent_loop/slowest/response_length:427 - timing_s/gen:2.276017469353974 - timing_s/reward:1.524854451417923e-05 - timing_s/old_log_prob:0.7613489236682653 - timing_s/ref:2.305282915942371 - timing_s/adv:0.0034002168104052544 - timing_s/update_actor:2.5922866575419903 - timing_s/update_weights:0.8685662029311061 - timing_s/step:8.855685384012759 - timing_s/stop_profile:7.654912769794464e-05 - timing_per_token_ms/ref:0.049373175043206846 - timing_per_token_ms/gen:0.06791041233340217 - timing_per_token_ms/update_actor:0.055520050064080666 - timing_per_token_ms/adv:7.282381637585947e-05 - perf/total_num_tokens:46691 - perf/time_per_step:8.855685384012759 - perf/throughput:5272.432112853924
[36m(WorkerDict pid=776530)[0m INFO:2026-07-25 14:15:57,348:update_weights done, time cost: 0.47s
[36m(TaskRunner pid=776037)[0m Training Progress:  65%|██████▌   | 130/200 [21:01<10:48,  9.27s/it]
[36m(WorkerDict pid=776530)[0m INFO:2026-07-25 14:16:06,629:update_weights done, time cost: 0.47s
[36m(TaskRunner pid=776037)[0m Training Progress:  66%|██████▌   | 131/200 [21:11<10:39,  9.27s/it]
[36m(TaskRunner pid=776037)[0m step:129 - global_seqlen/min:46808 - global_seqlen/max:46808 - global_seqlen/minmax_diff:0 - global_seqlen/balanced_min:46808 - global_seqlen/balanced_max:46808 - global_seqlen/mean:46808.0 - actor/entropy:0.07671999931335449 - perf/mfu/actor_infer:0.24627312580576355 - actor/pg_clipfrac:0.0001681387184362393 - actor/ppo_kl:-6.976698296057293e-05 - actor/pg_clipfrac_lower:0.0 - actor/pg_loss:-0.00726162688806653 - actor/kl_loss:0.024149562523234636 - actor/kl_coef:0.001 - actor/loss:-0.007237478159368038 - actor/grad_norm:0.5344353914260864 - actor/perf/max_memory_allocated_gb:29.571680545806885 - actor/perf/max_memory_reserved_gb:41.203125 - actor/perf/cpu_memory_used_gb:26.944360733032227 - actor/lr:1e-06 - perf/mfu/actor:0.2075005089499999 - training/global_step:129 - training/epoch:1 - critic/score/mean:0.9296875 - critic/score/max:1.0 - critic/score/min:0.0 - critic/rewards/mean:0.9296875 - critic/rewards/max:1.0 - critic/rewards/min:0.0 - critic/advantages/mean:0.007447908166795969 - critic/advantages/max:0.935412585735321 - critic/advantages/min:-2.4748666286468506 - critic/returns/mean:0.007447908166795969 - critic/returns/max:0.935412585735321 - critic/returns/min:-2.4748666286468506 - response_length/mean:258.0 - response_length/max:512.0 - response_length/min:136.0 - response_length/clip_ratio:0.0078125 - response_length_non_aborted/mean:258.0 - response_length_non_aborted/max:512.0 - response_length_non_aborted/min:136.0 - response_length_non_aborted/clip_ratio:0.0078125 - response/aborted_ratio:0.0 - prompt_length/mean:107.6875 - prompt_length/max:168.0 - prompt_length/min:74.0 - prompt_length/clip_ratio:0.0 - num_turns/min:2 - num_turns/max:2 - num_turns/mean:2.0 - timing_s/start_profile:7.34897330403328e-05 - timing_s/agent_loop/num_preempted/min:-1 - timing_s/agent_loop/num_preempted/max:-1 - timing_s/agent_loop/num_preempted/mean:-1.0 - timing_s/agent_loop/generate_sequences/min:0.6996260238811374 - timing_s/agent_loop/generate_sequences/max:1.9580379594117403 - timing_s/agent_loop/generate_sequences/mean:1.231554727171897 - timing_s/agent_loop/tool_calls/min:0.0 - timing_s/agent_loop/tool_calls/max:0.0 - timing_s/agent_loop/tool_calls/mean:0.0 - timing_s/agent_loop/compute_score/min:0.0037716226652264595 - timing_s/agent_loop/compute_score/max:0.01054827868938446 - timing_s/agent_loop/compute_score/mean:0.005368427395296749 - timing_s/agent_loop/slowest/generate_sequences:1.9580379594117403 - timing_s/agent_loop/slowest/tool_calls:0.0 - timing_s/agent_loop/slowest/compute_score:0.0056542446836829185 - timing_s/agent_loop/slowest/num_preempted:-1 - timing_s/agent_loop/slowest/prompt_length:168 - timing_s/agent_loop/slowest/response_length:512 - timing_s/gen:2.5265079652890563 - timing_s/reward:1.5640631318092346e-05 - timing_s/old_log_prob:0.7671534270048141 - timing_s/ref:2.3055944237858057 - timing_s/adv:0.003388727083802223 - timing_s/update_actor:2.9524176195263863 - timing_s/update_weights:0.8609010064974427 - timing_s/step:9.465340150520205 - timing_s/stop_profile:5.31291589140892e-05 - timing_per_token_ms/ref:0.049256418214531826 - timing_per_token_ms/gen:0.07650520728225098 - timing_per_token_ms/update_actor:0.06307506450876744 - timing_per_token_ms/adv:7.239632293202494e-05 - perf/total_num_tokens:46808 - perf/time_per_step:9.465340150520205 - perf/throughput:4945.199988130113
[36m(TaskRunner pid=776037)[0m step:130 - global_seqlen/min:53604 - global_seqlen/max:53604 - global_seqlen/minmax_diff:0 - global_seqlen/balanced_min:53604 - global_seqlen/balanced_max:53604 - global_seqlen/mean:53604.0 - actor/entropy:0.09929747879505157 - perf/mfu/actor_infer:0.25968866203083835 - actor/pg_clipfrac:0.00038212068648135755 - actor/ppo_kl:-7.364079738181317e-05 - actor/pg_clipfrac_lower:0.0 - actor/pg_loss:0.011202543159015477 - actor/kl_loss:0.026465851871762425 - actor/kl_coef:0.001 - actor/loss:0.011229012161493301 - actor/grad_norm:0.5540787875652313 - actor/perf/max_memory_allocated_gb:29.571680545806885 - actor/perf/max_memory_reserved_gb:41.203125 - actor/perf/cpu_memory_used_gb:26.95388412475586 - actor/lr:1e-06 - perf/mfu/actor:0.22351306110072244 - training/global_step:130 - training/epoch:1 - critic/score/mean:0.8125 - critic/score/max:1.0 - critic/score/min:0.0 - critic/rewards/mean:0.8125 - critic/rewards/max:1.0 - critic/rewards/min:0.0 - critic/advantages/mean:-0.011079025454819202 - critic/advantages/max:2.4748666286468506 - critic/advantages/min:-2.4748666286468506 - critic/returns/mean:-0.011079025454819202 - critic/returns/max:2.4748666286468506 - critic/returns/min:-2.4748666286468506 - response_length/mean:307.65625 - response_length/max:512.0 - response_length/min:143.0 - response_length/clip_ratio:0.0234375 - response_length_non_aborted/mean:307.65625 - response_length_non_aborted/max:512.0 - response_length_non_aborted/min:143.0 - response_length_non_aborted/clip_ratio:0.0234375 - response/aborted_ratio:0.0 - prompt_length/mean:111.125 - prompt_length/max:150.0 - prompt_length/min:72.0 - prompt_length/clip_ratio:0.0 - num_turns/min:2 - num_turns/max:2 - num_turns/mean:2.0 - timing_s/start_profile:2.8148293495178223e-05 - timing_s/agent_loop/num_preempted/min:-1 - timing_s/agent_loop/num_preempted/max:-1 - timing_s/agent_loop/num_preempted/mean:-1.0 - timing_s/agent_loop/generate_sequences/min:0.7443847889080644 - timing_s/agent_loop/generate_sequences/max:2.038930253125727 - timing_s/agent_loop/generate_sequences/mean:1.3961982727632858 - timing_s/agent_loop/tool_calls/min:0.0 - timing_s/agent_loop/tool_calls/max:0.0 - timing_s/agent_loop/tool_calls/mean:0.0 - timing_s/agent_loop/compute_score/min:0.004131079651415348 - timing_s/agent_loop/compute_score/max:0.00914918165653944 - timing_s/agent_loop/compute_score/mean:0.005324918289261404 - timing_s/agent_loop/slowest/generate_sequences:2.038930253125727 - timing_s/agent_loop/slowest/tool_calls:0.0 - timing_s/agent_loop/slowest/compute_score:0.005686774849891663 - timing_s/agent_loop/slowest/num_preempted:-1 - timing_s/agent_loop/slowest/prompt_length:150 - timing_s/agent_loop/slowest/response_length:512 - timing_s/gen:2.603909995406866 - timing_s/reward:1.4659948647022247e-05 - timing_s/old_log_prob:0.8332935562357306 - timing_s/ref:2.344621554017067 - timing_s/adv:0.0034211864694952965 - timing_s/update_actor:2.7339562717825174 - timing_s/update_weights:0.8761872984468937 - timing_s/step:9.444772391580045 - timing_s/stop_profile:7.864926010370255e-05 - timing_per_token_ms/ref:0.04373967528574485 - timing_per_token_ms/gen:0.06612265097528862 - timing_per_token_ms/update_actor:0.051002840679473874 - timing_per_token_ms/adv:6.382334283813328e-05 - perf/total_num_tokens:53604 - perf/time_per_step:9.444772391580045 - perf/throughput:5675.520571336121
[36m(WorkerDict pid=776530)[0m INFO:2026-07-25 14:16:15,884:update_weights done, time cost: 0.51s
[36m(TaskRunner pid=776037)[0m Training Progress:  66%|██████▌   | 132/200 [21:20<10:30,  9.27s/it]
[36m(WorkerDict pid=776530)[0m INFO:2026-07-25 14:16:24,777:update_weights done, time cost: 0.49s
[36m(TaskRunner pid=776037)[0m Training Progress:  66%|██████▋   | 133/200 [21:29<10:13,  9.15s/it]
[36m(TaskRunner pid=776037)[0m step:131 - global_seqlen/min:49527 - global_seqlen/max:49527 - global_seqlen/minmax_diff:0 - global_seqlen/balanced_min:49527 - global_seqlen/balanced_max:49527 - global_seqlen/mean:49527.0 - actor/entropy:0.08986012637615204 - perf/mfu/actor_infer:0.25102196879875466 - actor/pg_clipfrac:0.00031791457331564743 - actor/ppo_kl:-2.9798075047438033e-05 - actor/pg_clipfrac_lower:0.0 - actor/pg_loss:0.02154719573445618 - actor/kl_loss:0.022202126565389335 - actor/kl_coef:0.001 - actor/loss:0.021569401025772095 - actor/grad_norm:0.6666138470172882 - actor/perf/max_memory_allocated_gb:29.571680545806885 - actor/perf/max_memory_reserved_gb:41.203125 - actor/perf/cpu_memory_used_gb:26.9571590423584 - actor/lr:1e-06 - perf/mfu/actor:0.21323337679425755 - training/global_step:131 - training/epoch:1 - critic/score/mean:0.828125 - critic/score/max:1.0 - critic/score/min:0.0 - critic/rewards/mean:0.828125 - critic/rewards/max:1.0 - critic/rewards/min:0.0 - critic/advantages/mean:-0.021654782816767693 - critic/advantages/max:1.6201815605163574 - critic/advantages/min:-2.4748666286468506 - critic/returns/mean:-0.021654782816767693 - critic/returns/max:1.6201815605163574 - critic/returns/min:-2.4748666286468506 - response_length/mean:281.1796875 - response_length/max:512.0 - response_length/min:130.0 - response_length/clip_ratio:0.0078125 - response_length_non_aborted/mean:281.1796875 - response_length_non_aborted/max:512.0 - response_length_non_aborted/min:130.0 - response_length_non_aborted/clip_ratio:0.0078125 - response/aborted_ratio:0.0 - prompt_length/mean:105.75 - prompt_length/max:168.0 - prompt_length/min:71.0 - prompt_length/clip_ratio:0.0 - num_turns/min:2 - num_turns/max:2 - num_turns/mean:2.0 - timing_s/start_profile:6.912928074598312e-05 - timing_s/agent_loop/num_preempted/min:-1 - timing_s/agent_loop/num_preempted/max:-1 - timing_s/agent_loop/num_preempted/mean:-1.0 - timing_s/agent_loop/generate_sequences/min:0.6593536548316479 - timing_s/agent_loop/generate_sequences/max:1.9787136279046535 - timing_s/agent_loop/generate_sequences/mean:1.2903935179419932 - timing_s/agent_loop/tool_calls/min:0.0 - timing_s/agent_loop/tool_calls/max:0.0 - timing_s/agent_loop/tool_calls/mean:0.0 - timing_s/agent_loop/compute_score/min:0.0036439048126339912 - timing_s/agent_loop/compute_score/max:0.010218960233032703 - timing_s/agent_loop/compute_score/mean:0.005459361353132408 - timing_s/agent_loop/slowest/generate_sequences:1.9787136279046535 - timing_s/agent_loop/slowest/tool_calls:0.0 - timing_s/agent_loop/slowest/compute_score:0.005522715859115124 - timing_s/agent_loop/slowest/num_preempted:-1 - timing_s/agent_loop/slowest/prompt_length:168 - timing_s/agent_loop/slowest/response_length:512 - timing_s/gen:2.560856133699417 - timing_s/reward:1.4520250260829926e-05 - timing_s/old_log_prob:0.8008719896897674 - timing_s/ref:2.334254234097898 - timing_s/adv:0.0034328866750001907 - timing_s/update_actor:2.6518707489594817 - timing_s/update_weights:0.872392195276916 - timing_s/step:9.272336426191032 - timing_s/stop_profile:7.89295881986618e-05 - timing_per_token_ms/ref:0.04713094340658425 - timing_per_token_ms/gen:0.07115268077295482 - timing_per_token_ms/update_actor:0.05354394065781254 - timing_per_token_ms/adv:6.93134386294383e-05 - perf/total_num_tokens:49527 - perf/time_per_step:9.272336426191032 - perf/throughput:5341.3721982847765
[36m(TaskRunner pid=776037)[0m step:132 - global_seqlen/min:47711 - global_seqlen/max:47711 - global_seqlen/minmax_diff:0 - global_seqlen/balanced_min:47711 - global_seqlen/balanced_max:47711 - global_seqlen/mean:47711.0 - actor/entropy:0.10712751001119614 - perf/mfu/actor_infer:0.24616092403491388 - actor/pg_clipfrac:0.00031294309155782685 - actor/ppo_kl:0.00016786209289421095 - actor/pg_clipfrac_lower:0.0 - actor/pg_loss:-0.0033600162714719772 - actor/kl_loss:0.029067073948681355 - actor/kl_coef:0.001 - actor/loss:-0.003330947831273079 - actor/grad_norm:0.6053134500980377 - actor/perf/max_memory_allocated_gb:29.571680545806885 - actor/perf/max_memory_reserved_gb:41.203125 - actor/perf/cpu_memory_used_gb:26.965927124023438 - actor/lr:1e-06 - perf/mfu/actor:0.2091460852093621 - training/global_step:132 - training/epoch:1 - critic/score/mean:0.78125 - critic/score/max:1.0 - critic/score/min:0.0 - critic/rewards/mean:0.78125 - critic/rewards/max:1.0 - critic/rewards/min:0.0 - critic/advantages/mean:0.0026239841245114803 - critic/advantages/max:2.4748666286468506 - critic/advantages/min:-1.6201815605163574 - critic/returns/mean:0.0026239841245114803 - critic/returns/max:2.4748666286468506 - critic/returns/min:-1.6201815605163574 - response_length/mean:265.9296875 - response_length/max:512.0 - response_length/min:101.0 - response_length/clip_ratio:0.0234375 - response_length_non_aborted/mean:265.9296875 - response_length_non_aborted/max:512.0 - response_length_non_aborted/min:101.0 - response_length_non_aborted/clip_ratio:0.0234375 - response/aborted_ratio:0.0 - prompt_length/mean:106.8125 - prompt_length/max:181.0 - prompt_length/min:70.0 - prompt_length/clip_ratio:0.0 - num_turns/min:2 - num_turns/max:2 - num_turns/mean:2.0 - timing_s/start_profile:7.808022201061249e-05 - timing_s/agent_loop/num_preempted/min:-1 - timing_s/agent_loop/num_preempted/max:-1 - timing_s/agent_loop/num_preempted/mean:-1.0 - timing_s/agent_loop/generate_sequences/min:0.5549165494740009 - timing_s/agent_loop/generate_sequences/max:1.9427096471190453 - timing_s/agent_loop/generate_sequences/mean:1.218195883135195 - timing_s/agent_loop/tool_calls/min:0.0 - timing_s/agent_loop/tool_calls/max:0.0 - timing_s/agent_loop/tool_calls/mean:0.0 - timing_s/agent_loop/compute_score/min:0.0038529913872480392 - timing_s/agent_loop/compute_score/max:0.01704690419137478 - timing_s/agent_loop/compute_score/mean:0.005701887661416549 - timing_s/agent_loop/slowest/generate_sequences:1.9427096471190453 - timing_s/agent_loop/slowest/tool_calls:0.0 - timing_s/agent_loop/slowest/compute_score:0.0050467802211642265 - timing_s/agent_loop/slowest/num_preempted:-1 - timing_s/agent_loop/slowest/prompt_length:139 - timing_s/agent_loop/slowest/response_length:512 - timing_s/gen:2.5491435872390866 - timing_s/reward:2.1739862859249115e-05 - timing_s/old_log_prob:0.7910514743998647 - timing_s/ref:2.3380157575011253 - timing_s/adv:0.0033953869715332985 - timing_s/update_actor:2.608034553937614 - timing_s/update_weights:0.9213985987007618 - timing_s/step:9.260011265054345 - timing_s/stop_profile:7.393956184387207e-05 - timing_per_token_ms/ref:0.049003704753644343 - timing_per_token_ms/gen:0.07488890940506733 - timing_per_token_ms/update_actor:0.054663171049393514 - timing_per_token_ms/adv:7.116570542502354e-05 - perf/total_num_tokens:47711 - perf/time_per_step:9.260011265054345 - perf/throughput:5152.369541930573
[36m(WorkerDict pid=776530)[0m INFO:2026-07-25 14:16:33,974:update_weights done, time cost: 0.51s
[36m(TaskRunner pid=776037)[0m Training Progress:  67%|██████▋   | 134/200 [21:38<10:05,  9.17s/it]
[36m(WorkerDict pid=776530)[0m INFO:2026-07-25 14:16:43,811:update_weights done, time cost: 0.50s
[36m(TaskRunner pid=776037)[0m Training Progress:  68%|██████▊   | 135/200 [21:48<10:08,  9.37s/it]
[36m(TaskRunner pid=776037)[0m step:133 - global_seqlen/min:41711 - global_seqlen/max:41711 - global_seqlen/minmax_diff:0 - global_seqlen/balanced_min:41711 - global_seqlen/balanced_max:41711 - global_seqlen/mean:41711.0 - actor/entropy:0.10829364508390427 - perf/mfu/actor_infer:0.2286622428847724 - actor/pg_clipfrac:0.00045886739462730475 - actor/ppo_kl:3.7982489061505476e-05 - actor/pg_clipfrac_lower:0.0 - actor/pg_loss:0.005776973674073815 - actor/kl_loss:0.029996755998581648 - actor/kl_coef:0.001 - actor/loss:0.005806970642879605 - actor/grad_norm:0.5756418108940125 - actor/perf/max_memory_allocated_gb:29.571680545806885 - actor/perf/max_memory_reserved_gb:41.203125 - actor/perf/cpu_memory_used_gb:26.968603134155273 - actor/lr:1e-06 - perf/mfu/actor:0.19410570586753895 - training/global_step:133 - training/epoch:1 - critic/score/mean:0.9375 - critic/score/max:1.0 - critic/score/min:0.0 - critic/rewards/mean:0.9375 - critic/rewards/max:1.0 - critic/rewards/min:0.0 - critic/advantages/mean:-0.005758229177445173 - critic/advantages/max:1.20761239528656 - critic/advantages/min:-2.4748666286468506 - critic/returns/mean:-0.005758229177445173 - critic/returns/max:1.20761239528656 - critic/returns/min:-2.4748666286468506 - response_length/mean:230.1171875 - response_length/max:497.0 - response_length/min:137.0 - response_length/clip_ratio:0.0 - response_length_non_aborted/mean:230.1171875 - response_length_non_aborted/max:497.0 - response_length_non_aborted/min:137.0 - response_length_non_aborted/clip_ratio:0.0 - response/aborted_ratio:0.0 - prompt_length/mean:95.75 - prompt_length/max:122.0 - prompt_length/min:78.0 - prompt_length/clip_ratio:0.0 - num_turns/min:2 - num_turns/max:2 - num_turns/mean:2.0 - timing_s/start_profile:7.363874465227127e-05 - timing_s/agent_loop/num_preempted/min:-1 - timing_s/agent_loop/num_preempted/max:-1 - timing_s/agent_loop/num_preempted/mean:-1.0 - timing_s/agent_loop/generate_sequences/min:0.6875192616134882 - timing_s/agent_loop/generate_sequences/max:1.8143280344083905 - timing_s/agent_loop/generate_sequences/mean:1.0862462139921263 - timing_s/agent_loop/tool_calls/min:0.0 - timing_s/agent_loop/tool_calls/max:0.0 - timing_s/agent_loop/tool_calls/mean:0.0 - timing_s/agent_loop/compute_score/min:0.0038460036739706993 - timing_s/agent_loop/compute_score/max:0.013922223821282387 - timing_s/agent_loop/compute_score/mean:0.0053591765608871356 - timing_s/agent_loop/slowest/generate_sequences:1.8143280344083905 - timing_s/agent_loop/slowest/tool_calls:0.0 - timing_s/agent_loop/slowest/compute_score:0.004965261556208134 - timing_s/agent_loop/slowest/num_preempted:-1 - timing_s/agent_loop/slowest/prompt_length:103 - timing_s/agent_loop/slowest/response_length:497 - timing_s/gen:2.4170113801956177 - timing_s/reward:1.522991806268692e-05 - timing_s/old_log_prob:0.7450414020568132 - timing_s/ref:2.308370145969093 - timing_s/adv:0.003417475149035454 - timing_s/update_actor:2.461658946238458 - timing_s/update_weights:0.8981180842965841 - timing_s/step:8.88222410529852 - timing_s/stop_profile:7.959920912981033e-05 - timing_per_token_ms/ref:0.05534199961566716 - timing_per_token_ms/gen:0.08205776201648676 - timing_per_token_ms/update_actor:0.059017020599804806 - timing_per_token_ms/adv:8.193222768659236e-05 - perf/total_num_tokens:41711 - perf/time_per_step:8.88222410529852 - perf/throughput:4696.0085115526535
[36m(TaskRunner pid=776037)[0m step:134 - global_seqlen/min:48208 - global_seqlen/max:48208 - global_seqlen/minmax_diff:0 - global_seqlen/balanced_min:48208 - global_seqlen/balanced_max:48208 - global_seqlen/mean:48208.0 - actor/entropy:0.12333633750677109 - perf/mfu/actor_infer:0.25030543124203813 - actor/pg_clipfrac:0.0006198299051902723 - actor/ppo_kl:-2.1507741621462628e-05 - actor/pg_clipfrac_lower:0.0 - actor/pg_loss:0.002958035795018077 - actor/kl_loss:0.03339749469887465 - actor/kl_coef:0.001 - actor/loss:0.0029914332553744316 - actor/grad_norm:0.7093663811683655 - actor/perf/max_memory_allocated_gb:29.571680545806885 - actor/perf/max_memory_reserved_gb:41.203125 - actor/perf/cpu_memory_used_gb:26.97300910949707 - actor/lr:1e-06 - perf/mfu/actor:0.21153139798488763 - training/global_step:134 - training/epoch:1 - critic/score/mean:0.7890625 - critic/score/max:1.0 - critic/score/min:0.0 - critic/rewards/mean:0.7890625 - critic/rewards/max:1.0 - critic/rewards/min:0.0 - critic/advantages/mean:-0.0028263137210160494 - critic/advantages/max:1.6201815605163574 - critic/advantages/min:-2.4748666286468506 - critic/returns/mean:-0.0028263137210160494 - critic/returns/max:1.6201815605163574 - critic/returns/min:-2.4748666286468506 - response_length/mean:269.75 - response_length/max:476.0 - response_length/min:136.0 - response_length/clip_ratio:0.0 - response_length_non_aborted/mean:269.75 - response_length_non_aborted/max:476.0 - response_length_non_aborted/min:136.0 - response_length_non_aborted/clip_ratio:0.0 - response/aborted_ratio:0.0 - prompt_length/mean:106.875 - prompt_length/max:140.0 - prompt_length/min:72.0 - prompt_length/clip_ratio:0.0 - num_turns/min:2 - num_turns/max:2 - num_turns/mean:2.0 - timing_s/start_profile:7.858872413635254e-05 - timing_s/agent_loop/num_preempted/min:-1 - timing_s/agent_loop/num_preempted/max:-1 - timing_s/agent_loop/num_preempted/mean:-1.0 - timing_s/agent_loop/generate_sequences/min:0.7200364163145423 - timing_s/agent_loop/generate_sequences/max:1.8926377352327108 - timing_s/agent_loop/generate_sequences/mean:1.2821758101563319 - timing_s/agent_loop/tool_calls/min:0.0 - timing_s/agent_loop/tool_calls/max:0.0 - timing_s/agent_loop/tool_calls/mean:0.0 - timing_s/agent_loop/compute_score/min:0.003159569576382637 - timing_s/agent_loop/compute_score/max:0.009113602340221405 - timing_s/agent_loop/compute_score/mean:0.005244013576884754 - timing_s/agent_loop/slowest/generate_sequences:1.8926377352327108 - timing_s/agent_loop/slowest/tool_calls:0.0 - timing_s/agent_loop/slowest/compute_score:0.00496809184551239 - timing_s/agent_loop/slowest/num_preempted:-1 - timing_s/agent_loop/slowest/prompt_length:121 - timing_s/agent_loop/slowest/response_length:476 - timing_s/gen:2.504607488401234 - timing_s/reward:1.5779398381710052e-05 - timing_s/old_log_prob:0.7843985399231315 - timing_s/ref:2.3302665036171675 - timing_s/adv:0.003427877090871334 - timing_s/update_actor:2.606755387969315 - timing_s/update_weights:0.9138095630332828 - timing_s/step:9.192052705213428 - timing_s/stop_profile:8.532963693141937e-05 - timing_per_token_ms/ref:0.04833775521940689 - timing_per_token_ms/gen:0.07253844672153713 - timing_per_token_ms/update_actor:0.054073087204806566 - timing_per_token_ms/adv:7.110598014585409e-05 - perf/total_num_tokens:48208 - perf/time_per_step:9.192052705213428 - perf/throughput:5244.53041622118
[36m(WorkerDict pid=776530)[0m INFO:2026-07-25 14:16:52,935:update_weights done, time cost: 0.51s
[36m(TaskRunner pid=776037)[0m Training Progress:  68%|██████▊   | 136/200 [21:57<09:54,  9.30s/it]
[36m(WorkerDict pid=776530)[0m INFO:2026-07-25 14:17:02,237:update_weights done, time cost: 0.51s
[36m(TaskRunner pid=776037)[0m Training Progress:  68%|██████▊   | 137/200 [22:06<09:45,  9.30s/it]
[36m(TaskRunner pid=776037)[0m step:135 - global_seqlen/min:52071 - global_seqlen/max:52071 - global_seqlen/minmax_diff:0 - global_seqlen/balanced_min:52071 - global_seqlen/balanced_max:52071 - global_seqlen/mean:52071.0 - actor/entropy:0.09121379256248474 - perf/mfu/actor_infer:0.256774403593579 - actor/pg_clipfrac:0.0003576596354832873 - actor/ppo_kl:7.517078938690247e-05 - actor/pg_clipfrac_lower:0.0 - actor/pg_loss:0.018296520574949682 - actor/kl_loss:0.02340407605515793 - actor/kl_coef:0.001 - actor/loss:0.018319929018616676 - actor/grad_norm:0.6292759478092194 - actor/perf/max_memory_allocated_gb:29.571680545806885 - actor/perf/max_memory_reserved_gb:41.203125 - actor/perf/cpu_memory_used_gb:26.97742462158203 - actor/lr:1e-06 - perf/mfu/actor:0.2189587148160855 - training/global_step:135 - training/epoch:1 - critic/score/mean:0.8359375 - critic/score/max:1.0 - critic/score/min:0.0 - critic/rewards/mean:0.8359375 - critic/rewards/max:1.0 - critic/rewards/min:0.0 - critic/advantages/mean:-0.01792204938828945 - critic/advantages/max:2.4748666286468506 - critic/advantages/min:-2.4748666286468506 - critic/returns/mean:-0.01792204938828945 - critic/returns/max:2.4748666286468506 - critic/returns/min:-2.4748666286468506 - response_length/mean:300.1796875 - response_length/max:512.0 - response_length/min:156.0 - response_length/clip_ratio:0.015625 - response_length_non_aborted/mean:300.1796875 - response_length_non_aborted/max:512.0 - response_length_non_aborted/min:156.0 - response_length_non_aborted/clip_ratio:0.015625 - response/aborted_ratio:0.0 - prompt_length/mean:106.625 - prompt_length/max:149.0 - prompt_length/min:79.0 - prompt_length/clip_ratio:0.0 - num_turns/min:2 - num_turns/max:2 - num_turns/mean:2.0 - timing_s/start_profile:7.46389850974083e-05 - timing_s/agent_loop/num_preempted/min:-1 - timing_s/agent_loop/num_preempted/max:-1 - timing_s/agent_loop/num_preempted/mean:-1.0 - timing_s/agent_loop/generate_sequences/min:0.8238679058849812 - timing_s/agent_loop/generate_sequences/max:2.039510247297585 - timing_s/agent_loop/generate_sequences/mean:1.4018197532059276 - timing_s/agent_loop/tool_calls/min:0.0 - timing_s/agent_loop/tool_calls/max:0.0 - timing_s/agent_loop/tool_calls/mean:0.0 - timing_s/agent_loop/compute_score/min:0.003910582512617111 - timing_s/agent_loop/compute_score/max:0.009552476927638054 - timing_s/agent_loop/compute_score/mean:0.0052888940190314315 - timing_s/agent_loop/slowest/generate_sequences:2.039510247297585 - timing_s/agent_loop/slowest/tool_calls:0.0 - timing_s/agent_loop/slowest/compute_score:0.0049383025616407394 - timing_s/agent_loop/slowest/num_preempted:-1 - timing_s/agent_loop/slowest/prompt_length:123 - timing_s/agent_loop/slowest/response_length:512 - timing_s/gen:2.6444804407656193 - timing_s/reward:1.563969999551773e-05 - timing_s/old_log_prob:0.825066015124321 - timing_s/ref:2.716202753596008 - timing_s/adv:0.0012855371460318565 - timing_s/update_actor:2.690700531937182 - timing_s/update_weights:0.9025496020913124 - timing_s/step:9.830191976390779 - timing_s/stop_profile:7.849931716918945e-05 - timing_per_token_ms/ref:0.052163445172860284 - timing_per_token_ms/gen:0.06882545456538061 - timing_per_token_ms/update_actor:0.05167368654216708 - timing_per_token_ms/adv:2.468815935994808e-05 - perf/total_num_tokens:52071 - perf/time_per_step:9.830191976390779 - perf/throughput:5297.048127346768
[36m(TaskRunner pid=776037)[0m step:136 - global_seqlen/min:46889 - global_seqlen/max:46889 - global_seqlen/minmax_diff:0 - global_seqlen/balanced_min:46889 - global_seqlen/balanced_max:46889 - global_seqlen/mean:46889.0 - actor/entropy:0.07911765575408936 - perf/mfu/actor_infer:0.24374041952123468 - actor/pg_clipfrac:9.317664080299437e-05 - actor/ppo_kl:-3.555098146534874e-06 - actor/pg_clipfrac_lower:0.0 - actor/pg_loss:0.001730524469166994 - actor/kl_loss:0.028555486584082246 - actor/kl_coef:0.001 - actor/loss:0.0017590783536434174 - actor/grad_norm:0.31171099096536636 - actor/perf/max_memory_allocated_gb:29.571680545806885 - actor/perf/max_memory_reserved_gb:41.203125 - actor/perf/cpu_memory_used_gb:26.982147216796875 - actor/lr:1e-06 - perf/mfu/actor:0.2079880481812141 - training/global_step:136 - training/epoch:1 - critic/score/mean:0.9765625 - critic/score/max:1.0 - critic/score/min:0.0 - critic/rewards/mean:0.9765625 - critic/rewards/max:1.0 - critic/rewards/min:0.0 - critic/advantages/mean:-0.002223891904577613 - critic/advantages/max:0.5400605201721191 - critic/advantages/min:-2.4748666286468506 - critic/returns/mean:-0.002223891904577613 - critic/returns/max:0.5400605201721191 - critic/returns/min:-2.4748666286468506 - response_length/mean:264.6953125 - response_length/max:472.0 - response_length/min:123.0 - response_length/clip_ratio:0.0 - response_length_non_aborted/mean:264.6953125 - response_length_non_aborted/max:472.0 - response_length_non_aborted/min:123.0 - response_length_non_aborted/clip_ratio:0.0 - response/aborted_ratio:0.0 - prompt_length/mean:101.625 - prompt_length/max:147.0 - prompt_length/min:75.0 - prompt_length/clip_ratio:0.0 - num_turns/min:2 - num_turns/max:2 - num_turns/mean:2.0 - timing_s/start_profile:7.06082209944725e-05 - timing_s/agent_loop/num_preempted/min:-1 - timing_s/agent_loop/num_preempted/max:-1 - timing_s/agent_loop/num_preempted/mean:-1.0 - timing_s/agent_loop/generate_sequences/min:0.6043299790471792 - timing_s/agent_loop/generate_sequences/max:1.8574833255261183 - timing_s/agent_loop/generate_sequences/mean:1.2269584249224863 - timing_s/agent_loop/tool_calls/min:0.0 - timing_s/agent_loop/tool_calls/max:0.0 - timing_s/agent_loop/tool_calls/mean:0.0 - timing_s/agent_loop/compute_score/min:0.002750973217189312 - timing_s/agent_loop/compute_score/max:0.017492500133812428 - timing_s/agent_loop/compute_score/mean:0.005595927344984375 - timing_s/agent_loop/slowest/generate_sequences:1.8574833255261183 - timing_s/agent_loop/slowest/tool_calls:0.0 - timing_s/agent_loop/slowest/compute_score:0.004763553850352764 - timing_s/agent_loop/slowest/num_preempted:-1 - timing_s/agent_loop/slowest/prompt_length:147 - timing_s/agent_loop/slowest/response_length:472 - timing_s/gen:2.475964417681098 - timing_s/reward:1.4990568161010742e-05 - timing_s/old_log_prob:0.7812825506553054 - timing_s/ref:2.325007543899119 - timing_s/adv:0.0034199971705675125 - timing_s/update_actor:2.574758518487215 - timing_s/update_weights:0.9167880536988378 - timing_s/step:9.126485533080995 - timing_s/stop_profile:9.352900087833405e-05 - timing_per_token_ms/ref:0.049585351444883 - timing_per_token_ms/gen:0.07307825677167433 - timing_per_token_ms/update_actor:0.054911781409013094 - timing_per_token_ms/adv:7.293815544301462e-05 - perf/total_num_tokens:46889 - perf/time_per_step:9.126485533080995 - perf/throughput:5137.684142492781
[36m(WorkerDict pid=776530)[0m INFO:2026-07-25 14:17:11,272:update_weights done, time cost: 0.49s
[36m(TaskRunner pid=776037)[0m Training Progress:  69%|██████▉   | 138/200 [22:15<09:31,  9.22s/it]
[36m(WorkerDict pid=776530)[0m INFO:2026-07-25 14:17:20,235:update_weights done, time cost: 0.49s
[36m(TaskRunner pid=776037)[0m Training Progress:  70%|██████▉   | 139/200 [22:24<09:17,  9.14s/it]
[36m(TaskRunner pid=776037)[0m step:137 - global_seqlen/min:49671 - global_seqlen/max:49671 - global_seqlen/minmax_diff:0 - global_seqlen/balanced_min:49671 - global_seqlen/balanced_max:49671 - global_seqlen/mean:49671.0 - actor/entropy:0.1034344732761383 - perf/mfu/actor_infer:0.25260817880736824 - actor/pg_clipfrac:0.00046539549657609314 - actor/ppo_kl:-0.00012626936950255185 - actor/pg_clipfrac_lower:0.0 - actor/pg_loss:0.01542826283548493 - actor/kl_loss:0.028314077761024237 - actor/kl_coef:0.001 - actor/loss:0.015456575900316238 - actor/grad_norm:0.659377247095108 - actor/perf/max_memory_allocated_gb:29.571680545806885 - actor/perf/max_memory_reserved_gb:41.203125 - actor/perf/cpu_memory_used_gb:26.98731231689453 - actor/lr:1e-06 - perf/mfu/actor:0.21534213890853002 - training/global_step:137 - training/epoch:1 - critic/score/mean:0.765625 - critic/score/max:1.0 - critic/score/min:0.0 - critic/rewards/mean:0.765625 - critic/rewards/max:1.0 - critic/rewards/min:0.0 - critic/advantages/mean:-0.015312249772250652 - critic/advantages/max:2.4748666286468506 - critic/advantages/min:-2.4748666286468506 - critic/returns/mean:-0.015312249772250652 - critic/returns/max:2.4748666286468506 - critic/returns/min:-2.4748666286468506 - response_length/mean:283.5546875 - response_length/max:509.0 - response_length/min:125.0 - response_length/clip_ratio:0.0 - response_length_non_aborted/mean:283.5546875 - response_length_non_aborted/max:509.0 - response_length_non_aborted/min:125.0 - response_length_non_aborted/clip_ratio:0.0 - response/aborted_ratio:0.0 - prompt_length/mean:104.5 - prompt_length/max:148.0 - prompt_length/min:80.0 - prompt_length/clip_ratio:0.0 - num_turns/min:2 - num_turns/max:2 - num_turns/mean:2.0 - timing_s/start_profile:8.138921111822128e-05 - timing_s/agent_loop/num_preempted/min:-1 - timing_s/agent_loop/num_preempted/max:-1 - timing_s/agent_loop/num_preempted/mean:-1.0 - timing_s/agent_loop/generate_sequences/min:0.6262414967641234 - timing_s/agent_loop/generate_sequences/max:1.987406823784113 - timing_s/agent_loop/generate_sequences/mean:1.3038321042768075 - timing_s/agent_loop/tool_calls/min:0.0 - timing_s/agent_loop/tool_calls/max:0.0 - timing_s/agent_loop/tool_calls/mean:0.0 - timing_s/agent_loop/compute_score/min:0.003957792185246944 - timing_s/agent_loop/compute_score/max:0.00897076353430748 - timing_s/agent_loop/compute_score/mean:0.005201494073844515 - timing_s/agent_loop/slowest/generate_sequences:1.987406823784113 - timing_s/agent_loop/slowest/tool_calls:0.0 - timing_s/agent_loop/slowest/compute_score:0.004247988574206829 - timing_s/agent_loop/slowest/num_preempted:-1 - timing_s/agent_loop/slowest/prompt_length:148 - timing_s/agent_loop/slowest/response_length:509 - timing_s/gen:2.5694221993908286 - timing_s/reward:1.4720484614372253e-05 - timing_s/old_log_prob:0.7966891396790743 - timing_s/ref:2.3288367865607142 - timing_s/adv:0.0034310854971408844 - timing_s/update_actor:2.6347076948732138 - timing_s/update_weights:0.9117563627660275 - timing_s/step:9.293242522515357 - timing_s/stop_profile:7.671024650335312e-05 - timing_per_token_ms/ref:0.04688524061445742 - timing_per_token_ms/gen:0.07079273176445319 - timing_per_token_ms/update_actor:0.05304317800876193 - timing_per_token_ms/adv:6.907623154639295e-05 - perf/total_num_tokens:49671 - perf/time_per_step:9.293242522515357 - perf/throughput:5344.851366964627
[36m(TaskRunner pid=776037)[0m step:138 - global_seqlen/min:47524 - global_seqlen/max:47524 - global_seqlen/minmax_diff:0 - global_seqlen/balanced_min:47524 - global_seqlen/balanced_max:47524 - global_seqlen/mean:47524.0 - actor/entropy:0.08525410294532776 - perf/mfu/actor_infer:0.2471084711291137 - actor/pg_clipfrac:0.0004955323347530793 - actor/ppo_kl:1.0267240668326849e-05 - actor/pg_clipfrac_lower:0.0 - actor/pg_loss:0.01463726960355416 - actor/kl_loss:0.0313833273248747 - actor/kl_coef:0.001 - actor/loss:0.014668653719127178 - actor/grad_norm:0.7061549127101898 - actor/perf/max_memory_allocated_gb:29.571680545806885 - actor/perf/max_memory_reserved_gb:41.203125 - actor/perf/cpu_memory_used_gb:26.973114013671875 - actor/lr:1e-06 - perf/mfu/actor:0.21000143146800082 - training/global_step:138 - training/epoch:1 - critic/score/mean:0.90625 - critic/score/max:1.0 - critic/score/min:0.0 - critic/rewards/mean:0.90625 - critic/rewards/max:1.0 - critic/rewards/min:0.0 - critic/advantages/mean:-0.014697238802909851 - critic/advantages/max:0.7245674133300781 - critic/advantages/min:-2.4748666286468506 - critic/returns/mean:-0.014697238802909851 - critic/returns/max:0.7245674133300781 - critic/returns/min:-2.4748666286468506 - response_length/mean:270.96875 - response_length/max:461.0 - response_length/min:156.0 - response_length/clip_ratio:0.0 - response_length_non_aborted/mean:270.96875 - response_length_non_aborted/max:461.0 - response_length_non_aborted/min:156.0 - response_length_non_aborted/clip_ratio:0.0 - response/aborted_ratio:0.0 - prompt_length/mean:100.3125 - prompt_length/max:172.0 - prompt_length/min:76.0 - prompt_length/clip_ratio:0.0 - num_turns/min:2 - num_turns/max:2 - num_turns/mean:2.0 - timing_s/start_profile:7.530953735113144e-05 - timing_s/agent_loop/num_preempted/min:-1 - timing_s/agent_loop/num_preempted/max:-1 - timing_s/agent_loop/num_preempted/mean:-1.0 - timing_s/agent_loop/generate_sequences/min:0.7731391899287701 - timing_s/agent_loop/generate_sequences/max:1.8565672347322106 - timing_s/agent_loop/generate_sequences/mean:1.2874851011220017 - timing_s/agent_loop/tool_calls/min:0.0 - timing_s/agent_loop/tool_calls/max:0.0 - timing_s/agent_loop/tool_calls/mean:0.0 - timing_s/agent_loop/compute_score/min:0.0034600868821144104 - timing_s/agent_loop/compute_score/max:0.009223139844834805 - timing_s/agent_loop/compute_score/mean:0.005258779288851656 - timing_s/agent_loop/slowest/generate_sequences:1.8565672347322106 - timing_s/agent_loop/slowest/tool_calls:0.0 - timing_s/agent_loop/slowest/compute_score:0.0049189236015081406 - timing_s/agent_loop/slowest/num_preempted:-1 - timing_s/agent_loop/slowest/prompt_length:140 - timing_s/agent_loop/slowest/response_length:461 - timing_s/gen:2.4557426841929555 - timing_s/reward:9.770505130290985e-06 - timing_s/old_log_prob:0.7751194899901748 - timing_s/ref:2.305412714369595 - timing_s/adv:0.0023563671857118607 - timing_s/update_actor:2.5755831506103277 - timing_s/update_weights:0.9002809440717101 - timing_s/step:9.034231279045343 - timing_s/stop_profile:8.81589949131012e-05 - timing_per_token_ms/ref:0.04851049394768107 - timing_per_token_ms/gen:0.07080332960999179 - timing_per_token_ms/update_actor:0.05419542022157915 - timing_per_token_ms/adv:4.958267792508755e-05 - perf/total_num_tokens:47524 - perf/time_per_step:9.034231279045343 - perf/throughput:5260.436503350389
[36m(WorkerDict pid=776530)[0m INFO:2026-07-25 14:17:29,765:update_weights done, time cost: 0.50s
[36m(TaskRunner pid=776037)[0m Training Progress:  70%|███████   | 140/200 [22:34<09:15,  9.26s/it]
[36m(WorkerDict pid=776530)[0m INFO:2026-07-25 14:17:39,252:update_weights done, time cost: 0.51s
[36m(TaskRunner pid=776037)[0m Training Progress:  70%|███████   | 141/200 [22:43<09:10,  9.33s/it]
[36m(TaskRunner pid=776037)[0m step:139 - global_seqlen/min:45704 - global_seqlen/max:45704 - global_seqlen/minmax_diff:0 - global_seqlen/balanced_min:45704 - global_seqlen/balanced_max:45704 - global_seqlen/mean:45704.0 - actor/entropy:0.09621293842792511 - perf/mfu/actor_infer:0.24496525048951145 - actor/pg_clipfrac:0.0004703653357864823 - actor/ppo_kl:7.538327281508828e-06 - actor/pg_clipfrac_lower:0.0 - actor/pg_loss:0.012279720162041485 - actor/kl_loss:0.03320010285824537 - actor/kl_coef:0.001 - actor/loss:0.012312917038798332 - actor/grad_norm:0.5221830159425735 - actor/perf/max_memory_allocated_gb:29.571680545806885 - actor/perf/max_memory_reserved_gb:41.203125 - actor/perf/cpu_memory_used_gb:26.98055076599121 - actor/lr:1e-06 - perf/mfu/actor:0.20682812026423086 - training/global_step:139 - training/epoch:1 - critic/score/mean:0.875 - critic/score/max:1.0 - critic/score/min:0.0 - critic/rewards/mean:0.875 - critic/rewards/max:1.0 - critic/rewards/min:0.0 - critic/advantages/mean:-0.012939938344061375 - critic/advantages/max:1.6201815605163574 - critic/advantages/min:-2.4748666286468506 - critic/returns/mean:-0.012939938344061375 - critic/returns/max:1.6201815605163574 - critic/returns/min:-2.4748666286468506 - response_length/mean:259.9375 - response_length/max:464.0 - response_length/min:128.0 - response_length/clip_ratio:0.0 - response_length_non_aborted/mean:259.9375 - response_length_non_aborted/max:464.0 - response_length_non_aborted/min:128.0 - response_length_non_aborted/clip_ratio:0.0 - response/aborted_ratio:0.0 - prompt_length/mean:97.125 - prompt_length/max:128.0 - prompt_length/min:79.0 - prompt_length/clip_ratio:0.0 - num_turns/min:2 - num_turns/max:2 - num_turns/mean:2.0 - timing_s/start_profile:7.755961269140244e-05 - timing_s/agent_loop/num_preempted/min:-1 - timing_s/agent_loop/num_preempted/max:-1 - timing_s/agent_loop/num_preempted/mean:-1.0 - timing_s/agent_loop/generate_sequences/min:0.6722289798781276 - timing_s/agent_loop/generate_sequences/max:1.8050106447190046 - timing_s/agent_loop/generate_sequences/mean:1.1991086611160426 - timing_s/agent_loop/tool_calls/min:0.0 - timing_s/agent_loop/tool_calls/max:0.0 - timing_s/agent_loop/tool_calls/mean:0.0 - timing_s/agent_loop/compute_score/min:0.00419538002461195 - timing_s/agent_loop/compute_score/max:0.008909114636480808 - timing_s/agent_loop/compute_score/mean:0.005396727610786911 - timing_s/agent_loop/slowest/generate_sequences:1.8050106447190046 - timing_s/agent_loop/slowest/tool_calls:0.0 - timing_s/agent_loop/slowest/compute_score:0.006365127861499786 - timing_s/agent_loop/slowest/num_preempted:-1 - timing_s/agent_loop/slowest/prompt_length:83 - timing_s/agent_loop/slowest/response_length:464 - timing_s/gen:2.394561067223549 - timing_s/reward:1.5249475836753845e-05 - timing_s/old_log_prob:0.76622692681849 - timing_s/ref:2.3221722906455398 - timing_s/adv:0.003436706028878689 - timing_s/update_actor:2.525220069102943 - timing_s/update_weights:0.889199803583324 - timing_s/step:8.949842127971351 - timing_s/stop_profile:7.942039519548416e-05 - timing_per_token_ms/ref:0.05080895087181734 - timing_per_token_ms/gen:0.07196925544672844 - timing_per_token_ms/update_actor:0.05525162062626779 - timing_per_token_ms/adv:7.519486322594716e-05 - perf/total_num_tokens:45704 - perf/time_per_step:8.949842127971351 - perf/throughput:5106.68225723884
[36m(TaskRunner pid=776037)[0m step:140 - global_seqlen/min:52547 - global_seqlen/max:52547 - global_seqlen/minmax_diff:0 - global_seqlen/balanced_min:52547 - global_seqlen/balanced_max:52547 - global_seqlen/mean:52547.0 - actor/entropy:0.0922943726181984 - perf/mfu/actor_infer:0.2590895548483269 - actor/pg_clipfrac:0.00028894039496663027 - actor/ppo_kl:8.027604826565948e-05 - actor/pg_clipfrac_lower:0.0 - actor/pg_loss:0.012432385934516788 - actor/kl_loss:0.027148812427185476 - actor/kl_coef:0.001 - actor/loss:0.0124595295637846 - actor/grad_norm:0.6389056444168091 - actor/perf/max_memory_allocated_gb:29.571680545806885 - actor/perf/max_memory_reserved_gb:41.203125 - actor/perf/cpu_memory_used_gb:26.99158477783203 - actor/lr:1e-06 - perf/mfu/actor:0.22089626411057883 - training/global_step:140 - training/epoch:1 - critic/score/mean:0.84375 - critic/score/max:1.0 - critic/score/min:0.0 - critic/rewards/mean:0.84375 - critic/rewards/max:1.0 - critic/rewards/min:0.0 - critic/advantages/mean:-0.012590230442583561 - critic/advantages/max:2.4748666286468506 - critic/advantages/min:-2.4748666286468506 - critic/returns/mean:-0.012590230442583561 - critic/returns/max:2.4748666286468506 - critic/returns/min:-2.4748666286468506 - response_length/mean:306.5234375 - response_length/max:512.0 - response_length/min:151.0 - response_length/clip_ratio:0.0234375 - response_length_non_aborted/mean:306.5234375 - response_length_non_aborted/max:512.0 - response_length_non_aborted/min:151.0 - response_length_non_aborted/clip_ratio:0.0234375 - response/aborted_ratio:0.0 - prompt_length/mean:104.0 - prompt_length/max:137.0 - prompt_length/min:81.0 - prompt_length/clip_ratio:0.0 - num_turns/min:2 - num_turns/max:2 - num_turns/mean:2.0 - timing_s/start_profile:7.71787017583847e-05 - timing_s/agent_loop/num_preempted/min:-1 - timing_s/agent_loop/num_preempted/max:-1 - timing_s/agent_loop/num_preempted/mean:-1.0 - timing_s/agent_loop/generate_sequences/min:0.7923456123098731 - timing_s/agent_loop/generate_sequences/max:2.095336316153407 - timing_s/agent_loop/generate_sequences/mean:1.4542665275585023 - timing_s/agent_loop/tool_calls/min:0.0 - timing_s/agent_loop/tool_calls/max:0.0 - timing_s/agent_loop/tool_calls/mean:0.0 - timing_s/agent_loop/compute_score/min:0.004075390286743641 - timing_s/agent_loop/compute_score/max:0.012546188198029995 - timing_s/agent_loop/compute_score/mean:0.005553755341679789 - timing_s/agent_loop/slowest/generate_sequences:2.095336316153407 - timing_s/agent_loop/slowest/tool_calls:0.0 - timing_s/agent_loop/slowest/compute_score:0.005106290802359581 - timing_s/agent_loop/slowest/num_preempted:-1 - timing_s/agent_loop/slowest/prompt_length:121 - timing_s/agent_loop/slowest/response_length:512 - timing_s/gen:2.6973993172869086 - timing_s/reward:1.5719793736934662e-05 - timing_s/old_log_prob:0.8207497978582978 - timing_s/ref:2.339237805455923 - timing_s/adv:0.003439106047153473 - timing_s/update_actor:2.7150919744744897 - timing_s/update_weights:0.9109671516343951 - timing_s/step:9.536067713052034 - timing_s/stop_profile:7.9338438808918e-05 - timing_per_token_ms/ref:0.04451705721460641 - timing_per_token_ms/gen:0.06874982330283952 - timing_per_token_ms/update_actor:0.05166978085284583 - timing_per_token_ms/adv:6.544819013746689e-05 - perf/total_num_tokens:52547 - perf/time_per_step:9.536067713052034 - perf/throughput:5510.342583670921
[36m(WorkerDict pid=776530)[0m INFO:2026-07-25 14:17:48,425:update_weights done, time cost: 0.51s
[36m(TaskRunner pid=776037)[0m Training Progress:  71%|███████   | 142/200 [22:52<08:58,  9.28s/it]
[36m(WorkerDict pid=776530)[0m INFO:2026-07-25 14:17:57,792:update_weights done, time cost: 0.54s
[36m(TaskRunner pid=776037)[0m Training Progress:  72%|███████▏  | 143/200 [23:02<08:50,  9.30s/it]
[36m(TaskRunner pid=776037)[0m step:141 - global_seqlen/min:43892 - global_seqlen/max:43892 - global_seqlen/minmax_diff:0 - global_seqlen/balanced_min:43892 - global_seqlen/balanced_max:43892 - global_seqlen/mean:43892.0 - actor/entropy:0.08961915969848633 - perf/mfu/actor_infer:0.23763034434528688 - actor/pg_clipfrac:0.00024903287339839153 - actor/ppo_kl:-8.082011959942292e-05 - actor/pg_clipfrac_lower:0.0 - actor/pg_loss:0.021226153476163745 - actor/kl_loss:0.030795622384175658 - actor/kl_coef:0.001 - actor/loss:0.02125694928690791 - actor/grad_norm:0.6017372012138367 - actor/perf/max_memory_allocated_gb:29.571680545806885 - actor/perf/max_memory_reserved_gb:41.203125 - actor/perf/cpu_memory_used_gb:26.995393753051758 - actor/lr:1e-06 - perf/mfu/actor:0.19817453829696327 - training/global_step:141 - training/epoch:1 - critic/score/mean:0.9375 - critic/score/max:1.0 - critic/score/min:0.0 - critic/rewards/mean:0.9375 - critic/rewards/max:1.0 - critic/rewards/min:0.0 - critic/advantages/mean:-0.021127644926309586 - critic/advantages/max:0.935412585735321 - critic/advantages/min:-2.4748666286468506 - critic/returns/mean:-0.021127644926309586 - critic/returns/max:0.935412585735321 - critic/returns/min:-2.4748666286468506 - response_length/mean:251.84375 - response_length/max:512.0 - response_length/min:102.0 - response_length/clip_ratio:0.0078125 - response_length_non_aborted/mean:251.84375 - response_length_non_aborted/max:512.0 - response_length_non_aborted/min:102.0 - response_length_non_aborted/clip_ratio:0.0078125 - response/aborted_ratio:0.0 - prompt_length/mean:91.0625 - prompt_length/max:122.0 - prompt_length/min:70.0 - prompt_length/clip_ratio:0.0 - num_turns/min:2 - num_turns/max:2 - num_turns/mean:2.0 - timing_s/start_profile:7.405038923025131e-05 - timing_s/agent_loop/num_preempted/min:-1 - timing_s/agent_loop/num_preempted/max:-1 - timing_s/agent_loop/num_preempted/mean:-1.0 - timing_s/agent_loop/generate_sequences/min:0.5163403637707233 - timing_s/agent_loop/generate_sequences/max:1.9248244520276785 - timing_s/agent_loop/generate_sequences/mean:1.1697006442554994 - timing_s/agent_loop/tool_calls/min:0.0 - timing_s/agent_loop/tool_calls/max:0.0 - timing_s/agent_loop/tool_calls/mean:0.0 - timing_s/agent_loop/compute_score/min:0.0038372334092855453 - timing_s/agent_loop/compute_score/max:0.012732996605336666 - timing_s/agent_loop/compute_score/mean:0.005441424727905542 - timing_s/agent_loop/slowest/generate_sequences:1.9248244520276785 - timing_s/agent_loop/slowest/tool_calls:0.0 - timing_s/agent_loop/slowest/compute_score:0.006214979104697704 - timing_s/agent_loop/slowest/num_preempted:-1 - timing_s/agent_loop/slowest/prompt_length:91 - timing_s/agent_loop/slowest/response_length:512 - timing_s/gen:2.5313124302774668 - timing_s/reward:1.4649704098701477e-05 - timing_s/old_log_prob:1.1313854986801744 - timing_s/ref:2.295806826092303 - timing_s/adv:0.0033955667167901993 - timing_s/update_actor:2.5330562936142087 - timing_s/update_weights:0.9412121074274182 - timing_s/step:9.484843160957098 - timing_s/stop_profile:7.858872413635254e-05 - timing_per_token_ms/ref:0.052305814865859446 - timing_per_token_ms/gen:0.0785243960254829 - timing_per_token_ms/update_actor:0.057711115775408016 - timing_per_token_ms/adv:7.73618590355919e-05 - perf/total_num_tokens:43892 - perf/time_per_step:9.484843160957098 - perf/throughput:4627.593651803826
[36m(TaskRunner pid=776037)[0m step:142 - global_seqlen/min:45416 - global_seqlen/max:45416 - global_seqlen/minmax_diff:0 - global_seqlen/balanced_min:45416 - global_seqlen/balanced_max:45416 - global_seqlen/mean:45416.0 - actor/entropy:0.09075198322534561 - perf/mfu/actor_infer:0.23973163266527345 - actor/pg_clipfrac:0.00030180720204953104 - actor/ppo_kl:-3.32943328089641e-05 - actor/pg_clipfrac_lower:0.0 - actor/pg_loss:0.026322841178625822 - actor/kl_loss:0.03198479721322656 - actor/kl_coef:0.001 - actor/loss:0.026354826986789703 - actor/grad_norm:0.6281680166721344 - actor/perf/max_memory_allocated_gb:29.571680545806885 - actor/perf/max_memory_reserved_gb:41.203125 - actor/perf/cpu_memory_used_gb:26.966833114624023 - actor/lr:1e-06 - perf/mfu/actor:0.20420151644593384 - training/global_step:142 - training/epoch:1 - critic/score/mean:0.8671875 - critic/score/max:1.0 - critic/score/min:0.0 - critic/rewards/mean:0.8671875 - critic/rewards/max:1.0 - critic/rewards/min:0.0 - critic/advantages/mean:-0.027179572731256485 - critic/advantages/max:2.4748666286468506 - critic/advantages/min:-2.4748666286468506 - critic/returns/mean:-0.027179572731256485 - critic/returns/max:2.4748666286468506 - critic/returns/min:-2.4748666286468506 - response_length/mean:256.75 - response_length/max:512.0 - response_length/min:132.0 - response_length/clip_ratio:0.0078125 - response_length_non_aborted/mean:256.75 - response_length_non_aborted/max:512.0 - response_length_non_aborted/min:132.0 - response_length_non_aborted/clip_ratio:0.0078125 - response/aborted_ratio:0.0 - prompt_length/mean:98.0625 - prompt_length/max:141.0 - prompt_length/min:72.0 - prompt_length/clip_ratio:0.0 - num_turns/min:2 - num_turns/max:2 - num_turns/mean:2.0 - timing_s/start_profile:7.627904415130615e-05 - timing_s/agent_loop/num_preempted/min:-1 - timing_s/agent_loop/num_preempted/max:-1 - timing_s/agent_loop/num_preempted/mean:-1.0 - timing_s/agent_loop/generate_sequences/min:0.7012602873146534 - timing_s/agent_loop/generate_sequences/max:1.9493690831586719 - timing_s/agent_loop/generate_sequences/mean:1.2165566553012468 - timing_s/agent_loop/tool_calls/min:0.0 - timing_s/agent_loop/tool_calls/max:0.0 - timing_s/agent_loop/tool_calls/mean:0.0 - timing_s/agent_loop/compute_score/min:0.0036335447803139687 - timing_s/agent_loop/compute_score/max:0.013137733563780785 - timing_s/agent_loop/compute_score/mean:0.005241314327577129 - timing_s/agent_loop/slowest/generate_sequences:1.9493690831586719 - timing_s/agent_loop/slowest/tool_calls:0.0 - timing_s/agent_loop/slowest/compute_score:0.007369387894868851 - timing_s/agent_loop/slowest/num_preempted:-1 - timing_s/agent_loop/slowest/prompt_length:129 - timing_s/agent_loop/slowest/response_length:512 - timing_s/gen:2.565745205618441 - timing_s/reward:1.3969838619232178e-05 - timing_s/old_log_prob:0.7693532463163137 - timing_s/ref:2.3164789071306586 - timing_s/adv:0.0034209173172712326 - timing_s/update_actor:2.5406793197616935 - timing_s/update_weights:0.9293600125238299 - timing_s/step:9.174325296655297 - timing_s/stop_profile:7.84602016210556e-05 - timing_per_token_ms/ref:0.051005788865832714 - timing_per_token_ms/gen:0.07807160435791265 - timing_per_token_ms/update_actor:0.05594238417653896 - timing_per_token_ms/adv:7.532405577926794e-05 - perf/total_num_tokens:45416 - perf/time_per_step:9.174325296655297 - perf/throughput:4950.336785698824
[36m(WorkerDict pid=776530)[0m INFO:2026-07-25 14:18:07,000:update_weights done, time cost: 0.51s
[36m(TaskRunner pid=776037)[0m Training Progress:  72%|███████▏  | 144/200 [23:11<08:39,  9.28s/it]
[36m(WorkerDict pid=776530)[0m INFO:2026-07-25 14:18:16,289:update_weights done, time cost: 0.52s
[36m(TaskRunner pid=776037)[0m Training Progress:  72%|███████▎  | 145/200 [23:20<08:30,  9.28s/it]
[36m(TaskRunner pid=776037)[0m step:143 - global_seqlen/min:49390 - global_seqlen/max:49390 - global_seqlen/minmax_diff:0 - global_seqlen/balanced_min:49390 - global_seqlen/balanced_max:49390 - global_seqlen/mean:49390.0 - actor/entropy:0.11411911994218826 - perf/mfu/actor_infer:0.2501686473479268 - actor/pg_clipfrac:0.00042006994408438914 - actor/ppo_kl:-0.00010800044219649862 - actor/pg_clipfrac_lower:0.0 - actor/pg_loss:0.014501507161185145 - actor/kl_loss:0.02996444096788764 - actor/kl_coef:0.001 - actor/loss:0.014531468041241169 - actor/grad_norm:0.6154090613126755 - actor/perf/max_memory_allocated_gb:29.571680545806885 - actor/perf/max_memory_reserved_gb:41.203125 - actor/perf/cpu_memory_used_gb:26.970584869384766 - actor/lr:1e-06 - perf/mfu/actor:0.21124411491705616 - training/global_step:143 - training/epoch:1 - critic/score/mean:0.75 - critic/score/max:1.0 - critic/score/min:0.0 - critic/rewards/mean:0.75 - critic/rewards/max:1.0 - critic/rewards/min:0.0 - critic/advantages/mean:-0.01431234460324049 - critic/advantages/max:2.4748666286468506 - critic/advantages/min:-2.4748666286468506 - critic/returns/mean:-0.01431234460324049 - critic/returns/max:2.4748666286468506 - critic/returns/min:-2.4748666286468506 - response_length/mean:273.234375 - response_length/max:512.0 - response_length/min:118.0 - response_length/clip_ratio:0.0078125 - response_length_non_aborted/mean:273.234375 - response_length_non_aborted/max:512.0 - response_length_non_aborted/min:118.0 - response_length_non_aborted/clip_ratio:0.0078125 - response/aborted_ratio:0.0 - prompt_length/mean:112.625 - prompt_length/max:165.0 - prompt_length/min:83.0 - prompt_length/clip_ratio:0.0 - num_turns/min:2 - num_turns/max:2 - num_turns/mean:2.0 - timing_s/start_profile:7.697939872741699e-05 - timing_s/agent_loop/num_preempted/min:-1 - timing_s/agent_loop/num_preempted/max:-1 - timing_s/agent_loop/num_preempted/mean:-1.0 - timing_s/agent_loop/generate_sequences/min:0.5874990317970514 - timing_s/agent_loop/generate_sequences/max:1.9502475848421454 - timing_s/agent_loop/generate_sequences/mean:1.2621821926513803 - timing_s/agent_loop/tool_calls/min:0.0 - timing_s/agent_loop/tool_calls/max:0.0 - timing_s/agent_loop/tool_calls/mean:0.0 - timing_s/agent_loop/compute_score/min:0.003983101807534695 - timing_s/agent_loop/compute_score/max:0.007920783013105392 - timing_s/agent_loop/compute_score/mean:0.005316854883858468 - timing_s/agent_loop/slowest/generate_sequences:1.9502475848421454 - timing_s/agent_loop/slowest/tool_calls:0.0 - timing_s/agent_loop/slowest/compute_score:0.005971331149339676 - timing_s/agent_loop/slowest/num_preempted:-1 - timing_s/agent_loop/slowest/prompt_length:89 - timing_s/agent_loop/slowest/response_length:512 - timing_s/gen:2.544670131057501 - timing_s/reward:1.4410354197025299e-05 - timing_s/old_log_prob:0.7963212244212627 - timing_s/ref:2.3414685735478997 - timing_s/adv:0.0023898566141724586 - timing_s/update_actor:2.6633155681192875 - timing_s/update_weights:0.9467352833598852 - timing_s/step:9.34497833903879 - timing_s/stop_profile:8.275918662548065e-05 - timing_per_token_ms/ref:0.04740774597181412 - timing_per_token_ms/gen:0.07275891036362729 - timing_per_token_ms/update_actor:0.05392418643691613 - timing_per_token_ms/adv:4.838745928674749e-05 - perf/total_num_tokens:49390 - perf/time_per_step:9.34497833903879 - perf/throughput:5285.191490885808
[36m(TaskRunner pid=776037)[0m step:144 - global_seqlen/min:46376 - global_seqlen/max:46376 - global_seqlen/minmax_diff:0 - global_seqlen/balanced_min:46376 - global_seqlen/balanced_max:46376 - global_seqlen/mean:46376.0 - actor/entropy:0.0808815211057663 - perf/mfu/actor_infer:0.24298973772920998 - actor/pg_clipfrac:0.000136310605739709 - actor/ppo_kl:6.288192207648535e-05 - actor/pg_clipfrac_lower:0.0 - actor/pg_loss:0.004095057491213083 - actor/kl_loss:0.030604196712374687 - actor/kl_coef:0.001 - actor/loss:0.00412566214799881 - actor/grad_norm:0.4289001077413559 - actor/perf/max_memory_allocated_gb:29.571680545806885 - actor/perf/max_memory_reserved_gb:41.203125 - actor/perf/cpu_memory_used_gb:26.990602493286133 - actor/lr:1e-06 - perf/mfu/actor:0.19980545414170897 - training/global_step:144 - training/epoch:1 - critic/score/mean:0.9453125 - critic/score/max:1.0 - critic/score/min:0.0 - critic/rewards/mean:0.9453125 - critic/rewards/max:1.0 - critic/rewards/min:0.0 - critic/advantages/mean:-0.004024784080684185 - critic/advantages/max:1.20761239528656 - critic/advantages/min:-1.6201815605163574 - critic/returns/mean:-0.004024784080684185 - critic/returns/max:1.20761239528656 - critic/returns/min:-1.6201815605163574 - response_length/mean:261.75 - response_length/max:477.0 - response_length/min:158.0 - response_length/clip_ratio:0.0 - response_length_non_aborted/mean:261.75 - response_length_non_aborted/max:477.0 - response_length_non_aborted/min:158.0 - response_length_non_aborted/clip_ratio:0.0 - response/aborted_ratio:0.0 - prompt_length/mean:100.5625 - prompt_length/max:132.0 - prompt_length/min:76.0 - prompt_length/clip_ratio:0.0 - num_turns/min:2 - num_turns/max:2 - num_turns/mean:2.0 - timing_s/start_profile:7.542036473751068e-05 - timing_s/agent_loop/num_preempted/min:-1 - timing_s/agent_loop/num_preempted/max:-1 - timing_s/agent_loop/num_preempted/mean:-1.0 - timing_s/agent_loop/generate_sequences/min:0.7811491303145885 - timing_s/agent_loop/generate_sequences/max:1.8290421720594168 - timing_s/agent_loop/generate_sequences/mean:1.211068953089125 - timing_s/agent_loop/tool_calls/min:0.0 - timing_s/agent_loop/tool_calls/max:0.0 - timing_s/agent_loop/tool_calls/mean:0.0 - timing_s/agent_loop/compute_score/min:0.00325905904173851 - timing_s/agent_loop/compute_score/max:0.012495038099586964 - timing_s/agent_loop/compute_score/mean:0.0055430360152968206 - timing_s/agent_loop/slowest/generate_sequences:1.8290421720594168 - timing_s/agent_loop/slowest/tool_calls:0.0 - timing_s/agent_loop/slowest/compute_score:0.004982721991837025 - timing_s/agent_loop/slowest/num_preempted:-1 - timing_s/agent_loop/slowest/prompt_length:112 - timing_s/agent_loop/slowest/response_length:477 - timing_s/gen:2.4702445631846786 - timing_s/reward:1.446995884180069e-05 - timing_s/old_log_prob:0.7773773772642016 - timing_s/ref:2.3303296016529202 - timing_s/adv:0.0034111570566892624 - timing_s/update_actor:2.659381005913019 - timing_s/update_weights:0.9152587791904807 - timing_s/step:9.204875070601702 - timing_s/stop_profile:8.2358717918396e-05 - timing_per_token_ms/ref:0.050248611386340354 - timing_per_token_ms/gen:0.07372984011415588 - timing_per_token_ms/update_actor:0.0573439064583625 - timing_per_token_ms/adv:7.355436123618385e-05 - perf/total_num_tokens:46376 - perf/time_per_step:9.204875070601702 - perf/throughput:5038.199828275182
[36m(WorkerDict pid=776530)[0m INFO:2026-07-25 14:18:25,885:update_weights done, time cost: 0.55s
[36m(TaskRunner pid=776037)[0m Training Progress:  73%|███████▎  | 146/200 [23:30<08:26,  9.37s/it]
[36m(WorkerDict pid=776530)[0m INFO:2026-07-25 14:18:35,573:update_weights done, time cost: 0.47s
[36m(TaskRunner pid=776037)[0m Training Progress:  74%|███████▎  | 147/200 [23:40<08:21,  9.47s/it]
[36m(TaskRunner pid=776037)[0m step:145 - global_seqlen/min:46189 - global_seqlen/max:46189 - global_seqlen/minmax_diff:0 - global_seqlen/balanced_min:46189 - global_seqlen/balanced_max:46189 - global_seqlen/mean:46189.0 - actor/entropy:0.12696248292922974 - perf/mfu/actor_infer:0.23760212679744863 - actor/pg_clipfrac:0.0005480660947796423 - actor/ppo_kl:-8.377930112146714e-05 - actor/pg_clipfrac_lower:0.0 - actor/pg_loss:0.03352017258293927 - actor/kl_loss:0.03338951582554728 - actor/kl_coef:0.001 - actor/loss:0.03355356492102146 - actor/grad_norm:0.8137772083282471 - actor/perf/max_memory_allocated_gb:29.571680545806885 - actor/perf/max_memory_reserved_gb:41.203125 - actor/perf/cpu_memory_used_gb:27.009572982788086 - actor/lr:1e-06 - perf/mfu/actor:0.2044406973560737 - training/global_step:145 - training/epoch:1 - critic/score/mean:0.7265625 - critic/score/max:1.0 - critic/score/min:0.0 - critic/rewards/mean:0.7265625 - critic/rewards/max:1.0 - critic/rewards/min:0.0 - critic/advantages/mean:-0.03355177864432335 - critic/advantages/max:2.4748666286468506 - critic/advantages/min:-2.4748666286468506 - critic/returns/mean:-0.03355177864432335 - critic/returns/max:2.4748666286468506 - critic/returns/min:-2.4748666286468506 - response_length/mean:262.8515625 - response_length/max:512.0 - response_length/min:140.0 - response_length/clip_ratio:0.0546875 - response_length_non_aborted/mean:262.8515625 - response_length_non_aborted/max:512.0 - response_length_non_aborted/min:140.0 - response_length_non_aborted/clip_ratio:0.0546875 - response/aborted_ratio:0.0 - prompt_length/mean:98.0 - prompt_length/max:136.0 - prompt_length/min:82.0 - prompt_length/clip_ratio:0.0 - num_turns/min:2 - num_turns/max:2 - num_turns/mean:2.0 - timing_s/start_profile:7.569883018732071e-05 - timing_s/agent_loop/num_preempted/min:-1 - timing_s/agent_loop/num_preempted/max:-1 - timing_s/agent_loop/num_preempted/mean:-1.0 - timing_s/agent_loop/generate_sequences/min:0.7306878911331296 - timing_s/agent_loop/generate_sequences/max:1.956918178126216 - timing_s/agent_loop/generate_sequences/mean:1.2043508363349247 - timing_s/agent_loop/tool_calls/min:0.0 - timing_s/agent_loop/tool_calls/max:0.0 - timing_s/agent_loop/tool_calls/mean:0.0 - timing_s/agent_loop/compute_score/min:0.003973782062530518 - timing_s/agent_loop/compute_score/max:0.011523338034749031 - timing_s/agent_loop/compute_score/mean:0.005665066608344205 - timing_s/agent_loop/slowest/generate_sequences:1.956918178126216 - timing_s/agent_loop/slowest/tool_calls:0.0 - timing_s/agent_loop/slowest/compute_score:0.005139419808983803 - timing_s/agent_loop/slowest/num_preempted:-1 - timing_s/agent_loop/slowest/prompt_length:108 - timing_s/agent_loop/slowest/response_length:512 - timing_s/gen:2.6010951921343803 - timing_s/reward:1.445971429347992e-05 - timing_s/old_log_prob:0.7898491667583585 - timing_s/ref:2.32568961661309 - timing_s/adv:0.0034411856904625893 - timing_s/update_actor:2.5885130437090993 - timing_s/update_weights:0.9424953740090132 - timing_s/step:9.300571260973811 - timing_s/stop_profile:7.76294618844986e-05 - timing_per_token_ms/ref:0.05035159056513651 - timing_per_token_ms/gen:0.07731000719674187 - timing_per_token_ms/update_actor:0.05604176413667972 - timing_per_token_ms/adv:7.450227739207581e-05 - perf/total_num_tokens:46189 - perf/time_per_step:9.300571260973811 - perf/throughput:4966.254083102827
[36m(TaskRunner pid=776037)[0m step:146 - global_seqlen/min:47033 - global_seqlen/max:47033 - global_seqlen/minmax_diff:0 - global_seqlen/balanced_min:47033 - global_seqlen/balanced_max:47033 - global_seqlen/mean:47033.0 - actor/entropy:0.08154761791229248 - perf/mfu/actor_infer:0.24171431592742695 - actor/pg_clipfrac:0.00010875306179514155 - actor/ppo_kl:-0.00015195149774172023 - actor/pg_clipfrac_lower:0.0 - actor/pg_loss:-0.006643912842264399 - actor/kl_loss:0.02905579609796405 - actor/kl_coef:0.001 - actor/loss:-0.006614857353270054 - actor/grad_norm:0.5671547651290894 - actor/perf/max_memory_allocated_gb:29.571680545806885 - actor/perf/max_memory_reserved_gb:41.203125 - actor/perf/cpu_memory_used_gb:24.756059646606445 - actor/lr:1e-06 - perf/mfu/actor:0.205459749349082 - training/global_step:146 - training/epoch:1 - critic/score/mean:0.8984375 - critic/score/max:1.0 - critic/score/min:0.0 - critic/rewards/mean:0.8984375 - critic/rewards/max:1.0 - critic/rewards/min:0.0 - critic/advantages/mean:0.0068266307935118675 - critic/advantages/max:1.20761239528656 - critic/advantages/min:-2.4748666286468506 - critic/returns/mean:0.0068266307935118675 - critic/returns/max:1.20761239528656 - critic/returns/min:-2.4748666286468506 - response_length/mean:268.2578125 - response_length/max:477.0 - response_length/min:148.0 - response_length/clip_ratio:0.0 - response_length_non_aborted/mean:268.2578125 - response_length_non_aborted/max:477.0 - response_length_non_aborted/min:148.0 - response_length_non_aborted/clip_ratio:0.0 - response/aborted_ratio:0.0 - prompt_length/mean:99.1875 - prompt_length/max:137.0 - prompt_length/min:69.0 - prompt_length/clip_ratio:0.0 - num_turns/min:2 - num_turns/max:2 - num_turns/mean:2.0 - timing_s/start_profile:7.591955363750458e-05 - timing_s/agent_loop/num_preempted/min:-1 - timing_s/agent_loop/num_preempted/max:-1 - timing_s/agent_loop/num_preempted/mean:-1.0 - timing_s/agent_loop/generate_sequences/min:0.7490299437195063 - timing_s/agent_loop/generate_sequences/max:1.8683402808383107 - timing_s/agent_loop/generate_sequences/mean:1.2524355034256587 - timing_s/agent_loop/tool_calls/min:0.0 - timing_s/agent_loop/tool_calls/max:0.0 - timing_s/agent_loop/tool_calls/mean:0.0 - timing_s/agent_loop/compute_score/min:0.003724864684045315 - timing_s/agent_loop/compute_score/max:0.012790555134415627 - timing_s/agent_loop/compute_score/mean:0.005459181644255295 - timing_s/agent_loop/slowest/generate_sequences:1.8683402808383107 - timing_s/agent_loop/slowest/tool_calls:0.0 - timing_s/agent_loop/slowest/compute_score:0.00447450578212738 - timing_s/agent_loop/slowest/num_preempted:-1 - timing_s/agent_loop/slowest/prompt_length:130 - timing_s/agent_loop/slowest/response_length:477 - timing_s/gen:2.46960905008018 - timing_s/reward:1.413002610206604e-05 - timing_s/old_log_prob:0.7929577669128776 - timing_s/ref:2.7103145914152265 - timing_s/adv:0.001278826966881752 - timing_s/update_actor:2.594095269218087 - timing_s/update_weights:0.9606978083029389 - timing_s/step:9.577195183373988 - timing_s/stop_profile:7.51391053199768e-05 - timing_per_token_ms/ref:0.057625807229290636 - timing_per_token_ms/gen:0.07192267961907506 - timing_per_token_ms/update_actor:0.05515479066226027 - timing_per_token_ms/adv:2.7189993555200647e-05 - perf/total_num_tokens:47033 - perf/time_per_step:9.577195183373988 - perf/throughput:4910.936772140689
[36m(WorkerDict pid=776530)[0m INFO:2026-07-25 14:18:44,794:update_weights done, time cost: 0.51s
[36m(TaskRunner pid=776037)[0m Training Progress:  74%|███████▍  | 148/200 [23:49<08:08,  9.39s/it]
[36m(WorkerDict pid=776530)[0m INFO:2026-07-25 14:18:53,896:update_weights done, time cost: 0.48s
[36m(TaskRunner pid=776037)[0m Training Progress:  74%|███████▍  | 149/200 [23:58<07:54,  9.31s/it]
[36m(TaskRunner pid=776037)[0m step:147 - global_seqlen/min:55958 - global_seqlen/max:55958 - global_seqlen/minmax_diff:0 - global_seqlen/balanced_min:55958 - global_seqlen/balanced_max:55958 - global_seqlen/mean:55958.0 - actor/entropy:0.10839150100946426 - perf/mfu/actor_infer:0.26559241472730327 - actor/pg_clipfrac:0.0005302382596710231 - actor/ppo_kl:2.401147276032134e-05 - actor/pg_clipfrac_lower:0.0 - actor/pg_loss:0.0413258767221123 - actor/kl_loss:0.030255135730840266 - actor/kl_coef:0.001 - actor/loss:0.04135613329708576 - actor/grad_norm:0.6886682510375977 - actor/perf/max_memory_allocated_gb:29.571680545806885 - actor/perf/max_memory_reserved_gb:41.203125 - actor/perf/cpu_memory_used_gb:24.729129791259766 - actor/lr:1e-06 - perf/mfu/actor:0.22400203552717665 - training/global_step:147 - training/epoch:1 - critic/score/mean:0.7734375 - critic/score/max:1.0 - critic/score/min:0.0 - critic/rewards/mean:0.7734375 - critic/rewards/max:1.0 - critic/rewards/min:0.0 - critic/advantages/mean:-0.04126623645424843 - critic/advantages/max:1.20761239528656 - critic/advantages/min:-2.4748666286468506 - critic/returns/mean:-0.04126623645424843 - critic/returns/max:1.20761239528656 - critic/returns/min:-2.4748666286468506 - response_length/mean:322.421875 - response_length/max:512.0 - response_length/min:146.0 - response_length/clip_ratio:0.0234375 - response_length_non_aborted/mean:322.421875 - response_length_non_aborted/max:512.0 - response_length_non_aborted/min:146.0 - response_length_non_aborted/clip_ratio:0.0234375 - response/aborted_ratio:0.0 - prompt_length/mean:114.75 - prompt_length/max:162.0 - prompt_length/min:88.0 - prompt_length/clip_ratio:0.0 - num_turns/min:2 - num_turns/max:2 - num_turns/mean:2.0 - timing_s/start_profile:7.443875074386597e-05 - timing_s/agent_loop/num_preempted/min:-1 - timing_s/agent_loop/num_preempted/max:-1 - timing_s/agent_loop/num_preempted/mean:-1.0 - timing_s/agent_loop/generate_sequences/min:0.716623148880899 - timing_s/agent_loop/generate_sequences/max:2.0732859997078776 - timing_s/agent_loop/generate_sequences/mean:1.4873050838214112 - timing_s/agent_loop/tool_calls/min:0.0 - timing_s/agent_loop/tool_calls/max:0.0 - timing_s/agent_loop/tool_calls/mean:0.0 - timing_s/agent_loop/compute_score/min:0.003832613117992878 - timing_s/agent_loop/compute_score/max:0.008533837273716927 - timing_s/agent_loop/compute_score/mean:0.005230563125223853 - timing_s/agent_loop/slowest/generate_sequences:2.0732859997078776 - timing_s/agent_loop/slowest/tool_calls:0.0 - timing_s/agent_loop/slowest/compute_score:0.005750573240220547 - timing_s/agent_loop/slowest/num_preempted:-1 - timing_s/agent_loop/slowest/prompt_length:131 - timing_s/agent_loop/slowest/response_length:512 - timing_s/gen:2.6919337501749396 - timing_s/reward:1.7018988728523254e-05 - timing_s/old_log_prob:0.8516649063676596 - timing_s/ref:2.3518582731485367 - timing_s/adv:0.0034251362085342407 - timing_s/update_actor:2.8529281048104167 - timing_s/update_weights:0.8867980651557446 - timing_s/step:9.687608522363007 - timing_s/stop_profile:8.06683674454689e-05 - timing_per_token_ms/ref:0.04202899090654664 - timing_per_token_ms/gen:0.06522737461049043 - timing_per_token_ms/update_actor:0.05098338226545653 - timing_per_token_ms/adv:6.120905337099683e-05 - perf/total_num_tokens:55958 - perf/time_per_step:9.687608522363007 - perf/throughput:5776.244970141577
[36m(TaskRunner pid=776037)[0m step:148 - global_seqlen/min:47113 - global_seqlen/max:47113 - global_seqlen/minmax_diff:0 - global_seqlen/balanced_min:47113 - global_seqlen/balanced_max:47113 - global_seqlen/mean:47113.0 - actor/entropy:0.08974849432706833 - perf/mfu/actor_infer:0.24690851878188758 - actor/pg_clipfrac:0.00043933646884397604 - actor/ppo_kl:3.169274987158133e-05 - actor/pg_clipfrac_lower:0.0 - actor/pg_loss:0.010217347764410079 - actor/kl_loss:0.03242976916953921 - actor/kl_coef:0.001 - actor/loss:0.010249773040413857 - actor/grad_norm:0.6084511280059814 - actor/perf/max_memory_allocated_gb:29.571680545806885 - actor/perf/max_memory_reserved_gb:41.203125 - actor/perf/cpu_memory_used_gb:24.737152099609375 - actor/lr:1e-06 - perf/mfu/actor:0.20538741182700093 - training/global_step:148 - training/epoch:1 - critic/score/mean:0.890625 - critic/score/max:1.0 - critic/score/min:0.0 - critic/rewards/mean:0.890625 - critic/rewards/max:1.0 - critic/rewards/min:0.0 - critic/advantages/mean:-0.011247577145695686 - critic/advantages/max:1.20761239528656 - critic/advantages/min:-2.4748666286468506 - critic/returns/mean:-0.011247577145695686 - critic/returns/max:1.20761239528656 - critic/returns/min:-2.4748666286468506 - response_length/mean:256.9453125 - response_length/max:512.0 - response_length/min:135.0 - response_length/clip_ratio:0.015625 - response_length_non_aborted/mean:256.9453125 - response_length_non_aborted/max:512.0 - response_length_non_aborted/min:135.0 - response_length_non_aborted/clip_ratio:0.015625 - response/aborted_ratio:0.0 - prompt_length/mean:111.125 - prompt_length/max:212.0 - prompt_length/min:81.0 - prompt_length/clip_ratio:0.0 - num_turns/min:2 - num_turns/max:2 - num_turns/mean:2.0 - timing_s/start_profile:7.301941514015198e-05 - timing_s/agent_loop/num_preempted/min:-1 - timing_s/agent_loop/num_preempted/max:-1 - timing_s/agent_loop/num_preempted/mean:-1.0 - timing_s/agent_loop/generate_sequences/min:0.6712952889502048 - timing_s/agent_loop/generate_sequences/max:1.9285884443670511 - timing_s/agent_loop/generate_sequences/mean:1.1946421851025661 - timing_s/agent_loop/tool_calls/min:0.0 - timing_s/agent_loop/tool_calls/max:0.0 - timing_s/agent_loop/tool_calls/mean:0.0 - timing_s/agent_loop/compute_score/min:0.003921842202544212 - timing_s/agent_loop/compute_score/max:0.010210351087152958 - timing_s/agent_loop/compute_score/mean:0.005332792468834668 - timing_s/agent_loop/slowest/generate_sequences:1.9285884443670511 - timing_s/agent_loop/slowest/tool_calls:0.0 - timing_s/agent_loop/slowest/compute_score:0.005717014893889427 - timing_s/agent_loop/slowest/num_preempted:-1 - timing_s/agent_loop/slowest/prompt_length:153 - timing_s/agent_loop/slowest/response_length:512 - timing_s/gen:2.508461931720376 - timing_s/reward:1.4220364391803741e-05 - timing_s/old_log_prob:0.7772731287404895 - timing_s/ref:2.3296523187309504 - timing_s/adv:0.003438006155192852 - timing_s/update_actor:2.623886451125145 - timing_s/update_weights:0.921879393979907 - timing_s/step:9.212771633639932 - timing_s/stop_profile:8.03191214799881e-05 - timing_per_token_ms/ref:0.049448184550568854 - timing_per_token_ms/gen:0.07627054430722661 - timing_per_token_ms/update_actor:0.0556934699790959 - timing_per_token_ms/adv:7.29736199179176e-05 - perf/total_num_tokens:47113 - perf/time_per_step:9.212771633639932 - perf/throughput:5113.87906631371
[36m(WorkerDict pid=776530)[0m INFO:2026-07-25 14:19:03,016:update_weights done, time cost: 0.48s
[36m(TaskRunner pid=776037)[0m Training Progress:  75%|███████▌  | 150/200 [24:07<07:42,  9.25s/it]
[36m(WorkerDict pid=776530)[0m INFO:2026-07-25 14:19:11,992:update_weights done, time cost: 0.47s
[36m(TaskRunner pid=776037)[0m Training Progress:  76%|███████▌  | 151/200 [24:16<07:29,  9.17s/it]
[36m(TaskRunner pid=776037)[0m step:149 - global_seqlen/min:45935 - global_seqlen/max:45935 - global_seqlen/minmax_diff:0 - global_seqlen/balanced_min:45935 - global_seqlen/balanced_max:45935 - global_seqlen/mean:45935.0 - actor/entropy:0.08152133226394653 - perf/mfu/actor_infer:0.24568547363306073 - actor/pg_clipfrac:0.00025813051615841687 - actor/ppo_kl:1.4584417158403085e-05 - actor/pg_clipfrac_lower:0.0 - actor/pg_loss:0.015157845336943865 - actor/kl_loss:0.029176308657042682 - actor/kl_coef:0.001 - actor/loss:0.015187021344900131 - actor/grad_norm:0.5439991652965546 - actor/perf/max_memory_allocated_gb:29.571680545806885 - actor/perf/max_memory_reserved_gb:41.203125 - actor/perf/cpu_memory_used_gb:24.73880386352539 - actor/lr:1e-06 - perf/mfu/actor:0.20326186571010924 - training/global_step:149 - training/epoch:1 - critic/score/mean:0.953125 - critic/score/max:1.0 - critic/score/min:0.0 - critic/rewards/mean:0.953125 - critic/rewards/max:1.0 - critic/rewards/min:0.0 - critic/advantages/mean:-0.015765855088829994 - critic/advantages/max:0.5400605201721191 - critic/advantages/min:-2.4748666286468506 - critic/returns/mean:-0.015765855088829994 - critic/returns/max:0.5400605201721191 - critic/returns/min:-2.4748666286468506 - response_length/mean:253.3671875 - response_length/max:512.0 - response_length/min:136.0 - response_length/clip_ratio:0.0078125 - response_length_non_aborted/mean:253.3671875 - response_length_non_aborted/max:512.0 - response_length_non_aborted/min:136.0 - response_length_non_aborted/clip_ratio:0.0078125 - response/aborted_ratio:0.0 - prompt_length/mean:105.5 - prompt_length/max:155.0 - prompt_length/min:79.0 - prompt_length/clip_ratio:0.0 - num_turns/min:2 - num_turns/max:2 - num_turns/mean:2.0 - timing_s/start_profile:7.737893611192703e-05 - timing_s/agent_loop/num_preempted/min:-1 - timing_s/agent_loop/num_preempted/max:-1 - timing_s/agent_loop/num_preempted/mean:-1.0 - timing_s/agent_loop/generate_sequences/min:0.6729281228035688 - timing_s/agent_loop/generate_sequences/max:1.9059698143973947 - timing_s/agent_loop/generate_sequences/mean:1.173466677100805 - timing_s/agent_loop/tool_calls/min:0.0 - timing_s/agent_loop/tool_calls/max:0.0 - timing_s/agent_loop/tool_calls/mean:0.0 - timing_s/agent_loop/compute_score/min:0.0035893553867936134 - timing_s/agent_loop/compute_score/max:0.009617076255381107 - timing_s/agent_loop/compute_score/mean:0.005322390876244754 - timing_s/agent_loop/slowest/generate_sequences:1.9059698143973947 - timing_s/agent_loop/slowest/tool_calls:0.0 - timing_s/agent_loop/slowest/compute_score:0.005852113477885723 - timing_s/agent_loop/slowest/num_preempted:-1 - timing_s/agent_loop/slowest/prompt_length:148 - timing_s/agent_loop/slowest/response_length:512 - timing_s/gen:2.483630772680044 - timing_s/reward:1.6308389604091644e-05 - timing_s/old_log_prob:0.7638731990009546 - timing_s/ref:2.3187966654077172 - timing_s/adv:0.003438876010477543 - timing_s/update_actor:2.5857561323791742 - timing_s/update_weights:0.8912788024172187 - timing_s/step:9.096068607643247 - timing_s/stop_profile:7.730908691883087e-05 - timing_per_token_ms/ref:0.05047995353015603 - timing_per_token_ms/gen:0.07658199786254029 - timing_per_token_ms/update_actor:0.05629163235831445 - timing_per_token_ms/adv:7.486396017149326e-05 - perf/total_num_tokens:45935 - perf/time_per_step:9.096068607643247 - perf/throughput:5049.983897593047
[36m(TaskRunner pid=776037)[0m step:150 - global_seqlen/min:45862 - global_seqlen/max:45862 - global_seqlen/minmax_diff:0 - global_seqlen/balanced_min:45862 - global_seqlen/balanced_max:45862 - global_seqlen/mean:45862.0 - actor/entropy:0.0915159285068512 - perf/mfu/actor_infer:0.24494287803487347 - actor/pg_clipfrac:0.0001354378655378241 - actor/ppo_kl:5.207719578947945e-05 - actor/pg_clipfrac_lower:0.0 - actor/pg_loss:0.0011311450507491827 - actor/kl_loss:0.030433726496994495 - actor/kl_coef:0.001 - actor/loss:0.0011615864932537079 - actor/grad_norm:0.42435166239738464 - actor/perf/max_memory_allocated_gb:29.571680545806885 - actor/perf/max_memory_reserved_gb:41.203125 - actor/perf/cpu_memory_used_gb:24.74005699157715 - actor/lr:1e-06 - perf/mfu/actor:0.2035260289645656 - training/global_step:150 - training/epoch:1 - critic/score/mean:0.921875 - critic/score/max:1.0 - critic/score/min:0.0 - critic/rewards/mean:0.921875 - critic/rewards/max:1.0 - critic/rewards/min:0.0 - critic/advantages/mean:-0.0010414299322292209 - critic/advantages/max:2.4748666286468506 - critic/advantages/min:-2.4748666286468506 - critic/returns/mean:-0.0010414299322292209 - critic/returns/max:2.4748666286468506 - critic/returns/min:-2.4748666286468506 - response_length/mean:261.796875 - response_length/max:512.0 - response_length/min:148.0 - response_length/clip_ratio:0.0390625 - response_length_non_aborted/mean:261.796875 - response_length_non_aborted/max:512.0 - response_length_non_aborted/min:148.0 - response_length_non_aborted/clip_ratio:0.0390625 - response/aborted_ratio:0.0 - prompt_length/mean:96.5 - prompt_length/max:146.0 - prompt_length/min:73.0 - prompt_length/clip_ratio:0.0 - num_turns/min:2 - num_turns/max:2 - num_turns/mean:2.0 - timing_s/start_profile:7.680896669626236e-05 - timing_s/agent_loop/num_preempted/min:-1 - timing_s/agent_loop/num_preempted/max:-1 - timing_s/agent_loop/num_preempted/mean:-1.0 - timing_s/agent_loop/generate_sequences/min:0.7848762655630708 - timing_s/agent_loop/generate_sequences/max:1.937846975401044 - timing_s/agent_loop/generate_sequences/mean:1.2003969450161094 - timing_s/agent_loop/tool_calls/min:0.0 - timing_s/agent_loop/tool_calls/max:0.0 - timing_s/agent_loop/tool_calls/mean:0.0 - timing_s/agent_loop/compute_score/min:0.0028314022347331047 - timing_s/agent_loop/compute_score/max:0.012343370355665684 - timing_s/agent_loop/compute_score/mean:0.005535967546165921 - timing_s/agent_loop/slowest/generate_sequences:1.937846975401044 - timing_s/agent_loop/slowest/tool_calls:0.0 - timing_s/agent_loop/slowest/compute_score:0.004041691310703754 - timing_s/agent_loop/slowest/num_preempted:-1 - timing_s/agent_loop/slowest/prompt_length:96 - timing_s/agent_loop/slowest/response_length:512 - timing_s/gen:2.530960544012487 - timing_s/reward:1.6138888895511627e-05 - timing_s/old_log_prob:0.7580180708318949 - timing_s/ref:2.3052195496857166 - timing_s/adv:0.002378094010055065 - timing_s/update_actor:2.5693289963528514 - timing_s/update_weights:0.8885339451953769 - timing_s/step:9.10469500347972 - timing_s/stop_profile:8.450914174318314e-05 - timing_per_token_ms/ref:0.050264261255194204 - timing_per_token_ms/gen:0.0755285151898683 - timing_per_token_ms/update_actor:0.05602304732355439 - timing_per_token_ms/adv:5.1853255637675314e-05 - perf/total_num_tokens:45862 - perf/time_per_step:9.10469500347972 - perf/throughput:5037.18136439189
[36m(WorkerDict pid=776530)[0m INFO:2026-07-25 14:19:21,683:update_weights done, time cost: 0.47s
[36m(TaskRunner pid=776037)[0m Training Progress:  76%|███████▌  | 152/200 [24:26<07:27,  9.32s/it]
[36m(WorkerDict pid=776530)[0m INFO:2026-07-25 14:19:30,720:update_weights done, time cost: 0.46s
[36m(TaskRunner pid=776037)[0m Training Progress:  76%|███████▋  | 153/200 [24:35<07:14,  9.24s/it]
[36m(TaskRunner pid=776037)[0m step:151 - global_seqlen/min:45507 - global_seqlen/max:45507 - global_seqlen/minmax_diff:0 - global_seqlen/balanced_min:45507 - global_seqlen/balanced_max:45507 - global_seqlen/mean:45507.0 - actor/entropy:0.07740389555692673 - perf/mfu/actor_infer:0.24152918289560424 - actor/pg_clipfrac:4.386012915347237e-05 - actor/ppo_kl:1.486550837626055e-05 - actor/pg_clipfrac_lower:0.0 - actor/pg_loss:-0.005036473274230957 - actor/kl_loss:0.02874348103068769 - actor/kl_coef:0.001 - actor/loss:-0.005007732659578323 - actor/grad_norm:0.35039204359054565 - actor/perf/max_memory_allocated_gb:29.571680545806885 - actor/perf/max_memory_reserved_gb:41.203125 - actor/perf/cpu_memory_used_gb:24.765209197998047 - actor/lr:1e-06 - perf/mfu/actor:0.201168042692354 - training/global_step:151 - training/epoch:1 - critic/score/mean:0.96875 - critic/score/max:1.0 - critic/score/min:0.0 - critic/rewards/mean:0.96875 - critic/rewards/max:1.0 - critic/rewards/min:0.0 - critic/advantages/mean:0.0048369537107646465 - critic/advantages/max:0.7245674133300781 - critic/advantages/min:-2.4748666286468506 - critic/returns/mean:0.0048369537107646465 - critic/returns/max:0.7245674133300781 - critic/returns/min:-2.4748666286468506 - response_length/mean:257.4609375 - response_length/max:455.0 - response_length/min:145.0 - response_length/clip_ratio:0.0 - response_length_non_aborted/mean:257.4609375 - response_length_non_aborted/max:455.0 - response_length_non_aborted/min:145.0 - response_length_non_aborted/clip_ratio:0.0 - response/aborted_ratio:0.0 - prompt_length/mean:98.0625 - prompt_length/max:152.0 - prompt_length/min:75.0 - prompt_length/clip_ratio:0.0 - num_turns/min:2 - num_turns/max:2 - num_turns/mean:2.0 - timing_s/start_profile:7.733982056379318e-05 - timing_s/agent_loop/num_preempted/min:-1 - timing_s/agent_loop/num_preempted/max:-1 - timing_s/agent_loop/num_preempted/mean:-1.0 - timing_s/agent_loop/generate_sequences/min:0.7491744356229901 - timing_s/agent_loop/generate_sequences/max:1.7754717664793134 - timing_s/agent_loop/generate_sequences/mean:1.205185071034066 - timing_s/agent_loop/tool_calls/min:0.0 - timing_s/agent_loop/tool_calls/max:0.0 - timing_s/agent_loop/tool_calls/mean:0.0 - timing_s/agent_loop/compute_score/min:0.0035931868478655815 - timing_s/agent_loop/compute_score/max:0.017706367187201977 - timing_s/agent_loop/compute_score/mean:0.005450100696180016 - timing_s/agent_loop/slowest/generate_sequences:1.7754717664793134 - timing_s/agent_loop/slowest/tool_calls:0.0 - timing_s/agent_loop/slowest/compute_score:0.005859582684934139 - timing_s/agent_loop/slowest/num_preempted:-1 - timing_s/agent_loop/slowest/prompt_length:91 - timing_s/agent_loop/slowest/response_length:455 - timing_s/gen:2.3585424926131964 - timing_s/reward:1.732073724269867e-05 - timing_s/old_log_prob:0.7704968377947807 - timing_s/ref:2.3197328615933657 - timing_s/adv:0.0034364070743322372 - timing_s/update_actor:2.5913878977298737 - timing_s/update_weights:0.8864364046603441 - timing_s/step:8.980457087047398 - timing_s/stop_profile:8.082855492830276e-05 - timing_per_token_ms/ref:0.05097529746178315 - timing_per_token_ms/gen:0.07156857814028816 - timing_per_token_ms/update_actor:0.05694481942843681 - timing_per_token_ms/adv:7.551381269545867e-05 - perf/total_num_tokens:45507 - perf/time_per_step:8.980457087047398 - perf/throughput:5067.3367245009385
[36m(TaskRunner pid=776037)[0m step:152 - global_seqlen/min:49982 - global_seqlen/max:49982 - global_seqlen/minmax_diff:0 - global_seqlen/balanced_min:49982 - global_seqlen/balanced_max:49982 - global_seqlen/mean:49982.0 - actor/entropy:0.0968146026134491 - perf/mfu/actor_infer:0.25134928447432475 - actor/pg_clipfrac:0.0004518738824117463 - actor/ppo_kl:-0.0002108339731421438 - actor/pg_clipfrac_lower:0.0 - actor/pg_loss:0.014938200125470757 - actor/kl_loss:0.03395686828298494 - actor/kl_coef:0.001 - actor/loss:0.014972157776355743 - actor/grad_norm:0.4830787181854248 - actor/perf/max_memory_allocated_gb:29.571680545806885 - actor/perf/max_memory_reserved_gb:41.203125 - actor/perf/cpu_memory_used_gb:24.77117919921875 - actor/lr:1e-06 - perf/mfu/actor:0.2118456321488866 - training/global_step:152 - training/epoch:1 - critic/score/mean:0.7890625 - critic/score/max:1.0 - critic/score/min:0.0 - critic/rewards/mean:0.7890625 - critic/rewards/max:1.0 - critic/rewards/min:0.0 - critic/advantages/mean:-0.014716156758368015 - critic/advantages/max:0.935412585735321 - critic/advantages/min:-2.4748666286468506 - critic/returns/mean:-0.014716156758368015 - critic/returns/max:0.935412585735321 - critic/returns/min:-2.4748666286468506 - response_length/mean:283.421875 - response_length/max:512.0 - response_length/min:104.0 - response_length/clip_ratio:0.0390625 - response_length_non_aborted/mean:283.421875 - response_length_non_aborted/max:512.0 - response_length_non_aborted/min:104.0 - response_length_non_aborted/clip_ratio:0.0390625 - response/aborted_ratio:0.0 - prompt_length/mean:107.0625 - prompt_length/max:183.0 - prompt_length/min:73.0 - prompt_length/clip_ratio:0.0 - num_turns/min:2 - num_turns/max:2 - num_turns/mean:2.0 - timing_s/start_profile:7.385946810245514e-05 - timing_s/agent_loop/num_preempted/min:-1 - timing_s/agent_loop/num_preempted/max:-1 - timing_s/agent_loop/num_preempted/mean:-1.0 - timing_s/agent_loop/generate_sequences/min:0.588097158819437 - timing_s/agent_loop/generate_sequences/max:1.9752173060551286 - timing_s/agent_loop/generate_sequences/mean:1.2999010129860835 - timing_s/agent_loop/tool_calls/min:0.0 - timing_s/agent_loop/tool_calls/max:0.0 - timing_s/agent_loop/tool_calls/mean:0.0 - timing_s/agent_loop/compute_score/min:0.003975194878876209 - timing_s/agent_loop/compute_score/max:0.011988203041255474 - timing_s/agent_loop/compute_score/mean:0.0053519659049925394 - timing_s/agent_loop/slowest/generate_sequences:1.9752173060551286 - timing_s/agent_loop/slowest/tool_calls:0.0 - timing_s/agent_loop/slowest/compute_score:0.004853019490838051 - timing_s/agent_loop/slowest/num_preempted:-1 - timing_s/agent_loop/slowest/prompt_length:92 - timing_s/agent_loop/slowest/response_length:512 - timing_s/gen:2.558749860152602 - timing_s/reward:1.5139579772949219e-05 - timing_s/old_log_prob:1.1733562778681517 - timing_s/ref:2.3262286260724068 - timing_s/adv:0.0023587550967931747 - timing_s/update_actor:2.689050706103444 - timing_s/update_weights:0.8712513074278831 - timing_s/step:9.66945955902338 - timing_s/stop_profile:8.032005280256271e-05 - timing_per_token_ms/ref:0.04654132739931189 - timing_per_token_ms/gen:0.07053172336271575 - timing_per_token_ms/update_actor:0.05380038225968237 - timing_per_token_ms/adv:4.719209108865541e-05 - perf/total_num_tokens:49982 - perf/time_per_step:9.66945955902338 - perf/throughput:5169.058280341803
[36m(WorkerDict pid=776530)[0m INFO:2026-07-25 14:19:39,678:update_weights done, time cost: 0.48s
[36m(TaskRunner pid=776037)[0m Training Progress:  77%|███████▋  | 154/200 [24:44<07:01,  9.15s/it]
[36m(WorkerDict pid=776530)[0m INFO:2026-07-25 14:19:48,609:update_weights done, time cost: 0.46s
[36m(TaskRunner pid=776037)[0m Training Progress:  78%|███████▊  | 155/200 [24:53<06:48,  9.09s/it]
[36m(TaskRunner pid=776037)[0m step:153 - global_seqlen/min:45510 - global_seqlen/max:45510 - global_seqlen/minmax_diff:0 - global_seqlen/balanced_min:45510 - global_seqlen/balanced_max:45510 - global_seqlen/mean:45510.0 - actor/entropy:0.09616591036319733 - perf/mfu/actor_infer:0.2456035066313912 - actor/pg_clipfrac:0.0004299484789953567 - actor/ppo_kl:8.708523182576755e-05 - actor/pg_clipfrac_lower:0.0 - actor/pg_loss:0.01858377899043262 - actor/kl_loss:0.03745446016546339 - actor/kl_coef:0.001 - actor/loss:0.018621234223246574 - actor/grad_norm:0.722008615732193 - actor/perf/max_memory_allocated_gb:29.571680545806885 - actor/perf/max_memory_reserved_gb:41.203125 - actor/perf/cpu_memory_used_gb:24.765501022338867 - actor/lr:1e-06 - perf/mfu/actor:0.2026159967129578 - training/global_step:153 - training/epoch:1 - critic/score/mean:0.84375 - critic/score/max:1.0 - critic/score/min:0.0 - critic/rewards/mean:0.84375 - critic/rewards/max:1.0 - critic/rewards/min:0.0 - critic/advantages/mean:-0.01854128949344158 - critic/advantages/max:2.4748666286468506 - critic/advantages/min:-2.4748666286468506 - critic/returns/mean:-0.01854128949344158 - critic/returns/max:2.4748666286468506 - critic/returns/min:-2.4748666286468506 - response_length/mean:253.671875 - response_length/max:512.0 - response_length/min:135.0 - response_length/clip_ratio:0.015625 - response_length_non_aborted/mean:253.671875 - response_length_non_aborted/max:512.0 - response_length_non_aborted/min:135.0 - response_length_non_aborted/clip_ratio:0.015625 - response/aborted_ratio:0.0 - prompt_length/mean:101.875 - prompt_length/max:128.0 - prompt_length/min:82.0 - prompt_length/clip_ratio:0.0 - num_turns/min:2 - num_turns/max:2 - num_turns/mean:2.0 - timing_s/start_profile:7.705017924308777e-05 - timing_s/agent_loop/num_preempted/min:-1 - timing_s/agent_loop/num_preempted/max:-1 - timing_s/agent_loop/num_preempted/mean:-1.0 - timing_s/agent_loop/generate_sequences/min:0.6996097611263394 - timing_s/agent_loop/generate_sequences/max:1.9001207817345858 - timing_s/agent_loop/generate_sequences/mean:1.1716059010359459 - timing_s/agent_loop/tool_calls/min:0.0 - timing_s/agent_loop/tool_calls/max:0.0 - timing_s/agent_loop/tool_calls/mean:0.0 - timing_s/agent_loop/compute_score/min:0.0038881050422787666 - timing_s/agent_loop/compute_score/max:0.012194559909403324 - timing_s/agent_loop/compute_score/mean:0.005398957553552464 - timing_s/agent_loop/slowest/generate_sequences:1.9001207817345858 - timing_s/agent_loop/slowest/tool_calls:0.0 - timing_s/agent_loop/slowest/compute_score:0.005424634553492069 - timing_s/agent_loop/slowest/num_preempted:-1 - timing_s/agent_loop/slowest/prompt_length:107 - timing_s/agent_loop/slowest/response_length:512 - timing_s/gen:2.4718314111232758 - timing_s/reward:1.5319325029850006e-05 - timing_s/old_log_prob:0.7546185031533241 - timing_s/ref:2.3206539088860154 - timing_s/adv:0.0034502772614359856 - timing_s/update_actor:2.569986035116017 - timing_s/update_weights:0.8671830417588353 - timing_s/step:9.036803307011724 - timing_s/stop_profile:8.222926408052444e-05 - timing_per_token_ms/ref:0.05099217554133192 - timing_per_token_ms/gen:0.0761266218393371 - timing_per_token_ms/update_actor:0.056470798398506196 - timing_per_token_ms/adv:7.581360715086763e-05 - perf/total_num_tokens:45510 - perf/time_per_step:9.036803307011724 - perf/throughput:5036.072873765931
[36m(TaskRunner pid=776037)[0m step:154 - global_seqlen/min:44181 - global_seqlen/max:44181 - global_seqlen/minmax_diff:0 - global_seqlen/balanced_min:44181 - global_seqlen/balanced_max:44181 - global_seqlen/mean:44181.0 - actor/entropy:0.07713498920202255 - perf/mfu/actor_infer:0.23942364252589365 - actor/pg_clipfrac:0.00020492204930633307 - actor/ppo_kl:-0.00016892405210455763 - actor/pg_clipfrac_lower:0.0 - actor/pg_loss:0.007134779589250684 - actor/kl_loss:0.03422887157648802 - actor/kl_coef:0.001 - actor/loss:0.007169011980295181 - actor/grad_norm:0.5919302105903625 - actor/perf/max_memory_allocated_gb:29.571680545806885 - actor/perf/max_memory_reserved_gb:41.203125 - actor/perf/cpu_memory_used_gb:24.769832611083984 - actor/lr:1e-06 - perf/mfu/actor:0.1975262436276824 - training/global_step:154 - training/epoch:1 - critic/score/mean:0.921875 - critic/score/max:1.0 - critic/score/min:0.0 - critic/rewards/mean:0.921875 - critic/rewards/max:1.0 - critic/rewards/min:0.0 - critic/advantages/mean:-0.00612832885235548 - critic/advantages/max:2.4748666286468506 - critic/advantages/min:-2.4748666286468506 - critic/returns/mean:-0.00612832885235548 - critic/returns/max:2.4748666286468506 - critic/returns/min:-2.4748666286468506 - response_length/mean:250.7265625 - response_length/max:491.0 - response_length/min:161.0 - response_length/clip_ratio:0.0 - response_length_non_aborted/mean:250.7265625 - response_length_non_aborted/max:491.0 - response_length_non_aborted/min:161.0 - response_length_non_aborted/clip_ratio:0.0 - response/aborted_ratio:0.0 - prompt_length/mean:94.4375 - prompt_length/max:135.0 - prompt_length/min:77.0 - prompt_length/clip_ratio:0.0 - num_turns/min:2 - num_turns/max:2 - num_turns/mean:2.0 - timing_s/start_profile:7.570907473564148e-05 - timing_s/agent_loop/num_preempted/min:-1 - timing_s/agent_loop/num_preempted/max:-1 - timing_s/agent_loop/num_preempted/mean:-1.0 - timing_s/agent_loop/generate_sequences/min:0.806742443703115 - timing_s/agent_loop/generate_sequences/max:1.8351167496293783 - timing_s/agent_loop/generate_sequences/mean:1.152006227093807 - timing_s/agent_loop/tool_calls/min:0.0 - timing_s/agent_loop/tool_calls/max:0.0 - timing_s/agent_loop/tool_calls/mean:0.0 - timing_s/agent_loop/compute_score/min:0.003531375899910927 - timing_s/agent_loop/compute_score/max:0.011505983769893646 - timing_s/agent_loop/compute_score/mean:0.005529708010726608 - timing_s/agent_loop/slowest/generate_sequences:1.8351167496293783 - timing_s/agent_loop/slowest/tool_calls:0.0 - timing_s/agent_loop/slowest/compute_score:0.007092582993209362 - timing_s/agent_loop/slowest/num_preempted:-1 - timing_s/agent_loop/slowest/prompt_length:120 - timing_s/agent_loop/slowest/response_length:491 - timing_s/gen:2.4150286372750998 - timing_s/reward:1.634005457162857e-05 - timing_s/old_log_prob:0.7503193952143192 - timing_s/ref:2.2984263142570853 - timing_s/adv:0.002452284097671509 - timing_s/update_actor:2.551361436955631 - timing_s/update_weights:0.8869245992973447 - timing_s/step:8.953052368946373 - timing_s/stop_profile:8.222833275794983e-05 - timing_per_token_ms/ref:0.05202295815524966 - timing_per_token_ms/gen:0.07525094685056243 - timing_per_token_ms/update_actor:0.05774793320557776 - timing_per_token_ms/adv:5.550540045882865e-05 - perf/total_num_tokens:44181 - perf/time_per_step:8.953052368946373 - perf/throughput:4934.741603125391
[36m(WorkerDict pid=776530)[0m INFO:2026-07-25 14:19:57,976:update_weights done, time cost: 0.46s
[36m(TaskRunner pid=776037)[0m Training Progress:  78%|███████▊  | 156/200 [25:02<06:43,  9.17s/it]
[36m(WorkerDict pid=776530)[0m INFO:2026-07-25 14:20:07,013:update_weights done, time cost: 0.46s
[36m(TaskRunner pid=776037)[0m Training Progress:  78%|███████▊  | 157/200 [25:11<06:32,  9.13s/it]
[36m(TaskRunner pid=776037)[0m step:155 - global_seqlen/min:45857 - global_seqlen/max:45857 - global_seqlen/minmax_diff:0 - global_seqlen/balanced_min:45857 - global_seqlen/balanced_max:45857 - global_seqlen/mean:45857.0 - actor/entropy:0.07526944577693939 - perf/mfu/actor_infer:0.24364870300335087 - actor/pg_clipfrac:7.567029751953669e-05 - actor/ppo_kl:-9.61885716606048e-05 - actor/pg_clipfrac_lower:0.0 - actor/pg_loss:0.004064234206452966 - actor/kl_loss:0.03640647418797016 - actor/kl_coef:0.001 - actor/loss:0.004100642167031765 - actor/grad_norm:0.5300107896327972 - actor/perf/max_memory_allocated_gb:29.571680545806885 - actor/perf/max_memory_reserved_gb:41.203125 - actor/perf/cpu_memory_used_gb:24.771657943725586 - actor/lr:1e-06 - perf/mfu/actor:0.20376022437678531 - training/global_step:155 - training/epoch:1 - critic/score/mean:0.9765625 - critic/score/max:1.0 - critic/score/min:0.0 - critic/rewards/mean:0.9765625 - critic/rewards/max:1.0 - critic/rewards/min:0.0 - critic/advantages/mean:-0.004095061682164669 - critic/advantages/max:0.5400605201721191 - critic/advantages/min:-2.4748666286468506 - critic/returns/mean:-0.004095061682164669 - critic/returns/max:0.5400605201721191 - critic/returns/min:-2.4748666286468506 - response_length/mean:253.3203125 - response_length/max:455.0 - response_length/min:114.0 - response_length/clip_ratio:0.0 - response_length_non_aborted/mean:253.3203125 - response_length_non_aborted/max:455.0 - response_length_non_aborted/min:114.0 - response_length_non_aborted/clip_ratio:0.0 - response/aborted_ratio:0.0 - prompt_length/mean:104.9375 - prompt_length/max:144.0 - prompt_length/min:69.0 - prompt_length/clip_ratio:0.0 - num_turns/min:2 - num_turns/max:2 - num_turns/mean:2.0 - timing_s/start_profile:8.234940469264984e-05 - timing_s/agent_loop/num_preempted/min:-1 - timing_s/agent_loop/num_preempted/max:-1 - timing_s/agent_loop/num_preempted/mean:-1.0 - timing_s/agent_loop/generate_sequences/min:0.578337736427784 - timing_s/agent_loop/generate_sequences/max:1.7953051356598735 - timing_s/agent_loop/generate_sequences/mean:1.1921398687481997 - timing_s/agent_loop/tool_calls/min:0.0 - timing_s/agent_loop/tool_calls/max:0.0 - timing_s/agent_loop/tool_calls/mean:0.0 - timing_s/agent_loop/compute_score/min:0.0026274221017956734 - timing_s/agent_loop/compute_score/max:0.010087083093822002 - timing_s/agent_loop/compute_score/mean:0.005355344372219406 - timing_s/agent_loop/slowest/generate_sequences:1.7953051356598735 - timing_s/agent_loop/slowest/tool_calls:0.0 - timing_s/agent_loop/slowest/compute_score:0.006379507482051849 - timing_s/agent_loop/slowest/num_preempted:-1 - timing_s/agent_loop/slowest/prompt_length:129 - timing_s/agent_loop/slowest/response_length:455 - timing_s/gen:2.350892787799239 - timing_s/reward:1.5620142221450806e-05 - timing_s/old_log_prob:0.765462820418179 - timing_s/ref:2.31810652744025 - timing_s/adv:0.0033934274688363075 - timing_s/update_actor:2.574747843667865 - timing_s/update_weights:0.8659809986129403 - timing_s/step:8.927135576494038 - timing_s/stop_profile:3.273971378803253e-05 - timing_per_token_ms/ref:0.0505507671116787 - timing_per_token_ms/gen:0.07250247610791793 - timing_per_token_ms/update_actor:0.0561473241526455 - timing_per_token_ms/adv:7.400020648617021e-05 - perf/total_num_tokens:45857 - perf/time_per_step:8.927135576494038 - perf/throughput:5136.810078335279
[36m(TaskRunner pid=776037)[0m step:156 - global_seqlen/min:52815 - global_seqlen/max:52815 - global_seqlen/minmax_diff:0 - global_seqlen/balanced_min:52815 - global_seqlen/balanced_max:52815 - global_seqlen/mean:52815.0 - actor/entropy:0.08411803096532822 - perf/mfu/actor_infer:0.25959857828418403 - actor/pg_clipfrac:0.0005597650633717421 - actor/ppo_kl:9.10156368263415e-05 - actor/pg_clipfrac_lower:0.0 - actor/pg_loss:0.03441227687289938 - actor/kl_loss:0.029968140996061265 - actor/kl_coef:0.001 - actor/loss:0.034442244097590446 - actor/grad_norm:0.5833070576190948 - actor/perf/max_memory_allocated_gb:29.571680545806885 - actor/perf/max_memory_reserved_gb:41.203125 - actor/perf/cpu_memory_used_gb:24.773448944091797 - actor/lr:1e-06 - perf/mfu/actor:0.21877589646761866 - training/global_step:156 - training/epoch:1 - critic/score/mean:0.8671875 - critic/score/max:1.0 - critic/score/min:0.0 - critic/rewards/mean:0.8671875 - critic/rewards/max:1.0 - critic/rewards/min:0.0 - critic/advantages/mean:-0.03440338373184204 - critic/advantages/max:1.6201815605163574 - critic/advantages/min:-2.4748666286468506 - critic/returns/mean:-0.03440338373184204 - critic/returns/max:1.6201815605163574 - critic/returns/min:-2.4748666286468506 - response_length/mean:298.1171875 - response_length/max:512.0 - response_length/min:156.0 - response_length/clip_ratio:0.0078125 - response_length_non_aborted/mean:298.1171875 - response_length_non_aborted/max:512.0 - response_length_non_aborted/min:156.0 - response_length_non_aborted/clip_ratio:0.0078125 - response/aborted_ratio:0.0 - prompt_length/mean:114.5 - prompt_length/max:158.0 - prompt_length/min:76.0 - prompt_length/clip_ratio:0.0 - num_turns/min:2 - num_turns/max:2 - num_turns/mean:2.0 - timing_s/start_profile:5.659833550453186e-05 - timing_s/agent_loop/num_preempted/min:-1 - timing_s/agent_loop/num_preempted/max:-1 - timing_s/agent_loop/num_preempted/mean:-1.0 - timing_s/agent_loop/generate_sequences/min:0.7600565301254392 - timing_s/agent_loop/generate_sequences/max:1.995179921388626 - timing_s/agent_loop/generate_sequences/mean:1.3590083946910454 - timing_s/agent_loop/tool_calls/min:0.0 - timing_s/agent_loop/tool_calls/max:0.0 - timing_s/agent_loop/tool_calls/mean:0.0 - timing_s/agent_loop/compute_score/min:0.003700234927237034 - timing_s/agent_loop/compute_score/max:0.008152616210281849 - timing_s/agent_loop/compute_score/mean:0.005268489971058443 - timing_s/agent_loop/slowest/generate_sequences:1.995179921388626 - timing_s/agent_loop/slowest/tool_calls:0.0 - timing_s/agent_loop/slowest/compute_score:0.005424593575298786 - timing_s/agent_loop/slowest/num_preempted:-1 - timing_s/agent_loop/slowest/prompt_length:158 - timing_s/agent_loop/slowest/response_length:512 - timing_s/gen:2.5457942308858037 - timing_s/reward:1.5079975128173828e-05 - timing_s/old_log_prob:0.8165163742378354 - timing_s/ref:2.3289993070065975 - timing_s/adv:0.0034418366849422455 - timing_s/update_actor:2.75797460693866 - timing_s/update_weights:0.8728699116036296 - timing_s/step:9.37485685851425 - timing_s/stop_profile:7.821992039680481e-05 - timing_per_token_ms/ref:0.044097307715736014 - timing_per_token_ms/gen:0.06671543360375806 - timing_per_token_ms/update_actor:0.05221953246120724 - timing_per_token_ms/adv:6.516778727524842e-05 - perf/total_num_tokens:52815 - perf/time_per_step:9.37485685851425 - perf/throughput:5633.686017513259
[36m(WorkerDict pid=776530)[0m INFO:2026-07-25 14:20:15,790:update_weights done, time cost: 0.47s
[36m(TaskRunner pid=776037)[0m Training Progress:  79%|███████▉  | 158/200 [25:20<06:18,  9.02s/it]
[36m(WorkerDict pid=776530)[0m INFO:2026-07-25 14:20:24,773:update_weights done, time cost: 0.46s
[36m(TaskRunner pid=776037)[0m Training Progress:  80%|███████▉  | 159/200 [25:29<06:09,  9.01s/it]
[36m(TaskRunner pid=776037)[0m step:157 - global_seqlen/min:44569 - global_seqlen/max:44569 - global_seqlen/minmax_diff:0 - global_seqlen/balanced_min:44569 - global_seqlen/balanced_max:44569 - global_seqlen/mean:44569.0 - actor/entropy:0.08967839181423187 - perf/mfu/actor_infer:0.24256456336494472 - actor/pg_clipfrac:1.800633799575735e-05 - actor/ppo_kl:-0.00011767220894398633 - actor/pg_clipfrac_lower:0.0 - actor/pg_loss:0.017135027883341536 - actor/kl_loss:0.027502721059136093 - actor/kl_coef:0.001 - actor/loss:0.01716253161430359 - actor/grad_norm:0.2886704057455063 - actor/perf/max_memory_allocated_gb:29.571680545806885 - actor/perf/max_memory_reserved_gb:41.203125 - actor/perf/cpu_memory_used_gb:24.78046226501465 - actor/lr:1e-06 - perf/mfu/actor:0.20005521649663907 - training/global_step:157 - training/epoch:1 - critic/score/mean:0.828125 - critic/score/max:1.0 - critic/score/min:0.0 - critic/rewards/mean:0.828125 - critic/rewards/max:1.0 - critic/rewards/min:0.0 - critic/advantages/mean:-0.01757538691163063 - critic/advantages/max:1.6201815605163574 - critic/advantages/min:-0.5400605201721191 - critic/returns/mean:-0.01757538691163063 - critic/returns/max:1.6201815605163574 - critic/returns/min:-0.5400605201721191 - response_length/mean:253.5078125 - response_length/max:512.0 - response_length/min:142.0 - response_length/clip_ratio:0.0390625 - response_length_non_aborted/mean:253.5078125 - response_length_non_aborted/max:512.0 - response_length_non_aborted/min:142.0 - response_length_non_aborted/clip_ratio:0.0390625 - response/aborted_ratio:0.0 - prompt_length/mean:94.6875 - prompt_length/max:142.0 - prompt_length/min:75.0 - prompt_length/clip_ratio:0.0 - num_turns/min:2 - num_turns/max:2 - num_turns/mean:2.0 - timing_s/start_profile:7.442012429237366e-05 - timing_s/agent_loop/num_preempted/min:-1 - timing_s/agent_loop/num_preempted/max:-1 - timing_s/agent_loop/num_preempted/mean:-1.0 - timing_s/agent_loop/generate_sequences/min:0.6907298797741532 - timing_s/agent_loop/generate_sequences/max:1.9017351139336824 - timing_s/agent_loop/generate_sequences/mean:1.154835926456144 - timing_s/agent_loop/tool_calls/min:0.0 - timing_s/agent_loop/tool_calls/max:0.0 - timing_s/agent_loop/tool_calls/mean:0.0 - timing_s/agent_loop/compute_score/min:0.003941413946449757 - timing_s/agent_loop/compute_score/max:0.017476342618465424 - timing_s/agent_loop/compute_score/mean:0.005663248717610259 - timing_s/agent_loop/slowest/generate_sequences:1.9017351139336824 - timing_s/agent_loop/slowest/tool_calls:0.0 - timing_s/agent_loop/slowest/compute_score:0.0067766644060611725 - timing_s/agent_loop/slowest/num_preempted:-1 - timing_s/agent_loop/slowest/prompt_length:97 - timing_s/agent_loop/slowest/response_length:512 - timing_s/gen:2.4655776899307966 - timing_s/reward:2.076011151075363e-05 - timing_s/old_log_prob:0.7551625780761242 - timing_s/ref:2.3206101451069117 - timing_s/adv:0.003540915437042713 - timing_s/update_actor:2.5568899158388376 - timing_s/update_weights:0.8656060202047229 - timing_s/step:9.017348980531096 - timing_s/stop_profile:8.631870150566101e-05 - timing_per_token_ms/ref:0.052067808232334395 - timing_per_token_ms/gen:0.07598316403990252 - timing_per_token_ms/update_actor:0.05736924579503327 - timing_per_token_ms/adv:7.944794446908644e-05 - perf/total_num_tokens:44569 - perf/time_per_step:9.017348980531096 - perf/throughput:4942.583468403705
[36m(TaskRunner pid=776037)[0m step:158 - global_seqlen/min:46063 - global_seqlen/max:46063 - global_seqlen/minmax_diff:0 - global_seqlen/balanced_min:46063 - global_seqlen/balanced_max:46063 - global_seqlen/mean:46063.0 - actor/entropy:0.07931609451770782 - perf/mfu/actor_infer:0.24982535552559834 - actor/pg_clipfrac:0.0004695432162407087 - actor/ppo_kl:4.63876995127066e-06 - actor/pg_clipfrac_lower:0.0 - actor/pg_loss:0.0016862891789060086 - actor/kl_loss:0.03179120272397995 - actor/kl_coef:0.001 - actor/loss:0.0017180778086185455 - actor/grad_norm:0.6689348518848419 - actor/perf/max_memory_allocated_gb:29.571680545806885 - actor/perf/max_memory_reserved_gb:41.203125 - actor/perf/cpu_memory_used_gb:24.780818939208984 - actor/lr:1e-06 - perf/mfu/actor:0.21041105137627855 - training/global_step:158 - training/epoch:1 - critic/score/mean:0.8359375 - critic/score/max:1.0 - critic/score/min:0.0 - critic/rewards/mean:0.8359375 - critic/rewards/max:1.0 - critic/rewards/min:0.0 - critic/advantages/mean:-0.001763177220709622 - critic/advantages/max:2.4748666286468506 - critic/advantages/min:-2.4748666286468506 - critic/returns/mean:-0.001763177220709622 - critic/returns/max:2.4748666286468506 - critic/returns/min:-2.4748666286468506 - response_length/mean:260.4296875 - response_length/max:387.0 - response_length/min:163.0 - response_length/clip_ratio:0.0 - response_length_non_aborted/mean:260.4296875 - response_length_non_aborted/max:387.0 - response_length_non_aborted/min:163.0 - response_length_non_aborted/clip_ratio:0.0 - response/aborted_ratio:0.0 - prompt_length/mean:99.4375 - prompt_length/max:126.0 - prompt_length/min:73.0 - prompt_length/clip_ratio:0.0 - num_turns/min:2 - num_turns/max:2 - num_turns/mean:2.0 - timing_s/start_profile:7.355865091085434e-05 - timing_s/agent_loop/num_preempted/min:-1 - timing_s/agent_loop/num_preempted/max:-1 - timing_s/agent_loop/num_preempted/mean:-1.0 - timing_s/agent_loop/generate_sequences/min:0.8014565110206604 - timing_s/agent_loop/generate_sequences/max:1.597403945401311 - timing_s/agent_loop/generate_sequences/mean:1.2110584266047226 - timing_s/agent_loop/tool_calls/min:0.0 - timing_s/agent_loop/tool_calls/max:0.0 - timing_s/agent_loop/tool_calls/mean:0.0 - timing_s/agent_loop/compute_score/min:0.003975492902100086 - timing_s/agent_loop/compute_score/max:0.014507882297039032 - timing_s/agent_loop/compute_score/mean:0.0057489792598062195 - timing_s/agent_loop/slowest/generate_sequences:1.597403945401311 - timing_s/agent_loop/slowest/tool_calls:0.0 - timing_s/agent_loop/slowest/compute_score:0.004576829262077808 - timing_s/agent_loop/slowest/num_preempted:-1 - timing_s/agent_loop/slowest/prompt_length:91 - timing_s/agent_loop/slowest/response_length:387 - timing_s/gen:2.272166296839714 - timing_s/reward:1.9869767129421234e-05 - timing_s/old_log_prob:0.7545770090073347 - timing_s/ref:2.3192056734114885 - timing_s/adv:0.0034193675965070724 - timing_s/update_actor:2.501298342831433 - timing_s/update_weights:0.8655244950205088 - timing_s/step:8.765494361519814 - timing_s/stop_profile:8.030980825424194e-05 - timing_per_token_ms/ref:0.05034855900422223 - timing_per_token_ms/gen:0.06816158082615012 - timing_per_token_ms/update_actor:0.0543016812372497 - timing_per_token_ms/adv:7.423241205538225e-05 - perf/total_num_tokens:46063 - perf/time_per_step:8.765494361519814 - perf/throughput:5255.037320224039
[36m(WorkerDict pid=776530)[0m INFO:2026-07-25 14:20:33,381:update_weights done, time cost: 0.46s
[36m(TaskRunner pid=776037)[0m Training Progress:  80%|████████  | 160/200 [25:37<05:55,  8.89s/it]
[36m(WorkerDict pid=776530)[0m INFO:2026-07-25 14:20:42,599:update_weights done, time cost: 0.48s
[36m(TaskRunner pid=776037)[0m Training Progress:  80%|████████  | 161/200 [25:47<05:50,  8.99s/it]
[36m(TaskRunner pid=776037)[0m step:159 - global_seqlen/min:48470 - global_seqlen/max:48470 - global_seqlen/minmax_diff:0 - global_seqlen/balanced_min:48470 - global_seqlen/balanced_max:48470 - global_seqlen/mean:48470.0 - actor/entropy:0.07496656477451324 - perf/mfu/actor_infer:0.25240997859915826 - actor/pg_clipfrac:0.000363086728611961 - actor/ppo_kl:9.31486528656933e-05 - actor/pg_clipfrac_lower:0.0 - actor/pg_loss:-0.0011553234653547406 - actor/kl_loss:0.03065823670476675 - actor/kl_coef:0.001 - actor/loss:-0.0011246642097830772 - actor/grad_norm:0.5267145335674286 - actor/perf/max_memory_allocated_gb:29.571680545806885 - actor/perf/max_memory_reserved_gb:41.203125 - actor/perf/cpu_memory_used_gb:24.75432014465332 - actor/lr:1e-06 - perf/mfu/actor:0.21411085385614706 - training/global_step:159 - training/epoch:1 - critic/score/mean:0.9375 - critic/score/max:1.0 - critic/score/min:0.0 - critic/rewards/mean:0.9375 - critic/rewards/max:1.0 - critic/rewards/min:0.0 - critic/advantages/mean:0.0011261031031608582 - critic/advantages/max:1.20761239528656 - critic/advantages/min:-2.4748666286468506 - critic/returns/mean:0.0011261031031608582 - critic/returns/max:1.20761239528656 - critic/returns/min:-2.4748666286468506 - response_length/mean:272.609375 - response_length/max:468.0 - response_length/min:165.0 - response_length/clip_ratio:0.0 - response_length_non_aborted/mean:272.609375 - response_length_non_aborted/max:468.0 - response_length_non_aborted/min:165.0 - response_length_non_aborted/clip_ratio:0.0 - response/aborted_ratio:0.0 - prompt_length/mean:106.0625 - prompt_length/max:143.0 - prompt_length/min:84.0 - prompt_length/clip_ratio:0.0 - num_turns/min:2 - num_turns/max:2 - num_turns/mean:2.0 - timing_s/start_profile:7.417891174554825e-05 - timing_s/agent_loop/num_preempted/min:-1 - timing_s/agent_loop/num_preempted/max:-1 - timing_s/agent_loop/num_preempted/mean:-1.0 - timing_s/agent_loop/generate_sequences/min:0.8341842545196414 - timing_s/agent_loop/generate_sequences/max:1.8150470880791545 - timing_s/agent_loop/generate_sequences/mean:1.262139652579208 - timing_s/agent_loop/tool_calls/min:0.0 - timing_s/agent_loop/tool_calls/max:0.0 - timing_s/agent_loop/tool_calls/mean:0.0 - timing_s/agent_loop/compute_score/min:0.003367397002875805 - timing_s/agent_loop/compute_score/max:0.020052543841302395 - timing_s/agent_loop/compute_score/mean:0.005705328214389738 - timing_s/agent_loop/slowest/generate_sequences:1.8150470880791545 - timing_s/agent_loop/slowest/tool_calls:0.0 - timing_s/agent_loop/slowest/compute_score:0.005542071536183357 - timing_s/agent_loop/slowest/num_preempted:-1 - timing_s/agent_loop/slowest/prompt_length:122 - timing_s/agent_loop/slowest/response_length:468 - timing_s/gen:2.3734065014868975 - timing_s/reward:1.5459954738616943e-05 - timing_s/old_log_prob:0.7835916988551617 - timing_s/ref:2.3252023831009865 - timing_s/adv:0.0034552253782749176 - timing_s/update_actor:2.5862879436463118 - timing_s/update_weights:0.8551972582936287 - timing_s/step:8.976785454899073 - timing_s/stop_profile:8.144881576299667e-05 - timing_per_token_ms/ref:0.047971990573571 - timing_per_token_ms/gen:0.06801761052005782 - timing_per_token_ms/update_actor:0.05335852988748322 - timing_per_token_ms/adv:7.128585471992815e-05 - perf/total_num_tokens:48470 - perf/time_per_step:8.976785454899073 - perf/throughput:5399.482948937756
[36m(TaskRunner pid=776037)[0m step:160 - global_seqlen/min:44254 - global_seqlen/max:44254 - global_seqlen/minmax_diff:0 - global_seqlen/balanced_min:44254 - global_seqlen/balanced_max:44254 - global_seqlen/mean:44254.0 - actor/entropy:0.06964942067861557 - perf/mfu/actor_infer:0.2418512533631989 - actor/pg_clipfrac:0.00034749647238641046 - actor/ppo_kl:-5.967206470813835e-05 - actor/pg_clipfrac_lower:0.0 - actor/pg_loss:0.01436352008022368 - actor/kl_loss:0.030119078466668725 - actor/kl_coef:0.001 - actor/loss:0.014393637888133526 - actor/grad_norm:0.4651089161634445 - actor/perf/max_memory_allocated_gb:29.571680545806885 - actor/perf/max_memory_reserved_gb:41.203125 - actor/perf/cpu_memory_used_gb:24.757665634155273 - actor/lr:1e-06 - perf/mfu/actor:0.20351886946588266 - training/global_step:160 - training/epoch:1 - critic/score/mean:0.9375 - critic/score/max:1.0 - critic/score/min:0.0 - critic/rewards/mean:0.9375 - critic/rewards/max:1.0 - critic/rewards/min:0.0 - critic/advantages/mean:-0.014333450235426426 - critic/advantages/max:1.20761239528656 - critic/advantages/min:-2.4748666286468506 - critic/returns/mean:-0.014333450235426426 - critic/returns/max:1.20761239528656 - critic/returns/min:-2.4748666286468506 - response_length/mean:251.421875 - response_length/max:389.0 - response_length/min:154.0 - response_length/clip_ratio:0.0 - response_length_non_aborted/mean:251.421875 - response_length_non_aborted/max:389.0 - response_length_non_aborted/min:154.0 - response_length_non_aborted/clip_ratio:0.0 - response/aborted_ratio:0.0 - prompt_length/mean:94.3125 - prompt_length/max:113.0 - prompt_length/min:72.0 - prompt_length/clip_ratio:0.0 - num_turns/min:2 - num_turns/max:2 - num_turns/mean:2.0 - timing_s/start_profile:8.425861597061157e-05 - timing_s/agent_loop/num_preempted/min:-1 - timing_s/agent_loop/num_preempted/max:-1 - timing_s/agent_loop/num_preempted/mean:-1.0 - timing_s/agent_loop/generate_sequences/min:0.7544810427352786 - timing_s/agent_loop/generate_sequences/max:1.5756887765601277 - timing_s/agent_loop/generate_sequences/mean:1.155806175309408 - timing_s/agent_loop/tool_calls/min:0.0 - timing_s/agent_loop/tool_calls/max:0.0 - timing_s/agent_loop/tool_calls/mean:0.0 - timing_s/agent_loop/compute_score/min:0.00392015278339386 - timing_s/agent_loop/compute_score/max:0.012731973081827164 - timing_s/agent_loop/compute_score/mean:0.005278328331769444 - timing_s/agent_loop/slowest/generate_sequences:1.5756887765601277 - timing_s/agent_loop/slowest/tool_calls:0.0 - timing_s/agent_loop/slowest/compute_score:0.00392015278339386 - timing_s/agent_loop/slowest/num_preempted:-1 - timing_s/agent_loop/slowest/prompt_length:93 - timing_s/agent_loop/slowest/response_length:389 - timing_s/gen:2.1490687541663647 - timing_s/reward:1.5949830412864685e-05 - timing_s/old_log_prob:0.7454309482127428 - timing_s/ref:2.3125580828636885 - timing_s/adv:0.0034262463450431824 - timing_s/update_actor:2.486091436818242 - timing_s/update_weights:0.8582285428419709 - timing_s/step:8.604486060328782 - timing_s/stop_profile:3.4010037779808044e-05 - timing_per_token_ms/ref:0.05225647586350812 - timing_per_token_ms/gen:0.06677859530689095 - timing_per_token_ms/update_actor:0.05617777911190496 - timing_per_token_ms/adv:7.742229730743395e-05 - perf/total_num_tokens:44254 - perf/time_per_step:8.604486060328782 - perf/throughput:5143.131116689732
[36m(WorkerDict pid=776530)[0m INFO:2026-07-25 14:20:51,745:update_weights done, time cost: 0.47s
[36m(TaskRunner pid=776037)[0m Training Progress:  81%|████████  | 162/200 [25:56<05:43,  9.03s/it]
[36m(WorkerDict pid=776530)[0m INFO:2026-07-25 14:21:01,434:update_weights done, time cost: 0.49s
[36m(TaskRunner pid=776037)[0m Training Progress:  82%|████████▏ | 163/200 [26:05<05:42,  9.25s/it]
[36m(TaskRunner pid=776037)[0m step:161 - global_seqlen/min:49863 - global_seqlen/max:49863 - global_seqlen/minmax_diff:0 - global_seqlen/balanced_min:49863 - global_seqlen/balanced_max:49863 - global_seqlen/mean:49863.0 - actor/entropy:0.07861120253801346 - perf/mfu/actor_infer:0.2513818482390363 - actor/pg_clipfrac:0.00038716938433935866 - actor/ppo_kl:6.353088306809695e-05 - actor/pg_clipfrac_lower:0.0 - actor/pg_loss:0.0044081225350964814 - actor/kl_loss:0.03347923525143415 - actor/kl_coef:0.001 - actor/loss:0.0044416021555662155 - actor/grad_norm:0.6184007376432419 - actor/perf/max_memory_allocated_gb:29.571680545806885 - actor/perf/max_memory_reserved_gb:41.203125 - actor/perf/cpu_memory_used_gb:24.77419662475586 - actor/lr:1e-06 - perf/mfu/actor:0.21514410480953305 - training/global_step:161 - training/epoch:1 - critic/score/mean:0.890625 - critic/score/max:1.0 - critic/score/min:0.0 - critic/rewards/mean:0.890625 - critic/rewards/max:1.0 - critic/rewards/min:0.0 - critic/advantages/mean:-0.004429810214787722 - critic/advantages/max:1.20761239528656 - critic/advantages/min:-2.4748666286468506 - critic/returns/mean:-0.004429810214787722 - critic/returns/max:1.20761239528656 - critic/returns/min:-2.4748666286468506 - response_length/mean:280.9296875 - response_length/max:512.0 - response_length/min:134.0 - response_length/clip_ratio:0.015625 - response_length_non_aborted/mean:280.9296875 - response_length_non_aborted/max:512.0 - response_length_non_aborted/min:134.0 - response_length_non_aborted/clip_ratio:0.015625 - response/aborted_ratio:0.0 - prompt_length/mean:108.625 - prompt_length/max:168.0 - prompt_length/min:74.0 - prompt_length/clip_ratio:0.0 - num_turns/min:2 - num_turns/max:2 - num_turns/mean:2.0 - timing_s/start_profile:7.755868136882782e-05 - timing_s/agent_loop/num_preempted/min:-1 - timing_s/agent_loop/num_preempted/max:-1 - timing_s/agent_loop/num_preempted/mean:-1.0 - timing_s/agent_loop/generate_sequences/min:0.6427525412291288 - timing_s/agent_loop/generate_sequences/max:1.9346375428140163 - timing_s/agent_loop/generate_sequences/mean:1.2752441170523525 - timing_s/agent_loop/tool_calls/min:0.0 - timing_s/agent_loop/tool_calls/max:0.0 - timing_s/agent_loop/tool_calls/mean:0.0 - timing_s/agent_loop/compute_score/min:0.0033925874158740044 - timing_s/agent_loop/compute_score/max:0.008905819617211819 - timing_s/agent_loop/compute_score/mean:0.005277826523524709 - timing_s/agent_loop/slowest/generate_sequences:1.9346375428140163 - timing_s/agent_loop/slowest/tool_calls:0.0 - timing_s/agent_loop/slowest/compute_score:0.0050801848992705345 - timing_s/agent_loop/slowest/num_preempted:-1 - timing_s/agent_loop/slowest/prompt_length:126 - timing_s/agent_loop/slowest/response_length:512 - timing_s/gen:2.4958331994712353 - timing_s/reward:1.568906009197235e-05 - timing_s/old_log_prob:0.8061009887605906 - timing_s/ref:2.3362820707261562 - timing_s/adv:0.00463503785431385 - timing_s/update_actor:2.6424351213499904 - timing_s/update_weights:0.8921022806316614 - timing_s/step:9.2277225041762 - timing_s/stop_profile:8.105859160423279e-05 - timing_per_token_ms/ref:0.04685402143325023 - timing_per_token_ms/gen:0.0694077476979681 - timing_per_token_ms/update_actor:0.05299390572869644 - timing_per_token_ms/adv:9.295545503306762e-05 - perf/total_num_tokens:49863 - perf/time_per_step:9.2277225041762 - perf/throughput:5403.608526094435
[36m(TaskRunner pid=776037)[0m step:162 - global_seqlen/min:48947 - global_seqlen/max:48947 - global_seqlen/minmax_diff:0 - global_seqlen/balanced_min:48947 - global_seqlen/balanced_max:48947 - global_seqlen/mean:48947.0 - actor/entropy:0.08804386854171753 - perf/mfu/actor_infer:0.24774214286383442 - actor/pg_clipfrac:0.0003265996347181499 - actor/ppo_kl:0.00010789807583932998 - actor/pg_clipfrac_lower:0.0 - actor/pg_loss:0.012878065783297643 - actor/kl_loss:0.03582376765552908 - actor/kl_coef:0.001 - actor/loss:0.01291388738900423 - actor/grad_norm:0.6638126969337463 - actor/perf/max_memory_allocated_gb:29.571680545806885 - actor/perf/max_memory_reserved_gb:41.203125 - actor/perf/cpu_memory_used_gb:24.788211822509766 - actor/lr:1e-06 - perf/mfu/actor:0.2132784543393279 - training/global_step:162 - training/epoch:1 - critic/score/mean:0.8046875 - critic/score/max:1.0 - critic/score/min:0.0 - critic/rewards/mean:0.8046875 - critic/rewards/max:1.0 - critic/rewards/min:0.0 - critic/advantages/mean:-0.012774527072906494 - critic/advantages/max:1.6201815605163574 - critic/advantages/min:-2.4748666286468506 - critic/returns/mean:-0.012774527072906494 - critic/returns/max:1.6201815605163574 - critic/returns/min:-2.4748666286468506 - response_length/mean:276.9609375 - response_length/max:493.0 - response_length/min:111.0 - response_length/clip_ratio:0.0 - response_length_non_aborted/mean:276.9609375 - response_length_non_aborted/max:493.0 - response_length_non_aborted/min:111.0 - response_length_non_aborted/clip_ratio:0.0 - response/aborted_ratio:0.0 - prompt_length/mean:105.4375 - prompt_length/max:134.0 - prompt_length/min:78.0 - prompt_length/clip_ratio:0.0 - num_turns/min:2 - num_turns/max:2 - num_turns/mean:2.0 - timing_s/start_profile:7.848907262086868e-05 - timing_s/agent_loop/num_preempted/min:-1 - timing_s/agent_loop/num_preempted/max:-1 - timing_s/agent_loop/num_preempted/mean:-1.0 - timing_s/agent_loop/generate_sequences/min:0.579592109657824 - timing_s/agent_loop/generate_sequences/max:1.901605138555169 - timing_s/agent_loop/generate_sequences/mean:1.2672815032638027 - timing_s/agent_loop/tool_calls/min:0.0 - timing_s/agent_loop/tool_calls/max:0.0 - timing_s/agent_loop/tool_calls/mean:0.0 - timing_s/agent_loop/compute_score/min:0.003955552354454994 - timing_s/agent_loop/compute_score/max:0.012668551877140999 - timing_s/agent_loop/compute_score/mean:0.0055525452553411014 - timing_s/agent_loop/slowest/generate_sequences:1.901605138555169 - timing_s/agent_loop/slowest/tool_calls:0.0 - timing_s/agent_loop/slowest/compute_score:0.004853406921029091 - timing_s/agent_loop/slowest/num_preempted:-1 - timing_s/agent_loop/slowest/prompt_length:121 - timing_s/agent_loop/slowest/response_length:493 - timing_s/gen:2.4699102733284235 - timing_s/reward:1.1010095477104187e-05 - timing_s/old_log_prob:0.8039180990308523 - timing_s/ref:2.3280621198937297 - timing_s/adv:0.002484443597495556 - timing_s/update_actor:2.615093920379877 - timing_s/update_weights:0.8649376528337598 - timing_s/step:9.125727443024516 - timing_s/stop_profile:8.305907249450684e-05 - timing_per_token_ms/ref:0.04756291743914295 - timing_per_token_ms/gen:0.0696711030246939 - timing_per_token_ms/update_actor:0.053427052125357574 - timing_per_token_ms/adv:5.0757831889504076e-05 - perf/total_num_tokens:48947 - perf/time_per_step:9.125727443024516 - perf/throughput:5363.627207320759
[36m(WorkerDict pid=776530)[0m INFO:2026-07-25 14:21:10,961:update_weights done, time cost: 0.50s
[36m(TaskRunner pid=776037)[0m Training Progress:  82%|████████▏ | 164/200 [26:15<05:35,  9.33s/it]
[36m(WorkerDict pid=776530)[0m INFO:2026-07-25 14:21:20,120:update_weights done, time cost: 0.48s
[36m(TaskRunner pid=776037)[0m Training Progress:  82%|████████▎ | 165/200 [26:24<05:24,  9.28s/it]
[36m(TaskRunner pid=776037)[0m step:163 - global_seqlen/min:47705 - global_seqlen/max:47705 - global_seqlen/minmax_diff:0 - global_seqlen/balanced_min:47705 - global_seqlen/balanced_max:47705 - global_seqlen/mean:47705.0 - actor/entropy:0.08370810002088547 - perf/mfu/actor_infer:0.24390238976607484 - actor/pg_clipfrac:0.0002837955762515776 - actor/ppo_kl:1.127704126702156e-05 - actor/pg_clipfrac_lower:0.0 - actor/pg_loss:0.03910098411142826 - actor/kl_loss:0.03269384242594242 - actor/kl_coef:0.001 - actor/loss:0.03913367784116417 - actor/grad_norm:0.685434490442276 - actor/perf/max_memory_allocated_gb:29.571680545806885 - actor/perf/max_memory_reserved_gb:41.203125 - actor/perf/cpu_memory_used_gb:24.761165618896484 - actor/lr:1e-06 - perf/mfu/actor:0.20200326813568725 - training/global_step:163 - training/epoch:1 - critic/score/mean:0.90625 - critic/score/max:1.0 - critic/score/min:0.0 - critic/rewards/mean:0.90625 - critic/rewards/max:1.0 - critic/rewards/min:0.0 - critic/advantages/mean:-0.03914939984679222 - critic/advantages/max:1.20761239528656 - critic/advantages/min:-2.4748666286468506 - critic/returns/mean:-0.03914939984679222 - critic/returns/max:1.20761239528656 - critic/returns/min:-2.4748666286468506 - response_length/mean:267.2578125 - response_length/max:512.0 - response_length/min:143.0 - response_length/clip_ratio:0.03125 - response_length_non_aborted/mean:267.2578125 - response_length_non_aborted/max:512.0 - response_length_non_aborted/min:143.0 - response_length_non_aborted/clip_ratio:0.03125 - response/aborted_ratio:0.0 - prompt_length/mean:105.4375 - prompt_length/max:162.0 - prompt_length/min:71.0 - prompt_length/clip_ratio:0.0 - num_turns/min:2 - num_turns/max:2 - num_turns/mean:2.0 - timing_s/start_profile:9.468849748373032e-05 - timing_s/agent_loop/num_preempted/min:-1 - timing_s/agent_loop/num_preempted/max:-1 - timing_s/agent_loop/num_preempted/mean:-1.0 - timing_s/agent_loop/generate_sequences/min:0.7013903986662626 - timing_s/agent_loop/generate_sequences/max:1.941298833116889 - timing_s/agent_loop/generate_sequences/mean:1.1959761380276177 - timing_s/agent_loop/tool_calls/min:0.0 - timing_s/agent_loop/tool_calls/max:0.0 - timing_s/agent_loop/tool_calls/mean:0.0 - timing_s/agent_loop/compute_score/min:0.0038828030228614807 - timing_s/agent_loop/compute_score/max:0.020348139107227325 - timing_s/agent_loop/compute_score/mean:0.006120134654338472 - timing_s/agent_loop/slowest/generate_sequences:1.941298833116889 - timing_s/agent_loop/slowest/tool_calls:0.0 - timing_s/agent_loop/slowest/compute_score:0.006940992549061775 - timing_s/agent_loop/slowest/num_preempted:-1 - timing_s/agent_loop/slowest/prompt_length:144 - timing_s/agent_loop/slowest/response_length:512 - timing_s/gen:2.511110662482679 - timing_s/reward:1.5249475836753845e-05 - timing_s/old_log_prob:1.1780005665495992 - timing_s/ref:2.354122349061072 - timing_s/adv:0.0025007231160998344 - timing_s/update_actor:2.6951529178768396 - timing_s/update_weights:0.9460731782019138 - timing_s/step:9.735626569017768 - timing_s/stop_profile:8.14199447631836e-05 - timing_per_token_ms/ref:0.04934749709802058 - timing_per_token_ms/gen:0.07340497127898152 - timing_per_token_ms/update_actor:0.056496235570209406 - timing_per_token_ms/adv:5.242056631589633e-05 - perf/total_num_tokens:47705 - perf/time_per_step:9.735626569017768 - perf/throughput:4900.044148346271
[36m(TaskRunner pid=776037)[0m step:164 - global_seqlen/min:49380 - global_seqlen/max:49380 - global_seqlen/minmax_diff:0 - global_seqlen/balanced_min:49380 - global_seqlen/balanced_max:49380 - global_seqlen/mean:49380.0 - actor/entropy:0.08866128325462341 - perf/mfu/actor_infer:0.23873134559671152 - actor/pg_clipfrac:0.00023714417329756543 - actor/ppo_kl:-0.00011327180800435599 - actor/pg_clipfrac_lower:0.0 - actor/pg_loss:0.011860968312248588 - actor/kl_loss:0.03144012112170458 - actor/kl_coef:0.001 - actor/loss:0.0118924081325531 - actor/grad_norm:0.5921378135681152 - actor/perf/max_memory_allocated_gb:29.571680545806885 - actor/perf/max_memory_reserved_gb:41.203125 - actor/perf/cpu_memory_used_gb:24.778499603271484 - actor/lr:1e-06 - perf/mfu/actor:0.2076689721576156 - training/global_step:164 - training/epoch:1 - critic/score/mean:0.8125 - critic/score/max:1.0 - critic/score/min:0.0 - critic/rewards/mean:0.8125 - critic/rewards/max:1.0 - critic/rewards/min:0.0 - critic/advantages/mean:-0.011933025903999805 - critic/advantages/max:1.6201815605163574 - critic/advantages/min:-2.4748666286468506 - critic/returns/mean:-0.011933025903999805 - critic/returns/max:1.6201815605163574 - critic/returns/min:-2.4748666286468506 - response_length/mean:276.96875 - response_length/max:512.0 - response_length/min:141.0 - response_length/clip_ratio:0.03125 - response_length_non_aborted/mean:276.96875 - response_length_non_aborted/max:512.0 - response_length_non_aborted/min:141.0 - response_length_non_aborted/clip_ratio:0.03125 - response/aborted_ratio:0.0 - prompt_length/mean:108.8125 - prompt_length/max:146.0 - prompt_length/min:75.0 - prompt_length/clip_ratio:0.0 - num_turns/min:2 - num_turns/max:2 - num_turns/mean:2.0 - timing_s/start_profile:9.816884994506836e-05 - timing_s/agent_loop/num_preempted/min:-1 - timing_s/agent_loop/num_preempted/max:-1 - timing_s/agent_loop/num_preempted/mean:-1.0 - timing_s/agent_loop/generate_sequences/min:0.7474060468375683 - timing_s/agent_loop/generate_sequences/max:1.9869803888723254 - timing_s/agent_loop/generate_sequences/mean:1.2638279718958074 - timing_s/agent_loop/tool_calls/min:0.0 - timing_s/agent_loop/tool_calls/max:0.0 - timing_s/agent_loop/tool_calls/mean:0.0 - timing_s/agent_loop/compute_score/min:0.004017031751573086 - timing_s/agent_loop/compute_score/max:0.01337562594562769 - timing_s/agent_loop/compute_score/mean:0.005503181404492352 - timing_s/agent_loop/slowest/generate_sequences:1.9869803888723254 - timing_s/agent_loop/slowest/tool_calls:0.0 - timing_s/agent_loop/slowest/compute_score:0.006027747876942158 - timing_s/agent_loop/slowest/num_preempted:-1 - timing_s/agent_loop/slowest/prompt_length:133 - timing_s/agent_loop/slowest/response_length:512 - timing_s/gen:2.5827492028474808 - timing_s/reward:1.5890225768089294e-05 - timing_s/old_log_prob:0.8399661974981427 - timing_s/ref:2.374670485034585 - timing_s/adv:0.0036765141412615776 - timing_s/update_actor:2.7224452635273337 - timing_s/update_weights:0.952179784886539 - timing_s/step:9.526572960428894 - timing_s/stop_profile:0.00011545978486537933 - timing_per_token_ms/ref:0.04808972225667446 - timing_per_token_ms/gen:0.07285200278820604 - timing_per_token_ms/update_actor:0.05513254887661672 - timing_per_token_ms/adv:7.445350630339363e-05 - perf/total_num_tokens:49380 - perf/time_per_step:9.526572960428894 - perf/throughput:5183.3959814418795
[36m(WorkerDict pid=776530)[0m INFO:2026-07-25 14:21:29,628:update_weights done, time cost: 0.50s
[36m(TaskRunner pid=776037)[0m Training Progress:  83%|████████▎ | 166/200 [26:34<05:17,  9.35s/it]
[36m(WorkerDict pid=776530)[0m INFO:2026-07-25 14:21:38,635:update_weights done, time cost: 0.50s
[36m(TaskRunner pid=776037)[0m Training Progress:  84%|████████▎ | 167/200 [26:43<05:05,  9.24s/it]
[36m(TaskRunner pid=776037)[0m step:165 - global_seqlen/min:45048 - global_seqlen/max:45048 - global_seqlen/minmax_diff:0 - global_seqlen/balanced_min:45048 - global_seqlen/balanced_max:45048 - global_seqlen/mean:45048.0 - actor/entropy:0.0620872862637043 - perf/mfu/actor_infer:0.23013159444702724 - actor/pg_clipfrac:0.0001644248823140515 - actor/ppo_kl:-9.342126622868818e-05 - actor/pg_clipfrac_lower:0.0 - actor/pg_loss:0.00039610383100807667 - actor/kl_loss:0.03587202541530132 - actor/kl_coef:0.001 - actor/loss:0.00043197348713874817 - actor/grad_norm:0.33908313140273094 - actor/perf/max_memory_allocated_gb:29.571680545806885 - actor/perf/max_memory_reserved_gb:41.203125 - actor/perf/cpu_memory_used_gb:24.780040740966797 - actor/lr:1e-06 - perf/mfu/actor:0.1946320141080895 - training/global_step:165 - training/epoch:1 - critic/score/mean:0.984375 - critic/score/max:1.0 - critic/score/min:0.0 - critic/rewards/mean:0.984375 - critic/rewards/max:1.0 - critic/rewards/min:0.0 - critic/advantages/mean:7.604870188515633e-05 - critic/advantages/max:0.35355237126350403 - critic/advantages/min:-2.4748666286468506 - critic/returns/mean:7.604870188515633e-05 - critic/returns/max:0.35355237126350403 - critic/returns/min:-2.4748666286468506 - response_length/mean:254.25 - response_length/max:481.0 - response_length/min:136.0 - response_length/clip_ratio:0.0 - response_length_non_aborted/mean:254.25 - response_length_non_aborted/max:481.0 - response_length_non_aborted/min:136.0 - response_length_non_aborted/clip_ratio:0.0 - response/aborted_ratio:0.0 - prompt_length/mean:97.6875 - prompt_length/max:124.0 - prompt_length/min:70.0 - prompt_length/clip_ratio:0.0 - num_turns/min:2 - num_turns/max:2 - num_turns/mean:2.0 - timing_s/start_profile:0.0001044292002916336 - timing_s/agent_loop/num_preempted/min:-1 - timing_s/agent_loop/num_preempted/max:-1 - timing_s/agent_loop/num_preempted/mean:-1.0 - timing_s/agent_loop/generate_sequences/min:0.6770113008096814 - timing_s/agent_loop/generate_sequences/max:1.7939050374552608 - timing_s/agent_loop/generate_sequences/mean:1.1628310900268843 - timing_s/agent_loop/tool_calls/min:0.0 - timing_s/agent_loop/tool_calls/max:0.0 - timing_s/agent_loop/tool_calls/mean:0.0 - timing_s/agent_loop/compute_score/min:0.0037753432989120483 - timing_s/agent_loop/compute_score/max:0.013498235493898392 - timing_s/agent_loop/compute_score/mean:0.005527997876924928 - timing_s/agent_loop/slowest/generate_sequences:1.7939050374552608 - timing_s/agent_loop/slowest/tool_calls:0.0 - timing_s/agent_loop/slowest/compute_score:0.005188063718378544 - timing_s/agent_loop/slowest/num_preempted:-1 - timing_s/agent_loop/slowest/prompt_length:124 - timing_s/agent_loop/slowest/response_length:481 - timing_s/gen:2.3682094579562545 - timing_s/reward:1.5449710190296173e-05 - timing_s/old_log_prob:0.7935587912797928 - timing_s/ref:2.3540414348244667 - timing_s/adv:0.00250308308750391 - timing_s/update_actor:2.645245449617505 - timing_s/update_weights:0.9378985986113548 - timing_s/step:9.151655312627554 - timing_s/stop_profile:8.132960647344589e-05 - timing_per_token_ms/ref:0.05225629184035843 - timing_per_token_ms/gen:0.07276946466188097 - timing_per_token_ms/update_actor:0.058720596910351294 - timing_per_token_ms/adv:5.5564799491740144e-05 - perf/total_num_tokens:45048 - perf/time_per_step:9.151655312627554 - perf/throughput:4922.38818674063
[36m(TaskRunner pid=776037)[0m step:166 - global_seqlen/min:49247 - global_seqlen/max:49247 - global_seqlen/minmax_diff:0 - global_seqlen/balanced_min:49247 - global_seqlen/balanced_max:49247 - global_seqlen/mean:49247.0 - actor/entropy:0.07924659550189972 - perf/mfu/actor_infer:0.23831765516796144 - actor/pg_clipfrac:0.0002921241230069427 - actor/ppo_kl:3.979190796599141e-05 - actor/pg_clipfrac_lower:0.0 - actor/pg_loss:0.011956562288105488 - actor/kl_loss:0.03482847171835601 - actor/kl_coef:0.001 - actor/loss:0.011991386767476797 - actor/grad_norm:0.5496422201395035 - actor/perf/max_memory_allocated_gb:29.571680545806885 - actor/perf/max_memory_reserved_gb:41.203125 - actor/perf/cpu_memory_used_gb:24.79159927368164 - actor/lr:1e-06 - perf/mfu/actor:0.20503055602615158 - training/global_step:166 - training/epoch:1 - critic/score/mean:0.6640625 - critic/score/max:1.0 - critic/score/min:0.0 - critic/rewards/mean:0.6640625 - critic/rewards/max:1.0 - critic/rewards/min:0.0 - critic/advantages/mean:-0.011886710301041603 - critic/advantages/max:1.20761239528656 - critic/advantages/min:-2.4748666286468506 - critic/returns/mean:-0.011886710301041603 - critic/returns/max:1.20761239528656 - critic/returns/min:-2.4748666286468506 - response_length/mean:283.4921875 - response_length/max:512.0 - response_length/min:131.0 - response_length/clip_ratio:0.015625 - response_length_non_aborted/mean:283.4921875 - response_length_non_aborted/max:512.0 - response_length_non_aborted/min:131.0 - response_length_non_aborted/clip_ratio:0.015625 - response/aborted_ratio:0.0 - prompt_length/mean:101.25 - prompt_length/max:149.0 - prompt_length/min:79.0 - prompt_length/clip_ratio:0.0 - num_turns/min:2 - num_turns/max:2 - num_turns/mean:2.0 - timing_s/start_profile:0.0001124190166592598 - timing_s/agent_loop/num_preempted/min:-1 - timing_s/agent_loop/num_preempted/max:-1 - timing_s/agent_loop/num_preempted/mean:-1.0 - timing_s/agent_loop/generate_sequences/min:0.6287666456773877 - timing_s/agent_loop/generate_sequences/max:1.958202501758933 - timing_s/agent_loop/generate_sequences/mean:1.2770986536925193 - timing_s/agent_loop/tool_calls/min:0.0 - timing_s/agent_loop/tool_calls/max:0.0 - timing_s/agent_loop/tool_calls/mean:0.0 - timing_s/agent_loop/compute_score/min:0.004129800945520401 - timing_s/agent_loop/compute_score/max:0.01909466553479433 - timing_s/agent_loop/compute_score/mean:0.005782036707387306 - timing_s/agent_loop/slowest/generate_sequences:1.958202501758933 - timing_s/agent_loop/slowest/tool_calls:0.0 - timing_s/agent_loop/slowest/compute_score:0.007085039280354977 - timing_s/agent_loop/slowest/num_preempted:-1 - timing_s/agent_loop/slowest/prompt_length:149 - timing_s/agent_loop/slowest/response_length:512 - timing_s/gen:2.5345806255936623 - timing_s/reward:1.672934740781784e-05 - timing_s/old_log_prob:0.8356152903288603 - timing_s/ref:2.3721333518624306 - timing_s/adv:0.0034289760515093803 - timing_s/update_actor:2.7504495065659285 - timing_s/update_weights:0.9475693916901946 - timing_s/step:9.493750778958201 - timing_s/stop_profile:7.764901965856552e-05 - timing_per_token_ms/ref:0.04816807829639228 - timing_per_token_ms/gen:0.06984817222679368 - timing_per_token_ms/update_actor:0.05585009252474117 - timing_per_token_ms/adv:6.962812052529861e-05 - perf/total_num_tokens:49247 - perf/time_per_step:9.493750778958201 - perf/throughput:5187.307013488312
[36m(WorkerDict pid=776530)[0m INFO:2026-07-25 14:21:48,240:update_weights done, time cost: 0.49s
[36m(TaskRunner pid=776037)[0m Training Progress:  84%|████████▍ | 168/200 [26:52<04:59,  9.35s/it]
[36m(WorkerDict pid=776530)[0m INFO:2026-07-25 14:21:57,935:update_weights done, time cost: 0.50s
[36m(TaskRunner pid=776037)[0m Training Progress:  84%|████████▍ | 169/200 [27:02<04:53,  9.45s/it]
[36m(TaskRunner pid=776037)[0m step:167 - global_seqlen/min:44437 - global_seqlen/max:44437 - global_seqlen/minmax_diff:0 - global_seqlen/balanced_min:44437 - global_seqlen/balanced_max:44437 - global_seqlen/mean:44437.0 - actor/entropy:0.08399879932403564 - perf/mfu/actor_infer:0.22712650734891038 - actor/pg_clipfrac:0.00019128598978568334 - actor/ppo_kl:2.0286189510443364e-05 - actor/pg_clipfrac_lower:0.0 - actor/pg_loss:0.010118448408320546 - actor/kl_loss:0.039241254213266075 - actor/kl_coef:0.001 - actor/loss:0.010157689452171326 - actor/grad_norm:0.637701690196991 - actor/perf/max_memory_allocated_gb:29.571680545806885 - actor/perf/max_memory_reserved_gb:41.203125 - actor/perf/cpu_memory_used_gb:24.795001983642578 - actor/lr:1e-06 - perf/mfu/actor:0.19199149821283898 - training/global_step:167 - training/epoch:1 - critic/score/mean:0.9609375 - critic/score/max:1.0 - critic/score/min:0.0 - critic/rewards/mean:0.9609375 - critic/rewards/max:1.0 - critic/rewards/min:0.0 - critic/advantages/mean:-0.009999583475291729 - critic/advantages/max:0.5400605201721191 - critic/advantages/min:-2.4748666286468506 - critic/returns/mean:-0.009999583475291729 - critic/returns/max:0.5400605201721191 - critic/returns/min:-2.4748666286468506 - response_length/mean:249.0390625 - response_length/max:424.0 - response_length/min:140.0 - response_length/clip_ratio:0.0 - response_length_non_aborted/mean:249.0390625 - response_length_non_aborted/max:424.0 - response_length_non_aborted/min:140.0 - response_length_non_aborted/clip_ratio:0.0 - response/aborted_ratio:0.0 - prompt_length/mean:98.125 - prompt_length/max:125.0 - prompt_length/min:78.0 - prompt_length/clip_ratio:0.0 - num_turns/min:2 - num_turns/max:2 - num_turns/mean:2.0 - timing_s/start_profile:8.069910109043121e-05 - timing_s/agent_loop/num_preempted/min:-1 - timing_s/agent_loop/num_preempted/max:-1 - timing_s/agent_loop/num_preempted/mean:-1.0 - timing_s/agent_loop/generate_sequences/min:0.6983217541128397 - timing_s/agent_loop/generate_sequences/max:1.653063309378922 - timing_s/agent_loop/generate_sequences/mean:1.1450441027991474 - timing_s/agent_loop/tool_calls/min:0.0 - timing_s/agent_loop/tool_calls/max:0.0 - timing_s/agent_loop/tool_calls/mean:0.0 - timing_s/agent_loop/compute_score/min:0.004002491943538189 - timing_s/agent_loop/compute_score/max:0.016954959370195866 - timing_s/agent_loop/compute_score/mean:0.005733396996220108 - timing_s/agent_loop/slowest/generate_sequences:1.653063309378922 - timing_s/agent_loop/slowest/tool_calls:0.0 - timing_s/agent_loop/slowest/compute_score:0.005721838213503361 - timing_s/agent_loop/slowest/num_preempted:-1 - timing_s/agent_loop/slowest/prompt_length:125 - timing_s/agent_loop/slowest/response_length:424 - timing_s/gen:2.1996437422931194 - timing_s/reward:1.4860183000564575e-05 - timing_s/old_log_prob:0.7964028790593147 - timing_s/ref:2.3524470822885633 - timing_s/adv:0.0034165550023317337 - timing_s/update_actor:2.650016981177032 - timing_s/update_weights:0.9516183473169804 - timing_s/step:9.002554828301072 - timing_s/stop_profile:8.543021976947784e-05 - timing_per_token_ms/ref:0.052938926621701805 - timing_per_token_ms/gen:0.06900410146165321 - timing_per_token_ms/update_actor:0.05963537100112591 - timing_per_token_ms/adv:7.68853658512441e-05 - perf/total_num_tokens:44437 - perf/time_per_step:9.002554828301072 - perf/throughput:4936.043250778622
[36m(TaskRunner pid=776037)[0m step:168 - global_seqlen/min:46372 - global_seqlen/max:46372 - global_seqlen/minmax_diff:0 - global_seqlen/balanced_min:46372 - global_seqlen/balanced_max:46372 - global_seqlen/mean:46372.0 - actor/entropy:0.0701305940747261 - perf/mfu/actor_infer:0.23466890216674283 - actor/pg_clipfrac:0.000538919608516153 - actor/ppo_kl:-8.299461455862911e-07 - actor/pg_clipfrac_lower:0.0 - actor/pg_loss:0.010240294854156673 - actor/kl_loss:0.03825366811361164 - actor/kl_coef:0.001 - actor/loss:0.010278552770614624 - actor/grad_norm:0.6346456110477448 - actor/perf/max_memory_allocated_gb:29.571680545806885 - actor/perf/max_memory_reserved_gb:41.203125 - actor/perf/cpu_memory_used_gb:24.7900447845459 - actor/lr:1e-06 - perf/mfu/actor:0.19827333943704728 - training/global_step:168 - training/epoch:1 - critic/score/mean:0.9375 - critic/score/max:1.0 - critic/score/min:0.0 - critic/rewards/mean:0.9375 - critic/rewards/max:1.0 - critic/rewards/min:0.0 - critic/advantages/mean:-0.010767861269414425 - critic/advantages/max:0.935412585735321 - critic/advantages/min:-2.4748666286468506 - critic/returns/mean:-0.010767861269414425 - critic/returns/max:0.935412585735321 - critic/returns/min:-2.4748666286468506 - response_length/mean:264.71875 - response_length/max:459.0 - response_length/min:150.0 - response_length/clip_ratio:0.0 - response_length_non_aborted/mean:264.71875 - response_length_non_aborted/max:459.0 - response_length_non_aborted/min:150.0 - response_length_non_aborted/clip_ratio:0.0 - response/aborted_ratio:0.0 - prompt_length/mean:97.5625 - prompt_length/max:146.0 - prompt_length/min:75.0 - prompt_length/clip_ratio:0.0 - num_turns/min:2 - num_turns/max:2 - num_turns/mean:2.0 - timing_s/start_profile:7.805880159139633e-05 - timing_s/agent_loop/num_preempted/min:-1 - timing_s/agent_loop/num_preempted/max:-1 - timing_s/agent_loop/num_preempted/mean:-1.0 - timing_s/agent_loop/generate_sequences/min:0.7346382886171341 - timing_s/agent_loop/generate_sequences/max:1.7989746816456318 - timing_s/agent_loop/generate_sequences/mean:1.228191182752198 - timing_s/agent_loop/tool_calls/min:0.0 - timing_s/agent_loop/tool_calls/max:0.0 - timing_s/agent_loop/tool_calls/mean:0.0 - timing_s/agent_loop/compute_score/min:0.003874281421303749 - timing_s/agent_loop/compute_score/max:0.013803491368889809 - timing_s/agent_loop/compute_score/mean:0.005929912513238378 - timing_s/agent_loop/slowest/generate_sequences:1.7989746816456318 - timing_s/agent_loop/slowest/tool_calls:0.0 - timing_s/agent_loop/slowest/compute_score:0.005535759963095188 - timing_s/agent_loop/slowest/num_preempted:-1 - timing_s/agent_loop/slowest/prompt_length:112 - timing_s/agent_loop/slowest/response_length:456 - timing_s/gen:2.3763734633103013 - timing_s/reward:1.5519559383392334e-05 - timing_s/old_log_prob:0.8014897024258971 - timing_s/ref:2.3649618243798614 - timing_s/adv:0.0034234048798680305 - timing_s/update_actor:3.0685697495937347 - timing_s/update_weights:0.9419318698346615 - timing_s/step:9.605888351798058 - timing_s/stop_profile:3.4710392355918884e-05 - timing_per_token_ms/ref:0.050999780565424424 - timing_per_token_ms/gen:0.07013261313039491 - timing_per_token_ms/update_actor:0.0661729006640588 - timing_per_token_ms/adv:7.382482704796064e-05 - perf/total_num_tokens:46372 - perf/time_per_step:9.605888351798058 - perf/throughput:4827.455650295993
[36m(WorkerDict pid=776530)[0m INFO:2026-07-25 14:22:07,385:update_weights done, time cost: 0.46s
[36m(TaskRunner pid=776037)[0m Training Progress:  85%|████████▌ | 170/200 [27:11<04:43,  9.44s/it]
[36m(WorkerDict pid=776530)[0m INFO:2026-07-25 14:22:16,636:update_weights done, time cost: 0.46s
[36m(TaskRunner pid=776037)[0m Training Progress:  86%|████████▌ | 171/200 [27:21<04:32,  9.38s/it]
[36m(TaskRunner pid=776037)[0m step:169 - global_seqlen/min:53036 - global_seqlen/max:53036 - global_seqlen/minmax_diff:0 - global_seqlen/balanced_min:53036 - global_seqlen/balanced_max:53036 - global_seqlen/mean:53036.0 - actor/entropy:0.070847287774086 - perf/mfu/actor_infer:0.24606462722220165 - actor/pg_clipfrac:0.0004566778225125745 - actor/ppo_kl:8.169591910700547e-05 - actor/pg_clipfrac_lower:0.0 - actor/pg_loss:0.02231593243777752 - actor/kl_loss:0.03403865732252598 - actor/kl_coef:0.001 - actor/loss:0.022349972277879715 - actor/grad_norm:0.6791137158870697 - actor/perf/max_memory_allocated_gb:29.571680545806885 - actor/perf/max_memory_reserved_gb:41.203125 - actor/perf/cpu_memory_used_gb:24.793832778930664 - actor/lr:1e-06 - perf/mfu/actor:0.21314109492856514 - training/global_step:169 - training/epoch:1 - critic/score/mean:0.8125 - critic/score/max:1.0 - critic/score/min:0.0 - critic/rewards/mean:0.8125 - critic/rewards/max:1.0 - critic/rewards/min:0.0 - critic/advantages/mean:-0.022586163133382797 - critic/advantages/max:1.6201815605163574 - critic/advantages/min:-2.4748666286468506 - critic/returns/mean:-0.022586163133382797 - critic/returns/max:1.6201815605163574 - critic/returns/min:-2.4748666286468506 - response_length/mean:305.15625 - response_length/max:512.0 - response_length/min:129.0 - response_length/clip_ratio:0.0703125 - response_length_non_aborted/mean:305.15625 - response_length_non_aborted/max:512.0 - response_length_non_aborted/min:129.0 - response_length_non_aborted/clip_ratio:0.0703125 - response/aborted_ratio:0.0 - prompt_length/mean:109.1875 - prompt_length/max:167.0 - prompt_length/min:72.0 - prompt_length/clip_ratio:0.0 - num_turns/min:2 - num_turns/max:2 - num_turns/mean:2.0 - timing_s/start_profile:3.0229799449443817e-05 - timing_s/agent_loop/num_preempted/min:-1 - timing_s/agent_loop/num_preempted/max:-1 - timing_s/agent_loop/num_preempted/mean:-1.0 - timing_s/agent_loop/generate_sequences/min:0.6425493834540248 - timing_s/agent_loop/generate_sequences/max:2.0461827497929335 - timing_s/agent_loop/generate_sequences/mean:1.3526188440955593 - timing_s/agent_loop/tool_calls/min:0.0 - timing_s/agent_loop/tool_calls/max:0.0 - timing_s/agent_loop/tool_calls/mean:0.0 - timing_s/agent_loop/compute_score/min:0.004003801383078098 - timing_s/agent_loop/compute_score/max:0.027621891349554062 - timing_s/agent_loop/compute_score/mean:0.006287013544351794 - timing_s/agent_loop/slowest/generate_sequences:2.0461827497929335 - timing_s/agent_loop/slowest/tool_calls:0.0 - timing_s/agent_loop/slowest/compute_score:0.005194451659917831 - timing_s/agent_loop/slowest/num_preempted:-1 - timing_s/agent_loop/slowest/prompt_length:100 - timing_s/agent_loop/slowest/response_length:512 - timing_s/gen:2.6293372064828873 - timing_s/reward:1.6439706087112427e-05 - timing_s/old_log_prob:0.8653631992638111 - timing_s/ref:2.3438117019832134 - timing_s/adv:0.003439965657889843 - timing_s/update_actor:2.847521926276386 - timing_s/update_weights:0.9431101558730006 - timing_s/step:9.681588031351566 - timing_s/stop_profile:7.96690583229065e-05 - timing_per_token_ms/ref:0.0441928445203864 - timing_per_token_ms/gen:0.06731534066776465 - timing_per_token_ms/update_actor:0.05369035987397967 - timing_per_token_ms/adv:6.486095591465878e-05 - perf/total_num_tokens:53036 - perf/time_per_step:9.681588031351566 - perf/throughput:5478.026934037605
[36m(TaskRunner pid=776037)[0m step:170 - global_seqlen/min:50002 - global_seqlen/max:50002 - global_seqlen/minmax_diff:0 - global_seqlen/balanced_min:50002 - global_seqlen/balanced_max:50002 - global_seqlen/mean:50002.0 - actor/entropy:0.062432922422885895 - perf/mfu/actor_infer:0.24583980561806498 - actor/pg_clipfrac:0.0005049016053817468 - actor/ppo_kl:-7.750563034392144e-05 - actor/pg_clipfrac_lower:0.0 - actor/pg_loss:0.02801517187617719 - actor/kl_loss:0.035295938956551254 - actor/kl_coef:0.001 - actor/loss:0.028050465509295464 - actor/grad_norm:0.4724941700696945 - actor/perf/max_memory_allocated_gb:29.571680545806885 - actor/perf/max_memory_reserved_gb:41.203125 - actor/perf/cpu_memory_used_gb:24.805593490600586 - actor/lr:1e-06 - perf/mfu/actor:0.2095509899861489 - training/global_step:170 - training/epoch:1 - critic/score/mean:0.8671875 - critic/score/max:1.0 - critic/score/min:0.0 - critic/rewards/mean:0.8671875 - critic/rewards/max:1.0 - critic/rewards/min:0.0 - critic/advantages/mean:-0.028016380965709686 - critic/advantages/max:1.6201815605163574 - critic/advantages/min:-2.4748666286468506 - critic/returns/mean:-0.028016380965709686 - critic/returns/max:1.6201815605163574 - critic/returns/min:-2.4748666286468506 - response_length/mean:284.515625 - response_length/max:512.0 - response_length/min:149.0 - response_length/clip_ratio:0.046875 - response_length_non_aborted/mean:284.515625 - response_length_non_aborted/max:512.0 - response_length_non_aborted/min:149.0 - response_length_non_aborted/clip_ratio:0.046875 - response/aborted_ratio:0.0 - prompt_length/mean:106.125 - prompt_length/max:142.0 - prompt_length/min:70.0 - prompt_length/clip_ratio:0.0 - num_turns/min:2 - num_turns/max:2 - num_turns/mean:2.0 - timing_s/start_profile:7.77198001742363e-05 - timing_s/agent_loop/num_preempted/min:-1 - timing_s/agent_loop/num_preempted/max:-1 - timing_s/agent_loop/num_preempted/mean:-1.0 - timing_s/agent_loop/generate_sequences/min:0.7395632257685065 - timing_s/agent_loop/generate_sequences/max:1.978163723833859 - timing_s/agent_loop/generate_sequences/mean:1.2999349700694438 - timing_s/agent_loop/tool_calls/min:0.0 - timing_s/agent_loop/tool_calls/max:0.0 - timing_s/agent_loop/tool_calls/mean:0.0 - timing_s/agent_loop/compute_score/min:0.0038964608684182167 - timing_s/agent_loop/compute_score/max:0.016063143499195576 - timing_s/agent_loop/compute_score/mean:0.005707097028789576 - timing_s/agent_loop/slowest/generate_sequences:1.9749270668253303 - timing_s/agent_loop/slowest/tool_calls:0.0 - timing_s/agent_loop/slowest/compute_score:0.009066605009138584 - timing_s/agent_loop/slowest/num_preempted:-1 - timing_s/agent_loop/slowest/prompt_length:142 - timing_s/agent_loop/slowest/response_length:512 - timing_s/gen:2.563311154022813 - timing_s/reward:1.5079975128173828e-05 - timing_s/old_log_prob:0.8230454130098224 - timing_s/ref:2.370701566338539 - timing_s/adv:0.0034309253096580505 - timing_s/update_actor:2.7310362551361322 - timing_s/update_weights:0.8586538955569267 - timing_s/step:9.399621252901852 - timing_s/stop_profile:8.927937597036362e-05 - timing_per_token_ms/ref:0.04741213484137713 - timing_per_token_ms/gen:0.07038582991989711 - timing_per_token_ms/update_actor:0.0546185403611082 - timing_per_token_ms/adv:6.86157615626985e-05 - perf/total_num_tokens:50002 - perf/time_per_step:9.399621252901852 - perf/throughput:5319.576039786005
[36m(WorkerDict pid=776530)[0m INFO:2026-07-25 14:22:25,445:update_weights done, time cost: 0.47s
[36m(TaskRunner pid=776037)[0m Training Progress:  86%|████████▌ | 172/200 [27:29<04:17,  9.21s/it]
[36m(WorkerDict pid=776530)[0m INFO:2026-07-25 14:22:34,507:update_weights done, time cost: 0.47s
[36m(TaskRunner pid=776037)[0m Training Progress:  86%|████████▋ | 173/200 [27:39<04:07,  9.17s/it]
[36m(TaskRunner pid=776037)[0m step:171 - global_seqlen/min:48788 - global_seqlen/max:48788 - global_seqlen/minmax_diff:0 - global_seqlen/balanced_min:48788 - global_seqlen/balanced_max:48788 - global_seqlen/mean:48788.0 - actor/entropy:0.10181716084480286 - perf/mfu/actor_infer:0.24618262321093332 - actor/pg_clipfrac:0.000444010212959256 - actor/ppo_kl:7.693742588799068e-06 - actor/pg_clipfrac_lower:0.0 - actor/pg_loss:0.005671375431120396 - actor/kl_loss:0.03675203345483169 - actor/kl_coef:0.001 - actor/loss:0.005708120763301849 - actor/grad_norm:0.7407700717449188 - actor/perf/max_memory_allocated_gb:29.571680545806885 - actor/perf/max_memory_reserved_gb:41.203125 - actor/perf/cpu_memory_used_gb:24.809633255004883 - actor/lr:1e-06 - perf/mfu/actor:0.2080165554324767 - training/global_step:171 - training/epoch:1 - critic/score/mean:0.7890625 - critic/score/max:1.0 - critic/score/min:0.0 - critic/rewards/mean:0.7890625 - critic/rewards/max:1.0 - critic/rewards/min:0.0 - critic/advantages/mean:-0.006546725519001484 - critic/advantages/max:2.4748666286468506 - critic/advantages/min:-2.4748666286468506 - critic/returns/mean:-0.006546725519001484 - critic/returns/max:2.4748666286468506 - critic/returns/min:-2.4748666286468506 - response_length/mean:275.03125 - response_length/max:512.0 - response_length/min:143.0 - response_length/clip_ratio:0.0078125 - response_length_non_aborted/mean:275.03125 - response_length_non_aborted/max:512.0 - response_length_non_aborted/min:143.0 - response_length_non_aborted/clip_ratio:0.0078125 - response/aborted_ratio:0.0 - prompt_length/mean:106.125 - prompt_length/max:158.0 - prompt_length/min:74.0 - prompt_length/clip_ratio:0.0 - num_turns/min:2 - num_turns/max:2 - num_turns/mean:2.0 - timing_s/start_profile:7.830839604139328e-05 - timing_s/agent_loop/num_preempted/min:-1 - timing_s/agent_loop/num_preempted/max:-1 - timing_s/agent_loop/num_preempted/mean:-1.0 - timing_s/agent_loop/generate_sequences/min:0.7017425941303372 - timing_s/agent_loop/generate_sequences/max:1.9373256284743547 - timing_s/agent_loop/generate_sequences/mean:1.2425754079522449 - timing_s/agent_loop/tool_calls/min:0.0 - timing_s/agent_loop/tool_calls/max:0.0 - timing_s/agent_loop/tool_calls/mean:0.0 - timing_s/agent_loop/compute_score/min:0.003231366164982319 - timing_s/agent_loop/compute_score/max:0.013720129616558552 - timing_s/agent_loop/compute_score/mean:0.005584691010881215 - timing_s/agent_loop/slowest/generate_sequences:1.9373256284743547 - timing_s/agent_loop/slowest/tool_calls:0.0 - timing_s/agent_loop/slowest/compute_score:0.006097555160522461 - timing_s/agent_loop/slowest/num_preempted:-1 - timing_s/agent_loop/slowest/prompt_length:96 - timing_s/agent_loop/slowest/response_length:512 - timing_s/gen:2.5084389485418797 - timing_s/reward:1.5329569578170776e-05 - timing_s/old_log_prob:0.8065879326313734 - timing_s/ref:2.337247855961323 - timing_s/adv:0.003425874747335911 - timing_s/update_actor:2.680757524445653 - timing_s/update_weights:0.8675685990601778 - timing_s/step:9.252754011191428 - timing_s/stop_profile:8.214917033910751e-05 - timing_per_token_ms/ref:0.047906203491869366 - timing_per_token_ms/gen:0.07125437304118508 - timing_per_token_ms/update_actor:0.05494706740275586 - timing_per_token_ms/adv:7.021961849913731e-05 - perf/total_num_tokens:48788 - perf/time_per_step:9.252754011191428 - perf/throughput:5272.808500149225
[36m(TaskRunner pid=776037)[0m step:172 - global_seqlen/min:47366 - global_seqlen/max:47366 - global_seqlen/minmax_diff:0 - global_seqlen/balanced_min:47366 - global_seqlen/balanced_max:47366 - global_seqlen/mean:47366.0 - actor/entropy:0.07300528883934021 - perf/mfu/actor_infer:0.24968541228192928 - actor/pg_clipfrac:0.000232109370699618 - actor/ppo_kl:-0.00016555419892938517 - actor/pg_clipfrac_lower:0.0 - actor/pg_loss:0.003454644000157714 - actor/kl_loss:0.0358025113819167 - actor/kl_coef:0.001 - actor/loss:0.0034904461354017258 - actor/grad_norm:0.45294415950775146 - actor/perf/max_memory_allocated_gb:29.571680545806885 - actor/perf/max_memory_reserved_gb:41.203125 - actor/perf/cpu_memory_used_gb:24.81374740600586 - actor/lr:1e-06 - perf/mfu/actor:0.21040651511237113 - training/global_step:172 - training/epoch:1 - critic/score/mean:0.9453125 - critic/score/max:1.0 - critic/score/min:0.0 - critic/rewards/mean:0.9453125 - critic/rewards/max:1.0 - critic/rewards/min:0.0 - critic/advantages/mean:-0.0034077276941388845 - critic/advantages/max:1.20761239528656 - critic/advantages/min:-2.4748666286468506 - critic/returns/mean:-0.0034077276941388845 - critic/returns/max:1.20761239528656 - critic/returns/min:-2.4748666286468506 - response_length/mean:268.671875 - response_length/max:371.0 - response_length/min:144.0 - response_length/clip_ratio:0.0 - response_length_non_aborted/mean:268.671875 - response_length_non_aborted/max:371.0 - response_length_non_aborted/min:144.0 - response_length_non_aborted/clip_ratio:0.0 - response/aborted_ratio:0.0 - prompt_length/mean:101.375 - prompt_length/max:141.0 - prompt_length/min:79.0 - prompt_length/clip_ratio:0.0 - num_turns/min:2 - num_turns/max:2 - num_turns/mean:2.0 - timing_s/start_profile:7.421895861625671e-05 - timing_s/agent_loop/num_preempted/min:-1 - timing_s/agent_loop/num_preempted/max:-1 - timing_s/agent_loop/num_preempted/mean:-1.0 - timing_s/agent_loop/generate_sequences/min:0.7521116705611348 - timing_s/agent_loop/generate_sequences/max:1.598206820897758 - timing_s/agent_loop/generate_sequences/mean:1.2551592410891317 - timing_s/agent_loop/tool_calls/min:0.0 - timing_s/agent_loop/tool_calls/max:0.0 - timing_s/agent_loop/tool_calls/mean:0.0 - timing_s/agent_loop/compute_score/min:0.003585493192076683 - timing_s/agent_loop/compute_score/max:0.020325392484664917 - timing_s/agent_loop/compute_score/mean:0.005872591296792962 - timing_s/agent_loop/slowest/generate_sequences:1.598206820897758 - timing_s/agent_loop/slowest/tool_calls:0.0 - timing_s/agent_loop/slowest/compute_score:0.005956896580755711 - timing_s/agent_loop/slowest/num_preempted:-1 - timing_s/agent_loop/slowest/prompt_length:141 - timing_s/agent_loop/slowest/response_length:369 - timing_s/gen:2.1895840633660555 - timing_s/reward:1.4980323612689972e-05 - timing_s/old_log_prob:0.7725564055144787 - timing_s/ref:2.3322643525898457 - timing_s/adv:0.0034122951328754425 - timing_s/update_actor:2.576988246291876 - timing_s/update_weights:0.8793130442500114 - timing_s/step:8.803331535309553 - timing_s/stop_profile:7.91400671005249e-05 - timing_per_token_ms/ref:0.049239208558667515 - timing_per_token_ms/gen:0.06366920800715485 - timing_per_token_ms/update_actor:0.0544058659437545 - timing_per_token_ms/adv:7.204102379080865e-05 - perf/total_num_tokens:47366 - perf/time_per_step:8.803331535309553 - perf/throughput:5380.463045157195
[36m(WorkerDict pid=776530)[0m INFO:2026-07-25 14:22:44,264:update_weights done, time cost: 0.48s
[36m(TaskRunner pid=776037)[0m Training Progress:  87%|████████▋ | 174/200 [27:48<04:03,  9.35s/it]
[36m(WorkerDict pid=776530)[0m INFO:2026-07-25 14:22:53,147:update_weights done, time cost: 0.48s
[36m(TaskRunner pid=776037)[0m Training Progress:  88%|████████▊ | 175/200 [27:57<03:50,  9.21s/it]
[36m(TaskRunner pid=776037)[0m step:173 - global_seqlen/min:46951 - global_seqlen/max:46951 - global_seqlen/minmax_diff:0 - global_seqlen/balanced_min:46951 - global_seqlen/balanced_max:46951 - global_seqlen/mean:46951.0 - actor/entropy:0.0725739449262619 - perf/mfu/actor_infer:0.2492918243536377 - actor/pg_clipfrac:0.0003527244771248661 - actor/ppo_kl:2.6197132683591917e-05 - actor/pg_clipfrac_lower:0.0 - actor/pg_loss:0.010003480652812868 - actor/kl_loss:0.03871031745802611 - actor/kl_coef:0.001 - actor/loss:0.010042190551757812 - actor/grad_norm:0.6984964311122894 - actor/perf/max_memory_allocated_gb:29.571680545806885 - actor/perf/max_memory_reserved_gb:41.203125 - actor/perf/cpu_memory_used_gb:24.820707321166992 - actor/lr:1e-06 - perf/mfu/actor:0.20950269077451777 - training/global_step:173 - training/epoch:1 - critic/score/mean:0.9140625 - critic/score/max:1.0 - critic/score/min:0.0 - critic/rewards/mean:0.9140625 - critic/rewards/max:1.0 - critic/rewards/min:0.0 - critic/advantages/mean:-0.009713531471788883 - critic/advantages/max:1.20761239528656 - critic/advantages/min:-2.4748666286468506 - critic/returns/mean:-0.009713531471788883 - critic/returns/max:1.20761239528656 - critic/returns/min:-2.4748666286468506 - response_length/mean:262.3671875 - response_length/max:512.0 - response_length/min:134.0 - response_length/clip_ratio:0.0078125 - response_length_non_aborted/mean:262.3671875 - response_length_non_aborted/max:512.0 - response_length_non_aborted/min:134.0 - response_length_non_aborted/clip_ratio:0.0078125 - response/aborted_ratio:0.0 - prompt_length/mean:104.4375 - prompt_length/max:175.0 - prompt_length/min:79.0 - prompt_length/clip_ratio:0.0 - num_turns/min:2 - num_turns/max:2 - num_turns/mean:2.0 - timing_s/start_profile:7.997918874025345e-05 - timing_s/agent_loop/num_preempted/min:-1 - timing_s/agent_loop/num_preempted/max:-1 - timing_s/agent_loop/num_preempted/mean:-1.0 - timing_s/agent_loop/generate_sequences/min:0.7079027099534869 - timing_s/agent_loop/generate_sequences/max:1.910168974660337 - timing_s/agent_loop/generate_sequences/mean:1.2105843461758923 - timing_s/agent_loop/tool_calls/min:0.0 - timing_s/agent_loop/tool_calls/max:0.0 - timing_s/agent_loop/tool_calls/mean:0.0 - timing_s/agent_loop/compute_score/min:0.0037856120616197586 - timing_s/agent_loop/compute_score/max:0.011177877895534039 - timing_s/agent_loop/compute_score/mean:0.005321614822605625 - timing_s/agent_loop/slowest/generate_sequences:1.910168974660337 - timing_s/agent_loop/slowest/tool_calls:0.0 - timing_s/agent_loop/slowest/compute_score:0.005936206318438053 - timing_s/agent_loop/slowest/num_preempted:-1 - timing_s/agent_loop/slowest/prompt_length:120 - timing_s/agent_loop/slowest/response_length:512 - timing_s/gen:2.4835202982649207 - timing_s/reward:1.5179626643657684e-05 - timing_s/old_log_prob:0.7699647769331932 - timing_s/ref:2.325462552718818 - timing_s/adv:0.0034683849662542343 - timing_s/update_actor:2.5487311771139503 - timing_s/update_weights:0.8711558636277914 - timing_s/step:9.051192844286561 - timing_s/stop_profile:8.952990174293518e-05 - timing_per_token_ms/ref:0.049529563858465596 - timing_per_token_ms/gen:0.07395171063528931 - timing_per_token_ms/update_actor:0.05428491783165322 - timing_per_token_ms/adv:7.387244076280024e-05 - perf/total_num_tokens:46951 - perf/time_per_step:9.051192844286561 - perf/throughput:5187.2720875279065
[36m(TaskRunner pid=776037)[0m step:174 - global_seqlen/min:52990 - global_seqlen/max:52990 - global_seqlen/minmax_diff:0 - global_seqlen/balanced_min:52990 - global_seqlen/balanced_max:52990 - global_seqlen/mean:52990.0 - actor/entropy:0.08363580703735352 - perf/mfu/actor_infer:0.26099315991704625 - actor/pg_clipfrac:0.0006321290620689979 - actor/ppo_kl:0.00010517464005488364 - actor/pg_clipfrac_lower:0.0 - actor/pg_loss:0.0062281398713821545 - actor/kl_loss:0.03977978462353349 - actor/kl_coef:0.001 - actor/loss:0.006267919205129147 - actor/grad_norm:0.7337659895420074 - actor/perf/max_memory_allocated_gb:29.571680545806885 - actor/perf/max_memory_reserved_gb:41.203125 - actor/perf/cpu_memory_used_gb:24.821937561035156 - actor/lr:1e-06 - perf/mfu/actor:0.22137458484110606 - training/global_step:174 - training/epoch:1 - critic/score/mean:0.7734375 - critic/score/max:1.0 - critic/score/min:0.0 - critic/rewards/mean:0.7734375 - critic/rewards/max:1.0 - critic/rewards/min:0.0 - critic/advantages/mean:-0.006307059433311224 - critic/advantages/max:2.4748666286468506 - critic/advantages/min:-2.4748666286468506 - critic/returns/mean:-0.006307059433311224 - critic/returns/max:2.4748666286468506 - critic/returns/min:-2.4748666286468506 - response_length/mean:307.296875 - response_length/max:512.0 - response_length/min:117.0 - response_length/clip_ratio:0.0078125 - response_length_non_aborted/mean:307.296875 - response_length_non_aborted/max:512.0 - response_length_non_aborted/min:117.0 - response_length_non_aborted/clip_ratio:0.0078125 - response/aborted_ratio:0.0 - prompt_length/mean:106.6875 - prompt_length/max:140.0 - prompt_length/min:78.0 - prompt_length/clip_ratio:0.0 - num_turns/min:2 - num_turns/max:2 - num_turns/mean:2.0 - timing_s/start_profile:7.912982255220413e-05 - timing_s/agent_loop/num_preempted/min:-1 - timing_s/agent_loop/num_preempted/max:-1 - timing_s/agent_loop/num_preempted/mean:-1.0 - timing_s/agent_loop/generate_sequences/min:0.5724985152482986 - timing_s/agent_loop/generate_sequences/max:2.0146840177476406 - timing_s/agent_loop/generate_sequences/mean:1.3951581023138715 - timing_s/agent_loop/tool_calls/min:0.0 - timing_s/agent_loop/tool_calls/max:0.0 - timing_s/agent_loop/tool_calls/mean:0.0 - timing_s/agent_loop/compute_score/min:0.004039260558784008 - timing_s/agent_loop/compute_score/max:0.010139534249901772 - timing_s/agent_loop/compute_score/mean:0.005656386427290272 - timing_s/agent_loop/slowest/generate_sequences:2.0146840177476406 - timing_s/agent_loop/slowest/tool_calls:0.0 - timing_s/agent_loop/slowest/compute_score:0.005066822282969952 - timing_s/agent_loop/slowest/num_preempted:-1 - timing_s/agent_loop/slowest/prompt_length:113 - timing_s/agent_loop/slowest/response_length:509 - timing_s/gen:2.5572784394025803 - timing_s/reward:1.4670193195343018e-05 - timing_s/old_log_prob:0.817951955832541 - timing_s/ref:2.7328956788405776 - timing_s/adv:0.0014375802129507065 - timing_s/update_actor:2.7118202075362206 - timing_s/update_weights:0.8961492786183953 - timing_s/step:9.767137474380434 - timing_s/stop_profile:9.645894169807434e-05 - timing_per_token_ms/ref:0.05157380031780671 - timing_per_token_ms/gen:0.0650144516042757 - timing_per_token_ms/update_actor:0.05117607487330101 - timing_per_token_ms/adv:2.7129273692219408e-05 - perf/total_num_tokens:52990 - perf/time_per_step:9.767137474380434 - perf/throughput:5425.3357382339245
[36m(WorkerDict pid=776530)[0m INFO:2026-07-25 14:23:02,285:update_weights done, time cost: 0.49s
[36m(TaskRunner pid=776037)[0m Training Progress:  88%|████████▊ | 176/200 [28:06<03:40,  9.19s/it]
[36m(WorkerDict pid=776530)[0m INFO:2026-07-25 14:23:11,201:update_weights done, time cost: 0.47s
[36m(TaskRunner pid=776037)[0m Training Progress:  88%|████████▊ | 177/200 [28:15<03:29,  9.10s/it]
[36m(TaskRunner pid=776037)[0m step:175 - global_seqlen/min:45752 - global_seqlen/max:45752 - global_seqlen/minmax_diff:0 - global_seqlen/balanced_min:45752 - global_seqlen/balanced_max:45752 - global_seqlen/mean:45752.0 - actor/entropy:0.056583598256111145 - perf/mfu/actor_infer:0.24087205496786127 - actor/pg_clipfrac:4.8904537834459916e-05 - actor/ppo_kl:4.916510351904435e-05 - actor/pg_clipfrac_lower:0.0 - actor/pg_loss:-0.0004943003877997398 - actor/kl_loss:0.03729300061240792 - actor/kl_coef:0.001 - actor/loss:-0.00045700930058956146 - actor/grad_norm:0.2885245606303215 - actor/perf/max_memory_allocated_gb:29.571680545806885 - actor/perf/max_memory_reserved_gb:41.203125 - actor/perf/cpu_memory_used_gb:24.82504653930664 - actor/lr:1e-06 - perf/mfu/actor:0.20390273736457398 - training/global_step:175 - training/epoch:1 - critic/score/mean:0.984375 - critic/score/max:1.0 - critic/score/min:0.0 - critic/rewards/mean:0.984375 - critic/rewards/max:1.0 - critic/rewards/min:0.0 - critic/advantages/mean:0.0003592513676267117 - critic/advantages/max:0.5400605201721191 - critic/advantages/min:-1.6201815605163574 - critic/returns/mean:0.0003592513676267117 - critic/returns/max:0.5400605201721191 - critic/returns/min:-1.6201815605163574 - response_length/mean:258.375 - response_length/max:429.0 - response_length/min:128.0 - response_length/clip_ratio:0.0 - response_length_non_aborted/mean:258.375 - response_length_non_aborted/max:429.0 - response_length_non_aborted/min:128.0 - response_length_non_aborted/clip_ratio:0.0 - response/aborted_ratio:0.0 - prompt_length/mean:99.0625 - prompt_length/max:135.0 - prompt_length/min:76.0 - prompt_length/clip_ratio:0.0 - num_turns/min:2 - num_turns/max:2 - num_turns/mean:2.0 - timing_s/start_profile:8.517876267433167e-05 - timing_s/agent_loop/num_preempted/min:-1 - timing_s/agent_loop/num_preempted/max:-1 - timing_s/agent_loop/num_preempted/mean:-1.0 - timing_s/agent_loop/generate_sequences/min:0.6370886759832501 - timing_s/agent_loop/generate_sequences/max:1.703387857414782 - timing_s/agent_loop/generate_sequences/mean:1.2102709283281001 - timing_s/agent_loop/tool_calls/min:0.0 - timing_s/agent_loop/tool_calls/max:0.0 - timing_s/agent_loop/tool_calls/mean:0.0 - timing_s/agent_loop/compute_score/min:0.0039922697469592094 - timing_s/agent_loop/compute_score/max:0.010950889438390732 - timing_s/agent_loop/compute_score/mean:0.005645938676025253 - timing_s/agent_loop/slowest/generate_sequences:1.703387857414782 - timing_s/agent_loop/slowest/tool_calls:0.0 - timing_s/agent_loop/slowest/compute_score:0.006939258426427841 - timing_s/agent_loop/slowest/num_preempted:-1 - timing_s/agent_loop/slowest/prompt_length:100 - timing_s/agent_loop/slowest/response_length:429 - timing_s/gen:2.2827400378882885 - timing_s/reward:1.4370307326316833e-05 - timing_s/old_log_prob:0.7709950273856521 - timing_s/ref:2.3170260675251484 - timing_s/adv:0.002375662326812744 - timing_s/update_actor:2.5600387193262577 - timing_s/update_weights:0.8852597717195749 - timing_s/step:8.86843470390886 - timing_s/stop_profile:7.539987564086914e-05 - timing_per_token_ms/ref:0.05064316461630417 - timing_per_token_ms/gen:0.06902334415482246 - timing_per_token_ms/update_actor:0.055954684370656094 - timing_per_token_ms/adv:5.192477545927488e-05 - perf/total_num_tokens:45752 - perf/time_per_step:8.86843470390886 - perf/throughput:5158.971287214225
[36m(TaskRunner pid=776037)[0m step:176 - global_seqlen/min:48611 - global_seqlen/max:48611 - global_seqlen/minmax_diff:0 - global_seqlen/balanced_min:48611 - global_seqlen/balanced_max:48611 - global_seqlen/mean:48611.0 - actor/entropy:0.07527218759059906 - perf/mfu/actor_infer:0.24562167122208114 - actor/pg_clipfrac:0.00012632687139557675 - actor/ppo_kl:1.1594825082283933e-06 - actor/pg_clipfrac_lower:0.0 - actor/pg_loss:0.003828970715403557 - actor/kl_loss:0.03802153281867504 - actor/kl_coef:0.001 - actor/loss:0.003866992425173521 - actor/grad_norm:0.5191751718521118 - actor/perf/max_memory_allocated_gb:29.571680545806885 - actor/perf/max_memory_reserved_gb:41.203125 - actor/perf/cpu_memory_used_gb:24.821250915527344 - actor/lr:1e-06 - perf/mfu/actor:0.21119129183816096 - training/global_step:176 - training/epoch:1 - critic/score/mean:0.84375 - critic/score/max:1.0 - critic/score/min:0.0 - critic/rewards/mean:0.84375 - critic/rewards/max:1.0 - critic/rewards/min:0.0 - critic/advantages/mean:-0.003710287855938077 - critic/advantages/max:0.5400605201721191 - critic/advantages/min:-2.4748666286468506 - critic/returns/mean:-0.003710287855938077 - critic/returns/max:0.5400605201721191 - critic/returns/min:-2.4748666286468506 - response_length/mean:274.8359375 - response_length/max:470.0 - response_length/min:144.0 - response_length/clip_ratio:0.0 - response_length_non_aborted/mean:274.8359375 - response_length_non_aborted/max:470.0 - response_length_non_aborted/min:144.0 - response_length_non_aborted/clip_ratio:0.0 - response/aborted_ratio:0.0 - prompt_length/mean:104.9375 - prompt_length/max:139.0 - prompt_length/min:79.0 - prompt_length/clip_ratio:0.0 - num_turns/min:2 - num_turns/max:2 - num_turns/mean:2.0 - timing_s/start_profile:7.443968206644058e-05 - timing_s/agent_loop/num_preempted/min:-1 - timing_s/agent_loop/num_preempted/max:-1 - timing_s/agent_loop/num_preempted/mean:-1.0 - timing_s/agent_loop/generate_sequences/min:0.7015368957072496 - timing_s/agent_loop/generate_sequences/max:1.8278011148795485 - timing_s/agent_loop/generate_sequences/mean:1.2499746011162642 - timing_s/agent_loop/tool_calls/min:0.0 - timing_s/agent_loop/tool_calls/max:0.0 - timing_s/agent_loop/tool_calls/mean:0.0 - timing_s/agent_loop/compute_score/min:0.004039069637656212 - timing_s/agent_loop/compute_score/max:0.010234103538095951 - timing_s/agent_loop/compute_score/mean:0.005465707232360728 - timing_s/agent_loop/slowest/generate_sequences:1.8278011148795485 - timing_s/agent_loop/slowest/tool_calls:0.0 - timing_s/agent_loop/slowest/compute_score:0.005617528222501278 - timing_s/agent_loop/slowest/num_preempted:-1 - timing_s/agent_loop/slowest/prompt_length:125 - timing_s/agent_loop/slowest/response_length:470 - timing_s/gen:2.413697589188814 - timing_s/reward:1.5529803931713104e-05 - timing_s/old_log_prob:0.8085938822478056 - timing_s/ref:2.340688926167786 - timing_s/adv:0.002583150751888752 - timing_s/update_actor:2.6240706192329526 - timing_s/update_weights:0.8927878458052874 - timing_s/step:9.133078143931925 - timing_s/stop_profile:9.03792679309845e-05 - timing_per_token_ms/ref:0.048151425112994715 - timing_per_token_ms/gen:0.06861188746663675 - timing_per_token_ms/update_actor:0.05398100469508861 - timing_per_token_ms/adv:5.31392226427918e-05 - perf/total_num_tokens:48611 - perf/time_per_step:9.133078143931925 - perf/throughput:5322.520976380505
[36m(WorkerDict pid=776530)[0m INFO:2026-07-25 14:23:20,598:update_weights done, time cost: 0.47s
[36m(TaskRunner pid=776037)[0m Training Progress:  89%|████████▉ | 178/200 [28:25<03:22,  9.19s/it]
[36m(WorkerDict pid=776530)[0m INFO:2026-07-25 14:23:29,798:update_weights done, time cost: 0.47s
[36m(TaskRunner pid=776037)[0m Training Progress:  90%|████████▉ | 179/200 [28:34<03:13,  9.20s/it]
[36m(TaskRunner pid=776037)[0m step:177 - global_seqlen/min:44563 - global_seqlen/max:44563 - global_seqlen/minmax_diff:0 - global_seqlen/balanced_min:44563 - global_seqlen/balanced_max:44563 - global_seqlen/mean:44563.0 - actor/entropy:0.06673411279916763 - perf/mfu/actor_infer:0.2351890940195669 - actor/pg_clipfrac:0.0003386768203199608 - actor/ppo_kl:-8.886111686479126e-05 - actor/pg_clipfrac_lower:0.0 - actor/pg_loss:0.006221486139111221 - actor/kl_loss:0.04376505862455815 - actor/kl_coef:0.001 - actor/loss:0.006265250965952873 - actor/grad_norm:0.49597011506557465 - actor/perf/max_memory_allocated_gb:29.571680545806885 - actor/perf/max_memory_reserved_gb:41.203125 - actor/perf/cpu_memory_used_gb:24.84467315673828 - actor/lr:1e-06 - perf/mfu/actor:0.20096300451124377 - training/global_step:177 - training/epoch:1 - critic/score/mean:0.90625 - critic/score/max:1.0 - critic/score/min:0.0 - critic/rewards/mean:0.90625 - critic/rewards/max:1.0 - critic/rewards/min:0.0 - critic/advantages/mean:-0.006406754720956087 - critic/advantages/max:0.5400605201721191 - critic/advantages/min:-2.4748666286468506 - critic/returns/mean:-0.006406754720956087 - critic/returns/max:0.5400605201721191 - critic/returns/min:-2.4748666286468506 - response_length/mean:249.9609375 - response_length/max:458.0 - response_length/min:124.0 - response_length/clip_ratio:0.0 - response_length_non_aborted/mean:249.9609375 - response_length_non_aborted/max:458.0 - response_length_non_aborted/min:124.0 - response_length_non_aborted/clip_ratio:0.0 - response/aborted_ratio:0.0 - prompt_length/mean:98.1875 - prompt_length/max:143.0 - prompt_length/min:73.0 - prompt_length/clip_ratio:0.0 - num_turns/min:2 - num_turns/max:2 - num_turns/mean:2.0 - timing_s/start_profile:0.00011366885155439377 - timing_s/agent_loop/num_preempted/min:-1 - timing_s/agent_loop/num_preempted/max:-1 - timing_s/agent_loop/num_preempted/mean:-1.0 - timing_s/agent_loop/generate_sequences/min:0.6241643317043781 - timing_s/agent_loop/generate_sequences/max:1.7389822425320745 - timing_s/agent_loop/generate_sequences/mean:1.141058974666521 - timing_s/agent_loop/tool_calls/min:0.0 - timing_s/agent_loop/tool_calls/max:0.0 - timing_s/agent_loop/tool_calls/mean:0.0 - timing_s/agent_loop/compute_score/min:0.003321746364235878 - timing_s/agent_loop/compute_score/max:0.015522214584052563 - timing_s/agent_loop/compute_score/mean:0.00559855684696231 - timing_s/agent_loop/slowest/generate_sequences:1.7389822425320745 - timing_s/agent_loop/slowest/tool_calls:0.0 - timing_s/agent_loop/slowest/compute_score:0.005251869559288025 - timing_s/agent_loop/slowest/num_preempted:-1 - timing_s/agent_loop/slowest/prompt_length:108 - timing_s/agent_loop/slowest/response_length:458 - timing_s/gen:2.3190242210403085 - timing_s/reward:1.3469718396663666e-05 - timing_s/old_log_prob:0.7703186431899667 - timing_s/ref:2.353136989288032 - timing_s/adv:0.003452843986451626 - timing_s/update_actor:2.538058612495661 - timing_s/update_weights:0.8725265897810459 - timing_s/step:8.905492691323161 - timing_s/stop_profile:8.637923747301102e-05 - timing_per_token_ms/ref:0.05280472565330054 - timing_per_token_ms/gen:0.0724808320375155 - timing_per_token_ms/update_actor:0.056954392937990275 - timing_per_token_ms/adv:7.748230564485394e-05 - perf/total_num_tokens:44563 - perf/time_per_step:8.905492691323161 - perf/throughput:5003.990407338026
[36m(TaskRunner pid=776037)[0m step:178 - global_seqlen/min:51842 - global_seqlen/max:51842 - global_seqlen/minmax_diff:0 - global_seqlen/balanced_min:51842 - global_seqlen/balanced_max:51842 - global_seqlen/mean:51842.0 - actor/entropy:0.06580175459384918 - perf/mfu/actor_infer:0.25688927316058663 - actor/pg_clipfrac:0.0003753591463464545 - actor/ppo_kl:1.777994111762382e-05 - actor/pg_clipfrac_lower:0.0 - actor/pg_loss:0.03748080716468394 - actor/kl_loss:0.04042079474311322 - actor/kl_coef:0.001 - actor/loss:0.037521228194236755 - actor/grad_norm:0.7719933688640594 - actor/perf/max_memory_allocated_gb:29.571680545806885 - actor/perf/max_memory_reserved_gb:41.203125 - actor/perf/cpu_memory_used_gb:24.848594665527344 - actor/lr:1e-06 - perf/mfu/actor:0.21837961150186952 - training/global_step:178 - training/epoch:1 - critic/score/mean:0.875 - critic/score/max:1.0 - critic/score/min:0.0 - critic/rewards/mean:0.875 - critic/rewards/max:1.0 - critic/rewards/min:0.0 - critic/advantages/mean:-0.037814296782016754 - critic/advantages/max:0.5400605201721191 - critic/advantages/min:-2.4748666286468506 - critic/returns/mean:-0.037814296782016754 - critic/returns/max:0.5400605201721191 - critic/returns/min:-2.4748666286468506 - response_length/mean:289.828125 - response_length/max:512.0 - response_length/min:162.0 - response_length/clip_ratio:0.015625 - response_length_non_aborted/mean:289.828125 - response_length_non_aborted/max:512.0 - response_length_non_aborted/min:162.0 - response_length_non_aborted/clip_ratio:0.015625 - response/aborted_ratio:0.0 - prompt_length/mean:115.1875 - prompt_length/max:194.0 - prompt_length/min:78.0 - prompt_length/clip_ratio:0.0 - num_turns/min:2 - num_turns/max:2 - num_turns/mean:2.0 - timing_s/start_profile:9.724870324134827e-05 - timing_s/agent_loop/num_preempted/min:-1 - timing_s/agent_loop/num_preempted/max:-1 - timing_s/agent_loop/num_preempted/mean:-1.0 - timing_s/agent_loop/generate_sequences/min:0.8496826691552997 - timing_s/agent_loop/generate_sequences/max:2.023773697204888 - timing_s/agent_loop/generate_sequences/mean:1.3679216346426983 - timing_s/agent_loop/tool_calls/min:0.0 - timing_s/agent_loop/tool_calls/max:0.0 - timing_s/agent_loop/tool_calls/mean:0.0 - timing_s/agent_loop/compute_score/min:0.003811781294643879 - timing_s/agent_loop/compute_score/max:0.011736991815268993 - timing_s/agent_loop/compute_score/mean:0.005443645794002805 - timing_s/agent_loop/slowest/generate_sequences:2.023773697204888 - timing_s/agent_loop/slowest/tool_calls:0.0 - timing_s/agent_loop/slowest/compute_score:0.006348032504320145 - timing_s/agent_loop/slowest/num_preempted:-1 - timing_s/agent_loop/slowest/prompt_length:194 - timing_s/agent_loop/slowest/response_length:512 - timing_s/gen:2.5993783213198185 - timing_s/reward:1.6709789633750916e-05 - timing_s/old_log_prob:0.822869323194027 - timing_s/ref:2.345931477844715 - timing_s/adv:0.0024490710347890854 - timing_s/update_actor:2.702049016021192 - timing_s/update_weights:0.8606496220454574 - timing_s/step:9.382850821129978 - timing_s/stop_profile:7.218029350042343e-05 - timing_per_token_ms/ref:0.045251562012359 - timing_per_token_ms/gen:0.07006788294031534 - timing_per_token_ms/update_actor:0.05212084827015146 - timing_per_token_ms/adv:4.724106004376925e-05 - perf/total_num_tokens:51842 - perf/time_per_step:9.382850821129978 - perf/throughput:5525.18642662984
[36m(WorkerDict pid=776530)[0m INFO:2026-07-25 14:23:39,331:update_weights done, time cost: 0.48s
[36m(TaskRunner pid=776037)[0m Training Progress:  90%|█████████ | 180/200 [28:43<03:05,  9.30s/it]
[36m(WorkerDict pid=776530)[0m INFO:2026-07-25 14:23:48,594:update_weights done, time cost: 0.48s
[36m(TaskRunner pid=776037)[0m Training Progress:  90%|█████████ | 181/200 [28:53<02:56,  9.28s/it]
[36m(TaskRunner pid=776037)[0m step:179 - global_seqlen/min:48345 - global_seqlen/max:48345 - global_seqlen/minmax_diff:0 - global_seqlen/balanced_min:48345 - global_seqlen/balanced_max:48345 - global_seqlen/mean:48345.0 - actor/entropy:0.08062170445919037 - perf/mfu/actor_infer:0.24761688122026815 - actor/pg_clipfrac:0.0004737123199447524 - actor/ppo_kl:-0.00020624515548206546 - actor/pg_clipfrac_lower:0.0 - actor/pg_loss:-0.010434230789542198 - actor/kl_loss:0.04193685937207192 - actor/kl_coef:0.001 - actor/loss:-0.010392295196652412 - actor/grad_norm:0.6981927156448364 - actor/perf/max_memory_allocated_gb:29.571680545806885 - actor/perf/max_memory_reserved_gb:41.203125 - actor/perf/cpu_memory_used_gb:24.87178611755371 - actor/lr:1e-06 - perf/mfu/actor:0.2092946805686846 - training/global_step:179 - training/epoch:1 - critic/score/mean:0.7890625 - critic/score/max:1.0 - critic/score/min:0.0 - critic/rewards/mean:0.7890625 - critic/rewards/max:1.0 - critic/rewards/min:0.0 - critic/advantages/mean:0.01059713400900364 - critic/advantages/max:0.935412585735321 - critic/advantages/min:-2.4748666286468506 - critic/returns/mean:0.01059713400900364 - critic/returns/max:0.935412585735321 - critic/returns/min:-2.4748666286468506 - response_length/mean:274.8203125 - response_length/max:512.0 - response_length/min:160.0 - response_length/clip_ratio:0.0625 - response_length_non_aborted/mean:274.8203125 - response_length_non_aborted/max:512.0 - response_length_non_aborted/min:160.0 - response_length_non_aborted/clip_ratio:0.0625 - response/aborted_ratio:0.0 - prompt_length/mean:102.875 - prompt_length/max:170.0 - prompt_length/min:78.0 - prompt_length/clip_ratio:0.0 - num_turns/min:2 - num_turns/max:2 - num_turns/mean:2.0 - timing_s/start_profile:5.931966006755829e-05 - timing_s/agent_loop/num_preempted/min:-1 - timing_s/agent_loop/num_preempted/max:-1 - timing_s/agent_loop/num_preempted/mean:-1.0 - timing_s/agent_loop/generate_sequences/min:0.7735414961352944 - timing_s/agent_loop/generate_sequences/max:1.947295350022614 - timing_s/agent_loop/generate_sequences/mean:1.2326861088731675 - timing_s/agent_loop/tool_calls/min:0.0 - timing_s/agent_loop/tool_calls/max:0.0 - timing_s/agent_loop/tool_calls/mean:0.0 - timing_s/agent_loop/compute_score/min:0.0038895392790436745 - timing_s/agent_loop/compute_score/max:0.019704461097717285 - timing_s/agent_loop/compute_score/mean:0.005887806386454031 - timing_s/agent_loop/slowest/generate_sequences:1.947295350022614 - timing_s/agent_loop/slowest/tool_calls:0.0 - timing_s/agent_loop/slowest/compute_score:0.00600566528737545 - timing_s/agent_loop/slowest/num_preempted:-1 - timing_s/agent_loop/slowest/prompt_length:102 - timing_s/agent_loop/slowest/response_length:512 - timing_s/gen:2.512958660721779 - timing_s/reward:1.5069730579853058e-05 - timing_s/old_log_prob:0.795001127757132 - timing_s/ref:2.3369816737249494 - timing_s/adv:0.0026412997394800186 - timing_s/update_actor:2.6334075424820185 - timing_s/update_weights:0.87564249150455 - timing_s/step:9.207729348912835 - timing_s/stop_profile:8.521880954504013e-05 - timing_per_token_ms/ref:0.04833967677577721 - timing_per_token_ms/gen:0.07143754898717283 - timing_per_token_ms/update_actor:0.054471145774785776 - timing_per_token_ms/adv:5.463439320467512e-05 - perf/total_num_tokens:48345 - perf/time_per_step:9.207729348912835 - perf/throughput:5250.480131207173
[36m(TaskRunner pid=776037)[0m step:180 - global_seqlen/min:46967 - global_seqlen/max:46967 - global_seqlen/minmax_diff:0 - global_seqlen/balanced_min:46967 - global_seqlen/balanced_max:46967 - global_seqlen/mean:46967.0 - actor/entropy:0.06816960871219635 - perf/mfu/actor_infer:0.24603026886160392 - actor/pg_clipfrac:0.0006581671113963239 - actor/ppo_kl:0.00012937185618966396 - actor/pg_clipfrac_lower:0.0 - actor/pg_loss:0.013861095067113638 - actor/kl_loss:0.046154734678566456 - actor/kl_coef:0.001 - actor/loss:0.013907244428992271 - actor/grad_norm:0.7505507171154022 - actor/perf/max_memory_allocated_gb:29.571680545806885 - actor/perf/max_memory_reserved_gb:41.203125 - actor/perf/cpu_memory_used_gb:24.88275146484375 - actor/lr:1e-06 - perf/mfu/actor:0.2081869965608491 - training/global_step:180 - training/epoch:1 - critic/score/mean:0.9296875 - critic/score/max:1.0 - critic/score/min:0.0 - critic/rewards/mean:0.9296875 - critic/rewards/max:1.0 - critic/rewards/min:0.0 - critic/advantages/mean:-0.013734553009271622 - critic/advantages/max:0.5400605201721191 - critic/advantages/min:-2.4748666286468506 - critic/returns/mean:-0.013734553009271622 - critic/returns/max:0.5400605201721191 - critic/returns/min:-2.4748666286468506 - response_length/mean:265.5546875 - response_length/max:510.0 - response_length/min:166.0 - response_length/clip_ratio:0.0 - response_length_non_aborted/mean:265.5546875 - response_length_non_aborted/max:510.0 - response_length_non_aborted/min:166.0 - response_length_non_aborted/clip_ratio:0.0 - response/aborted_ratio:0.0 - prompt_length/mean:101.375 - prompt_length/max:175.0 - prompt_length/min:82.0 - prompt_length/clip_ratio:0.0 - num_turns/min:2 - num_turns/max:2 - num_turns/mean:2.0 - timing_s/start_profile:0.00010234955698251724 - timing_s/agent_loop/num_preempted/min:-1 - timing_s/agent_loop/num_preempted/max:-1 - timing_s/agent_loop/num_preempted/mean:-1.0 - timing_s/agent_loop/generate_sequences/min:0.8354523740708828 - timing_s/agent_loop/generate_sequences/max:1.904370586387813 - timing_s/agent_loop/generate_sequences/mean:1.2282492694212124 - timing_s/agent_loop/tool_calls/min:0.0 - timing_s/agent_loop/tool_calls/max:0.0 - timing_s/agent_loop/tool_calls/mean:0.0 - timing_s/agent_loop/compute_score/min:0.0035746032372117043 - timing_s/agent_loop/compute_score/max:0.016791272908449173 - timing_s/agent_loop/compute_score/mean:0.005527708315639757 - timing_s/agent_loop/slowest/generate_sequences:1.904370586387813 - timing_s/agent_loop/slowest/tool_calls:0.0 - timing_s/agent_loop/slowest/compute_score:0.006133943796157837 - timing_s/agent_loop/slowest/num_preempted:-1 - timing_s/agent_loop/slowest/prompt_length:111 - timing_s/agent_loop/slowest/response_length:510 - timing_s/gen:2.4771682247519493 - timing_s/reward:2.129003405570984e-05 - timing_s/old_log_prob:1.2296733176335692 - timing_s/ref:2.312729592435062 - timing_s/adv:0.0026071900501847267 - timing_s/update_actor:2.571473019197583 - timing_s/update_weights:0.8893568897619843 - timing_s/step:9.532989545725286 - timing_s/stop_profile:9.644869714975357e-05 - timing_per_token_ms/ref:0.04924158648487367 - timing_per_token_ms/gen:0.07287717998152303 - timing_per_token_ms/update_actor:0.05475063383221375 - timing_per_token_ms/adv:5.551110460929433e-05 - perf/total_num_tokens:46967 - perf/time_per_step:9.532989545725286 - perf/throughput:4926.786059579872
[36m(WorkerDict pid=776530)[0m INFO:2026-07-25 14:23:57,875:update_weights done, time cost: 0.49s
[36m(TaskRunner pid=776037)[0m Training Progress:  91%|█████████ | 182/200 [29:02<02:47,  9.29s/it]
[36m(WorkerDict pid=776530)[0m INFO:2026-07-25 14:24:07,083:update_weights done, time cost: 0.49s
[36m(TaskRunner pid=776037)[0m Training Progress:  92%|█████████▏| 183/200 [29:11<02:37,  9.26s/it]
[36m(TaskRunner pid=776037)[0m step:181 - global_seqlen/min:49387 - global_seqlen/max:49387 - global_seqlen/minmax_diff:0 - global_seqlen/balanced_min:49387 - global_seqlen/balanced_max:49387 - global_seqlen/mean:49387.0 - actor/entropy:0.07744506746530533 - perf/mfu/actor_infer:0.25509918397931225 - actor/pg_clipfrac:0.000839379928947892 - actor/ppo_kl:4.04731254093349e-05 - actor/pg_clipfrac_lower:0.0 - actor/pg_loss:-0.007161160392570309 - actor/kl_loss:0.04852486157324165 - actor/kl_coef:0.001 - actor/loss:-0.00711262971162796 - actor/grad_norm:0.8722281455993652 - actor/perf/max_memory_allocated_gb:29.571680545806885 - actor/perf/max_memory_reserved_gb:41.203125 - actor/perf/cpu_memory_used_gb:24.86119270324707 - actor/lr:1e-06 - perf/mfu/actor:0.2162118566583938 - training/global_step:181 - training/epoch:1 - critic/score/mean:0.8125 - critic/score/max:1.0 - critic/score/min:0.0 - critic/rewards/mean:0.8125 - critic/rewards/max:1.0 - critic/rewards/min:0.0 - critic/advantages/mean:0.0077295503579080105 - critic/advantages/max:2.4748666286468506 - critic/advantages/min:-2.4748666286468506 - critic/returns/mean:0.0077295503579080105 - critic/returns/max:2.4748666286468506 - critic/returns/min:-2.4748666286468506 - response_length/mean:286.5859375 - response_length/max:512.0 - response_length/min:170.0 - response_length/clip_ratio:0.015625 - response_length_non_aborted/mean:286.5859375 - response_length_non_aborted/max:512.0 - response_length_non_aborted/min:170.0 - response_length_non_aborted/clip_ratio:0.015625 - response/aborted_ratio:0.0 - prompt_length/mean:99.25 - prompt_length/max:149.0 - prompt_length/min:73.0 - prompt_length/clip_ratio:0.0 - num_turns/min:2 - num_turns/max:2 - num_turns/mean:2.0 - timing_s/start_profile:9.361933916807175e-05 - timing_s/agent_loop/num_preempted/min:-1 - timing_s/agent_loop/num_preempted/max:-1 - timing_s/agent_loop/num_preempted/mean:-1.0 - timing_s/agent_loop/generate_sequences/min:0.8282081121578813 - timing_s/agent_loop/generate_sequences/max:1.9999004593119025 - timing_s/agent_loop/generate_sequences/mean:1.3276449765180587 - timing_s/agent_loop/tool_calls/min:0.0 - timing_s/agent_loop/tool_calls/max:0.0 - timing_s/agent_loop/tool_calls/mean:0.0 - timing_s/agent_loop/compute_score/min:0.0036311428993940353 - timing_s/agent_loop/compute_score/max:0.013467038050293922 - timing_s/agent_loop/compute_score/mean:0.005563624428759795 - timing_s/agent_loop/slowest/generate_sequences:1.9999004593119025 - timing_s/agent_loop/slowest/tool_calls:0.0 - timing_s/agent_loop/slowest/compute_score:0.005667656660079956 - timing_s/agent_loop/slowest/num_preempted:-1 - timing_s/agent_loop/slowest/prompt_length:129 - timing_s/agent_loop/slowest/response_length:512 - timing_s/gen:2.578557706438005 - timing_s/reward:0.0027119899168610573 - timing_s/old_log_prob:0.783988842740655 - timing_s/ref:2.3184896297752857 - timing_s/adv:0.0036776820197701454 - timing_s/update_actor:2.6110430704429746 - timing_s/update_weights:0.8937335601076484 - timing_s/step:9.243679478764534 - timing_s/stop_profile:8.353963494300842e-05 - timing_per_token_ms/ref:0.04694534249448814 - timing_per_token_ms/gen:0.07029298875331912 - timing_per_token_ms/update_actor:0.05286903578761566 - timing_per_token_ms/adv:7.44666009227154e-05 - perf/total_num_tokens:49387 - perf/time_per_step:9.243679478764534 - perf/throughput:5342.785858537885
[36m(TaskRunner pid=776037)[0m step:182 - global_seqlen/min:47983 - global_seqlen/max:47983 - global_seqlen/minmax_diff:0 - global_seqlen/balanced_min:47983 - global_seqlen/balanced_max:47983 - global_seqlen/mean:47983.0 - actor/entropy:0.05946730449795723 - perf/mfu/actor_infer:0.24783523633457671 - actor/pg_clipfrac:0.000751744068111293 - actor/ppo_kl:0.00010123117817784077 - actor/pg_clipfrac_lower:0.0 - actor/pg_loss:0.007766223745420575 - actor/kl_loss:0.0501525056315586 - actor/kl_coef:0.001 - actor/loss:0.0078163743019104 - actor/grad_norm:0.6065773069858551 - actor/perf/max_memory_allocated_gb:29.571680545806885 - actor/perf/max_memory_reserved_gb:41.203125 - actor/perf/cpu_memory_used_gb:24.867881774902344 - actor/lr:1e-06 - perf/mfu/actor:0.20969649723474704 - training/global_step:182 - training/epoch:1 - critic/score/mean:0.90625 - critic/score/max:1.0 - critic/score/min:0.0 - critic/rewards/mean:0.90625 - critic/rewards/max:1.0 - critic/rewards/min:0.0 - critic/advantages/mean:-0.0075868964195251465 - critic/advantages/max:2.4748666286468506 - critic/advantages/min:-2.4748666286468506 - critic/returns/mean:-0.0075868964195251465 - critic/returns/max:2.4748666286468506 - critic/returns/min:-2.4748666286468506 - response_length/mean:269.1171875 - response_length/max:449.0 - response_length/min:131.0 - response_length/clip_ratio:0.0 - response_length_non_aborted/mean:269.1171875 - response_length_non_aborted/max:449.0 - response_length_non_aborted/min:131.0 - response_length_non_aborted/clip_ratio:0.0 - response/aborted_ratio:0.0 - prompt_length/mean:105.75 - prompt_length/max:153.0 - prompt_length/min:83.0 - prompt_length/clip_ratio:0.0 - num_turns/min:2 - num_turns/max:2 - num_turns/mean:2.0 - timing_s/start_profile:0.00010393839329481125 - timing_s/agent_loop/num_preempted/min:-1 - timing_s/agent_loop/num_preempted/max:-1 - timing_s/agent_loop/num_preempted/mean:-1.0 - timing_s/agent_loop/generate_sequences/min:0.8904405124485493 - timing_s/agent_loop/generate_sequences/max:2.014111841097474 - timing_s/agent_loop/generate_sequences/mean:1.4703391143339104 - timing_s/agent_loop/tool_calls/min:0.0 - timing_s/agent_loop/tool_calls/max:0.0 - timing_s/agent_loop/tool_calls/mean:0.0 - timing_s/agent_loop/compute_score/min:0.003605993464589119 - timing_s/agent_loop/compute_score/max:0.0108190281316638 - timing_s/agent_loop/compute_score/mean:0.005635749381326605 - timing_s/agent_loop/slowest/generate_sequences:2.014111841097474 - timing_s/agent_loop/slowest/tool_calls:0.0 - timing_s/agent_loop/slowest/compute_score:0.004435745999217033 - timing_s/agent_loop/slowest/num_preempted:-1 - timing_s/agent_loop/slowest/prompt_length:153 - timing_s/agent_loop/slowest/response_length:449 - timing_s/gen:2.587383221834898 - timing_s/reward:1.6580335795879364e-05 - timing_s/old_log_prob:0.7905275588855147 - timing_s/ref:2.3392552928999066 - timing_s/adv:0.0034651337191462517 - timing_s/update_actor:2.6162232542410493 - timing_s/update_weights:0.9006043821573257 - timing_s/step:9.289415635168552 - timing_s/stop_profile:8.138921111822128e-05 - timing_per_token_ms/ref:0.04875175151407596 - timing_per_token_ms/gen:0.07511200458196354 - timing_per_token_ms/update_actor:0.054523961699790534 - timing_per_token_ms/adv:7.22158622667664e-05 - perf/total_num_tokens:47983 - perf/time_per_step:9.289415635168552 - perf/throughput:5165.3410595971645
[36m(WorkerDict pid=776530)[0m INFO:2026-07-25 14:24:16,009:update_weights done, time cost: 0.48s
[36m(TaskRunner pid=776037)[0m Training Progress:  92%|█████████▏| 184/200 [29:20<02:26,  9.17s/it]
[36m(WorkerDict pid=776530)[0m INFO:2026-07-25 14:24:25,514:update_weights done, time cost: 0.48s
[36m(TaskRunner pid=776037)[0m Training Progress:  92%|█████████▎| 185/200 [29:30<02:18,  9.27s/it]
[36m(TaskRunner pid=776037)[0m step:183 - global_seqlen/min:47283 - global_seqlen/max:47283 - global_seqlen/minmax_diff:0 - global_seqlen/balanced_min:47283 - global_seqlen/balanced_max:47283 - global_seqlen/mean:47283.0 - actor/entropy:0.058113835752010345 - perf/mfu/actor_infer:0.2397295060240581 - actor/pg_clipfrac:0.0004311231168685481 - actor/ppo_kl:0.00018741590452009405 - actor/pg_clipfrac_lower:0.0 - actor/pg_loss:0.014079662272706628 - actor/kl_loss:0.047577967518009245 - actor/kl_coef:0.001 - actor/loss:0.01412723958492279 - actor/grad_norm:0.7013066709041595 - actor/perf/max_memory_allocated_gb:29.571680545806885 - actor/perf/max_memory_reserved_gb:41.203125 - actor/perf/cpu_memory_used_gb:24.876758575439453 - actor/lr:1e-06 - perf/mfu/actor:0.20508174137759905 - training/global_step:183 - training/epoch:1 - critic/score/mean:0.8125 - critic/score/max:1.0 - critic/score/min:0.0 - critic/rewards/mean:0.8125 - critic/rewards/max:1.0 - critic/rewards/min:0.0 - critic/advantages/mean:-0.013391549699008465 - critic/advantages/max:2.4748666286468506 - critic/advantages/min:-1.6201815605163574 - critic/returns/mean:-0.013391549699008465 - critic/returns/max:2.4748666286468506 - critic/returns/min:-1.6201815605163574 - response_length/mean:269.3984375 - response_length/max:512.0 - response_length/min:112.0 - response_length/clip_ratio:0.015625 - response_length_non_aborted/mean:269.3984375 - response_length_non_aborted/max:512.0 - response_length_non_aborted/min:112.0 - response_length_non_aborted/clip_ratio:0.015625 - response/aborted_ratio:0.0 - prompt_length/mean:100.0 - prompt_length/max:137.0 - prompt_length/min:70.0 - prompt_length/clip_ratio:0.0 - num_turns/min:2 - num_turns/max:2 - num_turns/mean:2.0 - timing_s/start_profile:9.069964289665222e-05 - timing_s/agent_loop/num_preempted/min:-1 - timing_s/agent_loop/num_preempted/max:-1 - timing_s/agent_loop/num_preempted/mean:-1.0 - timing_s/agent_loop/generate_sequences/min:0.5827876143157482 - timing_s/agent_loop/generate_sequences/max:1.9288066672161222 - timing_s/agent_loop/generate_sequences/mean:1.2028782555134967 - timing_s/agent_loop/tool_calls/min:0.0 - timing_s/agent_loop/tool_calls/max:0.0 - timing_s/agent_loop/tool_calls/mean:0.0 - timing_s/agent_loop/compute_score/min:0.0039185695350170135 - timing_s/agent_loop/compute_score/max:0.010330000892281532 - timing_s/agent_loop/compute_score/mean:0.005558832373935729 - timing_s/agent_loop/slowest/generate_sequences:1.9288066672161222 - timing_s/agent_loop/slowest/tool_calls:0.0 - timing_s/agent_loop/slowest/compute_score:0.004815163090825081 - timing_s/agent_loop/slowest/num_preempted:-1 - timing_s/agent_loop/slowest/prompt_length:137 - timing_s/agent_loop/slowest/response_length:512 - timing_s/gen:2.4829434165731072 - timing_s/reward:3.20998951792717e-05 - timing_s/old_log_prob:0.8000603225082159 - timing_s/ref:2.3291413029655814 - timing_s/adv:0.0037110615521669388 - timing_s/update_actor:2.6359953060746193 - timing_s/update_weights:0.8855127720162272 - timing_s/step:9.18827229179442 - timing_s/stop_profile:8.591916412115097e-05 - timing_per_token_ms/ref:0.04925959230517483 - timing_per_token_ms/gen:0.07200485504663479 - timing_per_token_ms/update_actor:0.055749324409927865 - timing_per_token_ms/adv:7.84861694936222e-05 - perf/total_num_tokens:47283 - perf/time_per_step:9.18827229179442 - perf/throughput:5146.016410748521
[36m(TaskRunner pid=776037)[0m step:184 - global_seqlen/min:43356 - global_seqlen/max:43356 - global_seqlen/minmax_diff:0 - global_seqlen/balanced_min:43356 - global_seqlen/balanced_max:43356 - global_seqlen/mean:43356.0 - actor/entropy:0.05787530541419983 - perf/mfu/actor_infer:0.23547376370378473 - actor/pg_clipfrac:0.0005517220306501258 - actor/ppo_kl:0.00015505130386372912 - actor/pg_clipfrac_lower:0.0 - actor/pg_loss:-0.00796857278328389 - actor/kl_loss:0.05116759240627289 - actor/kl_coef:0.001 - actor/loss:-0.007917406503111124 - actor/grad_norm:0.8326338529586792 - actor/perf/max_memory_allocated_gb:29.571680545806885 - actor/perf/max_memory_reserved_gb:41.203125 - actor/perf/cpu_memory_used_gb:24.897220611572266 - actor/lr:1e-06 - perf/mfu/actor:0.19574389773073234 - training/global_step:184 - training/epoch:1 - critic/score/mean:0.8984375 - critic/score/max:1.0 - critic/score/min:0.0 - critic/rewards/mean:0.8984375 - critic/rewards/max:1.0 - critic/rewards/min:0.0 - critic/advantages/mean:0.008464551530778408 - critic/advantages/max:2.4748666286468506 - critic/advantages/min:-2.4748666286468506 - critic/returns/mean:0.008464551530778408 - critic/returns/max:2.4748666286468506 - critic/returns/min:-2.4748666286468506 - response_length/mean:241.21875 - response_length/max:512.0 - response_length/min:43.0 - response_length/clip_ratio:0.0078125 - response_length_non_aborted/mean:241.21875 - response_length_non_aborted/max:512.0 - response_length_non_aborted/min:43.0 - response_length_non_aborted/clip_ratio:0.0078125 - response/aborted_ratio:0.0 - prompt_length/mean:97.5 - prompt_length/max:159.0 - prompt_length/min:73.0 - prompt_length/clip_ratio:0.0 - num_turns/min:2 - num_turns/max:2 - num_turns/mean:2.0 - timing_s/start_profile:9.471829980611801e-05 - timing_s/agent_loop/num_preempted/min:-1 - timing_s/agent_loop/num_preempted/max:-1 - timing_s/agent_loop/num_preempted/mean:-1.0 - timing_s/agent_loop/generate_sequences/min:0.25806768517941236 - timing_s/agent_loop/generate_sequences/max:1.840449871495366 - timing_s/agent_loop/generate_sequences/mean:1.085903324012179 - timing_s/agent_loop/tool_calls/min:0.0 - timing_s/agent_loop/tool_calls/max:0.0 - timing_s/agent_loop/tool_calls/mean:0.0 - timing_s/agent_loop/compute_score/min:0.003661181777715683 - timing_s/agent_loop/compute_score/max:0.016033937223255634 - timing_s/agent_loop/compute_score/mean:0.0059054046287201345 - timing_s/agent_loop/slowest/generate_sequences:1.840449871495366 - timing_s/agent_loop/slowest/tool_calls:0.0 - timing_s/agent_loop/slowest/compute_score:0.006326871924102306 - timing_s/agent_loop/slowest/num_preempted:-1 - timing_s/agent_loop/slowest/prompt_length:98 - timing_s/agent_loop/slowest/response_length:512 - timing_s/gen:2.422148944810033 - timing_s/reward:1.1360272765159607e-05 - timing_s/old_log_prob:0.7488983049988747 - timing_s/ref:2.3025809228420258 - timing_s/adv:0.0024590706452727318 - timing_s/update_actor:2.5292052971199155 - timing_s/update_weights:0.9101459169760346 - timing_s/step:8.95400436129421 - timing_s/stop_profile:7.991865277290344e-05 - timing_per_token_ms/ref:0.053108702897915534 - timing_per_token_ms/gen:0.07844762743911235 - timing_per_token_ms/update_actor:0.058335761996492194 - timing_per_token_ms/adv:5.671811618398219e-05 - perf/total_num_tokens:43356 - perf/time_per_step:8.95400436129421 - perf/throughput:4842.079392703505
[36m(WorkerDict pid=776530)[0m INFO:2026-07-25 14:24:34,991:update_weights done, time cost: 0.49s
[36m(TaskRunner pid=776037)[0m Training Progress:  93%|█████████▎| 186/200 [29:39<02:10,  9.33s/it]
[36m(WorkerDict pid=776530)[0m INFO:2026-07-25 14:24:43,995:update_weights done, time cost: 0.48s
[36m(TaskRunner pid=776037)[0m Training Progress:  94%|█████████▎| 187/200 [29:48<01:59,  9.23s/it]
[36m(TaskRunner pid=776037)[0m step:185 - global_seqlen/min:44198 - global_seqlen/max:44198 - global_seqlen/minmax_diff:0 - global_seqlen/balanced_min:44198 - global_seqlen/balanced_max:44198 - global_seqlen/mean:44198.0 - actor/entropy:0.062395114451646805 - perf/mfu/actor_infer:0.23581696002961483 - actor/pg_clipfrac:0.0004113843497179914 - actor/ppo_kl:-3.492457017273409e-05 - actor/pg_clipfrac_lower:0.0 - actor/pg_loss:-0.007279706886038184 - actor/kl_loss:0.04997210577130318 - actor/kl_coef:0.001 - actor/loss:-0.00722973607480526 - actor/grad_norm:0.5894954800605774 - actor/perf/max_memory_allocated_gb:29.571680545806885 - actor/perf/max_memory_reserved_gb:41.203125 - actor/perf/cpu_memory_used_gb:24.882658004760742 - actor/lr:1e-06 - perf/mfu/actor:0.19421418778422814 - training/global_step:185 - training/epoch:1 - critic/score/mean:0.9296875 - critic/score/max:1.0 - critic/score/min:0.0 - critic/rewards/mean:0.9296875 - critic/rewards/max:1.0 - critic/rewards/min:0.0 - critic/advantages/mean:0.007226735353469849 - critic/advantages/max:0.7245674133300781 - critic/advantages/min:-1.20761239528656 - critic/returns/mean:0.007226735353469849 - critic/returns/max:0.7245674133300781 - critic/returns/min:-1.20761239528656 - response_length/mean:245.171875 - response_length/max:512.0 - response_length/min:127.0 - response_length/clip_ratio:0.0078125 - response_length_non_aborted/mean:245.171875 - response_length_non_aborted/max:512.0 - response_length_non_aborted/min:127.0 - response_length_non_aborted/clip_ratio:0.0078125 - response/aborted_ratio:0.0 - prompt_length/mean:100.125 - prompt_length/max:151.0 - prompt_length/min:76.0 - prompt_length/clip_ratio:0.0 - num_turns/min:2 - num_turns/max:2 - num_turns/mean:2.0 - timing_s/start_profile:0.00012580957263708115 - timing_s/agent_loop/num_preempted/min:-1 - timing_s/agent_loop/num_preempted/max:-1 - timing_s/agent_loop/num_preempted/mean:-1.0 - timing_s/agent_loop/generate_sequences/min:0.6679599937051535 - timing_s/agent_loop/generate_sequences/max:1.878003440797329 - timing_s/agent_loop/generate_sequences/mean:1.1146387902044808 - timing_s/agent_loop/tool_calls/min:0.0 - timing_s/agent_loop/tool_calls/max:0.0 - timing_s/agent_loop/tool_calls/mean:0.0 - timing_s/agent_loop/compute_score/min:0.0038643907755613327 - timing_s/agent_loop/compute_score/max:0.015640739351511 - timing_s/agent_loop/compute_score/mean:0.005790714196336921 - timing_s/agent_loop/slowest/generate_sequences:1.878003440797329 - timing_s/agent_loop/slowest/tool_calls:0.0 - timing_s/agent_loop/slowest/compute_score:0.006035752594470978 - timing_s/agent_loop/slowest/num_preempted:-1 - timing_s/agent_loop/slowest/prompt_length:150 - timing_s/agent_loop/slowest/response_length:512 - timing_s/gen:2.45117627363652 - timing_s/reward:1.9249506294727325e-05 - timing_s/old_log_prob:0.7709330040961504 - timing_s/ref:2.7241985090076923 - timing_s/adv:0.0013027684763073921 - timing_s/update_actor:2.5823124144226313 - timing_s/update_weights:0.9065912589430809 - timing_s/step:9.485926478169858 - timing_s/stop_profile:7.573887705802917e-05 - timing_per_token_ms/ref:0.06163623940014689 - timing_per_token_ms/gen:0.07810771377338983 - timing_per_token_ms/update_actor:0.05842600150284247 - timing_per_token_ms/adv:2.9475733660061364e-05 - perf/total_num_tokens:44198 - perf/time_per_step:9.485926478169858 - perf/throughput:4659.323483237372
[36m(TaskRunner pid=776037)[0m step:186 - global_seqlen/min:51516 - global_seqlen/max:51516 - global_seqlen/minmax_diff:0 - global_seqlen/balanced_min:51516 - global_seqlen/balanced_max:51516 - global_seqlen/mean:51516.0 - actor/entropy:0.050702765583992004 - perf/mfu/actor_infer:0.25353407687987556 - actor/pg_clipfrac:0.0004132446410949342 - actor/ppo_kl:-0.0001901215147199764 - actor/pg_clipfrac_lower:0.0 - actor/pg_loss:0.021201420458965003 - actor/kl_loss:0.041315517853945494 - actor/kl_coef:0.001 - actor/loss:0.021242734044790268 - actor/grad_norm:0.9208508729934692 - actor/perf/max_memory_allocated_gb:29.571680545806885 - actor/perf/max_memory_reserved_gb:41.203125 - actor/perf/cpu_memory_used_gb:24.853378295898438 - actor/lr:1e-06 - perf/mfu/actor:0.21381879965769413 - training/global_step:186 - training/epoch:1 - critic/score/mean:0.8984375 - critic/score/max:1.0 - critic/score/min:0.0 - critic/rewards/mean:0.8984375 - critic/rewards/max:1.0 - critic/rewards/min:0.0 - critic/advantages/mean:-0.021083787083625793 - critic/advantages/max:0.935412585735321 - critic/advantages/min:-2.4748666286468506 - critic/returns/mean:-0.021083787083625793 - critic/returns/max:0.935412585735321 - critic/returns/min:-2.4748666286468506 - response_length/mean:296.71875 - response_length/max:512.0 - response_length/min:124.0 - response_length/clip_ratio:0.015625 - response_length_non_aborted/mean:296.71875 - response_length_non_aborted/max:512.0 - response_length_non_aborted/min:124.0 - response_length_non_aborted/clip_ratio:0.015625 - response/aborted_ratio:0.0 - prompt_length/mean:105.75 - prompt_length/max:163.0 - prompt_length/min:68.0 - prompt_length/clip_ratio:0.0 - num_turns/min:2 - num_turns/max:2 - num_turns/mean:2.0 - timing_s/start_profile:7.527880370616913e-05 - timing_s/agent_loop/num_preempted/min:-1 - timing_s/agent_loop/num_preempted/max:-1 - timing_s/agent_loop/num_preempted/mean:-1.0 - timing_s/agent_loop/generate_sequences/min:0.6468845577910542 - timing_s/agent_loop/generate_sequences/max:2.0105259716510773 - timing_s/agent_loop/generate_sequences/mean:1.3519516789674526 - timing_s/agent_loop/tool_calls/min:0.0 - timing_s/agent_loop/tool_calls/max:0.0 - timing_s/agent_loop/tool_calls/mean:0.0 - timing_s/agent_loop/compute_score/min:0.0036986209452152252 - timing_s/agent_loop/compute_score/max:0.013116328045725822 - timing_s/agent_loop/compute_score/mean:0.005922210824792273 - timing_s/agent_loop/slowest/generate_sequences:2.0105259716510773 - timing_s/agent_loop/slowest/tool_calls:0.0 - timing_s/agent_loop/slowest/compute_score:0.006319320760667324 - timing_s/agent_loop/slowest/num_preempted:-1 - timing_s/agent_loop/slowest/prompt_length:104 - timing_s/agent_loop/slowest/response_length:510 - timing_s/gen:2.603898109868169 - timing_s/reward:1.784972846508026e-05 - timing_s/old_log_prob:0.8204487171024084 - timing_s/ref:2.3331624567508698 - timing_s/adv:0.0034352941438555717 - timing_s/update_actor:2.751820385456085 - timing_s/update_weights:0.9038540339097381 - timing_s/step:9.465878246352077 - timing_s/stop_profile:7.659941911697388e-05 - timing_per_token_ms/ref:0.04529005467720455 - timing_per_token_ms/gen:0.06855971853260055 - timing_per_token_ms/update_actor:0.053416810029041174 - timing_per_token_ms/adv:6.668402329093042e-05 - perf/total_num_tokens:51516 - perf/time_per_step:9.465878246352077 - perf/throughput:5442.284240223884
[36m(WorkerDict pid=776530)[0m INFO:2026-07-25 14:24:52,616:update_weights done, time cost: 0.47s
[36m(TaskRunner pid=776037)[0m Training Progress:  94%|█████████▍| 188/200 [29:57<01:48,  9.04s/it]
[36m(WorkerDict pid=776530)[0m INFO:2026-07-25 14:25:01,697:update_weights done, time cost: 0.47s
[36m(TaskRunner pid=776037)[0m Training Progress:  94%|█████████▍| 189/200 [30:06<01:39,  9.06s/it]
[36m(TaskRunner pid=776037)[0m step:187 - global_seqlen/min:44825 - global_seqlen/max:44825 - global_seqlen/minmax_diff:0 - global_seqlen/balanced_min:44825 - global_seqlen/balanced_max:44825 - global_seqlen/mean:44825.0 - actor/entropy:0.05553095042705536 - perf/mfu/actor_infer:0.24046030212365166 - actor/pg_clipfrac:0.0007004415820119902 - actor/ppo_kl:1.9966059198850417e-05 - actor/pg_clipfrac_lower:0.0 - actor/pg_loss:-0.00932213687337935 - actor/kl_loss:0.055481562740169466 - actor/kl_coef:0.001 - actor/loss:-0.009266655892133713 - actor/grad_norm:0.6627446413040161 - actor/perf/max_memory_allocated_gb:29.571680545806885 - actor/perf/max_memory_reserved_gb:41.203125 - actor/perf/cpu_memory_used_gb:24.864173889160156 - actor/lr:1e-06 - perf/mfu/actor:0.20083603617916074 - training/global_step:187 - training/epoch:1 - critic/score/mean:0.9453125 - critic/score/max:1.0 - critic/score/min:0.0 - critic/rewards/mean:0.9453125 - critic/rewards/max:1.0 - critic/rewards/min:0.0 - critic/advantages/mean:0.008965497836470604 - critic/advantages/max:0.7245674133300781 - critic/advantages/min:-2.4748666286468506 - critic/returns/mean:0.008965497836470604 - critic/returns/max:0.7245674133300781 - critic/returns/min:-2.4748666286468506 - response_length/mean:260.0078125 - response_length/max:480.0 - response_length/min:141.0 - response_length/clip_ratio:0.0 - response_length_non_aborted/mean:260.0078125 - response_length_non_aborted/max:480.0 - response_length_non_aborted/min:141.0 - response_length_non_aborted/clip_ratio:0.0 - response/aborted_ratio:0.0 - prompt_length/mean:90.1875 - prompt_length/max:120.0 - prompt_length/min:66.0 - prompt_length/clip_ratio:0.0 - num_turns/min:2 - num_turns/max:2 - num_turns/mean:2.0 - timing_s/start_profile:8.499901741743088e-05 - timing_s/agent_loop/num_preempted/min:-1 - timing_s/agent_loop/num_preempted/max:-1 - timing_s/agent_loop/num_preempted/mean:-1.0 - timing_s/agent_loop/generate_sequences/min:0.7300664940848947 - timing_s/agent_loop/generate_sequences/max:1.8398573016747832 - timing_s/agent_loop/generate_sequences/mean:1.1975033194103162 - timing_s/agent_loop/tool_calls/min:0.0 - timing_s/agent_loop/tool_calls/max:0.0 - timing_s/agent_loop/tool_calls/mean:0.0 - timing_s/agent_loop/compute_score/min:0.003727151080965996 - timing_s/agent_loop/compute_score/max:0.013281037099659443 - timing_s/agent_loop/compute_score/mean:0.005425629831734113 - timing_s/agent_loop/slowest/generate_sequences:1.8398573016747832 - timing_s/agent_loop/slowest/tool_calls:0.0 - timing_s/agent_loop/slowest/compute_score:0.005444508045911789 - timing_s/agent_loop/slowest/num_preempted:-1 - timing_s/agent_loop/slowest/prompt_length:120 - timing_s/agent_loop/slowest/response_length:480 - timing_s/gen:2.424179927445948 - timing_s/reward:1.3628974556922913e-05 - timing_s/old_log_prob:0.760086314752698 - timing_s/ref:2.323270590044558 - timing_s/adv:0.0023661917075514793 - timing_s/update_actor:2.547514485195279 - timing_s/update_weights:0.8815941046923399 - timing_s/step:8.988269611261785 - timing_s/stop_profile:7.884949445724487e-05 - timing_per_token_ms/ref:0.05182979565074307 - timing_per_token_ms/gen:0.0728397562406763 - timing_per_token_ms/update_actor:0.05683244808020701 - timing_per_token_ms/adv:5.278732197549312e-05 - perf/total_num_tokens:44825 - perf/time_per_step:8.988269611261785 - perf/throughput:4987.0555667174085
[36m(TaskRunner pid=776037)[0m step:188 - global_seqlen/min:42517 - global_seqlen/max:42517 - global_seqlen/minmax_diff:0 - global_seqlen/balanced_min:42517 - global_seqlen/balanced_max:42517 - global_seqlen/mean:42517.0 - actor/entropy:0.05117477476596832 - perf/mfu/actor_infer:0.23925619988838334 - actor/pg_clipfrac:0.00045924105506855994 - actor/ppo_kl:-1.6445407084120234e-05 - actor/pg_clipfrac_lower:0.0 - actor/pg_loss:0.0010216506198048592 - actor/kl_loss:0.06084971455857158 - actor/kl_coef:0.001 - actor/loss:0.001082499511539936 - actor/grad_norm:0.5633284896612167 - actor/perf/max_memory_allocated_gb:29.571680545806885 - actor/perf/max_memory_reserved_gb:41.203125 - actor/perf/cpu_memory_used_gb:24.864288330078125 - actor/lr:1e-06 - perf/mfu/actor:0.19666231795890082 - training/global_step:188 - training/epoch:1 - critic/score/mean:0.9375 - critic/score/max:1.0 - critic/score/min:0.0 - critic/rewards/mean:0.9375 - critic/rewards/max:1.0 - critic/rewards/min:0.0 - critic/advantages/mean:-0.0008809745195321739 - critic/advantages/max:0.935412585735321 - critic/advantages/min:-2.4748666286468506 - critic/returns/mean:-0.0008809745195321739 - critic/returns/max:0.935412585735321 - critic/returns/min:-2.4748666286468506 - response_length/mean:236.7265625 - response_length/max:405.0 - response_length/min:119.0 - response_length/clip_ratio:0.0 - response_length_non_aborted/mean:236.7265625 - response_length_non_aborted/max:405.0 - response_length_non_aborted/min:119.0 - response_length_non_aborted/clip_ratio:0.0 - response/aborted_ratio:0.0 - prompt_length/mean:95.4375 - prompt_length/max:136.0 - prompt_length/min:70.0 - prompt_length/clip_ratio:0.0 - num_turns/min:2 - num_turns/max:2 - num_turns/mean:2.0 - timing_s/start_profile:9.592808783054352e-05 - timing_s/agent_loop/num_preempted/min:-1 - timing_s/agent_loop/num_preempted/max:-1 - timing_s/agent_loop/num_preempted/mean:-1.0 - timing_s/agent_loop/generate_sequences/min:0.6179985497146845 - timing_s/agent_loop/generate_sequences/max:1.5957605699077249 - timing_s/agent_loop/generate_sequences/mean:1.1188591278114473 - timing_s/agent_loop/tool_calls/min:0.0 - timing_s/agent_loop/tool_calls/max:0.0 - timing_s/agent_loop/tool_calls/mean:0.0 - timing_s/agent_loop/compute_score/min:0.0028258776292204857 - timing_s/agent_loop/compute_score/max:0.01969524659216404 - timing_s/agent_loop/compute_score/mean:0.00582262654643273 - timing_s/agent_loop/slowest/generate_sequences:1.5957605699077249 - timing_s/agent_loop/slowest/tool_calls:0.0 - timing_s/agent_loop/slowest/compute_score:0.004899941384792328 - timing_s/agent_loop/slowest/num_preempted:-1 - timing_s/agent_loop/slowest/prompt_length:112 - timing_s/agent_loop/slowest/response_length:405 - timing_s/gen:2.166888360865414 - timing_s/reward:1.6650184988975525e-05 - timing_s/old_log_prob:0.7290443880483508 - timing_s/ref:2.3089433340355754 - timing_s/adv:0.0034342529252171516 - timing_s/update_actor:2.481027062982321 - timing_s/update_weights:0.8748096665367484 - timing_s/step:8.613026835024357 - timing_s/stop_profile:8.221901953220367e-05 - timing_per_token_ms/ref:0.054306355905533676 - timing_per_token_ms/gen:0.0715121072197424 - timing_per_token_ms/update_actor:0.05835376585794672 - timing_per_token_ms/adv:8.077364172489009e-05 - perf/total_num_tokens:42517 - perf/time_per_step:8.613026835024357 - perf/throughput:4936.359866790054
[36m(WorkerDict pid=776530)[0m INFO:2026-07-25 14:25:10,742:update_weights done, time cost: 0.47s
[36m(TaskRunner pid=776037)[0m Training Progress:  95%|█████████▌| 190/200 [30:15<01:30,  9.06s/it]
[36m(WorkerDict pid=776530)[0m INFO:2026-07-25 14:25:20,144:update_weights done, time cost: 0.47s
[36m(TaskRunner pid=776037)[0m Training Progress:  96%|█████████▌| 191/200 [30:24<01:22,  9.16s/it]
[36m(TaskRunner pid=776037)[0m step:189 - global_seqlen/min:47146 - global_seqlen/max:47146 - global_seqlen/minmax_diff:0 - global_seqlen/balanced_min:47146 - global_seqlen/balanced_max:47146 - global_seqlen/mean:47146.0 - actor/entropy:0.07950030267238617 - perf/mfu/actor_infer:0.24795064260803987 - actor/pg_clipfrac:0.0006318527084658854 - actor/ppo_kl:0.0001148100172940758 - actor/pg_clipfrac_lower:0.0 - actor/pg_loss:0.014116800506599247 - actor/kl_loss:0.06349948537535965 - actor/kl_coef:0.001 - actor/loss:0.014180299127474427 - actor/grad_norm:0.7968494296073914 - actor/perf/max_memory_allocated_gb:29.571680545806885 - actor/perf/max_memory_reserved_gb:41.203125 - actor/perf/cpu_memory_used_gb:24.86544418334961 - actor/lr:1e-06 - perf/mfu/actor:0.20589885690922016 - training/global_step:189 - training/epoch:1 - critic/score/mean:0.859375 - critic/score/max:1.0 - critic/score/min:0.0 - critic/rewards/mean:0.859375 - critic/rewards/max:1.0 - critic/rewards/min:0.0 - critic/advantages/mean:-0.01412286702543497 - critic/advantages/max:2.4748666286468506 - critic/advantages/min:-2.4748666286468506 - critic/returns/mean:-0.01412286702543497 - critic/returns/max:2.4748666286468506 - critic/returns/min:-2.4748666286468506 - response_length/mean:258.765625 - response_length/max:488.0 - response_length/min:144.0 - response_length/clip_ratio:0.0 - response_length_non_aborted/mean:258.765625 - response_length_non_aborted/max:488.0 - response_length_non_aborted/min:144.0 - response_length_non_aborted/clip_ratio:0.0 - response/aborted_ratio:0.0 - prompt_length/mean:109.5625 - prompt_length/max:146.0 - prompt_length/min:72.0 - prompt_length/clip_ratio:0.0 - num_turns/min:2 - num_turns/max:2 - num_turns/mean:2.0 - timing_s/start_profile:7.931888103485107e-05 - timing_s/agent_loop/num_preempted/min:-1 - timing_s/agent_loop/num_preempted/max:-1 - timing_s/agent_loop/num_preempted/mean:-1.0 - timing_s/agent_loop/generate_sequences/min:0.7189867738634348 - timing_s/agent_loop/generate_sequences/max:1.842710847966373 - timing_s/agent_loop/generate_sequences/mean:1.1815121162871947 - timing_s/agent_loop/tool_calls/min:0.0 - timing_s/agent_loop/tool_calls/max:0.0 - timing_s/agent_loop/tool_calls/mean:0.0 - timing_s/agent_loop/compute_score/min:0.004011749289929867 - timing_s/agent_loop/compute_score/max:0.011868077330291271 - timing_s/agent_loop/compute_score/mean:0.005675258886185475 - timing_s/agent_loop/slowest/generate_sequences:1.842710847966373 - timing_s/agent_loop/slowest/tool_calls:0.0 - timing_s/agent_loop/slowest/compute_score:0.004639673978090286 - timing_s/agent_loop/slowest/num_preempted:-1 - timing_s/agent_loop/slowest/prompt_length:98 - timing_s/agent_loop/slowest/response_length:488 - timing_s/gen:2.4224896878004074 - timing_s/reward:1.520942896604538e-05 - timing_s/old_log_prob:0.7769463649019599 - timing_s/ref:2.3314999090507627 - timing_s/adv:0.003445063717663288 - timing_s/update_actor:2.6219990151003003 - timing_s/update_weights:0.8687815004959702 - timing_s/step:9.073356554843485 - timing_s/stop_profile:8.07102769613266e-05 - timing_per_token_ms/ref:0.04945276182604596 - timing_per_token_ms/gen:0.07313838801402112 - timing_per_token_ms/update_actor:0.055614453296150265 - timing_per_token_ms/adv:7.307223768004259e-05 - perf/total_num_tokens:47146 - perf/time_per_step:9.073356554843485 - perf/throughput:5196.092506122533
[36m(TaskRunner pid=776037)[0m step:190 - global_seqlen/min:45286 - global_seqlen/max:45286 - global_seqlen/minmax_diff:0 - global_seqlen/balanced_min:45286 - global_seqlen/balanced_max:45286 - global_seqlen/mean:45286.0 - actor/entropy:0.052721183747053146 - perf/mfu/actor_infer:0.2442056289646035 - actor/pg_clipfrac:0.0006961764665902592 - actor/ppo_kl:6.306956038315548e-06 - actor/pg_clipfrac_lower:0.0 - actor/pg_loss:-0.0031069819815456867 - actor/kl_loss:0.06009523454122245 - actor/kl_coef:0.001 - actor/loss:-0.0030468888580799103 - actor/grad_norm:0.7943446338176727 - actor/perf/max_memory_allocated_gb:29.571680545806885 - actor/perf/max_memory_reserved_gb:41.203125 - actor/perf/cpu_memory_used_gb:24.85947608947754 - actor/lr:1e-06 - perf/mfu/actor:0.20143889876246826 - training/global_step:190 - training/epoch:1 - critic/score/mean:0.8984375 - critic/score/max:1.0 - critic/score/min:0.0 - critic/rewards/mean:0.8984375 - critic/rewards/max:1.0 - critic/rewards/min:0.0 - critic/advantages/mean:0.0024761364329606295 - critic/advantages/max:0.935412585735321 - critic/advantages/min:-2.4748666286468506 - critic/returns/mean:0.0024761364329606295 - critic/returns/max:0.935412585735321 - critic/returns/min:-2.4748666286468506 - response_length/mean:247.734375 - response_length/max:512.0 - response_length/min:132.0 - response_length/clip_ratio:0.0078125 - response_length_non_aborted/mean:247.734375 - response_length_non_aborted/max:512.0 - response_length_non_aborted/min:132.0 - response_length_non_aborted/clip_ratio:0.0078125 - response/aborted_ratio:0.0 - prompt_length/mean:106.0625 - prompt_length/max:154.0 - prompt_length/min:85.0 - prompt_length/clip_ratio:0.0 - num_turns/min:2 - num_turns/max:2 - num_turns/mean:2.0 - timing_s/start_profile:7.492955774068832e-05 - timing_s/agent_loop/num_preempted/min:-1 - timing_s/agent_loop/num_preempted/max:-1 - timing_s/agent_loop/num_preempted/mean:-1.0 - timing_s/agent_loop/generate_sequences/min:0.6556838527321815 - timing_s/agent_loop/generate_sequences/max:1.8928561471402645 - timing_s/agent_loop/generate_sequences/mean:1.138578468351625 - timing_s/agent_loop/tool_calls/min:0.0 - timing_s/agent_loop/tool_calls/max:0.0 - timing_s/agent_loop/tool_calls/mean:0.0 - timing_s/agent_loop/compute_score/min:0.003728330135345459 - timing_s/agent_loop/compute_score/max:0.01613287255167961 - timing_s/agent_loop/compute_score/mean:0.005684108502464369 - timing_s/agent_loop/slowest/generate_sequences:1.8928561471402645 - timing_s/agent_loop/slowest/tool_calls:0.0 - timing_s/agent_loop/slowest/compute_score:0.005087190307676792 - timing_s/agent_loop/slowest/num_preempted:-1 - timing_s/agent_loop/slowest/prompt_length:123 - timing_s/agent_loop/slowest/response_length:512 - timing_s/gen:2.4942050129175186 - timing_s/reward:1.6149133443832397e-05 - timing_s/old_log_prob:0.7515041353181005 - timing_s/ref:2.3046738114207983 - timing_s/adv:0.0023667719215154648 - timing_s/update_actor:2.5649659167975187 - timing_s/update_weights:0.8978335112333298 - timing_s/step:9.06486679147929 - timing_s/stop_profile:8.17989930510521e-05 - timing_per_token_ms/ref:0.050891529643174456 - timing_per_token_ms/gen:0.07865673329919642 - timing_per_token_ms/update_actor:0.05663926857743053 - timing_per_token_ms/adv:5.226277263426809e-05 - perf/total_num_tokens:45286 - perf/time_per_step:9.06486679147929 - perf/throughput:4995.77115050025
[36m(WorkerDict pid=776530)[0m INFO:2026-07-25 14:25:29,403:update_weights done, time cost: 0.47s
[36m(TaskRunner pid=776037)[0m Training Progress:  96%|█████████▌| 192/200 [30:33<01:13,  9.19s/it]
[36m(WorkerDict pid=776530)[0m INFO:2026-07-25 14:25:38,835:update_weights done, time cost: 0.49s
[36m(TaskRunner pid=776037)[0m Training Progress:  96%|█████████▋| 193/200 [30:43<01:04,  9.27s/it]
[36m(TaskRunner pid=776037)[0m step:191 - global_seqlen/min:45878 - global_seqlen/max:45878 - global_seqlen/minmax_diff:0 - global_seqlen/balanced_min:45878 - global_seqlen/balanced_max:45878 - global_seqlen/mean:45878.0 - actor/entropy:0.0559675432741642 - perf/mfu/actor_infer:0.24429183168350732 - actor/pg_clipfrac:0.0004343134532973636 - actor/ppo_kl:-3.441572198426002e-05 - actor/pg_clipfrac_lower:0.0 - actor/pg_loss:-0.00883300811983645 - actor/kl_loss:0.06352377007715404 - actor/kl_coef:0.001 - actor/loss:-0.008769485168159008 - actor/grad_norm:0.7280177474021912 - actor/perf/max_memory_allocated_gb:29.571680545806885 - actor/perf/max_memory_reserved_gb:41.203125 - actor/perf/cpu_memory_used_gb:24.856956481933594 - actor/lr:1e-06 - perf/mfu/actor:0.20522250427985012 - training/global_step:191 - training/epoch:1 - critic/score/mean:0.9609375 - critic/score/max:1.0 - critic/score/min:0.0 - critic/rewards/mean:0.9609375 - critic/rewards/max:1.0 - critic/rewards/min:0.0 - critic/advantages/mean:0.009042716585099697 - critic/advantages/max:0.5400605201721191 - critic/advantages/min:-2.4748666286468506 - critic/returns/mean:0.009042716585099697 - critic/returns/max:0.5400605201721191 - critic/returns/min:-2.4748666286468506 - response_length/mean:261.734375 - response_length/max:490.0 - response_length/min:137.0 - response_length/clip_ratio:0.0 - response_length_non_aborted/mean:261.734375 - response_length_non_aborted/max:490.0 - response_length_non_aborted/min:137.0 - response_length_non_aborted/clip_ratio:0.0 - response/aborted_ratio:0.0 - prompt_length/mean:96.6875 - prompt_length/max:151.0 - prompt_length/min:67.0 - prompt_length/clip_ratio:0.0 - num_turns/min:2 - num_turns/max:2 - num_turns/mean:2.0 - timing_s/start_profile:8.055847138166428e-05 - timing_s/agent_loop/num_preempted/min:-1 - timing_s/agent_loop/num_preempted/max:-1 - timing_s/agent_loop/num_preempted/mean:-1.0 - timing_s/agent_loop/generate_sequences/min:0.6842834111303091 - timing_s/agent_loop/generate_sequences/max:1.849851398728788 - timing_s/agent_loop/generate_sequences/mean:1.1920934973386466 - timing_s/agent_loop/tool_calls/min:0.0 - timing_s/agent_loop/tool_calls/max:0.0 - timing_s/agent_loop/tool_calls/mean:0.0 - timing_s/agent_loop/compute_score/min:0.0035024620592594147 - timing_s/agent_loop/compute_score/max:0.015934213995933533 - timing_s/agent_loop/compute_score/mean:0.005573475486016832 - timing_s/agent_loop/slowest/generate_sequences:1.849851398728788 - timing_s/agent_loop/slowest/tool_calls:0.0 - timing_s/agent_loop/slowest/compute_score:0.005350887775421143 - timing_s/agent_loop/slowest/num_preempted:-1 - timing_s/agent_loop/slowest/prompt_length:151 - timing_s/agent_loop/slowest/response_length:479 - timing_s/gen:2.4294059816747904 - timing_s/reward:1.5570782124996185e-05 - timing_s/old_log_prob:0.7688309401273727 - timing_s/ref:2.7121658697724342 - timing_s/adv:0.0013184091076254845 - timing_s/update_actor:2.5388185773044825 - timing_s/update_weights:0.8913081400096416 - timing_s/step:9.390545595437288 - timing_s/stop_profile:8.192844688892365e-05 - timing_per_token_ms/ref:0.059116915946040245 - timing_per_token_ms/gen:0.07251525227373859 - timing_per_token_ms/update_actor:0.055338475463282674 - timing_per_token_ms/adv:2.8737283831585608e-05 - perf/total_num_tokens:45878 - perf/time_per_step:9.390545595437288 - perf/throughput:4885.552126203547
[36m(TaskRunner pid=776037)[0m step:192 - global_seqlen/min:49567 - global_seqlen/max:49567 - global_seqlen/minmax_diff:0 - global_seqlen/balanced_min:49567 - global_seqlen/balanced_max:49567 - global_seqlen/mean:49567.0 - actor/entropy:0.06733644008636475 - perf/mfu/actor_infer:0.2550532824523715 - actor/pg_clipfrac:0.0011175064864801243 - actor/ppo_kl:3.229282810934819e-05 - actor/pg_clipfrac_lower:0.0 - actor/pg_loss:0.007222567917779088 - actor/kl_loss:0.06515056942589581 - actor/kl_coef:0.001 - actor/loss:0.007287720218300819 - actor/grad_norm:0.8725149631500244 - actor/perf/max_memory_allocated_gb:29.571680545806885 - actor/perf/max_memory_reserved_gb:41.203125 - actor/perf/cpu_memory_used_gb:24.857830047607422 - actor/lr:1e-06 - perf/mfu/actor:0.2139141473367388 - training/global_step:192 - training/epoch:1 - critic/score/mean:0.75 - critic/score/max:1.0 - critic/score/min:0.0 - critic/rewards/mean:0.75 - critic/rewards/max:1.0 - critic/rewards/min:0.0 - critic/advantages/mean:-0.007318535819649696 - critic/advantages/max:2.4748666286468506 - critic/advantages/min:-2.4748666286468506 - critic/returns/mean:-0.007318535819649696 - critic/returns/max:2.4748666286468506 - critic/returns/min:-2.4748666286468506 - response_length/mean:277.1796875 - response_length/max:512.0 - response_length/min:159.0 - response_length/clip_ratio:0.03125 - response_length_non_aborted/mean:277.1796875 - response_length_non_aborted/max:512.0 - response_length_non_aborted/min:159.0 - response_length_non_aborted/clip_ratio:0.03125 - response/aborted_ratio:0.0 - prompt_length/mean:110.0625 - prompt_length/max:139.0 - prompt_length/min:79.0 - prompt_length/clip_ratio:0.0 - num_turns/min:2 - num_turns/max:2 - num_turns/mean:2.0 - timing_s/start_profile:7.870979607105255e-05 - timing_s/agent_loop/num_preempted/min:-1 - timing_s/agent_loop/num_preempted/max:-1 - timing_s/agent_loop/num_preempted/mean:-1.0 - timing_s/agent_loop/generate_sequences/min:0.7825600374490023 - timing_s/agent_loop/generate_sequences/max:1.9655591771006584 - timing_s/agent_loop/generate_sequences/mean:1.275421289348742 - timing_s/agent_loop/tool_calls/min:0.0 - timing_s/agent_loop/tool_calls/max:0.0 - timing_s/agent_loop/tool_calls/mean:0.0 - timing_s/agent_loop/compute_score/min:0.0038711708039045334 - timing_s/agent_loop/compute_score/max:0.013318104669451714 - timing_s/agent_loop/compute_score/mean:0.005773314987891354 - timing_s/agent_loop/slowest/generate_sequences:1.9655591771006584 - timing_s/agent_loop/slowest/tool_calls:0.0 - timing_s/agent_loop/slowest/compute_score:0.006450919434428215 - timing_s/agent_loop/slowest/num_preempted:-1 - timing_s/agent_loop/slowest/prompt_length:116 - timing_s/agent_loop/slowest/response_length:512 - timing_s/gen:2.5471260705962777 - timing_s/reward:1.5410594642162323e-05 - timing_s/old_log_prob:0.7872951338067651 - timing_s/ref:2.323615925386548 - timing_s/adv:0.003429182805120945 - timing_s/update_actor:2.650613601319492 - timing_s/update_weights:0.8809415698051453 - timing_s/step:9.24218821618706 - timing_s/stop_profile:8.44588503241539e-05 - timing_per_token_ms/ref:0.04687828445107729 - timing_per_token_ms/gen:0.07179249895984323 - timing_per_token_ms/update_actor:0.05347536871950071 - timing_per_token_ms/adv:6.918277896828425e-05 - perf/total_num_tokens:49567 - perf/time_per_step:9.24218821618706 - perf/throughput:5363.123844760788
[36m(WorkerDict pid=776530)[0m INFO:2026-07-25 14:25:48,119:update_weights done, time cost: 0.48s
[36m(TaskRunner pid=776037)[0m Training Progress:  97%|█████████▋| 194/200 [30:52<00:55,  9.27s/it]
[36m(WorkerDict pid=776530)[0m INFO:2026-07-25 14:25:57,346:update_weights done, time cost: 0.47s
[36m(TaskRunner pid=776037)[0m Training Progress:  98%|█████████▊| 195/200 [31:01<00:46,  9.25s/it]
[36m(TaskRunner pid=776037)[0m step:193 - global_seqlen/min:53208 - global_seqlen/max:53208 - global_seqlen/minmax_diff:0 - global_seqlen/balanced_min:53208 - global_seqlen/balanced_max:53208 - global_seqlen/mean:53208.0 - actor/entropy:0.0575694665312767 - perf/mfu/actor_infer:0.2627289822986711 - actor/pg_clipfrac:0.0005685960131813772 - actor/ppo_kl:3.0380181215150515e-06 - actor/pg_clipfrac_lower:0.0 - actor/pg_loss:0.02173362160101533 - actor/kl_loss:0.061029757373034954 - actor/kl_coef:0.001 - actor/loss:0.021794646978378296 - actor/grad_norm:0.7701646685600281 - actor/perf/max_memory_allocated_gb:29.571680545806885 - actor/perf/max_memory_reserved_gb:41.203125 - actor/perf/cpu_memory_used_gb:24.856891632080078 - actor/lr:1e-06 - perf/mfu/actor:0.22297046542464116 - training/global_step:193 - training/epoch:1 - critic/score/mean:0.9140625 - critic/score/max:1.0 - critic/score/min:0.0 - critic/rewards/mean:0.9140625 - critic/rewards/max:1.0 - critic/rewards/min:0.0 - critic/advantages/mean:-0.02207542583346367 - critic/advantages/max:0.7245674133300781 - critic/advantages/min:-2.4748666286468506 - critic/returns/mean:-0.02207542583346367 - critic/returns/max:0.7245674133300781 - critic/returns/min:-2.4748666286468506 - response_length/mean:300.0 - response_length/max:512.0 - response_length/min:169.0 - response_length/clip_ratio:0.0390625 - response_length_non_aborted/mean:300.0 - response_length_non_aborted/max:512.0 - response_length_non_aborted/min:169.0 - response_length_non_aborted/clip_ratio:0.0390625 - response/aborted_ratio:0.0 - prompt_length/mean:115.6875 - prompt_length/max:256.0 - prompt_length/min:82.0 - prompt_length/clip_ratio:0.0 - num_turns/min:2 - num_turns/max:2 - num_turns/mean:2.0 - timing_s/start_profile:7.93086364865303e-05 - timing_s/agent_loop/num_preempted/min:-1 - timing_s/agent_loop/num_preempted/max:-1 - timing_s/agent_loop/num_preempted/mean:-1.0 - timing_s/agent_loop/generate_sequences/min:0.8501325724646449 - timing_s/agent_loop/generate_sequences/max:2.0188015569001436 - timing_s/agent_loop/generate_sequences/mean:1.3940706333814887 - timing_s/agent_loop/tool_calls/min:0.0 - timing_s/agent_loop/tool_calls/max:0.0 - timing_s/agent_loop/tool_calls/mean:0.0 - timing_s/agent_loop/compute_score/min:0.0031262552365660667 - timing_s/agent_loop/compute_score/max:0.014359026215970516 - timing_s/agent_loop/compute_score/mean:0.005655169712554198 - timing_s/agent_loop/slowest/generate_sequences:2.0188015569001436 - timing_s/agent_loop/slowest/tool_calls:0.0 - timing_s/agent_loop/slowest/compute_score:0.00543905608355999 - timing_s/agent_loop/slowest/num_preempted:-1 - timing_s/agent_loop/slowest/prompt_length:256 - timing_s/agent_loop/slowest/response_length:512 - timing_s/gen:2.58872405719012 - timing_s/reward:1.661013811826706e-05 - timing_s/old_log_prob:0.8222958371043205 - timing_s/ref:2.350046589039266 - timing_s/adv:0.003420243039727211 - timing_s/update_actor:2.718725415877998 - timing_s/update_weights:0.9128606449812651 - timing_s/step:9.445324407890439 - timing_s/stop_profile:8.831825107336044e-05 - timing_per_token_ms/ref:0.044167166385492146 - timing_per_token_ms/gen:0.06741468898932605 - timing_per_token_ms/update_actor:0.051096177564990186 - timing_per_token_ms/adv:6.428061644352749e-05 - perf/total_num_tokens:53208 - perf/time_per_step:9.445324407890439 - perf/throughput:5633.2633694985725
[36m(TaskRunner pid=776037)[0m step:194 - global_seqlen/min:50133 - global_seqlen/max:50133 - global_seqlen/minmax_diff:0 - global_seqlen/balanced_min:50133 - global_seqlen/balanced_max:50133 - global_seqlen/mean:50133.0 - actor/entropy:0.05290037393569946 - perf/mfu/actor_infer:0.25704292159659625 - actor/pg_clipfrac:0.0005737697465519886 - actor/ppo_kl:-3.532102164172102e-05 - actor/pg_clipfrac_lower:0.0 - actor/pg_loss:-0.007240504724904895 - actor/kl_loss:0.05826120974961668 - actor/kl_coef:0.001 - actor/loss:-0.007182246074080467 - actor/grad_norm:0.6925140768289566 - actor/perf/max_memory_allocated_gb:29.571680545806885 - actor/perf/max_memory_reserved_gb:41.203125 - actor/perf/cpu_memory_used_gb:24.85658073425293 - actor/lr:1e-06 - perf/mfu/actor:0.21769065302273605 - training/global_step:194 - training/epoch:1 - critic/score/mean:0.8359375 - critic/score/max:1.0 - critic/score/min:0.0 - critic/rewards/mean:0.8359375 - critic/rewards/max:1.0 - critic/rewards/min:0.0 - critic/advantages/mean:0.007004156708717346 - critic/advantages/max:2.4748666286468506 - critic/advantages/min:-2.4748666286468506 - critic/returns/mean:0.007004156708717346 - critic/returns/max:2.4748666286468506 - critic/returns/min:-2.4748666286468506 - response_length/mean:285.7890625 - response_length/max:512.0 - response_length/min:161.0 - response_length/clip_ratio:0.015625 - response_length_non_aborted/mean:285.7890625 - response_length_non_aborted/max:512.0 - response_length_non_aborted/min:161.0 - response_length_non_aborted/clip_ratio:0.015625 - response/aborted_ratio:0.0 - prompt_length/mean:105.875 - prompt_length/max:162.0 - prompt_length/min:70.0 - prompt_length/clip_ratio:0.0 - num_turns/min:2 - num_turns/max:2 - num_turns/mean:2.0 - timing_s/start_profile:7.809046655893326e-05 - timing_s/agent_loop/num_preempted/min:-1 - timing_s/agent_loop/num_preempted/max:-1 - timing_s/agent_loop/num_preempted/mean:-1.0 - timing_s/agent_loop/generate_sequences/min:0.8191090682521462 - timing_s/agent_loop/generate_sequences/max:1.9685995569452643 - timing_s/agent_loop/generate_sequences/mean:1.3121559769424493 - timing_s/agent_loop/tool_calls/min:0.0 - timing_s/agent_loop/tool_calls/max:0.0 - timing_s/agent_loop/tool_calls/mean:0.0 - timing_s/agent_loop/compute_score/min:0.003879728727042675 - timing_s/agent_loop/compute_score/max:0.0196469034999609 - timing_s/agent_loop/compute_score/mean:0.005842866288730875 - timing_s/agent_loop/slowest/generate_sequences:1.9685995569452643 - timing_s/agent_loop/slowest/tool_calls:0.0 - timing_s/agent_loop/slowest/compute_score:0.004394344985485077 - timing_s/agent_loop/slowest/num_preempted:-1 - timing_s/agent_loop/slowest/prompt_length:110 - timing_s/agent_loop/slowest/response_length:512 - timing_s/gen:2.5620007365942 - timing_s/reward:1.4649704098701477e-05 - timing_s/old_log_prob:0.7920547481626272 - timing_s/ref:2.3348885532468557 - timing_s/adv:0.003409702330827713 - timing_s/update_actor:2.6316660344600677 - timing_s/update_weights:0.9002274936065078 - timing_s/step:9.272184828296304 - timing_s/stop_profile:8.672848343849182e-05 - timing_per_token_ms/ref:0.04657388453208178 - timing_per_token_ms/gen:0.07003637780799322 - timing_per_token_ms/update_actor:0.05249368748050322 - timing_per_token_ms/adv:6.801313168626878e-05 - perf/total_num_tokens:50133 - perf/time_per_step:9.272184828296304 - perf/throughput:5406.816292855497
[36m(WorkerDict pid=776530)[0m INFO:2026-07-25 14:26:06,677:update_weights done, time cost: 0.47s
[36m(TaskRunner pid=776037)[0m Training Progress:  98%|█████████▊| 196/200 [31:11<00:37,  9.28s/it]
[36m(WorkerDict pid=776530)[0m INFO:2026-07-25 14:26:16,015:update_weights done, time cost: 0.47s
[36m(TaskRunner pid=776037)[0m Training Progress:  98%|█████████▊| 197/200 [31:20<00:27,  9.30s/it]
[36m(TaskRunner pid=776037)[0m step:195 - global_seqlen/min:48919 - global_seqlen/max:48919 - global_seqlen/minmax_diff:0 - global_seqlen/balanced_min:48919 - global_seqlen/balanced_max:48919 - global_seqlen/mean:48919.0 - actor/entropy:0.07116086035966873 - perf/mfu/actor_infer:0.2516957862128014 - actor/pg_clipfrac:0.0005997926218697103 - actor/ppo_kl:6.86842086707884e-05 - actor/pg_clipfrac_lower:0.0 - actor/pg_loss:0.002757046604529023 - actor/kl_loss:0.06843748083338141 - actor/kl_coef:0.001 - actor/loss:0.0028254848439246416 - actor/grad_norm:1.0176564455032349 - actor/perf/max_memory_allocated_gb:29.571680545806885 - actor/perf/max_memory_reserved_gb:41.203125 - actor/perf/cpu_memory_used_gb:24.86273765563965 - actor/lr:1e-06 - perf/mfu/actor:0.21379177431643517 - training/global_step:195 - training/epoch:1 - critic/score/mean:0.875 - critic/score/max:1.0 - critic/score/min:0.0 - critic/rewards/mean:0.875 - critic/rewards/max:1.0 - critic/rewards/min:0.0 - critic/advantages/mean:-0.002678360091522336 - critic/advantages/max:2.4748666286468506 - critic/advantages/min:-2.4748666286468506 - critic/returns/mean:-0.002678360091522336 - critic/returns/max:2.4748666286468506 - critic/returns/min:-2.4748666286468506 - response_length/mean:273.4296875 - response_length/max:512.0 - response_length/min:128.0 - response_length/clip_ratio:0.0234375 - response_length_non_aborted/mean:273.4296875 - response_length_non_aborted/max:512.0 - response_length_non_aborted/min:128.0 - response_length_non_aborted/clip_ratio:0.0234375 - response/aborted_ratio:0.0 - prompt_length/mean:108.75 - prompt_length/max:177.0 - prompt_length/min:73.0 - prompt_length/clip_ratio:0.0 - num_turns/min:2 - num_turns/max:2 - num_turns/mean:2.0 - timing_s/start_profile:7.545016705989838e-05 - timing_s/agent_loop/num_preempted/min:-1 - timing_s/agent_loop/num_preempted/max:-1 - timing_s/agent_loop/num_preempted/mean:-1.0 - timing_s/agent_loop/generate_sequences/min:0.6065058438107371 - timing_s/agent_loop/generate_sequences/max:1.9531063036993146 - timing_s/agent_loop/generate_sequences/mean:1.2251033807406202 - timing_s/agent_loop/tool_calls/min:0.0 - timing_s/agent_loop/tool_calls/max:0.0 - timing_s/agent_loop/tool_calls/mean:0.0 - timing_s/agent_loop/compute_score/min:0.004126966930925846 - timing_s/agent_loop/compute_score/max:0.009265486150979996 - timing_s/agent_loop/compute_score/mean:0.005495317360328045 - timing_s/agent_loop/slowest/generate_sequences:1.9531063036993146 - timing_s/agent_loop/slowest/tool_calls:0.0 - timing_s/agent_loop/slowest/compute_score:0.006173901259899139 - timing_s/agent_loop/slowest/num_preempted:-1 - timing_s/agent_loop/slowest/prompt_length:97 - timing_s/agent_loop/slowest/response_length:512 - timing_s/gen:2.5654464196413755 - timing_s/reward:1.5430152416229248e-05 - timing_s/old_log_prob:0.7869917694479227 - timing_s/ref:2.316189997829497 - timing_s/adv:0.0034206127747893333 - timing_s/update_actor:2.6132856300100684 - timing_s/update_weights:0.8640630124136806 - timing_s/step:9.198592749424279 - timing_s/stop_profile:7.881969213485718e-05 - timing_per_token_ms/ref:0.047347451865931374 - timing_per_token_ms/gen:0.07330056343442314 - timing_per_token_ms/update_actor:0.05342066743003881 - timing_per_token_ms/adv:6.992401264926375e-05 - perf/total_num_tokens:48919 - perf/time_per_step:9.198592749424279 - perf/throughput:5318.096075409116
[36m(TaskRunner pid=776037)[0m step:196 - global_seqlen/min:52028 - global_seqlen/max:52028 - global_seqlen/minmax_diff:0 - global_seqlen/balanced_min:52028 - global_seqlen/balanced_max:52028 - global_seqlen/mean:52028.0 - actor/entropy:0.05862283706665039 - perf/mfu/actor_infer:0.2576931711431902 - actor/pg_clipfrac:0.000848106272314908 - actor/ppo_kl:-0.00016492254871991463 - actor/pg_clipfrac_lower:0.0 - actor/pg_loss:0.0031137481273617595 - actor/kl_loss:0.058805286418646574 - actor/kl_coef:0.001 - actor/loss:0.003172554075717926 - actor/grad_norm:0.8423633575439453 - actor/perf/max_memory_allocated_gb:29.571680545806885 - actor/perf/max_memory_reserved_gb:41.203125 - actor/perf/cpu_memory_used_gb:24.88422393798828 - actor/lr:1e-06 - perf/mfu/actor:0.2190525267877895 - training/global_step:196 - training/epoch:1 - critic/score/mean:0.7421875 - critic/score/max:1.0 - critic/score/min:0.0 - critic/rewards/mean:0.7421875 - critic/rewards/max:1.0 - critic/rewards/min:0.0 - critic/advantages/mean:-0.0032010693103075027 - critic/advantages/max:2.4748666286468506 - critic/advantages/min:-2.4748666286468506 - critic/returns/mean:-0.0032010693103075027 - critic/returns/max:2.4748666286468506 - critic/returns/min:-2.4748666286468506 - response_length/mean:300.28125 - response_length/max:501.0 - response_length/min:151.0 - response_length/clip_ratio:0.0 - response_length_non_aborted/mean:300.28125 - response_length_non_aborted/max:501.0 - response_length_non_aborted/min:151.0 - response_length_non_aborted/clip_ratio:0.0 - response/aborted_ratio:0.0 - prompt_length/mean:106.1875 - prompt_length/max:143.0 - prompt_length/min:83.0 - prompt_length/clip_ratio:0.0 - num_turns/min:2 - num_turns/max:2 - num_turns/mean:2.0 - timing_s/start_profile:9.379815310239792e-05 - timing_s/agent_loop/num_preempted/min:-1 - timing_s/agent_loop/num_preempted/max:-1 - timing_s/agent_loop/num_preempted/mean:-1.0 - timing_s/agent_loop/generate_sequences/min:0.7734676245599985 - timing_s/agent_loop/generate_sequences/max:1.9719037087634206 - timing_s/agent_loop/generate_sequences/mean:1.3843107376451371 - timing_s/agent_loop/tool_calls/min:0.0 - timing_s/agent_loop/tool_calls/max:0.0 - timing_s/agent_loop/tool_calls/mean:0.0 - timing_s/agent_loop/compute_score/min:0.0023213112726807594 - timing_s/agent_loop/compute_score/max:0.01718528289347887 - timing_s/agent_loop/compute_score/mean:0.005926594043557998 - timing_s/agent_loop/slowest/generate_sequences:1.9719037087634206 - timing_s/agent_loop/slowest/tool_calls:0.0 - timing_s/agent_loop/slowest/compute_score:0.005879043601453304 - timing_s/agent_loop/slowest/num_preempted:-1 - timing_s/agent_loop/slowest/prompt_length:101 - timing_s/agent_loop/slowest/response_length:501 - timing_s/gen:2.5283897956833243 - timing_s/reward:1.4589168131351471e-05 - timing_s/old_log_prob:0.8167873527854681 - timing_s/ref:2.3421655474230647 - timing_s/adv:0.0034833718091249466 - timing_s/update_actor:2.7169908797368407 - timing_s/update_weights:0.8903074823319912 - timing_s/step:9.34738272614777 - timing_s/stop_profile:8.175894618034363e-05 - timing_per_token_ms/ref:0.04501740500159654 - timing_per_token_ms/gen:0.0657818138121377 - timing_per_token_ms/update_actor:0.052221705230584316 - timing_per_token_ms/adv:6.695186840018733e-05 - perf/total_num_tokens:52028 - perf/time_per_step:9.34738272614777 - perf/throughput:5566.05004034554
[36m(WorkerDict pid=776530)[0m INFO:2026-07-25 14:26:24,940:update_weights done, time cost: 0.48s
[36m(TaskRunner pid=776037)[0m Training Progress:  99%|█████████▉| 198/200 [31:29<00:18,  9.19s/it]
[36m(WorkerDict pid=776530)[0m INFO:2026-07-25 14:26:34,540:update_weights done, time cost: 0.48s
[36m(TaskRunner pid=776037)[0m Training Progress: 100%|█████████▉| 199/200 [31:39<00:09,  9.30s/it]
[36m(TaskRunner pid=776037)[0m step:197 - global_seqlen/min:47408 - global_seqlen/max:47408 - global_seqlen/minmax_diff:0 - global_seqlen/balanced_min:47408 - global_seqlen/balanced_max:47408 - global_seqlen/mean:47408.0 - actor/entropy:0.041592858731746674 - perf/mfu/actor_infer:0.244882935532159 - actor/pg_clipfrac:0.0005728805917897262 - actor/ppo_kl:-0.0002474511381933553 - actor/pg_clipfrac_lower:0.0 - actor/pg_loss:-0.022337194823194295 - actor/kl_loss:0.06230653007514775 - actor/kl_coef:0.001 - actor/loss:-0.022274890914559364 - actor/grad_norm:0.7105748355388641 - actor/perf/max_memory_allocated_gb:29.571680545806885 - actor/perf/max_memory_reserved_gb:41.203125 - actor/perf/cpu_memory_used_gb:24.88677406311035 - actor/lr:1e-06 - perf/mfu/actor:0.20900556412310636 - training/global_step:197 - training/epoch:1 - critic/score/mean:0.9140625 - critic/score/max:1.0 - critic/score/min:0.0 - critic/rewards/mean:0.9140625 - critic/rewards/max:1.0 - critic/rewards/min:0.0 - critic/advantages/mean:0.02268075942993164 - critic/advantages/max:0.935412585735321 - critic/advantages/min:-2.4748666286468506 - critic/returns/mean:0.02268075942993164 - critic/returns/max:0.935412585735321 - critic/returns/min:-2.4748666286468506 - response_length/mean:271.75 - response_length/max:458.0 - response_length/min:132.0 - response_length/clip_ratio:0.0 - response_length_non_aborted/mean:271.75 - response_length_non_aborted/max:458.0 - response_length_non_aborted/min:132.0 - response_length_non_aborted/clip_ratio:0.0 - response/aborted_ratio:0.0 - prompt_length/mean:98.625 - prompt_length/max:137.0 - prompt_length/min:70.0 - prompt_length/clip_ratio:0.0 - num_turns/min:2 - num_turns/max:2 - num_turns/mean:2.0 - timing_s/start_profile:7.640011608600616e-05 - timing_s/agent_loop/num_preempted/min:-1 - timing_s/agent_loop/num_preempted/max:-1 - timing_s/agent_loop/num_preempted/mean:-1.0 - timing_s/agent_loop/generate_sequences/min:0.6554629430174828 - timing_s/agent_loop/generate_sequences/max:1.795691336505115 - timing_s/agent_loop/generate_sequences/mean:1.2201050789735746 - timing_s/agent_loop/tool_calls/min:0.0 - timing_s/agent_loop/tool_calls/max:0.0 - timing_s/agent_loop/tool_calls/mean:0.0 - timing_s/agent_loop/compute_score/min:0.003785249777138233 - timing_s/agent_loop/compute_score/max:0.017193662002682686 - timing_s/agent_loop/compute_score/mean:0.00609672290738672 - timing_s/agent_loop/slowest/generate_sequences:1.795691336505115 - timing_s/agent_loop/slowest/tool_calls:0.0 - timing_s/agent_loop/slowest/compute_score:0.006489167921245098 - timing_s/agent_loop/slowest/num_preempted:-1 - timing_s/agent_loop/slowest/prompt_length:82 - timing_s/agent_loop/slowest/response_length:458 - timing_s/gen:2.685441568493843 - timing_s/reward:1.4410354197025299e-05 - timing_s/old_log_prob:0.7875719787552953 - timing_s/ref:2.3312333216890693 - timing_s/adv:0.003406922332942486 - timing_s/update_actor:2.5886787474155426 - timing_s/update_weights:0.8867855509743094 - timing_s/step:9.332056356593966 - timing_s/stop_profile:7.698964327573776e-05 - timing_per_token_ms/ref:0.04917383820640123 - timing_per_token_ms/gen:0.07720335695991959 - timing_per_token_ms/update_actor:0.054604259775049416 - timing_per_token_ms/adv:7.186386966213479e-05 - perf/total_num_tokens:47408 - perf/time_per_step:9.332056356593966 - perf/throughput:5080.123628540009
[36m(TaskRunner pid=776037)[0m step:198 - global_seqlen/min:45916 - global_seqlen/max:45916 - global_seqlen/minmax_diff:0 - global_seqlen/balanced_min:45916 - global_seqlen/balanced_max:45916 - global_seqlen/mean:45916.0 - actor/entropy:0.04136263579130173 - perf/mfu/actor_infer:0.24767996068115464 - actor/pg_clipfrac:6.160670454846695e-05 - actor/ppo_kl:-1.6233683709288016e-05 - actor/pg_clipfrac_lower:0.0 - actor/pg_loss:-0.0022873131092637777 - actor/kl_loss:0.06204461143352091 - actor/kl_coef:0.001 - actor/loss:-0.0022252690978348255 - actor/grad_norm:0.2706313505768776 - actor/perf/max_memory_allocated_gb:29.571680545806885 - actor/perf/max_memory_reserved_gb:41.203125 - actor/perf/cpu_memory_used_gb:24.882190704345703 - actor/lr:1e-06 - perf/mfu/actor:0.20455078910255878 - training/global_step:198 - training/epoch:1 - critic/score/mean:0.921875 - critic/score/max:1.0 - critic/score/min:0.0 - critic/rewards/mean:0.921875 - critic/rewards/max:1.0 - critic/rewards/min:0.0 - critic/advantages/mean:0.0023762916680425406 - critic/advantages/max:0.5400605201721191 - critic/advantages/min:-1.6201815605163574 - critic/returns/mean:0.0023762916680425406 - critic/returns/max:0.5400605201721191 - critic/returns/min:-1.6201815605163574 - response_length/mean:262.78125 - response_length/max:441.0 - response_length/min:158.0 - response_length/clip_ratio:0.0 - response_length_non_aborted/mean:262.78125 - response_length_non_aborted/max:441.0 - response_length_non_aborted/min:158.0 - response_length_non_aborted/clip_ratio:0.0 - response/aborted_ratio:0.0 - prompt_length/mean:95.9375 - prompt_length/max:127.0 - prompt_length/min:76.0 - prompt_length/clip_ratio:0.0 - num_turns/min:2 - num_turns/max:2 - num_turns/mean:2.0 - timing_s/start_profile:7.06799328327179e-05 - timing_s/agent_loop/num_preempted/min:-1 - timing_s/agent_loop/num_preempted/max:-1 - timing_s/agent_loop/num_preempted/mean:-1.0 - timing_s/agent_loop/generate_sequences/min:0.8148650974035263 - timing_s/agent_loop/generate_sequences/max:1.734812336973846 - timing_s/agent_loop/generate_sequences/mean:1.225232707176474 - timing_s/agent_loop/tool_calls/min:0.0 - timing_s/agent_loop/tool_calls/max:0.0 - timing_s/agent_loop/tool_calls/mean:0.0 - timing_s/agent_loop/compute_score/min:0.003332803025841713 - timing_s/agent_loop/compute_score/max:0.018124953843653202 - timing_s/agent_loop/compute_score/mean:0.006057809070625808 - timing_s/agent_loop/slowest/generate_sequences:1.734812336973846 - timing_s/agent_loop/slowest/tool_calls:0.0 - timing_s/agent_loop/slowest/compute_score:0.006054441444575787 - timing_s/agent_loop/slowest/num_preempted:-1 - timing_s/agent_loop/slowest/prompt_length:78 - timing_s/agent_loop/slowest/response_length:441 - timing_s/gen:2.315697932615876 - timing_s/reward:1.4870427548885345e-05 - timing_s/old_log_prob:0.7558976775035262 - timing_s/ref:2.3230127468705177 - timing_s/adv:0.0034118732437491417 - timing_s/update_actor:2.5722492756322026 - timing_s/update_weights:0.9201051238924265 - timing_s/step:8.939534372650087 - timing_s/stop_profile:8.5439532995224e-05 - timing_per_token_ms/ref:0.05059266370917584 - timing_per_token_ms/gen:0.06884581795147687 - timing_per_token_ms/update_actor:0.05602076129523919 - timing_per_token_ms/adv:7.43068482391572e-05 - perf/total_num_tokens:45916 - perf/time_per_step:8.939534372650087 - perf/throughput:5136.285413307091
[36m(WorkerDict pid=776530)[0m INFO:2026-07-25 14:26:47,660:[Rank 0] Saved model to /tmp/grpo_ckpt_grpo_full_train/global_step_200/actor/model_world_size_1_rank_0.pt
[36m(WorkerDict pid=776530)[0m INFO:2026-07-25 14:26:56,628:[Rank 0] Saved optim to /tmp/grpo_ckpt_grpo_full_train/global_step_200/actor/optim_world_size_1_rank_0.pt
[36m(WorkerDict pid=776530)[0m INFO:2026-07-25 14:26:56,629:[Rank 0] Saved extra_state to /tmp/grpo_ckpt_grpo_full_train/global_step_200/actor/extra_state_world_size_1_rank_0.pt
[36m(WorkerDict pid=776530)[0m INFO:2026-07-25 14:26:56,904:[Rank 0] Saved model config and tokenizer class to /tmp/grpo_ckpt_grpo_full_train/global_step_200/actor/huggingface
[36m(WorkerDict pid=776530)[0m INFO:2026-07-25 14:26:57,473:update_weights done, time cost: 0.52s
[36m(TaskRunner pid=776037)[0m step:199 - global_seqlen/min:53548 - global_seqlen/max:53548 - global_seqlen/minmax_diff:0 - global_seqlen/balanced_min:53548 - global_seqlen/balanced_max:53548 - global_seqlen/mean:53548.0 - actor/entropy:0.044381558895111084 - perf/mfu/actor_infer:0.2600951678692053 - actor/pg_clipfrac:0.0005951609819021542 - actor/ppo_kl:-2.0640861066567595e-05 - actor/pg_clipfrac_lower:0.0 - actor/pg_loss:0.014605054398998618 - actor/kl_loss:0.05379716772586107 - actor/kl_coef:0.001 - actor/loss:0.014658850617706776 - actor/grad_norm:0.5382127463817596 - actor/perf/max_memory_allocated_gb:29.571680545806885 - actor/perf/max_memory_reserved_gb:41.203125 - actor/perf/cpu_memory_used_gb:24.84877586364746 - actor/lr:1e-06 - perf/mfu/actor:0.21677640768923312 - training/global_step:199 - training/epoch:1 - critic/score/mean:0.9453125 - critic/score/max:1.0 - critic/score/min:0.0 - critic/rewards/mean:0.9453125 - critic/rewards/max:1.0 - critic/rewards/min:0.0 - critic/advantages/mean:-0.014701544307172298 - critic/advantages/max:0.7245674133300781 - critic/advantages/min:-2.4748666286468506 - critic/returns/mean:-0.014701544307172298 - critic/returns/max:0.7245674133300781 - critic/returns/min:-2.4748666286468506 - response_length/mean:307.46875 - response_length/max:512.0 - response_length/min:160.0 - response_length/clip_ratio:0.015625 - response_length_non_aborted/mean:307.46875 - response_length_non_aborted/max:512.0 - response_length_non_aborted/min:160.0 - response_length_non_aborted/clip_ratio:0.015625 - response/aborted_ratio:0.0 - prompt_length/mean:110.875 - prompt_length/max:168.0 - prompt_length/min:70.0 - prompt_length/clip_ratio:0.0 - num_turns/min:2 - num_turns/max:2 - num_turns/mean:2.0 - timing_s/start_profile:7.320847362279892e-05 - timing_s/agent_loop/num_preempted/min:-1 - timing_s/agent_loop/num_preempted/max:-1 - timing_s/agent_loop/num_preempted/mean:-1.0 - timing_s/agent_loop/generate_sequences/min:0.8260384704917669 - timing_s/agent_loop/generate_sequences/max:2.049720929004252 - timing_s/agent_loop/generate_sequences/mean:1.4289479926010245 - timing_s/agent_loop/tool_calls/min:0.0 - timing_s/agent_loop/tool_calls/max:0.0 - timing_s/agent_loop/tool_calls/mean:0.0 - timing_s/agent_loop/compute_score/min:0.004103526473045349 - timing_s/agent_loop/compute_score/max:0.012845626100897789 - timing_s/agent_loop/compute_score/mean:0.00574804944335483 - timing_s/agent_loop/slowest/generate_sequences:2.049720929004252 - timing_s/agent_loop/slowest/tool_calls:0.0 - timing_s/agent_loop/slowest/compute_score:0.004704742692410946 - timing_s/agent_loop/slowest/num_preempted:-1 - timing_s/agent_loop/slowest/prompt_length:145 - timing_s/agent_loop/slowest/response_length:512 - timing_s/gen:2.6240091072395444 - timing_s/reward:1.4110468327999115e-05 - timing_s/old_log_prob:0.8332174271345139 - timing_s/ref:2.3508284417912364 - timing_s/adv:0.003392321988940239 - timing_s/update_actor:2.820402064360678 - timing_s/update_weights:0.8753488836809993 - timing_s/step:9.556714145466685 - timing_s/stop_profile:8.245930075645447e-05 - timing_per_token_ms/ref:0.043901330428610524 - timing_per_token_ms/gen:0.06667367382964591 - timing_per_token_ms/update_actor:0.05267053978413159 - timing_per_token_ms/adv:6.335104931912002e-05 - perf/total_num_tokens:53548 - perf/time_per_step:9.556714145466685 - perf/throughput:5603.181091840126
[36m(TaskRunner pid=776037)[0m local_global_step_folder: /tmp/grpo_ckpt_grpo_full_train/global_step_200
[36m(TaskRunner pid=776037)[0m Training Progress: 100%|██████████| 200/200 [32:02<00:00, 13.40s/it]Training Progress: 100%|██████████| 200/200 [32:02<00:00,  9.61s/it]
[36m(TaskRunner pid=776037)[0m Exception ignored in atexit callback: <function _exit_function at 0x766d3f7bd630>
[36m(TaskRunner pid=776037)[0m Traceback (most recent call last):
[36m(TaskRunner pid=776037)[0m   File "/home/hyin66/micromamba/envs/verl/lib/python3.10/multiprocessing/util.py", line 357, in _exit_function
[36m(TaskRunner pid=776037)[0m step:200 - global_seqlen/min:48820 - global_seqlen/max:48820 - global_seqlen/minmax_diff:0 - global_seqlen/balanced_min:48820 - global_seqlen/balanced_max:48820 - global_seqlen/mean:48820.0 - actor/entropy:0.04933682456612587 - perf/mfu/actor_infer:0.25274707567849897 - actor/pg_clipfrac:0.0005073202300991397 - actor/ppo_kl:-0.00025890886536217295 - actor/pg_clipfrac_lower:0.0 - actor/pg_loss:-0.0024507903726771474 - actor/kl_loss:0.05822615162469447 - actor/kl_coef:0.001 - actor/loss:-0.002392563968896866 - actor/grad_norm:0.43646128475666046 - actor/perf/max_memory_allocated_gb:29.571680545806885 - actor/perf/max_memory_reserved_gb:41.203125 - actor/perf/cpu_memory_used_gb:24.86313819885254 - actor/lr:1e-06 - perf/mfu/actor:0.21123039479667943 - training/global_step:200 - training/epoch:1 - critic/score/mean:0.90625 - critic/score/max:1.0 - critic/score/min:0.0 - critic/rewards/mean:0.90625 - critic/rewards/max:1.0 - critic/rewards/min:0.0 - critic/advantages/mean:0.003052628133445978 - critic/advantages/max:0.7245674133300781 - critic/advantages/min:-2.4748666286468506 - critic/returns/mean:0.003052628133445978 - critic/returns/max:0.7245674133300781 - critic/returns/min:-2.4748666286468506 - response_length/mean:275.46875 - response_length/max:395.0 - response_length/min:172.0 - response_length/clip_ratio:0.0 - response_length_non_aborted/mean:275.46875 - response_length_non_aborted/max:395.0 - response_length_non_aborted/min:172.0 - response_length_non_aborted/clip_ratio:0.0 - response/aborted_ratio:0.0 - prompt_length/mean:105.9375 - prompt_length/max:141.0 - prompt_length/min:76.0 - prompt_length/clip_ratio:0.0 - num_turns/min:2 - num_turns/max:2 - num_turns/mean:2.0 - timing_s/start_profile:7.721874862909317e-05 - timing_s/agent_loop/num_preempted/min:-1 - timing_s/agent_loop/num_preempted/max:-1 - timing_s/agent_loop/num_preempted/mean:-1.0 - timing_s/agent_loop/generate_sequences/min:0.8632413800805807 - timing_s/agent_loop/generate_sequences/max:1.6541029140353203 - timing_s/agent_loop/generate_sequences/mean:1.293065396050224 - timing_s/agent_loop/tool_calls/min:0.0 - timing_s/agent_loop/tool_calls/max:0.0 - timing_s/agent_loop/tool_calls/mean:0.0 - timing_s/agent_loop/compute_score/min:0.003886188380420208 - timing_s/agent_loop/compute_score/max:0.016525795683264732 - timing_s/agent_loop/compute_score/mean:0.006259666733967606 - timing_s/agent_loop/slowest/generate_sequences:1.6541029140353203 - timing_s/agent_loop/slowest/tool_calls:0.0 - timing_s/agent_loop/slowest/compute_score:0.0051300982013344765 - timing_s/agent_loop/slowest/num_preempted:-1 - timing_s/agent_loop/slowest/prompt_length:108 - timing_s/agent_loop/slowest/response_length:395 - timing_s/gen:2.2167431842535734 - timing_s/reward:1.4030374586582184e-05 - timing_s/old_log_prob:0.7851076675578952 - timing_s/ref:2.330553526058793 - timing_s/adv:0.0034289825707674026 - timing_s/update_actor:2.6452863942831755 - timing_s/save_checkpoint:13.976065145805478 - timing_s/update_weights:0.9597264220938087 - timing_s/step:22.966221993789077 - timing_s/stop_profile:8.180923759937286e-05 - timing_per_token_ms/ref:0.047737679763596746 - timing_per_token_ms/gen:0.0628684964337372 - timing_per_token_ms/update_actor:0.054184481652666434 - timing_per_token_ms/adv:7.023725052780423e-05 - perf/total_num_tokens:48820 - perf/time_per_step:22.966221993789077 - perf/throughput:2125.7305626150765
[36m(TaskRunner pid=776037)[0m 'Final validation metrics: None'
