/home/hyin66/micromamba/envs/verl/lib/python3.10/site-packages/verl/workers/engine/mindspeed/transformer_impl.py:24: UserWarning: NPU not support router replay for now.
  from verl.utils.megatron.router_replay_patch import RouterReplay
/home/hyin66/micromamba/envs/verl/lib/python3.10/site-packages/verl/trainer/main_ppo.py:380: FutureWarning: Warning: Function '__main__.main' is deprecated. Please use 'main_ppo.py is deprecated, and wil be replaced by main_ppo_sync.py in v0.8.0, please use main_ppo_sync.py instead.' instead.
  main()
2026-07-24 03:25:03,886	INFO worker.py:2015 -- Started a local Ray instance. View the dashboard at [1m[32m127.0.0.1:8265 [39m[22m
[36m(pid=540966)[0m /home/hyin66/micromamba/envs/verl/lib/python3.10/site-packages/verl/workers/engine/mindspeed/transformer_impl.py:24: UserWarning: NPU not support router replay for now.
[36m(pid=540966)[0m   from verl.utils.megatron.router_replay_patch import RouterReplay
ray init kwargs: {'num_cpus': None, 'runtime_env': {'env_vars': {'NCCL_DEBUG': 'WARN', 'VLLM_ALLOW_RUNTIME_LORA_UPDATING': 'true', 'CUDA_DEVICE_MAX_CONNECTIONS': '1', 'VLLM_DISABLE_COMPILE_CACHE': '1', 'HCCL_HOST_SOCKET_PORT_RANGE': 'auto', 'HCCL_NPU_SOCKET_PORT_RANGE': 'auto', 'HSA_NO_SCRATCH_RECLAIM': '1'}, 'working_dir': None}}
[36m(TaskRunner pid=540966)[0m TaskRunner hostname: hyin66-h200-01-0, PID: 540966
[36m(TaskRunner pid=540966)[0m {'actor_rollout_ref': {'actor': {'_target_': 'verl.workers.config.FSDPActorConfig',
[36m(TaskRunner pid=540966)[0m                                  'calculate_entropy': False,
[36m(TaskRunner pid=540966)[0m                                  'calculate_sum_pi_squared': False,
[36m(TaskRunner pid=540966)[0m                                  'checkpoint': {'_target_': 'verl.trainer.config.CheckpointConfig',
[36m(TaskRunner pid=540966)[0m                                                 'async_save': False,
[36m(TaskRunner pid=540966)[0m                                                 'load_contents': ['model',
[36m(TaskRunner pid=540966)[0m                                                                   'optimizer',
[36m(TaskRunner pid=540966)[0m                                                                   'extra'],
[36m(TaskRunner pid=540966)[0m                                                 'mbridge_config': {},
[36m(TaskRunner pid=540966)[0m                                                 'save_contents': ['model',
[36m(TaskRunner pid=540966)[0m                                                                   'optimizer',
[36m(TaskRunner pid=540966)[0m                                                                   'extra'],
[36m(TaskRunner pid=540966)[0m                                                 'strict': True},
[36m(TaskRunner pid=540966)[0m                                  'clip_ratio': 0.2,
[36m(TaskRunner pid=540966)[0m                                  'clip_ratio_c': 3.0,
[36m(TaskRunner pid=540966)[0m                                  'clip_ratio_high': 0.2,
[36m(TaskRunner pid=540966)[0m                                  'clip_ratio_low': 0.2,
[36m(TaskRunner pid=540966)[0m                                  'data_loader_seed': 42,
[36m(TaskRunner pid=540966)[0m                                  'entropy_checkpointing': False,
[36m(TaskRunner pid=540966)[0m                                  'entropy_coeff': 0,
[36m(TaskRunner pid=540966)[0m                                  'entropy_from_logits_with_chunking': False,
[36m(TaskRunner pid=540966)[0m                                  'freeze_vision_tower': False,
[36m(TaskRunner pid=540966)[0m                                  'fsdp_config': {'_target_': 'verl.workers.config.FSDPEngineConfig',
[36m(TaskRunner pid=540966)[0m                                                  'dtype': 'bfloat16',
[36m(TaskRunner pid=540966)[0m                                                  'entropy_checkpointing': False,
[36m(TaskRunner pid=540966)[0m                                                  'entropy_from_logits_with_chunking': False,
[36m(TaskRunner pid=540966)[0m                                                  'forward_only': False,
[36m(TaskRunner pid=540966)[0m                                                  'forward_prefetch': False,
[36m(TaskRunner pid=540966)[0m                                                  'fsdp_size': -1,
[36m(TaskRunner pid=540966)[0m                                                  'full_determinism': False,
[36m(TaskRunner pid=540966)[0m                                                  'model_dtype': 'fp32',
[36m(TaskRunner pid=540966)[0m                                                  'offload_policy': False,
[36m(TaskRunner pid=540966)[0m                                                  'optimizer_offload': False,
[36m(TaskRunner pid=540966)[0m                                                  'param_offload': False,
[36m(TaskRunner pid=540966)[0m                                                  'qat': {'_target_': 'verl.workers.config.QATEngineConfig',
[36m(TaskRunner pid=540966)[0m                                                          'activation_observer': 'static_minmax',
[36m(TaskRunner pid=540966)[0m                                                          'enable': False,
[36m(TaskRunner pid=540966)[0m                                                          'group_size': 16,
[36m(TaskRunner pid=540966)[0m                                                          'ignore_patterns': ['lm_head',
[36m(TaskRunner pid=540966)[0m                                                                              'embed_tokens',
[36m(TaskRunner pid=540966)[0m                                                                              're:.*mlp.gate$'],
[36m(TaskRunner pid=540966)[0m                                                          'mode': 'w4a16',
[36m(TaskRunner pid=540966)[0m                                                          'quantization_config_path': None},
[36m(TaskRunner pid=540966)[0m                                                  'reshard_after_forward': True,
[36m(TaskRunner pid=540966)[0m                                                  'seed': 42,
[36m(TaskRunner pid=540966)[0m                                                  'strategy': 'fsdp',
[36m(TaskRunner pid=540966)[0m                                                  'ulysses_sequence_parallel_size': 1,
[36m(TaskRunner pid=540966)[0m                                                  'use_orig_params': False,
[36m(TaskRunner pid=540966)[0m                                                  'use_torch_compile': True,
[36m(TaskRunner pid=540966)[0m                                                  'wrap_policy': {'min_num_params': 0}},
[36m(TaskRunner pid=540966)[0m                                  'grad_clip': 1.0,
[36m(TaskRunner pid=540966)[0m                                  'kl_loss_coef': 0.001,
[36m(TaskRunner pid=540966)[0m                                  'kl_loss_type': 'low_var_kl',
[36m(TaskRunner pid=540966)[0m                                  'loss_agg_mode': 'token-mean',
[36m(TaskRunner pid=540966)[0m                                  'loss_scale_factor': None,
[36m(TaskRunner pid=540966)[0m                                  'optim': {'_target_': 'verl.workers.config.FSDPOptimizerConfig',
[36m(TaskRunner pid=540966)[0m                                            'betas': [0.9, 0.999],
[36m(TaskRunner pid=540966)[0m                                            'clip_grad': 1.0,
[36m(TaskRunner pid=540966)[0m                                            'lr': 1e-06,
[36m(TaskRunner pid=540966)[0m                                            'lr_scheduler_type': 'constant',
[36m(TaskRunner pid=540966)[0m                                            'lr_warmup_steps': -1,
[36m(TaskRunner pid=540966)[0m                                            'lr_warmup_steps_ratio': 0.0,
[36m(TaskRunner pid=540966)[0m                                            'min_lr_ratio': 0.0,
[36m(TaskRunner pid=540966)[0m                                            'num_cycles': 0.5,
[36m(TaskRunner pid=540966)[0m                                            'optimizer': 'AdamW',
[36m(TaskRunner pid=540966)[0m                                            'optimizer_impl': 'torch.optim',
[36m(TaskRunner pid=540966)[0m                                            'override_optimizer_config': None,
[36m(TaskRunner pid=540966)[0m                                            'total_training_steps': -1,
[36m(TaskRunner pid=540966)[0m                                            'warmup_style': None,
[36m(TaskRunner pid=540966)[0m                                            'weight_decay': 0.01,
[36m(TaskRunner pid=540966)[0m                                            'zero_indexed_step': True},
[36m(TaskRunner pid=540966)[0m                                  'policy_loss': {'_target_': 'verl.workers.config.PolicyLossConfig',
[36m(TaskRunner pid=540966)[0m                                                  'clip_cov_lb': 1.0,
[36m(TaskRunner pid=540966)[0m                                                  'clip_cov_ratio': 0.0002,
[36m(TaskRunner pid=540966)[0m                                                  'clip_cov_ub': 5.0,
[36m(TaskRunner pid=540966)[0m                                                  'kl_cov_ratio': 0.0002,
[36m(TaskRunner pid=540966)[0m                                                  'loss_mode': 'vanilla',
[36m(TaskRunner pid=540966)[0m                                                  'ppo_kl_coef': 0.1},
[36m(TaskRunner pid=540966)[0m                                  'ppo_epochs': 1,
[36m(TaskRunner pid=540966)[0m                                  'ppo_max_token_len_per_gpu': 16384,
[36m(TaskRunner pid=540966)[0m                                  'ppo_micro_batch_size': None,
[36m(TaskRunner pid=540966)[0m                                  'ppo_micro_batch_size_per_gpu': 8,
[36m(TaskRunner pid=540966)[0m                                  'ppo_mini_batch_size': 8,
[36m(TaskRunner pid=540966)[0m                                  'profiler': {'_target_': 'verl.utils.profiler.ProfilerConfig',
[36m(TaskRunner pid=540966)[0m                                               'all_ranks': False,
[36m(TaskRunner pid=540966)[0m                                               'enable': False,
[36m(TaskRunner pid=540966)[0m                                               'ranks': [],
[36m(TaskRunner pid=540966)[0m                                               'save_path': 'outputs/profile',
[36m(TaskRunner pid=540966)[0m                                               'tool': None,
[36m(TaskRunner pid=540966)[0m                                               'tool_config': {'npu': {'_target_': 'verl.utils.profiler.config.NPUToolConfig',
[36m(TaskRunner pid=540966)[0m                                                                       'analysis': True,
[36m(TaskRunner pid=540966)[0m                                                                       'contents': [],
[36m(TaskRunner pid=540966)[0m                                                                       'discrete': False,
[36m(TaskRunner pid=540966)[0m                                                                       'level': 'level0'},
[36m(TaskRunner pid=540966)[0m                                                               'nsys': {'_target_': 'verl.utils.profiler.config.NsightToolConfig',
[36m(TaskRunner pid=540966)[0m                                                                        'discrete': False},
[36m(TaskRunner pid=540966)[0m                                                               'precision_debugger': {'_target_': 'verl.utils.profiler.config.PrecisionDebuggerToolConfig',
[36m(TaskRunner pid=540966)[0m                                                                                      'config_path': None,
[36m(TaskRunner pid=540966)[0m                                                                                      'stages': None,
[36m(TaskRunner pid=540966)[0m                                                                                      'steps': None,
[36m(TaskRunner pid=540966)[0m                                                                                      'strict': False},
[36m(TaskRunner pid=540966)[0m                                                               'torch': {'_target_': 'verl.utils.profiler.config.TorchProfilerToolConfig',
[36m(TaskRunner pid=540966)[0m                                                                         'contents': [],
[36m(TaskRunner pid=540966)[0m                                                                         'discrete': False},
[36m(TaskRunner pid=540966)[0m                                                               'torch_memory': {'_target_': 'verl.utils.profiler.config.TorchMemoryToolConfig',
[36m(TaskRunner pid=540966)[0m                                                                                'stack_depth': 32,
[36m(TaskRunner pid=540966)[0m                                                                                'trace_alloc_max_entries': 100000}}},
[36m(TaskRunner pid=540966)[0m                                  'qat': {'activation_observer': 'static_minmax',
[36m(TaskRunner pid=540966)[0m                                          'enable': False,
[36m(TaskRunner pid=540966)[0m                                          'group_size': 16,
[36m(TaskRunner pid=540966)[0m                                          'ignore_patterns': ['lm_head',
[36m(TaskRunner pid=540966)[0m                                                              'embed_tokens',
[36m(TaskRunner pid=540966)[0m                                                              're:.*mlp.gate$'],
[36m(TaskRunner pid=540966)[0m                                          'mode': 'w4a16',
[36m(TaskRunner pid=540966)[0m                                          'quantization_config_path': None},
[36m(TaskRunner pid=540966)[0m                                  'rollout_n': 8,
[36m(TaskRunner pid=540966)[0m                                  'router_replay': {'_target_': 'verl.workers.config.RouterReplayConfig',
[36m(TaskRunner pid=540966)[0m                                                    'mode': 'disabled',
[36m(TaskRunner pid=540966)[0m                                                    'record_file': None,
[36m(TaskRunner pid=540966)[0m                                                    'replay_file': None},
[36m(TaskRunner pid=540966)[0m                                  'shuffle': False,
[36m(TaskRunner pid=540966)[0m                                  'strategy': 'fsdp',
[36m(TaskRunner pid=540966)[0m                                  'tau_neg': 1.05,
[36m(TaskRunner pid=540966)[0m                                  'tau_pos': 1.0,
[36m(TaskRunner pid=540966)[0m                                  'ulysses_sequence_parallel_size': 1,
[36m(TaskRunner pid=540966)[0m                                  'use_dynamic_bsz': False,
[36m(TaskRunner pid=540966)[0m                                  'use_fused_kernels': False,
[36m(TaskRunner pid=540966)[0m                                  'use_kl_loss': True,
[36m(TaskRunner pid=540966)[0m                                  'use_prefix_grouper': False,
[36m(TaskRunner pid=540966)[0m                                  'use_remove_padding': True,
[36m(TaskRunner pid=540966)[0m                                  'use_torch_compile': True},
[36m(TaskRunner pid=540966)[0m                        'hybrid_engine': True,
[36m(TaskRunner pid=540966)[0m                        'model': {'_target_': 'verl.workers.config.HFModelConfig',
[36m(TaskRunner pid=540966)[0m                                  'custom_chat_template': None,
[36m(TaskRunner pid=540966)[0m                                  'enable_activation_offload': False,
[36m(TaskRunner pid=540966)[0m                                  'enable_gradient_checkpointing': True,
[36m(TaskRunner pid=540966)[0m                                  'exclude_modules': None,
[36m(TaskRunner pid=540966)[0m                                  'external_lib': None,
[36m(TaskRunner pid=540966)[0m                                  'fused_kernel_options': {'impl_backend': 'torch'},
[36m(TaskRunner pid=540966)[0m                                  'hf_config_path': None,
[36m(TaskRunner pid=540966)[0m                                  'lora': {'a2a_experimental': False,
[36m(TaskRunner pid=540966)[0m                                           'adapter_path': None,
[36m(TaskRunner pid=540966)[0m                                           'alpha': 32,
[36m(TaskRunner pid=540966)[0m                                           'dropout': 0.0,
[36m(TaskRunner pid=540966)[0m                                           'dropout_position': 'pre',
[36m(TaskRunner pid=540966)[0m                                           'dtype': None,
[36m(TaskRunner pid=540966)[0m                                           'exclude_modules': [],
[36m(TaskRunner pid=540966)[0m                                           'freeze_language_model': True,
[36m(TaskRunner pid=540966)[0m                                           'freeze_vision_model': True,
[36m(TaskRunner pid=540966)[0m                                           'freeze_vision_projection': True,
[36m(TaskRunner pid=540966)[0m                                           'lora_A_init_method': 'xavier',
[36m(TaskRunner pid=540966)[0m                                           'lora_B_init_method': 'zero',
[36m(TaskRunner pid=540966)[0m                                           'merge': False,
[36m(TaskRunner pid=540966)[0m                                           'rank': 0,
[36m(TaskRunner pid=540966)[0m                                           'target_modules': ['linear_qkv',
[36m(TaskRunner pid=540966)[0m                                                              'linear_proj',
[36m(TaskRunner pid=540966)[0m                                                              'linear_fc1',
[36m(TaskRunner pid=540966)[0m                                                              'linear_fc2'],
[36m(TaskRunner pid=540966)[0m                                           'type': 'lora'},
[36m(TaskRunner pid=540966)[0m                                  'lora_adapter_path': None,
[36m(TaskRunner pid=540966)[0m                                  'lora_alpha': 32,
[36m(TaskRunner pid=540966)[0m                                  'lora_rank': 16,
[36m(TaskRunner pid=540966)[0m                                  'mtp': {'_target_': 'verl.workers.config.MtpConfig',
[36m(TaskRunner pid=540966)[0m                                          'detach_encoder': False,
[36m(TaskRunner pid=540966)[0m                                          'enable': False,
[36m(TaskRunner pid=540966)[0m                                          'enable_rollout': False,
[36m(TaskRunner pid=540966)[0m                                          'enable_train': False,
[36m(TaskRunner pid=540966)[0m                                          'method': 'mtp',
[36m(TaskRunner pid=540966)[0m                                          'mtp_loss_scaling_factor': 0.1,
[36m(TaskRunner pid=540966)[0m                                          'num_speculative_tokens': 1,
[36m(TaskRunner pid=540966)[0m                                          'speculative_algorithm': 'EAGLE',
[36m(TaskRunner pid=540966)[0m                                          'speculative_eagle_topk': 1,
[36m(TaskRunner pid=540966)[0m                                          'speculative_num_draft_tokens': 4,
[36m(TaskRunner pid=540966)[0m                                          'speculative_num_steps': 3},
[36m(TaskRunner pid=540966)[0m                                  'override_config': {},
[36m(TaskRunner pid=540966)[0m                                  'path': 'Qwen/Qwen2.5-3B-Instruct',
[36m(TaskRunner pid=540966)[0m                                  'target_modules': ['q_proj',
[36m(TaskRunner pid=540966)[0m                                                     'k_proj',
[36m(TaskRunner pid=540966)[0m                                                     'v_proj',
[36m(TaskRunner pid=540966)[0m                                                     'o_proj',
[36m(TaskRunner pid=540966)[0m                                                     'gate_proj',
[36m(TaskRunner pid=540966)[0m                                                     'up_proj',
[36m(TaskRunner pid=540966)[0m                                                     'down_proj'],
[36m(TaskRunner pid=540966)[0m                                  'tiled_mlp': {'enabled': False,
[36m(TaskRunner pid=540966)[0m                                                'num_shards': 4},
[36m(TaskRunner pid=540966)[0m                                  'tokenizer_path': None,
[36m(TaskRunner pid=540966)[0m                                  'trust_remote_code': False,
[36m(TaskRunner pid=540966)[0m                                  'use_fused_kernels': False,
[36m(TaskRunner pid=540966)[0m                                  'use_liger': False,
[36m(TaskRunner pid=540966)[0m                                  'use_remove_padding': True,
[36m(TaskRunner pid=540966)[0m                                  'use_shm': False},
[36m(TaskRunner pid=540966)[0m                        'nccl_timeout': 600,
[36m(TaskRunner pid=540966)[0m                        'ref': {'_target_': 'verl.workers.config.FSDPActorConfig',
[36m(TaskRunner pid=540966)[0m                                'entropy_checkpointing': False,
[36m(TaskRunner pid=540966)[0m                                'entropy_from_logits_with_chunking': False,
[36m(TaskRunner pid=540966)[0m                                'fsdp_config': {'_target_': 'verl.workers.config.FSDPEngineConfig',
[36m(TaskRunner pid=540966)[0m                                                'dtype': 'bfloat16',
[36m(TaskRunner pid=540966)[0m                                                'entropy_checkpointing': False,
[36m(TaskRunner pid=540966)[0m                                                'entropy_from_logits_with_chunking': False,
[36m(TaskRunner pid=540966)[0m                                                'forward_only': True,
[36m(TaskRunner pid=540966)[0m                                                'forward_prefetch': False,
[36m(TaskRunner pid=540966)[0m                                                'fsdp_size': -1,
[36m(TaskRunner pid=540966)[0m                                                'full_determinism': False,
[36m(TaskRunner pid=540966)[0m                                                'model_dtype': 'fp32',
[36m(TaskRunner pid=540966)[0m                                                'offload_policy': False,
[36m(TaskRunner pid=540966)[0m                                                'optimizer_offload': False,
[36m(TaskRunner pid=540966)[0m                                                'param_offload': False,
[36m(TaskRunner pid=540966)[0m                                                'qat': {'_target_': 'verl.workers.config.QATEngineConfig',
[36m(TaskRunner pid=540966)[0m                                                        'activation_observer': 'static_minmax',
[36m(TaskRunner pid=540966)[0m                                                        'enable': False,
[36m(TaskRunner pid=540966)[0m                                                        'group_size': 16,
[36m(TaskRunner pid=540966)[0m                                                        'ignore_patterns': ['lm_head',
[36m(TaskRunner pid=540966)[0m                                                                            'embed_tokens',
[36m(TaskRunner pid=540966)[0m                                                                            're:.*mlp.gate$'],
[36m(TaskRunner pid=540966)[0m                                                        'mode': 'w4a16',
[36m(TaskRunner pid=540966)[0m                                                        'quantization_config_path': None},
[36m(TaskRunner pid=540966)[0m                                                'reshard_after_forward': True,
[36m(TaskRunner pid=540966)[0m                                                'seed': 42,
[36m(TaskRunner pid=540966)[0m                                                'strategy': 'fsdp',
[36m(TaskRunner pid=540966)[0m                                                'ulysses_sequence_parallel_size': 1,
[36m(TaskRunner pid=540966)[0m                                                'use_orig_params': False,
[36m(TaskRunner pid=540966)[0m                                                'use_torch_compile': True,
[36m(TaskRunner pid=540966)[0m                                                'wrap_policy': {'min_num_params': 0}},
[36m(TaskRunner pid=540966)[0m                                'log_prob_max_token_len_per_gpu': 16384,
[36m(TaskRunner pid=540966)[0m                                'log_prob_micro_batch_size': None,
[36m(TaskRunner pid=540966)[0m                                'log_prob_micro_batch_size_per_gpu': 8,
[36m(TaskRunner pid=540966)[0m                                'log_prob_use_dynamic_bsz': False,
[36m(TaskRunner pid=540966)[0m                                'profiler': {'_target_': 'verl.utils.profiler.ProfilerConfig',
[36m(TaskRunner pid=540966)[0m                                             'all_ranks': False,
[36m(TaskRunner pid=540966)[0m                                             'enable': False,
[36m(TaskRunner pid=540966)[0m                                             'ranks': [],
[36m(TaskRunner pid=540966)[0m                                             'save_path': 'outputs/profile',
[36m(TaskRunner pid=540966)[0m                                             'tool': None,
[36m(TaskRunner pid=540966)[0m                                             'tool_config': {'npu': {'_target_': 'verl.utils.profiler.config.NPUToolConfig',
[36m(TaskRunner pid=540966)[0m                                                                     'analysis': True,
[36m(TaskRunner pid=540966)[0m                                                                     'contents': [],
[36m(TaskRunner pid=540966)[0m                                                                     'discrete': False,
[36m(TaskRunner pid=540966)[0m                                                                     'level': 'level0'},
[36m(TaskRunner pid=540966)[0m                                                             'nsys': {'_target_': 'verl.utils.profiler.config.NsightToolConfig',
[36m(TaskRunner pid=540966)[0m                                                                      'discrete': False},
[36m(TaskRunner pid=540966)[0m                                                             'precision_debugger': {'_target_': 'verl.utils.profiler.config.PrecisionDebuggerToolConfig',
[36m(TaskRunner pid=540966)[0m                                                                                    'config_path': None,
[36m(TaskRunner pid=540966)[0m                                                                                    'stages': None,
[36m(TaskRunner pid=540966)[0m                                                                                    'steps': None,
[36m(TaskRunner pid=540966)[0m                                                                                    'strict': False},
[36m(TaskRunner pid=540966)[0m                                                             'torch': {'_target_': 'verl.utils.profiler.config.TorchProfilerToolConfig',
[36m(TaskRunner pid=540966)[0m                                                                       'contents': [],
[36m(TaskRunner pid=540966)[0m                                                                       'discrete': False},
[36m(TaskRunner pid=540966)[0m                                                             'torch_memory': {'_target_': 'verl.utils.profiler.config.TorchMemoryToolConfig',
[36m(TaskRunner pid=540966)[0m                                                                              'stack_depth': 32,
[36m(TaskRunner pid=540966)[0m                                                                              'trace_alloc_max_entries': 100000}}},
[36m(TaskRunner pid=540966)[0m                                'rollout_n': 8,
[36m(TaskRunner pid=540966)[0m                                'router_replay': {'_target_': 'verl.workers.config.RouterReplayConfig',
[36m(TaskRunner pid=540966)[0m                                                  'mode': 'disabled',
[36m(TaskRunner pid=540966)[0m                                                  'record_file': None,
[36m(TaskRunner pid=540966)[0m                                                  'replay_file': None},
[36m(TaskRunner pid=540966)[0m                                'strategy': 'fsdp',
[36m(TaskRunner pid=540966)[0m                                'ulysses_sequence_parallel_size': 1,
[36m(TaskRunner pid=540966)[0m                                'use_torch_compile': True},
[36m(TaskRunner pid=540966)[0m                        'rollout': {'_target_': 'verl.workers.config.RolloutConfig',
[36m(TaskRunner pid=540966)[0m                                    'agent': {'_target_': 'verl.workers.config.AgentLoopConfig',
[36m(TaskRunner pid=540966)[0m                                              'agent_loop_config_path': None,
[36m(TaskRunner pid=540966)[0m                                              'custom_async_server': {'_target_': 'verl.workers.config.CustomAsyncServerConfig',
[36m(TaskRunner pid=540966)[0m                                                                      'name': None,
[36m(TaskRunner pid=540966)[0m                                                                      'path': None},
[36m(TaskRunner pid=540966)[0m                                              'default_agent_loop': 'single_turn_agent',
[36m(TaskRunner pid=540966)[0m                                              'num_workers': 8},
[36m(TaskRunner pid=540966)[0m                                    'calculate_log_probs': False,
[36m(TaskRunner pid=540966)[0m                                    'checkpoint_engine': {'_target_': 'verl.workers.config.CheckpointEngineConfig',
[36m(TaskRunner pid=540966)[0m                                                          'backend': 'naive',
[36m(TaskRunner pid=540966)[0m                                                          'custom_backend_module': None,
[36m(TaskRunner pid=540966)[0m                                                          'engine_kwargs': {},
[36m(TaskRunner pid=540966)[0m                                                          'update_weights_bucket_megabytes': 2048},
[36m(TaskRunner pid=540966)[0m                                    'cudagraph_capture_sizes': None,
[36m(TaskRunner pid=540966)[0m                                    'data_parallel_size': 1,
[36m(TaskRunner pid=540966)[0m                                    'disable_log_stats': True,
[36m(TaskRunner pid=540966)[0m                                    'disaggregation': {'bootstrap_port': None,
[36m(TaskRunner pid=540966)[0m                                                       'decode_replicas': 1,
[36m(TaskRunner pid=540966)[0m                                                       'decode_tensor_model_parallel_size': None,
[36m(TaskRunner pid=540966)[0m                                                       'enabled': False,
[36m(TaskRunner pid=540966)[0m                                                       'ib_device': None,
[36m(TaskRunner pid=540966)[0m                                                       'prefill_replicas': 1,
[36m(TaskRunner pid=540966)[0m                                                       'transfer_backend': 'nixl'},
[36m(TaskRunner pid=540966)[0m                                    'do_sample': True,
[36m(TaskRunner pid=540966)[0m                                    'dtype': 'bfloat16',
[36m(TaskRunner pid=540966)[0m                                    'enable_chunked_prefill': True,
[36m(TaskRunner pid=540966)[0m                                    'enable_prefix_caching': True,
[36m(TaskRunner pid=540966)[0m                                    'enable_rollout_routing_replay': False,
[36m(TaskRunner pid=540966)[0m                                    'enforce_eager': False,
[36m(TaskRunner pid=540966)[0m                                    'engine_kwargs': {'sglang': {},
[36m(TaskRunner pid=540966)[0m                                                      'trtllm': {},
[36m(TaskRunner pid=540966)[0m                                                      'vllm': {}},
[36m(TaskRunner pid=540966)[0m                                    'expert_parallel_size': 1,
[36m(TaskRunner pid=540966)[0m                                    'free_cache_engine': True,
[36m(TaskRunner pid=540966)[0m                                    'gpu_memory_utilization': 0.5,
[36m(TaskRunner pid=540966)[0m                                    'ignore_eos': False,
[36m(TaskRunner pid=540966)[0m                                    'layered_summon': False,
[36m(TaskRunner pid=540966)[0m                                    'load_format': 'safetensors',
[36m(TaskRunner pid=540966)[0m                                    'log_prob_max_token_len_per_gpu': 16384,
[36m(TaskRunner pid=540966)[0m                                    'log_prob_micro_batch_size': None,
[36m(TaskRunner pid=540966)[0m                                    'log_prob_micro_batch_size_per_gpu': 8,
[36m(TaskRunner pid=540966)[0m                                    'log_prob_use_dynamic_bsz': False,
[36m(TaskRunner pid=540966)[0m                                    'logprobs_mode': 'processed_logprobs',
[36m(TaskRunner pid=540966)[0m                                    'max_model_len': None,
[36m(TaskRunner pid=540966)[0m                                    'max_num_batched_tokens': 8192,
[36m(TaskRunner pid=540966)[0m                                    'max_num_seqs': 1024,
[36m(TaskRunner pid=540966)[0m                                    'mode': 'async',
[36m(TaskRunner pid=540966)[0m                                    'mtp': {'_target_': 'verl.workers.config.MtpConfig',
[36m(TaskRunner pid=540966)[0m                                            'detach_encoder': False,
[36m(TaskRunner pid=540966)[0m                                            'enable': False,
[36m(TaskRunner pid=540966)[0m                                            'enable_rollout': False,
[36m(TaskRunner pid=540966)[0m                                            'enable_train': False,
[36m(TaskRunner pid=540966)[0m                                            'method': 'mtp',
[36m(TaskRunner pid=540966)[0m                                            'mtp_loss_scaling_factor': 0.1,
[36m(TaskRunner pid=540966)[0m                                            'num_speculative_tokens': 1,
[36m(TaskRunner pid=540966)[0m                                            'speculative_algorithm': 'EAGLE',
[36m(TaskRunner pid=540966)[0m                                            'speculative_eagle_topk': 1,
[36m(TaskRunner pid=540966)[0m                                            'speculative_num_draft_tokens': 4,
[36m(TaskRunner pid=540966)[0m                                            'speculative_num_steps': 3},
[36m(TaskRunner pid=540966)[0m                                    'multi_stage_wake_up': False,
[36m(TaskRunner pid=540966)[0m                                    'multi_turn': {'_target_': 'verl.workers.config.MultiTurnConfig',
[36m(TaskRunner pid=540966)[0m                                                   'enable': False,
[36m(TaskRunner pid=540966)[0m                                                   'format': 'hermes',
[36m(TaskRunner pid=540966)[0m                                                   'function_tool_path': None,
[36m(TaskRunner pid=540966)[0m                                                   'max_assistant_turns': None,
[36m(TaskRunner pid=540966)[0m                                                   'max_parallel_calls': 1,
[36m(TaskRunner pid=540966)[0m                                                   'max_tool_response_length': 256,
[36m(TaskRunner pid=540966)[0m                                                   'max_user_turns': None,
[36m(TaskRunner pid=540966)[0m                                                   'num_repeat_rollouts': None,
[36m(TaskRunner pid=540966)[0m                                                   'tokenization_sanity_check_mode': 'strict',
[36m(TaskRunner pid=540966)[0m                                                   'tool_config_path': None,
[36m(TaskRunner pid=540966)[0m                                                   'tool_response_truncate_side': 'middle',
[36m(TaskRunner pid=540966)[0m                                                   'use_inference_chat_template': False},
[36m(TaskRunner pid=540966)[0m                                    'n': 8,
[36m(TaskRunner pid=540966)[0m                                    'n_gpus_per_node': 1,
[36m(TaskRunner pid=540966)[0m                                    'name': 'vllm',
[36m(TaskRunner pid=540966)[0m                                    'nnodes': 0,
[36m(TaskRunner pid=540966)[0m                                    'over_sample_rate': 0,
[36m(TaskRunner pid=540966)[0m                                    'pipeline_model_parallel_size': 1,
[36m(TaskRunner pid=540966)[0m                                    'profiler': {'_target_': 'verl.utils.profiler.ProfilerConfig',
[36m(TaskRunner pid=540966)[0m                                                 'all_ranks': False,
[36m(TaskRunner pid=540966)[0m                                                 'enable': False,
[36m(TaskRunner pid=540966)[0m                                                 'ranks': [],
[36m(TaskRunner pid=540966)[0m                                                 'save_path': 'outputs/profile',
[36m(TaskRunner pid=540966)[0m                                                 'tool': None,
[36m(TaskRunner pid=540966)[0m                                                 'tool_config': {'npu': {'_target_': 'verl.utils.profiler.config.NPUToolConfig',
[36m(TaskRunner pid=540966)[0m                                                                         'analysis': True,
[36m(TaskRunner pid=540966)[0m                                                                         'contents': [],
[36m(TaskRunner pid=540966)[0m                                                                         'discrete': False,
[36m(TaskRunner pid=540966)[0m                                                                         'level': 'level0'},
[36m(TaskRunner pid=540966)[0m                                                                 'precision_debugger': {'_target_': 'verl.utils.profiler.config.PrecisionDebuggerToolConfig',
[36m(TaskRunner pid=540966)[0m                                                                                        'config_path': None,
[36m(TaskRunner pid=540966)[0m                                                                                        'stages': None,
[36m(TaskRunner pid=540966)[0m                                                                                        'steps': None,
[36m(TaskRunner pid=540966)[0m                                                                                        'strict': False},
[36m(TaskRunner pid=540966)[0m                                                                 'torch': {'_target_': 'verl.utils.profiler.config.TorchProfilerToolConfig',
[36m(TaskRunner pid=540966)[0m                                                                           'contents': [],
[36m(TaskRunner pid=540966)[0m                                                                           'discrete': False}}},
[36m(TaskRunner pid=540966)[0m                                    'prometheus': {'_target_': 'verl.workers.config.PrometheusConfig',
[36m(TaskRunner pid=540966)[0m                                                   'enable': False,
[36m(TaskRunner pid=540966)[0m                                                   'file': '/tmp/ray/session_latest/metrics/prometheus/prometheus.yml',
[36m(TaskRunner pid=540966)[0m                                                   'port': 9090,
[36m(TaskRunner pid=540966)[0m                                                   'served_model_name': 'Qwen/Qwen2.5-3B-Instruct'},
[36m(TaskRunner pid=540966)[0m                                    'prompt_length': 1024,
[36m(TaskRunner pid=540966)[0m                                    'qat': {'_target_': 'verl.workers.config.QATEngineConfig',
[36m(TaskRunner pid=540966)[0m                                            'activation_observer': 'static_minmax',
[36m(TaskRunner pid=540966)[0m                                            'enable': False,
[36m(TaskRunner pid=540966)[0m                                            'group_size': 16,
[36m(TaskRunner pid=540966)[0m                                            'ignore_patterns': ['lm_head',
[36m(TaskRunner pid=540966)[0m                                                                'embed_tokens',
[36m(TaskRunner pid=540966)[0m                                                                're:.*mlp.gate$'],
[36m(TaskRunner pid=540966)[0m                                            'mode': 'w4a16',
[36m(TaskRunner pid=540966)[0m                                            'quantization_config_path': None},
[36m(TaskRunner pid=540966)[0m                                    'quantization': None,
[36m(TaskRunner pid=540966)[0m                                    'quantization_config_file': None,
[36m(TaskRunner pid=540966)[0m                                    'response_length': 256,
[36m(TaskRunner pid=540966)[0m                                    'scheduling_policy': 'fcfs',
[36m(TaskRunner pid=540966)[0m                                    'skip': {'_target_': 'verl.workers.config.SkipConfig',
[36m(TaskRunner pid=540966)[0m                                             'action': 'cache',
[36m(TaskRunner pid=540966)[0m                                             'dump_dir': '~/.verl/rollout_dump',
[36m(TaskRunner pid=540966)[0m                                             'enable': False,
[36m(TaskRunner pid=540966)[0m                                             'max_dump_step': 1},
[36m(TaskRunner pid=540966)[0m                                    'skip_tokenizer_init': True,
[36m(TaskRunner pid=540966)[0m                                    'temperature': 1.0,
[36m(TaskRunner pid=540966)[0m                                    'tensor_model_parallel_size': 1,
[36m(TaskRunner pid=540966)[0m                                    'top_k': -1,
[36m(TaskRunner pid=540966)[0m                                    'top_p': 1,
[36m(TaskRunner pid=540966)[0m                                    'trace': {'_target_': 'verl.workers.config.TraceConfig',
[36m(TaskRunner pid=540966)[0m                                              'backend': None,
[36m(TaskRunner pid=540966)[0m                                              'experiment_name': 'grpo_lora',
[36m(TaskRunner pid=540966)[0m                                              'max_samples_per_step_per_worker': None,
[36m(TaskRunner pid=540966)[0m                                              'project_name': 'a0_grpo_bench',
[36m(TaskRunner pid=540966)[0m                                              'token2text': False},
[36m(TaskRunner pid=540966)[0m                                    'val_kwargs': {'_target_': 'verl.workers.config.SamplingConfig',
[36m(TaskRunner pid=540966)[0m                                                   'do_sample': False,
[36m(TaskRunner pid=540966)[0m                                                   'n': 1,
[36m(TaskRunner pid=540966)[0m                                                   'temperature': 0,
[36m(TaskRunner pid=540966)[0m                                                   'top_k': -1,
[36m(TaskRunner pid=540966)[0m                                                   'top_p': 1.0}}},
[36m(TaskRunner pid=540966)[0m  'algorithm': {'_target_': 'verl.trainer.config.AlgoConfig',
[36m(TaskRunner pid=540966)[0m                'adv_estimator': 'grpo',
[36m(TaskRunner pid=540966)[0m                'gamma': 1.0,
[36m(TaskRunner pid=540966)[0m                'kl_ctrl': {'_target_': 'verl.trainer.config.KLControlConfig',
[36m(TaskRunner pid=540966)[0m                            'horizon': 10000,
[36m(TaskRunner pid=540966)[0m                            'kl_coef': 0.001,
[36m(TaskRunner pid=540966)[0m                            'target_kl': 0.1,
[36m(TaskRunner pid=540966)[0m                            'type': 'fixed'},
[36m(TaskRunner pid=540966)[0m                'kl_penalty': 'kl',
[36m(TaskRunner pid=540966)[0m                'lam': 1.0,
[36m(TaskRunner pid=540966)[0m                'norm_adv_by_std_in_grpo': True,
[36m(TaskRunner pid=540966)[0m                'pf_ppo': {'reweight_method': 'pow', 'weight_pow': 2.0},
[36m(TaskRunner pid=540966)[0m                'rollout_correction': {'bypass_mode': False,
[36m(TaskRunner pid=540966)[0m                                       'loss_type': 'ppo_clip',
[36m(TaskRunner pid=540966)[0m                                       'rollout_is': None,
[36m(TaskRunner pid=540966)[0m                                       'rollout_is_batch_normalize': False,
[36m(TaskRunner pid=540966)[0m                                       'rollout_is_threshold': 2.0,
[36m(TaskRunner pid=540966)[0m                                       'rollout_rs': None,
[36m(TaskRunner pid=540966)[0m                                       'rollout_rs_threshold': None},
[36m(TaskRunner pid=540966)[0m                'use_kl_in_reward': False,
[36m(TaskRunner pid=540966)[0m                'use_pf_ppo': False},
[36m(TaskRunner pid=540966)[0m  'critic': {'_target_': 'verl.workers.config.FSDPCriticConfig',
[36m(TaskRunner pid=540966)[0m             'checkpoint': {'_target_': 'verl.trainer.config.CheckpointConfig',
[36m(TaskRunner pid=540966)[0m                            'async_save': False,
[36m(TaskRunner pid=540966)[0m                            'load_contents': ['model', 'optimizer', 'extra'],
[36m(TaskRunner pid=540966)[0m                            'mbridge_config': {},
[36m(TaskRunner pid=540966)[0m                            'save_contents': ['model', 'optimizer', 'extra']},
[36m(TaskRunner pid=540966)[0m             'cliprange_value': 0.5,
[36m(TaskRunner pid=540966)[0m             'data_loader_seed': 42,
[36m(TaskRunner pid=540966)[0m             'enable': None,
[36m(TaskRunner pid=540966)[0m             'forward_max_token_len_per_gpu': 32768,
[36m(TaskRunner pid=540966)[0m             'forward_micro_batch_size': None,
[36m(TaskRunner pid=540966)[0m             'forward_micro_batch_size_per_gpu': None,
[36m(TaskRunner pid=540966)[0m             'fsdp': {'_target_': 'verl.workers.config.FSDPEngineConfig',
[36m(TaskRunner pid=540966)[0m                      'dtype': 'bfloat16',
[36m(TaskRunner pid=540966)[0m                      'entropy_checkpointing': False,
[36m(TaskRunner pid=540966)[0m                      'entropy_from_logits_with_chunking': False,
[36m(TaskRunner pid=540966)[0m                      'forward_only': False,
[36m(TaskRunner pid=540966)[0m                      'forward_prefetch': False,
[36m(TaskRunner pid=540966)[0m                      'fsdp_size': -1,
[36m(TaskRunner pid=540966)[0m                      'full_determinism': False,
[36m(TaskRunner pid=540966)[0m                      'model_dtype': 'fp32',
[36m(TaskRunner pid=540966)[0m                      'offload_policy': False,
[36m(TaskRunner pid=540966)[0m                      'optimizer_offload': False,
[36m(TaskRunner pid=540966)[0m                      'param_offload': False,
[36m(TaskRunner pid=540966)[0m                      'qat': {'_target_': 'verl.workers.config.QATEngineConfig',
[36m(TaskRunner pid=540966)[0m                              'activation_observer': 'static_minmax',
[36m(TaskRunner pid=540966)[0m                              'enable': False,
[36m(TaskRunner pid=540966)[0m                              'group_size': 16,
[36m(TaskRunner pid=540966)[0m                              'ignore_patterns': ['lm_head',
[36m(TaskRunner pid=540966)[0m                                                  'embed_tokens',
[36m(TaskRunner pid=540966)[0m                                                  're:.*mlp.gate$'],
[36m(TaskRunner pid=540966)[0m                              'mode': 'w4a16',
[36m(TaskRunner pid=540966)[0m                              'quantization_config_path': None},
[36m(TaskRunner pid=540966)[0m                      'reshard_after_forward': True,
[36m(TaskRunner pid=540966)[0m                      'seed': 42,
[36m(TaskRunner pid=540966)[0m                      'strategy': 'fsdp',
[36m(TaskRunner pid=540966)[0m                      'ulysses_sequence_parallel_size': 1,
[36m(TaskRunner pid=540966)[0m                      'use_orig_params': False,
[36m(TaskRunner pid=540966)[0m                      'use_torch_compile': True,
[36m(TaskRunner pid=540966)[0m                      'wrap_policy': {'min_num_params': 0}},
[36m(TaskRunner pid=540966)[0m             'grad_clip': 1.0,
[36m(TaskRunner pid=540966)[0m             'loss_agg_mode': 'token-mean',
[36m(TaskRunner pid=540966)[0m             'model': {'_target_': 'verl.workers.config.HFModelConfig',
[36m(TaskRunner pid=540966)[0m                       'custom_chat_template': None,
[36m(TaskRunner pid=540966)[0m                       'enable_activation_offload': False,
[36m(TaskRunner pid=540966)[0m                       'enable_gradient_checkpointing': True,
[36m(TaskRunner pid=540966)[0m                       'exclude_modules': None,
[36m(TaskRunner pid=540966)[0m                       'external_lib': None,
[36m(TaskRunner pid=540966)[0m                       'fused_kernel_options': {'impl_backend': 'torch'},
[36m(TaskRunner pid=540966)[0m                       'hf_config_path': None,
[36m(TaskRunner pid=540966)[0m                       'lora': {'a2a_experimental': False,
[36m(TaskRunner pid=540966)[0m                                'adapter_path': None,
[36m(TaskRunner pid=540966)[0m                                'alpha': 32,
[36m(TaskRunner pid=540966)[0m                                'dropout': 0.0,
[36m(TaskRunner pid=540966)[0m                                'dropout_position': 'pre',
[36m(TaskRunner pid=540966)[0m                                'dtype': None,
[36m(TaskRunner pid=540966)[0m                                'exclude_modules': [],
[36m(TaskRunner pid=540966)[0m                                'freeze_language_model': True,
[36m(TaskRunner pid=540966)[0m                                'freeze_vision_model': True,
[36m(TaskRunner pid=540966)[0m                                'freeze_vision_projection': True,
[36m(TaskRunner pid=540966)[0m                                'lora_A_init_method': 'xavier',
[36m(TaskRunner pid=540966)[0m                                'lora_B_init_method': 'zero',
[36m(TaskRunner pid=540966)[0m                                'merge': False,
[36m(TaskRunner pid=540966)[0m                                'rank': 0,
[36m(TaskRunner pid=540966)[0m                                'target_modules': ['linear_qkv',
[36m(TaskRunner pid=540966)[0m                                                   'linear_proj',
[36m(TaskRunner pid=540966)[0m                                                   'linear_fc1',
[36m(TaskRunner pid=540966)[0m                                                   'linear_fc2'],
[36m(TaskRunner pid=540966)[0m                                'type': 'lora'},
[36m(TaskRunner pid=540966)[0m                       'lora_adapter_path': None,
[36m(TaskRunner pid=540966)[0m                       'lora_alpha': 16,
[36m(TaskRunner pid=540966)[0m                       'lora_rank': 0,
[36m(TaskRunner pid=540966)[0m                       'mtp': {'_target_': 'verl.workers.config.MtpConfig',
[36m(TaskRunner pid=540966)[0m                               'detach_encoder': False,
[36m(TaskRunner pid=540966)[0m                               'enable': False,
[36m(TaskRunner pid=540966)[0m                               'enable_rollout': False,
[36m(TaskRunner pid=540966)[0m                               'enable_train': False,
[36m(TaskRunner pid=540966)[0m                               'method': 'mtp',
[36m(TaskRunner pid=540966)[0m                               'mtp_loss_scaling_factor': 0.1,
[36m(TaskRunner pid=540966)[0m                               'num_speculative_tokens': 1,
[36m(TaskRunner pid=540966)[0m                               'speculative_algorithm': 'EAGLE',
[36m(TaskRunner pid=540966)[0m                               'speculative_eagle_topk': 1,
[36m(TaskRunner pid=540966)[0m                               'speculative_num_draft_tokens': 4,
[36m(TaskRunner pid=540966)[0m                               'speculative_num_steps': 3},
[36m(TaskRunner pid=540966)[0m                       'override_config': {},
[36m(TaskRunner pid=540966)[0m                       'path': '~/models/deepseek-llm-7b-chat',
[36m(TaskRunner pid=540966)[0m                       'target_modules': 'all-linear',
[36m(TaskRunner pid=540966)[0m                       'tiled_mlp': {'enabled': False, 'num_shards': 4},
[36m(TaskRunner pid=540966)[0m                       'tokenizer_path': None,
[36m(TaskRunner pid=540966)[0m                       'trust_remote_code': False,
[36m(TaskRunner pid=540966)[0m                       'use_fused_kernels': False,
[36m(TaskRunner pid=540966)[0m                       'use_liger': False,
[36m(TaskRunner pid=540966)[0m                       'use_remove_padding': True,
[36m(TaskRunner pid=540966)[0m                       'use_shm': False},
[36m(TaskRunner pid=540966)[0m             'optim': {'_target_': 'verl.workers.config.FSDPOptimizerConfig',
[36m(TaskRunner pid=540966)[0m                       'betas': [0.9, 0.999],
[36m(TaskRunner pid=540966)[0m                       'clip_grad': 1.0,
[36m(TaskRunner pid=540966)[0m                       'lr': 1e-05,
[36m(TaskRunner pid=540966)[0m                       'lr_scheduler_type': 'constant',
[36m(TaskRunner pid=540966)[0m                       'lr_warmup_steps': -1,
[36m(TaskRunner pid=540966)[0m                       'lr_warmup_steps_ratio': 0.0,
[36m(TaskRunner pid=540966)[0m                       'min_lr_ratio': 0.0,
[36m(TaskRunner pid=540966)[0m                       'num_cycles': 0.5,
[36m(TaskRunner pid=540966)[0m                       'optimizer': 'AdamW',
[36m(TaskRunner pid=540966)[0m                       'optimizer_impl': 'torch.optim',
[36m(TaskRunner pid=540966)[0m                       'override_optimizer_config': None,
[36m(TaskRunner pid=540966)[0m                       'total_training_steps': -1,
[36m(TaskRunner pid=540966)[0m                       'warmup_style': None,
[36m(TaskRunner pid=540966)[0m                       'weight_decay': 0.01,
[36m(TaskRunner pid=540966)[0m                       'zero_indexed_step': True},
[36m(TaskRunner pid=540966)[0m             'ppo_epochs': 1,
[36m(TaskRunner pid=540966)[0m             'ppo_max_token_len_per_gpu': 32768,
[36m(TaskRunner pid=540966)[0m             'ppo_micro_batch_size': None,
[36m(TaskRunner pid=540966)[0m             'ppo_micro_batch_size_per_gpu': None,
[36m(TaskRunner pid=540966)[0m             'ppo_mini_batch_size': 8,
[36m(TaskRunner pid=540966)[0m             'profiler': {'_target_': 'verl.utils.profiler.ProfilerConfig',
[36m(TaskRunner pid=540966)[0m                          'all_ranks': False,
[36m(TaskRunner pid=540966)[0m                          'enable': False,
[36m(TaskRunner pid=540966)[0m                          'ranks': [],
[36m(TaskRunner pid=540966)[0m                          'save_path': 'outputs/profile',
[36m(TaskRunner pid=540966)[0m                          'tool': None,
[36m(TaskRunner pid=540966)[0m                          'tool_config': {'npu': {'_target_': 'verl.utils.profiler.config.NPUToolConfig',
[36m(TaskRunner pid=540966)[0m                                                  'analysis': True,
[36m(TaskRunner pid=540966)[0m                                                  'contents': [],
[36m(TaskRunner pid=540966)[0m                                                  'discrete': False,
[36m(TaskRunner pid=540966)[0m                                                  'level': 'level0'},
[36m(TaskRunner pid=540966)[0m                                          'nsys': {'_target_': 'verl.utils.profiler.config.NsightToolConfig',
[36m(TaskRunner pid=540966)[0m                                                   'discrete': False},
[36m(TaskRunner pid=540966)[0m                                          'precision_debugger': {'_target_': 'verl.utils.profiler.config.PrecisionDebuggerToolConfig',
[36m(TaskRunner pid=540966)[0m                                                                 'config_path': None,
[36m(TaskRunner pid=540966)[0m                                                                 'stages': None,
[36m(TaskRunner pid=540966)[0m                                                                 'steps': None,
[36m(TaskRunner pid=540966)[0m                                                                 'strict': False},
[36m(TaskRunner pid=540966)[0m                                          'torch': {'_target_': 'verl.utils.profiler.config.TorchProfilerToolConfig',
[36m(TaskRunner pid=540966)[0m                                                    'contents': [],
[36m(TaskRunner pid=540966)[0m                                                    'discrete': False},
[36m(TaskRunner pid=540966)[0m                                          'torch_memory': {'_target_': 'verl.utils.profiler.config.TorchMemoryToolConfig',
[36m(TaskRunner pid=540966)[0m                                                           'stack_depth': 32,
[36m(TaskRunner pid=540966)[0m                                                           'trace_alloc_max_entries': 100000}}},
[36m(TaskRunner pid=540966)[0m             'rollout_n': 8,
[36m(TaskRunner pid=540966)[0m             'shuffle': False,
[36m(TaskRunner pid=540966)[0m             'strategy': 'fsdp',
[36m(TaskRunner pid=540966)[0m             'ulysses_sequence_parallel_size': 1,
[36m(TaskRunner pid=540966)[0m             'use_dynamic_bsz': False},
[36m(TaskRunner pid=540966)[0m  'data': {'apply_chat_template_kwargs': {},
[36m(TaskRunner pid=540966)[0m           'audio_key': 'audios',
[36m(TaskRunner pid=540966)[0m           'custom_cls': {'name': None, 'path': None},
[36m(TaskRunner pid=540966)[0m           'dataloader_num_workers': 8,
[36m(TaskRunner pid=540966)[0m           'filter_overlong_prompts': True,
[36m(TaskRunner pid=540966)[0m           'filter_overlong_prompts_workers': 1,
[36m(TaskRunner pid=540966)[0m           'function_tool_path': None,
[36m(TaskRunner pid=540966)[0m           'image_key': 'images',
[36m(TaskRunner pid=540966)[0m           'image_patch_size': 14,
[36m(TaskRunner pid=540966)[0m           'max_prompt_length': 1024,
[36m(TaskRunner pid=540966)[0m           'max_response_length': 256,
[36m(TaskRunner pid=540966)[0m           'mm_processor_kwargs': {},
[36m(TaskRunner pid=540966)[0m           'prompt_key': 'prompt',
[36m(TaskRunner pid=540966)[0m           'return_full_prompt': False,
[36m(TaskRunner pid=540966)[0m           'return_multi_modal_inputs': True,
[36m(TaskRunner pid=540966)[0m           'return_raw_chat': True,
[36m(TaskRunner pid=540966)[0m           'return_raw_input_ids': False,
[36m(TaskRunner pid=540966)[0m           'reward_fn_key': 'data_source',
[36m(TaskRunner pid=540966)[0m           'seed': None,
[36m(TaskRunner pid=540966)[0m           'shuffle': True,
[36m(TaskRunner pid=540966)[0m           'tokenizer': None,
[36m(TaskRunner pid=540966)[0m           'tool_config_path': None,
[36m(TaskRunner pid=540966)[0m           'train_batch_size': 8,
[36m(TaskRunner pid=540966)[0m           'train_files': 'track_a/grpo_bench/data/train.parquet',
[36m(TaskRunner pid=540966)[0m           'train_max_samples': -1,
[36m(TaskRunner pid=540966)[0m           'truncation': 'right',
[36m(TaskRunner pid=540966)[0m           'trust_remote_code': False,
[36m(TaskRunner pid=540966)[0m           'use_shm': False,
[36m(TaskRunner pid=540966)[0m           'val_batch_size': None,
[36m(TaskRunner pid=540966)[0m           'val_files': 'track_a/grpo_bench/data/val.parquet',
[36m(TaskRunner pid=540966)[0m           'val_max_samples': -1,
[36m(TaskRunner pid=540966)[0m           'validation_shuffle': False,
[36m(TaskRunner pid=540966)[0m           'video_key': 'videos'},
[36m(TaskRunner pid=540966)[0m  'distillation': {'_target_': 'verl.workers.config.DistillationConfig',
[36m(TaskRunner pid=540966)[0m                   'distillation_loss': {'_target_': 'verl.workers.config.DistillationLossConfig',
[36m(TaskRunner pid=540966)[0m                                         'clip_ratio': 0.2,
[36m(TaskRunner pid=540966)[0m                                         'clip_ratio_high': 0.2,
[36m(TaskRunner pid=540966)[0m                                         'clip_ratio_low': 0.2,
[36m(TaskRunner pid=540966)[0m                                         'distillation_loss_coef': 1.0,
[36m(TaskRunner pid=540966)[0m                                         'log_prob_min_clamp': None,
[36m(TaskRunner pid=540966)[0m                                         'loss_max_clamp': None,
[36m(TaskRunner pid=540966)[0m                                         'loss_mode': 'k3',
[36m(TaskRunner pid=540966)[0m                                         'policy_loss_mode': 'vanilla',
[36m(TaskRunner pid=540966)[0m                                         'topk': 32,
[36m(TaskRunner pid=540966)[0m                                         'use_policy_gradient': False,
[36m(TaskRunner pid=540966)[0m                                         'use_task_rewards': True},
[36m(TaskRunner pid=540966)[0m                   'enabled': False,
[36m(TaskRunner pid=540966)[0m                   'n_gpus_per_node': 8,
[36m(TaskRunner pid=540966)[0m                   'nnodes': 0,
[36m(TaskRunner pid=540966)[0m                   'teacher_key': 'data_source',
[36m(TaskRunner pid=540966)[0m                   'teacher_models': {'teacher_model': {'_target_': 'verl.workers.config.DistillationTeacherModelConfig',
[36m(TaskRunner pid=540966)[0m                                                        'inference': {'_target_': 'verl.workers.config.RolloutConfig',
[36m(TaskRunner pid=540966)[0m                                                                      'cudagraph_capture_sizes': None,
[36m(TaskRunner pid=540966)[0m                                                                      'data_parallel_size': 1,
[36m(TaskRunner pid=540966)[0m                                                                      'disable_log_stats': True,
[36m(TaskRunner pid=540966)[0m                                                                      'dtype': 'bfloat16',
[36m(TaskRunner pid=540966)[0m                                                                      'enable_chunked_prefill': True,
[36m(TaskRunner pid=540966)[0m                                                                      'enable_prefix_caching': True,
[36m(TaskRunner pid=540966)[0m                                                                      'enforce_eager': True,
[36m(TaskRunner pid=540966)[0m                                                                      'engine_kwargs': {},
[36m(TaskRunner pid=540966)[0m                                                                      'expert_parallel_size': 1,
[36m(TaskRunner pid=540966)[0m                                                                      'free_cache_engine': True,
[36m(TaskRunner pid=540966)[0m                                                                      'gpu_memory_utilization': 0.5,
[36m(TaskRunner pid=540966)[0m                                                                      'limit_images': None,
[36m(TaskRunner pid=540966)[0m                                                                      'load_format': 'auto',
[36m(TaskRunner pid=540966)[0m                                                                      'max_model_len': None,
[36m(TaskRunner pid=540966)[0m                                                                      'max_num_batched_tokens': 8192,
[36m(TaskRunner pid=540966)[0m                                                                      'max_num_seqs': 1024,
[36m(TaskRunner pid=540966)[0m                                                                      'name': 'vllm',
[36m(TaskRunner pid=540966)[0m                                                                      'prompt_length': 1024,
[36m(TaskRunner pid=540966)[0m                                                                      'response_length': 256,
[36m(TaskRunner pid=540966)[0m                                                                      'skip_tokenizer_init': True,
[36m(TaskRunner pid=540966)[0m                                                                      'temperature': 1.0,
[36m(TaskRunner pid=540966)[0m                                                                      'tensor_model_parallel_size': 2},
[36m(TaskRunner pid=540966)[0m                                                        'key': None,
[36m(TaskRunner pid=540966)[0m                                                        'model_path': None,
[36m(TaskRunner pid=540966)[0m                                                        'num_replicas': 0}}},
[36m(TaskRunner pid=540966)[0m  'global_profiler': {'_target_': 'verl.utils.profiler.ProfilerConfig',
[36m(TaskRunner pid=540966)[0m                      'global_tool_config': {'nsys': {'_target_': 'verl.utils.profiler.config.NsightToolConfig',
[36m(TaskRunner pid=540966)[0m                                                      'controller_nsight_options': {'cuda-graph-trace': 'graph',
[36m(TaskRunner pid=540966)[0m                                                                                    'cuda-memory-usage': 'true',
[36m(TaskRunner pid=540966)[0m                                                                                    'trace': 'cuda,nvtx,cublas,ucx'},
[36m(TaskRunner pid=540966)[0m                                                      'discrete': False,
[36m(TaskRunner pid=540966)[0m                                                      'worker_nsight_options': {'capture-range': 'cudaProfilerApi',
[36m(TaskRunner pid=540966)[0m                                                                                'capture-range-end': None,
[36m(TaskRunner pid=540966)[0m                                                                                'cuda-graph-trace': 'graph',
[36m(TaskRunner pid=540966)[0m                                                                                'cuda-memory-usage': 'true',
[36m(TaskRunner pid=540966)[0m                                                                                'kill': 'none',
[36m(TaskRunner pid=540966)[0m                                                                                'trace': 'cuda,nvtx,cublas,ucx'}},
[36m(TaskRunner pid=540966)[0m                                             'precision_debugger': {'_target_': 'verl.utils.profiler.config.PrecisionDebuggerToolConfig',
[36m(TaskRunner pid=540966)[0m                                                                    'config_path': None,
[36m(TaskRunner pid=540966)[0m                                                                    'stages': None,
[36m(TaskRunner pid=540966)[0m                                                                    'steps': None,
[36m(TaskRunner pid=540966)[0m                                                                    'strict': False},
[36m(TaskRunner pid=540966)[0m                                             'torch_memory': {'context': 'all',
[36m(TaskRunner pid=540966)[0m                                                              'kw_args': {},
[36m(TaskRunner pid=540966)[0m                                                              'stack_depth': 32,
[36m(TaskRunner pid=540966)[0m                                                              'stacks': 'all',
[36m(TaskRunner pid=540966)[0m                                                              'trace_alloc_max_entries': 100000}},
[36m(TaskRunner pid=540966)[0m                      'profile_continuous_steps': False,
[36m(TaskRunner pid=540966)[0m                      'save_path': 'outputs/profile',
[36m(TaskRunner pid=540966)[0m                      'steps': None,
[36m(TaskRunner pid=540966)[0m                      'tool': None},
[36m(TaskRunner pid=540966)[0m  'model_engine': 'dp',
[36m(TaskRunner pid=540966)[0m  'ray_kwargs': {'ray_init': {'num_cpus': None}, 'timeline_json_file': None},
[36m(TaskRunner pid=540966)[0m  'reward': {'_target_': 'verl.workers.config.RewardConfig',
[36m(TaskRunner pid=540966)[0m             'custom_reward_function': {'name': 'compute_score',
[36m(TaskRunner pid=540966)[0m                                        'path': '/home/hyin66/es-fine-tuning-paper/experiments/2026-07-24_es_improvement/es_bench/grpo/reward_logged.py'},
[36m(TaskRunner pid=540966)[0m             'num_workers': 8,
[36m(TaskRunner pid=540966)[0m             'reward_manager': {'_target_': 'verl.workers.config.reward.RewardManagerConfig',
[36m(TaskRunner pid=540966)[0m                                'module': {'_target_': 'verl.trainer.config.config.ModuleConfig',
[36m(TaskRunner pid=540966)[0m                                           'name': 'custom_reward_manager',
[36m(TaskRunner pid=540966)[0m                                           'path': None},
[36m(TaskRunner pid=540966)[0m                                'name': 'naive',
[36m(TaskRunner pid=540966)[0m                                'source': 'register'},
[36m(TaskRunner pid=540966)[0m             'reward_model': {'_target_': 'verl.workers.config.RewardModelConfig',
[36m(TaskRunner pid=540966)[0m                              'enable': False,
[36m(TaskRunner pid=540966)[0m                              'enable_resource_pool': False,
[36m(TaskRunner pid=540966)[0m                              'model_path': None,
[36m(TaskRunner pid=540966)[0m                              'n_gpus_per_node': 8,
[36m(TaskRunner pid=540966)[0m                              'nnodes': 0,
[36m(TaskRunner pid=540966)[0m                              'rollout': {'_target_': 'verl.workers.config.RolloutConfig',
[36m(TaskRunner pid=540966)[0m                                          'cudagraph_capture_sizes': None,
[36m(TaskRunner pid=540966)[0m                                          'data_parallel_size': 1,
[36m(TaskRunner pid=540966)[0m                                          'disable_log_stats': True,
[36m(TaskRunner pid=540966)[0m                                          'disaggregation': {'bootstrap_port': None,
[36m(TaskRunner pid=540966)[0m                                                             'decode_replicas': 1,
[36m(TaskRunner pid=540966)[0m                                                             'decode_tensor_model_parallel_size': None,
[36m(TaskRunner pid=540966)[0m                                                             'enabled': False,
[36m(TaskRunner pid=540966)[0m                                                             'ib_device': None,
[36m(TaskRunner pid=540966)[0m                                                             'prefill_replicas': 1,
[36m(TaskRunner pid=540966)[0m                                                             'transfer_backend': 'nixl'},
[36m(TaskRunner pid=540966)[0m                                          'do_sample': True,
[36m(TaskRunner pid=540966)[0m                                          'dtype': 'bfloat16',
[36m(TaskRunner pid=540966)[0m                                          'enable_chunked_prefill': True,
[36m(TaskRunner pid=540966)[0m                                          'enable_prefix_caching': True,
[36m(TaskRunner pid=540966)[0m                                          'enforce_eager': True,
[36m(TaskRunner pid=540966)[0m                                          'engine_kwargs': {},
[36m(TaskRunner pid=540966)[0m                                          'expert_parallel_size': 1,
[36m(TaskRunner pid=540966)[0m                                          'free_cache_engine': True,
[36m(TaskRunner pid=540966)[0m                                          'gpu_memory_utilization': 0.5,
[36m(TaskRunner pid=540966)[0m                                          'ignore_eos': False,
[36m(TaskRunner pid=540966)[0m                                          'layered_summon': False,
[36m(TaskRunner pid=540966)[0m                                          'limit_images': None,
[36m(TaskRunner pid=540966)[0m                                          'load_format': 'auto',
[36m(TaskRunner pid=540966)[0m                                          'max_model_len': None,
[36m(TaskRunner pid=540966)[0m                                          'max_num_batched_tokens': 8192,
[36m(TaskRunner pid=540966)[0m /home/hyin66/micromamba/envs/verl/lib/python3.10/site-packages/verl/trainer/main_ppo.py:258: UserWarning: Disabled critic as algorithm.adv_estimator != gae. If it is not intended, please set critic.enable=True
[36m(TaskRunner pid=540966)[0m   use_critic=need_critic(config),
[36m(TaskRunner pid=540966)[0m Filtering prompts longer than 1024 tokens (num_proc=1):   0%|          | 0/2000 [00:00<?, ? examples/s]
[36m(TaskRunner pid=540966)[0m Filtering prompts longer than 1024 tokens (num_proc=1):  50%|█████     | 1000/2000 [00:00<00:00, 1071.09 examples/s]
[36m(TaskRunner pid=540966)[0m Filtering prompts longer than 1024 tokens (num_proc=1): 100%|██████████| 2000/2000 [00:01<00:00, 2054.89 examples/s]
[36m(TaskRunner pid=540966)[0m Filtering prompts longer than 1024 tokens (num_proc=1): 100%|██████████| 2000/2000 [00:01<00:00, 1611.79 examples/s]
[36m(TaskRunner pid=540966)[0m Filtering prompts longer than 1024 tokens (num_proc=1):   0%|          | 0/200 [00:00<?, ? examples/s]
[36m(TaskRunner pid=540966)[0m Filtering prompts longer than 1024 tokens (num_proc=1): 100%|██████████| 200/200 [00:00<00:00, 470.68 examples/s]
[36m(TaskRunner pid=540966)[0m Filtering prompts longer than 1024 tokens (num_proc=1): 100%|██████████| 200/200 [00:00<00:00, 372.26 examples/s]
[36m(TaskRunner pid=540966)[0m /home/hyin66/micromamba/envs/verl/lib/python3.10/site-packages/verl/trainer/main_ppo.py:299: FutureWarning: Warning: Class 'verl.trainer.ppo.ray_trainer.RayPPOTrainer' is deprecated. Please use 'main_ppo.py is deprecated, and wil be replaced by main_ppo_sync.py in v0.8.0, please use main_ppo_sync.py instead.' instead.
[36m(TaskRunner pid=540966)[0m   trainer = RayPPOTrainer(
[36m(TaskRunner pid=540966)[0m /home/hyin66/micromamba/envs/verl/lib/python3.10/site-packages/verl/trainer/ppo/ray_trainer.py:348: UserWarning: Disabled critic as algorithm.adv_estimator != gae. If it is not intended, please set critic.enable=True
[36m(TaskRunner pid=540966)[0m   self.use_critic = need_critic(self.config)
[36m(WorkerDict pid=541604)[0m /home/hyin66/micromamba/envs/verl/lib/python3.10/site-packages/verl/workers/engine/mindspeed/transformer_impl.py:24: UserWarning: NPU not support router replay for now.
[36m(WorkerDict pid=541604)[0m   from verl.utils.megatron.router_replay_patch import RouterReplay
[36m(WorkerDict pid=541604)[0m `torch_dtype` is deprecated! Use `dtype` instead!
[36m(WorkerDict pid=541604)[0m Flash Attention 2 only supports torch.float16 and torch.bfloat16 dtypes, but the current dype in Qwen2ForCausalLM is torch.float32. You should run training or inference using Automatic Mixed-Precision via the `with torch.autocast(device_type='torch_device'):` decorator, or load the model with the `dtype` argument. Example: `model = AutoModel.from_pretrained("openai/whisper-tiny", attn_implementation="flash_attention_2", dtype=torch.float16)`
[36m(WorkerDict pid=541604)[0m Flash Attention 2 only supports torch.float16 and torch.bfloat16 dtypes, but the current dype in Qwen2Model is torch.float32. You should run training or inference using Automatic Mixed-Precision via the `with torch.autocast(device_type='torch_device'):` decorator, or load the model with the `dtype` argument. Example: `model = AutoModel.from_pretrained("openai/whisper-tiny", attn_implementation="flash_attention_2", dtype=torch.float16)`
[36m(WorkerDict pid=541604)[0m Loading checkpoint shards:   0%|          | 0/2 [00:00<?, ?it/s]
[36m(WorkerDict pid=541604)[0m Loading checkpoint shards:  50%|█████     | 1/2 [00:02<00:02,  2.48s/it]
[36m(WorkerDict pid=541604)[0m Loading checkpoint shards: 100%|██████████| 2/2 [00:03<00:00,  1.57s/it]Loading checkpoint shards: 100%|██████████| 2/2 [00:03<00:00,  1.71s/it]
[36m(WorkerDict pid=541604)[0m /home/hyin66/micromamba/envs/verl/lib/python3.10/site-packages/torch/distributed/fsdp/_init_utils.py:430: UserWarning: FSDP is switching to use `NO_SHARD` instead of ShardingStrategy.FULL_SHARD since the world size is 1.
[36m(WorkerDict pid=541604)[0m   warnings.warn(
[36m(WorkerDict pid=541604)[0m /home/hyin66/micromamba/envs/verl/lib/python3.10/site-packages/torch/distributed/fsdp/fully_sharded_data_parallel.py:678: FutureWarning: FSDP.state_dict_type() and FSDP.set_state_dict_type() are being deprecated. Please use APIs, get_state_dict() and set_state_dict(), which can support different parallelisms, FSDP1, FSDP2, DDP. API doc: https://pytorch.org/docs/stable/distributed.checkpoint.html#torch.distributed.checkpoint.state_dict.get_state_dict .Tutorial: https://pytorch.org/tutorials/recipes/distributed_checkpoint_recipe.html .
[36m(WorkerDict pid=541604)[0m   warnings.warn(
[36m(vLLMHttpServer pid=542104)[0m WARNING:2026-07-24 03:27:10,255:agent loop only support torch and npu profiler, got None
[36m(vLLMHttpServer pid=542104)[0m INFO:2026-07-24 03:27:10,256:vLLMHttpServer, replica_rank: 0, node_rank: 0, CUDA_VISIBLE_DEVICES: 0, master_address: 10.233.74.176, master_port: 46819, data_parallel_rpc_port: 42271, data_parallel_master_port: 41787
[36m(vLLMHttpServer pid=542104)[0m INFO:2026-07-24 03:27:10,263:override_generation_config: {'temperature': 1.0, 'top_k': -1, 'top_p': 1, 'repetition_penalty': 1.0, 'max_new_tokens': 256}
[36m(vLLMHttpServer pid=542104)[0m INFO:2026-07-24 03:27:10,263:enable_sleep_mode: True
[36m(TaskRunner pid=540966)[0m                                          'max_num_seqs': 1024,
[36m(TaskRunner pid=540966)[0m                                          'mtp': None,
[36m(TaskRunner pid=540966)[0m                                          'multi_stage_wake_up': False,
[36m(TaskRunner pid=540966)[0m                                          'n': 1,
[36m(TaskRunner pid=540966)[0m                                          'name': '???',
[36m(TaskRunner pid=540966)[0m                                          'pipeline_model_parallel_size': 1,
[36m(TaskRunner pid=540966)[0m                                          'prompt_length': 2048,
[36m(TaskRunner pid=540966)[0m                                          'quantization': None,
[36m(TaskRunner pid=540966)[0m                                          'quantization_config_file': None,
[36m(TaskRunner pid=540966)[0m                                          'response_length': 2048,
[36m(TaskRunner pid=540966)[0m                                          'scheduling_policy': 'fcfs',
[36m(TaskRunner pid=540966)[0m                                          'skip_tokenizer_init': False,
[36m(TaskRunner pid=540966)[0m                                          'temperature': 1.0,
[36m(TaskRunner pid=540966)[0m                                          'tensor_model_parallel_size': 2,
[36m(TaskRunner pid=540966)[0m                                          'top_k': -1,
[36m(TaskRunner pid=540966)[0m                                          'top_p': 1}},
[36m(TaskRunner pid=540966)[0m             'sandbox_fusion': {'_target_': 'verl.workers.config.SandboxFusionConfig',
[36m(TaskRunner pid=540966)[0m                                'max_concurrent': 64,
[36m(TaskRunner pid=540966)[0m                                'memory_limit_mb': 1024,
[36m(TaskRunner pid=540966)[0m                                'url': None}},
[36m(TaskRunner pid=540966)[0m  'trainer': {'balance_batch': True,
[36m(TaskRunner pid=540966)[0m              'critic_warmup': 0,
[36m(TaskRunner pid=540966)[0m              'default_hdfs_dir': None,
[36m(TaskRunner pid=540966)[0m              'default_local_dir': 'track_a/grpo_bench/out_grpo_lora',
[36m(TaskRunner pid=540966)[0m              'del_local_ckpt_after_load': False,
[36m(TaskRunner pid=540966)[0m              'device': 'cuda',
[36m(TaskRunner pid=540966)[0m              'esi_redundant_time': 0,
[36m(TaskRunner pid=540966)[0m              'experiment_name': 'grpo_lora',
[36m(TaskRunner pid=540966)[0m              'log_val_generations': 0,
[36m(TaskRunner pid=540966)[0m              'logger': ['console'],
[36m(TaskRunner pid=540966)[0m              'max_actor_ckpt_to_keep': None,
[36m(TaskRunner pid=540966)[0m              'max_critic_ckpt_to_keep': None,
[36m(TaskRunner pid=540966)[0m              'n_gpus_per_node': 1,
[36m(TaskRunner pid=540966)[0m              'nnodes': 1,
[36m(TaskRunner pid=540966)[0m              'project_name': 'a0_grpo_bench',
[36m(TaskRunner pid=540966)[0m              'ray_wait_register_center_timeout': 300,
[36m(TaskRunner pid=540966)[0m              'resume_from_path': None,
[36m(TaskRunner pid=540966)[0m              'resume_mode': 'auto',
[36m(TaskRunner pid=540966)[0m              'rollout_data_dir': None,
[36m(TaskRunner pid=540966)[0m              'save_freq': -1,
[36m(TaskRunner pid=540966)[0m              'test_freq': -1,
[36m(TaskRunner pid=540966)[0m              'total_epochs': 1000,
[36m(TaskRunner pid=540966)[0m              'total_training_steps': 25,
[36m(TaskRunner pid=540966)[0m              'val_before_train': False,
[36m(TaskRunner pid=540966)[0m              'val_only': False,
[36m(TaskRunner pid=540966)[0m              'validation_data_dir': None},
[36m(TaskRunner pid=540966)[0m  'transfer_queue': {'backend': {'MooncakeStore': {'auto_init': False,
[36m(TaskRunner pid=540966)[0m                                                   'device_name': '',
[36m(TaskRunner pid=540966)[0m                                                   'global_segment_size': 4294967296,
[36m(TaskRunner pid=540966)[0m                                                   'local_buffer_size': 1073741824,
[36m(TaskRunner pid=540966)[0m                                                   'local_hostname': 'localhost',
[36m(TaskRunner pid=540966)[0m                                                   'master_server_address': 'localhost:50124',
[36m(TaskRunner pid=540966)[0m                                                   'metadata_server': 'localhost:50123',
[36m(TaskRunner pid=540966)[0m                                                   'protocol': 'tcp'},
[36m(TaskRunner pid=540966)[0m                                 'SimpleStorage': {'num_data_storage_units': 8,
[36m(TaskRunner pid=540966)[0m                                                   'total_storage_size': 100000},
[36m(TaskRunner pid=540966)[0m                                 'storage_backend': 'SimpleStorage'},
[36m(TaskRunner pid=540966)[0m                     'enable': False,
[36m(TaskRunner pid=540966)[0m                     'metrics': {'enabled': False, 'port': 0}}}
[36m(TaskRunner pid=540966)[0m [validate_config] All configuration checks passed successfully!
[36m(TaskRunner pid=540966)[0m Using dataset class: RLHFDataset
[36m(TaskRunner pid=540966)[0m dataset len: 2000
[36m(TaskRunner pid=540966)[0m filter dataset len: 2000
[36m(TaskRunner pid=540966)[0m Using dataset class: RLHFDataset
[36m(TaskRunner pid=540966)[0m dataset len: 200
[36m(TaskRunner pid=540966)[0m filter dataset len: 200
[36m(TaskRunner pid=540966)[0m Size of train dataloader: 250, Size of val dataloader: 1
[36m(TaskRunner pid=540966)[0m Total training steps: 25
[36m(TaskRunner pid=540966)[0m colocated worker base class <class 'verl.single_controller.base.worker.Worker'>
[36m(WorkerDict pid=541604)[0m [Gloo] Rank 0 is connected to 0 peer ranks. Expected number of connected peer ranks is : 0
[36m(WorkerDict pid=541604)[0m Warning: Failed to set NUMA affinity: libnuma.so: cannot open shared object file: No such file or directory
[36m(WorkerDict pid=541604)[0m Monkey patch _flash_attention_forward in transformers.integrations.flash_attention
[36m(WorkerDict pid=541604)[0m Skipping monkey patch for Qwen2ForCausalLM as use_fused_kernels is False or fused_kernels_backend is torch
[36m(WorkerDict pid=541604)[0m PeftModelForCausalLM contains 3.12B parameters
[36m(WorkerDict pid=541604)[0m Before FSDP, memory allocated (GB): 0.00, memory reserved (GB): 0.00, device memory used/total (GB): 0.51/139.80
[36m(WorkerDict pid=541604)[0m After FSDP, memory allocated (GB): 11.61, memory reserved (GB): 13.13, device memory used/total (GB): 14.28/139.80
[36m(WorkerDict pid=541604)[0m Total steps: 25, num_warmup_steps: 0
[36m(WorkerDict pid=541604)[0m NCCL version 2.27.3+cuda12.9
[36m(WorkerDict pid=541604)[0m [Gloo] Rank 0 is connected to 0 peer ranks. Expected number of connected peer ranks is : 0
[36m(WorkerDict pid=541604)[0m [Gloo] Rank 0 is connected to 0 peer ranks. Expected number of connected peer ranks is : 0
[36m(WorkerDict pid=541604)[0m [Gloo] Rank 0 is connected to 0 peer ranks. Expected number of connected peer ranks is : 0
[36m(TaskRunner pid=540966)[0m WARNING 07-24 03:26:34 [api_server.py:1213] LoRA dynamic loading & unloading is enabled in the API server. This should ONLY be used for local development!
[36m(pid=542104)[0m WARNING 07-24 03:27:07 [api_server.py:1213] LoRA dynamic loading & unloading is enabled in the API server. This should ONLY be used for local development!
[36m(vLLMHttpServer pid=542104)[0m ['serve',
[36m(vLLMHttpServer pid=542104)[0m  'Qwen/Qwen2.5-3B-Instruct',
[36m(vLLMHttpServer pid=542104)[0m  '--dtype',
[36m(vLLMHttpServer pid=542104)[0m  'bfloat16',
[36m(vLLMHttpServer pid=542104)[0m  '--load_format',
[36m(vLLMHttpServer pid=542104)[0m  'safetensors',
[36m(vLLMHttpServer pid=542104)[0m  '--distributed_executor_backend',
[36m(vLLMHttpServer pid=542104)[0m  'mp',
[36m(vLLMHttpServer pid=542104)[0m  '--worker_extension_cls',
[36m(vLLMHttpServer pid=542104)[0m `torch_dtype` is deprecated! Use `dtype` instead!
[36m(vLLMHttpServer pid=542104)[0m [1;36m(Worker pid=543252)[0;0m Loading safetensors checkpoint shards:   0% Completed | 0/2 [00:00<?, ?it/s]
[36m(vLLMHttpServer pid=542104)[0m [1;36m(Worker pid=543252)[0;0m Loading safetensors checkpoint shards:  50% Completed | 1/2 [00:01<00:01,  1.95s/it]
[36m(vLLMHttpServer pid=542104)[0m [1;36m(Worker pid=543252)[0;0m Loading safetensors checkpoint shards: 100% Completed | 2/2 [00:02<00:00,  1.03it/s]
[36m(vLLMHttpServer pid=542104)[0m [1;36m(Worker pid=543252)[0;0m Loading safetensors checkpoint shards: 100% Completed | 2/2 [00:02<00:00,  1.12s/it]
[36m(vLLMHttpServer pid=542104)[0m [1;36m(Worker pid=543252)[0;0m 
[36m(vLLMHttpServer pid=542104)[0m [1;36m(Worker pid=543252)[0;0m Capturing CUDA graphs (mixed prefill-decode, PIECEWISE):   0%|          | 0/67 [00:00<?, ?it/s]
[36m(vLLMHttpServer pid=542104)[0m Capturing CUDA graphs (mixed prefill-decode, PIECEWISE):   3%|▎         | 2/67 [00:03<01:42,  1.58s/it]
[36m(vLLMHttpServer pid=542104)[0m Capturing CUDA graphs (mixed prefill-decode, PIECEWISE):   7%|▋         | 5/67 [00:03<00:33,  1.87it/s]
[36m(vLLMHttpServer pid=542104)[0m Capturing CUDA graphs (mixed prefill-decode, PIECEWISE):  10%|█         | 7/67 [00:03<00:20,  2.91it/s]
[36m(vLLMHttpServer pid=542104)[0m Capturing CUDA graphs (mixed prefill-decode, PIECEWISE):  13%|█▎        | 9/67 [00:03<00:13,  4.20it/s]
[36m(vLLMHttpServer pid=542104)[0m Capturing CUDA graphs (mixed prefill-decode, PIECEWISE):  18%|█▊        | 12/67 [00:03<00:08,  6.42it/s]
[36m(vLLMHttpServer pid=542104)[0m Capturing CUDA graphs (mixed prefill-decode, PIECEWISE):  22%|██▏       | 15/67 [00:03<00:05,  8.75it/s]
[36m(vLLMHttpServer pid=542104)[0m Capturing CUDA graphs (mixed prefill-decode, PIECEWISE):  27%|██▋       | 18/67 [00:03<00:04, 11.04it/s]
[36m(vLLMHttpServer pid=542104)[0m Capturing CUDA graphs (mixed prefill-decode, PIECEWISE):  31%|███▏      | 21/67 [00:04<00:03, 13.08it/s]
[36m(vLLMHttpServer pid=542104)[0m Capturing CUDA graphs (mixed prefill-decode, PIECEWISE):  36%|███▌      | 24/67 [00:04<00:02, 14.75it/s]
[36m(vLLMHttpServer pid=542104)[0m Capturing CUDA graphs (mixed prefill-decode, PIECEWISE):  40%|████      | 27/67 [00:04<00:02, 16.16it/s]
[36m(vLLMHttpServer pid=542104)[0m Capturing CUDA graphs (mixed prefill-decode, PIECEWISE):  45%|████▍     | 30/67 [00:04<00:02, 17.19it/s]
[36m(vLLMHttpServer pid=542104)[0m Capturing CUDA graphs (mixed prefill-decode, PIECEWISE):  49%|████▉     | 33/67 [00:04<00:01, 17.91it/s]
[36m(vLLMHttpServer pid=542104)[0m Capturing CUDA graphs (mixed prefill-decode, PIECEWISE):  54%|█████▎    | 36/67 [00:04<00:01, 18.56it/s]
[36m(vLLMHttpServer pid=542104)[0m Capturing CUDA graphs (mixed prefill-decode, PIECEWISE):  58%|█████▊    | 39/67 [00:04<00:01, 18.78it/s]
[36m(vLLMHttpServer pid=542104)[0m Capturing CUDA graphs (mixed prefill-decode, PIECEWISE):  61%|██████    | 41/67 [00:05<00:01, 18.84it/s]
[36m(vLLMHttpServer pid=542104)[0m Capturing CUDA graphs (mixed prefill-decode, PIECEWISE):  64%|██████▍   | 43/67 [00:05<00:01, 19.09it/s]
[36m(vLLMHttpServer pid=542104)[0m Capturing CUDA graphs (mixed prefill-decode, PIECEWISE):  67%|██████▋   | 45/67 [00:05<00:01, 19.18it/s]
[36m(vLLMHttpServer pid=542104)[0m Capturing CUDA graphs (mixed prefill-decode, PIECEWISE):  70%|███████   | 47/67 [00:05<00:01, 19.39it/s]
[36m(vLLMHttpServer pid=542104)[0m Capturing CUDA graphs (mixed prefill-decode, PIECEWISE):  73%|███████▎  | 49/67 [00:05<00:00, 19.47it/s]
[36m(vLLMHttpServer pid=542104)[0m Capturing CUDA graphs (mixed prefill-decode, PIECEWISE):  76%|███████▌  | 51/67 [00:08<00:07,  2.17it/s]
[36m(vLLMHttpServer pid=542104)[0m Capturing CUDA graphs (mixed prefill-decode, PIECEWISE):  79%|███████▉  | 53/67 [00:08<00:04,  2.91it/s]
[36m(vLLMHttpServer pid=542104)[0m Capturing CUDA graphs (mixed prefill-decode, PIECEWISE):  82%|████████▏ | 55/67 [00:08<00:03,  3.86it/s]
[36m(vLLMHttpServer pid=542104)[0m Capturing CUDA graphs (mixed prefill-decode, PIECEWISE):  85%|████████▌ | 57/67 [00:08<00:01,  5.02it/s]
[36m(vLLMHttpServer pid=542104)[0m Capturing CUDA graphs (mixed prefill-decode, PIECEWISE):  88%|████████▊ | 59/67 [00:08<00:01,  6.39it/s]
[36m(vLLMHttpServer pid=542104)[0m Capturing CUDA graphs (mixed prefill-decode, PIECEWISE):  91%|█████████ | 61/67 [00:09<00:00,  7.94it/s]
[36m(vLLMHttpServer pid=542104)[0m Capturing CUDA graphs (mixed prefill-decode, PIECEWISE):  94%|█████████▍| 63/67 [00:09<00:00,  9.55it/s]
[36m(vLLMHttpServer pid=542104)[0m Capturing CUDA graphs (mixed prefill-decode, PIECEWISE):  97%|█████████▋| 65/67 [00:09<00:00, 11.29it/s]
[36m(vLLMHttpServer pid=542104)[0m Capturing CUDA graphs (mixed prefill-decode, PIECEWISE): 100%|██████████| 67/67 [00:12<00:00,  1.76it/s]Capturing CUDA graphs (mixed prefill-decode, PIECEWISE): 100%|██████████| 67/67 [00:12<00:00,  5.31it/s]
[36m(vLLMHttpServer pid=542104)[0m [1;36m(Worker pid=543252)[0;0m Capturing CUDA graphs (decode, FULL):   0%|          | 0/67 [00:00<?, ?it/s]
[36m(vLLMHttpServer pid=542104)[0m Capturing CUDA graphs (decode, FULL):   3%|▎         | 2/67 [00:00<00:04, 15.96it/s]
[36m(vLLMHttpServer pid=542104)[0m Capturing CUDA graphs (decode, FULL):   7%|▋         | 5/67 [00:00<00:03, 19.18it/s]
[36m(vLLMHttpServer pid=542104)[0m Capturing CUDA graphs (decode, FULL):  12%|█▏        | 8/67 [00:00<00:02, 20.17it/s]
[36m(vLLMHttpServer pid=542104)[0m Capturing CUDA graphs (decode, FULL):  16%|█▋        | 11/67 [00:00<00:02, 20.45it/s]
[36m(vLLMHttpServer pid=542104)[0m Capturing CUDA graphs (decode, FULL):  21%|██        | 14/67 [00:00<00:02, 20.95it/s]
[36m(vLLMHttpServer pid=542104)[0m Capturing CUDA graphs (decode, FULL):  25%|██▌       | 17/67 [00:00<00:02, 20.98it/s]
[36m(vLLMHttpServer pid=542104)[0m Capturing CUDA graphs (decode, FULL):  30%|██▉       | 20/67 [00:00<00:02, 21.28it/s]
[36m(vLLMHttpServer pid=542104)[0m Capturing CUDA graphs (decode, FULL):  34%|███▍      | 23/67 [00:01<00:02, 21.54it/s]
[36m(vLLMHttpServer pid=542104)[0m Capturing CUDA graphs (decode, FULL):  39%|███▉      | 26/67 [00:01<00:01, 21.70it/s]
[36m(vLLMHttpServer pid=542104)[0m Capturing CUDA graphs (decode, FULL):  43%|████▎     | 29/67 [00:01<00:01, 21.89it/s]
[36m(vLLMHttpServer pid=542104)[0m Capturing CUDA graphs (decode, FULL):  48%|████▊     | 32/67 [00:01<00:01, 21.92it/s]
[36m(vLLMHttpServer pid=542104)[0m Capturing CUDA graphs (decode, FULL):  52%|█████▏    | 35/67 [00:01<00:01, 21.91it/s]
[36m(vLLMHttpServer pid=542104)[0m Capturing CUDA graphs (decode, FULL):  57%|█████▋    | 38/67 [00:01<00:01, 21.87it/s]
[36m(vLLMHttpServer pid=542104)[0m Capturing CUDA graphs (decode, FULL):  61%|██████    | 41/67 [00:01<00:01, 22.05it/s]
[36m(vLLMHttpServer pid=542104)[0m Capturing CUDA graphs (decode, FULL):  66%|██████▌   | 44/67 [00:02<00:01, 22.02it/s]
[36m(vLLMHttpServer pid=542104)[0m Capturing CUDA graphs (decode, FULL):  70%|███████   | 47/67 [00:02<00:00, 22.03it/s]
[36m(vLLMHttpServer pid=542104)[0m Capturing CUDA graphs (decode, FULL):  75%|███████▍  | 50/67 [00:02<00:00, 22.18it/s]
[36m(vLLMHttpServer pid=542104)[0m Capturing CUDA graphs (decode, FULL):  79%|███████▉  | 53/67 [00:02<00:00, 22.23it/s]
[36m(vLLMHttpServer pid=542104)[0m Capturing CUDA graphs (decode, FULL):  84%|████████▎ | 56/67 [00:02<00:00, 22.04it/s]
[36m(vLLMHttpServer pid=542104)[0m Capturing CUDA graphs (decode, FULL):  88%|████████▊ | 59/67 [00:02<00:00, 22.23it/s]
[36m(vLLMHttpServer pid=542104)[0m Capturing CUDA graphs (decode, FULL):  93%|█████████▎| 62/67 [00:02<00:00, 22.33it/s]
[36m(vLLMHttpServer pid=542104)[0m Capturing CUDA graphs (decode, FULL):  97%|█████████▋| 65/67 [00:02<00:00, 22.29it/s]
[36m(vLLMHttpServer pid=542104)[0m Capturing CUDA graphs (decode, FULL): 100%|██████████| 67/67 [00:03<00:00, 21.68it/s]
[36m(vLLMHttpServer pid=542104)[0m INFO:2026-07-24 03:28:57,183:Initializing a V1 LLM engine with config: model='Qwen/Qwen2.5-3B-Instruct', speculative_config=None, tokenizer='Qwen/Qwen2.5-3B-Instruct', skip_tokenizer_init=False, tokenizer_mode=auto, revision=None, tokenizer_revision=None, trust_remote_code=False, dtype=torch.bfloat16, max_seq_len=32768, download_dir=None, load_format=safetensors, tensor_parallel_size=1, pipeline_parallel_size=1, data_parallel_size=1, disable_custom_all_reduce=False, quantization=None, enforce_eager=False, kv_cache_dtype=auto, device_config=cuda, structured_outputs_config=StructuredOutputsConfig(backend='auto', disable_fallback=False, disable_any_whitespace=False, disable_additional_properties=False, reasoning_parser=''), observability_config=ObservabilityConfig(show_hidden_metrics_for_version=None, otlp_traces_endpoint=None, collect_detailed_traces=None), seed=0, served_model_name=Qwen/Qwen2.5-3B-Instruct, enable_prefix_caching=True, chunked_prefill_enabled=True, pooler_config=None, compilation_config={"level":3,"debug_dump_path":"","cache_dir":"","backend":"","custom_ops":[],"splitting_ops":["vllm.unified_attention","vllm.unified_attention_with_output","vllm.mamba_mixer2","vllm.mamba_mixer","vllm.short_conv","vllm.linear_attention","vllm.plamo2_mamba_mixer","vllm.gdn_attention","vllm.sparse_attn_indexer"],"use_inductor":true,"compile_sizes":[],"inductor_compile_config":{"enable_auto_functionalized_v2":false},"inductor_passes":{},"cudagraph_mode":[2,1],"use_cudagraph":true,"cudagraph_num_of_warmups":1,"cudagraph_capture_sizes":[512,504,496,488,480,472,464,456,448,440,432,424,416,408,400,392,384,376,368,360,352,344,336,328,320,312,304,296,288,280,272,264,256,248,240,232,224,216,208,200,192,184,176,168,160,152,144,136,128,120,112,104,96,88,80,72,64,56,48,40,32,24,16,8,4,2,1],"cudagraph_copy_inputs":false,"full_cuda_graph":false,"use_inductor_graph_partition":false,"pass_config":{},"max_capture_size":512,"local_cache_dir":null}
[36m(WorkerDict pid=541604)[0m /home/hyin66/micromamba/envs/verl/lib/python3.10/site-packages/torch/distributed/fsdp/_state_dict_utils.py:763: UserWarning: When using ``NO_SHARD`` for ``ShardingStrategy``, full_state_dict will be returned.
[36m(WorkerDict pid=541604)[0m   warnings.warn(
[36m(WorkerDict pid=541604)[0m /home/hyin66/micromamba/envs/verl/lib/python3.10/site-packages/torch/distributed/fsdp/_state_dict_utils.py:701: UserWarning: When using ``NO_SHARD`` for ``ShardingStrategy``, full_state_dict will be returned.
[36m(WorkerDict pid=541604)[0m   warnings.warn(
[36m(WorkerDict pid=541604)[0m INFO:2026-07-24 03:29:02,335:update_weights done, time cost: 1.47s
[36m(TaskRunner pid=540966)[0m Training Progress:   0%|          | 0/25 [00:00<?, ?it/s]
[36m(AgentLoopWorker pid=544487)[0m You're using a Qwen2TokenizerFast tokenizer. Please note that with a fast tokenizer, using the `__call__` method is faster than using a method to encode the text followed by a call to the `pad` method to get a padded encoding.
[36m(AgentLoopWorker pid=544489)[0m You're using a Qwen2TokenizerFast tokenizer. Please note that with a fast tokenizer, using the `__call__` method is faster than using a method to encode the text followed by a call to the `pad` method to get a padded encoding.
[36m(AgentLoopWorker pid=544491)[0m You're using a Qwen2TokenizerFast tokenizer. Please note that with a fast tokenizer, using the `__call__` method is faster than using a method to encode the text followed by a call to the `pad` method to get a padded encoding.
[36m(AgentLoopWorker pid=544488)[0m You're using a Qwen2TokenizerFast tokenizer. Please note that with a fast tokenizer, using the `__call__` method is faster than using a method to encode the text followed by a call to the `pad` method to get a padded encoding.
[36m(AgentLoopWorker pid=544490)[0m You're using a Qwen2TokenizerFast tokenizer. Please note that with a fast tokenizer, using the `__call__` method is faster than using a method to encode the text followed by a call to the `pad` method to get a padded encoding.
[36m(AgentLoopWorker pid=544492)[0m You're using a Qwen2TokenizerFast tokenizer. Please note that with a fast tokenizer, using the `__call__` method is faster than using a method to encode the text followed by a call to the `pad` method to get a padded encoding.
[36m(AgentLoopWorker pid=544494)[0m You're using a Qwen2TokenizerFast tokenizer. Please note that with a fast tokenizer, using the `__call__` method is faster than using a method to encode the text followed by a call to the `pad` method to get a padded encoding.
[36m(AgentLoopWorker pid=544484)[0m You're using a Qwen2TokenizerFast tokenizer. Please note that with a fast tokenizer, using the `__call__` method is faster than using a method to encode the text followed by a call to the `pad` method to get a padded encoding.
[36m(WorkerDict pid=541604)[0m INFO:2026-07-24 03:29:56,082:update_weights done, time cost: 0.62s
[36m(TaskRunner pid=540966)[0m Training Progress:   4%|▍         | 1/25 [00:53<21:28, 53.70s/it]
[36m(vLLMHttpServer pid=542104)[0m  'verl.workers.rollout.vllm_rollout.utils.vLLMColocateWorkerExtension',
[36m(vLLMHttpServer pid=542104)[0m  '--max_model_len',
[36m(vLLMHttpServer pid=542104)[0m  '32768',
[36m(vLLMHttpServer pid=542104)[0m  '--max_num_seqs',
[36m(vLLMHttpServer pid=542104)[0m  '1024',
[36m(vLLMHttpServer pid=542104)[0m  '--enable_chunked_prefill',
[36m(vLLMHttpServer pid=542104)[0m  '--max_num_batched_tokens',
[36m(vLLMHttpServer pid=542104)[0m  '8192',
[36m(vLLMHttpServer pid=542104)[0m  '--enable_prefix_caching',
[36m(vLLMHttpServer pid=542104)[0m  '--enable_sleep_mode',
[36m(vLLMHttpServer pid=542104)[0m  '--logprobs_mode',
[36m(vLLMHttpServer pid=542104)[0m  'processed_logprobs',
[36m(vLLMHttpServer pid=542104)[0m  '--gpu_memory_utilization',
[36m(vLLMHttpServer pid=542104)[0m  '0.5',
[36m(vLLMHttpServer pid=542104)[0m  '--disable_log_stats',
[36m(vLLMHttpServer pid=542104)[0m  '--tensor_parallel_size',
[36m(vLLMHttpServer pid=542104)[0m  '1',
[36m(vLLMHttpServer pid=542104)[0m  '--seed',
[36m(vLLMHttpServer pid=542104)[0m  '0',
[36m(vLLMHttpServer pid=542104)[0m  '--override_generation_config',
[36m(vLLMHttpServer pid=542104)[0m  '{"temperature": 1.0, "top_k": -1, "top_p": 1, "repetition_penalty": 1.0, '
[36m(vLLMHttpServer pid=542104)[0m  '"max_new_tokens": 256}',
[36m(vLLMHttpServer pid=542104)[0m  '--hf_overrides',
[36m(vLLMHttpServer pid=542104)[0m  '{}',
[36m(vLLMHttpServer pid=542104)[0m  '--scheduling_policy',
[36m(vLLMHttpServer pid=542104)[0m  'fcfs',
[36m(vLLMHttpServer pid=542104)[0m  '--compilation_config',
[36m(vLLMHttpServer pid=542104)[0m  '{"cudagraph_mode": "FULL_AND_PIECEWISE"}',
[36m(vLLMHttpServer pid=542104)[0m  '--enable_lora',
[36m(vLLMHttpServer pid=542104)[0m  '--max_loras',
[36m(vLLMHttpServer pid=542104)[0m  '1',
[36m(vLLMHttpServer pid=542104)[0m  '--max_lora_rank',
[36m(vLLMHttpServer pid=542104)[0m  '16']
[36m(vLLMHttpServer pid=542104)[0m WARNING 07-24 03:27:10 [lora.py:92] `lora_extra_vocab_size` is deprecated and will be removed in v0.12.0. Additional vocabulary support for LoRA adapters is being phased out.
[36m(vLLMHttpServer pid=542104)[0m WARNING 07-24 03:27:11 [__init__.py:3036] We must use the `spawn` multiprocessing start method. Overriding VLLM_WORKER_MULTIPROC_METHOD to 'spawn'. See https://docs.vllm.ai/en/latest/usage/troubleshooting.html#python-multiprocessing for more information. Reasons: In a Ray actor and can only be spawned; CUDA is initialized
[36m(vLLMHttpServer pid=542104)[0m [Gloo] Rank 0 is connected to 0 peer ranks. Expected number of connected peer ranks is : 0
[36m(vLLMHttpServer pid=542104)[0m [Gloo] Rank 0 is connected to 0 peer ranks. Expected number of connected peer ranks is : 0
[36m(vLLMHttpServer pid=542104)[0m [Gloo] Rank 0 is connected to 0 peer ranks. Expected number of connected peer ranks is : 0
[36m(vLLMHttpServer pid=542104)[0m [Gloo] Rank 0 is connected to 0 peer ranks. Expected number of connected peer ranks is : 0
[36m(vLLMHttpServer pid=542104)[0m [Gloo] Rank 0 is connected to 0 peer ranks. Expected number of connected peer ranks is : 0
[36m(vLLMHttpServer pid=542104)[0m [Gloo] Rank 0 is connected to 0 peer ranks. Expected number of connected peer ranks is : 0
[36m(vLLMHttpServer pid=542104)[0m WARNING 07-24 03:28:57 [model.py:1389] Default sampling parameters have been overridden by the model's Hugging Face generation config recommended from the model creator. If this is not intended, please relaunch vLLM instance with `--generation-config vllm`.
[36m(TaskRunner pid=540966)[0m LLMServerManager: ['10.233.74.176:46639']
[36m(TaskRunner pid=540966)[0m Checkpoint tracker file does not exist: /home/hyin66/es-fine-tuning-paper/experiments/2026-07-24_es_improvement/es_bench/track_a/grpo_bench/out_grpo_lora/latest_checkpointed_iteration.txt
[36m(TaskRunner pid=540966)[0m Training from scratch
[36m(WorkerDict pid=541604)[0m WARNING 07-24 03:29:00 [api_server.py:1213] LoRA dynamic loading & unloading is enabled in the API server. This should ONLY be used for local development!
[36m(AgentLoopWorker pid=544491)[0m Using dataset class: RLHFDataset
[36m(AgentLoopWorker pid=544494)[0m Using dataset class: RLHFDataset
[36m(AgentLoopWorker pid=544484)[0m Using dataset class: RLHFDataset
[36m(AgentLoopWorker pid=544487)[0m Using dataset class: RLHFDataset
[36m(AgentLoopWorker pid=544492)[0m Using dataset class: RLHFDataset
[36m(AgentLoopWorker pid=544490)[0m Using dataset class: RLHFDataset
[36m(AgentLoopWorker pid=544488)[0m Using dataset class: RLHFDataset
[36m(AgentLoopWorker pid=544489)[0m Using dataset class: RLHFDataset
[36m(GlobalRequestLoadBalancer pid=544483)[0m WARNING 07-24 03:29:31 [api_server.py:1213] LoRA dynamic loading & unloading is enabled in the API server. This should ONLY be used for local development!
[36m(vLLMHttpServer pid=542104)[0m WARNING 07-24 03:29:41 [processor.py:215] vLLM has deprecated support for supporting different tokenizers for different LoRAs. By default, vLLM uses base model's tokenizer. If you are using a LoRA with its own tokenizer, consider specifying `--tokenizer [lora_path]` to use the LoRA tokenizer.
[36m(AgentLoopWorker pid=544494)[0m WARNING 07-24 03:29:41 [api_server.py:1213] LoRA dynamic loading & unloading is enabled in the API server. This should ONLY be used for local development!
[36m(AgentLoopWorker pid=544487)[0m WARNING 07-24 03:29:41 [api_server.py:1213] LoRA dynamic loading & unloading is enabled in the API server. This should ONLY be used for local development!
[36m(AgentLoopWorker pid=544490)[0m WARNING 07-24 03:29:41 [api_server.py:1213] LoRA dynamic loading & unloading is enabled in the API server. This should ONLY be used for local development!
[36m(AgentLoopWorker pid=544489)[0m WARNING 07-24 03:29:41 [api_server.py:1213] LoRA dynamic loading & unloading is enabled in the API server. This should ONLY be used for local development!
[36m(AgentLoopWorker pid=544488)[0m WARNING 07-24 03:29:41 [api_server.py:1213] LoRA dynamic loading & unloading is enabled in the API server. This should ONLY be used for local development!
[36m(AgentLoopWorker pid=544492)[0m WARNING 07-24 03:29:41 [api_server.py:1213] LoRA dynamic loading & unloading is enabled in the API server. This should ONLY be used for local development!
[36m(AgentLoopWorker pid=544491)[0m WARNING 07-24 03:29:41 [api_server.py:1213] LoRA dynamic loading & unloading is enabled in the API server. This should ONLY be used for local development!
[36m(AgentLoopWorker pid=544484)[0m WARNING 07-24 03:29:41 [api_server.py:1213] LoRA dynamic loading & unloading is enabled in the API server. This should ONLY be used for local development!
[36m(WorkerDict pid=541604)[0m INFO:2026-07-24 03:30:06,473:update_weights done, time cost: 0.60s
[36m(TaskRunner pid=540966)[0m Training Progress:   8%|▊         | 2/25 [01:04<10:49, 28.22s/it]
[36m(WorkerDict pid=541604)[0m INFO:2026-07-24 03:30:16,858:update_weights done, time cost: 0.58s
[36m(TaskRunner pid=540966)[0m Training Progress:  12%|█▏        | 3/25 [01:14<07:21, 20.08s/it]
[36m(TaskRunner pid=540966)[0m step:1 - global_seqlen/min:22521 - global_seqlen/max:22521 - global_seqlen/minmax_diff:0 - global_seqlen/balanced_min:22521 - global_seqlen/balanced_max:22521 - global_seqlen/mean:22521.0 - actor/entropy:0.17966192960739136 - perf/mfu/actor_infer:0.026837741919652696 - actor/pg_clipfrac:0.0 - actor/ppo_kl:0.0 - actor/pg_clipfrac_lower:0.0 - actor/pg_loss:0.006101403385400772 - actor/kl_loss:0.0 - actor/kl_coef:0.001 - actor/loss:0.006101403385400772 - actor/grad_norm:0.03449847176671028 - actor/lr:1e-06 - actor/perf/max_memory_allocated_gb:22.05683946609497 - actor/perf/max_memory_reserved_gb:22.130859375 - actor/perf/cpu_memory_used_gb:21.186355590820312 - perf/mfu/actor:0.10286199640237413 - training/global_step:1 - training/epoch:0 - critic/score/mean:0.1875 - critic/score/max:1.0 - critic/score/min:0.0 - critic/rewards/mean:0.1875 - critic/rewards/max:1.0 - critic/rewards/min:0.0 - critic/advantages/mean:-0.006101395934820175 - critic/advantages/max:2.4748666286468506 - critic/advantages/min:-0.7245674133300781 - critic/returns/mean:-0.006101395934820175 - critic/returns/max:2.4748666286468506 - critic/returns/min:-0.7245674133300781 - response_length/mean:248.015625 - response_length/max:256.0 - response_length/min:155.0 - response_length/clip_ratio:0.84375 - response_length_non_aborted/mean:248.015625 - response_length_non_aborted/max:256.0 - response_length_non_aborted/min:155.0 - response_length_non_aborted/clip_ratio:0.84375 - response/aborted_ratio:0.0 - prompt_length/mean:103.875 - prompt_length/max:141.0 - prompt_length/min:77.0 - prompt_length/clip_ratio:0.0 - num_turns/min:2 - num_turns/max:2 - num_turns/mean:2.0 - timing_s/start_profile:0.00027869734913110733 - timing_s/agent_loop/num_preempted/min:-1 - timing_s/agent_loop/num_preempted/max:-1 - timing_s/agent_loop/num_preempted/mean:-1.0 - timing_s/agent_loop/generate_sequences/min:18.211241108365357 - timing_s/agent_loop/generate_sequences/max:18.95461966097355 - timing_s/agent_loop/generate_sequences/mean:18.808841352234595 - timing_s/agent_loop/tool_calls/min:0.0 - timing_s/agent_loop/tool_calls/max:0.0 - timing_s/agent_loop/tool_calls/mean:0.0 - timing_s/agent_loop/compute_score/min:0.003932504914700985 - timing_s/agent_loop/compute_score/max:0.033219754695892334 - timing_s/agent_loop/compute_score/mean:0.014108245493844151 - timing_s/agent_loop/slowest/generate_sequences:18.941006913781166 - timing_s/agent_loop/slowest/tool_calls:0.0 - timing_s/agent_loop/slowest/compute_score:0.02162059862166643 - timing_s/agent_loop/slowest/num_preempted:-1 - timing_s/agent_loop/slowest/prompt_length:97 - timing_s/agent_loop/slowest/response_length:256 - timing_s/gen:40.76213697902858 - timing_s/reward:4.372932016849518e-05 - timing_s/old_log_prob:5.995166999287903 - timing_s/ref:0.5851646084338427 - timing_s/adv:0.0018786732107400894 - timing_s/update_actor:4.6537104388698936 - timing_s/update_weights:1.497811732813716 - timing_s/step:53.52975801285356 - timing_s/stop_profile:7.712934166193008e-05 - timing_per_token_ms/ref:0.02598306506966132 - timing_per_token_ms/update_actor:0.20663871226277225 - timing_per_token_ms/adv:8.341872966298519e-05 - timing_per_token_ms/gen:2.5680171976959985 - perf/total_num_tokens:22521 - perf/time_per_step:53.52975801285356 - perf/throughput:420.71925665332276
[36m(TaskRunner pid=540966)[0m step:2 - global_seqlen/min:21885 - global_seqlen/max:21885 - global_seqlen/minmax_diff:0 - global_seqlen/balanced_min:21885 - global_seqlen/balanced_max:21885 - global_seqlen/mean:21885.0 - actor/entropy:0.2165348380804062 - perf/mfu/actor_infer:0.12631578811015728 - actor/pg_clipfrac:0.0 - actor/ppo_kl:0.0 - actor/pg_clipfrac_lower:0.0 - actor/pg_loss:0.031124739907681942 - actor/kl_loss:0.00027054959718952887 - actor/kl_coef:0.001 - actor/loss:0.031125009059906006 - actor/grad_norm:0.06180379167199135 - actor/lr:1e-06 - actor/perf/max_memory_allocated_gb:22.34236240386963 - actor/perf/max_memory_reserved_gb:28.048828125 - actor/perf/cpu_memory_used_gb:21.213062286376953 - perf/mfu/actor:0.10263400550332658 - training/global_step:2 - training/epoch:0 - critic/score/mean:0.28125 - critic/score/max:1.0 - critic/score/min:0.0 - critic/rewards/mean:0.28125 - critic/rewards/max:1.0 - critic/rewards/min:0.0 - critic/advantages/mean:-0.03112473152577877 - critic/advantages/max:2.4748666286468506 - critic/advantages/min:-2.4748666286468506 - critic/returns/mean:-0.03112473152577877 - critic/returns/max:2.4748666286468506 - critic/returns/min:-2.4748666286468506 - response_length/mean:242.703125 - response_length/max:256.0 - response_length/min:165.0 - response_length/clip_ratio:0.71875 - response_length_non_aborted/mean:242.703125 - response_length_non_aborted/max:256.0 - response_length_non_aborted/min:165.0 - response_length_non_aborted/clip_ratio:0.71875 - response/aborted_ratio:0.0 - prompt_length/mean:99.25 - prompt_length/max:114.0 - prompt_length/min:86.0 - prompt_length/clip_ratio:0.0 - num_turns/min:2 - num_turns/max:2 - num_turns/mean:2.0 - timing_s/start_profile:7.372908294200897e-05 - timing_s/agent_loop/num_preempted/min:-1 - timing_s/agent_loop/num_preempted/max:-1 - timing_s/agent_loop/num_preempted/mean:-1.0 - timing_s/agent_loop/generate_sequences/min:1.1434711338952184 - timing_s/agent_loop/generate_sequences/max:1.7744591580703855 - timing_s/agent_loop/generate_sequences/mean:1.6653790809650673 - timing_s/agent_loop/tool_calls/min:0.0 - timing_s/agent_loop/tool_calls/max:0.0 - timing_s/agent_loop/tool_calls/mean:0.0 - timing_s/agent_loop/compute_score/min:0.004393240436911583 - timing_s/agent_loop/compute_score/max:0.03250004071742296 - timing_s/agent_loop/compute_score/mean:0.011230693446123041 - timing_s/agent_loop/slowest/generate_sequences:1.7744591580703855 - timing_s/agent_loop/slowest/tool_calls:0.0 - timing_s/agent_loop/slowest/compute_score:0.004393240436911583 - timing_s/agent_loop/slowest/num_preempted:-1 - timing_s/agent_loop/slowest/prompt_length:105 - timing_s/agent_loop/slowest/response_length:256 - timing_s/gen:2.5030134823173285 - timing_s/reward:2.0969659090042114e-05 - timing_s/old_log_prob:1.282324151135981 - timing_s/ref:0.5857182946056128 - timing_s/adv:0.0019816718995571136 - timing_s/update_actor:4.533680916763842 - timing_s/update_weights:1.4605781203135848 - timing_s/step:10.389710247516632 - timing_s/stop_profile:2.9750168323516846e-05 - timing_per_token_ms/ref:0.02676345874368804 - timing_per_token_ms/update_actor:0.20715928337965922 - timing_per_token_ms/adv:9.054932143281305e-05 - timing_per_token_ms/gen:0.16114166499178062 - perf/total_num_tokens:21885 - perf/time_per_step:10.389710247516632 - perf/throughput:2106.4110046024616
[36m(WorkerDict pid=541604)[0m INFO:2026-07-24 03:30:27,284:update_weights done, time cost: 0.59s
[36m(TaskRunner pid=540966)[0m Training Progress:  16%|█▌        | 4/25 [01:24<05:41, 16.28s/it]
[36m(WorkerDict pid=541604)[0m INFO:2026-07-24 03:30:37,801:update_weights done, time cost: 0.62s
[36m(TaskRunner pid=540966)[0m Training Progress:  20%|██        | 5/25 [01:35<04:43, 14.19s/it]
[36m(TaskRunner pid=540966)[0m step:3 - global_seqlen/min:21327 - global_seqlen/max:21327 - global_seqlen/minmax_diff:0 - global_seqlen/balanced_min:21327 - global_seqlen/balanced_max:21327 - global_seqlen/mean:21327.0 - actor/entropy:0.20748165249824524 - perf/mfu/actor_infer:0.12113110007540247 - actor/pg_clipfrac:0.0 - actor/ppo_kl:0.0 - actor/pg_clipfrac_lower:0.0 - actor/pg_loss:0.022768551483750343 - actor/kl_loss:0.0002750234452832956 - actor/kl_coef:0.001 - actor/loss:0.022768821567296982 - actor/grad_norm:0.07417143136262894 - actor/lr:1e-06 - actor/perf/max_memory_allocated_gb:22.34236240386963 - actor/perf/max_memory_reserved_gb:28.048828125 - actor/perf/cpu_memory_used_gb:21.230815887451172 - perf/mfu/actor:0.10003801622347654 - training/global_step:3 - training/epoch:0 - critic/score/mean:0.40625 - critic/score/max:1.0 - critic/score/min:0.0 - critic/rewards/mean:0.40625 - critic/rewards/max:1.0 - critic/rewards/min:0.0 - critic/advantages/mean:-0.022768545895814896 - critic/advantages/max:2.4748666286468506 - critic/advantages/min:-2.4748666286468506 - critic/returns/mean:-0.022768545895814896 - critic/returns/max:2.4748666286468506 - critic/returns/min:-2.4748666286468506 - response_length/mean:239.484375 - response_length/max:256.0 - response_length/min:180.0 - response_length/clip_ratio:0.578125 - response_length_non_aborted/mean:239.484375 - response_length_non_aborted/max:256.0 - response_length_non_aborted/min:180.0 - response_length_non_aborted/clip_ratio:0.578125 - response/aborted_ratio:0.0 - prompt_length/mean:93.75 - prompt_length/max:129.0 - prompt_length/min:80.0 - prompt_length/clip_ratio:0.0 - num_turns/min:2 - num_turns/max:2 - num_turns/mean:2.0 - timing_s/start_profile:4.150997847318649e-05 - timing_s/agent_loop/num_preempted/min:-1 - timing_s/agent_loop/num_preempted/max:-1 - timing_s/agent_loop/num_preempted/mean:-1.0 - timing_s/agent_loop/generate_sequences/min:1.2401809822767973 - timing_s/agent_loop/generate_sequences/max:1.7567249648272991 - timing_s/agent_loop/generate_sequences/mean:1.6301806549308822 - timing_s/agent_loop/tool_calls/min:0.0 - timing_s/agent_loop/tool_calls/max:0.0 - timing_s/agent_loop/tool_calls/mean:0.0 - timing_s/agent_loop/compute_score/min:0.00438971072435379 - timing_s/agent_loop/compute_score/max:0.027046628296375275 - timing_s/agent_loop/compute_score/mean:0.009671543681179173 - timing_s/agent_loop/slowest/generate_sequences:1.7567249648272991 - timing_s/agent_loop/slowest/tool_calls:0.0 - timing_s/agent_loop/slowest/compute_score:0.005803218111395836 - timing_s/agent_loop/slowest/num_preempted:-1 - timing_s/agent_loop/slowest/prompt_length:85 - timing_s/agent_loop/slowest/response_length:256 - timing_s/gen:2.5056592663750052 - timing_s/reward:2.017989754676819e-05 - timing_s/old_log_prob:1.29969550576061 - timing_s/ref:0.5736524714156985 - timing_s/adv:0.0014774668961763382 - timing_s/update_actor:4.537000982090831 - timing_s/update_weights:1.4448962546885014 - timing_s/step:10.394744168035686 - timing_s/stop_profile:7.261056452989578e-05 - timing_per_token_ms/ref:0.02689794492501048 - timing_per_token_ms/update_actor:0.21273507676142125 - timing_per_token_ms/adv:6.92768273163754e-05 - timing_per_token_ms/gen:0.16348008523357507 - perf/total_num_tokens:21327 - perf/time_per_step:10.394744168035686 - perf/throughput:2051.7099464151797
[36m(TaskRunner pid=540966)[0m step:4 - global_seqlen/min:21529 - global_seqlen/max:21529 - global_seqlen/minmax_diff:0 - global_seqlen/balanced_min:21529 - global_seqlen/balanced_max:21529 - global_seqlen/mean:21529.0 - actor/entropy:0.17836995422840118 - perf/mfu/actor_infer:0.1233460127319907 - actor/pg_clipfrac:0.0 - actor/ppo_kl:0.0 - actor/pg_clipfrac_lower:0.0 - actor/pg_loss:0.021785428281873465 - actor/kl_loss:0.0002894031858886592 - actor/kl_coef:0.001 - actor/loss:0.02178572118282318 - actor/grad_norm:0.06515197455883026 - actor/lr:1e-06 - actor/perf/max_memory_allocated_gb:22.34236240386963 - actor/perf/max_memory_reserved_gb:28.048828125 - actor/perf/cpu_memory_used_gb:21.241069793701172 - perf/mfu/actor:0.10050181216143832 - training/global_step:4 - training/epoch:0 - critic/score/mean:0.40625 - critic/score/max:1.0 - critic/score/min:0.0 - critic/rewards/mean:0.40625 - critic/rewards/max:1.0 - critic/rewards/min:0.0 - critic/advantages/mean:-0.02178541198372841 - critic/advantages/max:1.6201815605163574 - critic/advantages/min:-2.4748666286468506 - critic/returns/mean:-0.02178541198372841 - critic/returns/max:1.6201815605163574 - critic/returns/min:-2.4748666286468506 - response_length/mean:239.640625 - response_length/max:256.0 - response_length/min:147.0 - response_length/clip_ratio:0.609375 - response_length_non_aborted/mean:239.640625 - response_length_non_aborted/max:256.0 - response_length_non_aborted/min:147.0 - response_length_non_aborted/clip_ratio:0.609375 - response/aborted_ratio:0.0 - prompt_length/mean:96.75 - prompt_length/max:126.0 - prompt_length/min:76.0 - prompt_length/clip_ratio:0.0 - num_turns/min:2 - num_turns/max:2 - num_turns/mean:2.0 - timing_s/start_profile:7.070973515510559e-05 - timing_s/agent_loop/num_preempted/min:-1 - timing_s/agent_loop/num_preempted/max:-1 - timing_s/agent_loop/num_preempted/mean:-1.0 - timing_s/agent_loop/generate_sequences/min:1.017859697341919 - timing_s/agent_loop/generate_sequences/max:1.760738030076027 - timing_s/agent_loop/generate_sequences/mean:1.6345406487816945 - timing_s/agent_loop/tool_calls/min:0.0 - timing_s/agent_loop/tool_calls/max:0.0 - timing_s/agent_loop/tool_calls/mean:0.0 - timing_s/agent_loop/compute_score/min:0.00409324374049902 - timing_s/agent_loop/compute_score/max:0.027605993673205376 - timing_s/agent_loop/compute_score/mean:0.010103682521730661 - timing_s/agent_loop/slowest/generate_sequences:1.760738030076027 - timing_s/agent_loop/slowest/tool_calls:0.0 - timing_s/agent_loop/slowest/compute_score:0.0057310182601213455 - timing_s/agent_loop/slowest/num_preempted:-1 - timing_s/agent_loop/slowest/prompt_length:107 - timing_s/agent_loop/slowest/response_length:256 - timing_s/gen:2.49693507142365 - timing_s/reward:1.9138678908348083e-05 - timing_s/old_log_prob:1.2903336379677057 - timing_s/ref:0.5774666676297784 - timing_s/adv:0.0014183465391397476 - timing_s/update_actor:4.554646848700941 - timing_s/update_weights:1.494576427154243 - timing_s/step:10.438147407956421 - timing_s/stop_profile:7.392838597297668e-05 - timing_per_token_ms/ref:0.0268227352700905 - timing_per_token_ms/update_actor:0.21155868125323707 - timing_per_token_ms/adv:6.588074407263448e-05 - timing_per_token_ms/gen:0.16280466006543978 - perf/total_num_tokens:21529 - perf/time_per_step:10.438147407956421 - perf/throughput:2062.530749813864
[36m(WorkerDict pid=541604)[0m INFO:2026-07-24 03:30:48,275:update_weights done, time cost: 0.61s
[36m(TaskRunner pid=540966)[0m Training Progress:  24%|██▍       | 6/25 [01:45<04:05, 12.93s/it]
[36m(WorkerDict pid=541604)[0m INFO:2026-07-24 03:30:58,742:update_weights done, time cost: 0.59s
[36m(TaskRunner pid=540966)[0m Training Progress:  28%|██▊       | 7/25 [01:56<03:38, 12.12s/it]
[36m(TaskRunner pid=540966)[0m step:5 - global_seqlen/min:22208 - global_seqlen/max:22208 - global_seqlen/minmax_diff:0 - global_seqlen/balanced_min:22208 - global_seqlen/balanced_max:22208 - global_seqlen/mean:22208.0 - actor/entropy:0.22211404144763947 - perf/mfu/actor_infer:0.1266454420039256 - actor/pg_clipfrac:0.0 - actor/ppo_kl:0.0 - actor/pg_clipfrac_lower:0.0 - actor/pg_loss:0.01814078656025231 - actor/kl_loss:0.0002948918627225794 - actor/kl_coef:0.001 - actor/loss:0.01814107969403267 - actor/grad_norm:0.048096444457769394 - actor/lr:1e-06 - actor/perf/max_memory_allocated_gb:22.34236240386963 - actor/perf/max_memory_reserved_gb:28.048828125 - actor/perf/cpu_memory_used_gb:21.25103759765625 - perf/mfu/actor:0.10344821908066931 - training/global_step:5 - training/epoch:0 - critic/score/mean:0.1875 - critic/score/max:1.0 - critic/score/min:0.0 - critic/rewards/mean:0.1875 - critic/rewards/max:1.0 - critic/rewards/min:0.0 - critic/advantages/mean:-0.01814076118171215 - critic/advantages/max:2.4748666286468506 - critic/advantages/min:-0.935412585735321 - critic/returns/mean:-0.01814076118171215 - critic/returns/max:2.4748666286468506 - critic/returns/min:-0.935412585735321 - response_length/mean:252.0 - response_length/max:256.0 - response_length/min:211.0 - response_length/clip_ratio:0.8125 - response_length_non_aborted/mean:252.0 - response_length_non_aborted/max:256.0 - response_length_non_aborted/min:211.0 - response_length_non_aborted/clip_ratio:0.8125 - response/aborted_ratio:0.0 - prompt_length/mean:95.0 - prompt_length/max:117.0 - prompt_length/min:78.0 - prompt_length/clip_ratio:0.0 - num_turns/min:2 - num_turns/max:2 - num_turns/mean:2.0 - timing_s/start_profile:7.276888936758041e-05 - timing_s/agent_loop/num_preempted/min:-1 - timing_s/agent_loop/num_preempted/max:-1 - timing_s/agent_loop/num_preempted/mean:-1.0 - timing_s/agent_loop/generate_sequences/min:1.4250790355727077 - timing_s/agent_loop/generate_sequences/max:1.7504743430763483 - timing_s/agent_loop/generate_sequences/mean:1.7045135551597923 - timing_s/agent_loop/tool_calls/min:0.0 - timing_s/agent_loop/tool_calls/max:0.0 - timing_s/agent_loop/tool_calls/mean:0.0 - timing_s/agent_loop/compute_score/min:0.004483870230615139 - timing_s/agent_loop/compute_score/max:0.027256926521658897 - timing_s/agent_loop/compute_score/mean:0.011265751207247376 - timing_s/agent_loop/slowest/generate_sequences:1.7504743430763483 - timing_s/agent_loop/slowest/tool_calls:0.0 - timing_s/agent_loop/slowest/compute_score:0.005156003870069981 - timing_s/agent_loop/slowest/num_preempted:-1 - timing_s/agent_loop/slowest/prompt_length:97 - timing_s/agent_loop/slowest/response_length:256 - timing_s/gen:2.4945477033033967 - timing_s/reward:2.6599504053592682e-05 - timing_s/old_log_prob:1.300558565184474 - timing_s/ref:0.5870563723146915 - timing_s/adv:0.0014886269345879555 - timing_s/update_actor:4.56635962985456 - timing_s/update_weights:1.514199216850102 - timing_s/step:10.487682943232358 - timing_s/stop_profile:7.835030555725098e-05 - timing_per_token_ms/ref:0.02643445480523647 - timing_per_token_ms/update_actor:0.20561777872183717 - timing_per_token_ms/adv:6.703111196811759e-05 - timing_per_token_ms/gen:0.15467185660363322 - perf/total_num_tokens:22208 - perf/time_per_step:10.487682943232358 - perf/throughput:2117.5315958927513
[36m(TaskRunner pid=540966)[0m step:6 - global_seqlen/min:22449 - global_seqlen/max:22449 - global_seqlen/minmax_diff:0 - global_seqlen/balanced_min:22449 - global_seqlen/balanced_max:22449 - global_seqlen/mean:22449.0 - actor/entropy:0.18795835971832275 - perf/mfu/actor_infer:0.12990174789008918 - actor/pg_clipfrac:0.0 - actor/ppo_kl:0.0 - actor/pg_clipfrac_lower:0.0 - actor/pg_loss:0.012762634083628654 - actor/kl_loss:0.00028751268473570235 - actor/kl_coef:0.001 - actor/loss:0.012762922793626785 - actor/grad_norm:0.047818806022405624 - actor/lr:1e-06 - actor/perf/max_memory_allocated_gb:22.34236240386963 - actor/perf/max_memory_reserved_gb:28.048828125 - actor/perf/cpu_memory_used_gb:21.262104034423828 - perf/mfu/actor:0.10481138201407092 - training/global_step:6 - training/epoch:0 - critic/score/mean:0.25 - critic/score/max:1.0 - critic/score/min:0.0 - critic/rewards/mean:0.25 - critic/rewards/max:1.0 - critic/rewards/min:0.0 - critic/advantages/mean:-0.012762640602886677 - critic/advantages/max:2.4748666286468506 - critic/advantages/min:-0.935412585735321 - critic/returns/mean:-0.012762640602886677 - critic/returns/max:2.4748666286468506 - critic/returns/min:-0.935412585735321 - response_length/mean:246.140625 - response_length/max:256.0 - response_length/min:164.0 - response_length/clip_ratio:0.765625 - response_length_non_aborted/mean:246.140625 - response_length_non_aborted/max:256.0 - response_length_non_aborted/min:164.0 - response_length_non_aborted/clip_ratio:0.765625 - response/aborted_ratio:0.0 - prompt_length/mean:104.625 - prompt_length/max:118.0 - prompt_length/min:96.0 - prompt_length/clip_ratio:0.0 - num_turns/min:2 - num_turns/max:2 - num_turns/mean:2.0 - timing_s/start_profile:9.051896631717682e-05 - timing_s/agent_loop/num_preempted/min:-1 - timing_s/agent_loop/num_preempted/max:-1 - timing_s/agent_loop/num_preempted/mean:-1.0 - timing_s/agent_loop/generate_sequences/min:1.1511549390852451 - timing_s/agent_loop/generate_sequences/max:1.7864049635827541 - timing_s/agent_loop/generate_sequences/mean:1.7022665369440801 - timing_s/agent_loop/tool_calls/min:0.0 - timing_s/agent_loop/tool_calls/max:0.0 - timing_s/agent_loop/tool_calls/mean:0.0 - timing_s/agent_loop/compute_score/min:0.004135902039706707 - timing_s/agent_loop/compute_score/max:0.03120054118335247 - timing_s/agent_loop/compute_score/mean:0.01183126779505983 - timing_s/agent_loop/slowest/generate_sequences:1.7864049635827541 - timing_s/agent_loop/slowest/tool_calls:0.0 - timing_s/agent_loop/slowest/compute_score:0.005112524144351482 - timing_s/agent_loop/slowest/num_preempted:-1 - timing_s/agent_loop/slowest/prompt_length:100 - timing_s/agent_loop/slowest/response_length:256 - timing_s/gen:2.5316989179700613 - timing_s/reward:1.9819475710391998e-05 - timing_s/old_log_prob:1.2790422663092613 - timing_s/ref:0.5884476294741035 - timing_s/adv:0.001405147835612297 - timing_s/update_actor:4.555132738314569 - timing_s/update_weights:1.4972898047417402 - timing_s/step:10.47511172760278 - timing_s/stop_profile:9.020976722240448e-05 - timing_per_token_ms/ref:0.026212643301443427 - timing_per_token_ms/update_actor:0.20291027387921817 - timing_per_token_ms/adv:6.25928921382822e-05 - timing_per_token_ms/gen:0.16071217659938178 - perf/total_num_tokens:22449 - perf/time_per_step:10.47511172760278 - perf/throughput:2143.079766953229
[36m(WorkerDict pid=541604)[0m INFO:2026-07-24 03:31:09,116:update_weights done, time cost: 0.58s
[36m(TaskRunner pid=540966)[0m Training Progress:  32%|███▏      | 8/25 [02:06<03:16, 11.56s/it]
[36m(WorkerDict pid=541604)[0m INFO:2026-07-24 03:31:19,411:update_weights done, time cost: 0.58s
[36m(TaskRunner pid=540966)[0m Training Progress:  36%|███▌      | 9/25 [02:17<02:58, 11.17s/it]
[36m(TaskRunner pid=540966)[0m step:7 - global_seqlen/min:22544 - global_seqlen/max:22544 - global_seqlen/minmax_diff:0 - global_seqlen/balanced_min:22544 - global_seqlen/balanced_max:22544 - global_seqlen/mean:22544.0 - actor/entropy:0.18205909430980682 - perf/mfu/actor_infer:0.13001293335324665 - actor/pg_clipfrac:0.0 - actor/ppo_kl:0.0 - actor/pg_clipfrac_lower:0.0 - actor/pg_loss:-3.725290298461914e-09 - actor/kl_loss:0.0002802211802190868 - actor/kl_coef:0.001 - actor/loss:2.7194619178771973e-07 - actor/grad_norm:0.03903156518936157 - actor/lr:1e-06 - actor/perf/max_memory_allocated_gb:22.34236240386963 - actor/perf/max_memory_reserved_gb:28.048828125 - actor/perf/cpu_memory_used_gb:21.265003204345703 - perf/mfu/actor:0.10475286436155495 - training/global_step:7 - training/epoch:0 - critic/score/mean:0.171875 - critic/score/max:1.0 - critic/score/min:0.0 - critic/rewards/mean:0.171875 - critic/rewards/max:1.0 - critic/rewards/min:0.0 - critic/advantages/mean:-8.60148308134967e-09 - critic/advantages/max:2.4748666286468506 - critic/advantages/min:-0.35355237126350403 - critic/returns/mean:-8.60148308134967e-09 - critic/returns/max:2.4748666286468506 - critic/returns/min:-0.35355237126350403 - response_length/mean:246.0 - response_length/max:256.0 - response_length/min:156.0 - response_length/clip_ratio:0.828125 - response_length_non_aborted/mean:246.0 - response_length_non_aborted/max:256.0 - response_length_non_aborted/min:156.0 - response_length_non_aborted/clip_ratio:0.828125 - response/aborted_ratio:0.0 - prompt_length/mean:106.25 - prompt_length/max:162.0 - prompt_length/min:70.0 - prompt_length/clip_ratio:0.0 - num_turns/min:2 - num_turns/max:2 - num_turns/mean:2.0 - timing_s/start_profile:7.549859583377838e-05 - timing_s/agent_loop/num_preempted/min:-1 - timing_s/agent_loop/num_preempted/max:-1 - timing_s/agent_loop/num_preempted/mean:-1.0 - timing_s/agent_loop/generate_sequences/min:1.1031808322295547 - timing_s/agent_loop/generate_sequences/max:1.7880472904071212 - timing_s/agent_loop/generate_sequences/mean:1.6995405523193767 - timing_s/agent_loop/tool_calls/min:0.0 - timing_s/agent_loop/tool_calls/max:0.0 - timing_s/agent_loop/tool_calls/mean:0.0 - timing_s/agent_loop/compute_score/min:0.004271942190825939 - timing_s/agent_loop/compute_score/max:0.02846366446465254 - timing_s/agent_loop/compute_score/mean:0.011676514623104595 - timing_s/agent_loop/slowest/generate_sequences:1.7880472904071212 - timing_s/agent_loop/slowest/tool_calls:0.0 - timing_s/agent_loop/slowest/compute_score:0.004434510134160519 - timing_s/agent_loop/slowest/num_preempted:-1 - timing_s/agent_loop/slowest/prompt_length:113 - timing_s/agent_loop/slowest/response_length:256 - timing_s/gen:2.5265149753540754 - timing_s/reward:2.5809742510318756e-05 - timing_s/old_log_prob:1.2852586507797241 - timing_s/ref:0.5949675133451819 - timing_s/adv:0.0014970172196626663 - timing_s/update_actor:4.5746324909850955 - timing_s/update_weights:1.447665598243475 - timing_s/step:10.452990623190999 - timing_s/stop_profile:7.634889334440231e-05 - timing_per_token_ms/ref:0.026391390762295155 - timing_per_token_ms/update_actor:0.20292017791807557 - timing_per_token_ms/adv:6.640424146835816e-05 - timing_per_token_ms/gen:0.1604747824792985 - perf/total_num_tokens:22544 - perf/time_per_step:10.452990623190999 - perf/throughput:2156.7033600875807
[36m(TaskRunner pid=540966)[0m step:8 - global_seqlen/min:21231 - global_seqlen/max:21231 - global_seqlen/minmax_diff:0 - global_seqlen/balanced_min:21231 - global_seqlen/balanced_max:21231 - global_seqlen/mean:21231.0 - actor/entropy:0.20093606412410736 - perf/mfu/actor_infer:0.12343488007504232 - actor/pg_clipfrac:0.0 - actor/ppo_kl:0.0 - actor/pg_clipfrac_lower:0.0 - actor/pg_loss:0.027147890401465702 - actor/kl_loss:0.0002854208250937518 - actor/kl_coef:0.001 - actor/loss:0.027148187160491943 - actor/grad_norm:0.05519193783402443 - actor/lr:1e-06 - actor/perf/max_memory_allocated_gb:22.34236240386963 - actor/perf/max_memory_reserved_gb:28.166015625 - actor/perf/cpu_memory_used_gb:21.273128509521484 - perf/mfu/actor:0.09914444307105727 - training/global_step:8 - training/epoch:0 - critic/score/mean:0.46875 - critic/score/max:1.0 - critic/score/min:0.0 - critic/rewards/mean:0.46875 - critic/rewards/max:1.0 - critic/rewards/min:0.0 - critic/advantages/mean:-0.027147890999913216 - critic/advantages/max:2.4748666286468506 - critic/advantages/min:-2.4748666286468506 - critic/returns/mean:-0.027147890999913216 - critic/returns/max:2.4748666286468506 - critic/returns/min:-2.4748666286468506 - response_length/mean:238.609375 - response_length/max:256.0 - response_length/min:158.0 - response_length/clip_ratio:0.5625 - response_length_non_aborted/mean:238.609375 - response_length_non_aborted/max:256.0 - response_length_non_aborted/min:158.0 - response_length_non_aborted/clip_ratio:0.5625 - response/aborted_ratio:0.0 - prompt_length/mean:93.125 - prompt_length/max:104.0 - prompt_length/min:80.0 - prompt_length/clip_ratio:0.0 - num_turns/min:2 - num_turns/max:2 - num_turns/mean:2.0 - timing_s/start_profile:7.101055234670639e-05 - timing_s/agent_loop/num_preempted/min:-1 - timing_s/agent_loop/num_preempted/max:-1 - timing_s/agent_loop/num_preempted/mean:-1.0 - timing_s/agent_loop/generate_sequences/min:1.0697616944089532 - timing_s/agent_loop/generate_sequences/max:1.75284237973392 - timing_s/agent_loop/generate_sequences/mean:1.6116403858031845 - timing_s/agent_loop/tool_calls/min:0.0 - timing_s/agent_loop/tool_calls/max:0.0 - timing_s/agent_loop/tool_calls/mean:0.0 - timing_s/agent_loop/compute_score/min:0.004200432449579239 - timing_s/agent_loop/compute_score/max:0.03025288786739111 - timing_s/agent_loop/compute_score/mean:0.009301151731051505 - timing_s/agent_loop/slowest/generate_sequences:1.75284237973392 - timing_s/agent_loop/slowest/tool_calls:0.0 - timing_s/agent_loop/slowest/compute_score:0.005068563856184483 - timing_s/agent_loop/slowest/num_preempted:-1 - timing_s/agent_loop/slowest/prompt_length:104 - timing_s/agent_loop/slowest/response_length:256 - timing_s/gen:2.498529927805066 - timing_s/reward:2.0029954612255096e-05 - timing_s/old_log_prob:1.2741144020110369 - timing_s/ref:0.5705252038314939 - timing_s/adv:0.0020192712545394897 - timing_s/update_actor:4.557812043465674 - timing_s/update_weights:1.4420741060748696 - timing_s/step:10.367982788942754 - timing_s/stop_profile:8.203927427530289e-05 - timing_per_token_ms/ref:0.026872271858673347 - timing_per_token_ms/update_actor:0.2146772193238978 - timing_per_token_ms/adv:9.510956876922848e-05 - timing_per_token_ms/gen:0.1636127252835483 - perf/total_num_tokens:21231 - perf/time_per_step:10.367982788942754 - perf/throughput:2047.7464548496778
[36m(WorkerDict pid=541604)[0m INFO:2026-07-24 03:31:29,741:update_weights done, time cost: 0.56s
[36m(TaskRunner pid=540966)[0m Training Progress:  40%|████      | 10/25 [02:27<02:43, 10.91s/it]
[36m(WorkerDict pid=541604)[0m INFO:2026-07-24 03:31:40,193:update_weights done, time cost: 0.56s
[36m(TaskRunner pid=540966)[0m Training Progress:  44%|████▍     | 11/25 [02:37<02:30, 10.77s/it]
[36m(TaskRunner pid=540966)[0m step:9 - global_seqlen/min:23006 - global_seqlen/max:23006 - global_seqlen/minmax_diff:0 - global_seqlen/balanced_min:23006 - global_seqlen/balanced_max:23006 - global_seqlen/mean:23006.0 - actor/entropy:0.22985881567001343 - perf/mfu/actor_infer:0.135196556223004 - actor/pg_clipfrac:0.0 - actor/ppo_kl:0.0 - actor/pg_clipfrac_lower:0.0 - actor/pg_loss:0.008580800844356418 - actor/kl_loss:0.00027837895140692126 - actor/kl_coef:0.001 - actor/loss:0.008581077679991722 - actor/grad_norm:0.04279371723532677 - actor/lr:1e-06 - actor/perf/max_memory_allocated_gb:22.34236240386963 - actor/perf/max_memory_reserved_gb:28.166015625 - actor/perf/cpu_memory_used_gb:21.286544799804688 - perf/mfu/actor:0.1097022618780289 - training/global_step:9 - training/epoch:0 - critic/score/mean:0.171875 - critic/score/max:1.0 - critic/score/min:0.0 - critic/rewards/mean:0.171875 - critic/rewards/max:1.0 - critic/rewards/min:0.0 - critic/advantages/mean:-0.008580796420574188 - critic/advantages/max:2.4748666286468506 - critic/advantages/min:-2.4748666286468506 - critic/returns/mean:-0.008580796420574188 - critic/returns/max:2.4748666286468506 - critic/returns/min:-2.4748666286468506 - response_length/mean:252.21875 - response_length/max:256.0 - response_length/min:190.0 - response_length/clip_ratio:0.890625 - response_length_non_aborted/mean:252.21875 - response_length_non_aborted/max:256.0 - response_length_non_aborted/min:190.0 - response_length_non_aborted/clip_ratio:0.890625 - response/aborted_ratio:0.0 - prompt_length/mean:107.25 - prompt_length/max:131.0 - prompt_length/min:89.0 - prompt_length/clip_ratio:0.0 - num_turns/min:2 - num_turns/max:2 - num_turns/mean:2.0 - timing_s/start_profile:0.00015801843255758286 - timing_s/agent_loop/num_preempted/min:-1 - timing_s/agent_loop/num_preempted/max:-1 - timing_s/agent_loop/num_preempted/mean:-1.0 - timing_s/agent_loop/generate_sequences/min:1.3139015594497323 - timing_s/agent_loop/generate_sequences/max:1.7769063655287027 - timing_s/agent_loop/generate_sequences/mean:1.7327024736150634 - timing_s/agent_loop/tool_calls/min:0.0 - timing_s/agent_loop/tool_calls/max:0.0 - timing_s/agent_loop/tool_calls/mean:0.0 - timing_s/agent_loop/compute_score/min:0.00415023323148489 - timing_s/agent_loop/compute_score/max:0.029308545403182507 - timing_s/agent_loop/compute_score/mean:0.013212580568506382 - timing_s/agent_loop/slowest/generate_sequences:1.7769063655287027 - timing_s/agent_loop/slowest/tool_calls:0.0 - timing_s/agent_loop/slowest/compute_score:0.005054163746535778 - timing_s/agent_loop/slowest/num_preempted:-1 - timing_s/agent_loop/slowest/prompt_length:97 - timing_s/agent_loop/slowest/response_length:256 - timing_s/gen:2.5151799097657204 - timing_s/reward:2.0499341189861298e-05 - timing_s/old_log_prob:1.2606596238911152 - timing_s/ref:0.6005155853927135 - timing_s/adv:0.000858452171087265 - timing_s/update_actor:4.442535015754402 - timing_s/update_weights:1.450784026645124 - timing_s/step:10.292809853330255 - timing_s/stop_profile:8.521974086761475e-05 - timing_per_token_ms/ref:0.02610256391344491 - timing_per_token_ms/update_actor:0.19310332155761112 - timing_per_token_ms/adv:3.7314273280329697e-05 - timing_per_token_ms/gen:0.15581587843920955 - perf/total_num_tokens:23006 - perf/time_per_step:10.292809853330255 - perf/throughput:2235.1525315078443
[36m(TaskRunner pid=540966)[0m step:10 - global_seqlen/min:21565 - global_seqlen/max:21565 - global_seqlen/minmax_diff:0 - global_seqlen/balanced_min:21565 - global_seqlen/balanced_max:21565 - global_seqlen/mean:21565.0 - actor/entropy:0.2640599310398102 - perf/mfu/actor_infer:0.12543002887781177 - actor/pg_clipfrac:0.0 - actor/ppo_kl:0.0 - actor/pg_clipfrac_lower:0.0 - actor/pg_loss:0.02797914296388626 - actor/kl_loss:0.00035866555481334217 - actor/kl_coef:0.001 - actor/loss:0.02797950804233551 - actor/grad_norm:0.07101229578256607 - actor/lr:1e-06 - actor/perf/max_memory_allocated_gb:22.34236240386963 - actor/perf/max_memory_reserved_gb:28.166015625 - actor/perf/cpu_memory_used_gb:21.29283905029297 - perf/mfu/actor:0.10035301632312355 - training/global_step:10 - training/epoch:0 - critic/score/mean:0.484375 - critic/score/max:1.0 - critic/score/min:0.0 - critic/rewards/mean:0.484375 - critic/rewards/max:1.0 - critic/rewards/min:0.0 - critic/advantages/mean:-0.027979129925370216 - critic/advantages/max:2.4748666286468506 - critic/advantages/min:-2.4748666286468506 - critic/returns/mean:-0.027979129925370216 - critic/returns/max:2.4748666286468506 - critic/returns/min:-2.4748666286468506 - response_length/mean:233.828125 - response_length/max:256.0 - response_length/min:143.0 - response_length/clip_ratio:0.546875 - response_length_non_aborted/mean:233.828125 - response_length_non_aborted/max:256.0 - response_length_non_aborted/min:143.0 - response_length_non_aborted/clip_ratio:0.546875 - response/aborted_ratio:0.0 - prompt_length/mean:103.125 - prompt_length/max:142.0 - prompt_length/min:83.0 - prompt_length/clip_ratio:0.0 - num_turns/min:2 - num_turns/max:2 - num_turns/mean:2.0 - timing_s/start_profile:8.967891335487366e-05 - timing_s/agent_loop/num_preempted/min:-1 - timing_s/agent_loop/num_preempted/max:-1 - timing_s/agent_loop/num_preempted/mean:-1.0 - timing_s/agent_loop/generate_sequences/min:1.0051177768036723 - timing_s/agent_loop/generate_sequences/max:1.7579198013991117 - timing_s/agent_loop/generate_sequences/mean:1.5929858743184013 - timing_s/agent_loop/tool_calls/min:0.0 - timing_s/agent_loop/tool_calls/max:0.0 - timing_s/agent_loop/tool_calls/mean:0.0 - timing_s/agent_loop/compute_score/min:0.004357811063528061 - timing_s/agent_loop/compute_score/max:0.023672517389059067 - timing_s/agent_loop/compute_score/mean:0.00903592818940524 - timing_s/agent_loop/slowest/generate_sequences:1.7579198013991117 - timing_s/agent_loop/slowest/tool_calls:0.0 - timing_s/agent_loop/slowest/compute_score:0.004357811063528061 - timing_s/agent_loop/slowest/num_preempted:-1 - timing_s/agent_loop/slowest/prompt_length:86 - timing_s/agent_loop/slowest/response_length:256 - timing_s/gen:2.4728327663615346 - timing_s/reward:2.0040199160575867e-05 - timing_s/old_log_prob:1.2716388953849673 - timing_s/ref:0.5745243728160858 - timing_s/adv:0.0014868071302771568 - timing_s/update_actor:4.569065758027136 - timing_s/update_weights:1.4046308724209666 - timing_s/step:10.317419982515275 - timing_s/stop_profile:7.537007331848145e-05 - timing_per_token_ms/ref:0.026641519722517312 - timing_per_token_ms/update_actor:0.21187413670424932 - timing_per_token_ms/adv:6.894538049047794e-05 - timing_per_token_ms/gen:0.1652410802780845 - perf/total_num_tokens:21565 - perf/time_per_step:10.317419982515275 - perf/throughput:2090.1543250682607
[36m(WorkerDict pid=541604)[0m INFO:2026-07-24 03:31:50,651:update_weights done, time cost: 0.57s
[36m(TaskRunner pid=540966)[0m Training Progress:  48%|████▊     | 12/25 [02:48<02:18, 10.67s/it]
[36m(WorkerDict pid=541604)[0m INFO:2026-07-24 03:32:01,060:update_weights done, time cost: 0.57s
[36m(TaskRunner pid=540966)[0m Training Progress:  52%|█████▏    | 13/25 [02:58<02:07, 10.59s/it]
[36m(TaskRunner pid=540966)[0m step:11 - global_seqlen/min:24017 - global_seqlen/max:24017 - global_seqlen/minmax_diff:0 - global_seqlen/balanced_min:24017 - global_seqlen/balanced_max:24017 - global_seqlen/mean:24017.0 - actor/entropy:0.21577337384223938 - perf/mfu/actor_infer:0.13835506085945898 - actor/pg_clipfrac:0.0 - actor/ppo_kl:0.0 - actor/pg_clipfrac_lower:0.0 - actor/pg_loss:0.008080273866653442 - actor/kl_loss:0.00029400719722616486 - actor/kl_coef:0.001 - actor/loss:0.00808057188987732 - actor/grad_norm:0.05217137560248375 - actor/lr:1e-06 - actor/perf/max_memory_allocated_gb:22.34236240386963 - actor/perf/max_memory_reserved_gb:28.166015625 - actor/perf/cpu_memory_used_gb:21.298263549804688 - perf/mfu/actor:0.11097157316662827 - training/global_step:11 - training/epoch:0 - critic/score/mean:0.09375 - critic/score/max:1.0 - critic/score/min:0.0 - critic/rewards/mean:0.09375 - critic/rewards/max:1.0 - critic/rewards/min:0.0 - critic/advantages/mean:-0.00808026734739542 - critic/advantages/max:2.4748666286468506 - critic/advantages/min:-0.5400605201721191 - critic/returns/mean:-0.00808026734739542 - critic/returns/max:2.4748666286468506 - critic/returns/min:-0.5400605201721191 - response_length/mean:254.015625 - response_length/max:256.0 - response_length/min:219.0 - response_length/clip_ratio:0.90625 - response_length_non_aborted/mean:254.015625 - response_length_non_aborted/max:256.0 - response_length_non_aborted/min:219.0 - response_length_non_aborted/clip_ratio:0.90625 - response/aborted_ratio:0.0 - prompt_length/mean:121.25 - prompt_length/max:183.0 - prompt_length/min:94.0 - prompt_length/clip_ratio:0.0 - num_turns/min:2 - num_turns/max:2 - num_turns/mean:2.0 - timing_s/start_profile:7.876940071582794e-05 - timing_s/agent_loop/num_preempted/min:-1 - timing_s/agent_loop/num_preempted/max:-1 - timing_s/agent_loop/num_preempted/mean:-1.0 - timing_s/agent_loop/generate_sequences/min:1.495764215476811 - timing_s/agent_loop/generate_sequences/max:1.7673986600711942 - timing_s/agent_loop/generate_sequences/mean:1.7354685565514956 - timing_s/agent_loop/tool_calls/min:0.0 - timing_s/agent_loop/tool_calls/max:0.0 - timing_s/agent_loop/tool_calls/mean:0.0 - timing_s/agent_loop/compute_score/min:0.00416296161711216 - timing_s/agent_loop/compute_score/max:0.02688179723918438 - timing_s/agent_loop/compute_score/mean:0.012398870254401118 - timing_s/agent_loop/slowest/generate_sequences:1.7673986600711942 - timing_s/agent_loop/slowest/tool_calls:0.0 - timing_s/agent_loop/slowest/compute_score:0.004372270777821541 - timing_s/agent_loop/slowest/num_preempted:-1 - timing_s/agent_loop/slowest/prompt_length:113 - timing_s/agent_loop/slowest/response_length:256 - timing_s/gen:2.483792221173644 - timing_s/reward:2.0300038158893585e-05 - timing_s/old_log_prob:1.2853911239653826 - timing_s/ref:0.6180280689150095 - timing_s/adv:0.0014369059354066849 - timing_s/update_actor:4.6084260158240795 - timing_s/update_weights:1.4330941056832671 - timing_s/step:10.452623909339309 - timing_s/stop_profile:7.967930287122726e-05 - timing_per_token_ms/ref:0.02573294203751549 - timing_per_token_ms/update_actor:0.1918818343599983 - timing_per_token_ms/adv:5.982870197804409e-05 - timing_per_token_ms/gen:0.15278293788359748 - perf/total_num_tokens:24017 - perf/time_per_step:10.452623909339309 - perf/throughput:2297.700578181242
[36m(TaskRunner pid=540966)[0m step:12 - global_seqlen/min:22369 - global_seqlen/max:22369 - global_seqlen/minmax_diff:0 - global_seqlen/balanced_min:22369 - global_seqlen/balanced_max:22369 - global_seqlen/mean:22369.0 - actor/entropy:0.16796943545341492 - perf/mfu/actor_infer:0.13009960024831393 - actor/pg_clipfrac:0.0 - actor/ppo_kl:0.0 - actor/pg_clipfrac_lower:0.0 - actor/pg_loss:0.02530227741226554 - actor/kl_loss:0.0002559329423093004 - actor/kl_coef:0.001 - actor/loss:0.02530253678560257 - actor/grad_norm:0.05642661079764366 - actor/lr:1e-06 - actor/perf/max_memory_allocated_gb:22.34236240386963 - actor/perf/max_memory_reserved_gb:28.322265625 - actor/perf/cpu_memory_used_gb:21.306407928466797 - perf/mfu/actor:0.10379052738377202 - training/global_step:12 - training/epoch:0 - critic/score/mean:0.375 - critic/score/max:1.0 - critic/score/min:0.0 - critic/rewards/mean:0.375 - critic/rewards/max:1.0 - critic/rewards/min:0.0 - critic/advantages/mean:-0.025302251800894737 - critic/advantages/max:2.4748666286468506 - critic/advantages/min:-1.20761239528656 - critic/returns/mean:-0.025302251800894737 - critic/returns/max:2.4748666286468506 - critic/returns/min:-1.20761239528656 - response_length/mean:245.890625 - response_length/max:256.0 - response_length/min:160.0 - response_length/clip_ratio:0.71875 - response_length_non_aborted/mean:245.890625 - response_length_non_aborted/max:256.0 - response_length_non_aborted/min:160.0 - response_length_non_aborted/clip_ratio:0.71875 - response/aborted_ratio:0.0 - prompt_length/mean:103.625 - prompt_length/max:181.0 - prompt_length/min:75.0 - prompt_length/clip_ratio:0.0 - num_turns/min:2 - num_turns/max:2 - num_turns/mean:2.0 - timing_s/start_profile:8.680857717990875e-05 - timing_s/agent_loop/num_preempted/min:-1 - timing_s/agent_loop/num_preempted/max:-1 - timing_s/agent_loop/num_preempted/mean:-1.0 - timing_s/agent_loop/generate_sequences/min:1.1099848579615355 - timing_s/agent_loop/generate_sequences/max:1.7783129755407572 - timing_s/agent_loop/generate_sequences/mean:1.6869058812735602 - timing_s/agent_loop/tool_calls/min:0.0 - timing_s/agent_loop/tool_calls/max:0.0 - timing_s/agent_loop/tool_calls/mean:0.0 - timing_s/agent_loop/compute_score/min:0.004248730838298798 - timing_s/agent_loop/compute_score/max:0.02747361082583666 - timing_s/agent_loop/compute_score/mean:0.009960122552001849 - timing_s/agent_loop/slowest/generate_sequences:1.7783129755407572 - timing_s/agent_loop/slowest/tool_calls:0.0 - timing_s/agent_loop/slowest/compute_score:0.004367310553789139 - timing_s/agent_loop/slowest/num_preempted:-1 - timing_s/agent_loop/slowest/prompt_length:93 - timing_s/agent_loop/slowest/response_length:256 - timing_s/gen:2.505710147321224 - timing_s/reward:2.1680258214473724e-05 - timing_s/old_log_prob:1.272766469977796 - timing_s/ref:0.5881325118243694 - timing_s/adv:0.0014755958691239357 - timing_s/update_actor:4.584978562779725 - timing_s/update_weights:1.4776860624551773 - timing_s/step:10.453873820602894 - timing_s/stop_profile:7.267855107784271e-05 - timing_per_token_ms/ref:0.026292302374910342 - timing_per_token_ms/update_actor:0.20497020710714492 - timing_per_token_ms/adv:6.596610796745209e-05 - timing_per_token_ms/gen:0.15922413085856416 - perf/total_num_tokens:22369 - perf/time_per_step:10.453873820602894 - perf/throughput:2139.7809447359427
[36m(WorkerDict pid=541604)[0m INFO:2026-07-24 03:32:11,542:update_weights done, time cost: 0.55s
[36m(TaskRunner pid=540966)[0m Training Progress:  56%|█████▌    | 14/25 [03:09<01:56, 10.56s/it]
[36m(WorkerDict pid=541604)[0m INFO:2026-07-24 03:32:21,958:update_weights done, time cost: 0.57s
[36m(TaskRunner pid=540966)[0m Training Progress:  60%|██████    | 15/25 [03:19<01:45, 10.52s/it]
[36m(TaskRunner pid=540966)[0m step:13 - global_seqlen/min:22883 - global_seqlen/max:22883 - global_seqlen/minmax_diff:0 - global_seqlen/balanced_min:22883 - global_seqlen/balanced_max:22883 - global_seqlen/mean:22883.0 - actor/entropy:0.20861876010894775 - perf/mfu/actor_infer:0.13294243928797297 - actor/pg_clipfrac:0.0 - actor/ppo_kl:0.0 - actor/pg_clipfrac_lower:0.0 - actor/pg_loss:0.011834163218736649 - actor/kl_loss:0.00029133845418982673 - actor/kl_coef:0.001 - actor/loss:0.011834464967250824 - actor/grad_norm:0.05023976042866707 - actor/lr:1e-06 - actor/perf/max_memory_allocated_gb:22.34236240386963 - actor/perf/max_memory_reserved_gb:28.322265625 - actor/perf/cpu_memory_used_gb:21.306777954101562 - perf/mfu/actor:0.10602818415370092 - training/global_step:13 - training/epoch:0 - critic/score/mean:0.234375 - critic/score/max:1.0 - critic/score/min:0.0 - critic/rewards/mean:0.234375 - critic/rewards/max:1.0 - critic/rewards/min:0.0 - critic/advantages/mean:-0.011834152974188328 - critic/advantages/max:2.4748666286468506 - critic/advantages/min:-2.4748666286468506 - critic/returns/mean:-0.011834152974188328 - critic/returns/max:2.4748666286468506 - critic/returns/min:-2.4748666286468506 - response_length/mean:248.796875 - response_length/max:256.0 - response_length/min:154.0 - response_length/clip_ratio:0.78125 - response_length_non_aborted/mean:248.796875 - response_length_non_aborted/max:256.0 - response_length_non_aborted/min:154.0 - response_length_non_aborted/clip_ratio:0.78125 - response/aborted_ratio:0.0 - prompt_length/mean:108.75 - prompt_length/max:154.0 - prompt_length/min:88.0 - prompt_length/clip_ratio:0.0 - num_turns/min:2 - num_turns/max:2 - num_turns/mean:2.0 - timing_s/start_profile:7.30687752366066e-05 - timing_s/agent_loop/num_preempted/min:-1 - timing_s/agent_loop/num_preempted/max:-1 - timing_s/agent_loop/num_preempted/mean:-1.0 - timing_s/agent_loop/generate_sequences/min:1.047064233571291 - timing_s/agent_loop/generate_sequences/max:1.7498535485938191 - timing_s/agent_loop/generate_sequences/mean:1.6820785117597552 - timing_s/agent_loop/tool_calls/min:0.0 - timing_s/agent_loop/tool_calls/max:0.0 - timing_s/agent_loop/tool_calls/mean:0.0 - timing_s/agent_loop/compute_score/min:0.0042220912873744965 - timing_s/agent_loop/compute_score/max:0.02703548502177 - timing_s/agent_loop/compute_score/mean:0.012173318667919375 - timing_s/agent_loop/slowest/generate_sequences:1.7498535485938191 - timing_s/agent_loop/slowest/tool_calls:0.0 - timing_s/agent_loop/slowest/compute_score:0.004663767293095589 - timing_s/agent_loop/slowest/num_preempted:-1 - timing_s/agent_loop/slowest/prompt_length:91 - timing_s/agent_loop/slowest/response_length:256 - timing_s/gen:2.49238811340183 - timing_s/reward:2.0070001482963562e-05 - timing_s/old_log_prob:1.2748621832579374 - timing_s/ref:0.5909472685307264 - timing_s/adv:0.0014205481857061386 - timing_s/update_actor:4.590065415017307 - timing_s/update_weights:1.4309961050748825 - timing_s/step:10.40307782869786 - timing_s/stop_profile:7.740035653114319e-05 - timing_per_token_ms/ref:0.025824728773793926 - timing_per_token_ms/update_actor:0.20058844622721264 - timing_per_token_ms/adv:6.207875653131752e-05 - timing_per_token_ms/gen:0.15652754590226906 - perf/total_num_tokens:22883 - perf/time_per_step:10.40307782869786 - perf/throughput:2199.63748967398
[36m(TaskRunner pid=540966)[0m step:14 - global_seqlen/min:22396 - global_seqlen/max:22396 - global_seqlen/minmax_diff:0 - global_seqlen/balanced_min:22396 - global_seqlen/balanced_max:22396 - global_seqlen/mean:22396.0 - actor/entropy:0.19094744324684143 - perf/mfu/actor_infer:0.130793818802278 - actor/pg_clipfrac:0.0 - actor/ppo_kl:0.0 - actor/pg_clipfrac_lower:0.0 - actor/pg_loss:0.01926742377690971 - actor/kl_loss:0.0002730061660258798 - actor/kl_coef:0.001 - actor/loss:0.019267700612545013 - actor/grad_norm:0.06596898287534714 - actor/lr:1e-06 - actor/perf/max_memory_allocated_gb:22.34236240386963 - actor/perf/max_memory_reserved_gb:28.322265625 - actor/perf/cpu_memory_used_gb:21.32028579711914 - perf/mfu/actor:0.10365798586882821 - training/global_step:14 - training/epoch:0 - critic/score/mean:0.375 - critic/score/max:1.0 - critic/score/min:0.0 - critic/rewards/mean:0.375 - critic/rewards/max:1.0 - critic/rewards/min:0.0 - critic/advantages/mean:-0.01926739700138569 - critic/advantages/max:2.4748666286468506 - critic/advantages/min:-2.4748666286468506 - critic/returns/mean:-0.01926739700138569 - critic/returns/max:2.4748666286468506 - critic/returns/min:-2.4748666286468506 - response_length/mean:248.3125 - response_length/max:256.0 - response_length/min:188.0 - response_length/clip_ratio:0.671875 - response_length_non_aborted/mean:248.3125 - response_length_non_aborted/max:256.0 - response_length_non_aborted/min:188.0 - response_length_non_aborted/clip_ratio:0.671875 - response/aborted_ratio:0.0 - prompt_length/mean:101.625 - prompt_length/max:143.0 - prompt_length/min:79.0 - prompt_length/clip_ratio:0.0 - num_turns/min:2 - num_turns/max:2 - num_turns/mean:2.0 - timing_s/start_profile:7.632933557033539e-05 - timing_s/agent_loop/num_preempted/min:-1 - timing_s/agent_loop/num_preempted/max:-1 - timing_s/agent_loop/num_preempted/mean:-1.0 - timing_s/agent_loop/generate_sequences/min:1.2992314584553242 - timing_s/agent_loop/generate_sequences/max:1.777800370939076 - timing_s/agent_loop/generate_sequences/mean:1.6986322137381649 - timing_s/agent_loop/tool_calls/min:0.0 - timing_s/agent_loop/tool_calls/max:0.0 - timing_s/agent_loop/tool_calls/mean:0.0 - timing_s/agent_loop/compute_score/min:0.0044242991134524345 - timing_s/agent_loop/compute_score/max:0.02810528501868248 - timing_s/agent_loop/compute_score/mean:0.010426157517940737 - timing_s/agent_loop/slowest/generate_sequences:1.777800370939076 - timing_s/agent_loop/slowest/tool_calls:0.0 - timing_s/agent_loop/slowest/compute_score:0.004455809481441975 - timing_s/agent_loop/slowest/num_preempted:-1 - timing_s/agent_loop/slowest/prompt_length:93 - timing_s/agent_loop/slowest/response_length:256 - timing_s/gen:2.5154234198853374 - timing_s/reward:2.034008502960205e-05 - timing_s/old_log_prob:1.2691222382709384 - timing_s/ref:0.5888654682785273 - timing_s/adv:0.001519136130809784 - timing_s/update_actor:4.592864696867764 - timing_s/update_weights:1.4814086677506566 - timing_s/step:10.471893580630422 - timing_s/stop_profile:7.728859782218933e-05 - timing_per_token_ms/ref:0.026293332214615436 - timing_per_token_ms/update_actor:0.2050752231142956 - timing_per_token_ms/adv:6.783068989148883e-05 - timing_per_token_ms/gen:0.15828236973856893 - perf/total_num_tokens:22396 - perf/time_per_step:10.471893580630422 - perf/throughput:2138.677196015941
[36m(WorkerDict pid=541604)[0m INFO:2026-07-24 03:32:32,736:update_weights done, time cost: 0.59s
[36m(TaskRunner pid=540966)[0m Training Progress:  64%|██████▍   | 16/25 [03:30<01:35, 10.60s/it]
[36m(WorkerDict pid=541604)[0m INFO:2026-07-24 03:32:43,253:update_weights done, time cost: 0.57s
[36m(TaskRunner pid=540966)[0m Training Progress:  68%|██████▊   | 17/25 [03:40<01:24, 10.57s/it]
[36m(TaskRunner pid=540966)[0m step:15 - global_seqlen/min:21084 - global_seqlen/max:21084 - global_seqlen/minmax_diff:0 - global_seqlen/balanced_min:21084 - global_seqlen/balanced_max:21084 - global_seqlen/mean:21084.0 - actor/entropy:0.22571440041065216 - perf/mfu/actor_infer:0.12301275681023972 - actor/pg_clipfrac:0.0 - actor/ppo_kl:0.0 - actor/pg_clipfrac_lower:0.0 - actor/pg_loss:0.030786219984292984 - actor/kl_loss:0.00032653291600581724 - actor/kl_coef:0.001 - actor/loss:0.03078654408454895 - actor/grad_norm:0.0524493083357811 - actor/lr:1e-06 - actor/perf/max_memory_allocated_gb:22.34236240386963 - actor/perf/max_memory_reserved_gb:28.322265625 - actor/perf/cpu_memory_used_gb:21.321369171142578 - perf/mfu/actor:0.09779668075852704 - training/global_step:15 - training/epoch:0 - critic/score/mean:0.453125 - critic/score/max:1.0 - critic/score/min:0.0 - critic/rewards/mean:0.453125 - critic/rewards/max:1.0 - critic/rewards/min:0.0 - critic/advantages/mean:-0.03078623116016388 - critic/advantages/max:1.20761239528656 - critic/advantages/min:-2.4748666286468506 - critic/returns/mean:-0.03078623116016388 - critic/returns/max:1.20761239528656 - critic/returns/min:-2.4748666286468506 - response_length/mean:234.4375 - response_length/max:256.0 - response_length/min:154.0 - response_length/clip_ratio:0.5625 - response_length_non_aborted/mean:234.4375 - response_length_non_aborted/max:256.0 - response_length_non_aborted/min:154.0 - response_length_non_aborted/clip_ratio:0.5625 - response/aborted_ratio:0.0 - prompt_length/mean:95.0 - prompt_length/max:107.0 - prompt_length/min:83.0 - prompt_length/clip_ratio:0.0 - num_turns/min:2 - num_turns/max:2 - num_turns/mean:2.0 - timing_s/start_profile:7.346924394369125e-05 - timing_s/agent_loop/num_preempted/min:-1 - timing_s/agent_loop/num_preempted/max:-1 - timing_s/agent_loop/num_preempted/mean:-1.0 - timing_s/agent_loop/generate_sequences/min:1.0558891454711556 - timing_s/agent_loop/generate_sequences/max:1.7482327669858932 - timing_s/agent_loop/generate_sequences/mean:1.5824928937654477 - timing_s/agent_loop/tool_calls/min:0.0 - timing_s/agent_loop/tool_calls/max:0.0 - timing_s/agent_loop/tool_calls/mean:0.0 - timing_s/agent_loop/compute_score/min:0.004225311800837517 - timing_s/agent_loop/compute_score/max:0.029179134406149387 - timing_s/agent_loop/compute_score/mean:0.009785199450561777 - timing_s/agent_loop/slowest/generate_sequences:1.7482327669858932 - timing_s/agent_loop/slowest/tool_calls:0.0 - timing_s/agent_loop/slowest/compute_score:0.00481114536523819 - timing_s/agent_loop/slowest/num_preempted:-1 - timing_s/agent_loop/slowest/prompt_length:101 - timing_s/agent_loop/slowest/response_length:256 - timing_s/gen:2.4699727902188897 - timing_s/reward:1.889001578092575e-05 - timing_s/old_log_prob:1.2692253915593028 - timing_s/ref:0.5702853193506598 - timing_s/adv:0.001462407410144806 - timing_s/update_actor:4.5831985250115395 - timing_s/update_weights:1.5001968778669834 - timing_s/step:10.417225339449942 - timing_s/stop_profile:7.326994091272354e-05 - timing_per_token_ms/ref:0.027048250775500847 - timing_per_token_ms/update_actor:0.21737803666341962 - timing_per_token_ms/adv:6.936100408579045e-05 - timing_per_token_ms/gen:0.16462095376025657 - perf/total_num_tokens:21084 - perf/time_per_step:10.417225339449942 - perf/throughput:2023.9554500328484
[36m(TaskRunner pid=540966)[0m step:16 - global_seqlen/min:21997 - global_seqlen/max:21997 - global_seqlen/minmax_diff:0 - global_seqlen/balanced_min:21997 - global_seqlen/balanced_max:21997 - global_seqlen/mean:21997.0 - actor/entropy:0.21428491175174713 - perf/mfu/actor_infer:0.12699730655761846 - actor/pg_clipfrac:0.0 - actor/ppo_kl:0.0 - actor/pg_clipfrac_lower:0.0 - actor/pg_loss:0.02735503064468503 - actor/kl_loss:0.000315485453029396 - actor/kl_coef:0.001 - actor/loss:0.027355339378118515 - actor/grad_norm:0.06895765662193298 - actor/lr:1e-06 - actor/perf/max_memory_allocated_gb:22.34236240386963 - actor/perf/max_memory_reserved_gb:28.322265625 - actor/perf/cpu_memory_used_gb:21.496997833251953 - perf/mfu/actor:0.1016286952296162 - training/global_step:16 - training/epoch:0 - critic/score/mean:0.34375 - critic/score/max:1.0 - critic/score/min:0.0 - critic/rewards/mean:0.34375 - critic/rewards/max:1.0 - critic/rewards/min:0.0 - critic/advantages/mean:-0.02735501527786255 - critic/advantages/max:2.4748666286468506 - critic/advantages/min:-2.4748666286468506 - critic/returns/mean:-0.02735501527786255 - critic/returns/max:2.4748666286468506 - critic/returns/min:-2.4748666286468506 - response_length/mean:244.453125 - response_length/max:256.0 - response_length/min:165.0 - response_length/clip_ratio:0.6875 - response_length_non_aborted/mean:244.453125 - response_length_non_aborted/max:256.0 - response_length_non_aborted/min:165.0 - response_length_non_aborted/clip_ratio:0.6875 - response/aborted_ratio:0.0 - prompt_length/mean:99.25 - prompt_length/max:131.0 - prompt_length/min:79.0 - prompt_length/clip_ratio:0.0 - num_turns/min:2 - num_turns/max:2 - num_turns/mean:2.0 - timing_s/start_profile:7.854867726564407e-05 - timing_s/agent_loop/num_preempted/min:-1 - timing_s/agent_loop/num_preempted/max:-1 - timing_s/agent_loop/num_preempted/mean:-1.0 - timing_s/agent_loop/generate_sequences/min:1.1546215312555432 - timing_s/agent_loop/generate_sequences/max:1.7773870080709457 - timing_s/agent_loop/generate_sequences/mean:1.679089442041004 - timing_s/agent_loop/tool_calls/min:0.0 - timing_s/agent_loop/tool_calls/max:0.0 - timing_s/agent_loop/tool_calls/mean:0.0 - timing_s/agent_loop/compute_score/min:0.0043163299560546875 - timing_s/agent_loop/compute_score/max:0.026932944543659687 - timing_s/agent_loop/compute_score/mean:0.010201733966823667 - timing_s/agent_loop/slowest/generate_sequences:1.7773870080709457 - timing_s/agent_loop/slowest/tool_calls:0.0 - timing_s/agent_loop/slowest/compute_score:0.008377584628760815 - timing_s/agent_loop/slowest/num_preempted:-1 - timing_s/agent_loop/slowest/prompt_length:89 - timing_s/agent_loop/slowest/response_length:256 - timing_s/gen:2.5047321412712336 - timing_s/reward:2.2660009562969208e-05 - timing_s/old_log_prob:1.6403507320210338 - timing_s/ref:0.5566635457798839 - timing_s/adv:0.0008144024759531021 - timing_s/update_actor:4.581943605095148 - timing_s/update_weights:1.467061908915639 - timing_s/step:10.774383697658777 - timing_s/stop_profile:7.358938455581665e-05 - timing_per_token_ms/ref:0.025306339308991403 - timing_per_token_ms/update_actor:0.20829856821817286 - timing_per_token_ms/adv:3.7023342999186346e-05 - timing_per_token_ms/gen:0.1600979316887973 - perf/total_num_tokens:21997 - perf/time_per_step:10.774383697658777 - perf/throughput:2041.601693169684
[36m(WorkerDict pid=541604)[0m INFO:2026-07-24 03:32:53,680:update_weights done, time cost: 0.59s
[36m(TaskRunner pid=540966)[0m Training Progress:  72%|███████▏  | 18/25 [03:51<01:13, 10.53s/it]
[36m(WorkerDict pid=541604)[0m INFO:2026-07-24 03:33:04,152:update_weights done, time cost: 0.60s
[36m(TaskRunner pid=540966)[0m Training Progress:  76%|███████▌  | 19/25 [04:01<01:03, 10.51s/it]
[36m(TaskRunner pid=540966)[0m step:17 - global_seqlen/min:23269 - global_seqlen/max:23269 - global_seqlen/minmax_diff:0 - global_seqlen/balanced_min:23269 - global_seqlen/balanced_max:23269 - global_seqlen/mean:23269.0 - actor/entropy:0.25734028220176697 - perf/mfu/actor_infer:0.13295823734401468 - actor/pg_clipfrac:0.0 - actor/ppo_kl:0.0 - actor/pg_clipfrac_lower:0.0 - actor/pg_loss:0.013971217907965183 - actor/kl_loss:0.00033190392969117966 - actor/kl_coef:0.001 - actor/loss:0.013971548527479172 - actor/grad_norm:0.04480837285518646 - actor/lr:1e-06 - actor/perf/max_memory_allocated_gb:22.34236240386963 - actor/perf/max_memory_reserved_gb:28.322265625 - actor/perf/cpu_memory_used_gb:21.499618530273438 - perf/mfu/actor:0.1078303885848886 - training/global_step:17 - training/epoch:0 - critic/score/mean:0.203125 - critic/score/max:1.0 - critic/score/min:0.0 - critic/rewards/mean:0.203125 - critic/rewards/max:1.0 - critic/rewards/min:0.0 - critic/advantages/mean:-0.013971222564578056 - critic/advantages/max:2.4748666286468506 - critic/advantages/min:-2.4748666286468506 - critic/returns/mean:-0.013971222564578056 - critic/returns/max:2.4748666286468506 - critic/returns/min:-2.4748666286468506 - response_length/mean:244.953125 - response_length/max:256.0 - response_length/min:175.0 - response_length/clip_ratio:0.796875 - response_length_non_aborted/mean:244.953125 - response_length_non_aborted/max:256.0 - response_length_non_aborted/min:175.0 - response_length_non_aborted/clip_ratio:0.796875 - response/aborted_ratio:0.0 - prompt_length/mean:118.625 - prompt_length/max:145.0 - prompt_length/min:86.0 - prompt_length/clip_ratio:0.0 - num_turns/min:2 - num_turns/max:2 - num_turns/mean:2.0 - timing_s/start_profile:7.471069693565369e-05 - timing_s/agent_loop/num_preempted/min:-1 - timing_s/agent_loop/num_preempted/max:-1 - timing_s/agent_loop/num_preempted/mean:-1.0 - timing_s/agent_loop/generate_sequences/min:1.2103940974920988 - timing_s/agent_loop/generate_sequences/max:1.7966135386377573 - timing_s/agent_loop/generate_sequences/mean:1.7038977594784228 - timing_s/agent_loop/tool_calls/min:0.0 - timing_s/agent_loop/tool_calls/max:0.0 - timing_s/agent_loop/tool_calls/mean:0.0 - timing_s/agent_loop/compute_score/min:0.004604636691510677 - timing_s/agent_loop/compute_score/max:0.02836420200765133 - timing_s/agent_loop/compute_score/mean:0.01235910813556984 - timing_s/agent_loop/slowest/generate_sequences:1.7955590290948749 - timing_s/agent_loop/slowest/tool_calls:0.0 - timing_s/agent_loop/slowest/compute_score:0.0063405716791749 - timing_s/agent_loop/slowest/num_preempted:-1 - timing_s/agent_loop/slowest/prompt_length:93 - timing_s/agent_loop/slowest/response_length:256 - timing_s/gen:2.530305404216051 - timing_s/reward:2.0509585738182068e-05 - timing_s/old_log_prob:1.292757611721754 - timing_s/ref:0.6059098485857248 - timing_s/adv:0.0014489470049738884 - timing_s/update_actor:4.591005322523415 - timing_s/update_weights:1.4750817567110062 - timing_s/step:10.519012358039618 - timing_s/stop_profile:7.470883429050446e-05 - timing_per_token_ms/ref:0.02603935917253534 - timing_per_token_ms/update_actor:0.197301358997955 - timing_per_token_ms/adv:6.226941445588072e-05 - timing_per_token_ms/gen:0.16140239868699693 - perf/total_num_tokens:23269 - perf/time_per_step:10.519012358039618 - perf/throughput:2212.0898053908686
[36m(TaskRunner pid=540966)[0m step:18 - global_seqlen/min:21871 - global_seqlen/max:21871 - global_seqlen/minmax_diff:0 - global_seqlen/balanced_min:21871 - global_seqlen/balanced_max:21871 - global_seqlen/mean:21871.0 - actor/entropy:0.2100677788257599 - perf/mfu/actor_infer:0.1273370621154201 - actor/pg_clipfrac:0.0 - actor/ppo_kl:0.0 - actor/pg_clipfrac_lower:0.0 - actor/pg_loss:0.023950531613081694 - actor/kl_loss:0.00028767125331796706 - actor/kl_coef:0.001 - actor/loss:0.023950818926095963 - actor/grad_norm:0.056442949920892715 - actor/lr:1e-06 - actor/perf/max_memory_allocated_gb:22.34236240386963 - actor/perf/max_memory_reserved_gb:28.322265625 - actor/perf/cpu_memory_used_gb:21.502986907958984 - perf/mfu/actor:0.10158479967890194 - training/global_step:18 - training/epoch:0 - critic/score/mean:0.5 - critic/score/max:1.0 - critic/score/min:0.0 - critic/rewards/mean:0.5 - critic/rewards/max:1.0 - critic/rewards/min:0.0 - critic/advantages/mean:-0.02395050786435604 - critic/advantages/max:1.6201815605163574 - critic/advantages/min:-0.935412585735321 - critic/returns/mean:-0.02395050786435604 - critic/returns/max:1.6201815605163574 - critic/returns/min:-0.935412585735321 - response_length/mean:239.484375 - response_length/max:256.0 - response_length/min:144.0 - response_length/clip_ratio:0.546875 - response_length_non_aborted/mean:239.484375 - response_length_non_aborted/max:256.0 - response_length_non_aborted/min:144.0 - response_length_non_aborted/clip_ratio:0.546875 - response/aborted_ratio:0.0 - prompt_length/mean:102.25 - prompt_length/max:117.0 - prompt_length/min:87.0 - prompt_length/clip_ratio:0.0 - num_turns/min:2 - num_turns/max:2 - num_turns/mean:2.0 - timing_s/start_profile:7.802899926900864e-05 - timing_s/agent_loop/num_preempted/min:-1 - timing_s/agent_loop/num_preempted/max:-1 - timing_s/agent_loop/num_preempted/mean:-1.0 - timing_s/agent_loop/generate_sequences/min:1.029239408671856 - timing_s/agent_loop/generate_sequences/max:1.7800275180488825 - timing_s/agent_loop/generate_sequences/mean:1.6511474526196253 - timing_s/agent_loop/tool_calls/min:0.0 - timing_s/agent_loop/tool_calls/max:0.0 - timing_s/agent_loop/tool_calls/mean:0.0 - timing_s/agent_loop/compute_score/min:0.004319820553064346 - timing_s/agent_loop/compute_score/max:0.027175631374120712 - timing_s/agent_loop/compute_score/mean:0.008770103129791096 - timing_s/agent_loop/slowest/generate_sequences:1.7800275180488825 - timing_s/agent_loop/slowest/tool_calls:0.0 - timing_s/agent_loop/slowest/compute_score:0.004319820553064346 - timing_s/agent_loop/slowest/num_preempted:-1 - timing_s/agent_loop/slowest/prompt_length:104 - timing_s/agent_loop/slowest/response_length:256 - timing_s/gen:2.5065302094444633 - timing_s/reward:2.2870488464832306e-05 - timing_s/old_log_prob:1.2716423589736223 - timing_s/ref:0.5802216464653611 - timing_s/adv:0.0014233468100428581 - timing_s/update_actor:4.576180501841009 - timing_s/update_weights:1.4510685885325074 - timing_s/step:10.410978023894131 - timing_s/stop_profile:7.7088363468647e-05 - timing_per_token_ms/ref:0.026529269190497057 - timing_per_token_ms/update_actor:0.20923508307077907 - timing_per_token_ms/adv:6.507918293826795e-05 - timing_per_token_ms/gen:0.16353690933936604 - perf/total_num_tokens:21871 - perf/time_per_step:10.410978023894131 - perf/throughput:2100.763247199647
[36m(WorkerDict pid=541604)[0m INFO:2026-07-24 03:33:14,564:update_weights done, time cost: 0.61s
[36m(TaskRunner pid=540966)[0m Training Progress:  80%|████████  | 20/25 [04:12<00:52, 10.48s/it]
[36m(WorkerDict pid=541604)[0m INFO:2026-07-24 03:33:24,969:update_weights done, time cost: 0.60s
[36m(TaskRunner pid=540966)[0m Training Progress:  84%|████████▍ | 21/25 [04:22<00:41, 10.46s/it]
[36m(TaskRunner pid=540966)[0m step:19 - global_seqlen/min:23160 - global_seqlen/max:23160 - global_seqlen/minmax_diff:0 - global_seqlen/balanced_min:23160 - global_seqlen/balanced_max:23160 - global_seqlen/mean:23160.0 - actor/entropy:0.2771081030368805 - perf/mfu/actor_infer:0.1360990059987909 - actor/pg_clipfrac:0.0 - actor/ppo_kl:0.0 - actor/pg_clipfrac_lower:0.0 - actor/pg_loss:0.010110817849636078 - actor/kl_loss:0.0003696496642078273 - actor/kl_coef:0.001 - actor/loss:0.010111188516020775 - actor/grad_norm:0.051087941974401474 - actor/lr:1e-06 - actor/perf/max_memory_allocated_gb:22.34236240386963 - actor/perf/max_memory_reserved_gb:28.322265625 - actor/perf/cpu_memory_used_gb:21.515399932861328 - perf/mfu/actor:0.107499570973408 - training/global_step:19 - training/epoch:0 - critic/score/mean:0.234375 - critic/score/max:1.0 - critic/score/min:0.0 - critic/rewards/mean:0.234375 - critic/rewards/max:1.0 - critic/rewards/min:0.0 - critic/advantages/mean:-0.01011080015450716 - critic/advantages/max:2.4748666286468506 - critic/advantages/min:-0.5400605201721191 - critic/returns/mean:-0.01011080015450716 - critic/returns/max:2.4748666286468506 - critic/returns/min:-0.5400605201721191 - response_length/mean:247.875 - response_length/max:256.0 - response_length/min:177.0 - response_length/clip_ratio:0.78125 - response_length_non_aborted/mean:247.875 - response_length_non_aborted/max:256.0 - response_length_non_aborted/min:177.0 - response_length_non_aborted/clip_ratio:0.78125 - response/aborted_ratio:0.0 - prompt_length/mean:114.0 - prompt_length/max:152.0 - prompt_length/min:78.0 - prompt_length/clip_ratio:0.0 - num_turns/min:2 - num_turns/max:2 - num_turns/mean:2.0 - timing_s/start_profile:0.00016983970999717712 - timing_s/agent_loop/num_preempted/min:-1 - timing_s/agent_loop/num_preempted/max:-1 - timing_s/agent_loop/num_preempted/mean:-1.0 - timing_s/agent_loop/generate_sequences/min:1.2372787715867162 - timing_s/agent_loop/generate_sequences/max:1.7928749090060592 - timing_s/agent_loop/generate_sequences/mean:1.7148436237912392 - timing_s/agent_loop/tool_calls/min:0.0 - timing_s/agent_loop/tool_calls/max:0.0 - timing_s/agent_loop/tool_calls/mean:0.0 - timing_s/agent_loop/compute_score/min:0.004392329603433609 - timing_s/agent_loop/compute_score/max:0.03174429014325142 - timing_s/agent_loop/compute_score/mean:0.01153213539510034 - timing_s/agent_loop/slowest/generate_sequences:1.7928749090060592 - timing_s/agent_loop/slowest/tool_calls:0.0 - timing_s/agent_loop/slowest/compute_score:0.0049570053815841675 - timing_s/agent_loop/slowest/num_preempted:-1 - timing_s/agent_loop/slowest/prompt_length:139 - timing_s/agent_loop/slowest/response_length:256 - timing_s/gen:2.535310755483806 - timing_s/reward:2.019014209508896e-05 - timing_s/old_log_prob:1.2633073702454567 - timing_s/ref:0.6005399143323302 - timing_s/adv:0.0014864467084407806 - timing_s/update_actor:4.584757376462221 - timing_s/update_weights:1.4577771993353963 - timing_s/step:10.466298559680581 - timing_s/stop_profile:7.69197940826416e-05 - timing_per_token_ms/ref:0.02593004811452203 - timing_per_token_ms/update_actor:0.1979601630596814 - timing_per_token_ms/adv:6.418163680659674e-05 - timing_per_token_ms/gen:0.15981535271582237 - perf/total_num_tokens:23160 - perf/time_per_step:10.466298559680581 - perf/throughput:2212.8166770647535
[36m(TaskRunner pid=540966)[0m step:20 - global_seqlen/min:22811 - global_seqlen/max:22811 - global_seqlen/minmax_diff:0 - global_seqlen/balanced_min:22811 - global_seqlen/balanced_max:22811 - global_seqlen/mean:22811.0 - actor/entropy:0.22115814685821533 - perf/mfu/actor_infer:0.13334645382622892 - actor/pg_clipfrac:0.0 - actor/ppo_kl:0.0 - actor/pg_clipfrac_lower:0.0 - actor/pg_loss:0.0003165416419506073 - actor/kl_loss:0.0003313325250928756 - actor/kl_coef:0.001 - actor/loss:0.00031686946749687195 - actor/grad_norm:0.02227163128554821 - actor/lr:1e-06 - actor/perf/max_memory_allocated_gb:22.34236240386963 - actor/perf/max_memory_reserved_gb:28.322265625 - actor/perf/cpu_memory_used_gb:21.519229888916016 - perf/mfu/actor:0.10619067984858409 - training/global_step:20 - training/epoch:0 - critic/score/mean:0.28125 - critic/score/max:1.0 - critic/score/min:0.0 - critic/rewards/mean:0.28125 - critic/rewards/max:1.0 - critic/rewards/min:0.0 - critic/advantages/mean:-0.00031654068152420223 - critic/advantages/max:1.6201815605163574 - critic/advantages/min:-0.5400605201721191 - critic/returns/mean:-0.00031654068152420223 - critic/returns/max:1.6201815605163574 - critic/returns/min:-0.5400605201721191 - response_length/mean:239.921875 - response_length/max:256.0 - response_length/min:165.0 - response_length/clip_ratio:0.734375 - response_length_non_aborted/mean:239.921875 - response_length_non_aborted/max:256.0 - response_length_non_aborted/min:165.0 - response_length_non_aborted/clip_ratio:0.734375 - response/aborted_ratio:0.0 - prompt_length/mean:116.5 - prompt_length/max:168.0 - prompt_length/min:75.0 - prompt_length/clip_ratio:0.0 - num_turns/min:2 - num_turns/max:2 - num_turns/mean:2.0 - timing_s/start_profile:0.0001654094085097313 - timing_s/agent_loop/num_preempted/min:-1 - timing_s/agent_loop/num_preempted/max:-1 - timing_s/agent_loop/num_preempted/mean:-1.0 - timing_s/agent_loop/generate_sequences/min:1.1379723763093352 - timing_s/agent_loop/generate_sequences/max:1.751891352236271 - timing_s/agent_loop/generate_sequences/mean:1.6285890282597393 - timing_s/agent_loop/tool_calls/min:0.0 - timing_s/agent_loop/tool_calls/max:0.0 - timing_s/agent_loop/tool_calls/mean:0.0 - timing_s/agent_loop/compute_score/min:0.00443003885447979 - timing_s/agent_loop/compute_score/max:0.029092174023389816 - timing_s/agent_loop/compute_score/mean:0.012645533424802125 - timing_s/agent_loop/slowest/generate_sequences:1.751891352236271 - timing_s/agent_loop/slowest/tool_calls:0.0 - timing_s/agent_loop/slowest/compute_score:0.005038553848862648 - timing_s/agent_loop/slowest/num_preempted:-1 - timing_s/agent_loop/slowest/prompt_length:126 - timing_s/agent_loop/slowest/response_length:256 - timing_s/gen:2.4882177859544754 - timing_s/reward:1.9740313291549683e-05 - timing_s/old_log_prob:1.268019501119852 - timing_s/ref:0.5854544145986438 - timing_s/adv:0.0014617061242461205 - timing_s/update_actor:4.56911632604897 - timing_s/update_weights:1.4723775191232562 - timing_s/step:10.40766931232065 - timing_s/stop_profile:7.758941501379013e-05 - timing_per_token_ms/ref:0.02566544275124474 - timing_per_token_ms/update_actor:0.20030320135237256 - timing_per_token_ms/adv:6.407900242190699e-05 - timing_per_token_ms/gen:0.16204609481956858 - perf/total_num_tokens:22811 - perf/time_per_step:10.40766931232065 - perf/throughput:2191.749114568449
[36m(WorkerDict pid=541604)[0m INFO:2026-07-24 03:33:35,368:update_weights done, time cost: 0.60s
[36m(TaskRunner pid=540966)[0m Training Progress:  88%|████████▊ | 22/25 [04:32<00:31, 10.44s/it]
[36m(WorkerDict pid=541604)[0m INFO:2026-07-24 03:33:45,860:update_weights done, time cost: 0.60s
[36m(TaskRunner pid=540966)[0m Training Progress:  92%|█████████▏| 23/25 [04:43<00:20, 10.46s/it]
[36m(TaskRunner pid=540966)[0m step:21 - global_seqlen/min:22552 - global_seqlen/max:22552 - global_seqlen/minmax_diff:0 - global_seqlen/balanced_min:22552 - global_seqlen/balanced_max:22552 - global_seqlen/mean:22552.0 - actor/entropy:0.19689787924289703 - perf/mfu/actor_infer:0.1319091964612442 - actor/pg_clipfrac:0.0 - actor/ppo_kl:0.0 - actor/pg_clipfrac_lower:0.0 - actor/pg_loss:0.028275806456804276 - actor/kl_loss:0.0002727085939113749 - actor/kl_coef:0.001 - actor/loss:0.028276080265641212 - actor/grad_norm:0.06289644539356232 - actor/lr:1e-06 - actor/perf/max_memory_allocated_gb:22.34236240386963 - actor/perf/max_memory_reserved_gb:28.341796875 - actor/perf/cpu_memory_used_gb:21.52191162109375 - perf/mfu/actor:0.1049354518911895 - training/global_step:21 - training/epoch:0 - critic/score/mean:0.265625 - critic/score/max:1.0 - critic/score/min:0.0 - critic/rewards/mean:0.265625 - critic/rewards/max:1.0 - critic/rewards/min:0.0 - critic/advantages/mean:-0.028275808319449425 - critic/advantages/max:2.4748666286468506 - critic/advantages/min:-2.4748666286468506 - critic/returns/mean:-0.028275808319449425 - critic/returns/max:2.4748666286468506 - critic/returns/min:-2.4748666286468506 - response_length/mean:245.25 - response_length/max:256.0 - response_length/min:145.0 - response_length/clip_ratio:0.75 - response_length_non_aborted/mean:245.25 - response_length_non_aborted/max:256.0 - response_length_non_aborted/min:145.0 - response_length_non_aborted/clip_ratio:0.75 - response/aborted_ratio:0.0 - prompt_length/mean:107.125 - prompt_length/max:171.0 - prompt_length/min:78.0 - prompt_length/clip_ratio:0.0 - num_turns/min:2 - num_turns/max:2 - num_turns/mean:2.0 - timing_s/start_profile:9.607896208763123e-05 - timing_s/agent_loop/num_preempted/min:-1 - timing_s/agent_loop/num_preempted/max:-1 - timing_s/agent_loop/num_preempted/mean:-1.0 - timing_s/agent_loop/generate_sequences/min:1.0069532850757241 - timing_s/agent_loop/generate_sequences/max:1.7647854629904032 - timing_s/agent_loop/generate_sequences/mean:1.672576781900716 - timing_s/agent_loop/tool_calls/min:0.0 - timing_s/agent_loop/tool_calls/max:0.0 - timing_s/agent_loop/tool_calls/mean:0.0 - timing_s/agent_loop/compute_score/min:0.004057052545249462 - timing_s/agent_loop/compute_score/max:0.02824930101633072 - timing_s/agent_loop/compute_score/mean:0.011519857042003423 - timing_s/agent_loop/slowest/generate_sequences:1.7647854629904032 - timing_s/agent_loop/slowest/tool_calls:0.0 - timing_s/agent_loop/slowest/compute_score:0.004938513971865177 - timing_s/agent_loop/slowest/num_preempted:-1 - timing_s/agent_loop/slowest/prompt_length:128 - timing_s/agent_loop/slowest/response_length:256 - timing_s/gen:2.495102013461292 - timing_s/reward:1.989956945180893e-05 - timing_s/old_log_prob:1.264704717323184 - timing_s/ref:0.5891225943341851 - timing_s/adv:0.001451767049729824 - timing_s/update_actor:4.571149894036353 - timing_s/update_weights:1.4533380446955562 - timing_s/step:10.39785560965538 - timing_s/stop_profile:7.406994700431824e-05 - timing_per_token_ms/ref:0.026122853597649216 - timing_per_token_ms/update_actor:0.20269376968944453 - timing_per_token_ms/adv:6.437420404974389e-05 - timing_per_token_ms/gen:0.15896419555691207 - perf/total_num_tokens:22552 - perf/time_per_step:10.39785560965538 - perf/throughput:2168.908748747998
[36m(TaskRunner pid=540966)[0m step:22 - global_seqlen/min:20627 - global_seqlen/max:20627 - global_seqlen/minmax_diff:0 - global_seqlen/balanced_min:20627 - global_seqlen/balanced_max:20627 - global_seqlen/mean:20627.0 - actor/entropy:0.21537846326828003 - perf/mfu/actor_infer:0.12027525920819175 - actor/pg_clipfrac:0.0 - actor/ppo_kl:0.0 - actor/pg_clipfrac_lower:0.0 - actor/pg_loss:0.03891054913401604 - actor/kl_loss:0.0003259009426983539 - actor/kl_coef:0.001 - actor/loss:0.0389108881354332 - actor/grad_norm:0.07475713640451431 - actor/lr:1e-06 - actor/perf/max_memory_allocated_gb:22.34236240386963 - actor/perf/max_memory_reserved_gb:28.341796875 - actor/perf/cpu_memory_used_gb:21.525928497314453 - perf/mfu/actor:0.09613671735624903 - training/global_step:22 - training/epoch:0 - critic/score/mean:0.5 - critic/score/max:1.0 - critic/score/min:0.0 - critic/rewards/mean:0.5 - critic/rewards/max:1.0 - critic/rewards/min:0.0 - critic/advantages/mean:-0.03891059011220932 - critic/advantages/max:2.4748666286468506 - critic/advantages/min:-1.6201815605163574 - critic/returns/mean:-0.03891059011220932 - critic/returns/max:2.4748666286468506 - critic/returns/min:-1.6201815605163574 - response_length/mean:223.171875 - response_length/max:256.0 - response_length/min:111.0 - response_length/clip_ratio:0.484375 - response_length_non_aborted/mean:223.171875 - response_length_non_aborted/max:256.0 - response_length_non_aborted/min:111.0 - response_length_non_aborted/clip_ratio:0.484375 - response/aborted_ratio:0.0 - prompt_length/mean:99.125 - prompt_length/max:110.0 - prompt_length/min:90.0 - prompt_length/clip_ratio:0.0 - num_turns/min:2 - num_turns/max:2 - num_turns/mean:2.0 - timing_s/start_profile:7.302872836589813e-05 - timing_s/agent_loop/num_preempted/min:-1 - timing_s/agent_loop/num_preempted/max:-1 - timing_s/agent_loop/num_preempted/mean:-1.0 - timing_s/agent_loop/generate_sequences/min:0.7965072458609939 - timing_s/agent_loop/generate_sequences/max:1.7672054609283805 - timing_s/agent_loop/generate_sequences/mean:1.532336702934117 - timing_s/agent_loop/tool_calls/min:0.0 - timing_s/agent_loop/tool_calls/max:0.0 - timing_s/agent_loop/tool_calls/mean:0.0 - timing_s/agent_loop/compute_score/min:0.003956523723900318 - timing_s/agent_loop/compute_score/max:0.026488516479730606 - timing_s/agent_loop/compute_score/mean:0.008654320903588086 - timing_s/agent_loop/slowest/generate_sequences:1.7672054609283805 - timing_s/agent_loop/slowest/tool_calls:0.0 - timing_s/agent_loop/slowest/compute_score:0.00497539434581995 - timing_s/agent_loop/slowest/num_preempted:-1 - timing_s/agent_loop/slowest/prompt_length:105 - timing_s/agent_loop/slowest/response_length:256 - timing_s/gen:2.513789003714919 - timing_s/reward:2.0230188965797424e-05 - timing_s/old_log_prob:1.2690526619553566 - timing_s/ref:0.5640395982190967 - timing_s/adv:0.0014933161437511444 - timing_s/update_actor:4.560142243281007 - timing_s/update_weights:1.4614351447671652 - timing_s/step:10.394194025546312 - timing_s/stop_profile:8.091889321804047e-05 - timing_per_token_ms/ref:0.02734472284961927 - timing_per_token_ms/update_actor:0.221076368026422 - timing_per_token_ms/adv:7.239618673346315e-05 - timing_per_token_ms/gen:0.17599867000734573 - perf/total_num_tokens:20627 - perf/time_per_step:10.394194025546312 - perf/throughput:1984.4732500955847
[36m(WorkerDict pid=541604)[0m INFO:2026-07-24 03:33:56,220:update_weights done, time cost: 0.57s
[36m(TaskRunner pid=540966)[0m Training Progress:  96%|█████████▌| 24/25 [04:53<00:10, 10.43s/it]
[36m(WorkerDict pid=541604)[0m INFO:2026-07-24 03:34:06,616:update_weights done, time cost: 0.58s
[36m(TaskRunner pid=540966)[0m step:23 - global_seqlen/min:22649 - global_seqlen/max:22649 - global_seqlen/minmax_diff:0 - global_seqlen/balanced_min:22649 - global_seqlen/balanced_max:22649 - global_seqlen/mean:22649.0 - actor/entropy:0.18189427256584167 - perf/mfu/actor_infer:0.1315286045658243 - actor/pg_clipfrac:0.0 - actor/ppo_kl:0.0 - actor/pg_clipfrac_lower:0.0 - actor/pg_loss:0.02314006444066763 - actor/kl_loss:0.0003140479020657949 - actor/kl_coef:0.001 - actor/loss:0.023140378296375275 - actor/grad_norm:0.06419993191957474 - actor/lr:1e-06 - actor/perf/max_memory_allocated_gb:22.34236240386963 - actor/perf/max_memory_reserved_gb:28.341796875 - actor/perf/cpu_memory_used_gb:21.521568298339844 - perf/mfu/actor:0.1049625897155186 - training/global_step:23 - training/epoch:0 - critic/score/mean:0.265625 - critic/score/max:1.0 - critic/score/min:0.0 - critic/rewards/mean:0.265625 - critic/rewards/max:1.0 - critic/rewards/min:0.0 - critic/advantages/mean:-0.02314007468521595 - critic/advantages/max:2.4748666286468506 - critic/advantages/min:-1.20761239528656 - critic/returns/mean:-0.02314007468521595 - critic/returns/max:2.4748666286468506 - critic/returns/min:-1.20761239528656 - response_length/mean:249.890625 - response_length/max:256.0 - response_length/min:188.0 - response_length/clip_ratio:0.796875 - response_length_non_aborted/mean:249.890625 - response_length_non_aborted/max:256.0 - response_length_non_aborted/min:188.0 - response_length_non_aborted/clip_ratio:0.796875 - response/aborted_ratio:0.0 - prompt_length/mean:104.0 - prompt_length/max:140.0 - prompt_length/min:82.0 - prompt_length/clip_ratio:0.0 - num_turns/min:2 - num_turns/max:2 - num_turns/mean:2.0 - timing_s/start_profile:0.000174778513610363 - timing_s/agent_loop/num_preempted/min:-1 - timing_s/agent_loop/num_preempted/max:-1 - timing_s/agent_loop/num_preempted/mean:-1.0 - timing_s/agent_loop/generate_sequences/min:1.2893551643937826 - timing_s/agent_loop/generate_sequences/max:1.7900997893884778 - timing_s/agent_loop/generate_sequences/mean:1.723693937761709 - timing_s/agent_loop/tool_calls/min:0.0 - timing_s/agent_loop/tool_calls/max:0.0 - timing_s/agent_loop/tool_calls/mean:0.0 - timing_s/agent_loop/compute_score/min:0.004407268948853016 - timing_s/agent_loop/compute_score/max:0.02892808336764574 - timing_s/agent_loop/compute_score/mean:0.011618580014328472 - timing_s/agent_loop/slowest/generate_sequences:1.7900997893884778 - timing_s/agent_loop/slowest/tool_calls:0.0 - timing_s/agent_loop/slowest/compute_score:0.004527428187429905 - timing_s/agent_loop/slowest/num_preempted:-1 - timing_s/agent_loop/slowest/prompt_length:124 - timing_s/agent_loop/slowest/response_length:256 - timing_s/gen:2.538940953090787 - timing_s/reward:2.2290274500846863e-05 - timing_s/old_log_prob:1.2755149779841304 - timing_s/ref:0.5976574216037989 - timing_s/adv:0.0014992058277130127 - timing_s/update_actor:4.585830624215305 - timing_s/update_weights:1.4652465423569083 - timing_s/step:10.488238302990794 - timing_s/stop_profile:8.186884224414825e-05 - timing_per_token_ms/ref:0.02638780615496485 - timing_per_token_ms/update_actor:0.20247386746502294 - timing_per_token_ms/adv:6.6193025198155e-05 - timing_per_token_ms/gen:0.15875326412122723 - perf/total_num_tokens:22649 - perf/time_per_step:10.488238302990794 - perf/throughput:2159.466570619537
[36m(TaskRunner pid=540966)[0m step:24 - global_seqlen/min:20714 - global_seqlen/max:20714 - global_seqlen/minmax_diff:0 - global_seqlen/balanced_min:20714 - global_seqlen/balanced_max:20714 - global_seqlen/mean:20714.0 - actor/entropy:0.2060929387807846 - perf/mfu/actor_infer:0.12093710514638051 - actor/pg_clipfrac:0.0 - actor/ppo_kl:0.0 - actor/pg_clipfrac_lower:0.0 - actor/pg_loss:0.0251876013353467 - actor/kl_loss:0.0003609956183936447 - actor/kl_coef:0.001 - actor/loss:0.025187961757183075 - actor/grad_norm:0.06974145770072937 - actor/lr:1e-06 - actor/perf/max_memory_allocated_gb:22.34236240386963 - actor/perf/max_memory_reserved_gb:28.341796875 - actor/perf/cpu_memory_used_gb:21.528076171875 - perf/mfu/actor:0.0963354718184263 - training/global_step:24 - training/epoch:0 - critic/score/mean:0.390625 - critic/score/max:1.0 - critic/score/min:0.0 - critic/rewards/mean:0.390625 - critic/rewards/max:1.0 - critic/rewards/min:0.0 - critic/advantages/mean:-0.025187602266669273 - critic/advantages/max:2.4748666286468506 - critic/advantages/min:-1.6201815605163574 - critic/returns/mean:-0.025187602266669273 - critic/returns/max:2.4748666286468506 - critic/returns/min:-1.6201815605163574 - response_length/mean:229.15625 - response_length/max:256.0 - response_length/min:101.0 - response_length/clip_ratio:0.625 - response_length_non_aborted/mean:229.15625 - response_length_non_aborted/max:256.0 - response_length_non_aborted/min:101.0 - response_length_non_aborted/clip_ratio:0.625 - response/aborted_ratio:0.0 - prompt_length/mean:94.5 - prompt_length/max:130.0 - prompt_length/min:68.0 - prompt_length/clip_ratio:0.0 - num_turns/min:2 - num_turns/max:2 - num_turns/mean:2.0 - timing_s/start_profile:8.831918239593506e-05 - timing_s/agent_loop/num_preempted/min:-1 - timing_s/agent_loop/num_preempted/max:-1 - timing_s/agent_loop/num_preempted/mean:-1.0 - timing_s/agent_loop/generate_sequences/min:0.7201235508546233 - timing_s/agent_loop/generate_sequences/max:1.757128314115107 - timing_s/agent_loop/generate_sequences/mean:1.5594478447164875 - timing_s/agent_loop/tool_calls/min:0.0 - timing_s/agent_loop/tool_calls/max:0.0 - timing_s/agent_loop/tool_calls/mean:0.0 - timing_s/agent_loop/compute_score/min:0.0041792308911681175 - timing_s/agent_loop/compute_score/max:0.03251422010362148 - timing_s/agent_loop/compute_score/mean:0.011770189259550534 - timing_s/agent_loop/slowest/generate_sequences:1.757128314115107 - timing_s/agent_loop/slowest/tool_calls:0.0 - timing_s/agent_loop/slowest/compute_score:0.00532883033156395 - timing_s/agent_loop/slowest/num_preempted:-1 - timing_s/agent_loop/slowest/prompt_length:110 - timing_s/agent_loop/slowest/response_length:256 - timing_s/gen:2.488973615691066 - timing_s/reward:2.0809471607208252e-05 - timing_s/old_log_prob:1.26712638232857 - timing_s/ref:0.5672132559120655 - timing_s/adv:0.0014299675822257996 - timing_s/update_actor:4.569661223329604 - timing_s/update_weights:1.4502804055809975 - timing_s/step:10.36765029747039 - timing_s/stop_profile:7.570907473564148e-05 - timing_per_token_ms/ref:0.027383086603845974 - timing_per_token_ms/update_actor:0.22060737777974335 - timing_per_token_ms/adv:6.903386995393452e-05 - timing_per_token_ms/gen:0.16971046063623796 - perf/total_num_tokens:20714 - perf/time_per_step:10.36765029747039 - perf/throughput:1997.9454751723272
[36m(TaskRunner pid=540966)[0m Training Progress: 100%|██████████| 25/25 [05:04<00:00, 10.42s/it]Training Progress: 100%|██████████| 25/25 [05:04<00:00, 12.17s/it]
[36m(TaskRunner pid=540966)[0m Exception ignored in atexit callback: <function _exit_function at 0x7121bc6e9630>
[36m(TaskRunner pid=540966)[0m Traceback (most recent call last):
[36m(TaskRunner pid=540966)[0m   File "/home/hyin66/micromamba/envs/verl/lib/python3.10/multiprocessing/util.py", line 357, in _exit_function
[36m(TaskRunner pid=540966)[0m     p.join()
[36m(TaskRunner pid=540966)[0m   File "/home/hyin66/micromamba/envs/verl/lib/python3.10/multiprocessing/process.py", line 149, in join
[36m(TaskRunner pid=540966)[0m     res = self._popen.wait(timeout)
[36m(TaskRunner pid=540966)[0m   File "/home/hyin66/micromamba/envs/verl/lib/python3.10/multiprocessing/popen_fork.py", line 43, in wait
[36m(TaskRunner pid=540966)[0m     return self.poll(os.WNOHANG if timeout == 0.0 else 0)
[36m(TaskRunner pid=540966)[0m   File "/home/hyin66/micromamba/envs/verl/lib/python3.10/multiprocessing/popen_fork.py", line 27, in poll
[36m(TaskRunner pid=540966)[0m     pid, sts = os.waitpid(self.pid, flag)
[36m(TaskRunner pid=540966)[0m   File "/home/hyin66/micromamba/envs/verl/lib/python3.10/site-packages/torch/utils/data/_utils/signal_handling.py", line 73, in handler
[36m(TaskRunner pid=540966)[0m     _error_if_any_worker_fails()
[36m(TaskRunner pid=540966)[0m RuntimeError: DataLoader worker (pid 545030) is killed by signal: Killed. 
[36m(TaskRunner pid=540966)[0m step:25 - global_seqlen/min:22287 - global_seqlen/max:22287 - global_seqlen/minmax_diff:0 - global_seqlen/balanced_min:22287 - global_seqlen/balanced_max:22287 - global_seqlen/mean:22287.0 - actor/entropy:0.2271096110343933 - perf/mfu/actor_infer:0.13269032129626496 - actor/pg_clipfrac:0.0 - actor/ppo_kl:0.0 - actor/pg_clipfrac_lower:0.0 - actor/pg_loss:0.03231287561357021 - actor/kl_loss:0.0002853179812518647 - actor/kl_coef:0.001 - actor/loss:0.032313160598278046 - actor/grad_norm:0.05639336258172989 - actor/lr:1e-06 - actor/perf/max_memory_allocated_gb:22.34236240386963 - actor/perf/max_memory_reserved_gb:28.341796875 - actor/perf/cpu_memory_used_gb:21.538516998291016 - perf/mfu/actor:0.10369357557407259 - training/global_step:25 - training/epoch:0 - critic/score/mean:0.265625 - critic/score/max:1.0 - critic/score/min:0.0 - critic/rewards/mean:0.265625 - critic/rewards/max:1.0 - critic/rewards/min:0.0 - critic/advantages/mean:-0.032312892377376556 - critic/advantages/max:2.4748666286468506 - critic/advantages/min:-1.6201815605163574 - critic/returns/mean:-0.032312892377376556 - critic/returns/max:2.4748666286468506 - critic/returns/min:-1.6201815605163574 - response_length/mean:242.359375 - response_length/max:256.0 - response_length/min:161.0 - response_length/clip_ratio:0.671875 - response_length_non_aborted/mean:242.359375 - response_length_non_aborted/max:256.0 - response_length_non_aborted/min:161.0 - response_length_non_aborted/clip_ratio:0.671875 - response/aborted_ratio:0.0 - prompt_length/mean:105.875 - prompt_length/max:159.0 - prompt_length/min:78.0 - prompt_length/clip_ratio:0.0 - num_turns/min:2 - num_turns/max:2 - num_turns/mean:2.0 - timing_s/start_profile:7.392000406980515e-05 - timing_s/agent_loop/num_preempted/min:-1 - timing_s/agent_loop/num_preempted/max:-1 - timing_s/agent_loop/num_preempted/mean:-1.0 - timing_s/agent_loop/generate_sequences/min:1.1216322230175138 - timing_s/agent_loop/generate_sequences/max:1.7756511745974422 - timing_s/agent_loop/generate_sequences/mean:1.6599096837599063 - timing_s/agent_loop/tool_calls/min:0.0 - timing_s/agent_loop/tool_calls/max:0.0 - timing_s/agent_loop/tool_calls/mean:0.0 - timing_s/agent_loop/compute_score/min:0.004541508853435516 - timing_s/agent_loop/compute_score/max:0.02769705466926098 - timing_s/agent_loop/compute_score/mean:0.009309742163168266 - timing_s/agent_loop/slowest/generate_sequences:1.7756511745974422 - timing_s/agent_loop/slowest/tool_calls:0.0 - timing_s/agent_loop/slowest/compute_score:0.004561888054013252 - timing_s/agent_loop/slowest/num_preempted:-1 - timing_s/agent_loop/slowest/prompt_length:107 - timing_s/agent_loop/slowest/response_length:256 - timing_s/gen:2.525248683989048 - timing_s/reward:1.9470229744911194e-05 - timing_s/old_log_prob:1.2455101665109396 - timing_s/ref:0.584442731924355 - timing_s/adv:0.0014621857553720474 - timing_s/update_actor:4.570675615221262 - timing_s/update_weights:1.4303693231195211 - timing_s/step:10.380803555250168 - timing_s/stop_profile:9.240861982107162e-05 - timing_per_token_ms/ref:0.026223481488058288 - timing_per_token_ms/update_actor:0.205082586944015 - timing_per_token_ms/adv:6.560711425369262e-05 - timing_per_token_ms/gen:0.16280373180253033 - perf/total_num_tokens:22287 - perf/time_per_step:10.380803555250168 - perf/throughput:2146.943623524037
[36m(TaskRunner pid=540966)[0m 'Final validation metrics: None'
