/home/hyin66/micromamba/envs/verl/lib/python3.10/site-packages/verl/workers/engine/mindspeed/transformer_impl.py:24: UserWarning: NPU not support router replay for now.
  from verl.utils.megatron.router_replay_patch import RouterReplay
/home/hyin66/micromamba/envs/verl/lib/python3.10/site-packages/verl/trainer/main_ppo.py:380: FutureWarning: Warning: Function '__main__.main' is deprecated. Please use 'main_ppo.py is deprecated, and wil be replaced by main_ppo_sync.py in v0.8.0, please use main_ppo_sync.py instead.' instead.
  main()
2026-07-28 15:53:03,856	INFO worker.py:2015 -- Started a local Ray instance. View the dashboard at [1m[32m127.0.0.1:8265 [39m[22m
[36m(pid=272629)[0m /home/hyin66/micromamba/envs/verl/lib/python3.10/site-packages/verl/workers/engine/mindspeed/transformer_impl.py:24: UserWarning: NPU not support router replay for now.
[36m(pid=272629)[0m   from verl.utils.megatron.router_replay_patch import RouterReplay
ray init kwargs: {'num_cpus': None, 'runtime_env': {'env_vars': {'NCCL_DEBUG': 'WARN', 'VLLM_ALLOW_RUNTIME_LORA_UPDATING': 'true', 'CUDA_DEVICE_MAX_CONNECTIONS': '1', 'VLLM_DISABLE_COMPILE_CACHE': '1', 'HCCL_HOST_SOCKET_PORT_RANGE': 'auto', 'HCCL_NPU_SOCKET_PORT_RANGE': 'auto', 'HSA_NO_SCRATCH_RECLAIM': '1'}, 'working_dir': None}}
[36m(TaskRunner pid=272629)[0m TaskRunner hostname: hyin66-h200-01-0, PID: 272629
[36m(TaskRunner pid=272629)[0m {'actor_rollout_ref': {'actor': {'_target_': 'verl.workers.config.FSDPActorConfig',
[36m(TaskRunner pid=272629)[0m                                  'calculate_entropy': False,
[36m(TaskRunner pid=272629)[0m                                  'calculate_sum_pi_squared': False,
[36m(TaskRunner pid=272629)[0m                                  'checkpoint': {'_target_': 'verl.trainer.config.CheckpointConfig',
[36m(TaskRunner pid=272629)[0m                                                 'async_save': False,
[36m(TaskRunner pid=272629)[0m                                                 'load_contents': ['model',
[36m(TaskRunner pid=272629)[0m                                                                   'optimizer',
[36m(TaskRunner pid=272629)[0m                                                                   'extra'],
[36m(TaskRunner pid=272629)[0m                                                 'mbridge_config': {},
[36m(TaskRunner pid=272629)[0m                                                 'save_contents': ['model',
[36m(TaskRunner pid=272629)[0m                                                                   'optimizer',
[36m(TaskRunner pid=272629)[0m                                                                   'extra'],
[36m(TaskRunner pid=272629)[0m                                                 'strict': True},
[36m(TaskRunner pid=272629)[0m                                  'clip_ratio': 0.2,
[36m(TaskRunner pid=272629)[0m                                  'clip_ratio_c': 3.0,
[36m(TaskRunner pid=272629)[0m                                  'clip_ratio_high': 0.2,
[36m(TaskRunner pid=272629)[0m                                  'clip_ratio_low': 0.2,
[36m(TaskRunner pid=272629)[0m                                  'data_loader_seed': 42,
[36m(TaskRunner pid=272629)[0m                                  'entropy_checkpointing': False,
[36m(TaskRunner pid=272629)[0m                                  'entropy_coeff': 0,
[36m(TaskRunner pid=272629)[0m                                  'entropy_from_logits_with_chunking': False,
[36m(TaskRunner pid=272629)[0m                                  'freeze_vision_tower': False,
[36m(TaskRunner pid=272629)[0m                                  'fsdp_config': {'_target_': 'verl.workers.config.FSDPEngineConfig',
[36m(TaskRunner pid=272629)[0m                                                  'dtype': 'bfloat16',
[36m(TaskRunner pid=272629)[0m                                                  'entropy_checkpointing': False,
[36m(TaskRunner pid=272629)[0m                                                  'entropy_from_logits_with_chunking': False,
[36m(TaskRunner pid=272629)[0m                                                  'forward_only': False,
[36m(TaskRunner pid=272629)[0m                                                  'forward_prefetch': False,
[36m(TaskRunner pid=272629)[0m                                                  'fsdp_size': -1,
[36m(TaskRunner pid=272629)[0m                                                  'full_determinism': False,
[36m(TaskRunner pid=272629)[0m                                                  'model_dtype': 'fp32',
[36m(TaskRunner pid=272629)[0m                                                  'offload_policy': False,
[36m(TaskRunner pid=272629)[0m                                                  'optimizer_offload': False,
[36m(TaskRunner pid=272629)[0m                                                  'param_offload': False,
[36m(TaskRunner pid=272629)[0m                                                  'qat': {'_target_': 'verl.workers.config.QATEngineConfig',
[36m(TaskRunner pid=272629)[0m                                                          'activation_observer': 'static_minmax',
[36m(TaskRunner pid=272629)[0m                                                          'enable': False,
[36m(TaskRunner pid=272629)[0m                                                          'group_size': 16,
[36m(TaskRunner pid=272629)[0m                                                          'ignore_patterns': ['lm_head',
[36m(TaskRunner pid=272629)[0m                                                                              'embed_tokens',
[36m(TaskRunner pid=272629)[0m                                                                              're:.*mlp.gate$'],
[36m(TaskRunner pid=272629)[0m                                                          'mode': 'w4a16',
[36m(TaskRunner pid=272629)[0m                                                          'quantization_config_path': None},
[36m(TaskRunner pid=272629)[0m                                                  'reshard_after_forward': True,
[36m(TaskRunner pid=272629)[0m                                                  'seed': 42,
[36m(TaskRunner pid=272629)[0m                                                  'strategy': 'fsdp',
[36m(TaskRunner pid=272629)[0m                                                  'ulysses_sequence_parallel_size': 1,
[36m(TaskRunner pid=272629)[0m                                                  'use_orig_params': False,
[36m(TaskRunner pid=272629)[0m                                                  'use_torch_compile': True,
[36m(TaskRunner pid=272629)[0m                                                  'wrap_policy': {'min_num_params': 0}},
[36m(TaskRunner pid=272629)[0m                                  'grad_clip': 1.0,
[36m(TaskRunner pid=272629)[0m                                  'kl_loss_coef': 0.001,
[36m(TaskRunner pid=272629)[0m                                  'kl_loss_type': 'low_var_kl',
[36m(TaskRunner pid=272629)[0m                                  'loss_agg_mode': 'token-mean',
[36m(TaskRunner pid=272629)[0m                                  'loss_scale_factor': None,
[36m(TaskRunner pid=272629)[0m                                  'optim': {'_target_': 'verl.workers.config.FSDPOptimizerConfig',
[36m(TaskRunner pid=272629)[0m                                            'betas': [0.9, 0.999],
[36m(TaskRunner pid=272629)[0m                                            'clip_grad': 1.0,
[36m(TaskRunner pid=272629)[0m                                            'lr': 1e-06,
[36m(TaskRunner pid=272629)[0m                                            'lr_scheduler_type': 'constant',
[36m(TaskRunner pid=272629)[0m                                            'lr_warmup_steps': -1,
[36m(TaskRunner pid=272629)[0m                                            'lr_warmup_steps_ratio': 0.0,
[36m(TaskRunner pid=272629)[0m                                            'min_lr_ratio': 0.0,
[36m(TaskRunner pid=272629)[0m                                            'num_cycles': 0.5,
[36m(TaskRunner pid=272629)[0m                                            'optimizer': 'AdamW',
[36m(TaskRunner pid=272629)[0m                                            'optimizer_impl': 'torch.optim',
[36m(TaskRunner pid=272629)[0m                                            'override_optimizer_config': None,
[36m(TaskRunner pid=272629)[0m                                            'total_training_steps': -1,
[36m(TaskRunner pid=272629)[0m                                            'warmup_style': None,
[36m(TaskRunner pid=272629)[0m                                            'weight_decay': 0.01,
[36m(TaskRunner pid=272629)[0m                                            'zero_indexed_step': True},
[36m(TaskRunner pid=272629)[0m                                  'policy_loss': {'_target_': 'verl.workers.config.PolicyLossConfig',
[36m(TaskRunner pid=272629)[0m                                                  'clip_cov_lb': 1.0,
[36m(TaskRunner pid=272629)[0m                                                  'clip_cov_ratio': 0.0002,
[36m(TaskRunner pid=272629)[0m                                                  'clip_cov_ub': 5.0,
[36m(TaskRunner pid=272629)[0m                                                  'kl_cov_ratio': 0.0002,
[36m(TaskRunner pid=272629)[0m                                                  'loss_mode': 'vanilla',
[36m(TaskRunner pid=272629)[0m                                                  'ppo_kl_coef': 0.1},
[36m(TaskRunner pid=272629)[0m                                  'ppo_epochs': 1,
[36m(TaskRunner pid=272629)[0m                                  'ppo_max_token_len_per_gpu': 16384,
[36m(TaskRunner pid=272629)[0m                                  'ppo_micro_batch_size': None,
[36m(TaskRunner pid=272629)[0m                                  'ppo_micro_batch_size_per_gpu': 4,
[36m(TaskRunner pid=272629)[0m                                  'ppo_mini_batch_size': 8,
[36m(TaskRunner pid=272629)[0m                                  'profiler': {'_target_': 'verl.utils.profiler.ProfilerConfig',
[36m(TaskRunner pid=272629)[0m                                               'all_ranks': False,
[36m(TaskRunner pid=272629)[0m                                               'enable': False,
[36m(TaskRunner pid=272629)[0m                                               'ranks': [],
[36m(TaskRunner pid=272629)[0m                                               'save_path': 'outputs/profile',
[36m(TaskRunner pid=272629)[0m                                               'tool': None,
[36m(TaskRunner pid=272629)[0m                                               'tool_config': {'npu': {'_target_': 'verl.utils.profiler.config.NPUToolConfig',
[36m(TaskRunner pid=272629)[0m                                                                       'analysis': True,
[36m(TaskRunner pid=272629)[0m                                                                       'contents': [],
[36m(TaskRunner pid=272629)[0m                                                                       'discrete': False,
[36m(TaskRunner pid=272629)[0m                                                                       'level': 'level0'},
[36m(TaskRunner pid=272629)[0m                                                               'nsys': {'_target_': 'verl.utils.profiler.config.NsightToolConfig',
[36m(TaskRunner pid=272629)[0m                                                                        'discrete': False},
[36m(TaskRunner pid=272629)[0m                                                               'precision_debugger': {'_target_': 'verl.utils.profiler.config.PrecisionDebuggerToolConfig',
[36m(TaskRunner pid=272629)[0m                                                                                      'config_path': None,
[36m(TaskRunner pid=272629)[0m                                                                                      'stages': None,
[36m(TaskRunner pid=272629)[0m                                                                                      'steps': None,
[36m(TaskRunner pid=272629)[0m                                                                                      'strict': False},
[36m(TaskRunner pid=272629)[0m                                                               'torch': {'_target_': 'verl.utils.profiler.config.TorchProfilerToolConfig',
[36m(TaskRunner pid=272629)[0m                                                                         'contents': [],
[36m(TaskRunner pid=272629)[0m                                                                         'discrete': False},
[36m(TaskRunner pid=272629)[0m                                                               'torch_memory': {'_target_': 'verl.utils.profiler.config.TorchMemoryToolConfig',
[36m(TaskRunner pid=272629)[0m                                                                                'stack_depth': 32,
[36m(TaskRunner pid=272629)[0m                                                                                'trace_alloc_max_entries': 100000}}},
[36m(TaskRunner pid=272629)[0m                                  'qat': {'activation_observer': 'static_minmax',
[36m(TaskRunner pid=272629)[0m                                          'enable': False,
[36m(TaskRunner pid=272629)[0m                                          'group_size': 16,
[36m(TaskRunner pid=272629)[0m                                          'ignore_patterns': ['lm_head',
[36m(TaskRunner pid=272629)[0m                                                              'embed_tokens',
[36m(TaskRunner pid=272629)[0m                                                              're:.*mlp.gate$'],
[36m(TaskRunner pid=272629)[0m                                          'mode': 'w4a16',
[36m(TaskRunner pid=272629)[0m                                          'quantization_config_path': None},
[36m(TaskRunner pid=272629)[0m                                  'rollout_n': 8,
[36m(TaskRunner pid=272629)[0m                                  'router_replay': {'_target_': 'verl.workers.config.RouterReplayConfig',
[36m(TaskRunner pid=272629)[0m                                                    'mode': 'disabled',
[36m(TaskRunner pid=272629)[0m                                                    'record_file': None,
[36m(TaskRunner pid=272629)[0m                                                    'replay_file': None},
[36m(TaskRunner pid=272629)[0m                                  'shuffle': False,
[36m(TaskRunner pid=272629)[0m                                  'strategy': 'fsdp',
[36m(TaskRunner pid=272629)[0m                                  'tau_neg': 1.05,
[36m(TaskRunner pid=272629)[0m                                  'tau_pos': 1.0,
[36m(TaskRunner pid=272629)[0m                                  'ulysses_sequence_parallel_size': 1,
[36m(TaskRunner pid=272629)[0m                                  'use_dynamic_bsz': False,
[36m(TaskRunner pid=272629)[0m                                  'use_fused_kernels': False,
[36m(TaskRunner pid=272629)[0m                                  'use_kl_loss': True,
[36m(TaskRunner pid=272629)[0m                                  'use_prefix_grouper': False,
[36m(TaskRunner pid=272629)[0m                                  'use_remove_padding': True,
[36m(TaskRunner pid=272629)[0m                                  'use_torch_compile': True},
[36m(TaskRunner pid=272629)[0m                        'hybrid_engine': True,
[36m(TaskRunner pid=272629)[0m                        'model': {'_target_': 'verl.workers.config.HFModelConfig',
[36m(TaskRunner pid=272629)[0m                                  'custom_chat_template': None,
[36m(TaskRunner pid=272629)[0m                                  'enable_activation_offload': False,
[36m(TaskRunner pid=272629)[0m                                  'enable_gradient_checkpointing': True,
[36m(TaskRunner pid=272629)[0m                                  'exclude_modules': None,
[36m(TaskRunner pid=272629)[0m                                  'external_lib': None,
[36m(TaskRunner pid=272629)[0m                                  'fused_kernel_options': {'impl_backend': 'torch'},
[36m(TaskRunner pid=272629)[0m                                  'hf_config_path': None,
[36m(TaskRunner pid=272629)[0m                                  'lora': {'a2a_experimental': False,
[36m(TaskRunner pid=272629)[0m                                           'adapter_path': None,
[36m(TaskRunner pid=272629)[0m                                           'alpha': 32,
[36m(TaskRunner pid=272629)[0m                                           'dropout': 0.0,
[36m(TaskRunner pid=272629)[0m                                           'dropout_position': 'pre',
[36m(TaskRunner pid=272629)[0m                                           'dtype': None,
[36m(TaskRunner pid=272629)[0m                                           'exclude_modules': [],
[36m(TaskRunner pid=272629)[0m                                           'freeze_language_model': True,
[36m(TaskRunner pid=272629)[0m                                           'freeze_vision_model': True,
[36m(TaskRunner pid=272629)[0m                                           'freeze_vision_projection': True,
[36m(TaskRunner pid=272629)[0m                                           'lora_A_init_method': 'xavier',
[36m(TaskRunner pid=272629)[0m                                           'lora_B_init_method': 'zero',
[36m(TaskRunner pid=272629)[0m                                           'merge': False,
[36m(TaskRunner pid=272629)[0m                                           'rank': 0,
[36m(TaskRunner pid=272629)[0m                                           'target_modules': ['linear_qkv',
[36m(TaskRunner pid=272629)[0m                                                              'linear_proj',
[36m(TaskRunner pid=272629)[0m                                                              'linear_fc1',
[36m(TaskRunner pid=272629)[0m                                                              'linear_fc2'],
[36m(TaskRunner pid=272629)[0m                                           'type': 'lora'},
[36m(TaskRunner pid=272629)[0m                                  'lora_adapter_path': None,
[36m(TaskRunner pid=272629)[0m                                  'lora_alpha': 16,
[36m(TaskRunner pid=272629)[0m                                  'lora_rank': 0,
[36m(TaskRunner pid=272629)[0m                                  'mtp': {'_target_': 'verl.workers.config.MtpConfig',
[36m(TaskRunner pid=272629)[0m                                          'detach_encoder': False,
[36m(TaskRunner pid=272629)[0m                                          'enable': False,
[36m(TaskRunner pid=272629)[0m                                          'enable_rollout': False,
[36m(TaskRunner pid=272629)[0m                                          'enable_train': False,
[36m(TaskRunner pid=272629)[0m                                          'method': 'mtp',
[36m(TaskRunner pid=272629)[0m                                          'mtp_loss_scaling_factor': 0.1,
[36m(TaskRunner pid=272629)[0m                                          'num_speculative_tokens': 1,
[36m(TaskRunner pid=272629)[0m                                          'speculative_algorithm': 'EAGLE',
[36m(TaskRunner pid=272629)[0m                                          'speculative_eagle_topk': 1,
[36m(TaskRunner pid=272629)[0m                                          'speculative_num_draft_tokens': 4,
[36m(TaskRunner pid=272629)[0m                                          'speculative_num_steps': 3},
[36m(TaskRunner pid=272629)[0m                                  'override_config': {},
[36m(TaskRunner pid=272629)[0m                                  'path': 'Qwen/Qwen2.5-3B-Instruct',
[36m(TaskRunner pid=272629)[0m                                  'target_modules': 'all-linear',
[36m(TaskRunner pid=272629)[0m                                  'tiled_mlp': {'enabled': False,
[36m(TaskRunner pid=272629)[0m                                                'num_shards': 4},
[36m(TaskRunner pid=272629)[0m                                  'tokenizer_path': None,
[36m(TaskRunner pid=272629)[0m                                  'trust_remote_code': False,
[36m(TaskRunner pid=272629)[0m                                  'use_fused_kernels': False,
[36m(TaskRunner pid=272629)[0m                                  'use_liger': False,
[36m(TaskRunner pid=272629)[0m                                  'use_remove_padding': True,
[36m(TaskRunner pid=272629)[0m                                  'use_shm': False},
[36m(TaskRunner pid=272629)[0m                        'nccl_timeout': 600,
[36m(TaskRunner pid=272629)[0m                        'ref': {'_target_': 'verl.workers.config.FSDPActorConfig',
[36m(TaskRunner pid=272629)[0m                                'entropy_checkpointing': False,
[36m(TaskRunner pid=272629)[0m                                'entropy_from_logits_with_chunking': False,
[36m(TaskRunner pid=272629)[0m                                'fsdp_config': {'_target_': 'verl.workers.config.FSDPEngineConfig',
[36m(TaskRunner pid=272629)[0m                                                'dtype': 'bfloat16',
[36m(TaskRunner pid=272629)[0m                                                'entropy_checkpointing': False,
[36m(TaskRunner pid=272629)[0m                                                'entropy_from_logits_with_chunking': False,
[36m(TaskRunner pid=272629)[0m                                                'forward_only': True,
[36m(TaskRunner pid=272629)[0m                                                'forward_prefetch': False,
[36m(TaskRunner pid=272629)[0m                                                'fsdp_size': -1,
[36m(TaskRunner pid=272629)[0m                                                'full_determinism': False,
[36m(TaskRunner pid=272629)[0m                                                'model_dtype': 'fp32',
[36m(TaskRunner pid=272629)[0m                                                'offload_policy': False,
[36m(TaskRunner pid=272629)[0m                                                'optimizer_offload': False,
[36m(TaskRunner pid=272629)[0m                                                'param_offload': False,
[36m(TaskRunner pid=272629)[0m                                                'qat': {'_target_': 'verl.workers.config.QATEngineConfig',
[36m(TaskRunner pid=272629)[0m                                                        'activation_observer': 'static_minmax',
[36m(TaskRunner pid=272629)[0m                                                        'enable': False,
[36m(TaskRunner pid=272629)[0m                                                        'group_size': 16,
[36m(TaskRunner pid=272629)[0m                                                        'ignore_patterns': ['lm_head',
[36m(TaskRunner pid=272629)[0m                                                                            'embed_tokens',
[36m(TaskRunner pid=272629)[0m                                                                            're:.*mlp.gate$'],
[36m(TaskRunner pid=272629)[0m                                                        'mode': 'w4a16',
[36m(TaskRunner pid=272629)[0m                                                        'quantization_config_path': None},
[36m(TaskRunner pid=272629)[0m                                                'reshard_after_forward': True,
[36m(TaskRunner pid=272629)[0m                                                'seed': 42,
[36m(TaskRunner pid=272629)[0m                                                'strategy': 'fsdp',
[36m(TaskRunner pid=272629)[0m                                                'ulysses_sequence_parallel_size': 1,
[36m(TaskRunner pid=272629)[0m                                                'use_orig_params': False,
[36m(TaskRunner pid=272629)[0m                                                'use_torch_compile': True,
[36m(TaskRunner pid=272629)[0m                                                'wrap_policy': {'min_num_params': 0}},
[36m(TaskRunner pid=272629)[0m                                'log_prob_max_token_len_per_gpu': 16384,
[36m(TaskRunner pid=272629)[0m                                'log_prob_micro_batch_size': None,
[36m(TaskRunner pid=272629)[0m                                'log_prob_micro_batch_size_per_gpu': 4,
[36m(TaskRunner pid=272629)[0m                                'log_prob_use_dynamic_bsz': False,
[36m(TaskRunner pid=272629)[0m                                'profiler': {'_target_': 'verl.utils.profiler.ProfilerConfig',
[36m(TaskRunner pid=272629)[0m                                             'all_ranks': False,
[36m(TaskRunner pid=272629)[0m                                             'enable': False,
[36m(TaskRunner pid=272629)[0m                                             'ranks': [],
[36m(TaskRunner pid=272629)[0m                                             'save_path': 'outputs/profile',
[36m(TaskRunner pid=272629)[0m                                             'tool': None,
[36m(TaskRunner pid=272629)[0m                                             'tool_config': {'npu': {'_target_': 'verl.utils.profiler.config.NPUToolConfig',
[36m(TaskRunner pid=272629)[0m                                                                     'analysis': True,
[36m(TaskRunner pid=272629)[0m                                                                     'contents': [],
[36m(TaskRunner pid=272629)[0m                                                                     'discrete': False,
[36m(TaskRunner pid=272629)[0m                                                                     'level': 'level0'},
[36m(TaskRunner pid=272629)[0m                                                             'nsys': {'_target_': 'verl.utils.profiler.config.NsightToolConfig',
[36m(TaskRunner pid=272629)[0m                                                                      'discrete': False},
[36m(TaskRunner pid=272629)[0m                                                             'precision_debugger': {'_target_': 'verl.utils.profiler.config.PrecisionDebuggerToolConfig',
[36m(TaskRunner pid=272629)[0m                                                                                    'config_path': None,
[36m(TaskRunner pid=272629)[0m                                                                                    'stages': None,
[36m(TaskRunner pid=272629)[0m                                                                                    'steps': None,
[36m(TaskRunner pid=272629)[0m                                                                                    'strict': False},
[36m(TaskRunner pid=272629)[0m                                                             'torch': {'_target_': 'verl.utils.profiler.config.TorchProfilerToolConfig',
[36m(TaskRunner pid=272629)[0m                                                                       'contents': [],
[36m(TaskRunner pid=272629)[0m                                                                       'discrete': False},
[36m(TaskRunner pid=272629)[0m                                                             'torch_memory': {'_target_': 'verl.utils.profiler.config.TorchMemoryToolConfig',
[36m(TaskRunner pid=272629)[0m                                                                              'stack_depth': 32,
[36m(TaskRunner pid=272629)[0m                                                                              'trace_alloc_max_entries': 100000}}},
[36m(TaskRunner pid=272629)[0m                                'rollout_n': 8,
[36m(TaskRunner pid=272629)[0m                                'router_replay': {'_target_': 'verl.workers.config.RouterReplayConfig',
[36m(TaskRunner pid=272629)[0m                                                  'mode': 'disabled',
[36m(TaskRunner pid=272629)[0m                                                  'record_file': None,
[36m(TaskRunner pid=272629)[0m                                                  'replay_file': None},
[36m(TaskRunner pid=272629)[0m                                'strategy': 'fsdp',
[36m(TaskRunner pid=272629)[0m                                'ulysses_sequence_parallel_size': 1,
[36m(TaskRunner pid=272629)[0m                                'use_torch_compile': True},
[36m(TaskRunner pid=272629)[0m                        'rollout': {'_target_': 'verl.workers.config.RolloutConfig',
[36m(TaskRunner pid=272629)[0m                                    'agent': {'_target_': 'verl.workers.config.AgentLoopConfig',
[36m(TaskRunner pid=272629)[0m                                              'agent_loop_config_path': None,
[36m(TaskRunner pid=272629)[0m                                              'custom_async_server': {'_target_': 'verl.workers.config.CustomAsyncServerConfig',
[36m(TaskRunner pid=272629)[0m                                                                      'name': None,
[36m(TaskRunner pid=272629)[0m                                                                      'path': None},
[36m(TaskRunner pid=272629)[0m                                              'default_agent_loop': 'single_turn_agent',
[36m(TaskRunner pid=272629)[0m                                              'num_workers': 8},
[36m(TaskRunner pid=272629)[0m                                    'calculate_log_probs': False,
[36m(TaskRunner pid=272629)[0m                                    'checkpoint_engine': {'_target_': 'verl.workers.config.CheckpointEngineConfig',
[36m(TaskRunner pid=272629)[0m                                                          'backend': 'naive',
[36m(TaskRunner pid=272629)[0m                                                          'custom_backend_module': None,
[36m(TaskRunner pid=272629)[0m                                                          'engine_kwargs': {},
[36m(TaskRunner pid=272629)[0m                                                          'update_weights_bucket_megabytes': 2048},
[36m(TaskRunner pid=272629)[0m                                    'cudagraph_capture_sizes': None,
[36m(TaskRunner pid=272629)[0m                                    'data_parallel_size': 1,
[36m(TaskRunner pid=272629)[0m                                    'disable_log_stats': True,
[36m(TaskRunner pid=272629)[0m                                    'disaggregation': {'bootstrap_port': None,
[36m(TaskRunner pid=272629)[0m                                                       'decode_replicas': 1,
[36m(TaskRunner pid=272629)[0m                                                       'decode_tensor_model_parallel_size': None,
[36m(TaskRunner pid=272629)[0m                                                       'enabled': False,
[36m(TaskRunner pid=272629)[0m                                                       'ib_device': None,
[36m(TaskRunner pid=272629)[0m                                                       'prefill_replicas': 1,
[36m(TaskRunner pid=272629)[0m                                                       'transfer_backend': 'nixl'},
[36m(TaskRunner pid=272629)[0m                                    'do_sample': True,
[36m(TaskRunner pid=272629)[0m                                    'dtype': 'bfloat16',
[36m(TaskRunner pid=272629)[0m                                    'enable_chunked_prefill': True,
[36m(TaskRunner pid=272629)[0m                                    'enable_prefix_caching': True,
[36m(TaskRunner pid=272629)[0m                                    'enable_rollout_routing_replay': False,
[36m(TaskRunner pid=272629)[0m                                    'enforce_eager': False,
[36m(TaskRunner pid=272629)[0m                                    'engine_kwargs': {'sglang': {},
[36m(TaskRunner pid=272629)[0m                                                      'trtllm': {},
[36m(TaskRunner pid=272629)[0m                                                      'vllm': {}},
[36m(TaskRunner pid=272629)[0m                                    'expert_parallel_size': 1,
[36m(TaskRunner pid=272629)[0m                                    'free_cache_engine': True,
[36m(TaskRunner pid=272629)[0m                                    'gpu_memory_utilization': 0.5,
[36m(TaskRunner pid=272629)[0m                                    'ignore_eos': False,
[36m(TaskRunner pid=272629)[0m                                    'layered_summon': False,
[36m(TaskRunner pid=272629)[0m                                    'load_format': 'dummy',
[36m(TaskRunner pid=272629)[0m                                    'log_prob_max_token_len_per_gpu': 16384,
[36m(TaskRunner pid=272629)[0m                                    'log_prob_micro_batch_size': None,
[36m(TaskRunner pid=272629)[0m                                    'log_prob_micro_batch_size_per_gpu': 4,
[36m(TaskRunner pid=272629)[0m                                    'log_prob_use_dynamic_bsz': False,
[36m(TaskRunner pid=272629)[0m                                    'logprobs_mode': 'processed_logprobs',
[36m(TaskRunner pid=272629)[0m                                    'max_model_len': None,
[36m(TaskRunner pid=272629)[0m                                    'max_num_batched_tokens': 8192,
[36m(TaskRunner pid=272629)[0m                                    'max_num_seqs': 1024,
[36m(TaskRunner pid=272629)[0m                                    'mode': 'async',
[36m(TaskRunner pid=272629)[0m                                    'mtp': {'_target_': 'verl.workers.config.MtpConfig',
[36m(TaskRunner pid=272629)[0m                                            'detach_encoder': False,
[36m(TaskRunner pid=272629)[0m                                            'enable': False,
[36m(TaskRunner pid=272629)[0m                                            'enable_rollout': False,
[36m(TaskRunner pid=272629)[0m                                            'enable_train': False,
[36m(TaskRunner pid=272629)[0m                                            'method': 'mtp',
[36m(TaskRunner pid=272629)[0m                                            'mtp_loss_scaling_factor': 0.1,
[36m(TaskRunner pid=272629)[0m                                            'num_speculative_tokens': 1,
[36m(TaskRunner pid=272629)[0m                                            'speculative_algorithm': 'EAGLE',
[36m(TaskRunner pid=272629)[0m                                            'speculative_eagle_topk': 1,
[36m(TaskRunner pid=272629)[0m                                            'speculative_num_draft_tokens': 4,
[36m(TaskRunner pid=272629)[0m                                            'speculative_num_steps': 3},
[36m(TaskRunner pid=272629)[0m                                    'multi_stage_wake_up': False,
[36m(TaskRunner pid=272629)[0m                                    'multi_turn': {'_target_': 'verl.workers.config.MultiTurnConfig',
[36m(TaskRunner pid=272629)[0m                                                   'enable': False,
[36m(TaskRunner pid=272629)[0m                                                   'format': 'hermes',
[36m(TaskRunner pid=272629)[0m                                                   'function_tool_path': None,
[36m(TaskRunner pid=272629)[0m                                                   'max_assistant_turns': None,
[36m(TaskRunner pid=272629)[0m                                                   'max_parallel_calls': 1,
[36m(TaskRunner pid=272629)[0m                                                   'max_tool_response_length': 256,
[36m(TaskRunner pid=272629)[0m                                                   'max_user_turns': None,
[36m(TaskRunner pid=272629)[0m                                                   'num_repeat_rollouts': None,
[36m(TaskRunner pid=272629)[0m                                                   'tokenization_sanity_check_mode': 'strict',
[36m(TaskRunner pid=272629)[0m                                                   'tool_config_path': None,
[36m(TaskRunner pid=272629)[0m                                                   'tool_response_truncate_side': 'middle',
[36m(TaskRunner pid=272629)[0m                                                   'use_inference_chat_template': False},
[36m(TaskRunner pid=272629)[0m                                    'n': 8,
[36m(TaskRunner pid=272629)[0m                                    'n_gpus_per_node': 1,
[36m(TaskRunner pid=272629)[0m                                    'name': 'vllm',
[36m(TaskRunner pid=272629)[0m                                    'nnodes': 0,
[36m(TaskRunner pid=272629)[0m                                    'over_sample_rate': 0,
[36m(TaskRunner pid=272629)[0m                                    'pipeline_model_parallel_size': 1,
[36m(TaskRunner pid=272629)[0m                                    'profiler': {'_target_': 'verl.utils.profiler.ProfilerConfig',
[36m(TaskRunner pid=272629)[0m                                                 'all_ranks': False,
[36m(TaskRunner pid=272629)[0m                                                 'enable': False,
[36m(TaskRunner pid=272629)[0m                                                 'ranks': [],
[36m(TaskRunner pid=272629)[0m                                                 'save_path': 'outputs/profile',
[36m(TaskRunner pid=272629)[0m                                                 'tool': None,
[36m(TaskRunner pid=272629)[0m                                                 'tool_config': {'npu': {'_target_': 'verl.utils.profiler.config.NPUToolConfig',
[36m(TaskRunner pid=272629)[0m                                                                         'analysis': True,
[36m(TaskRunner pid=272629)[0m                                                                         'contents': [],
[36m(TaskRunner pid=272629)[0m                                                                         'discrete': False,
[36m(TaskRunner pid=272629)[0m                                                                         'level': 'level0'},
[36m(TaskRunner pid=272629)[0m                                                                 'precision_debugger': {'_target_': 'verl.utils.profiler.config.PrecisionDebuggerToolConfig',
[36m(TaskRunner pid=272629)[0m                                                                                        'config_path': None,
[36m(TaskRunner pid=272629)[0m                                                                                        'stages': None,
[36m(TaskRunner pid=272629)[0m                                                                                        'steps': None,
[36m(TaskRunner pid=272629)[0m                                                                                        'strict': False},
[36m(TaskRunner pid=272629)[0m                                                                 'torch': {'_target_': 'verl.utils.profiler.config.TorchProfilerToolConfig',
[36m(TaskRunner pid=272629)[0m                                                                           'contents': [],
[36m(TaskRunner pid=272629)[0m                                                                           'discrete': False}}},
[36m(TaskRunner pid=272629)[0m                                    'prometheus': {'_target_': 'verl.workers.config.PrometheusConfig',
[36m(TaskRunner pid=272629)[0m                                                   'enable': False,
[36m(TaskRunner pid=272629)[0m                                                   'file': '/tmp/ray/session_latest/metrics/prometheus/prometheus.yml',
[36m(TaskRunner pid=272629)[0m                                                   'port': 9090,
[36m(TaskRunner pid=272629)[0m                                                   'served_model_name': 'Qwen/Qwen2.5-3B-Instruct'},
[36m(TaskRunner pid=272629)[0m                                    'prompt_length': 1024,
[36m(TaskRunner pid=272629)[0m                                    'qat': {'_target_': 'verl.workers.config.QATEngineConfig',
[36m(TaskRunner pid=272629)[0m                                            'activation_observer': 'static_minmax',
[36m(TaskRunner pid=272629)[0m                                            'enable': False,
[36m(TaskRunner pid=272629)[0m                                            'group_size': 16,
[36m(TaskRunner pid=272629)[0m                                            'ignore_patterns': ['lm_head',
[36m(TaskRunner pid=272629)[0m                                                                'embed_tokens',
[36m(TaskRunner pid=272629)[0m                                                                're:.*mlp.gate$'],
[36m(TaskRunner pid=272629)[0m                                            'mode': 'w4a16',
[36m(TaskRunner pid=272629)[0m                                            'quantization_config_path': None},
[36m(TaskRunner pid=272629)[0m                                    'quantization': None,
[36m(TaskRunner pid=272629)[0m                                    'quantization_config_file': None,
[36m(TaskRunner pid=272629)[0m                                    'response_length': 2048,
[36m(TaskRunner pid=272629)[0m                                    'scheduling_policy': 'fcfs',
[36m(TaskRunner pid=272629)[0m                                    'skip': {'_target_': 'verl.workers.config.SkipConfig',
[36m(TaskRunner pid=272629)[0m                                             'action': 'cache',
[36m(TaskRunner pid=272629)[0m                                             'dump_dir': '~/.verl/rollout_dump',
[36m(TaskRunner pid=272629)[0m                                             'enable': False,
[36m(TaskRunner pid=272629)[0m                                             'max_dump_step': 1},
[36m(TaskRunner pid=272629)[0m                                    'skip_tokenizer_init': True,
[36m(TaskRunner pid=272629)[0m                                    'temperature': 1.0,
[36m(TaskRunner pid=272629)[0m                                    'tensor_model_parallel_size': 1,
[36m(TaskRunner pid=272629)[0m                                    'top_k': -1,
[36m(TaskRunner pid=272629)[0m                                    'top_p': 1,
[36m(TaskRunner pid=272629)[0m                                    'trace': {'_target_': 'verl.workers.config.TraceConfig',
[36m(TaskRunner pid=272629)[0m                                              'backend': None,
[36m(TaskRunner pid=272629)[0m                                              'experiment_name': 'grpo_full_3b_math_t2048',
[36m(TaskRunner pid=272629)[0m                                              'max_samples_per_step_per_worker': None,
[36m(TaskRunner pid=272629)[0m                                              'project_name': 'a0_grpo_bench',
[36m(TaskRunner pid=272629)[0m                                              'token2text': False},
[36m(TaskRunner pid=272629)[0m                                    'val_kwargs': {'_target_': 'verl.workers.config.SamplingConfig',
[36m(TaskRunner pid=272629)[0m                                                   'do_sample': False,
[36m(TaskRunner pid=272629)[0m                                                   'n': 1,
[36m(TaskRunner pid=272629)[0m                                                   'temperature': 0,
[36m(TaskRunner pid=272629)[0m                                                   'top_k': -1,
[36m(TaskRunner pid=272629)[0m                                                   'top_p': 1.0}}},
[36m(TaskRunner pid=272629)[0m  'algorithm': {'_target_': 'verl.trainer.config.AlgoConfig',
[36m(TaskRunner pid=272629)[0m                'adv_estimator': 'grpo',
[36m(TaskRunner pid=272629)[0m                'gamma': 1.0,
[36m(TaskRunner pid=272629)[0m                'kl_ctrl': {'_target_': 'verl.trainer.config.KLControlConfig',
[36m(TaskRunner pid=272629)[0m                            'horizon': 10000,
[36m(TaskRunner pid=272629)[0m                            'kl_coef': 0.001,
[36m(TaskRunner pid=272629)[0m                            'target_kl': 0.1,
[36m(TaskRunner pid=272629)[0m                            'type': 'fixed'},
[36m(TaskRunner pid=272629)[0m                'kl_penalty': 'kl',
[36m(TaskRunner pid=272629)[0m                'lam': 1.0,
[36m(TaskRunner pid=272629)[0m                'norm_adv_by_std_in_grpo': True,
[36m(TaskRunner pid=272629)[0m                'pf_ppo': {'reweight_method': 'pow', 'weight_pow': 2.0},
[36m(TaskRunner pid=272629)[0m                'rollout_correction': {'bypass_mode': False,
[36m(TaskRunner pid=272629)[0m                                       'loss_type': 'ppo_clip',
[36m(TaskRunner pid=272629)[0m                                       'rollout_is': None,
[36m(TaskRunner pid=272629)[0m                                       'rollout_is_batch_normalize': False,
[36m(TaskRunner pid=272629)[0m                                       'rollout_is_threshold': 2.0,
[36m(TaskRunner pid=272629)[0m                                       'rollout_rs': None,
[36m(TaskRunner pid=272629)[0m                                       'rollout_rs_threshold': None},
[36m(TaskRunner pid=272629)[0m                'use_kl_in_reward': False,
[36m(TaskRunner pid=272629)[0m                'use_pf_ppo': False},
[36m(TaskRunner pid=272629)[0m  'critic': {'_target_': 'verl.workers.config.FSDPCriticConfig',
[36m(TaskRunner pid=272629)[0m             'checkpoint': {'_target_': 'verl.trainer.config.CheckpointConfig',
[36m(TaskRunner pid=272629)[0m                            'async_save': False,
[36m(TaskRunner pid=272629)[0m                            'load_contents': ['model', 'optimizer', 'extra'],
[36m(TaskRunner pid=272629)[0m                            'mbridge_config': {},
[36m(TaskRunner pid=272629)[0m                            'save_contents': ['model', 'optimizer', 'extra']},
[36m(TaskRunner pid=272629)[0m             'cliprange_value': 0.5,
[36m(TaskRunner pid=272629)[0m             'data_loader_seed': 42,
[36m(TaskRunner pid=272629)[0m             'enable': None,
[36m(TaskRunner pid=272629)[0m             'forward_max_token_len_per_gpu': 32768,
[36m(TaskRunner pid=272629)[0m             'forward_micro_batch_size': None,
[36m(TaskRunner pid=272629)[0m             'forward_micro_batch_size_per_gpu': None,
[36m(TaskRunner pid=272629)[0m             'fsdp': {'_target_': 'verl.workers.config.FSDPEngineConfig',
[36m(TaskRunner pid=272629)[0m                      'dtype': 'bfloat16',
[36m(TaskRunner pid=272629)[0m                      'entropy_checkpointing': False,
[36m(TaskRunner pid=272629)[0m                      'entropy_from_logits_with_chunking': False,
[36m(TaskRunner pid=272629)[0m                      'forward_only': False,
[36m(TaskRunner pid=272629)[0m                      'forward_prefetch': False,
[36m(TaskRunner pid=272629)[0m                      'fsdp_size': -1,
[36m(TaskRunner pid=272629)[0m                      'full_determinism': False,
[36m(TaskRunner pid=272629)[0m                      'model_dtype': 'fp32',
[36m(TaskRunner pid=272629)[0m                      'offload_policy': False,
[36m(TaskRunner pid=272629)[0m                      'optimizer_offload': False,
[36m(TaskRunner pid=272629)[0m                      'param_offload': False,
[36m(TaskRunner pid=272629)[0m                      'qat': {'_target_': 'verl.workers.config.QATEngineConfig',
[36m(TaskRunner pid=272629)[0m                              'activation_observer': 'static_minmax',
[36m(TaskRunner pid=272629)[0m                              'enable': False,
[36m(TaskRunner pid=272629)[0m                              'group_size': 16,
[36m(TaskRunner pid=272629)[0m                              'ignore_patterns': ['lm_head',
[36m(TaskRunner pid=272629)[0m                                                  'embed_tokens',
[36m(TaskRunner pid=272629)[0m                                                  're:.*mlp.gate$'],
[36m(TaskRunner pid=272629)[0m                              'mode': 'w4a16',
[36m(TaskRunner pid=272629)[0m                              'quantization_config_path': None},
[36m(TaskRunner pid=272629)[0m                      'reshard_after_forward': True,
[36m(TaskRunner pid=272629)[0m                      'seed': 42,
[36m(TaskRunner pid=272629)[0m                      'strategy': 'fsdp',
[36m(TaskRunner pid=272629)[0m                      'ulysses_sequence_parallel_size': 1,
[36m(TaskRunner pid=272629)[0m                      'use_orig_params': False,
[36m(TaskRunner pid=272629)[0m                      'use_torch_compile': True,
[36m(TaskRunner pid=272629)[0m                      'wrap_policy': {'min_num_params': 0}},
[36m(TaskRunner pid=272629)[0m             'grad_clip': 1.0,
[36m(TaskRunner pid=272629)[0m             'loss_agg_mode': 'token-mean',
[36m(TaskRunner pid=272629)[0m             'model': {'_target_': 'verl.workers.config.HFModelConfig',
[36m(TaskRunner pid=272629)[0m                       'custom_chat_template': None,
[36m(TaskRunner pid=272629)[0m                       'enable_activation_offload': False,
[36m(TaskRunner pid=272629)[0m                       'enable_gradient_checkpointing': True,
[36m(TaskRunner pid=272629)[0m                       'exclude_modules': None,
[36m(TaskRunner pid=272629)[0m                       'external_lib': None,
[36m(TaskRunner pid=272629)[0m                       'fused_kernel_options': {'impl_backend': 'torch'},
[36m(TaskRunner pid=272629)[0m                       'hf_config_path': None,
[36m(TaskRunner pid=272629)[0m                       'lora': {'a2a_experimental': False,
[36m(TaskRunner pid=272629)[0m                                'adapter_path': None,
[36m(TaskRunner pid=272629)[0m                                'alpha': 32,
[36m(TaskRunner pid=272629)[0m                                'dropout': 0.0,
[36m(TaskRunner pid=272629)[0m                                'dropout_position': 'pre',
[36m(TaskRunner pid=272629)[0m                                'dtype': None,
[36m(TaskRunner pid=272629)[0m                                'exclude_modules': [],
[36m(TaskRunner pid=272629)[0m                                'freeze_language_model': True,
[36m(TaskRunner pid=272629)[0m                                'freeze_vision_model': True,
[36m(TaskRunner pid=272629)[0m                                'freeze_vision_projection': True,
[36m(TaskRunner pid=272629)[0m                                'lora_A_init_method': 'xavier',
[36m(TaskRunner pid=272629)[0m                                'lora_B_init_method': 'zero',
[36m(TaskRunner pid=272629)[0m                                'merge': False,
[36m(TaskRunner pid=272629)[0m                                'rank': 0,
[36m(TaskRunner pid=272629)[0m                                'target_modules': ['linear_qkv',
[36m(TaskRunner pid=272629)[0m                                                   'linear_proj',
[36m(TaskRunner pid=272629)[0m                                                   'linear_fc1',
[36m(TaskRunner pid=272629)[0m                                                   'linear_fc2'],
[36m(TaskRunner pid=272629)[0m                                'type': 'lora'},
[36m(TaskRunner pid=272629)[0m                       'lora_adapter_path': None,
[36m(TaskRunner pid=272629)[0m                       'lora_alpha': 16,
[36m(TaskRunner pid=272629)[0m                       'lora_rank': 0,
[36m(TaskRunner pid=272629)[0m                       'mtp': {'_target_': 'verl.workers.config.MtpConfig',
[36m(TaskRunner pid=272629)[0m                               'detach_encoder': False,
[36m(TaskRunner pid=272629)[0m                               'enable': False,
[36m(TaskRunner pid=272629)[0m                               'enable_rollout': False,
[36m(TaskRunner pid=272629)[0m                               'enable_train': False,
[36m(TaskRunner pid=272629)[0m                               'method': 'mtp',
[36m(TaskRunner pid=272629)[0m                               'mtp_loss_scaling_factor': 0.1,
[36m(TaskRunner pid=272629)[0m                               'num_speculative_tokens': 1,
[36m(TaskRunner pid=272629)[0m                               'speculative_algorithm': 'EAGLE',
[36m(TaskRunner pid=272629)[0m                               'speculative_eagle_topk': 1,
[36m(TaskRunner pid=272629)[0m                               'speculative_num_draft_tokens': 4,
[36m(TaskRunner pid=272629)[0m                               'speculative_num_steps': 3},
[36m(TaskRunner pid=272629)[0m                       'override_config': {},
[36m(TaskRunner pid=272629)[0m                       'path': '~/models/deepseek-llm-7b-chat',
[36m(TaskRunner pid=272629)[0m                       'target_modules': 'all-linear',
[36m(TaskRunner pid=272629)[0m                       'tiled_mlp': {'enabled': False, 'num_shards': 4},
[36m(TaskRunner pid=272629)[0m                       'tokenizer_path': None,
[36m(TaskRunner pid=272629)[0m                       'trust_remote_code': False,
[36m(TaskRunner pid=272629)[0m                       'use_fused_kernels': False,
[36m(TaskRunner pid=272629)[0m                       'use_liger': False,
[36m(TaskRunner pid=272629)[0m                       'use_remove_padding': True,
[36m(TaskRunner pid=272629)[0m                       'use_shm': False},
[36m(TaskRunner pid=272629)[0m             'optim': {'_target_': 'verl.workers.config.FSDPOptimizerConfig',
[36m(TaskRunner pid=272629)[0m                       'betas': [0.9, 0.999],
[36m(TaskRunner pid=272629)[0m                       'clip_grad': 1.0,
[36m(TaskRunner pid=272629)[0m                       'lr': 1e-05,
[36m(TaskRunner pid=272629)[0m                       'lr_scheduler_type': 'constant',
[36m(TaskRunner pid=272629)[0m                       'lr_warmup_steps': -1,
[36m(TaskRunner pid=272629)[0m                       'lr_warmup_steps_ratio': 0.0,
[36m(TaskRunner pid=272629)[0m                       'min_lr_ratio': 0.0,
[36m(TaskRunner pid=272629)[0m                       'num_cycles': 0.5,
[36m(TaskRunner pid=272629)[0m                       'optimizer': 'AdamW',
[36m(TaskRunner pid=272629)[0m                       'optimizer_impl': 'torch.optim',
[36m(TaskRunner pid=272629)[0m                       'override_optimizer_config': None,
[36m(TaskRunner pid=272629)[0m                       'total_training_steps': -1,
[36m(TaskRunner pid=272629)[0m                       'warmup_style': None,
[36m(TaskRunner pid=272629)[0m                       'weight_decay': 0.01,
[36m(TaskRunner pid=272629)[0m                       'zero_indexed_step': True},
[36m(TaskRunner pid=272629)[0m             'ppo_epochs': 1,
[36m(TaskRunner pid=272629)[0m             'ppo_max_token_len_per_gpu': 32768,
[36m(TaskRunner pid=272629)[0m             'ppo_micro_batch_size': None,
[36m(TaskRunner pid=272629)[0m             'ppo_micro_batch_size_per_gpu': None,
[36m(TaskRunner pid=272629)[0m             'ppo_mini_batch_size': 8,
[36m(TaskRunner pid=272629)[0m             'profiler': {'_target_': 'verl.utils.profiler.ProfilerConfig',
[36m(TaskRunner pid=272629)[0m                          'all_ranks': False,
[36m(TaskRunner pid=272629)[0m                          'enable': False,
[36m(TaskRunner pid=272629)[0m                          'ranks': [],
[36m(TaskRunner pid=272629)[0m                          'save_path': 'outputs/profile',
[36m(TaskRunner pid=272629)[0m                          'tool': None,
[36m(TaskRunner pid=272629)[0m                          'tool_config': {'npu': {'_target_': 'verl.utils.profiler.config.NPUToolConfig',
[36m(TaskRunner pid=272629)[0m                                                  'analysis': True,
[36m(TaskRunner pid=272629)[0m                                                  'contents': [],
[36m(TaskRunner pid=272629)[0m                                                  'discrete': False,
[36m(TaskRunner pid=272629)[0m                                                  'level': 'level0'},
[36m(TaskRunner pid=272629)[0m                                          'nsys': {'_target_': 'verl.utils.profiler.config.NsightToolConfig',
[36m(TaskRunner pid=272629)[0m                                                   'discrete': False},
[36m(TaskRunner pid=272629)[0m                                          'precision_debugger': {'_target_': 'verl.utils.profiler.config.PrecisionDebuggerToolConfig',
[36m(TaskRunner pid=272629)[0m                                                                 'config_path': None,
[36m(TaskRunner pid=272629)[0m                                                                 'stages': None,
[36m(TaskRunner pid=272629)[0m                                                                 'steps': None,
[36m(TaskRunner pid=272629)[0m                                                                 'strict': False},
[36m(TaskRunner pid=272629)[0m                                          'torch': {'_target_': 'verl.utils.profiler.config.TorchProfilerToolConfig',
[36m(TaskRunner pid=272629)[0m                                                    'contents': [],
[36m(TaskRunner pid=272629)[0m                                                    'discrete': False},
[36m(TaskRunner pid=272629)[0m                                          'torch_memory': {'_target_': 'verl.utils.profiler.config.TorchMemoryToolConfig',
[36m(TaskRunner pid=272629)[0m                                                           'stack_depth': 32,
[36m(TaskRunner pid=272629)[0m                                                           'trace_alloc_max_entries': 100000}}},
[36m(TaskRunner pid=272629)[0m             'rollout_n': 8,
[36m(TaskRunner pid=272629)[0m             'shuffle': False,
[36m(TaskRunner pid=272629)[0m             'strategy': 'fsdp',
[36m(TaskRunner pid=272629)[0m             'ulysses_sequence_parallel_size': 1,
[36m(TaskRunner pid=272629)[0m             'use_dynamic_bsz': False},
[36m(TaskRunner pid=272629)[0m  'data': {'apply_chat_template_kwargs': {},
[36m(TaskRunner pid=272629)[0m           'audio_key': 'audios',
[36m(TaskRunner pid=272629)[0m           'custom_cls': {'name': None, 'path': None},
[36m(TaskRunner pid=272629)[0m           'dataloader_num_workers': 8,
[36m(TaskRunner pid=272629)[0m           'filter_overlong_prompts': True,
[36m(TaskRunner pid=272629)[0m           'filter_overlong_prompts_workers': 1,
[36m(TaskRunner pid=272629)[0m           'function_tool_path': None,
[36m(TaskRunner pid=272629)[0m           'image_key': 'images',
[36m(TaskRunner pid=272629)[0m           'image_patch_size': 14,
[36m(TaskRunner pid=272629)[0m           'max_prompt_length': 1024,
[36m(TaskRunner pid=272629)[0m           'max_response_length': 2048,
[36m(TaskRunner pid=272629)[0m           'mm_processor_kwargs': {},
[36m(TaskRunner pid=272629)[0m           'prompt_key': 'prompt',
[36m(TaskRunner pid=272629)[0m           'return_full_prompt': False,
[36m(TaskRunner pid=272629)[0m           'return_multi_modal_inputs': True,
[36m(TaskRunner pid=272629)[0m           'return_raw_chat': True,
[36m(TaskRunner pid=272629)[0m           'return_raw_input_ids': False,
[36m(TaskRunner pid=272629)[0m           'reward_fn_key': 'data_source',
[36m(TaskRunner pid=272629)[0m           'seed': None,
[36m(TaskRunner pid=272629)[0m           'shuffle': True,
[36m(TaskRunner pid=272629)[0m           'tokenizer': None,
[36m(TaskRunner pid=272629)[0m           'tool_config_path': None,
[36m(TaskRunner pid=272629)[0m           'train_batch_size': 16,
[36m(TaskRunner pid=272629)[0m           'train_files': '/home/hyin66/es-fine-tuning-paper/experiments/2026-07-24_es_improvement/es_bench/track_b/grpo_ood/data_math/train.parquet',
[36m(TaskRunner pid=272629)[0m           'train_max_samples': -1,
[36m(TaskRunner pid=272629)[0m           'truncation': 'right',
[36m(TaskRunner pid=272629)[0m           'trust_remote_code': False,
[36m(TaskRunner pid=272629)[0m           'use_shm': False,
[36m(TaskRunner pid=272629)[0m           'val_batch_size': None,
[36m(TaskRunner pid=272629)[0m           'val_files': '/home/hyin66/es-fine-tuning-paper/experiments/2026-07-24_es_improvement/es_bench/track_b/grpo_ood/data_math/val.parquet',
[36m(TaskRunner pid=272629)[0m           'val_max_samples': -1,
[36m(TaskRunner pid=272629)[0m           'validation_shuffle': False,
[36m(TaskRunner pid=272629)[0m           'video_key': 'videos'},
[36m(TaskRunner pid=272629)[0m  'distillation': {'_target_': 'verl.workers.config.DistillationConfig',
[36m(TaskRunner pid=272629)[0m                   'distillation_loss': {'_target_': 'verl.workers.config.DistillationLossConfig',
[36m(TaskRunner pid=272629)[0m                                         'clip_ratio': 0.2,
[36m(TaskRunner pid=272629)[0m                                         'clip_ratio_high': 0.2,
[36m(TaskRunner pid=272629)[0m                                         'clip_ratio_low': 0.2,
[36m(TaskRunner pid=272629)[0m                                         'distillation_loss_coef': 1.0,
[36m(TaskRunner pid=272629)[0m                                         'log_prob_min_clamp': None,
[36m(TaskRunner pid=272629)[0m                                         'loss_max_clamp': None,
[36m(TaskRunner pid=272629)[0m                                         'loss_mode': 'k3',
[36m(TaskRunner pid=272629)[0m                                         'policy_loss_mode': 'vanilla',
[36m(TaskRunner pid=272629)[0m                                         'topk': 32,
[36m(TaskRunner pid=272629)[0m                                         'use_policy_gradient': False,
[36m(TaskRunner pid=272629)[0m                                         'use_task_rewards': True},
[36m(TaskRunner pid=272629)[0m                   'enabled': False,
[36m(TaskRunner pid=272629)[0m                   'n_gpus_per_node': 8,
[36m(TaskRunner pid=272629)[0m                   'nnodes': 0,
[36m(TaskRunner pid=272629)[0m                   'teacher_key': 'data_source',
[36m(TaskRunner pid=272629)[0m                   'teacher_models': {'teacher_model': {'_target_': 'verl.workers.config.DistillationTeacherModelConfig',
[36m(TaskRunner pid=272629)[0m                                                        'inference': {'_target_': 'verl.workers.config.RolloutConfig',
[36m(TaskRunner pid=272629)[0m                                                                      'cudagraph_capture_sizes': None,
[36m(TaskRunner pid=272629)[0m                                                                      'data_parallel_size': 1,
[36m(TaskRunner pid=272629)[0m                                                                      'disable_log_stats': True,
[36m(TaskRunner pid=272629)[0m                                                                      'dtype': 'bfloat16',
[36m(TaskRunner pid=272629)[0m                                                                      'enable_chunked_prefill': True,
[36m(TaskRunner pid=272629)[0m                                                                      'enable_prefix_caching': True,
[36m(TaskRunner pid=272629)[0m                                                                      'enforce_eager': True,
[36m(TaskRunner pid=272629)[0m                                                                      'engine_kwargs': {},
[36m(TaskRunner pid=272629)[0m                                                                      'expert_parallel_size': 1,
[36m(TaskRunner pid=272629)[0m                                                                      'free_cache_engine': True,
[36m(TaskRunner pid=272629)[0m                                                                      'gpu_memory_utilization': 0.5,
[36m(TaskRunner pid=272629)[0m                                                                      'limit_images': None,
[36m(TaskRunner pid=272629)[0m                                                                      'load_format': 'auto',
[36m(TaskRunner pid=272629)[0m                                                                      'max_model_len': None,
[36m(TaskRunner pid=272629)[0m                                                                      'max_num_batched_tokens': 8192,
[36m(TaskRunner pid=272629)[0m                                                                      'max_num_seqs': 1024,
[36m(TaskRunner pid=272629)[0m                                                                      'name': 'vllm',
[36m(TaskRunner pid=272629)[0m                                                                      'prompt_length': 1024,
[36m(TaskRunner pid=272629)[0m                                                                      'response_length': 2048,
[36m(TaskRunner pid=272629)[0m                                                                      'skip_tokenizer_init': True,
[36m(TaskRunner pid=272629)[0m                                                                      'temperature': 1.0,
[36m(TaskRunner pid=272629)[0m                                                                      'tensor_model_parallel_size': 2},
[36m(TaskRunner pid=272629)[0m                                                        'key': None,
[36m(TaskRunner pid=272629)[0m                                                        'model_path': None,
[36m(TaskRunner pid=272629)[0m                                                        'num_replicas': 0}}},
[36m(TaskRunner pid=272629)[0m  'global_profiler': {'_target_': 'verl.utils.profiler.ProfilerConfig',
[36m(TaskRunner pid=272629)[0m                      'global_tool_config': {'nsys': {'_target_': 'verl.utils.profiler.config.NsightToolConfig',
[36m(TaskRunner pid=272629)[0m                                                      'controller_nsight_options': {'cuda-graph-trace': 'graph',
[36m(TaskRunner pid=272629)[0m                                                                                    'cuda-memory-usage': 'true',
[36m(TaskRunner pid=272629)[0m                                                                                    'trace': 'cuda,nvtx,cublas,ucx'},
[36m(TaskRunner pid=272629)[0m                                                      'discrete': False,
[36m(TaskRunner pid=272629)[0m                                                      'worker_nsight_options': {'capture-range': 'cudaProfilerApi',
[36m(TaskRunner pid=272629)[0m                                                                                'capture-range-end': None,
[36m(TaskRunner pid=272629)[0m                                                                                'cuda-graph-trace': 'graph',
[36m(TaskRunner pid=272629)[0m                                                                                'cuda-memory-usage': 'true',
[36m(TaskRunner pid=272629)[0m                                                                                'kill': 'none',
[36m(TaskRunner pid=272629)[0m                                                                                'trace': 'cuda,nvtx,cublas,ucx'}},
[36m(TaskRunner pid=272629)[0m                                             'precision_debugger': {'_target_': 'verl.utils.profiler.config.PrecisionDebuggerToolConfig',
[36m(TaskRunner pid=272629)[0m                                                                    'config_path': None,
[36m(TaskRunner pid=272629)[0m                                                                    'stages': None,
[36m(TaskRunner pid=272629)[0m                                                                    'steps': None,
[36m(TaskRunner pid=272629)[0m                                                                    'strict': False},
[36m(TaskRunner pid=272629)[0m                                             'torch_memory': {'context': 'all',
[36m(TaskRunner pid=272629)[0m                                                              'kw_args': {},
[36m(TaskRunner pid=272629)[0m                                                              'stack_depth': 32,
[36m(TaskRunner pid=272629)[0m                                                              'stacks': 'all',
[36m(TaskRunner pid=272629)[0m                                                              'trace_alloc_max_entries': 100000}},
[36m(TaskRunner pid=272629)[0m                      'profile_continuous_steps': False,
[36m(TaskRunner pid=272629)[0m                      'save_path': 'outputs/profile',
[36m(TaskRunner pid=272629)[0m                      'steps': None,
[36m(TaskRunner pid=272629)[0m                      'tool': None},
[36m(TaskRunner pid=272629)[0m  'model_engine': 'dp',
[36m(TaskRunner pid=272629)[0m  'ray_kwargs': {'ray_init': {'num_cpus': None}, 'timeline_json_file': None},
[36m(TaskRunner pid=272629)[0m  'reward': {'_target_': 'verl.workers.config.RewardConfig',
[36m(TaskRunner pid=272629)[0m             'custom_reward_function': {'name': 'compute_score',
[36m(TaskRunner pid=272629)[0m                                        'path': '/home/hyin66/es-fine-tuning-paper/experiments/2026-07-24_es_improvement/es_bench/grpo/reward_logged.py'},
[36m(TaskRunner pid=272629)[0m             'num_workers': 8,
[36m(TaskRunner pid=272629)[0m             'reward_manager': {'_target_': 'verl.workers.config.reward.RewardManagerConfig',
[36m(TaskRunner pid=272629)[0m                                'module': {'_target_': 'verl.trainer.config.config.ModuleConfig',
[36m(TaskRunner pid=272629)[0m                                           'name': 'custom_reward_manager',
[36m(TaskRunner pid=272629)[0m                                           'path': None},
[36m(TaskRunner pid=272629)[0m                                'name': 'naive',
[36m(TaskRunner pid=272629)[0m                                'source': 'register'},
[36m(TaskRunner pid=272629)[0m             'reward_model': {'_target_': 'verl.workers.config.RewardModelConfig',
[36m(TaskRunner pid=272629)[0m                              'enable': False,
[36m(TaskRunner pid=272629)[0m                              'enable_resource_pool': False,
[36m(TaskRunner pid=272629)[0m                              'model_path': None,
[36m(TaskRunner pid=272629)[0m                              'n_gpus_per_node': 8,
[36m(TaskRunner pid=272629)[0m                              'nnodes': 0,
[36m(TaskRunner pid=272629)[0m                              'rollout': {'_target_': 'verl.workers.config.RolloutConfig',
[36m(TaskRunner pid=272629)[0m                                          'cudagraph_capture_sizes': None,
[36m(TaskRunner pid=272629)[0m                                          'data_parallel_size': 1,
[36m(TaskRunner pid=272629)[0m                                          'disable_log_stats': True,
[36m(TaskRunner pid=272629)[0m                                          'disaggregation': {'bootstrap_port': None,
[36m(TaskRunner pid=272629)[0m                                                             'decode_replicas': 1,
[36m(TaskRunner pid=272629)[0m                                                             'decode_tensor_model_parallel_size': None,
[36m(TaskRunner pid=272629)[0m                                                             'enabled': False,
[36m(TaskRunner pid=272629)[0m                                                             'ib_device': None,
[36m(TaskRunner pid=272629)[0m                                                             'prefill_replicas': 1,
[36m(TaskRunner pid=272629)[0m                                                             'transfer_backend': 'nixl'},
[36m(TaskRunner pid=272629)[0m                                          'do_sample': True,
[36m(TaskRunner pid=272629)[0m                                          'dtype': 'bfloat16',
[36m(TaskRunner pid=272629)[0m                                          'enable_chunked_prefill': True,
[36m(TaskRunner pid=272629)[0m                                          'enable_prefix_caching': True,
[36m(TaskRunner pid=272629)[0m                                          'enforce_eager': True,
[36m(TaskRunner pid=272629)[0m                                          'engine_kwargs': {},
[36m(TaskRunner pid=272629)[0m                                          'expert_parallel_size': 1,
[36m(TaskRunner pid=272629)[0m                                          'free_cache_engine': True,
[36m(TaskRunner pid=272629)[0m                                          'gpu_memory_utilization': 0.5,
[36m(TaskRunner pid=272629)[0m                                          'ignore_eos': False,
[36m(TaskRunner pid=272629)[0m                                          'layered_summon': False,
[36m(TaskRunner pid=272629)[0m                                          'limit_images': None,
[36m(TaskRunner pid=272629)[0m                                          'load_format': 'auto',
[36m(TaskRunner pid=272629)[0m                                          'max_model_len': None,
[36m(TaskRunner pid=272629)[0m                                          'max_num_batched_tokens': 8192,
[36m(TaskRunner pid=272629)[0m                                          'max_num_seqs': 1024,
[36m(TaskRunner pid=272629)[0m                                          'mtp': None,
[36m(TaskRunner pid=272629)[0m                                          'multi_stage_wake_up': False,
[36m(TaskRunner pid=272629)[0m                                          'n': 1,
[36m(TaskRunner pid=272629)[0m                                          'name': '???',
[36m(TaskRunner pid=272629)[0m /home/hyin66/micromamba/envs/verl/lib/python3.10/site-packages/verl/trainer/main_ppo.py:258: UserWarning: Disabled critic as algorithm.adv_estimator != gae. If it is not intended, please set critic.enable=True
[36m(TaskRunner pid=272629)[0m   use_critic=need_critic(config),
[36m(TaskRunner pid=272629)[0m Filtering prompts longer than 1024 tokens (num_proc=1):   0%|          | 0/2000 [00:00<?, ? examples/s]
[36m(TaskRunner pid=272629)[0m Filtering prompts longer than 1024 tokens (num_proc=1):  50%|█████     | 1000/2000 [00:00<00:00, 1745.76 examples/s]
[36m(TaskRunner pid=272629)[0m Filtering prompts longer than 1024 tokens (num_proc=1): 100%|██████████| 2000/2000 [00:00<00:00, 2919.63 examples/s]
[36m(TaskRunner pid=272629)[0m Filtering prompts longer than 1024 tokens (num_proc=1): 100%|██████████| 2000/2000 [00:00<00:00, 2286.99 examples/s]
[36m(TaskRunner pid=272629)[0m Filtering prompts longer than 1024 tokens (num_proc=1):   0%|          | 0/200 [00:00<?, ? examples/s]
[36m(TaskRunner pid=272629)[0m Filtering prompts longer than 1024 tokens (num_proc=1): 100%|██████████| 200/200 [00:00<00:00, 479.93 examples/s]
[36m(TaskRunner pid=272629)[0m Filtering prompts longer than 1024 tokens (num_proc=1): 100%|██████████| 200/200 [00:00<00:00, 374.64 examples/s]
[36m(TaskRunner pid=272629)[0m /home/hyin66/micromamba/envs/verl/lib/python3.10/site-packages/verl/trainer/main_ppo.py:299: FutureWarning: Warning: Class 'verl.trainer.ppo.ray_trainer.RayPPOTrainer' is deprecated. Please use 'main_ppo.py is deprecated, and wil be replaced by main_ppo_sync.py in v0.8.0, please use main_ppo_sync.py instead.' instead.
[36m(TaskRunner pid=272629)[0m   trainer = RayPPOTrainer(
[36m(TaskRunner pid=272629)[0m /home/hyin66/micromamba/envs/verl/lib/python3.10/site-packages/verl/trainer/ppo/ray_trainer.py:348: UserWarning: Disabled critic as algorithm.adv_estimator != gae. If it is not intended, please set critic.enable=True
[36m(TaskRunner pid=272629)[0m   self.use_critic = need_critic(self.config)
[36m(WorkerDict pid=273039)[0m /home/hyin66/micromamba/envs/verl/lib/python3.10/site-packages/verl/workers/engine/mindspeed/transformer_impl.py:24: UserWarning: NPU not support router replay for now.
[36m(WorkerDict pid=273039)[0m   from verl.utils.megatron.router_replay_patch import RouterReplay
[36m(WorkerDict pid=273039)[0m `torch_dtype` is deprecated! Use `dtype` instead!
[36m(WorkerDict pid=273039)[0m Flash Attention 2 only supports torch.float16 and torch.bfloat16 dtypes, but the current dype in Qwen2ForCausalLM is torch.float32. You should run training or inference using Automatic Mixed-Precision via the `with torch.autocast(device_type='torch_device'):` decorator, or load the model with the `dtype` argument. Example: `model = AutoModel.from_pretrained("openai/whisper-tiny", attn_implementation="flash_attention_2", dtype=torch.float16)`
[36m(WorkerDict pid=273039)[0m Flash Attention 2 only supports torch.float16 and torch.bfloat16 dtypes, but the current dype in Qwen2Model is torch.float32. You should run training or inference using Automatic Mixed-Precision via the `with torch.autocast(device_type='torch_device'):` decorator, or load the model with the `dtype` argument. Example: `model = AutoModel.from_pretrained("openai/whisper-tiny", attn_implementation="flash_attention_2", dtype=torch.float16)`
[36m(WorkerDict pid=273039)[0m Loading checkpoint shards:   0%|          | 0/2 [00:00<?, ?it/s]
[36m(WorkerDict pid=273039)[0m Loading checkpoint shards:  50%|█████     | 1/2 [00:02<00:02,  2.67s/it]
[36m(WorkerDict pid=273039)[0m Loading checkpoint shards: 100%|██████████| 2/2 [00:04<00:00,  1.93s/it]Loading checkpoint shards: 100%|██████████| 2/2 [00:04<00:00,  2.04s/it]
[36m(WorkerDict pid=273039)[0m /home/hyin66/micromamba/envs/verl/lib/python3.10/site-packages/torch/distributed/fsdp/_init_utils.py:430: UserWarning: FSDP is switching to use `NO_SHARD` instead of ShardingStrategy.FULL_SHARD since the world size is 1.
[36m(WorkerDict pid=273039)[0m   warnings.warn(
[36m(WorkerDict pid=273039)[0m /home/hyin66/micromamba/envs/verl/lib/python3.10/site-packages/torch/distributed/fsdp/fully_sharded_data_parallel.py:678: FutureWarning: FSDP.state_dict_type() and FSDP.set_state_dict_type() are being deprecated. Please use APIs, get_state_dict() and set_state_dict(), which can support different parallelisms, FSDP1, FSDP2, DDP. API doc: https://pytorch.org/docs/stable/distributed.checkpoint.html#torch.distributed.checkpoint.state_dict.get_state_dict .Tutorial: https://pytorch.org/tutorials/recipes/distributed_checkpoint_recipe.html .
[36m(WorkerDict pid=273039)[0m   warnings.warn(
[36m(WorkerDict pid=273039)[0m Loading checkpoint shards:   0%|          | 0/2 [00:00<?, ?it/s]
[36m(WorkerDict pid=273039)[0m Loading checkpoint shards:  50%|█████     | 1/2 [00:01<00:01,  1.59s/it]
[36m(WorkerDict pid=273039)[0m Loading checkpoint shards: 100%|██████████| 2/2 [00:02<00:00,  1.17s/it]Loading checkpoint shards: 100%|██████████| 2/2 [00:02<00:00,  1.23s/it]
[36m(WorkerDict pid=273039)[0m /home/hyin66/micromamba/envs/verl/lib/python3.10/site-packages/torch/distributed/fsdp/_init_utils.py:430: UserWarning: FSDP is switching to use `NO_SHARD` instead of ShardingStrategy.FULL_SHARD since the world size is 1.
[36m(WorkerDict pid=273039)[0m   warnings.warn(
[36m(WorkerDict pid=273039)[0m /home/hyin66/micromamba/envs/verl/lib/python3.10/site-packages/torch/distributed/fsdp/fully_sharded_data_parallel.py:678: FutureWarning: FSDP.state_dict_type() and FSDP.set_state_dict_type() are being deprecated. Please use APIs, get_state_dict() and set_state_dict(), which can support different parallelisms, FSDP1, FSDP2, DDP. API doc: https://pytorch.org/docs/stable/distributed.checkpoint.html#torch.distributed.checkpoint.state_dict.get_state_dict .Tutorial: https://pytorch.org/tutorials/recipes/distributed_checkpoint_recipe.html .
[36m(WorkerDict pid=273039)[0m   warnings.warn(
[36m(TaskRunner pid=272629)[0m                                          'pipeline_model_parallel_size': 1,
[36m(TaskRunner pid=272629)[0m                                          'prompt_length': 2048,
[36m(TaskRunner pid=272629)[0m                                          'quantization': None,
[36m(TaskRunner pid=272629)[0m                                          'quantization_config_file': None,
[36m(TaskRunner pid=272629)[0m                                          'response_length': 2048,
[36m(TaskRunner pid=272629)[0m                                          'scheduling_policy': 'fcfs',
[36m(TaskRunner pid=272629)[0m                                          'skip_tokenizer_init': False,
[36m(TaskRunner pid=272629)[0m                                          'temperature': 1.0,
[36m(TaskRunner pid=272629)[0m                                          'tensor_model_parallel_size': 2,
[36m(TaskRunner pid=272629)[0m                                          'top_k': -1,
[36m(TaskRunner pid=272629)[0m                                          'top_p': 1}},
[36m(TaskRunner pid=272629)[0m             'sandbox_fusion': {'_target_': 'verl.workers.config.SandboxFusionConfig',
[36m(TaskRunner pid=272629)[0m                                'max_concurrent': 64,
[36m(TaskRunner pid=272629)[0m                                'memory_limit_mb': 1024,
[36m(TaskRunner pid=272629)[0m                                'url': None}},
[36m(TaskRunner pid=272629)[0m  'trainer': {'balance_batch': True,
[36m(TaskRunner pid=272629)[0m              'critic_warmup': 0,
[36m(TaskRunner pid=272629)[0m              'default_hdfs_dir': None,
[36m(TaskRunner pid=272629)[0m              'default_local_dir': '/tmp/grpo_ckpt_grpo_full_3b_math_t2048',
[36m(TaskRunner pid=272629)[0m              'del_local_ckpt_after_load': False,
[36m(TaskRunner pid=272629)[0m              'device': 'cuda',
[36m(TaskRunner pid=272629)[0m              'esi_redundant_time': 0,
[36m(TaskRunner pid=272629)[0m              'experiment_name': 'grpo_full_3b_math_t2048',
[36m(TaskRunner pid=272629)[0m              'log_val_generations': 0,
[36m(TaskRunner pid=272629)[0m              'logger': ['console'],
[36m(TaskRunner pid=272629)[0m              'max_actor_ckpt_to_keep': None,
[36m(TaskRunner pid=272629)[0m              'max_critic_ckpt_to_keep': None,
[36m(TaskRunner pid=272629)[0m              'n_gpus_per_node': 1,
[36m(TaskRunner pid=272629)[0m              'nnodes': 1,
[36m(TaskRunner pid=272629)[0m              'project_name': 'a0_grpo_bench',
[36m(TaskRunner pid=272629)[0m              'ray_wait_register_center_timeout': 300,
[36m(TaskRunner pid=272629)[0m              'resume_from_path': None,
[36m(TaskRunner pid=272629)[0m              'resume_mode': 'auto',
[36m(TaskRunner pid=272629)[0m              'rollout_data_dir': None,
[36m(TaskRunner pid=272629)[0m              'save_freq': 200,
[36m(TaskRunner pid=272629)[0m              'test_freq': -1,
[36m(TaskRunner pid=272629)[0m              'total_epochs': 1000,
[36m(TaskRunner pid=272629)[0m              'total_training_steps': 200,
[36m(TaskRunner pid=272629)[0m              'val_before_train': False,
[36m(TaskRunner pid=272629)[0m              'val_only': False,
[36m(TaskRunner pid=272629)[0m              'validation_data_dir': None},
[36m(TaskRunner pid=272629)[0m  'transfer_queue': {'backend': {'MooncakeStore': {'auto_init': False,
[36m(TaskRunner pid=272629)[0m                                                   'device_name': '',
[36m(TaskRunner pid=272629)[0m                                                   'global_segment_size': 4294967296,
[36m(TaskRunner pid=272629)[0m                                                   'local_buffer_size': 1073741824,
[36m(TaskRunner pid=272629)[0m                                                   'local_hostname': 'localhost',
[36m(TaskRunner pid=272629)[0m                                                   'master_server_address': 'localhost:50124',
[36m(TaskRunner pid=272629)[0m                                                   'metadata_server': 'localhost:50123',
[36m(TaskRunner pid=272629)[0m                                                   'protocol': 'tcp'},
[36m(TaskRunner pid=272629)[0m                                 'SimpleStorage': {'num_data_storage_units': 8,
[36m(TaskRunner pid=272629)[0m                                                   'total_storage_size': 100000},
[36m(TaskRunner pid=272629)[0m                                 'storage_backend': 'SimpleStorage'},
[36m(TaskRunner pid=272629)[0m                     'enable': False,
[36m(TaskRunner pid=272629)[0m                     'metrics': {'enabled': False, 'port': 0}}}
[36m(TaskRunner pid=272629)[0m [validate_config] All configuration checks passed successfully!
[36m(TaskRunner pid=272629)[0m Using dataset class: RLHFDataset
[36m(TaskRunner pid=272629)[0m dataset len: 2000
[36m(TaskRunner pid=272629)[0m filter dataset len: 1998
[36m(TaskRunner pid=272629)[0m Using dataset class: RLHFDataset
[36m(TaskRunner pid=272629)[0m dataset len: 200
[36m(TaskRunner pid=272629)[0m filter dataset len: 199
[36m(TaskRunner pid=272629)[0m Size of train dataloader: 124, Size of val dataloader: 1
[36m(TaskRunner pid=272629)[0m Total training steps: 200
[36m(TaskRunner pid=272629)[0m colocated worker base class <class 'verl.single_controller.base.worker.Worker'>
[36m(WorkerDict pid=273039)[0m [Gloo] Rank 0 is connected to 0 peer ranks. Expected number of connected peer ranks is : 0
[36m(WorkerDict pid=273039)[0m Warning: Failed to set NUMA affinity: libnuma.so: cannot open shared object file: No such file or directory
[36m(WorkerDict pid=273039)[0m Monkey patch _flash_attention_forward in transformers.integrations.flash_attention
[36m(WorkerDict pid=273039)[0m Skipping monkey patch for Qwen2ForCausalLM as use_fused_kernels is False or fused_kernels_backend is torch
[36m(WorkerDict pid=273039)[0m Qwen2ForCausalLM contains 3.09B parameters
[36m(WorkerDict pid=273039)[0m Before FSDP, memory allocated (GB): 0.00, memory reserved (GB): 0.00, device memory used/total (GB): 0.51/139.80
[36m(WorkerDict pid=273039)[0m After FSDP, memory allocated (GB): 11.50, memory reserved (GB): 13.02, device memory used/total (GB): 14.16/139.80
[36m(WorkerDict pid=273039)[0m Warning: Failed to set NUMA affinity: libnuma.so: cannot open shared object file: No such file or directory
[36m(WorkerDict pid=273039)[0m Monkey patch _flash_attention_forward in transformers.integrations.flash_attention
[36m(WorkerDict pid=273039)[0m Skipping monkey patch for Qwen2ForCausalLM as use_fused_kernels is False or fused_kernels_backend is torch
[36m(WorkerDict pid=273039)[0m Qwen2ForCausalLM contains 3.09B parameters
[36m(WorkerDict pid=273039)[0m Before FSDP, memory allocated (GB): 11.50, memory reserved (GB): 13.02, device memory used/total (GB): 14.16/139.80
[36m(WorkerDict pid=273039)[0m After FSDP, memory allocated (GB): 22.99, memory reserved (GB): 24.59, device memory used/total (GB): 25.73/139.80
[36m(WorkerDict pid=273039)[0m Total steps: 200, num_warmup_steps: 0
[36m(WorkerDict pid=273039)[0m NCCL version 2.27.3+cuda12.9
[36m(WorkerDict pid=273039)[0m [Gloo] Rank 0 is connected to 0 peer ranks. Expected number of connected peer ranks is : 0
[36m(WorkerDict pid=273039)[0m [Gloo] Rank 0 is connected to 0 peer ranks. Expected number of connected peer ranks is : 0
[36m(WorkerDict pid=273039)[0m [Gloo] Rank 0 is connected to 0 peer ranks. Expected number of connected peer ranks is : 0
[36m(TaskRunner pid=272629)[0m WARNING 07-28 15:54:25 [api_server.py:1213] LoRA dynamic loading & unloading is enabled in the API server. This should ONLY be used for local development!
[36m(pid=273961)[0m WARNING 07-28 15:54:51 [api_server.py:1213] LoRA dynamic loading & unloading is enabled in the API server. This should ONLY be used for local development!
[36m(vLLMHttpServer pid=273961)[0m ['serve',
[36m(vLLMHttpServer pid=273961)[0m  'Qwen/Qwen2.5-3B-Instruct',
[36m(vLLMHttpServer pid=273961)[0m  '--dtype',
[36m(vLLMHttpServer pid=273961)[0m WARNING:2026-07-28 15:54:53,636:agent loop only support torch and npu profiler, got None
[36m(vLLMHttpServer pid=273961)[0m INFO:2026-07-28 15:54:53,636:vLLMHttpServer, replica_rank: 0, node_rank: 0, CUDA_VISIBLE_DEVICES: 0, master_address: 10.233.74.186, master_port: 38979, data_parallel_rpc_port: 38833, data_parallel_master_port: 46653
[36m(vLLMHttpServer pid=273961)[0m INFO:2026-07-28 15:54:53,644:override_generation_config: {'temperature': 1.0, 'top_k': -1, 'top_p': 1, 'repetition_penalty': 1.0, 'max_new_tokens': 2048}
[36m(vLLMHttpServer pid=273961)[0m INFO:2026-07-28 15:54:53,644:enable_sleep_mode: True
[36m(vLLMHttpServer pid=273961)[0m `torch_dtype` is deprecated! Use `dtype` instead!
[36m(vLLMHttpServer pid=273961)[0m [1;36m(Worker pid=274564)[0;0m Capturing CUDA graphs (mixed prefill-decode, PIECEWISE):   0%|          | 0/67 [00:00<?, ?it/s]
[36m(vLLMHttpServer pid=273961)[0m Capturing CUDA graphs (mixed prefill-decode, PIECEWISE):   7%|▋         | 5/67 [00:00<00:01, 48.64it/s]
[36m(vLLMHttpServer pid=273961)[0m Capturing CUDA graphs (mixed prefill-decode, PIECEWISE):  15%|█▍        | 10/67 [00:00<00:01, 48.55it/s]
[36m(vLLMHttpServer pid=273961)[0m Capturing CUDA graphs (mixed prefill-decode, PIECEWISE):  24%|██▍       | 16/67 [00:00<00:01, 50.02it/s]
[36m(vLLMHttpServer pid=273961)[0m Capturing CUDA graphs (mixed prefill-decode, PIECEWISE):  31%|███▏      | 21/67 [00:00<00:00, 49.91it/s]
[36m(vLLMHttpServer pid=273961)[0m Capturing CUDA graphs (mixed prefill-decode, PIECEWISE):  39%|███▉      | 26/67 [00:00<00:00, 49.80it/s]
[36m(vLLMHttpServer pid=273961)[0m Capturing CUDA graphs (mixed prefill-decode, PIECEWISE):  46%|████▋     | 31/67 [00:00<00:00, 49.78it/s]
[36m(vLLMHttpServer pid=273961)[0m Capturing CUDA graphs (mixed prefill-decode, PIECEWISE):  54%|█████▎    | 36/67 [00:00<00:00, 48.78it/s]
[36m(vLLMHttpServer pid=273961)[0m Capturing CUDA graphs (mixed prefill-decode, PIECEWISE):  61%|██████    | 41/67 [00:00<00:00, 47.84it/s]
[36m(vLLMHttpServer pid=273961)[0m Capturing CUDA graphs (mixed prefill-decode, PIECEWISE):  69%|██████▊   | 46/67 [00:00<00:00, 48.14it/s]
[36m(vLLMHttpServer pid=273961)[0m Capturing CUDA graphs (mixed prefill-decode, PIECEWISE):  76%|███████▌  | 51/67 [00:01<00:00, 47.14it/s]
[36m(vLLMHttpServer pid=273961)[0m Capturing CUDA graphs (mixed prefill-decode, PIECEWISE):  84%|████████▎ | 56/67 [00:01<00:00, 45.42it/s]
[36m(vLLMHttpServer pid=273961)[0m Capturing CUDA graphs (mixed prefill-decode, PIECEWISE):  91%|█████████ | 61/67 [00:01<00:00, 44.87it/s]
[36m(vLLMHttpServer pid=273961)[0m Capturing CUDA graphs (mixed prefill-decode, PIECEWISE): 100%|██████████| 67/67 [00:01<00:00, 46.18it/s]Capturing CUDA graphs (mixed prefill-decode, PIECEWISE): 100%|██████████| 67/67 [00:01<00:00, 47.52it/s]
[36m(vLLMHttpServer pid=273961)[0m [1;36m(Worker pid=274564)[0;0m Capturing CUDA graphs (decode, FULL):   0%|          | 0/67 [00:00<?, ?it/s]
[36m(vLLMHttpServer pid=273961)[0m Capturing CUDA graphs (decode, FULL):   3%|▎         | 2/67 [00:00<00:03, 17.77it/s]
[36m(vLLMHttpServer pid=273961)[0m Capturing CUDA graphs (decode, FULL):  12%|█▏        | 8/67 [00:00<00:01, 40.66it/s]
[36m(vLLMHttpServer pid=273961)[0m Capturing CUDA graphs (decode, FULL):  22%|██▏       | 15/67 [00:00<00:01, 50.53it/s]
[36m(vLLMHttpServer pid=273961)[0m Capturing CUDA graphs (decode, FULL):  33%|███▎      | 22/67 [00:00<00:00, 55.56it/s]
[36m(vLLMHttpServer pid=273961)[0m Capturing CUDA graphs (decode, FULL):  43%|████▎     | 29/67 [00:00<00:00, 58.98it/s]
[36m(vLLMHttpServer pid=273961)[0m Capturing CUDA graphs (decode, FULL):  54%|█████▎    | 36/67 [00:00<00:00, 60.97it/s]
[36m(vLLMHttpServer pid=273961)[0m Capturing CUDA graphs (decode, FULL):  64%|██████▍   | 43/67 [00:00<00:00, 61.98it/s]
[36m(vLLMHttpServer pid=273961)[0m Capturing CUDA graphs (decode, FULL):  75%|███████▍  | 50/67 [00:00<00:00, 62.91it/s]
[36m(vLLMHttpServer pid=273961)[0m Capturing CUDA graphs (decode, FULL):  85%|████████▌ | 57/67 [00:00<00:00, 64.77it/s]
[36m(vLLMHttpServer pid=273961)[0m Capturing CUDA graphs (decode, FULL):  96%|█████████▌| 64/67 [00:01<00:00, 65.36it/s]
[36m(vLLMHttpServer pid=273961)[0m Capturing CUDA graphs (decode, FULL): 100%|██████████| 67/67 [00:01<00:00, 59.83it/s]
[36m(vLLMHttpServer pid=273961)[0m INFO:2026-07-28 15:55:56,957:Initializing a V1 LLM engine with config: model='Qwen/Qwen2.5-3B-Instruct', speculative_config=None, tokenizer='Qwen/Qwen2.5-3B-Instruct', skip_tokenizer_init=False, tokenizer_mode=auto, revision=None, tokenizer_revision=None, trust_remote_code=False, dtype=torch.bfloat16, max_seq_len=32768, download_dir=None, load_format=dummy, tensor_parallel_size=1, pipeline_parallel_size=1, data_parallel_size=1, disable_custom_all_reduce=False, quantization=None, enforce_eager=False, kv_cache_dtype=auto, device_config=cuda, structured_outputs_config=StructuredOutputsConfig(backend='auto', disable_fallback=False, disable_any_whitespace=False, disable_additional_properties=False, reasoning_parser=''), observability_config=ObservabilityConfig(show_hidden_metrics_for_version=None, otlp_traces_endpoint=None, collect_detailed_traces=None), seed=0, served_model_name=Qwen/Qwen2.5-3B-Instruct, enable_prefix_caching=True, chunked_prefill_enabled=True, pooler_config=None, compilation_config={"level":3,"debug_dump_path":"","cache_dir":"","backend":"","custom_ops":[],"splitting_ops":["vllm.unified_attention","vllm.unified_attention_with_output","vllm.mamba_mixer2","vllm.mamba_mixer","vllm.short_conv","vllm.linear_attention","vllm.plamo2_mamba_mixer","vllm.gdn_attention","vllm.sparse_attn_indexer"],"use_inductor":true,"compile_sizes":[],"inductor_compile_config":{"enable_auto_functionalized_v2":false},"inductor_passes":{},"cudagraph_mode":[2,1],"use_cudagraph":true,"cudagraph_num_of_warmups":1,"cudagraph_capture_sizes":[512,504,496,488,480,472,464,456,448,440,432,424,416,408,400,392,384,376,368,360,352,344,336,328,320,312,304,296,288,280,272,264,256,248,240,232,224,216,208,200,192,184,176,168,160,152,144,136,128,120,112,104,96,88,80,72,64,56,48,40,32,24,16,8,4,2,1],"cudagraph_copy_inputs":false,"full_cuda_graph":false,"use_inductor_graph_partition":false,"pass_config":{},"max_capture_size":512,"local_cache_dir":null}
[36m(WorkerDict pid=273039)[0m /home/hyin66/micromamba/envs/verl/lib/python3.10/site-packages/torch/distributed/fsdp/_state_dict_utils.py:763: UserWarning: When using ``NO_SHARD`` for ``ShardingStrategy``, full_state_dict will be returned.
[36m(WorkerDict pid=273039)[0m   warnings.warn(
[36m(WorkerDict pid=273039)[0m /home/hyin66/micromamba/envs/verl/lib/python3.10/site-packages/torch/distributed/fsdp/_state_dict_utils.py:701: UserWarning: When using ``NO_SHARD`` for ``ShardingStrategy``, full_state_dict will be returned.
[36m(WorkerDict pid=273039)[0m   warnings.warn(
[36m(WorkerDict pid=273039)[0m INFO:2026-07-28 15:55:59,082:update_weights done, time cost: 0.51s
[36m(TaskRunner pid=272629)[0m Training Progress:   0%|          | 0/200 [00:00<?, ?it/s]
[36m(AgentLoopWorker pid=275013)[0m You're using a Qwen2TokenizerFast tokenizer. Please note that with a fast tokenizer, using the `__call__` method is faster than using a method to encode the text followed by a call to the `pad` method to get a padded encoding.
[36m(AgentLoopWorker pid=275016)[0m You're using a Qwen2TokenizerFast tokenizer. Please note that with a fast tokenizer, using the `__call__` method is faster than using a method to encode the text followed by a call to the `pad` method to get a padded encoding.
[36m(AgentLoopWorker pid=275012)[0m You're using a Qwen2TokenizerFast tokenizer. Please note that with a fast tokenizer, using the `__call__` method is faster than using a method to encode the text followed by a call to the `pad` method to get a padded encoding.
[36m(AgentLoopWorker pid=275020)[0m You're using a Qwen2TokenizerFast tokenizer. Please note that with a fast tokenizer, using the `__call__` method is faster than using a method to encode the text followed by a call to the `pad` method to get a padded encoding.
[36m(AgentLoopWorker pid=275018)[0m You're using a Qwen2TokenizerFast tokenizer. Please note that with a fast tokenizer, using the `__call__` method is faster than using a method to encode the text followed by a call to the `pad` method to get a padded encoding.
[36m(AgentLoopWorker pid=275011)[0m You're using a Qwen2TokenizerFast tokenizer. Please note that with a fast tokenizer, using the `__call__` method is faster than using a method to encode the text followed by a call to the `pad` method to get a padded encoding.
[36m(AgentLoopWorker pid=275017)[0m You're using a Qwen2TokenizerFast tokenizer. Please note that with a fast tokenizer, using the `__call__` method is faster than using a method to encode the text followed by a call to the `pad` method to get a padded encoding.
[36m(AgentLoopWorker pid=275014)[0m You're using a Qwen2TokenizerFast tokenizer. Please note that with a fast tokenizer, using the `__call__` method is faster than using a method to encode the text followed by a call to the `pad` method to get a padded encoding.
[36m(WorkerDict pid=273039)[0m INFO:2026-07-28 15:57:22,887:update_weights done, time cost: 0.57s
[36m(vLLMHttpServer pid=273961)[0m  'bfloat16',
[36m(vLLMHttpServer pid=273961)[0m  '--load_format',
[36m(vLLMHttpServer pid=273961)[0m  'dummy',
[36m(vLLMHttpServer pid=273961)[0m  '--distributed_executor_backend',
[36m(vLLMHttpServer pid=273961)[0m  'mp',
[36m(vLLMHttpServer pid=273961)[0m  '--worker_extension_cls',
[36m(vLLMHttpServer pid=273961)[0m  'verl.workers.rollout.vllm_rollout.utils.vLLMColocateWorkerExtension',
[36m(vLLMHttpServer pid=273961)[0m  '--max_model_len',
[36m(vLLMHttpServer pid=273961)[0m  '32768',
[36m(vLLMHttpServer pid=273961)[0m  '--max_num_seqs',
[36m(vLLMHttpServer pid=273961)[0m  '1024',
[36m(vLLMHttpServer pid=273961)[0m  '--enable_chunked_prefill',
[36m(vLLMHttpServer pid=273961)[0m  '--max_num_batched_tokens',
[36m(vLLMHttpServer pid=273961)[0m  '8192',
[36m(vLLMHttpServer pid=273961)[0m  '--enable_prefix_caching',
[36m(vLLMHttpServer pid=273961)[0m  '--enable_sleep_mode',
[36m(vLLMHttpServer pid=273961)[0m  '--logprobs_mode',
[36m(vLLMHttpServer pid=273961)[0m  'processed_logprobs',
[36m(vLLMHttpServer pid=273961)[0m  '--gpu_memory_utilization',
[36m(vLLMHttpServer pid=273961)[0m  '0.5',
[36m(vLLMHttpServer pid=273961)[0m  '--disable_log_stats',
[36m(vLLMHttpServer pid=273961)[0m  '--tensor_parallel_size',
[36m(vLLMHttpServer pid=273961)[0m  '1',
[36m(vLLMHttpServer pid=273961)[0m  '--seed',
[36m(vLLMHttpServer pid=273961)[0m  '0',
[36m(vLLMHttpServer pid=273961)[0m  '--override_generation_config',
[36m(vLLMHttpServer pid=273961)[0m  
[36m(vLLMHttpServer pid=273961)[0m '{"temperature": 1.0, "top_k": -1, "top_p": 1, "repetition_penalty": 1.0, '
[36m(vLLMHttpServer pid=273961)[0m  '"max_new_tokens": 2048}',
[36m(vLLMHttpServer pid=273961)[0m  '--hf_overrides',
[36m(vLLMHttpServer pid=273961)[0m  '{}',
[36m(vLLMHttpServer pid=273961)[0m  '--scheduling_policy',
[36m(vLLMHttpServer pid=273961)[0m  'fcfs',
[36m(vLLMHttpServer pid=273961)[0m  '--compilation_config',
[36m(vLLMHttpServer pid=273961)[0m  '{"cudagraph_mode": "FULL_AND_PIECEWISE"}']
[36m(vLLMHttpServer pid=273961)[0m WARNING 07-28 15:54:54 [__init__.py:3036] We must use the `spawn` multiprocessing start method. Overriding VLLM_WORKER_MULTIPROC_METHOD to 'spawn'. See https://docs.vllm.ai/en/latest/usage/troubleshooting.html#python-multiprocessing for more information. Reasons: In a Ray actor and can only be spawned; CUDA is initialized
[36m(vLLMHttpServer pid=273961)[0m [Gloo] Rank 0 is connected to 0 peer ranks. Expected number of connected peer ranks is : 0
[36m(vLLMHttpServer pid=273961)[0m [Gloo] Rank 0 is connected to 0 peer ranks. Expected number of connected peer ranks is : 0
[36m(vLLMHttpServer pid=273961)[0m [Gloo] Rank 0 is connected to 0 peer ranks. Expected number of connected peer ranks is : 0
[36m(vLLMHttpServer pid=273961)[0m [Gloo] Rank 0 is connected to 0 peer ranks. Expected number of connected peer ranks is : 0
[36m(vLLMHttpServer pid=273961)[0m [Gloo] Rank 0 is connected to 0 peer ranks. Expected number of connected peer ranks is : 0
[36m(vLLMHttpServer pid=273961)[0m [Gloo] Rank 0 is connected to 0 peer ranks. Expected number of connected peer ranks is : 0
[36m(vLLMHttpServer pid=273961)[0m WARNING 07-28 15:55:56 [model.py:1389] Default sampling parameters have been overridden by the model's Hugging Face generation config recommended from the model creator. If this is not intended, please relaunch vLLM instance with `--generation-config vllm`.
[36m(TaskRunner pid=272629)[0m LLMServerManager: ['10.233.74.186:37599']
[36m(TaskRunner pid=272629)[0m Checkpoint tracker file does not exist: /tmp/grpo_ckpt_grpo_full_3b_math_t2048/latest_checkpointed_iteration.txt
[36m(TaskRunner pid=272629)[0m Training from scratch
[36m(WorkerDict pid=273039)[0m WARNING 07-28 15:55:58 [api_server.py:1213] LoRA dynamic loading & unloading is enabled in the API server. This should ONLY be used for local development!
[36m(AgentLoopWorker pid=275011)[0m Using dataset class: RLHFDataset
[36m(AgentLoopWorker pid=275012)[0m Using dataset class: RLHFDataset
[36m(AgentLoopWorker pid=275013)[0m Using dataset class: RLHFDataset
[36m(AgentLoopWorker pid=275014)[0m Using dataset class: RLHFDataset
[36m(AgentLoopWorker pid=275017)[0m Using dataset class: RLHFDataset
[36m(AgentLoopWorker pid=275020)[0m Using dataset class: RLHFDataset
[36m(AgentLoopWorker pid=275018)[0m Using dataset class: RLHFDataset
[36m(AgentLoopWorker pid=275016)[0m Using dataset class: RLHFDataset
[36m(GlobalRequestLoadBalancer pid=275015)[0m WARNING 07-28 15:56:24 [api_server.py:1213] LoRA dynamic loading & unloading is enabled in the API server. This should ONLY be used for local development!
[36m(AgentLoopWorker pid=275011)[0m WARNING 07-28 15:56:32 [api_server.py:1213] LoRA dynamic loading & unloading is enabled in the API server. This should ONLY be used for local development!
[36m(AgentLoopWorker pid=275016)[0m WARNING 07-28 15:56:32 [api_server.py:1213] LoRA dynamic loading & unloading is enabled in the API server. This should ONLY be used for local development!
[36m(AgentLoopWorker pid=275012)[0m WARNING 07-28 15:56:32 [api_server.py:1213] LoRA dynamic loading & unloading is enabled in the API server. This should ONLY be used for local development!
[36m(AgentLoopWorker pid=275013)[0m WARNING 07-28 15:56:32 [api_server.py:1213] LoRA dynamic loading & unloading is enabled in the API server. This should ONLY be used for local development!
[36m(AgentLoopWorker pid=275014)[0m WARNING 07-28 15:56:32 [api_server.py:1213] LoRA dynamic loading & unloading is enabled in the API server. This should ONLY be used for local development!
[36m(AgentLoopWorker pid=275018)[0m WARNING 07-28 15:56:32 [api_server.py:1213] LoRA dynamic loading & unloading is enabled in the API server. This should ONLY be used for local development!
[36m(AgentLoopWorker pid=275017)[0m WARNING 07-28 15:56:32 [api_server.py:1213] LoRA dynamic loading & unloading is enabled in the API server. This should ONLY be used for local development!
[36m(AgentLoopWorker pid=275020)[0m WARNING 07-28 15:56:32 [api_server.py:1213] LoRA dynamic loading & unloading is enabled in the API server. This should ONLY be used for local development!
[36m(TaskRunner pid=272629)[0m Training Progress:   0%|          | 1/200 [01:23<4:37:55, 83.80s/it]
[36m(WorkerDict pid=273039)[0m INFO:2026-07-28 15:57:54,010:update_weights done, time cost: 0.54s
[36m(TaskRunner pid=272629)[0m Training Progress:   1%|          | 2/200 [01:54<2:54:11, 52.79s/it]
[36m(WorkerDict pid=273039)[0m INFO:2026-07-28 15:58:24,529:update_weights done, time cost: 0.55s
[36m(TaskRunner pid=272629)[0m step:1 - global_seqlen/min:112868 - global_seqlen/max:112868 - global_seqlen/minmax_diff:0 - global_seqlen/balanced_min:112868 - global_seqlen/balanced_max:112868 - global_seqlen/mean:112868.0 - actor/entropy:0.13855977356433868 - perf/mfu/actor_infer:0.1264045904050287 - actor/pg_clipfrac:0.0006214854811332771 - actor/ppo_kl:4.394526325057768e-06 - actor/pg_clipfrac_lower:0.0 - actor/pg_loss:0.040658837837327155 - actor/kl_loss:0.0001264545076082868 - actor/kl_coef:0.001 - actor/loss:0.04065896011888981 - actor/grad_norm:0.4263389855623245 - actor/perf/max_memory_allocated_gb:57.54399538040161 - actor/perf/max_memory_reserved_gb:62.072265625 - actor/perf/cpu_memory_used_gb:21.494293212890625 - actor/lr:1e-06 - perf/mfu/actor:0.2403554890761349 - training/global_step:1 - training/epoch:0 - critic/score/mean:0.6484375 - critic/score/max:1.0 - critic/score/min:0.0 - critic/rewards/mean:0.6484375 - critic/rewards/max:1.0 - critic/rewards/min:0.0 - critic/advantages/mean:-0.04101650044322014 - critic/advantages/max:2.4748666286468506 - critic/advantages/min:-2.4748666286468506 - critic/returns/mean:-0.04101650044322014 - critic/returns/max:2.4748666286468506 - critic/returns/min:-2.4748666286468506 - response_length/mean:749.21875 - response_length/max:1960.0 - response_length/min:275.0 - response_length/clip_ratio:0.0 - response_length_non_aborted/mean:749.21875 - response_length_non_aborted/max:1960.0 - response_length_non_aborted/min:275.0 - response_length_non_aborted/clip_ratio:0.0 - response/aborted_ratio:0.0 - prompt_length/mean:132.5625 - prompt_length/max:274.0 - prompt_length/min:70.0 - prompt_length/clip_ratio:0.0 - num_turns/min:2 - num_turns/max:2 - num_turns/mean:2.0 - timing_s/start_profile:0.0002111680805683136 - timing_s/agent_loop/num_preempted/min:-1 - timing_s/agent_loop/num_preempted/max:-1 - timing_s/agent_loop/num_preempted/mean:-1.0 - timing_s/agent_loop/generate_sequences/min:15.397724777460098 - timing_s/agent_loop/generate_sequences/max:22.8044221624732 - timing_s/agent_loop/generate_sequences/mean:18.032734137064836 - timing_s/agent_loop/tool_calls/min:0.0 - timing_s/agent_loop/tool_calls/max:0.0 - timing_s/agent_loop/tool_calls/mean:0.0 - timing_s/agent_loop/compute_score/min:0.004620426334440708 - timing_s/agent_loop/compute_score/max:0.026834131218492985 - timing_s/agent_loop/compute_score/mean:0.008048619660257827 - timing_s/agent_loop/slowest/generate_sequences:22.8044221624732 - timing_s/agent_loop/slowest/tool_calls:0.0 - timing_s/agent_loop/slowest/compute_score:0.00849250890314579 - timing_s/agent_loop/slowest/num_preempted:-1 - timing_s/agent_loop/slowest/prompt_length:274 - timing_s/agent_loop/slowest/response_length:1960 - timing_s/gen:42.26761871110648 - timing_s/reward:2.533942461013794e-05 - timing_s/old_log_prob:6.469276262447238 - timing_s/ref:23.412413582205772 - timing_s/adv:0.0038845613598823547 - timing_s/update_actor:10.079592574387789 - timing_s/update_weights:1.3769027758389711 - timing_s/step:83.66853900998831 - timing_s/stop_profile:8.44588503241539e-05 - timing_per_token_ms/update_actor:0.08930425430049074 - timing_per_token_ms/adv:3.4416852959938646e-05 - timing_per_token_ms/ref:0.2074318104529696 - timing_per_token_ms/gen:0.44074680616377976 - perf/total_num_tokens:112868 - perf/time_per_step:83.66853900998831 - perf/throughput:1348.9897318097771
[36m(TaskRunner pid=272629)[0m step:2 - global_seqlen/min:100312 - global_seqlen/max:100312 - global_seqlen/minmax_diff:0 - global_seqlen/balanced_min:100312 - global_seqlen/balanced_max:100312 - global_seqlen/mean:100312.0 - actor/entropy:0.16387544572353363 - perf/mfu/actor_infer:0.3059481974906319 - actor/pg_clipfrac:0.0002400683606538223 - actor/ppo_kl:8.18470815602268e-05 - actor/pg_clipfrac_lower:0.0 - actor/pg_loss:0.028196830535307527 - actor/kl_loss:0.0002602949932679621 - actor/kl_coef:0.001 - actor/loss:0.028197094798088074 - actor/grad_norm:0.4747707098722458 - actor/perf/max_memory_allocated_gb:57.54399538040161 - actor/perf/max_memory_reserved_gb:76.455078125 - actor/perf/cpu_memory_used_gb:21.51237678527832 - actor/lr:1e-06 - perf/mfu/actor:0.23970609083763947 - training/global_step:2 - training/epoch:0 - critic/score/mean:0.4921875 - critic/score/max:1.0 - critic/score/min:0.0 - critic/rewards/mean:0.4921875 - critic/rewards/max:1.0 - critic/rewards/min:0.0 - critic/advantages/mean:-0.02860991284251213 - critic/advantages/max:2.4748666286468506 - critic/advantages/min:-1.6201815605163574 - critic/returns/mean:-0.02860991284251213 - critic/returns/max:2.4748666286468506 - critic/returns/min:-1.6201815605163574 - response_length/mean:634.8125 - response_length/max:2048.0 - response_length/min:208.0 - response_length/clip_ratio:0.0078125 - response_length_non_aborted/mean:634.8125 - response_length_non_aborted/max:2048.0 - response_length_non_aborted/min:208.0 - response_length_non_aborted/clip_ratio:0.0078125 - response/aborted_ratio:0.0 - prompt_length/mean:148.875 - prompt_length/max:437.0 - prompt_length/min:68.0 - prompt_length/clip_ratio:0.0 - num_turns/min:2 - num_turns/max:2 - num_turns/mean:2.0 - timing_s/start_profile:0.00014101900160312653 - timing_s/agent_loop/num_preempted/min:-1 - timing_s/agent_loop/num_preempted/max:-1 - timing_s/agent_loop/num_preempted/mean:-1.0 - timing_s/agent_loop/generate_sequences/min:1.3530299663543701 - timing_s/agent_loop/generate_sequences/max:9.328445073217154 - timing_s/agent_loop/generate_sequences/mean:3.697402672485623 - timing_s/agent_loop/tool_calls/min:0.0 - timing_s/agent_loop/tool_calls/max:0.0 - timing_s/agent_loop/tool_calls/mean:0.0 - timing_s/agent_loop/compute_score/min:0.004124080762267113 - timing_s/agent_loop/compute_score/max:0.01479529682546854 - timing_s/agent_loop/compute_score/mean:0.006369794238707982 - timing_s/agent_loop/slowest/generate_sequences:9.328445073217154 - timing_s/agent_loop/slowest/tool_calls:0.0 - timing_s/agent_loop/slowest/compute_score:0.008857443928718567 - timing_s/agent_loop/slowest/num_preempted:-1 - timing_s/agent_loop/slowest/prompt_length:169 - timing_s/agent_loop/slowest/response_length:2048 - timing_s/gen:9.907319769263268 - timing_s/reward:2.2650696337223053e-05 - timing_s/old_log_prob:2.398354586213827 - timing_s/ref:8.377266115508974 - timing_s/adv:0.0036830343306064606 - timing_s/update_actor:9.014352349564433 - timing_s/update_weights:1.2976689841598272 - timing_s/step:31.050198411569 - timing_s/stop_profile:7.978919893503189e-05 - timing_per_token_ms/update_actor:0.08986315046618983 - timing_per_token_ms/adv:3.671579004113626e-05 - timing_per_token_ms/ref:0.08351210339250512 - timing_per_token_ms/gen:0.12192723945632651 - perf/total_num_tokens:100312 - perf/time_per_step:31.050198411569 - perf/throughput:3230.639581440637
[36m(TaskRunner pid=272629)[0m Training Progress:   2%|▏         | 3/200 [02:25<2:19:57, 42.63s/it]
[36m(WorkerDict pid=273039)[0m INFO:2026-07-28 15:58:54,255:update_weights done, time cost: 0.56s
[36m(TaskRunner pid=272629)[0m Training Progress:   2%|▏         | 4/200 [02:55<2:02:36, 37.53s/it]
[36m(WorkerDict pid=273039)[0m INFO:2026-07-28 15:59:23,934:update_weights done, time cost: 0.54s
[36m(TaskRunner pid=272629)[0m step:3 - global_seqlen/min:99897 - global_seqlen/max:99897 - global_seqlen/minmax_diff:0 - global_seqlen/balanced_min:99897 - global_seqlen/balanced_max:99897 - global_seqlen/mean:99897.0 - actor/entropy:0.13577672839164734 - perf/mfu/actor_infer:0.30656679818446947 - actor/pg_clipfrac:0.00019512676681188168 - actor/ppo_kl:5.477436096157362e-05 - actor/pg_clipfrac_lower:0.0 - actor/pg_loss:0.01629711885470897 - actor/kl_loss:0.00024043943403739831 - actor/kl_coef:0.001 - actor/loss:0.0162973515689373 - actor/grad_norm:0.37127579748630524 - actor/perf/max_memory_allocated_gb:57.54399538040161 - actor/perf/max_memory_reserved_gb:76.45703125 - actor/perf/cpu_memory_used_gb:21.56500816345215 - actor/lr:1e-06 - perf/mfu/actor:0.2405146910214344 - training/global_step:3 - training/epoch:0 - critic/score/mean:0.7265625 - critic/score/max:1.0 - critic/score/min:0.0 - critic/rewards/mean:0.7265625 - critic/rewards/max:1.0 - critic/rewards/min:0.0 - critic/advantages/mean:-0.016683481633663177 - critic/advantages/max:2.4748666286468506 - critic/advantages/min:-2.4748666286468506 - critic/returns/mean:-0.016683481633663177 - critic/returns/max:2.4748666286468506 - critic/returns/min:-2.4748666286468506 - response_length/mean:655.8828125 - response_length/max:1937.0 - response_length/min:261.0 - response_length/clip_ratio:0.0 - response_length_non_aborted/mean:655.8828125 - response_length_non_aborted/max:1937.0 - response_length_non_aborted/min:261.0 - response_length_non_aborted/clip_ratio:0.0 - response/aborted_ratio:0.0 - prompt_length/mean:124.5625 - prompt_length/max:399.0 - prompt_length/min:66.0 - prompt_length/clip_ratio:0.0 - num_turns/min:2 - num_turns/max:2 - num_turns/mean:2.0 - timing_s/start_profile:8.34297388792038e-05 - timing_s/agent_loop/num_preempted/min:-1 - timing_s/agent_loop/num_preempted/max:-1 - timing_s/agent_loop/num_preempted/mean:-1.0 - timing_s/agent_loop/generate_sequences/min:1.6780430860817432 - timing_s/agent_loop/generate_sequences/max:8.84120200946927 - timing_s/agent_loop/generate_sequences/mean:3.720713778420759 - timing_s/agent_loop/tool_calls/min:0.0 - timing_s/agent_loop/tool_calls/max:0.0 - timing_s/agent_loop/tool_calls/mean:0.0 - timing_s/agent_loop/compute_score/min:0.004641985520720482 - timing_s/agent_loop/compute_score/max:0.011402078904211521 - timing_s/agent_loop/compute_score/mean:0.0063079763276618905 - timing_s/agent_loop/slowest/generate_sequences:8.84120200946927 - timing_s/agent_loop/slowest/tool_calls:0.0 - timing_s/agent_loop/slowest/compute_score:0.007432048209011555 - timing_s/agent_loop/slowest/num_preempted:-1 - timing_s/agent_loop/slowest/prompt_length:102 - timing_s/agent_loop/slowest/response_length:1937 - timing_s/gen:9.420770480297506 - timing_s/reward:2.5979243218898773e-05 - timing_s/old_log_prob:2.392336344346404 - timing_s/ref:8.386419947259128 - timing_s/adv:0.003785104490816593 - timing_s/update_actor:8.943031995557249 - timing_s/update_weights:1.326418187469244 - timing_s/step:30.5288392547518 - timing_s/stop_profile:8.748006075620651e-05 - timing_per_token_ms/update_actor:0.08952252815957686 - timing_per_token_ms/adv:3.789007168199839e-05 - timing_per_token_ms/ref:0.08395066866131243 - timing_per_token_ms/gen:0.1122148163889022 - perf/total_num_tokens:99897 - perf/time_per_step:30.5288392547518 - perf/throughput:3272.2174323889853
[36m(TaskRunner pid=272629)[0m step:4 - global_seqlen/min:89682 - global_seqlen/max:89682 - global_seqlen/minmax_diff:0 - global_seqlen/balanced_min:89682 - global_seqlen/balanced_max:89682 - global_seqlen/mean:89682.0 - actor/entropy:0.15866968035697937 - perf/mfu/actor_infer:0.3003664043840084 - actor/pg_clipfrac:0.00011456302854639944 - actor/ppo_kl:0.00011652553621388506 - actor/pg_clipfrac_lower:0.0 - actor/pg_loss:0.01580569229554385 - actor/kl_loss:0.0003415210692310211 - actor/kl_coef:0.001 - actor/loss:0.015806039795279503 - actor/grad_norm:0.39377419650554657 - actor/perf/max_memory_allocated_gb:57.54399538040161 - actor/perf/max_memory_reserved_gb:76.45703125 - actor/perf/cpu_memory_used_gb:21.58371925354004 - actor/lr:1e-06 - perf/mfu/actor:0.23469240163488708 - training/global_step:4 - training/epoch:0 - critic/score/mean:0.71875 - critic/score/max:1.0 - critic/score/min:0.0 - critic/rewards/mean:0.71875 - critic/rewards/max:1.0 - critic/rewards/min:0.0 - critic/advantages/mean:-0.016301771625876427 - critic/advantages/max:1.6201815605163574 - critic/advantages/min:-2.4748666286468506 - critic/returns/mean:-0.016301771625876427 - critic/returns/max:1.6201815605163574 - critic/returns/min:-2.4748666286468506 - response_length/mean:590.703125 - response_length/max:2048.0 - response_length/min:249.0 - response_length/clip_ratio:0.0078125 - response_length_non_aborted/mean:590.703125 - response_length_non_aborted/max:2048.0 - response_length_non_aborted/min:249.0 - response_length_non_aborted/clip_ratio:0.0078125 - response/aborted_ratio:0.0 - prompt_length/mean:109.9375 - prompt_length/max:185.0 - prompt_length/min:58.0 - prompt_length/clip_ratio:0.0 - num_turns/min:2 - num_turns/max:2 - num_turns/mean:2.0 - timing_s/start_profile:8.186046034097672e-05 - timing_s/agent_loop/num_preempted/min:-1 - timing_s/agent_loop/num_preempted/max:-1 - timing_s/agent_loop/num_preempted/mean:-1.0 - timing_s/agent_loop/generate_sequences/min:1.6057027075439692 - timing_s/agent_loop/generate_sequences/max:9.01653007324785 - timing_s/agent_loop/generate_sequences/mean:3.4019706519829924 - timing_s/agent_loop/tool_calls/min:0.0 - timing_s/agent_loop/tool_calls/max:0.0 - timing_s/agent_loop/tool_calls/mean:0.0 - timing_s/agent_loop/compute_score/min:0.004630695097148418 - timing_s/agent_loop/compute_score/max:0.009106880985200405 - timing_s/agent_loop/compute_score/mean:0.005951737977738958 - timing_s/agent_loop/slowest/generate_sequences:9.01653007324785 - timing_s/agent_loop/slowest/tool_calls:0.0 - timing_s/agent_loop/slowest/compute_score:0.009091390296816826 - timing_s/agent_loop/slowest/num_preempted:-1 - timing_s/agent_loop/slowest/prompt_length:165 - timing_s/agent_loop/slowest/response_length:2048 - timing_s/gen:9.589599650353193 - timing_s/reward:1.5630386769771576e-05 - timing_s/old_log_prob:2.1946906121447682 - timing_s/ref:8.333754963241518 - timing_s/adv:0.003715774044394493 - timing_s/update_actor:8.220442497171462 - timing_s/update_weights:1.3281917348504066 - timing_s/step:29.720073719508946 - timing_s/stop_profile:8.285976946353912e-05 - timing_per_token_ms/update_actor:0.09166212280247386 - timing_per_token_ms/adv:4.1432774072773726e-05 - timing_per_token_ms/ref:0.09292561454072744 - timing_per_token_ms/gen:0.12682977979570417 - perf/total_num_tokens:89682 - perf/time_per_step:29.720073719508946 - perf/throughput:3017.55644506126
[36m(TaskRunner pid=272629)[0m Training Progress:   2%|▎         | 5/200 [03:24<1:52:45, 34.70s/it]
[36m(WorkerDict pid=273039)[0m INFO:2026-07-28 15:59:54,965:update_weights done, time cost: 0.52s
[36m(TaskRunner pid=272629)[0m Training Progress:   3%|▎         | 6/200 [03:55<1:48:09, 33.45s/it]
[36m(WorkerDict pid=273039)[0m INFO:2026-07-28 16:00:23,099:update_weights done, time cost: 0.55s
[36m(TaskRunner pid=272629)[0m step:5 - global_seqlen/min:97498 - global_seqlen/max:97498 - global_seqlen/minmax_diff:0 - global_seqlen/balanced_min:97498 - global_seqlen/balanced_max:97498 - global_seqlen/mean:97498.0 - actor/entropy:0.16626983880996704 - perf/mfu/actor_infer:0.3090293268859536 - actor/pg_clipfrac:0.00020075413794984343 - actor/ppo_kl:9.759803594988625e-05 - actor/pg_clipfrac_lower:0.0 - actor/pg_loss:0.006422379194191308 - actor/kl_loss:0.00031867132156548905 - actor/kl_coef:0.001 - actor/loss:0.006422700360417366 - actor/grad_norm:0.4123476445674896 - actor/perf/max_memory_allocated_gb:57.54399538040161 - actor/perf/max_memory_reserved_gb:76.45703125 - actor/perf/cpu_memory_used_gb:21.745967864990234 - actor/lr:1e-06 - perf/mfu/actor:0.24343478337354052 - training/global_step:5 - training/epoch:0 - critic/score/mean:0.4609375 - critic/score/max:1.0 - critic/score/min:0.0 - critic/rewards/mean:0.4609375 - critic/rewards/max:1.0 - critic/rewards/min:0.0 - critic/advantages/mean:-0.006654760334640741 - critic/advantages/max:2.4748666286468506 - critic/advantages/min:-2.4748666286468506 - critic/returns/mean:-0.006654760334640741 - critic/returns/max:2.4748666286468506 - critic/returns/min:-2.4748666286468506 - response_length/mean:664.953125 - response_length/max:1714.0 - response_length/min:305.0 - response_length/clip_ratio:0.0 - response_length_non_aborted/mean:664.953125 - response_length_non_aborted/max:1714.0 - response_length_non_aborted/min:305.0 - response_length_non_aborted/clip_ratio:0.0 - response/aborted_ratio:0.0 - prompt_length/mean:96.75 - prompt_length/max:158.0 - prompt_length/min:58.0 - prompt_length/clip_ratio:0.0 - num_turns/min:2 - num_turns/max:2 - num_turns/mean:2.0 - timing_s/start_profile:8.051842451095581e-05 - timing_s/agent_loop/num_preempted/min:-1 - timing_s/agent_loop/num_preempted/max:-1 - timing_s/agent_loop/num_preempted/mean:-1.0 - timing_s/agent_loop/generate_sequences/min:1.9298862181603909 - timing_s/agent_loop/generate_sequences/max:8.078837112523615 - timing_s/agent_loop/generate_sequences/mean:3.880863856516953 - timing_s/agent_loop/tool_calls/min:0.0 - timing_s/agent_loop/tool_calls/max:0.0 - timing_s/agent_loop/tool_calls/mean:0.0 - timing_s/agent_loop/compute_score/min:0.00444839708507061 - timing_s/agent_loop/compute_score/max:0.013175792060792446 - timing_s/agent_loop/compute_score/mean:0.006018958469212521 - timing_s/agent_loop/slowest/generate_sequences:8.078837112523615 - timing_s/agent_loop/slowest/tool_calls:0.0 - timing_s/agent_loop/slowest/compute_score:0.00840555876493454 - timing_s/agent_loop/slowest/num_preempted:-1 - timing_s/agent_loop/slowest/prompt_length:93 - timing_s/agent_loop/slowest/response_length:1714 - timing_s/gen:8.685182198882103 - timing_s/reward:1.766066998243332e-05 - timing_s/old_log_prob:2.679656962864101 - timing_s/ref:8.335900348611176 - timing_s/adv:0.0037059634923934937 - timing_s/update_actor:8.611135864630342 - timing_s/update_weights:1.2958038160577416 - timing_s/step:29.660374280065298 - timing_s/stop_profile:7.812958210706711e-05 - timing_per_token_ms/update_actor:0.08832115391731463 - timing_per_token_ms/adv:3.80106616791472e-05 - timing_per_token_ms/ref:0.08549816764047648 - timing_per_token_ms/gen:0.10204175809951481 - perf/total_num_tokens:97498 - perf/time_per_step:29.660374280065298 - perf/throughput:3287.146651602717
[36m(TaskRunner pid=272629)[0m step:6 - global_seqlen/min:110049 - global_seqlen/max:110049 - global_seqlen/minmax_diff:0 - global_seqlen/balanced_min:110049 - global_seqlen/balanced_max:110049 - global_seqlen/mean:110049.0 - actor/entropy:0.15660303831100464 - perf/mfu/actor_infer:0.31688858324163666 - actor/pg_clipfrac:0.0002721543191910314 - actor/ppo_kl:-9.72038777860007e-05 - actor/pg_clipfrac_lower:0.0 - actor/pg_loss:-0.0021716288247262128 - actor/kl_loss:0.0003539548529261083 - actor/kl_coef:0.001 - actor/loss:-0.002171275205910206 - actor/grad_norm:0.33605746924877167 - actor/perf/max_memory_allocated_gb:57.54399538040161 - actor/perf/max_memory_reserved_gb:76.45703125 - actor/perf/cpu_memory_used_gb:21.770200729370117 - actor/lr:1e-06 - perf/mfu/actor:0.24969042779973985 - training/global_step:6 - training/epoch:0 - critic/score/mean:0.421875 - critic/score/max:1.0 - critic/score/min:0.0 - critic/rewards/mean:0.421875 - critic/rewards/max:1.0 - critic/rewards/min:0.0 - critic/advantages/mean:0.002391333691775799 - critic/advantages/max:1.6201815605163574 - critic/advantages/min:-1.20761239528656 - critic/returns/mean:0.002391333691775799 - critic/returns/max:1.6201815605163574 - critic/returns/min:-1.20761239528656 - response_length/mean:755.7578125 - response_length/max:1783.0 - response_length/min:225.0 - response_length/clip_ratio:0.0 - response_length_non_aborted/mean:755.7578125 - response_length_non_aborted/max:1783.0 - response_length_non_aborted/min:225.0 - response_length_non_aborted/clip_ratio:0.0 - response/aborted_ratio:0.0 - prompt_length/mean:104.0 - prompt_length/max:172.0 - prompt_length/min:61.0 - prompt_length/clip_ratio:0.0 - num_turns/min:2 - num_turns/max:2 - num_turns/mean:2.0 - timing_s/start_profile:7.667951285839081e-05 - timing_s/agent_loop/num_preempted/min:-1 - timing_s/agent_loop/num_preempted/max:-1 - timing_s/agent_loop/num_preempted/mean:-1.0 - timing_s/agent_loop/generate_sequences/min:1.421981018036604 - timing_s/agent_loop/generate_sequences/max:8.622741971164942 - timing_s/agent_loop/generate_sequences/mean:4.294277781467827 - timing_s/agent_loop/tool_calls/min:0.0 - timing_s/agent_loop/tool_calls/max:0.0 - timing_s/agent_loop/tool_calls/mean:0.0 - timing_s/agent_loop/compute_score/min:0.004739733412861824 - timing_s/agent_loop/compute_score/max:0.014870025217533112 - timing_s/agent_loop/compute_score/mean:0.006202253498486243 - timing_s/agent_loop/slowest/generate_sequences:8.622741971164942 - timing_s/agent_loop/slowest/tool_calls:0.0 - timing_s/agent_loop/slowest/compute_score:0.00745970755815506 - timing_s/agent_loop/slowest/num_preempted:-1 - timing_s/agent_loop/slowest/prompt_length:142 - timing_s/agent_loop/slowest/response_length:1783 - timing_s/gen:9.244515411555767 - timing_s/reward:1.7330050468444824e-05 - timing_s/old_log_prob:2.5470276549458504 - timing_s/ref:8.417160395532846 - timing_s/adv:0.0037089036777615547 - timing_s/update_actor:9.486583816818893 - timing_s/update_weights:1.2709711026400328 - timing_s/step:31.020732393488288 - timing_s/stop_profile:7.978919893503189e-05 - timing_per_token_ms/update_actor:0.08620327142290156 - timing_per_token_ms/adv:3.370229332171628e-05 - timing_per_token_ms/ref:0.07648556911496557 - timing_per_token_ms/gen:0.09556338744798544 - perf/total_num_tokens:110049 - perf/time_per_step:31.020732393488288 - perf/throughput:3547.595156815218
[36m(TaskRunner pid=272629)[0m Training Progress:   4%|▎         | 7/200 [04:23<1:42:01, 31.72s/it]
[36m(WorkerDict pid=273039)[0m INFO:2026-07-28 16:00:51,887:update_weights done, time cost: 0.53s
[36m(TaskRunner pid=272629)[0m Training Progress:   4%|▍         | 8/200 [04:52<1:38:30, 30.78s/it]
[36m(WorkerDict pid=273039)[0m INFO:2026-07-28 16:01:19,478:update_weights done, time cost: 0.60s
[36m(TaskRunner pid=272629)[0m step:7 - global_seqlen/min:84834 - global_seqlen/max:84834 - global_seqlen/minmax_diff:0 - global_seqlen/balanced_min:84834 - global_seqlen/balanced_max:84834 - global_seqlen/mean:84834.0 - actor/entropy:0.19417501986026764 - perf/mfu/actor_infer:0.29557994589959685 - actor/pg_clipfrac:0.00023881928609625902 - actor/ppo_kl:3.529040697003438e-05 - actor/pg_clipfrac_lower:0.0 - actor/pg_loss:0.02599115156044718 - actor/kl_loss:0.0007133191511456971 - actor/kl_coef:0.001 - actor/loss:0.025991863571107388 - actor/grad_norm:0.5174164772033691 - actor/perf/max_memory_allocated_gb:57.54399538040161 - actor/perf/max_memory_reserved_gb:76.45703125 - actor/perf/cpu_memory_used_gb:21.83735466003418 - actor/lr:1e-06 - perf/mfu/actor:0.2306585974277381 - training/global_step:7 - training/epoch:0 - critic/score/mean:0.734375 - critic/score/max:1.0 - critic/score/min:0.0 - critic/rewards/mean:0.734375 - critic/rewards/max:1.0 - critic/rewards/min:0.0 - critic/advantages/mean:-0.02638768032193184 - critic/advantages/max:2.4748666286468506 - critic/advantages/min:-2.4748666286468506 - critic/returns/mean:-0.02638768032193184 - critic/returns/max:2.4748666286468506 - critic/returns/min:-2.4748666286468506 - response_length/mean:521.578125 - response_length/max:1735.0 - response_length/min:180.0 - response_length/clip_ratio:0.0 - response_length_non_aborted/mean:521.578125 - response_length_non_aborted/max:1735.0 - response_length_non_aborted/min:180.0 - response_length_non_aborted/clip_ratio:0.0 - response/aborted_ratio:0.0 - prompt_length/mean:141.1875 - prompt_length/max:318.0 - prompt_length/min:71.0 - prompt_length/clip_ratio:0.0 - num_turns/min:2 - num_turns/max:2 - num_turns/mean:2.0 - timing_s/start_profile:7.206946611404419e-05 - timing_s/agent_loop/num_preempted/min:-1 - timing_s/agent_loop/num_preempted/max:-1 - timing_s/agent_loop/num_preempted/mean:-1.0 - timing_s/agent_loop/generate_sequences/min:1.15736513864249 - timing_s/agent_loop/generate_sequences/max:7.791443414986134 - timing_s/agent_loop/generate_sequences/mean:2.9752506683653337 - timing_s/agent_loop/tool_calls/min:0.0 - timing_s/agent_loop/tool_calls/max:0.0 - timing_s/agent_loop/tool_calls/mean:0.0 - timing_s/agent_loop/compute_score/min:0.0037685930728912354 - timing_s/agent_loop/compute_score/max:0.014088713563978672 - timing_s/agent_loop/compute_score/mean:0.0059193640408921055 - timing_s/agent_loop/slowest/generate_sequences:7.791443414986134 - timing_s/agent_loop/slowest/tool_calls:0.0 - timing_s/agent_loop/slowest/compute_score:0.008024792186915874 - timing_s/agent_loop/slowest/num_preempted:-1 - timing_s/agent_loop/slowest/prompt_length:130 - timing_s/agent_loop/slowest/response_length:1735 - timing_s/gen:8.456504557281733 - timing_s/reward:1.7549842596054077e-05 - timing_s/old_log_prob:2.108337982557714 - timing_s/ref:8.293203086592257 - timing_s/adv:0.0036325454711914062 - timing_s/update_actor:7.903266015462577 - timing_s/update_weights:1.3248502854257822 - timing_s/step:28.14111649338156 - timing_s/stop_profile:8.606910705566406e-05 - timing_per_token_ms/update_actor:0.09316153918785601 - timing_per_token_ms/adv:4.281945294565158e-05 - timing_per_token_ms/ref:0.0977580107809635 - timing_per_token_ms/gen:0.12666643535666597 - perf/total_num_tokens:84834 - perf/time_per_step:28.14111649338156 - perf/throughput:3014.592545393567
[36m(TaskRunner pid=272629)[0m step:8 - global_seqlen/min:96996 - global_seqlen/max:96996 - global_seqlen/minmax_diff:0 - global_seqlen/balanced_min:96996 - global_seqlen/balanced_max:96996 - global_seqlen/mean:96996.0 - actor/entropy:0.16812820732593536 - perf/mfu/actor_infer:0.30743269458966893 - actor/pg_clipfrac:0.00037208006187938736 - actor/ppo_kl:-1.256600523902307e-05 - actor/pg_clipfrac_lower:0.0 - actor/pg_loss:0.00736632819098304 - actor/kl_loss:0.0005272058401715185 - actor/kl_coef:0.001 - actor/loss:0.007366856560111046 - actor/grad_norm:0.3601037263870239 - actor/perf/max_memory_allocated_gb:57.54399538040161 - actor/perf/max_memory_reserved_gb:76.45703125 - actor/perf/cpu_memory_used_gb:21.877456665039062 - actor/lr:1e-06 - perf/mfu/actor:0.24130288642613748 - training/global_step:8 - training/epoch:0 - critic/score/mean:0.4765625 - critic/score/max:1.0 - critic/score/min:0.0 - critic/rewards/mean:0.4765625 - critic/rewards/max:1.0 - critic/rewards/min:0.0 - critic/advantages/mean:-0.007196140941232443 - critic/advantages/max:2.4748666286468506 - critic/advantages/min:-2.4748666286468506 - critic/returns/mean:-0.007196140941232443 - critic/returns/max:2.4748666286468506 - critic/returns/min:-2.4748666286468506 - response_length/mean:645.09375 - response_length/max:1581.0 - response_length/min:208.0 - response_length/clip_ratio:0.0 - response_length_non_aborted/mean:645.09375 - response_length_non_aborted/max:1581.0 - response_length_non_aborted/min:208.0 - response_length_non_aborted/clip_ratio:0.0 - response/aborted_ratio:0.0 - prompt_length/mean:112.6875 - prompt_length/max:207.0 - prompt_length/min:57.0 - prompt_length/clip_ratio:0.0 - num_turns/min:2 - num_turns/max:2 - num_turns/mean:2.0 - timing_s/start_profile:7.337890565395355e-05 - timing_s/agent_loop/num_preempted/min:-1 - timing_s/agent_loop/num_preempted/max:-1 - timing_s/agent_loop/num_preempted/mean:-1.0 - timing_s/agent_loop/generate_sequences/min:1.3558704936876893 - timing_s/agent_loop/generate_sequences/max:7.53378573525697 - timing_s/agent_loop/generate_sequences/mean:3.681077691842802 - timing_s/agent_loop/tool_calls/min:0.0 - timing_s/agent_loop/tool_calls/max:0.0 - timing_s/agent_loop/tool_calls/mean:0.0 - timing_s/agent_loop/compute_score/min:0.00305895134806633 - timing_s/agent_loop/compute_score/max:0.01345226913690567 - timing_s/agent_loop/compute_score/mean:0.006128198067017365 - timing_s/agent_loop/slowest/generate_sequences:7.53378573525697 - timing_s/agent_loop/slowest/tool_calls:0.0 - timing_s/agent_loop/slowest/compute_score:0.007462027482688427 - timing_s/agent_loop/slowest/num_preempted:-1 - timing_s/agent_loop/slowest/prompt_length:83 - timing_s/agent_loop/slowest/response_length:1581 - timing_s/gen:8.148279264569283 - timing_s/reward:1.780036836862564e-05 - timing_s/old_log_prob:2.304482389241457 - timing_s/ref:8.3456838009879 - timing_s/adv:0.003687984310090542 - timing_s/update_actor:8.630755708552897 - timing_s/update_weights:1.3031573556363583 - timing_s/step:28.785724656656384 - timing_s/stop_profile:8.225906640291214e-05 - timing_per_token_ms/update_actor:0.08898053227507213 - timing_per_token_ms/adv:3.8022024723602434e-05 - timing_per_token_ms/ref:0.08604152543391376 - timing_per_token_ms/gen:0.09868089987609943 - perf/total_num_tokens:96996 - perf/time_per_step:28.785724656656384 - perf/throughput:3369.586875332344
[36m(TaskRunner pid=272629)[0m Training Progress:   4%|▍         | 9/200 [05:20<1:34:49, 29.79s/it]
[36m(WorkerDict pid=273039)[0m INFO:2026-07-28 16:01:49,200:update_weights done, time cost: 0.54s
[36m(TaskRunner pid=272629)[0m Training Progress:   5%|▌         | 10/200 [05:50<1:34:15, 29.77s/it]
[36m(WorkerDict pid=273039)[0m INFO:2026-07-28 16:02:21,046:update_weights done, time cost: 0.51s
[36m(TaskRunner pid=272629)[0m step:9 - global_seqlen/min:91184 - global_seqlen/max:91184 - global_seqlen/minmax_diff:0 - global_seqlen/balanced_min:91184 - global_seqlen/balanced_max:91184 - global_seqlen/mean:91184.0 - actor/entropy:0.17666034400463104 - perf/mfu/actor_infer:0.30283546075412404 - actor/pg_clipfrac:0.0002564478613749088 - actor/ppo_kl:-7.250790213220171e-05 - actor/pg_clipfrac_lower:0.0 - actor/pg_loss:0.020759951572472346 - actor/kl_loss:0.0007747215040581068 - actor/kl_coef:0.001 - actor/loss:0.020760729908943176 - actor/grad_norm:0.42495185136795044 - actor/perf/max_memory_allocated_gb:57.54399538040161 - actor/perf/max_memory_reserved_gb:76.45703125 - actor/perf/cpu_memory_used_gb:21.903789520263672 - actor/lr:1e-06 - perf/mfu/actor:0.2363298534822343 - training/global_step:9 - training/epoch:0 - critic/score/mean:0.65625 - critic/score/max:1.0 - critic/score/min:0.0 - critic/rewards/mean:0.65625 - critic/rewards/max:1.0 - critic/rewards/min:0.0 - critic/advantages/mean:-0.02078811638057232 - critic/advantages/max:2.4748666286468506 - critic/advantages/min:-1.6201815605163574 - critic/returns/mean:-0.02078811638057232 - critic/returns/max:2.4748666286468506 - critic/returns/min:-1.6201815605163574 - response_length/mean:587.4375 - response_length/max:1411.0 - response_length/min:216.0 - response_length/clip_ratio:0.0 - response_length_non_aborted/mean:587.4375 - response_length_non_aborted/max:1411.0 - response_length_non_aborted/min:216.0 - response_length_non_aborted/clip_ratio:0.0 - response/aborted_ratio:0.0 - prompt_length/mean:124.9375 - prompt_length/max:540.0 - prompt_length/min:58.0 - prompt_length/clip_ratio:0.0 - num_turns/min:2 - num_turns/max:2 - num_turns/mean:2.0 - timing_s/start_profile:7.967930287122726e-05 - timing_s/agent_loop/num_preempted/min:-1 - timing_s/agent_loop/num_preempted/max:-1 - timing_s/agent_loop/num_preempted/mean:-1.0 - timing_s/agent_loop/generate_sequences/min:1.388675601221621 - timing_s/agent_loop/generate_sequences/max:6.737415238283575 - timing_s/agent_loop/generate_sequences/mean:3.411476872090134 - timing_s/agent_loop/tool_calls/min:0.0 - timing_s/agent_loop/tool_calls/max:0.0 - timing_s/agent_loop/tool_calls/mean:0.0 - timing_s/agent_loop/compute_score/min:0.0037071825936436653 - timing_s/agent_loop/compute_score/max:0.012960193678736687 - timing_s/agent_loop/compute_score/mean:0.005929161874519195 - timing_s/agent_loop/slowest/generate_sequences:6.737415238283575 - timing_s/agent_loop/slowest/tool_calls:0.0 - timing_s/agent_loop/slowest/compute_score:0.006822023540735245 - timing_s/agent_loop/slowest/num_preempted:-1 - timing_s/agent_loop/slowest/prompt_length:151 - timing_s/agent_loop/slowest/response_length:1411 - timing_s/gen:7.336931177414954 - timing_s/reward:1.7919577658176422e-05 - timing_s/old_log_prob:2.2022287473082542 - timing_s/ref:8.326300049200654 - timing_s/adv:0.003665754571557045 - timing_s/update_actor:8.29090919252485 - timing_s/update_weights:1.3760406943038106 - timing_s/step:27.58657464198768 - timing_s/stop_profile:8.364953100681305e-05 - timing_per_token_ms/update_actor:0.09092504378536641 - timing_per_token_ms/adv:4.020173025483687e-05 - timing_per_token_ms/ref:0.09131316951658904 - timing_per_token_ms/gen:0.09757595458845295 - perf/total_num_tokens:91184 - perf/time_per_step:27.58657464198768 - perf/throughput:3305.3759367868356
[36m(TaskRunner pid=272629)[0m step:10 - global_seqlen/min:89518 - global_seqlen/max:89518 - global_seqlen/minmax_diff:0 - global_seqlen/balanced_min:89518 - global_seqlen/balanced_max:89518 - global_seqlen/mean:89518.0 - actor/entropy:0.12475376576185226 - perf/mfu/actor_infer:0.2994776176142932 - actor/pg_clipfrac:0.00036975817783968523 - actor/ppo_kl:-0.00012131741880239133 - actor/pg_clipfrac_lower:0.0 - actor/pg_loss:0.010874442843487486 - actor/kl_loss:0.0007398999086944968 - actor/kl_coef:0.001 - actor/loss:0.010875179897993803 - actor/grad_norm:0.4039750248193741 - actor/perf/max_memory_allocated_gb:57.54399538040161 - actor/perf/max_memory_reserved_gb:76.45703125 - actor/perf/cpu_memory_used_gb:21.922393798828125 - actor/lr:1e-06 - perf/mfu/actor:0.23348644608831692 - training/global_step:10 - training/epoch:0 - critic/score/mean:0.609375 - critic/score/max:1.0 - critic/score/min:0.0 - critic/rewards/mean:0.609375 - critic/rewards/max:1.0 - critic/rewards/min:0.0 - critic/advantages/mean:-0.010876677930355072 - critic/advantages/max:2.4748666286468506 - critic/advantages/min:-2.4748666286468506 - critic/returns/mean:-0.010876677930355072 - critic/returns/max:2.4748666286468506 - critic/returns/min:-2.4748666286468506 - response_length/mean:607.296875 - response_length/max:2048.0 - response_length/min:163.0 - response_length/clip_ratio:0.0234375 - response_length_non_aborted/mean:607.296875 - response_length_non_aborted/max:2048.0 - response_length_non_aborted/min:163.0 - response_length_non_aborted/clip_ratio:0.0234375 - response/aborted_ratio:0.0 - prompt_length/mean:92.0625 - prompt_length/max:154.0 - prompt_length/min:57.0 - prompt_length/clip_ratio:0.0 - num_turns/min:2 - num_turns/max:2 - num_turns/mean:2.0 - timing_s/start_profile:0.00014401879161596298 - timing_s/agent_loop/num_preempted/min:-1 - timing_s/agent_loop/num_preempted/max:-1 - timing_s/agent_loop/num_preempted/mean:-1.0 - timing_s/agent_loop/generate_sequences/min:1.000049245543778 - timing_s/agent_loop/generate_sequences/max:8.958768687210977 - timing_s/agent_loop/generate_sequences/mean:3.3626841506847995 - timing_s/agent_loop/tool_calls/min:0.0 - timing_s/agent_loop/tool_calls/max:0.0 - timing_s/agent_loop/tool_calls/mean:0.0 - timing_s/agent_loop/compute_score/min:0.0034331977367401123 - timing_s/agent_loop/compute_score/max:0.014864414930343628 - timing_s/agent_loop/compute_score/mean:0.006143902814073954 - timing_s/agent_loop/slowest/generate_sequences:8.958768687210977 - timing_s/agent_loop/slowest/tool_calls:0.0 - timing_s/agent_loop/slowest/compute_score:0.0054887766018509865 - timing_s/agent_loop/slowest/num_preempted:-1 - timing_s/agent_loop/slowest/prompt_length:64 - timing_s/agent_loop/slowest/response_length:2048 - timing_s/gen:9.596667156554759 - timing_s/reward:1.6420148313045502e-05 - timing_s/old_log_prob:2.194156438112259 - timing_s/ref:8.309014484286308 - timing_s/adv:0.0036265142261981964 - timing_s/update_actor:8.24391976185143 - timing_s/update_weights:1.3118498092517257 - timing_s/step:29.708076988346875 - timing_s/stop_profile:8.004903793334961e-05 - timing_per_token_ms/update_actor:0.092092313968715 - timing_per_token_ms/adv:4.051156444735356e-05 - timing_per_token_ms/ref:0.09281948305688587 - timing_per_token_ms/gen:0.12345520823005067 - perf/total_num_tokens:89518 - perf/time_per_step:29.708076988346875 - perf/throughput:3013.254612040821
[36m(TaskRunner pid=272629)[0m Training Progress:   6%|▌         | 11/200 [06:21<1:35:43, 30.39s/it]
[36m(WorkerDict pid=273039)[0m INFO:2026-07-28 16:02:51,657:update_weights done, time cost: 0.50s
[36m(TaskRunner pid=272629)[0m Training Progress:   6%|▌         | 12/200 [06:52<1:35:25, 30.46s/it]
[36m(WorkerDict pid=273039)[0m INFO:2026-07-28 16:03:22,497:update_weights done, time cost: 0.52s
[36m(TaskRunner pid=272629)[0m step:11 - global_seqlen/min:106489 - global_seqlen/max:106489 - global_seqlen/minmax_diff:0 - global_seqlen/balanced_min:106489 - global_seqlen/balanced_max:106489 - global_seqlen/mean:106489.0 - actor/entropy:0.16102370619773865 - perf/mfu/actor_infer:0.3162702059035992 - actor/pg_clipfrac:0.00020890365658488008 - actor/ppo_kl:8.18778803690634e-05 - actor/pg_clipfrac_lower:0.0 - actor/pg_loss:0.04486572416499257 - actor/kl_loss:0.0008093440419543185 - actor/kl_coef:0.001 - actor/loss:0.04486653581261635 - actor/grad_norm:0.30335673689842224 - actor/perf/max_memory_allocated_gb:57.54399538040161 - actor/perf/max_memory_reserved_gb:76.45703125 - actor/perf/cpu_memory_used_gb:21.854860305786133 - actor/lr:1e-06 - perf/mfu/actor:0.2470218912078712 - training/global_step:11 - training/epoch:0 - critic/score/mean:0.640625 - critic/score/max:1.0 - critic/score/min:0.0 - critic/rewards/mean:0.640625 - critic/rewards/max:1.0 - critic/rewards/min:0.0 - critic/advantages/mean:-0.044729311019182205 - critic/advantages/max:1.6201815605163574 - critic/advantages/min:-2.4748666286468506 - critic/returns/mean:-0.044729311019182205 - critic/returns/max:1.6201815605163574 - critic/returns/min:-2.4748666286468506 - response_length/mean:702.9453125 - response_length/max:2048.0 - response_length/min:211.0 - response_length/clip_ratio:0.015625 - response_length_non_aborted/mean:702.9453125 - response_length_non_aborted/max:2048.0 - response_length_non_aborted/min:211.0 - response_length_non_aborted/clip_ratio:0.015625 - response/aborted_ratio:0.0 - prompt_length/mean:129.0 - prompt_length/max:288.0 - prompt_length/min:73.0 - prompt_length/clip_ratio:0.0 - num_turns/min:2 - num_turns/max:2 - num_turns/mean:2.0 - timing_s/start_profile:7.72690400481224e-05 - timing_s/agent_loop/num_preempted/min:-1 - timing_s/agent_loop/num_preempted/max:-1 - timing_s/agent_loop/num_preempted/mean:-1.0 - timing_s/agent_loop/generate_sequences/min:1.3155812723562121 - timing_s/agent_loop/generate_sequences/max:9.428999224677682 - timing_s/agent_loop/generate_sequences/mean:3.955013337501441 - timing_s/agent_loop/tool_calls/min:0.0 - timing_s/agent_loop/tool_calls/max:0.0 - timing_s/agent_loop/tool_calls/mean:0.0 - timing_s/agent_loop/compute_score/min:0.004607414826750755 - timing_s/agent_loop/compute_score/max:0.013621507212519646 - timing_s/agent_loop/compute_score/mean:0.006089205657190178 - timing_s/agent_loop/slowest/generate_sequences:9.428999224677682 - timing_s/agent_loop/slowest/tool_calls:0.0 - timing_s/agent_loop/slowest/compute_score:0.006572875194251537 - timing_s/agent_loop/slowest/num_preempted:-1 - timing_s/agent_loop/slowest/prompt_length:116 - timing_s/agent_loop/slowest/response_length:2048 - timing_s/gen:10.060175815597177 - timing_s/reward:1.5740282833576202e-05 - timing_s/old_log_prob:2.8108409298583865 - timing_s/ref:8.369274587370455 - timing_s/adv:0.003655104897916317 - timing_s/update_actor:9.273755420930684 - timing_s/update_weights:1.2298477301374078 - timing_s/step:31.79764550831169 - timing_s/stop_profile:7.976032793521881e-05 - timing_per_token_ms/update_actor:0.08708651054034391 - timing_per_token_ms/adv:3.4323778962299554e-05 - timing_per_token_ms/ref:0.0785928554815094 - timing_per_token_ms/gen:0.11180830451778984 - perf/total_num_tokens:106489 - perf/time_per_step:31.79764550831169 - perf/throughput:3348.9586507958425
[36m(TaskRunner pid=272629)[0m step:12 - global_seqlen/min:106744 - global_seqlen/max:106744 - global_seqlen/minmax_diff:0 - global_seqlen/balanced_min:106744 - global_seqlen/balanced_max:106744 - global_seqlen/mean:106744.0 - actor/entropy:0.15487244725227356 - perf/mfu/actor_infer:0.3161769845658831 - actor/pg_clipfrac:0.00047802193603274645 - actor/ppo_kl:-1.942398648679955e-05 - actor/pg_clipfrac_lower:0.0 - actor/pg_loss:0.05824743844641489 - actor/kl_loss:0.0007915877649793401 - actor/kl_coef:0.001 - actor/loss:0.058248233050107956 - actor/grad_norm:0.5001243054866791 - actor/perf/max_memory_allocated_gb:57.54399538040161 - actor/perf/max_memory_reserved_gb:76.45703125 - actor/perf/cpu_memory_used_gb:21.86350440979004 - actor/lr:1e-06 - perf/mfu/actor:0.249832906023027 - training/global_step:12 - training/epoch:0 - critic/score/mean:0.5625 - critic/score/max:1.0 - critic/score/min:0.0 - critic/rewards/mean:0.5625 - critic/rewards/max:1.0 - critic/rewards/min:0.0 - critic/advantages/mean:-0.05767028406262398 - critic/advantages/max:2.4748666286468506 - critic/advantages/min:-2.4748666286468506 - critic/returns/mean:-0.05767028406262398 - critic/returns/max:2.4748666286468506 - critic/returns/min:-2.4748666286468506 - response_length/mean:718.3125 - response_length/max:1760.0 - response_length/min:251.0 - response_length/clip_ratio:0.0 - response_length_non_aborted/mean:718.3125 - response_length_non_aborted/max:1760.0 - response_length_non_aborted/min:251.0 - response_length_non_aborted/clip_ratio:0.0 - response/aborted_ratio:0.0 - prompt_length/mean:115.625 - prompt_length/max:311.0 - prompt_length/min:69.0 - prompt_length/clip_ratio:0.0 - num_turns/min:2 - num_turns/max:2 - num_turns/mean:2.0 - timing_s/start_profile:7.46697187423706e-05 - timing_s/agent_loop/num_preempted/min:-1 - timing_s/agent_loop/num_preempted/max:-1 - timing_s/agent_loop/num_preempted/mean:-1.0 - timing_s/agent_loop/generate_sequences/min:1.5174011876806617 - timing_s/agent_loop/generate_sequences/max:8.657574923709035 - timing_s/agent_loop/generate_sequences/mean:4.21119197623193 - timing_s/agent_loop/tool_calls/min:0.0 - timing_s/agent_loop/tool_calls/max:0.0 - timing_s/agent_loop/tool_calls/mean:0.0 - timing_s/agent_loop/compute_score/min:0.004710604436695576 - timing_s/agent_loop/compute_score/max:0.012177511118352413 - timing_s/agent_loop/compute_score/mean:0.006093243035138585 - timing_s/agent_loop/slowest/generate_sequences:8.657574923709035 - timing_s/agent_loop/slowest/tool_calls:0.0 - timing_s/agent_loop/slowest/compute_score:0.007947493344545364 - timing_s/agent_loop/slowest/num_preempted:-1 - timing_s/agent_loop/slowest/prompt_length:78 - timing_s/agent_loop/slowest/response_length:1745 - timing_s/gen:9.279526068829 - timing_s/reward:1.7088837921619415e-05 - timing_s/old_log_prob:2.468821314163506 - timing_s/ref:8.394335554912686 - timing_s/adv:0.00374793354421854 - timing_s/update_actor:9.183729010634124 - timing_s/update_weights:1.2216073609888554 - timing_s/step:30.601225779391825 - timing_s/stop_profile:7.663853466510773e-05 - timing_per_token_ms/update_actor:0.08603508403876681 - timing_per_token_ms/adv:3.511142119668122e-05 - timing_per_token_ms/ref:0.07863988191291957 - timing_per_token_ms/gen:0.1009258469158292 - perf/total_num_tokens:106744 - perf/time_per_step:30.601225779391825 - perf/throughput:3488.226281180082
[36m(TaskRunner pid=272629)[0m Training Progress:   6%|▋         | 13/200 [07:23<1:35:17, 30.57s/it]
[36m(WorkerDict pid=273039)[0m INFO:2026-07-28 16:03:54,185:update_weights done, time cost: 0.52s
[36m(TaskRunner pid=272629)[0m Training Progress:   7%|▋         | 14/200 [07:55<1:35:50, 30.92s/it]
[36m(WorkerDict pid=273039)[0m INFO:2026-07-28 16:04:23,671:update_weights done, time cost: 0.51s
[36m(TaskRunner pid=272629)[0m step:13 - global_seqlen/min:100632 - global_seqlen/max:100632 - global_seqlen/minmax_diff:0 - global_seqlen/balanced_min:100632 - global_seqlen/balanced_max:100632 - global_seqlen/mean:100632.0 - actor/entropy:0.13657036423683167 - perf/mfu/actor_infer:0.3116576237897481 - actor/pg_clipfrac:0.0002793928747450991 - actor/ppo_kl:6.515846530419367e-05 - actor/pg_clipfrac_lower:0.0 - actor/pg_loss:0.04240505147026852 - actor/kl_loss:0.0009707573935884284 - actor/kl_coef:0.001 - actor/loss:0.04240602068603039 - actor/grad_norm:0.37047527730464935 - actor/perf/max_memory_allocated_gb:57.54399538040161 - actor/perf/max_memory_reserved_gb:76.45703125 - actor/perf/cpu_memory_used_gb:21.872905731201172 - actor/lr:1e-06 - perf/mfu/actor:0.24303689424722855 - training/global_step:13 - training/epoch:0 - critic/score/mean:0.515625 - critic/score/max:1.0 - critic/score/min:0.0 - critic/rewards/mean:0.515625 - critic/rewards/max:1.0 - critic/rewards/min:0.0 - critic/advantages/mean:-0.04147815331816673 - critic/advantages/max:1.20761239528656 - critic/advantages/min:-2.4748666286468506 - critic/returns/mean:-0.04147815331816673 - critic/returns/max:1.20761239528656 - critic/returns/min:-2.4748666286468506 - response_length/mean:671.0625 - response_length/max:2048.0 - response_length/min:224.0 - response_length/clip_ratio:0.0078125 - response_length_non_aborted/mean:671.0625 - response_length_non_aborted/max:2048.0 - response_length_non_aborted/min:224.0 - response_length_non_aborted/clip_ratio:0.0078125 - response/aborted_ratio:0.0 - prompt_length/mean:115.125 - prompt_length/max:354.0 - prompt_length/min:63.0 - prompt_length/clip_ratio:0.0 - num_turns/min:2 - num_turns/max:2 - num_turns/mean:2.0 - timing_s/start_profile:7.626041769981384e-05 - timing_s/agent_loop/num_preempted/min:-1 - timing_s/agent_loop/num_preempted/max:-1 - timing_s/agent_loop/num_preempted/mean:-1.0 - timing_s/agent_loop/generate_sequences/min:1.4135705521330237 - timing_s/agent_loop/generate_sequences/max:9.305829791352153 - timing_s/agent_loop/generate_sequences/mean:3.854411211257684 - timing_s/agent_loop/tool_calls/min:0.0 - timing_s/agent_loop/tool_calls/max:0.0 - timing_s/agent_loop/tool_calls/mean:0.0 - timing_s/agent_loop/compute_score/min:0.004242468625307083 - timing_s/agent_loop/compute_score/max:0.010730604641139507 - timing_s/agent_loop/compute_score/mean:0.005941312025242951 - timing_s/agent_loop/slowest/generate_sequences:9.305829791352153 - timing_s/agent_loop/slowest/tool_calls:0.0 - timing_s/agent_loop/slowest/compute_score:0.00593752134591341 - timing_s/agent_loop/slowest/num_preempted:-1 - timing_s/agent_loop/slowest/prompt_length:105 - timing_s/agent_loop/slowest/response_length:2048 - timing_s/gen:9.8927167551592 - timing_s/reward:1.674983650445938e-05 - timing_s/old_log_prob:2.365462737157941 - timing_s/ref:8.373424177058041 - timing_s/adv:0.0036579743027687073 - timing_s/update_actor:8.912999815307558 - timing_s/update_weights:1.2447740361094475 - timing_s/step:30.84219189081341 - timing_s/stop_profile:7.910933345556259e-05 - timing_per_token_ms/update_actor:0.08857023427247354 - timing_per_token_ms/adv:3.63500109584298e-05 - timing_per_token_ms/ref:0.0832083649043847 - timing_per_token_ms/gen:0.11517086657305578 - perf/total_num_tokens:100632 - perf/time_per_step:30.84219189081341 - perf/throughput:3262.8031223025378
[36m(TaskRunner pid=272629)[0m step:14 - global_seqlen/min:106980 - global_seqlen/max:106980 - global_seqlen/minmax_diff:0 - global_seqlen/balanced_min:106980 - global_seqlen/balanced_max:106980 - global_seqlen/mean:106980.0 - actor/entropy:0.12572701275348663 - perf/mfu/actor_infer:0.3135659342854352 - actor/pg_clipfrac:0.00017410666441719513 - actor/ppo_kl:1.6043533086929074e-05 - actor/pg_clipfrac_lower:0.0 - actor/pg_loss:0.01026590472611133 - actor/kl_loss:0.001098365081816155 - actor/kl_coef:0.001 - actor/loss:0.010267006698995829 - actor/grad_norm:0.3397218585014343 - actor/perf/max_memory_allocated_gb:57.54399538040161 - actor/perf/max_memory_reserved_gb:76.45703125 - actor/perf/cpu_memory_used_gb:21.89541244506836 - actor/lr:1e-06 - perf/mfu/actor:0.24563467393304833 - training/global_step:14 - training/epoch:0 - critic/score/mean:0.5859375 - critic/score/max:1.0 - critic/score/min:0.0 - critic/rewards/mean:0.5859375 - critic/rewards/max:1.0 - critic/rewards/min:0.0 - critic/advantages/mean:-0.010183561593294144 - critic/advantages/max:2.4748666286468506 - critic/advantages/min:-2.4748666286468506 - critic/returns/mean:-0.010183561593294144 - critic/returns/max:2.4748666286468506 - critic/returns/min:-2.4748666286468506 - response_length/mean:738.40625 - response_length/max:2048.0 - response_length/min:219.0 - response_length/clip_ratio:0.03125 - response_length_non_aborted/mean:738.40625 - response_length_non_aborted/max:2048.0 - response_length_non_aborted/min:219.0 - response_length_non_aborted/clip_ratio:0.03125 - response/aborted_ratio:0.0 - prompt_length/mean:97.375 - prompt_length/max:138.0 - prompt_length/min:71.0 - prompt_length/clip_ratio:0.0 - num_turns/min:2 - num_turns/max:2 - num_turns/mean:2.0 - timing_s/start_profile:7.408950477838516e-05 - timing_s/agent_loop/num_preempted/min:-1 - timing_s/agent_loop/num_preempted/max:-1 - timing_s/agent_loop/num_preempted/mean:-1.0 - timing_s/agent_loop/generate_sequences/min:1.3489137552678585 - timing_s/agent_loop/generate_sequences/max:9.468877987004817 - timing_s/agent_loop/generate_sequences/mean:4.011690027022269 - timing_s/agent_loop/tool_calls/min:0.0 - timing_s/agent_loop/tool_calls/max:0.0 - timing_s/agent_loop/tool_calls/mean:0.0 - timing_s/agent_loop/compute_score/min:0.004297847859561443 - timing_s/agent_loop/compute_score/max:0.018137511797249317 - timing_s/agent_loop/compute_score/mean:0.006304627982899547 - timing_s/agent_loop/slowest/generate_sequences:9.468877987004817 - timing_s/agent_loop/slowest/tool_calls:0.0 - timing_s/agent_loop/slowest/compute_score:0.007401957176625729 - timing_s/agent_loop/slowest/num_preempted:-1 - timing_s/agent_loop/slowest/prompt_length:73 - timing_s/agent_loop/slowest/response_length:2048 - timing_s/gen:10.08538889605552 - timing_s/reward:1.70096755027771e-05 - timing_s/old_log_prob:2.505337660200894 - timing_s/ref:8.401709349825978 - timing_s/adv:0.0036633433774113655 - timing_s/update_actor:9.38920895382762 - timing_s/update_weights:1.2654229747131467 - timing_s/step:31.700511650182307 - timing_s/stop_profile:7.778964936733246e-05 - timing_per_token_ms/update_actor:0.08776602125469826 - timing_per_token_ms/adv:3.424325460283572e-05 - timing_per_token_ms/ref:0.07853532762970629 - timing_per_token_ms/gen:0.10670562546082694 - perf/total_num_tokens:106980 - perf/time_per_step:31.700511650182307 - perf/throughput:3374.708937840906
[36m(TaskRunner pid=272629)[0m Training Progress:   8%|▊         | 15/200 [08:24<1:33:59, 30.48s/it]
[36m(WorkerDict pid=273039)[0m INFO:2026-07-28 16:04:54,428:update_weights done, time cost: 0.52s
[36m(TaskRunner pid=272629)[0m Training Progress:   8%|▊         | 16/200 [08:55<1:33:43, 30.57s/it]
[36m(WorkerDict pid=273039)[0m INFO:2026-07-28 16:05:24,191:update_weights done, time cost: 0.51s
[36m(TaskRunner pid=272629)[0m step:15 - global_seqlen/min:91737 - global_seqlen/max:91737 - global_seqlen/minmax_diff:0 - global_seqlen/balanced_min:91737 - global_seqlen/balanced_max:91737 - global_seqlen/mean:91737.0 - actor/entropy:0.1547912359237671 - perf/mfu/actor_infer:0.30228669514918116 - actor/pg_clipfrac:0.00045741194480797276 - actor/ppo_kl:0.00010929142138138559 - actor/pg_clipfrac_lower:0.0 - actor/pg_loss:0.0020971716730855405 - actor/kl_loss:0.0020222372386342613 - actor/kl_coef:0.001 - actor/loss:0.0020991936326026917 - actor/grad_norm:0.4680992066860199 - actor/perf/max_memory_allocated_gb:57.54399538040161 - actor/perf/max_memory_reserved_gb:76.45703125 - actor/perf/cpu_memory_used_gb:21.91731071472168 - actor/lr:1e-06 - perf/mfu/actor:0.23646132331643738 - training/global_step:15 - training/epoch:0 - critic/score/mean:0.6171875 - critic/score/max:1.0 - critic/score/min:0.0 - critic/rewards/mean:0.6171875 - critic/rewards/max:1.0 - critic/rewards/min:0.0 - critic/advantages/mean:-0.0011090957559645176 - critic/advantages/max:2.4748666286468506 - critic/advantages/min:-2.4748666286468506 - critic/returns/mean:-0.0011090957559645176 - critic/returns/max:2.4748666286468506 - critic/returns/min:-2.4748666286468506 - response_length/mean:621.4453125 - response_length/max:1949.0 - response_length/min:182.0 - response_length/clip_ratio:0.0 - response_length_non_aborted/mean:621.4453125 - response_length_non_aborted/max:1949.0 - response_length_non_aborted/min:182.0 - response_length_non_aborted/clip_ratio:0.0 - response/aborted_ratio:0.0 - prompt_length/mean:95.25 - prompt_length/max:193.0 - prompt_length/min:62.0 - prompt_length/clip_ratio:0.0 - num_turns/min:2 - num_turns/max:2 - num_turns/mean:2.0 - timing_s/start_profile:7.53188505768776e-05 - timing_s/agent_loop/num_preempted/min:-1 - timing_s/agent_loop/num_preempted/max:-1 - timing_s/agent_loop/num_preempted/mean:-1.0 - timing_s/agent_loop/generate_sequences/min:1.1667864909395576 - timing_s/agent_loop/generate_sequences/max:8.64876361284405 - timing_s/agent_loop/generate_sequences/mean:3.4696882093630848 - timing_s/agent_loop/tool_calls/min:0.0 - timing_s/agent_loop/tool_calls/max:0.0 - timing_s/agent_loop/tool_calls/mean:0.0 - timing_s/agent_loop/compute_score/min:0.004429786466062069 - timing_s/agent_loop/compute_score/max:0.009251038543879986 - timing_s/agent_loop/compute_score/mean:0.005855937859450933 - timing_s/agent_loop/slowest/generate_sequences:8.64876361284405 - timing_s/agent_loop/slowest/tool_calls:0.0 - timing_s/agent_loop/slowest/compute_score:0.008095789700746536 - timing_s/agent_loop/slowest/num_preempted:-1 - timing_s/agent_loop/slowest/prompt_length:90 - timing_s/agent_loop/slowest/response_length:1949 - timing_s/gen:9.255957649089396 - timing_s/reward:1.711025834083557e-05 - timing_s/old_log_prob:2.2275919765233994 - timing_s/ref:8.338815341703594 - timing_s/adv:0.0036640139296650887 - timing_s/update_actor:8.344758548773825 - timing_s/update_weights:1.2502733254805207 - timing_s/step:29.47025686316192 - timing_s/stop_profile:7.709953933954239e-05 - timing_per_token_ms/update_actor:0.09096393547613095 - timing_per_token_ms/adv:3.9940415859087265e-05 - timing_per_token_ms/ref:0.09089915019788737 - timing_per_token_ms/gen:0.11636127536726878 - perf/total_num_tokens:91737 - perf/time_per_step:29.47025686316192 - perf/throughput:3112.867336920706
[36m(TaskRunner pid=272629)[0m step:16 - global_seqlen/min:96800 - global_seqlen/max:96800 - global_seqlen/minmax_diff:0 - global_seqlen/balanced_min:96800 - global_seqlen/balanced_max:96800 - global_seqlen/mean:96800.0 - actor/entropy:0.20967495441436768 - perf/mfu/actor_infer:0.30683996110253003 - actor/pg_clipfrac:0.0003006185629601532 - actor/ppo_kl:0.00011308952701938324 - actor/pg_clipfrac_lower:0.0 - actor/pg_loss:0.03408458601916209 - actor/kl_loss:0.0019191252049495233 - actor/kl_coef:0.001 - actor/loss:0.03408650029450655 - actor/grad_norm:0.43612536787986755 - actor/perf/max_memory_allocated_gb:57.54399538040161 - actor/perf/max_memory_reserved_gb:76.45703125 - actor/perf/cpu_memory_used_gb:21.88894271850586 - actor/lr:1e-06 - perf/mfu/actor:0.24132384415336777 - training/global_step:16 - training/epoch:0 - critic/score/mean:0.484375 - critic/score/max:1.0 - critic/score/min:0.0 - critic/rewards/mean:0.484375 - critic/rewards/max:1.0 - critic/rewards/min:0.0 - critic/advantages/mean:-0.03383134678006172 - critic/advantages/max:2.4748666286468506 - critic/advantages/min:-1.6201815605163574 - critic/returns/mean:-0.03383134678006172 - critic/returns/max:2.4748666286468506 - critic/returns/min:-1.6201815605163574 - response_length/mean:643.75 - response_length/max:2048.0 - response_length/min:188.0 - response_length/clip_ratio:0.0078125 - response_length_non_aborted/mean:643.75 - response_length_non_aborted/max:2048.0 - response_length_non_aborted/min:188.0 - response_length_non_aborted/clip_ratio:0.0078125 - response/aborted_ratio:0.0 - prompt_length/mean:112.5 - prompt_length/max:250.0 - prompt_length/min:62.0 - prompt_length/clip_ratio:0.0 - num_turns/min:2 - num_turns/max:2 - num_turns/mean:2.0 - timing_s/start_profile:7.524900138378143e-05 - timing_s/agent_loop/num_preempted/min:-1 - timing_s/agent_loop/num_preempted/max:-1 - timing_s/agent_loop/num_preempted/mean:-1.0 - timing_s/agent_loop/generate_sequences/min:1.2202333994209766 - timing_s/agent_loop/generate_sequences/max:9.197348827496171 - timing_s/agent_loop/generate_sequences/mean:3.655810546610155 - timing_s/agent_loop/tool_calls/min:0.0 - timing_s/agent_loop/tool_calls/max:0.0 - timing_s/agent_loop/tool_calls/mean:0.0 - timing_s/agent_loop/compute_score/min:0.00448185671120882 - timing_s/agent_loop/compute_score/max:0.01010517030954361 - timing_s/agent_loop/compute_score/mean:0.005875618546269834 - timing_s/agent_loop/slowest/generate_sequences:9.197348827496171 - timing_s/agent_loop/slowest/tool_calls:0.0 - timing_s/agent_loop/slowest/compute_score:0.008310197852551937 - timing_s/agent_loop/slowest/num_preempted:-1 - timing_s/agent_loop/slowest/prompt_length:91 - timing_s/agent_loop/slowest/response_length:2048 - timing_s/gen:9.799213752150536 - timing_s/reward:1.631956547498703e-05 - timing_s/old_log_prob:2.3092414624989033 - timing_s/ref:8.343584233894944 - timing_s/adv:0.0036489441990852356 - timing_s/update_actor:8.983464729972184 - timing_s/update_weights:1.262332390062511 - timing_s/step:30.751969756558537 - timing_s/stop_profile:7.594004273414612e-05 - timing_per_token_ms/update_actor:0.09280438770632421 - timing_per_token_ms/adv:3.76957045360045e-05 - timing_per_token_ms/ref:0.08619405200304694 - timing_per_token_ms/gen:0.11892249699211815 - perf/total_num_tokens:96800 - perf/time_per_step:30.751969756558537 - perf/throughput:3147.765842848335
[36m(TaskRunner pid=272629)[0m Training Progress:   8%|▊         | 17/200 [09:25<1:32:28, 30.32s/it]
[36m(WorkerDict pid=273039)[0m INFO:2026-07-28 16:05:53,525:update_weights done, time cost: 0.52s
[36m(TaskRunner pid=272629)[0m Training Progress:   9%|▉         | 18/200 [09:54<1:31:05, 30.03s/it]
[36m(WorkerDict pid=273039)[0m INFO:2026-07-28 16:06:24,521:update_weights done, time cost: 0.51s
[36m(TaskRunner pid=272629)[0m step:17 - global_seqlen/min:90681 - global_seqlen/max:90681 - global_seqlen/minmax_diff:0 - global_seqlen/balanced_min:90681 - global_seqlen/balanced_max:90681 - global_seqlen/mean:90681.0 - actor/entropy:0.1539628803730011 - perf/mfu/actor_infer:0.3016845256481226 - actor/pg_clipfrac:0.0002980009094244451 - actor/ppo_kl:-9.943387669864023e-05 - actor/pg_clipfrac_lower:0.0 - actor/pg_loss:0.0044146712170913815 - actor/kl_loss:0.0016340156998921884 - actor/kl_coef:0.001 - actor/loss:0.004416302777826786 - actor/grad_norm:0.3332785665988922 - actor/perf/max_memory_allocated_gb:57.54399538040161 - actor/perf/max_memory_reserved_gb:76.45703125 - actor/perf/cpu_memory_used_gb:21.89571762084961 - actor/lr:1e-06 - perf/mfu/actor:0.23385614782847178 - training/global_step:17 - training/epoch:0 - critic/score/mean:0.4921875 - critic/score/max:1.0 - critic/score/min:0.0 - critic/rewards/mean:0.4921875 - critic/rewards/max:1.0 - critic/rewards/min:0.0 - critic/advantages/mean:-0.004257305525243282 - critic/advantages/max:2.4748666286468506 - critic/advantages/min:-1.6201815605163574 - critic/returns/mean:-0.004257305525243282 - critic/returns/max:2.4748666286468506 - critic/returns/min:-1.6201815605163574 - response_length/mean:587.5703125 - response_length/max:2048.0 - response_length/min:188.0 - response_length/clip_ratio:0.0078125 - response_length_non_aborted/mean:587.5703125 - response_length_non_aborted/max:2048.0 - response_length_non_aborted/min:188.0 - response_length_non_aborted/clip_ratio:0.0078125 - response/aborted_ratio:0.0 - prompt_length/mean:120.875 - prompt_length/max:387.0 - prompt_length/min:63.0 - prompt_length/clip_ratio:0.0 - num_turns/min:2 - num_turns/max:2 - num_turns/mean:2.0 - timing_s/start_profile:7.301941514015198e-05 - timing_s/agent_loop/num_preempted/min:-1 - timing_s/agent_loop/num_preempted/max:-1 - timing_s/agent_loop/num_preempted/mean:-1.0 - timing_s/agent_loop/generate_sequences/min:1.2184531204402447 - timing_s/agent_loop/generate_sequences/max:8.998039118945599 - timing_s/agent_loop/generate_sequences/mean:3.329982701165136 - timing_s/agent_loop/tool_calls/min:0.0 - timing_s/agent_loop/tool_calls/max:0.0 - timing_s/agent_loop/tool_calls/mean:0.0 - timing_s/agent_loop/compute_score/min:0.004218967631459236 - timing_s/agent_loop/compute_score/max:0.008699853904545307 - timing_s/agent_loop/compute_score/mean:0.00584169748617569 - timing_s/agent_loop/slowest/generate_sequences:8.998039118945599 - timing_s/agent_loop/slowest/tool_calls:0.0 - timing_s/agent_loop/slowest/compute_score:0.008699853904545307 - timing_s/agent_loop/slowest/num_preempted:-1 - timing_s/agent_loop/slowest/prompt_length:142 - timing_s/agent_loop/slowest/response_length:2048 - timing_s/gen:9.598544352687895 - timing_s/reward:1.669861376285553e-05 - timing_s/old_log_prob:2.205328019335866 - timing_s/ref:8.31617712508887 - timing_s/adv:0.0036714943125844 - timing_s/update_actor:8.337021606974304 - timing_s/update_weights:1.2255589626729488 - timing_s/step:29.734934753738344 - timing_s/stop_profile:8.072052150964737e-05 - timing_per_token_ms/update_actor:0.09193790989263798 - timing_per_token_ms/adv:4.048802188533872e-05 - timing_per_token_ms/ref:0.09170804385801734 - timing_per_token_ms/gen:0.1276249431941376 - perf/total_num_tokens:90681 - perf/time_per_step:29.734934753738344 - perf/throughput:3049.6451648880575
[36m(TaskRunner pid=272629)[0m step:18 - global_seqlen/min:105518 - global_seqlen/max:105518 - global_seqlen/minmax_diff:0 - global_seqlen/balanced_min:105518 - global_seqlen/balanced_max:105518 - global_seqlen/mean:105518.0 - actor/entropy:0.14007671177387238 - perf/mfu/actor_infer:0.31544201965527613 - actor/pg_clipfrac:0.00043340147658454953 - actor/ppo_kl:4.4948601725991466e-05 - actor/pg_clipfrac_lower:0.0 - actor/pg_loss:0.04066607798449695 - actor/kl_loss:0.001887311755126575 - actor/kl_coef:0.001 - actor/loss:0.040667966939508915 - actor/grad_norm:0.4727425128221512 - actor/perf/max_memory_allocated_gb:57.54399538040161 - actor/perf/max_memory_reserved_gb:76.45703125 - actor/perf/cpu_memory_used_gb:21.861679077148438 - actor/lr:1e-06 - perf/mfu/actor:0.24799647456938925 - training/global_step:18 - training/epoch:0 - critic/score/mean:0.5390625 - critic/score/max:1.0 - critic/score/min:0.0 - critic/rewards/mean:0.5390625 - critic/rewards/max:1.0 - critic/rewards/min:0.0 - critic/advantages/mean:-0.03992301598191261 - critic/advantages/max:2.4748666286468506 - critic/advantages/min:-1.6201815605163574 - critic/returns/mean:-0.03992301598191261 - critic/returns/max:2.4748666286468506 - critic/returns/min:-1.6201815605163574 - response_length/mean:688.046875 - response_length/max:1509.0 - response_length/min:199.0 - response_length/clip_ratio:0.0 - response_length_non_aborted/mean:688.046875 - response_length_non_aborted/max:1509.0 - response_length_non_aborted/min:199.0 - response_length_non_aborted/clip_ratio:0.0 - response/aborted_ratio:0.0 - prompt_length/mean:136.3125 - prompt_length/max:618.0 - prompt_length/min:65.0 - prompt_length/clip_ratio:0.0 - num_turns/min:2 - num_turns/max:2 - num_turns/mean:2.0 - timing_s/start_profile:7.803831249475479e-05 - timing_s/agent_loop/num_preempted/min:-1 - timing_s/agent_loop/num_preempted/max:-1 - timing_s/agent_loop/num_preempted/mean:-1.0 - timing_s/agent_loop/generate_sequences/min:1.2740867966786027 - timing_s/agent_loop/generate_sequences/max:7.432358589954674 - timing_s/agent_loop/generate_sequences/mean:3.9846447079398786 - timing_s/agent_loop/tool_calls/min:0.0 - timing_s/agent_loop/tool_calls/max:0.0 - timing_s/agent_loop/tool_calls/mean:0.0 - timing_s/agent_loop/compute_score/min:0.004674393683671951 - timing_s/agent_loop/compute_score/max:0.00904375035315752 - timing_s/agent_loop/compute_score/mean:0.006042539847840089 - timing_s/agent_loop/slowest/generate_sequences:7.432358589954674 - timing_s/agent_loop/slowest/tool_calls:0.0 - timing_s/agent_loop/slowest/compute_score:0.007515415549278259 - timing_s/agent_loop/slowest/num_preempted:-1 - timing_s/agent_loop/slowest/prompt_length:84 - timing_s/agent_loop/slowest/response_length:1509 - timing_s/gen:8.047614205628633 - timing_s/reward:1.667998731136322e-05 - timing_s/old_log_prob:2.4479477433487773 - timing_s/ref:8.390858309343457 - timing_s/adv:0.0036338744685053825 - timing_s/update_actor:9.143764979206026 - timing_s/update_weights:1.257100597023964 - timing_s/step:29.341498381458223 - timing_s/stop_profile:8.149910718202591e-05 - timing_per_token_ms/update_actor:0.08665597319136095 - timing_per_token_ms/adv:3.44384320069124e-05 - timing_per_token_ms/ref:0.07952063448268028 - timing_per_token_ms/gen:0.09137747479991636 - perf/total_num_tokens:105518 - perf/time_per_step:29.341498381458223 - perf/throughput:3596.203528129293
[36m(TaskRunner pid=272629)[0m Training Progress:  10%|▉         | 19/200 [10:25<1:31:27, 30.32s/it]
[36m(WorkerDict pid=273039)[0m INFO:2026-07-28 16:06:55,452:update_weights done, time cost: 0.51s
[36m(TaskRunner pid=272629)[0m Training Progress:  10%|█         | 20/200 [10:56<1:31:30, 30.51s/it]
[36m(WorkerDict pid=273039)[0m INFO:2026-07-28 16:07:22,798:update_weights done, time cost: 0.50s
[36m(TaskRunner pid=272629)[0m step:19 - global_seqlen/min:103564 - global_seqlen/max:103564 - global_seqlen/minmax_diff:0 - global_seqlen/balanced_min:103564 - global_seqlen/balanced_max:103564 - global_seqlen/mean:103564.0 - actor/entropy:0.11080583930015564 - perf/mfu/actor_infer:0.31469471422269285 - actor/pg_clipfrac:0.0002470636918587843 - actor/ppo_kl:-3.909020443870759e-05 - actor/pg_clipfrac_lower:0.0 - actor/pg_loss:0.000939556339289993 - actor/kl_loss:0.0013811546314173029 - actor/kl_coef:0.001 - actor/loss:0.0009409338235855103 - actor/grad_norm:0.32772937417030334 - actor/perf/max_memory_allocated_gb:57.54399538040161 - actor/perf/max_memory_reserved_gb:76.45703125 - actor/perf/cpu_memory_used_gb:21.89727783203125 - actor/lr:1e-06 - perf/mfu/actor:0.24693960381537144 - training/global_step:19 - training/epoch:0 - critic/score/mean:0.640625 - critic/score/max:1.0 - critic/score/min:0.0 - critic/rewards/mean:0.640625 - critic/rewards/max:1.0 - critic/rewards/min:0.0 - critic/advantages/mean:-0.0019514209125190973 - critic/advantages/max:1.20761239528656 - critic/advantages/min:-2.4748666286468506 - critic/returns/mean:-0.0019514209125190973 - critic/returns/max:1.20761239528656 - critic/returns/min:-2.4748666286468506 - response_length/mean:700.46875 - response_length/max:2048.0 - response_length/min:256.0 - response_length/clip_ratio:0.0078125 - response_length_non_aborted/mean:700.46875 - response_length_non_aborted/max:2048.0 - response_length_non_aborted/min:256.0 - response_length_non_aborted/clip_ratio:0.0078125 - response/aborted_ratio:0.0 - prompt_length/mean:108.625 - prompt_length/max:199.0 - prompt_length/min:58.0 - prompt_length/clip_ratio:0.0 - num_turns/min:2 - num_turns/max:2 - num_turns/mean:2.0 - timing_s/start_profile:0.00012908875942230225 - timing_s/agent_loop/num_preempted/min:-1 - timing_s/agent_loop/num_preempted/max:-1 - timing_s/agent_loop/num_preempted/mean:-1.0 - timing_s/agent_loop/generate_sequences/min:1.6051039174199104 - timing_s/agent_loop/generate_sequences/max:9.272822212427855 - timing_s/agent_loop/generate_sequences/mean:3.9415152867295546 - timing_s/agent_loop/tool_calls/min:0.0 - timing_s/agent_loop/tool_calls/max:0.0 - timing_s/agent_loop/tool_calls/mean:0.0 - timing_s/agent_loop/compute_score/min:0.00466135423630476 - timing_s/agent_loop/compute_score/max:0.012716375291347504 - timing_s/agent_loop/compute_score/mean:0.005951033555902541 - timing_s/agent_loop/slowest/generate_sequences:9.272822212427855 - timing_s/agent_loop/slowest/tool_calls:0.0 - timing_s/agent_loop/slowest/compute_score:0.0076477257534861565 - timing_s/agent_loop/slowest/num_preempted:-1 - timing_s/agent_loop/slowest/prompt_length:88 - timing_s/agent_loop/slowest/response_length:2048 - timing_s/gen:9.87734549306333 - timing_s/reward:1.6479752957820892e-05 - timing_s/old_log_prob:2.4159519262611866 - timing_s/ref:8.380648263730109 - timing_s/adv:0.003669343888759613 - timing_s/update_actor:9.020898559130728 - timing_s/update_weights:1.235304114408791 - timing_s/step:30.98417393490672 - timing_s/stop_profile:8.125882595777512e-05 - timing_per_token_ms/update_actor:0.08710457841654173 - timing_per_token_ms/adv:3.543068912710607e-05 - timing_per_token_ms/ref:0.08092240801562424 - timing_per_token_ms/gen:0.11016446010554685 - perf/total_num_tokens:103564 - perf/time_per_step:30.98417393490672 - perf/throughput:3342.480590819462
[36m(TaskRunner pid=272629)[0m step:20 - global_seqlen/min:104349 - global_seqlen/max:104349 - global_seqlen/minmax_diff:0 - global_seqlen/balanced_min:104349 - global_seqlen/balanced_max:104349 - global_seqlen/mean:104349.0 - actor/entropy:0.15581735968589783 - perf/mfu/actor_infer:0.31646027704761037 - actor/pg_clipfrac:0.00021095681222504936 - actor/ppo_kl:-9.950763023880427e-05 - actor/pg_clipfrac_lower:0.0 - actor/pg_loss:0.03471330340835266 - actor/kl_loss:0.002094336151458265 - actor/kl_coef:0.001 - actor/loss:0.034715406596660614 - actor/grad_norm:0.4102865606546402 - actor/perf/max_memory_allocated_gb:57.54399538040161 - actor/perf/max_memory_reserved_gb:76.45703125 - actor/perf/cpu_memory_used_gb:21.937206268310547 - actor/lr:1e-06 - perf/mfu/actor:0.24863576621367817 - training/global_step:20 - training/epoch:0 - critic/score/mean:0.4609375 - critic/score/max:1.0 - critic/score/min:0.0 - critic/rewards/mean:0.4609375 - critic/rewards/max:1.0 - critic/rewards/min:0.0 - critic/advantages/mean:-0.032921161502599716 - critic/advantages/max:1.20761239528656 - critic/advantages/min:-2.4748666286468506 - critic/returns/mean:-0.032921161502599716 - critic/returns/max:1.20761239528656 - critic/returns/min:-2.4748666286468506 - response_length/mean:659.6015625 - response_length/max:2048.0 - response_length/min:248.0 - response_length/clip_ratio:0.0078125 - response_length_non_aborted/mean:659.6015625 - response_length_non_aborted/max:2048.0 - response_length_non_aborted/min:248.0 - response_length_non_aborted/clip_ratio:0.0078125 - response/aborted_ratio:0.0 - prompt_length/mean:155.625 - prompt_length/max:380.0 - prompt_length/min:66.0 - prompt_length/clip_ratio:0.0 - num_turns/min:2 - num_turns/max:2 - num_turns/mean:2.0 - timing_s/start_profile:0.00017727725207805634 - timing_s/agent_loop/num_preempted/min:-1 - timing_s/agent_loop/num_preempted/max:-1 - timing_s/agent_loop/num_preempted/mean:-1.0 - timing_s/agent_loop/generate_sequences/min:1.5970746679231524 - timing_s/agent_loop/generate_sequences/max:9.210655247792602 - timing_s/agent_loop/generate_sequences/mean:3.7811956878722413 - timing_s/agent_loop/tool_calls/min:0.0 - timing_s/agent_loop/tool_calls/max:0.0 - timing_s/agent_loop/tool_calls/mean:0.0 - timing_s/agent_loop/compute_score/min:0.004293937236070633 - timing_s/agent_loop/compute_score/max:0.017494668252766132 - timing_s/agent_loop/compute_score/mean:0.006106412496592384 - timing_s/agent_loop/slowest/generate_sequences:9.210655247792602 - timing_s/agent_loop/slowest/tool_calls:0.0 - timing_s/agent_loop/slowest/compute_score:0.008256218396127224 - timing_s/agent_loop/slowest/num_preempted:-1 - timing_s/agent_loop/slowest/prompt_length:91 - timing_s/agent_loop/slowest/response_length:2048 - timing_s/gen:9.777297436259687 - timing_s/reward:1.9740313291549683e-05 - timing_s/old_log_prob:2.425154261291027 - timing_s/ref:8.392095810733736 - timing_s/adv:0.003677424043416977 - timing_s/update_actor:9.026346410624683 - timing_s/update_weights:1.2622087337076664 - timing_s/step:30.936766878701746 - timing_s/stop_profile:8.42781737446785e-05 - timing_per_token_ms/update_actor:0.08650151329312866 - timing_per_token_ms/adv:3.524158394825994e-05 - timing_per_token_ms/ref:0.08042334675688062 - timing_per_token_ms/gen:0.11580496554808996 - perf/total_num_tokens:104349 - perf/time_per_step:30.936766878701746 - perf/throughput:3372.97689862474
[36m(TaskRunner pid=272629)[0m Training Progress:  10%|█         | 21/200 [11:23<1:28:09, 29.55s/it]
[36m(WorkerDict pid=273039)[0m INFO:2026-07-28 16:07:52,957:update_weights done, time cost: 0.51s
[36m(TaskRunner pid=272629)[0m Training Progress:  11%|█         | 22/200 [11:53<1:28:13, 29.74s/it]
[36m(WorkerDict pid=273039)[0m INFO:2026-07-28 16:08:24,050:update_weights done, time cost: 0.52s
[36m(TaskRunner pid=272629)[0m step:21 - global_seqlen/min:92206 - global_seqlen/max:92206 - global_seqlen/minmax_diff:0 - global_seqlen/balanced_min:92206 - global_seqlen/balanced_max:92206 - global_seqlen/mean:92206.0 - actor/entropy:0.12335711717605591 - perf/mfu/actor_infer:0.30611002662054837 - actor/pg_clipfrac:0.0005916795494158578 - actor/ppo_kl:-1.6396341152358218e-05 - actor/pg_clipfrac_lower:0.0 - actor/pg_loss:0.05380189856805373 - actor/kl_loss:0.0021194455639488297 - actor/kl_coef:0.001 - actor/loss:0.05380401387810707 - actor/grad_norm:0.4775881767272949 - actor/perf/max_memory_allocated_gb:57.54399538040161 - actor/perf/max_memory_reserved_gb:76.45703125 - actor/perf/cpu_memory_used_gb:21.986555099487305 - actor/lr:1e-06 - perf/mfu/actor:0.23920197024294634 - training/global_step:21 - training/epoch:0 - critic/score/mean:0.6953125 - critic/score/max:1.0 - critic/score/min:0.0 - critic/rewards/mean:0.6953125 - critic/rewards/max:1.0 - critic/rewards/min:0.0 - critic/advantages/mean:-0.053126465529203415 - critic/advantages/max:1.20761239528656 - critic/advantages/min:-2.4748666286468506 - critic/returns/mean:-0.053126465529203415 - critic/returns/max:1.20761239528656 - critic/returns/min:-2.4748666286468506 - response_length/mean:610.171875 - response_length/max:1355.0 - response_length/min:138.0 - response_length/clip_ratio:0.0 - response_length_non_aborted/mean:610.171875 - response_length_non_aborted/max:1355.0 - response_length_non_aborted/min:138.0 - response_length_non_aborted/clip_ratio:0.0 - response/aborted_ratio:0.0 - prompt_length/mean:110.1875 - prompt_length/max:314.0 - prompt_length/min:66.0 - prompt_length/clip_ratio:0.0 - num_turns/min:2 - num_turns/max:2 - num_turns/mean:2.0 - timing_s/start_profile:0.00013691838830709457 - timing_s/agent_loop/num_preempted/min:-1 - timing_s/agent_loop/num_preempted/max:-1 - timing_s/agent_loop/num_preempted/mean:-1.0 - timing_s/agent_loop/generate_sequences/min:0.8741719722747803 - timing_s/agent_loop/generate_sequences/max:6.614101197570562 - timing_s/agent_loop/generate_sequences/mean:3.529146451081033 - timing_s/agent_loop/tool_calls/min:0.0 - timing_s/agent_loop/tool_calls/max:0.0 - timing_s/agent_loop/tool_calls/mean:0.0 - timing_s/agent_loop/compute_score/min:0.004181348718702793 - timing_s/agent_loop/compute_score/max:0.009664705023169518 - timing_s/agent_loop/compute_score/mean:0.005801488681754563 - timing_s/agent_loop/slowest/generate_sequences:6.614101197570562 - timing_s/agent_loop/slowest/tool_calls:0.0 - timing_s/agent_loop/slowest/compute_score:0.0072277989238500595 - timing_s/agent_loop/slowest/num_preempted:-1 - timing_s/agent_loop/slowest/prompt_length:110 - timing_s/agent_loop/slowest/response_length:1355 - timing_s/gen:7.216102175414562 - timing_s/reward:1.6139820218086243e-05 - timing_s/old_log_prob:2.212075217626989 - timing_s/ref:8.327506659552455 - timing_s/adv:0.0036625340580940247 - timing_s/update_actor:8.284687651321292 - timing_s/update_weights:1.228729727678001 - timing_s/step:27.322877266444266 - timing_s/stop_profile:7.888954132795334e-05 - timing_per_token_ms/update_actor:0.08984976738304766 - timing_per_token_ms/adv:3.9721211831052477e-05 - timing_per_token_ms/ref:0.09031415156879655 - timing_per_token_ms/gen:0.09239330843530975 - perf/total_num_tokens:92206 - perf/time_per_step:27.322877266444266 - perf/throughput:3374.6811911803998
[36m(TaskRunner pid=272629)[0m step:22 - global_seqlen/min:112243 - global_seqlen/max:112243 - global_seqlen/minmax_diff:0 - global_seqlen/balanced_min:112243 - global_seqlen/balanced_max:112243 - global_seqlen/mean:112243.0 - actor/entropy:0.14942118525505066 - perf/mfu/actor_infer:0.3218592490991745 - actor/pg_clipfrac:0.00025158121388813015 - actor/ppo_kl:-9.746773719143675e-05 - actor/pg_clipfrac_lower:0.0 - actor/pg_loss:0.008518339114743867 - actor/kl_loss:0.0020034917524753837 - actor/kl_coef:0.001 - actor/loss:0.008520344272255898 - actor/grad_norm:0.41252514719963074 - actor/perf/max_memory_allocated_gb:57.54399538040161 - actor/perf/max_memory_reserved_gb:76.45703125 - actor/perf/cpu_memory_used_gb:21.901168823242188 - actor/lr:1e-06 - perf/mfu/actor:0.25349564887203946 - training/global_step:22 - training/epoch:0 - critic/score/mean:0.609375 - critic/score/max:1.0 - critic/score/min:0.0 - critic/rewards/mean:0.609375 - critic/rewards/max:1.0 - critic/rewards/min:0.0 - critic/advantages/mean:-0.00794963352382183 - critic/advantages/max:1.6201815605163574 - critic/advantages/min:-2.4748666286468506 - critic/returns/mean:-0.00794963352382183 - critic/returns/max:1.6201815605163574 - critic/returns/min:-2.4748666286468506 - response_length/mean:742.0234375 - response_length/max:1469.0 - response_length/min:194.0 - response_length/clip_ratio:0.0 - response_length_non_aborted/mean:742.0234375 - response_length_non_aborted/max:1469.0 - response_length_non_aborted/min:194.0 - response_length_non_aborted/clip_ratio:0.0 - response/aborted_ratio:0.0 - prompt_length/mean:134.875 - prompt_length/max:395.0 - prompt_length/min:62.0 - prompt_length/clip_ratio:0.0 - num_turns/min:2 - num_turns/max:2 - num_turns/mean:2.0 - timing_s/start_profile:0.00012405868619680405 - timing_s/agent_loop/num_preempted/min:-1 - timing_s/agent_loop/num_preempted/max:-1 - timing_s/agent_loop/num_preempted/mean:-1.0 - timing_s/agent_loop/generate_sequences/min:1.2537230029702187 - timing_s/agent_loop/generate_sequences/max:7.423761043697596 - timing_s/agent_loop/generate_sequences/mean:4.364424789964687 - timing_s/agent_loop/tool_calls/min:0.0 - timing_s/agent_loop/tool_calls/max:0.0 - timing_s/agent_loop/tool_calls/mean:0.0 - timing_s/agent_loop/compute_score/min:0.004612335003912449 - timing_s/agent_loop/compute_score/max:0.009814544580876827 - timing_s/agent_loop/compute_score/mean:0.006149730965262279 - timing_s/agent_loop/slowest/generate_sequences:7.423761043697596 - timing_s/agent_loop/slowest/tool_calls:0.0 - timing_s/agent_loop/slowest/compute_score:0.007505455985665321 - timing_s/agent_loop/slowest/num_preempted:-1 - timing_s/agent_loop/slowest/prompt_length:395 - timing_s/agent_loop/slowest/response_length:1469 - timing_s/gen:8.015593468211591 - timing_s/reward:1.7410144209861755e-05 - timing_s/old_log_prob:2.913358357734978 - timing_s/ref:8.41845537070185 - timing_s/adv:0.0036987634375691414 - timing_s/update_actor:9.514209584333003 - timing_s/update_weights:1.244034854695201 - timing_s/step:30.159849220886827 - timing_s/stop_profile:8.395873010158539e-05 - timing_per_token_ms/update_actor:0.08476439140376685 - timing_per_token_ms/adv:3.295317692478944e-05 - timing_per_token_ms/ref:0.07500205242823027 - timing_per_token_ms/gen:0.08439332345267471 - perf/total_num_tokens:112243 - perf/time_per_step:30.159849220886827 - perf/throughput:3721.603486076698
[36m(TaskRunner pid=272629)[0m Training Progress:  12%|█▏        | 23/200 [12:24<1:28:55, 30.15s/it]
[36m(WorkerDict pid=273039)[0m INFO:2026-07-28 16:08:54,426:update_weights done, time cost: 0.53s
[36m(TaskRunner pid=272629)[0m Training Progress:  12%|█▏        | 24/200 [12:55<1:28:38, 30.22s/it]
[36m(WorkerDict pid=273039)[0m INFO:2026-07-28 16:09:25,664:update_weights done, time cost: 0.52s
[36m(TaskRunner pid=272629)[0m step:23 - global_seqlen/min:104974 - global_seqlen/max:104974 - global_seqlen/minmax_diff:0 - global_seqlen/balanced_min:104974 - global_seqlen/balanced_max:104974 - global_seqlen/mean:104974.0 - actor/entropy:0.14580215513706207 - perf/mfu/actor_infer:0.318451197071665 - actor/pg_clipfrac:0.0004505566821535467 - actor/ppo_kl:4.184317901945178e-05 - actor/pg_clipfrac_lower:0.0 - actor/pg_loss:0.04623498389264569 - actor/kl_loss:0.002939861562481383 - actor/kl_coef:0.001 - actor/loss:0.04623791575431824 - actor/grad_norm:0.46585483849048615 - actor/perf/max_memory_allocated_gb:57.54399538040161 - actor/perf/max_memory_reserved_gb:76.45703125 - actor/perf/cpu_memory_used_gb:21.92693328857422 - actor/lr:1e-06 - perf/mfu/actor:0.2487791071251391 - training/global_step:23 - training/epoch:0 - critic/score/mean:0.6171875 - critic/score/max:1.0 - critic/score/min:0.0 - critic/rewards/mean:0.6171875 - critic/rewards/max:1.0 - critic/rewards/min:0.0 - critic/advantages/mean:-0.05147051438689232 - critic/advantages/max:2.4748666286468506 - critic/advantages/min:-2.4748666286468506 - critic/returns/mean:-0.05147051438689232 - critic/returns/max:2.4748666286468506 - critic/returns/min:-2.4748666286468506 - response_length/mean:667.609375 - response_length/max:2048.0 - response_length/min:314.0 - response_length/clip_ratio:0.015625 - response_length_non_aborted/mean:667.609375 - response_length_non_aborted/max:2048.0 - response_length_non_aborted/min:314.0 - response_length_non_aborted/clip_ratio:0.015625 - response/aborted_ratio:0.0 - prompt_length/mean:152.5 - prompt_length/max:424.0 - prompt_length/min:58.0 - prompt_length/clip_ratio:0.0 - num_turns/min:2 - num_turns/max:2 - num_turns/mean:2.0 - timing_s/start_profile:8.564908057451248e-05 - timing_s/agent_loop/num_preempted/min:-1 - timing_s/agent_loop/num_preempted/max:-1 - timing_s/agent_loop/num_preempted/mean:-1.0 - timing_s/agent_loop/generate_sequences/min:1.9872623458504677 - timing_s/agent_loop/generate_sequences/max:9.27158975880593 - timing_s/agent_loop/generate_sequences/mean:3.881651896692347 - timing_s/agent_loop/tool_calls/min:0.0 - timing_s/agent_loop/tool_calls/max:0.0 - timing_s/agent_loop/tool_calls/mean:0.0 - timing_s/agent_loop/compute_score/min:0.004381177015602589 - timing_s/agent_loop/compute_score/max:0.012641284614801407 - timing_s/agent_loop/compute_score/mean:0.00605090524913976 - timing_s/agent_loop/slowest/generate_sequences:9.27158975880593 - timing_s/agent_loop/slowest/tool_calls:0.0 - timing_s/agent_loop/slowest/compute_score:0.011544995941221714 - timing_s/agent_loop/slowest/num_preempted:-1 - timing_s/agent_loop/slowest/prompt_length:326 - timing_s/agent_loop/slowest/response_length:2048 - timing_s/gen:9.88966780435294 - timing_s/reward:1.6209669411182404e-05 - timing_s/old_log_prob:2.4158750222995877 - timing_s/ref:8.388102814555168 - timing_s/adv:0.0036633042618632317 - timing_s/update_actor:9.084076589904726 - timing_s/update_weights:1.2634277371689677 - timing_s/step:31.09495863877237 - timing_s/stop_profile:8.376967161893845e-05 - timing_per_token_ms/update_actor:0.08653644321360265 - timing_per_token_ms/adv:3.489725324235746e-05 - timing_per_token_ms/ref:0.07990647983839015 - timing_per_token_ms/gen:0.11573089386515481 - perf/total_num_tokens:104974 - perf/time_per_step:31.09495863877237 - perf/throughput:3375.917016628789
[36m(TaskRunner pid=272629)[0m step:24 - global_seqlen/min:110359 - global_seqlen/max:110359 - global_seqlen/minmax_diff:0 - global_seqlen/balanced_min:110359 - global_seqlen/balanced_max:110359 - global_seqlen/mean:110359.0 - actor/entropy:0.15977470576763153 - perf/mfu/actor_infer:0.3201986784218644 - actor/pg_clipfrac:0.00029973842538311146 - actor/ppo_kl:3.3397455240447016e-05 - actor/pg_clipfrac_lower:0.0 - actor/pg_loss:0.03108145046280697 - actor/kl_loss:0.0026817384095920715 - actor/kl_coef:0.001 - actor/loss:0.031084135174751282 - actor/grad_norm:0.41207288205623627 - actor/perf/max_memory_allocated_gb:57.54399538040161 - actor/perf/max_memory_reserved_gb:76.45703125 - actor/perf/cpu_memory_used_gb:21.93958282470703 - actor/lr:1e-06 - perf/mfu/actor:0.2518136264581392 - training/global_step:24 - training/epoch:0 - critic/score/mean:0.46875 - critic/score/max:1.0 - critic/score/min:0.0 - critic/rewards/mean:0.46875 - critic/rewards/max:1.0 - critic/rewards/min:0.0 - critic/advantages/mean:-0.03163918852806091 - critic/advantages/max:2.4748666286468506 - critic/advantages/min:-2.4748666286468506 - critic/returns/mean:-0.03163918852806091 - critic/returns/max:2.4748666286468506 - critic/returns/min:-2.4748666286468506 - response_length/mean:707.4296875 - response_length/max:1644.0 - response_length/min:215.0 - response_length/clip_ratio:0.0 - response_length_non_aborted/mean:707.4296875 - response_length_non_aborted/max:1644.0 - response_length_non_aborted/min:215.0 - response_length_non_aborted/clip_ratio:0.0 - response/aborted_ratio:0.0 - prompt_length/mean:154.75 - prompt_length/max:415.0 - prompt_length/min:80.0 - prompt_length/clip_ratio:0.0 - num_turns/min:2 - num_turns/max:2 - num_turns/mean:2.0 - timing_s/start_profile:0.0001328587532043457 - timing_s/agent_loop/num_preempted/min:-1 - timing_s/agent_loop/num_preempted/max:-1 - timing_s/agent_loop/num_preempted/mean:-1.0 - timing_s/agent_loop/generate_sequences/min:1.409080022946 - timing_s/agent_loop/generate_sequences/max:8.054994215257466 - timing_s/agent_loop/generate_sequences/mean:4.165150735214411 - timing_s/agent_loop/tool_calls/min:0.0 - timing_s/agent_loop/tool_calls/max:0.0 - timing_s/agent_loop/tool_calls/mean:0.0 - timing_s/agent_loop/compute_score/min:0.004106588661670685 - timing_s/agent_loop/compute_score/max:0.01035343762487173 - timing_s/agent_loop/compute_score/mean:0.006082851032260805 - timing_s/agent_loop/slowest/generate_sequences:8.054994215257466 - timing_s/agent_loop/slowest/tool_calls:0.0 - timing_s/agent_loop/slowest/compute_score:0.006273558363318443 - timing_s/agent_loop/slowest/num_preempted:-1 - timing_s/agent_loop/slowest/prompt_length:195 - timing_s/agent_loop/slowest/response_length:1644 - timing_s/gen:8.658549771644175 - timing_s/reward:1.619011163711548e-05 - timing_s/old_log_prob:2.528286357410252 - timing_s/ref:8.423152858391404 - timing_s/adv:0.0036492133513092995 - timing_s/update_actor:9.425874860025942 - timing_s/update_weights:1.2855940833687782 - timing_s/step:30.37652171589434 - timing_s/stop_profile:9.468849748373032e-05 - timing_per_token_ms/update_actor:0.08541102094098299 - timing_per_token_ms/adv:3.306674898566768e-05 - timing_per_token_ms/ref:0.07632501978444353 - timing_per_token_ms/gen:0.09562069741520442 - perf/total_num_tokens:110359 - perf/time_per_step:30.37652171589434 - perf/throughput:3633.0361004517276
[36m(TaskRunner pid=272629)[0m Training Progress:  12%|█▎        | 25/200 [13:26<1:29:02, 30.53s/it]
[36m(WorkerDict pid=273039)[0m INFO:2026-07-28 16:09:55,405:update_weights done, time cost: 0.53s
[36m(TaskRunner pid=272629)[0m Training Progress:  13%|█▎        | 26/200 [13:56<1:27:49, 30.28s/it]
[36m(WorkerDict pid=273039)[0m INFO:2026-07-28 16:10:26,160:update_weights done, time cost: 0.51s
[36m(TaskRunner pid=272629)[0m step:25 - global_seqlen/min:108786 - global_seqlen/max:108786 - global_seqlen/minmax_diff:0 - global_seqlen/balanced_min:108786 - global_seqlen/balanced_max:108786 - global_seqlen/mean:108786.0 - actor/entropy:0.14211511611938477 - perf/mfu/actor_infer:0.3192523130479706 - actor/pg_clipfrac:0.00037771973256894853 - actor/ppo_kl:1.8933899013973132e-05 - actor/pg_clipfrac_lower:0.0 - actor/pg_loss:0.006348448579956312 - actor/kl_loss:0.002756146182946395 - actor/kl_coef:0.001 - actor/loss:0.006351195275783539 - actor/grad_norm:0.3909613788127899 - actor/perf/max_memory_allocated_gb:57.54399538040161 - actor/perf/max_memory_reserved_gb:76.45703125 - actor/perf/cpu_memory_used_gb:21.965869903564453 - actor/lr:1e-06 - perf/mfu/actor:0.24938338497700802 - training/global_step:25 - training/epoch:0 - critic/score/mean:0.4609375 - critic/score/max:1.0 - critic/score/min:0.0 - critic/rewards/mean:0.4609375 - critic/rewards/max:1.0 - critic/rewards/min:0.0 - critic/advantages/mean:-0.0057578133419156075 - critic/advantages/max:2.4748666286468506 - critic/advantages/min:-2.4748666286468506 - critic/returns/mean:-0.0057578133419156075 - critic/returns/max:2.4748666286468506 - critic/returns/min:-2.4748666286468506 - response_length/mean:756.390625 - response_length/max:1915.0 - response_length/min:232.0 - response_length/clip_ratio:0.0 - response_length_non_aborted/mean:756.390625 - response_length_non_aborted/max:1915.0 - response_length_non_aborted/min:232.0 - response_length_non_aborted/clip_ratio:0.0 - response/aborted_ratio:0.0 - prompt_length/mean:93.5 - prompt_length/max:152.0 - prompt_length/min:60.0 - prompt_length/clip_ratio:0.0 - num_turns/min:2 - num_turns/max:2 - num_turns/mean:2.0 - timing_s/start_profile:7.819943130016327e-05 - timing_s/agent_loop/num_preempted/min:-1 - timing_s/agent_loop/num_preempted/max:-1 - timing_s/agent_loop/num_preempted/mean:-1.0 - timing_s/agent_loop/generate_sequences/min:1.4304871559143066 - timing_s/agent_loop/generate_sequences/max:8.998853635974228 - timing_s/agent_loop/generate_sequences/mean:4.239375849887438 - timing_s/agent_loop/tool_calls/min:0.0 - timing_s/agent_loop/tool_calls/max:0.0 - timing_s/agent_loop/tool_calls/mean:0.0 - timing_s/agent_loop/compute_score/min:0.0032402677461504936 - timing_s/agent_loop/compute_score/max:0.009398076683282852 - timing_s/agent_loop/compute_score/mean:0.006034996469679754 - timing_s/agent_loop/slowest/generate_sequences:8.998853635974228 - timing_s/agent_loop/slowest/tool_calls:0.0 - timing_s/agent_loop/slowest/compute_score:0.006620504893362522 - timing_s/agent_loop/slowest/num_preempted:-1 - timing_s/agent_loop/slowest/prompt_length:92 - timing_s/agent_loop/slowest/response_length:1913 - timing_s/gen:9.58857979439199 - timing_s/reward:1.6850419342517853e-05 - timing_s/old_log_prob:2.5007897280156612 - timing_s/ref:8.419854368083179 - timing_s/adv:0.00363820418715477 - timing_s/update_actor:9.393713172525167 - timing_s/update_weights:1.2913034232333302 - timing_s/step:31.24931515287608 - timing_s/stop_profile:7.537845522165298e-05 - timing_per_token_ms/update_actor:0.08635038674576846 - timing_per_token_ms/adv:3.3443680134895755e-05 - timing_per_token_ms/ref:0.07739832669721453 - timing_per_token_ms/gen:0.0990371603874485 - perf/total_num_tokens:108786 - perf/time_per_step:31.24931515287608 - perf/throughput:3481.2282914938605
[36m(TaskRunner pid=272629)[0m step:26 - global_seqlen/min:104726 - global_seqlen/max:104726 - global_seqlen/minmax_diff:0 - global_seqlen/balanced_min:104726 - global_seqlen/balanced_max:104726 - global_seqlen/mean:104726.0 - actor/entropy:0.12009156495332718 - perf/mfu/actor_infer:0.3163215952908005 - actor/pg_clipfrac:0.000452122010756284 - actor/ppo_kl:-4.310770619042614e-05 - actor/pg_clipfrac_lower:0.0 - actor/pg_loss:-0.004394677256641444 - actor/kl_loss:0.0025335084174002986 - actor/kl_coef:0.001 - actor/loss:-0.0043921396136283875 - actor/grad_norm:0.5027437210083008 - actor/perf/max_memory_allocated_gb:57.54399538040161 - actor/perf/max_memory_reserved_gb:76.45703125 - actor/perf/cpu_memory_used_gb:21.97314453125 - actor/lr:1e-06 - perf/mfu/actor:0.24744371585605288 - training/global_step:26 - training/epoch:0 - critic/score/mean:0.484375 - critic/score/max:1.0 - critic/score/min:0.0 - critic/rewards/mean:0.484375 - critic/rewards/max:1.0 - critic/rewards/min:0.0 - critic/advantages/mean:0.003441155655309558 - critic/advantages/max:2.4748666286468506 - critic/advantages/min:-2.4748666286468506 - critic/returns/mean:0.003441155655309558 - critic/returns/max:2.4748666286468506 - critic/returns/min:-2.4748666286468506 - response_length/mean:720.921875 - response_length/max:1615.0 - response_length/min:271.0 - response_length/clip_ratio:0.0 - response_length_non_aborted/mean:720.921875 - response_length_non_aborted/max:1615.0 - response_length_non_aborted/min:271.0 - response_length_non_aborted/clip_ratio:0.0 - response/aborted_ratio:0.0 - prompt_length/mean:97.25 - prompt_length/max:184.0 - prompt_length/min:60.0 - prompt_length/clip_ratio:0.0 - num_turns/min:2 - num_turns/max:2 - num_turns/mean:2.0 - timing_s/start_profile:7.525831460952759e-05 - timing_s/agent_loop/num_preempted/min:-1 - timing_s/agent_loop/num_preempted/max:-1 - timing_s/agent_loop/num_preempted/mean:-1.0 - timing_s/agent_loop/generate_sequences/min:1.7118003079667687 - timing_s/agent_loop/generate_sequences/max:7.878357887268066 - timing_s/agent_loop/generate_sequences/mean:4.113831610571651 - timing_s/agent_loop/tool_calls/min:0.0 - timing_s/agent_loop/tool_calls/max:0.0 - timing_s/agent_loop/tool_calls/mean:0.0 - timing_s/agent_loop/compute_score/min:0.004470636136829853 - timing_s/agent_loop/compute_score/max:0.008042081259191036 - timing_s/agent_loop/compute_score/mean:0.005928905127802864 - timing_s/agent_loop/slowest/generate_sequences:7.878357887268066 - timing_s/agent_loop/slowest/tool_calls:0.0 - timing_s/agent_loop/slowest/compute_score:0.0076789045706391335 - timing_s/agent_loop/slowest/num_preempted:-1 - timing_s/agent_loop/slowest/prompt_length:77 - timing_s/agent_loop/slowest/response_length:1615 - timing_s/gen:8.459470609202981 - timing_s/reward:1.5390105545520782e-05 - timing_s/old_log_prob:2.4271548064425588 - timing_s/ref:8.395804787054658 - timing_s/adv:0.003644803538918495 - timing_s/update_actor:9.09800168685615 - timing_s/update_weights:1.273209197446704 - timing_s/step:29.707946269772947 - timing_s/stop_profile:0.00010053906589746475 - timing_per_token_ms/update_actor:0.08687433576051937 - timing_per_token_ms/adv:3.4803234525509377e-05 - timing_per_token_ms/ref:0.08016924915545956 - timing_per_token_ms/gen:0.09167375332368474 - perf/total_num_tokens:104726 - perf/time_per_step:29.707946269772947 - perf/throughput:3525.1847788130663
[36m(TaskRunner pid=272629)[0m Training Progress:  14%|█▎        | 27/200 [14:27<1:27:43, 30.42s/it]
[36m(WorkerDict pid=273039)[0m INFO:2026-07-28 16:10:57,244:update_weights done, time cost: 0.50s
[36m(TaskRunner pid=272629)[0m Training Progress:  14%|█▍        | 28/200 [14:58<1:27:48, 30.63s/it]
[36m(WorkerDict pid=273039)[0m INFO:2026-07-28 16:11:26,105:update_weights done, time cost: 0.53s
[36m(TaskRunner pid=272629)[0m step:27 - global_seqlen/min:108283 - global_seqlen/max:108283 - global_seqlen/minmax_diff:0 - global_seqlen/balanced_min:108283 - global_seqlen/balanced_max:108283 - global_seqlen/mean:108283.0 - actor/entropy:0.12887151539325714 - perf/mfu/actor_infer:0.31739326168548904 - actor/pg_clipfrac:0.00028388746477503446 - actor/ppo_kl:-4.925445887238311e-05 - actor/pg_clipfrac_lower:0.0 - actor/pg_loss:0.03419440446305089 - actor/kl_loss:0.002710584021770046 - actor/kl_coef:0.001 - actor/loss:0.034197114408016205 - actor/grad_norm:0.38868729770183563 - actor/perf/max_memory_allocated_gb:57.54399538040161 - actor/perf/max_memory_reserved_gb:76.45703125 - actor/perf/cpu_memory_used_gb:21.981874465942383 - actor/lr:1e-06 - perf/mfu/actor:0.24798540249162876 - training/global_step:27 - training/epoch:0 - critic/score/mean:0.46875 - critic/score/max:1.0 - critic/score/min:0.0 - critic/rewards/mean:0.46875 - critic/rewards/max:1.0 - critic/rewards/min:0.0 - critic/advantages/mean:-0.0342453308403492 - critic/advantages/max:2.4748666286468506 - critic/advantages/min:-2.4748666286468506 - critic/returns/mean:-0.0342453308403492 - critic/returns/max:2.4748666286468506 - critic/returns/min:-2.4748666286468506 - response_length/mean:718.8359375 - response_length/max:1681.0 - response_length/min:222.0 - response_length/clip_ratio:0.0 - response_length_non_aborted/mean:718.8359375 - response_length_non_aborted/max:1681.0 - response_length_non_aborted/min:222.0 - response_length_non_aborted/clip_ratio:0.0 - response/aborted_ratio:0.0 - prompt_length/mean:127.125 - prompt_length/max:392.0 - prompt_length/min:66.0 - prompt_length/clip_ratio:0.0 - num_turns/min:2 - num_turns/max:2 - num_turns/mean:2.0 - timing_s/start_profile:8.563976734876633e-05 - timing_s/agent_loop/num_preempted/min:-1 - timing_s/agent_loop/num_preempted/max:-1 - timing_s/agent_loop/num_preempted/mean:-1.0 - timing_s/agent_loop/generate_sequences/min:1.4113101353868842 - timing_s/agent_loop/generate_sequences/max:8.168811058625579 - timing_s/agent_loop/generate_sequences/mean:4.162478773119801 - timing_s/agent_loop/tool_calls/min:0.0 - timing_s/agent_loop/tool_calls/max:0.0 - timing_s/agent_loop/tool_calls/mean:0.0 - timing_s/agent_loop/compute_score/min:0.0035291556268930435 - timing_s/agent_loop/compute_score/max:0.012554237619042397 - timing_s/agent_loop/compute_score/mean:0.006008529431710485 - timing_s/agent_loop/slowest/generate_sequences:8.168811058625579 - timing_s/agent_loop/slowest/tool_calls:0.0 - timing_s/agent_loop/slowest/compute_score:0.007720204070210457 - timing_s/agent_loop/slowest/num_preempted:-1 - timing_s/agent_loop/slowest/prompt_length:101 - timing_s/agent_loop/slowest/response_length:1681 - timing_s/gen:8.759537843056023 - timing_s/reward:1.6320496797561646e-05 - timing_s/old_log_prob:2.5004592640325427 - timing_s/ref:8.420394868589938 - timing_s/adv:0.003677104599773884 - timing_s/update_actor:9.75465072132647 - timing_s/update_weights:1.2520988620817661 - timing_s/step:30.741972459480166 - timing_s/stop_profile:8.178967982530594e-05 - timing_per_token_ms/update_actor:0.09008478451212536 - timing_per_token_ms/adv:3.3958281537950406e-05 - timing_per_token_ms/ref:0.07776285168114974 - timing_per_token_ms/gen:0.09520098513282133 - perf/total_num_tokens:108283 - perf/time_per_step:30.741972459480166 - perf/throughput:3522.3179040552372
[36m(TaskRunner pid=272629)[0m step:28 - global_seqlen/min:102475 - global_seqlen/max:102475 - global_seqlen/minmax_diff:0 - global_seqlen/balanced_min:102475 - global_seqlen/balanced_max:102475 - global_seqlen/mean:102475.0 - actor/entropy:0.12719669938087463 - perf/mfu/actor_infer:0.3114362427477342 - actor/pg_clipfrac:0.0005230893866610131 - actor/ppo_kl:8.749714686473453e-05 - actor/pg_clipfrac_lower:0.0 - actor/pg_loss:0.02539614064153284 - actor/kl_loss:0.0036018068094563205 - actor/kl_coef:0.001 - actor/loss:0.025399746373295784 - actor/grad_norm:0.47342516481876373 - actor/perf/max_memory_allocated_gb:57.54399538040161 - actor/perf/max_memory_reserved_gb:76.45703125 - actor/perf/cpu_memory_used_gb:21.95284080505371 - actor/lr:1e-06 - perf/mfu/actor:0.2429768240350065 - training/global_step:28 - training/epoch:0 - critic/score/mean:0.4921875 - critic/score/max:1.0 - critic/score/min:0.0 - critic/rewards/mean:0.4921875 - critic/rewards/max:1.0 - critic/rewards/min:0.0 - critic/advantages/mean:-0.025140685960650444 - critic/advantages/max:2.4748666286468506 - critic/advantages/min:-2.4748666286468506 - critic/returns/mean:-0.025140685960650444 - critic/returns/max:2.4748666286468506 - critic/returns/min:-2.4748666286468506 - response_length/mean:655.5859375 - response_length/max:2048.0 - response_length/min:181.0 - response_length/clip_ratio:0.0078125 - response_length_non_aborted/mean:655.5859375 - response_length_non_aborted/max:2048.0 - response_length_non_aborted/min:181.0 - response_length_non_aborted/clip_ratio:0.0078125 - response/aborted_ratio:0.0 - prompt_length/mean:145.0 - prompt_length/max:449.0 - prompt_length/min:62.0 - prompt_length/clip_ratio:0.0 - num_turns/min:2 - num_turns/max:2 - num_turns/mean:2.0 - timing_s/start_profile:7.755961269140244e-05 - timing_s/agent_loop/num_preempted/min:-1 - timing_s/agent_loop/num_preempted/max:-1 - timing_s/agent_loop/num_preempted/mean:-1.0 - timing_s/agent_loop/generate_sequences/min:1.1864433893933892 - timing_s/agent_loop/generate_sequences/max:9.291698428802192 - timing_s/agent_loop/generate_sequences/mean:3.6507793006458087 - timing_s/agent_loop/tool_calls/min:0.0 - timing_s/agent_loop/tool_calls/max:0.0 - timing_s/agent_loop/tool_calls/mean:0.0 - timing_s/agent_loop/compute_score/min:0.004361356608569622 - timing_s/agent_loop/compute_score/max:0.012431146577000618 - timing_s/agent_loop/compute_score/mean:0.0060315641821944155 - timing_s/agent_loop/slowest/generate_sequences:9.291698428802192 - timing_s/agent_loop/slowest/tool_calls:0.0 - timing_s/agent_loop/slowest/compute_score:0.007674073800444603 - timing_s/agent_loop/slowest/num_preempted:-1 - timing_s/agent_loop/slowest/prompt_length:119 - timing_s/agent_loop/slowest/response_length:2048 - timing_s/gen:9.895142274908721 - timing_s/reward:1.6959384083747864e-05 - timing_s/old_log_prob:2.4167918115854263 - timing_s/ref:8.387569694779813 - timing_s/adv:0.0036710742861032486 - timing_s/update_actor:9.084914769046009 - timing_s/update_weights:1.2745669856667519 - timing_s/step:31.1116710472852 - timing_s/stop_profile:8.008908480405807e-05 - timing_per_token_ms/update_actor:0.08865493797556485 - timing_per_token_ms/adv:3.582409647331787e-05 - timing_per_token_ms/ref:0.08184991163483595 - timing_per_token_ms/gen:0.11791863522503392 - perf/total_num_tokens:102475 - perf/time_per_step:31.1116710472852 - perf/throughput:3293.780004431551
[36m(TaskRunner pid=272629)[0m Training Progress:  14%|█▍        | 29/200 [15:26<1:25:44, 30.09s/it]
[36m(WorkerDict pid=273039)[0m INFO:2026-07-28 16:11:54,359:update_weights done, time cost: 0.51s
[36m(TaskRunner pid=272629)[0m Training Progress:  15%|█▌        | 30/200 [15:55<1:23:42, 29.54s/it]
[36m(WorkerDict pid=273039)[0m INFO:2026-07-28 16:12:25,606:update_weights done, time cost: 0.52s
[36m(TaskRunner pid=272629)[0m step:29 - global_seqlen/min:102349 - global_seqlen/max:102349 - global_seqlen/minmax_diff:0 - global_seqlen/balanced_min:102349 - global_seqlen/balanced_max:102349 - global_seqlen/mean:102349.0 - actor/entropy:0.10754504054784775 - perf/mfu/actor_infer:0.31283866929959464 - actor/pg_clipfrac:0.00035558587978812284 - actor/ppo_kl:3.320744201573689e-05 - actor/pg_clipfrac_lower:0.0 - actor/pg_loss:0.04983399008051492 - actor/kl_loss:0.003378272675035987 - actor/kl_coef:0.001 - actor/loss:0.04983736574649811 - actor/grad_norm:0.4206129461526871 - actor/perf/max_memory_allocated_gb:57.54399538040161 - actor/perf/max_memory_reserved_gb:76.45703125 - actor/perf/cpu_memory_used_gb:21.957725524902344 - actor/lr:1e-06 - perf/mfu/actor:0.24397875261249483 - training/global_step:29 - training/epoch:0 - critic/score/mean:0.609375 - critic/score/max:1.0 - critic/score/min:0.0 - critic/rewards/mean:0.609375 - critic/rewards/max:1.0 - critic/rewards/min:0.0 - critic/advantages/mean:-0.05044765770435333 - critic/advantages/max:2.4748666286468506 - critic/advantages/min:-2.4748666286468506 - critic/returns/mean:-0.05044765770435333 - critic/returns/max:2.4748666286468506 - critic/returns/min:-2.4748666286468506 - response_length/mean:697.9140625 - response_length/max:1404.0 - response_length/min:236.0 - response_length/clip_ratio:0.0 - response_length_non_aborted/mean:697.9140625 - response_length_non_aborted/max:1404.0 - response_length_non_aborted/min:236.0 - response_length_non_aborted/clip_ratio:0.0 - response/aborted_ratio:0.0 - prompt_length/mean:101.6875 - prompt_length/max:172.0 - prompt_length/min:65.0 - prompt_length/clip_ratio:0.0 - num_turns/min:2 - num_turns/max:2 - num_turns/mean:2.0 - timing_s/start_profile:8.332915604114532e-05 - timing_s/agent_loop/num_preempted/min:-1 - timing_s/agent_loop/num_preempted/max:-1 - timing_s/agent_loop/num_preempted/mean:-1.0 - timing_s/agent_loop/generate_sequences/min:1.5135007677599788 - timing_s/agent_loop/generate_sequences/max:7.103654397651553 - timing_s/agent_loop/generate_sequences/mean:3.9999614754269714 - timing_s/agent_loop/tool_calls/min:0.0 - timing_s/agent_loop/tool_calls/max:0.0 - timing_s/agent_loop/tool_calls/mean:0.0 - timing_s/agent_loop/compute_score/min:0.0021082693710923195 - timing_s/agent_loop/compute_score/max:0.011885532177984715 - timing_s/agent_loop/compute_score/mean:0.005945818062173203 - timing_s/agent_loop/slowest/generate_sequences:7.103654397651553 - timing_s/agent_loop/slowest/tool_calls:0.0 - timing_s/agent_loop/slowest/compute_score:0.007111148908734322 - timing_s/agent_loop/slowest/num_preempted:-1 - timing_s/agent_loop/slowest/prompt_length:172 - timing_s/agent_loop/slowest/response_length:1404 - timing_s/gen:7.6775575540959835 - timing_s/reward:1.7629936337471008e-05 - timing_s/old_log_prob:2.4015865055844188 - timing_s/ref:8.394898819737136 - timing_s/adv:0.0036423439159989357 - timing_s/update_actor:9.02657118998468 - timing_s/update_weights:1.254582709632814 - timing_s/step:28.80886168964207 - timing_s/stop_profile:8.023902773857117e-05 - timing_per_token_ms/update_actor:0.08819403404024152 - timing_per_token_ms/adv:3.558748904238376e-05 - timing_per_token_ms/ref:0.08202228472908515 - timing_per_token_ms/gen:0.08594312912469058 - perf/total_num_tokens:102349 - perf/time_per_step:28.80886168964207 - perf/throughput:3552.6915677060065
[36m(TaskRunner pid=272629)[0m step:30 - global_seqlen/min:93874 - global_seqlen/max:93874 - global_seqlen/minmax_diff:0 - global_seqlen/balanced_min:93874 - global_seqlen/balanced_max:93874 - global_seqlen/mean:93874.0 - actor/entropy:0.13828665018081665 - perf/mfu/actor_infer:0.3064420691092413 - actor/pg_clipfrac:0.00023457742872778908 - actor/ppo_kl:2.3303237526306475e-05 - actor/pg_clipfrac_lower:0.0 - actor/pg_loss:0.009754801518283784 - actor/kl_loss:0.003972724600316724 - actor/kl_coef:0.001 - actor/loss:0.009758774191141129 - actor/grad_norm:0.3740217536687851 - actor/perf/max_memory_allocated_gb:57.54399538040161 - actor/perf/max_memory_reserved_gb:76.45703125 - actor/perf/cpu_memory_used_gb:21.991540908813477 - actor/lr:1e-06 - perf/mfu/actor:0.23780144250776694 - training/global_step:30 - training/epoch:0 - critic/score/mean:0.609375 - critic/score/max:1.0 - critic/score/min:0.0 - critic/rewards/mean:0.609375 - critic/rewards/max:1.0 - critic/rewards/min:0.0 - critic/advantages/mean:-0.010321459732949734 - critic/advantages/max:2.4748666286468506 - critic/advantages/min:-2.4748666286468506 - critic/returns/mean:-0.010321459732949734 - critic/returns/max:2.4748666286468506 - critic/returns/min:-2.4748666286468506 - response_length/mean:627.703125 - response_length/max:1541.0 - response_length/min:267.0 - response_length/clip_ratio:0.0 - response_length_non_aborted/mean:627.703125 - response_length_non_aborted/max:1541.0 - response_length_non_aborted/min:267.0 - response_length_non_aborted/clip_ratio:0.0 - response/aborted_ratio:0.0 - prompt_length/mean:105.6875 - prompt_length/max:172.0 - prompt_length/min:68.0 - prompt_length/clip_ratio:0.0 - num_turns/min:2 - num_turns/max:2 - num_turns/mean:2.0 - timing_s/start_profile:8.407887071371078e-05 - timing_s/agent_loop/num_preempted/min:-1 - timing_s/agent_loop/num_preempted/max:-1 - timing_s/agent_loop/num_preempted/mean:-1.0 - timing_s/agent_loop/generate_sequences/min:1.66686634067446 - timing_s/agent_loop/generate_sequences/max:7.294514425098896 - timing_s/agent_loop/generate_sequences/mean:3.5831282335493597 - timing_s/agent_loop/tool_calls/min:0.0 - timing_s/agent_loop/tool_calls/max:0.0 - timing_s/agent_loop/tool_calls/mean:0.0 - timing_s/agent_loop/compute_score/min:0.004466015845537186 - timing_s/agent_loop/compute_score/max:0.00964533444494009 - timing_s/agent_loop/compute_score/mean:0.005921633986872621 - timing_s/agent_loop/slowest/generate_sequences:7.294514425098896 - timing_s/agent_loop/slowest/tool_calls:0.0 - timing_s/agent_loop/slowest/compute_score:0.007521036081016064 - timing_s/agent_loop/slowest/num_preempted:-1 - timing_s/agent_loop/slowest/prompt_length:107 - timing_s/agent_loop/slowest/response_length:1541 - timing_s/gen:7.89874785207212 - timing_s/reward:1.6990117728710175e-05 - timing_s/old_log_prob:2.238876844756305 - timing_s/ref:8.329710252583027 - timing_s/adv:0.003642972558736801 - timing_s/update_actor:8.492706236429513 - timing_s/update_weights:1.2492617592215538 - timing_s/step:28.26316775288433 - timing_s/stop_profile:7.913913577795029e-05 - timing_per_token_ms/update_actor:0.09046920591888609 - timing_per_token_ms/adv:3.880704517477471e-05 - timing_per_token_ms/ref:0.08873287867336033 - timing_per_token_ms/gen:0.09830916102944913 - perf/total_num_tokens:93874 - perf/time_per_step:28.26316775288433 - perf/throughput:3321.4252846947743
[36m(TaskRunner pid=272629)[0m Training Progress:  16%|█▌        | 31/200 [16:26<1:24:38, 30.05s/it]
[36m(WorkerDict pid=273039)[0m INFO:2026-07-28 16:12:53,467:update_weights done, time cost: 0.51s
[36m(TaskRunner pid=272629)[0m Training Progress:  16%|█▌        | 32/200 [16:54<1:22:18, 29.40s/it]
[36m(WorkerDict pid=273039)[0m INFO:2026-07-28 16:13:25,534:update_weights done, time cost: 0.60s
[36m(TaskRunner pid=272629)[0m step:31 - global_seqlen/min:101988 - global_seqlen/max:101988 - global_seqlen/minmax_diff:0 - global_seqlen/balanced_min:101988 - global_seqlen/balanced_max:101988 - global_seqlen/mean:101988.0 - actor/entropy:0.10701429843902588 - perf/mfu/actor_infer:0.31060068560148774 - actor/pg_clipfrac:0.00027406966728449333 - actor/ppo_kl:-5.896967491025862e-05 - actor/pg_clipfrac_lower:0.0 - actor/pg_loss:0.028036007657647133 - actor/kl_loss:0.00365074056389858 - actor/kl_coef:0.001 - actor/loss:0.028039664961397648 - actor/grad_norm:0.3771495670080185 - actor/perf/max_memory_allocated_gb:57.54399538040161 - actor/perf/max_memory_reserved_gb:76.45703125 - actor/perf/cpu_memory_used_gb:21.996370315551758 - actor/lr:1e-06 - perf/mfu/actor:0.24238753308159994 - training/global_step:31 - training/epoch:0 - critic/score/mean:0.578125 - critic/score/max:1.0 - critic/score/min:0.0 - critic/rewards/mean:0.578125 - critic/rewards/max:1.0 - critic/rewards/min:0.0 - critic/advantages/mean:-0.028068995103240013 - critic/advantages/max:2.4748666286468506 - critic/advantages/min:-2.4748666286468506 - critic/returns/mean:-0.028068995103240013 - critic/returns/max:2.4748666286468506 - critic/returns/min:-2.4748666286468506 - response_length/mean:709.40625 - response_length/max:2048.0 - response_length/min:206.0 - response_length/clip_ratio:0.03125 - response_length_non_aborted/mean:709.40625 - response_length_non_aborted/max:2048.0 - response_length_non_aborted/min:206.0 - response_length_non_aborted/clip_ratio:0.03125 - response/aborted_ratio:0.0 - prompt_length/mean:87.375 - prompt_length/max:141.0 - prompt_length/min:60.0 - prompt_length/clip_ratio:0.0 - num_turns/min:2 - num_turns/max:2 - num_turns/mean:2.0 - timing_s/start_profile:8.220970630645752e-05 - timing_s/agent_loop/num_preempted/min:-1 - timing_s/agent_loop/num_preempted/max:-1 - timing_s/agent_loop/num_preempted/mean:-1.0 - timing_s/agent_loop/generate_sequences/min:1.3235800256952643 - timing_s/agent_loop/generate_sequences/max:9.446158478036523 - timing_s/agent_loop/generate_sequences/mean:3.934690440502891 - timing_s/agent_loop/tool_calls/min:0.0 - timing_s/agent_loop/tool_calls/max:0.0 - timing_s/agent_loop/tool_calls/mean:0.0 - timing_s/agent_loop/compute_score/min:0.004015360958874226 - timing_s/agent_loop/compute_score/max:0.018574116751551628 - timing_s/agent_loop/compute_score/mean:0.006063231026928406 - timing_s/agent_loop/slowest/generate_sequences:9.446158478036523 - timing_s/agent_loop/slowest/tool_calls:0.0 - timing_s/agent_loop/slowest/compute_score:0.0071589089930057526 - timing_s/agent_loop/slowest/num_preempted:-1 - timing_s/agent_loop/slowest/prompt_length:70 - timing_s/agent_loop/slowest/response_length:2048 - timing_s/gen:10.046830198727548 - timing_s/reward:1.585017889738083e-05 - timing_s/old_log_prob:2.4119192408397794 - timing_s/ref:8.390745718032122 - timing_s/adv:0.003647005185484886 - timing_s/update_actor:9.074725799262524 - timing_s/update_weights:1.2502534668892622 - timing_s/step:31.228862025775015 - timing_s/stop_profile:8.260924369096756e-05 - timing_per_token_ms/update_actor:0.0889783680360682 - timing_per_token_ms/adv:3.5759159758843064e-05 - timing_per_token_ms/ref:0.08227189196799743 - timing_per_token_ms/gen:0.11064303553508158 - perf/total_num_tokens:101988 - perf/time_per_step:31.228862025775015 - perf/throughput:3265.8250536258192
[36m(TaskRunner pid=272629)[0m step:32 - global_seqlen/min:94834 - global_seqlen/max:94834 - global_seqlen/minmax_diff:0 - global_seqlen/balanced_min:94834 - global_seqlen/balanced_max:94834 - global_seqlen/mean:94834.0 - actor/entropy:0.15664856135845184 - perf/mfu/actor_infer:0.3058265326961661 - actor/pg_clipfrac:0.0003952252909584786 - actor/ppo_kl:8.16408123185397e-05 - actor/pg_clipfrac_lower:0.0 - actor/pg_loss:0.022753651952371 - actor/kl_loss:0.0047609689718228765 - actor/kl_coef:0.001 - actor/loss:0.02275840751826763 - actor/grad_norm:0.45282550156116486 - actor/perf/max_memory_allocated_gb:57.54399538040161 - actor/perf/max_memory_reserved_gb:76.45703125 - actor/perf/cpu_memory_used_gb:21.99781608581543 - actor/lr:1e-06 - perf/mfu/actor:0.2373188744211222 - training/global_step:32 - training/epoch:0 - critic/score/mean:0.671875 - critic/score/max:1.0 - critic/score/min:0.0 - critic/rewards/mean:0.671875 - critic/rewards/max:1.0 - critic/rewards/min:0.0 - critic/advantages/mean:-0.02266710251569748 - critic/advantages/max:1.20761239528656 - critic/advantages/min:-2.4748666286468506 - critic/returns/mean:-0.02266710251569748 - critic/returns/max:1.20761239528656 - critic/returns/min:-2.4748666286468506 - response_length/mean:635.515625 - response_length/max:1376.0 - response_length/min:214.0 - response_length/clip_ratio:0.0 - response_length_non_aborted/mean:635.515625 - response_length_non_aborted/max:1376.0 - response_length_non_aborted/min:214.0 - response_length_non_aborted/clip_ratio:0.0 - response/aborted_ratio:0.0 - prompt_length/mean:105.375 - prompt_length/max:153.0 - prompt_length/min:73.0 - prompt_length/clip_ratio:0.0 - num_turns/min:2 - num_turns/max:2 - num_turns/mean:2.0 - timing_s/start_profile:8.615944534540176e-05 - timing_s/agent_loop/num_preempted/min:-1 - timing_s/agent_loop/num_preempted/max:-1 - timing_s/agent_loop/num_preempted/mean:-1.0 - timing_s/agent_loop/generate_sequences/min:1.3767058681696653 - timing_s/agent_loop/generate_sequences/max:6.749567928723991 - timing_s/agent_loop/generate_sequences/mean:3.645439245774469 - timing_s/agent_loop/tool_calls/min:0.0 - timing_s/agent_loop/tool_calls/max:0.0 - timing_s/agent_loop/tool_calls/mean:0.0 - timing_s/agent_loop/compute_score/min:0.004306936636567116 - timing_s/agent_loop/compute_score/max:0.012160439975559711 - timing_s/agent_loop/compute_score/mean:0.006036220736859832 - timing_s/agent_loop/slowest/generate_sequences:6.749567928723991 - timing_s/agent_loop/slowest/tool_calls:0.0 - timing_s/agent_loop/slowest/compute_score:0.006960890255868435 - timing_s/agent_loop/slowest/num_preempted:-1 - timing_s/agent_loop/slowest/prompt_length:102 - timing_s/agent_loop/slowest/response_length:1376 - timing_s/gen:7.332178036682308 - timing_s/reward:1.582968980073929e-05 - timing_s/old_log_prob:2.275269073434174 - timing_s/ref:8.349312747828662 - timing_s/adv:0.0036355135962367058 - timing_s/update_actor:8.599024296738207 - timing_s/update_weights:1.2539788270369172 - timing_s/step:27.864846920594573 - timing_s/stop_profile:9.175948798656464e-05 - timing_per_token_ms/update_actor:0.09067448696393918 - timing_per_token_ms/adv:3.833555050126227e-05 - timing_per_token_ms/ref:0.0880413432717028 - timing_per_token_ms/gen:0.09013569243333794 - perf/total_num_tokens:94834 - perf/time_per_step:27.864846920594573 - perf/throughput:3403.3562168938142
[36m(TaskRunner pid=272629)[0m Training Progress:  16%|█▋        | 33/200 [17:26<1:24:03, 30.20s/it]
[36m(WorkerDict pid=273039)[0m INFO:2026-07-28 16:13:55,795:update_weights done, time cost: 0.54s
[36m(TaskRunner pid=272629)[0m Training Progress:  17%|█▋        | 34/200 [17:56<1:23:36, 30.22s/it]
[36m(WorkerDict pid=273039)[0m INFO:2026-07-28 16:14:28,659:update_weights done, time cost: 0.54s
[36m(TaskRunner pid=272629)[0m step:33 - global_seqlen/min:112614 - global_seqlen/max:112614 - global_seqlen/minmax_diff:0 - global_seqlen/balanced_min:112614 - global_seqlen/balanced_max:112614 - global_seqlen/mean:112614.0 - actor/entropy:0.0962584912776947 - perf/mfu/actor_infer:0.3199947110807131 - actor/pg_clipfrac:0.0006311271818049136 - actor/ppo_kl:-2.0675337887965384e-05 - actor/pg_clipfrac_lower:0.0 - actor/pg_loss:0.020925550699757878 - actor/kl_loss:0.003102164502706728 - actor/kl_coef:0.001 - actor/loss:0.020928654819726944 - actor/grad_norm:0.4066333919763565 - actor/perf/max_memory_allocated_gb:57.54399538040161 - actor/perf/max_memory_reserved_gb:76.45703125 - actor/perf/cpu_memory_used_gb:21.941003799438477 - actor/lr:1e-06 - perf/mfu/actor:0.2496034856257698 - training/global_step:33 - training/epoch:0 - critic/score/mean:0.515625 - critic/score/max:1.0 - critic/score/min:0.0 - critic/rewards/mean:0.515625 - critic/rewards/max:1.0 - critic/rewards/min:0.0 - critic/advantages/mean:-0.0217124056071043 - critic/advantages/max:2.4748666286468506 - critic/advantages/min:-2.4748666286468506 - critic/returns/mean:-0.0217124056071043 - critic/returns/max:2.4748666286468506 - critic/returns/min:-2.4748666286468506 - response_length/mean:762.546875 - response_length/max:1880.0 - response_length/min:227.0 - response_length/clip_ratio:0.0 - response_length_non_aborted/mean:762.546875 - response_length_non_aborted/max:1880.0 - response_length_non_aborted/min:227.0 - response_length_non_aborted/clip_ratio:0.0 - response/aborted_ratio:0.0 - prompt_length/mean:117.25 - prompt_length/max:269.0 - prompt_length/min:60.0 - prompt_length/clip_ratio:0.0 - num_turns/min:2 - num_turns/max:2 - num_turns/mean:2.0 - timing_s/start_profile:7.67093151807785e-05 - timing_s/agent_loop/num_preempted/min:-1 - timing_s/agent_loop/num_preempted/max:-1 - timing_s/agent_loop/num_preempted/mean:-1.0 - timing_s/agent_loop/generate_sequences/min:1.4250302771106362 - timing_s/agent_loop/generate_sequences/max:8.987379695288837 - timing_s/agent_loop/generate_sequences/mean:4.302333320432808 - timing_s/agent_loop/tool_calls/min:0.0 - timing_s/agent_loop/tool_calls/max:0.0 - timing_s/agent_loop/tool_calls/mean:0.0 - timing_s/agent_loop/compute_score/min:0.004025550559163094 - timing_s/agent_loop/compute_score/max:0.013209348544478416 - timing_s/agent_loop/compute_score/mean:0.005993024940835312 - timing_s/agent_loop/slowest/generate_sequences:8.987379695288837 - timing_s/agent_loop/slowest/tool_calls:0.0 - timing_s/agent_loop/slowest/compute_score:0.0068084727972745895 - timing_s/agent_loop/slowest/num_preempted:-1 - timing_s/agent_loop/slowest/prompt_length:132 - timing_s/agent_loop/slowest/response_length:1880 - timing_s/gen:9.563925790600479 - timing_s/reward:1.6780570149421692e-05 - timing_s/old_log_prob:2.5843681674450636 - timing_s/ref:8.795285605825484 - timing_s/adv:0.003672274760901928 - timing_s/update_actor:9.724531429819763 - timing_s/update_weights:1.3471977729350328 - timing_s/step:32.070219163782895 - timing_s/stop_profile:9.461864829063416e-05 - timing_per_token_ms/update_actor:0.08635277523060865 - timing_per_token_ms/adv:3.260939812902417e-05 - timing_per_token_ms/ref:0.07810117397326695 - timing_per_token_ms/gen:0.09798501926726307 - perf/total_num_tokens:112614 - perf/time_per_step:32.070219163782895 - perf/throughput:3511.482083264829
[36m(TaskRunner pid=272629)[0m step:34 - global_seqlen/min:94387 - global_seqlen/max:94387 - global_seqlen/minmax_diff:0 - global_seqlen/balanced_min:94387 - global_seqlen/balanced_max:94387 - global_seqlen/mean:94387.0 - actor/entropy:0.10321144014596939 - perf/mfu/actor_infer:0.3072243748006943 - actor/pg_clipfrac:0.0007908216412033653 - actor/ppo_kl:-2.9931432436569594e-05 - actor/pg_clipfrac_lower:0.0 - actor/pg_loss:0.05291246229899116 - actor/kl_loss:0.004064556622324744 - actor/kl_coef:0.001 - actor/loss:0.052916524931788445 - actor/grad_norm:0.4979110062122345 - actor/perf/max_memory_allocated_gb:57.54399538040161 - actor/perf/max_memory_reserved_gb:76.45703125 - actor/perf/cpu_memory_used_gb:21.969942092895508 - actor/lr:1e-06 - perf/mfu/actor:0.23756418117350378 - training/global_step:34 - training/epoch:0 - critic/score/mean:0.6875 - critic/score/max:1.0 - critic/score/min:0.0 - critic/rewards/mean:0.6875 - critic/rewards/max:1.0 - critic/rewards/min:0.0 - critic/advantages/mean:-0.053160347044467926 - critic/advantages/max:0.935412585735321 - critic/advantages/min:-2.4748666286468506 - critic/returns/mean:-0.053160347044467926 - critic/returns/max:0.935412585735321 - critic/returns/min:-2.4748666286468506 - response_length/mean:606.2734375 - response_length/max:2048.0 - response_length/min:221.0 - response_length/clip_ratio:0.015625 - response_length_non_aborted/mean:606.2734375 - response_length_non_aborted/max:2048.0 - response_length_non_aborted/min:221.0 - response_length_non_aborted/clip_ratio:0.015625 - response/aborted_ratio:0.0 - prompt_length/mean:131.125 - prompt_length/max:551.0 - prompt_length/min:70.0 - prompt_length/clip_ratio:0.0 - num_turns/min:2 - num_turns/max:2 - num_turns/mean:2.0 - timing_s/start_profile:7.629860192537308e-05 - timing_s/agent_loop/num_preempted/min:-1 - timing_s/agent_loop/num_preempted/max:-1 - timing_s/agent_loop/num_preempted/mean:-1.0 - timing_s/agent_loop/generate_sequences/min:1.446430403739214 - timing_s/agent_loop/generate_sequences/max:9.108267639763653 - timing_s/agent_loop/generate_sequences/mean:3.5262936690851348 - timing_s/agent_loop/tool_calls/min:0.0 - timing_s/agent_loop/tool_calls/max:0.0 - timing_s/agent_loop/tool_calls/mean:0.0 - timing_s/agent_loop/compute_score/min:0.004285277798771858 - timing_s/agent_loop/compute_score/max:0.010920422151684761 - timing_s/agent_loop/compute_score/mean:0.005773792916443199 - timing_s/agent_loop/slowest/generate_sequences:9.108267639763653 - timing_s/agent_loop/slowest/tool_calls:0.0 - timing_s/agent_loop/slowest/compute_score:0.007593454793095589 - timing_s/agent_loop/slowest/num_preempted:-1 - timing_s/agent_loop/slowest/prompt_length:123 - timing_s/agent_loop/slowest/response_length:2048 - timing_s/gen:9.751318708062172 - timing_s/reward:1.997966319322586e-05 - timing_s/old_log_prob:2.2535178596153855 - timing_s/ref:8.343517238274217 - timing_s/adv:0.0036991145461797714 - timing_s/update_actor:8.557712477631867 - timing_s/update_weights:1.294898676685989 - timing_s/step:30.256809837184846 - timing_s/stop_profile:8.442997932434082e-05 - timing_per_token_ms/update_actor:0.09066621968737079 - timing_per_token_ms/adv:3.9190932503202466e-05 - timing_per_token_ms/ref:0.08839688980764529 - timing_per_token_ms/gen:0.12565646570444663 - perf/total_num_tokens:94387 - perf/time_per_step:30.256809837184846 - perf/throughput:3119.5291409737715
[36m(TaskRunner pid=272629)[0m Training Progress:  18%|█▊        | 35/200 [18:29<1:25:18, 31.02s/it]
[36m(WorkerDict pid=273039)[0m INFO:2026-07-28 16:15:00,748:update_weights done, time cost: 0.52s
[36m(TaskRunner pid=272629)[0m Training Progress:  18%|█▊        | 36/200 [19:01<1:25:37, 31.33s/it]
[36m(WorkerDict pid=273039)[0m INFO:2026-07-28 16:15:25,698:update_weights done, time cost: 0.51s
[36m(TaskRunner pid=272629)[0m step:35 - global_seqlen/min:118678 - global_seqlen/max:118678 - global_seqlen/minmax_diff:0 - global_seqlen/balanced_min:118678 - global_seqlen/balanced_max:118678 - global_seqlen/mean:118678.0 - actor/entropy:0.13369502127170563 - perf/mfu/actor_infer:0.32469819421875057 - actor/pg_clipfrac:0.00034738284284685506 - actor/ppo_kl:7.991115785443981e-05 - actor/pg_clipfrac_lower:0.0 - actor/pg_loss:0.03446715814061463 - actor/kl_loss:0.004643497162760468 - actor/kl_coef:0.001 - actor/loss:0.03447180334478617 - actor/grad_norm:0.42764297127723694 - actor/perf/max_memory_allocated_gb:57.54401445388794 - actor/perf/max_memory_reserved_gb:76.45703125 - actor/perf/cpu_memory_used_gb:22.013139724731445 - actor/lr:1e-06 - perf/mfu/actor:0.2536300879936055 - training/global_step:35 - training/epoch:0 - critic/score/mean:0.453125 - critic/score/max:1.0 - critic/score/min:0.0 - critic/rewards/mean:0.453125 - critic/rewards/max:1.0 - critic/rewards/min:0.0 - critic/advantages/mean:-0.03455941379070282 - critic/advantages/max:2.4748666286468506 - critic/advantages/min:-2.4748666286468506 - critic/returns/mean:-0.03455941379070282 - critic/returns/max:2.4748666286468506 - critic/returns/min:-2.4748666286468506 - response_length/mean:757.859375 - response_length/max:2048.0 - response_length/min:186.0 - response_length/clip_ratio:0.0078125 - response_length_non_aborted/mean:757.859375 - response_length_non_aborted/max:2048.0 - response_length_non_aborted/min:186.0 - response_length_non_aborted/clip_ratio:0.0078125 - response/aborted_ratio:0.0 - prompt_length/mean:169.3125 - prompt_length/max:517.0 - prompt_length/min:58.0 - prompt_length/clip_ratio:0.0 - num_turns/min:2 - num_turns/max:2 - num_turns/mean:2.0 - timing_s/start_profile:8.035916835069656e-05 - timing_s/agent_loop/num_preempted/min:-1 - timing_s/agent_loop/num_preempted/max:-1 - timing_s/agent_loop/num_preempted/mean:-1.0 - timing_s/agent_loop/generate_sequences/min:1.239369936287403 - timing_s/agent_loop/generate_sequences/max:9.699859157204628 - timing_s/agent_loop/generate_sequences/mean:4.42517949615285 - timing_s/agent_loop/tool_calls/min:0.0 - timing_s/agent_loop/tool_calls/max:0.0 - timing_s/agent_loop/tool_calls/mean:0.0 - timing_s/agent_loop/compute_score/min:0.004349907860159874 - timing_s/agent_loop/compute_score/max:0.014185319654643536 - timing_s/agent_loop/compute_score/mean:0.0059718655902543105 - timing_s/agent_loop/slowest/generate_sequences:9.699859157204628 - timing_s/agent_loop/slowest/tool_calls:0.0 - timing_s/agent_loop/slowest/compute_score:0.006847752258181572 - timing_s/agent_loop/slowest/num_preempted:-1 - timing_s/agent_loop/slowest/prompt_length:210 - timing_s/agent_loop/slowest/response_length:2048 - timing_s/gen:10.316633862443268 - timing_s/reward:1.5090219676494598e-05 - timing_s/old_log_prob:2.672816041857004 - timing_s/ref:8.44583476986736 - timing_s/adv:0.003682013601064682 - timing_s/update_actor:10.076150855049491 - timing_s/update_weights:1.3200948648154736 - timing_s/step:32.88492244668305 - timing_s/stop_profile:3.3239834010601044e-05 - timing_per_token_ms/update_actor:0.08490327487023282 - timing_per_token_ms/adv:3.1025241418499485e-05 - timing_per_token_ms/ref:0.07116596816484404 - timing_per_token_ms/gen:0.10635047174858533 - perf/total_num_tokens:118678 - perf/time_per_step:32.88492244668305 - perf/throughput:3608.8879392194067
[36m(TaskRunner pid=272629)[0m step:36 - global_seqlen/min:111932 - global_seqlen/max:111932 - global_seqlen/minmax_diff:0 - global_seqlen/balanced_min:111932 - global_seqlen/balanced_max:111932 - global_seqlen/mean:111932.0 - actor/entropy:0.12069589644670486 - perf/mfu/actor_infer:0.32220538939673943 - actor/pg_clipfrac:0.0002587260205473285 - actor/ppo_kl:3.576549312356292e-05 - actor/pg_clipfrac_lower:0.0 - actor/pg_loss:0.004201587755233049 - actor/kl_loss:0.004294218339055078 - actor/kl_coef:0.001 - actor/loss:0.004205882549285889 - actor/grad_norm:0.3128144145011902 - actor/perf/max_memory_allocated_gb:57.54401445388794 - actor/perf/max_memory_reserved_gb:76.45703125 - actor/perf/cpu_memory_used_gb:22.044343948364258 - actor/lr:1e-06 - perf/mfu/actor:0.25084249520744184 - training/global_step:36 - training/epoch:0 - critic/score/mean:0.7109375 - critic/score/max:1.0 - critic/score/min:0.0 - critic/rewards/mean:0.7109375 - critic/rewards/max:1.0 - critic/rewards/min:0.0 - critic/advantages/mean:-0.003977847285568714 - critic/advantages/max:2.4748666286468506 - critic/advantages/min:-2.4748666286468506 - critic/returns/mean:-0.003977847285568714 - critic/returns/max:2.4748666286468506 - critic/returns/min:-2.4748666286468506 - response_length/mean:725.59375 - response_length/max:2048.0 - response_length/min:289.0 - response_length/clip_ratio:0.0078125 - response_length_non_aborted/mean:725.59375 - response_length_non_aborted/max:2048.0 - response_length_non_aborted/min:289.0 - response_length_non_aborted/clip_ratio:0.0078125 - response/aborted_ratio:0.0 - prompt_length/mean:148.875 - prompt_length/max:545.0 - prompt_length/min:57.0 - prompt_length/clip_ratio:0.0 - num_turns/min:2 - num_turns/max:2 - num_turns/mean:2.0 - timing_s/start_profile:7.956009358167648e-05 - timing_s/agent_loop/num_preempted/min:-1 - timing_s/agent_loop/num_preempted/max:-1 - timing_s/agent_loop/num_preempted/mean:-1.0 - timing_s/agent_loop/generate_sequences/min:1.826050796546042 - timing_s/agent_loop/generate_sequences/max:9.527646698057652 - timing_s/agent_loop/generate_sequences/mean:4.166187870105205 - timing_s/agent_loop/tool_calls/min:0.0 - timing_s/agent_loop/tool_calls/max:0.0 - timing_s/agent_loop/tool_calls/mean:0.0 - timing_s/agent_loop/compute_score/min:0.004470545798540115 - timing_s/agent_loop/compute_score/max:0.013248229399323463 - timing_s/agent_loop/compute_score/mean:0.006144540951936506 - timing_s/agent_loop/slowest/generate_sequences:9.527646698057652 - timing_s/agent_loop/slowest/tool_calls:0.0 - timing_s/agent_loop/slowest/compute_score:0.007479686290025711 - timing_s/agent_loop/slowest/num_preempted:-1 - timing_s/agent_loop/slowest/prompt_length:98 - timing_s/agent_loop/slowest/response_length:2048 - timing_s/gen:10.125175373628736 - timing_s/reward:1.6248784959316254e-05 - timing_s/old_log_prob:2.5469216713681817 - timing_s/ref:8.437873770482838 - timing_s/adv:0.003696134313941002 - timing_s/update_actor:9.620096231810749 - timing_s/update_weights:1.2472802819684148 - timing_s/step:32.033437796868384 - timing_s/stop_profile:7.882900536060333e-05 - timing_per_token_ms/update_actor:0.0859458977933991 - timing_per_token_ms/adv:3.302124784637996e-05 - timing_per_token_ms/ref:0.07538392747813706 - timing_per_token_ms/gen:0.10901821109467177 - perf/total_num_tokens:111932 - perf/time_per_step:32.033437796868384 - perf/throughput:3494.223776723164
[36m(TaskRunner pid=272629)[0m Training Progress:  18%|█▊        | 37/200 [19:26<1:19:54, 29.42s/it]
[36m(WorkerDict pid=273039)[0m INFO:2026-07-28 16:15:56,570:update_weights done, time cost: 0.60s
[36m(TaskRunner pid=272629)[0m Training Progress:  19%|█▉        | 38/200 [19:57<1:20:59, 29.99s/it]
[36m(WorkerDict pid=273039)[0m INFO:2026-07-28 16:16:26,470:update_weights done, time cost: 0.51s
[36m(TaskRunner pid=272629)[0m step:37 - global_seqlen/min:74911 - global_seqlen/max:74911 - global_seqlen/minmax_diff:0 - global_seqlen/balanced_min:74911 - global_seqlen/balanced_max:74911 - global_seqlen/mean:74911.0 - actor/entropy:0.11644201725721359 - perf/mfu/actor_infer:0.28339278006366037 - actor/pg_clipfrac:0.00015969381911418168 - actor/ppo_kl:-0.00010794353647725075 - actor/pg_clipfrac_lower:0.0 - actor/pg_loss:0.007855714182369411 - actor/kl_loss:0.007818423342541791 - actor/kl_coef:0.001 - actor/loss:0.007863534614443779 - actor/grad_norm:0.42933011054992676 - actor/perf/max_memory_allocated_gb:57.54401445388794 - actor/perf/max_memory_reserved_gb:76.45703125 - actor/perf/cpu_memory_used_gb:22.117229461669922 - actor/lr:1e-06 - perf/mfu/actor:0.2161959105044832 - training/global_step:37 - training/epoch:0 - critic/score/mean:0.6875 - critic/score/max:1.0 - critic/score/min:0.0 - critic/rewards/mean:0.6875 - critic/rewards/max:1.0 - critic/rewards/min:0.0 - critic/advantages/mean:-0.007839510217308998 - critic/advantages/max:2.4748666286468506 - critic/advantages/min:-1.6201815605163574 - critic/returns/mean:-0.007839510217308998 - critic/returns/max:2.4748666286468506 - critic/returns/min:-1.6201815605163574 - response_length/mean:476.8671875 - response_length/max:1150.0 - response_length/min:146.0 - response_length/clip_ratio:0.0 - response_length_non_aborted/mean:476.8671875 - response_length_non_aborted/max:1150.0 - response_length_non_aborted/min:146.0 - response_length_non_aborted/clip_ratio:0.0 - response/aborted_ratio:0.0 - prompt_length/mean:108.375 - prompt_length/max:268.0 - prompt_length/min:62.0 - prompt_length/clip_ratio:0.0 - num_turns/min:2 - num_turns/max:2 - num_turns/mean:2.0 - timing_s/start_profile:7.240939885377884e-05 - timing_s/agent_loop/num_preempted/min:-1 - timing_s/agent_loop/num_preempted/max:-1 - timing_s/agent_loop/num_preempted/mean:-1.0 - timing_s/agent_loop/generate_sequences/min:0.9609556216746569 - timing_s/agent_loop/generate_sequences/max:5.3867580676451325 - timing_s/agent_loop/generate_sequences/mean:2.6927541448603733 - timing_s/agent_loop/tool_calls/min:0.0 - timing_s/agent_loop/tool_calls/max:0.0 - timing_s/agent_loop/tool_calls/mean:0.0 - timing_s/agent_loop/compute_score/min:0.004400475881993771 - timing_s/agent_loop/compute_score/max:0.008734543807804585 - timing_s/agent_loop/compute_score/mean:0.00569971479853848 - timing_s/agent_loop/slowest/generate_sequences:5.3867580676451325 - timing_s/agent_loop/slowest/tool_calls:0.0 - timing_s/agent_loop/slowest/compute_score:0.007133248262107372 - timing_s/agent_loop/slowest/num_preempted:-1 - timing_s/agent_loop/slowest/prompt_length:128 - timing_s/agent_loop/slowest/response_length:1150 - timing_s/gen:5.977574228309095 - timing_s/reward:1.488998532295227e-05 - timing_s/old_log_prob:1.9446148192510009 - timing_s/ref:8.263330242596567 - timing_s/adv:0.003679173067212105 - timing_s/update_actor:7.46152529399842 - timing_s/update_weights:1.252158842049539 - timing_s/step:24.953038406558335 - timing_s/stop_profile:8.453056216239929e-05 - timing_per_token_ms/update_actor:0.09960520209312945 - timing_per_token_ms/adv:4.911392275115944e-05 - timing_per_token_ms/ref:0.11030863614951832 - timing_per_token_ms/gen:0.09793040889118589 - perf/total_num_tokens:74911 - perf/time_per_step:24.953038406558335 - perf/throughput:3002.0792970971966
[36m(TaskRunner pid=272629)[0m step:38 - global_seqlen/min:96365 - global_seqlen/max:96365 - global_seqlen/minmax_diff:0 - global_seqlen/balanced_min:96365 - global_seqlen/balanced_max:96365 - global_seqlen/mean:96365.0 - actor/entropy:0.1038646399974823 - perf/mfu/actor_infer:0.3063611057109488 - actor/pg_clipfrac:4.740958502225112e-05 - actor/ppo_kl:-2.1380173933494007e-05 - actor/pg_clipfrac_lower:0.0 - actor/pg_loss:0.007319521973840892 - actor/kl_loss:0.004825921401788946 - actor/kl_coef:0.001 - actor/loss:0.007324345409870148 - actor/grad_norm:0.2518767938017845 - actor/perf/max_memory_allocated_gb:57.54401445388794 - actor/perf/max_memory_reserved_gb:76.45703125 - actor/perf/cpu_memory_used_gb:22.097522735595703 - actor/lr:1e-06 - perf/mfu/actor:0.2381219611871187 - training/global_step:38 - training/epoch:0 - critic/score/mean:0.546875 - critic/score/max:1.0 - critic/score/min:0.0 - critic/rewards/mean:0.546875 - critic/rewards/max:1.0 - critic/rewards/min:0.0 - critic/advantages/mean:-0.010191882960498333 - critic/advantages/max:2.4748666286468506 - critic/advantages/min:-0.7245674133300781 - critic/returns/mean:-0.010191882960498333 - critic/returns/max:2.4748666286468506 - critic/returns/min:-0.7245674133300781 - response_length/mean:627.7890625 - response_length/max:2048.0 - response_length/min:153.0 - response_length/clip_ratio:0.03125 - response_length_non_aborted/mean:627.7890625 - response_length_non_aborted/max:2048.0 - response_length_non_aborted/min:153.0 - response_length_non_aborted/clip_ratio:0.03125 - response/aborted_ratio:0.0 - prompt_length/mean:125.0625 - prompt_length/max:314.0 - prompt_length/min:68.0 - prompt_length/clip_ratio:0.0 - num_turns/min:2 - num_turns/max:2 - num_turns/mean:2.0 - timing_s/start_profile:7.511861622333527e-05 - timing_s/agent_loop/num_preempted/min:-1 - timing_s/agent_loop/num_preempted/max:-1 - timing_s/agent_loop/num_preempted/mean:-1.0 - timing_s/agent_loop/generate_sequences/min:0.9994117105379701 - timing_s/agent_loop/generate_sequences/max:9.119184133596718 - timing_s/agent_loop/generate_sequences/mean:3.418708053199225 - timing_s/agent_loop/tool_calls/min:0.0 - timing_s/agent_loop/tool_calls/max:0.0 - timing_s/agent_loop/tool_calls/mean:0.0 - timing_s/agent_loop/compute_score/min:0.004520084708929062 - timing_s/agent_loop/compute_score/max:0.013285597786307335 - timing_s/agent_loop/compute_score/mean:0.006102751671278384 - timing_s/agent_loop/slowest/generate_sequences:9.119184133596718 - timing_s/agent_loop/slowest/tool_calls:0.0 - timing_s/agent_loop/slowest/compute_score:0.00826540868729353 - timing_s/agent_loop/slowest/num_preempted:-1 - timing_s/agent_loop/slowest/prompt_length:90 - timing_s/agent_loop/slowest/response_length:2048 - timing_s/gen:9.729348933324218 - timing_s/reward:1.729000359773636e-05 - timing_s/old_log_prob:2.308739487081766 - timing_s/ref:8.711501399055123 - timing_s/adv:0.003673204220831394 - timing_s/update_actor:8.72085221298039 - timing_s/update_weights:1.8121771337464452 - timing_s/step:31.336546441540122 - timing_s/stop_profile:7.927883416414261e-05 - timing_per_token_ms/update_actor:0.09049812912344098 - timing_per_token_ms/adv:3.81176176083785e-05 - timing_per_token_ms/ref:0.090401093748302 - timing_per_token_ms/gen:0.12107655752858143 - perf/total_num_tokens:96365 - perf/time_per_step:31.336546441540122 - perf/throughput:3075.1633776802328
[36m(TaskRunner pid=272629)[0m Training Progress:  20%|█▉        | 39/200 [20:27<1:20:01, 29.82s/it]
[36m(WorkerDict pid=273039)[0m INFO:2026-07-28 16:16:57,337:update_weights done, time cost: 0.52s
[36m(TaskRunner pid=272629)[0m Training Progress:  20%|██        | 40/200 [20:58<1:20:22, 30.14s/it]
[36m(WorkerDict pid=273039)[0m INFO:2026-07-28 16:17:28,403:update_weights done, time cost: 0.52s
[36m(TaskRunner pid=272629)[0m step:39 - global_seqlen/min:86231 - global_seqlen/max:86231 - global_seqlen/minmax_diff:0 - global_seqlen/balanced_min:86231 - global_seqlen/balanced_max:86231 - global_seqlen/mean:86231.0 - actor/entropy:0.11368438601493835 - perf/mfu/actor_infer:0.2954342563336763 - actor/pg_clipfrac:0.00018593457843962824 - actor/ppo_kl:-0.0001163214211317154 - actor/pg_clipfrac_lower:0.0 - actor/pg_loss:-0.00028695864602923393 - actor/kl_loss:0.005489942395797698 - actor/kl_coef:0.001 - actor/loss:-0.0002814680337905884 - actor/grad_norm:0.2703157216310501 - actor/perf/max_memory_allocated_gb:57.54401445388794 - actor/perf/max_memory_reserved_gb:76.45703125 - actor/perf/cpu_memory_used_gb:22.018606185913086 - actor/lr:1e-06 - perf/mfu/actor:0.22848517629379778 - training/global_step:39 - training/epoch:0 - critic/score/mean:0.703125 - critic/score/max:1.0 - critic/score/min:0.0 - critic/rewards/mean:0.703125 - critic/rewards/max:1.0 - critic/rewards/min:0.0 - critic/advantages/mean:-0.00010266152094118297 - critic/advantages/max:0.7245674133300781 - critic/advantages/min:-2.4748666286468506 - critic/returns/mean:-0.00010266152094118297 - critic/returns/max:0.7245674133300781 - critic/returns/min:-2.4748666286468506 - response_length/mean:582.3671875 - response_length/max:2048.0 - response_length/min:179.0 - response_length/clip_ratio:0.0078125 - response_length_non_aborted/mean:582.3671875 - response_length_non_aborted/max:2048.0 - response_length_non_aborted/min:179.0 - response_length_non_aborted/clip_ratio:0.0078125 - response/aborted_ratio:0.0 - prompt_length/mean:91.3125 - prompt_length/max:142.0 - prompt_length/min:68.0 - prompt_length/clip_ratio:0.0 - num_turns/min:2 - num_turns/max:2 - num_turns/mean:2.0 - timing_s/start_profile:7.397867739200592e-05 - timing_s/agent_loop/num_preempted/min:-1 - timing_s/agent_loop/num_preempted/max:-1 - timing_s/agent_loop/num_preempted/mean:-1.0 - timing_s/agent_loop/generate_sequences/min:1.1680311020463705 - timing_s/agent_loop/generate_sequences/max:8.925467165187001 - timing_s/agent_loop/generate_sequences/mean:3.276306955893233 - timing_s/agent_loop/tool_calls/min:0.0 - timing_s/agent_loop/tool_calls/max:0.0 - timing_s/agent_loop/tool_calls/mean:0.0 - timing_s/agent_loop/compute_score/min:0.0026610642671585083 - timing_s/agent_loop/compute_score/max:0.009173418395221233 - timing_s/agent_loop/compute_score/mean:0.005722686124499887 - timing_s/agent_loop/slowest/generate_sequences:8.925467165187001 - timing_s/agent_loop/slowest/tool_calls:0.0 - timing_s/agent_loop/slowest/compute_score:0.008063250221312046 - timing_s/agent_loop/slowest/num_preempted:-1 - timing_s/agent_loop/slowest/prompt_length:106 - timing_s/agent_loop/slowest/response_length:2048 - timing_s/gen:9.511407391168177 - timing_s/reward:1.5719793736934662e-05 - timing_s/old_log_prob:2.1500856718048453 - timing_s/ref:8.319340073503554 - timing_s/adv:0.0036561144515872 - timing_s/update_actor:8.128337346948683 - timing_s/update_weights:1.2382302964106202 - timing_s/step:29.400854510255158 - timing_s/stop_profile:9.332876652479172e-05 - timing_per_token_ms/update_actor:0.09426235746945627 - timing_per_token_ms/adv:4.2399072857640526e-05 - timing_per_token_ms/ref:0.09647736978005073 - timing_per_token_ms/gen:0.1275962517093245 - perf/total_num_tokens:86231 - perf/time_per_step:29.400854510255158 - perf/throughput:2932.9419650004465
[36m(TaskRunner pid=272629)[0m step:40 - global_seqlen/min:101697 - global_seqlen/max:101697 - global_seqlen/minmax_diff:0 - global_seqlen/balanced_min:101697 - global_seqlen/balanced_max:101697 - global_seqlen/mean:101697.0 - actor/entropy:0.11423802375793457 - perf/mfu/actor_infer:0.3148899512696669 - actor/pg_clipfrac:0.0003375054056959925 - actor/ppo_kl:-2.2163842459121952e-05 - actor/pg_clipfrac_lower:0.0 - actor/pg_loss:0.03489475348033011 - actor/kl_loss:0.004414196508150781 - actor/kl_coef:0.001 - actor/loss:0.03489916864782572 - actor/grad_norm:0.36043208837509155 - actor/perf/max_memory_allocated_gb:57.54401445388794 - actor/perf/max_memory_reserved_gb:76.45703125 - actor/perf/cpu_memory_used_gb:22.043188095092773 - actor/lr:1e-06 - perf/mfu/actor:0.2440891950494917 - training/global_step:40 - training/epoch:0 - critic/score/mean:0.5703125 - critic/score/max:1.0 - critic/score/min:0.0 - critic/rewards/mean:0.5703125 - critic/rewards/max:1.0 - critic/rewards/min:0.0 - critic/advantages/mean:-0.03534480929374695 - critic/advantages/max:2.4748666286468506 - critic/advantages/min:-2.4748666286468506 - critic/returns/mean:-0.03534480929374695 - critic/returns/max:2.4748666286468506 - critic/returns/min:-2.4748666286468506 - response_length/mean:698.5703125 - response_length/max:2048.0 - response_length/min:287.0 - response_length/clip_ratio:0.015625 - response_length_non_aborted/mean:698.5703125 - response_length_non_aborted/max:2048.0 - response_length_non_aborted/min:287.0 - response_length_non_aborted/clip_ratio:0.015625 - response/aborted_ratio:0.0 - prompt_length/mean:95.9375 - prompt_length/max:149.0 - prompt_length/min:61.0 - prompt_length/clip_ratio:0.0 - num_turns/min:2 - num_turns/max:2 - num_turns/mean:2.0 - timing_s/start_profile:7.477868348360062e-05 - timing_s/agent_loop/num_preempted/min:-1 - timing_s/agent_loop/num_preempted/max:-1 - timing_s/agent_loop/num_preempted/mean:-1.0 - timing_s/agent_loop/generate_sequences/min:1.7828972004354 - timing_s/agent_loop/generate_sequences/max:9.27379507664591 - timing_s/agent_loop/generate_sequences/mean:3.979376550152665 - timing_s/agent_loop/tool_calls/min:0.0 - timing_s/agent_loop/tool_calls/max:0.0 - timing_s/agent_loop/tool_calls/mean:0.0 - timing_s/agent_loop/compute_score/min:0.004707912914454937 - timing_s/agent_loop/compute_score/max:0.01037621684372425 - timing_s/agent_loop/compute_score/mean:0.005954296131676529 - timing_s/agent_loop/slowest/generate_sequences:9.27379507664591 - timing_s/agent_loop/slowest/tool_calls:0.0 - timing_s/agent_loop/slowest/compute_score:0.008963922038674355 - timing_s/agent_loop/slowest/num_preempted:-1 - timing_s/agent_loop/slowest/prompt_length:93 - timing_s/agent_loop/slowest/response_length:2048 - timing_s/gen:9.85230970568955 - timing_s/reward:1.5780329704284668e-05 - timing_s/old_log_prob:2.367236780934036 - timing_s/ref:8.382900801487267 - timing_s/adv:0.0036450736224651337 - timing_s/update_actor:8.960220897570252 - timing_s/update_weights:1.2619275450706482 - timing_s/step:30.88011196628213 - timing_s/stop_profile:8.115917444229126e-05 - timing_per_token_ms/update_actor:0.08810703263193853 - timing_per_token_ms/adv:3.584248918321223e-05 - timing_per_token_ms/ref:0.08243016806284617 - timing_per_token_ms/gen:0.11018385436426574 - perf/total_num_tokens:101697 - perf/time_per_step:30.88011196628213 - perf/throughput:3293.284691164415
[36m(TaskRunner pid=272629)[0m Training Progress:  20%|██        | 41/200 [21:29<1:20:35, 30.41s/it]
[36m(WorkerDict pid=273039)[0m INFO:2026-07-28 16:17:58,818:update_weights done, time cost: 0.53s
[36m(TaskRunner pid=272629)[0m Training Progress:  21%|██        | 42/200 [21:59<1:20:06, 30.42s/it]
[36m(WorkerDict pid=273039)[0m INFO:2026-07-28 16:18:26,489:update_weights done, time cost: 0.54s
[36m(TaskRunner pid=272629)[0m step:41 - global_seqlen/min:102272 - global_seqlen/max:102272 - global_seqlen/minmax_diff:0 - global_seqlen/balanced_min:102272 - global_seqlen/balanced_max:102272 - global_seqlen/mean:102272.0 - actor/entropy:0.12181185185909271 - perf/mfu/actor_infer:0.31214260219091666 - actor/pg_clipfrac:0.0003899478560924763 - actor/ppo_kl:-1.646443885761073e-05 - actor/pg_clipfrac_lower:0.0 - actor/pg_loss:-0.007337304123211652 - actor/kl_loss:0.005472620698128594 - actor/kl_coef:0.001 - actor/loss:-0.007331835106015205 - actor/grad_norm:0.4713326245546341 - actor/perf/max_memory_allocated_gb:57.54401445388794 - actor/perf/max_memory_reserved_gb:76.45703125 - actor/perf/cpu_memory_used_gb:22.047590255737305 - actor/lr:1e-06 - perf/mfu/actor:0.2444682461793658 - training/global_step:41 - training/epoch:0 - critic/score/mean:0.640625 - critic/score/max:1.0 - critic/score/min:0.0 - critic/rewards/mean:0.640625 - critic/rewards/max:1.0 - critic/rewards/min:0.0 - critic/advantages/mean:0.007396593224257231 - critic/advantages/max:2.4748666286468506 - critic/advantages/min:-2.4748666286468506 - critic/returns/mean:0.007396593224257231 - critic/returns/max:2.4748666286468506 - critic/returns/min:-2.4748666286468506 - response_length/mean:694.6875 - response_length/max:2048.0 - response_length/min:243.0 - response_length/clip_ratio:0.015625 - response_length_non_aborted/mean:694.6875 - response_length_non_aborted/max:2048.0 - response_length_non_aborted/min:243.0 - response_length_non_aborted/clip_ratio:0.015625 - response/aborted_ratio:0.0 - prompt_length/mean:104.3125 - prompt_length/max:196.0 - prompt_length/min:56.0 - prompt_length/clip_ratio:0.0 - num_turns/min:2 - num_turns/max:2 - num_turns/mean:2.0 - timing_s/start_profile:7.666833698749542e-05 - timing_s/agent_loop/num_preempted/min:-1 - timing_s/agent_loop/num_preempted/max:-1 - timing_s/agent_loop/num_preempted/mean:-1.0 - timing_s/agent_loop/generate_sequences/min:1.5619391342625022 - timing_s/agent_loop/generate_sequences/max:9.3665139535442 - timing_s/agent_loop/generate_sequences/mean:3.983737413029303 - timing_s/agent_loop/tool_calls/min:0.0 - timing_s/agent_loop/tool_calls/max:0.0 - timing_s/agent_loop/tool_calls/mean:0.0 - timing_s/agent_loop/compute_score/min:0.00404044333845377 - timing_s/agent_loop/compute_score/max:0.011329243890941143 - timing_s/agent_loop/compute_score/mean:0.005941264440480154 - timing_s/agent_loop/slowest/generate_sequences:9.3665139535442 - timing_s/agent_loop/slowest/tool_calls:0.0 - timing_s/agent_loop/slowest/compute_score:0.008014898747205734 - timing_s/agent_loop/slowest/num_preempted:-1 - timing_s/agent_loop/slowest/prompt_length:96 - timing_s/agent_loop/slowest/response_length:2048 - timing_s/gen:9.962613521143794 - timing_s/reward:1.730024814605713e-05 - timing_s/old_log_prob:2.3960135262459517 - timing_s/ref:8.385471477173269 - timing_s/adv:0.0036426717415452003 - timing_s/update_actor:8.99265616107732 - timing_s/update_weights:1.2561619905754924 - timing_s/step:31.047330105677247 - timing_s/stop_profile:7.869862020015717e-05 - timing_per_token_ms/update_actor:0.08792881884657894 - timing_per_token_ms/adv:3.5617488086135014e-05 - timing_per_token_ms/ref:0.08199185971891886 - timing_per_token_ms/gen:0.11204018804705121 - perf/total_num_tokens:102272 - perf/time_per_step:31.047330105677247 - perf/throughput:3294.06746576572
[36m(TaskRunner pid=272629)[0m step:42 - global_seqlen/min:97026 - global_seqlen/max:97026 - global_seqlen/minmax_diff:0 - global_seqlen/balanced_min:97026 - global_seqlen/balanced_max:97026 - global_seqlen/mean:97026.0 - actor/entropy:0.11162537336349487 - perf/mfu/actor_infer:0.30707769533121737 - actor/pg_clipfrac:0.00029919677172074444 - actor/ppo_kl:-6.874458586025867e-05 - actor/pg_clipfrac_lower:0.0 - actor/pg_loss:0.0354122556746006 - actor/kl_loss:0.005696590224033571 - actor/kl_coef:0.001 - actor/loss:0.03541795630007982 - actor/grad_norm:0.39936093986034393 - actor/perf/max_memory_allocated_gb:57.54401445388794 - actor/perf/max_memory_reserved_gb:76.45703125 - actor/perf/cpu_memory_used_gb:22.064598083496094 - actor/lr:1e-06 - perf/mfu/actor:0.23921333635425474 - training/global_step:42 - training/epoch:0 - critic/score/mean:0.5625 - critic/score/max:1.0 - critic/score/min:0.0 - critic/rewards/mean:0.5625 - critic/rewards/max:1.0 - critic/rewards/min:0.0 - critic/advantages/mean:-0.035847339779138565 - critic/advantages/max:1.6201815605163574 - critic/advantages/min:-2.4748666286468506 - critic/returns/mean:-0.035847339779138565 - critic/returns/max:1.6201815605163574 - critic/returns/min:-2.4748666286468506 - response_length/mean:649.078125 - response_length/max:2048.0 - response_length/min:163.0 - response_length/clip_ratio:0.0078125 - response_length_non_aborted/mean:649.078125 - response_length_non_aborted/max:2048.0 - response_length_non_aborted/min:163.0 - response_length_non_aborted/clip_ratio:0.0078125 - response/aborted_ratio:0.0 - prompt_length/mean:108.9375 - prompt_length/max:240.0 - prompt_length/min:62.0 - prompt_length/clip_ratio:0.0 - num_turns/min:2 - num_turns/max:2 - num_turns/mean:2.0 - timing_s/start_profile:3.3989548683166504e-05 - timing_s/agent_loop/num_preempted/min:-1 - timing_s/agent_loop/num_preempted/max:-1 - timing_s/agent_loop/num_preempted/mean:-1.0 - timing_s/agent_loop/generate_sequences/min:1.0208253366872668 - timing_s/agent_loop/generate_sequences/max:9.133394356817007 - timing_s/agent_loop/generate_sequences/mean:3.688789805106353 - timing_s/agent_loop/tool_calls/min:0.0 - timing_s/agent_loop/tool_calls/max:0.0 - timing_s/agent_loop/tool_calls/mean:0.0 - timing_s/agent_loop/compute_score/min:0.004748833365738392 - timing_s/agent_loop/compute_score/max:0.008331187069416046 - timing_s/agent_loop/compute_score/mean:0.005816141325340141 - timing_s/agent_loop/slowest/generate_sequences:9.133394356817007 - timing_s/agent_loop/slowest/tool_calls:0.0 - timing_s/agent_loop/slowest/compute_score:0.008331187069416046 - timing_s/agent_loop/slowest/num_preempted:-1 - timing_s/agent_loop/slowest/prompt_length:170 - timing_s/agent_loop/slowest/response_length:2048 - timing_s/gen:9.697296253405511 - timing_s/reward:2.1568499505519867e-05 - timing_s/old_log_prob:2.304857997223735 - timing_s/ref:8.35562573838979 - timing_s/adv:0.0036819307133555412 - timing_s/update_actor:8.728125473484397 - timing_s/update_weights:1.2812630711123347 - timing_s/step:30.421958684921265 - timing_s/stop_profile:7.999967783689499e-05 - timing_per_token_ms/update_actor:0.08995656291596477 - timing_per_token_ms/adv:3.7947876995398565e-05 - timing_per_token_ms/ref:0.0861173885184362 - timing_per_token_ms/gen:0.11671958129806109 - perf/total_num_tokens:97026 - perf/time_per_step:30.421958684921265 - perf/throughput:3189.3409955911625
[36m(TaskRunner pid=272629)[0m Training Progress:  22%|██▏       | 43/200 [22:27<1:17:26, 29.60s/it]
[36m(WorkerDict pid=273039)[0m INFO:2026-07-28 16:18:54,413:update_weights done, time cost: 0.53s
[36m(TaskRunner pid=272629)[0m Training Progress:  22%|██▏       | 44/200 [22:55<1:15:38, 29.09s/it]
[36m(WorkerDict pid=273039)[0m INFO:2026-07-28 16:19:27,205:update_weights done, time cost: 0.51s
[36m(TaskRunner pid=272629)[0m step:43 - global_seqlen/min:78761 - global_seqlen/max:78761 - global_seqlen/minmax_diff:0 - global_seqlen/balanced_min:78761 - global_seqlen/balanced_max:78761 - global_seqlen/mean:78761.0 - actor/entropy:0.0758729875087738 - perf/mfu/actor_infer:0.28735183271543124 - actor/pg_clipfrac:0.00018416619059280492 - actor/ppo_kl:-6.743985159118893e-05 - actor/pg_clipfrac_lower:0.0 - actor/pg_loss:0.013524304376915097 - actor/kl_loss:0.0054212215763982385 - actor/kl_coef:0.001 - actor/loss:0.01352972723543644 - actor/grad_norm:0.372490331530571 - actor/perf/max_memory_allocated_gb:57.54401445388794 - actor/perf/max_memory_reserved_gb:76.45703125 - actor/perf/cpu_memory_used_gb:22.097599029541016 - actor/lr:1e-06 - perf/mfu/actor:0.21983911151825553 - training/global_step:43 - training/epoch:0 - critic/score/mean:0.8671875 - critic/score/max:1.0 - critic/score/min:0.0 - critic/rewards/mean:0.8671875 - critic/rewards/max:1.0 - critic/rewards/min:0.0 - critic/advantages/mean:-0.013861781917512417 - critic/advantages/max:1.6201815605163574 - critic/advantages/min:-2.4748666286468506 - critic/returns/mean:-0.013861781917512417 - critic/returns/max:1.6201815605163574 - critic/returns/min:-2.4748666286468506 - response_length/mean:518.8828125 - response_length/max:1796.0 - response_length/min:198.0 - response_length/clip_ratio:0.0 - response_length_non_aborted/mean:518.8828125 - response_length_non_aborted/max:1796.0 - response_length_non_aborted/min:198.0 - response_length_non_aborted/clip_ratio:0.0 - response/aborted_ratio:0.0 - prompt_length/mean:96.4375 - prompt_length/max:166.0 - prompt_length/min:56.0 - prompt_length/clip_ratio:0.0 - num_turns/min:2 - num_turns/max:2 - num_turns/mean:2.0 - timing_s/start_profile:7.81891867518425e-05 - timing_s/agent_loop/num_preempted/min:-1 - timing_s/agent_loop/num_preempted/max:-1 - timing_s/agent_loop/num_preempted/mean:-1.0 - timing_s/agent_loop/generate_sequences/min:1.2787823965772986 - timing_s/agent_loop/generate_sequences/max:7.778388966806233 - timing_s/agent_loop/generate_sequences/mean:2.9077125327676185 - timing_s/agent_loop/tool_calls/min:0.0 - timing_s/agent_loop/tool_calls/max:0.0 - timing_s/agent_loop/tool_calls/mean:0.0 - timing_s/agent_loop/compute_score/min:0.003994947299361229 - timing_s/agent_loop/compute_score/max:0.010925987735390663 - timing_s/agent_loop/compute_score/mean:0.005696518965123687 - timing_s/agent_loop/slowest/generate_sequences:7.778388966806233 - timing_s/agent_loop/slowest/tool_calls:0.0 - timing_s/agent_loop/slowest/compute_score:0.007815256714820862 - timing_s/agent_loop/slowest/num_preempted:-1 - timing_s/agent_loop/slowest/prompt_length:113 - timing_s/agent_loop/slowest/response_length:1796 - timing_s/gen:8.348935883492231 - timing_s/reward:1.6430392861366272e-05 - timing_s/old_log_prob:2.0104800667613745 - timing_s/ref:8.266004997305572 - timing_s/adv:0.0036367932334542274 - timing_s/update_actor:7.702182138338685 - timing_s/update_weights:1.2863148003816605 - timing_s/step:27.66792809870094 - timing_s/stop_profile:7.429905235767365e-05 - timing_per_token_ms/update_actor:0.09779182766011967 - timing_per_token_ms/adv:4.6175051528729035e-05 - timing_per_token_ms/ref:0.10495048307291137 - timing_per_token_ms/gen:0.12570480273863968 - perf/total_num_tokens:78761 - perf/time_per_step:27.66792809870094 - perf/throughput:2846.653342419882
[36m(TaskRunner pid=272629)[0m step:44 - global_seqlen/min:86835 - global_seqlen/max:86835 - global_seqlen/minmax_diff:0 - global_seqlen/balanced_min:86835 - global_seqlen/balanced_max:86835 - global_seqlen/mean:86835.0 - actor/entropy:0.10947032272815704 - perf/mfu/actor_infer:0.2989279925767314 - actor/pg_clipfrac:0.0006351270621962612 - actor/ppo_kl:-0.00015204290775727713 - actor/pg_clipfrac_lower:0.0 - actor/pg_loss:0.02070357569027692 - actor/kl_loss:0.005461164932057727 - actor/kl_coef:0.001 - actor/loss:0.020709038246423006 - actor/grad_norm:0.5233217477798462 - actor/perf/max_memory_allocated_gb:57.54401445388794 - actor/perf/max_memory_reserved_gb:76.45703125 - actor/perf/cpu_memory_used_gb:22.040908813476562 - actor/lr:1e-06 - perf/mfu/actor:0.22920475274739022 - training/global_step:44 - training/epoch:0 - critic/score/mean:0.671875 - critic/score/max:1.0 - critic/score/min:0.0 - critic/rewards/mean:0.671875 - critic/rewards/max:1.0 - critic/rewards/min:0.0 - critic/advantages/mean:-0.02073504775762558 - critic/advantages/max:1.6201815605163574 - critic/advantages/min:-2.4748666286468506 - critic/returns/mean:-0.02073504775762558 - critic/returns/max:1.6201815605163574 - critic/returns/min:-2.4748666286468506 - response_length/mean:568.8359375 - response_length/max:1543.0 - response_length/min:226.0 - response_length/clip_ratio:0.0 - response_length_non_aborted/mean:568.8359375 - response_length_non_aborted/max:1543.0 - response_length_non_aborted/min:226.0 - response_length_non_aborted/clip_ratio:0.0 - response/aborted_ratio:0.0 - prompt_length/mean:109.5625 - prompt_length/max:408.0 - prompt_length/min:56.0 - prompt_length/clip_ratio:0.0 - num_turns/min:2 - num_turns/max:2 - num_turns/mean:2.0 - timing_s/start_profile:7.685832679271698e-05 - timing_s/agent_loop/num_preempted/min:-1 - timing_s/agent_loop/num_preempted/max:-1 - timing_s/agent_loop/num_preempted/mean:-1.0 - timing_s/agent_loop/generate_sequences/min:1.42058399412781 - timing_s/agent_loop/generate_sequences/max:7.080809699371457 - timing_s/agent_loop/generate_sequences/mean:3.2124717856859206 - timing_s/agent_loop/tool_calls/min:0.0 - timing_s/agent_loop/tool_calls/max:0.0 - timing_s/agent_loop/tool_calls/mean:0.0 - timing_s/agent_loop/compute_score/min:0.004351602867245674 - timing_s/agent_loop/compute_score/max:0.011813847348093987 - timing_s/agent_loop/compute_score/mean:0.005806666689750273 - timing_s/agent_loop/slowest/generate_sequences:7.080809699371457 - timing_s/agent_loop/slowest/tool_calls:0.0 - timing_s/agent_loop/slowest/compute_score:0.006768085062503815 - timing_s/agent_loop/slowest/num_preempted:-1 - timing_s/agent_loop/slowest/prompt_length:70 - timing_s/agent_loop/slowest/response_length:1543 - timing_s/gen:7.661185955628753 - timing_s/reward:1.634005457162857e-05 - timing_s/old_log_prob:2.4807777628302574 - timing_s/ref:8.29151592683047 - timing_s/adv:0.0036685531958937645 - timing_s/update_actor:8.148197098635137 - timing_s/update_weights:1.2819098709151149 - timing_s/step:27.916664514690638 - timing_s/stop_profile:8.0818310379982e-05 - timing_per_token_ms/update_actor:0.09383540160805133 - timing_per_token_ms/adv:4.2247402497768924e-05 - timing_per_token_ms/ref:0.0954858746683995 - timing_per_token_ms/gen:0.10522017216668846 - perf/total_num_tokens:86835 - perf/time_per_step:27.916664514690638 - perf/throughput:3110.5077024622574
[36m(TaskRunner pid=272629)[0m Training Progress:  22%|██▎       | 45/200 [23:28<1:18:00, 30.20s/it]
[36m(WorkerDict pid=273039)[0m INFO:2026-07-28 16:19:54,955:update_weights done, time cost: 0.54s
[36m(TaskRunner pid=272629)[0m Training Progress:  23%|██▎       | 46/200 [23:55<1:15:37, 29.47s/it]
[36m(WorkerDict pid=273039)[0m INFO:2026-07-28 16:20:27,619:update_weights done, time cost: 0.53s
[36m(TaskRunner pid=272629)[0m step:45 - global_seqlen/min:119162 - global_seqlen/max:119162 - global_seqlen/minmax_diff:0 - global_seqlen/balanced_min:119162 - global_seqlen/balanced_max:119162 - global_seqlen/mean:119162.0 - actor/entropy:0.09329508244991302 - perf/mfu/actor_infer:0.3246908392034008 - actor/pg_clipfrac:0.0003112285698989581 - actor/ppo_kl:2.9007020657445537e-05 - actor/pg_clipfrac_lower:0.0 - actor/pg_loss:0.03691948082996532 - actor/kl_loss:0.004644263584850705 - actor/kl_coef:0.001 - actor/loss:0.03692411817610264 - actor/grad_norm:0.3668956756591797 - actor/perf/max_memory_allocated_gb:57.54401636123657 - actor/perf/max_memory_reserved_gb:76.45703125 - actor/perf/cpu_memory_used_gb:22.076528549194336 - actor/lr:1e-06 - perf/mfu/actor:0.25434548111739447 - training/global_step:45 - training/epoch:0 - critic/score/mean:0.5546875 - critic/score/max:1.0 - critic/score/min:0.0 - critic/rewards/mean:0.5546875 - critic/rewards/max:1.0 - critic/rewards/min:0.0 - critic/advantages/mean:-0.036721233278512955 - critic/advantages/max:1.6201815605163574 - critic/advantages/min:-1.20761239528656 - critic/returns/mean:-0.036721233278512955 - critic/returns/max:1.6201815605163574 - critic/returns/min:-1.20761239528656 - response_length/mean:810.640625 - response_length/max:2048.0 - response_length/min:298.0 - response_length/clip_ratio:0.0234375 - response_length_non_aborted/mean:810.640625 - response_length_non_aborted/max:2048.0 - response_length_non_aborted/min:298.0 - response_length_non_aborted/clip_ratio:0.0234375 - response/aborted_ratio:0.0 - prompt_length/mean:120.3125 - prompt_length/max:312.0 - prompt_length/min:67.0 - prompt_length/clip_ratio:0.0 - num_turns/min:2 - num_turns/max:2 - num_turns/mean:2.0 - timing_s/start_profile:7.990840822458267e-05 - timing_s/agent_loop/num_preempted/min:-1 - timing_s/agent_loop/num_preempted/max:-1 - timing_s/agent_loop/num_preempted/mean:-1.0 - timing_s/agent_loop/generate_sequences/min:1.8711865274235606 - timing_s/agent_loop/generate_sequences/max:9.672753675840795 - timing_s/agent_loop/generate_sequences/mean:4.589022619446041 - timing_s/agent_loop/tool_calls/min:0.0 - timing_s/agent_loop/tool_calls/max:0.0 - timing_s/agent_loop/tool_calls/mean:0.0 - timing_s/agent_loop/compute_score/min:0.0038558412343263626 - timing_s/agent_loop/compute_score/max:0.008183985948562622 - timing_s/agent_loop/compute_score/mean:0.005961560978903435 - timing_s/agent_loop/slowest/generate_sequences:9.672753675840795 - timing_s/agent_loop/slowest/tool_calls:0.0 - timing_s/agent_loop/slowest/compute_score:0.008183985948562622 - timing_s/agent_loop/slowest/num_preempted:-1 - timing_s/agent_loop/slowest/prompt_length:92 - timing_s/agent_loop/slowest/response_length:2048 - timing_s/gen:10.2483039945364 - timing_s/reward:1.6779638826847076e-05 - timing_s/old_log_prob:2.6806530617177486 - timing_s/ref:8.465225419960916 - timing_s/adv:0.0036234548315405846 - timing_s/update_actor:10.079197253100574 - timing_s/update_weights:1.2409068634733558 - timing_s/step:32.768682934343815 - timing_s/stop_profile:7.802899926900864e-05 - timing_per_token_ms/update_actor:0.08458398862976933 - timing_per_token_ms/adv:3.040780476612162e-05 - timing_per_token_ms/ref:0.07103963864286363 - timing_per_token_ms/gen:0.09876740998184692 - perf/total_num_tokens:119162 - perf/time_per_step:32.768682934343815 - perf/throughput:3636.459855245207
[36m(TaskRunner pid=272629)[0m step:46 - global_seqlen/min:89333 - global_seqlen/max:89333 - global_seqlen/minmax_diff:0 - global_seqlen/balanced_min:89333 - global_seqlen/balanced_max:89333 - global_seqlen/mean:89333.0 - actor/entropy:0.11366171389818192 - perf/mfu/actor_infer:0.3025981511463529 - actor/pg_clipfrac:0.0002768547728919657 - actor/ppo_kl:8.644539877877833e-05 - actor/pg_clipfrac_lower:0.0 - actor/pg_loss:-0.0001930641010403633 - actor/kl_loss:0.006584316026419401 - actor/kl_coef:0.001 - actor/loss:-0.00018647965043783188 - actor/grad_norm:0.3586854189634323 - actor/perf/max_memory_allocated_gb:57.54401636123657 - actor/perf/max_memory_reserved_gb:76.45703125 - actor/perf/cpu_memory_used_gb:22.08047103881836 - actor/lr:1e-06 - perf/mfu/actor:0.23312872216096625 - training/global_step:46 - training/epoch:0 - critic/score/mean:0.6875 - critic/score/max:1.0 - critic/score/min:0.0 - critic/rewards/mean:0.6875 - critic/rewards/max:1.0 - critic/rewards/min:0.0 - critic/advantages/mean:0.0002618945436552167 - critic/advantages/max:2.4748666286468506 - critic/advantages/min:-2.4748666286468506 - critic/returns/mean:0.0002618945436552167 - critic/returns/max:2.4748666286468506 - critic/returns/min:-2.4748666286468506 - response_length/mean:558.9765625 - response_length/max:1551.0 - response_length/min:238.0 - response_length/clip_ratio:0.0 - response_length_non_aborted/mean:558.9765625 - response_length_non_aborted/max:1551.0 - response_length_non_aborted/min:238.0 - response_length_non_aborted/clip_ratio:0.0 - response/aborted_ratio:0.0 - prompt_length/mean:138.9375 - prompt_length/max:332.0 - prompt_length/min:59.0 - prompt_length/clip_ratio:0.0 - num_turns/min:2 - num_turns/max:2 - num_turns/mean:2.0 - timing_s/start_profile:7.43083655834198e-05 - timing_s/agent_loop/num_preempted/min:-1 - timing_s/agent_loop/num_preempted/max:-1 - timing_s/agent_loop/num_preempted/mean:-1.0 - timing_s/agent_loop/generate_sequences/min:1.527867523021996 - timing_s/agent_loop/generate_sequences/max:7.114956247620285 - timing_s/agent_loop/generate_sequences/mean:3.212356573836587 - timing_s/agent_loop/tool_calls/min:0.0 - timing_s/agent_loop/tool_calls/max:0.0 - timing_s/agent_loop/tool_calls/mean:0.0 - timing_s/agent_loop/compute_score/min:0.0042940955609083176 - timing_s/agent_loop/compute_score/max:0.007919581606984138 - timing_s/agent_loop/compute_score/mean:0.005788107904663775 - timing_s/agent_loop/slowest/generate_sequences:7.114956247620285 - timing_s/agent_loop/slowest/tool_calls:0.0 - timing_s/agent_loop/slowest/compute_score:0.007919581606984138 - timing_s/agent_loop/slowest/num_preempted:-1 - timing_s/agent_loop/slowest/prompt_length:137 - timing_s/agent_loop/slowest/response_length:1551 - timing_s/gen:7.692426659166813 - timing_s/reward:1.597963273525238e-05 - timing_s/old_log_prob:2.1613352512940764 - timing_s/ref:8.321681628935039 - timing_s/adv:0.0036579053848981857 - timing_s/update_actor:8.241043496876955 - timing_s/update_weights:1.2822728361934423 - timing_s/step:27.75303510390222 - timing_s/stop_profile:4.682876169681549e-05 - timing_per_token_ms/update_actor:0.09225083112485817 - timing_per_token_ms/adv:4.0946854856527665e-05 - timing_per_token_ms/ref:0.0931535001503928 - timing_per_token_ms/gen:0.10751270680466272 - perf/total_num_tokens:89333 - perf/time_per_step:27.75303510390222 - perf/throughput:3218.855150997136
[36m(TaskRunner pid=272629)[0m Training Progress:  24%|██▎       | 47/200 [24:28<1:17:35, 30.43s/it]
[36m(WorkerDict pid=273039)[0m INFO:2026-07-28 16:20:58,903:update_weights done, time cost: 0.66s
[36m(TaskRunner pid=272629)[0m Training Progress:  24%|██▍       | 48/200 [25:00<1:17:58, 30.78s/it]
[36m(WorkerDict pid=273039)[0m INFO:2026-07-28 16:21:31,103:update_weights done, time cost: 0.52s
[36m(TaskRunner pid=272629)[0m step:47 - global_seqlen/min:116235 - global_seqlen/max:116235 - global_seqlen/minmax_diff:0 - global_seqlen/balanced_min:116235 - global_seqlen/balanced_max:116235 - global_seqlen/mean:116235.0 - actor/entropy:0.11156727373600006 - perf/mfu/actor_infer:0.32118942889753416 - actor/pg_clipfrac:0.00022468298811872955 - actor/ppo_kl:-0.00010039922779014887 - actor/pg_clipfrac_lower:0.0 - actor/pg_loss:0.017190439146361314 - actor/kl_loss:0.0056363645981036825 - actor/kl_coef:0.001 - actor/loss:0.01719607412815094 - actor/grad_norm:0.3097890019416809 - actor/perf/max_memory_allocated_gb:57.54401636123657 - actor/perf/max_memory_reserved_gb:76.45703125 - actor/perf/cpu_memory_used_gb:22.072057723999023 - actor/lr:1e-06 - perf/mfu/actor:0.25080139754870884 - training/global_step:47 - training/epoch:0 - critic/score/mean:0.53125 - critic/score/max:1.0 - critic/score/min:0.0 - critic/rewards/mean:0.53125 - critic/rewards/max:1.0 - critic/rewards/min:0.0 - critic/advantages/mean:-0.01703205332159996 - critic/advantages/max:1.6201815605163574 - critic/advantages/min:-2.4748666286468506 - critic/returns/mean:-0.01703205332159996 - critic/returns/max:1.6201815605163574 - critic/returns/min:-2.4748666286468506 - response_length/mean:750.4609375 - response_length/max:2048.0 - response_length/min:102.0 - response_length/clip_ratio:0.0234375 - response_length_non_aborted/mean:750.4609375 - response_length_non_aborted/max:2048.0 - response_length_non_aborted/min:102.0 - response_length_non_aborted/clip_ratio:0.0234375 - response/aborted_ratio:0.0 - prompt_length/mean:157.625 - prompt_length/max:761.0 - prompt_length/min:59.0 - prompt_length/clip_ratio:0.0 - num_turns/min:2 - num_turns/max:2 - num_turns/mean:2.0 - timing_s/start_profile:2.892967313528061e-05 - timing_s/agent_loop/num_preempted/min:-1 - timing_s/agent_loop/num_preempted/max:-1 - timing_s/agent_loop/num_preempted/mean:-1.0 - timing_s/agent_loop/generate_sequences/min:0.7097233422100544 - timing_s/agent_loop/generate_sequences/max:9.670937240123749 - timing_s/agent_loop/generate_sequences/mean:4.308498599515588 - timing_s/agent_loop/tool_calls/min:0.0 - timing_s/agent_loop/tool_calls/max:0.0 - timing_s/agent_loop/tool_calls/mean:0.0 - timing_s/agent_loop/compute_score/min:0.004321105778217316 - timing_s/agent_loop/compute_score/max:0.013661399483680725 - timing_s/agent_loop/compute_score/mean:0.006164025362522807 - timing_s/agent_loop/slowest/generate_sequences:9.670937240123749 - timing_s/agent_loop/slowest/tool_calls:0.0 - timing_s/agent_loop/slowest/compute_score:0.006187198683619499 - timing_s/agent_loop/slowest/num_preempted:-1 - timing_s/agent_loop/slowest/prompt_length:89 - timing_s/agent_loop/slowest/response_length:2048 - timing_s/gen:10.252811315469444 - timing_s/reward:1.5780329704284668e-05 - timing_s/old_log_prob:2.650946818292141 - timing_s/ref:8.454767927527428 - timing_s/adv:0.003631576895713806 - timing_s/update_actor:9.979570968076587 - timing_s/update_weights:1.2839478189125657 - timing_s/step:32.6752334497869 - timing_s/stop_profile:7.420871406793594e-05 - timing_per_token_ms/update_actor:0.08585685007163579 - timing_per_token_ms/adv:3.124340255270621e-05 - timing_per_token_ms/ref:0.07273857209556009 - timing_per_token_ms/gen:0.10673452061201391 - perf/total_num_tokens:116235 - perf/time_per_step:32.6752334497869 - perf/throughput:3557.2813941366976
[36m(TaskRunner pid=272629)[0m step:48 - global_seqlen/min:105025 - global_seqlen/max:105025 - global_seqlen/minmax_diff:0 - global_seqlen/balanced_min:105025 - global_seqlen/balanced_max:105025 - global_seqlen/mean:105025.0 - actor/entropy:0.09062621742486954 - perf/mfu/actor_infer:0.314175096367138 - actor/pg_clipfrac:0.0001968541655514855 - actor/ppo_kl:6.391443383790829e-05 - actor/pg_clipfrac_lower:0.0 - actor/pg_loss:-0.012192734749987721 - actor/kl_loss:0.00508536533016013 - actor/kl_coef:0.001 - actor/loss:-0.012187648564577103 - actor/grad_norm:0.2951999828219414 - actor/perf/max_memory_allocated_gb:57.54401636123657 - actor/perf/max_memory_reserved_gb:76.45703125 - actor/perf/cpu_memory_used_gb:22.078044891357422 - actor/lr:1e-06 - perf/mfu/actor:0.24446301131561804 - training/global_step:48 - training/epoch:0 - critic/score/mean:0.625 - critic/score/max:1.0 - critic/score/min:0.0 - critic/rewards/mean:0.625 - critic/rewards/max:1.0 - critic/rewards/min:0.0 - critic/advantages/mean:0.011870518326759338 - critic/advantages/max:2.4748666286468506 - critic/advantages/min:-1.20761239528656 - critic/returns/mean:0.011870518326759338 - critic/returns/max:2.4748666286468506 - critic/returns/min:-1.20761239528656 - response_length/mean:725.3828125 - response_length/max:1975.0 - response_length/min:204.0 - response_length/clip_ratio:0.0 - response_length_non_aborted/mean:725.3828125 - response_length_non_aborted/max:1975.0 - response_length_non_aborted/min:204.0 - response_length_non_aborted/clip_ratio:0.0 - response/aborted_ratio:0.0 - prompt_length/mean:95.125 - prompt_length/max:142.0 - prompt_length/min:60.0 - prompt_length/clip_ratio:0.0 - num_turns/min:2 - num_turns/max:2 - num_turns/mean:2.0 - timing_s/start_profile:7.628928869962692e-05 - timing_s/agent_loop/num_preempted/min:-1 - timing_s/agent_loop/num_preempted/max:-1 - timing_s/agent_loop/num_preempted/mean:-1.0 - timing_s/agent_loop/generate_sequences/min:1.2754139062017202 - timing_s/agent_loop/generate_sequences/max:9.102658779360354 - timing_s/agent_loop/generate_sequences/mean:4.060195919235412 - timing_s/agent_loop/tool_calls/min:0.0 - timing_s/agent_loop/tool_calls/max:0.0 - timing_s/agent_loop/tool_calls/mean:0.0 - timing_s/agent_loop/compute_score/min:0.0045347437262535095 - timing_s/agent_loop/compute_score/max:0.02297711744904518 - timing_s/agent_loop/compute_score/mean:0.006184715428389609 - timing_s/agent_loop/slowest/generate_sequences:9.102658779360354 - timing_s/agent_loop/slowest/tool_calls:0.0 - timing_s/agent_loop/slowest/compute_score:0.00790418591350317 - timing_s/agent_loop/slowest/num_preempted:-1 - timing_s/agent_loop/slowest/prompt_length:142 - timing_s/agent_loop/slowest/response_length:1975 - timing_s/gen:9.693306392990053 - timing_s/reward:1.661013811826706e-05 - timing_s/old_log_prob:2.4546176930889487 - timing_s/ref:8.409713953733444 - timing_s/adv:0.0036465879529714584 - timing_s/update_actor:9.250013993121684 - timing_s/update_weights:1.71926439832896 - timing_s/step:31.580776295624673 - timing_s/stop_profile:7.826928049325943e-05 - timing_per_token_ms/update_actor:0.08807440126752376 - timing_per_token_ms/adv:3.472114213731453e-05 - timing_per_token_ms/ref:0.08007344873823799 - timing_per_token_ms/gen:0.10439860841786183 - perf/total_num_tokens:105025 - perf/time_per_step:31.580776295624673 - perf/throughput:3325.5990611779416
[36m(TaskRunner pid=272629)[0m Training Progress:  24%|██▍       | 49/200 [25:31<1:18:17, 31.11s/it]
[36m(WorkerDict pid=273039)[0m INFO:2026-07-28 16:22:04,581:update_weights done, time cost: 0.55s
[36m(TaskRunner pid=272629)[0m Training Progress:  25%|██▌       | 50/200 [26:05<1:19:33, 31.83s/it]
[36m(WorkerDict pid=273039)[0m INFO:2026-07-28 16:22:35,154:update_weights done, time cost: 0.55s
[36m(TaskRunner pid=272629)[0m step:49 - global_seqlen/min:109951 - global_seqlen/max:109951 - global_seqlen/minmax_diff:0 - global_seqlen/balanced_min:109951 - global_seqlen/balanced_max:109951 - global_seqlen/mean:109951.0 - actor/entropy:0.08941701799631119 - perf/mfu/actor_infer:0.31971422530707644 - actor/pg_clipfrac:0.00039102199116314296 - actor/ppo_kl:-5.5062745843770244e-05 - actor/pg_clipfrac_lower:0.0 - actor/pg_loss:0.015357052703620866 - actor/kl_loss:0.0059139373697689734 - actor/kl_coef:0.001 - actor/loss:0.015362974256277084 - actor/grad_norm:0.4232848286628723 - actor/perf/max_memory_allocated_gb:57.54401636123657 - actor/perf/max_memory_reserved_gb:76.45703125 - actor/perf/cpu_memory_used_gb:22.087669372558594 - actor/lr:1e-06 - perf/mfu/actor:0.24821797920526018 - training/global_step:49 - training/epoch:0 - critic/score/mean:0.578125 - critic/score/max:1.0 - critic/score/min:0.0 - critic/rewards/mean:0.578125 - critic/rewards/max:1.0 - critic/rewards/min:0.0 - critic/advantages/mean:-0.015664050355553627 - critic/advantages/max:2.4748666286468506 - critic/advantages/min:-2.4748666286468506 - critic/returns/mean:-0.015664050355553627 - critic/returns/max:2.4748666286468506 - critic/returns/min:-2.4748666286468506 - response_length/mean:734.3671875 - response_length/max:2048.0 - response_length/min:244.0 - response_length/clip_ratio:0.0234375 - response_length_non_aborted/mean:734.3671875 - response_length_non_aborted/max:2048.0 - response_length_non_aborted/min:244.0 - response_length_non_aborted/clip_ratio:0.0234375 - response/aborted_ratio:0.0 - prompt_length/mean:124.625 - prompt_length/max:288.0 - prompt_length/min:70.0 - prompt_length/clip_ratio:0.0 - num_turns/min:2 - num_turns/max:2 - num_turns/mean:2.0 - timing_s/start_profile:7.573887705802917e-05 - timing_s/agent_loop/num_preempted/min:-1 - timing_s/agent_loop/num_preempted/max:-1 - timing_s/agent_loop/num_preempted/mean:-1.0 - timing_s/agent_loop/generate_sequences/min:1.548936459235847 - timing_s/agent_loop/generate_sequences/max:9.468437845818698 - timing_s/agent_loop/generate_sequences/mean:4.150686094712 - timing_s/agent_loop/tool_calls/min:0.0 - timing_s/agent_loop/tool_calls/max:0.0 - timing_s/agent_loop/tool_calls/mean:0.0 - timing_s/agent_loop/compute_score/min:0.0037835165858268738 - timing_s/agent_loop/compute_score/max:0.01341621857136488 - timing_s/agent_loop/compute_score/mean:0.006141199490230065 - timing_s/agent_loop/slowest/generate_sequences:9.468437845818698 - timing_s/agent_loop/slowest/tool_calls:0.0 - timing_s/agent_loop/slowest/compute_score:0.007805319502949715 - timing_s/agent_loop/slowest/num_preempted:-1 - timing_s/agent_loop/slowest/prompt_length:125 - timing_s/agent_loop/slowest/response_length:2048 - timing_s/gen:10.054235741496086 - timing_s/reward:1.6199424862861633e-05 - timing_s/old_log_prob:2.523930030874908 - timing_s/ref:8.442315784282982 - timing_s/adv:0.003693697974085808 - timing_s/update_actor:9.540907331742346 - timing_s/update_weights:1.2632783465087414 - timing_s/step:31.879559997469187 - timing_s/stop_profile:7.715914398431778e-05 - timing_per_token_ms/update_actor:0.08677417514840562 - timing_per_token_ms/adv:3.3594037108219184e-05 - timing_per_token_ms/ref:0.07678252843796766 - timing_per_token_ms/gen:0.1069610925807305 - perf/total_num_tokens:109951 - perf/time_per_step:31.879559997469187 - perf/throughput:3448.949734837264
[36m(TaskRunner pid=272629)[0m step:50 - global_seqlen/min:120173 - global_seqlen/max:120173 - global_seqlen/minmax_diff:0 - global_seqlen/balanced_min:120173 - global_seqlen/balanced_max:120173 - global_seqlen/mean:120173.0 - actor/entropy:0.11538338661193848 - perf/mfu/actor_infer:0.32398120057330093 - actor/pg_clipfrac:0.00042318225314375013 - actor/ppo_kl:3.1192373171506915e-05 - actor/pg_clipfrac_lower:0.0 - actor/pg_loss:0.015336943489273835 - actor/kl_loss:0.006385475968272658 - actor/kl_coef:0.001 - actor/loss:0.015343328937888145 - actor/grad_norm:0.39173416793346405 - actor/perf/max_memory_allocated_gb:57.544023513793945 - actor/perf/max_memory_reserved_gb:76.45703125 - actor/perf/cpu_memory_used_gb:22.067359924316406 - actor/lr:1e-06 - perf/mfu/actor:0.25306287790880866 - training/global_step:50 - training/epoch:0 - critic/score/mean:0.5546875 - critic/score/max:1.0 - critic/score/min:0.0 - critic/rewards/mean:0.5546875 - critic/rewards/max:1.0 - critic/rewards/min:0.0 - critic/advantages/mean:-0.013849211856722832 - critic/advantages/max:2.4748666286468506 - critic/advantages/min:-2.4748666286468506 - critic/returns/mean:-0.013849211856722832 - critic/returns/max:2.4748666286468506 - critic/returns/min:-2.4748666286468506 - response_length/mean:754.7265625 - response_length/max:2048.0 - response_length/min:250.0 - response_length/clip_ratio:0.0234375 - response_length_non_aborted/mean:754.7265625 - response_length_non_aborted/max:2048.0 - response_length_non_aborted/min:250.0 - response_length_non_aborted/clip_ratio:0.0234375 - response/aborted_ratio:0.0 - prompt_length/mean:184.125 - prompt_length/max:866.0 - prompt_length/min:59.0 - prompt_length/clip_ratio:0.0 - num_turns/min:2 - num_turns/max:2 - num_turns/mean:2.0 - timing_s/start_profile:8.065905421972275e-05 - timing_s/agent_loop/num_preempted/min:-1 - timing_s/agent_loop/num_preempted/max:-1 - timing_s/agent_loop/num_preempted/mean:-1.0 - timing_s/agent_loop/generate_sequences/min:1.6057961396872997 - timing_s/agent_loop/generate_sequences/max:9.647210706025362 - timing_s/agent_loop/generate_sequences/mean:4.35620096695493 - timing_s/agent_loop/tool_calls/min:0.0 - timing_s/agent_loop/tool_calls/max:0.0 - timing_s/agent_loop/tool_calls/mean:0.0 - timing_s/agent_loop/compute_score/min:0.004002864472568035 - timing_s/agent_loop/compute_score/max:0.013980184681713581 - timing_s/agent_loop/compute_score/mean:0.00612623046617955 - timing_s/agent_loop/slowest/generate_sequences:9.647210706025362 - timing_s/agent_loop/slowest/tool_calls:0.0 - timing_s/agent_loop/slowest/compute_score:0.007896729744970798 - timing_s/agent_loop/slowest/num_preempted:-1 - timing_s/agent_loop/slowest/prompt_length:126 - timing_s/agent_loop/slowest/response_length:2048 - timing_s/gen:10.24804367031902 - timing_s/reward:2.040993422269821e-05 - timing_s/old_log_prob:3.1549893310293555 - timing_s/ref:8.479495568200946 - timing_s/adv:0.0037053683772683144 - timing_s/update_actor:10.236434618011117 - timing_s/update_weights:1.3172359121963382 - timing_s/step:33.491648975759745 - timing_s/stop_profile:8.064880967140198e-05 - timing_per_token_ms/update_actor:0.08518081946869194 - timing_per_token_ms/adv:3.0833618011269704e-05 - timing_per_token_ms/ref:0.0705607380043849 - timing_per_token_ms/gen:0.1060819178129395 - perf/total_num_tokens:120173 - perf/time_per_step:33.491648975759745 - perf/throughput:3588.1482003760884
[36m(TaskRunner pid=272629)[0m Training Progress:  26%|██▌       | 51/200 [26:36<1:18:06, 31.45s/it]
[36m(WorkerDict pid=273039)[0m INFO:2026-07-28 16:23:07,540:update_weights done, time cost: 0.54s
[36m(TaskRunner pid=272629)[0m Training Progress:  26%|██▌       | 52/200 [27:08<1:18:15, 31.73s/it]
[36m(WorkerDict pid=273039)[0m INFO:2026-07-28 16:23:38,218:update_weights done, time cost: 0.54s
[36m(TaskRunner pid=272629)[0m step:51 - global_seqlen/min:96257 - global_seqlen/max:96257 - global_seqlen/minmax_diff:0 - global_seqlen/balanced_min:96257 - global_seqlen/balanced_max:96257 - global_seqlen/mean:96257.0 - actor/entropy:0.15393055975437164 - perf/mfu/actor_infer:0.3048365207366727 - actor/pg_clipfrac:0.00036500927217275603 - actor/ppo_kl:7.861985159252072e-05 - actor/pg_clipfrac_lower:0.0 - actor/pg_loss:0.02633651642827317 - actor/kl_loss:0.006878608823171817 - actor/kl_coef:0.001 - actor/loss:0.026343397796154022 - actor/grad_norm:0.3700907975435257 - actor/perf/max_memory_allocated_gb:57.544023513793945 - actor/perf/max_memory_reserved_gb:76.45703125 - actor/perf/cpu_memory_used_gb:22.105024337768555 - actor/lr:1e-06 - perf/mfu/actor:0.23623057264641456 - training/global_step:51 - training/epoch:0 - critic/score/mean:0.46875 - critic/score/max:1.0 - critic/score/min:0.0 - critic/rewards/mean:0.46875 - critic/rewards/max:1.0 - critic/rewards/min:0.0 - critic/advantages/mean:-0.025268401950597763 - critic/advantages/max:1.6201815605163574 - critic/advantages/min:-2.4748666286468506 - critic/returns/mean:-0.025268401950597763 - critic/returns/max:1.6201815605163574 - critic/returns/min:-2.4748666286468506 - response_length/mean:641.5703125 - response_length/max:2048.0 - response_length/min:222.0 - response_length/clip_ratio:0.015625 - response_length_non_aborted/mean:641.5703125 - response_length_non_aborted/max:2048.0 - response_length_non_aborted/min:222.0 - response_length_non_aborted/clip_ratio:0.015625 - response/aborted_ratio:0.0 - prompt_length/mean:110.4375 - prompt_length/max:223.0 - prompt_length/min:65.0 - prompt_length/clip_ratio:0.0 - num_turns/min:2 - num_turns/max:2 - num_turns/mean:2.0 - timing_s/start_profile:7.512886077165604e-05 - timing_s/agent_loop/num_preempted/min:-1 - timing_s/agent_loop/num_preempted/max:-1 - timing_s/agent_loop/num_preempted/mean:-1.0 - timing_s/agent_loop/generate_sequences/min:1.4119594944640994 - timing_s/agent_loop/generate_sequences/max:9.131994003430009 - timing_s/agent_loop/generate_sequences/mean:3.582836218360171 - timing_s/agent_loop/tool_calls/min:0.0 - timing_s/agent_loop/tool_calls/max:0.0 - timing_s/agent_loop/tool_calls/mean:0.0 - timing_s/agent_loop/compute_score/min:0.003913305699825287 - timing_s/agent_loop/compute_score/max:0.008772049099206924 - timing_s/agent_loop/compute_score/mean:0.005867968189704698 - timing_s/agent_loop/slowest/generate_sequences:9.131994003430009 - timing_s/agent_loop/slowest/tool_calls:0.0 - timing_s/agent_loop/slowest/compute_score:0.008040648885071278 - timing_s/agent_loop/slowest/num_preempted:-1 - timing_s/agent_loop/slowest/prompt_length:133 - timing_s/agent_loop/slowest/response_length:2048 - timing_s/gen:9.729590436443686 - timing_s/reward:1.7399899661540985e-05 - timing_s/old_log_prob:2.3096673246473074 - timing_s/ref:8.371918080374599 - timing_s/adv:0.003753518685698509 - timing_s/update_actor:8.781487825326622 - timing_s/update_weights:1.3223699750378728 - timing_s/step:30.568558253347874 - timing_s/stop_profile:8.778832852840424e-05 - timing_per_token_ms/update_actor:0.09122960226608581 - timing_per_token_ms/adv:3.899476075192983e-05 - timing_per_token_ms/ref:0.08697464164034406 - timing_per_token_ms/gen:0.11847871356222753 - perf/total_num_tokens:96257 - perf/time_per_step:30.568558253347874 - perf/throughput:3148.8891037070066
[36m(TaskRunner pid=272629)[0m step:52 - global_seqlen/min:114950 - global_seqlen/max:114950 - global_seqlen/minmax_diff:0 - global_seqlen/balanced_min:114950 - global_seqlen/balanced_max:114950 - global_seqlen/mean:114950.0 - actor/entropy:0.13272042572498322 - perf/mfu/actor_infer:0.3229267955377996 - actor/pg_clipfrac:0.00033490831265226007 - actor/ppo_kl:-9.950633068456227e-05 - actor/pg_clipfrac_lower:0.0 - actor/pg_loss:-0.018059379362966865 - actor/kl_loss:0.005930477364017861 - actor/kl_coef:0.001 - actor/loss:-0.018053448759019375 - actor/grad_norm:0.3918599337339401 - actor/perf/max_memory_allocated_gb:57.544023513793945 - actor/perf/max_memory_reserved_gb:76.45703125 - actor/perf/cpu_memory_used_gb:22.073078155517578 - actor/lr:1e-06 - perf/mfu/actor:0.25276473377180214 - training/global_step:52 - training/epoch:0 - critic/score/mean:0.5078125 - critic/score/max:1.0 - critic/score/min:0.0 - critic/rewards/mean:0.5078125 - critic/rewards/max:1.0 - critic/rewards/min:0.0 - critic/advantages/mean:0.017797226086258888 - critic/advantages/max:2.4748666286468506 - critic/advantages/min:-2.4748666286468506 - critic/returns/mean:0.017797226086258888 - critic/returns/max:2.4748666286468506 - critic/returns/min:-2.4748666286468506 - response_length/mean:779.734375 - response_length/max:2048.0 - response_length/min:300.0 - response_length/clip_ratio:0.015625 - response_length_non_aborted/mean:779.734375 - response_length_non_aborted/max:2048.0 - response_length_non_aborted/min:300.0 - response_length_non_aborted/clip_ratio:0.015625 - response/aborted_ratio:0.0 - prompt_length/mean:118.3125 - prompt_length/max:329.0 - prompt_length/min:57.0 - prompt_length/clip_ratio:0.0 - num_turns/min:2 - num_turns/max:2 - num_turns/mean:2.0 - timing_s/start_profile:8.399877697229385e-05 - timing_s/agent_loop/num_preempted/min:-1 - timing_s/agent_loop/num_preempted/max:-1 - timing_s/agent_loop/num_preempted/mean:-1.0 - timing_s/agent_loop/generate_sequences/min:1.8812493346631527 - timing_s/agent_loop/generate_sequences/max:9.587946676649153 - timing_s/agent_loop/generate_sequences/mean:4.438693710784719 - timing_s/agent_loop/tool_calls/min:0.0 - timing_s/agent_loop/tool_calls/max:0.0 - timing_s/agent_loop/tool_calls/mean:0.0 - timing_s/agent_loop/compute_score/min:0.004663866013288498 - timing_s/agent_loop/compute_score/max:0.00825742818415165 - timing_s/agent_loop/compute_score/mean:0.005983173781714868 - timing_s/agent_loop/slowest/generate_sequences:9.587946676649153 - timing_s/agent_loop/slowest/tool_calls:0.0 - timing_s/agent_loop/slowest/compute_score:0.00825742818415165 - timing_s/agent_loop/slowest/num_preempted:-1 - timing_s/agent_loop/slowest/prompt_length:74 - timing_s/agent_loop/slowest/response_length:2048 - timing_s/gen:10.170856209471822 - timing_s/reward:1.743994653224945e-05 - timing_s/old_log_prob:2.602635241113603 - timing_s/ref:8.448065171949565 - timing_s/adv:0.003679279237985611 - timing_s/update_actor:9.793386325240135 - timing_s/update_weights:1.3028235333040357 - timing_s/step:32.37219848111272 - timing_s/stop_profile:7.906928658485413e-05 - timing_per_token_ms/update_actor:0.08519692322957925 - timing_per_token_ms/adv:3.200764887329805e-05 - timing_per_token_ms/ref:0.07349338992561605 - timing_per_token_ms/gen:0.101906260239583 - perf/total_num_tokens:114950 - perf/time_per_step:32.37219848111272 - perf/throughput:3550.8864208609925
[36m(TaskRunner pid=272629)[0m Training Progress:  26%|██▋       | 53/200 [27:39<1:16:57, 31.41s/it]
[36m(WorkerDict pid=273039)[0m INFO:2026-07-28 16:24:11,431:update_weights done, time cost: 0.68s
[36m(TaskRunner pid=272629)[0m Training Progress:  27%|██▋       | 54/200 [28:12<1:17:45, 31.96s/it]
[36m(WorkerDict pid=273039)[0m INFO:2026-07-28 16:24:43,533:update_weights done, time cost: 0.59s
[36m(TaskRunner pid=272629)[0m step:53 - global_seqlen/min:100168 - global_seqlen/max:100168 - global_seqlen/minmax_diff:0 - global_seqlen/balanced_min:100168 - global_seqlen/balanced_max:100168 - global_seqlen/mean:100168.0 - actor/entropy:0.11919374018907547 - perf/mfu/actor_infer:0.3135820249631321 - actor/pg_clipfrac:0.0003667001165013062 - actor/ppo_kl:0.00011149742431371124 - actor/pg_clipfrac_lower:0.0 - actor/pg_loss:0.0211164269130677 - actor/kl_loss:0.00630114908926771 - actor/kl_coef:0.001 - actor/loss:0.02112272847443819 - actor/grad_norm:0.3838261067867279 - actor/perf/max_memory_allocated_gb:57.544023513793945 - actor/perf/max_memory_reserved_gb:76.45703125 - actor/perf/cpu_memory_used_gb:22.096670150756836 - actor/lr:1e-06 - perf/mfu/actor:0.24341817761382484 - training/global_step:53 - training/epoch:0 - critic/score/mean:0.6015625 - critic/score/max:1.0 - critic/score/min:0.0 - critic/rewards/mean:0.6015625 - critic/rewards/max:1.0 - critic/rewards/min:0.0 - critic/advantages/mean:-0.02144874818623066 - critic/advantages/max:1.6201815605163574 - critic/advantages/min:-2.4748666286468506 - critic/returns/mean:-0.02144874818623066 - critic/returns/max:1.6201815605163574 - critic/returns/min:-2.4748666286468506 - response_length/mean:668.25 - response_length/max:2048.0 - response_length/min:264.0 - response_length/clip_ratio:0.0078125 - response_length_non_aborted/mean:668.25 - response_length_non_aborted/max:2048.0 - response_length_non_aborted/min:264.0 - response_length_non_aborted/clip_ratio:0.0078125 - response/aborted_ratio:0.0 - prompt_length/mean:114.3125 - prompt_length/max:221.0 - prompt_length/min:66.0 - prompt_length/clip_ratio:0.0 - num_turns/min:2 - num_turns/max:2 - num_turns/mean:2.0 - timing_s/start_profile:8.47596675157547e-05 - timing_s/agent_loop/num_preempted/min:-1 - timing_s/agent_loop/num_preempted/max:-1 - timing_s/agent_loop/num_preempted/mean:-1.0 - timing_s/agent_loop/generate_sequences/min:1.64360545668751 - timing_s/agent_loop/generate_sequences/max:9.144961405545473 - timing_s/agent_loop/generate_sequences/mean:3.832061720204365 - timing_s/agent_loop/tool_calls/min:0.0 - timing_s/agent_loop/tool_calls/max:0.0 - timing_s/agent_loop/tool_calls/mean:0.0 - timing_s/agent_loop/compute_score/min:0.004600118845701218 - timing_s/agent_loop/compute_score/max:0.018569710664451122 - timing_s/agent_loop/compute_score/mean:0.006039734180376399 - timing_s/agent_loop/slowest/generate_sequences:9.144961405545473 - timing_s/agent_loop/slowest/tool_calls:0.0 - timing_s/agent_loop/slowest/compute_score:0.00879055168479681 - timing_s/agent_loop/slowest/num_preempted:-1 - timing_s/agent_loop/slowest/prompt_length:71 - timing_s/agent_loop/slowest/response_length:2048 - timing_s/gen:9.735616547986865 - timing_s/reward:1.7219223082065582e-05 - timing_s/old_log_prob:2.342714035883546 - timing_s/ref:8.377114301547408 - timing_s/adv:0.0036561312153935432 - timing_s/update_actor:8.858551925979555 - timing_s/update_weights:1.3037592843174934 - timing_s/step:30.67117787897587 - timing_s/stop_profile:7.38389790058136e-05 - timing_per_token_ms/update_actor:0.0884369451918732 - timing_per_token_ms/adv:3.6499992167094716e-05 - timing_per_token_ms/ref:0.0836306435343364 - timing_per_token_ms/gen:0.11381893644765789 - perf/total_num_tokens:100168 - perf/time_per_step:30.67117787897587 - perf/throughput:3265.8674014818985
[36m(TaskRunner pid=272629)[0m step:54 - global_seqlen/min:118037 - global_seqlen/max:118037 - global_seqlen/minmax_diff:0 - global_seqlen/balanced_min:118037 - global_seqlen/balanced_max:118037 - global_seqlen/mean:118037.0 - actor/entropy:0.08881993591785431 - perf/mfu/actor_infer:0.3227927227742924 - actor/pg_clipfrac:0.00028976159046578687 - actor/ppo_kl:-3.570101253558278e-05 - actor/pg_clipfrac_lower:0.0 - actor/pg_loss:0.012856086294050328 - actor/kl_loss:0.005701762769604102 - actor/kl_coef:0.001 - actor/loss:0.012861788272857666 - actor/grad_norm:0.3439360558986664 - actor/perf/max_memory_allocated_gb:57.544023513793945 - actor/perf/max_memory_reserved_gb:76.45703125 - actor/perf/cpu_memory_used_gb:22.109874725341797 - actor/lr:1e-06 - perf/mfu/actor:0.25160513889901576 - training/global_step:54 - training/epoch:0 - critic/score/mean:0.4609375 - critic/score/max:1.0 - critic/score/min:0.0 - critic/rewards/mean:0.4609375 - critic/rewards/max:1.0 - critic/rewards/min:0.0 - critic/advantages/mean:-0.013966379687190056 - critic/advantages/max:2.4748666286468506 - critic/advantages/min:-0.935412585735321 - critic/returns/mean:-0.013966379687190056 - critic/returns/max:2.4748666286468506 - critic/returns/min:-0.935412585735321 - response_length/mean:796.6640625 - response_length/max:2048.0 - response_length/min:187.0 - response_length/clip_ratio:0.0234375 - response_length_non_aborted/mean:796.6640625 - response_length_non_aborted/max:2048.0 - response_length_non_aborted/min:187.0 - response_length_non_aborted/clip_ratio:0.0234375 - response/aborted_ratio:0.0 - prompt_length/mean:125.5 - prompt_length/max:560.0 - prompt_length/min:59.0 - prompt_length/clip_ratio:0.0 - num_turns/min:2 - num_turns/max:2 - num_turns/mean:2.0 - timing_s/start_profile:7.59391114115715e-05 - timing_s/agent_loop/num_preempted/min:-1 - timing_s/agent_loop/num_preempted/max:-1 - timing_s/agent_loop/num_preempted/mean:-1.0 - timing_s/agent_loop/generate_sequences/min:1.2268051765859127 - timing_s/agent_loop/generate_sequences/max:9.82671632617712 - timing_s/agent_loop/generate_sequences/mean:4.497089664037048 - timing_s/agent_loop/tool_calls/min:0.0 - timing_s/agent_loop/tool_calls/max:0.0 - timing_s/agent_loop/tool_calls/mean:0.0 - timing_s/agent_loop/compute_score/min:0.004514100030064583 - timing_s/agent_loop/compute_score/max:0.00931781716644764 - timing_s/agent_loop/compute_score/mean:0.006009757555148099 - timing_s/agent_loop/slowest/generate_sequences:9.82671632617712 - timing_s/agent_loop/slowest/tool_calls:0.0 - timing_s/agent_loop/slowest/compute_score:0.007289133965969086 - timing_s/agent_loop/slowest/num_preempted:-1 - timing_s/agent_loop/slowest/prompt_length:75 - timing_s/agent_loop/slowest/response_length:2048 - timing_s/gen:10.431725286878645 - timing_s/reward:1.5560537576675415e-05 - timing_s/old_log_prob:2.680510589852929 - timing_s/ref:8.471411241218448 - timing_s/adv:0.003671262413263321 - timing_s/update_actor:10.125742671079934 - timing_s/update_weights:1.4496219642460346 - timing_s/step:33.21382513735443 - timing_s/stop_profile:8.138921111822128e-05 - timing_per_token_ms/update_actor:0.08578448004507006 - timing_per_token_ms/adv:3.110264080977423e-05 - timing_per_token_ms/ref:0.07176911681268118 - timing_per_token_ms/gen:0.10229889565746468 - perf/total_num_tokens:118037 - perf/time_per_step:33.21382513735443 - perf/throughput:3553.851431199591
[36m(TaskRunner pid=272629)[0m Training Progress:  28%|██▊       | 55/200 [28:44<1:17:19, 32.00s/it]
[36m(WorkerDict pid=273039)[0m INFO:2026-07-28 16:25:11,854:update_weights done, time cost: 0.53s
[36m(TaskRunner pid=272629)[0m Training Progress:  28%|██▊       | 56/200 [29:12<1:14:08, 30.89s/it]
[36m(WorkerDict pid=273039)[0m INFO:2026-07-28 16:25:40,666:update_weights done, time cost: 0.63s
[36m(TaskRunner pid=272629)[0m step:55 - global_seqlen/min:112863 - global_seqlen/max:112863 - global_seqlen/minmax_diff:0 - global_seqlen/balanced_min:112863 - global_seqlen/balanced_max:112863 - global_seqlen/mean:112863.0 - actor/entropy:0.08892399817705154 - perf/mfu/actor_infer:0.3225805859164587 - actor/pg_clipfrac:0.0004667603789130226 - actor/ppo_kl:-2.0544418049439628e-05 - actor/pg_clipfrac_lower:0.0 - actor/pg_loss:0.036893327567668166 - actor/kl_loss:0.006494628221844323 - actor/kl_coef:0.001 - actor/loss:0.03689982183277607 - actor/grad_norm:0.3768996298313141 - actor/perf/max_memory_allocated_gb:57.544023513793945 - actor/perf/max_memory_reserved_gb:76.45703125 - actor/perf/cpu_memory_used_gb:22.069677352905273 - actor/lr:1e-06 - perf/mfu/actor:0.2513989319208561 - training/global_step:55 - training/epoch:0 - critic/score/mean:0.5546875 - critic/score/max:1.0 - critic/score/min:0.0 - critic/rewards/mean:0.5546875 - critic/rewards/max:1.0 - critic/rewards/min:0.0 - critic/advantages/mean:-0.03665759041905403 - critic/advantages/max:1.6201815605163574 - critic/advantages/min:-2.4748666286468506 - critic/returns/mean:-0.03665759041905403 - critic/returns/max:1.6201815605163574 - critic/returns/min:-2.4748666286468506 - response_length/mean:769.3671875 - response_length/max:1895.0 - response_length/min:270.0 - response_length/clip_ratio:0.0 - response_length_non_aborted/mean:769.3671875 - response_length_non_aborted/max:1895.0 - response_length_non_aborted/min:270.0 - response_length_non_aborted/clip_ratio:0.0 - response/aborted_ratio:0.0 - prompt_length/mean:112.375 - prompt_length/max:303.0 - prompt_length/min:61.0 - prompt_length/clip_ratio:0.0 - num_turns/min:2 - num_turns/max:2 - num_turns/mean:2.0 - timing_s/start_profile:7.587950676679611e-05 - timing_s/agent_loop/num_preempted/min:-1 - timing_s/agent_loop/num_preempted/max:-1 - timing_s/agent_loop/num_preempted/mean:-1.0 - timing_s/agent_loop/generate_sequences/min:1.6957063060253859 - timing_s/agent_loop/generate_sequences/max:9.033790147863328 - timing_s/agent_loop/generate_sequences/mean:4.389254552152124 - timing_s/agent_loop/tool_calls/min:0.0 - timing_s/agent_loop/tool_calls/max:0.0 - timing_s/agent_loop/tool_calls/mean:0.0 - timing_s/agent_loop/compute_score/min:0.0036329422146081924 - timing_s/agent_loop/compute_score/max:0.010605530813336372 - timing_s/agent_loop/compute_score/mean:0.005907920880417805 - timing_s/agent_loop/slowest/generate_sequences:9.033790147863328 - timing_s/agent_loop/slowest/tool_calls:0.0 - timing_s/agent_loop/slowest/compute_score:0.007137027569115162 - timing_s/agent_loop/slowest/num_preempted:-1 - timing_s/agent_loop/slowest/prompt_length:127 - timing_s/agent_loop/slowest/response_length:1895 - timing_s/gen:9.625295851379633 - timing_s/reward:1.6769394278526306e-05 - timing_s/old_log_prob:2.564582950435579 - timing_s/ref:8.81829996779561 - timing_s/adv:0.0036763017997145653 - timing_s/update_actor:9.668588645756245 - timing_s/update_weights:1.3560503600165248 - timing_s/step:32.08727577049285 - timing_s/stop_profile:7.810909301042557e-05 - timing_per_token_ms/update_actor:0.0856665926455636 - timing_per_token_ms/adv:3.257313556891599e-05 - timing_per_token_ms/ref:0.0781327801652943 - timing_per_token_ms/gen:0.09773957748737937 - perf/total_num_tokens:112863 - perf/time_per_step:32.08727577049285 - perf/throughput:3517.375573023489
[36m(TaskRunner pid=272629)[0m step:56 - global_seqlen/min:92564 - global_seqlen/max:92564 - global_seqlen/minmax_diff:0 - global_seqlen/balanced_min:92564 - global_seqlen/balanced_max:92564 - global_seqlen/mean:92564.0 - actor/entropy:0.10439164191484451 - perf/mfu/actor_infer:0.3067155395367354 - actor/pg_clipfrac:0.0006338903040159494 - actor/ppo_kl:-8.491287871947861e-06 - actor/pg_clipfrac_lower:0.0 - actor/pg_loss:0.01987060805549845 - actor/kl_loss:0.006132791504569468 - actor/kl_coef:0.001 - actor/loss:0.019876742735505104 - actor/grad_norm:0.4095832407474518 - actor/perf/max_memory_allocated_gb:57.544023513793945 - actor/perf/max_memory_reserved_gb:76.45703125 - actor/perf/cpu_memory_used_gb:22.0638370513916 - actor/lr:1e-06 - perf/mfu/actor:0.23740558570998166 - training/global_step:56 - training/epoch:0 - critic/score/mean:0.5859375 - critic/score/max:1.0 - critic/score/min:0.0 - critic/rewards/mean:0.5859375 - critic/rewards/max:1.0 - critic/rewards/min:0.0 - critic/advantages/mean:-0.019681276753544807 - critic/advantages/max:1.20761239528656 - critic/advantages/min:-1.6201815605163574 - critic/returns/mean:-0.019681276753544807 - critic/returns/max:1.20761239528656 - critic/returns/min:-1.6201815605163574 - response_length/mean:616.28125 - response_length/max:1605.0 - response_length/min:239.0 - response_length/clip_ratio:0.0 - response_length_non_aborted/mean:616.28125 - response_length_non_aborted/max:1605.0 - response_length_non_aborted/min:239.0 - response_length_non_aborted/clip_ratio:0.0 - response/aborted_ratio:0.0 - prompt_length/mean:106.875 - prompt_length/max:201.0 - prompt_length/min:64.0 - prompt_length/clip_ratio:0.0 - num_turns/min:2 - num_turns/max:2 - num_turns/mean:2.0 - timing_s/start_profile:7.552932947874069e-05 - timing_s/agent_loop/num_preempted/min:-1 - timing_s/agent_loop/num_preempted/max:-1 - timing_s/agent_loop/num_preempted/mean:-1.0 - timing_s/agent_loop/generate_sequences/min:1.4908413290977478 - timing_s/agent_loop/generate_sequences/max:7.448965004645288 - timing_s/agent_loop/generate_sequences/mean:3.4681217733668745 - timing_s/agent_loop/tool_calls/min:0.0 - timing_s/agent_loop/tool_calls/max:0.0 - timing_s/agent_loop/tool_calls/mean:0.0 - timing_s/agent_loop/compute_score/min:0.00444257166236639 - timing_s/agent_loop/compute_score/max:0.00998460128903389 - timing_s/agent_loop/compute_score/mean:0.005802878891699947 - timing_s/agent_loop/slowest/generate_sequences:7.448965004645288 - timing_s/agent_loop/slowest/tool_calls:0.0 - timing_s/agent_loop/slowest/compute_score:0.007703910581767559 - timing_s/agent_loop/slowest/num_preempted:-1 - timing_s/agent_loop/slowest/prompt_length:64 - timing_s/agent_loop/slowest/response_length:1605 - timing_s/gen:8.039189180359244 - timing_s/reward:1.526065170764923e-05 - timing_s/old_log_prob:2.218264271505177 - timing_s/ref:8.332564488053322 - timing_s/adv:0.0037135425955057144 - timing_s/update_actor:8.377009912393987 - timing_s/update_weights:1.285658615641296 - timing_s/step:28.306806326843798 - timing_s/stop_profile:7.901899516582489e-05 - timing_per_token_ms/update_actor:0.09049965334680855 - timing_per_token_ms/adv:4.011864867017106e-05 - timing_per_token_ms/ref:0.09001949449087465 - timing_per_token_ms/gen:0.10191153060645054 - perf/total_num_tokens:92564 - perf/time_per_step:28.306806326843798 - perf/throughput:3270.0262590986845
[36m(TaskRunner pid=272629)[0m Training Progress:  28%|██▊       | 57/200 [29:41<1:12:08, 30.27s/it]
[36m(WorkerDict pid=273039)[0m INFO:2026-07-28 16:26:10,643:update_weights done, time cost: 0.52s
[36m(TaskRunner pid=272629)[0m Training Progress:  29%|██▉       | 58/200 [30:11<1:11:24, 30.18s/it]
[36m(WorkerDict pid=273039)[0m INFO:2026-07-28 16:26:42,660:update_weights done, time cost: 0.53s
[36m(TaskRunner pid=272629)[0m step:57 - global_seqlen/min:91243 - global_seqlen/max:91243 - global_seqlen/minmax_diff:0 - global_seqlen/balanced_min:91243 - global_seqlen/balanced_max:91243 - global_seqlen/mean:91243.0 - actor/entropy:0.08288255333900452 - perf/mfu/actor_infer:0.3043868831374237 - actor/pg_clipfrac:0.00041809426784311654 - actor/ppo_kl:-2.6381412538967197e-05 - actor/pg_clipfrac_lower:0.0 - actor/pg_loss:0.03713169673574157 - actor/kl_loss:0.0075825592248293106 - actor/kl_coef:0.001 - actor/loss:0.0371392797678709 - actor/grad_norm:0.40544116497039795 - actor/perf/max_memory_allocated_gb:57.544023513793945 - actor/perf/max_memory_reserved_gb:76.45703125 - actor/perf/cpu_memory_used_gb:22.08209991455078 - actor/lr:1e-06 - perf/mfu/actor:0.2353580977550024 - training/global_step:57 - training/epoch:0 - critic/score/mean:0.6953125 - critic/score/max:1.0 - critic/score/min:0.0 - critic/rewards/mean:0.6953125 - critic/rewards/max:1.0 - critic/rewards/min:0.0 - critic/advantages/mean:-0.03669395297765732 - critic/advantages/max:2.4748666286468506 - critic/advantages/min:-2.4748666286468506 - critic/returns/mean:-0.03669395297765732 - critic/returns/max:2.4748666286468506 - critic/returns/min:-2.4748666286468506 - response_length/mean:597.0859375 - response_length/max:1739.0 - response_length/min:180.0 - response_length/clip_ratio:0.0 - response_length_non_aborted/mean:597.0859375 - response_length_non_aborted/max:1739.0 - response_length_non_aborted/min:180.0 - response_length_non_aborted/clip_ratio:0.0 - response/aborted_ratio:0.0 - prompt_length/mean:115.75 - prompt_length/max:275.0 - prompt_length/min:59.0 - prompt_length/clip_ratio:0.0 - num_turns/min:2 - num_turns/max:2 - num_turns/mean:2.0 - timing_s/start_profile:0.00012416858226060867 - timing_s/agent_loop/num_preempted/min:-1 - timing_s/agent_loop/num_preempted/max:-1 - timing_s/agent_loop/num_preempted/mean:-1.0 - timing_s/agent_loop/generate_sequences/min:1.1729435017332435 - timing_s/agent_loop/generate_sequences/max:7.919856307096779 - timing_s/agent_loop/generate_sequences/mean:3.40228040805232 - timing_s/agent_loop/tool_calls/min:0.0 - timing_s/agent_loop/tool_calls/max:0.0 - timing_s/agent_loop/tool_calls/mean:0.0 - timing_s/agent_loop/compute_score/min:0.004020698368549347 - timing_s/agent_loop/compute_score/max:0.0163387106731534 - timing_s/agent_loop/compute_score/mean:0.006010497185343411 - timing_s/agent_loop/slowest/generate_sequences:7.919856307096779 - timing_s/agent_loop/slowest/tool_calls:0.0 - timing_s/agent_loop/slowest/compute_score:0.007639572024345398 - timing_s/agent_loop/slowest/num_preempted:-1 - timing_s/agent_loop/slowest/prompt_length:81 - timing_s/agent_loop/slowest/response_length:1739 - timing_s/gen:8.502922267653048 - timing_s/reward:1.7249956727027893e-05 - timing_s/old_log_prob:2.1982971159741282 - timing_s/ref:8.333241442218423 - timing_s/adv:0.0036790724843740463 - timing_s/update_actor:8.332411971874535 - timing_s/update_weights:1.3992761643603444 - timing_s/step:28.819880202412605 - timing_s/stop_profile:7.745902985334396e-05 - timing_per_token_ms/update_actor:0.09132110925632142 - timing_per_token_ms/adv:4.032169573966273e-05 - timing_per_token_ms/ref:0.09133020003965699 - timing_per_token_ms/gen:0.1112554760445006 - perf/total_num_tokens:91243 - perf/time_per_step:28.819880202412605 - perf/throughput:3165.9742982679627
[36m(TaskRunner pid=272629)[0m step:58 - global_seqlen/min:94461 - global_seqlen/max:94461 - global_seqlen/minmax_diff:0 - global_seqlen/balanced_min:94461 - global_seqlen/balanced_max:94461 - global_seqlen/mean:94461.0 - actor/entropy:0.09898245334625244 - perf/mfu/actor_infer:0.3063517978095071 - actor/pg_clipfrac:0.00039393191673298134 - actor/ppo_kl:-3.8867520174790116e-05 - actor/pg_clipfrac_lower:0.0 - actor/pg_loss:0.0022522496292367578 - actor/kl_loss:0.007196196376753505 - actor/kl_coef:0.001 - actor/loss:0.0022594481706619263 - actor/grad_norm:0.40224845707416534 - actor/perf/max_memory_allocated_gb:57.544023513793945 - actor/perf/max_memory_reserved_gb:76.45703125 - actor/perf/cpu_memory_used_gb:22.088258743286133 - actor/lr:1e-06 - perf/mfu/actor:0.23467030401502398 - training/global_step:58 - training/epoch:0 - critic/score/mean:0.6328125 - critic/score/max:1.0 - critic/score/min:0.0 - critic/rewards/mean:0.6328125 - critic/rewards/max:1.0 - critic/rewards/min:0.0 - critic/advantages/mean:0.0008522169664502144 - critic/advantages/max:0.935412585735321 - critic/advantages/min:-2.4748666286468506 - critic/returns/mean:0.0008522169664502144 - critic/returns/max:0.935412585735321 - critic/returns/min:-2.4748666286468506 - response_length/mean:627.0390625 - response_length/max:1921.0 - response_length/min:216.0 - response_length/clip_ratio:0.0 - response_length_non_aborted/mean:627.0390625 - response_length_non_aborted/max:1921.0 - response_length_non_aborted/min:216.0 - response_length_non_aborted/clip_ratio:0.0 - response/aborted_ratio:0.0 - prompt_length/mean:110.9375 - prompt_length/max:202.0 - prompt_length/min:60.0 - prompt_length/clip_ratio:0.0 - num_turns/min:2 - num_turns/max:2 - num_turns/mean:2.0 - timing_s/start_profile:7.739942520856857e-05 - timing_s/agent_loop/num_preempted/min:-1 - timing_s/agent_loop/num_preempted/max:-1 - timing_s/agent_loop/num_preempted/mean:-1.0 - timing_s/agent_loop/generate_sequences/min:1.3935880148783326 - timing_s/agent_loop/generate_sequences/max:8.713103000074625 - timing_s/agent_loop/generate_sequences/mean:3.4835037914963323 - timing_s/agent_loop/tool_calls/min:0.0 - timing_s/agent_loop/tool_calls/max:0.0 - timing_s/agent_loop/tool_calls/mean:0.0 - timing_s/agent_loop/compute_score/min:0.004431554116308689 - timing_s/agent_loop/compute_score/max:0.012882456183433533 - timing_s/agent_loop/compute_score/mean:0.005883440011530183 - timing_s/agent_loop/slowest/generate_sequences:8.713103000074625 - timing_s/agent_loop/slowest/tool_calls:0.0 - timing_s/agent_loop/slowest/compute_score:0.007419295608997345 - timing_s/agent_loop/slowest/num_preempted:-1 - timing_s/agent_loop/slowest/prompt_length:90 - timing_s/agent_loop/slowest/response_length:1921 - timing_s/gen:9.32206389401108 - timing_s/reward:1.7399899661540985e-05 - timing_s/old_log_prob:2.26983973570168 - timing_s/ref:8.359850615262985 - timing_s/adv:0.003700854256749153 - timing_s/update_actor:8.674830193631351 - timing_s/update_weights:1.2614611396566033 - timing_s/step:29.942311628721654 - timing_s/stop_profile:8.037872612476349e-05 - timing_per_token_ms/update_actor:0.0918350450834879 - timing_per_token_ms/adv:3.917864787318738e-05 - timing_per_token_ms/ref:0.08850055171195505 - timing_per_token_ms/gen:0.1161468695133512 - perf/total_num_tokens:94461 - perf/time_per_step:29.942311628721654 - perf/throughput:3154.7664445984155
[36m(TaskRunner pid=272629)[0m Training Progress:  30%|██▉       | 59/200 [30:43<1:12:12, 30.73s/it]
[36m(WorkerDict pid=273039)[0m INFO:2026-07-28 16:27:12,687:update_weights done, time cost: 0.53s
[36m(TaskRunner pid=272629)[0m Training Progress:  30%|███       | 60/200 [31:13<1:11:12, 30.52s/it]
[36m(WorkerDict pid=273039)[0m INFO:2026-07-28 16:27:43,268:update_weights done, time cost: 0.53s
[36m(TaskRunner pid=272629)[0m step:59 - global_seqlen/min:111756 - global_seqlen/max:111756 - global_seqlen/minmax_diff:0 - global_seqlen/balanced_min:111756 - global_seqlen/balanced_max:111756 - global_seqlen/mean:111756.0 - actor/entropy:0.10086566209793091 - perf/mfu/actor_infer:0.32139741474642813 - actor/pg_clipfrac:0.0002470255667503807 - actor/ppo_kl:0.0001011572877018807 - actor/pg_clipfrac_lower:0.0 - actor/pg_loss:0.0159288034265046 - actor/kl_loss:0.0076138699587318115 - actor/kl_coef:0.001 - actor/loss:0.015936415642499924 - actor/grad_norm:0.3735432028770447 - actor/perf/max_memory_allocated_gb:57.544023513793945 - actor/perf/max_memory_reserved_gb:76.45703125 - actor/perf/cpu_memory_used_gb:22.093355178833008 - actor/lr:1e-06 - perf/mfu/actor:0.2503850573142049 - training/global_step:59 - training/epoch:0 - critic/score/mean:0.453125 - critic/score/max:1.0 - critic/score/min:0.0 - critic/rewards/mean:0.453125 - critic/rewards/max:1.0 - critic/rewards/min:0.0 - critic/advantages/mean:-0.016692180186510086 - critic/advantages/max:2.4748666286468506 - critic/advantages/min:-2.4748666286468506 - critic/returns/mean:-0.016692180186510086 - critic/returns/max:2.4748666286468506 - critic/returns/min:-2.4748666286468506 - response_length/mean:727.03125 - response_length/max:2048.0 - response_length/min:192.0 - response_length/clip_ratio:0.0078125 - response_length_non_aborted/mean:727.03125 - response_length_non_aborted/max:2048.0 - response_length_non_aborted/min:192.0 - response_length_non_aborted/clip_ratio:0.0078125 - response/aborted_ratio:0.0 - prompt_length/mean:146.0625 - prompt_length/max:386.0 - prompt_length/min:66.0 - prompt_length/clip_ratio:0.0 - num_turns/min:2 - num_turns/max:2 - num_turns/mean:2.0 - timing_s/start_profile:7.567834109067917e-05 - timing_s/agent_loop/num_preempted/min:-1 - timing_s/agent_loop/num_preempted/max:-1 - timing_s/agent_loop/num_preempted/mean:-1.0 - timing_s/agent_loop/generate_sequences/min:1.2520884443074465 - timing_s/agent_loop/generate_sequences/max:9.474038331769407 - timing_s/agent_loop/generate_sequences/mean:4.251777907549695 - timing_s/agent_loop/tool_calls/min:0.0 - timing_s/agent_loop/tool_calls/max:0.0 - timing_s/agent_loop/tool_calls/mean:0.0 - timing_s/agent_loop/compute_score/min:0.003280527889728546 - timing_s/agent_loop/compute_score/max:0.008274856023490429 - timing_s/agent_loop/compute_score/mean:0.005792186027974822 - timing_s/agent_loop/slowest/generate_sequences:9.474038331769407 - timing_s/agent_loop/slowest/tool_calls:0.0 - timing_s/agent_loop/slowest/compute_score:0.008274856023490429 - timing_s/agent_loop/slowest/num_preempted:-1 - timing_s/agent_loop/slowest/prompt_length:137 - timing_s/agent_loop/slowest/response_length:2048 - timing_s/gen:10.084413909353316 - timing_s/reward:1.7430633306503296e-05 - timing_s/old_log_prob:2.5513735776767135 - timing_s/ref:8.445633262395859 - timing_s/adv:0.003693554550409317 - timing_s/update_actor:9.608470974490047 - timing_s/update_weights:1.2699413150548935 - timing_s/step:32.01460989098996 - timing_s/stop_profile:8.890870958566666e-05 - timing_per_token_ms/update_actor:0.08597722694522036 - timing_per_token_ms/adv:3.305016777988938e-05 - timing_per_token_ms/ref:0.0755720790149599 - timing_per_token_ms/gen:0.10836464549057936 - perf/total_num_tokens:111756 - perf/time_per_step:32.01460989098996 - perf/throughput:3490.781252076168
[36m(TaskRunner pid=272629)[0m step:60 - global_seqlen/min:93574 - global_seqlen/max:93574 - global_seqlen/minmax_diff:0 - global_seqlen/balanced_min:93574 - global_seqlen/balanced_max:93574 - global_seqlen/mean:93574.0 - actor/entropy:0.1098543331027031 - perf/mfu/actor_infer:0.3065856389653979 - actor/pg_clipfrac:0.00034376164876448456 - actor/ppo_kl:-1.3644843193105771e-05 - actor/pg_clipfrac_lower:0.0 - actor/pg_loss:0.003981819725595415 - actor/kl_loss:0.008700905935256742 - actor/kl_coef:0.001 - actor/loss:0.0039905160665512085 - actor/grad_norm:0.38187554478645325 - actor/perf/max_memory_allocated_gb:57.544023513793945 - actor/perf/max_memory_reserved_gb:76.45703125 - actor/perf/cpu_memory_used_gb:22.133119583129883 - actor/lr:1e-06 - perf/mfu/actor:0.2372771884713227 - training/global_step:60 - training/epoch:0 - critic/score/mean:0.546875 - critic/score/max:1.0 - critic/score/min:0.0 - critic/rewards/mean:0.546875 - critic/rewards/max:1.0 - critic/rewards/min:0.0 - critic/advantages/mean:-0.0024727333802729845 - critic/advantages/max:1.6201815605163574 - critic/advantages/min:-2.4748666286468506 - critic/returns/mean:-0.0024727333802729845 - critic/returns/max:1.6201815605163574 - critic/returns/min:-2.4748666286468506 - response_length/mean:607.984375 - response_length/max:2048.0 - response_length/min:208.0 - response_length/clip_ratio:0.0078125 - response_length_non_aborted/mean:607.984375 - response_length_non_aborted/max:2048.0 - response_length_non_aborted/min:208.0 - response_length_non_aborted/clip_ratio:0.0078125 - response/aborted_ratio:0.0 - prompt_length/mean:123.0625 - prompt_length/max:295.0 - prompt_length/min:58.0 - prompt_length/clip_ratio:0.0 - num_turns/min:2 - num_turns/max:2 - num_turns/mean:2.0 - timing_s/start_profile:7.435958832502365e-05 - timing_s/agent_loop/num_preempted/min:-1 - timing_s/agent_loop/num_preempted/max:-1 - timing_s/agent_loop/num_preempted/mean:-1.0 - timing_s/agent_loop/generate_sequences/min:1.2991364663466811 - timing_s/agent_loop/generate_sequences/max:8.997875456698239 - timing_s/agent_loop/generate_sequences/mean:3.5132981842034496 - timing_s/agent_loop/tool_calls/min:0.0 - timing_s/agent_loop/tool_calls/max:0.0 - timing_s/agent_loop/tool_calls/mean:0.0 - timing_s/agent_loop/compute_score/min:0.004232416860759258 - timing_s/agent_loop/compute_score/max:0.009521910920739174 - timing_s/agent_loop/compute_score/mean:0.005743803340010345 - timing_s/agent_loop/slowest/generate_sequences:8.997875456698239 - timing_s/agent_loop/slowest/tool_calls:0.0 - timing_s/agent_loop/slowest/compute_score:0.009521910920739174 - timing_s/agent_loop/slowest/num_preempted:-1 - timing_s/agent_loop/slowest/prompt_length:165 - timing_s/agent_loop/slowest/response_length:2048 - timing_s/gen:9.59770156815648 - timing_s/reward:2.079922705888748e-05 - timing_s/old_log_prob:2.2440556595101953 - timing_s/ref:8.353778968565166 - timing_s/adv:0.0037008142098784447 - timing_s/update_actor:8.497391269542277 - timing_s/update_weights:1.271507740020752 - timing_s/step:30.018173973076046 - timing_s/stop_profile:7.722992449998856e-05 - timing_per_token_ms/update_actor:0.09080931957105902 - timing_per_token_ms/adv:3.9549599353222526e-05 - timing_per_token_ms/ref:0.08927457379790504 - timing_per_token_ms/gen:0.12332889887379508 - perf/total_num_tokens:93574 - perf/time_per_step:30.018173973076046 - perf/throughput:3117.24490916498
[36m(TaskRunner pid=272629)[0m Training Progress:  30%|███       | 61/200 [31:44<1:10:44, 30.54s/it]
[36m(WorkerDict pid=273039)[0m INFO:2026-07-28 16:28:13,560:update_weights done, time cost: 0.53s
[36m(TaskRunner pid=272629)[0m Training Progress:  31%|███       | 62/200 [32:14<1:10:03, 30.46s/it]
[36m(WorkerDict pid=273039)[0m INFO:2026-07-28 16:28:47,179:update_weights done, time cost: 0.54s
[36m(TaskRunner pid=272629)[0m step:61 - global_seqlen/min:94330 - global_seqlen/max:94330 - global_seqlen/minmax_diff:0 - global_seqlen/balanced_min:94330 - global_seqlen/balanced_max:94330 - global_seqlen/mean:94330.0 - actor/entropy:0.11657721549272537 - perf/mfu/actor_infer:0.3067491553149756 - actor/pg_clipfrac:0.000766902157010918 - actor/ppo_kl:2.0474866914810264e-05 - actor/pg_clipfrac_lower:0.0 - actor/pg_loss:-0.001416927931131795 - actor/kl_loss:0.006693617928249296 - actor/kl_coef:0.001 - actor/loss:-0.0014102309942245483 - actor/grad_norm:0.5311008393764496 - actor/perf/max_memory_allocated_gb:57.544023513793945 - actor/perf/max_memory_reserved_gb:76.45703125 - actor/perf/cpu_memory_used_gb:22.117874145507812 - actor/lr:1e-06 - perf/mfu/actor:0.2359496449974815 - training/global_step:61 - training/epoch:0 - critic/score/mean:0.6015625 - critic/score/max:1.0 - critic/score/min:0.0 - critic/rewards/mean:0.6015625 - critic/rewards/max:1.0 - critic/rewards/min:0.0 - critic/advantages/mean:-0.0014701966429129243 - critic/advantages/max:2.4748666286468506 - critic/advantages/min:-2.4748666286468506 - critic/returns/mean:-0.0014701966429129243 - critic/returns/max:2.4748666286468506 - critic/returns/min:-2.4748666286468506 - response_length/mean:630.640625 - response_length/max:2048.0 - response_length/min:203.0 - response_length/clip_ratio:0.015625 - response_length_non_aborted/mean:630.640625 - response_length_non_aborted/max:2048.0 - response_length_non_aborted/min:203.0 - response_length_non_aborted/clip_ratio:0.015625 - response/aborted_ratio:0.0 - prompt_length/mean:106.3125 - prompt_length/max:301.0 - prompt_length/min:63.0 - prompt_length/clip_ratio:0.0 - num_turns/min:2 - num_turns/max:2 - num_turns/mean:2.0 - timing_s/start_profile:8.204951882362366e-05 - timing_s/agent_loop/num_preempted/min:-1 - timing_s/agent_loop/num_preempted/max:-1 - timing_s/agent_loop/num_preempted/mean:-1.0 - timing_s/agent_loop/generate_sequences/min:1.2828501155599952 - timing_s/agent_loop/generate_sequences/max:9.081296435557306 - timing_s/agent_loop/generate_sequences/mean:3.5310567383639864 - timing_s/agent_loop/tool_calls/min:0.0 - timing_s/agent_loop/tool_calls/max:0.0 - timing_s/agent_loop/tool_calls/mean:0.0 - timing_s/agent_loop/compute_score/min:0.003703993745148182 - timing_s/agent_loop/compute_score/max:0.008281577378511429 - timing_s/agent_loop/compute_score/mean:0.005757079445174895 - timing_s/agent_loop/slowest/generate_sequences:9.081296435557306 - timing_s/agent_loop/slowest/tool_calls:0.0 - timing_s/agent_loop/slowest/compute_score:0.007586846128106117 - timing_s/agent_loop/slowest/num_preempted:-1 - timing_s/agent_loop/slowest/prompt_length:125 - timing_s/agent_loop/slowest/response_length:2048 - timing_s/gen:9.670487580820918 - timing_s/reward:1.71000137925148e-05 - timing_s/old_log_prob:2.6131553314626217 - timing_s/ref:8.355630558915436 - timing_s/adv:0.0036235153675079346 - timing_s/update_actor:8.611494772136211 - timing_s/update_weights:1.2718895021826029 - timing_s/step:30.57709349412471 - timing_s/stop_profile:8.19796696305275e-05 - timing_per_token_ms/update_actor:0.09129115628258466 - timing_per_token_ms/adv:3.841318104005019e-05 - timing_per_token_ms/ref:0.08857871895383691 - timing_per_token_ms/gen:0.11979990065683355 - perf/total_num_tokens:94330 - perf/time_per_step:30.57709349412471 - perf/throughput:3084.9890954522934
[36m(TaskRunner pid=272629)[0m step:62 - global_seqlen/min:114785 - global_seqlen/max:114785 - global_seqlen/minmax_diff:0 - global_seqlen/balanced_min:114785 - global_seqlen/balanced_max:114785 - global_seqlen/mean:114785.0 - actor/entropy:0.11021815240383148 - perf/mfu/actor_infer:0.32278139669336964 - actor/pg_clipfrac:0.0005497887468663976 - actor/ppo_kl:1.3041390637624772e-05 - actor/pg_clipfrac_lower:0.0 - actor/pg_loss:0.02564018141129054 - actor/kl_loss:0.0071338859052048065 - actor/kl_coef:0.001 - actor/loss:0.025647319853305817 - actor/grad_norm:0.4701014757156372 - actor/perf/max_memory_allocated_gb:57.544023513793945 - actor/perf/max_memory_reserved_gb:76.45703125 - actor/perf/cpu_memory_used_gb:22.099334716796875 - actor/lr:1e-06 - perf/mfu/actor:0.2511535649527225 - training/global_step:62 - training/epoch:0 - critic/score/mean:0.5625 - critic/score/max:1.0 - critic/score/min:0.0 - critic/rewards/mean:0.5625 - critic/rewards/max:1.0 - critic/rewards/min:0.0 - critic/advantages/mean:-0.025720126926898956 - critic/advantages/max:2.4748666286468506 - critic/advantages/min:-2.4748666286468506 - critic/returns/mean:-0.025720126926898956 - critic/returns/max:2.4748666286468506 - critic/returns/min:-2.4748666286468506 - response_length/mean:789.6953125 - response_length/max:1457.0 - response_length/min:177.0 - response_length/clip_ratio:0.0 - response_length_non_aborted/mean:789.6953125 - response_length_non_aborted/max:1457.0 - response_length_non_aborted/min:177.0 - response_length_non_aborted/clip_ratio:0.0 - response/aborted_ratio:0.0 - prompt_length/mean:107.0625 - prompt_length/max:223.0 - prompt_length/min:61.0 - prompt_length/clip_ratio:0.0 - num_turns/min:2 - num_turns/max:2 - num_turns/mean:2.0 - timing_s/start_profile:7.494911551475525e-05 - timing_s/agent_loop/num_preempted/min:-1 - timing_s/agent_loop/num_preempted/max:-1 - timing_s/agent_loop/num_preempted/mean:-1.0 - timing_s/agent_loop/generate_sequences/min:1.1188000002875924 - timing_s/agent_loop/generate_sequences/max:7.507568949833512 - timing_s/agent_loop/generate_sequences/mean:4.588640845649934 - timing_s/agent_loop/tool_calls/min:0.0 - timing_s/agent_loop/tool_calls/max:0.0 - timing_s/agent_loop/tool_calls/mean:0.0 - timing_s/agent_loop/compute_score/min:0.00407060980796814 - timing_s/agent_loop/compute_score/max:0.008279578760266304 - timing_s/agent_loop/compute_score/mean:0.0059641097686835565 - timing_s/agent_loop/slowest/generate_sequences:7.507568949833512 - timing_s/agent_loop/slowest/tool_calls:0.0 - timing_s/agent_loop/slowest/compute_score:0.0065934788435697556 - timing_s/agent_loop/slowest/num_preempted:-1 - timing_s/agent_loop/slowest/prompt_length:87 - timing_s/agent_loop/slowest/response_length:1456 - timing_s/gen:8.085941091179848 - timing_s/reward:1.7549842596054077e-05 - timing_s/old_log_prob:2.594776913523674 - timing_s/ref:8.443313054740429 - timing_s/adv:0.003672424703836441 - timing_s/update_actor:9.827894077636302 - timing_s/update_weights:1.277597344480455 - timing_s/step:30.282969466410577 - timing_s/stop_profile:7.852911949157715e-05 - timing_per_token_ms/update_actor:0.08562002071382412 - timing_per_token_ms/adv:3.1993942621740134e-05 - timing_per_token_ms/ref:0.07355763431406917 - timing_per_token_ms/gen:0.07999466854482888 - perf/total_num_tokens:114785 - perf/time_per_step:30.282969466410577 - perf/throughput:3790.41428309459
[36m(TaskRunner pid=272629)[0m Training Progress:  32%|███▏      | 63/200 [32:48<1:11:43, 31.42s/it]
[36m(WorkerDict pid=273039)[0m INFO:2026-07-28 16:29:18,714:update_weights done, time cost: 0.54s
[36m(TaskRunner pid=272629)[0m Training Progress:  32%|███▏      | 64/200 [33:19<1:11:17, 31.45s/it]
[36m(WorkerDict pid=273039)[0m INFO:2026-07-28 16:29:50,850:update_weights done, time cost: 0.54s
[36m(TaskRunner pid=272629)[0m step:63 - global_seqlen/min:123367 - global_seqlen/max:123367 - global_seqlen/minmax_diff:0 - global_seqlen/balanced_min:123367 - global_seqlen/balanced_max:123367 - global_seqlen/mean:123367.0 - actor/entropy:0.11891714483499527 - perf/mfu/actor_infer:0.3267819748318415 - actor/pg_clipfrac:0.0004965822336089332 - actor/ppo_kl:3.613440298977366e-06 - actor/pg_clipfrac_lower:0.0 - actor/pg_loss:0.023217059555463493 - actor/kl_loss:0.006188982049934566 - actor/kl_coef:0.001 - actor/loss:0.02322324737906456 - actor/grad_norm:0.3579385131597519 - actor/perf/max_memory_allocated_gb:57.544034004211426 - actor/perf/max_memory_reserved_gb:76.45703125 - actor/perf/cpu_memory_used_gb:22.12425422668457 - actor/lr:1e-06 - perf/mfu/actor:0.25666502253693846 - training/global_step:63 - training/epoch:0 - critic/score/mean:0.3828125 - critic/score/max:1.0 - critic/score/min:0.0 - critic/rewards/mean:0.3828125 - critic/rewards/max:1.0 - critic/rewards/min:0.0 - critic/advantages/mean:-0.023353926837444305 - critic/advantages/max:2.4748666286468506 - critic/advantages/min:-1.6201815605163574 - critic/returns/mean:-0.023353926837444305 - critic/returns/max:2.4748666286468506 - critic/returns/min:-1.6201815605163574 - response_length/mean:833.6796875 - response_length/max:2048.0 - response_length/min:324.0 - response_length/clip_ratio:0.0234375 - response_length_non_aborted/mean:833.6796875 - response_length_non_aborted/max:2048.0 - response_length_non_aborted/min:324.0 - response_length_non_aborted/clip_ratio:0.0234375 - response/aborted_ratio:0.0 - prompt_length/mean:130.125 - prompt_length/max:326.0 - prompt_length/min:63.0 - prompt_length/clip_ratio:0.0 - num_turns/min:2 - num_turns/max:2 - num_turns/mean:2.0 - timing_s/start_profile:7.627997547388077e-05 - timing_s/agent_loop/num_preempted/min:-1 - timing_s/agent_loop/num_preempted/max:-1 - timing_s/agent_loop/num_preempted/mean:-1.0 - timing_s/agent_loop/generate_sequences/min:2.166443882510066 - timing_s/agent_loop/generate_sequences/max:10.068787780590355 - timing_s/agent_loop/generate_sequences/mean:4.902269517711829 - timing_s/agent_loop/tool_calls/min:0.0 - timing_s/agent_loop/tool_calls/max:0.0 - timing_s/agent_loop/tool_calls/mean:0.0 - timing_s/agent_loop/compute_score/min:0.004827491007745266 - timing_s/agent_loop/compute_score/max:0.013678394258022308 - timing_s/agent_loop/compute_score/mean:0.006341464883007575 - timing_s/agent_loop/slowest/generate_sequences:10.068787780590355 - timing_s/agent_loop/slowest/tool_calls:0.0 - timing_s/agent_loop/slowest/compute_score:0.006760748103260994 - timing_s/agent_loop/slowest/num_preempted:-1 - timing_s/agent_loop/slowest/prompt_length:326 - timing_s/agent_loop/slowest/response_length:2048 - timing_s/gen:10.651469227857888 - timing_s/reward:1.821853220462799e-05 - timing_s/old_log_prob:2.769108763895929 - timing_s/ref:8.497070733457804 - timing_s/adv:0.0036943452432751656 - timing_s/update_actor:10.360803121700883 - timing_s/update_weights:1.298500177450478 - timing_s/step:33.63166897930205 - timing_s/stop_profile:8.72686505317688e-05 - timing_per_token_ms/update_actor:0.08398358654827372 - timing_per_token_ms/adv:2.994597617900383e-05 - timing_per_token_ms/ref:0.0688763667225255 - timing_per_token_ms/gen:0.09981603797038625 - perf/total_num_tokens:123367 - perf/time_per_step:33.63166897930205 - perf/throughput:3668.179538634369
[36m(TaskRunner pid=272629)[0m step:64 - global_seqlen/min:112381 - global_seqlen/max:112381 - global_seqlen/minmax_diff:0 - global_seqlen/balanced_min:112381 - global_seqlen/balanced_max:112381 - global_seqlen/mean:112381.0 - actor/entropy:0.09362104535102844 - perf/mfu/actor_infer:0.3209584327351376 - actor/pg_clipfrac:0.00043252349951217184 - actor/ppo_kl:2.6567819318756847e-05 - actor/pg_clipfrac_lower:0.0 - actor/pg_loss:-0.015446367673575878 - actor/kl_loss:0.006497023212432396 - actor/kl_coef:0.001 - actor/loss:-0.015439869835972786 - actor/grad_norm:0.36174729466438293 - actor/perf/max_memory_allocated_gb:57.544034004211426 - actor/perf/max_memory_reserved_gb:76.45703125 - actor/perf/cpu_memory_used_gb:22.140827178955078 - actor/lr:1e-06 - perf/mfu/actor:0.24968929844197066 - training/global_step:64 - training/epoch:0 - critic/score/mean:0.5234375 - critic/score/max:1.0 - critic/score/min:0.0 - critic/rewards/mean:0.5234375 - critic/rewards/max:1.0 - critic/rewards/min:0.0 - critic/advantages/mean:0.015031793154776096 - critic/advantages/max:2.4748666286468506 - critic/advantages/min:-2.4748666286468506 - critic/returns/mean:0.015031793154776096 - critic/returns/max:2.4748666286468506 - critic/returns/min:-2.4748666286468506 - response_length/mean:746.1015625 - response_length/max:1818.0 - response_length/min:201.0 - response_length/clip_ratio:0.0 - response_length_non_aborted/mean:746.1015625 - response_length_non_aborted/max:1818.0 - response_length_non_aborted/min:201.0 - response_length_non_aborted/clip_ratio:0.0 - response/aborted_ratio:0.0 - prompt_length/mean:131.875 - prompt_length/max:302.0 - prompt_length/min:73.0 - prompt_length/clip_ratio:0.0 - num_turns/min:2 - num_turns/max:2 - num_turns/mean:2.0 - timing_s/start_profile:8.434895426034927e-05 - timing_s/agent_loop/num_preempted/min:-1 - timing_s/agent_loop/num_preempted/max:-1 - timing_s/agent_loop/num_preempted/mean:-1.0 - timing_s/agent_loop/generate_sequences/min:1.2995944786816835 - timing_s/agent_loop/generate_sequences/max:8.872367256321013 - timing_s/agent_loop/generate_sequences/mean:4.216487442485231 - timing_s/agent_loop/tool_calls/min:0.0 - timing_s/agent_loop/tool_calls/max:0.0 - timing_s/agent_loop/tool_calls/mean:0.0 - timing_s/agent_loop/compute_score/min:0.00432070717215538 - timing_s/agent_loop/compute_score/max:0.007871835492551327 - timing_s/agent_loop/compute_score/mean:0.005899527735891752 - timing_s/agent_loop/slowest/generate_sequences:8.872367256321013 - timing_s/agent_loop/slowest/tool_calls:0.0 - timing_s/agent_loop/slowest/compute_score:0.006261684000492096 - timing_s/agent_loop/slowest/num_preempted:-1 - timing_s/agent_loop/slowest/prompt_length:124 - timing_s/agent_loop/slowest/response_length:1818 - timing_s/gen:9.45349486824125 - timing_s/reward:1.781061291694641e-05 - timing_s/old_log_prob:2.568626900203526 - timing_s/ref:8.44731029868126 - timing_s/adv:0.003653915598988533 - timing_s/update_actor:9.707892114296556 - timing_s/update_weights:1.2880910746753216 - timing_s/step:31.519553983584046 - timing_s/stop_profile:7.493887096643448e-05 - timing_per_token_ms/update_actor:0.08638374915952479 - timing_per_token_ms/adv:3.251364197674458e-05 - timing_per_token_ms/ref:0.07516671233287886 - timing_per_token_ms/gen:0.09898843853196564 - perf/total_num_tokens:112381 - perf/time_per_step:31.519553983584046 - perf/throughput:3565.4375077302825
[36m(TaskRunner pid=272629)[0m Training Progress:  32%|███▎      | 65/200 [33:51<1:11:14, 31.66s/it]
[36m(WorkerDict pid=273039)[0m INFO:2026-07-28 16:30:22,553:update_weights done, time cost: 0.52s
[36m(TaskRunner pid=272629)[0m Training Progress:  33%|███▎      | 66/200 [34:23<1:10:43, 31.67s/it]
[36m(WorkerDict pid=273039)[0m INFO:2026-07-28 16:30:53,420:update_weights done, time cost: 0.54s
[36m(TaskRunner pid=272629)[0m step:65 - global_seqlen/min:111803 - global_seqlen/max:111803 - global_seqlen/minmax_diff:0 - global_seqlen/balanced_min:111803 - global_seqlen/balanced_max:111803 - global_seqlen/mean:111803.0 - actor/entropy:0.1054876297712326 - perf/mfu/actor_infer:0.32032681898954246 - actor/pg_clipfrac:0.00031914175087877084 - actor/ppo_kl:-6.1431951507984195e-06 - actor/pg_clipfrac_lower:0.0 - actor/pg_loss:0.005081536859506741 - actor/kl_loss:0.006401086218829732 - actor/kl_coef:0.001 - actor/loss:0.005087939091026783 - actor/grad_norm:0.3734610229730606 - actor/perf/max_memory_allocated_gb:57.544034004211426 - actor/perf/max_memory_reserved_gb:76.45703125 - actor/perf/cpu_memory_used_gb:22.146900177001953 - actor/lr:1e-06 - perf/mfu/actor:0.25065711537267416 - training/global_step:65 - training/epoch:0 - critic/score/mean:0.578125 - critic/score/max:1.0 - critic/score/min:0.0 - critic/rewards/mean:0.578125 - critic/rewards/max:1.0 - critic/rewards/min:0.0 - critic/advantages/mean:-0.004908348433673382 - critic/advantages/max:1.20761239528656 - critic/advantages/min:-2.4748666286468506 - critic/returns/mean:-0.004908348433673382 - critic/returns/max:1.20761239528656 - critic/returns/min:-2.4748666286468506 - response_length/mean:765.3984375 - response_length/max:2048.0 - response_length/min:281.0 - response_length/clip_ratio:0.0078125 - response_length_non_aborted/mean:765.3984375 - response_length_non_aborted/max:2048.0 - response_length_non_aborted/min:281.0 - response_length_non_aborted/clip_ratio:0.0078125 - response/aborted_ratio:0.0 - prompt_length/mean:108.0625 - prompt_length/max:251.0 - prompt_length/min:56.0 - prompt_length/clip_ratio:0.0 - num_turns/min:2 - num_turns/max:2 - num_turns/mean:2.0 - timing_s/start_profile:3.391969949007034e-05 - timing_s/agent_loop/num_preempted/min:-1 - timing_s/agent_loop/num_preempted/max:-1 - timing_s/agent_loop/num_preempted/mean:-1.0 - timing_s/agent_loop/generate_sequences/min:1.743286813609302 - timing_s/agent_loop/generate_sequences/max:9.624270073138177 - timing_s/agent_loop/generate_sequences/mean:4.438616643637943 - timing_s/agent_loop/tool_calls/min:0.0 - timing_s/agent_loop/tool_calls/max:0.0 - timing_s/agent_loop/tool_calls/mean:0.0 - timing_s/agent_loop/compute_score/min:0.004535305313766003 - timing_s/agent_loop/compute_score/max:0.011244034394621849 - timing_s/agent_loop/compute_score/mean:0.005941884497588035 - timing_s/agent_loop/slowest/generate_sequences:9.624270073138177 - timing_s/agent_loop/slowest/tool_calls:0.0 - timing_s/agent_loop/slowest/compute_score:0.006934626959264278 - timing_s/agent_loop/slowest/num_preempted:-1 - timing_s/agent_loop/slowest/prompt_length:74 - timing_s/agent_loop/slowest/response_length:2048 - timing_s/gen:10.19042600505054 - timing_s/reward:1.570954918861389e-05 - timing_s/old_log_prob:2.5564848175272346 - timing_s/ref:8.434550575911999 - timing_s/adv:0.0036778459325432777 - timing_s/update_actor:9.603044472634792 - timing_s/update_weights:1.306729968637228 - timing_s/step:32.14492355939001 - timing_s/stop_profile:8.22991132736206e-05 - timing_per_token_ms/update_actor:0.08589254736129436 - timing_per_token_ms/adv:3.289577142423081e-05 - timing_per_token_ms/ref:0.07544118293705893 - timing_per_token_ms/gen:0.10401471869278195 - perf/total_num_tokens:111803 - perf/time_per_step:32.14492355939001 - perf/throughput:3478.0919541910275
[36m(TaskRunner pid=272629)[0m step:66 - global_seqlen/min:107388 - global_seqlen/max:107388 - global_seqlen/minmax_diff:0 - global_seqlen/balanced_min:107388 - global_seqlen/balanced_max:107388 - global_seqlen/mean:107388.0 - actor/entropy:0.09508079290390015 - perf/mfu/actor_infer:0.31670853355211487 - actor/pg_clipfrac:0.0004571849676722195 - actor/ppo_kl:1.1246701092204603e-05 - actor/pg_clipfrac_lower:0.0 - actor/pg_loss:0.042923557572066784 - actor/kl_loss:0.008143467170157237 - actor/kl_coef:0.001 - actor/loss:0.04293169640004635 - actor/grad_norm:0.3865407109260559 - actor/perf/max_memory_allocated_gb:57.544034004211426 - actor/perf/max_memory_reserved_gb:76.45703125 - actor/perf/cpu_memory_used_gb:22.152957916259766 - actor/lr:1e-06 - perf/mfu/actor:0.24717613168272456 - training/global_step:66 - training/epoch:0 - critic/score/mean:0.6484375 - critic/score/max:1.0 - critic/score/min:0.0 - critic/rewards/mean:0.6484375 - critic/rewards/max:1.0 - critic/rewards/min:0.0 - critic/advantages/mean:-0.04315731301903725 - critic/advantages/max:2.4748666286468506 - critic/advantages/min:-2.4748666286468506 - critic/returns/mean:-0.04315731301903725 - critic/returns/max:2.4748666286468506 - critic/returns/min:-2.4748666286468506 - response_length/mean:696.21875 - response_length/max:2048.0 - response_length/min:259.0 - response_length/clip_ratio:0.0234375 - response_length_non_aborted/mean:696.21875 - response_length_non_aborted/max:2048.0 - response_length_non_aborted/min:259.0 - response_length_non_aborted/clip_ratio:0.0234375 - response/aborted_ratio:0.0 - prompt_length/mean:142.75 - prompt_length/max:368.0 - prompt_length/min:62.0 - prompt_length/clip_ratio:0.0 - num_turns/min:2 - num_turns/max:2 - num_turns/mean:2.0 - timing_s/start_profile:3.4839846193790436e-05 - timing_s/agent_loop/num_preempted/min:-1 - timing_s/agent_loop/num_preempted/max:-1 - timing_s/agent_loop/num_preempted/mean:-1.0 - timing_s/agent_loop/generate_sequences/min:1.6993926605209708 - timing_s/agent_loop/generate_sequences/max:9.508761160075665 - timing_s/agent_loop/generate_sequences/mean:3.9347632778444677 - timing_s/agent_loop/tool_calls/min:0.0 - timing_s/agent_loop/tool_calls/max:0.0 - timing_s/agent_loop/tool_calls/mean:0.0 - timing_s/agent_loop/compute_score/min:0.0043044183403253555 - timing_s/agent_loop/compute_score/max:0.008078383281826973 - timing_s/agent_loop/compute_score/mean:0.005882928380742669 - timing_s/agent_loop/slowest/generate_sequences:9.508761160075665 - timing_s/agent_loop/slowest/tool_calls:0.0 - timing_s/agent_loop/slowest/compute_score:0.008078383281826973 - timing_s/agent_loop/slowest/num_preempted:-1 - timing_s/agent_loop/slowest/prompt_length:131 - timing_s/agent_loop/slowest/response_length:2048 - timing_s/gen:10.089708511717618 - timing_s/reward:1.6660429537296295e-05 - timing_s/old_log_prob:2.488297015428543 - timing_s/ref:8.415969141758978 - timing_s/adv:0.0036709867417812347 - timing_s/update_actor:9.36393974069506 - timing_s/update_weights:1.2626845920458436 - timing_s/step:31.675095594488084 - timing_s/stop_profile:7.993914186954498e-05 - timing_per_token_ms/update_actor:0.08719726357409635 - timing_per_token_ms/adv:3.418432917813196e-05 - timing_per_token_ms/ref:0.07836973536856053 - timing_per_token_ms/gen:0.11321994380041314 - perf/total_num_tokens:107388 - perf/time_per_step:31.675095594488084 - perf/throughput:3390.297581885973
[36m(TaskRunner pid=272629)[0m Training Progress:  34%|███▎      | 67/200 [34:54<1:09:39, 31.43s/it]
[36m(WorkerDict pid=273039)[0m INFO:2026-07-28 16:31:26,065:update_weights done, time cost: 0.53s
[36m(TaskRunner pid=272629)[0m Training Progress:  34%|███▍      | 68/200 [35:26<1:09:55, 31.79s/it]
[36m(WorkerDict pid=273039)[0m INFO:2026-07-28 16:31:55,920:update_weights done, time cost: 0.52s
[36m(TaskRunner pid=272629)[0m step:67 - global_seqlen/min:98689 - global_seqlen/max:98689 - global_seqlen/minmax_diff:0 - global_seqlen/balanced_min:98689 - global_seqlen/balanced_max:98689 - global_seqlen/mean:98689.0 - actor/entropy:0.0852392166852951 - perf/mfu/actor_infer:0.30873651934358287 - actor/pg_clipfrac:0.0002825055171342683 - actor/ppo_kl:-0.00010503787632387684 - actor/pg_clipfrac_lower:0.0 - actor/pg_loss:0.03529883560258895 - actor/kl_loss:0.00587622745661065 - actor/kl_coef:0.001 - actor/loss:0.03530470933765173 - actor/grad_norm:0.2827330231666565 - actor/perf/max_memory_allocated_gb:57.544034004211426 - actor/perf/max_memory_reserved_gb:76.45703125 - actor/perf/cpu_memory_used_gb:22.143421173095703 - actor/lr:1e-06 - perf/mfu/actor:0.23867779176774084 - training/global_step:67 - training/epoch:0 - critic/score/mean:0.71875 - critic/score/max:1.0 - critic/score/min:0.0 - critic/rewards/mean:0.71875 - critic/rewards/max:1.0 - critic/rewards/min:0.0 - critic/advantages/mean:-0.03522132709622383 - critic/advantages/max:0.35355237126350403 - critic/advantages/min:-2.4748666286468506 - critic/returns/mean:-0.03522132709622383 - critic/returns/max:0.35355237126350403 - critic/returns/min:-2.4748666286468506 - response_length/mean:653.8828125 - response_length/max:1943.0 - response_length/min:181.0 - response_length/clip_ratio:0.0 - response_length_non_aborted/mean:653.8828125 - response_length_non_aborted/max:1943.0 - response_length_non_aborted/min:181.0 - response_length_non_aborted/clip_ratio:0.0 - response/aborted_ratio:0.0 - prompt_length/mean:117.125 - prompt_length/max:275.0 - prompt_length/min:72.0 - prompt_length/clip_ratio:0.0 - num_turns/min:2 - num_turns/max:2 - num_turns/mean:2.0 - timing_s/start_profile:7.773935794830322e-05 - timing_s/agent_loop/num_preempted/min:-1 - timing_s/agent_loop/num_preempted/max:-1 - timing_s/agent_loop/num_preempted/mean:-1.0 - timing_s/agent_loop/generate_sequences/min:1.1692694928497076 - timing_s/agent_loop/generate_sequences/max:8.93774612993002 - timing_s/agent_loop/generate_sequences/mean:3.692953678757476 - timing_s/agent_loop/tool_calls/min:0.0 - timing_s/agent_loop/tool_calls/max:0.0 - timing_s/agent_loop/tool_calls/mean:0.0 - timing_s/agent_loop/compute_score/min:0.0033981306478381157 - timing_s/agent_loop/compute_score/max:0.007795687764883041 - timing_s/agent_loop/compute_score/mean:0.005745593000028748 - timing_s/agent_loop/slowest/generate_sequences:8.93774612993002 - timing_s/agent_loop/slowest/tool_calls:0.0 - timing_s/agent_loop/slowest/compute_score:0.007076466456055641 - timing_s/agent_loop/slowest/num_preempted:-1 - timing_s/agent_loop/slowest/prompt_length:219 - timing_s/agent_loop/slowest/response_length:1943 - timing_s/gen:9.531101479195058 - timing_s/reward:1.6740523278713226e-05 - timing_s/old_log_prob:2.702580865472555 - timing_s/ref:8.364909442141652 - timing_s/adv:0.0036232471466064453 - timing_s/update_actor:8.915672300383449 - timing_s/update_weights:1.2969143968075514 - timing_s/step:30.865072146989405 - timing_s/stop_profile:7.888954132795334e-05 - timing_per_token_ms/update_actor:0.09034109475608679 - timing_per_token_ms/adv:3.671378924304072e-05 - timing_per_token_ms/ref:0.08476030198037929 - timing_per_token_ms/gen:0.11387626174408949 - perf/total_num_tokens:98689 - perf/time_per_step:30.865072146989405 - perf/throughput:3197.4329925428724
[36m(TaskRunner pid=272629)[0m step:68 - global_seqlen/min:116256 - global_seqlen/max:116256 - global_seqlen/minmax_diff:0 - global_seqlen/balanced_min:116256 - global_seqlen/balanced_max:116256 - global_seqlen/mean:116256.0 - actor/entropy:0.13934265077114105 - perf/mfu/actor_infer:0.32412145075682014 - actor/pg_clipfrac:0.0007408135588775622 - actor/ppo_kl:5.54337976836905e-05 - actor/pg_clipfrac_lower:0.0 - actor/pg_loss:0.060809592623627395 - actor/kl_loss:0.008768897700065281 - actor/kl_coef:0.001 - actor/loss:0.06081835925579071 - actor/grad_norm:0.4922434240579605 - actor/perf/max_memory_allocated_gb:57.544034004211426 - actor/perf/max_memory_reserved_gb:76.45703125 - actor/perf/cpu_memory_used_gb:22.141443252563477 - actor/lr:1e-06 - perf/mfu/actor:0.25225660208604367 - training/global_step:68 - training/epoch:0 - critic/score/mean:0.515625 - critic/score/max:1.0 - critic/score/min:0.0 - critic/rewards/mean:0.515625 - critic/rewards/max:1.0 - critic/rewards/min:0.0 - critic/advantages/mean:-0.06105518341064453 - critic/advantages/max:2.4748666286468506 - critic/advantages/min:-2.4748666286468506 - critic/returns/mean:-0.06105518341064453 - critic/returns/max:2.4748666286468506 - critic/returns/min:-2.4748666286468506 - response_length/mean:740.75 - response_length/max:2048.0 - response_length/min:222.0 - response_length/clip_ratio:0.015625 - response_length_non_aborted/mean:740.75 - response_length_non_aborted/max:2048.0 - response_length_non_aborted/min:222.0 - response_length_non_aborted/clip_ratio:0.015625 - response/aborted_ratio:0.0 - prompt_length/mean:167.5 - prompt_length/max:402.0 - prompt_length/min:59.0 - prompt_length/clip_ratio:0.0 - num_turns/min:2 - num_turns/max:2 - num_turns/mean:2.0 - timing_s/start_profile:8.057896047830582e-05 - timing_s/agent_loop/num_preempted/min:-1 - timing_s/agent_loop/num_preempted/max:-1 - timing_s/agent_loop/num_preempted/mean:-1.0 - timing_s/agent_loop/generate_sequences/min:1.4753810102120042 - timing_s/agent_loop/generate_sequences/max:9.700318573974073 - timing_s/agent_loop/generate_sequences/mean:4.3504002101763035 - timing_s/agent_loop/tool_calls/min:0.0 - timing_s/agent_loop/tool_calls/max:0.0 - timing_s/agent_loop/tool_calls/mean:0.0 - timing_s/agent_loop/compute_score/min:0.0037444960325956345 - timing_s/agent_loop/compute_score/max:0.008386312052607536 - timing_s/agent_loop/compute_score/mean:0.005768850372987799 - timing_s/agent_loop/slowest/generate_sequences:9.700318573974073 - timing_s/agent_loop/slowest/tool_calls:0.0 - timing_s/agent_loop/slowest/compute_score:0.007601230405271053 - timing_s/agent_loop/slowest/num_preempted:-1 - timing_s/agent_loop/slowest/prompt_length:72 - timing_s/agent_loop/slowest/response_length:2048 - timing_s/gen:10.298397609964013 - timing_s/reward:2.201925963163376e-05 - timing_s/old_log_prob:2.6215346790850163 - timing_s/ref:8.45760478824377 - timing_s/adv:0.003686996176838875 - timing_s/update_actor:9.92554133106023 - timing_s/update_weights:1.2618160005658865 - timing_s/step:32.61879364494234 - timing_s/stop_profile:8.05296003818512e-05 - timing_per_token_ms/update_actor:0.0853765941634 - timing_per_token_ms/adv:3.1714459269533396e-05 - timing_per_token_ms/ref:0.07274983474611006 - timing_per_token_ms/gen:0.10861455461065657 - perf/total_num_tokens:116256 - perf/time_per_step:32.61879364494234 - perf/throughput:3564.080304914216
[36m(TaskRunner pid=272629)[0m Training Progress:  34%|███▍      | 69/200 [35:56<1:08:08, 31.21s/it]
[36m(WorkerDict pid=273039)[0m INFO:2026-07-28 16:32:26,858:update_weights done, time cost: 0.52s
[36m(TaskRunner pid=272629)[0m Training Progress:  35%|███▌      | 70/200 [36:27<1:07:27, 31.13s/it]
[36m(WorkerDict pid=273039)[0m INFO:2026-07-28 16:33:00,388:update_weights done, time cost: 0.51s
[36m(TaskRunner pid=272629)[0m step:69 - global_seqlen/min:90929 - global_seqlen/max:90929 - global_seqlen/minmax_diff:0 - global_seqlen/balanced_min:90929 - global_seqlen/balanced_max:90929 - global_seqlen/mean:90929.0 - actor/entropy:0.09061069786548615 - perf/mfu/actor_infer:0.3012371463370796 - actor/pg_clipfrac:0.0003314161281195993 - actor/ppo_kl:-1.1632643122538866e-05 - actor/pg_clipfrac_lower:0.0 - actor/pg_loss:0.03027202351950109 - actor/kl_loss:0.007378882939519826 - actor/kl_coef:0.001 - actor/loss:0.030279397498816252 - actor/grad_norm:0.3697238266468048 - actor/perf/max_memory_allocated_gb:57.544034004211426 - actor/perf/max_memory_reserved_gb:76.45703125 - actor/perf/cpu_memory_used_gb:22.18769073486328 - actor/lr:1e-06 - perf/mfu/actor:0.22986450626958221 - training/global_step:69 - training/epoch:0 - critic/score/mean:0.7109375 - critic/score/max:1.0 - critic/score/min:0.0 - critic/rewards/mean:0.7109375 - critic/rewards/max:1.0 - critic/rewards/min:0.0 - critic/advantages/mean:-0.03066217340528965 - critic/advantages/max:1.6201815605163574 - critic/advantages/min:-1.20761239528656 - critic/returns/mean:-0.03066217340528965 - critic/returns/max:1.6201815605163574 - critic/returns/min:-1.20761239528656 - response_length/mean:585.0703125 - response_length/max:1990.0 - response_length/min:179.0 - response_length/clip_ratio:0.0 - response_length_non_aborted/mean:585.0703125 - response_length_non_aborted/max:1990.0 - response_length_non_aborted/min:179.0 - response_length_non_aborted/clip_ratio:0.0 - response/aborted_ratio:0.0 - prompt_length/mean:125.3125 - prompt_length/max:260.0 - prompt_length/min:66.0 - prompt_length/clip_ratio:0.0 - num_turns/min:2 - num_turns/max:2 - num_turns/mean:2.0 - timing_s/start_profile:8.102878928184509e-05 - timing_s/agent_loop/num_preempted/min:-1 - timing_s/agent_loop/num_preempted/max:-1 - timing_s/agent_loop/num_preempted/mean:-1.0 - timing_s/agent_loop/generate_sequences/min:1.1972001185640693 - timing_s/agent_loop/generate_sequences/max:8.857428601942956 - timing_s/agent_loop/generate_sequences/mean:3.252304416753759 - timing_s/agent_loop/tool_calls/min:0.0 - timing_s/agent_loop/tool_calls/max:0.0 - timing_s/agent_loop/tool_calls/mean:0.0 - timing_s/agent_loop/compute_score/min:0.003580697812139988 - timing_s/agent_loop/compute_score/max:0.013317993842065334 - timing_s/agent_loop/compute_score/mean:0.005756659396865871 - timing_s/agent_loop/slowest/generate_sequences:8.857428601942956 - timing_s/agent_loop/slowest/tool_calls:0.0 - timing_s/agent_loop/slowest/compute_score:0.0065402137115597725 - timing_s/agent_loop/slowest/num_preempted:-1 - timing_s/agent_loop/slowest/prompt_length:260 - timing_s/agent_loop/slowest/response_length:1990 - timing_s/gen:9.43826698884368 - timing_s/reward:1.65402889251709e-05 - timing_s/old_log_prob:2.224404606036842 - timing_s/ref:8.341866109520197 - timing_s/adv:0.0036898674443364143 - timing_s/update_actor:8.53212006110698 - timing_s/update_weights:1.264858840033412 - timing_s/step:29.85571890324354 - timing_s/stop_profile:8.17691907286644e-05 - timing_per_token_ms/update_actor:0.09383277129526311 - timing_per_token_ms/adv:4.057965494326798e-05 - timing_per_token_ms/ref:0.09174043604922738 - timing_per_token_ms/gen:0.12603008437612573 - perf/total_num_tokens:90929 - perf/time_per_step:29.85571890324354 - perf/throughput:3045.614151669998
[36m(TaskRunner pid=272629)[0m step:70 - global_seqlen/min:101702 - global_seqlen/max:101702 - global_seqlen/minmax_diff:0 - global_seqlen/balanced_min:101702 - global_seqlen/balanced_max:101702 - global_seqlen/mean:101702.0 - actor/entropy:0.12617067992687225 - perf/mfu/actor_infer:0.31474862701230133 - actor/pg_clipfrac:0.0002380449418524222 - actor/ppo_kl:0.00012105642872484168 - actor/pg_clipfrac_lower:0.0 - actor/pg_loss:0.0004285057948436588 - actor/kl_loss:0.007629823339811992 - actor/kl_coef:0.001 - actor/loss:0.00043612997978925705 - actor/grad_norm:0.3517323285341263 - actor/perf/max_memory_allocated_gb:57.544034004211426 - actor/perf/max_memory_reserved_gb:76.45703125 - actor/perf/cpu_memory_used_gb:22.201908111572266 - actor/lr:1e-06 - perf/mfu/actor:0.244242588394219 - training/global_step:70 - training/epoch:0 - critic/score/mean:0.578125 - critic/score/max:1.0 - critic/score/min:0.0 - critic/rewards/mean:0.578125 - critic/rewards/max:1.0 - critic/rewards/min:0.0 - critic/advantages/mean:-0.00025951763382181525 - critic/advantages/max:2.4748666286468506 - critic/advantages/min:-2.4748666286468506 - critic/returns/mean:-0.00025951763382181525 - critic/returns/max:2.4748666286468506 - critic/returns/min:-2.4748666286468506 - response_length/mean:676.859375 - response_length/max:2048.0 - response_length/min:196.0 - response_length/clip_ratio:0.0078125 - response_length_non_aborted/mean:676.859375 - response_length_non_aborted/max:2048.0 - response_length_non_aborted/min:196.0 - response_length_non_aborted/clip_ratio:0.0078125 - response/aborted_ratio:0.0 - prompt_length/mean:117.6875 - prompt_length/max:225.0 - prompt_length/min:70.0 - prompt_length/clip_ratio:0.0 - num_turns/min:2 - num_turns/max:2 - num_turns/mean:2.0 - timing_s/start_profile:8.071959018707275e-05 - timing_s/agent_loop/num_preempted/min:-1 - timing_s/agent_loop/num_preempted/max:-1 - timing_s/agent_loop/num_preempted/mean:-1.0 - timing_s/agent_loop/generate_sequences/min:1.2789564793929458 - timing_s/agent_loop/generate_sequences/max:9.331804811954498 - timing_s/agent_loop/generate_sequences/mean:3.8822097867014236 - timing_s/agent_loop/tool_calls/min:0.0 - timing_s/agent_loop/tool_calls/max:0.0 - timing_s/agent_loop/tool_calls/mean:0.0 - timing_s/agent_loop/compute_score/min:0.003781336359679699 - timing_s/agent_loop/compute_score/max:0.011658375151455402 - timing_s/agent_loop/compute_score/mean:0.005730715820391197 - timing_s/agent_loop/slowest/generate_sequences:9.331804811954498 - timing_s/agent_loop/slowest/tool_calls:0.0 - timing_s/agent_loop/slowest/compute_score:0.008140935562551022 - timing_s/agent_loop/slowest/num_preempted:-1 - timing_s/agent_loop/slowest/prompt_length:137 - timing_s/agent_loop/slowest/response_length:2048 - timing_s/gen:9.931173318997025 - timing_s/reward:1.6949139535427094e-05 - timing_s/old_log_prob:2.3638487868010998 - timing_s/ref:8.378529670648277 - timing_s/adv:0.003649427555501461 - timing_s/update_actor:8.949348863214254 - timing_s/update_weights:1.2690777266398072 - timing_s/step:30.945958090014756 - timing_s/stop_profile:8.041877299547195e-05 - timing_per_token_ms/update_actor:0.08799580011419889 - timing_per_token_ms/adv:3.588353774263496e-05 - timing_per_token_ms/ref:0.08238313573625176 - timing_per_token_ms/gen:0.11462837691309848 - perf/total_num_tokens:101702 - perf/time_per_step:30.945958090014756 - perf/throughput:3286.4388849804554
[36m(TaskRunner pid=272629)[0m Training Progress:  36%|███▌      | 71/200 [37:01<1:08:28, 31.85s/it]
[36m(WorkerDict pid=273039)[0m INFO:2026-07-28 16:33:30,649:update_weights done, time cost: 0.52s
[36m(TaskRunner pid=272629)[0m Training Progress:  36%|███▌      | 72/200 [37:31<1:06:55, 31.37s/it]
[36m(WorkerDict pid=273039)[0m INFO:2026-07-28 16:33:59,914:update_weights done, time cost: 0.51s
[36m(TaskRunner pid=272629)[0m step:71 - global_seqlen/min:125081 - global_seqlen/max:125081 - global_seqlen/minmax_diff:0 - global_seqlen/balanced_min:125081 - global_seqlen/balanced_max:125081 - global_seqlen/mean:125081.0 - actor/entropy:0.10966397076845169 - perf/mfu/actor_infer:0.3294749925308938 - actor/pg_clipfrac:0.000139188950015523 - actor/ppo_kl:3.648515018994658e-06 - actor/pg_clipfrac_lower:0.0 - actor/pg_loss:0.026909087784588337 - actor/kl_loss:0.006897027029481251 - actor/kl_coef:0.001 - actor/loss:0.026915987953543663 - actor/grad_norm:0.3063026964664459 - actor/perf/max_memory_allocated_gb:57.5440411567688 - actor/perf/max_memory_reserved_gb:76.45703125 - actor/perf/cpu_memory_used_gb:22.207420349121094 - actor/lr:1e-06 - perf/mfu/actor:0.25917547246503103 - training/global_step:71 - training/epoch:0 - critic/score/mean:0.375 - critic/score/max:1.0 - critic/score/min:0.0 - critic/rewards/mean:0.375 - critic/rewards/max:1.0 - critic/rewards/min:0.0 - critic/advantages/mean:-0.02688298188149929 - critic/advantages/max:2.4748666286468506 - critic/advantages/min:-0.7245674133300781 - critic/returns/mean:-0.02688298188149929 - critic/returns/max:2.4748666286468506 - critic/returns/min:-0.7245674133300781 - response_length/mean:842.3828125 - response_length/max:2048.0 - response_length/min:227.0 - response_length/clip_ratio:0.03125 - response_length_non_aborted/mean:842.3828125 - response_length_non_aborted/max:2048.0 - response_length_non_aborted/min:227.0 - response_length_non_aborted/clip_ratio:0.03125 - response/aborted_ratio:0.0 - prompt_length/mean:134.8125 - prompt_length/max:301.0 - prompt_length/min:78.0 - prompt_length/clip_ratio:0.0 - num_turns/min:2 - num_turns/max:2 - num_turns/mean:2.0 - timing_s/start_profile:7.550977170467377e-05 - timing_s/agent_loop/num_preempted/min:-1 - timing_s/agent_loop/num_preempted/max:-1 - timing_s/agent_loop/num_preempted/mean:-1.0 - timing_s/agent_loop/generate_sequences/min:1.4793657315894961 - timing_s/agent_loop/generate_sequences/max:9.986810964532197 - timing_s/agent_loop/generate_sequences/mean:4.876992431083636 - timing_s/agent_loop/tool_calls/min:0.0 - timing_s/agent_loop/tool_calls/max:0.0 - timing_s/agent_loop/tool_calls/mean:0.0 - timing_s/agent_loop/compute_score/min:0.004620496183633804 - timing_s/agent_loop/compute_score/max:0.018625563941895962 - timing_s/agent_loop/compute_score/mean:0.006044946079782676 - timing_s/agent_loop/slowest/generate_sequences:9.986810964532197 - timing_s/agent_loop/slowest/tool_calls:0.0 - timing_s/agent_loop/slowest/compute_score:0.006780361756682396 - timing_s/agent_loop/slowest/num_preempted:-1 - timing_s/agent_loop/slowest/prompt_length:98 - timing_s/agent_loop/slowest/response_length:2048 - timing_s/gen:10.568421461619437 - timing_s/reward:1.705065369606018e-05 - timing_s/old_log_prob:2.7711461633443832 - timing_s/ref:8.48425845336169 - timing_s/adv:0.0036900080740451813 - timing_s/update_actor:10.37965587247163 - timing_s/update_weights:1.2485323688015342 - timing_s/step:33.50626617204398 - timing_s/stop_profile:7.476843893527985e-05 - timing_per_token_ms/update_actor:0.08298347368882268 - timing_per_token_ms/adv:2.950094797807166e-05 - timing_per_token_ms/ref:0.06783011371320737 - timing_per_token_ms/gen:0.09801457418612972 - perf/total_num_tokens:125081 - perf/time_per_step:33.50626617204398 - perf/throughput:3733.062924939144
[36m(TaskRunner pid=272629)[0m step:72 - global_seqlen/min:91280 - global_seqlen/max:91280 - global_seqlen/minmax_diff:0 - global_seqlen/balanced_min:91280 - global_seqlen/balanced_max:91280 - global_seqlen/mean:91280.0 - actor/entropy:0.08987866342067719 - perf/mfu/actor_infer:0.30278906164646 - actor/pg_clipfrac:0.00046555047356378054 - actor/ppo_kl:6.075250568926549e-05 - actor/pg_clipfrac_lower:0.0 - actor/pg_loss:0.08158520428696647 - actor/kl_loss:0.00737766034581 - actor/kl_coef:0.001 - actor/loss:0.08159257471561432 - actor/grad_norm:0.5092311799526215 - actor/perf/max_memory_allocated_gb:57.5440411567688 - actor/perf/max_memory_reserved_gb:76.45703125 - actor/perf/cpu_memory_used_gb:22.15049171447754 - actor/lr:1e-06 - perf/mfu/actor:0.23372646556087637 - training/global_step:72 - training/epoch:0 - critic/score/mean:0.75 - critic/score/max:1.0 - critic/score/min:0.0 - critic/rewards/mean:0.75 - critic/rewards/max:1.0 - critic/rewards/min:0.0 - critic/advantages/mean:-0.08274084329605103 - critic/advantages/max:2.4748666286468506 - critic/advantages/min:-2.4748666286468506 - critic/returns/mean:-0.08274084329605103 - critic/returns/max:2.4748666286468506 - critic/returns/min:-2.4748666286468506 - response_length/mean:595.0 - response_length/max:2048.0 - response_length/min:178.0 - response_length/clip_ratio:0.0078125 - response_length_non_aborted/mean:595.0 - response_length_non_aborted/max:2048.0 - response_length_non_aborted/min:178.0 - response_length_non_aborted/clip_ratio:0.0078125 - response/aborted_ratio:0.0 - prompt_length/mean:118.125 - prompt_length/max:224.0 - prompt_length/min:81.0 - prompt_length/clip_ratio:0.0 - num_turns/min:2 - num_turns/max:2 - num_turns/mean:2.0 - timing_s/start_profile:7.655937224626541e-05 - timing_s/agent_loop/num_preempted/min:-1 - timing_s/agent_loop/num_preempted/max:-1 - timing_s/agent_loop/num_preempted/mean:-1.0 - timing_s/agent_loop/generate_sequences/min:1.1725399978458881 - timing_s/agent_loop/generate_sequences/max:9.066990478895605 - timing_s/agent_loop/generate_sequences/mean:3.3773930186216603 - timing_s/agent_loop/tool_calls/min:0.0 - timing_s/agent_loop/tool_calls/max:0.0 - timing_s/agent_loop/tool_calls/mean:0.0 - timing_s/agent_loop/compute_score/min:0.004088672809302807 - timing_s/agent_loop/compute_score/max:0.00844489224255085 - timing_s/agent_loop/compute_score/mean:0.005774267920060083 - timing_s/agent_loop/slowest/generate_sequences:9.066990478895605 - timing_s/agent_loop/slowest/tool_calls:0.0 - timing_s/agent_loop/slowest/compute_score:0.008408422581851482 - timing_s/agent_loop/slowest/num_preempted:-1 - timing_s/agent_loop/slowest/prompt_length:105 - timing_s/agent_loop/slowest/response_length:2048 - timing_s/gen:9.658176840282977 - timing_s/reward:1.6479752957820892e-05 - timing_s/old_log_prob:2.2055587032809854 - timing_s/ref:8.686952161602676 - timing_s/adv:0.003679228015244007 - timing_s/update_actor:8.394646303728223 - timing_s/update_weights:1.2650144333019853 - timing_s/step:30.265711383894086 - timing_s/stop_profile:8.915923535823822e-05 - timing_per_token_ms/update_actor:0.09196588851586572 - timing_per_token_ms/adv:4.0307055381726635e-05 - timing_per_token_ms/ref:0.0951681875723343 - timing_per_token_ms/gen:0.12681429674741304 - perf/total_num_tokens:91280 - perf/time_per_step:30.265711383894086 - perf/throughput:3015.9542210058444
[36m(TaskRunner pid=272629)[0m Training Progress:  36%|███▋      | 73/200 [38:00<1:05:04, 30.74s/it]
[36m(WorkerDict pid=273039)[0m INFO:2026-07-28 16:34:28,359:update_weights done, time cost: 0.52s
[36m(TaskRunner pid=272629)[0m Training Progress:  37%|███▋      | 74/200 [38:29<1:03:06, 30.05s/it]
[36m(WorkerDict pid=273039)[0m INFO:2026-07-28 16:35:02,990:update_weights done, time cost: 0.51s
[36m(TaskRunner pid=272629)[0m step:73 - global_seqlen/min:88462 - global_seqlen/max:88462 - global_seqlen/minmax_diff:0 - global_seqlen/balanced_min:88462 - global_seqlen/balanced_max:88462 - global_seqlen/mean:88462.0 - actor/entropy:0.07153048366308212 - perf/mfu/actor_infer:0.3009286639408024 - actor/pg_clipfrac:0.0001123813171943766 - actor/ppo_kl:4.9699870828590065e-05 - actor/pg_clipfrac_lower:0.0 - actor/pg_loss:0.0019176655914634466 - actor/kl_loss:0.006649133059909218 - actor/kl_coef:0.001 - actor/loss:0.0019243136048316956 - actor/grad_norm:0.41806358098983765 - actor/perf/max_memory_allocated_gb:57.5440411567688 - actor/perf/max_memory_reserved_gb:76.45703125 - actor/perf/cpu_memory_used_gb:22.17259407043457 - actor/lr:1e-06 - perf/mfu/actor:0.2315161464001143 - training/global_step:73 - training/epoch:0 - critic/score/mean:0.765625 - critic/score/max:1.0 - critic/score/min:0.0 - critic/rewards/mean:0.765625 - critic/rewards/max:1.0 - critic/rewards/min:0.0 - critic/advantages/mean:-0.0036114773247390985 - critic/advantages/max:1.6201815605163574 - critic/advantages/min:-1.6201815605163574 - critic/returns/mean:-0.0036114773247390985 - critic/returns/max:1.6201815605163574 - critic/returns/min:-1.6201815605163574 - response_length/mean:594.671875 - response_length/max:1932.0 - response_length/min:104.0 - response_length/clip_ratio:0.0 - response_length_non_aborted/mean:594.671875 - response_length_non_aborted/max:1932.0 - response_length_non_aborted/min:104.0 - response_length_non_aborted/clip_ratio:0.0 - response/aborted_ratio:0.0 - prompt_length/mean:96.4375 - prompt_length/max:128.0 - prompt_length/min:72.0 - prompt_length/clip_ratio:0.0 - num_turns/min:2 - num_turns/max:2 - num_turns/mean:2.0 - timing_s/start_profile:7.419008761644363e-05 - timing_s/agent_loop/num_preempted/min:-1 - timing_s/agent_loop/num_preempted/max:-1 - timing_s/agent_loop/num_preempted/mean:-1.0 - timing_s/agent_loop/generate_sequences/min:0.7467435356229544 - timing_s/agent_loop/generate_sequences/max:8.68744432926178 - timing_s/agent_loop/generate_sequences/mean:3.4038140590128023 - timing_s/agent_loop/tool_calls/min:0.0 - timing_s/agent_loop/tool_calls/max:0.0 - timing_s/agent_loop/tool_calls/mean:0.0 - timing_s/agent_loop/compute_score/min:0.0037623168900609016 - timing_s/agent_loop/compute_score/max:0.010641448199748993 - timing_s/agent_loop/compute_score/mean:0.005757124235969968 - timing_s/agent_loop/slowest/generate_sequences:8.68744432926178 - timing_s/agent_loop/slowest/tool_calls:0.0 - timing_s/agent_loop/slowest/compute_score:0.008814019151031971 - timing_s/agent_loop/slowest/num_preempted:-1 - timing_s/agent_loop/slowest/prompt_length:92 - timing_s/agent_loop/slowest/response_length:1932 - timing_s/gen:9.277586849406362 - timing_s/reward:1.657940447330475e-05 - timing_s/old_log_prob:2.1522803232073784 - timing_s/ref:8.306876173242927 - timing_s/adv:0.003678327426314354 - timing_s/update_actor:8.210146909579635 - timing_s/update_weights:1.2552221538498998 - timing_s/step:29.256254139356315 - timing_s/stop_profile:8.023902773857117e-05 - timing_per_token_ms/update_actor:0.0928098721437412 - timing_per_token_ms/adv:4.1580875701593384e-05 - timing_per_token_ms/ref:0.09390332768016693 - timing_per_token_ms/gen:0.12188426981011537 - perf/total_num_tokens:88462 - perf/time_per_step:29.256254139356315 - perf/throughput:3023.6953636863063
[36m(TaskRunner pid=272629)[0m step:74 - global_seqlen/min:93038 - global_seqlen/max:93038 - global_seqlen/minmax_diff:0 - global_seqlen/balanced_min:93038 - global_seqlen/balanced_max:93038 - global_seqlen/mean:93038.0 - actor/entropy:0.09986502677202225 - perf/mfu/actor_infer:0.30712860672023906 - actor/pg_clipfrac:0.00034893581687356345 - actor/ppo_kl:-0.0001146101199651639 - actor/pg_clipfrac_lower:0.0 - actor/pg_loss:0.005430192104540765 - actor/kl_loss:0.007723006208834704 - actor/kl_coef:0.001 - actor/loss:0.005437914282083511 - actor/grad_norm:0.3925357162952423 - actor/perf/max_memory_allocated_gb:57.5440411567688 - actor/perf/max_memory_reserved_gb:76.45703125 - actor/perf/cpu_memory_used_gb:22.192583084106445 - actor/lr:1e-06 - perf/mfu/actor:0.23628773753949944 - training/global_step:74 - training/epoch:0 - critic/score/mean:0.5546875 - critic/score/max:1.0 - critic/score/min:0.0 - critic/rewards/mean:0.5546875 - critic/rewards/max:1.0 - critic/rewards/min:0.0 - critic/advantages/mean:-0.0054818508215248585 - critic/advantages/max:2.4748666286468506 - critic/advantages/min:-2.4748666286468506 - critic/returns/mean:-0.0054818508215248585 - critic/returns/max:2.4748666286468506 - critic/returns/min:-2.4748666286468506 - response_length/mean:604.671875 - response_length/max:1587.0 - response_length/min:187.0 - response_length/clip_ratio:0.0 - response_length_non_aborted/mean:604.671875 - response_length_non_aborted/max:1587.0 - response_length_non_aborted/min:187.0 - response_length_non_aborted/clip_ratio:0.0 - response/aborted_ratio:0.0 - prompt_length/mean:122.1875 - prompt_length/max:447.0 - prompt_length/min:63.0 - prompt_length/clip_ratio:0.0 - num_turns/min:2 - num_turns/max:2 - num_turns/mean:2.0 - timing_s/start_profile:7.416866719722748e-05 - timing_s/agent_loop/num_preempted/min:-1 - timing_s/agent_loop/num_preempted/max:-1 - timing_s/agent_loop/num_preempted/mean:-1.0 - timing_s/agent_loop/generate_sequences/min:1.2120840288698673 - timing_s/agent_loop/generate_sequences/max:7.5231938585639 - timing_s/agent_loop/generate_sequences/mean:3.507771828051773 - timing_s/agent_loop/tool_calls/min:0.0 - timing_s/agent_loop/tool_calls/max:0.0 - timing_s/agent_loop/tool_calls/mean:0.0 - timing_s/agent_loop/compute_score/min:0.003531079739332199 - timing_s/agent_loop/compute_score/max:0.007939839735627174 - timing_s/agent_loop/compute_score/mean:0.005681077476765495 - timing_s/agent_loop/slowest/generate_sequences:7.5231938585639 - timing_s/agent_loop/slowest/tool_calls:0.0 - timing_s/agent_loop/slowest/compute_score:0.007712051272392273 - timing_s/agent_loop/slowest/num_preempted:-1 - timing_s/agent_loop/slowest/prompt_length:123 - timing_s/agent_loop/slowest/response_length:1587 - timing_s/gen:8.10553157236427 - timing_s/reward:1.6658566892147064e-05 - timing_s/old_log_prob:2.217022576369345 - timing_s/ref:8.333540099672973 - timing_s/adv:0.0036708489060401917 - timing_s/update_actor:8.468235907144845 - timing_s/update_weights:1.2545836949720979 - timing_s/step:28.43261368945241 - timing_s/stop_profile:7.602851837873459e-05 - timing_per_token_ms/update_actor:0.09101910947295562 - timing_per_token_ms/adv:3.9455372063460005e-05 - timing_per_token_ms/ref:0.08957135901108121 - timing_per_token_ms/gen:0.10472533621494445 - perf/total_num_tokens:93038 - perf/time_per_step:28.43261368945241 - perf/throughput:3272.22818894466
[36m(TaskRunner pid=272629)[0m Training Progress:  38%|███▊      | 75/200 [39:03<1:05:27, 31.42s/it]
[36m(WorkerDict pid=273039)[0m INFO:2026-07-28 16:35:34,691:update_weights done, time cost: 0.53s
[36m(TaskRunner pid=272629)[0m Training Progress:  38%|███▊      | 76/200 [39:35<1:05:09, 31.53s/it]
[36m(WorkerDict pid=273039)[0m INFO:2026-07-28 16:36:06,120:update_weights done, time cost: 0.55s
[36m(TaskRunner pid=272629)[0m step:75 - global_seqlen/min:132532 - global_seqlen/max:132532 - global_seqlen/minmax_diff:0 - global_seqlen/balanced_min:132532 - global_seqlen/balanced_max:132532 - global_seqlen/mean:132532.0 - actor/entropy:0.11812075972557068 - perf/mfu/actor_infer:0.33321019404585583 - actor/pg_clipfrac:0.00043616247103273054 - actor/ppo_kl:-3.200205355824437e-06 - actor/pg_clipfrac_lower:0.0 - actor/pg_loss:0.052444998971623136 - actor/kl_loss:0.008307637966936454 - actor/kl_coef:0.001 - actor/loss:0.0524532999843359 - actor/grad_norm:0.355527326464653 - actor/perf/max_memory_allocated_gb:57.544068813323975 - actor/perf/max_memory_reserved_gb:76.45703125 - actor/perf/cpu_memory_used_gb:22.196781158447266 - actor/lr:1e-06 - perf/mfu/actor:0.2610886858399305 - training/global_step:75 - training/epoch:0 - critic/score/mean:0.4140625 - critic/score/max:1.0 - critic/score/min:0.0 - critic/rewards/mean:0.4140625 - critic/rewards/max:1.0 - critic/rewards/min:0.0 - critic/advantages/mean:-0.052415888756513596 - critic/advantages/max:2.4748666286468506 - critic/advantages/min:-2.4748666286468506 - critic/returns/mean:-0.052415888756513596 - critic/returns/max:2.4748666286468506 - critic/returns/min:-2.4748666286468506 - response_length/mean:897.15625 - response_length/max:2048.0 - response_length/min:248.0 - response_length/clip_ratio:0.0625 - response_length_non_aborted/mean:897.15625 - response_length_non_aborted/max:2048.0 - response_length_non_aborted/min:248.0 - response_length_non_aborted/clip_ratio:0.0625 - response/aborted_ratio:0.0 - prompt_length/mean:138.25 - prompt_length/max:248.0 - prompt_length/min:61.0 - prompt_length/clip_ratio:0.0 - num_turns/min:2 - num_turns/max:2 - num_turns/mean:2.0 - timing_s/start_profile:7.621943950653076e-05 - timing_s/agent_loop/num_preempted/min:-1 - timing_s/agent_loop/num_preempted/max:-1 - timing_s/agent_loop/num_preempted/mean:-1.0 - timing_s/agent_loop/generate_sequences/min:1.6129704741761088 - timing_s/agent_loop/generate_sequences/max:10.358887302689254 - timing_s/agent_loop/generate_sequences/mean:5.138182602633606 - timing_s/agent_loop/tool_calls/min:0.0 - timing_s/agent_loop/tool_calls/max:0.0 - timing_s/agent_loop/tool_calls/mean:0.0 - timing_s/agent_loop/compute_score/min:0.004314840771257877 - timing_s/agent_loop/compute_score/max:0.026401118375360966 - timing_s/agent_loop/compute_score/mean:0.0063708286616019905 - timing_s/agent_loop/slowest/generate_sequences:10.358887302689254 - timing_s/agent_loop/slowest/tool_calls:0.0 - timing_s/agent_loop/slowest/compute_score:0.00600472092628479 - timing_s/agent_loop/slowest/num_preempted:-1 - timing_s/agent_loop/slowest/prompt_length:225 - timing_s/agent_loop/slowest/response_length:2048 - timing_s/gen:10.941299663856626 - timing_s/reward:1.662876456975937e-05 - timing_s/old_log_prob:2.908809189684689 - timing_s/ref:8.528833497315645 - timing_s/adv:0.0036801788955926895 - timing_s/update_actor:10.94507248699665 - timing_s/update_weights:1.236786068417132 - timing_s/step:34.615133478306234 - timing_s/stop_profile:7.468927651643753e-05 - timing_per_token_ms/update_actor:0.08258437575073681 - timing_per_token_ms/adv:2.7768228771864075e-05 - timing_per_token_ms/ref:0.06435301283701782 - timing_per_token_ms/gen:0.09527761036483877 - perf/total_num_tokens:132532 - perf/time_per_step:34.615133478306234 - perf/throughput:3828.7299999307984
[36m(TaskRunner pid=272629)[0m step:76 - global_seqlen/min:106468 - global_seqlen/max:106468 - global_seqlen/minmax_diff:0 - global_seqlen/balanced_min:106468 - global_seqlen/balanced_max:106468 - global_seqlen/mean:106468.0 - actor/entropy:0.11184726655483246 - perf/mfu/actor_infer:0.31583339765002494 - actor/pg_clipfrac:0.0004028189573546115 - actor/ppo_kl:-6.394585361135796e-05 - actor/pg_clipfrac_lower:0.0 - actor/pg_loss:0.003419168875552714 - actor/kl_loss:0.009477706742472947 - actor/kl_coef:0.001 - actor/loss:0.003428645431995392 - actor/grad_norm:0.3550628572702408 - actor/perf/max_memory_allocated_gb:57.544068813323975 - actor/perf/max_memory_reserved_gb:76.45703125 - actor/perf/cpu_memory_used_gb:22.17375946044922 - actor/lr:1e-06 - perf/mfu/actor:0.24410988163044556 - training/global_step:76 - training/epoch:0 - critic/score/mean:0.5078125 - critic/score/max:1.0 - critic/score/min:0.0 - critic/rewards/mean:0.5078125 - critic/rewards/max:1.0 - critic/rewards/min:0.0 - critic/advantages/mean:-0.003752834163606167 - critic/advantages/max:1.20761239528656 - critic/advantages/min:-2.4748666286468506 - critic/returns/mean:-0.003752834163606167 - critic/returns/max:1.20761239528656 - critic/returns/min:-2.4748666286468506 - response_length/mean:712.96875 - response_length/max:2048.0 - response_length/min:199.0 - response_length/clip_ratio:0.0078125 - response_length_non_aborted/mean:712.96875 - response_length_non_aborted/max:2048.0 - response_length_non_aborted/min:199.0 - response_length_non_aborted/clip_ratio:0.0078125 - response/aborted_ratio:0.0 - prompt_length/mean:118.8125 - prompt_length/max:300.0 - prompt_length/min:72.0 - prompt_length/clip_ratio:0.0 - num_turns/min:2 - num_turns/max:2 - num_turns/mean:2.0 - timing_s/start_profile:7.981061935424805e-05 - timing_s/agent_loop/num_preempted/min:-1 - timing_s/agent_loop/num_preempted/max:-1 - timing_s/agent_loop/num_preempted/mean:-1.0 - timing_s/agent_loop/generate_sequences/min:1.2721289386972785 - timing_s/agent_loop/generate_sequences/max:9.529714727774262 - timing_s/agent_loop/generate_sequences/mean:4.058536700817058 - timing_s/agent_loop/tool_calls/min:0.0 - timing_s/agent_loop/tool_calls/max:0.0 - timing_s/agent_loop/tool_calls/mean:0.0 - timing_s/agent_loop/compute_score/min:0.004417509771883488 - timing_s/agent_loop/compute_score/max:0.013010223396122456 - timing_s/agent_loop/compute_score/mean:0.005894866160815582 - timing_s/agent_loop/slowest/generate_sequences:9.529714727774262 - timing_s/agent_loop/slowest/tool_calls:0.0 - timing_s/agent_loop/slowest/compute_score:0.007424736395478249 - timing_s/agent_loop/slowest/num_preempted:-1 - timing_s/agent_loop/slowest/prompt_length:122 - timing_s/agent_loop/slowest/response_length:2048 - timing_s/gen:10.109638094902039 - timing_s/reward:1.6709789633750916e-05 - timing_s/old_log_prob:2.4627137081697583 - timing_s/ref:8.42001230455935 - timing_s/adv:0.0037160879001021385 - timing_s/update_actor:9.39061396382749 - timing_s/update_weights:1.3245241269469261 - timing_s/step:31.762483506463468 - timing_s/stop_profile:8.733849972486496e-05 - timing_per_token_ms/update_actor:0.08820128079636595 - timing_per_token_ms/adv:3.490333151841059e-05 - timing_per_token_ms/ref:0.0790849110019851 - timing_per_token_ms/gen:0.11077841436447555 - perf/total_num_tokens:106468 - perf/time_per_step:31.762483506463468 - perf/throughput:3352.004888985914
[36m(TaskRunner pid=272629)[0m Training Progress:  38%|███▊      | 77/200 [40:06<1:04:32, 31.48s/it]
[36m(WorkerDict pid=273039)[0m INFO:2026-07-28 16:36:37,937:update_weights done, time cost: 0.54s
[36m(TaskRunner pid=272629)[0m Training Progress:  39%|███▉      | 78/200 [40:38<1:04:12, 31.58s/it]
[36m(WorkerDict pid=273039)[0m INFO:2026-07-28 16:37:10,935:update_weights done, time cost: 0.52s
[36m(TaskRunner pid=272629)[0m step:77 - global_seqlen/min:104557 - global_seqlen/max:104557 - global_seqlen/minmax_diff:0 - global_seqlen/balanced_min:104557 - global_seqlen/balanced_max:104557 - global_seqlen/mean:104557.0 - actor/entropy:0.08720424026250839 - perf/mfu/actor_infer:0.31526683704273 - actor/pg_clipfrac:0.00032949899878076394 - actor/ppo_kl:-0.00010783347306642099 - actor/pg_clipfrac_lower:0.0 - actor/pg_loss:0.05537734700192232 - actor/kl_loss:0.007874935756262857 - actor/kl_coef:0.001 - actor/loss:0.05538522079586983 - actor/grad_norm:0.39748527109622955 - actor/perf/max_memory_allocated_gb:57.544068813323975 - actor/perf/max_memory_reserved_gb:76.45703125 - actor/perf/cpu_memory_used_gb:22.211563110351562 - actor/lr:1e-06 - perf/mfu/actor:0.24430318051384411 - training/global_step:77 - training/epoch:0 - critic/score/mean:0.6484375 - critic/score/max:1.0 - critic/score/min:0.0 - critic/rewards/mean:0.6484375 - critic/rewards/max:1.0 - critic/rewards/min:0.0 - critic/advantages/mean:-0.05372199788689613 - critic/advantages/max:2.4748666286468506 - critic/advantages/min:-2.4748666286468506 - critic/returns/mean:-0.05372199788689613 - critic/returns/max:2.4748666286468506 - critic/returns/min:-2.4748666286468506 - response_length/mean:682.9140625 - response_length/max:2048.0 - response_length/min:227.0 - response_length/clip_ratio:0.015625 - response_length_non_aborted/mean:682.9140625 - response_length_non_aborted/max:2048.0 - response_length_non_aborted/min:227.0 - response_length_non_aborted/clip_ratio:0.015625 - response/aborted_ratio:0.0 - prompt_length/mean:133.9375 - prompt_length/max:465.0 - prompt_length/min:69.0 - prompt_length/clip_ratio:0.0 - num_turns/min:2 - num_turns/max:2 - num_turns/mean:2.0 - timing_s/start_profile:8.292868733406067e-05 - timing_s/agent_loop/num_preempted/min:-1 - timing_s/agent_loop/num_preempted/max:-1 - timing_s/agent_loop/num_preempted/mean:-1.0 - timing_s/agent_loop/generate_sequences/min:1.449785964563489 - timing_s/agent_loop/generate_sequences/max:9.444788272492588 - timing_s/agent_loop/generate_sequences/mean:3.9448416790619376 - timing_s/agent_loop/tool_calls/min:0.0 - timing_s/agent_loop/tool_calls/max:0.0 - timing_s/agent_loop/tool_calls/mean:0.0 - timing_s/agent_loop/compute_score/min:0.004458199255168438 - timing_s/agent_loop/compute_score/max:0.008170107379555702 - timing_s/agent_loop/compute_score/mean:0.005873369467735756 - timing_s/agent_loop/slowest/generate_sequences:9.444788272492588 - timing_s/agent_loop/slowest/tool_calls:0.0 - timing_s/agent_loop/slowest/compute_score:0.007478166371583939 - timing_s/agent_loop/slowest/num_preempted:-1 - timing_s/agent_loop/slowest/prompt_length:83 - timing_s/agent_loop/slowest/response_length:2048 - timing_s/gen:10.014203071594238 - timing_s/reward:1.1060386896133423e-05 - timing_s/old_log_prob:2.4279228607192636 - timing_s/ref:8.393434102647007 - timing_s/adv:0.0036794589832425117 - timing_s/update_actor:9.214867454953492 - timing_s/update_weights:1.2966244844719768 - timing_s/step:31.370973706245422 - timing_s/stop_profile:7.915869355201721e-05 - timing_per_token_ms/update_actor:0.08813247754768683 - timing_per_token_ms/adv:3.519093875343125e-05 - timing_per_token_ms/ref:0.08027615657150651 - timing_per_token_ms/gen:0.11456194240666992 - perf/total_num_tokens:104557 - perf/time_per_step:31.370973706245422 - perf/throughput:3332.9217313769414
[36m(TaskRunner pid=272629)[0m step:78 - global_seqlen/min:104983 - global_seqlen/max:104983 - global_seqlen/minmax_diff:0 - global_seqlen/balanced_min:104983 - global_seqlen/balanced_max:104983 - global_seqlen/mean:104983.0 - actor/entropy:0.11768374592065811 - perf/mfu/actor_infer:0.3168667328595642 - actor/pg_clipfrac:0.00029776260589642334 - actor/ppo_kl:1.1540878404048271e-06 - actor/pg_clipfrac_lower:0.0 - actor/pg_loss:0.021451606531627476 - actor/kl_loss:0.007655447436263785 - actor/kl_coef:0.001 - actor/loss:0.02145926095545292 - actor/grad_norm:0.3851321041584015 - actor/perf/max_memory_allocated_gb:57.544068813323975 - actor/perf/max_memory_reserved_gb:76.45703125 - actor/perf/cpu_memory_used_gb:22.131507873535156 - actor/lr:1e-06 - perf/mfu/actor:0.2456743126828258 - training/global_step:78 - training/epoch:0 - critic/score/mean:0.5078125 - critic/score/max:1.0 - critic/score/min:0.0 - critic/rewards/mean:0.5078125 - critic/rewards/max:1.0 - critic/rewards/min:0.0 - critic/advantages/mean:-0.020521273836493492 - critic/advantages/max:1.6201815605163574 - critic/advantages/min:-0.935412585735321 - critic/returns/mean:-0.020521273836493492 - critic/returns/max:1.6201815605163574 - critic/returns/min:-0.935412585735321 - response_length/mean:697.8671875 - response_length/max:2048.0 - response_length/min:255.0 - response_length/clip_ratio:0.015625 - response_length_non_aborted/mean:697.8671875 - response_length_non_aborted/max:2048.0 - response_length_non_aborted/min:255.0 - response_length_non_aborted/clip_ratio:0.015625 - response/aborted_ratio:0.0 - prompt_length/mean:122.3125 - prompt_length/max:306.0 - prompt_length/min:65.0 - prompt_length/clip_ratio:0.0 - num_turns/min:2 - num_turns/max:2 - num_turns/mean:2.0 - timing_s/start_profile:7.804017513990402e-05 - timing_s/agent_loop/num_preempted/min:-1 - timing_s/agent_loop/num_preempted/max:-1 - timing_s/agent_loop/num_preempted/mean:-1.0 - timing_s/agent_loop/generate_sequences/min:1.6808430282399058 - timing_s/agent_loop/generate_sequences/max:9.50098332297057 - timing_s/agent_loop/generate_sequences/mean:3.9897609094841755 - timing_s/agent_loop/tool_calls/min:0.0 - timing_s/agent_loop/tool_calls/max:0.0 - timing_s/agent_loop/tool_calls/mean:0.0 - timing_s/agent_loop/compute_score/min:0.004286912269890308 - timing_s/agent_loop/compute_score/max:0.008268247358500957 - timing_s/agent_loop/compute_score/mean:0.005755966376455035 - timing_s/agent_loop/slowest/generate_sequences:9.50098332297057 - timing_s/agent_loop/slowest/tool_calls:0.0 - timing_s/agent_loop/slowest/compute_score:0.006250389851629734 - timing_s/agent_loop/slowest/num_preempted:-1 - timing_s/agent_loop/slowest/prompt_length:95 - timing_s/agent_loop/slowest/response_length:2048 - timing_s/gen:10.082207091152668 - timing_s/reward:1.6598962247371674e-05 - timing_s/old_log_prob:2.776807699352503 - timing_s/ref:8.413710196502507 - timing_s/adv:0.003725757822394371 - timing_s/update_actor:9.200437153689563 - timing_s/update_weights:1.2779884599149227 - timing_s/step:31.805953315459192 - timing_s/stop_profile:7.645878940820694e-05 - timing_per_token_ms/update_actor:0.0876373998998844 - timing_per_token_ms/adv:3.548915369530658e-05 - timing_per_token_ms/ref:0.08014354892223033 - timing_per_token_ms/gen:0.11286852901309423 - perf/total_num_tokens:104983 - perf/time_per_step:31.805953315459192 - perf/throughput:3300.7342669076143
[36m(TaskRunner pid=272629)[0m Training Progress:  40%|███▉      | 79/200 [41:11<1:04:32, 32.00s/it]
[36m(WorkerDict pid=273039)[0m INFO:2026-07-28 16:37:41,109:update_weights done, time cost: 0.52s
[36m(TaskRunner pid=272629)[0m Training Progress:  40%|████      | 80/200 [41:41<1:02:54, 31.46s/it]
[36m(WorkerDict pid=273039)[0m INFO:2026-07-28 16:38:12,310:update_weights done, time cost: 0.51s
[36m(TaskRunner pid=272629)[0m step:79 - global_seqlen/min:119725 - global_seqlen/max:119725 - global_seqlen/minmax_diff:0 - global_seqlen/balanced_min:119725 - global_seqlen/balanced_max:119725 - global_seqlen/mean:119725.0 - actor/entropy:0.10441404581069946 - perf/mfu/actor_infer:0.3272794636469445 - actor/pg_clipfrac:0.0002126209255948197 - actor/ppo_kl:3.1600015972799156e-05 - actor/pg_clipfrac_lower:0.0 - actor/pg_loss:0.015956556773744524 - actor/kl_loss:0.008505080346367322 - actor/kl_coef:0.001 - actor/loss:0.015965064987540245 - actor/grad_norm:0.2689461335539818 - actor/perf/max_memory_allocated_gb:57.544068813323975 - actor/perf/max_memory_reserved_gb:76.45703125 - actor/perf/cpu_memory_used_gb:22.173608779907227 - actor/lr:1e-06 - perf/mfu/actor:0.25572269907206363 - training/global_step:79 - training/epoch:0 - critic/score/mean:0.453125 - critic/score/max:1.0 - critic/score/min:0.0 - critic/rewards/mean:0.453125 - critic/rewards/max:1.0 - critic/rewards/min:0.0 - critic/advantages/mean:-0.01574104279279709 - critic/advantages/max:2.4748666286468506 - critic/advantages/min:-1.6201815605163574 - critic/returns/mean:-0.01574104279279709 - critic/returns/max:2.4748666286468506 - critic/returns/min:-1.6201815605163574 - response_length/mean:803.7265625 - response_length/max:2048.0 - response_length/min:232.0 - response_length/clip_ratio:0.0234375 - response_length_non_aborted/mean:803.7265625 - response_length_non_aborted/max:2048.0 - response_length_non_aborted/min:232.0 - response_length_non_aborted/clip_ratio:0.0234375 - response/aborted_ratio:0.0 - prompt_length/mean:131.625 - prompt_length/max:437.0 - prompt_length/min:63.0 - prompt_length/clip_ratio:0.0 - num_turns/min:2 - num_turns/max:2 - num_turns/mean:2.0 - timing_s/start_profile:7.94287770986557e-05 - timing_s/agent_loop/num_preempted/min:-1 - timing_s/agent_loop/num_preempted/max:-1 - timing_s/agent_loop/num_preempted/mean:-1.0 - timing_s/agent_loop/generate_sequences/min:1.5058871451765299 - timing_s/agent_loop/generate_sequences/max:9.854976050555706 - timing_s/agent_loop/generate_sequences/mean:4.662748912356619 - timing_s/agent_loop/tool_calls/min:0.0 - timing_s/agent_loop/tool_calls/max:0.0 - timing_s/agent_loop/tool_calls/mean:0.0 - timing_s/agent_loop/compute_score/min:0.003853975795209408 - timing_s/agent_loop/compute_score/max:0.013762165792286396 - timing_s/agent_loop/compute_score/mean:0.006022874527843669 - timing_s/agent_loop/slowest/generate_sequences:9.854976050555706 - timing_s/agent_loop/slowest/tool_calls:0.0 - timing_s/agent_loop/slowest/compute_score:0.005969763733446598 - timing_s/agent_loop/slowest/num_preempted:-1 - timing_s/agent_loop/slowest/prompt_length:129 - timing_s/agent_loop/slowest/response_length:2048 - timing_s/gen:10.428155132569373 - timing_s/reward:1.7298385500907898e-05 - timing_s/old_log_prob:2.6829492831602693 - timing_s/ref:8.472194544039667 - timing_s/adv:0.0036741290241479874 - timing_s/update_actor:10.090021762996912 - timing_s/update_weights:1.2545677088201046 - timing_s/step:32.98180958721787 - timing_s/stop_profile:9.449943900108337e-05 - timing_per_token_ms/update_actor:0.08427664867819513 - timing_per_token_ms/adv:3.0688068691985695e-05 - timing_per_token_ms/ref:0.07076378821498991 - timing_per_token_ms/gen:0.10136527243766219 - perf/total_num_tokens:119725 - perf/time_per_step:32.98180958721787 - perf/throughput:3630.0312656707456
[36m(TaskRunner pid=272629)[0m step:80 - global_seqlen/min:93169 - global_seqlen/max:93169 - global_seqlen/minmax_diff:0 - global_seqlen/balanced_min:93169 - global_seqlen/balanced_max:93169 - global_seqlen/mean:93169.0 - actor/entropy:0.09874995052814484 - perf/mfu/actor_infer:0.30605111868220053 - actor/pg_clipfrac:0.000572721405660559 - actor/ppo_kl:-2.446582956849852e-05 - actor/pg_clipfrac_lower:0.0 - actor/pg_loss:-0.014331944985315204 - actor/kl_loss:0.008483843732392415 - actor/kl_coef:0.001 - actor/loss:-0.014323465526103973 - actor/grad_norm:0.5165663808584213 - actor/perf/max_memory_allocated_gb:57.544068813323975 - actor/perf/max_memory_reserved_gb:76.45703125 - actor/perf/cpu_memory_used_gb:22.21276092529297 - actor/lr:1e-06 - perf/mfu/actor:0.23590193114781963 - training/global_step:80 - training/epoch:0 - critic/score/mean:0.6171875 - critic/score/max:1.0 - critic/score/min:0.0 - critic/rewards/mean:0.6171875 - critic/rewards/max:1.0 - critic/rewards/min:0.0 - critic/advantages/mean:0.014206210151314735 - critic/advantages/max:2.4748666286468506 - critic/advantages/min:-2.4748666286468506 - critic/returns/mean:0.014206210151314735 - critic/returns/max:2.4748666286468506 - critic/returns/min:-2.4748666286468506 - response_length/mean:631.1953125 - response_length/max:2048.0 - response_length/min:235.0 - response_length/clip_ratio:0.015625 - response_length_non_aborted/mean:631.1953125 - response_length_non_aborted/max:2048.0 - response_length_non_aborted/min:235.0 - response_length_non_aborted/clip_ratio:0.015625 - response/aborted_ratio:0.0 - prompt_length/mean:96.6875 - prompt_length/max:196.0 - prompt_length/min:56.0 - prompt_length/clip_ratio:0.0 - num_turns/min:2 - num_turns/max:2 - num_turns/mean:2.0 - timing_s/start_profile:7.488951086997986e-05 - timing_s/agent_loop/num_preempted/min:-1 - timing_s/agent_loop/num_preempted/max:-1 - timing_s/agent_loop/num_preempted/mean:-1.0 - timing_s/agent_loop/generate_sequences/min:1.5279239118099213 - timing_s/agent_loop/generate_sequences/max:9.194574686698616 - timing_s/agent_loop/generate_sequences/mean:3.6172854571559583 - timing_s/agent_loop/tool_calls/min:0.0 - timing_s/agent_loop/tool_calls/max:0.0 - timing_s/agent_loop/tool_calls/mean:0.0 - timing_s/agent_loop/compute_score/min:0.0038735875859856606 - timing_s/agent_loop/compute_score/max:0.013119762763381004 - timing_s/agent_loop/compute_score/mean:0.005803132138680667 - timing_s/agent_loop/slowest/generate_sequences:9.194574686698616 - timing_s/agent_loop/slowest/tool_calls:0.0 - timing_s/agent_loop/slowest/compute_score:0.007747652940452099 - timing_s/agent_loop/slowest/num_preempted:-1 - timing_s/agent_loop/slowest/prompt_length:57 - timing_s/agent_loop/slowest/response_length:2048 - timing_s/gen:9.768721097148955 - timing_s/reward:1.6439706087112427e-05 - timing_s/old_log_prob:2.238666052930057 - timing_s/ref:8.340153904631734 - timing_s/adv:0.0036904793232679367 - timing_s/update_actor:8.508340897969902 - timing_s/update_weights:1.2672515558078885 - timing_s/step:30.176917027682066 - timing_s/stop_profile:8.275825530290604e-05 - timing_per_token_ms/update_actor:0.09132158655743758 - timing_per_token_ms/adv:3.961059282881577e-05 - timing_per_token_ms/ref:0.08951640464780919 - timing_per_token_ms/gen:0.1209104884971341 - perf/total_num_tokens:93169 - perf/time_per_step:30.176917027682066 - perf/throughput:3087.4260586173755
[36m(TaskRunner pid=272629)[0m Training Progress:  40%|████      | 81/200 [42:13<1:02:13, 31.38s/it]
[36m(WorkerDict pid=273039)[0m INFO:2026-07-28 16:38:43,458:update_weights done, time cost: 0.51s
[36m(TaskRunner pid=272629)[0m Training Progress:  41%|████      | 82/200 [42:44<1:01:34, 31.31s/it]
[36m(WorkerDict pid=273039)[0m INFO:2026-07-28 16:39:13,515:update_weights done, time cost: 0.52s
[36m(TaskRunner pid=272629)[0m step:81 - global_seqlen/min:103878 - global_seqlen/max:103878 - global_seqlen/minmax_diff:0 - global_seqlen/balanced_min:103878 - global_seqlen/balanced_max:103878 - global_seqlen/mean:103878.0 - actor/entropy:0.1086471900343895 - perf/mfu/actor_infer:0.31512300221300416 - actor/pg_clipfrac:0.000578074826989905 - actor/ppo_kl:2.603967681125141e-05 - actor/pg_clipfrac_lower:0.0 - actor/pg_loss:-0.0026998581051884685 - actor/kl_loss:0.009246079527656548 - actor/kl_coef:0.001 - actor/loss:-0.0026906169950962067 - actor/grad_norm:0.5018838942050934 - actor/perf/max_memory_allocated_gb:57.544068813323975 - actor/perf/max_memory_reserved_gb:76.45703125 - actor/perf/cpu_memory_used_gb:22.233680725097656 - actor/lr:1e-06 - perf/mfu/actor:0.2436494348348629 - training/global_step:81 - training/epoch:0 - critic/score/mean:0.4921875 - critic/score/max:1.0 - critic/score/min:0.0 - critic/rewards/mean:0.4921875 - critic/rewards/max:1.0 - critic/rewards/min:0.0 - critic/advantages/mean:0.003225932363420725 - critic/advantages/max:2.4748666286468506 - critic/advantages/min:-2.4748666286468506 - critic/returns/mean:0.003225932363420725 - critic/returns/max:2.4748666286468506 - critic/returns/min:-2.4748666286468506 - response_length/mean:647.796875 - response_length/max:2048.0 - response_length/min:229.0 - response_length/clip_ratio:0.0078125 - response_length_non_aborted/mean:647.796875 - response_length_non_aborted/max:2048.0 - response_length_non_aborted/min:229.0 - response_length_non_aborted/clip_ratio:0.0078125 - response/aborted_ratio:0.0 - prompt_length/mean:163.75 - prompt_length/max:533.0 - prompt_length/min:65.0 - prompt_length/clip_ratio:0.0 - num_turns/min:2 - num_turns/max:2 - num_turns/mean:2.0 - timing_s/start_profile:7.521826773881912e-05 - timing_s/agent_loop/num_preempted/min:-1 - timing_s/agent_loop/num_preempted/max:-1 - timing_s/agent_loop/num_preempted/mean:-1.0 - timing_s/agent_loop/generate_sequences/min:1.5179284811019897 - timing_s/agent_loop/generate_sequences/max:9.374097858555615 - timing_s/agent_loop/generate_sequences/mean:3.780805962254817 - timing_s/agent_loop/tool_calls/min:0.0 - timing_s/agent_loop/tool_calls/max:0.0 - timing_s/agent_loop/tool_calls/mean:0.0 - timing_s/agent_loop/compute_score/min:0.003996795974671841 - timing_s/agent_loop/compute_score/max:0.013181152753531933 - timing_s/agent_loop/compute_score/mean:0.00577962385432329 - timing_s/agent_loop/slowest/generate_sequences:9.374097858555615 - timing_s/agent_loop/slowest/tool_calls:0.0 - timing_s/agent_loop/slowest/compute_score:0.008188828825950623 - timing_s/agent_loop/slowest/num_preempted:-1 - timing_s/agent_loop/slowest/prompt_length:136 - timing_s/agent_loop/slowest/response_length:2048 - timing_s/gen:9.933446049690247 - timing_s/reward:1.7260201275348663e-05 - timing_s/old_log_prob:2.40487642865628 - timing_s/ref:8.38071835692972 - timing_s/adv:0.0036231083795428276 - timing_s/update_actor:9.169388145208359 - timing_s/update_weights:1.2412309851497412 - timing_s/step:31.183042989112437 - timing_s/stop_profile:7.910933345556259e-05 - timing_per_token_ms/update_actor:0.08827074207443693 - timing_per_token_ms/adv:3.487849573098084e-05 - timing_per_token_ms/ref:0.08067847240926586 - timing_per_token_ms/gen:0.1197984279612418 - perf/total_num_tokens:103878 - perf/time_per_step:31.183042989112437 - perf/throughput:3331.233582183401
[36m(TaskRunner pid=272629)[0m step:82 - global_seqlen/min:101020 - global_seqlen/max:101020 - global_seqlen/minmax_diff:0 - global_seqlen/balanced_min:101020 - global_seqlen/balanced_max:101020 - global_seqlen/mean:101020.0 - actor/entropy:0.0988730937242508 - perf/mfu/actor_infer:0.31207970239357624 - actor/pg_clipfrac:0.00024353941626031883 - actor/ppo_kl:5.286206544496963e-06 - actor/pg_clipfrac_lower:0.0 - actor/pg_loss:0.034611052309628576 - actor/kl_loss:0.008428379667748231 - actor/kl_coef:0.001 - actor/loss:0.03461948037147522 - actor/grad_norm:0.3100724220275879 - actor/perf/max_memory_allocated_gb:57.544068813323975 - actor/perf/max_memory_reserved_gb:76.45703125 - actor/perf/cpu_memory_used_gb:22.25003433227539 - actor/lr:1e-06 - perf/mfu/actor:0.24120709844036298 - training/global_step:82 - training/epoch:0 - critic/score/mean:0.5703125 - critic/score/max:1.0 - critic/score/min:0.0 - critic/rewards/mean:0.5703125 - critic/rewards/max:1.0 - critic/rewards/min:0.0 - critic/advantages/mean:-0.03363650664687157 - critic/advantages/max:2.4748666286468506 - critic/advantages/min:-2.4748666286468506 - critic/returns/mean:-0.03363650664687157 - critic/returns/max:2.4748666286468506 - critic/returns/min:-2.4748666286468506 - response_length/mean:679.71875 - response_length/max:2048.0 - response_length/min:214.0 - response_length/clip_ratio:0.015625 - response_length_non_aborted/mean:679.71875 - response_length_non_aborted/max:2048.0 - response_length_non_aborted/min:214.0 - response_length_non_aborted/clip_ratio:0.015625 - response/aborted_ratio:0.0 - prompt_length/mean:109.5 - prompt_length/max:467.0 - prompt_length/min:63.0 - prompt_length/clip_ratio:0.0 - num_turns/min:2 - num_turns/max:2 - num_turns/mean:2.0 - timing_s/start_profile:7.560942322015762e-05 - timing_s/agent_loop/num_preempted/min:-1 - timing_s/agent_loop/num_preempted/max:-1 - timing_s/agent_loop/num_preempted/mean:-1.0 - timing_s/agent_loop/generate_sequences/min:1.394439491443336 - timing_s/agent_loop/generate_sequences/max:9.466849317774177 - timing_s/agent_loop/generate_sequences/mean:3.9047605995147023 - timing_s/agent_loop/tool_calls/min:0.0 - timing_s/agent_loop/tool_calls/max:0.0 - timing_s/agent_loop/tool_calls/mean:0.0 - timing_s/agent_loop/compute_score/min:0.004179093055427074 - timing_s/agent_loop/compute_score/max:0.009542924351990223 - timing_s/agent_loop/compute_score/mean:0.005799354890768882 - timing_s/agent_loop/slowest/generate_sequences:9.466849317774177 - timing_s/agent_loop/slowest/tool_calls:0.0 - timing_s/agent_loop/slowest/compute_score:0.007419927977025509 - timing_s/agent_loop/slowest/num_preempted:-1 - timing_s/agent_loop/slowest/prompt_length:112 - timing_s/agent_loop/slowest/response_length:2048 - timing_s/gen:10.07650935743004 - timing_s/reward:1.6829930245876312e-05 - timing_s/old_log_prob:2.3721306240186095 - timing_s/ref:8.37896561063826 - timing_s/adv:0.0036612190306186676 - timing_s/update_actor:9.014572506770492 - timing_s/update_weights:1.2436689222231507 - timing_s/step:31.13995782006532 - timing_s/stop_profile:7.74189829826355e-05 - timing_per_token_ms/update_actor:0.08923552273579975 - timing_per_token_ms/adv:3.624251663649443e-05 - timing_per_token_ms/ref:0.08294363106947397 - timing_per_token_ms/gen:0.11581662173497817 - perf/total_num_tokens:101020 - perf/time_per_step:31.13995782006532 - perf/throughput:3244.0634821575395
[36m(TaskRunner pid=272629)[0m Training Progress:  42%|████▏     | 83/200 [43:14<1:00:19, 30.94s/it]
[36m(WorkerDict pid=273039)[0m INFO:2026-07-28 16:39:45,238:update_weights done, time cost: 0.52s
[36m(TaskRunner pid=272629)[0m Training Progress:  42%|████▏     | 84/200 [43:46<1:00:15, 31.17s/it]
[36m(WorkerDict pid=273039)[0m INFO:2026-07-28 16:40:15,069:update_weights done, time cost: 0.52s
[36m(TaskRunner pid=272629)[0m step:83 - global_seqlen/min:92381 - global_seqlen/max:92381 - global_seqlen/minmax_diff:0 - global_seqlen/balanced_min:92381 - global_seqlen/balanced_max:92381 - global_seqlen/mean:92381.0 - actor/entropy:0.08482884615659714 - perf/mfu/actor_infer:0.30581287750901537 - actor/pg_clipfrac:0.0003079713169427123 - actor/ppo_kl:-5.3137848709639e-05 - actor/pg_clipfrac_lower:0.0 - actor/pg_loss:0.009333769761724398 - actor/kl_loss:0.007469674164894968 - actor/kl_coef:0.001 - actor/loss:0.009341239929199219 - actor/grad_norm:0.3232889026403427 - actor/perf/max_memory_allocated_gb:57.544068813323975 - actor/perf/max_memory_reserved_gb:76.45703125 - actor/perf/cpu_memory_used_gb:22.252958297729492 - actor/lr:1e-06 - perf/mfu/actor:0.23526818171187183 - training/global_step:83 - training/epoch:0 - critic/score/mean:0.53125 - critic/score/max:1.0 - critic/score/min:0.0 - critic/rewards/mean:0.53125 - critic/rewards/max:1.0 - critic/rewards/min:0.0 - critic/advantages/mean:-0.009240562096238136 - critic/advantages/max:1.6201815605163574 - critic/advantages/min:-1.6201815605163574 - critic/returns/mean:-0.009240562096238136 - critic/returns/max:1.6201815605163574 - critic/returns/min:-1.6201815605163574 - response_length/mean:627.0390625 - response_length/max:2048.0 - response_length/min:209.0 - response_length/clip_ratio:0.015625 - response_length_non_aborted/mean:627.0390625 - response_length_non_aborted/max:2048.0 - response_length_non_aborted/min:209.0 - response_length_non_aborted/clip_ratio:0.015625 - response/aborted_ratio:0.0 - prompt_length/mean:94.6875 - prompt_length/max:173.0 - prompt_length/min:58.0 - prompt_length/clip_ratio:0.0 - num_turns/min:2 - num_turns/max:2 - num_turns/mean:2.0 - timing_s/start_profile:7.51987099647522e-05 - timing_s/agent_loop/num_preempted/min:-1 - timing_s/agent_loop/num_preempted/max:-1 - timing_s/agent_loop/num_preempted/mean:-1.0 - timing_s/agent_loop/generate_sequences/min:1.3487000092864037 - timing_s/agent_loop/generate_sequences/max:9.168005097657442 - timing_s/agent_loop/generate_sequences/mean:3.5588300286763115 - timing_s/agent_loop/tool_calls/min:0.0 - timing_s/agent_loop/tool_calls/max:0.0 - timing_s/agent_loop/tool_calls/mean:0.0 - timing_s/agent_loop/compute_score/min:0.004091144539415836 - timing_s/agent_loop/compute_score/max:0.007959420792758465 - timing_s/agent_loop/compute_score/mean:0.005587459425441921 - timing_s/agent_loop/slowest/generate_sequences:9.168005097657442 - timing_s/agent_loop/slowest/tool_calls:0.0 - timing_s/agent_loop/slowest/compute_score:0.007079160772264004 - timing_s/agent_loop/slowest/num_preempted:-1 - timing_s/agent_loop/slowest/prompt_length:133 - timing_s/agent_loop/slowest/response_length:2048 - timing_s/gen:9.75268978253007 - timing_s/reward:1.6530044376850128e-05 - timing_s/old_log_prob:2.213996961712837 - timing_s/ref:8.340138499625027 - timing_s/adv:0.0036760885268449783 - timing_s/update_actor:8.443651161156595 - timing_s/update_weights:1.2579434970393777 - timing_s/step:30.063533908687532 - timing_s/stop_profile:8.22683796286583e-05 - timing_per_token_ms/update_actor:0.0914003005072103 - timing_per_token_ms/adv:3.979269034590423e-05 - timing_per_token_ms/ref:0.09027980320222803 - timing_per_token_ms/gen:0.12151218876577752 - perf/total_num_tokens:92381 - perf/time_per_step:30.063533908687532 - perf/throughput:3072.858975281826
[36m(TaskRunner pid=272629)[0m step:84 - global_seqlen/min:105203 - global_seqlen/max:105203 - global_seqlen/minmax_diff:0 - global_seqlen/balanced_min:105203 - global_seqlen/balanced_max:105203 - global_seqlen/mean:105203.0 - actor/entropy:0.08303365111351013 - perf/mfu/actor_infer:0.3181614403386695 - actor/pg_clipfrac:0.00033437037473049713 - actor/ppo_kl:-9.403500369842277e-05 - actor/pg_clipfrac_lower:0.0 - actor/pg_loss:-0.011485897965030745 - actor/kl_loss:0.007743078967905603 - actor/kl_coef:0.001 - actor/loss:-0.011478153057396412 - actor/grad_norm:0.4213826358318329 - actor/perf/max_memory_allocated_gb:57.544068813323975 - actor/perf/max_memory_reserved_gb:76.45703125 - actor/perf/cpu_memory_used_gb:22.25853729248047 - actor/lr:1e-06 - perf/mfu/actor:0.2470579811557138 - training/global_step:84 - training/epoch:0 - critic/score/mean:0.6640625 - critic/score/max:1.0 - critic/score/min:0.0 - critic/rewards/mean:0.6640625 - critic/rewards/max:1.0 - critic/rewards/min:0.0 - critic/advantages/mean:0.010462242178618908 - critic/advantages/max:2.4748666286468506 - critic/advantages/min:-2.4748666286468506 - critic/returns/mean:0.010462242178618908 - critic/returns/max:2.4748666286468506 - critic/returns/min:-2.4748666286468506 - response_length/mean:699.8984375 - response_length/max:2048.0 - response_length/min:325.0 - response_length/clip_ratio:0.0078125 - response_length_non_aborted/mean:699.8984375 - response_length_non_aborted/max:2048.0 - response_length_non_aborted/min:325.0 - response_length_non_aborted/clip_ratio:0.0078125 - response/aborted_ratio:0.0 - prompt_length/mean:122.0 - prompt_length/max:336.0 - prompt_length/min:70.0 - prompt_length/clip_ratio:0.0 - num_turns/min:2 - num_turns/max:2 - num_turns/mean:2.0 - timing_s/start_profile:7.43689015507698e-05 - timing_s/agent_loop/num_preempted/min:-1 - timing_s/agent_loop/num_preempted/max:-1 - timing_s/agent_loop/num_preempted/mean:-1.0 - timing_s/agent_loop/generate_sequences/min:2.121872941032052 - timing_s/agent_loop/generate_sequences/max:9.468739634379745 - timing_s/agent_loop/generate_sequences/mean:4.095212178835936 - timing_s/agent_loop/tool_calls/min:0.0 - timing_s/agent_loop/tool_calls/max:0.0 - timing_s/agent_loop/tool_calls/mean:0.0 - timing_s/agent_loop/compute_score/min:0.0045587001368403435 - timing_s/agent_loop/compute_score/max:0.007869333028793335 - timing_s/agent_loop/compute_score/mean:0.005729642842197791 - timing_s/agent_loop/slowest/generate_sequences:9.468739634379745 - timing_s/agent_loop/slowest/tool_calls:0.0 - timing_s/agent_loop/slowest/compute_score:0.007869333028793335 - timing_s/agent_loop/slowest/num_preempted:-1 - timing_s/agent_loop/slowest/prompt_length:234 - timing_s/agent_loop/slowest/response_length:2048 - timing_s/gen:10.065152991563082 - timing_s/reward:1.703854650259018e-05 - timing_s/old_log_prob:2.774050801061094 - timing_s/ref:8.40055145509541 - timing_s/adv:0.0036978190764784813 - timing_s/update_actor:9.15874195098877 - timing_s/update_weights:1.244504887610674 - timing_s/step:31.6977204317227 - timing_s/stop_profile:8.133891969919205e-05 - timing_per_token_ms/update_actor:0.08705780206827533 - timing_per_token_ms/adv:3.514936909098107e-05 - timing_per_token_ms/ref:0.07985087359766746 - timing_per_token_ms/gen:0.1123505976488004 - perf/total_num_tokens:105203 - perf/time_per_step:31.6977204317227 - perf/throughput:3318.945292189343
[36m(TaskRunner pid=272629)[0m Training Progress:  42%|████▎     | 85/200 [44:15<58:58, 30.77s/it]  
[36m(WorkerDict pid=273039)[0m INFO:2026-07-28 16:40:44,624:update_weights done, time cost: 0.51s
[36m(TaskRunner pid=272629)[0m Training Progress:  43%|████▎     | 86/200 [44:45<57:45, 30.40s/it]
[36m(WorkerDict pid=273039)[0m INFO:2026-07-28 16:41:12,684:update_weights done, time cost: 0.53s
[36m(TaskRunner pid=272629)[0m step:85 - global_seqlen/min:90396 - global_seqlen/max:90396 - global_seqlen/minmax_diff:0 - global_seqlen/balanced_min:90396 - global_seqlen/balanced_max:90396 - global_seqlen/mean:90396.0 - actor/entropy:0.09871606528759003 - perf/mfu/actor_infer:0.30408828249791336 - actor/pg_clipfrac:0.0004451639661056106 - actor/ppo_kl:-6.566905653926369e-05 - actor/pg_clipfrac_lower:0.0 - actor/pg_loss:0.007715743035078049 - actor/kl_loss:0.008455866140138824 - actor/kl_coef:0.001 - actor/loss:0.007724197581410408 - actor/grad_norm:0.4089157283306122 - actor/perf/max_memory_allocated_gb:57.544068813323975 - actor/perf/max_memory_reserved_gb:76.45703125 - actor/perf/cpu_memory_used_gb:22.22850227355957 - actor/lr:1e-06 - perf/mfu/actor:0.23327705803480953 - training/global_step:85 - training/epoch:0 - critic/score/mean:0.703125 - critic/score/max:1.0 - critic/score/min:0.0 - critic/rewards/mean:0.703125 - critic/rewards/max:1.0 - critic/rewards/min:0.0 - critic/advantages/mean:-0.008220208808779716 - critic/advantages/max:0.935412585735321 - critic/advantages/min:-2.4748666286468506 - critic/returns/mean:-0.008220208808779716 - critic/returns/max:0.935412585735321 - critic/returns/min:-2.4748666286468506 - response_length/mean:613.96875 - response_length/max:2048.0 - response_length/min:180.0 - response_length/clip_ratio:0.0078125 - response_length_non_aborted/mean:613.96875 - response_length_non_aborted/max:2048.0 - response_length_non_aborted/min:180.0 - response_length_non_aborted/clip_ratio:0.0078125 - response/aborted_ratio:0.0 - prompt_length/mean:92.25 - prompt_length/max:192.0 - prompt_length/min:64.0 - prompt_length/clip_ratio:0.0 - num_turns/min:2 - num_turns/max:2 - num_turns/mean:2.0 - timing_s/start_profile:7.893890142440796e-05 - timing_s/agent_loop/num_preempted/min:-1 - timing_s/agent_loop/num_preempted/max:-1 - timing_s/agent_loop/num_preempted/mean:-1.0 - timing_s/agent_loop/generate_sequences/min:1.1502063712105155 - timing_s/agent_loop/generate_sequences/max:9.076208868995309 - timing_s/agent_loop/generate_sequences/mean:3.4140990865635104 - timing_s/agent_loop/tool_calls/min:0.0 - timing_s/agent_loop/tool_calls/max:0.0 - timing_s/agent_loop/tool_calls/mean:0.0 - timing_s/agent_loop/compute_score/min:0.003998635336756706 - timing_s/agent_loop/compute_score/max:0.012051166966557503 - timing_s/agent_loop/compute_score/mean:0.0059786662823171355 - timing_s/agent_loop/slowest/generate_sequences:9.076208868995309 - timing_s/agent_loop/slowest/tool_calls:0.0 - timing_s/agent_loop/slowest/compute_score:0.008281808346509933 - timing_s/agent_loop/slowest/num_preempted:-1 - timing_s/agent_loop/slowest/prompt_length:153 - timing_s/agent_loop/slowest/response_length:2048 - timing_s/gen:9.670436246320605 - timing_s/reward:1.482013612985611e-05 - timing_s/old_log_prob:2.1817138297483325 - timing_s/ref:8.329060486517847 - timing_s/adv:0.0036423197016119957 - timing_s/update_actor:8.336662604473531 - timing_s/update_weights:1.2557013118639588 - timing_s/step:29.827023616991937 - timing_s/stop_profile:8.074846118688583e-05 - timing_per_token_ms/update_actor:0.09222379977513974 - timing_per_token_ms/adv:4.029293001473512e-05 - timing_per_token_ms/ref:0.09213970182881816 - timing_per_token_ms/gen:0.12305232664427909 - perf/total_num_tokens:90396 - perf/time_per_step:29.827023616991937 - perf/throughput:3030.674503791353
[36m(TaskRunner pid=272629)[0m step:86 - global_seqlen/min:89142 - global_seqlen/max:89142 - global_seqlen/minmax_diff:0 - global_seqlen/balanced_min:89142 - global_seqlen/balanced_max:89142 - global_seqlen/mean:89142.0 - actor/entropy:0.09649736434221268 - perf/mfu/actor_infer:0.30033789201781574 - actor/pg_clipfrac:0.0003277000050729839 - actor/ppo_kl:-6.053423271623615e-05 - actor/pg_clipfrac_lower:0.0 - actor/pg_loss:0.025355516001582146 - actor/kl_loss:0.00831405787175754 - actor/kl_coef:0.001 - actor/loss:0.025363832712173462 - actor/grad_norm:0.4504282623529434 - actor/perf/max_memory_allocated_gb:57.544068813323975 - actor/perf/max_memory_reserved_gb:76.45703125 - actor/perf/cpu_memory_used_gb:22.23394775390625 - actor/lr:1e-06 - perf/mfu/actor:0.23020324968494021 - training/global_step:86 - training/epoch:0 - critic/score/mean:0.6171875 - critic/score/max:1.0 - critic/score/min:0.0 - critic/rewards/mean:0.6171875 - critic/rewards/max:1.0 - critic/rewards/min:0.0 - critic/advantages/mean:-0.023703742772340775 - critic/advantages/max:2.4748666286468506 - critic/advantages/min:-2.4748666286468506 - critic/returns/mean:-0.023703742772340775 - critic/returns/max:2.4748666286468506 - critic/returns/min:-2.4748666286468506 - response_length/mean:560.109375 - response_length/max:1996.0 - response_length/min:145.0 - response_length/clip_ratio:0.0 - response_length_non_aborted/mean:560.109375 - response_length_non_aborted/max:1996.0 - response_length_non_aborted/min:145.0 - response_length_non_aborted/clip_ratio:0.0 - response/aborted_ratio:0.0 - prompt_length/mean:136.3125 - prompt_length/max:507.0 - prompt_length/min:63.0 - prompt_length/clip_ratio:0.0 - num_turns/min:2 - num_turns/max:2 - num_turns/mean:2.0 - timing_s/start_profile:8.640903979539871e-05 - timing_s/agent_loop/num_preempted/min:-1 - timing_s/agent_loop/num_preempted/max:-1 - timing_s/agent_loop/num_preempted/mean:-1.0 - timing_s/agent_loop/generate_sequences/min:0.9527960028499365 - timing_s/agent_loop/generate_sequences/max:8.831802107393742 - timing_s/agent_loop/generate_sequences/mean:3.149826698587276 - timing_s/agent_loop/tool_calls/min:0.0 - timing_s/agent_loop/tool_calls/max:0.0 - timing_s/agent_loop/tool_calls/mean:0.0 - timing_s/agent_loop/compute_score/min:0.004191133193671703 - timing_s/agent_loop/compute_score/max:0.008841002359986305 - timing_s/agent_loop/compute_score/mean:0.005814127667690627 - timing_s/agent_loop/slowest/generate_sequences:8.831802107393742 - timing_s/agent_loop/slowest/tool_calls:0.0 - timing_s/agent_loop/slowest/compute_score:0.007241029292345047 - timing_s/agent_loop/slowest/num_preempted:-1 - timing_s/agent_loop/slowest/prompt_length:85 - timing_s/agent_loop/slowest/response_length:1996 - timing_s/gen:9.419398030266166 - timing_s/reward:1.6910023987293243e-05 - timing_s/old_log_prob:2.1762108989059925 - timing_s/ref:8.319585170596838 - timing_s/adv:0.003621170297265053 - timing_s/update_actor:8.334945150651038 - timing_s/update_weights:1.2334454646334052 - timing_s/step:29.5373053830117 - timing_s/stop_profile:7.776916027069092e-05 - timing_per_token_ms/update_actor:0.09350188632351795 - timing_per_token_ms/adv:4.062249329457554e-05 - timing_per_token_ms/ref:0.09332957719814272 - timing_per_token_ms/gen:0.1313833518881101 - perf/total_num_tokens:89142 - perf/time_per_step:29.5373053830117 - perf/throughput:3017.9462494662694
[36m(TaskRunner pid=272629)[0m Training Progress:  44%|████▎     | 87/200 [45:13<55:56, 29.71s/it]
[36m(WorkerDict pid=273039)[0m INFO:2026-07-28 16:41:42,769:update_weights done, time cost: 0.51s
[36m(TaskRunner pid=272629)[0m Training Progress:  44%|████▍     | 88/200 [45:43<55:39, 29.81s/it]
[36m(WorkerDict pid=273039)[0m INFO:2026-07-28 16:42:14,024:update_weights done, time cost: 0.51s
[36m(TaskRunner pid=272629)[0m step:87 - global_seqlen/min:87312 - global_seqlen/max:87312 - global_seqlen/minmax_diff:0 - global_seqlen/balanced_min:87312 - global_seqlen/balanced_max:87312 - global_seqlen/mean:87312.0 - actor/entropy:0.09102044254541397 - perf/mfu/actor_infer:0.30005291116442856 - actor/pg_clipfrac:3.1156530894804746e-05 - actor/ppo_kl:9.613729298507678e-05 - actor/pg_clipfrac_lower:0.0 - actor/pg_loss:0.005340785486623645 - actor/kl_loss:0.01047169823141303 - actor/kl_coef:0.001 - actor/loss:0.0053512584418058395 - actor/grad_norm:0.1415358316153288 - actor/perf/max_memory_allocated_gb:57.544068813323975 - actor/perf/max_memory_reserved_gb:76.45703125 - actor/perf/cpu_memory_used_gb:22.253339767456055 - actor/lr:1e-06 - perf/mfu/actor:0.2275527769001663 - training/global_step:87 - training/epoch:0 - critic/score/mean:0.6171875 - critic/score/max:1.0 - critic/score/min:0.0 - critic/rewards/mean:0.6171875 - critic/rewards/max:1.0 - critic/rewards/min:0.0 - critic/advantages/mean:-0.0049569373950362206 - critic/advantages/max:0.35355237126350403 - critic/advantages/min:-2.4748666286468506 - critic/returns/mean:-0.0049569373950362206 - critic/returns/max:0.35355237126350403 - critic/returns/min:-2.4748666286468506 - response_length/mean:561.125 - response_length/max:1613.0 - response_length/min:175.0 - response_length/clip_ratio:0.0 - response_length_non_aborted/mean:561.125 - response_length_non_aborted/max:1613.0 - response_length_non_aborted/min:175.0 - response_length_non_aborted/clip_ratio:0.0 - response/aborted_ratio:0.0 - prompt_length/mean:121.0 - prompt_length/max:240.0 - prompt_length/min:72.0 - prompt_length/clip_ratio:0.0 - num_turns/min:2 - num_turns/max:2 - num_turns/mean:2.0 - timing_s/start_profile:7.392838597297668e-05 - timing_s/agent_loop/num_preempted/min:-1 - timing_s/agent_loop/num_preempted/max:-1 - timing_s/agent_loop/num_preempted/mean:-1.0 - timing_s/agent_loop/generate_sequences/min:1.155653340741992 - timing_s/agent_loop/generate_sequences/max:7.46481073088944 - timing_s/agent_loop/generate_sequences/mean:3.1272747884650016 - timing_s/agent_loop/tool_calls/min:0.0 - timing_s/agent_loop/tool_calls/max:0.0 - timing_s/agent_loop/tool_calls/mean:0.0 - timing_s/agent_loop/compute_score/min:0.004107584245502949 - timing_s/agent_loop/compute_score/max:0.012916377745568752 - timing_s/agent_loop/compute_score/mean:0.005963391362456605 - timing_s/agent_loop/slowest/generate_sequences:7.46481073088944 - timing_s/agent_loop/slowest/tool_calls:0.0 - timing_s/agent_loop/slowest/compute_score:0.006511027924716473 - timing_s/agent_loop/slowest/num_preempted:-1 - timing_s/agent_loop/slowest/prompt_length:166 - timing_s/agent_loop/slowest/response_length:1613 - timing_s/gen:8.039407728239894 - timing_s/reward:1.6449950635433197e-05 - timing_s/old_log_prob:2.137498626485467 - timing_s/ref:8.320210206322372 - timing_s/adv:0.0036141201853752136 - timing_s/update_actor:8.257774969562888 - timing_s/update_weights:1.2715722192078829 - timing_s/step:28.078745177015662 - timing_s/stop_profile:7.699895650148392e-05 - timing_per_token_ms/update_actor:0.09457777819272137 - timing_per_token_ms/adv:4.139316686566811e-05 - timing_per_token_ms/ref:0.09529286016037168 - timing_per_token_ms/gen:0.11193205235352938 - perf/total_num_tokens:87312 - perf/time_per_step:28.078745177015662 - perf/throughput:3109.5406667770444
[36m(TaskRunner pid=272629)[0m step:88 - global_seqlen/min:104077 - global_seqlen/max:104077 - global_seqlen/minmax_diff:0 - global_seqlen/balanced_min:104077 - global_seqlen/balanced_max:104077 - global_seqlen/mean:104077.0 - actor/entropy:0.09961040318012238 - perf/mfu/actor_infer:0.3157889754508077 - actor/pg_clipfrac:0.00024529878191970056 - actor/ppo_kl:-1.0320741694158642e-05 - actor/pg_clipfrac_lower:0.0 - actor/pg_loss:-0.017740718321874738 - actor/kl_loss:0.008797711103397887 - actor/kl_coef:0.001 - actor/loss:-0.017731924541294575 - actor/grad_norm:0.3001885861158371 - actor/perf/max_memory_allocated_gb:57.544068813323975 - actor/perf/max_memory_reserved_gb:76.45703125 - actor/perf/cpu_memory_used_gb:22.257362365722656 - actor/lr:1e-06 - perf/mfu/actor:0.24743478768895483 - training/global_step:88 - training/epoch:0 - critic/score/mean:0.6796875 - critic/score/max:1.0 - critic/score/min:0.0 - critic/rewards/mean:0.6796875 - critic/rewards/max:1.0 - critic/rewards/min:0.0 - critic/advantages/mean:0.017780350521206856 - critic/advantages/max:0.935412585735321 - critic/advantages/min:-2.4748666286468506 - critic/returns/mean:0.017780350521206856 - critic/returns/max:0.935412585735321 - critic/returns/min:-2.4748666286468506 - response_length/mean:718.1640625 - response_length/max:1732.0 - response_length/min:227.0 - response_length/clip_ratio:0.0 - response_length_non_aborted/mean:718.1640625 - response_length_non_aborted/max:1732.0 - response_length_non_aborted/min:227.0 - response_length_non_aborted/clip_ratio:0.0 - response/aborted_ratio:0.0 - prompt_length/mean:94.9375 - prompt_length/max:159.0 - prompt_length/min:68.0 - prompt_length/clip_ratio:0.0 - num_turns/min:2 - num_turns/max:2 - num_turns/mean:2.0 - timing_s/start_profile:7.543899118900299e-05 - timing_s/agent_loop/num_preempted/min:-1 - timing_s/agent_loop/num_preempted/max:-1 - timing_s/agent_loop/num_preempted/mean:-1.0 - timing_s/agent_loop/generate_sequences/min:1.4521036157384515 - timing_s/agent_loop/generate_sequences/max:8.359464526176453 - timing_s/agent_loop/generate_sequences/mean:4.139424795183004 - timing_s/agent_loop/tool_calls/min:0.0 - timing_s/agent_loop/tool_calls/max:0.0 - timing_s/agent_loop/tool_calls/mean:0.0 - timing_s/agent_loop/compute_score/min:0.004431630484759808 - timing_s/agent_loop/compute_score/max:0.008954041637480259 - timing_s/agent_loop/compute_score/mean:0.005761354557762388 - timing_s/agent_loop/slowest/generate_sequences:8.359464526176453 - timing_s/agent_loop/slowest/tool_calls:0.0 - timing_s/agent_loop/slowest/compute_score:0.006765215657651424 - timing_s/agent_loop/slowest/num_preempted:-1 - timing_s/agent_loop/slowest/prompt_length:98 - timing_s/agent_loop/slowest/response_length:1732 - timing_s/gen:8.942006647586823 - timing_s/reward:1.592002809047699e-05 - timing_s/old_log_prob:2.4074370050802827 - timing_s/ref:8.382301815785468 - timing_s/adv:0.003873467445373535 - timing_s/update_actor:9.033045922406018 - timing_s/update_weights:1.2348112175241113 - timing_s/step:30.053458587266505 - timing_s/stop_profile:8.438900113105774e-05 - timing_per_token_ms/update_actor:0.08679195136683435 - timing_per_token_ms/adv:3.721732414821272e-05 - timing_per_token_ms/ref:0.08053942576924265 - timing_per_token_ms/gen:0.09727502472218463 - perf/total_num_tokens:104077 - perf/time_per_step:30.053458587266505 - perf/throughput:3463.0623193597053
[36m(TaskRunner pid=272629)[0m Training Progress:  44%|████▍     | 89/200 [46:14<55:57, 30.25s/it]
[36m(WorkerDict pid=273039)[0m INFO:2026-07-28 16:42:41,355:update_weights done, time cost: 0.51s
[36m(TaskRunner pid=272629)[0m Training Progress:  45%|████▌     | 90/200 [46:42<53:50, 29.37s/it]
[36m(WorkerDict pid=273039)[0m INFO:2026-07-28 16:43:12,490:update_weights done, time cost: 0.50s
[36m(TaskRunner pid=272629)[0m step:89 - global_seqlen/min:101299 - global_seqlen/max:101299 - global_seqlen/minmax_diff:0 - global_seqlen/balanced_min:101299 - global_seqlen/balanced_max:101299 - global_seqlen/mean:101299.0 - actor/entropy:0.0632440447807312 - perf/mfu/actor_infer:0.3148269156143719 - actor/pg_clipfrac:0.00034060727102769306 - actor/ppo_kl:-5.19198706001589e-05 - actor/pg_clipfrac_lower:0.0 - actor/pg_loss:0.006065678782761097 - actor/kl_loss:0.009038836011313833 - actor/kl_coef:0.001 - actor/loss:0.006074719130992889 - actor/grad_norm:0.40306398272514343 - actor/perf/max_memory_allocated_gb:57.544068813323975 - actor/perf/max_memory_reserved_gb:76.45703125 - actor/perf/cpu_memory_used_gb:22.196659088134766 - actor/lr:1e-06 - perf/mfu/actor:0.24441722617189382 - training/global_step:89 - training/epoch:0 - critic/score/mean:0.640625 - critic/score/max:1.0 - critic/score/min:0.0 - critic/rewards/mean:0.640625 - critic/rewards/max:1.0 - critic/rewards/min:0.0 - critic/advantages/mean:-0.00696279713883996 - critic/advantages/max:2.4748666286468506 - critic/advantages/min:-2.4748666286468506 - critic/returns/mean:-0.00696279713883996 - critic/returns/max:2.4748666286468506 - critic/returns/min:-2.4748666286468506 - response_length/mean:700.8984375 - response_length/max:2048.0 - response_length/min:255.0 - response_length/clip_ratio:0.0234375 - response_length_non_aborted/mean:700.8984375 - response_length_non_aborted/max:2048.0 - response_length_non_aborted/min:255.0 - response_length_non_aborted/clip_ratio:0.0234375 - response/aborted_ratio:0.0 - prompt_length/mean:90.5 - prompt_length/max:152.0 - prompt_length/min:56.0 - prompt_length/clip_ratio:0.0 - num_turns/min:2 - num_turns/max:2 - num_turns/mean:2.0 - timing_s/start_profile:7.458869367837906e-05 - timing_s/agent_loop/num_preempted/min:-1 - timing_s/agent_loop/num_preempted/max:-1 - timing_s/agent_loop/num_preempted/mean:-1.0 - timing_s/agent_loop/generate_sequences/min:1.6404514880850911 - timing_s/agent_loop/generate_sequences/max:9.424816096201539 - timing_s/agent_loop/generate_sequences/mean:3.914672634753515 - timing_s/agent_loop/tool_calls/min:0.0 - timing_s/agent_loop/tool_calls/max:0.0 - timing_s/agent_loop/tool_calls/mean:0.0 - timing_s/agent_loop/compute_score/min:0.0038651078939437866 - timing_s/agent_loop/compute_score/max:0.013268163427710533 - timing_s/agent_loop/compute_score/mean:0.005937292218732182 - timing_s/agent_loop/slowest/generate_sequences:9.424816096201539 - timing_s/agent_loop/slowest/tool_calls:0.0 - timing_s/agent_loop/slowest/compute_score:0.00674226600676775 - timing_s/agent_loop/slowest/num_preempted:-1 - timing_s/agent_loop/slowest/prompt_length:152 - timing_s/agent_loop/slowest/response_length:2048 - timing_s/gen:9.977754415012896 - timing_s/reward:1.701992005109787e-05 - timing_s/old_log_prob:2.35582391731441 - timing_s/ref:8.707397606223822 - timing_s/adv:0.0036094598472118378 - timing_s/update_actor:8.922663024626672 - timing_s/update_weights:1.2323213759809732 - timing_s/step:31.250104655511677 - timing_s/stop_profile:8.873920887708664e-05 - timing_per_token_ms/update_actor:0.0880824393589934 - timing_per_token_ms/adv:3.5631742141697724e-05 - timing_per_token_ms/ref:0.0859573895717018 - timing_per_token_ms/gen:0.11121612233197231 - perf/total_num_tokens:101299 - perf/time_per_step:31.250104655511677 - perf/throughput:3241.5571441017105
[36m(TaskRunner pid=272629)[0m step:90 - global_seqlen/min:87607 - global_seqlen/max:87607 - global_seqlen/minmax_diff:0 - global_seqlen/balanced_min:87607 - global_seqlen/balanced_max:87607 - global_seqlen/mean:87607.0 - actor/entropy:0.08581986278295517 - perf/mfu/actor_infer:0.30402627025154233 - actor/pg_clipfrac:0.0005838155889250629 - actor/ppo_kl:3.6684422127564176e-05 - actor/pg_clipfrac_lower:0.0 - actor/pg_loss:0.02016436864505522 - actor/kl_loss:0.010347746028855909 - actor/kl_coef:0.001 - actor/loss:0.02017471194267273 - actor/grad_norm:0.4267503321170807 - actor/perf/max_memory_allocated_gb:57.544068813323975 - actor/perf/max_memory_reserved_gb:76.45703125 - actor/perf/cpu_memory_used_gb:22.2299747467041 - actor/lr:1e-06 - perf/mfu/actor:0.23444081260933336 - training/global_step:90 - training/epoch:0 - critic/score/mean:0.578125 - critic/score/max:1.0 - critic/score/min:0.0 - critic/rewards/mean:0.578125 - critic/rewards/max:1.0 - critic/rewards/min:0.0 - critic/advantages/mean:-0.019939851015806198 - critic/advantages/max:1.20761239528656 - critic/advantages/min:-2.4748666286468506 - critic/returns/mean:-0.019939851015806198 - critic/returns/max:1.20761239528656 - critic/returns/min:-2.4748666286468506 - response_length/mean:591.8046875 - response_length/max:1507.0 - response_length/min:222.0 - response_length/clip_ratio:0.0 - response_length_non_aborted/mean:591.8046875 - response_length_non_aborted/max:1507.0 - response_length_non_aborted/min:222.0 - response_length_non_aborted/clip_ratio:0.0 - response/aborted_ratio:0.0 - prompt_length/mean:92.625 - prompt_length/max:157.0 - prompt_length/min:60.0 - prompt_length/clip_ratio:0.0 - num_turns/min:2 - num_turns/max:2 - num_turns/mean:2.0 - timing_s/start_profile:7.3188915848732e-05 - timing_s/agent_loop/num_preempted/min:-1 - timing_s/agent_loop/num_preempted/max:-1 - timing_s/agent_loop/num_preempted/mean:-1.0 - timing_s/agent_loop/generate_sequences/min:1.384831448085606 - timing_s/agent_loop/generate_sequences/max:7.016692996956408 - timing_s/agent_loop/generate_sequences/mean:3.3674302224972052 - timing_s/agent_loop/tool_calls/min:0.0 - timing_s/agent_loop/tool_calls/max:0.0 - timing_s/agent_loop/tool_calls/mean:0.0 - timing_s/agent_loop/compute_score/min:0.004051086492836475 - timing_s/agent_loop/compute_score/max:0.007933562621474266 - timing_s/agent_loop/compute_score/mean:0.005620946998533327 - timing_s/agent_loop/slowest/generate_sequences:7.016692996956408 - timing_s/agent_loop/slowest/tool_calls:0.0 - timing_s/agent_loop/slowest/compute_score:0.007351248525083065 - timing_s/agent_loop/slowest/num_preempted:-1 - timing_s/agent_loop/slowest/prompt_length:157 - timing_s/agent_loop/slowest/response_length:1507 - timing_s/gen:7.607298052869737 - timing_s/reward:2.003926783800125e-05 - timing_s/old_log_prob:2.1117424685508013 - timing_s/ref:8.29502731282264 - timing_s/adv:0.0036081410944461823 - timing_s/update_actor:8.022663139738142 - timing_s/update_weights:1.229240939952433 - timing_s/step:27.31950527895242 - timing_s/stop_profile:7.817894220352173e-05 - timing_per_token_ms/update_actor:0.09157559486956685 - timing_per_token_ms/adv:4.11855341975662e-05 - timing_per_token_ms/ref:0.09468452649699956 - timing_per_token_ms/gen:0.10042505119232402 - perf/total_num_tokens:87607 - perf/time_per_step:27.31950527895242 - perf/throughput:3206.7564586352323
[36m(TaskRunner pid=272629)[0m Training Progress:  46%|████▌     | 91/200 [47:13<54:19, 29.90s/it]
[36m(WorkerDict pid=273039)[0m INFO:2026-07-28 16:43:38,527:update_weights done, time cost: 0.52s
[36m(TaskRunner pid=272629)[0m Training Progress:  46%|████▌     | 92/200 [47:39<51:45, 28.75s/it]
[36m(WorkerDict pid=273039)[0m INFO:2026-07-28 16:44:11,200:update_weights done, time cost: 0.52s
[36m(TaskRunner pid=272629)[0m step:91 - global_seqlen/min:108632 - global_seqlen/max:108632 - global_seqlen/minmax_diff:0 - global_seqlen/balanced_min:108632 - global_seqlen/balanced_max:108632 - global_seqlen/mean:108632.0 - actor/entropy:0.10149218142032623 - perf/mfu/actor_infer:0.3200083981653383 - actor/pg_clipfrac:0.0006074671846363344 - actor/ppo_kl:1.2018088909826474e-05 - actor/pg_clipfrac_lower:0.0 - actor/pg_loss:0.014740935919689946 - actor/kl_loss:0.008493020344758406 - actor/kl_coef:0.001 - actor/loss:0.014749428257346153 - actor/grad_norm:0.37508252263069153 - actor/perf/max_memory_allocated_gb:57.544068813323975 - actor/perf/max_memory_reserved_gb:76.45703125 - actor/perf/cpu_memory_used_gb:22.21169090270996 - actor/lr:1e-06 - perf/mfu/actor:0.24886366078959057 - training/global_step:91 - training/epoch:0 - critic/score/mean:0.5234375 - critic/score/max:1.0 - critic/score/min:0.0 - critic/rewards/mean:0.5234375 - critic/rewards/max:1.0 - critic/rewards/min:0.0 - critic/advantages/mean:-0.014595940709114075 - critic/advantages/max:0.935412585735321 - critic/advantages/min:-1.6201815605163574 - critic/returns/mean:-0.014595940709114075 - critic/returns/max:0.935412585735321 - critic/returns/min:-1.6201815605163574 - response_length/mean:731.0625 - response_length/max:1865.0 - response_length/min:245.0 - response_length/clip_ratio:0.0 - response_length_non_aborted/mean:731.0625 - response_length_non_aborted/max:1865.0 - response_length_non_aborted/min:245.0 - response_length_non_aborted/clip_ratio:0.0 - response/aborted_ratio:0.0 - prompt_length/mean:117.625 - prompt_length/max:346.0 - prompt_length/min:56.0 - prompt_length/clip_ratio:0.0 - num_turns/min:2 - num_turns/max:2 - num_turns/mean:2.0 - timing_s/start_profile:8.30087810754776e-05 - timing_s/agent_loop/num_preempted/min:-1 - timing_s/agent_loop/num_preempted/max:-1 - timing_s/agent_loop/num_preempted/mean:-1.0 - timing_s/agent_loop/generate_sequences/min:1.6171070905402303 - timing_s/agent_loop/generate_sequences/max:8.992188836447895 - timing_s/agent_loop/generate_sequences/mean:4.189488881711441 - timing_s/agent_loop/tool_calls/min:0.0 - timing_s/agent_loop/tool_calls/max:0.0 - timing_s/agent_loop/tool_calls/mean:0.0 - timing_s/agent_loop/compute_score/min:0.004535440355539322 - timing_s/agent_loop/compute_score/max:0.010140509344637394 - timing_s/agent_loop/compute_score/mean:0.005937202622590121 - timing_s/agent_loop/slowest/generate_sequences:8.992188836447895 - timing_s/agent_loop/slowest/tool_calls:0.0 - timing_s/agent_loop/slowest/compute_score:0.007932533510029316 - timing_s/agent_loop/slowest/num_preempted:-1 - timing_s/agent_loop/slowest/prompt_length:155 - timing_s/agent_loop/slowest/response_length:1865 - timing_s/gen:9.581683392636478 - timing_s/reward:1.676008105278015e-05 - timing_s/old_log_prob:2.480101549066603 - timing_s/ref:8.406591651029885 - timing_s/adv:0.0037231501191854477 - timing_s/update_actor:9.38614571467042 - timing_s/update_weights:1.2205231944099069 - timing_s/step:31.129152859561145 - timing_s/stop_profile:7.355865091085434e-05 - timing_per_token_ms/update_actor:0.08640313825272866 - timing_per_token_ms/adv:3.427305139540327e-05 - timing_per_token_ms/ref:0.0773859604078898 - timing_per_token_ms/gen:0.10239466735740443 - perf/total_num_tokens:108632 - perf/time_per_step:31.129152859561145 - perf/throughput:3489.7191224602916
[36m(TaskRunner pid=272629)[0m step:92 - global_seqlen/min:81155 - global_seqlen/max:81155 - global_seqlen/minmax_diff:0 - global_seqlen/balanced_min:81155 - global_seqlen/balanced_max:81155 - global_seqlen/mean:81155.0 - actor/entropy:0.10790883004665375 - perf/mfu/actor_infer:0.29292553990049724 - actor/pg_clipfrac:0.00012737752695102245 - actor/ppo_kl:1.18315149393311e-05 - actor/pg_clipfrac_lower:0.0 - actor/pg_loss:-0.001968128141015768 - actor/kl_loss:0.009798430466616992 - actor/kl_coef:0.001 - actor/loss:-0.001958327367901802 - actor/grad_norm:0.29569612443447113 - actor/perf/max_memory_allocated_gb:57.544068813323975 - actor/perf/max_memory_reserved_gb:76.45703125 - actor/perf/cpu_memory_used_gb:22.26555061340332 - actor/lr:1e-06 - perf/mfu/actor:0.22348525287447402 - training/global_step:92 - training/epoch:0 - critic/score/mean:0.6953125 - critic/score/max:1.0 - critic/score/min:0.0 - critic/rewards/mean:0.6953125 - critic/rewards/max:1.0 - critic/rewards/min:0.0 - critic/advantages/mean:0.0017021290259435773 - critic/advantages/max:1.6201815605163574 - critic/advantages/min:-2.4748666286468506 - critic/returns/mean:0.0017021290259435773 - critic/returns/max:1.6201815605163574 - critic/returns/min:-2.4748666286468506 - response_length/mean:505.0859375 - response_length/max:1260.0 - response_length/min:220.0 - response_length/clip_ratio:0.0 - response_length_non_aborted/mean:505.0859375 - response_length_non_aborted/max:1260.0 - response_length_non_aborted/min:220.0 - response_length_non_aborted/clip_ratio:0.0 - response/aborted_ratio:0.0 - prompt_length/mean:128.9375 - prompt_length/max:282.0 - prompt_length/min:61.0 - prompt_length/clip_ratio:0.0 - num_turns/min:2 - num_turns/max:2 - num_turns/mean:2.0 - timing_s/start_profile:8.659064769744873e-05 - timing_s/agent_loop/num_preempted/min:-1 - timing_s/agent_loop/num_preempted/max:-1 - timing_s/agent_loop/num_preempted/mean:-1.0 - timing_s/agent_loop/generate_sequences/min:1.4067352637648582 - timing_s/agent_loop/generate_sequences/max:6.007286299020052 - timing_s/agent_loop/generate_sequences/mean:2.9311042334666126 - timing_s/agent_loop/tool_calls/min:0.0 - timing_s/agent_loop/tool_calls/max:0.0 - timing_s/agent_loop/tool_calls/mean:0.0 - timing_s/agent_loop/compute_score/min:0.0036376509815454483 - timing_s/agent_loop/compute_score/max:0.010140558704733849 - timing_s/agent_loop/compute_score/mean:0.005619001582090277 - timing_s/agent_loop/slowest/generate_sequences:6.007286299020052 - timing_s/agent_loop/slowest/tool_calls:0.0 - timing_s/agent_loop/slowest/compute_score:0.005007305182516575 - timing_s/agent_loop/slowest/num_preempted:-1 - timing_s/agent_loop/slowest/prompt_length:104 - timing_s/agent_loop/slowest/response_length:1260 - timing_s/gen:6.586817293427885 - timing_s/reward:1.6099773347377777e-05 - timing_s/old_log_prob:2.035793333314359 - timing_s/ref:8.28895310498774 - timing_s/adv:0.0036289608106017113 - timing_s/update_actor:7.821596436202526 - timing_s/update_weights:1.2818054538220167 - timing_s/step:26.06835271138698 - timing_s/stop_profile:7.757917046546936e-05 - timing_per_token_ms/update_actor:0.09637849098887963 - timing_per_token_ms/adv:4.471641686404672e-05 - timing_per_token_ms/ref:0.10213730645046812 - timing_per_token_ms/gen:0.10188268230078243 - perf/total_num_tokens:81155 - perf/time_per_step:26.06835271138698 - perf/throughput:3113.1618057534756
[36m(TaskRunner pid=272629)[0m Training Progress:  46%|████▋     | 93/200 [48:12<53:21, 29.92s/it]
[36m(WorkerDict pid=273039)[0m INFO:2026-07-28 16:44:41,499:update_weights done, time cost: 0.53s
[36m(TaskRunner pid=272629)[0m Training Progress:  47%|████▋     | 94/200 [48:42<53:03, 30.04s/it]
[36m(WorkerDict pid=273039)[0m INFO:2026-07-28 16:45:12,815:update_weights done, time cost: 0.51s
[36m(TaskRunner pid=272629)[0m step:93 - global_seqlen/min:117439 - global_seqlen/max:117439 - global_seqlen/minmax_diff:0 - global_seqlen/balanced_min:117439 - global_seqlen/balanced_max:117439 - global_seqlen/mean:117439.0 - actor/entropy:0.08437986671924591 - perf/mfu/actor_infer:0.3265735539372558 - actor/pg_clipfrac:0.00036425780490390025 - actor/ppo_kl:0.00012191244559289771 - actor/pg_clipfrac_lower:0.0 - actor/pg_loss:0.031242459954228252 - actor/kl_loss:0.008430778223555535 - actor/kl_coef:0.001 - actor/loss:0.031250889878720045 - actor/grad_norm:0.3748008459806442 - actor/perf/max_memory_allocated_gb:57.544068813323975 - actor/perf/max_memory_reserved_gb:76.45703125 - actor/perf/cpu_memory_used_gb:22.234867095947266 - actor/lr:1e-06 - perf/mfu/actor:0.2547056708537708 - training/global_step:93 - training/epoch:0 - critic/score/mean:0.4921875 - critic/score/max:1.0 - critic/score/min:0.0 - critic/rewards/mean:0.4921875 - critic/rewards/max:1.0 - critic/rewards/min:0.0 - critic/advantages/mean:-0.0315428152680397 - critic/advantages/max:2.4748666286468506 - critic/advantages/min:-2.4748666286468506 - critic/returns/mean:-0.0315428152680397 - critic/returns/max:2.4748666286468506 - critic/returns/min:-2.4748666286468506 - response_length/mean:761.6796875 - response_length/max:2048.0 - response_length/min:262.0 - response_length/clip_ratio:0.0234375 - response_length_non_aborted/mean:761.6796875 - response_length_non_aborted/max:2048.0 - response_length_non_aborted/min:262.0 - response_length_non_aborted/clip_ratio:0.0234375 - response/aborted_ratio:0.0 - prompt_length/mean:155.8125 - prompt_length/max:445.0 - prompt_length/min:65.0 - prompt_length/clip_ratio:0.0 - num_turns/min:2 - num_turns/max:2 - num_turns/mean:2.0 - timing_s/start_profile:7.654912769794464e-05 - timing_s/agent_loop/num_preempted/min:-1 - timing_s/agent_loop/num_preempted/max:-1 - timing_s/agent_loop/num_preempted/mean:-1.0 - timing_s/agent_loop/generate_sequences/min:1.7138303238898516 - timing_s/agent_loop/generate_sequences/max:9.759387381374836 - timing_s/agent_loop/generate_sequences/mean:4.460654836104368 - timing_s/agent_loop/tool_calls/min:0.0 - timing_s/agent_loop/tool_calls/max:0.0 - timing_s/agent_loop/tool_calls/mean:0.0 - timing_s/agent_loop/compute_score/min:0.004475831054151058 - timing_s/agent_loop/compute_score/max:0.008296829648315907 - timing_s/agent_loop/compute_score/mean:0.005827351749758236 - timing_s/agent_loop/slowest/generate_sequences:9.759387381374836 - timing_s/agent_loop/slowest/tool_calls:0.0 - timing_s/agent_loop/slowest/compute_score:0.00804293155670166 - timing_s/agent_loop/slowest/num_preempted:-1 - timing_s/agent_loop/slowest/prompt_length:77 - timing_s/agent_loop/slowest/response_length:2048 - timing_s/gen:10.338865846395493 - timing_s/reward:1.6439706087112427e-05 - timing_s/old_log_prob:2.625437748618424 - timing_s/ref:8.452254220843315 - timing_s/adv:0.003631601110100746 - timing_s/update_actor:9.917967254295945 - timing_s/update_weights:1.255201892927289 - timing_s/step:32.64507482107729 - timing_s/stop_profile:7.822923362255096e-05 - timing_per_token_ms/update_actor:0.08445207515642968 - timing_per_token_ms/adv:3.0923297287108595e-05 - timing_per_token_ms/ref:0.07197144237300483 - timing_per_token_ms/gen:0.10604508791625716 - perf/total_num_tokens:117439 - perf/time_per_step:32.64507482107729 - perf/throughput:3597.4492521051147
[36m(TaskRunner pid=272629)[0m step:94 - global_seqlen/min:94908 - global_seqlen/max:94908 - global_seqlen/minmax_diff:0 - global_seqlen/balanced_min:94908 - global_seqlen/balanced_max:94908 - global_seqlen/mean:94908.0 - actor/entropy:0.08329170942306519 - perf/mfu/actor_infer:0.3105625919172094 - actor/pg_clipfrac:0.00012202642574266065 - actor/ppo_kl:-5.0474811473577574e-05 - actor/pg_clipfrac_lower:0.0 - actor/pg_loss:0.01756206905702129 - actor/kl_loss:0.008340692049387144 - actor/kl_coef:0.001 - actor/loss:0.017570412252098322 - actor/grad_norm:0.2641150876879692 - actor/perf/max_memory_allocated_gb:57.544068813323975 - actor/perf/max_memory_reserved_gb:76.45703125 - actor/perf/cpu_memory_used_gb:22.307785034179688 - actor/lr:1e-06 - perf/mfu/actor:0.23863000085765187 - training/global_step:94 - training/epoch:0 - critic/score/mean:0.6015625 - critic/score/max:1.0 - critic/score/min:0.0 - critic/rewards/mean:0.6015625 - critic/rewards/max:1.0 - critic/rewards/min:0.0 - critic/advantages/mean:-0.01753273606300354 - critic/advantages/max:1.20761239528656 - critic/advantages/min:-1.6201815605163574 - critic/returns/mean:-0.01753273606300354 - critic/returns/max:1.20761239528656 - critic/returns/min:-1.6201815605163574 - response_length/mean:637.84375 - response_length/max:2048.0 - response_length/min:276.0 - response_length/clip_ratio:0.015625 - response_length_non_aborted/mean:637.84375 - response_length_non_aborted/max:2048.0 - response_length_non_aborted/min:276.0 - response_length_non_aborted/clip_ratio:0.015625 - response/aborted_ratio:0.0 - prompt_length/mean:103.625 - prompt_length/max:277.0 - prompt_length/min:65.0 - prompt_length/clip_ratio:0.0 - num_turns/min:2 - num_turns/max:2 - num_turns/mean:2.0 - timing_s/start_profile:8.147861808538437e-05 - timing_s/agent_loop/num_preempted/min:-1 - timing_s/agent_loop/num_preempted/max:-1 - timing_s/agent_loop/num_preempted/mean:-1.0 - timing_s/agent_loop/generate_sequences/min:1.7784151174128056 - timing_s/agent_loop/generate_sequences/max:9.226847779005766 - timing_s/agent_loop/generate_sequences/mean:3.664713392179692 - timing_s/agent_loop/tool_calls/min:0.0 - timing_s/agent_loop/tool_calls/max:0.0 - timing_s/agent_loop/tool_calls/mean:0.0 - timing_s/agent_loop/compute_score/min:0.0038768770173192024 - timing_s/agent_loop/compute_score/max:0.01077224314212799 - timing_s/agent_loop/compute_score/mean:0.005811547787743621 - timing_s/agent_loop/slowest/generate_sequences:9.226847779005766 - timing_s/agent_loop/slowest/tool_calls:0.0 - timing_s/agent_loop/slowest/compute_score:0.008513647131621838 - timing_s/agent_loop/slowest/num_preempted:-1 - timing_s/agent_loop/slowest/prompt_length:277 - timing_s/agent_loop/slowest/response_length:2048 - timing_s/gen:9.805500260554254 - timing_s/reward:1.742970198392868e-05 - timing_s/old_log_prob:2.250088082626462 - timing_s/ref:8.355261830613017 - timing_s/adv:0.0038742180913686752 - timing_s/update_actor:8.564314229413867 - timing_s/update_weights:1.270575063303113 - timing_s/step:30.30040286295116 - timing_s/stop_profile:8.037872612476349e-05 - timing_per_token_ms/update_actor:0.09023806454054313 - timing_per_token_ms/adv:4.082077476470556e-05 - timing_per_token_ms/ref:0.08803537984798981 - timing_per_token_ms/gen:0.12010068419668628 - perf/total_num_tokens:94908 - perf/time_per_step:30.30040286295116 - perf/throughput:3132.2355821230913
[36m(TaskRunner pid=272629)[0m Training Progress:  48%|████▊     | 95/200 [49:13<53:13, 30.42s/it]
[36m(WorkerDict pid=273039)[0m INFO:2026-07-28 16:45:43,103:update_weights done, time cost: 0.51s
[36m(TaskRunner pid=272629)[0m Training Progress:  48%|████▊     | 96/200 [49:43<52:39, 30.38s/it]
[36m(WorkerDict pid=273039)[0m INFO:2026-07-28 16:46:14,840:update_weights done, time cost: 0.51s
[36m(TaskRunner pid=272629)[0m step:95 - global_seqlen/min:104887 - global_seqlen/max:104887 - global_seqlen/minmax_diff:0 - global_seqlen/balanced_min:104887 - global_seqlen/balanced_max:104887 - global_seqlen/mean:104887.0 - actor/entropy:0.10693641006946564 - perf/mfu/actor_infer:0.3159089072174897 - actor/pg_clipfrac:0.0001744769251672551 - actor/ppo_kl:-7.627120196929127e-05 - actor/pg_clipfrac_lower:0.0 - actor/pg_loss:0.004419292730744928 - actor/kl_loss:0.008928498013119679 - actor/kl_coef:0.001 - actor/loss:0.0044282227754592896 - actor/grad_norm:0.3741407245397568 - actor/perf/max_memory_allocated_gb:57.544068813323975 - actor/perf/max_memory_reserved_gb:76.45703125 - actor/perf/cpu_memory_used_gb:22.194238662719727 - actor/lr:1e-06 - perf/mfu/actor:0.2427021082561367 - training/global_step:95 - training/epoch:0 - critic/score/mean:0.5546875 - critic/score/max:1.0 - critic/score/min:0.0 - critic/rewards/mean:0.5546875 - critic/rewards/max:1.0 - critic/rewards/min:0.0 - critic/advantages/mean:-0.003664301475510001 - critic/advantages/max:2.4748666286468506 - critic/advantages/min:-2.4748666286468506 - critic/returns/mean:-0.003664301475510001 - critic/returns/max:2.4748666286468506 - critic/returns/min:-2.4748666286468506 - response_length/mean:711.1171875 - response_length/max:1880.0 - response_length/min:147.0 - response_length/clip_ratio:0.0 - response_length_non_aborted/mean:711.1171875 - response_length_non_aborted/max:1880.0 - response_length_non_aborted/min:147.0 - response_length_non_aborted/clip_ratio:0.0 - response/aborted_ratio:0.0 - prompt_length/mean:108.3125 - prompt_length/max:272.0 - prompt_length/min:61.0 - prompt_length/clip_ratio:0.0 - num_turns/min:2 - num_turns/max:2 - num_turns/mean:2.0 - timing_s/start_profile:8.093845099210739e-05 - timing_s/agent_loop/num_preempted/min:-1 - timing_s/agent_loop/num_preempted/max:-1 - timing_s/agent_loop/num_preempted/mean:-1.0 - timing_s/agent_loop/generate_sequences/min:0.9656996391713619 - timing_s/agent_loop/generate_sequences/max:8.938753625378013 - timing_s/agent_loop/generate_sequences/mean:4.019250046170782 - timing_s/agent_loop/tool_calls/min:0.0 - timing_s/agent_loop/tool_calls/max:0.0 - timing_s/agent_loop/tool_calls/mean:0.0 - timing_s/agent_loop/compute_score/min:0.004317852668464184 - timing_s/agent_loop/compute_score/max:0.010807603597640991 - timing_s/agent_loop/compute_score/mean:0.005906262631469872 - timing_s/agent_loop/slowest/generate_sequences:8.938753625378013 - timing_s/agent_loop/slowest/tool_calls:0.0 - timing_s/agent_loop/slowest/compute_score:0.0076679568737745285 - timing_s/agent_loop/slowest/num_preempted:-1 - timing_s/agent_loop/slowest/prompt_length:161 - timing_s/agent_loop/slowest/response_length:1880 - timing_s/gen:9.521031046286225 - timing_s/reward:1.585017889738083e-05 - timing_s/old_log_prob:2.7939653815701604 - timing_s/ref:8.382486796937883 - timing_s/adv:0.00367094948887825 - timing_s/update_actor:9.300126990303397 - timing_s/update_weights:1.247513440437615 - timing_s/step:31.29870764259249 - timing_s/stop_profile:7.635913789272308e-05 - timing_per_token_ms/update_actor:0.08866806172646179 - timing_per_token_ms/adv:3.499908939027954e-05 - timing_per_token_ms/ref:0.07991921588888883 - timing_per_token_ms/gen:0.10460027736161437 - perf/total_num_tokens:104887 - perf/time_per_step:31.29870764259249 - perf/throughput:3351.1607315461715
[36m(TaskRunner pid=272629)[0m step:96 - global_seqlen/min:103938 - global_seqlen/max:103938 - global_seqlen/minmax_diff:0 - global_seqlen/balanced_min:103938 - global_seqlen/balanced_max:103938 - global_seqlen/mean:103938.0 - actor/entropy:0.0883806049823761 - perf/mfu/actor_infer:0.316584639511684 - actor/pg_clipfrac:0.0005699306893802714 - actor/ppo_kl:2.837619815210246e-05 - actor/pg_clipfrac_lower:0.0 - actor/pg_loss:0.007664863478566986 - actor/kl_loss:0.010293405801348854 - actor/kl_coef:0.001 - actor/loss:0.007675154134631157 - actor/grad_norm:0.5060862451791763 - actor/perf/max_memory_allocated_gb:57.544068813323975 - actor/perf/max_memory_reserved_gb:76.45703125 - actor/perf/cpu_memory_used_gb:22.235952377319336 - actor/lr:1e-06 - perf/mfu/actor:0.2473721144543648 - training/global_step:96 - training/epoch:0 - critic/score/mean:0.6796875 - critic/score/max:1.0 - critic/score/min:0.0 - critic/rewards/mean:0.6796875 - critic/rewards/max:1.0 - critic/rewards/min:0.0 - critic/advantages/mean:-0.008151513524353504 - critic/advantages/max:2.4748666286468506 - critic/advantages/min:-2.4748666286468506 - critic/returns/mean:-0.008151513524353504 - critic/returns/max:2.4748666286468506 - critic/returns/min:-2.4748666286468506 - response_length/mean:688.015625 - response_length/max:1801.0 - response_length/min:230.0 - response_length/clip_ratio:0.0 - response_length_non_aborted/mean:688.015625 - response_length_non_aborted/max:1801.0 - response_length_non_aborted/min:230.0 - response_length_non_aborted/clip_ratio:0.0 - response/aborted_ratio:0.0 - prompt_length/mean:124.0 - prompt_length/max:349.0 - prompt_length/min:72.0 - prompt_length/clip_ratio:0.0 - num_turns/min:2 - num_turns/max:2 - num_turns/mean:2.0 - timing_s/start_profile:9.206868708133698e-05 - timing_s/agent_loop/num_preempted/min:-1 - timing_s/agent_loop/num_preempted/max:-1 - timing_s/agent_loop/num_preempted/mean:-1.0 - timing_s/agent_loop/generate_sequences/min:1.4797982089221478 - timing_s/agent_loop/generate_sequences/max:8.550254022702575 - timing_s/agent_loop/generate_sequences/mean:3.9974467676511267 - timing_s/agent_loop/tool_calls/min:0.0 - timing_s/agent_loop/tool_calls/max:0.0 - timing_s/agent_loop/tool_calls/mean:0.0 - timing_s/agent_loop/compute_score/min:0.0039356779307127 - timing_s/agent_loop/compute_score/max:0.0091244513168931 - timing_s/agent_loop/compute_score/mean:0.005791899413452484 - timing_s/agent_loop/slowest/generate_sequences:8.550254022702575 - timing_s/agent_loop/slowest/tool_calls:0.0 - timing_s/agent_loop/slowest/compute_score:0.0070078736171126366 - timing_s/agent_loop/slowest/num_preempted:-1 - timing_s/agent_loop/slowest/prompt_length:158 - timing_s/agent_loop/slowest/response_length:1801 - timing_s/gen:9.136625175364316 - timing_s/reward:1.7260201275348663e-05 - timing_s/old_log_prob:2.407948277890682 - timing_s/ref:8.391088460572064 - timing_s/adv:0.0037466799840331078 - timing_s/update_actor:9.040573431178927 - timing_s/update_weights:1.2429774357005954 - timing_s/step:30.275029642507434 - timing_s/stop_profile:7.908977568149567e-05 - timing_per_token_ms/update_actor:0.08698044441088848 - timing_per_token_ms/adv:3.604725878921191e-05 - timing_per_token_ms/ref:0.0807316713865195 - timing_per_token_ms/gen:0.10374747547707759 - perf/total_num_tokens:103938 - perf/time_per_step:30.275029642507434 - perf/throughput:3433.1262835186994
[36m(TaskRunner pid=272629)[0m Training Progress:  48%|████▊     | 97/200 [50:15<52:50, 30.78s/it]
[36m(WorkerDict pid=273039)[0m INFO:2026-07-28 16:46:42,111:update_weights done, time cost: 0.52s
[36m(TaskRunner pid=272629)[0m Training Progress:  49%|████▉     | 98/200 [50:42<50:32, 29.73s/it]
[36m(WorkerDict pid=273039)[0m INFO:2026-07-28 16:47:15,266:update_weights done, time cost: 0.53s
[36m(TaskRunner pid=272629)[0m step:97 - global_seqlen/min:109513 - global_seqlen/max:109513 - global_seqlen/minmax_diff:0 - global_seqlen/balanced_min:109513 - global_seqlen/balanced_max:109513 - global_seqlen/mean:109513.0 - actor/entropy:0.08663058280944824 - perf/mfu/actor_infer:0.32262677129537304 - actor/pg_clipfrac:0.0004741438560813549 - actor/ppo_kl:5.547583282350388e-05 - actor/pg_clipfrac_lower:0.0 - actor/pg_loss:0.03136215521954 - actor/kl_loss:0.009606487263226882 - actor/kl_coef:0.001 - actor/loss:0.03137176111340523 - actor/grad_norm:0.36453425884246826 - actor/perf/max_memory_allocated_gb:57.544068813323975 - actor/perf/max_memory_reserved_gb:76.45703125 - actor/perf/cpu_memory_used_gb:22.240161895751953 - actor/lr:1e-06 - perf/mfu/actor:0.25210996319447465 - training/global_step:97 - training/epoch:0 - critic/score/mean:0.4765625 - critic/score/max:1.0 - critic/score/min:0.0 - critic/rewards/mean:0.4765625 - critic/rewards/max:1.0 - critic/rewards/min:0.0 - critic/advantages/mean:-0.03100104257464409 - critic/advantages/max:1.6201815605163574 - critic/advantages/min:-2.4748666286468506 - critic/returns/mean:-0.03100104257464409 - critic/returns/max:1.6201815605163574 - critic/returns/min:-2.4748666286468506 - response_length/mean:735.8203125 - response_length/max:2048.0 - response_length/min:304.0 - response_length/clip_ratio:0.015625 - response_length_non_aborted/mean:735.8203125 - response_length_non_aborted/max:2048.0 - response_length_non_aborted/min:304.0 - response_length_non_aborted/clip_ratio:0.015625 - response/aborted_ratio:0.0 - prompt_length/mean:119.75 - prompt_length/max:245.0 - prompt_length/min:61.0 - prompt_length/clip_ratio:0.0 - num_turns/min:2 - num_turns/max:2 - num_turns/mean:2.0 - timing_s/start_profile:7.774867117404938e-05 - timing_s/agent_loop/num_preempted/min:-1 - timing_s/agent_loop/num_preempted/max:-1 - timing_s/agent_loop/num_preempted/mean:-1.0 - timing_s/agent_loop/generate_sequences/min:1.980495155788958 - timing_s/agent_loop/generate_sequences/max:9.610254229046404 - timing_s/agent_loop/generate_sequences/mean:4.297501349727099 - timing_s/agent_loop/tool_calls/min:0.0 - timing_s/agent_loop/tool_calls/max:0.0 - timing_s/agent_loop/tool_calls/mean:0.0 - timing_s/agent_loop/compute_score/min:0.004137694835662842 - timing_s/agent_loop/compute_score/max:0.01038722787052393 - timing_s/agent_loop/compute_score/mean:0.005919530231039971 - timing_s/agent_loop/slowest/generate_sequences:9.610254229046404 - timing_s/agent_loop/slowest/tool_calls:0.0 - timing_s/agent_loop/slowest/compute_score:0.00734271015971899 - timing_s/agent_loop/slowest/num_preempted:-1 - timing_s/agent_loop/slowest/prompt_length:183 - timing_s/agent_loop/slowest/response_length:2048 - timing_s/gen:10.206855478696525 - timing_s/reward:1.7479993402957916e-05 - timing_s/old_log_prob:2.487018429674208 - timing_s/ref:8.408449702896178 - timing_s/adv:0.0036862799897789955 - timing_s/update_actor:9.341456758789718 - timing_s/update_weights:1.2289175912737846 - timing_s/step:31.727229260839522 - timing_s/stop_profile:7.73286446928978e-05 - timing_per_token_ms/update_actor:0.08529998044788946 - timing_per_token_ms/adv:3.3660661198022115e-05 - timing_per_token_ms/ref:0.07678037952477038 - timing_per_token_ms/gen:0.10837028697453442 - perf/total_num_tokens:109513 - perf/time_per_step:31.727229260839522 - perf/throughput:3451.7038692430156
[36m(TaskRunner pid=272629)[0m step:98 - global_seqlen/min:96011 - global_seqlen/max:96011 - global_seqlen/minmax_diff:0 - global_seqlen/balanced_min:96011 - global_seqlen/balanced_max:96011 - global_seqlen/mean:96011.0 - actor/entropy:0.10506242513656616 - perf/mfu/actor_infer:0.31239839971576655 - actor/pg_clipfrac:0.0004075492233823752 - actor/ppo_kl:-4.778867923960206e-05 - actor/pg_clipfrac_lower:0.0 - actor/pg_loss:-0.01220901304623112 - actor/kl_loss:0.012678411192609929 - actor/kl_coef:0.001 - actor/loss:-0.012196334078907967 - actor/grad_norm:0.5054429322481155 - actor/perf/max_memory_allocated_gb:57.544068813323975 - actor/perf/max_memory_reserved_gb:76.45703125 - actor/perf/cpu_memory_used_gb:22.31180191040039 - actor/lr:1e-06 - perf/mfu/actor:0.2419206541013016 - training/global_step:98 - training/epoch:0 - critic/score/mean:0.6953125 - critic/score/max:1.0 - critic/score/min:0.0 - critic/rewards/mean:0.6953125 - critic/rewards/max:1.0 - critic/rewards/min:0.0 - critic/advantages/mean:0.012455372139811516 - critic/advantages/max:1.6201815605163574 - critic/advantages/min:-2.4748666286468506 - critic/returns/mean:0.012455372139811516 - critic/returns/max:1.6201815605163574 - critic/returns/min:-2.4748666286468506 - response_length/mean:592.8984375 - response_length/max:1236.0 - response_length/min:245.0 - response_length/clip_ratio:0.0 - response_length_non_aborted/mean:592.8984375 - response_length_non_aborted/max:1236.0 - response_length_non_aborted/min:245.0 - response_length_non_aborted/clip_ratio:0.0 - response/aborted_ratio:0.0 - prompt_length/mean:157.1875 - prompt_length/max:683.0 - prompt_length/min:67.0 - prompt_length/clip_ratio:0.0 - num_turns/min:2 - num_turns/max:2 - num_turns/mean:2.0 - timing_s/start_profile:7.322989404201508e-05 - timing_s/agent_loop/num_preempted/min:-1 - timing_s/agent_loop/num_preempted/max:-1 - timing_s/agent_loop/num_preempted/mean:-1.0 - timing_s/agent_loop/generate_sequences/min:1.6311237951740623 - timing_s/agent_loop/generate_sequences/max:6.25521592143923 - timing_s/agent_loop/generate_sequences/mean:3.5204273257986642 - timing_s/agent_loop/tool_calls/min:0.0 - timing_s/agent_loop/tool_calls/max:0.0 - timing_s/agent_loop/tool_calls/mean:0.0 - timing_s/agent_loop/compute_score/min:0.0033752424642443657 - timing_s/agent_loop/compute_score/max:0.014510642737150192 - timing_s/agent_loop/compute_score/mean:0.005743660083680879 - timing_s/agent_loop/slowest/generate_sequences:6.25521592143923 - timing_s/agent_loop/slowest/tool_calls:0.0 - timing_s/agent_loop/slowest/compute_score:0.006527949124574661 - timing_s/agent_loop/slowest/num_preempted:-1 - timing_s/agent_loop/slowest/prompt_length:128 - timing_s/agent_loop/slowest/response_length:1236 - timing_s/gen:6.832456696778536 - timing_s/reward:1.5390105545520782e-05 - timing_s/old_log_prob:2.2564207734540105 - timing_s/ref:8.344772148877382 - timing_s/adv:0.00364123098552227 - timing_s/update_actor:8.528802891261876 - timing_s/update_weights:1.2511596530675888 - timing_s/step:27.267750988714397 - timing_s/stop_profile:7.851887494325638e-05 - timing_per_token_ms/update_actor:0.08883151817252061 - timing_per_token_ms/adv:3.792514384312496e-05 - timing_per_token_ms/ref:0.08691475090226518 - timing_per_token_ms/gen:0.09002986779431732 - perf/total_num_tokens:96011 - perf/time_per_step:27.267750988714397 - perf/throughput:3521.045796543218
[36m(TaskRunner pid=272629)[0m Training Progress:  50%|████▉     | 99/200 [51:16<51:46, 30.76s/it]
[36m(WorkerDict pid=273039)[0m INFO:2026-07-28 16:47:44,919:update_weights done, time cost: 0.51s
[36m(TaskRunner pid=272629)[0m Training Progress:  50%|█████     | 100/200 [51:45<50:42, 30.43s/it]
[36m(WorkerDict pid=273039)[0m INFO:2026-07-28 16:48:17,539:update_weights done, time cost: 0.52s
[36m(TaskRunner pid=272629)[0m step:99 - global_seqlen/min:120921 - global_seqlen/max:120921 - global_seqlen/minmax_diff:0 - global_seqlen/balanced_min:120921 - global_seqlen/balanced_max:120921 - global_seqlen/mean:120921.0 - actor/entropy:0.1090921014547348 - perf/mfu/actor_infer:0.32700516589180034 - actor/pg_clipfrac:0.0006967592980799964 - actor/ppo_kl:3.655523482848366e-05 - actor/pg_clipfrac_lower:0.0 - actor/pg_loss:0.08507486659800634 - actor/kl_loss:0.010330572702514473 - actor/kl_coef:0.001 - actor/loss:0.0850851982831955 - actor/grad_norm:0.5033859610557556 - actor/perf/max_memory_allocated_gb:57.544068813323975 - actor/perf/max_memory_reserved_gb:76.45703125 - actor/perf/cpu_memory_used_gb:22.27931022644043 - actor/lr:1e-06 - perf/mfu/actor:0.25538776605887253 - training/global_step:99 - training/epoch:0 - critic/score/mean:0.6171875 - critic/score/max:1.0 - critic/score/min:0.0 - critic/rewards/mean:0.6171875 - critic/rewards/max:1.0 - critic/rewards/min:0.0 - critic/advantages/mean:-0.0858505591750145 - critic/advantages/max:2.4748666286468506 - critic/advantages/min:-1.6201815605163574 - critic/returns/mean:-0.0858505591750145 - critic/returns/max:2.4748666286468506 - critic/returns/min:-1.6201815605163574 - response_length/mean:784.7578125 - response_length/max:2048.0 - response_length/min:289.0 - response_length/clip_ratio:0.03125 - response_length_non_aborted/mean:784.7578125 - response_length_non_aborted/max:2048.0 - response_length_non_aborted/min:289.0 - response_length_non_aborted/clip_ratio:0.03125 - response/aborted_ratio:0.0 - prompt_length/mean:159.9375 - prompt_length/max:776.0 - prompt_length/min:61.0 - prompt_length/clip_ratio:0.0 - num_turns/min:2 - num_turns/max:2 - num_turns/mean:2.0 - timing_s/start_profile:7.440987974405289e-05 - timing_s/agent_loop/num_preempted/min:-1 - timing_s/agent_loop/num_preempted/max:-1 - timing_s/agent_loop/num_preempted/mean:-1.0 - timing_s/agent_loop/generate_sequences/min:1.9322580192238092 - timing_s/agent_loop/generate_sequences/max:9.892699708230793 - timing_s/agent_loop/generate_sequences/mean:4.599065600174072 - timing_s/agent_loop/tool_calls/min:0.0 - timing_s/agent_loop/tool_calls/max:0.0 - timing_s/agent_loop/tool_calls/mean:0.0 - timing_s/agent_loop/compute_score/min:0.004213114269077778 - timing_s/agent_loop/compute_score/max:0.013616691343486309 - timing_s/agent_loop/compute_score/mean:0.00597108594229212 - timing_s/agent_loop/slowest/generate_sequences:9.892699708230793 - timing_s/agent_loop/slowest/tool_calls:0.0 - timing_s/agent_loop/slowest/compute_score:0.007171972654759884 - timing_s/agent_loop/slowest/num_preempted:-1 - timing_s/agent_loop/slowest/prompt_length:61 - timing_s/agent_loop/slowest/response_length:2048 - timing_s/gen:10.47513728402555 - timing_s/reward:1.5550293028354645e-05 - timing_s/old_log_prob:2.7008563484996557 - timing_s/ref:8.460836133919656 - timing_s/adv:0.0036829495802521706 - timing_s/update_actor:10.199595410376787 - timing_s/update_weights:1.2581259720027447 - timing_s/step:33.14892158098519 - timing_s/stop_profile:8.523929864168167e-05 - timing_per_token_ms/update_actor:0.08434924794185283 - timing_per_token_ms/adv:3.045748530240546e-05 - timing_per_token_ms/ref:0.06996994842847526 - timing_per_token_ms/gen:0.10428314153476441 - perf/total_num_tokens:120921 - perf/time_per_step:33.14892158098519 - perf/throughput:3647.8109764319584
[36m(TaskRunner pid=272629)[0m step:100 - global_seqlen/min:99327 - global_seqlen/max:99327 - global_seqlen/minmax_diff:0 - global_seqlen/balanced_min:99327 - global_seqlen/balanced_max:99327 - global_seqlen/mean:99327.0 - actor/entropy:0.113683320581913 - perf/mfu/actor_infer:0.3138237893244002 - actor/pg_clipfrac:0.0008534138214599807 - actor/ppo_kl:-5.902748125663493e-05 - actor/pg_clipfrac_lower:0.0 - actor/pg_loss:-0.006296748062595725 - actor/kl_loss:0.011024108636775054 - actor/kl_coef:0.001 - actor/loss:-0.006285723298788071 - actor/grad_norm:0.5192214995622635 - actor/perf/max_memory_allocated_gb:57.544068813323975 - actor/perf/max_memory_reserved_gb:76.45703125 - actor/perf/cpu_memory_used_gb:22.295255661010742 - actor/lr:1e-06 - perf/mfu/actor:0.24237798640327796 - training/global_step:100 - training/epoch:0 - critic/score/mean:0.5546875 - critic/score/max:1.0 - critic/score/min:0.0 - critic/rewards/mean:0.5546875 - critic/rewards/max:1.0 - critic/rewards/min:0.0 - critic/advantages/mean:0.0058943117037415504 - critic/advantages/max:2.4748666286468506 - critic/advantages/min:-2.4748666286468506 - critic/returns/mean:0.0058943117037415504 - critic/returns/max:2.4748666286468506 - critic/returns/min:-2.4748666286468506 - response_length/mean:606.4921875 - response_length/max:1810.0 - response_length/min:206.0 - response_length/clip_ratio:0.0 - response_length_non_aborted/mean:606.4921875 - response_length_non_aborted/max:1810.0 - response_length_non_aborted/min:206.0 - response_length_non_aborted/clip_ratio:0.0 - response/aborted_ratio:0.0 - prompt_length/mean:169.5 - prompt_length/max:609.0 - prompt_length/min:61.0 - prompt_length/clip_ratio:0.0 - num_turns/min:2 - num_turns/max:2 - num_turns/mean:2.0 - timing_s/start_profile:7.400847971439362e-05 - timing_s/agent_loop/num_preempted/min:-1 - timing_s/agent_loop/num_preempted/max:-1 - timing_s/agent_loop/num_preempted/mean:-1.0 - timing_s/agent_loop/generate_sequences/min:1.3469946021214128 - timing_s/agent_loop/generate_sequences/max:8.268787217326462 - timing_s/agent_loop/generate_sequences/mean:3.451743444216845 - timing_s/agent_loop/tool_calls/min:0.0 - timing_s/agent_loop/tool_calls/max:0.0 - timing_s/agent_loop/tool_calls/mean:0.0 - timing_s/agent_loop/compute_score/min:0.004444741643965244 - timing_s/agent_loop/compute_score/max:0.0132399071007967 - timing_s/agent_loop/compute_score/mean:0.0058010105494759046 - timing_s/agent_loop/slowest/generate_sequences:8.268787217326462 - timing_s/agent_loop/slowest/tool_calls:0.0 - timing_s/agent_loop/slowest/compute_score:0.007854854688048363 - timing_s/agent_loop/slowest/num_preempted:-1 - timing_s/agent_loop/slowest/prompt_length:114 - timing_s/agent_loop/slowest/response_length:1810 - timing_s/gen:8.846250602044165 - timing_s/reward:1.531001180410385e-05 - timing_s/old_log_prob:2.3238913929089904 - timing_s/ref:8.358737854287028 - timing_s/adv:0.003674550913274288 - timing_s/update_actor:8.826011915691197 - timing_s/update_weights:1.2317656083032489 - timing_s/step:29.641616166569293 - timing_s/stop_profile:8.124951273202896e-05 - timing_per_token_ms/update_actor:0.08885813440143361 - timing_per_token_ms/adv:3.699448199657986e-05 - timing_per_token_ms/ref:0.08415373316708476 - timing_per_token_ms/gen:0.11395255248604508 - perf/total_num_tokens:99327 - perf/time_per_step:29.641616166569293 - perf/throughput:3350.930645678625
[36m(TaskRunner pid=272629)[0m Training Progress:  50%|█████     | 101/200 [52:18<51:17, 31.09s/it]
[36m(WorkerDict pid=273039)[0m INFO:2026-07-28 16:48:49,389:update_weights done, time cost: 0.52s
[36m(TaskRunner pid=272629)[0m Training Progress:  51%|█████     | 102/200 [52:50<51:08, 31.31s/it]
[36m(WorkerDict pid=273039)[0m INFO:2026-07-28 16:49:20,243:update_weights done, time cost: 0.52s
[36m(TaskRunner pid=272629)[0m step:101 - global_seqlen/min:111948 - global_seqlen/max:111948 - global_seqlen/minmax_diff:0 - global_seqlen/balanced_min:111948 - global_seqlen/balanced_max:111948 - global_seqlen/mean:111948.0 - actor/entropy:0.09394973516464233 - perf/mfu/actor_infer:0.3216187903509362 - actor/pg_clipfrac:0.0002779687215479498 - actor/ppo_kl:0.0001475365538965434 - actor/pg_clipfrac_lower:0.0 - actor/pg_loss:0.005040164076490328 - actor/kl_loss:0.00963867771497462 - actor/kl_coef:0.001 - actor/loss:0.005049804225564003 - actor/grad_norm:0.34653350710868835 - actor/perf/max_memory_allocated_gb:57.544068813323975 - actor/perf/max_memory_reserved_gb:76.45703125 - actor/perf/cpu_memory_used_gb:22.224889755249023 - actor/lr:1e-06 - perf/mfu/actor:0.24871619249930202 - training/global_step:101 - training/epoch:0 - critic/score/mean:0.5546875 - critic/score/max:1.0 - critic/score/min:0.0 - critic/rewards/mean:0.5546875 - critic/rewards/max:1.0 - critic/rewards/min:0.0 - critic/advantages/mean:-0.005095997825264931 - critic/advantages/max:2.4748666286468506 - critic/advantages/min:-1.20761239528656 - critic/returns/mean:-0.005095997825264931 - critic/returns/max:2.4748666286468506 - critic/returns/min:-1.20761239528656 - response_length/mean:730.65625 - response_length/max:2048.0 - response_length/min:190.0 - response_length/clip_ratio:0.046875 - response_length_non_aborted/mean:730.65625 - response_length_non_aborted/max:2048.0 - response_length_non_aborted/min:190.0 - response_length_non_aborted/clip_ratio:0.046875 - response/aborted_ratio:0.0 - prompt_length/mean:143.9375 - prompt_length/max:548.0 - prompt_length/min:64.0 - prompt_length/clip_ratio:0.0 - num_turns/min:2 - num_turns/max:2 - num_turns/mean:2.0 - timing_s/start_profile:8.18893313407898e-05 - timing_s/agent_loop/num_preempted/min:-1 - timing_s/agent_loop/num_preempted/max:-1 - timing_s/agent_loop/num_preempted/mean:-1.0 - timing_s/agent_loop/generate_sequences/min:1.2415912626311183 - timing_s/agent_loop/generate_sequences/max:9.69096789881587 - timing_s/agent_loop/generate_sequences/mean:4.165396133670583 - timing_s/agent_loop/tool_calls/min:0.0 - timing_s/agent_loop/tool_calls/max:0.0 - timing_s/agent_loop/tool_calls/mean:0.0 - timing_s/agent_loop/compute_score/min:0.004310693591833115 - timing_s/agent_loop/compute_score/max:0.027596022002398968 - timing_s/agent_loop/compute_score/mean:0.006243571777304169 - timing_s/agent_loop/slowest/generate_sequences:9.69096789881587 - timing_s/agent_loop/slowest/tool_calls:0.0 - timing_s/agent_loop/slowest/compute_score:0.007656017318367958 - timing_s/agent_loop/slowest/num_preempted:-1 - timing_s/agent_loop/slowest/prompt_length:98 - timing_s/agent_loop/slowest/response_length:2048 - timing_s/gen:10.288645791821182 - timing_s/reward:2.219993621110916e-05 - timing_s/old_log_prob:2.9113957779482007 - timing_s/ref:8.416024305857718 - timing_s/adv:0.003714120015501976 - timing_s/update_actor:9.697247482836246 - timing_s/update_weights:1.2554399650543928 - timing_s/step:32.622917988337576 - timing_s/stop_profile:7.690954953432083e-05 - timing_per_token_ms/update_actor:0.08662278453242797 - timing_per_token_ms/adv:3.317718954784343e-05 - timing_per_token_ms/ref:0.0751779782207607 - timing_per_token_ms/gen:0.11001075437129701 - perf/total_num_tokens:111948 - perf/time_per_step:32.622917988337576 - perf/throughput:3431.5753127914704
[36m(TaskRunner pid=272629)[0m step:102 - global_seqlen/min:108758 - global_seqlen/max:108758 - global_seqlen/minmax_diff:0 - global_seqlen/balanced_min:108758 - global_seqlen/balanced_max:108758 - global_seqlen/mean:108758.0 - actor/entropy:0.11176332831382751 - perf/mfu/actor_infer:0.3186538692711795 - actor/pg_clipfrac:0.0004679366211348679 - actor/ppo_kl:-2.3625830181117635e-05 - actor/pg_clipfrac_lower:0.0 - actor/pg_loss:-0.017287825496168807 - actor/kl_loss:0.009143966351985 - actor/kl_coef:0.001 - actor/loss:-0.017278682440519333 - actor/grad_norm:0.3917733132839203 - actor/perf/max_memory_allocated_gb:57.544068813323975 - actor/perf/max_memory_reserved_gb:76.45703125 - actor/perf/cpu_memory_used_gb:22.252010345458984 - actor/lr:1e-06 - perf/mfu/actor:0.24827792523306974 - training/global_step:102 - training/epoch:0 - critic/score/mean:0.484375 - critic/score/max:1.0 - critic/score/min:0.0 - critic/rewards/mean:0.484375 - critic/rewards/max:1.0 - critic/rewards/min:0.0 - critic/advantages/mean:0.016677962616086006 - critic/advantages/max:2.4748666286468506 - critic/advantages/min:-2.4748666286468506 - critic/returns/mean:0.016677962616086006 - critic/returns/max:2.4748666286468506 - critic/returns/min:-2.4748666286468506 - response_length/mean:725.546875 - response_length/max:2048.0 - response_length/min:164.0 - response_length/clip_ratio:0.015625 - response_length_non_aborted/mean:725.546875 - response_length_non_aborted/max:2048.0 - response_length_non_aborted/min:164.0 - response_length_non_aborted/clip_ratio:0.015625 - response/aborted_ratio:0.0 - prompt_length/mean:124.125 - prompt_length/max:388.0 - prompt_length/min:62.0 - prompt_length/clip_ratio:0.0 - num_turns/min:2 - num_turns/max:2 - num_turns/mean:2.0 - timing_s/start_profile:7.834937423467636e-05 - timing_s/agent_loop/num_preempted/min:-1 - timing_s/agent_loop/num_preempted/max:-1 - timing_s/agent_loop/num_preempted/mean:-1.0 - timing_s/agent_loop/generate_sequences/min:1.0694248527288437 - timing_s/agent_loop/generate_sequences/max:9.606007238849998 - timing_s/agent_loop/generate_sequences/mean:4.156865718934569 - timing_s/agent_loop/tool_calls/min:0.0 - timing_s/agent_loop/tool_calls/max:0.0 - timing_s/agent_loop/tool_calls/mean:0.0 - timing_s/agent_loop/compute_score/min:0.00461416132748127 - timing_s/agent_loop/compute_score/max:0.008116551674902439 - timing_s/agent_loop/compute_score/mean:0.0060043880439479835 - timing_s/agent_loop/slowest/generate_sequences:9.606007238849998 - timing_s/agent_loop/slowest/tool_calls:0.0 - timing_s/agent_loop/slowest/compute_score:0.007712036371231079 - timing_s/agent_loop/slowest/num_preempted:-1 - timing_s/agent_loop/slowest/prompt_length:149 - timing_s/agent_loop/slowest/response_length:2048 - timing_s/gen:10.196987478993833 - timing_s/reward:1.6549602150917053e-05 - timing_s/old_log_prob:2.504605185240507 - timing_s/ref:8.41295594535768 - timing_s/adv:0.003668230026960373 - timing_s/update_actor:9.428506590425968 - timing_s/update_weights:1.2344988910481334 - timing_s/step:31.83121624495834 - timing_s/stop_profile:7.681921124458313e-05 - timing_per_token_ms/update_actor:0.08669253379453436 - timing_per_token_ms/adv:3.372836965520121e-05 - timing_per_token_ms/ref:0.07735482397026132 - timing_per_token_ms/gen:0.10979850844184164 - perf/total_num_tokens:108758 - perf/time_per_step:31.83121624495834 - perf/throughput:3416.7089049645056
[36m(TaskRunner pid=272629)[0m Training Progress:  52%|█████▏    | 103/200 [53:21<50:24, 31.18s/it]
[36m(WorkerDict pid=273039)[0m INFO:2026-07-28 16:49:51,346:update_weights done, time cost: 0.51s
[36m(TaskRunner pid=272629)[0m Training Progress:  52%|█████▏    | 104/200 [53:52<49:50, 31.16s/it]
[36m(WorkerDict pid=273039)[0m INFO:2026-07-28 16:50:22,382:update_weights done, time cost: 0.53s
[36m(TaskRunner pid=272629)[0m step:103 - global_seqlen/min:117726 - global_seqlen/max:117726 - global_seqlen/minmax_diff:0 - global_seqlen/balanced_min:117726 - global_seqlen/balanced_max:117726 - global_seqlen/mean:117726.0 - actor/entropy:0.10216024518013 - perf/mfu/actor_infer:0.3251584563148582 - actor/pg_clipfrac:0.00042372839561721776 - actor/ppo_kl:4.5336936899786906e-05 - actor/pg_clipfrac_lower:0.0 - actor/pg_loss:0.012820382951758802 - actor/kl_loss:0.01175091162440367 - actor/kl_coef:0.001 - actor/loss:0.01283213496208191 - actor/grad_norm:0.3747246265411377 - actor/perf/max_memory_allocated_gb:57.544068813323975 - actor/perf/max_memory_reserved_gb:76.45703125 - actor/perf/cpu_memory_used_gb:22.25302505493164 - actor/lr:1e-06 - perf/mfu/actor:0.2540710040780418 - training/global_step:103 - training/epoch:0 - critic/score/mean:0.34375 - critic/score/max:1.0 - critic/score/min:0.0 - critic/rewards/mean:0.34375 - critic/rewards/max:1.0 - critic/rewards/min:0.0 - critic/advantages/mean:-0.01295965351164341 - critic/advantages/max:2.4748666286468506 - critic/advantages/min:-0.7245674133300781 - critic/returns/mean:-0.01295965351164341 - critic/returns/max:2.4748666286468506 - critic/returns/min:-0.7245674133300781 - response_length/mean:732.671875 - response_length/max:1537.0 - response_length/min:253.0 - response_length/clip_ratio:0.0 - response_length_non_aborted/mean:732.671875 - response_length_non_aborted/max:1537.0 - response_length_non_aborted/min:253.0 - response_length_non_aborted/clip_ratio:0.0 - response/aborted_ratio:0.0 - prompt_length/mean:187.0625 - prompt_length/max:739.0 - prompt_length/min:56.0 - prompt_length/clip_ratio:0.0 - num_turns/min:2 - num_turns/max:2 - num_turns/mean:2.0 - timing_s/start_profile:7.712934166193008e-05 - timing_s/agent_loop/num_preempted/min:-1 - timing_s/agent_loop/num_preempted/max:-1 - timing_s/agent_loop/num_preempted/mean:-1.0 - timing_s/agent_loop/generate_sequences/min:1.6807033587247133 - timing_s/agent_loop/generate_sequences/max:7.8861809922382236 - timing_s/agent_loop/generate_sequences/mean:4.387868742713181 - timing_s/agent_loop/tool_calls/min:0.0 - timing_s/agent_loop/tool_calls/max:0.0 - timing_s/agent_loop/tool_calls/mean:0.0 - timing_s/agent_loop/compute_score/min:0.0045066112652421 - timing_s/agent_loop/compute_score/max:0.008306130766868591 - timing_s/agent_loop/compute_score/mean:0.005941183539107442 - timing_s/agent_loop/slowest/generate_sequences:7.8861809922382236 - timing_s/agent_loop/slowest/tool_calls:0.0 - timing_s/agent_loop/slowest/compute_score:0.006737357005476952 - timing_s/agent_loop/slowest/num_preempted:-1 - timing_s/agent_loop/slowest/prompt_length:215 - timing_s/agent_loop/slowest/response_length:1537 - timing_s/gen:8.470162483863533 - timing_s/reward:1.699943095445633e-05 - timing_s/old_log_prob:2.651318605057895 - timing_s/ref:8.457940560765564 - timing_s/adv:0.0037138694897294044 - timing_s/update_actor:9.977480216883123 - timing_s/update_weights:1.2522086910903454 - timing_s/step:30.862603660672903 - timing_s/stop_profile:7.856916636228561e-05 - timing_per_token_ms/update_actor:0.08475171344378576 - timing_per_token_ms/adv:3.154672281169329e-05 - timing_per_token_ms/ref:0.0718442872497627 - timing_per_token_ms/gen:0.09031757143016285 - perf/total_num_tokens:117726 - perf/time_per_step:30.862603660672903 - perf/throughput:3814.519387099345
[36m(TaskRunner pid=272629)[0m step:104 - global_seqlen/min:100892 - global_seqlen/max:100892 - global_seqlen/minmax_diff:0 - global_seqlen/balanced_min:100892 - global_seqlen/balanced_max:100892 - global_seqlen/mean:100892.0 - actor/entropy:0.08458919823169708 - perf/mfu/actor_infer:0.31056732744786536 - actor/pg_clipfrac:0.0003861711184072192 - actor/ppo_kl:3.114360748668332e-05 - actor/pg_clipfrac_lower:0.0 - actor/pg_loss:0.02138066361658275 - actor/kl_loss:0.010447453816595953 - actor/kl_coef:0.001 - actor/loss:0.021391108632087708 - actor/grad_norm:0.3702239990234375 - actor/perf/max_memory_allocated_gb:57.544068813323975 - actor/perf/max_memory_reserved_gb:76.45703125 - actor/perf/cpu_memory_used_gb:22.27803611755371 - actor/lr:1e-06 - perf/mfu/actor:0.24017640434610482 - training/global_step:104 - training/epoch:0 - critic/score/mean:0.609375 - critic/score/max:1.0 - critic/score/min:0.0 - critic/rewards/mean:0.609375 - critic/rewards/max:1.0 - critic/rewards/min:0.0 - critic/advantages/mean:-0.024440132081508636 - critic/advantages/max:1.6201815605163574 - critic/advantages/min:-2.4748666286468506 - critic/returns/mean:-0.024440132081508636 - critic/returns/max:1.6201815605163574 - critic/returns/min:-2.4748666286468506 - response_length/mean:681.15625 - response_length/max:2048.0 - response_length/min:179.0 - response_length/clip_ratio:0.0078125 - response_length_non_aborted/mean:681.15625 - response_length_non_aborted/max:2048.0 - response_length_non_aborted/min:179.0 - response_length_non_aborted/clip_ratio:0.0078125 - response/aborted_ratio:0.0 - prompt_length/mean:107.0625 - prompt_length/max:188.0 - prompt_length/min:57.0 - prompt_length/clip_ratio:0.0 - num_turns/min:2 - num_turns/max:2 - num_turns/mean:2.0 - timing_s/start_profile:8.003879338502884e-05 - timing_s/agent_loop/num_preempted/min:-1 - timing_s/agent_loop/num_preempted/max:-1 - timing_s/agent_loop/num_preempted/mean:-1.0 - timing_s/agent_loop/generate_sequences/min:1.1649110224097967 - timing_s/agent_loop/generate_sequences/max:9.382485368289053 - timing_s/agent_loop/generate_sequences/mean:3.8113406989505165 - timing_s/agent_loop/tool_calls/min:0.0 - timing_s/agent_loop/tool_calls/max:0.0 - timing_s/agent_loop/tool_calls/mean:0.0 - timing_s/agent_loop/compute_score/min:0.0045547205954790115 - timing_s/agent_loop/compute_score/max:0.012539485469460487 - timing_s/agent_loop/compute_score/mean:0.005930882522079628 - timing_s/agent_loop/slowest/generate_sequences:9.382485368289053 - timing_s/agent_loop/slowest/tool_calls:0.0 - timing_s/agent_loop/slowest/compute_score:0.007682137191295624 - timing_s/agent_loop/slowest/num_preempted:-1 - timing_s/agent_loop/slowest/prompt_length:139 - timing_s/agent_loop/slowest/response_length:2048 - timing_s/gen:9.986101822927594 - timing_s/reward:1.7399899661540985e-05 - timing_s/old_log_prob:2.386743207462132 - timing_s/ref:8.377708164043725 - timing_s/adv:0.0036856411024928093 - timing_s/update_actor:9.045877962373197 - timing_s/update_weights:1.243856031447649 - timing_s/step:31.094836010597646 - timing_s/stop_profile:7.901899516582489e-05 - timing_per_token_ms/update_actor:0.0896590211550291 - timing_per_token_ms/adv:3.653055844361108e-05 - timing_per_token_ms/ref:0.08303639697938117 - timing_per_token_ms/gen:0.11453527805348894 - perf/total_num_tokens:100892 - perf/time_per_step:31.094836010597646 - perf/throughput:3244.6545132321744
[36m(TaskRunner pid=272629)[0m Training Progress:  52%|█████▎    | 105/200 [54:23<49:16, 31.12s/it]
[36m(WorkerDict pid=273039)[0m INFO:2026-07-28 16:50:49,208:update_weights done, time cost: 0.53s
[36m(TaskRunner pid=272629)[0m Training Progress:  53%|█████▎    | 106/200 [54:50<46:44, 29.84s/it]
[36m(WorkerDict pid=273039)[0m INFO:2026-07-28 16:51:21,057:update_weights done, time cost: 0.53s
[36m(TaskRunner pid=272629)[0m step:105 - global_seqlen/min:100330 - global_seqlen/max:100330 - global_seqlen/minmax_diff:0 - global_seqlen/balanced_min:100330 - global_seqlen/balanced_max:100330 - global_seqlen/mean:100330.0 - actor/entropy:0.12404748797416687 - perf/mfu/actor_infer:0.31266373183628465 - actor/pg_clipfrac:0.0005149259668542072 - actor/ppo_kl:-2.4737237083627406e-05 - actor/pg_clipfrac_lower:0.0 - actor/pg_loss:0.020653683342970908 - actor/kl_loss:0.012757271731970832 - actor/kl_coef:0.001 - actor/loss:0.020666446536779404 - actor/grad_norm:0.5028966665267944 - actor/perf/max_memory_allocated_gb:57.544068813323975 - actor/perf/max_memory_reserved_gb:76.45703125 - actor/perf/cpu_memory_used_gb:22.279375076293945 - actor/lr:1e-06 - perf/mfu/actor:0.24103353927324472 - training/global_step:105 - training/epoch:0 - critic/score/mean:0.6328125 - critic/score/max:1.0 - critic/score/min:0.0 - critic/rewards/mean:0.6328125 - critic/rewards/max:1.0 - critic/rewards/min:0.0 - critic/advantages/mean:-0.020980868488550186 - critic/advantages/max:2.4748666286468506 - critic/advantages/min:-2.4748666286468506 - critic/returns/mean:-0.020980868488550186 - critic/returns/max:2.4748666286468506 - critic/returns/min:-2.4748666286468506 - response_length/mean:674.453125 - response_length/max:2048.0 - response_length/min:255.0 - response_length/clip_ratio:0.0078125 - response_length_non_aborted/mean:674.453125 - response_length_non_aborted/max:2048.0 - response_length_non_aborted/min:255.0 - response_length_non_aborted/clip_ratio:0.0078125 - response/aborted_ratio:0.0 - prompt_length/mean:109.375 - prompt_length/max:292.0 - prompt_length/min:67.0 - prompt_length/clip_ratio:0.0 - num_turns/min:2 - num_turns/max:2 - num_turns/mean:2.0 - timing_s/start_profile:7.687974721193314e-05 - timing_s/agent_loop/num_preempted/min:-1 - timing_s/agent_loop/num_preempted/max:-1 - timing_s/agent_loop/num_preempted/mean:-1.0 - timing_s/agent_loop/generate_sequences/min:1.6556945145130157 - timing_s/agent_loop/generate_sequences/max:9.401474066078663 - timing_s/agent_loop/generate_sequences/mean:3.8445658549971995 - timing_s/agent_loop/tool_calls/min:0.0 - timing_s/agent_loop/tool_calls/max:0.0 - timing_s/agent_loop/tool_calls/mean:0.0 - timing_s/agent_loop/compute_score/min:0.004302282817661762 - timing_s/agent_loop/compute_score/max:0.008693736046552658 - timing_s/agent_loop/compute_score/mean:0.005834781710291281 - timing_s/agent_loop/slowest/generate_sequences:9.401474066078663 - timing_s/agent_loop/slowest/tool_calls:0.0 - timing_s/agent_loop/slowest/compute_score:0.008693736046552658 - timing_s/agent_loop/slowest/num_preempted:-1 - timing_s/agent_loop/slowest/prompt_length:146 - timing_s/agent_loop/slowest/response_length:2048 - timing_s/gen:10.00497617572546 - timing_s/reward:1.772865653038025e-05 - timing_s/old_log_prob:2.355052056722343 - timing_s/ref:8.376703387126327 - timing_s/adv:0.0036662500351667404 - timing_s/update_actor:8.972254692576826 - timing_s/update_weights:1.2740949634462595 - timing_s/step:31.038142061792314 - timing_s/stop_profile:8.051935583353043e-05 - timing_per_token_ms/update_actor:0.08942743638569546 - timing_per_token_ms/adv:3.654191204192904e-05 - timing_per_token_ms/ref:0.08349151188205249 - timing_per_token_ms/gen:0.11589222953463987 - perf/total_num_tokens:100330 - perf/time_per_step:31.038142061792314 - perf/throughput:3232.4744116531824
[36m(TaskRunner pid=272629)[0m step:106 - global_seqlen/min:88019 - global_seqlen/max:88019 - global_seqlen/minmax_diff:0 - global_seqlen/balanced_min:88019 - global_seqlen/balanced_max:88019 - global_seqlen/mean:88019.0 - actor/entropy:0.08695702999830246 - perf/mfu/actor_infer:0.30174809662060875 - actor/pg_clipfrac:0.00046827921505609993 - actor/ppo_kl:-7.074016621544388e-05 - actor/pg_clipfrac_lower:0.0 - actor/pg_loss:0.0162212589639239 - actor/kl_loss:0.011712862156855408 - actor/kl_coef:0.001 - actor/loss:0.016232971101999283 - actor/grad_norm:0.42663146555423737 - actor/perf/max_memory_allocated_gb:57.544068813323975 - actor/perf/max_memory_reserved_gb:76.45703125 - actor/perf/cpu_memory_used_gb:22.329883575439453 - actor/lr:1e-06 - perf/mfu/actor:0.23108692225999167 - training/global_step:106 - training/epoch:0 - critic/score/mean:0.6171875 - critic/score/max:1.0 - critic/score/min:0.0 - critic/rewards/mean:0.6171875 - critic/rewards/max:1.0 - critic/rewards/min:0.0 - critic/advantages/mean:-0.016608834266662598 - critic/advantages/max:2.4748666286468506 - critic/advantages/min:-2.4748666286468506 - critic/returns/mean:-0.016608834266662598 - critic/returns/max:2.4748666286468506 - critic/returns/min:-2.4748666286468506 - response_length/mean:573.0234375 - response_length/max:1174.0 - response_length/min:135.0 - response_length/clip_ratio:0.0 - response_length_non_aborted/mean:573.0234375 - response_length_non_aborted/max:1174.0 - response_length_non_aborted/min:135.0 - response_length_non_aborted/clip_ratio:0.0 - response/aborted_ratio:0.0 - prompt_length/mean:114.625 - prompt_length/max:295.0 - prompt_length/min:58.0 - prompt_length/clip_ratio:0.0 - num_turns/min:2 - num_turns/max:2 - num_turns/mean:2.0 - timing_s/start_profile:7.653888314962387e-05 - timing_s/agent_loop/num_preempted/min:-1 - timing_s/agent_loop/num_preempted/max:-1 - timing_s/agent_loop/num_preempted/mean:-1.0 - timing_s/agent_loop/generate_sequences/min:0.8627513218671083 - timing_s/agent_loop/generate_sequences/max:5.899276787415147 - timing_s/agent_loop/generate_sequences/mean:3.3625116058974527 - timing_s/agent_loop/tool_calls/min:0.0 - timing_s/agent_loop/tool_calls/max:0.0 - timing_s/agent_loop/tool_calls/mean:0.0 - timing_s/agent_loop/compute_score/min:0.004429631866514683 - timing_s/agent_loop/compute_score/max:0.00815512239933014 - timing_s/agent_loop/compute_score/mean:0.00575231590482872 - timing_s/agent_loop/slowest/generate_sequences:5.899276787415147 - timing_s/agent_loop/slowest/tool_calls:0.0 - timing_s/agent_loop/slowest/compute_score:0.007157613523304462 - timing_s/agent_loop/slowest/num_preempted:-1 - timing_s/agent_loop/slowest/prompt_length:109 - timing_s/agent_loop/slowest/response_length:1174 - timing_s/gen:6.475870451889932 - timing_s/reward:1.658964902162552e-05 - timing_s/old_log_prob:2.145472307689488 - timing_s/ref:8.327441938221455 - timing_s/adv:0.0036800215020775795 - timing_s/update_actor:8.540146543644369 - timing_s/update_weights:1.2831910531967878 - timing_s/step:26.826508541591465 - timing_s/stop_profile:8.136965334415436e-05 - timing_per_token_ms/update_actor:0.0970261709817695 - timing_per_token_ms/adv:4.180939913061475e-05 - timing_per_token_ms/ref:0.09460959495360609 - timing_per_token_ms/gen:0.0882908701363373 - perf/total_num_tokens:88019 - perf/time_per_step:26.826508541591465 - perf/throughput:3281.045681495842
[36m(TaskRunner pid=272629)[0m Training Progress:  54%|█████▎    | 107/200 [55:21<47:10, 30.43s/it]
[36m(WorkerDict pid=273039)[0m INFO:2026-07-28 16:51:51,994:update_weights done, time cost: 0.53s
[36m(TaskRunner pid=272629)[0m Training Progress:  54%|█████▍    | 108/200 [55:52<46:53, 30.58s/it]
[36m(WorkerDict pid=273039)[0m INFO:2026-07-28 16:52:24,890:update_weights done, time cost: 0.51s
[36m(TaskRunner pid=272629)[0m step:107 - global_seqlen/min:108550 - global_seqlen/max:108550 - global_seqlen/minmax_diff:0 - global_seqlen/balanced_min:108550 - global_seqlen/balanced_max:108550 - global_seqlen/mean:108550.0 - actor/entropy:0.10037805885076523 - perf/mfu/actor_infer:0.31857133283322553 - actor/pg_clipfrac:0.00043725271370931296 - actor/ppo_kl:-5.389718921833264e-06 - actor/pg_clipfrac_lower:0.0 - actor/pg_loss:0.019364938350918237 - actor/kl_loss:0.011781867673562374 - actor/kl_coef:0.001 - actor/loss:0.019376715645194054 - actor/grad_norm:0.4475303441286087 - actor/perf/max_memory_allocated_gb:57.544068813323975 - actor/perf/max_memory_reserved_gb:76.45703125 - actor/perf/cpu_memory_used_gb:22.24274444580078 - actor/lr:1e-06 - perf/mfu/actor:0.24650355364026738 - training/global_step:107 - training/epoch:0 - critic/score/mean:0.4609375 - critic/score/max:1.0 - critic/score/min:0.0 - critic/rewards/mean:0.4609375 - critic/rewards/max:1.0 - critic/rewards/min:0.0 - critic/advantages/mean:-0.01917613483965397 - critic/advantages/max:2.4748666286468506 - critic/advantages/min:-2.4748666286468506 - critic/returns/mean:-0.01917613483965397 - critic/returns/max:2.4748666286468506 - critic/returns/min:-2.4748666286468506 - response_length/mean:726.671875 - response_length/max:2048.0 - response_length/min:205.0 - response_length/clip_ratio:0.0078125 - response_length_non_aborted/mean:726.671875 - response_length_non_aborted/max:2048.0 - response_length_non_aborted/min:205.0 - response_length_non_aborted/clip_ratio:0.0078125 - response/aborted_ratio:0.0 - prompt_length/mean:121.375 - prompt_length/max:404.0 - prompt_length/min:69.0 - prompt_length/clip_ratio:0.0 - num_turns/min:2 - num_turns/max:2 - num_turns/mean:2.0 - timing_s/start_profile:7.801875472068787e-05 - timing_s/agent_loop/num_preempted/min:-1 - timing_s/agent_loop/num_preempted/max:-1 - timing_s/agent_loop/num_preempted/mean:-1.0 - timing_s/agent_loop/generate_sequences/min:1.3681444404646754 - timing_s/agent_loop/generate_sequences/max:9.536782082170248 - timing_s/agent_loop/generate_sequences/mean:4.19462832363206 - timing_s/agent_loop/tool_calls/min:0.0 - timing_s/agent_loop/tool_calls/max:0.0 - timing_s/agent_loop/tool_calls/mean:0.0 - timing_s/agent_loop/compute_score/min:0.004474402405321598 - timing_s/agent_loop/compute_score/max:0.012113459408283234 - timing_s/agent_loop/compute_score/mean:0.006046990158210974 - timing_s/agent_loop/slowest/generate_sequences:9.536782082170248 - timing_s/agent_loop/slowest/tool_calls:0.0 - timing_s/agent_loop/slowest/compute_score:0.007237262092530727 - timing_s/agent_loop/slowest/num_preempted:-1 - timing_s/agent_loop/slowest/prompt_length:86 - timing_s/agent_loop/slowest/response_length:2048 - timing_s/gen:10.110993104986846 - timing_s/reward:1.619011163711548e-05 - timing_s/old_log_prob:2.491498169489205 - timing_s/ref:8.417235008440912 - timing_s/adv:0.004089306108653545 - timing_s/update_actor:9.479678677394986 - timing_s/update_weights:1.2640797579661012 - timing_s/step:31.818083530291915 - timing_s/stop_profile:7.496867328882217e-05 - timing_per_token_ms/update_actor:0.08733006612063553 - timing_per_token_ms/adv:3.767209680933713e-05 - timing_per_token_ms/ref:0.07754246898609776 - timing_per_token_ms/gen:0.10870399192580521 - perf/total_num_tokens:108550 - perf/time_per_step:31.818083530291915 - perf/throughput:3411.581967111773
[36m(TaskRunner pid=272629)[0m step:108 - global_seqlen/min:100667 - global_seqlen/max:100667 - global_seqlen/minmax_diff:0 - global_seqlen/balanced_min:100667 - global_seqlen/balanced_max:100667 - global_seqlen/mean:100667.0 - actor/entropy:0.07707906514406204 - perf/mfu/actor_infer:0.3121773902208973 - actor/pg_clipfrac:0.0003814404453805764 - actor/ppo_kl:-9.313061082139029e-05 - actor/pg_clipfrac_lower:0.0 - actor/pg_loss:0.05072526854928583 - actor/kl_loss:0.010660649844794534 - actor/kl_coef:0.001 - actor/loss:0.05073592625558376 - actor/grad_norm:0.43625371158123016 - actor/perf/max_memory_allocated_gb:57.544068813323975 - actor/perf/max_memory_reserved_gb:76.45703125 - actor/perf/cpu_memory_used_gb:22.263153076171875 - actor/lr:1e-06 - perf/mfu/actor:0.24323139624375412 - training/global_step:108 - training/epoch:0 - critic/score/mean:0.7109375 - critic/score/max:1.0 - critic/score/min:0.0 - critic/rewards/mean:0.7109375 - critic/rewards/max:1.0 - critic/rewards/min:0.0 - critic/advantages/mean:-0.050644926726818085 - critic/advantages/max:2.4748666286468506 - critic/advantages/min:-2.4748666286468506 - critic/returns/mean:-0.050644926726818085 - critic/returns/max:2.4748666286468506 - critic/returns/min:-2.4748666286468506 - response_length/mean:677.2734375 - response_length/max:2048.0 - response_length/min:146.0 - response_length/clip_ratio:0.015625 - response_length_non_aborted/mean:677.2734375 - response_length_non_aborted/max:2048.0 - response_length_non_aborted/min:146.0 - response_length_non_aborted/clip_ratio:0.015625 - response/aborted_ratio:0.0 - prompt_length/mean:109.1875 - prompt_length/max:205.0 - prompt_length/min:64.0 - prompt_length/clip_ratio:0.0 - num_turns/min:2 - num_turns/max:2 - num_turns/mean:2.0 - timing_s/start_profile:7.968861609697342e-05 - timing_s/agent_loop/num_preempted/min:-1 - timing_s/agent_loop/num_preempted/max:-1 - timing_s/agent_loop/num_preempted/mean:-1.0 - timing_s/agent_loop/generate_sequences/min:0.903354867361486 - timing_s/agent_loop/generate_sequences/max:9.36102198343724 - timing_s/agent_loop/generate_sequences/mean:3.857720902633446 - timing_s/agent_loop/tool_calls/min:0.0 - timing_s/agent_loop/tool_calls/max:0.0 - timing_s/agent_loop/tool_calls/mean:0.0 - timing_s/agent_loop/compute_score/min:0.0033319853246212006 - timing_s/agent_loop/compute_score/max:0.00789740588515997 - timing_s/agent_loop/compute_score/mean:0.005733173697080929 - timing_s/agent_loop/slowest/generate_sequences:9.36102198343724 - timing_s/agent_loop/slowest/tool_calls:0.0 - timing_s/agent_loop/slowest/compute_score:0.00741558987647295 - timing_s/agent_loop/slowest/num_preempted:-1 - timing_s/agent_loop/slowest/prompt_length:170 - timing_s/agent_loop/slowest/response_length:2048 - timing_s/gen:9.9493686594069 - timing_s/reward:1.631956547498703e-05 - timing_s/old_log_prob:2.3694007080048323 - timing_s/ref:8.393272769637406 - timing_s/adv:0.003611392341554165 - timing_s/update_actor:8.905623344704509 - timing_s/update_weights:1.2561740698292851 - timing_s/step:30.9272364359349 - timing_s/stop_profile:7.998943328857422e-05 - timing_per_token_ms/update_actor:0.08846616413228277 - timing_per_token_ms/adv:3.5874639569612334e-05 - timing_per_token_ms/ref:0.08337660573611418 - timing_per_token_ms/gen:0.11476818423373707 - perf/total_num_tokens:100667 - perf/time_per_step:30.9272364359349 - perf/throughput:3254.9626672441136
[36m(TaskRunner pid=272629)[0m Training Progress:  55%|█████▍    | 109/200 [56:25<47:26, 31.28s/it]
[36m(WorkerDict pid=273039)[0m INFO:2026-07-28 16:52:56,030:update_weights done, time cost: 0.51s
[36m(TaskRunner pid=272629)[0m Training Progress:  55%|█████▌    | 110/200 [56:56<46:51, 31.23s/it]
[36m(WorkerDict pid=273039)[0m INFO:2026-07-28 16:53:27,872:update_weights done, time cost: 0.52s
[36m(TaskRunner pid=272629)[0m step:109 - global_seqlen/min:117053 - global_seqlen/max:117053 - global_seqlen/minmax_diff:0 - global_seqlen/balanced_min:117053 - global_seqlen/balanced_max:117053 - global_seqlen/mean:117053.0 - actor/entropy:0.09751099348068237 - perf/mfu/actor_infer:0.32422577888539333 - actor/pg_clipfrac:0.0007270704527400085 - actor/ppo_kl:9.843533825915074e-05 - actor/pg_clipfrac_lower:0.0 - actor/pg_loss:0.06742400101211388 - actor/kl_loss:0.012316377076786011 - actor/kl_coef:0.001 - actor/loss:0.06743631511926651 - actor/grad_norm:0.5138583481311798 - actor/perf/max_memory_allocated_gb:57.544068813323975 - actor/perf/max_memory_reserved_gb:76.45703125 - actor/perf/cpu_memory_used_gb:22.289098739624023 - actor/lr:1e-06 - perf/mfu/actor:0.25238158971897506 - training/global_step:109 - training/epoch:0 - critic/score/mean:0.5859375 - critic/score/max:1.0 - critic/score/min:0.0 - critic/rewards/mean:0.5859375 - critic/rewards/max:1.0 - critic/rewards/min:0.0 - critic/advantages/mean:-0.066412054002285 - critic/advantages/max:2.4748666286468506 - critic/advantages/min:-1.6201815605163574 - critic/returns/mean:-0.066412054002285 - critic/returns/max:2.4748666286468506 - critic/returns/min:-1.6201815605163574 - response_length/mean:800.7265625 - response_length/max:2048.0 - response_length/min:203.0 - response_length/clip_ratio:0.0234375 - response_length_non_aborted/mean:800.7265625 - response_length_non_aborted/max:2048.0 - response_length_non_aborted/min:203.0 - response_length_non_aborted/clip_ratio:0.0234375 - response/aborted_ratio:0.0 - prompt_length/mean:113.75 - prompt_length/max:381.0 - prompt_length/min:60.0 - prompt_length/clip_ratio:0.0 - num_turns/min:2 - num_turns/max:2 - num_turns/mean:2.0 - timing_s/start_profile:7.542967796325684e-05 - timing_s/agent_loop/num_preempted/min:-1 - timing_s/agent_loop/num_preempted/max:-1 - timing_s/agent_loop/num_preempted/mean:-1.0 - timing_s/agent_loop/generate_sequences/min:1.3241325998678803 - timing_s/agent_loop/generate_sequences/max:9.914289915002882 - timing_s/agent_loop/generate_sequences/mean:4.466073658426467 - timing_s/agent_loop/tool_calls/min:0.0 - timing_s/agent_loop/tool_calls/max:0.0 - timing_s/agent_loop/tool_calls/mean:0.0 - timing_s/agent_loop/compute_score/min:0.003754950128495693 - timing_s/agent_loop/compute_score/max:0.007656026631593704 - timing_s/agent_loop/compute_score/mean:0.0058764961795532145 - timing_s/agent_loop/slowest/generate_sequences:9.914289915002882 - timing_s/agent_loop/slowest/tool_calls:0.0 - timing_s/agent_loop/slowest/compute_score:0.0074081504717469215 - timing_s/agent_loop/slowest/num_preempted:-1 - timing_s/agent_loop/slowest/prompt_length:109 - timing_s/agent_loop/slowest/response_length:2048 - timing_s/gen:10.516751102171838 - timing_s/reward:1.7539598047733307e-05 - timing_s/old_log_prob:2.651658369228244 - timing_s/ref:8.446129150688648 - timing_s/adv:0.0014250949025154114 - timing_s/update_actor:9.982748279348016 - timing_s/update_weights:1.2343575116246939 - timing_s/step:32.88368437346071 - timing_s/stop_profile:8.061062544584274e-05 - timing_per_token_ms/update_actor:0.08528400194226561 - timing_per_token_ms/adv:1.2174783239348085e-05 - timing_per_token_ms/ref:0.07215645178413752 - timing_per_token_ms/gen:0.10260945725241566 - perf/total_num_tokens:117053 - perf/time_per_step:32.88368437346071 - perf/throughput:3559.607210391225
[36m(TaskRunner pid=272629)[0m step:110 - global_seqlen/min:103580 - global_seqlen/max:103580 - global_seqlen/minmax_diff:0 - global_seqlen/balanced_min:103580 - global_seqlen/balanced_max:103580 - global_seqlen/mean:103580.0 - actor/entropy:0.08389291167259216 - perf/mfu/actor_infer:0.31671352736418473 - actor/pg_clipfrac:0.00039708292388240807 - actor/ppo_kl:2.6531948492447555e-05 - actor/pg_clipfrac_lower:0.0 - actor/pg_loss:0.050913425046019256 - actor/kl_loss:0.01131918763712747 - actor/kl_coef:0.001 - actor/loss:0.050924746319651604 - actor/grad_norm:0.43109874427318573 - actor/perf/max_memory_allocated_gb:57.544068813323975 - actor/perf/max_memory_reserved_gb:76.45703125 - actor/perf/cpu_memory_used_gb:22.323226928710938 - actor/lr:1e-06 - perf/mfu/actor:0.24666968364918393 - training/global_step:110 - training/epoch:0 - critic/score/mean:0.5703125 - critic/score/max:1.0 - critic/score/min:0.0 - critic/rewards/mean:0.5703125 - critic/rewards/max:1.0 - critic/rewards/min:0.0 - critic/advantages/mean:-0.05001051351428032 - critic/advantages/max:1.6201815605163574 - critic/advantages/min:-2.4748666286468506 - critic/returns/mean:-0.05001051351428032 - critic/returns/max:1.6201815605163574 - critic/returns/min:-2.4748666286468506 - response_length/mean:696.84375 - response_length/max:2048.0 - response_length/min:276.0 - response_length/clip_ratio:0.015625 - response_length_non_aborted/mean:696.84375 - response_length_non_aborted/max:2048.0 - response_length_non_aborted/min:276.0 - response_length_non_aborted/clip_ratio:0.015625 - response/aborted_ratio:0.0 - prompt_length/mean:112.375 - prompt_length/max:219.0 - prompt_length/min:69.0 - prompt_length/clip_ratio:0.0 - num_turns/min:2 - num_turns/max:2 - num_turns/mean:2.0 - timing_s/start_profile:7.606856524944305e-05 - timing_s/agent_loop/num_preempted/min:-1 - timing_s/agent_loop/num_preempted/max:-1 - timing_s/agent_loop/num_preempted/mean:-1.0 - timing_s/agent_loop/generate_sequences/min:1.7651991313323379 - timing_s/agent_loop/generate_sequences/max:9.445583377033472 - timing_s/agent_loop/generate_sequences/mean:3.955065010857652 - timing_s/agent_loop/tool_calls/min:0.0 - timing_s/agent_loop/tool_calls/max:0.0 - timing_s/agent_loop/tool_calls/mean:0.0 - timing_s/agent_loop/compute_score/min:0.004651149734854698 - timing_s/agent_loop/compute_score/max:0.009754864498972893 - timing_s/agent_loop/compute_score/mean:0.005904549143451732 - timing_s/agent_loop/slowest/generate_sequences:9.445583377033472 - timing_s/agent_loop/slowest/tool_calls:0.0 - timing_s/agent_loop/slowest/compute_score:0.008049793541431427 - timing_s/agent_loop/slowest/num_preempted:-1 - timing_s/agent_loop/slowest/prompt_length:115 - timing_s/agent_loop/slowest/response_length:2048 - timing_s/gen:10.030419597402215 - timing_s/reward:1.6810372471809387e-05 - timing_s/old_log_prob:2.3963660951703787 - timing_s/ref:8.3822590848431 - timing_s/adv:0.0036177709698677063 - timing_s/update_actor:9.04040341079235 - timing_s/update_weights:1.2276838505640626 - timing_s/step:31.130732643418014 - timing_s/stop_profile:8.694920688867569e-05 - timing_per_token_ms/update_actor:0.08727943049616095 - timing_per_token_ms/adv:3.492731193152835e-05 - timing_per_token_ms/ref:0.08092545940184494 - timing_per_token_ms/gen:0.11245369296159262 - perf/total_num_tokens:103580 - perf/time_per_step:31.130732643418014 - perf/throughput:3327.2586670683436
[36m(TaskRunner pid=272629)[0m Training Progress:  56%|█████▌    | 111/200 [57:28<46:36, 31.42s/it]
[36m(WorkerDict pid=273039)[0m INFO:2026-07-28 16:53:58,208:update_weights done, time cost: 0.51s
[36m(TaskRunner pid=272629)[0m Training Progress:  56%|█████▌    | 112/200 [57:59<45:36, 31.09s/it]
[36m(WorkerDict pid=273039)[0m INFO:2026-07-28 16:54:28,880:update_weights done, time cost: 0.51s
[36m(TaskRunner pid=272629)[0m step:111 - global_seqlen/min:109443 - global_seqlen/max:109443 - global_seqlen/minmax_diff:0 - global_seqlen/balanced_min:109443 - global_seqlen/balanced_max:109443 - global_seqlen/mean:109443.0 - actor/entropy:0.10597340762615204 - perf/mfu/actor_infer:0.319191436279823 - actor/pg_clipfrac:0.0006443452566600172 - actor/ppo_kl:-7.066644716502424e-05 - actor/pg_clipfrac_lower:0.0 - actor/pg_loss:-0.0004399546669446863 - actor/kl_loss:0.013026092026848346 - actor/kl_coef:0.001 - actor/loss:-0.0004269331693649292 - actor/grad_norm:0.4500075578689575 - actor/perf/max_memory_allocated_gb:57.544068813323975 - actor/perf/max_memory_reserved_gb:76.45703125 - actor/perf/cpu_memory_used_gb:22.34428596496582 - actor/lr:1e-06 - perf/mfu/actor:0.24857975713517771 - training/global_step:111 - training/epoch:0 - critic/score/mean:0.5625 - critic/score/max:1.0 - critic/score/min:0.0 - critic/rewards/mean:0.5625 - critic/rewards/max:1.0 - critic/rewards/min:0.0 - critic/advantages/mean:-0.0007641079137101769 - critic/advantages/max:2.4748666286468506 - critic/advantages/min:-2.4748666286468506 - critic/returns/mean:-0.0007641079137101769 - critic/returns/max:2.4748666286468506 - critic/returns/min:-2.4748666286468506 - response_length/mean:684.5859375 - response_length/max:2048.0 - response_length/min:234.0 - response_length/clip_ratio:0.0546875 - response_length_non_aborted/mean:684.5859375 - response_length_non_aborted/max:2048.0 - response_length_non_aborted/min:234.0 - response_length_non_aborted/clip_ratio:0.0546875 - response/aborted_ratio:0.0 - prompt_length/mean:170.4375 - prompt_length/max:729.0 - prompt_length/min:69.0 - prompt_length/clip_ratio:0.0 - num_turns/min:2 - num_turns/max:2 - num_turns/mean:2.0 - timing_s/start_profile:8.694827556610107e-05 - timing_s/agent_loop/num_preempted/min:-1 - timing_s/agent_loop/num_preempted/max:-1 - timing_s/agent_loop/num_preempted/mean:-1.0 - timing_s/agent_loop/generate_sequences/min:1.580050348304212 - timing_s/agent_loop/generate_sequences/max:9.579339982010424 - timing_s/agent_loop/generate_sequences/mean:3.92416481894179 - timing_s/agent_loop/tool_calls/min:0.0 - timing_s/agent_loop/tool_calls/max:0.0 - timing_s/agent_loop/tool_calls/mean:0.0 - timing_s/agent_loop/compute_score/min:0.004193995147943497 - timing_s/agent_loop/compute_score/max:0.029955449514091015 - timing_s/agent_loop/compute_score/mean:0.006380538245139178 - timing_s/agent_loop/slowest/generate_sequences:9.579339982010424 - timing_s/agent_loop/slowest/tool_calls:0.0 - timing_s/agent_loop/slowest/compute_score:0.0075505683198571205 - timing_s/agent_loop/slowest/num_preempted:-1 - timing_s/agent_loop/slowest/prompt_length:221 - timing_s/agent_loop/slowest/response_length:2048 - timing_s/gen:10.156013952568173 - timing_s/reward:1.5689991414546967e-05 - timing_s/old_log_prob:2.514431961812079 - timing_s/ref:8.403390061110258 - timing_s/adv:0.0014306046068668365 - timing_s/update_actor:9.471592050045729 - timing_s/update_weights:1.2415324579924345 - timing_s/step:31.83864670060575 - timing_s/stop_profile:8.175894618034363e-05 - timing_per_token_ms/update_actor:0.08654360763178759 - timing_per_token_ms/adv:1.3071686694140663e-05 - timing_per_token_ms/ref:0.07678325759628535 - timing_per_token_ms/gen:0.11590050957545246 - perf/total_num_tokens:109443 - perf/time_per_step:31.83864670060575 - perf/throughput:3437.4262521000232
[36m(TaskRunner pid=272629)[0m step:112 - global_seqlen/min:93774 - global_seqlen/max:93774 - global_seqlen/minmax_diff:0 - global_seqlen/balanced_min:93774 - global_seqlen/balanced_max:93774 - global_seqlen/mean:93774.0 - actor/entropy:0.08248570561408997 - perf/mfu/actor_infer:0.31057552518280424 - actor/pg_clipfrac:0.0002734113377300673 - actor/ppo_kl:-0.00011978557887459829 - actor/pg_clipfrac_lower:0.0 - actor/pg_loss:-0.009813000680878758 - actor/kl_loss:0.013656306924531236 - actor/kl_coef:0.001 - actor/loss:-0.00979933887720108 - actor/grad_norm:0.4213667958974838 - actor/perf/max_memory_allocated_gb:57.544068813323975 - actor/perf/max_memory_reserved_gb:76.59375 - actor/perf/cpu_memory_used_gb:22.384593963623047 - actor/lr:1e-06 - perf/mfu/actor:0.2404326244030694 - training/global_step:112 - training/epoch:0 - critic/score/mean:0.78125 - critic/score/max:1.0 - critic/score/min:0.0 - critic/rewards/mean:0.78125 - critic/rewards/max:1.0 - critic/rewards/min:0.0 - critic/advantages/mean:0.008860092610120773 - critic/advantages/max:2.4748666286468506 - critic/advantages/min:-2.4748666286468506 - critic/returns/mean:0.008860092610120773 - critic/returns/max:2.4748666286468506 - critic/returns/min:-2.4748666286468506 - response_length/mean:622.921875 - response_length/max:2048.0 - response_length/min:247.0 - response_length/clip_ratio:0.0078125 - response_length_non_aborted/mean:622.921875 - response_length_non_aborted/max:2048.0 - response_length_non_aborted/min:247.0 - response_length_non_aborted/clip_ratio:0.0078125 - response/aborted_ratio:0.0 - prompt_length/mean:109.6875 - prompt_length/max:318.0 - prompt_length/min:70.0 - prompt_length/clip_ratio:0.0 - num_turns/min:2 - num_turns/max:2 - num_turns/mean:2.0 - timing_s/start_profile:7.571931928396225e-05 - timing_s/agent_loop/num_preempted/min:-1 - timing_s/agent_loop/num_preempted/max:-1 - timing_s/agent_loop/num_preempted/mean:-1.0 - timing_s/agent_loop/generate_sequences/min:1.5767565006390214 - timing_s/agent_loop/generate_sequences/max:9.179493950679898 - timing_s/agent_loop/generate_sequences/mean:3.6244657950883266 - timing_s/agent_loop/tool_calls/min:0.0 - timing_s/agent_loop/tool_calls/max:0.0 - timing_s/agent_loop/tool_calls/mean:0.0 - timing_s/agent_loop/compute_score/min:0.003917047753930092 - timing_s/agent_loop/compute_score/max:0.011912351474165916 - timing_s/agent_loop/compute_score/mean:0.005894884256122168 - timing_s/agent_loop/slowest/generate_sequences:9.179493950679898 - timing_s/agent_loop/slowest/tool_calls:0.0 - timing_s/agent_loop/slowest/compute_score:0.007160592824220657 - timing_s/agent_loop/slowest/num_preempted:-1 - timing_s/agent_loop/slowest/prompt_length:168 - timing_s/agent_loop/slowest/response_length:2048 - timing_s/gen:9.761111821047962 - timing_s/reward:1.627020537853241e-05 - timing_s/old_log_prob:2.5705011934041977 - timing_s/ref:8.325129762291908 - timing_s/adv:0.003687681630253792 - timing_s/update_actor:8.387274855747819 - timing_s/update_weights:1.2274384247139096 - timing_s/step:30.325835794210434 - timing_s/stop_profile:7.651932537555695e-05 - timing_per_token_ms/update_actor:0.08944136813773347 - timing_per_token_ms/adv:3.9325203470618637e-05 - timing_per_token_ms/ref:0.08877865679497418 - timing_per_token_ms/gen:0.12242094741324858 - perf/total_num_tokens:93774 - perf/time_per_step:30.325835794210434 - perf/throughput:3092.2148572044493
[36m(TaskRunner pid=272629)[0m Training Progress:  56%|█████▋    | 113/200 [58:29<44:54, 30.97s/it]
[36m(WorkerDict pid=273039)[0m INFO:2026-07-28 16:54:57,065:update_weights done, time cost: 0.51s
[36m(TaskRunner pid=272629)[0m Training Progress:  57%|█████▋    | 114/200 [58:57<43:11, 30.13s/it]
[36m(WorkerDict pid=273039)[0m INFO:2026-07-28 16:55:28,227:update_weights done, time cost: 0.51s
[36m(TaskRunner pid=272629)[0m step:113 - global_seqlen/min:100493 - global_seqlen/max:100493 - global_seqlen/minmax_diff:0 - global_seqlen/balanced_min:100493 - global_seqlen/balanced_max:100493 - global_seqlen/mean:100493.0 - actor/entropy:0.09061030298471451 - perf/mfu/actor_infer:0.31647925616902356 - actor/pg_clipfrac:0.0003706566612891038 - actor/ppo_kl:5.848726323165465e-05 - actor/pg_clipfrac_lower:0.0 - actor/pg_loss:0.024216141900978982 - actor/kl_loss:0.01101577036024537 - actor/kl_coef:0.001 - actor/loss:0.02422715723514557 - actor/grad_norm:0.45803453028202057 - actor/perf/max_memory_allocated_gb:57.544068813323975 - actor/perf/max_memory_reserved_gb:76.59375 - actor/perf/cpu_memory_used_gb:22.389429092407227 - actor/lr:1e-06 - perf/mfu/actor:0.24526575751335894 - training/global_step:113 - training/epoch:0 - critic/score/mean:0.7109375 - critic/score/max:1.0 - critic/score/min:0.0 - critic/rewards/mean:0.7109375 - critic/rewards/max:1.0 - critic/rewards/min:0.0 - critic/advantages/mean:-0.023844996467232704 - critic/advantages/max:2.4748666286468506 - critic/advantages/min:-2.4748666286468506 - critic/returns/mean:-0.023844996467232704 - critic/returns/max:2.4748666286468506 - critic/returns/min:-2.4748666286468506 - response_length/mean:694.5390625 - response_length/max:2048.0 - response_length/min:224.0 - response_length/clip_ratio:0.0078125 - response_length_non_aborted/mean:694.5390625 - response_length_non_aborted/max:2048.0 - response_length_non_aborted/min:224.0 - response_length_non_aborted/clip_ratio:0.0078125 - response/aborted_ratio:0.0 - prompt_length/mean:90.5625 - prompt_length/max:171.0 - prompt_length/min:60.0 - prompt_length/clip_ratio:0.0 - num_turns/min:2 - num_turns/max:2 - num_turns/mean:2.0 - timing_s/start_profile:7.23889097571373e-05 - timing_s/agent_loop/num_preempted/min:-1 - timing_s/agent_loop/num_preempted/max:-1 - timing_s/agent_loop/num_preempted/mean:-1.0 - timing_s/agent_loop/generate_sequences/min:1.4451639614999294 - timing_s/agent_loop/generate_sequences/max:9.328683443367481 - timing_s/agent_loop/generate_sequences/mean:4.074715150192787 - timing_s/agent_loop/tool_calls/min:0.0 - timing_s/agent_loop/tool_calls/max:0.0 - timing_s/agent_loop/tool_calls/mean:0.0 - timing_s/agent_loop/compute_score/min:0.004454601556062698 - timing_s/agent_loop/compute_score/max:0.013128069229424 - timing_s/agent_loop/compute_score/mean:0.006001132423989475 - timing_s/agent_loop/slowest/generate_sequences:9.328683443367481 - timing_s/agent_loop/slowest/tool_calls:0.0 - timing_s/agent_loop/slowest/compute_score:0.007927415892481804 - timing_s/agent_loop/slowest/num_preempted:-1 - timing_s/agent_loop/slowest/prompt_length:171 - timing_s/agent_loop/slowest/response_length:2048 - timing_s/gen:9.898468832485378 - timing_s/reward:1.6850419342517853e-05 - timing_s/old_log_prob:2.3185901157557964 - timing_s/ref:8.36021286342293 - timing_s/adv:0.0036655208095908165 - timing_s/update_actor:8.80189336836338 - timing_s/update_weights:1.2356816018000245 - timing_s/step:30.668887052685022 - timing_s/stop_profile:7.75093212723732e-05 - timing_per_token_ms/update_actor:0.08758712913698845 - timing_per_token_ms/adv:3.647538445056687e-05 - timing_per_token_ms/ref:0.08319199211311167 - timing_per_token_ms/gen:0.11134260393567426 - perf/total_num_tokens:100493 - perf/time_per_step:30.668887052685022 - perf/throughput:3276.708405732707
[36m(TaskRunner pid=272629)[0m step:114 - global_seqlen/min:95896 - global_seqlen/max:95896 - global_seqlen/minmax_diff:0 - global_seqlen/balanced_min:95896 - global_seqlen/balanced_max:95896 - global_seqlen/mean:95896.0 - actor/entropy:0.09654036164283752 - perf/mfu/actor_infer:0.3090503516374203 - actor/pg_clipfrac:0.0006754077767254785 - actor/ppo_kl:0.00012860401790248943 - actor/pg_clipfrac_lower:0.0 - actor/pg_loss:0.021956784432404675 - actor/kl_loss:0.0115377911934047 - actor/kl_coef:0.001 - actor/loss:0.021968325600028038 - actor/grad_norm:0.5275201797485352 - actor/perf/max_memory_allocated_gb:57.544068813323975 - actor/perf/max_memory_reserved_gb:76.59375 - actor/perf/cpu_memory_used_gb:22.39092254638672 - actor/lr:1e-06 - perf/mfu/actor:0.23908093912064549 - training/global_step:114 - training/epoch:0 - critic/score/mean:0.6640625 - critic/score/max:1.0 - critic/score/min:0.0 - critic/rewards/mean:0.6640625 - critic/rewards/max:1.0 - critic/rewards/min:0.0 - critic/advantages/mean:-0.022001609206199646 - critic/advantages/max:2.4748666286468506 - critic/advantages/min:-2.4748666286468506 - critic/returns/mean:-0.022001609206199646 - critic/returns/max:2.4748666286468506 - critic/returns/min:-2.4748666286468506 - response_length/mean:628.0625 - response_length/max:1450.0 - response_length/min:186.0 - response_length/clip_ratio:0.0 - response_length_non_aborted/mean:628.0625 - response_length_non_aborted/max:1450.0 - response_length_non_aborted/min:186.0 - response_length_non_aborted/clip_ratio:0.0 - response/aborted_ratio:0.0 - prompt_length/mean:121.125 - prompt_length/max:298.0 - prompt_length/min:60.0 - prompt_length/clip_ratio:0.0 - num_turns/min:2 - num_turns/max:2 - num_turns/mean:2.0 - timing_s/start_profile:7.185898721218109e-05 - timing_s/agent_loop/num_preempted/min:-1 - timing_s/agent_loop/num_preempted/max:-1 - timing_s/agent_loop/num_preempted/mean:-1.0 - timing_s/agent_loop/generate_sequences/min:1.1882721902802587 - timing_s/agent_loop/generate_sequences/max:7.090945642441511 - timing_s/agent_loop/generate_sequences/mean:3.5678484394666157 - timing_s/agent_loop/tool_calls/min:0.0 - timing_s/agent_loop/tool_calls/max:0.0 - timing_s/agent_loop/tool_calls/mean:0.0 - timing_s/agent_loop/compute_score/min:0.0043747322633862495 - timing_s/agent_loop/compute_score/max:0.009768274612724781 - timing_s/agent_loop/compute_score/mean:0.0058840454439632595 - timing_s/agent_loop/slowest/generate_sequences:7.090945642441511 - timing_s/agent_loop/slowest/tool_calls:0.0 - timing_s/agent_loop/slowest/compute_score:0.006476840004324913 - timing_s/agent_loop/slowest/num_preempted:-1 - timing_s/agent_loop/slowest/prompt_length:105 - timing_s/agent_loop/slowest/response_length:1450 - timing_s/gen:7.668016894720495 - timing_s/reward:1.666974276304245e-05 - timing_s/old_log_prob:2.268589180894196 - timing_s/ref:8.345920299179852 - timing_s/adv:0.003702170215547085 - timing_s/update_actor:8.612029606476426 - timing_s/update_weights:1.225339436903596 - timing_s/step:28.17358921468258 - timing_s/stop_profile:7.80988484621048e-05 - timing_per_token_ms/update_actor:0.08980593149324713 - timing_per_token_ms/adv:3.860609634966093e-05 - timing_per_token_ms/ref:0.08703095331588233 - timing_per_token_ms/gen:0.0953828352910799 - perf/total_num_tokens:95896 - perf/time_per_step:28.17358921468258 - perf/throughput:3403.7551718836057
[36m(TaskRunner pid=272629)[0m Training Progress:  57%|█████▊    | 115/200 [59:29<43:07, 30.44s/it]
[36m(WorkerDict pid=273039)[0m INFO:2026-07-28 16:56:00,184:update_weights done, time cost: 0.51s
[36m(TaskRunner pid=272629)[0m Training Progress:  58%|█████▊    | 116/200 [1:00:01<43:15, 30.90s/it]
[36m(WorkerDict pid=273039)[0m INFO:2026-07-28 16:56:30,021:update_weights done, time cost: 0.53s
[36m(TaskRunner pid=272629)[0m step:115 - global_seqlen/min:104167 - global_seqlen/max:104167 - global_seqlen/minmax_diff:0 - global_seqlen/balanced_min:104167 - global_seqlen/balanced_max:104167 - global_seqlen/mean:104167.0 - actor/entropy:0.08787869662046432 - perf/mfu/actor_infer:0.3178009254014241 - actor/pg_clipfrac:0.0005083503556306823 - actor/ppo_kl:5.402213753313845e-05 - actor/pg_clipfrac_lower:0.0 - actor/pg_loss:0.021954412921331823 - actor/kl_loss:0.011576977150980383 - actor/kl_coef:0.001 - actor/loss:0.021965984255075455 - actor/grad_norm:0.4381019175052643 - actor/perf/max_memory_allocated_gb:57.544068813323975 - actor/perf/max_memory_reserved_gb:76.59375 - actor/perf/cpu_memory_used_gb:22.393829345703125 - actor/lr:1e-06 - perf/mfu/actor:0.24750343332328367 - training/global_step:115 - training/epoch:0 - critic/score/mean:0.625 - critic/score/max:1.0 - critic/score/min:0.0 - critic/rewards/mean:0.625 - critic/rewards/max:1.0 - critic/rewards/min:0.0 - critic/advantages/mean:-0.022036492824554443 - critic/advantages/max:2.4748666286468506 - critic/advantages/min:-2.4748666286468506 - critic/returns/mean:-0.022036492824554443 - critic/returns/max:2.4748666286468506 - critic/returns/min:-2.4748666286468506 - response_length/mean:717.9296875 - response_length/max:2048.0 - response_length/min:202.0 - response_length/clip_ratio:0.0078125 - response_length_non_aborted/mean:717.9296875 - response_length_non_aborted/max:2048.0 - response_length_non_aborted/min:202.0 - response_length_non_aborted/clip_ratio:0.0078125 - response/aborted_ratio:0.0 - prompt_length/mean:95.875 - prompt_length/max:180.0 - prompt_length/min:60.0 - prompt_length/clip_ratio:0.0 - num_turns/min:2 - num_turns/max:2 - num_turns/mean:2.0 - timing_s/start_profile:7.458869367837906e-05 - timing_s/agent_loop/num_preempted/min:-1 - timing_s/agent_loop/num_preempted/max:-1 - timing_s/agent_loop/num_preempted/mean:-1.0 - timing_s/agent_loop/generate_sequences/min:1.2628523046150804 - timing_s/agent_loop/generate_sequences/max:9.487204638309777 - timing_s/agent_loop/generate_sequences/mean:4.085521786546451 - timing_s/agent_loop/tool_calls/min:0.0 - timing_s/agent_loop/tool_calls/max:0.0 - timing_s/agent_loop/tool_calls/mean:0.0 - timing_s/agent_loop/compute_score/min:0.00402221642434597 - timing_s/agent_loop/compute_score/max:0.012382837943732738 - timing_s/agent_loop/compute_score/mean:0.005973974330117926 - timing_s/agent_loop/slowest/generate_sequences:9.487204638309777 - timing_s/agent_loop/slowest/tool_calls:0.0 - timing_s/agent_loop/slowest/compute_score:0.007498079910874367 - timing_s/agent_loop/slowest/num_preempted:-1 - timing_s/agent_loop/slowest/prompt_length:180 - timing_s/agent_loop/slowest/response_length:2048 - timing_s/gen:10.065344935283065 - timing_s/reward:1.6040168702602386e-05 - timing_s/old_log_prob:2.39402883592993 - timing_s/ref:8.373164121992886 - timing_s/adv:0.003681279718875885 - timing_s/update_actor:9.043635597452521 - timing_s/update_weights:1.2294997982680798 - timing_s/step:31.15899366699159 - timing_s/stop_profile:7.9398974776268e-05 - timing_per_token_ms/update_actor:0.08681862391594768 - timing_per_token_ms/adv:3.5340172212657414e-05 - timing_per_token_ms/ref:0.08038211834835299 - timing_per_token_ms/gen:0.10953093133775575 - perf/total_num_tokens:104167 - perf/time_per_step:31.15899366699159 - perf/throughput:3343.079725657178
[36m(TaskRunner pid=272629)[0m step:116 - global_seqlen/min:118176 - global_seqlen/max:118176 - global_seqlen/minmax_diff:0 - global_seqlen/balanced_min:118176 - global_seqlen/balanced_max:118176 - global_seqlen/mean:118176.0 - actor/entropy:0.12272629141807556 - perf/mfu/actor_infer:0.3259501896161574 - actor/pg_clipfrac:0.00046879631008778233 - actor/ppo_kl:-4.121141193991207e-05 - actor/pg_clipfrac_lower:0.0 - actor/pg_loss:0.012606251431861892 - actor/kl_loss:0.012466343243431766 - actor/kl_coef:0.001 - actor/loss:0.012618714943528175 - actor/grad_norm:0.4620078057050705 - actor/perf/max_memory_allocated_gb:57.544068813323975 - actor/perf/max_memory_reserved_gb:76.59375 - actor/perf/cpu_memory_used_gb:22.373600006103516 - actor/lr:1e-06 - perf/mfu/actor:0.2547404083752599 - training/global_step:116 - training/epoch:0 - critic/score/mean:0.390625 - critic/score/max:1.0 - critic/score/min:0.0 - critic/rewards/mean:0.390625 - critic/rewards/max:1.0 - critic/rewards/min:0.0 - critic/advantages/mean:-0.012717916630208492 - critic/advantages/max:2.4748666286468506 - critic/advantages/min:-2.4748666286468506 - critic/returns/mean:-0.012717916630208492 - critic/returns/max:2.4748666286468506 - critic/returns/min:-2.4748666286468506 - response_length/mean:769.875 - response_length/max:1849.0 - response_length/min:189.0 - response_length/clip_ratio:0.0 - response_length_non_aborted/mean:769.875 - response_length_non_aborted/max:1849.0 - response_length_non_aborted/min:189.0 - response_length_non_aborted/clip_ratio:0.0 - response/aborted_ratio:0.0 - prompt_length/mean:153.375 - prompt_length/max:406.0 - prompt_length/min:59.0 - prompt_length/clip_ratio:0.0 - num_turns/min:2 - num_turns/max:2 - num_turns/mean:2.0 - timing_s/start_profile:7.622875273227692e-05 - timing_s/agent_loop/num_preempted/min:-1 - timing_s/agent_loop/num_preempted/max:-1 - timing_s/agent_loop/num_preempted/mean:-1.0 - timing_s/agent_loop/generate_sequences/min:1.2353091752156615 - timing_s/agent_loop/generate_sequences/max:9.00010459497571 - timing_s/agent_loop/generate_sequences/mean:4.454502298838634 - timing_s/agent_loop/tool_calls/min:0.0 - timing_s/agent_loop/tool_calls/max:0.0 - timing_s/agent_loop/tool_calls/mean:0.0 - timing_s/agent_loop/compute_score/min:0.004587141796946526 - timing_s/agent_loop/compute_score/max:0.011879452504217625 - timing_s/agent_loop/compute_score/mean:0.005855683601112105 - timing_s/agent_loop/slowest/generate_sequences:9.00010459497571 - timing_s/agent_loop/slowest/tool_calls:0.0 - timing_s/agent_loop/slowest/compute_score:0.006000494584441185 - timing_s/agent_loop/slowest/num_preempted:-1 - timing_s/agent_loop/slowest/prompt_length:127 - timing_s/agent_loop/slowest/response_length:1849 - timing_s/gen:9.586469814181328 - timing_s/reward:1.7758458852767944e-05 - timing_s/old_log_prob:2.6463311333209276 - timing_s/ref:8.453744571655989 - timing_s/adv:0.003701389767229557 - timing_s/update_actor:9.9775669593364 - timing_s/update_weights:1.2345884880051017 - timing_s/step:31.952874193899333 - timing_s/stop_profile:7.798895239830017e-05 - timing_per_token_ms/update_actor:0.08442972311921541 - timing_per_token_ms/adv:3.132099383317727e-05 - timing_per_token_ms/ref:0.07153520657033567 - timing_per_token_ms/gen:0.09728111111971635 - perf/total_num_tokens:118176 - perf/time_per_step:31.952874193899333 - perf/throughput:3698.4466337166937
[36m(TaskRunner pid=272629)[0m Training Progress:  58%|█████▊    | 117/200 [1:00:30<42:18, 30.58s/it]
[36m(WorkerDict pid=273039)[0m INFO:2026-07-28 16:57:04,479:update_weights done, time cost: 0.53s
[36m(TaskRunner pid=272629)[0m Training Progress:  59%|█████▉    | 118/200 [1:01:05<43:22, 31.74s/it]
[36m(WorkerDict pid=273039)[0m INFO:2026-07-28 16:57:33,569:update_weights done, time cost: 0.52s
[36m(TaskRunner pid=272629)[0m step:117 - global_seqlen/min:94338 - global_seqlen/max:94338 - global_seqlen/minmax_diff:0 - global_seqlen/balanced_min:94338 - global_seqlen/balanced_max:94338 - global_seqlen/mean:94338.0 - actor/entropy:0.07650484889745712 - perf/mfu/actor_infer:0.3083578853188989 - actor/pg_clipfrac:0.0005332491136869066 - actor/ppo_kl:9.93827112552026e-05 - actor/pg_clipfrac_lower:0.0 - actor/pg_loss:0.035025286953896284 - actor/kl_loss:0.01244059811142506 - actor/kl_coef:0.001 - actor/loss:0.03503772895783186 - actor/grad_norm:0.4928985983133316 - actor/perf/max_memory_allocated_gb:57.544068813323975 - actor/perf/max_memory_reserved_gb:76.59375 - actor/perf/cpu_memory_used_gb:22.386791229248047 - actor/lr:1e-06 - perf/mfu/actor:0.2372746466873525 - training/global_step:117 - training/epoch:0 - critic/score/mean:0.640625 - critic/score/max:1.0 - critic/score/min:0.0 - critic/rewards/mean:0.640625 - critic/rewards/max:1.0 - critic/rewards/min:0.0 - critic/advantages/mean:-0.03547061234712601 - critic/advantages/max:2.4748666286468506 - critic/advantages/min:-2.4748666286468506 - critic/returns/mean:-0.03547061234712601 - critic/returns/max:2.4748666286468506 - critic/returns/min:-2.4748666286468506 - response_length/mean:643.015625 - response_length/max:1930.0 - response_length/min:175.0 - response_length/clip_ratio:0.0 - response_length_non_aborted/mean:643.015625 - response_length_non_aborted/max:1930.0 - response_length_non_aborted/min:175.0 - response_length_non_aborted/clip_ratio:0.0 - response/aborted_ratio:0.0 - prompt_length/mean:94.0 - prompt_length/max:187.0 - prompt_length/min:61.0 - prompt_length/clip_ratio:0.0 - num_turns/min:2 - num_turns/max:2 - num_turns/mean:2.0 - timing_s/start_profile:7.31591135263443e-05 - timing_s/agent_loop/num_preempted/min:-1 - timing_s/agent_loop/num_preempted/max:-1 - timing_s/agent_loop/num_preempted/mean:-1.0 - timing_s/agent_loop/generate_sequences/min:1.1445805123075843 - timing_s/agent_loop/generate_sequences/max:8.793533250689507 - timing_s/agent_loop/generate_sequences/mean:3.6437045570564806 - timing_s/agent_loop/tool_calls/min:0.0 - timing_s/agent_loop/tool_calls/max:0.0 - timing_s/agent_loop/tool_calls/mean:0.0 - timing_s/agent_loop/compute_score/min:0.004613160155713558 - timing_s/agent_loop/compute_score/max:0.011683904565870762 - timing_s/agent_loop/compute_score/mean:0.005860189477971289 - timing_s/agent_loop/slowest/generate_sequences:8.793533250689507 - timing_s/agent_loop/slowest/tool_calls:0.0 - timing_s/agent_loop/slowest/compute_score:0.006867355667054653 - timing_s/agent_loop/slowest/num_preempted:-1 - timing_s/agent_loop/slowest/prompt_length:97 - timing_s/agent_loop/slowest/response_length:1930 - timing_s/gen:9.367377647198737 - timing_s/reward:1.6080215573310852e-05 - timing_s/old_log_prob:2.2485175132751465 - timing_s/ref:8.354034309275448 - timing_s/adv:0.0036180103197693825 - timing_s/update_actor:8.556442058645189 - timing_s/update_weights:1.2548749446868896 - timing_s/step:29.83640830218792 - timing_s/stop_profile:8.201878517866135e-05 - timing_per_token_ms/update_actor:0.09069984585898777 - timing_per_token_ms/adv:3.835156903654288e-05 - timing_per_token_ms/ref:0.08855428681205292 - timing_per_token_ms/gen:0.11381160118580343 - perf/total_num_tokens:94338 - perf/time_per_step:29.83640830218792 - perf/throughput:3161.841701740023
[36m(TaskRunner pid=272629)[0m step:118 - global_seqlen/min:129029 - global_seqlen/max:129029 - global_seqlen/minmax_diff:0 - global_seqlen/balanced_min:129029 - global_seqlen/balanced_max:129029 - global_seqlen/mean:129029.0 - actor/entropy:0.08997265994548798 - perf/mfu/actor_infer:0.331368903232893 - actor/pg_clipfrac:0.000459859894363035 - actor/ppo_kl:-1.4991601346991956e-05 - actor/pg_clipfrac_lower:0.0 - actor/pg_loss:-0.023787458667356987 - actor/kl_loss:0.012539656658191234 - actor/kl_coef:0.001 - actor/loss:-0.023774929344654083 - actor/grad_norm:0.452400803565979 - actor/perf/max_memory_allocated_gb:57.544068813323975 - actor/perf/max_memory_reserved_gb:76.59375 - actor/perf/cpu_memory_used_gb:22.346450805664062 - actor/lr:1e-06 - perf/mfu/actor:0.2598819293625166 - training/global_step:118 - training/epoch:0 - critic/score/mean:0.515625 - critic/score/max:1.0 - critic/score/min:0.0 - critic/rewards/mean:0.515625 - critic/rewards/max:1.0 - critic/rewards/min:0.0 - critic/advantages/mean:0.023832013830542564 - critic/advantages/max:2.4748666286468506 - critic/advantages/min:-2.4748666286468506 - critic/returns/mean:0.023832013830542564 - critic/returns/max:2.4748666286468506 - critic/returns/min:-2.4748666286468506 - response_length/mean:866.7890625 - response_length/max:2048.0 - response_length/min:200.0 - response_length/clip_ratio:0.046875 - response_length_non_aborted/mean:866.7890625 - response_length_non_aborted/max:2048.0 - response_length_non_aborted/min:200.0 - response_length_non_aborted/clip_ratio:0.046875 - response/aborted_ratio:0.0 - prompt_length/mean:141.25 - prompt_length/max:632.0 - prompt_length/min:63.0 - prompt_length/clip_ratio:0.0 - num_turns/min:2 - num_turns/max:2 - num_turns/mean:2.0 - timing_s/start_profile:7.481873035430908e-05 - timing_s/agent_loop/num_preempted/min:-1 - timing_s/agent_loop/num_preempted/max:-1 - timing_s/agent_loop/num_preempted/mean:-1.0 - timing_s/agent_loop/generate_sequences/min:1.3313766065984964 - timing_s/agent_loop/generate_sequences/max:10.156303352676332 - timing_s/agent_loop/generate_sequences/mean:5.037987103460182 - timing_s/agent_loop/tool_calls/min:0.0 - timing_s/agent_loop/tool_calls/max:0.0 - timing_s/agent_loop/tool_calls/mean:0.0 - timing_s/agent_loop/compute_score/min:0.004702160134911537 - timing_s/agent_loop/compute_score/max:0.013809243217110634 - timing_s/agent_loop/compute_score/mean:0.006125651874754112 - timing_s/agent_loop/slowest/generate_sequences:10.156303352676332 - timing_s/agent_loop/slowest/tool_calls:0.0 - timing_s/agent_loop/slowest/compute_score:0.006946476176381111 - timing_s/agent_loop/slowest/num_preempted:-1 - timing_s/agent_loop/slowest/prompt_length:128 - timing_s/agent_loop/slowest/response_length:2048 - timing_s/gen:10.721897517330945 - timing_s/reward:1.6159377992153168e-05 - timing_s/old_log_prob:3.2057848628610373 - timing_s/ref:8.516662487760186 - timing_s/adv:0.003687480464577675 - timing_s/update_actor:10.69308344181627 - timing_s/update_weights:1.2599316760897636 - timing_s/step:34.451051911339164 - timing_s/stop_profile:7.866974920034409e-05 - timing_per_token_ms/update_actor:0.08287348922967915 - timing_per_token_ms/adv:2.8578695212531098e-05 - timing_per_token_ms/ref:0.06600580092661484 - timing_per_token_ms/gen:0.0966380726039076 - perf/total_num_tokens:129029 - perf/time_per_step:34.451051911339164 - perf/throughput:3745.2847690125714
[36m(TaskRunner pid=272629)[0m Training Progress:  60%|█████▉    | 119/200 [1:01:34<41:46, 30.95s/it]
[36m(WorkerDict pid=273039)[0m INFO:2026-07-28 16:58:03,150:update_weights done, time cost: 0.52s
[36m(TaskRunner pid=272629)[0m Training Progress:  60%|██████    | 120/200 [1:02:03<40:43, 30.54s/it]
[36m(WorkerDict pid=273039)[0m INFO:2026-07-28 16:58:36,809:update_weights done, time cost: 0.51s
[36m(TaskRunner pid=272629)[0m step:119 - global_seqlen/min:99838 - global_seqlen/max:99838 - global_seqlen/minmax_diff:0 - global_seqlen/balanced_min:99838 - global_seqlen/balanced_max:99838 - global_seqlen/mean:99838.0 - actor/entropy:0.10958129912614822 - perf/mfu/actor_infer:0.3126150977545792 - actor/pg_clipfrac:0.00021370941067289095 - actor/ppo_kl:-4.304161052459676e-05 - actor/pg_clipfrac_lower:0.0 - actor/pg_loss:0.012878493987955153 - actor/kl_loss:0.013961632808786817 - actor/kl_coef:0.001 - actor/loss:0.012892460450530052 - actor/grad_norm:0.377456933259964 - actor/perf/max_memory_allocated_gb:57.544068813323975 - actor/perf/max_memory_reserved_gb:76.59375 - actor/perf/cpu_memory_used_gb:22.296571731567383 - actor/lr:1e-06 - perf/mfu/actor:0.24186909294050624 - training/global_step:119 - training/epoch:0 - critic/score/mean:0.5703125 - critic/score/max:1.0 - critic/score/min:0.0 - critic/rewards/mean:0.5703125 - critic/rewards/max:1.0 - critic/rewards/min:0.0 - critic/advantages/mean:-0.012692003510892391 - critic/advantages/max:2.4748666286468506 - critic/advantages/min:-0.7245674133300781 - critic/returns/mean:-0.012692003510892391 - critic/returns/max:2.4748666286468506 - critic/returns/min:-0.7245674133300781 - response_length/mean:640.484375 - response_length/max:1556.0 - response_length/min:186.0 - response_length/clip_ratio:0.0 - response_length_non_aborted/mean:640.484375 - response_length_non_aborted/max:1556.0 - response_length_non_aborted/min:186.0 - response_length_non_aborted/clip_ratio:0.0 - response/aborted_ratio:0.0 - prompt_length/mean:139.5 - prompt_length/max:399.0 - prompt_length/min:51.0 - prompt_length/clip_ratio:0.0 - num_turns/min:2 - num_turns/max:2 - num_turns/mean:2.0 - timing_s/start_profile:7.325876504182816e-05 - timing_s/agent_loop/num_preempted/min:-1 - timing_s/agent_loop/num_preempted/max:-1 - timing_s/agent_loop/num_preempted/mean:-1.0 - timing_s/agent_loop/generate_sequences/min:1.2314589200541377 - timing_s/agent_loop/generate_sequences/max:7.575223810970783 - timing_s/agent_loop/generate_sequences/mean:3.7545204202688183 - timing_s/agent_loop/tool_calls/min:0.0 - timing_s/agent_loop/tool_calls/max:0.0 - timing_s/agent_loop/tool_calls/mean:0.0 - timing_s/agent_loop/compute_score/min:0.004442153498530388 - timing_s/agent_loop/compute_score/max:0.009191261604428291 - timing_s/agent_loop/compute_score/mean:0.00591283254470909 - timing_s/agent_loop/slowest/generate_sequences:7.575223810970783 - timing_s/agent_loop/slowest/tool_calls:0.0 - timing_s/agent_loop/slowest/compute_score:0.006998824886977673 - timing_s/agent_loop/slowest/num_preempted:-1 - timing_s/agent_loop/slowest/prompt_length:283 - timing_s/agent_loop/slowest/response_length:1556 - timing_s/gen:8.165367995388806 - timing_s/reward:1.7249956727027893e-05 - timing_s/old_log_prob:2.3498949324712157 - timing_s/ref:8.381212323904037 - timing_s/adv:0.003688880242407322 - timing_s/update_actor:8.886269746348262 - timing_s/update_weights:1.2426493354141712 - timing_s/step:29.07961111329496 - timing_s/stop_profile:8.989963680505753e-05 - timing_per_token_ms/update_actor:0.08900688862305196 - timing_per_token_ms/adv:3.694865925206156e-05 - timing_per_token_ms/ref:0.08394811919213163 - timing_per_token_ms/gen:0.09959952179001251 - perf/total_num_tokens:99838 - perf/time_per_step:29.07961111329496 - perf/throughput:3433.2646200469608
[36m(TaskRunner pid=272629)[0m step:120 - global_seqlen/min:88765 - global_seqlen/max:88765 - global_seqlen/minmax_diff:0 - global_seqlen/balanced_min:88765 - global_seqlen/balanced_max:88765 - global_seqlen/mean:88765.0 - actor/entropy:0.07266790419816971 - perf/mfu/actor_infer:0.30267366203997886 - actor/pg_clipfrac:0.0005784269415016752 - actor/ppo_kl:1.8479766595191904e-05 - actor/pg_clipfrac_lower:0.0 - actor/pg_loss:-0.004653412790503353 - actor/kl_loss:0.013468829289195128 - actor/kl_coef:0.001 - actor/loss:-0.004639938473701477 - actor/grad_norm:0.4761790484189987 - actor/perf/max_memory_allocated_gb:57.544068813323975 - actor/perf/max_memory_reserved_gb:76.59375 - actor/perf/cpu_memory_used_gb:22.349929809570312 - actor/lr:1e-06 - perf/mfu/actor:0.23398960509923294 - training/global_step:120 - training/epoch:0 - critic/score/mean:0.7265625 - critic/score/max:1.0 - critic/score/min:0.0 - critic/rewards/mean:0.7265625 - critic/rewards/max:1.0 - critic/rewards/min:0.0 - critic/advantages/mean:0.005634521134197712 - critic/advantages/max:1.6201815605163574 - critic/advantages/min:-2.4748666286468506 - critic/returns/mean:0.005634521134197712 - critic/returns/max:1.6201815605163574 - critic/returns/min:-2.4748666286468506 - response_length/mean:606.4140625 - response_length/max:2048.0 - response_length/min:187.0 - response_length/clip_ratio:0.0078125 - response_length_non_aborted/mean:606.4140625 - response_length_non_aborted/max:2048.0 - response_length_non_aborted/min:187.0 - response_length_non_aborted/clip_ratio:0.0078125 - response/aborted_ratio:0.0 - prompt_length/mean:87.0625 - prompt_length/max:155.0 - prompt_length/min:64.0 - prompt_length/clip_ratio:0.0 - num_turns/min:2 - num_turns/max:2 - num_turns/mean:2.0 - timing_s/start_profile:7.577892392873764e-05 - timing_s/agent_loop/num_preempted/min:-1 - timing_s/agent_loop/num_preempted/max:-1 - timing_s/agent_loop/num_preempted/mean:-1.0 - timing_s/agent_loop/generate_sequences/min:1.1961510721594095 - timing_s/agent_loop/generate_sequences/max:9.056301805190742 - timing_s/agent_loop/generate_sequences/mean:3.528098183996917 - timing_s/agent_loop/tool_calls/min:0.0 - timing_s/agent_loop/tool_calls/max:0.0 - timing_s/agent_loop/tool_calls/mean:0.0 - timing_s/agent_loop/compute_score/min:0.004310733638703823 - timing_s/agent_loop/compute_score/max:0.013172188773751259 - timing_s/agent_loop/compute_score/mean:0.005852773036167491 - timing_s/agent_loop/slowest/generate_sequences:9.056301805190742 - timing_s/agent_loop/slowest/tool_calls:0.0 - timing_s/agent_loop/slowest/compute_score:0.008302250877022743 - timing_s/agent_loop/slowest/num_preempted:-1 - timing_s/agent_loop/slowest/prompt_length:95 - timing_s/agent_loop/slowest/response_length:2048 - timing_s/gen:9.631600791588426 - timing_s/reward:1.6829930245876312e-05 - timing_s/old_log_prob:2.1554704401642084 - timing_s/ref:8.326769651845098 - timing_s/adv:0.0037242500111460686 - timing_s/update_actor:8.159646154381335 - timing_s/update_weights:1.2490736581385136 - timing_s/step:29.577088912948966 - timing_s/stop_profile:7.769931107759476e-05 - timing_per_token_ms/update_actor:0.09192413850483112 - timing_per_token_ms/adv:4.195628920347061e-05 - timing_per_token_ms/ref:0.09380690195285414 - timing_per_token_ms/gen:0.12408498720176789 - perf/total_num_tokens:88765 - perf/time_per_step:29.577088912948966 - perf/throughput:3001.1405199900632
[36m(TaskRunner pid=272629)[0m Training Progress:  60%|██████    | 121/200 [1:02:37<41:26, 31.47s/it]
[36m(WorkerDict pid=273039)[0m INFO:2026-07-28 16:59:07,518:update_weights done, time cost: 0.52s
[36m(TaskRunner pid=272629)[0m Training Progress:  61%|██████    | 122/200 [1:03:08<40:37, 31.25s/it]
[36m(WorkerDict pid=273039)[0m INFO:2026-07-28 16:59:38,641:update_weights done, time cost: 0.53s
[36m(TaskRunner pid=272629)[0m step:121 - global_seqlen/min:126476 - global_seqlen/max:126476 - global_seqlen/minmax_diff:0 - global_seqlen/balanced_min:126476 - global_seqlen/balanced_max:126476 - global_seqlen/mean:126476.0 - actor/entropy:0.10414206236600876 - perf/mfu/actor_infer:0.32956097443497645 - actor/pg_clipfrac:0.00046541199890270946 - actor/ppo_kl:7.655525232408422e-05 - actor/pg_clipfrac_lower:0.0 - actor/pg_loss:0.03323580354481237 - actor/kl_loss:0.012980863626580685 - actor/kl_coef:0.001 - actor/loss:0.0332487840205431 - actor/grad_norm:0.38542115688323975 - actor/perf/max_memory_allocated_gb:57.544068813323975 - actor/perf/max_memory_reserved_gb:76.59375 - actor/perf/cpu_memory_used_gb:22.34404182434082 - actor/lr:1e-06 - perf/mfu/actor:0.25997694596983023 - training/global_step:121 - training/epoch:0 - critic/score/mean:0.5703125 - critic/score/max:1.0 - critic/score/min:0.0 - critic/rewards/mean:0.5703125 - critic/rewards/max:1.0 - critic/rewards/min:0.0 - critic/advantages/mean:-0.033041954040527344 - critic/advantages/max:2.4748666286468506 - critic/advantages/min:-2.4748666286468506 - critic/returns/mean:-0.033041954040527344 - critic/returns/max:2.4748666286468506 - critic/returns/min:-2.4748666286468506 - response_length/mean:835.59375 - response_length/max:2048.0 - response_length/min:282.0 - response_length/clip_ratio:0.015625 - response_length_non_aborted/mean:835.59375 - response_length_non_aborted/max:2048.0 - response_length_non_aborted/min:282.0 - response_length_non_aborted/clip_ratio:0.015625 - response/aborted_ratio:0.0 - prompt_length/mean:152.5 - prompt_length/max:346.0 - prompt_length/min:68.0 - prompt_length/clip_ratio:0.0 - num_turns/min:2 - num_turns/max:2 - num_turns/mean:2.0 - timing_s/start_profile:7.754843682050705e-05 - timing_s/agent_loop/num_preempted/min:-1 - timing_s/agent_loop/num_preempted/max:-1 - timing_s/agent_loop/num_preempted/mean:-1.0 - timing_s/agent_loop/generate_sequences/min:1.843732357956469 - timing_s/agent_loop/generate_sequences/max:10.017061484977603 - timing_s/agent_loop/generate_sequences/mean:4.921122804989864 - timing_s/agent_loop/tool_calls/min:0.0 - timing_s/agent_loop/tool_calls/max:0.0 - timing_s/agent_loop/tool_calls/mean:0.0 - timing_s/agent_loop/compute_score/min:0.0035008229315280914 - timing_s/agent_loop/compute_score/max:0.008217972703278065 - timing_s/agent_loop/compute_score/mean:0.005969380683382042 - timing_s/agent_loop/slowest/generate_sequences:10.017061484977603 - timing_s/agent_loop/slowest/tool_calls:0.0 - timing_s/agent_loop/slowest/compute_score:0.006410742178559303 - timing_s/agent_loop/slowest/num_preempted:-1 - timing_s/agent_loop/slowest/prompt_length:277 - timing_s/agent_loop/slowest/response_length:2048 - timing_s/gen:10.590280293487012 - timing_s/reward:1.659989356994629e-05 - timing_s/old_log_prob:2.8033619662746787 - timing_s/ref:8.490986508317292 - timing_s/adv:0.003703550435602665 - timing_s/update_actor:10.473917610011995 - timing_s/update_weights:1.2331594033166766 - timing_s/step:33.64578908216208 - timing_s/stop_profile:8.246954530477524e-05 - timing_per_token_ms/update_actor:0.08281347931632875 - timing_per_token_ms/adv:2.928263414088574e-05 - timing_per_token_ms/ref:0.0671351600961233 - timing_per_token_ms/gen:0.09901529875357168 - perf/total_num_tokens:126476 - perf/time_per_step:33.64578908216208 - perf/throughput:3759.0439532016658
[36m(TaskRunner pid=272629)[0m step:122 - global_seqlen/min:98894 - global_seqlen/max:98894 - global_seqlen/minmax_diff:0 - global_seqlen/balanced_min:98894 - global_seqlen/balanced_max:98894 - global_seqlen/mean:98894.0 - actor/entropy:0.09413167089223862 - perf/mfu/actor_infer:0.3132600742702119 - actor/pg_clipfrac:0.0003822383832812193 - actor/ppo_kl:2.472791095442517e-05 - actor/pg_clipfrac_lower:0.0 - actor/pg_loss:-0.006462631528847851 - actor/kl_loss:0.01244310347829014 - actor/kl_coef:0.001 - actor/loss:-0.006450185552239418 - actor/grad_norm:0.39309659600257874 - actor/perf/max_memory_allocated_gb:57.544068813323975 - actor/perf/max_memory_reserved_gb:76.59375 - actor/perf/cpu_memory_used_gb:22.36417579650879 - actor/lr:1e-06 - perf/mfu/actor:0.24262069660034552 - training/global_step:122 - training/epoch:0 - critic/score/mean:0.640625 - critic/score/max:1.0 - critic/score/min:0.0 - critic/rewards/mean:0.640625 - critic/rewards/max:1.0 - critic/rewards/min:0.0 - critic/advantages/mean:0.0067191459238529205 - critic/advantages/max:2.4748666286468506 - critic/advantages/min:-1.6201815605163574 - critic/returns/mean:0.0067191459238529205 - critic/returns/max:2.4748666286468506 - critic/returns/min:-1.6201815605163574 - response_length/mean:674.671875 - response_length/max:2048.0 - response_length/min:178.0 - response_length/clip_ratio:0.0234375 - response_length_non_aborted/mean:674.671875 - response_length_non_aborted/max:2048.0 - response_length_non_aborted/min:178.0 - response_length_non_aborted/clip_ratio:0.0234375 - response/aborted_ratio:0.0 - prompt_length/mean:97.9375 - prompt_length/max:164.0 - prompt_length/min:58.0 - prompt_length/clip_ratio:0.0 - num_turns/min:2 - num_turns/max:2 - num_turns/mean:2.0 - timing_s/start_profile:7.331930100917816e-05 - timing_s/agent_loop/num_preempted/min:-1 - timing_s/agent_loop/num_preempted/max:-1 - timing_s/agent_loop/num_preempted/mean:-1.0 - timing_s/agent_loop/generate_sequences/min:1.165778424590826 - timing_s/agent_loop/generate_sequences/max:9.358915623277426 - timing_s/agent_loop/generate_sequences/mean:3.7977395126290503 - timing_s/agent_loop/tool_calls/min:0.0 - timing_s/agent_loop/tool_calls/max:0.0 - timing_s/agent_loop/tool_calls/mean:0.0 - timing_s/agent_loop/compute_score/min:0.004147266037762165 - timing_s/agent_loop/compute_score/max:0.008660857565701008 - timing_s/agent_loop/compute_score/mean:0.005753383913543075 - timing_s/agent_loop/slowest/generate_sequences:9.358915623277426 - timing_s/agent_loop/slowest/tool_calls:0.0 - timing_s/agent_loop/slowest/compute_score:0.005709689110517502 - timing_s/agent_loop/slowest/num_preempted:-1 - timing_s/agent_loop/slowest/prompt_length:113 - timing_s/agent_loop/slowest/response_length:2048 - timing_s/gen:9.941401713527739 - timing_s/reward:1.7169862985610962e-05 - timing_s/old_log_prob:2.3188558844849467 - timing_s/ref:8.365946269594133 - timing_s/adv:0.003626011312007904 - timing_s/update_actor:8.775486596859992 - timing_s/update_weights:1.2628342090174556 - timing_s/step:30.718639004975557 - timing_s/stop_profile:7.988885045051575e-05 - timing_per_token_ms/update_actor:0.08873628932857394 - timing_per_token_ms/adv:3.666563504366194e-05 - timing_per_token_ms/ref:0.08459508432861582 - timing_per_token_ms/gen:0.11511848020481877 - perf/total_num_tokens:98894 - perf/time_per_step:30.718639004975557 - perf/throughput:3219.348356676282
[36m(TaskRunner pid=272629)[0m Training Progress:  62%|██████▏   | 123/200 [1:03:39<40:03, 31.22s/it]
[36m(WorkerDict pid=273039)[0m INFO:2026-07-28 17:00:11,097:update_weights done, time cost: 0.53s
[36m(TaskRunner pid=272629)[0m Training Progress:  62%|██████▏   | 124/200 [1:04:11<40:00, 31.58s/it]
[36m(WorkerDict pid=273039)[0m INFO:2026-07-28 17:00:42,303:update_weights done, time cost: 0.52s
[36m(TaskRunner pid=272629)[0m step:123 - global_seqlen/min:100168 - global_seqlen/max:100168 - global_seqlen/minmax_diff:0 - global_seqlen/balanced_min:100168 - global_seqlen/balanced_max:100168 - global_seqlen/mean:100168.0 - actor/entropy:0.10822609812021255 - perf/mfu/actor_infer:0.31406402702095376 - actor/pg_clipfrac:0.00015202268969005672 - actor/ppo_kl:0.00018367685152043123 - actor/pg_clipfrac_lower:0.0 - actor/pg_loss:0.00703759107273072 - actor/kl_loss:0.014836629416095093 - actor/kl_coef:0.001 - actor/loss:0.0070524271577596664 - actor/grad_norm:0.2676694542169571 - actor/perf/max_memory_allocated_gb:57.544068813323975 - actor/perf/max_memory_reserved_gb:76.59375 - actor/perf/cpu_memory_used_gb:22.36859703063965 - actor/lr:1e-06 - perf/mfu/actor:0.24432528288634794 - training/global_step:123 - training/epoch:0 - critic/score/mean:0.5078125 - critic/score/max:1.0 - critic/score/min:0.0 - critic/rewards/mean:0.5078125 - critic/rewards/max:1.0 - critic/rewards/min:0.0 - critic/advantages/mean:-0.006734863389283419 - critic/advantages/max:2.4748666286468506 - critic/advantages/min:-1.6201815605163574 - critic/returns/mean:-0.006734863389283419 - critic/returns/max:2.4748666286468506 - critic/returns/min:-1.6201815605163574 - response_length/mean:671.625 - response_length/max:2048.0 - response_length/min:268.0 - response_length/clip_ratio:0.0078125 - response_length_non_aborted/mean:671.625 - response_length_non_aborted/max:2048.0 - response_length_non_aborted/min:268.0 - response_length_non_aborted/clip_ratio:0.0078125 - response/aborted_ratio:0.0 - prompt_length/mean:110.9375 - prompt_length/max:197.0 - prompt_length/min:69.0 - prompt_length/clip_ratio:0.0 - num_turns/min:2 - num_turns/max:2 - num_turns/mean:2.0 - timing_s/start_profile:6.987899541854858e-05 - timing_s/agent_loop/num_preempted/min:-1 - timing_s/agent_loop/num_preempted/max:-1 - timing_s/agent_loop/num_preempted/mean:-1.0 - timing_s/agent_loop/generate_sequences/min:1.6965965824201703 - timing_s/agent_loop/generate_sequences/max:9.33169189747423 - timing_s/agent_loop/generate_sequences/mean:3.800402391963871 - timing_s/agent_loop/tool_calls/min:0.0 - timing_s/agent_loop/tool_calls/max:0.0 - timing_s/agent_loop/tool_calls/mean:0.0 - timing_s/agent_loop/compute_score/min:0.004117676056921482 - timing_s/agent_loop/compute_score/max:0.013465155847370625 - timing_s/agent_loop/compute_score/mean:0.005886251885385718 - timing_s/agent_loop/slowest/generate_sequences:9.33169189747423 - timing_s/agent_loop/slowest/tool_calls:0.0 - timing_s/agent_loop/slowest/compute_score:0.008065353147685528 - timing_s/agent_loop/slowest/num_preempted:-1 - timing_s/agent_loop/slowest/prompt_length:162 - timing_s/agent_loop/slowest/response_length:2048 - timing_s/gen:9.923608749173582 - timing_s/reward:1.71000137925148e-05 - timing_s/old_log_prob:2.338414161466062 - timing_s/ref:8.715803840197623 - timing_s/adv:0.0036362409591674805 - timing_s/update_actor:8.81991861294955 - timing_s/update_weights:1.2873601503670216 - timing_s/step:31.139324822463095 - timing_s/stop_profile:7.848907262086868e-05 - timing_per_token_ms/update_actor:0.08805126001267422 - timing_per_token_ms/adv:3.6301423200697634e-05 - timing_per_token_ms/ref:0.08701185847973028 - timing_per_token_ms/gen:0.1154337515025775 - perf/total_num_tokens:100168 - perf/time_per_step:31.139324822463095 - perf/throughput:3216.768525685612
[36m(TaskRunner pid=272629)[0m step:124 - global_seqlen/min:115048 - global_seqlen/max:115048 - global_seqlen/minmax_diff:0 - global_seqlen/balanced_min:115048 - global_seqlen/balanced_max:115048 - global_seqlen/mean:115048.0 - actor/entropy:0.09482455253601074 - perf/mfu/actor_infer:0.32404592380438085 - actor/pg_clipfrac:0.000532198823748331 - actor/ppo_kl:3.2512611767288035e-05 - actor/pg_clipfrac_lower:0.0 - actor/pg_loss:0.029533353867009282 - actor/kl_loss:0.01174066924068029 - actor/kl_coef:0.001 - actor/loss:0.029545094817876816 - actor/grad_norm:0.45360730588436127 - actor/perf/max_memory_allocated_gb:57.544068813323975 - actor/perf/max_memory_reserved_gb:76.59375 - actor/perf/cpu_memory_used_gb:22.374547958374023 - actor/lr:1e-06 - perf/mfu/actor:0.25368572619615715 - training/global_step:124 - training/epoch:0 - critic/score/mean:0.5625 - critic/score/max:1.0 - critic/score/min:0.0 - critic/rewards/mean:0.5625 - critic/rewards/max:1.0 - critic/rewards/min:0.0 - critic/advantages/mean:-0.0283858310431242 - critic/advantages/max:2.4748666286468506 - critic/advantages/min:-1.6201815605163574 - critic/returns/mean:-0.0283858310431242 - critic/returns/max:2.4748666286468506 - critic/returns/min:-1.6201815605163574 - response_length/mean:784.5625 - response_length/max:2048.0 - response_length/min:236.0 - response_length/clip_ratio:0.015625 - response_length_non_aborted/mean:784.5625 - response_length_non_aborted/max:2048.0 - response_length_non_aborted/min:236.0 - response_length_non_aborted/clip_ratio:0.015625 - response/aborted_ratio:0.0 - prompt_length/mean:114.25 - prompt_length/max:245.0 - prompt_length/min:68.0 - prompt_length/clip_ratio:0.0 - num_turns/min:2 - num_turns/max:2 - num_turns/mean:2.0 - timing_s/start_profile:3.231968730688095e-05 - timing_s/agent_loop/num_preempted/min:-1 - timing_s/agent_loop/num_preempted/max:-1 - timing_s/agent_loop/num_preempted/mean:-1.0 - timing_s/agent_loop/generate_sequences/min:1.5014349427074194 - timing_s/agent_loop/generate_sequences/max:9.737082886509597 - timing_s/agent_loop/generate_sequences/mean:4.551560390427767 - timing_s/agent_loop/tool_calls/min:0.0 - timing_s/agent_loop/tool_calls/max:0.0 - timing_s/agent_loop/tool_calls/mean:0.0 - timing_s/agent_loop/compute_score/min:0.004601610824465752 - timing_s/agent_loop/compute_score/max:0.015833781100809574 - timing_s/agent_loop/compute_score/mean:0.005897615250432864 - timing_s/agent_loop/slowest/generate_sequences:9.737082886509597 - timing_s/agent_loop/slowest/tool_calls:0.0 - timing_s/agent_loop/slowest/compute_score:0.007403670810163021 - timing_s/agent_loop/slowest/num_preempted:-1 - timing_s/agent_loop/slowest/prompt_length:108 - timing_s/agent_loop/slowest/response_length:2048 - timing_s/gen:10.315492114983499 - timing_s/reward:1.9010156393051147e-05 - timing_s/old_log_prob:2.6032452769577503 - timing_s/ref:8.43816145695746 - timing_s/adv:0.0037278998643159866 - timing_s/update_actor:9.75264307577163 - timing_s/update_weights:1.2679291414096951 - timing_s/step:32.4332364005968 - timing_s/stop_profile:8.961837738752365e-05 - timing_per_token_ms/update_actor:0.08477020961487057 - timing_per_token_ms/adv:3.240299583057495e-05 - timing_per_token_ms/ref:0.073344703575529 - timing_per_token_ms/gen:0.10271939093228212 - perf/total_num_tokens:115048 - perf/time_per_step:32.4332364005968 - perf/throughput:3547.225401097592
[36m(TaskRunner pid=272629)[0m Training Progress:  62%|██████▎   | 125/200 [1:04:43<39:20, 31.47s/it]
[36m(WorkerDict pid=273039)[0m INFO:2026-07-28 17:01:14,505:update_weights done, time cost: 0.51s
[36m(TaskRunner pid=272629)[0m Training Progress:  63%|██████▎   | 126/200 [1:05:15<39:04, 31.68s/it]
[36m(WorkerDict pid=273039)[0m INFO:2026-07-28 17:01:45,078:update_weights done, time cost: 0.50s
[36m(TaskRunner pid=272629)[0m step:125 - global_seqlen/min:101119 - global_seqlen/max:101119 - global_seqlen/minmax_diff:0 - global_seqlen/balanced_min:101119 - global_seqlen/balanced_max:101119 - global_seqlen/mean:101119.0 - actor/entropy:0.10041182488203049 - perf/mfu/actor_infer:0.31294297195853815 - actor/pg_clipfrac:0.00052564619545592 - actor/ppo_kl:-6.34604850802134e-05 - actor/pg_clipfrac_lower:0.0 - actor/pg_loss:0.04118062234920217 - actor/kl_loss:0.012319236040639225 - actor/kl_coef:0.001 - actor/loss:0.04119294509291649 - actor/grad_norm:0.4519285708665848 - actor/perf/max_memory_allocated_gb:57.544068813323975 - actor/perf/max_memory_reserved_gb:76.59375 - actor/perf/cpu_memory_used_gb:22.29367446899414 - actor/lr:1e-06 - perf/mfu/actor:0.24309392644119468 - training/global_step:125 - training/epoch:1 - critic/score/mean:0.5703125 - critic/score/max:1.0 - critic/score/min:0.0 - critic/rewards/mean:0.5703125 - critic/rewards/max:1.0 - critic/rewards/min:0.0 - critic/advantages/mean:-0.041238315403461456 - critic/advantages/max:1.20761239528656 - critic/advantages/min:-2.4748666286468506 - critic/returns/mean:-0.041238315403461456 - critic/returns/max:1.20761239528656 - critic/returns/min:-2.4748666286468506 - response_length/mean:686.3671875 - response_length/max:2048.0 - response_length/min:195.0 - response_length/clip_ratio:0.015625 - response_length_non_aborted/mean:686.3671875 - response_length_non_aborted/max:2048.0 - response_length_non_aborted/min:195.0 - response_length_non_aborted/clip_ratio:0.015625 - response/aborted_ratio:0.0 - prompt_length/mean:103.625 - prompt_length/max:202.0 - prompt_length/min:60.0 - prompt_length/clip_ratio:0.0 - num_turns/min:2 - num_turns/max:2 - num_turns/mean:2.0 - timing_s/start_profile:0.00034596677869558334 - timing_s/agent_loop/num_preempted/min:-1 - timing_s/agent_loop/num_preempted/max:-1 - timing_s/agent_loop/num_preempted/mean:-1.0 - timing_s/agent_loop/generate_sequences/min:1.245728767476976 - timing_s/agent_loop/generate_sequences/max:9.359702561981976 - timing_s/agent_loop/generate_sequences/mean:3.873149764011032 - timing_s/agent_loop/tool_calls/min:0.0 - timing_s/agent_loop/tool_calls/max:0.0 - timing_s/agent_loop/tool_calls/mean:0.0 - timing_s/agent_loop/compute_score/min:0.004270005039870739 - timing_s/agent_loop/compute_score/max:0.008548049256205559 - timing_s/agent_loop/compute_score/mean:0.005768209070083685 - timing_s/agent_loop/slowest/generate_sequences:9.359702561981976 - timing_s/agent_loop/slowest/tool_calls:0.0 - timing_s/agent_loop/slowest/compute_score:0.007073204964399338 - timing_s/agent_loop/slowest/num_preempted:-1 - timing_s/agent_loop/slowest/prompt_length:101 - timing_s/agent_loop/slowest/response_length:2048 - timing_s/gen:9.949377630837262 - timing_s/reward:2.4779699742794037e-05 - timing_s/old_log_prob:2.379722901619971 - timing_s/ref:8.367166904732585 - timing_s/adv:0.004346413537859917 - timing_s/update_actor:8.955872030928731 - timing_s/update_weights:1.2570085991173983 - timing_s/step:30.97212971560657 - timing_s/stop_profile:7.629022002220154e-05 - timing_per_token_ms/update_actor:0.08856764832453576 - timing_per_token_ms/adv:4.2983153886608024e-05 - timing_per_token_ms/ref:0.08274574417006285 - timing_per_token_ms/gen:0.11324771078296354 - perf/total_num_tokens:101119 - perf/time_per_step:30.97212971560657 - perf/throughput:3264.8384508426966
[36m(TaskRunner pid=272629)[0m step:126 - global_seqlen/min:112518 - global_seqlen/max:112518 - global_seqlen/minmax_diff:0 - global_seqlen/balanced_min:112518 - global_seqlen/balanced_max:112518 - global_seqlen/mean:112518.0 - actor/entropy:0.11024904251098633 - perf/mfu/actor_infer:0.3215633287908854 - actor/pg_clipfrac:0.00039345283948932774 - actor/ppo_kl:1.7852279484031897e-05 - actor/pg_clipfrac_lower:0.0 - actor/pg_loss:0.012677888269536197 - actor/kl_loss:0.01421376045618672 - actor/kl_coef:0.001 - actor/loss:0.012692101299762726 - actor/grad_norm:0.398803174495697 - actor/perf/max_memory_allocated_gb:57.544068813323975 - actor/perf/max_memory_reserved_gb:76.59375 - actor/perf/cpu_memory_used_gb:22.32255744934082 - actor/lr:1e-06 - perf/mfu/actor:0.25052456660698186 - training/global_step:126 - training/epoch:1 - critic/score/mean:0.3359375 - critic/score/max:1.0 - critic/score/min:0.0 - critic/rewards/mean:0.3359375 - critic/rewards/max:1.0 - critic/rewards/min:0.0 - critic/advantages/mean:-0.014080315828323364 - critic/advantages/max:2.4748666286468506 - critic/advantages/min:-1.6201815605163574 - critic/returns/mean:-0.014080315828323364 - critic/returns/max:2.4748666286468506 - critic/returns/min:-1.6201815605163574 - response_length/mean:749.421875 - response_length/max:2048.0 - response_length/min:192.0 - response_length/clip_ratio:0.0078125 - response_length_non_aborted/mean:749.421875 - response_length_non_aborted/max:2048.0 - response_length_non_aborted/min:192.0 - response_length_non_aborted/clip_ratio:0.0078125 - response/aborted_ratio:0.0 - prompt_length/mean:129.625 - prompt_length/max:302.0 - prompt_length/min:75.0 - prompt_length/clip_ratio:0.0 - num_turns/min:2 - num_turns/max:2 - num_turns/mean:2.0 - timing_s/start_profile:7.77198001742363e-05 - timing_s/agent_loop/num_preempted/min:-1 - timing_s/agent_loop/num_preempted/max:-1 - timing_s/agent_loop/num_preempted/mean:-1.0 - timing_s/agent_loop/generate_sequences/min:1.2519132643938065 - timing_s/agent_loop/generate_sequences/max:9.672558460384607 - timing_s/agent_loop/generate_sequences/mean:4.266708472270693 - timing_s/agent_loop/tool_calls/min:0.0 - timing_s/agent_loop/tool_calls/max:0.0 - timing_s/agent_loop/tool_calls/mean:0.0 - timing_s/agent_loop/compute_score/min:0.004626310430467129 - timing_s/agent_loop/compute_score/max:0.008314451202750206 - timing_s/agent_loop/compute_score/mean:0.005822750572406221 - timing_s/agent_loop/slowest/generate_sequences:9.672558460384607 - timing_s/agent_loop/slowest/tool_calls:0.0 - timing_s/agent_loop/slowest/compute_score:0.008314451202750206 - timing_s/agent_loop/slowest/num_preempted:-1 - timing_s/agent_loop/slowest/prompt_length:118 - timing_s/agent_loop/slowest/response_length:2048 - timing_s/gen:10.247113392688334 - timing_s/reward:1.729000359773636e-05 - timing_s/old_log_prob:2.564352484419942 - timing_s/ref:8.429931143298745 - timing_s/adv:0.0014448640868067741 - timing_s/update_actor:9.65112464223057 - timing_s/update_weights:1.2290266212075949 - timing_s/step:32.17360861599445 - timing_s/stop_profile:9.467918425798416e-05 - timing_per_token_ms/update_actor:0.08577405074948515 - timing_per_token_ms/adv:1.284118173809323e-05 - timing_per_token_ms/ref:0.07492073395633361 - timing_per_token_ms/gen:0.10682310731906192 - perf/total_num_tokens:112518 - perf/time_per_step:32.17360861599445 - perf/throughput:3497.214171495328
[36m(TaskRunner pid=272629)[0m Training Progress:  64%|██████▎   | 127/200 [1:05:45<38:08, 31.35s/it]
[36m(WorkerDict pid=273039)[0m INFO:2026-07-28 17:02:17,627:update_weights done, time cost: 0.54s
[36m(TaskRunner pid=272629)[0m Training Progress:  64%|██████▍   | 128/200 [1:06:18<38:03, 31.72s/it]
[36m(WorkerDict pid=273039)[0m INFO:2026-07-28 17:02:49,311:update_weights done, time cost: 0.54s
[36m(TaskRunner pid=272629)[0m step:127 - global_seqlen/min:99077 - global_seqlen/max:99077 - global_seqlen/minmax_diff:0 - global_seqlen/balanced_min:99077 - global_seqlen/balanced_max:99077 - global_seqlen/mean:99077.0 - actor/entropy:0.09168009459972382 - perf/mfu/actor_infer:0.31516858269200726 - actor/pg_clipfrac:0.000519583581990446 - actor/ppo_kl:2.715774067496568e-05 - actor/pg_clipfrac_lower:0.0 - actor/pg_loss:0.06337465363321826 - actor/kl_loss:0.01580684033979196 - actor/kl_coef:0.001 - actor/loss:0.06339046359062195 - actor/grad_norm:0.481950581073761 - actor/perf/max_memory_allocated_gb:57.544068813323975 - actor/perf/max_memory_reserved_gb:76.59375 - actor/perf/cpu_memory_used_gb:22.35148811340332 - actor/lr:1e-06 - perf/mfu/actor:0.24287202292302384 - training/global_step:127 - training/epoch:1 - critic/score/mean:0.6796875 - critic/score/max:1.0 - critic/score/min:0.0 - critic/rewards/mean:0.6796875 - critic/rewards/max:1.0 - critic/rewards/min:0.0 - critic/advantages/mean:-0.06465789675712585 - critic/advantages/max:1.20761239528656 - critic/advantages/min:-1.6201815605163574 - critic/returns/mean:-0.06465789675712585 - critic/returns/max:1.20761239528656 - critic/returns/min:-1.6201815605163574 - response_length/mean:643.8515625 - response_length/max:2048.0 - response_length/min:236.0 - response_length/clip_ratio:0.015625 - response_length_non_aborted/mean:643.8515625 - response_length_non_aborted/max:2048.0 - response_length_non_aborted/min:236.0 - response_length_non_aborted/clip_ratio:0.015625 - response/aborted_ratio:0.0 - prompt_length/mean:130.1875 - prompt_length/max:349.0 - prompt_length/min:65.0 - prompt_length/clip_ratio:0.0 - num_turns/min:2 - num_turns/max:2 - num_turns/mean:2.0 - timing_s/start_profile:7.734913378953934e-05 - timing_s/agent_loop/num_preempted/min:-1 - timing_s/agent_loop/num_preempted/max:-1 - timing_s/agent_loop/num_preempted/mean:-1.0 - timing_s/agent_loop/generate_sequences/min:1.5200532134622335 - timing_s/agent_loop/generate_sequences/max:9.260479242540896 - timing_s/agent_loop/generate_sequences/mean:3.7280453842904535 - timing_s/agent_loop/tool_calls/min:0.0 - timing_s/agent_loop/tool_calls/max:0.0 - timing_s/agent_loop/tool_calls/mean:0.0 - timing_s/agent_loop/compute_score/min:0.004337472841143608 - timing_s/agent_loop/compute_score/max:0.010709436610341072 - timing_s/agent_loop/compute_score/mean:0.005731550438213162 - timing_s/agent_loop/slowest/generate_sequences:9.260479242540896 - timing_s/agent_loop/slowest/tool_calls:0.0 - timing_s/agent_loop/slowest/compute_score:0.007693568244576454 - timing_s/agent_loop/slowest/num_preempted:-1 - timing_s/agent_loop/slowest/prompt_length:110 - timing_s/agent_loop/slowest/response_length:2048 - timing_s/gen:9.84362253267318 - timing_s/reward:1.662038266658783e-05 - timing_s/old_log_prob:2.3050939980894327 - timing_s/ref:8.3693130267784 - timing_s/adv:0.0036614108830690384 - timing_s/update_actor:8.77251049503684 - timing_s/update_weights:1.222505383193493 - timing_s/step:30.567007831297815 - timing_s/stop_profile:8.01989808678627e-05 - timing_per_token_ms/update_actor:0.08854235084870192 - timing_per_token_ms/adv:3.695520537631376e-05 - timing_per_token_ms/ref:0.08447281434418079 - timing_per_token_ms/gen:0.11944259440468348 - perf/total_num_tokens:99077 - perf/time_per_step:30.567007831297815 - perf/throughput:3241.305153151243
[36m(TaskRunner pid=272629)[0m step:128 - global_seqlen/min:116447 - global_seqlen/max:116447 - global_seqlen/minmax_diff:0 - global_seqlen/balanced_min:116447 - global_seqlen/balanced_max:116447 - global_seqlen/mean:116447.0 - actor/entropy:0.0823383778333664 - perf/mfu/actor_infer:0.3265667684673152 - actor/pg_clipfrac:0.0005791543317172909 - actor/ppo_kl:-1.3482381405083288e-05 - actor/pg_clipfrac_lower:0.0 - actor/pg_loss:0.009014127892442048 - actor/kl_loss:0.012102765816962346 - actor/kl_coef:0.001 - actor/loss:0.009026228450238705 - actor/grad_norm:0.41839900612831116 - actor/perf/max_memory_allocated_gb:57.544068813323975 - actor/perf/max_memory_reserved_gb:76.59375 - actor/perf/cpu_memory_used_gb:22.382829666137695 - actor/lr:1e-06 - perf/mfu/actor:0.2529152312861164 - training/global_step:128 - training/epoch:1 - critic/score/mean:0.5703125 - critic/score/max:1.0 - critic/score/min:0.0 - critic/rewards/mean:0.5703125 - critic/rewards/max:1.0 - critic/rewards/min:0.0 - critic/advantages/mean:-0.009034082293510437 - critic/advantages/max:2.4748666286468506 - critic/advantages/min:-2.4748666286468506 - critic/returns/mean:-0.009034082293510437 - critic/returns/max:2.4748666286468506 - critic/returns/min:-2.4748666286468506 - response_length/mean:762.1171875 - response_length/max:2048.0 - response_length/min:268.0 - response_length/clip_ratio:0.0234375 - response_length_non_aborted/mean:762.1171875 - response_length_non_aborted/max:2048.0 - response_length_non_aborted/min:268.0 - response_length_non_aborted/clip_ratio:0.0234375 - response/aborted_ratio:0.0 - prompt_length/mean:147.625 - prompt_length/max:683.0 - prompt_length/min:57.0 - prompt_length/clip_ratio:0.0 - num_turns/min:2 - num_turns/max:2 - num_turns/mean:2.0 - timing_s/start_profile:7.659941911697388e-05 - timing_s/agent_loop/num_preempted/min:-1 - timing_s/agent_loop/num_preempted/max:-1 - timing_s/agent_loop/num_preempted/mean:-1.0 - timing_s/agent_loop/generate_sequences/min:1.7342153685167432 - timing_s/agent_loop/generate_sequences/max:9.655397300608456 - timing_s/agent_loop/generate_sequences/mean:4.4002546974952566 - timing_s/agent_loop/tool_calls/min:0.0 - timing_s/agent_loop/tool_calls/max:0.0 - timing_s/agent_loop/tool_calls/mean:0.0 - timing_s/agent_loop/compute_score/min:0.003911267966032028 - timing_s/agent_loop/compute_score/max:0.011179119348526001 - timing_s/agent_loop/compute_score/mean:0.00596333181601949 - timing_s/agent_loop/slowest/generate_sequences:9.655397300608456 - timing_s/agent_loop/slowest/tool_calls:0.0 - timing_s/agent_loop/slowest/compute_score:0.0070668235421180725 - timing_s/agent_loop/slowest/num_preempted:-1 - timing_s/agent_loop/slowest/prompt_length:57 - timing_s/agent_loop/slowest/response_length:2048 - timing_s/gen:10.232960652559996 - timing_s/reward:1.667998731136322e-05 - timing_s/old_log_prob:2.605180637910962 - timing_s/ref:8.462064161896706 - timing_s/adv:0.003677300177514553 - timing_s/update_actor:9.924222541972995 - timing_s/update_weights:1.3047703066840768 - timing_s/step:32.582969578914344 - timing_s/stop_profile:7.583852857351303e-05 - timing_per_token_ms/update_actor:0.08522523158151772 - timing_per_token_ms/adv:3.1579174882260193e-05 - timing_per_token_ms/ref:0.07266880350628789 - timing_per_token_ms/gen:0.10489857256778501 - perf/total_num_tokens:116447 - perf/time_per_step:32.582969578914344 - perf/throughput:3573.8608698010507
[36m(TaskRunner pid=272629)[0m Training Progress:  64%|██████▍   | 129/200 [1:06:50<37:31, 31.71s/it]
[36m(WorkerDict pid=273039)[0m INFO:2026-07-28 17:03:18,540:update_weights done, time cost: 0.54s
[36m(TaskRunner pid=272629)[0m Training Progress:  65%|██████▌   | 130/200 [1:07:19<36:07, 30.97s/it]
[36m(WorkerDict pid=273039)[0m INFO:2026-07-28 17:03:48,740:update_weights done, time cost: 0.53s
[36m(TaskRunner pid=272629)[0m step:129 - global_seqlen/min:101806 - global_seqlen/max:101806 - global_seqlen/minmax_diff:0 - global_seqlen/balanced_min:101806 - global_seqlen/balanced_max:101806 - global_seqlen/mean:101806.0 - actor/entropy:0.08181589096784592 - perf/mfu/actor_infer:0.3111899680032716 - actor/pg_clipfrac:0.0004177886585239321 - actor/ppo_kl:-1.2170187574156444e-05 - actor/pg_clipfrac_lower:0.0 - actor/pg_loss:0.007598653202876449 - actor/kl_loss:0.013424221251625568 - actor/kl_coef:0.001 - actor/loss:0.007612079381942749 - actor/grad_norm:0.4446859061717987 - actor/perf/max_memory_allocated_gb:57.544068813323975 - actor/perf/max_memory_reserved_gb:76.59375 - actor/perf/cpu_memory_used_gb:22.549463272094727 - actor/lr:1e-06 - perf/mfu/actor:0.2400508870238716 - training/global_step:129 - training/epoch:1 - critic/score/mean:0.7578125 - critic/score/max:1.0 - critic/score/min:0.0 - critic/rewards/mean:0.7578125 - critic/rewards/max:1.0 - critic/rewards/min:0.0 - critic/advantages/mean:-0.007813071832060814 - critic/advantages/max:2.4748666286468506 - critic/advantages/min:-2.4748666286468506 - critic/returns/mean:-0.007813071832060814 - critic/returns/max:2.4748666286468506 - critic/returns/min:-2.4748666286468506 - response_length/mean:690.484375 - response_length/max:2048.0 - response_length/min:184.0 - response_length/clip_ratio:0.0078125 - response_length_non_aborted/mean:690.484375 - response_length_non_aborted/max:2048.0 - response_length_non_aborted/min:184.0 - response_length_non_aborted/clip_ratio:0.0078125 - response/aborted_ratio:0.0 - prompt_length/mean:104.875 - prompt_length/max:209.0 - prompt_length/min:67.0 - prompt_length/clip_ratio:0.0 - num_turns/min:2 - num_turns/max:2 - num_turns/mean:2.0 - timing_s/start_profile:7.329881191253662e-05 - timing_s/agent_loop/num_preempted/min:-1 - timing_s/agent_loop/num_preempted/max:-1 - timing_s/agent_loop/num_preempted/mean:-1.0 - timing_s/agent_loop/generate_sequences/min:1.1903705392032862 - timing_s/agent_loop/generate_sequences/max:9.434453958645463 - timing_s/agent_loop/generate_sequences/mean:3.8371678342082305 - timing_s/agent_loop/tool_calls/min:0.0 - timing_s/agent_loop/tool_calls/max:0.0 - timing_s/agent_loop/tool_calls/mean:0.0 - timing_s/agent_loop/compute_score/min:0.0040582772344350815 - timing_s/agent_loop/compute_score/max:0.011221420019865036 - timing_s/agent_loop/compute_score/mean:0.005773303455498535 - timing_s/agent_loop/slowest/generate_sequences:9.434453958645463 - timing_s/agent_loop/slowest/tool_calls:0.0 - timing_s/agent_loop/slowest/compute_score:0.008020734414458275 - timing_s/agent_loop/slowest/num_preempted:-1 - timing_s/agent_loop/slowest/prompt_length:99 - timing_s/agent_loop/slowest/response_length:2048 - timing_s/gen:10.007772436365485 - timing_s/reward:1.7859041690826416e-05 - timing_s/old_log_prob:2.783331890590489 - timing_s/ref:8.388125757686794 - timing_s/adv:0.0036823302507400513 - timing_s/update_actor:9.147412334568799 - timing_s/update_weights:1.2840532809495926 - timing_s/step:31.664628262631595 - timing_s/stop_profile:7.957872003316879e-05 - timing_per_token_ms/update_actor:0.0898514069364163 - timing_per_token_ms/adv:3.617007102469453e-05 - timing_per_token_ms/ref:0.08239323573941412 - timing_per_token_ms/gen:0.11323315195815307 - perf/total_num_tokens:101806 - perf/time_per_step:31.664628262631595 - perf/throughput:3215.1332760203095
[36m(TaskRunner pid=272629)[0m step:130 - global_seqlen/min:102574 - global_seqlen/max:102574 - global_seqlen/minmax_diff:0 - global_seqlen/balanced_min:102574 - global_seqlen/balanced_max:102574 - global_seqlen/mean:102574.0 - actor/entropy:0.09772025048732758 - perf/mfu/actor_infer:0.31352657537976525 - actor/pg_clipfrac:8.544039337721188e-05 - actor/ppo_kl:-0.00010484583469860809 - actor/pg_clipfrac_lower:0.0 - actor/pg_loss:-0.003038039430975914 - actor/kl_loss:0.015444668097188696 - actor/kl_coef:0.001 - actor/loss:-0.00302259624004364 - actor/grad_norm:0.3155134692788124 - actor/perf/max_memory_allocated_gb:57.544068813323975 - actor/perf/max_memory_reserved_gb:76.59375 - actor/perf/cpu_memory_used_gb:22.555877685546875 - actor/lr:1e-06 - perf/mfu/actor:0.2405045275457759 - training/global_step:130 - training/epoch:1 - critic/score/mean:0.7421875 - critic/score/max:1.0 - critic/score/min:0.0 - critic/rewards/mean:0.7421875 - critic/rewards/max:1.0 - critic/rewards/min:0.0 - critic/advantages/mean:0.0028137292247265577 - critic/advantages/max:2.4748666286468506 - critic/advantages/min:-1.6201815605163574 - critic/returns/mean:0.0028137292247265577 - critic/returns/max:2.4748666286468506 - critic/returns/min:-1.6201815605163574 - response_length/mean:642.546875 - response_length/max:1467.0 - response_length/min:226.0 - response_length/clip_ratio:0.0 - response_length_non_aborted/mean:642.546875 - response_length_non_aborted/max:1467.0 - response_length_non_aborted/min:226.0 - response_length_non_aborted/clip_ratio:0.0 - response/aborted_ratio:0.0 - prompt_length/mean:158.8125 - prompt_length/max:467.0 - prompt_length/min:56.0 - prompt_length/clip_ratio:0.0 - num_turns/min:2 - num_turns/max:2 - num_turns/mean:2.0 - timing_s/start_profile:0.00015976745635271072 - timing_s/agent_loop/num_preempted/min:-1 - timing_s/agent_loop/num_preempted/max:-1 - timing_s/agent_loop/num_preempted/mean:-1.0 - timing_s/agent_loop/generate_sequences/min:1.512311083264649 - timing_s/agent_loop/generate_sequences/max:7.318389754742384 - timing_s/agent_loop/generate_sequences/mean:3.786804420182307 - timing_s/agent_loop/tool_calls/min:0.0 - timing_s/agent_loop/tool_calls/max:0.0 - timing_s/agent_loop/tool_calls/mean:0.0 - timing_s/agent_loop/compute_score/min:0.0035399720072746277 - timing_s/agent_loop/compute_score/max:0.01354625541716814 - timing_s/agent_loop/compute_score/mean:0.005780506464361679 - timing_s/agent_loop/slowest/generate_sequences:7.318389754742384 - timing_s/agent_loop/slowest/tool_calls:0.0 - timing_s/agent_loop/slowest/compute_score:0.006892346777021885 - timing_s/agent_loop/slowest/num_preempted:-1 - timing_s/agent_loop/slowest/prompt_length:467 - timing_s/agent_loop/slowest/response_length:1467 - timing_s/gen:7.895704511553049 - timing_s/reward:1.6530044376850128e-05 - timing_s/old_log_prob:2.4045700784772635 - timing_s/ref:8.398391589522362 - timing_s/adv:0.003698640502989292 - timing_s/update_actor:9.1821279078722 - timing_s/update_weights:1.2924859914928675 - timing_s/step:29.227503431029618 - timing_s/stop_profile:7.96392560005188e-05 - timing_per_token_ms/update_actor:0.08951710870076432 - timing_per_token_ms/adv:3.605826528154593e-05 - timing_per_token_ms/ref:0.0818764169236099 - timing_per_token_ms/gen:0.0960010761806416 - perf/total_num_tokens:102574 - perf/time_per_step:29.227503431029618 - perf/throughput:3509.5026245417007
[36m(TaskRunner pid=272629)[0m Training Progress:  66%|██████▌   | 131/200 [1:07:49<35:20, 30.73s/it]
[36m(WorkerDict pid=273039)[0m INFO:2026-07-28 17:04:20,682:update_weights done, time cost: 0.52s
[36m(TaskRunner pid=272629)[0m Training Progress:  66%|██████▌   | 132/200 [1:08:21<35:14, 31.09s/it]
[36m(WorkerDict pid=273039)[0m INFO:2026-07-28 17:04:54,255:update_weights done, time cost: 0.52s
[36m(TaskRunner pid=272629)[0m step:131 - global_seqlen/min:92355 - global_seqlen/max:92355 - global_seqlen/minmax_diff:0 - global_seqlen/balanced_min:92355 - global_seqlen/balanced_max:92355 - global_seqlen/mean:92355.0 - actor/entropy:0.10221333801746368 - perf/mfu/actor_infer:0.3052836680078987 - actor/pg_clipfrac:0.00040226442615676206 - actor/ppo_kl:7.164243743318366e-05 - actor/pg_clipfrac_lower:0.0 - actor/pg_loss:0.02353950563701801 - actor/kl_loss:0.013639641780173406 - actor/kl_coef:0.001 - actor/loss:0.023553146049380302 - actor/grad_norm:0.45698776841163635 - actor/perf/max_memory_allocated_gb:57.544068813323975 - actor/perf/max_memory_reserved_gb:76.59375 - actor/perf/cpu_memory_used_gb:22.60213279724121 - actor/lr:1e-06 - perf/mfu/actor:0.23338669266427137 - training/global_step:131 - training/epoch:1 - critic/score/mean:0.65625 - critic/score/max:1.0 - critic/score/min:0.0 - critic/rewards/mean:0.65625 - critic/rewards/max:1.0 - critic/rewards/min:0.0 - critic/advantages/mean:-0.023599615320563316 - critic/advantages/max:1.6201815605163574 - critic/advantages/min:-2.4748666286468506 - critic/returns/mean:-0.023599615320563316 - critic/returns/max:1.6201815605163574 - critic/returns/min:-2.4748666286468506 - response_length/mean:633.2109375 - response_length/max:2048.0 - response_length/min:180.0 - response_length/clip_ratio:0.03125 - response_length_non_aborted/mean:633.2109375 - response_length_non_aborted/max:2048.0 - response_length_non_aborted/min:180.0 - response_length_non_aborted/clip_ratio:0.03125 - response/aborted_ratio:0.0 - prompt_length/mean:88.3125 - prompt_length/max:153.0 - prompt_length/min:62.0 - prompt_length/clip_ratio:0.0 - num_turns/min:2 - num_turns/max:2 - num_turns/mean:2.0 - timing_s/start_profile:7.59987160563469e-05 - timing_s/agent_loop/num_preempted/min:-1 - timing_s/agent_loop/num_preempted/max:-1 - timing_s/agent_loop/num_preempted/mean:-1.0 - timing_s/agent_loop/generate_sequences/min:1.1327688079327345 - timing_s/agent_loop/generate_sequences/max:9.20498857833445 - timing_s/agent_loop/generate_sequences/mean:3.49456630419445 - timing_s/agent_loop/tool_calls/min:0.0 - timing_s/agent_loop/tool_calls/max:0.0 - timing_s/agent_loop/tool_calls/mean:0.0 - timing_s/agent_loop/compute_score/min:0.004251074977219105 - timing_s/agent_loop/compute_score/max:0.019221735186874866 - timing_s/agent_loop/compute_score/mean:0.005901408905629069 - timing_s/agent_loop/slowest/generate_sequences:9.20498857833445 - timing_s/agent_loop/slowest/tool_calls:0.0 - timing_s/agent_loop/slowest/compute_score:0.007464849390089512 - timing_s/agent_loop/slowest/num_preempted:-1 - timing_s/agent_loop/slowest/prompt_length:72 - timing_s/agent_loop/slowest/response_length:2048 - timing_s/gen:9.771857417188585 - timing_s/reward:1.6380101442337036e-05 - timing_s/old_log_prob:2.2295153914019465 - timing_s/ref:8.33370409347117 - timing_s/adv:0.003647521138191223 - timing_s/update_actor:8.522342562675476 - timing_s/update_weights:1.2780515486374497 - timing_s/step:30.189302118495107 - timing_s/stop_profile:9.240861982107162e-05 - timing_per_token_ms/update_actor:0.09227808524363029 - timing_per_token_ms/adv:3.9494571362581595e-05 - timing_per_token_ms/ref:0.0902355486272662 - timing_per_token_ms/gen:0.12056430416883919 - perf/total_num_tokens:92355 - perf/time_per_step:30.189302118495107 - perf/throughput:3059.196255597437
[36m(TaskRunner pid=272629)[0m step:132 - global_seqlen/min:110207 - global_seqlen/max:110207 - global_seqlen/minmax_diff:0 - global_seqlen/balanced_min:110207 - global_seqlen/balanced_max:110207 - global_seqlen/mean:110207.0 - actor/entropy:0.11745518445968628 - perf/mfu/actor_infer:0.3221872121868306 - actor/pg_clipfrac:0.00043859161633008625 - actor/ppo_kl:8.319518721577879e-05 - actor/pg_clipfrac_lower:0.0 - actor/pg_loss:0.007978303474374115 - actor/kl_loss:0.01520493630960118 - actor/kl_coef:0.001 - actor/loss:0.007993502542376518 - actor/grad_norm:0.4749377518892288 - actor/perf/max_memory_allocated_gb:57.544068813323975 - actor/perf/max_memory_reserved_gb:76.59375 - actor/perf/cpu_memory_used_gb:22.58393669128418 - actor/lr:1e-06 - perf/mfu/actor:0.24858594446423915 - training/global_step:132 - training/epoch:1 - critic/score/mean:0.625 - critic/score/max:1.0 - critic/score/min:0.0 - critic/rewards/mean:0.625 - critic/rewards/max:1.0 - critic/rewards/min:0.0 - critic/advantages/mean:-0.007829464972019196 - critic/advantages/max:2.4748666286468506 - critic/advantages/min:-2.4748666286468506 - critic/returns/mean:-0.007829464972019196 - critic/returns/max:2.4748666286468506 - critic/returns/min:-2.4748666286468506 - response_length/mean:729.7421875 - response_length/max:2048.0 - response_length/min:239.0 - response_length/clip_ratio:0.015625 - response_length_non_aborted/mean:729.7421875 - response_length_non_aborted/max:2048.0 - response_length_non_aborted/min:239.0 - response_length_non_aborted/clip_ratio:0.015625 - response/aborted_ratio:0.0 - prompt_length/mean:131.25 - prompt_length/max:540.0 - prompt_length/min:57.0 - prompt_length/clip_ratio:0.0 - num_turns/min:2 - num_turns/max:2 - num_turns/mean:2.0 - timing_s/start_profile:7.443875074386597e-05 - timing_s/agent_loop/num_preempted/min:-1 - timing_s/agent_loop/num_preempted/max:-1 - timing_s/agent_loop/num_preempted/mean:-1.0 - timing_s/agent_loop/generate_sequences/min:1.5840752217918634 - timing_s/agent_loop/generate_sequences/max:9.592853931710124 - timing_s/agent_loop/generate_sequences/mean:4.174839548053569 - timing_s/agent_loop/tool_calls/min:0.0 - timing_s/agent_loop/tool_calls/max:0.0 - timing_s/agent_loop/tool_calls/mean:0.0 - timing_s/agent_loop/compute_score/min:0.004590030759572983 - timing_s/agent_loop/compute_score/max:0.012605775147676468 - timing_s/agent_loop/compute_score/mean:0.00584851792518748 - timing_s/agent_loop/slowest/generate_sequences:9.592853931710124 - timing_s/agent_loop/slowest/tool_calls:0.0 - timing_s/agent_loop/slowest/compute_score:0.007959365844726562 - timing_s/agent_loop/slowest/num_preempted:-1 - timing_s/agent_loop/slowest/prompt_length:187 - timing_s/agent_loop/slowest/response_length:2048 - timing_s/gen:10.166020943783224 - timing_s/reward:1.6380101442337036e-05 - timing_s/old_log_prob:2.4974114252254367 - timing_s/ref:8.409445825964212 - timing_s/adv:0.0036658309400081635 - timing_s/update_actor:9.541018423624337 - timing_s/update_weights:1.2525048330426216 - timing_s/step:31.919691203162074 - timing_s/stop_profile:8.730869740247726e-05 - timing_per_token_ms/update_actor:0.08657361532048179 - timing_per_token_ms/adv:3.3263140635423916e-05 - timing_per_token_ms/ref:0.07630591365307296 - timing_per_token_ms/gen:0.10883575046605955 - perf/total_num_tokens:110207 - perf/time_per_step:31.919691203162074 - perf/throughput:3452.633651702825
[36m(TaskRunner pid=272629)[0m Training Progress:  66%|██████▋   | 133/200 [1:08:55<35:33, 31.84s/it]
[36m(WorkerDict pid=273039)[0m INFO:2026-07-28 17:05:25,267:update_weights done, time cost: 0.54s
[36m(TaskRunner pid=272629)[0m Training Progress:  67%|██████▋   | 134/200 [1:09:26<34:44, 31.59s/it]
[36m(WorkerDict pid=273039)[0m INFO:2026-07-28 17:05:56,018:update_weights done, time cost: 0.53s
[36m(TaskRunner pid=272629)[0m step:133 - global_seqlen/min:124716 - global_seqlen/max:124716 - global_seqlen/minmax_diff:0 - global_seqlen/balanced_min:124716 - global_seqlen/balanced_max:124716 - global_seqlen/mean:124716.0 - actor/entropy:0.09451890736818314 - perf/mfu/actor_infer:0.3309661923336137 - actor/pg_clipfrac:0.0005795305046376598 - actor/ppo_kl:-1.4507507785310736e-05 - actor/pg_clipfrac_lower:0.0 - actor/pg_loss:-0.009449434714042582 - actor/kl_loss:0.014907706863596104 - actor/kl_coef:0.001 - actor/loss:-0.009434524923563004 - actor/grad_norm:0.4158783257007599 - actor/perf/max_memory_allocated_gb:57.544068813323975 - actor/perf/max_memory_reserved_gb:76.59375 - actor/perf/cpu_memory_used_gb:22.617507934570312 - actor/lr:1e-06 - perf/mfu/actor:0.25882015902943806 - training/global_step:133 - training/epoch:1 - critic/score/mean:0.5546875 - critic/score/max:1.0 - critic/score/min:0.0 - critic/rewards/mean:0.5546875 - critic/rewards/max:1.0 - critic/rewards/min:0.0 - critic/advantages/mean:0.008246352896094322 - critic/advantages/max:2.4748666286468506 - critic/advantages/min:-2.4748666286468506 - critic/returns/mean:0.008246352896094322 - critic/returns/max:2.4748666286468506 - critic/returns/min:-2.4748666286468506 - response_length/mean:838.34375 - response_length/max:2048.0 - response_length/min:258.0 - response_length/clip_ratio:0.0078125 - response_length_non_aborted/mean:838.34375 - response_length_non_aborted/max:2048.0 - response_length_non_aborted/min:258.0 - response_length_non_aborted/clip_ratio:0.0078125 - response/aborted_ratio:0.0 - prompt_length/mean:136.0 - prompt_length/max:300.0 - prompt_length/min:70.0 - prompt_length/clip_ratio:0.0 - num_turns/min:2 - num_turns/max:2 - num_turns/mean:2.0 - timing_s/start_profile:7.639918476343155e-05 - timing_s/agent_loop/num_preempted/min:-1 - timing_s/agent_loop/num_preempted/max:-1 - timing_s/agent_loop/num_preempted/mean:-1.0 - timing_s/agent_loop/generate_sequences/min:1.671822177246213 - timing_s/agent_loop/generate_sequences/max:10.028199038468301 - timing_s/agent_loop/generate_sequences/mean:4.892195134605572 - timing_s/agent_loop/tool_calls/min:0.0 - timing_s/agent_loop/tool_calls/max:0.0 - timing_s/agent_loop/tool_calls/mean:0.0 - timing_s/agent_loop/compute_score/min:0.004082445986568928 - timing_s/agent_loop/compute_score/max:0.008039014413952827 - timing_s/agent_loop/compute_score/mean:0.005979772329737898 - timing_s/agent_loop/slowest/generate_sequences:10.028199038468301 - timing_s/agent_loop/slowest/tool_calls:0.0 - timing_s/agent_loop/slowest/compute_score:0.0069315070286393166 - timing_s/agent_loop/slowest/num_preempted:-1 - timing_s/agent_loop/slowest/prompt_length:147 - timing_s/agent_loop/slowest/response_length:2048 - timing_s/gen:10.621897582896054 - timing_s/reward:1.79903581738472e-05 - timing_s/old_log_prob:2.7574489628896117 - timing_s/ref:8.498557157814503 - timing_s/adv:0.003768070600926876 - timing_s/update_actor:10.380907193757594 - timing_s/update_weights:1.262229991145432 - timing_s/step:33.57503798324615 - timing_s/stop_profile:9.09687951207161e-05 - timing_per_token_ms/update_actor:0.08323637058402766 - timing_per_token_ms/adv:3.021320921876003e-05 - timing_per_token_ms/ref:0.06814327879193129 - timing_per_token_ms/gen:0.0989851416753276 - perf/total_num_tokens:124716 - perf/time_per_step:33.57503798324615 - perf/throughput:3714.5453137605664
[36m(TaskRunner pid=272629)[0m step:134 - global_seqlen/min:102358 - global_seqlen/max:102358 - global_seqlen/minmax_diff:0 - global_seqlen/balanced_min:102358 - global_seqlen/balanced_max:102358 - global_seqlen/mean:102358.0 - actor/entropy:0.09204564988613129 - perf/mfu/actor_infer:0.31797351229688514 - actor/pg_clipfrac:0.0004342780139268143 - actor/ppo_kl:-3.2573323260010056e-05 - actor/pg_clipfrac_lower:0.0 - actor/pg_loss:0.02719516772776842 - actor/kl_loss:0.01556487224297598 - actor/kl_coef:0.001 - actor/loss:0.02721073478460312 - actor/grad_norm:0.44333168864250183 - actor/perf/max_memory_allocated_gb:57.544068813323975 - actor/perf/max_memory_reserved_gb:76.59375 - actor/perf/cpu_memory_used_gb:22.633625030517578 - actor/lr:1e-06 - perf/mfu/actor:0.2451079069705412 - training/global_step:134 - training/epoch:1 - critic/score/mean:0.640625 - critic/score/max:1.0 - critic/score/min:0.0 - critic/rewards/mean:0.640625 - critic/rewards/max:1.0 - critic/rewards/min:0.0 - critic/advantages/mean:-0.027270853519439697 - critic/advantages/max:2.4748666286468506 - critic/advantages/min:-2.4748666286468506 - critic/returns/mean:-0.027270853519439697 - critic/returns/max:2.4748666286468506 - critic/returns/min:-2.4748666286468506 - response_length/mean:682.734375 - response_length/max:2048.0 - response_length/min:260.0 - response_length/clip_ratio:0.015625 - response_length_non_aborted/mean:682.734375 - response_length_non_aborted/max:2048.0 - response_length_non_aborted/min:260.0 - response_length_non_aborted/clip_ratio:0.015625 - response/aborted_ratio:0.0 - prompt_length/mean:116.9375 - prompt_length/max:282.0 - prompt_length/min:64.0 - prompt_length/clip_ratio:0.0 - num_turns/min:2 - num_turns/max:2 - num_turns/mean:2.0 - timing_s/start_profile:7.819943130016327e-05 - timing_s/agent_loop/num_preempted/min:-1 - timing_s/agent_loop/num_preempted/max:-1 - timing_s/agent_loop/num_preempted/mean:-1.0 - timing_s/agent_loop/generate_sequences/min:1.6757335076108575 - timing_s/agent_loop/generate_sequences/max:9.367472033016384 - timing_s/agent_loop/generate_sequences/mean:3.9665162671662983 - timing_s/agent_loop/tool_calls/min:0.0 - timing_s/agent_loop/tool_calls/max:0.0 - timing_s/agent_loop/tool_calls/mean:0.0 - timing_s/agent_loop/compute_score/min:0.004369473084807396 - timing_s/agent_loop/compute_score/max:0.008486328646540642 - timing_s/agent_loop/compute_score/mean:0.00568422103242483 - timing_s/agent_loop/slowest/generate_sequences:9.367472033016384 - timing_s/agent_loop/slowest/tool_calls:0.0 - timing_s/agent_loop/slowest/compute_score:0.00826399214565754 - timing_s/agent_loop/slowest/num_preempted:-1 - timing_s/agent_loop/slowest/prompt_length:75 - timing_s/agent_loop/slowest/response_length:2048 - timing_s/gen:9.943951722234488 - timing_s/reward:1.7719343304634094e-05 - timing_s/old_log_prob:2.357940139248967 - timing_s/ref:8.378813777118921 - timing_s/adv:0.0036903610453009605 - timing_s/update_actor:8.989917469210923 - timing_s/update_weights:1.2763210125267506 - timing_s/step:30.99983011558652 - timing_s/stop_profile:8.354894816875458e-05 - timing_per_token_ms/update_actor:0.08782818606470352 - timing_per_token_ms/adv:3.605346963892378e-05 - timing_per_token_ms/ref:0.08185792783288967 - timing_per_token_ms/gen:0.11378821057597537 - perf/total_num_tokens:102358 - perf/time_per_step:30.99983011558652 - perf/throughput:3301.8890625640893
[36m(TaskRunner pid=272629)[0m Training Progress:  68%|██████▊   | 135/200 [1:09:56<33:56, 31.34s/it]
[36m(WorkerDict pid=273039)[0m INFO:2026-07-28 17:06:26,834:update_weights done, time cost: 0.53s
[36m(TaskRunner pid=272629)[0m Training Progress:  68%|██████▊   | 136/200 [1:10:27<33:15, 31.18s/it]
[36m(WorkerDict pid=273039)[0m INFO:2026-07-28 17:06:58,368:update_weights done, time cost: 0.53s
[36m(TaskRunner pid=272629)[0m step:135 - global_seqlen/min:100479 - global_seqlen/max:100479 - global_seqlen/minmax_diff:0 - global_seqlen/balanced_min:100479 - global_seqlen/balanced_max:100479 - global_seqlen/mean:100479.0 - actor/entropy:0.08819932490587234 - perf/mfu/actor_infer:0.31310427002997293 - actor/pg_clipfrac:0.0006315945256574196 - actor/ppo_kl:0.0001065603610186372 - actor/pg_clipfrac_lower:0.0 - actor/pg_loss:0.02021566964685917 - actor/kl_loss:0.015313911710109096 - actor/kl_coef:0.001 - actor/loss:0.020230986643582582 - actor/grad_norm:0.49867311120033264 - actor/perf/max_memory_allocated_gb:57.544068813323975 - actor/perf/max_memory_reserved_gb:76.59375 - actor/perf/cpu_memory_used_gb:22.5993595123291 - actor/lr:1e-06 - perf/mfu/actor:0.2433285292899277 - training/global_step:135 - training/epoch:1 - critic/score/mean:0.75 - critic/score/max:1.0 - critic/score/min:0.0 - critic/rewards/mean:0.75 - critic/rewards/max:1.0 - critic/rewards/min:0.0 - critic/advantages/mean:-0.02018023282289505 - critic/advantages/max:1.6201815605163574 - critic/advantages/min:-2.4748666286468506 - critic/returns/mean:-0.02018023282289505 - critic/returns/max:1.6201815605163574 - critic/returns/min:-2.4748666286468506 - response_length/mean:656.1796875 - response_length/max:1906.0 - response_length/min:250.0 - response_length/clip_ratio:0.0 - response_length_non_aborted/mean:656.1796875 - response_length_non_aborted/max:1906.0 - response_length_non_aborted/min:250.0 - response_length_non_aborted/clip_ratio:0.0 - response/aborted_ratio:0.0 - prompt_length/mean:128.8125 - prompt_length/max:507.0 - prompt_length/min:60.0 - prompt_length/clip_ratio:0.0 - num_turns/min:2 - num_turns/max:2 - num_turns/mean:2.0 - timing_s/start_profile:7.51391053199768e-05 - timing_s/agent_loop/num_preempted/min:-1 - timing_s/agent_loop/num_preempted/max:-1 - timing_s/agent_loop/num_preempted/mean:-1.0 - timing_s/agent_loop/generate_sequences/min:1.654554557055235 - timing_s/agent_loop/generate_sequences/max:8.848858178593218 - timing_s/agent_loop/generate_sequences/mean:3.8400502995355055 - timing_s/agent_loop/tool_calls/min:0.0 - timing_s/agent_loop/tool_calls/max:0.0 - timing_s/agent_loop/tool_calls/mean:0.0 - timing_s/agent_loop/compute_score/min:0.00412264559417963 - timing_s/agent_loop/compute_score/max:0.01103571243584156 - timing_s/agent_loop/compute_score/mean:0.00570432904351037 - timing_s/agent_loop/slowest/generate_sequences:8.848858178593218 - timing_s/agent_loop/slowest/tool_calls:0.0 - timing_s/agent_loop/slowest/compute_score:0.007817607372999191 - timing_s/agent_loop/slowest/num_preempted:-1 - timing_s/agent_loop/slowest/prompt_length:88 - timing_s/agent_loop/slowest/response_length:1906 - timing_s/gen:9.428627511486411 - timing_s/reward:1.8829479813575745e-05 - timing_s/old_log_prob:2.728533659130335 - timing_s/ref:8.386239037849009 - timing_s/adv:0.0036546308547258377 - timing_s/update_actor:8.886363403871655 - timing_s/update_weights:1.2564135054126382 - timing_s/step:30.74015563353896 - timing_s/stop_profile:7.659941911697388e-05 - timing_per_token_ms/update_actor:0.08844000640802213 - timing_per_token_ms/adv:3.637208625410123e-05 - timing_per_token_ms/ref:0.0834626045029211 - timing_per_token_ms/gen:0.1122575932122062 - perf/total_num_tokens:100479 - perf/time_per_step:30.74015563353896 - perf/throughput:3268.65619022347
[36m(TaskRunner pid=272629)[0m step:136 - global_seqlen/min:99063 - global_seqlen/max:99063 - global_seqlen/minmax_diff:0 - global_seqlen/balanced_min:99063 - global_seqlen/balanced_max:99063 - global_seqlen/mean:99063.0 - actor/entropy:0.08753183484077454 - perf/mfu/actor_infer:0.3116598746874018 - actor/pg_clipfrac:0.0003449508367339149 - actor/ppo_kl:-1.7030673859608214e-05 - actor/pg_clipfrac_lower:0.0 - actor/pg_loss:0.03987785498611629 - actor/kl_loss:0.015189112484222278 - actor/kl_coef:0.001 - actor/loss:0.03989304741844535 - actor/grad_norm:0.44275839626789093 - actor/perf/max_memory_allocated_gb:57.544068813323975 - actor/perf/max_memory_reserved_gb:76.59375 - actor/perf/cpu_memory_used_gb:22.60371208190918 - actor/lr:1e-06 - perf/mfu/actor:0.23933194708725128 - training/global_step:136 - training/epoch:1 - critic/score/mean:0.6640625 - critic/score/max:1.0 - critic/score/min:0.0 - critic/rewards/mean:0.6640625 - critic/rewards/max:1.0 - critic/rewards/min:0.0 - critic/advantages/mean:-0.03967960923910141 - critic/advantages/max:2.4748666286468506 - critic/advantages/min:-2.4748666286468506 - critic/returns/mean:-0.03967960923910141 - critic/returns/max:2.4748666286468506 - critic/returns/min:-2.4748666286468506 - response_length/mean:651.1171875 - response_length/max:2048.0 - response_length/min:144.0 - response_length/clip_ratio:0.015625 - response_length_non_aborted/mean:651.1171875 - response_length_non_aborted/max:2048.0 - response_length_non_aborted/min:144.0 - response_length_non_aborted/clip_ratio:0.015625 - response/aborted_ratio:0.0 - prompt_length/mean:122.8125 - prompt_length/max:314.0 - prompt_length/min:68.0 - prompt_length/clip_ratio:0.0 - num_turns/min:2 - num_turns/max:2 - num_turns/mean:2.0 - timing_s/start_profile:7.842946797609329e-05 - timing_s/agent_loop/num_preempted/min:-1 - timing_s/agent_loop/num_preempted/max:-1 - timing_s/agent_loop/num_preempted/mean:-1.0 - timing_s/agent_loop/generate_sequences/min:0.9654099512845278 - timing_s/agent_loop/generate_sequences/max:9.29262756370008 - timing_s/agent_loop/generate_sequences/mean:3.667943298321916 - timing_s/agent_loop/tool_calls/min:0.0 - timing_s/agent_loop/tool_calls/max:0.0 - timing_s/agent_loop/tool_calls/mean:0.0 - timing_s/agent_loop/compute_score/min:0.003969387151300907 - timing_s/agent_loop/compute_score/max:0.011062772013247013 - timing_s/agent_loop/compute_score/mean:0.005926845682552084 - timing_s/agent_loop/slowest/generate_sequences:9.29262756370008 - timing_s/agent_loop/slowest/tool_calls:0.0 - timing_s/agent_loop/slowest/compute_score:0.007284892722964287 - timing_s/agent_loop/slowest/num_preempted:-1 - timing_s/agent_loop/slowest/prompt_length:110 - timing_s/agent_loop/slowest/response_length:2048 - timing_s/gen:9.866017926484346 - timing_s/reward:1.6828998923301697e-05 - timing_s/old_log_prob:2.3366546034812927 - timing_s/ref:8.379394888877869 - timing_s/adv:0.00368523970246315 - timing_s/update_actor:8.914610533043742 - timing_s/update_weights:1.2756318133324385 - timing_s/step:30.825916811823845 - timing_s/stop_profile:7.79787078499794e-05 - timing_per_token_ms/update_actor:0.08998930511940625 - timing_per_token_ms/adv:3.720097011460535e-05 - timing_per_token_ms/ref:0.08458652462451034 - timing_per_token_ms/gen:0.11837848321375936 - perf/total_num_tokens:99063 - perf/time_per_step:30.825916811823845 - perf/throughput:3213.627046511803
[36m(TaskRunner pid=272629)[0m Training Progress:  68%|██████▊   | 137/200 [1:10:59<32:51, 31.29s/it]
[36m(WorkerDict pid=273039)[0m INFO:2026-07-28 17:07:28,269:update_weights done, time cost: 0.53s
[36m(TaskRunner pid=272629)[0m Training Progress:  69%|██████▉   | 138/200 [1:11:29<31:54, 30.87s/it]
[36m(WorkerDict pid=273039)[0m INFO:2026-07-28 17:07:56,155:update_weights done, time cost: 0.54s
[36m(TaskRunner pid=272629)[0m step:137 - global_seqlen/min:103621 - global_seqlen/max:103621 - global_seqlen/minmax_diff:0 - global_seqlen/balanced_min:103621 - global_seqlen/balanced_max:103621 - global_seqlen/mean:103621.0 - actor/entropy:0.07311516255140305 - perf/mfu/actor_infer:0.3135325578440398 - actor/pg_clipfrac:0.0005701284153474262 - actor/ppo_kl:0.00010054337849396688 - actor/pg_clipfrac_lower:0.0 - actor/pg_loss:0.01555514830397442 - actor/kl_loss:0.016026093609980308 - actor/kl_coef:0.001 - actor/loss:0.015571176074445248 - actor/grad_norm:0.5252825915813446 - actor/perf/max_memory_allocated_gb:57.544068813323975 - actor/perf/max_memory_reserved_gb:76.59375 - actor/perf/cpu_memory_used_gb:22.60646629333496 - actor/lr:1e-06 - perf/mfu/actor:0.24169844505158333 - training/global_step:137 - training/epoch:1 - critic/score/mean:0.71875 - critic/score/max:1.0 - critic/score/min:0.0 - critic/rewards/mean:0.71875 - critic/rewards/max:1.0 - critic/rewards/min:0.0 - critic/advantages/mean:-0.015515221282839775 - critic/advantages/max:2.4748666286468506 - critic/advantages/min:-2.4748666286468506 - critic/returns/mean:-0.015515221282839775 - critic/returns/max:2.4748666286468506 - critic/returns/min:-2.4748666286468506 - response_length/mean:688.3515625 - response_length/max:2048.0 - response_length/min:183.0 - response_length/clip_ratio:0.015625 - response_length_non_aborted/mean:688.3515625 - response_length_non_aborted/max:2048.0 - response_length_non_aborted/min:183.0 - response_length_non_aborted/clip_ratio:0.015625 - response/aborted_ratio:0.0 - prompt_length/mean:121.1875 - prompt_length/max:381.0 - prompt_length/min:58.0 - prompt_length/clip_ratio:0.0 - num_turns/min:2 - num_turns/max:2 - num_turns/mean:2.0 - timing_s/start_profile:7.477868348360062e-05 - timing_s/agent_loop/num_preempted/min:-1 - timing_s/agent_loop/num_preempted/max:-1 - timing_s/agent_loop/num_preempted/mean:-1.0 - timing_s/agent_loop/generate_sequences/min:1.241198648698628 - timing_s/agent_loop/generate_sequences/max:9.525859345681965 - timing_s/agent_loop/generate_sequences/mean:3.958119659793738 - timing_s/agent_loop/tool_calls/min:0.0 - timing_s/agent_loop/tool_calls/max:0.0 - timing_s/agent_loop/tool_calls/mean:0.0 - timing_s/agent_loop/compute_score/min:0.004314804449677467 - timing_s/agent_loop/compute_score/max:0.012257578782737255 - timing_s/agent_loop/compute_score/mean:0.005769350675109308 - timing_s/agent_loop/slowest/generate_sequences:9.525859345681965 - timing_s/agent_loop/slowest/tool_calls:0.0 - timing_s/agent_loop/slowest/compute_score:0.007288642227649689 - timing_s/agent_loop/slowest/num_preempted:-1 - timing_s/agent_loop/slowest/prompt_length:121 - timing_s/agent_loop/slowest/response_length:2048 - timing_s/gen:10.11509851925075 - timing_s/reward:1.727975904941559e-05 - timing_s/old_log_prob:2.4286864828318357 - timing_s/ref:8.415549144148827 - timing_s/adv:0.0036687618121504784 - timing_s/update_actor:9.24058248475194 - timing_s/update_weights:1.283711588010192 - timing_s/step:31.537024919874966 - timing_s/stop_profile:7.611047476530075e-05 - timing_per_token_ms/update_actor:0.08917673526362359 - timing_per_token_ms/adv:3.540558199737967e-05 - timing_per_token_ms/ref:0.08121470690447714 - timing_per_token_ms/gen:0.1148021032953586 - perf/total_num_tokens:103621 - perf/time_per_step:31.537024919874966 - perf/throughput:3285.6935701216685
[36m(TaskRunner pid=272629)[0m step:138 - global_seqlen/min:102842 - global_seqlen/max:102842 - global_seqlen/minmax_diff:0 - global_seqlen/balanced_min:102842 - global_seqlen/balanced_max:102842 - global_seqlen/mean:102842.0 - actor/entropy:0.07877275347709656 - perf/mfu/actor_infer:0.31932920223736655 - actor/pg_clipfrac:0.0003941147406294476 - actor/ppo_kl:-1.4399709797885407e-05 - actor/pg_clipfrac_lower:0.0 - actor/pg_loss:0.024293765774928033 - actor/kl_loss:0.014132291049463674 - actor/kl_coef:0.001 - actor/loss:0.02430789778009057 - actor/grad_norm:0.3548804968595505 - actor/perf/max_memory_allocated_gb:57.544068813323975 - actor/perf/max_memory_reserved_gb:76.59375 - actor/perf/cpu_memory_used_gb:22.60818862915039 - actor/lr:1e-06 - perf/mfu/actor:0.24621415557150295 - training/global_step:138 - training/epoch:1 - critic/score/mean:0.7265625 - critic/score/max:1.0 - critic/score/min:0.0 - critic/rewards/mean:0.7265625 - critic/rewards/max:1.0 - critic/rewards/min:0.0 - critic/advantages/mean:-0.02416657656431198 - critic/advantages/max:0.35355237126350403 - critic/advantages/min:-2.4748666286468506 - critic/returns/mean:-0.02416657656431198 - critic/returns/max:0.35355237126350403 - critic/returns/min:-2.4748666286468506 - response_length/mean:671.828125 - response_length/max:1728.0 - response_length/min:312.0 - response_length/clip_ratio:0.0 - response_length_non_aborted/mean:671.828125 - response_length_non_aborted/max:1728.0 - response_length_non_aborted/min:312.0 - response_length_non_aborted/clip_ratio:0.0 - response/aborted_ratio:0.0 - prompt_length/mean:131.625 - prompt_length/max:275.0 - prompt_length/min:56.0 - prompt_length/clip_ratio:0.0 - num_turns/min:2 - num_turns/max:2 - num_turns/mean:2.0 - timing_s/start_profile:7.363874465227127e-05 - timing_s/agent_loop/num_preempted/min:-1 - timing_s/agent_loop/num_preempted/max:-1 - timing_s/agent_loop/num_preempted/mean:-1.0 - timing_s/agent_loop/generate_sequences/min:2.0334379505366087 - timing_s/agent_loop/generate_sequences/max:8.206220020540059 - timing_s/agent_loop/generate_sequences/mean:3.9555828835218563 - timing_s/agent_loop/tool_calls/min:0.0 - timing_s/agent_loop/tool_calls/max:0.0 - timing_s/agent_loop/tool_calls/mean:0.0 - timing_s/agent_loop/compute_score/min:0.004068747162818909 - timing_s/agent_loop/compute_score/max:0.011699595488607883 - timing_s/agent_loop/compute_score/mean:0.005720335851947311 - timing_s/agent_loop/slowest/generate_sequences:8.206220020540059 - timing_s/agent_loop/slowest/tool_calls:0.0 - timing_s/agent_loop/slowest/compute_score:0.0069227153435349464 - timing_s/agent_loop/slowest/num_preempted:-1 - timing_s/agent_loop/slowest/prompt_length:90 - timing_s/agent_loop/slowest/response_length:1728 - timing_s/gen:8.804909856058657 - timing_s/reward:1.776963472366333e-05 - timing_s/old_log_prob:2.3631765441969037 - timing_s/ref:8.393099610693753 - timing_s/adv:0.0037839598953723907 - timing_s/update_actor:8.99048716109246 - timing_s/update_weights:1.285617308691144 - timing_s/step:29.891546862199903 - timing_s/stop_profile:4.4650398194789886e-05 - timing_per_token_ms/update_actor:0.08742038428941931 - timing_per_token_ms/adv:3.6793915864845015e-05 - timing_per_token_ms/ref:0.08161159458872594 - timing_per_token_ms/gen:0.10238981622041837 - perf/total_num_tokens:102842 - perf/time_per_step:29.891546862199903 - perf/throughput:3440.504450107646
[36m(TaskRunner pid=272629)[0m Training Progress:  70%|██████▉   | 139/200 [1:11:57<30:28, 29.98s/it]
[36m(WorkerDict pid=273039)[0m INFO:2026-07-28 17:08:27,864:update_weights done, time cost: 0.54s
[36m(TaskRunner pid=272629)[0m Training Progress:  70%|███████   | 140/200 [1:12:28<30:29, 30.50s/it]
[36m(WorkerDict pid=273039)[0m INFO:2026-07-28 17:09:00,141:update_weights done, time cost: 0.52s
[36m(TaskRunner pid=272629)[0m step:139 - global_seqlen/min:90322 - global_seqlen/max:90322 - global_seqlen/minmax_diff:0 - global_seqlen/balanced_min:90322 - global_seqlen/balanced_max:90322 - global_seqlen/mean:90322.0 - actor/entropy:0.10412538796663284 - perf/mfu/actor_infer:0.3060988972051075 - actor/pg_clipfrac:0.00043044603989983443 - actor/ppo_kl:0.00016459913103972212 - actor/pg_clipfrac_lower:0.0 - actor/pg_loss:0.0050730484072119 - actor/kl_loss:0.02150398179946933 - actor/kl_coef:0.001 - actor/loss:0.005094554275274277 - actor/grad_norm:0.4747312068939209 - actor/perf/max_memory_allocated_gb:57.544068813323975 - actor/perf/max_memory_reserved_gb:76.59375 - actor/perf/cpu_memory_used_gb:22.648212432861328 - actor/lr:1e-06 - perf/mfu/actor:0.23438461674170463 - training/global_step:139 - training/epoch:1 - critic/score/mean:0.8359375 - critic/score/max:1.0 - critic/score/min:0.0 - critic/rewards/mean:0.8359375 - critic/rewards/max:1.0 - critic/rewards/min:0.0 - critic/advantages/mean:-0.0052843294106423855 - critic/advantages/max:1.20761239528656 - critic/advantages/min:-2.4748666286468506 - critic/returns/mean:-0.0052843294106423855 - critic/returns/max:1.20761239528656 - critic/returns/min:-2.4748666286468506 - response_length/mean:595.578125 - response_length/max:1524.0 - response_length/min:271.0 - response_length/clip_ratio:0.0 - response_length_non_aborted/mean:595.578125 - response_length_non_aborted/max:1524.0 - response_length_non_aborted/min:271.0 - response_length_non_aborted/clip_ratio:0.0 - response/aborted_ratio:0.0 - prompt_length/mean:110.0625 - prompt_length/max:217.0 - prompt_length/min:64.0 - prompt_length/clip_ratio:0.0 - num_turns/min:2 - num_turns/max:2 - num_turns/mean:2.0 - timing_s/start_profile:5.237944424152374e-05 - timing_s/agent_loop/num_preempted/min:-1 - timing_s/agent_loop/num_preempted/max:-1 - timing_s/agent_loop/num_preempted/mean:-1.0 - timing_s/agent_loop/generate_sequences/min:1.7129286108538508 - timing_s/agent_loop/generate_sequences/max:7.16476618591696 - timing_s/agent_loop/generate_sequences/mean:3.479183421768539 - timing_s/agent_loop/tool_calls/min:0.0 - timing_s/agent_loop/tool_calls/max:0.0 - timing_s/agent_loop/tool_calls/mean:0.0 - timing_s/agent_loop/compute_score/min:0.004129486158490181 - timing_s/agent_loop/compute_score/max:0.008182692341506481 - timing_s/agent_loop/compute_score/mean:0.005774412813480012 - timing_s/agent_loop/slowest/generate_sequences:7.16476618591696 - timing_s/agent_loop/slowest/tool_calls:0.0 - timing_s/agent_loop/slowest/compute_score:0.007407881319522858 - timing_s/agent_loop/slowest/num_preempted:-1 - timing_s/agent_loop/slowest/prompt_length:143 - timing_s/agent_loop/slowest/response_length:1524 - timing_s/gen:7.740361607633531 - timing_s/reward:1.7999671399593353e-05 - timing_s/old_log_prob:2.1660765185952187 - timing_s/ref:8.34024933166802 - timing_s/adv:0.003688381053507328 - timing_s/update_actor:8.287378678098321 - timing_s/update_weights:1.2970517966896296 - timing_s/step:27.885362743400037 - timing_s/stop_profile:8.129887282848358e-05 - timing_per_token_ms/update_actor:0.09175371092423021 - timing_per_token_ms/adv:4.083590989468045e-05 - timing_per_token_ms/ref:0.0923390683517639 - timing_per_token_ms/gen:0.1015342446629264 - perf/total_num_tokens:90322 - perf/time_per_step:27.885362743400037 - perf/throughput:3239.0469807095333
[36m(TaskRunner pid=272629)[0m step:140 - global_seqlen/min:104137 - global_seqlen/max:104137 - global_seqlen/minmax_diff:0 - global_seqlen/balanced_min:104137 - global_seqlen/balanced_max:104137 - global_seqlen/mean:104137.0 - actor/entropy:0.07492871582508087 - perf/mfu/actor_infer:0.31656816924297787 - actor/pg_clipfrac:0.00033115069345512893 - actor/ppo_kl:2.9546246310019342e-05 - actor/pg_clipfrac_lower:0.0 - actor/pg_loss:0.014274606364779174 - actor/kl_loss:0.014094057623879053 - actor/kl_coef:0.001 - actor/loss:0.014288695529103279 - actor/grad_norm:0.3602169305086136 - actor/perf/max_memory_allocated_gb:57.544068813323975 - actor/perf/max_memory_reserved_gb:76.59375 - actor/perf/cpu_memory_used_gb:22.615083694458008 - actor/lr:1e-06 - perf/mfu/actor:0.2418682165888758 - training/global_step:140 - training/epoch:1 - critic/score/mean:0.6875 - critic/score/max:1.0 - critic/score/min:0.0 - critic/rewards/mean:0.6875 - critic/rewards/max:1.0 - critic/rewards/min:0.0 - critic/advantages/mean:-0.014211024157702923 - critic/advantages/max:2.4748666286468506 - critic/advantages/min:-2.4748666286468506 - critic/returns/mean:-0.014211024157702923 - critic/returns/max:2.4748666286468506 - critic/returns/min:-2.4748666286468506 - response_length/mean:695.0703125 - response_length/max:2002.0 - response_length/min:207.0 - response_length/clip_ratio:0.0 - response_length_non_aborted/mean:695.0703125 - response_length_non_aborted/max:2002.0 - response_length_non_aborted/min:207.0 - response_length_non_aborted/clip_ratio:0.0 - response/aborted_ratio:0.0 - prompt_length/mean:118.5 - prompt_length/max:312.0 - prompt_length/min:61.0 - prompt_length/clip_ratio:0.0 - num_turns/min:2 - num_turns/max:2 - num_turns/mean:2.0 - timing_s/start_profile:8.337944746017456e-05 - timing_s/agent_loop/num_preempted/min:-1 - timing_s/agent_loop/num_preempted/max:-1 - timing_s/agent_loop/num_preempted/mean:-1.0 - timing_s/agent_loop/generate_sequences/min:1.3563348660245538 - timing_s/agent_loop/generate_sequences/max:9.319552053697407 - timing_s/agent_loop/generate_sequences/mean:3.9096567041269736 - timing_s/agent_loop/tool_calls/min:0.0 - timing_s/agent_loop/tool_calls/max:0.0 - timing_s/agent_loop/tool_calls/mean:0.0 - timing_s/agent_loop/compute_score/min:0.004201584495604038 - timing_s/agent_loop/compute_score/max:0.013298778794705868 - timing_s/agent_loop/compute_score/mean:0.005942778276221361 - timing_s/agent_loop/slowest/generate_sequences:9.319552053697407 - timing_s/agent_loop/slowest/tool_calls:0.0 - timing_s/agent_loop/slowest/compute_score:0.0074221910908818245 - timing_s/agent_loop/slowest/num_preempted:-1 - timing_s/agent_loop/slowest/prompt_length:165 - timing_s/agent_loop/slowest/response_length:2002 - timing_s/gen:9.911889945156872 - timing_s/reward:1.6858801245689392e-05 - timing_s/old_log_prob:2.4124056342989206 - timing_s/ref:8.39160932134837 - timing_s/adv:0.003688480705022812 - timing_s/update_actor:9.640309057198465 - timing_s/update_weights:1.2992513747885823 - timing_s/step:31.70892906282097 - timing_s/stop_profile:8.156895637512207e-05 - timing_per_token_ms/update_actor:0.09257333183401159 - timing_per_token_ms/adv:3.5419502242457646e-05 - timing_per_token_ms/ref:0.08058239935227987 - timing_per_token_ms/gen:0.11140835510297825 - perf/total_num_tokens:104137 - perf/time_per_step:31.70892906282097 - perf/throughput:3284.1538039233765
[36m(TaskRunner pid=272629)[0m Training Progress:  70%|███████   | 141/200 [1:13:01<30:30, 31.03s/it]
[36m(WorkerDict pid=273039)[0m INFO:2026-07-28 17:09:31,599:update_weights done, time cost: 0.52s
[36m(TaskRunner pid=272629)[0m Training Progress:  71%|███████   | 142/200 [1:13:32<30:07, 31.16s/it]
[36m(WorkerDict pid=273039)[0m INFO:2026-07-28 17:10:02,742:update_weights done, time cost: 0.52s
[36m(TaskRunner pid=272629)[0m step:141 - global_seqlen/min:111581 - global_seqlen/max:111581 - global_seqlen/minmax_diff:0 - global_seqlen/balanced_min:111581 - global_seqlen/balanced_max:111581 - global_seqlen/mean:111581.0 - actor/entropy:0.08379483968019485 - perf/mfu/actor_infer:0.322209757400203 - actor/pg_clipfrac:0.0007065288837111439 - actor/ppo_kl:-8.905269396564108e-06 - actor/pg_clipfrac_lower:0.0 - actor/pg_loss:-0.0042178270377917215 - actor/kl_loss:0.01370428953669034 - actor/kl_coef:0.001 - actor/loss:-0.004204122349619865 - actor/grad_norm:0.4354730695486069 - actor/perf/max_memory_allocated_gb:57.544068813323975 - actor/perf/max_memory_reserved_gb:76.59375 - actor/perf/cpu_memory_used_gb:22.621707916259766 - actor/lr:1e-06 - perf/mfu/actor:0.2491929622880326 - training/global_step:141 - training/epoch:1 - critic/score/mean:0.46875 - critic/score/max:1.0 - critic/score/min:0.0 - critic/rewards/mean:0.46875 - critic/rewards/max:1.0 - critic/rewards/min:0.0 - critic/advantages/mean:0.0044883843511343 - critic/advantages/max:1.6201815605163574 - critic/advantages/min:-2.4748666286468506 - critic/returns/mean:0.0044883843511343 - critic/returns/max:1.6201815605163574 - critic/returns/min:-2.4748666286468506 - response_length/mean:759.2890625 - response_length/max:2048.0 - response_length/min:257.0 - response_length/clip_ratio:0.015625 - response_length_non_aborted/mean:759.2890625 - response_length_non_aborted/max:2048.0 - response_length_non_aborted/min:257.0 - response_length_non_aborted/clip_ratio:0.015625 - response/aborted_ratio:0.0 - prompt_length/mean:112.4375 - prompt_length/max:387.0 - prompt_length/min:65.0 - prompt_length/clip_ratio:0.0 - num_turns/min:2 - num_turns/max:2 - num_turns/mean:2.0 - timing_s/start_profile:8.228886872529984e-05 - timing_s/agent_loop/num_preempted/min:-1 - timing_s/agent_loop/num_preempted/max:-1 - timing_s/agent_loop/num_preempted/mean:-1.0 - timing_s/agent_loop/generate_sequences/min:1.6652456521987915 - timing_s/agent_loop/generate_sequences/max:9.714914075098932 - timing_s/agent_loop/generate_sequences/mean:4.392550187134475 - timing_s/agent_loop/tool_calls/min:0.0 - timing_s/agent_loop/tool_calls/max:0.0 - timing_s/agent_loop/tool_calls/mean:0.0 - timing_s/agent_loop/compute_score/min:0.0045333318412303925 - timing_s/agent_loop/compute_score/max:0.014106660149991512 - timing_s/agent_loop/compute_score/mean:0.005942971503827721 - timing_s/agent_loop/slowest/generate_sequences:9.714914075098932 - timing_s/agent_loop/slowest/tool_calls:0.0 - timing_s/agent_loop/slowest/compute_score:0.007924284785985947 - timing_s/agent_loop/slowest/num_preempted:-1 - timing_s/agent_loop/slowest/prompt_length:65 - timing_s/agent_loop/slowest/response_length:2048 - timing_s/gen:10.300616099499166 - timing_s/reward:1.711025834083557e-05 - timing_s/old_log_prob:2.5389521960169077 - timing_s/ref:8.438289401121438 - timing_s/adv:0.0036686817184090614 - timing_s/update_actor:9.655666132457554 - timing_s/update_weights:1.27451950032264 - timing_s/step:32.2623355994001 - timing_s/stop_profile:7.630884647369385e-05 - timing_per_token_ms/update_actor:0.08653503851424127 - timing_per_token_ms/adv:3.287908979493876e-05 - timing_per_token_ms/ref:0.07562478738424497 - timing_per_token_ms/gen:0.10598541089525734 - perf/total_num_tokens:111581 - perf/time_per_step:32.2623355994001 - perf/throughput:3458.553075186372
[36m(TaskRunner pid=272629)[0m step:142 - global_seqlen/min:106464 - global_seqlen/max:106464 - global_seqlen/minmax_diff:0 - global_seqlen/balanced_min:106464 - global_seqlen/balanced_max:106464 - global_seqlen/mean:106464.0 - actor/entropy:0.07874074578285217 - perf/mfu/actor_infer:0.3199187483980277 - actor/pg_clipfrac:0.00031552195378026227 - actor/ppo_kl:-4.4547062998390174e-06 - actor/pg_clipfrac_lower:2.2226173314265907e-05 - actor/pg_loss:-0.013667709950823337 - actor/kl_loss:0.016598349349806085 - actor/kl_coef:0.001 - actor/loss:-0.013651113957166672 - actor/grad_norm:0.38496655225753784 - actor/perf/max_memory_allocated_gb:57.544068813323975 - actor/perf/max_memory_reserved_gb:76.59375 - actor/perf/cpu_memory_used_gb:22.62279510498047 - actor/lr:1e-06 - perf/mfu/actor:0.24866060904007564 - training/global_step:142 - training/epoch:1 - critic/score/mean:0.5703125 - critic/score/max:1.0 - critic/score/min:0.0 - critic/rewards/mean:0.5703125 - critic/rewards/max:1.0 - critic/rewards/min:0.0 - critic/advantages/mean:0.012956361286342144 - critic/advantages/max:2.4748666286468506 - critic/advantages/min:-1.6201815605163574 - critic/returns/mean:0.012956361286342144 - critic/returns/max:2.4748666286468506 - critic/returns/min:-1.6201815605163574 - response_length/mean:707.5625 - response_length/max:2048.0 - response_length/min:311.0 - response_length/clip_ratio:0.0078125 - response_length_non_aborted/mean:707.5625 - response_length_non_aborted/max:2048.0 - response_length_non_aborted/min:311.0 - response_length_non_aborted/clip_ratio:0.0078125 - response/aborted_ratio:0.0 - prompt_length/mean:124.1875 - prompt_length/max:560.0 - prompt_length/min:70.0 - prompt_length/clip_ratio:0.0 - num_turns/min:2 - num_turns/max:2 - num_turns/mean:2.0 - timing_s/start_profile:7.702875882387161e-05 - timing_s/agent_loop/num_preempted/min:-1 - timing_s/agent_loop/num_preempted/max:-1 - timing_s/agent_loop/num_preempted/mean:-1.0 - timing_s/agent_loop/generate_sequences/min:2.02309890743345 - timing_s/agent_loop/generate_sequences/max:9.46808450575918 - timing_s/agent_loop/generate_sequences/mean:4.136702721727488 - timing_s/agent_loop/tool_calls/min:0.0 - timing_s/agent_loop/tool_calls/max:0.0 - timing_s/agent_loop/tool_calls/mean:0.0 - timing_s/agent_loop/compute_score/min:0.004012207500636578 - timing_s/agent_loop/compute_score/max:0.011253200471401215 - timing_s/agent_loop/compute_score/mean:0.00583334580733208 - timing_s/agent_loop/slowest/generate_sequences:9.46808450575918 - timing_s/agent_loop/slowest/tool_calls:0.0 - timing_s/agent_loop/slowest/compute_score:0.008947275578975677 - timing_s/agent_loop/slowest/num_preempted:-1 - timing_s/agent_loop/slowest/prompt_length:91 - timing_s/agent_loop/slowest/response_length:2048 - timing_s/gen:10.062291358597577 - timing_s/reward:1.6570091247558594e-05 - timing_s/old_log_prob:2.4437502939254045 - timing_s/ref:8.399955946952105 - timing_s/adv:0.003656551241874695 - timing_s/update_actor:9.215065066702664 - timing_s/update_weights:1.266467036679387 - timing_s/step:31.442513986490667 - timing_s/stop_profile:7.804017513990402e-05 - timing_per_token_ms/update_actor:0.08655569081288195 - timing_per_token_ms/adv:3.4345424198552516e-05 - timing_per_token_ms/ref:0.07889949604516179 - timing_per_token_ms/gen:0.11110205987321765 - perf/total_num_tokens:106464 - perf/time_per_step:31.442513986490667 - perf/throughput:3385.988793572373
[36m(TaskRunner pid=272629)[0m Training Progress:  72%|███████▏  | 143/200 [1:14:03<29:35, 31.15s/it]
[36m(WorkerDict pid=273039)[0m INFO:2026-07-28 17:10:36,553:update_weights done, time cost: 0.52s
[36m(TaskRunner pid=272629)[0m Training Progress:  72%|███████▏  | 144/200 [1:14:37<29:49, 31.95s/it]
[36m(WorkerDict pid=273039)[0m INFO:2026-07-28 17:11:08,084:update_weights done, time cost: 0.52s
[36m(TaskRunner pid=272629)[0m step:143 - global_seqlen/min:102669 - global_seqlen/max:102669 - global_seqlen/minmax_diff:0 - global_seqlen/balanced_min:102669 - global_seqlen/balanced_max:102669 - global_seqlen/mean:102669.0 - actor/entropy:0.08881387114524841 - perf/mfu/actor_infer:0.31517026174640755 - actor/pg_clipfrac:0.0007691425753364456 - actor/ppo_kl:-2.849065175070109e-05 - actor/pg_clipfrac_lower:0.0 - actor/pg_loss:0.041762840904993936 - actor/kl_loss:0.016445006505819038 - actor/kl_coef:0.001 - actor/loss:0.04177928902208805 - actor/grad_norm:0.4463088810443878 - actor/perf/max_memory_allocated_gb:57.544068813323975 - actor/perf/max_memory_reserved_gb:76.59375 - actor/perf/cpu_memory_used_gb:22.636974334716797 - actor/lr:1e-06 - perf/mfu/actor:0.24276203568380306 - training/global_step:143 - training/epoch:1 - critic/score/mean:0.5703125 - critic/score/max:1.0 - critic/score/min:0.0 - critic/rewards/mean:0.5703125 - critic/rewards/max:1.0 - critic/rewards/min:0.0 - critic/advantages/mean:-0.04051665961742401 - critic/advantages/max:1.6201815605163574 - critic/advantages/min:-2.4748666286468506 - critic/returns/mean:-0.04051665961742401 - critic/returns/max:1.6201815605163574 - critic/returns/min:-2.4748666286468506 - response_length/mean:668.1640625 - response_length/max:2048.0 - response_length/min:236.0 - response_length/clip_ratio:0.0078125 - response_length_non_aborted/mean:668.1640625 - response_length_non_aborted/max:2048.0 - response_length_non_aborted/min:236.0 - response_length_non_aborted/clip_ratio:0.0078125 - response/aborted_ratio:0.0 - prompt_length/mean:133.9375 - prompt_length/max:388.0 - prompt_length/min:56.0 - prompt_length/clip_ratio:0.0 - num_turns/min:2 - num_turns/max:2 - num_turns/mean:2.0 - timing_s/start_profile:7.877964526414871e-05 - timing_s/agent_loop/num_preempted/min:-1 - timing_s/agent_loop/num_preempted/max:-1 - timing_s/agent_loop/num_preempted/mean:-1.0 - timing_s/agent_loop/generate_sequences/min:1.5349366255104542 - timing_s/agent_loop/generate_sequences/max:9.361171980388463 - timing_s/agent_loop/generate_sequences/mean:3.7461565464909654 - timing_s/agent_loop/tool_calls/min:0.0 - timing_s/agent_loop/tool_calls/max:0.0 - timing_s/agent_loop/tool_calls/mean:0.0 - timing_s/agent_loop/compute_score/min:0.0038378890603780746 - timing_s/agent_loop/compute_score/max:0.013719934038817883 - timing_s/agent_loop/compute_score/mean:0.0060723775895894505 - timing_s/agent_loop/slowest/generate_sequences:9.361171980388463 - timing_s/agent_loop/slowest/tool_calls:0.0 - timing_s/agent_loop/slowest/compute_score:0.008023823611438274 - timing_s/agent_loop/slowest/num_preempted:-1 - timing_s/agent_loop/slowest/prompt_length:119 - timing_s/agent_loop/slowest/response_length:2048 - timing_s/gen:9.940693032927811 - timing_s/reward:1.666974276304245e-05 - timing_s/old_log_prob:2.386488536372781 - timing_s/ref:8.378375282511115 - timing_s/adv:0.00369121041148901 - timing_s/update_actor:9.107904756441712 - timing_s/update_weights:1.2623053025454283 - timing_s/step:31.13045694679022 - timing_s/stop_profile:8.068885654211044e-05 - timing_per_token_ms/update_actor:0.08871134185042917 - timing_per_token_ms/adv:3.595253106087533e-05 - timing_per_token_ms/ref:0.08160569677810357 - timing_per_token_ms/gen:0.11623142979161427 - perf/total_num_tokens:102669 - perf/time_per_step:31.13045694679022 - perf/throughput:3298.02418819252
[36m(TaskRunner pid=272629)[0m step:144 - global_seqlen/min:125841 - global_seqlen/max:125841 - global_seqlen/minmax_diff:0 - global_seqlen/balanced_min:125841 - global_seqlen/balanced_max:125841 - global_seqlen/mean:125841.0 - actor/entropy:0.09091600775718689 - perf/mfu/actor_infer:0.3299945310967887 - actor/pg_clipfrac:0.00029082778473821236 - actor/ppo_kl:7.995140109073873e-05 - actor/pg_clipfrac_lower:0.0 - actor/pg_loss:0.020743273096741177 - actor/kl_loss:0.013706074285437353 - actor/kl_coef:0.001 - actor/loss:0.020756984129548073 - actor/grad_norm:0.3841729015111923 - actor/perf/max_memory_allocated_gb:57.544068813323975 - actor/perf/max_memory_reserved_gb:76.59375 - actor/perf/cpu_memory_used_gb:22.633075714111328 - actor/lr:1e-06 - perf/mfu/actor:0.25699618308279226 - training/global_step:144 - training/epoch:1 - critic/score/mean:0.40625 - critic/score/max:1.0 - critic/score/min:0.0 - critic/rewards/mean:0.40625 - critic/rewards/max:1.0 - critic/rewards/min:0.0 - critic/advantages/mean:-0.02087199129164219 - critic/advantages/max:2.4748666286468506 - critic/advantages/min:-1.6201815605163574 - critic/returns/mean:-0.02087199129164219 - critic/returns/max:2.4748666286468506 - critic/returns/min:-1.6201815605163574 - response_length/mean:842.6328125 - response_length/max:2048.0 - response_length/min:147.0 - response_length/clip_ratio:0.0390625 - response_length_non_aborted/mean:842.6328125 - response_length_non_aborted/max:2048.0 - response_length_non_aborted/min:147.0 - response_length_non_aborted/clip_ratio:0.0390625 - response/aborted_ratio:0.0 - prompt_length/mean:140.5 - prompt_length/max:729.0 - prompt_length/min:62.0 - prompt_length/clip_ratio:0.0 - num_turns/min:2 - num_turns/max:2 - num_turns/mean:2.0 - timing_s/start_profile:0.00017206836491823196 - timing_s/agent_loop/num_preempted/min:-1 - timing_s/agent_loop/num_preempted/max:-1 - timing_s/agent_loop/num_preempted/mean:-1.0 - timing_s/agent_loop/generate_sequences/min:0.9597524283453822 - timing_s/agent_loop/generate_sequences/max:10.068764535710216 - timing_s/agent_loop/generate_sequences/mean:4.880631702631945 - timing_s/agent_loop/tool_calls/min:0.0 - timing_s/agent_loop/tool_calls/max:0.0 - timing_s/agent_loop/tool_calls/mean:0.0 - timing_s/agent_loop/compute_score/min:0.004473041743040085 - timing_s/agent_loop/compute_score/max:0.013390167616307735 - timing_s/agent_loop/compute_score/mean:0.005992319085635245 - timing_s/agent_loop/slowest/generate_sequences:10.068764535710216 - timing_s/agent_loop/slowest/tool_calls:0.0 - timing_s/agent_loop/slowest/compute_score:0.005438261665403843 - timing_s/agent_loop/slowest/num_preempted:-1 - timing_s/agent_loop/slowest/prompt_length:169 - timing_s/agent_loop/slowest/response_length:2048 - timing_s/gen:10.63415485713631 - timing_s/reward:1.924857497215271e-05 - timing_s/old_log_prob:2.7984994146972895 - timing_s/ref:8.497799874283373 - timing_s/adv:0.00369368027895689 - timing_s/update_actor:10.55783895496279 - timing_s/update_weights:1.2629648568108678 - timing_s/step:33.80540522187948 - timing_s/stop_profile:7.653888314962387e-05 - timing_per_token_ms/update_actor:0.08389824425237236 - timing_per_token_ms/adv:2.9351962229773207e-05 - timing_per_token_ms/ref:0.06752807013837599 - timing_per_token_ms/gen:0.09859494383430198 - perf/total_num_tokens:125841 - perf/time_per_step:33.80540522187948 - perf/throughput:3722.511213045699
[36m(TaskRunner pid=272629)[0m Training Progress:  72%|███████▎  | 145/200 [1:15:08<29:10, 31.83s/it]
[36m(WorkerDict pid=273039)[0m INFO:2026-07-28 17:11:39,480:update_weights done, time cost: 0.53s
[36m(TaskRunner pid=272629)[0m Training Progress:  73%|███████▎  | 146/200 [1:15:40<28:31, 31.69s/it]
[36m(WorkerDict pid=273039)[0m INFO:2026-07-28 17:12:13,102:update_weights done, time cost: 0.53s
[36m(TaskRunner pid=272629)[0m step:145 - global_seqlen/min:107116 - global_seqlen/max:107116 - global_seqlen/minmax_diff:0 - global_seqlen/balanced_min:107116 - global_seqlen/balanced_max:107116 - global_seqlen/mean:107116.0 - actor/entropy:0.09522926062345505 - perf/mfu/actor_infer:0.3196009289877091 - actor/pg_clipfrac:0.0002223505980509799 - actor/ppo_kl:-1.732000988852178e-05 - actor/pg_clipfrac_lower:0.0 - actor/pg_loss:0.010486148821655661 - actor/kl_loss:0.016665239032590762 - actor/kl_coef:0.001 - actor/loss:0.010502809658646584 - actor/grad_norm:0.29785822331905365 - actor/perf/max_memory_allocated_gb:57.544068813323975 - actor/perf/max_memory_reserved_gb:76.59375 - actor/perf/cpu_memory_used_gb:22.63576316833496 - actor/lr:1e-06 - perf/mfu/actor:0.24709576263103433 - training/global_step:145 - training/epoch:1 - critic/score/mean:0.5625 - critic/score/max:1.0 - critic/score/min:0.0 - critic/rewards/mean:0.5625 - critic/rewards/max:1.0 - critic/rewards/min:0.0 - critic/advantages/mean:-0.010648333467543125 - critic/advantages/max:1.6201815605163574 - critic/advantages/min:-2.4748666286468506 - critic/returns/mean:-0.010648333467543125 - critic/returns/max:1.6201815605163574 - critic/returns/min:-2.4748666286468506 - response_length/mean:674.65625 - response_length/max:2048.0 - response_length/min:243.0 - response_length/clip_ratio:0.0390625 - response_length_non_aborted/mean:674.65625 - response_length_non_aborted/max:2048.0 - response_length_non_aborted/min:243.0 - response_length_non_aborted/clip_ratio:0.0390625 - response/aborted_ratio:0.0 - prompt_length/mean:162.1875 - prompt_length/max:618.0 - prompt_length/min:61.0 - prompt_length/clip_ratio:0.0 - num_turns/min:2 - num_turns/max:2 - num_turns/mean:2.0 - timing_s/start_profile:7.555913180112839e-05 - timing_s/agent_loop/num_preempted/min:-1 - timing_s/agent_loop/num_preempted/max:-1 - timing_s/agent_loop/num_preempted/mean:-1.0 - timing_s/agent_loop/generate_sequences/min:1.567913694307208 - timing_s/agent_loop/generate_sequences/max:9.407435932196677 - timing_s/agent_loop/generate_sequences/mean:3.8227436564775417 - timing_s/agent_loop/tool_calls/min:0.0 - timing_s/agent_loop/tool_calls/max:0.0 - timing_s/agent_loop/tool_calls/mean:0.0 - timing_s/agent_loop/compute_score/min:0.00459935050457716 - timing_s/agent_loop/compute_score/max:0.021147645078599453 - timing_s/agent_loop/compute_score/mean:0.006080596904212143 - timing_s/agent_loop/slowest/generate_sequences:9.407435932196677 - timing_s/agent_loop/slowest/tool_calls:0.0 - timing_s/agent_loop/slowest/compute_score:0.007801246829330921 - timing_s/agent_loop/slowest/num_preempted:-1 - timing_s/agent_loop/slowest/prompt_length:165 - timing_s/agent_loop/slowest/response_length:2048 - timing_s/gen:9.990787993185222 - timing_s/reward:1.750979572534561e-05 - timing_s/old_log_prob:2.4607223784551024 - timing_s/ref:8.40549078490585 - timing_s/adv:0.003692501224577427 - timing_s/update_actor:9.346356457099319 - timing_s/update_weights:1.275562153197825 - timing_s/step:31.534172636456788 - timing_s/stop_profile:7.780920714139938e-05 - timing_per_token_ms/update_actor:0.08725453206896559 - timing_per_token_ms/adv:3.44719857404816e-05 - timing_per_token_ms/ref:0.07847091736907512 - timing_per_token_ms/gen:0.11569303804235052 - perf/total_num_tokens:107116 - perf/time_per_step:31.534172636456788 - perf/throughput:3396.822908115964
[36m(TaskRunner pid=272629)[0m step:146 - global_seqlen/min:101905 - global_seqlen/max:101905 - global_seqlen/minmax_diff:0 - global_seqlen/balanced_min:101905 - global_seqlen/balanced_max:101905 - global_seqlen/mean:101905.0 - actor/entropy:0.08160381764173508 - perf/mfu/actor_infer:0.31514651962359624 - actor/pg_clipfrac:0.0005509179727596347 - actor/ppo_kl:-6.7745895648840815e-06 - actor/pg_clipfrac_lower:0.0 - actor/pg_loss:0.05118932540062815 - actor/kl_loss:0.015254619880579412 - actor/kl_coef:0.001 - actor/loss:0.05120457336306572 - actor/grad_norm:0.46587471663951874 - actor/perf/max_memory_allocated_gb:57.544068813323975 - actor/perf/max_memory_reserved_gb:76.59375 - actor/perf/cpu_memory_used_gb:22.64366912841797 - actor/lr:1e-06 - perf/mfu/actor:0.24398440144701952 - training/global_step:146 - training/epoch:1 - critic/score/mean:0.65625 - critic/score/max:1.0 - critic/score/min:0.0 - critic/rewards/mean:0.65625 - critic/rewards/max:1.0 - critic/rewards/min:0.0 - critic/advantages/mean:-0.05010251700878143 - critic/advantages/max:2.4748666286468506 - critic/advantages/min:-2.4748666286468506 - critic/returns/mean:-0.05010251700878143 - critic/returns/max:2.4748666286468506 - critic/returns/min:-2.4748666286468506 - response_length/mean:670.6953125 - response_length/max:2048.0 - response_length/min:227.0 - response_length/clip_ratio:0.0078125 - response_length_non_aborted/mean:670.6953125 - response_length_non_aborted/max:2048.0 - response_length_non_aborted/min:227.0 - response_length_non_aborted/clip_ratio:0.0078125 - response/aborted_ratio:0.0 - prompt_length/mean:125.4375 - prompt_length/max:392.0 - prompt_length/min:71.0 - prompt_length/clip_ratio:0.0 - num_turns/min:2 - num_turns/max:2 - num_turns/mean:2.0 - timing_s/start_profile:8.391868323087692e-05 - timing_s/agent_loop/num_preempted/min:-1 - timing_s/agent_loop/num_preempted/max:-1 - timing_s/agent_loop/num_preempted/mean:-1.0 - timing_s/agent_loop/generate_sequences/min:1.470470524393022 - timing_s/agent_loop/generate_sequences/max:9.376969921402633 - timing_s/agent_loop/generate_sequences/mean:3.9238088888087077 - timing_s/agent_loop/tool_calls/min:0.0 - timing_s/agent_loop/tool_calls/max:0.0 - timing_s/agent_loop/tool_calls/mean:0.0 - timing_s/agent_loop/compute_score/min:0.004557941108942032 - timing_s/agent_loop/compute_score/max:0.013713253661990166 - timing_s/agent_loop/compute_score/mean:0.005726304647396319 - timing_s/agent_loop/slowest/generate_sequences:9.376969921402633 - timing_s/agent_loop/slowest/tool_calls:0.0 - timing_s/agent_loop/slowest/compute_score:0.008875325322151184 - timing_s/agent_loop/slowest/num_preempted:-1 - timing_s/agent_loop/slowest/prompt_length:100 - timing_s/agent_loop/slowest/response_length:2048 - timing_s/gen:9.955990909598768 - timing_s/reward:1.7520040273666382e-05 - timing_s/old_log_prob:2.3722862815484405 - timing_s/ref:8.742571456357837 - timing_s/adv:0.003662670962512493 - timing_s/update_actor:8.987225390970707 - timing_s/update_weights:1.2649322971701622 - timing_s/step:31.376254010014236 - timing_s/stop_profile:7.840897887945175e-05 - timing_per_token_ms/update_actor:0.08819219263991666 - timing_per_token_ms/adv:3.594201425359397e-05 - timing_per_token_ms/ref:0.08579138861054744 - timing_per_token_ms/gen:0.11597095958716779 - perf/total_num_tokens:101905 - perf/time_per_step:31.376254010014236 - perf/throughput:3247.8383164375
[36m(TaskRunner pid=272629)[0m Training Progress:  74%|███████▎  | 147/200 [1:16:13<28:30, 32.27s/it]
[36m(WorkerDict pid=273039)[0m INFO:2026-07-28 17:12:43,665:update_weights done, time cost: 0.53s
[36m(TaskRunner pid=272629)[0m Training Progress:  74%|███████▍  | 148/200 [1:16:44<27:31, 31.77s/it]
[36m(WorkerDict pid=273039)[0m INFO:2026-07-28 17:13:17,985:update_weights done, time cost: 0.52s
[36m(TaskRunner pid=272629)[0m step:147 - global_seqlen/min:125884 - global_seqlen/max:125884 - global_seqlen/minmax_diff:0 - global_seqlen/balanced_min:125884 - global_seqlen/balanced_max:125884 - global_seqlen/mean:125884.0 - actor/entropy:0.10773354023694992 - perf/mfu/actor_infer:0.33128711000109684 - actor/pg_clipfrac:0.0003136901468678843 - actor/ppo_kl:-2.6481243139642174e-05 - actor/pg_clipfrac_lower:0.0 - actor/pg_loss:-0.004143812118854839 - actor/kl_loss:0.016199523422983475 - actor/kl_coef:0.001 - actor/loss:-0.004127612337470055 - actor/grad_norm:0.30648042261600494 - actor/perf/max_memory_allocated_gb:57.544068813323975 - actor/perf/max_memory_reserved_gb:76.59375 - actor/perf/cpu_memory_used_gb:22.652812957763672 - actor/lr:1e-06 - perf/mfu/actor:0.2591381646768751 - training/global_step:147 - training/epoch:1 - critic/score/mean:0.3671875 - critic/score/max:1.0 - critic/score/min:0.0 - critic/rewards/mean:0.3671875 - critic/rewards/max:1.0 - critic/rewards/min:0.0 - critic/advantages/mean:0.0039990125223994255 - critic/advantages/max:2.4748666286468506 - critic/advantages/min:-2.4748666286468506 - critic/returns/mean:0.0039990125223994255 - critic/returns/max:2.4748666286468506 - critic/returns/min:-2.4748666286468506 - response_length/mean:823.59375 - response_length/max:2048.0 - response_length/min:306.0 - response_length/clip_ratio:0.015625 - response_length_non_aborted/mean:823.59375 - response_length_non_aborted/max:2048.0 - response_length_non_aborted/min:306.0 - response_length_non_aborted/clip_ratio:0.015625 - response/aborted_ratio:0.0 - prompt_length/mean:159.875 - prompt_length/max:321.0 - prompt_length/min:62.0 - prompt_length/clip_ratio:0.0 - num_turns/min:2 - num_turns/max:2 - num_turns/mean:2.0 - timing_s/start_profile:8.030049502849579e-05 - timing_s/agent_loop/num_preempted/min:-1 - timing_s/agent_loop/num_preempted/max:-1 - timing_s/agent_loop/num_preempted/mean:-1.0 - timing_s/agent_loop/generate_sequences/min:1.980341300368309 - timing_s/agent_loop/generate_sequences/max:9.971023545600474 - timing_s/agent_loop/generate_sequences/mean:4.865915598151332 - timing_s/agent_loop/tool_calls/min:0.0 - timing_s/agent_loop/tool_calls/max:0.0 - timing_s/agent_loop/tool_calls/mean:0.0 - timing_s/agent_loop/compute_score/min:0.004737759940326214 - timing_s/agent_loop/compute_score/max:0.01323538925498724 - timing_s/agent_loop/compute_score/mean:0.006040021529770456 - timing_s/agent_loop/slowest/generate_sequences:9.971023545600474 - timing_s/agent_loop/slowest/tool_calls:0.0 - timing_s/agent_loop/slowest/compute_score:0.007361691445112228 - timing_s/agent_loop/slowest/num_preempted:-1 - timing_s/agent_loop/slowest/prompt_length:70 - timing_s/agent_loop/slowest/response_length:2048 - timing_s/gen:10.560239844955504 - timing_s/reward:1.7589889466762543e-05 - timing_s/old_log_prob:2.7809126479551196 - timing_s/ref:8.494181239977479 - timing_s/adv:0.003705729730427265 - timing_s/update_actor:10.460646822117269 - timing_s/update_weights:1.2699756836518645 - timing_s/step:33.620749013498425 - timing_s/stop_profile:8.1588514149189e-05 - timing_per_token_ms/update_actor:0.08309750899333727 - timing_per_token_ms/adv:2.9437654749032962e-05 - timing_per_token_ms/ref:0.06747625782448508 - timing_per_token_ms/gen:0.10017302072619526 - perf/total_num_tokens:125884 - perf/time_per_step:33.620749013498425 - perf/throughput:3744.235440723189
[36m(TaskRunner pid=272629)[0m step:148 - global_seqlen/min:96805 - global_seqlen/max:96805 - global_seqlen/minmax_diff:0 - global_seqlen/balanced_min:96805 - global_seqlen/balanced_max:96805 - global_seqlen/mean:96805.0 - actor/entropy:0.07300015538930893 - perf/mfu/actor_infer:0.31095424317418874 - actor/pg_clipfrac:0.0004315332730584487 - actor/ppo_kl:7.173908308288901e-05 - actor/pg_clipfrac_lower:0.0 - actor/pg_loss:0.004519968060776591 - actor/kl_loss:0.013425831224594731 - actor/kl_coef:0.001 - actor/loss:0.004533391445875168 - actor/grad_norm:0.35064446926116943 - actor/perf/max_memory_allocated_gb:57.544068813323975 - actor/perf/max_memory_reserved_gb:76.59375 - actor/perf/cpu_memory_used_gb:22.693239212036133 - actor/lr:1e-06 - perf/mfu/actor:0.23963413389655341 - training/global_step:148 - training/epoch:1 - critic/score/mean:0.6328125 - critic/score/max:1.0 - critic/score/min:0.0 - critic/rewards/mean:0.6328125 - critic/rewards/max:1.0 - critic/rewards/min:0.0 - critic/advantages/mean:-0.004773380700498819 - critic/advantages/max:2.4748666286468506 - critic/advantages/min:-2.4748666286468506 - critic/returns/mean:-0.004773380700498819 - critic/returns/max:2.4748666286468506 - critic/returns/min:-2.4748666286468506 - response_length/mean:659.3515625 - response_length/max:2048.0 - response_length/min:276.0 - response_length/clip_ratio:0.0078125 - response_length_non_aborted/mean:659.3515625 - response_length_non_aborted/max:2048.0 - response_length_non_aborted/min:276.0 - response_length_non_aborted/clip_ratio:0.0078125 - response/aborted_ratio:0.0 - prompt_length/mean:96.9375 - prompt_length/max:171.0 - prompt_length/min:63.0 - prompt_length/clip_ratio:0.0 - num_turns/min:2 - num_turns/max:2 - num_turns/mean:2.0 - timing_s/start_profile:0.0001627681776881218 - timing_s/agent_loop/num_preempted/min:-1 - timing_s/agent_loop/num_preempted/max:-1 - timing_s/agent_loop/num_preempted/mean:-1.0 - timing_s/agent_loop/generate_sequences/min:1.772806284017861 - timing_s/agent_loop/generate_sequences/max:9.298730998300016 - timing_s/agent_loop/generate_sequences/mean:3.7371504000766436 - timing_s/agent_loop/tool_calls/min:0.0 - timing_s/agent_loop/tool_calls/max:0.0 - timing_s/agent_loop/tool_calls/mean:0.0 - timing_s/agent_loop/compute_score/min:0.004342513158917427 - timing_s/agent_loop/compute_score/max:0.013281699270009995 - timing_s/agent_loop/compute_score/mean:0.005785911540442612 - timing_s/agent_loop/slowest/generate_sequences:9.298730998300016 - timing_s/agent_loop/slowest/tool_calls:0.0 - timing_s/agent_loop/slowest/compute_score:0.008076624013483524 - timing_s/agent_loop/slowest/num_preempted:-1 - timing_s/agent_loop/slowest/prompt_length:86 - timing_s/agent_loop/slowest/response_length:2048 - timing_s/gen:9.900162566453218 - timing_s/reward:1.6060657799243927e-05 - timing_s/old_log_prob:2.281503051519394 - timing_s/ref:8.347564026713371 - timing_s/adv:0.0036680810153484344 - timing_s/update_actor:8.699343040585518 - timing_s/update_weights:1.2922573667019606 - timing_s/step:30.57501266617328 - timing_s/stop_profile:7.64988362789154e-05 - timing_per_token_ms/update_actor:0.08986460452027806 - timing_per_token_ms/adv:3.7891441716320795e-05 - timing_per_token_ms/ref:0.08623071149954414 - timing_per_token_ms/gen:0.11730467393927768 - perf/total_num_tokens:96805 - perf/time_per_step:30.57501266617328 - perf/throughput:3166.1475027645824
[36m(TaskRunner pid=272629)[0m Training Progress:  74%|███████▍  | 149/200 [1:17:18<27:38, 32.53s/it]
[36m(WorkerDict pid=273039)[0m INFO:2026-07-28 17:13:46,189:update_weights done, time cost: 0.51s
[36m(TaskRunner pid=272629)[0m Training Progress:  75%|███████▌  | 150/200 [1:17:47<26:01, 31.23s/it]
[36m(WorkerDict pid=273039)[0m INFO:2026-07-28 17:14:16,976:update_weights done, time cost: 0.52s
[36m(TaskRunner pid=272629)[0m step:149 - global_seqlen/min:129361 - global_seqlen/max:129361 - global_seqlen/minmax_diff:0 - global_seqlen/balanced_min:129361 - global_seqlen/balanced_max:129361 - global_seqlen/mean:129361.0 - actor/entropy:0.061791159212589264 - perf/mfu/actor_infer:0.33306939764364757 - actor/pg_clipfrac:0.00021237352302705403 - actor/ppo_kl:-4.738029946338429e-05 - actor/pg_clipfrac_lower:0.0 - actor/pg_loss:0.019663486746139824 - actor/kl_loss:0.01453148273867555 - actor/kl_coef:0.001 - actor/loss:0.019678018055856228 - actor/grad_norm:0.3030771166086197 - actor/perf/max_memory_allocated_gb:57.544068813323975 - actor/perf/max_memory_reserved_gb:76.59375 - actor/perf/cpu_memory_used_gb:22.657697677612305 - actor/lr:1e-06 - perf/mfu/actor:0.25984000883987 - training/global_step:149 - training/epoch:1 - critic/score/mean:0.609375 - critic/score/max:1.0 - critic/score/min:0.0 - critic/rewards/mean:0.609375 - critic/rewards/max:1.0 - critic/rewards/min:0.0 - critic/advantages/mean:-0.01974634639918804 - critic/advantages/max:2.4748666286468506 - critic/advantages/min:-2.4748666286468506 - critic/returns/mean:-0.01974634639918804 - critic/returns/max:2.4748666286468506 - critic/returns/min:-2.4748666286468506 - response_length/mean:892.5703125 - response_length/max:2048.0 - response_length/min:244.0 - response_length/clip_ratio:0.0703125 - response_length_non_aborted/mean:892.5703125 - response_length_non_aborted/max:2048.0 - response_length_non_aborted/min:244.0 - response_length_non_aborted/clip_ratio:0.0703125 - response/aborted_ratio:0.0 - prompt_length/mean:118.0625 - prompt_length/max:288.0 - prompt_length/min:70.0 - prompt_length/clip_ratio:0.0 - num_turns/min:2 - num_turns/max:2 - num_turns/mean:2.0 - timing_s/start_profile:7.43381679058075e-05 - timing_s/agent_loop/num_preempted/min:-1 - timing_s/agent_loop/num_preempted/max:-1 - timing_s/agent_loop/num_preempted/mean:-1.0 - timing_s/agent_loop/generate_sequences/min:1.610453175380826 - timing_s/agent_loop/generate_sequences/max:10.319229016080499 - timing_s/agent_loop/generate_sequences/mean:5.1208141121896915 - timing_s/agent_loop/tool_calls/min:0.0 - timing_s/agent_loop/tool_calls/max:0.0 - timing_s/agent_loop/tool_calls/mean:0.0 - timing_s/agent_loop/compute_score/min:0.0038691889494657516 - timing_s/agent_loop/compute_score/max:0.025756956078112125 - timing_s/agent_loop/compute_score/mean:0.006444864135119133 - timing_s/agent_loop/slowest/generate_sequences:10.319229016080499 - timing_s/agent_loop/slowest/tool_calls:0.0 - timing_s/agent_loop/slowest/compute_score:0.004868707619607449 - timing_s/agent_loop/slowest/num_preempted:-1 - timing_s/agent_loop/slowest/prompt_length:123 - timing_s/agent_loop/slowest/response_length:2048 - timing_s/gen:10.900137415155768 - timing_s/reward:1.7070211470127106e-05 - timing_s/old_log_prob:2.839377167634666 - timing_s/ref:8.499149916693568 - timing_s/adv:0.003651430830359459 - timing_s/update_actor:10.737374263815582 - timing_s/update_weights:1.2581468606367707 - timing_s/step:34.28892898000777 - timing_s/stop_profile:7.718894630670547e-05 - timing_per_token_ms/update_actor:0.08300317919477726 - timing_per_token_ms/adv:2.8226674425518193e-05 - timing_per_token_ms/ref:0.0657010220753826 - timing_per_token_ms/gen:0.09540685183376457 - perf/total_num_tokens:129361 - perf/time_per_step:34.28892898000777 - perf/throughput:3772.6754333862164
[36m(TaskRunner pid=272629)[0m step:150 - global_seqlen/min:89998 - global_seqlen/max:89998 - global_seqlen/minmax_diff:0 - global_seqlen/balanced_min:89998 - global_seqlen/balanced_max:89998 - global_seqlen/mean:89998.0 - actor/entropy:0.06969814002513885 - perf/mfu/actor_infer:0.30407432483271163 - actor/pg_clipfrac:0.0004054090686622658 - actor/ppo_kl:0.00016722277791814122 - actor/pg_clipfrac_lower:0.0 - actor/pg_loss:-0.023519434907939285 - actor/kl_loss:0.015176493994658813 - actor/kl_coef:0.001 - actor/loss:-0.023504259064793587 - actor/grad_norm:0.48193882405757904 - actor/perf/max_memory_allocated_gb:57.544068813323975 - actor/perf/max_memory_reserved_gb:76.59375 - actor/perf/cpu_memory_used_gb:22.698652267456055 - actor/lr:1e-06 - perf/mfu/actor:0.23206385340551222 - training/global_step:150 - training/epoch:1 - critic/score/mean:0.734375 - critic/score/max:1.0 - critic/score/min:0.0 - critic/rewards/mean:0.734375 - critic/rewards/max:1.0 - critic/rewards/min:0.0 - critic/advantages/mean:0.02327672764658928 - critic/advantages/max:1.20761239528656 - critic/advantages/min:-2.4748666286468506 - critic/returns/mean:0.02327672764658928 - critic/returns/max:1.20761239528656 - critic/returns/min:-2.4748666286468506 - response_length/mean:588.796875 - response_length/max:1583.0 - response_length/min:182.0 - response_length/clip_ratio:0.0 - response_length_non_aborted/mean:588.796875 - response_length_non_aborted/max:1583.0 - response_length_non_aborted/min:182.0 - response_length_non_aborted/clip_ratio:0.0 - response/aborted_ratio:0.0 - prompt_length/mean:114.3125 - prompt_length/max:260.0 - prompt_length/min:60.0 - prompt_length/clip_ratio:0.0 - num_turns/min:2 - num_turns/max:2 - num_turns/mean:2.0 - timing_s/start_profile:9.131897240877151e-05 - timing_s/agent_loop/num_preempted/min:-1 - timing_s/agent_loop/num_preempted/max:-1 - timing_s/agent_loop/num_preempted/mean:-1.0 - timing_s/agent_loop/generate_sequences/min:1.2022705161944032 - timing_s/agent_loop/generate_sequences/max:7.4437763169407845 - timing_s/agent_loop/generate_sequences/mean:3.3523657625482883 - timing_s/agent_loop/tool_calls/min:0.0 - timing_s/agent_loop/tool_calls/max:0.0 - timing_s/agent_loop/tool_calls/mean:0.0 - timing_s/agent_loop/compute_score/min:0.00418319646269083 - timing_s/agent_loop/compute_score/max:0.008732977323234081 - timing_s/agent_loop/compute_score/mean:0.0056852648631320335 - timing_s/agent_loop/slowest/generate_sequences:7.4437763169407845 - timing_s/agent_loop/slowest/tool_calls:0.0 - timing_s/agent_loop/slowest/compute_score:0.006252773106098175 - timing_s/agent_loop/slowest/num_preempted:-1 - timing_s/agent_loop/slowest/prompt_length:260 - timing_s/agent_loop/slowest/response_length:1583 - timing_s/gen:8.04185660276562 - timing_s/reward:1.698080450296402e-05 - timing_s/old_log_prob:2.176452875137329 - timing_s/ref:8.32417658623308 - timing_s/adv:0.0036734314635396004 - timing_s/update_actor:8.346823744475842 - timing_s/update_weights:1.2539348360151052 - timing_s/step:28.197951880283654 - timing_s/stop_profile:8.156895637512207e-05 - timing_per_token_ms/update_actor:0.09274454703966578 - timing_per_token_ms/adv:4.081681219071091e-05 - timing_per_token_ms/ref:0.09249290635606434 - timing_per_token_ms/gen:0.10670403899325452 - perf/total_num_tokens:89998 - perf/time_per_step:28.197951880283654 - perf/throughput:3191.6502440351946
[36m(TaskRunner pid=272629)[0m Training Progress:  76%|███████▌  | 151/200 [1:18:17<25:23, 31.10s/it]
[36m(WorkerDict pid=273039)[0m INFO:2026-07-28 17:14:48,748:update_weights done, time cost: 0.54s
[36m(TaskRunner pid=272629)[0m Training Progress:  76%|███████▌  | 152/200 [1:18:49<25:02, 31.30s/it]
[36m(WorkerDict pid=273039)[0m INFO:2026-07-28 17:15:18,252:update_weights done, time cost: 0.51s
[36m(TaskRunner pid=272629)[0m step:151 - global_seqlen/min:104462 - global_seqlen/max:104462 - global_seqlen/minmax_diff:0 - global_seqlen/balanced_min:104462 - global_seqlen/balanced_max:104462 - global_seqlen/mean:104462.0 - actor/entropy:0.0893128290772438 - perf/mfu/actor_infer:0.3179317342750951 - actor/pg_clipfrac:0.00010248943772239727 - actor/ppo_kl:2.7209024558771944e-05 - actor/pg_clipfrac_lower:0.0 - actor/pg_loss:0.0010378660717833554 - actor/kl_loss:0.016416041486081667 - actor/kl_coef:0.001 - actor/loss:0.0010542813688516617 - actor/grad_norm:0.30937424302101135 - actor/perf/max_memory_allocated_gb:57.544068813323975 - actor/perf/max_memory_reserved_gb:76.59375 - actor/perf/cpu_memory_used_gb:22.664934158325195 - actor/lr:1e-06 - perf/mfu/actor:0.24507238637332698 - training/global_step:151 - training/epoch:1 - critic/score/mean:0.6015625 - critic/score/max:1.0 - critic/score/min:0.0 - critic/rewards/mean:0.6015625 - critic/rewards/max:1.0 - critic/rewards/min:0.0 - critic/advantages/mean:-0.001245068502612412 - critic/advantages/max:2.4748666286468506 - critic/advantages/min:-2.4748666286468506 - critic/returns/mean:-0.001245068502612412 - critic/returns/max:2.4748666286468506 - critic/returns/min:-2.4748666286468506 - response_length/mean:675.796875 - response_length/max:1909.0 - response_length/min:208.0 - response_length/clip_ratio:0.0 - response_length_non_aborted/mean:675.796875 - response_length_non_aborted/max:1909.0 - response_length_non_aborted/min:208.0 - response_length_non_aborted/clip_ratio:0.0 - response/aborted_ratio:0.0 - prompt_length/mean:140.3125 - prompt_length/max:408.0 - prompt_length/min:61.0 - prompt_length/clip_ratio:0.0 - num_turns/min:2 - num_turns/max:2 - num_turns/mean:2.0 - timing_s/start_profile:7.928814738988876e-05 - timing_s/agent_loop/num_preempted/min:-1 - timing_s/agent_loop/num_preempted/max:-1 - timing_s/agent_loop/num_preempted/mean:-1.0 - timing_s/agent_loop/generate_sequences/min:1.370203347876668 - timing_s/agent_loop/generate_sequences/max:8.949979837983847 - timing_s/agent_loop/generate_sequences/mean:3.861576954681368 - timing_s/agent_loop/tool_calls/min:0.0 - timing_s/agent_loop/tool_calls/max:0.0 - timing_s/agent_loop/tool_calls/mean:0.0 - timing_s/agent_loop/compute_score/min:0.004503312520682812 - timing_s/agent_loop/compute_score/max:0.012919172644615173 - timing_s/agent_loop/compute_score/mean:0.005967869954474736 - timing_s/agent_loop/slowest/generate_sequences:8.949979837983847 - timing_s/agent_loop/slowest/tool_calls:0.0 - timing_s/agent_loop/slowest/compute_score:0.006858336739242077 - timing_s/agent_loop/slowest/num_preempted:-1 - timing_s/agent_loop/slowest/prompt_length:82 - timing_s/agent_loop/slowest/response_length:1909 - timing_s/gen:9.518363131210208 - timing_s/reward:1.747068017721176e-05 - timing_s/old_log_prob:2.4038158021867275 - timing_s/ref:8.380203011445701 - timing_s/adv:0.0036541009321808815 - timing_s/update_actor:9.167409174144268 - timing_s/update_weights:1.262785842642188 - timing_s/step:30.786838413216174 - timing_s/stop_profile:8.225906640291214e-05 - timing_per_token_ms/update_actor:0.08775831569512615 - timing_per_token_ms/adv:3.498019310544391e-05 - timing_per_token_ms/ref:0.08022250207200418 - timing_per_token_ms/gen:0.11003633593685935 - perf/total_num_tokens:104462 - perf/time_per_step:30.786838413216174 - perf/throughput:3393.0733191218674
[36m(TaskRunner pid=272629)[0m step:152 - global_seqlen/min:104991 - global_seqlen/max:104991 - global_seqlen/minmax_diff:0 - global_seqlen/balanced_min:104991 - global_seqlen/balanced_max:104991 - global_seqlen/mean:104991.0 - actor/entropy:0.12082516402006149 - perf/mfu/actor_infer:0.3182775159922665 - actor/pg_clipfrac:0.000492915814902517 - actor/ppo_kl:-0.0001236151072703251 - actor/pg_clipfrac_lower:0.0 - actor/pg_loss:0.03417200082913041 - actor/kl_loss:0.018977608298882842 - actor/kl_coef:0.001 - actor/loss:0.03419097885489464 - actor/grad_norm:0.40505117177963257 - actor/perf/max_memory_allocated_gb:57.544068813323975 - actor/perf/max_memory_reserved_gb:76.59375 - actor/perf/cpu_memory_used_gb:22.686349868774414 - actor/lr:1e-06 - perf/mfu/actor:0.24444667723020805 - training/global_step:152 - training/epoch:1 - critic/score/mean:0.4765625 - critic/score/max:1.0 - critic/score/min:0.0 - critic/rewards/mean:0.4765625 - critic/rewards/max:1.0 - critic/rewards/min:0.0 - critic/advantages/mean:-0.034235112369060516 - critic/advantages/max:0.7245674133300781 - critic/advantages/min:-2.4748666286468506 - critic/returns/mean:-0.034235112369060516 - critic/returns/max:0.7245674133300781 - critic/returns/min:-2.4748666286468506 - response_length/mean:686.6171875 - response_length/max:2048.0 - response_length/min:229.0 - response_length/clip_ratio:0.015625 - response_length_non_aborted/mean:686.6171875 - response_length_non_aborted/max:2048.0 - response_length_non_aborted/min:229.0 - response_length_non_aborted/clip_ratio:0.015625 - response/aborted_ratio:0.0 - prompt_length/mean:133.625 - prompt_length/max:298.0 - prompt_length/min:77.0 - prompt_length/clip_ratio:0.0 - num_turns/min:2 - num_turns/max:2 - num_turns/mean:2.0 - timing_s/start_profile:7.919967174530029e-05 - timing_s/agent_loop/num_preempted/min:-1 - timing_s/agent_loop/num_preempted/max:-1 - timing_s/agent_loop/num_preempted/mean:-1.0 - timing_s/agent_loop/generate_sequences/min:1.443553626537323 - timing_s/agent_loop/generate_sequences/max:9.386032844893634 - timing_s/agent_loop/generate_sequences/mean:3.939693870517658 - timing_s/agent_loop/tool_calls/min:0.0 - timing_s/agent_loop/tool_calls/max:0.0 - timing_s/agent_loop/tool_calls/mean:0.0 - timing_s/agent_loop/compute_score/min:0.003090307116508484 - timing_s/agent_loop/compute_score/max:0.00965836737304926 - timing_s/agent_loop/compute_score/mean:0.005810782342450693 - timing_s/agent_loop/slowest/generate_sequences:9.386032844893634 - timing_s/agent_loop/slowest/tool_calls:0.0 - timing_s/agent_loop/slowest/compute_score:0.00965836737304926 - timing_s/agent_loop/slowest/num_preempted:-1 - timing_s/agent_loop/slowest/prompt_length:146 - timing_s/agent_loop/slowest/response_length:2048 - timing_s/gen:9.99070441070944 - timing_s/reward:2.1330080926418304e-05 - timing_s/old_log_prob:2.7854541651904583 - timing_s/ref:8.399363031610847 - timing_s/adv:0.0036620404571294785 - timing_s/update_actor:9.254378541372716 - timing_s/update_weights:1.290443578734994 - timing_s/step:31.774838847108185 - timing_s/stop_profile:8.120853453874588e-05 - timing_per_token_ms/update_actor:0.08814449373158381 - timing_per_token_ms/adv:3.487956545922487e-05 - timing_per_token_ms/ref:0.08000079084503288 - timing_per_token_ms/gen:0.11367670316098445 - perf/total_num_tokens:104991 - perf/time_per_step:31.774838847108185 - perf/throughput:3304.218174171958
[36m(TaskRunner pid=272629)[0m Training Progress:  76%|███████▋  | 153/200 [1:19:19<24:05, 30.75s/it]
[36m(WorkerDict pid=273039)[0m INFO:2026-07-28 17:15:50,113:update_weights done, time cost: 0.51s
[36m(TaskRunner pid=272629)[0m Training Progress:  77%|███████▋  | 154/200 [1:19:50<23:49, 31.09s/it]
[36m(WorkerDict pid=273039)[0m INFO:2026-07-28 17:16:22,566:update_weights done, time cost: 0.52s
[36m(TaskRunner pid=272629)[0m step:153 - global_seqlen/min:87158 - global_seqlen/max:87158 - global_seqlen/minmax_diff:0 - global_seqlen/balanced_min:87158 - global_seqlen/balanced_max:87158 - global_seqlen/mean:87158.0 - actor/entropy:0.076092429459095 - perf/mfu/actor_infer:0.3001345842783106 - actor/pg_clipfrac:0.00018172570707974955 - actor/ppo_kl:1.5270061112460098e-05 - actor/pg_clipfrac_lower:0.0 - actor/pg_loss:0.05914524500258267 - actor/kl_loss:0.015517277119215578 - actor/kl_coef:0.001 - actor/loss:0.0591607540845871 - actor/grad_norm:0.40615542232990265 - actor/perf/max_memory_allocated_gb:57.544068813323975 - actor/perf/max_memory_reserved_gb:76.59375 - actor/perf/cpu_memory_used_gb:22.69021987915039 - actor/lr:1e-06 - perf/mfu/actor:0.2314342707032212 - training/global_step:153 - training/epoch:1 - critic/score/mean:0.8671875 - critic/score/max:1.0 - critic/score/min:0.0 - critic/rewards/mean:0.8671875 - critic/rewards/max:1.0 - critic/rewards/min:0.0 - critic/advantages/mean:-0.05796446278691292 - critic/advantages/max:0.935412585735321 - critic/advantages/min:-2.4748666286468506 - critic/returns/mean:-0.05796446278691292 - critic/returns/max:0.935412585735321 - critic/returns/min:-2.4748666286468506 - response_length/mean:579.921875 - response_length/max:2048.0 - response_length/min:182.0 - response_length/clip_ratio:0.0078125 - response_length_non_aborted/mean:579.921875 - response_length_non_aborted/max:2048.0 - response_length_non_aborted/min:182.0 - response_length_non_aborted/clip_ratio:0.0078125 - response/aborted_ratio:0.0 - prompt_length/mean:101.0 - prompt_length/max:262.0 - prompt_length/min:59.0 - prompt_length/clip_ratio:0.0 - num_turns/min:2 - num_turns/max:2 - num_turns/mean:2.0 - timing_s/start_profile:7.87191092967987e-05 - timing_s/agent_loop/num_preempted/min:-1 - timing_s/agent_loop/num_preempted/max:-1 - timing_s/agent_loop/num_preempted/mean:-1.0 - timing_s/agent_loop/generate_sequences/min:1.1869840109720826 - timing_s/agent_loop/generate_sequences/max:9.035360425710678 - timing_s/agent_loop/generate_sequences/mean:3.3356880316423485 - timing_s/agent_loop/tool_calls/min:0.0 - timing_s/agent_loop/tool_calls/max:0.0 - timing_s/agent_loop/tool_calls/mean:0.0 - timing_s/agent_loop/compute_score/min:0.004330494441092014 - timing_s/agent_loop/compute_score/max:0.009700856171548367 - timing_s/agent_loop/compute_score/mean:0.005629005150694866 - timing_s/agent_loop/slowest/generate_sequences:9.035360425710678 - timing_s/agent_loop/slowest/tool_calls:0.0 - timing_s/agent_loop/slowest/compute_score:0.00710008479654789 - timing_s/agent_loop/slowest/num_preempted:-1 - timing_s/agent_loop/slowest/prompt_length:78 - timing_s/agent_loop/slowest/response_length:2048 - timing_s/gen:9.610764933750033 - timing_s/reward:1.6910023987293243e-05 - timing_s/old_log_prob:2.1375477220863104 - timing_s/ref:8.318050500936806 - timing_s/adv:0.0036500804126262665 - timing_s/update_actor:8.10505438130349 - timing_s/update_weights:1.2386104008182883 - timing_s/step:29.46241553220898 - timing_s/stop_profile:7.766857743263245e-05 - timing_per_token_ms/update_actor:0.09299266138855285 - timing_per_token_ms/adv:4.1878891353935e-05 - timing_per_token_ms/ref:0.09543645449570672 - timing_per_token_ms/gen:0.12947278639027393 - perf/total_num_tokens:87158 - perf/time_per_step:29.46241553220898 - perf/throughput:2958.2774672605137
[36m(TaskRunner pid=272629)[0m step:154 - global_seqlen/min:108966 - global_seqlen/max:108966 - global_seqlen/minmax_diff:0 - global_seqlen/balanced_min:108966 - global_seqlen/balanced_max:108966 - global_seqlen/mean:108966.0 - actor/entropy:0.06819826364517212 - perf/mfu/actor_infer:0.3196822280782497 - actor/pg_clipfrac:0.00034823065197997494 - actor/ppo_kl:-0.00010846827814248172 - actor/pg_clipfrac_lower:0.0 - actor/pg_loss:0.09102515142876655 - actor/kl_loss:0.013878667923563626 - actor/kl_coef:0.001 - actor/loss:0.0910390317440033 - actor/grad_norm:0.47336427867412567 - actor/perf/max_memory_allocated_gb:57.544068813323975 - actor/perf/max_memory_reserved_gb:76.59375 - actor/perf/cpu_memory_used_gb:22.657194137573242 - actor/lr:1e-06 - perf/mfu/actor:0.24852568721787224 - training/global_step:154 - training/epoch:1 - critic/score/mean:0.6953125 - critic/score/max:1.0 - critic/score/min:0.0 - critic/rewards/mean:0.6953125 - critic/rewards/max:1.0 - critic/rewards/min:0.0 - critic/advantages/mean:-0.0914669781923294 - critic/advantages/max:2.4748666286468506 - critic/advantages/min:-2.4748666286468506 - critic/returns/mean:-0.0914669781923294 - critic/returns/max:2.4748666286468506 - critic/returns/min:-2.4748666286468506 - response_length/mean:753.921875 - response_length/max:2048.0 - response_length/min:217.0 - response_length/clip_ratio:0.0390625 - response_length_non_aborted/mean:753.921875 - response_length_non_aborted/max:2048.0 - response_length_non_aborted/min:217.0 - response_length_non_aborted/clip_ratio:0.0390625 - response/aborted_ratio:0.0 - prompt_length/mean:97.375 - prompt_length/max:187.0 - prompt_length/min:61.0 - prompt_length/clip_ratio:0.0 - num_turns/min:2 - num_turns/max:2 - num_turns/mean:2.0 - timing_s/start_profile:7.825996726751328e-05 - timing_s/agent_loop/num_preempted/min:-1 - timing_s/agent_loop/num_preempted/max:-1 - timing_s/agent_loop/num_preempted/mean:-1.0 - timing_s/agent_loop/generate_sequences/min:1.3948575276881456 - timing_s/agent_loop/generate_sequences/max:9.643857214599848 - timing_s/agent_loop/generate_sequences/mean:4.230071954305458 - timing_s/agent_loop/tool_calls/min:0.0 - timing_s/agent_loop/tool_calls/max:0.0 - timing_s/agent_loop/tool_calls/mean:0.0 - timing_s/agent_loop/compute_score/min:0.004297594539821148 - timing_s/agent_loop/compute_score/max:0.011836953461170197 - timing_s/agent_loop/compute_score/mean:0.005891303924727254 - timing_s/agent_loop/slowest/generate_sequences:9.643857214599848 - timing_s/agent_loop/slowest/tool_calls:0.0 - timing_s/agent_loop/slowest/compute_score:0.00661832932382822 - timing_s/agent_loop/slowest/num_preempted:-1 - timing_s/agent_loop/slowest/prompt_length:103 - timing_s/agent_loop/slowest/response_length:2048 - timing_s/gen:10.233703798614442 - timing_s/reward:2.6639550924301147e-05 - timing_s/old_log_prob:2.4972457895055413 - timing_s/ref:8.402754002250731 - timing_s/adv:0.003727119415998459 - timing_s/update_actor:9.432274322025478 - timing_s/update_weights:1.2302047507837415 - timing_s/step:31.850224918685853 - timing_s/stop_profile:7.854960858821869e-05 - timing_per_token_ms/update_actor:0.08656162768226307 - timing_per_token_ms/adv:3.4204425380379744e-05 - timing_per_token_ms/ref:0.07711354002395913 - timing_per_token_ms/gen:0.10604654617121347 - perf/total_num_tokens:108966 - perf/time_per_step:31.850224918685853 - perf/throughput:3421.200329925204
[36m(TaskRunner pid=272629)[0m Training Progress:  78%|███████▊  | 155/200 [1:20:23<23:37, 31.50s/it]
[36m(WorkerDict pid=273039)[0m INFO:2026-07-28 17:16:52,946:update_weights done, time cost: 0.53s
[36m(TaskRunner pid=272629)[0m Training Progress:  78%|███████▊  | 156/200 [1:20:53<22:51, 31.16s/it]
[36m(WorkerDict pid=273039)[0m INFO:2026-07-28 17:17:23,957:update_weights done, time cost: 0.53s
[36m(TaskRunner pid=272629)[0m step:155 - global_seqlen/min:113394 - global_seqlen/max:113394 - global_seqlen/minmax_diff:0 - global_seqlen/balanced_min:113394 - global_seqlen/balanced_max:113394 - global_seqlen/mean:113394.0 - actor/entropy:0.07456133514642715 - perf/mfu/actor_infer:0.32175346201908567 - actor/pg_clipfrac:0.0002773949945549248 - actor/ppo_kl:-4.726750546524272e-05 - actor/pg_clipfrac_lower:0.0 - actor/pg_loss:-0.0007975826738402247 - actor/kl_loss:0.014817150324233808 - actor/kl_coef:0.001 - actor/loss:-0.0007827654480934143 - actor/grad_norm:0.3034697622060776 - actor/perf/max_memory_allocated_gb:57.544068813323975 - actor/perf/max_memory_reserved_gb:76.59375 - actor/perf/cpu_memory_used_gb:22.675935745239258 - actor/lr:1e-06 - perf/mfu/actor:0.2501288991435667 - training/global_step:155 - training/epoch:1 - critic/score/mean:0.578125 - critic/score/max:1.0 - critic/score/min:0.0 - critic/rewards/mean:0.578125 - critic/rewards/max:1.0 - critic/rewards/min:0.0 - critic/advantages/mean:-7.907639519544318e-05 - critic/advantages/max:1.6201815605163574 - critic/advantages/min:-2.4748666286468506 - critic/returns/mean:-7.907639519544318e-05 - critic/returns/max:1.6201815605163574 - critic/returns/min:-2.4748666286468506 - response_length/mean:789.015625 - response_length/max:2048.0 - response_length/min:238.0 - response_length/clip_ratio:0.046875 - response_length_non_aborted/mean:789.015625 - response_length_non_aborted/max:2048.0 - response_length_non_aborted/min:238.0 - response_length_non_aborted/clip_ratio:0.046875 - response/aborted_ratio:0.0 - prompt_length/mean:96.875 - prompt_length/max:164.0 - prompt_length/min:66.0 - prompt_length/clip_ratio:0.0 - num_turns/min:2 - num_turns/max:2 - num_turns/mean:2.0 - timing_s/start_profile:9.690877050161362e-05 - timing_s/agent_loop/num_preempted/min:-1 - timing_s/agent_loop/num_preempted/max:-1 - timing_s/agent_loop/num_preempted/mean:-1.0 - timing_s/agent_loop/generate_sequences/min:1.541787431575358 - timing_s/agent_loop/generate_sequences/max:9.775647013448179 - timing_s/agent_loop/generate_sequences/mean:4.485969654459041 - timing_s/agent_loop/tool_calls/min:0.0 - timing_s/agent_loop/tool_calls/max:0.0 - timing_s/agent_loop/tool_calls/mean:0.0 - timing_s/agent_loop/compute_score/min:0.004384662955999374 - timing_s/agent_loop/compute_score/max:0.024860735051333904 - timing_s/agent_loop/compute_score/mean:0.00622676381317433 - timing_s/agent_loop/slowest/generate_sequences:9.775647013448179 - timing_s/agent_loop/slowest/tool_calls:0.0 - timing_s/agent_loop/slowest/compute_score:0.007720528170466423 - timing_s/agent_loop/slowest/num_preempted:-1 - timing_s/agent_loop/slowest/prompt_length:73 - timing_s/agent_loop/slowest/response_length:2048 - timing_s/gen:10.35801939945668 - timing_s/reward:1.6920268535614014e-05 - timing_s/old_log_prob:2.584798797033727 - timing_s/ref:8.437315806746483 - timing_s/adv:0.0037939101457595825 - timing_s/update_actor:9.76775839086622 - timing_s/update_weights:1.2638492435216904 - timing_s/step:32.46568776201457 - timing_s/stop_profile:9.783916175365448e-05 - timing_per_token_ms/update_actor:0.08613999321715629 - timing_per_token_ms/adv:3.3457768010296684e-05 - timing_per_token_ms/ref:0.07440707450787945 - timing_per_token_ms/gen:0.10256074023661485 - perf/total_num_tokens:113394 - perf/time_per_step:32.46568776201457 - perf/throughput:3492.7336464029263
[36m(TaskRunner pid=272629)[0m step:156 - global_seqlen/min:96207 - global_seqlen/max:96207 - global_seqlen/minmax_diff:0 - global_seqlen/balanced_min:96207 - global_seqlen/balanced_max:96207 - global_seqlen/mean:96207.0 - actor/entropy:0.057383712381124496 - perf/mfu/actor_infer:0.30946629732193964 - actor/pg_clipfrac:0.00029225307116576005 - actor/ppo_kl:4.542882300029305e-05 - actor/pg_clipfrac_lower:0.0 - actor/pg_loss:-0.03491248877617181 - actor/kl_loss:0.015386784711154178 - actor/kl_coef:0.001 - actor/loss:-0.03489711135625839 - actor/grad_norm:0.437374010682106 - actor/perf/max_memory_allocated_gb:57.544068813323975 - actor/perf/max_memory_reserved_gb:76.59375 - actor/perf/cpu_memory_used_gb:22.717756271362305 - actor/lr:1e-06 - perf/mfu/actor:0.2399399817048009 - training/global_step:156 - training/epoch:1 - critic/score/mean:0.640625 - critic/score/max:1.0 - critic/score/min:0.0 - critic/rewards/mean:0.640625 - critic/rewards/max:1.0 - critic/rewards/min:0.0 - critic/advantages/mean:0.03397044166922569 - critic/advantages/max:1.6201815605163574 - critic/advantages/min:-2.4748666286468506 - critic/returns/mean:0.03397044166922569 - critic/returns/max:1.6201815605163574 - critic/returns/min:-2.4748666286468506 - response_length/mean:641.4296875 - response_length/max:2034.0 - response_length/min:222.0 - response_length/clip_ratio:0.0 - response_length_non_aborted/mean:641.4296875 - response_length_non_aborted/max:2034.0 - response_length_non_aborted/min:222.0 - response_length_non_aborted/clip_ratio:0.0 - response/aborted_ratio:0.0 - prompt_length/mean:110.1875 - prompt_length/max:227.0 - prompt_length/min:62.0 - prompt_length/clip_ratio:0.0 - num_turns/min:2 - num_turns/max:2 - num_turns/mean:2.0 - timing_s/start_profile:0.00016742758452892303 - timing_s/agent_loop/num_preempted/min:-1 - timing_s/agent_loop/num_preempted/max:-1 - timing_s/agent_loop/num_preempted/mean:-1.0 - timing_s/agent_loop/generate_sequences/min:1.4564594104886055 - timing_s/agent_loop/generate_sequences/max:9.198306599631906 - timing_s/agent_loop/generate_sequences/mean:3.662634641150362 - timing_s/agent_loop/tool_calls/min:0.0 - timing_s/agent_loop/tool_calls/max:0.0 - timing_s/agent_loop/tool_calls/mean:0.0 - timing_s/agent_loop/compute_score/min:0.004200024530291557 - timing_s/agent_loop/compute_score/max:0.018351994454860687 - timing_s/agent_loop/compute_score/mean:0.005898767485632561 - timing_s/agent_loop/slowest/generate_sequences:9.198306599631906 - timing_s/agent_loop/slowest/tool_calls:0.0 - timing_s/agent_loop/slowest/compute_score:0.007398680783808231 - timing_s/agent_loop/slowest/num_preempted:-1 - timing_s/agent_loop/slowest/prompt_length:127 - timing_s/agent_loop/slowest/response_length:2034 - timing_s/gen:9.782738513313234 - timing_s/reward:1.7109327018260956e-05 - timing_s/old_log_prob:2.2817784370854497 - timing_s/ref:8.358290690928698 - timing_s/adv:0.003631941042840481 - timing_s/update_actor:8.624514444731176 - timing_s/update_weights:1.2538471594452858 - timing_s/step:30.35515432152897 - timing_s/stop_profile:7.71787017583847e-05 - timing_per_token_ms/update_actor:0.08964539425126213 - timing_per_token_ms/adv:3.7751317916996485e-05 - timing_per_token_ms/ref:0.08687819691840196 - timing_per_token_ms/gen:0.11915202262174626 - perf/total_num_tokens:96207 - perf/time_per_step:30.35515432152897 - perf/throughput:3169.379373959121
[36m(TaskRunner pid=272629)[0m Training Progress:  78%|███████▊  | 157/200 [1:21:24<22:18, 31.12s/it]
[36m(WorkerDict pid=273039)[0m INFO:2026-07-28 17:17:54,152:update_weights done, time cost: 0.51s
[36m(TaskRunner pid=272629)[0m Training Progress:  79%|███████▉  | 158/200 [1:21:54<21:35, 30.84s/it]
[36m(WorkerDict pid=273039)[0m INFO:2026-07-28 17:18:25,676:update_weights done, time cost: 0.52s
[36m(TaskRunner pid=272629)[0m step:157 - global_seqlen/min:102803 - global_seqlen/max:102803 - global_seqlen/minmax_diff:0 - global_seqlen/balanced_min:102803 - global_seqlen/balanced_max:102803 - global_seqlen/mean:102803.0 - actor/entropy:0.0814414843916893 - perf/mfu/actor_infer:0.3131226390706832 - actor/pg_clipfrac:0.0004900513577013044 - actor/ppo_kl:-4.1540570919096353e-05 - actor/pg_clipfrac_lower:0.0 - actor/pg_loss:0.03231920149119105 - actor/kl_loss:0.017117344388680067 - actor/kl_coef:0.001 - actor/loss:0.03233631793409586 - actor/grad_norm:0.46931183338165283 - actor/perf/max_memory_allocated_gb:57.544068813323975 - actor/perf/max_memory_reserved_gb:76.59375 - actor/perf/cpu_memory_used_gb:22.736501693725586 - actor/lr:1e-06 - perf/mfu/actor:0.2434738433074063 - training/global_step:157 - training/epoch:1 - critic/score/mean:0.6328125 - critic/score/max:1.0 - critic/score/min:0.0 - critic/rewards/mean:0.6328125 - critic/rewards/max:1.0 - critic/rewards/min:0.0 - critic/advantages/mean:-0.032053738832473755 - critic/advantages/max:2.4748666286468506 - critic/advantages/min:-2.4748666286468506 - critic/returns/mean:-0.032053738832473755 - critic/returns/max:2.4748666286468506 - critic/returns/min:-2.4748666286468506 - response_length/mean:689.0234375 - response_length/max:1974.0 - response_length/min:106.0 - response_length/clip_ratio:0.0 - response_length_non_aborted/mean:689.0234375 - response_length_non_aborted/max:1974.0 - response_length_non_aborted/min:106.0 - response_length_non_aborted/clip_ratio:0.0 - response/aborted_ratio:0.0 - prompt_length/mean:114.125 - prompt_length/max:326.0 - prompt_length/min:56.0 - prompt_length/clip_ratio:0.0 - num_turns/min:2 - num_turns/max:2 - num_turns/mean:2.0 - timing_s/start_profile:7.450021803379059e-05 - timing_s/agent_loop/num_preempted/min:-1 - timing_s/agent_loop/num_preempted/max:-1 - timing_s/agent_loop/num_preempted/mean:-1.0 - timing_s/agent_loop/generate_sequences/min:0.7386878691613674 - timing_s/agent_loop/generate_sequences/max:9.236670713871717 - timing_s/agent_loop/generate_sequences/mean:3.8857250828586984 - timing_s/agent_loop/tool_calls/min:0.0 - timing_s/agent_loop/tool_calls/max:0.0 - timing_s/agent_loop/tool_calls/mean:0.0 - timing_s/agent_loop/compute_score/min:0.004201914183795452 - timing_s/agent_loop/compute_score/max:0.012696944177150726 - timing_s/agent_loop/compute_score/mean:0.005905721780436579 - timing_s/agent_loop/slowest/generate_sequences:9.236670713871717 - timing_s/agent_loop/slowest/tool_calls:0.0 - timing_s/agent_loop/slowest/compute_score:0.006712578237056732 - timing_s/agent_loop/slowest/num_preempted:-1 - timing_s/agent_loop/slowest/prompt_length:104 - timing_s/agent_loop/slowest/response_length:1974 - timing_s/gen:9.813798314891756 - timing_s/reward:1.7160549759864807e-05 - timing_s/old_log_prob:2.4066012473776937 - timing_s/ref:8.383829031139612 - timing_s/adv:0.003636290319263935 - timing_s/update_actor:9.09538222104311 - timing_s/update_weights:1.257497831247747 - timing_s/step:31.011932852678 - timing_s/stop_profile:7.793866097927094e-05 - timing_per_token_ms/update_actor:0.0884738988263291 - timing_per_token_ms/adv:3.537144168228491e-05 - timing_per_token_ms/ref:0.08155237717906688 - timing_per_token_ms/gen:0.11127386263270883 - perf/total_num_tokens:102803 - perf/time_per_step:31.011932852678 - perf/throughput:3314.9497804075945
[36m(TaskRunner pid=272629)[0m step:158 - global_seqlen/min:100464 - global_seqlen/max:100464 - global_seqlen/minmax_diff:0 - global_seqlen/balanced_min:100464 - global_seqlen/balanced_max:100464 - global_seqlen/mean:100464.0 - actor/entropy:0.05444386973977089 - perf/mfu/actor_infer:0.31597851741792377 - actor/pg_clipfrac:0.00041625521407695487 - actor/ppo_kl:5.960999351373175e-05 - actor/pg_clipfrac_lower:0.0 - actor/pg_loss:0.0271791557315737 - actor/kl_loss:0.015081679244758561 - actor/kl_coef:0.001 - actor/loss:0.027194231748580933 - actor/grad_norm:0.4141721576452255 - actor/perf/max_memory_allocated_gb:57.544068813323975 - actor/perf/max_memory_reserved_gb:76.59375 - actor/perf/cpu_memory_used_gb:22.737138748168945 - actor/lr:1e-06 - perf/mfu/actor:0.24429624709133 - training/global_step:158 - training/epoch:1 - critic/score/mean:0.6875 - critic/score/max:1.0 - critic/score/min:0.0 - critic/rewards/mean:0.6875 - critic/rewards/max:1.0 - critic/rewards/min:0.0 - critic/advantages/mean:-0.026815321296453476 - critic/advantages/max:1.6201815605163574 - critic/advantages/min:-2.4748666286468506 - critic/returns/mean:-0.026815321296453476 - critic/returns/max:1.6201815605163574 - critic/returns/min:-2.4748666286468506 - response_length/mean:688.6875 - response_length/max:1772.0 - response_length/min:231.0 - response_length/clip_ratio:0.0 - response_length_non_aborted/mean:688.6875 - response_length_non_aborted/max:1772.0 - response_length_non_aborted/min:231.0 - response_length_non_aborted/clip_ratio:0.0 - response/aborted_ratio:0.0 - prompt_length/mean:96.1875 - prompt_length/max:138.0 - prompt_length/min:71.0 - prompt_length/clip_ratio:0.0 - num_turns/min:2 - num_turns/max:2 - num_turns/mean:2.0 - timing_s/start_profile:7.711909711360931e-05 - timing_s/agent_loop/num_preempted/min:-1 - timing_s/agent_loop/num_preempted/max:-1 - timing_s/agent_loop/num_preempted/mean:-1.0 - timing_s/agent_loop/generate_sequences/min:1.4656053446233273 - timing_s/agent_loop/generate_sequences/max:8.449899209663272 - timing_s/agent_loop/generate_sequences/mean:3.9272733258185326 - timing_s/agent_loop/tool_calls/min:0.0 - timing_s/agent_loop/tool_calls/max:0.0 - timing_s/agent_loop/tool_calls/mean:0.0 - timing_s/agent_loop/compute_score/min:0.00447430182248354 - timing_s/agent_loop/compute_score/max:0.008557728491723537 - timing_s/agent_loop/compute_score/mean:0.005751877215516288 - timing_s/agent_loop/slowest/generate_sequences:8.449899209663272 - timing_s/agent_loop/slowest/tool_calls:0.0 - timing_s/agent_loop/slowest/compute_score:0.007210002280771732 - timing_s/agent_loop/slowest/num_preempted:-1 - timing_s/agent_loop/slowest/prompt_length:110 - timing_s/agent_loop/slowest/response_length:1772 - timing_s/gen:9.047280904836953 - timing_s/reward:1.7270445823669434e-05 - timing_s/old_log_prob:2.673057700507343 - timing_s/ref:8.334537289105356 - timing_s/adv:0.0036833006888628006 - timing_s/update_actor:8.833652381785214 - timing_s/update_weights:1.243250004015863 - timing_s/step:30.185769424773753 - timing_s/stop_profile:8.548982441425323e-05 - timing_per_token_ms/update_actor:0.08792853541353335 - timing_per_token_ms/adv:3.666289107404444e-05 - timing_per_token_ms/ref:0.08296043646585201 - timing_per_token_ms/gen:0.10263273555718477 - perf/total_num_tokens:100464 - perf/time_per_step:30.185769424773753 - perf/throughput:3328.190797003446
[36m(TaskRunner pid=272629)[0m Training Progress:  80%|███████▉  | 159/200 [1:22:26<21:13, 31.05s/it]
[36m(WorkerDict pid=273039)[0m INFO:2026-07-28 17:18:56,327:update_weights done, time cost: 0.52s
[36m(TaskRunner pid=272629)[0m Training Progress:  80%|████████  | 160/200 [1:22:57<20:36, 30.92s/it]
[36m(WorkerDict pid=273039)[0m INFO:2026-07-28 17:19:24,961:update_weights done, time cost: 0.51s
[36m(TaskRunner pid=272629)[0m step:159 - global_seqlen/min:108331 - global_seqlen/max:108331 - global_seqlen/minmax_diff:0 - global_seqlen/balanced_min:108331 - global_seqlen/balanced_max:108331 - global_seqlen/mean:108331.0 - actor/entropy:0.07675374299287796 - perf/mfu/actor_infer:0.3231067755406107 - actor/pg_clipfrac:0.00038141295408422593 - actor/ppo_kl:5.283709612058374e-05 - actor/pg_clipfrac_lower:0.0 - actor/pg_loss:0.02272146858740598 - actor/kl_loss:0.016699864412657917 - actor/kl_coef:0.001 - actor/loss:0.022738169878721237 - actor/grad_norm:0.4531603157520294 - actor/perf/max_memory_allocated_gb:57.544068813323975 - actor/perf/max_memory_reserved_gb:76.59375 - actor/perf/cpu_memory_used_gb:22.740793228149414 - actor/lr:1e-06 - perf/mfu/actor:0.2505387195997424 - training/global_step:159 - training/epoch:1 - critic/score/mean:0.625 - critic/score/max:1.0 - critic/score/min:0.0 - critic/rewards/mean:0.625 - critic/rewards/max:1.0 - critic/rewards/min:0.0 - critic/advantages/mean:-0.024420635774731636 - critic/advantages/max:2.4748666286468506 - critic/advantages/min:-2.4748666286468506 - critic/returns/mean:-0.024420635774731636 - critic/returns/max:2.4748666286468506 - critic/returns/min:-2.4748666286468506 - response_length/mean:690.2734375 - response_length/max:2048.0 - response_length/min:266.0 - response_length/clip_ratio:0.015625 - response_length_non_aborted/mean:690.2734375 - response_length_non_aborted/max:2048.0 - response_length_non_aborted/min:266.0 - response_length_non_aborted/clip_ratio:0.015625 - response/aborted_ratio:0.0 - prompt_length/mean:156.0625 - prompt_length/max:761.0 - prompt_length/min:62.0 - prompt_length/clip_ratio:0.0 - num_turns/min:2 - num_turns/max:2 - num_turns/mean:2.0 - timing_s/start_profile:9.195972234010696e-05 - timing_s/agent_loop/num_preempted/min:-1 - timing_s/agent_loop/num_preempted/max:-1 - timing_s/agent_loop/num_preempted/mean:-1.0 - timing_s/agent_loop/generate_sequences/min:1.7792381225153804 - timing_s/agent_loop/generate_sequences/max:9.480105425231159 - timing_s/agent_loop/generate_sequences/mean:4.105503440398024 - timing_s/agent_loop/tool_calls/min:0.0 - timing_s/agent_loop/tool_calls/max:0.0 - timing_s/agent_loop/tool_calls/mean:0.0 - timing_s/agent_loop/compute_score/min:0.004555940628051758 - timing_s/agent_loop/compute_score/max:0.010132561437785625 - timing_s/agent_loop/compute_score/mean:0.005908696592086926 - timing_s/agent_loop/slowest/generate_sequences:9.480105425231159 - timing_s/agent_loop/slowest/tool_calls:0.0 - timing_s/agent_loop/slowest/compute_score:0.010132561437785625 - timing_s/agent_loop/slowest/num_preempted:-1 - timing_s/agent_loop/slowest/prompt_length:190 - timing_s/agent_loop/slowest/response_length:2048 - timing_s/gen:10.081042512319982 - timing_s/reward:1.7959624528884888e-05 - timing_s/old_log_prob:2.4484952623024583 - timing_s/ref:8.393727540969849 - timing_s/adv:0.003654520958662033 - timing_s/update_actor:9.289924813434482 - timing_s/update_weights:1.2641236819326878 - timing_s/step:31.53072872199118 - timing_s/stop_profile:8.00788402557373e-05 - timing_per_token_ms/update_actor:0.08575499915476162 - timing_per_token_ms/adv:3.373476621338336e-05 - timing_per_token_ms/ref:0.07748223076469199 - timing_per_token_ms/gen:0.11409702351106311 - perf/total_num_tokens:108331 - perf/time_per_step:31.53072872199118 - perf/throughput:3435.7277611679265
[36m(TaskRunner pid=272629)[0m step:160 - global_seqlen/min:98977 - global_seqlen/max:98977 - global_seqlen/minmax_diff:0 - global_seqlen/balanced_min:98977 - global_seqlen/balanced_max:98977 - global_seqlen/mean:98977.0 - actor/entropy:0.09869945049285889 - perf/mfu/actor_infer:0.3137505897831159 - actor/pg_clipfrac:0.0005134272987561417 - actor/ppo_kl:4.5247446450957796e-05 - actor/pg_clipfrac_lower:0.0 - actor/pg_loss:0.03540968176866954 - actor/kl_loss:0.019428815838182345 - actor/kl_coef:0.001 - actor/loss:0.03542910981923342 - actor/grad_norm:0.369126558303833 - actor/perf/max_memory_allocated_gb:57.544068813323975 - actor/perf/max_memory_reserved_gb:76.59375 - actor/perf/cpu_memory_used_gb:22.745960235595703 - actor/lr:1e-06 - perf/mfu/actor:0.24214452799201502 - training/global_step:160 - training/epoch:1 - critic/score/mean:0.640625 - critic/score/max:1.0 - critic/score/min:0.0 - critic/rewards/mean:0.640625 - critic/rewards/max:1.0 - critic/rewards/min:0.0 - critic/advantages/mean:-0.03514282405376434 - critic/advantages/max:2.4748666286468506 - critic/advantages/min:-2.4748666286468506 - critic/returns/mean:-0.03514282405376434 - critic/returns/max:2.4748666286468506 - critic/returns/min:-2.4748666286468506 - response_length/mean:635.1953125 - response_length/max:2048.0 - response_length/min:219.0 - response_length/clip_ratio:0.0078125 - response_length_non_aborted/mean:635.1953125 - response_length_non_aborted/max:2048.0 - response_length_non_aborted/min:219.0 - response_length_non_aborted/clip_ratio:0.0078125 - response/aborted_ratio:0.0 - prompt_length/mean:138.0625 - prompt_length/max:609.0 - prompt_length/min:62.0 - prompt_length/clip_ratio:0.0 - num_turns/min:2 - num_turns/max:2 - num_turns/mean:2.0 - timing_s/start_profile:8.78283753991127e-05 - timing_s/agent_loop/num_preempted/min:-1 - timing_s/agent_loop/num_preempted/max:-1 - timing_s/agent_loop/num_preempted/mean:-1.0 - timing_s/agent_loop/generate_sequences/min:1.462584637105465 - timing_s/agent_loop/generate_sequences/max:9.304569197818637 - timing_s/agent_loop/generate_sequences/mean:3.7426053156523267 - timing_s/agent_loop/tool_calls/min:0.0 - timing_s/agent_loop/tool_calls/max:0.0 - timing_s/agent_loop/tool_calls/mean:0.0 - timing_s/agent_loop/compute_score/min:0.004450962878763676 - timing_s/agent_loop/compute_score/max:0.008115134201943874 - timing_s/agent_loop/compute_score/mean:0.005743064859416336 - timing_s/agent_loop/slowest/generate_sequences:9.304569197818637 - timing_s/agent_loop/slowest/tool_calls:0.0 - timing_s/agent_loop/slowest/compute_score:0.007825235836207867 - timing_s/agent_loop/slowest/num_preempted:-1 - timing_s/agent_loop/slowest/prompt_length:609 - timing_s/agent_loop/slowest/response_length:2048 - timing_s/gen:9.892585583031178 - timing_s/reward:1.6129575669765472e-05 - timing_s/old_log_prob:2.30882388073951 - timing_s/ref:8.344041362404823 - timing_s/adv:0.003653760999441147 - timing_s/update_actor:8.78503258433193 - timing_s/update_weights:1.2407219326123595 - timing_s/step:30.624682253226638 - timing_s/stop_profile:8.001923561096191e-05 - timing_per_token_ms/update_actor:0.0887583234926491 - timing_per_token_ms/adv:3.691525303293843e-05 - timing_per_token_ms/ref:0.08430283159122648 - timing_per_token_ms/gen:0.1216725365356519 - perf/total_num_tokens:98977 - perf/time_per_step:30.624682253226638 - perf/throughput:3231.9355734563323
[36m(TaskRunner pid=272629)[0m Training Progress:  80%|████████  | 161/200 [1:23:25<19:39, 30.24s/it]
[36m(WorkerDict pid=273039)[0m INFO:2026-07-28 17:19:56,272:update_weights done, time cost: 0.52s
[36m(TaskRunner pid=272629)[0m Training Progress:  81%|████████  | 162/200 [1:23:57<19:21, 30.56s/it]
[36m(WorkerDict pid=273039)[0m INFO:2026-07-28 17:20:29,254:update_weights done, time cost: 0.53s
[36m(TaskRunner pid=272629)[0m step:161 - global_seqlen/min:105177 - global_seqlen/max:105177 - global_seqlen/minmax_diff:0 - global_seqlen/balanced_min:105177 - global_seqlen/balanced_max:105177 - global_seqlen/mean:105177.0 - actor/entropy:0.06345146149396896 - perf/mfu/actor_infer:0.3215544498729115 - actor/pg_clipfrac:0.0008669534836371895 - actor/ppo_kl:-2.2532891501114705e-05 - actor/pg_clipfrac_lower:0.0 - actor/pg_loss:0.0200506599212531 - actor/kl_loss:0.018344143303693272 - actor/kl_coef:0.001 - actor/loss:0.02006900403648615 - actor/grad_norm:0.5531265139579773 - actor/perf/max_memory_allocated_gb:57.544068813323975 - actor/perf/max_memory_reserved_gb:76.59375 - actor/perf/cpu_memory_used_gb:22.721036911010742 - actor/lr:1e-06 - perf/mfu/actor:0.24988995141420225 - training/global_step:161 - training/epoch:1 - critic/score/mean:0.640625 - critic/score/max:1.0 - critic/score/min:0.0 - critic/rewards/mean:0.640625 - critic/rewards/max:1.0 - critic/rewards/min:0.0 - critic/advantages/mean:-0.020484887063503265 - critic/advantages/max:2.4748666286468506 - critic/advantages/min:-2.4748666286468506 - critic/returns/mean:-0.020484887063503265 - critic/returns/max:2.4748666286468506 - critic/returns/min:-2.4748666286468506 - response_length/mean:701.0703125 - response_length/max:1357.0 - response_length/min:301.0 - response_length/clip_ratio:0.0 - response_length_non_aborted/mean:701.0703125 - response_length_non_aborted/max:1357.0 - response_length_non_aborted/min:301.0 - response_length_non_aborted/clip_ratio:0.0 - response/aborted_ratio:0.0 - prompt_length/mean:120.625 - prompt_length/max:186.0 - prompt_length/min:85.0 - prompt_length/clip_ratio:0.0 - num_turns/min:2 - num_turns/max:2 - num_turns/mean:2.0 - timing_s/start_profile:7.861945778131485e-05 - timing_s/agent_loop/num_preempted/min:-1 - timing_s/agent_loop/num_preempted/max:-1 - timing_s/agent_loop/num_preempted/mean:-1.0 - timing_s/agent_loop/generate_sequences/min:1.9323921827599406 - timing_s/agent_loop/generate_sequences/max:6.941429857164621 - timing_s/agent_loop/generate_sequences/mean:4.252684462109755 - timing_s/agent_loop/tool_calls/min:0.0 - timing_s/agent_loop/tool_calls/max:0.0 - timing_s/agent_loop/tool_calls/mean:0.0 - timing_s/agent_loop/compute_score/min:0.004201505333185196 - timing_s/agent_loop/compute_score/max:0.011726164259016514 - timing_s/agent_loop/compute_score/mean:0.005895030975807458 - timing_s/agent_loop/slowest/generate_sequences:6.941429857164621 - timing_s/agent_loop/slowest/tool_calls:0.0 - timing_s/agent_loop/slowest/compute_score:0.007027514278888702 - timing_s/agent_loop/slowest/num_preempted:-1 - timing_s/agent_loop/slowest/prompt_length:122 - timing_s/agent_loop/slowest/response_length:1357 - timing_s/gen:7.534000684507191 - timing_s/reward:1.7789192497730255e-05 - timing_s/old_log_prob:2.389211695641279 - timing_s/ref:8.38297285977751 - timing_s/adv:0.0036539416760206223 - timing_s/update_actor:9.031761077232659 - timing_s/update_weights:1.2437432603910565 - timing_s/step:28.63650373276323 - timing_s/stop_profile:7.990002632141113e-05 - timing_per_token_ms/update_actor:0.08587201647919848 - timing_per_token_ms/adv:3.4740881333567435e-05 - timing_per_token_ms/ref:0.07970347946582913 - timing_per_token_ms/gen:0.08395645814443531 - perf/total_num_tokens:105177 - perf/time_per_step:28.63650373276323 - perf/throughput:3672.829650627574
[36m(TaskRunner pid=272629)[0m step:162 - global_seqlen/min:104758 - global_seqlen/max:104758 - global_seqlen/minmax_diff:0 - global_seqlen/balanced_min:104758 - global_seqlen/balanced_max:104758 - global_seqlen/mean:104758.0 - actor/entropy:0.08772431313991547 - perf/mfu/actor_infer:0.3192464639643402 - actor/pg_clipfrac:0.00041649547620181693 - actor/ppo_kl:-1.1430576819293492e-05 - actor/pg_clipfrac_lower:0.0 - actor/pg_loss:0.006097021279856563 - actor/kl_loss:0.01776677233283408 - actor/kl_coef:0.001 - actor/loss:0.0061147857923060656 - actor/grad_norm:0.5430363863706589 - actor/perf/max_memory_allocated_gb:57.544068813323975 - actor/perf/max_memory_reserved_gb:76.59375 - actor/perf/cpu_memory_used_gb:22.72564125061035 - actor/lr:1e-06 - perf/mfu/actor:0.24500937541479884 - training/global_step:162 - training/epoch:1 - critic/score/mean:0.59375 - critic/score/max:1.0 - critic/score/min:0.0 - critic/rewards/mean:0.59375 - critic/rewards/max:1.0 - critic/rewards/min:0.0 - critic/advantages/mean:-0.006235003005713224 - critic/advantages/max:2.4748666286468506 - critic/advantages/min:-2.4748666286468506 - critic/returns/mean:-0.006235003005713224 - critic/returns/max:2.4748666286468506 - critic/returns/min:-2.4748666286468506 - response_length/mean:682.046875 - response_length/max:2048.0 - response_length/min:204.0 - response_length/clip_ratio:0.0078125 - response_length_non_aborted/mean:682.046875 - response_length_non_aborted/max:2048.0 - response_length_non_aborted/min:204.0 - response_length_non_aborted/clip_ratio:0.0078125 - response/aborted_ratio:0.0 - prompt_length/mean:136.375 - prompt_length/max:273.0 - prompt_length/min:63.0 - prompt_length/clip_ratio:0.0 - num_turns/min:2 - num_turns/max:2 - num_turns/mean:2.0 - timing_s/start_profile:7.60294497013092e-05 - timing_s/agent_loop/num_preempted/min:-1 - timing_s/agent_loop/num_preempted/max:-1 - timing_s/agent_loop/num_preempted/mean:-1.0 - timing_s/agent_loop/generate_sequences/min:1.2921444633975625 - timing_s/agent_loop/generate_sequences/max:9.430397691205144 - timing_s/agent_loop/generate_sequences/mean:3.8525135003219475 - timing_s/agent_loop/tool_calls/min:0.0 - timing_s/agent_loop/tool_calls/max:0.0 - timing_s/agent_loop/tool_calls/mean:0.0 - timing_s/agent_loop/compute_score/min:0.0045288121327757835 - timing_s/agent_loop/compute_score/max:0.02742310706526041 - timing_s/agent_loop/compute_score/mean:0.00642168075137306 - timing_s/agent_loop/slowest/generate_sequences:9.430397691205144 - timing_s/agent_loop/slowest/tool_calls:0.0 - timing_s/agent_loop/slowest/compute_score:0.00791233591735363 - timing_s/agent_loop/slowest/num_preempted:-1 - timing_s/agent_loop/slowest/prompt_length:91 - timing_s/agent_loop/slowest/response_length:2048 - timing_s/gen:10.024906097911298 - timing_s/reward:1.2059696018695831e-05 - timing_s/old_log_prob:2.396597297862172 - timing_s/ref:8.401825150474906 - timing_s/adv:0.003650291822850704 - timing_s/update_actor:9.20283819641918 - timing_s/update_weights:1.2422254653647542 - timing_s/step:31.29275180120021 - timing_s/stop_profile:8.943956345319748e-05 - timing_per_token_ms/update_actor:0.08784854804806487 - timing_per_token_ms/adv:3.4844993440603144e-05 - timing_per_token_ms/ref:0.08020222942853916 - timing_per_token_ms/gen:0.11483019974240335 - perf/total_num_tokens:104758 - perf/time_per_step:31.29275180120021 - perf/throughput:3347.676186022799
[36m(TaskRunner pid=272629)[0m Training Progress:  82%|████████▏ | 163/200 [1:24:30<19:17, 31.29s/it]
[36m(WorkerDict pid=273039)[0m INFO:2026-07-28 17:21:01,252:update_weights done, time cost: 0.52s
[36m(TaskRunner pid=272629)[0m Training Progress:  82%|████████▏ | 164/200 [1:25:02<18:54, 31.50s/it]
[36m(WorkerDict pid=273039)[0m INFO:2026-07-28 17:21:32,095:update_weights done, time cost: 0.52s
[36m(TaskRunner pid=272629)[0m step:163 - global_seqlen/min:116523 - global_seqlen/max:116523 - global_seqlen/minmax_diff:0 - global_seqlen/balanced_min:116523 - global_seqlen/balanced_max:116523 - global_seqlen/mean:116523.0 - actor/entropy:0.09858659654855728 - perf/mfu/actor_infer:0.32531018595598016 - actor/pg_clipfrac:0.0005539427902476746 - actor/ppo_kl:-5.952415256160748e-05 - actor/pg_clipfrac_lower:0.0 - actor/pg_loss:0.02144863666035235 - actor/kl_loss:0.017956810333998874 - actor/kl_coef:0.001 - actor/loss:0.021466583013534546 - actor/grad_norm:0.4402356445789337 - actor/perf/max_memory_allocated_gb:57.544068813323975 - actor/perf/max_memory_reserved_gb:76.59375 - actor/perf/cpu_memory_used_gb:22.69884490966797 - actor/lr:1e-06 - perf/mfu/actor:0.25325295169941364 - training/global_step:163 - training/epoch:1 - critic/score/mean:0.359375 - critic/score/max:1.0 - critic/score/min:0.0 - critic/rewards/mean:0.359375 - critic/rewards/max:1.0 - critic/rewards/min:0.0 - critic/advantages/mean:-0.021357037127017975 - critic/advantages/max:2.4748666286468506 - critic/advantages/min:-2.4748666286468506 - critic/returns/mean:-0.021357037127017975 - critic/returns/max:2.4748666286468506 - critic/returns/min:-2.4748666286468506 - response_length/mean:775.0234375 - response_length/max:2048.0 - response_length/min:292.0 - response_length/clip_ratio:0.015625 - response_length_non_aborted/mean:775.0234375 - response_length_non_aborted/max:2048.0 - response_length_non_aborted/min:292.0 - response_length_non_aborted/clip_ratio:0.015625 - response/aborted_ratio:0.0 - prompt_length/mean:135.3125 - prompt_length/max:295.0 - prompt_length/min:74.0 - prompt_length/clip_ratio:0.0 - num_turns/min:2 - num_turns/max:2 - num_turns/mean:2.0 - timing_s/start_profile:9.086914360523224e-05 - timing_s/agent_loop/num_preempted/min:-1 - timing_s/agent_loop/num_preempted/max:-1 - timing_s/agent_loop/num_preempted/mean:-1.0 - timing_s/agent_loop/generate_sequences/min:1.8495404552668333 - timing_s/agent_loop/generate_sequences/max:9.739098605699837 - timing_s/agent_loop/generate_sequences/mean:4.468964363426494 - timing_s/agent_loop/tool_calls/min:0.0 - timing_s/agent_loop/tool_calls/max:0.0 - timing_s/agent_loop/tool_calls/mean:0.0 - timing_s/agent_loop/compute_score/min:0.003946248441934586 - timing_s/agent_loop/compute_score/max:0.007781516760587692 - timing_s/agent_loop/compute_score/mean:0.005991671678202692 - timing_s/agent_loop/slowest/generate_sequences:9.739098605699837 - timing_s/agent_loop/slowest/tool_calls:0.0 - timing_s/agent_loop/slowest/compute_score:0.007196832448244095 - timing_s/agent_loop/slowest/num_preempted:-1 - timing_s/agent_loop/slowest/prompt_length:85 - timing_s/agent_loop/slowest/response_length:2048 - timing_s/gen:10.325521217659116 - timing_s/reward:1.7910264432430267e-05 - timing_s/old_log_prob:2.617359895259142 - timing_s/ref:8.817855581641197 - timing_s/adv:0.0036832112818956375 - timing_s/update_actor:9.91065095923841 - timing_s/update_weights:1.2546280641108751 - timing_s/step:32.981070160865784 - timing_s/stop_profile:7.531978189945221e-05 - timing_per_token_ms/update_actor:0.08505317370165899 - timing_per_token_ms/adv:3.1609307020035854e-05 - timing_per_token_ms/ref:0.07567480739116911 - timing_per_token_ms/gen:0.104084767775764 - perf/total_num_tokens:116523 - perf/time_per_step:32.981070160865784 - perf/throughput:3533.026655340682
[36m(TaskRunner pid=272629)[0m step:164 - global_seqlen/min:109063 - global_seqlen/max:109063 - global_seqlen/minmax_diff:0 - global_seqlen/balanced_min:109063 - global_seqlen/balanced_max:109063 - global_seqlen/mean:109063.0 - actor/entropy:0.0810265764594078 - perf/mfu/actor_infer:0.31918836808892703 - actor/pg_clipfrac:0.00043802754225907847 - actor/ppo_kl:-0.00012074787775873119 - actor/pg_clipfrac_lower:0.0 - actor/pg_loss:-0.0034484220668673515 - actor/kl_loss:0.018235666313557886 - actor/kl_coef:0.001 - actor/loss:-0.003430187702178955 - actor/grad_norm:0.34770551323890686 - actor/perf/max_memory_allocated_gb:57.544068813323975 - actor/perf/max_memory_reserved_gb:76.59375 - actor/perf/cpu_memory_used_gb:22.698461532592773 - actor/lr:1e-06 - perf/mfu/actor:0.246431571463415 - training/global_step:164 - training/epoch:1 - critic/score/mean:0.53125 - critic/score/max:1.0 - critic/score/min:0.0 - critic/rewards/mean:0.53125 - critic/rewards/max:1.0 - critic/rewards/min:0.0 - critic/advantages/mean:0.0034334815572947264 - critic/advantages/max:2.4748666286468506 - critic/advantages/min:-2.4748666286468506 - critic/returns/mean:0.0034334815572947264 - critic/returns/max:2.4748666286468506 - critic/returns/min:-2.4748666286468506 - response_length/mean:728.9296875 - response_length/max:2048.0 - response_length/min:200.0 - response_length/clip_ratio:0.0078125 - response_length_non_aborted/mean:728.9296875 - response_length_non_aborted/max:2048.0 - response_length_non_aborted/min:200.0 - response_length_non_aborted/clip_ratio:0.0078125 - response/aborted_ratio:0.0 - prompt_length/mean:123.125 - prompt_length/max:367.0 - prompt_length/min:68.0 - prompt_length/clip_ratio:0.0 - num_turns/min:2 - num_turns/max:2 - num_turns/mean:2.0 - timing_s/start_profile:8.722860366106033e-05 - timing_s/agent_loop/num_preempted/min:-1 - timing_s/agent_loop/num_preempted/max:-1 - timing_s/agent_loop/num_preempted/mean:-1.0 - timing_s/agent_loop/generate_sequences/min:1.3393968222662807 - timing_s/agent_loop/generate_sequences/max:9.647362494841218 - timing_s/agent_loop/generate_sequences/mean:4.170368339357083 - timing_s/agent_loop/tool_calls/min:0.0 - timing_s/agent_loop/tool_calls/max:0.0 - timing_s/agent_loop/tool_calls/mean:0.0 - timing_s/agent_loop/compute_score/min:0.002939188852906227 - timing_s/agent_loop/compute_score/max:0.01317896880209446 - timing_s/agent_loop/compute_score/mean:0.006110784051998053 - timing_s/agent_loop/slowest/generate_sequences:9.647362494841218 - timing_s/agent_loop/slowest/tool_calls:0.0 - timing_s/agent_loop/slowest/compute_score:0.008665747940540314 - timing_s/agent_loop/slowest/num_preempted:-1 - timing_s/agent_loop/slowest/prompt_length:72 - timing_s/agent_loop/slowest/response_length:2048 - timing_s/gen:10.219256372191012 - timing_s/reward:1.66185200214386e-05 - timing_s/old_log_prob:2.507940602488816 - timing_s/ref:8.423095027916133 - timing_s/adv:0.0037179207429289818 - timing_s/update_actor:9.54116047732532 - timing_s/update_weights:1.2481356328353286 - timing_s/step:31.993178692646325 - timing_s/stop_profile:7.931888103485107e-05 - timing_per_token_ms/update_actor:0.08748301878112028 - timing_per_token_ms/adv:3.408966141522773e-05 - timing_per_token_ms/ref:0.0772314628051322 - timing_per_token_ms/gen:0.10952762903862696 - perf/total_num_tokens:109063 - perf/time_per_step:31.993178692646325 - perf/throughput:3408.9454207645917
[36m(TaskRunner pid=272629)[0m Training Progress:  82%|████████▎ | 165/200 [1:25:32<18:15, 31.30s/it]
[36m(WorkerDict pid=273039)[0m INFO:2026-07-28 17:22:03,381:update_weights done, time cost: 0.53s
[36m(TaskRunner pid=272629)[0m Training Progress:  83%|████████▎ | 166/200 [1:26:04<17:44, 31.30s/it]
[36m(WorkerDict pid=273039)[0m INFO:2026-07-28 17:22:35,184:update_weights done, time cost: 0.53s
[36m(TaskRunner pid=272629)[0m step:165 - global_seqlen/min:99959 - global_seqlen/max:99959 - global_seqlen/minmax_diff:0 - global_seqlen/balanced_min:99959 - global_seqlen/balanced_max:99959 - global_seqlen/mean:99959.0 - actor/entropy:0.0864202007651329 - perf/mfu/actor_infer:0.313161857237016 - actor/pg_clipfrac:0.0005326641248757369 - actor/ppo_kl:-6.325353893998908e-05 - actor/pg_clipfrac_lower:0.0 - actor/pg_loss:0.014908673008903861 - actor/kl_loss:0.019502461684169248 - actor/kl_coef:0.001 - actor/loss:0.014928176999092102 - actor/grad_norm:0.47113190591335297 - actor/perf/max_memory_allocated_gb:57.544068813323975 - actor/perf/max_memory_reserved_gb:76.59375 - actor/perf/cpu_memory_used_gb:22.70208740234375 - actor/lr:1e-06 - perf/mfu/actor:0.24160501001629936 - training/global_step:165 - training/epoch:1 - critic/score/mean:0.5 - critic/score/max:1.0 - critic/score/min:0.0 - critic/rewards/mean:0.5 - critic/rewards/max:1.0 - critic/rewards/min:0.0 - critic/advantages/mean:-0.014839393086731434 - critic/advantages/max:2.4748666286468506 - critic/advantages/min:-2.4748666286468506 - critic/returns/mean:-0.014839393086731434 - critic/returns/max:2.4748666286468506 - critic/returns/min:-2.4748666286468506 - response_length/mean:655.8671875 - response_length/max:2048.0 - response_length/min:233.0 - response_length/clip_ratio:0.0078125 - response_length_non_aborted/mean:655.8671875 - response_length_non_aborted/max:2048.0 - response_length_non_aborted/min:233.0 - response_length_non_aborted/clip_ratio:0.0078125 - response/aborted_ratio:0.0 - prompt_length/mean:125.0625 - prompt_length/max:343.0 - prompt_length/min:65.0 - prompt_length/clip_ratio:0.0 - num_turns/min:2 - num_turns/max:2 - num_turns/mean:2.0 - timing_s/start_profile:8.479878306388855e-05 - timing_s/agent_loop/num_preempted/min:-1 - timing_s/agent_loop/num_preempted/max:-1 - timing_s/agent_loop/num_preempted/mean:-1.0 - timing_s/agent_loop/generate_sequences/min:1.4826346468180418 - timing_s/agent_loop/generate_sequences/max:9.320524957962334 - timing_s/agent_loop/generate_sequences/mean:3.7765437653579284 - timing_s/agent_loop/tool_calls/min:0.0 - timing_s/agent_loop/tool_calls/max:0.0 - timing_s/agent_loop/tool_calls/mean:0.0 - timing_s/agent_loop/compute_score/min:0.0027612391859292984 - timing_s/agent_loop/compute_score/max:0.012509196996688843 - timing_s/agent_loop/compute_score/mean:0.005853434806340374 - timing_s/agent_loop/slowest/generate_sequences:9.320524957962334 - timing_s/agent_loop/slowest/tool_calls:0.0 - timing_s/agent_loop/slowest/compute_score:0.008553759194910526 - timing_s/agent_loop/slowest/num_preempted:-1 - timing_s/agent_loop/slowest/prompt_length:178 - timing_s/agent_loop/slowest/response_length:2048 - timing_s/gen:9.895368865691125 - timing_s/reward:1.7870217561721802e-05 - timing_s/old_log_prob:2.343685422092676 - timing_s/ref:8.388840334489942 - timing_s/adv:0.0036667706444859505 - timing_s/update_actor:8.909910454414785 - timing_s/update_weights:1.2448185393586755 - timing_s/step:30.83666206896305 - timing_s/stop_profile:8.833874017000198e-05 - timing_per_token_ms/update_actor:0.08913565016071374 - timing_per_token_ms/adv:3.668274637087156e-05 - timing_per_token_ms/ref:0.08392281169769547 - timing_per_token_ms/gen:0.1178707682539949 - perf/total_num_tokens:99959 - perf/time_per_step:30.83666206896305 - perf/throughput:3241.563557574808
[36m(TaskRunner pid=272629)[0m step:166 - global_seqlen/min:104733 - global_seqlen/max:104733 - global_seqlen/minmax_diff:0 - global_seqlen/balanced_min:104733 - global_seqlen/balanced_max:104733 - global_seqlen/mean:104733.0 - actor/entropy:0.07557301223278046 - perf/mfu/actor_infer:0.31879992579727073 - actor/pg_clipfrac:0.0005678102825186215 - actor/ppo_kl:7.225329113680345e-05 - actor/pg_clipfrac_lower:0.0 - actor/pg_loss:0.01968218804540811 - actor/kl_loss:0.015908797286101617 - actor/kl_coef:0.001 - actor/loss:0.019698101095855236 - actor/grad_norm:0.4855499416589737 - actor/perf/max_memory_allocated_gb:57.544068813323975 - actor/perf/max_memory_reserved_gb:76.59375 - actor/perf/cpu_memory_used_gb:22.703641891479492 - actor/lr:1e-06 - perf/mfu/actor:0.24739131407894724 - training/global_step:166 - training/epoch:1 - critic/score/mean:0.6796875 - critic/score/max:1.0 - critic/score/min:0.0 - critic/rewards/mean:0.6796875 - critic/rewards/max:1.0 - critic/rewards/min:0.0 - critic/advantages/mean:-0.018980149179697037 - critic/advantages/max:2.4748666286468506 - critic/advantages/min:-1.6201815605163574 - critic/returns/mean:-0.018980149179697037 - critic/returns/max:2.4748666286468506 - critic/returns/min:-1.6201815605163574 - response_length/mean:706.0390625 - response_length/max:2048.0 - response_length/min:224.0 - response_length/clip_ratio:0.0078125 - response_length_non_aborted/mean:706.0390625 - response_length_non_aborted/max:2048.0 - response_length_non_aborted/min:224.0 - response_length_non_aborted/clip_ratio:0.0078125 - response/aborted_ratio:0.0 - prompt_length/mean:112.1875 - prompt_length/max:314.0 - prompt_length/min:67.0 - prompt_length/clip_ratio:0.0 - num_turns/min:2 - num_turns/max:2 - num_turns/mean:2.0 - timing_s/start_profile:7.689930498600006e-05 - timing_s/agent_loop/num_preempted/min:-1 - timing_s/agent_loop/num_preempted/max:-1 - timing_s/agent_loop/num_preempted/mean:-1.0 - timing_s/agent_loop/generate_sequences/min:1.4558849511668086 - timing_s/agent_loop/generate_sequences/max:9.463679005391896 - timing_s/agent_loop/generate_sequences/mean:4.123843396788288 - timing_s/agent_loop/tool_calls/min:0.0 - timing_s/agent_loop/tool_calls/max:0.0 - timing_s/agent_loop/tool_calls/mean:0.0 - timing_s/agent_loop/compute_score/min:0.004474032670259476 - timing_s/agent_loop/compute_score/max:0.012991491705179214 - timing_s/agent_loop/compute_score/mean:0.005929829152591992 - timing_s/agent_loop/slowest/generate_sequences:9.463679005391896 - timing_s/agent_loop/slowest/tool_calls:0.0 - timing_s/agent_loop/slowest/compute_score:0.007310123182833195 - timing_s/agent_loop/slowest/num_preempted:-1 - timing_s/agent_loop/slowest/prompt_length:107 - timing_s/agent_loop/slowest/response_length:2048 - timing_s/gen:10.044719875790179 - timing_s/reward:1.7770566046237946e-05 - timing_s/old_log_prob:2.4089533062651753 - timing_s/ref:8.411732802167535 - timing_s/adv:0.003646261990070343 - timing_s/update_actor:9.10445910319686 - timing_s/update_weights:1.2676662560552359 - timing_s/step:31.29179574549198 - timing_s/stop_profile:8.413940668106079e-05 - timing_per_token_ms/update_actor:0.08693018535893042 - timing_per_token_ms/adv:3.4814833816183466e-05 - timing_per_token_ms/ref:0.08031597301870026 - timing_per_token_ms/gen:0.11114735458367188 - perf/total_num_tokens:104733 - perf/time_per_step:31.29179574549198 - perf/throughput:3346.9795358448946
[36m(TaskRunner pid=272629)[0m Training Progress:  84%|████████▎ | 167/200 [1:26:36<17:17, 31.45s/it]
[36m(WorkerDict pid=273039)[0m INFO:2026-07-28 17:23:07,467:update_weights done, time cost: 0.53s
[36m(TaskRunner pid=272629)[0m Training Progress:  84%|████████▍ | 168/200 [1:27:08<16:54, 31.71s/it]
[36m(WorkerDict pid=273039)[0m INFO:2026-07-28 17:23:37,426:update_weights done, time cost: 0.55s
[36m(TaskRunner pid=272629)[0m step:167 - global_seqlen/min:115003 - global_seqlen/max:115003 - global_seqlen/minmax_diff:0 - global_seqlen/balanced_min:115003 - global_seqlen/balanced_max:115003 - global_seqlen/mean:115003.0 - actor/entropy:0.09565906971693039 - perf/mfu/actor_infer:0.3247215271632295 - actor/pg_clipfrac:0.000595373742726224 - actor/ppo_kl:-5.415907310180046e-05 - actor/pg_clipfrac_lower:0.0 - actor/pg_loss:0.019639276462839916 - actor/kl_loss:0.017221499321749434 - actor/kl_coef:0.001 - actor/loss:0.019656499847769737 - actor/grad_norm:0.47616980969905853 - actor/perf/max_memory_allocated_gb:57.544068813323975 - actor/perf/max_memory_reserved_gb:76.59375 - actor/perf/cpu_memory_used_gb:22.70793914794922 - actor/lr:1e-06 - perf/mfu/actor:0.25197749839368533 - training/global_step:167 - training/epoch:1 - critic/score/mean:0.5703125 - critic/score/max:1.0 - critic/score/min:0.0 - critic/rewards/mean:0.5703125 - critic/rewards/max:1.0 - critic/rewards/min:0.0 - critic/advantages/mean:-0.019836751744151115 - critic/advantages/max:2.4748666286468506 - critic/advantages/min:-2.4748666286468506 - critic/returns/mean:-0.019836751744151115 - critic/returns/max:2.4748666286468506 - critic/returns/min:-2.4748666286468506 - response_length/mean:779.9609375 - response_length/max:1841.0 - response_length/min:251.0 - response_length/clip_ratio:0.0 - response_length_non_aborted/mean:779.9609375 - response_length_non_aborted/max:1841.0 - response_length_non_aborted/min:251.0 - response_length_non_aborted/clip_ratio:0.0 - response/aborted_ratio:0.0 - prompt_length/mean:118.5 - prompt_length/max:234.0 - prompt_length/min:75.0 - prompt_length/clip_ratio:0.0 - num_turns/min:2 - num_turns/max:2 - num_turns/mean:2.0 - timing_s/start_profile:7.568951696157455e-05 - timing_s/agent_loop/num_preempted/min:-1 - timing_s/agent_loop/num_preempted/max:-1 - timing_s/agent_loop/num_preempted/mean:-1.0 - timing_s/agent_loop/generate_sequences/min:1.6158505072817206 - timing_s/agent_loop/generate_sequences/max:9.018509078770876 - timing_s/agent_loop/generate_sequences/mean:4.504445171332918 - timing_s/agent_loop/tool_calls/min:0.0 - timing_s/agent_loop/tool_calls/max:0.0 - timing_s/agent_loop/tool_calls/mean:0.0 - timing_s/agent_loop/compute_score/min:0.004206785000860691 - timing_s/agent_loop/compute_score/max:0.008075553923845291 - timing_s/agent_loop/compute_score/mean:0.005897410257603042 - timing_s/agent_loop/slowest/generate_sequences:9.018509078770876 - timing_s/agent_loop/slowest/tool_calls:0.0 - timing_s/agent_loop/slowest/compute_score:0.006982645019888878 - timing_s/agent_loop/slowest/num_preempted:-1 - timing_s/agent_loop/slowest/prompt_length:144 - timing_s/agent_loop/slowest/response_length:1841 - timing_s/gen:9.577701401896775 - timing_s/reward:1.780036836862564e-05 - timing_s/old_log_prob:2.595393252559006 - timing_s/ref:8.466347111389041 - timing_s/adv:0.003642341122031212 - timing_s/update_actor:9.831224761903286 - timing_s/update_weights:1.2596545414999127 - timing_s/step:31.785310434177518 - timing_s/stop_profile:7.953960448503494e-05 - timing_per_token_ms/update_actor:0.0854866808857446 - timing_per_token_ms/adv:3.167170527752504e-05 - timing_per_token_ms/ref:0.07361848918192604 - timing_per_token_ms/gen:0.0959353072759731 - perf/total_num_tokens:115003 - perf/time_per_step:31.785310434177518 - perf/throughput:3618.1178798978067
[36m(TaskRunner pid=272629)[0m step:168 - global_seqlen/min:105907 - global_seqlen/max:105907 - global_seqlen/minmax_diff:0 - global_seqlen/balanced_min:105907 - global_seqlen/balanced_max:105907 - global_seqlen/mean:105907.0 - actor/entropy:0.07534937560558319 - perf/mfu/actor_infer:0.31719503233290147 - actor/pg_clipfrac:0.00040848317485142616 - actor/ppo_kl:-4.153162171860458e-05 - actor/pg_clipfrac_lower:0.0 - actor/pg_loss:0.03160289698280394 - actor/kl_loss:0.014547408500220627 - actor/kl_coef:0.001 - actor/loss:0.031617443077266216 - actor/grad_norm:0.4637736678123474 - actor/perf/max_memory_allocated_gb:57.544068813323975 - actor/perf/max_memory_reserved_gb:76.59375 - actor/perf/cpu_memory_used_gb:22.6348819732666 - actor/lr:1e-06 - perf/mfu/actor:0.24443142854666844 - training/global_step:168 - training/epoch:1 - critic/score/mean:0.7421875 - critic/score/max:1.0 - critic/score/min:0.0 - critic/rewards/mean:0.7421875 - critic/rewards/max:1.0 - critic/rewards/min:0.0 - critic/advantages/mean:-0.03145236521959305 - critic/advantages/max:2.4748666286468506 - critic/advantages/min:-2.4748666286468506 - critic/returns/mean:-0.03145236521959305 - critic/returns/max:2.4748666286468506 - critic/returns/min:-2.4748666286468506 - response_length/mean:729.0859375 - response_length/max:2048.0 - response_length/min:212.0 - response_length/clip_ratio:0.0390625 - response_length_non_aborted/mean:729.0859375 - response_length_non_aborted/max:2048.0 - response_length_non_aborted/min:212.0 - response_length_non_aborted/clip_ratio:0.0390625 - response/aborted_ratio:0.0 - prompt_length/mean:98.3125 - prompt_length/max:172.0 - prompt_length/min:69.0 - prompt_length/clip_ratio:0.0 - num_turns/min:2 - num_turns/max:2 - num_turns/mean:2.0 - timing_s/start_profile:8.021946996450424e-05 - timing_s/agent_loop/num_preempted/min:-1 - timing_s/agent_loop/num_preempted/max:-1 - timing_s/agent_loop/num_preempted/mean:-1.0 - timing_s/agent_loop/generate_sequences/min:1.3691582148894668 - timing_s/agent_loop/generate_sequences/max:9.566981308162212 - timing_s/agent_loop/generate_sequences/mean:4.049471380705654 - timing_s/agent_loop/tool_calls/min:0.0 - timing_s/agent_loop/tool_calls/max:0.0 - timing_s/agent_loop/tool_calls/mean:0.0 - timing_s/agent_loop/compute_score/min:0.0042274342849850655 - timing_s/agent_loop/compute_score/max:0.02485068514943123 - timing_s/agent_loop/compute_score/mean:0.006184581085108221 - timing_s/agent_loop/slowest/generate_sequences:9.566981308162212 - timing_s/agent_loop/slowest/tool_calls:0.0 - timing_s/agent_loop/slowest/compute_score:0.006014556623995304 - timing_s/agent_loop/slowest/num_preempted:-1 - timing_s/agent_loop/slowest/prompt_length:98 - timing_s/agent_loop/slowest/response_length:2048 - timing_s/gen:10.129964130930603 - timing_s/reward:1.6019679605960846e-05 - timing_s/old_log_prob:2.4585407115519047 - timing_s/ref:9.03284326940775 - timing_s/adv:0.0036724498495459557 - timing_s/update_actor:9.34360726736486 - timing_s/update_weights:1.306030448526144 - timing_s/step:32.325388107448816 - timing_s/stop_profile:7.963832467794418e-05 - timing_per_token_ms/update_actor:0.08822464301098945 - timing_per_token_ms/adv:3.4676176735682775e-05 - timing_per_token_ms/ref:0.08529033273917445 - timing_per_token_ms/gen:0.10854734771632504 - perf/total_num_tokens:105907 - perf/time_per_step:32.325388107448816 - perf/throughput:3276.27930244697
[36m(TaskRunner pid=272629)[0m Training Progress:  84%|████████▍ | 169/200 [1:27:38<16:06, 31.18s/it]
[36m(WorkerDict pid=273039)[0m INFO:2026-07-28 17:24:09,866:update_weights done, time cost: 0.52s
[36m(TaskRunner pid=272629)[0m Training Progress:  85%|████████▌ | 170/200 [1:28:10<15:46, 31.55s/it]
[36m(WorkerDict pid=273039)[0m INFO:2026-07-28 17:24:42,517:update_weights done, time cost: 0.52s
[36m(TaskRunner pid=272629)[0m step:169 - global_seqlen/min:89647 - global_seqlen/max:89647 - global_seqlen/minmax_diff:0 - global_seqlen/balanced_min:89647 - global_seqlen/balanced_max:89647 - global_seqlen/mean:89647.0 - actor/entropy:0.10149767994880676 - perf/mfu/actor_infer:0.303886939638858 - actor/pg_clipfrac:0.000593501286857645 - actor/ppo_kl:-1.7495651945864665e-05 - actor/pg_clipfrac_lower:0.0 - actor/pg_loss:0.03751763695618138 - actor/kl_loss:0.02191501147171948 - actor/kl_coef:0.001 - actor/loss:0.037539541721343994 - actor/grad_norm:0.5469428449869156 - actor/perf/max_memory_allocated_gb:57.544068813323975 - actor/perf/max_memory_reserved_gb:76.59375 - actor/perf/cpu_memory_used_gb:22.69075584411621 - actor/lr:1e-06 - perf/mfu/actor:0.23112492649800204 - training/global_step:169 - training/epoch:1 - critic/score/mean:0.7734375 - critic/score/max:1.0 - critic/score/min:0.0 - critic/rewards/mean:0.7734375 - critic/rewards/max:1.0 - critic/rewards/min:0.0 - critic/advantages/mean:-0.04027790576219559 - critic/advantages/max:0.935412585735321 - critic/advantages/min:-2.4748666286468506 - critic/returns/mean:-0.04027790576219559 - critic/returns/max:0.935412585735321 - critic/returns/min:-2.4748666286468506 - response_length/mean:590.0546875 - response_length/max:2048.0 - response_length/min:243.0 - response_length/clip_ratio:0.0078125 - response_length_non_aborted/mean:590.0546875 - response_length_non_aborted/max:2048.0 - response_length_non_aborted/min:243.0 - response_length_non_aborted/clip_ratio:0.0078125 - response/aborted_ratio:0.0 - prompt_length/mean:110.3125 - prompt_length/max:333.0 - prompt_length/min:60.0 - prompt_length/clip_ratio:0.0 - num_turns/min:2 - num_turns/max:2 - num_turns/mean:2.0 - timing_s/start_profile:9.685847908258438e-05 - timing_s/agent_loop/num_preempted/min:-1 - timing_s/agent_loop/num_preempted/max:-1 - timing_s/agent_loop/num_preempted/mean:-1.0 - timing_s/agent_loop/generate_sequences/min:1.5364954816177487 - timing_s/agent_loop/generate_sequences/max:9.104140419512987 - timing_s/agent_loop/generate_sequences/mean:3.416152559904731 - timing_s/agent_loop/tool_calls/min:0.0 - timing_s/agent_loop/tool_calls/max:0.0 - timing_s/agent_loop/tool_calls/mean:0.0 - timing_s/agent_loop/compute_score/min:0.004295805469155312 - timing_s/agent_loop/compute_score/max:0.013236348517239094 - timing_s/agent_loop/compute_score/mean:0.0058315828573540784 - timing_s/agent_loop/slowest/generate_sequences:9.104140419512987 - timing_s/agent_loop/slowest/tool_calls:0.0 - timing_s/agent_loop/slowest/compute_score:0.008349561132490635 - timing_s/agent_loop/slowest/num_preempted:-1 - timing_s/agent_loop/slowest/prompt_length:120 - timing_s/agent_loop/slowest/response_length:2048 - timing_s/gen:9.69875845592469 - timing_s/reward:3.269035369157791e-05 - timing_s/old_log_prob:2.1703375708311796 - timing_s/ref:8.339653643779457 - timing_s/adv:0.003723970614373684 - timing_s/update_actor:8.359109587036073 - timing_s/update_weights:1.2998839234933257 - timing_s/step:29.923686556518078 - timing_s/stop_profile:8.400902152061462e-05 - timing_per_token_ms/update_actor:0.09324472193197846 - timing_per_token_ms/adv:4.1540381879747055e-05 - timing_per_token_ms/ref:0.09302769355114457 - timing_per_token_ms/gen:0.1284144538499436 - perf/total_num_tokens:89647 - perf/time_per_step:29.923686556518078 - perf/throughput:2995.854131498139
[36m(TaskRunner pid=272629)[0m step:170 - global_seqlen/min:112261 - global_seqlen/max:112261 - global_seqlen/minmax_diff:0 - global_seqlen/balanced_min:112261 - global_seqlen/balanced_max:112261 - global_seqlen/mean:112261.0 - actor/entropy:0.08642087131738663 - perf/mfu/actor_infer:0.31971325967008696 - actor/pg_clipfrac:0.0005510378869075794 - actor/ppo_kl:-1.6250711439624865e-05 - actor/pg_clipfrac_lower:0.0 - actor/pg_loss:0.03597649955190718 - actor/kl_loss:0.016834908092278056 - actor/kl_coef:0.001 - actor/loss:0.03599333297461271 - actor/grad_norm:0.3155190646648407 - actor/perf/max_memory_allocated_gb:57.544068813323975 - actor/perf/max_memory_reserved_gb:76.59375 - actor/perf/cpu_memory_used_gb:22.65569305419922 - actor/lr:1e-06 - perf/mfu/actor:0.24712725966583804 - training/global_step:170 - training/epoch:1 - critic/score/mean:0.5 - critic/score/max:1.0 - critic/score/min:0.0 - critic/rewards/mean:0.5 - critic/rewards/max:1.0 - critic/rewards/min:0.0 - critic/advantages/mean:-0.03557675704360008 - critic/advantages/max:0.935412585735321 - critic/advantages/min:-2.4748666286468506 - critic/returns/mean:-0.03557675704360008 - critic/returns/max:0.935412585735321 - critic/returns/min:-2.4748666286468506 - response_length/mean:743.1015625 - response_length/max:2048.0 - response_length/min:188.0 - response_length/clip_ratio:0.03125 - response_length_non_aborted/mean:743.1015625 - response_length_non_aborted/max:2048.0 - response_length_non_aborted/min:188.0 - response_length_non_aborted/clip_ratio:0.03125 - response/aborted_ratio:0.0 - prompt_length/mean:133.9375 - prompt_length/max:465.0 - prompt_length/min:56.0 - prompt_length/clip_ratio:0.0 - num_turns/min:2 - num_turns/max:2 - num_turns/mean:2.0 - timing_s/start_profile:7.989909499883652e-05 - timing_s/agent_loop/num_preempted/min:-1 - timing_s/agent_loop/num_preempted/max:-1 - timing_s/agent_loop/num_preempted/mean:-1.0 - timing_s/agent_loop/generate_sequences/min:1.2229875130578876 - timing_s/agent_loop/generate_sequences/max:9.72921989299357 - timing_s/agent_loop/generate_sequences/mean:4.168357551083318 - timing_s/agent_loop/tool_calls/min:0.0 - timing_s/agent_loop/tool_calls/max:0.0 - timing_s/agent_loop/tool_calls/mean:0.0 - timing_s/agent_loop/compute_score/min:0.00441577285528183 - timing_s/agent_loop/compute_score/max:0.011884303763508797 - timing_s/agent_loop/compute_score/mean:0.006052247597835958 - timing_s/agent_loop/slowest/generate_sequences:9.72921989299357 - timing_s/agent_loop/slowest/tool_calls:0.0 - timing_s/agent_loop/slowest/compute_score:0.007530969567596912 - timing_s/agent_loop/slowest/num_preempted:-1 - timing_s/agent_loop/slowest/prompt_length:84 - timing_s/agent_loop/slowest/response_length:2048 - timing_s/gen:10.319698853418231 - timing_s/reward:1.821015030145645e-05 - timing_s/old_log_prob:2.572112200781703 - timing_s/ref:8.429187431000173 - timing_s/adv:0.0036874497309327126 - timing_s/update_actor:9.787570532411337 - timing_s/update_weights:1.2576444633305073 - timing_s/step:32.41995842847973 - timing_s/stop_profile:8.277967572212219e-05 - timing_per_token_ms/update_actor:0.087185848446133 - timing_per_token_ms/adv:3.284711280794499e-05 - timing_per_token_ms/ref:0.07508562573823654 - timing_per_token_ms/gen:0.10849478908521328 - perf/total_num_tokens:112261 - perf/time_per_step:32.41995842847973 - perf/throughput:3462.7126449793
[36m(TaskRunner pid=272629)[0m Training Progress:  86%|████████▌ | 171/200 [1:28:43<15:24, 31.88s/it]
[36m(WorkerDict pid=273039)[0m INFO:2026-07-28 17:25:14,433:update_weights done, time cost: 0.54s
[36m(TaskRunner pid=272629)[0m Training Progress:  86%|████████▌ | 172/200 [1:29:15<14:53, 31.89s/it]
[36m(WorkerDict pid=273039)[0m INFO:2026-07-28 17:25:41,391:update_weights done, time cost: 0.52s
[36m(TaskRunner pid=272629)[0m step:171 - global_seqlen/min:116686 - global_seqlen/max:116686 - global_seqlen/minmax_diff:0 - global_seqlen/balanced_min:116686 - global_seqlen/balanced_max:116686 - global_seqlen/mean:116686.0 - actor/entropy:0.06991647183895111 - perf/mfu/actor_infer:0.32839531493095925 - actor/pg_clipfrac:0.0003966219246649416 - actor/ppo_kl:-2.559250978606542e-05 - actor/pg_clipfrac_lower:0.0 - actor/pg_loss:-0.012043129885569215 - actor/kl_loss:0.016284118522889912 - actor/kl_coef:0.001 - actor/loss:-0.012026845943182707 - actor/grad_norm:0.3460877537727356 - actor/perf/max_memory_allocated_gb:57.544068813323975 - actor/perf/max_memory_reserved_gb:76.59375 - actor/perf/cpu_memory_used_gb:22.663835525512695 - actor/lr:1e-06 - perf/mfu/actor:0.2547575816857346 - training/global_step:171 - training/epoch:1 - critic/score/mean:0.515625 - critic/score/max:1.0 - critic/score/min:0.0 - critic/rewards/mean:0.515625 - critic/rewards/max:1.0 - critic/rewards/min:0.0 - critic/advantages/mean:0.012080490589141846 - critic/advantages/max:2.4748666286468506 - critic/advantages/min:-1.6201815605163574 - critic/returns/mean:0.012080490589141846 - critic/returns/max:2.4748666286468506 - critic/returns/min:-1.6201815605163574 - response_length/mean:801.984375 - response_length/max:2048.0 - response_length/min:258.0 - response_length/clip_ratio:0.015625 - response_length_non_aborted/mean:801.984375 - response_length_non_aborted/max:2048.0 - response_length_non_aborted/min:258.0 - response_length_non_aborted/clip_ratio:0.015625 - response/aborted_ratio:0.0 - prompt_length/mean:109.625 - prompt_length/max:223.0 - prompt_length/min:60.0 - prompt_length/clip_ratio:0.0 - num_turns/min:2 - num_turns/max:2 - num_turns/mean:2.0 - timing_s/start_profile:7.60294497013092e-05 - timing_s/agent_loop/num_preempted/min:-1 - timing_s/agent_loop/num_preempted/max:-1 - timing_s/agent_loop/num_preempted/mean:-1.0 - timing_s/agent_loop/generate_sequences/min:1.681199132464826 - timing_s/agent_loop/generate_sequences/max:9.819375433027744 - timing_s/agent_loop/generate_sequences/mean:4.642718029033858 - timing_s/agent_loop/tool_calls/min:0.0 - timing_s/agent_loop/tool_calls/max:0.0 - timing_s/agent_loop/tool_calls/mean:0.0 - timing_s/agent_loop/compute_score/min:0.003751760348677635 - timing_s/agent_loop/compute_score/max:0.009157782420516014 - timing_s/agent_loop/compute_score/mean:0.00582316740474198 - timing_s/agent_loop/slowest/generate_sequences:9.819375433027744 - timing_s/agent_loop/slowest/tool_calls:0.0 - timing_s/agent_loop/slowest/compute_score:0.007076425477862358 - timing_s/agent_loop/slowest/num_preempted:-1 - timing_s/agent_loop/slowest/prompt_length:128 - timing_s/agent_loop/slowest/response_length:2048 - timing_s/gen:10.41643975302577 - timing_s/reward:1.769978553056717e-05 - timing_s/old_log_prob:2.6021908912807703 - timing_s/ref:8.445750006474555 - timing_s/adv:0.0036744410172104836 - timing_s/update_actor:9.862086399458349 - timing_s/update_weights:1.2664802791550756 - timing_s/step:32.64652511943132 - timing_s/stop_profile:7.780827581882477e-05 - timing_per_token_ms/update_actor:0.08451816327115805 - timing_per_token_ms/adv:3.148999037768441e-05 - timing_per_token_ms/ref:0.07238014848803245 - timing_per_token_ms/gen:0.10147134795551825 - perf/total_num_tokens:116686 - perf/time_per_step:32.64652511943132 - perf/throughput:3574.2241960859756
[36m(TaskRunner pid=272629)[0m step:172 - global_seqlen/min:110537 - global_seqlen/max:110537 - global_seqlen/minmax_diff:0 - global_seqlen/balanced_min:110537 - global_seqlen/balanced_max:110537 - global_seqlen/mean:110537.0 - actor/entropy:0.08871515840291977 - perf/mfu/actor_infer:0.3223714770552502 - actor/pg_clipfrac:0.0006686826582154026 - actor/ppo_kl:-2.5096607487284928e-05 - actor/pg_clipfrac_lower:0.0 - actor/pg_loss:0.017804972012527287 - actor/kl_loss:0.018465051311068237 - actor/kl_coef:0.001 - actor/loss:0.017823439091444016 - actor/grad_norm:0.5365215241909027 - actor/perf/max_memory_allocated_gb:57.544068813323975 - actor/perf/max_memory_reserved_gb:76.59375 - actor/perf/cpu_memory_used_gb:22.688016891479492 - actor/lr:1e-06 - perf/mfu/actor:0.24945063654172853 - training/global_step:172 - training/epoch:1 - critic/score/mean:0.5546875 - critic/score/max:1.0 - critic/score/min:0.0 - critic/rewards/mean:0.5546875 - critic/rewards/max:1.0 - critic/rewards/min:0.0 - critic/advantages/mean:-0.016005706042051315 - critic/advantages/max:2.4748666286468506 - critic/advantages/min:-2.4748666286468506 - critic/returns/mean:-0.016005706042051315 - critic/returns/max:2.4748666286468506 - critic/returns/min:-2.4748666286468506 - response_length/mean:711.5078125 - response_length/max:2048.0 - response_length/min:199.0 - response_length/clip_ratio:0.0234375 - response_length_non_aborted/mean:711.5078125 - response_length_non_aborted/max:2048.0 - response_length_non_aborted/min:199.0 - response_length_non_aborted/clip_ratio:0.0234375 - response/aborted_ratio:0.0 - prompt_length/mean:152.0625 - prompt_length/max:551.0 - prompt_length/min:70.0 - prompt_length/clip_ratio:0.0 - num_turns/min:2 - num_turns/max:2 - num_turns/mean:2.0 - timing_s/start_profile:8.163973689079285e-05 - timing_s/agent_loop/num_preempted/min:-1 - timing_s/agent_loop/num_preempted/max:-1 - timing_s/agent_loop/num_preempted/mean:-1.0 - timing_s/agent_loop/generate_sequences/min:1.278381203301251 - timing_s/agent_loop/generate_sequences/max:9.522249460220337 - timing_s/agent_loop/generate_sequences/mean:3.9989878718115506 - timing_s/agent_loop/tool_calls/min:0.0 - timing_s/agent_loop/tool_calls/max:0.0 - timing_s/agent_loop/tool_calls/mean:0.0 - timing_s/agent_loop/compute_score/min:0.004013056866824627 - timing_s/agent_loop/compute_score/max:0.01402938924729824 - timing_s/agent_loop/compute_score/mean:0.005890089807508048 - timing_s/agent_loop/slowest/generate_sequences:9.522249460220337 - timing_s/agent_loop/slowest/tool_calls:0.0 - timing_s/agent_loop/slowest/compute_score:0.007458850741386414 - timing_s/agent_loop/slowest/num_preempted:-1 - timing_s/agent_loop/slowest/prompt_length:98 - timing_s/agent_loop/slowest/response_length:2048 - timing_s/gen:10.105595026165247 - timing_s/reward:1.6189180314540863e-05 - timing_s/old_log_prob:2.510027344338596 - timing_s/ref:8.41990698222071 - timing_s/adv:0.0036639710888266563 - timing_s/update_actor:9.54005092009902 - timing_s/update_weights:1.2828484075143933 - timing_s/step:31.912819549441338 - timing_s/stop_profile:7.401034235954285e-05 - timing_per_token_ms/update_actor:0.08630640346760832 - timing_per_token_ms/adv:3.3147010402188015e-05 - timing_per_token_ms/ref:0.0761727474259362 - timing_per_token_ms/gen:0.11096148173624726 - perf/total_num_tokens:110537 - perf/time_per_step:31.912819549441338 - perf/throughput:3463.717764854627
[36m(TaskRunner pid=272629)[0m Training Progress:  86%|████████▋ | 173/200 [1:29:42<13:41, 30.41s/it]
[36m(WorkerDict pid=273039)[0m INFO:2026-07-28 17:26:08,171:update_weights done, time cost: 0.53s
[36m(TaskRunner pid=272629)[0m Training Progress:  87%|████████▋ | 174/200 [1:30:09<12:42, 29.33s/it]
[36m(WorkerDict pid=273039)[0m INFO:2026-07-28 17:26:42,722:update_weights done, time cost: 0.54s
[36m(TaskRunner pid=272629)[0m step:173 - global_seqlen/min:87052 - global_seqlen/max:87052 - global_seqlen/minmax_diff:0 - global_seqlen/balanced_min:87052 - global_seqlen/balanced_max:87052 - global_seqlen/mean:87052.0 - actor/entropy:0.11634156107902527 - perf/mfu/actor_infer:0.30123191160847246 - actor/pg_clipfrac:0.0004432153091329383 - actor/ppo_kl:2.636526141941431e-05 - actor/pg_clipfrac_lower:0.0 - actor/pg_loss:0.024511838564649224 - actor/kl_loss:0.020444002890144475 - actor/kl_coef:0.001 - actor/loss:0.02453228458762169 - actor/grad_norm:0.4843902587890625 - actor/perf/max_memory_allocated_gb:57.544068813323975 - actor/perf/max_memory_reserved_gb:76.59375 - actor/perf/cpu_memory_used_gb:22.763370513916016 - actor/lr:1e-06 - perf/mfu/actor:0.2296820720628871 - training/global_step:173 - training/epoch:1 - critic/score/mean:0.515625 - critic/score/max:1.0 - critic/score/min:0.0 - critic/rewards/mean:0.515625 - critic/rewards/max:1.0 - critic/rewards/min:0.0 - critic/advantages/mean:-0.023933589458465576 - critic/advantages/max:2.4748666286468506 - critic/advantages/min:-2.4748666286468506 - critic/returns/mean:-0.023933589458465576 - critic/returns/max:2.4748666286468506 - critic/returns/min:-2.4748666286468506 - response_length/mean:579.46875 - response_length/max:1333.0 - response_length/min:225.0 - response_length/clip_ratio:0.0 - response_length_non_aborted/mean:579.46875 - response_length_non_aborted/max:1333.0 - response_length_non_aborted/min:225.0 - response_length_non_aborted/clip_ratio:0.0 - response/aborted_ratio:0.0 - prompt_length/mean:100.625 - prompt_length/max:251.0 - prompt_length/min:66.0 - prompt_length/clip_ratio:0.0 - num_turns/min:2 - num_turns/max:2 - num_turns/mean:2.0 - timing_s/start_profile:8.010957390069962e-05 - timing_s/agent_loop/num_preempted/min:-1 - timing_s/agent_loop/num_preempted/max:-1 - timing_s/agent_loop/num_preempted/mean:-1.0 - timing_s/agent_loop/generate_sequences/min:1.4419084107503295 - timing_s/agent_loop/generate_sequences/max:6.473855965770781 - timing_s/agent_loop/generate_sequences/mean:3.293554514486459 - timing_s/agent_loop/tool_calls/min:0.0 - timing_s/agent_loop/tool_calls/max:0.0 - timing_s/agent_loop/tool_calls/mean:0.0 - timing_s/agent_loop/compute_score/min:0.004212706349790096 - timing_s/agent_loop/compute_score/max:0.008095011115074158 - timing_s/agent_loop/compute_score/mean:0.005744021698774304 - timing_s/agent_loop/slowest/generate_sequences:6.473855965770781 - timing_s/agent_loop/slowest/tool_calls:0.0 - timing_s/agent_loop/slowest/compute_score:0.005177279002964497 - timing_s/agent_loop/slowest/num_preempted:-1 - timing_s/agent_loop/slowest/prompt_length:69 - timing_s/agent_loop/slowest/response_length:1333 - timing_s/gen:7.041676742956042 - timing_s/reward:1.7830170691013336e-05 - timing_s/old_log_prob:2.1227649953216314 - timing_s/ref:8.313296096399426 - timing_s/adv:0.003704591654241085 - timing_s/update_actor:8.152219729498029 - timing_s/update_weights:1.266811734996736 - timing_s/step:26.950664712116122 - timing_s/stop_profile:7.779058068990707e-05 - timing_per_token_ms/update_actor:0.09364770171274674 - timing_per_token_ms/adv:4.2556077450731576e-05 - timing_per_token_ms/ref:0.09549804825161314 - timing_per_token_ms/gen:0.09493712914517664 - perf/total_num_tokens:87052 - perf/time_per_step:26.950664712116122 - perf/throughput:3230.050202096289
[36m(TaskRunner pid=272629)[0m step:174 - global_seqlen/min:81594 - global_seqlen/max:81594 - global_seqlen/minmax_diff:0 - global_seqlen/balanced_min:81594 - global_seqlen/balanced_max:81594 - global_seqlen/mean:81594.0 - actor/entropy:0.06984823197126389 - perf/mfu/actor_infer:0.2961126701915807 - actor/pg_clipfrac:0.0007306693732971326 - actor/ppo_kl:8.810054475816287e-05 - actor/pg_clipfrac_lower:0.0 - actor/pg_loss:0.03367798500403296 - actor/kl_loss:0.018550226843217388 - actor/kl_coef:0.001 - actor/loss:0.033696530386805534 - actor/grad_norm:0.6276214122772217 - actor/perf/max_memory_allocated_gb:57.544068813323975 - actor/perf/max_memory_reserved_gb:76.59375 - actor/perf/cpu_memory_used_gb:22.69390869140625 - actor/lr:1e-06 - perf/mfu/actor:0.22591046550565236 - training/global_step:174 - training/epoch:1 - critic/score/mean:0.71875 - critic/score/max:1.0 - critic/score/min:0.0 - critic/rewards/mean:0.71875 - critic/rewards/max:1.0 - critic/rewards/min:0.0 - critic/advantages/mean:-0.03306988999247551 - critic/advantages/max:2.4748666286468506 - critic/advantages/min:-2.4748666286468506 - critic/returns/mean:-0.03306988999247551 - critic/returns/max:2.4748666286468506 - critic/returns/min:-2.4748666286468506 - response_length/mean:550.890625 - response_length/max:1379.0 - response_length/min:186.0 - response_length/clip_ratio:0.0 - response_length_non_aborted/mean:550.890625 - response_length_non_aborted/max:1379.0 - response_length_non_aborted/min:186.0 - response_length_non_aborted/clip_ratio:0.0 - response/aborted_ratio:0.0 - prompt_length/mean:86.5625 - prompt_length/max:163.0 - prompt_length/min:57.0 - prompt_length/clip_ratio:0.0 - num_turns/min:2 - num_turns/max:2 - num_turns/mean:2.0 - timing_s/start_profile:8.43806192278862e-05 - timing_s/agent_loop/num_preempted/min:-1 - timing_s/agent_loop/num_preempted/max:-1 - timing_s/agent_loop/num_preempted/mean:-1.0 - timing_s/agent_loop/generate_sequences/min:1.1871443763375282 - timing_s/agent_loop/generate_sequences/max:6.527427257038653 - timing_s/agent_loop/generate_sequences/mean:3.191171706930618 - timing_s/agent_loop/tool_calls/min:0.0 - timing_s/agent_loop/tool_calls/max:0.0 - timing_s/agent_loop/tool_calls/mean:0.0 - timing_s/agent_loop/compute_score/min:0.004275573417544365 - timing_s/agent_loop/compute_score/max:0.012417338788509369 - timing_s/agent_loop/compute_score/mean:0.005709689772629645 - timing_s/agent_loop/slowest/generate_sequences:6.527427257038653 - timing_s/agent_loop/slowest/tool_calls:0.0 - timing_s/agent_loop/slowest/compute_score:0.006447359919548035 - timing_s/agent_loop/slowest/num_preempted:-1 - timing_s/agent_loop/slowest/prompt_length:76 - timing_s/agent_loop/slowest/response_length:1379 - timing_s/gen:7.068764240480959 - timing_s/reward:1.733936369419098e-05 - timing_s/old_log_prob:2.377634455449879 - timing_s/ref:8.251785135827959 - timing_s/adv:0.0036936206743121147 - timing_s/update_actor:7.749718745239079 - timing_s/update_weights:1.2810986377298832 - timing_s/step:26.78264446463436 - timing_s/stop_profile:7.960014045238495e-05 - timing_per_token_ms/update_actor:0.09497902719855723 - timing_per_token_ms/adv:4.5268287794594146e-05 - timing_per_token_ms/ref:0.10113225403617862 - timing_per_token_ms/gen:0.10024625238223557 - perf/total_num_tokens:81594 - perf/time_per_step:26.78264446463436 - perf/throughput:3046.525152052939
[36m(TaskRunner pid=272629)[0m Training Progress:  88%|████████▊ | 175/200 [1:30:43<12:52, 30.89s/it]
[36m(WorkerDict pid=273039)[0m INFO:2026-07-28 17:27:12,241:update_weights done, time cost: 0.53s
[36m(TaskRunner pid=272629)[0m Training Progress:  88%|████████▊ | 176/200 [1:31:13<12:11, 30.48s/it]
[36m(WorkerDict pid=273039)[0m INFO:2026-07-28 17:27:45,104:update_weights done, time cost: 0.54s
[36m(TaskRunner pid=272629)[0m step:175 - global_seqlen/min:130273 - global_seqlen/max:130273 - global_seqlen/minmax_diff:0 - global_seqlen/balanced_min:130273 - global_seqlen/balanced_max:130273 - global_seqlen/mean:130273.0 - actor/entropy:0.08717379719018936 - perf/mfu/actor_infer:0.33262707098665834 - actor/pg_clipfrac:0.0005344558212527772 - actor/ppo_kl:6.124189113165812e-06 - actor/pg_clipfrac_lower:0.0 - actor/pg_loss:0.019248360622441396 - actor/kl_loss:0.019101446407148615 - actor/kl_coef:0.001 - actor/loss:0.019267458468675613 - actor/grad_norm:0.38130128383636475 - actor/perf/max_memory_allocated_gb:57.544068813323975 - actor/perf/max_memory_reserved_gb:76.59375 - actor/perf/cpu_memory_used_gb:22.693138122558594 - actor/lr:1e-06 - perf/mfu/actor:0.25760421637349173 - training/global_step:175 - training/epoch:1 - critic/score/mean:0.421875 - critic/score/max:1.0 - critic/score/min:0.0 - critic/rewards/mean:0.421875 - critic/rewards/max:1.0 - critic/rewards/min:0.0 - critic/advantages/mean:-0.020027613267302513 - critic/advantages/max:1.6201815605163574 - critic/advantages/min:-1.6201815605163574 - critic/returns/mean:-0.020027613267302513 - critic/returns/max:1.6201815605163574 - critic/returns/min:-1.6201815605163574 - response_length/mean:892.6328125 - response_length/max:2048.0 - response_length/min:223.0 - response_length/clip_ratio:0.0234375 - response_length_non_aborted/mean:892.6328125 - response_length_non_aborted/max:2048.0 - response_length_non_aborted/min:223.0 - response_length_non_aborted/clip_ratio:0.0234375 - response/aborted_ratio:0.0 - prompt_length/mean:125.125 - prompt_length/max:368.0 - prompt_length/min:58.0 - prompt_length/clip_ratio:0.0 - num_turns/min:2 - num_turns/max:2 - num_turns/mean:2.0 - timing_s/start_profile:7.737055420875549e-05 - timing_s/agent_loop/num_preempted/min:-1 - timing_s/agent_loop/num_preempted/max:-1 - timing_s/agent_loop/num_preempted/mean:-1.0 - timing_s/agent_loop/generate_sequences/min:1.467655673623085 - timing_s/agent_loop/generate_sequences/max:10.306659180670977 - timing_s/agent_loop/generate_sequences/mean:5.176088270469336 - timing_s/agent_loop/tool_calls/min:0.0 - timing_s/agent_loop/tool_calls/max:0.0 - timing_s/agent_loop/tool_calls/mean:0.0 - timing_s/agent_loop/compute_score/min:0.004066199995577335 - timing_s/agent_loop/compute_score/max:0.01036897487938404 - timing_s/agent_loop/compute_score/mean:0.006104758722358383 - timing_s/agent_loop/slowest/generate_sequences:10.306659180670977 - timing_s/agent_loop/slowest/tool_calls:0.0 - timing_s/agent_loop/slowest/compute_score:0.006841936148703098 - timing_s/agent_loop/slowest/num_preempted:-1 - timing_s/agent_loop/slowest/prompt_length:81 - timing_s/agent_loop/slowest/response_length:2048 - timing_s/gen:10.907489687204361 - timing_s/reward:1.696031540632248e-05 - timing_s/old_log_prob:2.861072906292975 - timing_s/ref:8.509909104555845 - timing_s/adv:0.0036873677745461464 - timing_s/update_actor:10.916228994727135 - timing_s/update_weights:1.2992054875940084 - timing_s/step:34.547594021074474 - timing_s/stop_profile:7.91400671005249e-05 - timing_per_token_ms/update_actor:0.08379502271942102 - timing_per_token_ms/adv:2.830492714949488e-05 - timing_per_token_ms/ref:0.06532365958069473 - timing_per_token_ms/gen:0.09546452022374437 - perf/total_num_tokens:130273 - perf/time_per_step:34.547594021074474 - perf/throughput:3770.8269907459203
[36m(TaskRunner pid=272629)[0m step:176 - global_seqlen/min:98175 - global_seqlen/max:98175 - global_seqlen/minmax_diff:0 - global_seqlen/balanced_min:98175 - global_seqlen/balanced_max:98175 - global_seqlen/mean:98175.0 - actor/entropy:0.07129871100187302 - perf/mfu/actor_infer:0.31360256047996465 - actor/pg_clipfrac:0.0005882160821784055 - actor/ppo_kl:-0.00013098164853087013 - actor/pg_clipfrac_lower:0.0 - actor/pg_loss:0.02449687581975013 - actor/kl_loss:0.017172869003843516 - actor/kl_coef:0.001 - actor/loss:0.024514042772352695 - actor/grad_norm:0.5389727354049683 - actor/perf/max_memory_allocated_gb:57.544068813323975 - actor/perf/max_memory_reserved_gb:76.59375 - actor/perf/cpu_memory_used_gb:22.692522048950195 - actor/lr:1e-06 - perf/mfu/actor:0.24067423907887633 - training/global_step:176 - training/epoch:1 - critic/score/mean:0.6328125 - critic/score/max:1.0 - critic/score/min:0.0 - critic/rewards/mean:0.6328125 - critic/rewards/max:1.0 - critic/rewards/min:0.0 - critic/advantages/mean:-0.023965561762452126 - critic/advantages/max:2.4748666286468506 - critic/advantages/min:-2.4748666286468506 - critic/returns/mean:-0.023965561762452126 - critic/returns/max:2.4748666286468506 - critic/returns/min:-2.4748666286468506 - response_length/mean:643.7421875 - response_length/max:1737.0 - response_length/min:306.0 - response_length/clip_ratio:0.0 - response_length_non_aborted/mean:643.7421875 - response_length_non_aborted/max:1737.0 - response_length_non_aborted/min:306.0 - response_length_non_aborted/clip_ratio:0.0 - response/aborted_ratio:0.0 - prompt_length/mean:123.25 - prompt_length/max:257.0 - prompt_length/min:58.0 - prompt_length/clip_ratio:0.0 - num_turns/min:2 - num_turns/max:2 - num_turns/mean:2.0 - timing_s/start_profile:8.01505520939827e-05 - timing_s/agent_loop/num_preempted/min:-1 - timing_s/agent_loop/num_preempted/max:-1 - timing_s/agent_loop/num_preempted/mean:-1.0 - timing_s/agent_loop/generate_sequences/min:1.9814984034746885 - timing_s/agent_loop/generate_sequences/max:8.161598530597985 - timing_s/agent_loop/generate_sequences/mean:3.7209396452017245 - timing_s/agent_loop/tool_calls/min:0.0 - timing_s/agent_loop/tool_calls/max:0.0 - timing_s/agent_loop/tool_calls/mean:0.0 - timing_s/agent_loop/compute_score/min:0.0038577867671847343 - timing_s/agent_loop/compute_score/max:0.008138894103467464 - timing_s/agent_loop/compute_score/mean:0.005782569642178714 - timing_s/agent_loop/slowest/generate_sequences:8.161598530597985 - timing_s/agent_loop/slowest/tool_calls:0.0 - timing_s/agent_loop/slowest/compute_score:0.007230152375996113 - timing_s/agent_loop/slowest/num_preempted:-1 - timing_s/agent_loop/slowest/prompt_length:124 - timing_s/agent_loop/slowest/response_length:1737 - timing_s/gen:8.731936078518629 - timing_s/reward:1.79903581738472e-05 - timing_s/old_log_prob:2.302769932895899 - timing_s/ref:8.357438293285668 - timing_s/adv:0.003686795011162758 - timing_s/update_actor:8.777906007133424 - timing_s/update_weights:1.2938864286988974 - timing_s/step:29.51805532630533 - timing_s/stop_profile:7.962994277477264e-05 - timing_per_token_ms/update_actor:0.089410807304644 - timing_per_token_ms/adv:3.75532977964121e-05 - timing_per_token_ms/ref:0.08512796835534167 - timing_per_token_ms/gen:0.10597138410076129 - perf/total_num_tokens:98175 - perf/time_per_step:29.51805532630533 - perf/throughput:3325.930482707318
[36m(TaskRunner pid=272629)[0m Training Progress:  88%|████████▊ | 177/200 [1:31:45<11:57, 31.19s/it]
[36m(WorkerDict pid=273039)[0m INFO:2026-07-28 17:28:17,923:update_weights done, time cost: 0.53s
[36m(TaskRunner pid=272629)[0m Training Progress:  89%|████████▉ | 178/200 [1:32:18<11:37, 31.68s/it]
[36m(WorkerDict pid=273039)[0m INFO:2026-07-28 17:28:48,168:update_weights done, time cost: 0.53s
[36m(TaskRunner pid=272629)[0m step:177 - global_seqlen/min:117856 - global_seqlen/max:117856 - global_seqlen/minmax_diff:0 - global_seqlen/balanced_min:117856 - global_seqlen/balanced_max:117856 - global_seqlen/mean:117856.0 - actor/entropy:0.07668668031692505 - perf/mfu/actor_infer:0.3280005403906898 - actor/pg_clipfrac:0.00037499699737963965 - actor/ppo_kl:5.097736220704974e-06 - actor/pg_clipfrac_lower:0.0 - actor/pg_loss:0.013448670972138643 - actor/kl_loss:0.01723111345199868 - actor/kl_coef:0.001 - actor/loss:0.01346590369939804 - actor/grad_norm:0.38835833966732025 - actor/perf/max_memory_allocated_gb:57.544068813323975 - actor/perf/max_memory_reserved_gb:76.59375 - actor/perf/cpu_memory_used_gb:22.724946975708008 - actor/lr:1e-06 - perf/mfu/actor:0.25483994770560126 - training/global_step:177 - training/epoch:1 - critic/score/mean:0.5 - critic/score/max:1.0 - critic/score/min:0.0 - critic/rewards/mean:0.5 - critic/rewards/max:1.0 - critic/rewards/min:0.0 - critic/advantages/mean:-0.013554157689213753 - critic/advantages/max:2.4748666286468506 - critic/advantages/min:-2.4748666286468506 - critic/returns/mean:-0.013554157689213753 - critic/returns/max:2.4748666286468506 - critic/returns/min:-2.4748666286468506 - response_length/mean:796.8125 - response_length/max:2048.0 - response_length/min:331.0 - response_length/clip_ratio:0.0234375 - response_length_non_aborted/mean:796.8125 - response_length_non_aborted/max:2048.0 - response_length_non_aborted/min:331.0 - response_length_non_aborted/clip_ratio:0.0234375 - response/aborted_ratio:0.0 - prompt_length/mean:123.9375 - prompt_length/max:445.0 - prompt_length/min:61.0 - prompt_length/clip_ratio:0.0 - num_turns/min:2 - num_turns/max:2 - num_turns/mean:2.0 - timing_s/start_profile:7.728952914476395e-05 - timing_s/agent_loop/num_preempted/min:-1 - timing_s/agent_loop/num_preempted/max:-1 - timing_s/agent_loop/num_preempted/mean:-1.0 - timing_s/agent_loop/generate_sequences/min:2.1485891873016953 - timing_s/agent_loop/generate_sequences/max:9.865027762949467 - timing_s/agent_loop/generate_sequences/mean:4.656534567839117 - timing_s/agent_loop/tool_calls/min:0.0 - timing_s/agent_loop/tool_calls/max:0.0 - timing_s/agent_loop/tool_calls/mean:0.0 - timing_s/agent_loop/compute_score/min:0.004223625175654888 - timing_s/agent_loop/compute_score/max:0.01117935124784708 - timing_s/agent_loop/compute_score/mean:0.006035871090716682 - timing_s/agent_loop/slowest/generate_sequences:9.865027762949467 - timing_s/agent_loop/slowest/tool_calls:0.0 - timing_s/agent_loop/slowest/compute_score:0.007510748691856861 - timing_s/agent_loop/slowest/num_preempted:-1 - timing_s/agent_loop/slowest/prompt_length:83 - timing_s/agent_loop/slowest/response_length:2048 - timing_s/gen:10.452811009250581 - timing_s/reward:1.7620623111724854e-05 - timing_s/old_log_prob:2.6344734048470855 - timing_s/ref:8.453664706088603 - timing_s/adv:0.00367556419223547 - timing_s/update_actor:9.959268380887806 - timing_s/update_weights:1.2942632613703609 - timing_s/step:32.84753341693431 - timing_s/stop_profile:7.904041558504105e-05 - timing_per_token_ms/update_actor:0.08450370266161931 - timing_per_token_ms/adv:3.1186907685951245e-05 - timing_per_token_ms/ref:0.07172875972448244 - timing_per_token_ms/gen:0.10248657746931701 - perf/total_num_tokens:117856 - perf/time_per_step:32.84753341693431 - perf/throughput:3587.971081543681
[36m(TaskRunner pid=272629)[0m step:178 - global_seqlen/min:117483 - global_seqlen/max:117483 - global_seqlen/minmax_diff:0 - global_seqlen/balanced_min:117483 - global_seqlen/balanced_max:117483 - global_seqlen/mean:117483.0 - actor/entropy:0.0901179313659668 - perf/mfu/actor_infer:0.3253181614361405 - actor/pg_clipfrac:0.0002690057253857958 - actor/ppo_kl:5.653736019439748e-05 - actor/pg_clipfrac_lower:0.0 - actor/pg_loss:-0.007193624944193289 - actor/kl_loss:0.021157364375540055 - actor/kl_coef:0.001 - actor/loss:-0.007172470912337303 - actor/grad_norm:0.34657032787799835 - actor/perf/max_memory_allocated_gb:57.544068813323975 - actor/perf/max_memory_reserved_gb:76.59375 - actor/perf/cpu_memory_used_gb:22.724069595336914 - actor/lr:1e-06 - perf/mfu/actor:0.2523318269578161 - training/global_step:178 - training/epoch:1 - critic/score/mean:0.4140625 - critic/score/max:1.0 - critic/score/min:0.0 - critic/rewards/mean:0.4140625 - critic/rewards/max:1.0 - critic/rewards/min:0.0 - critic/advantages/mean:0.007978934794664383 - critic/advantages/max:2.4748666286468506 - critic/advantages/min:-2.4748666286468506 - critic/returns/mean:0.007978934794664383 - critic/returns/max:2.4748666286468506 - critic/returns/min:-2.4748666286468506 - response_length/mean:767.0859375 - response_length/max:2048.0 - response_length/min:185.0 - response_length/clip_ratio:0.0234375 - response_length_non_aborted/mean:767.0859375 - response_length_non_aborted/max:2048.0 - response_length_non_aborted/min:185.0 - response_length_non_aborted/clip_ratio:0.0234375 - response/aborted_ratio:0.0 - prompt_length/mean:150.75 - prompt_length/max:376.0 - prompt_length/min:61.0 - prompt_length/clip_ratio:0.0 - num_turns/min:2 - num_turns/max:2 - num_turns/mean:2.0 - timing_s/start_profile:7.737986743450165e-05 - timing_s/agent_loop/num_preempted/min:-1 - timing_s/agent_loop/num_preempted/max:-1 - timing_s/agent_loop/num_preempted/mean:-1.0 - timing_s/agent_loop/generate_sequences/min:1.1836422635242343 - timing_s/agent_loop/generate_sequences/max:9.761475306004286 - timing_s/agent_loop/generate_sequences/mean:4.334913402555685 - timing_s/agent_loop/tool_calls/min:0.0 - timing_s/agent_loop/tool_calls/max:0.0 - timing_s/agent_loop/tool_calls/mean:0.0 - timing_s/agent_loop/compute_score/min:0.004521751776337624 - timing_s/agent_loop/compute_score/max:0.007934633642435074 - timing_s/agent_loop/compute_score/mean:0.005899958618101664 - timing_s/agent_loop/slowest/generate_sequences:9.761475306004286 - timing_s/agent_loop/slowest/tool_calls:0.0 - timing_s/agent_loop/slowest/compute_score:0.0061172135174274445 - timing_s/agent_loop/slowest/num_preempted:-1 - timing_s/agent_loop/slowest/prompt_length:152 - timing_s/agent_loop/slowest/response_length:2048 - timing_s/gen:10.341101096011698 - timing_s/reward:1.738034188747406e-05 - timing_s/old_log_prob:2.6461202390491962 - timing_s/ref:8.449308980256319 - timing_s/adv:0.003659181296825409 - timing_s/update_actor:10.033777452073991 - timing_s/update_weights:1.2972611729055643 - timing_s/step:32.821348250843585 - timing_s/stop_profile:8.201971650123596e-05 - timing_per_token_ms/update_actor:0.08540620729870697 - timing_per_token_ms/adv:3.114647478209961e-05 - timing_per_token_ms/ref:0.07191941796052466 - timing_per_token_ms/gen:0.1053204711011814 - perf/total_num_tokens:117483 - perf/time_per_step:32.821348250843585 - perf/throughput:3579.469042591217
[36m(TaskRunner pid=272629)[0m Training Progress:  90%|████████▉ | 179/200 [1:32:49<10:56, 31.25s/it]
[36m(WorkerDict pid=273039)[0m INFO:2026-07-28 17:29:18,248:update_weights done, time cost: 0.52s
[36m(TaskRunner pid=272629)[0m Training Progress:  90%|█████████ | 180/200 [1:33:19<10:17, 30.89s/it]
[36m(WorkerDict pid=273039)[0m INFO:2026-07-28 17:29:49,037:update_weights done, time cost: 0.54s
[36m(TaskRunner pid=272629)[0m step:179 - global_seqlen/min:102723 - global_seqlen/max:102723 - global_seqlen/minmax_diff:0 - global_seqlen/balanced_min:102723 - global_seqlen/balanced_max:102723 - global_seqlen/mean:102723.0 - actor/entropy:0.07665850967168808 - perf/mfu/actor_infer:0.31809287156705457 - actor/pg_clipfrac:0.0003064261873078067 - actor/ppo_kl:2.5353248474857537e-05 - actor/pg_clipfrac_lower:0.0 - actor/pg_loss:0.035775740616372786 - actor/kl_loss:0.020764895365573466 - actor/kl_coef:0.001 - actor/loss:0.035796502605080605 - actor/grad_norm:0.37379322946071625 - actor/perf/max_memory_allocated_gb:57.544068813323975 - actor/perf/max_memory_reserved_gb:76.59375 - actor/perf/cpu_memory_used_gb:22.721160888671875 - actor/lr:1e-06 - perf/mfu/actor:0.2449732909665373 - training/global_step:179 - training/epoch:1 - critic/score/mean:0.75 - critic/score/max:1.0 - critic/score/min:0.0 - critic/rewards/mean:0.75 - critic/rewards/max:1.0 - critic/rewards/min:0.0 - critic/advantages/mean:-0.035305652767419815 - critic/advantages/max:2.4748666286468506 - critic/advantages/min:-2.4748666286468506 - critic/returns/mean:-0.035305652767419815 - critic/returns/max:2.4748666286468506 - critic/returns/min:-2.4748666286468506 - response_length/mean:686.5234375 - response_length/max:1619.0 - response_length/min:245.0 - response_length/clip_ratio:0.0 - response_length_non_aborted/mean:686.5234375 - response_length_non_aborted/max:1619.0 - response_length_non_aborted/min:245.0 - response_length_non_aborted/clip_ratio:0.0 - response/aborted_ratio:0.0 - prompt_length/mean:116.0 - prompt_length/max:223.0 - prompt_length/min:65.0 - prompt_length/clip_ratio:0.0 - num_turns/min:2 - num_turns/max:2 - num_turns/mean:2.0 - timing_s/start_profile:7.843039929866791e-05 - timing_s/agent_loop/num_preempted/min:-1 - timing_s/agent_loop/num_preempted/max:-1 - timing_s/agent_loop/num_preempted/mean:-1.0 - timing_s/agent_loop/generate_sequences/min:1.8653198229148984 - timing_s/agent_loop/generate_sequences/max:8.17966968473047 - timing_s/agent_loop/generate_sequences/mean:4.206490699041751 - timing_s/agent_loop/tool_calls/min:0.0 - timing_s/agent_loop/tool_calls/max:0.0 - timing_s/agent_loop/tool_calls/mean:0.0 - timing_s/agent_loop/compute_score/min:0.004510990343987942 - timing_s/agent_loop/compute_score/max:0.008606639690697193 - timing_s/agent_loop/compute_score/mean:0.005792936637590174 - timing_s/agent_loop/slowest/generate_sequences:8.17966968473047 - timing_s/agent_loop/slowest/tool_calls:0.0 - timing_s/agent_loop/slowest/compute_score:0.006526419892907143 - timing_s/agent_loop/slowest/num_preempted:-1 - timing_s/agent_loop/slowest/prompt_length:166 - timing_s/agent_loop/slowest/response_length:1619 - timing_s/gen:8.753302457742393 - timing_s/reward:2.040993422269821e-05 - timing_s/old_log_prob:2.3751068701967597 - timing_s/ref:8.379662888124585 - timing_s/adv:0.003948739729821682 - timing_s/update_actor:9.381077094003558 - timing_s/update_weights:1.2884393092244864 - timing_s/step:30.23379242233932 - timing_s/stop_profile:7.763970643281937e-05 - timing_per_token_ms/update_actor:0.09132401793175392 - timing_per_token_ms/adv:3.84406581760821e-05 - timing_per_token_ms/ref:0.08157533257522254 - timing_per_token_ms/gen:0.09961083877942979 - perf/total_num_tokens:102723 - perf/time_per_step:30.23379242233932 - perf/throughput:3397.6220569702473
[36m(TaskRunner pid=272629)[0m step:180 - global_seqlen/min:91554 - global_seqlen/max:91554 - global_seqlen/minmax_diff:0 - global_seqlen/balanced_min:91554 - global_seqlen/balanced_max:91554 - global_seqlen/mean:91554.0 - actor/entropy:0.07817214727401733 - perf/mfu/actor_infer:0.30664846892795966 - actor/pg_clipfrac:0.0002348036896364647 - actor/ppo_kl:3.0886108193795e-05 - actor/pg_clipfrac_lower:0.0 - actor/pg_loss:0.012584194773808122 - actor/kl_loss:0.019900473809684627 - actor/kl_coef:0.001 - actor/loss:0.012604095973074436 - actor/grad_norm:0.4815360903739929 - actor/perf/max_memory_allocated_gb:57.544068813323975 - actor/perf/max_memory_reserved_gb:76.59375 - actor/perf/cpu_memory_used_gb:22.72186279296875 - actor/lr:1e-06 - perf/mfu/actor:0.2337707648926139 - training/global_step:180 - training/epoch:1 - critic/score/mean:0.7421875 - critic/score/max:1.0 - critic/score/min:0.0 - critic/rewards/mean:0.7421875 - critic/rewards/max:1.0 - critic/rewards/min:0.0 - critic/advantages/mean:-0.012806563638150692 - critic/advantages/max:2.4748666286468506 - critic/advantages/min:-2.4748666286468506 - critic/returns/mean:-0.012806563638150692 - critic/returns/max:2.4748666286468506 - critic/returns/min:-2.4748666286468506 - response_length/mean:616.328125 - response_length/max:2048.0 - response_length/min:200.0 - response_length/clip_ratio:0.03125 - response_length_non_aborted/mean:616.328125 - response_length_non_aborted/max:2048.0 - response_length_non_aborted/min:200.0 - response_length_non_aborted/clip_ratio:0.03125 - response/aborted_ratio:0.0 - prompt_length/mean:98.9375 - prompt_length/max:199.0 - prompt_length/min:61.0 - prompt_length/clip_ratio:0.0 - num_turns/min:2 - num_turns/max:2 - num_turns/mean:2.0 - timing_s/start_profile:7.387995719909668e-05 - timing_s/agent_loop/num_preempted/min:-1 - timing_s/agent_loop/num_preempted/max:-1 - timing_s/agent_loop/num_preempted/mean:-1.0 - timing_s/agent_loop/generate_sequences/min:1.3004631930962205 - timing_s/agent_loop/generate_sequences/max:9.195715939626098 - timing_s/agent_loop/generate_sequences/mean:3.430730769621732 - timing_s/agent_loop/tool_calls/min:0.0 - timing_s/agent_loop/tool_calls/max:0.0 - timing_s/agent_loop/tool_calls/mean:0.0 - timing_s/agent_loop/compute_score/min:0.004246437922120094 - timing_s/agent_loop/compute_score/max:0.01329130120575428 - timing_s/agent_loop/compute_score/mean:0.005929381106398068 - timing_s/agent_loop/slowest/generate_sequences:9.195715939626098 - timing_s/agent_loop/slowest/tool_calls:0.0 - timing_s/agent_loop/slowest/compute_score:0.007296515628695488 - timing_s/agent_loop/slowest/num_preempted:-1 - timing_s/agent_loop/slowest/prompt_length:92 - timing_s/agent_loop/slowest/response_length:2048 - timing_s/gen:9.779042808339 - timing_s/reward:1.7530284821987152e-05 - timing_s/old_log_prob:2.1952023077756166 - timing_s/ref:8.329031794331968 - timing_s/adv:0.003698446787893772 - timing_s/update_actor:8.440755283460021 - timing_s/update_weights:1.2436357960104942 - timing_s/step:30.04168940335512 - timing_s/stop_profile:8.03796574473381e-05 - timing_per_token_ms/update_actor:0.09219428188238658 - timing_per_token_ms/adv:4.039634300952195e-05 - timing_per_token_ms/ref:0.09097398032125267 - timing_per_token_ms/gen:0.12395795168385093 - perf/total_num_tokens:91554 - perf/time_per_step:30.04168940335512 - perf/throughput:3047.564961169429
[36m(TaskRunner pid=272629)[0m Training Progress:  90%|█████████ | 181/200 [1:33:49<09:46, 30.87s/it]
[36m(WorkerDict pid=273039)[0m INFO:2026-07-28 17:30:19,733:update_weights done, time cost: 0.54s
[36m(TaskRunner pid=272629)[0m Training Progress:  91%|█████████ | 182/200 [1:34:20<09:14, 30.82s/it]
[36m(WorkerDict pid=273039)[0m INFO:2026-07-28 17:30:50,848:update_weights done, time cost: 0.55s
[36m(TaskRunner pid=272629)[0m step:181 - global_seqlen/min:105497 - global_seqlen/max:105497 - global_seqlen/minmax_diff:0 - global_seqlen/balanced_min:105497 - global_seqlen/balanced_max:105497 - global_seqlen/mean:105497.0 - actor/entropy:0.07539379596710205 - perf/mfu/actor_infer:0.3173691381298097 - actor/pg_clipfrac:0.0002693583010113798 - actor/ppo_kl:0.00010728658813263792 - actor/pg_clipfrac_lower:0.0 - actor/pg_loss:-0.006708672968670726 - actor/kl_loss:0.018627043391461484 - actor/kl_coef:0.001 - actor/loss:-0.006690043956041336 - actor/grad_norm:0.41549448668956757 - actor/perf/max_memory_allocated_gb:57.544068813323975 - actor/perf/max_memory_reserved_gb:76.59375 - actor/perf/cpu_memory_used_gb:22.687522888183594 - actor/lr:1e-06 - perf/mfu/actor:0.24476500045989247 - training/global_step:181 - training/epoch:1 - critic/score/mean:0.7109375 - critic/score/max:1.0 - critic/score/min:0.0 - critic/rewards/mean:0.7109375 - critic/rewards/max:1.0 - critic/rewards/min:0.0 - critic/advantages/mean:0.005691124591976404 - critic/advantages/max:2.4748666286468506 - critic/advantages/min:-2.4748666286468506 - critic/returns/mean:0.005691124591976404 - critic/returns/max:2.4748666286468506 - critic/returns/min:-2.4748666286468506 - response_length/mean:718.1953125 - response_length/max:1855.0 - response_length/min:162.0 - response_length/clip_ratio:0.0 - response_length_non_aborted/mean:718.1953125 - response_length_non_aborted/max:1855.0 - response_length_non_aborted/min:162.0 - response_length_non_aborted/clip_ratio:0.0 - response/aborted_ratio:0.0 - prompt_length/mean:106.0 - prompt_length/max:222.0 - prompt_length/min:62.0 - prompt_length/clip_ratio:0.0 - num_turns/min:2 - num_turns/max:2 - num_turns/mean:2.0 - timing_s/start_profile:7.595960050821304e-05 - timing_s/agent_loop/num_preempted/min:-1 - timing_s/agent_loop/num_preempted/max:-1 - timing_s/agent_loop/num_preempted/mean:-1.0 - timing_s/agent_loop/generate_sequences/min:1.0510416440665722 - timing_s/agent_loop/generate_sequences/max:8.853524654172361 - timing_s/agent_loop/generate_sequences/mean:4.150567754157237 - timing_s/agent_loop/tool_calls/min:0.0 - timing_s/agent_loop/tool_calls/max:0.0 - timing_s/agent_loop/tool_calls/mean:0.0 - timing_s/agent_loop/compute_score/min:0.004233906045556068 - timing_s/agent_loop/compute_score/max:0.012672916986048222 - timing_s/agent_loop/compute_score/mean:0.006005370210914407 - timing_s/agent_loop/slowest/generate_sequences:8.853524654172361 - timing_s/agent_loop/slowest/tool_calls:0.0 - timing_s/agent_loop/slowest/compute_score:0.00749233178794384 - timing_s/agent_loop/slowest/num_preempted:-1 - timing_s/agent_loop/slowest/prompt_length:65 - timing_s/agent_loop/slowest/response_length:1855 - timing_s/gen:9.427411755546927 - timing_s/reward:1.1689960956573486e-05 - timing_s/old_log_prob:2.4191535441204906 - timing_s/ref:8.380106563679874 - timing_s/adv:0.0036453446373343468 - timing_s/update_actor:9.263953214511275 - timing_s/update_weights:1.2936078142374754 - timing_s/step:30.808357016183436 - timing_s/stop_profile:7.640011608600616e-05 - timing_per_token_ms/update_actor:0.08781248011328545 - timing_per_token_ms/adv:3.45540123163156e-05 - timing_per_token_ms/ref:0.07943454850545394 - timing_per_token_ms/gen:0.10255100953504256 - perf/total_num_tokens:105497 - perf/time_per_step:30.808357016183436 - perf/throughput:3424.2981521079846
[36m(TaskRunner pid=272629)[0m step:182 - global_seqlen/min:102660 - global_seqlen/max:102660 - global_seqlen/minmax_diff:0 - global_seqlen/balanced_min:102660 - global_seqlen/balanced_max:102660 - global_seqlen/mean:102660.0 - actor/entropy:0.08306972682476044 - perf/mfu/actor_infer:0.31517814472355904 - actor/pg_clipfrac:0.0004051118066854542 - actor/ppo_kl:0.0001339789123449009 - actor/pg_clipfrac_lower:0.0 - actor/pg_loss:0.015548948162177112 - actor/kl_loss:0.02046740855439566 - actor/kl_coef:0.001 - actor/loss:0.01556941494345665 - actor/grad_norm:0.42100851237773895 - actor/perf/max_memory_allocated_gb:57.544068813323975 - actor/perf/max_memory_reserved_gb:76.59375 - actor/perf/cpu_memory_used_gb:22.706911087036133 - actor/lr:1e-06 - perf/mfu/actor:0.24443776379421098 - training/global_step:182 - training/epoch:1 - critic/score/mean:0.65625 - critic/score/max:1.0 - critic/score/min:0.0 - critic/rewards/mean:0.65625 - critic/rewards/max:1.0 - critic/rewards/min:0.0 - critic/advantages/mean:-0.01593678817152977 - critic/advantages/max:2.4748666286468506 - critic/advantages/min:-2.4748666286468506 - critic/returns/mean:-0.01593678817152977 - critic/returns/max:2.4748666286468506 - critic/returns/min:-2.4748666286468506 - response_length/mean:665.15625 - response_length/max:1931.0 - response_length/min:253.0 - response_length/clip_ratio:0.0 - response_length_non_aborted/mean:665.15625 - response_length_non_aborted/max:1931.0 - response_length_non_aborted/min:253.0 - response_length_non_aborted/clip_ratio:0.0 - response/aborted_ratio:0.0 - prompt_length/mean:136.875 - prompt_length/max:368.0 - prompt_length/min:66.0 - prompt_length/clip_ratio:0.0 - num_turns/min:2 - num_turns/max:2 - num_turns/mean:2.0 - timing_s/start_profile:7.722992449998856e-05 - timing_s/agent_loop/num_preempted/min:-1 - timing_s/agent_loop/num_preempted/max:-1 - timing_s/agent_loop/num_preempted/mean:-1.0 - timing_s/agent_loop/generate_sequences/min:1.6271329578012228 - timing_s/agent_loop/generate_sequences/max:8.93890787474811 - timing_s/agent_loop/generate_sequences/mean:3.8491731224858086 - timing_s/agent_loop/tool_calls/min:0.0 - timing_s/agent_loop/tool_calls/max:0.0 - timing_s/agent_loop/tool_calls/mean:0.0 - timing_s/agent_loop/compute_score/min:0.004182294011116028 - timing_s/agent_loop/compute_score/max:0.013073070906102657 - timing_s/agent_loop/compute_score/mean:0.005786714726127684 - timing_s/agent_loop/slowest/generate_sequences:8.93890787474811 - timing_s/agent_loop/slowest/tool_calls:0.0 - timing_s/agent_loop/slowest/compute_score:0.007703178562223911 - timing_s/agent_loop/slowest/num_preempted:-1 - timing_s/agent_loop/slowest/prompt_length:77 - timing_s/agent_loop/slowest/response_length:1931 - timing_s/gen:9.535710625350475 - timing_s/reward:1.7649494111537933e-05 - timing_s/old_log_prob:2.3844824824482203 - timing_s/ref:8.384731732308865 - timing_s/adv:0.0036718137562274933 - timing_s/update_actor:9.036853980273008 - timing_s/update_weights:1.3109552804380655 - timing_s/step:30.706888418644667 - timing_s/stop_profile:8.12094658613205e-05 - timing_per_token_ms/update_actor:0.08802702104298664 - timing_per_token_ms/adv:3.5766742219243066e-05 - timing_per_token_ms/ref:0.08167476848148124 - timing_per_token_ms/gen:0.1120003597057843 - perf/total_num_tokens:102660 - perf/time_per_step:30.706888418644667 - perf/throughput:3343.2237939701736
[36m(TaskRunner pid=272629)[0m Training Progress:  92%|█████████▏| 183/200 [1:34:51<08:45, 30.90s/it]
[36m(WorkerDict pid=273039)[0m INFO:2026-07-28 17:31:23,369:update_weights done, time cost: 0.56s
[36m(TaskRunner pid=272629)[0m Training Progress:  92%|█████████▏| 184/200 [1:35:24<08:22, 31.39s/it]
[36m(WorkerDict pid=273039)[0m INFO:2026-07-28 17:31:53,112:update_weights done, time cost: 0.54s
[36m(TaskRunner pid=272629)[0m step:183 - global_seqlen/min:102700 - global_seqlen/max:102700 - global_seqlen/minmax_diff:0 - global_seqlen/balanced_min:102700 - global_seqlen/balanced_max:102700 - global_seqlen/mean:102700.0 - actor/entropy:0.061946675181388855 - perf/mfu/actor_infer:0.3185379164432564 - actor/pg_clipfrac:0.0003387848846614361 - actor/ppo_kl:4.8510628330333816e-05 - actor/pg_clipfrac_lower:0.0 - actor/pg_loss:0.01101369655225426 - actor/kl_loss:0.019162601878633723 - actor/kl_coef:0.001 - actor/loss:0.011032858863472939 - actor/grad_norm:0.3559468537569046 - actor/perf/max_memory_allocated_gb:57.544068813323975 - actor/perf/max_memory_reserved_gb:76.59375 - actor/perf/cpu_memory_used_gb:22.71114158630371 - actor/lr:1e-06 - perf/mfu/actor:0.24714148460546054 - training/global_step:183 - training/epoch:1 - critic/score/mean:0.765625 - critic/score/max:1.0 - critic/score/min:0.0 - critic/rewards/mean:0.765625 - critic/rewards/max:1.0 - critic/rewards/min:0.0 - critic/advantages/mean:-0.01162454579025507 - critic/advantages/max:0.5400605201721191 - critic/advantages/min:-2.4748666286468506 - critic/returns/mean:-0.01162454579025507 - critic/returns/max:0.5400605201721191 - critic/returns/min:-2.4748666286468506 - response_length/mean:680.09375 - response_length/max:2048.0 - response_length/min:338.0 - response_length/clip_ratio:0.0078125 - response_length_non_aborted/mean:680.09375 - response_length_non_aborted/max:2048.0 - response_length_non_aborted/min:338.0 - response_length_non_aborted/clip_ratio:0.0078125 - response/aborted_ratio:0.0 - prompt_length/mean:122.25 - prompt_length/max:548.0 - prompt_length/min:58.0 - prompt_length/clip_ratio:0.0 - num_turns/min:2 - num_turns/max:2 - num_turns/mean:2.0 - timing_s/start_profile:7.512979209423065e-05 - timing_s/agent_loop/num_preempted/min:-1 - timing_s/agent_loop/num_preempted/max:-1 - timing_s/agent_loop/num_preempted/mean:-1.0 - timing_s/agent_loop/generate_sequences/min:2.205760572105646 - timing_s/agent_loop/generate_sequences/max:9.433193957433105 - timing_s/agent_loop/generate_sequences/mean:4.082579686539248 - timing_s/agent_loop/tool_calls/min:0.0 - timing_s/agent_loop/tool_calls/max:0.0 - timing_s/agent_loop/tool_calls/mean:0.0 - timing_s/agent_loop/compute_score/min:0.004595150239765644 - timing_s/agent_loop/compute_score/max:0.007943625561892986 - timing_s/agent_loop/compute_score/mean:0.005664020543918014 - timing_s/agent_loop/slowest/generate_sequences:9.433193957433105 - timing_s/agent_loop/slowest/tool_calls:0.0 - timing_s/agent_loop/slowest/compute_score:0.00789930485188961 - timing_s/agent_loop/slowest/num_preempted:-1 - timing_s/agent_loop/slowest/prompt_length:548 - timing_s/agent_loop/slowest/response_length:2048 - timing_s/gen:10.025626513175666 - timing_s/reward:1.6359612345695496e-05 - timing_s/old_log_prob:2.3642249470576644 - timing_s/ref:8.395736289210618 - timing_s/adv:0.003650861792266369 - timing_s/update_actor:8.949341114610434 - timing_s/update_weights:1.2953859651461244 - timing_s/step:31.084738650359213 - timing_s/stop_profile:7.878057658672333e-05 - timing_per_token_ms/update_actor:0.08714061455316878 - timing_per_token_ms/adv:3.5548800314180804e-05 - timing_per_token_ms/ref:0.08175010992415402 - timing_per_token_ms/gen:0.11516825016284137 - perf/total_num_tokens:102700 - perf/time_per_step:31.084738650359213 - perf/throughput:3303.872075463411
[36m(TaskRunner pid=272629)[0m step:184 - global_seqlen/min:115718 - global_seqlen/max:115718 - global_seqlen/minmax_diff:0 - global_seqlen/balanced_min:115718 - global_seqlen/balanced_max:115718 - global_seqlen/mean:115718.0 - actor/entropy:0.07207320630550385 - perf/mfu/actor_infer:0.32487901234588157 - actor/pg_clipfrac:0.00018518572869652417 - actor/ppo_kl:-3.659372691799945e-05 - actor/pg_clipfrac_lower:0.0 - actor/pg_loss:0.007515717501519248 - actor/kl_loss:0.020721704626339488 - actor/kl_coef:0.001 - actor/loss:0.00753643736243248 - actor/grad_norm:0.44230715930461884 - actor/perf/max_memory_allocated_gb:57.544068813323975 - actor/perf/max_memory_reserved_gb:76.59375 - actor/perf/cpu_memory_used_gb:22.71443748474121 - actor/lr:1e-06 - perf/mfu/actor:0.2525182486988146 - training/global_step:184 - training/epoch:1 - critic/score/mean:0.7578125 - critic/score/max:1.0 - critic/score/min:0.0 - critic/rewards/mean:0.7578125 - critic/rewards/max:1.0 - critic/rewards/min:0.0 - critic/advantages/mean:-0.010428276844322681 - critic/advantages/max:0.935412585735321 - critic/advantages/min:-2.4748666286468506 - critic/returns/mean:-0.010428276844322681 - critic/returns/max:0.935412585735321 - critic/returns/min:-2.4748666286468506 - response_length/mean:714.796875 - response_length/max:2048.0 - response_length/min:170.0 - response_length/clip_ratio:0.0078125 - response_length_non_aborted/mean:714.796875 - response_length_non_aborted/max:2048.0 - response_length_non_aborted/min:170.0 - response_length_non_aborted/clip_ratio:0.0078125 - response/aborted_ratio:0.0 - prompt_length/mean:189.25 - prompt_length/max:776.0 - prompt_length/min:62.0 - prompt_length/clip_ratio:0.0 - num_turns/min:2 - num_turns/max:2 - num_turns/mean:2.0 - timing_s/start_profile:7.43204727768898e-05 - timing_s/agent_loop/num_preempted/min:-1 - timing_s/agent_loop/num_preempted/max:-1 - timing_s/agent_loop/num_preempted/mean:-1.0 - timing_s/agent_loop/generate_sequences/min:1.1528570326045156 - timing_s/agent_loop/generate_sequences/max:9.635741341859102 - timing_s/agent_loop/generate_sequences/mean:4.3068080487137195 - timing_s/agent_loop/tool_calls/min:0.0 - timing_s/agent_loop/tool_calls/max:0.0 - timing_s/agent_loop/tool_calls/mean:0.0 - timing_s/agent_loop/compute_score/min:0.0038500307127833366 - timing_s/agent_loop/compute_score/max:0.011260985396802425 - timing_s/agent_loop/compute_score/mean:0.005771150725195184 - timing_s/agent_loop/slowest/generate_sequences:9.635741341859102 - timing_s/agent_loop/slowest/tool_calls:0.0 - timing_s/agent_loop/slowest/compute_score:0.00820946041494608 - timing_s/agent_loop/slowest/num_preempted:-1 - timing_s/agent_loop/slowest/prompt_length:90 - timing_s/agent_loop/slowest/response_length:2048 - timing_s/gen:10.211736040189862 - timing_s/reward:1.70096755027771e-05 - timing_s/old_log_prob:2.6101298294961452 - timing_s/ref:8.466463273391128 - timing_s/adv:0.003630351275205612 - timing_s/update_actor:9.867095550522208 - timing_s/update_weights:1.3216666718944907 - timing_s/step:32.531753967516124 - timing_s/stop_profile:8.669961243867874e-05 - timing_per_token_ms/update_actor:0.08526845910335651 - timing_per_token_ms/adv:3.137239906674512e-05 - timing_per_token_ms/ref:0.073164618066257 - timing_per_token_ms/gen:0.11161099132391045 - perf/total_num_tokens:115718 - perf/time_per_step:32.531753967516124 - perf/throughput:3557.078419920048
[36m(TaskRunner pid=272629)[0m Training Progress:  92%|█████████▎| 185/200 [1:35:53<07:43, 30.90s/it]
[36m(WorkerDict pid=273039)[0m INFO:2026-07-28 17:32:23,931:update_weights done, time cost: 0.56s
[36m(TaskRunner pid=272629)[0m Training Progress:  93%|█████████▎| 186/200 [1:36:24<07:12, 30.87s/it]
[36m(WorkerDict pid=273039)[0m INFO:2026-07-28 17:32:55,614:update_weights done, time cost: 0.53s
[36m(TaskRunner pid=272629)[0m step:185 - global_seqlen/min:101641 - global_seqlen/max:101641 - global_seqlen/minmax_diff:0 - global_seqlen/balanced_min:101641 - global_seqlen/balanced_max:101641 - global_seqlen/mean:101641.0 - actor/entropy:0.0761677548289299 - perf/mfu/actor_infer:0.315808722341167 - actor/pg_clipfrac:0.0006091165469115367 - actor/ppo_kl:-0.00015486737160586017 - actor/pg_clipfrac_lower:0.0 - actor/pg_loss:0.017761807626811787 - actor/kl_loss:0.02056223423278425 - actor/kl_coef:0.001 - actor/loss:0.017782370559871197 - actor/grad_norm:0.5112065821886063 - actor/perf/max_memory_allocated_gb:57.544068813323975 - actor/perf/max_memory_reserved_gb:76.59375 - actor/perf/cpu_memory_used_gb:22.678165435791016 - actor/lr:1e-06 - perf/mfu/actor:0.244232106011052 - training/global_step:185 - training/epoch:1 - critic/score/mean:0.5 - critic/score/max:1.0 - critic/score/min:0.0 - critic/rewards/mean:0.5 - critic/rewards/max:1.0 - critic/rewards/min:0.0 - critic/advantages/mean:-0.017812641337513924 - critic/advantages/max:2.4748666286468506 - critic/advantages/min:-2.4748666286468506 - critic/returns/mean:-0.017812641337513924 - critic/returns/max:2.4748666286468506 - critic/returns/min:-2.4748666286468506 - response_length/mean:688.3828125 - response_length/max:1598.0 - response_length/min:256.0 - response_length/clip_ratio:0.0 - response_length_non_aborted/mean:688.3828125 - response_length_non_aborted/max:1598.0 - response_length_non_aborted/min:256.0 - response_length_non_aborted/clip_ratio:0.0 - response/aborted_ratio:0.0 - prompt_length/mean:105.6875 - prompt_length/max:151.0 - prompt_length/min:63.0 - prompt_length/clip_ratio:0.0 - num_turns/min:2 - num_turns/max:2 - num_turns/mean:2.0 - timing_s/start_profile:7.647927850484848e-05 - timing_s/agent_loop/num_preempted/min:-1 - timing_s/agent_loop/num_preempted/max:-1 - timing_s/agent_loop/num_preempted/mean:-1.0 - timing_s/agent_loop/generate_sequences/min:1.61836220882833 - timing_s/agent_loop/generate_sequences/max:7.743760292418301 - timing_s/agent_loop/generate_sequences/mean:3.9950454266145243 - timing_s/agent_loop/tool_calls/min:0.0 - timing_s/agent_loop/tool_calls/max:0.0 - timing_s/agent_loop/tool_calls/mean:0.0 - timing_s/agent_loop/compute_score/min:0.0047734566032886505 - timing_s/agent_loop/compute_score/max:0.008055458776652813 - timing_s/agent_loop/compute_score/mean:0.005828403780469671 - timing_s/agent_loop/slowest/generate_sequences:7.743760292418301 - timing_s/agent_loop/slowest/tool_calls:0.0 - timing_s/agent_loop/slowest/compute_score:0.0066560423001646996 - timing_s/agent_loop/slowest/num_preempted:-1 - timing_s/agent_loop/slowest/prompt_length:145 - timing_s/agent_loop/slowest/response_length:1598 - timing_s/gen:8.320956113748252 - timing_s/reward:1.711025834083557e-05 - timing_s/old_log_prob:2.3641824685037136 - timing_s/ref:8.739685736596584 - timing_s/adv:0.003697998821735382 - timing_s/update_actor:8.953745945356786 - timing_s/update_weights:1.2950564976781607 - timing_s/step:29.72748363111168 - timing_s/stop_profile:9.335950016975403e-05 - timing_per_token_ms/update_actor:0.08809187183672718 - timing_per_token_ms/adv:3.6382944104597375e-05 - timing_per_token_ms/ref:0.08598582989735032 - timing_per_token_ms/gen:0.09443505627714699 - perf/total_num_tokens:101641 - perf/time_per_step:29.72748363111168 - perf/throughput:3419.091950777371
[36m(TaskRunner pid=272629)[0m step:186 - global_seqlen/min:98489 - global_seqlen/max:98489 - global_seqlen/minmax_diff:0 - global_seqlen/balanced_min:98489 - global_seqlen/balanced_max:98489 - global_seqlen/mean:98489.0 - actor/entropy:0.06627771258354187 - perf/mfu/actor_infer:0.3119877692361946 - actor/pg_clipfrac:0.0001642532370169647 - actor/ppo_kl:2.4137196533047245e-05 - actor/pg_clipfrac_lower:0.0 - actor/pg_loss:0.022236040327697992 - actor/kl_loss:0.020155651742243208 - actor/kl_coef:0.001 - actor/loss:0.02225619927048683 - actor/grad_norm:0.28221968561410904 - actor/perf/max_memory_allocated_gb:57.544068813323975 - actor/perf/max_memory_reserved_gb:76.59375 - actor/perf/cpu_memory_used_gb:22.681142807006836 - actor/lr:1e-06 - perf/mfu/actor:0.2396984857811059 - training/global_step:186 - training/epoch:1 - critic/score/mean:0.5859375 - critic/score/max:1.0 - critic/score/min:0.0 - critic/rewards/mean:0.5859375 - critic/rewards/max:1.0 - critic/rewards/min:0.0 - critic/advantages/mean:-0.021761581301689148 - critic/advantages/max:0.5400605201721191 - critic/advantages/min:-2.4748666286468506 - critic/returns/mean:-0.021761581301689148 - critic/returns/max:0.5400605201721191 - critic/returns/min:-2.4748666286468506 - response_length/mean:652.9453125 - response_length/max:2048.0 - response_length/min:221.0 - response_length/clip_ratio:0.015625 - response_length_non_aborted/mean:652.9453125 - response_length_non_aborted/max:2048.0 - response_length_non_aborted/min:221.0 - response_length_non_aborted/clip_ratio:0.015625 - response/aborted_ratio:0.0 - prompt_length/mean:116.5 - prompt_length/max:295.0 - prompt_length/min:64.0 - prompt_length/clip_ratio:0.0 - num_turns/min:2 - num_turns/max:2 - num_turns/mean:2.0 - timing_s/start_profile:7.457006722688675e-05 - timing_s/agent_loop/num_preempted/min:-1 - timing_s/agent_loop/num_preempted/max:-1 - timing_s/agent_loop/num_preempted/mean:-1.0 - timing_s/agent_loop/generate_sequences/min:1.4352981988340616 - timing_s/agent_loop/generate_sequences/max:9.319941367954016 - timing_s/agent_loop/generate_sequences/mean:3.646298499937984 - timing_s/agent_loop/tool_calls/min:0.0 - timing_s/agent_loop/tool_calls/max:0.0 - timing_s/agent_loop/tool_calls/mean:0.0 - timing_s/agent_loop/compute_score/min:0.0034817801788449287 - timing_s/agent_loop/compute_score/max:0.012982110492885113 - timing_s/agent_loop/compute_score/mean:0.006048214141628705 - timing_s/agent_loop/slowest/generate_sequences:9.319941367954016 - timing_s/agent_loop/slowest/tool_calls:0.0 - timing_s/agent_loop/slowest/compute_score:0.00782504677772522 - timing_s/agent_loop/slowest/num_preempted:-1 - timing_s/agent_loop/slowest/prompt_length:153 - timing_s/agent_loop/slowest/response_length:2048 - timing_s/gen:9.89516628254205 - timing_s/reward:1.598987728357315e-05 - timing_s/old_log_prob:2.321210827678442 - timing_s/ref:8.375397649593651 - timing_s/adv:0.0036902185529470444 - timing_s/update_actor:8.856907518580556 - timing_s/update_weights:1.3057722384110093 - timing_s/step:30.809483835473657 - timing_s/stop_profile:8.992943912744522e-05 - timing_per_token_ms/update_actor:0.08992788553625843 - timing_per_token_ms/adv:3.7468332026389185e-05 - timing_per_token_ms/ref:0.08503891449393995 - timing_per_token_ms/gen:0.11839580605360386 - perf/total_num_tokens:98489 - perf/time_per_step:30.809483835473657 - perf/throughput:3196.710484535966
[36m(TaskRunner pid=272629)[0m Training Progress:  94%|█████████▎| 187/200 [1:36:56<06:44, 31.11s/it]
[36m(WorkerDict pid=273039)[0m INFO:2026-07-28 17:33:24,457:update_weights done, time cost: 0.53s
[36m(TaskRunner pid=272629)[0m Training Progress:  94%|█████████▍| 188/200 [1:37:25<06:05, 30.44s/it]
[36m(WorkerDict pid=273039)[0m INFO:2026-07-28 17:33:57,345:update_weights done, time cost: 0.54s
[36m(TaskRunner pid=272629)[0m step:187 - global_seqlen/min:105999 - global_seqlen/max:105999 - global_seqlen/minmax_diff:0 - global_seqlen/balanced_min:105999 - global_seqlen/balanced_max:105999 - global_seqlen/mean:105999.0 - actor/entropy:0.07933339476585388 - perf/mfu/actor_infer:0.31705573912223084 - actor/pg_clipfrac:0.0004252560529494076 - actor/ppo_kl:-1.8987288626703958e-05 - actor/pg_clipfrac_lower:0.0 - actor/pg_loss:0.032211332116276026 - actor/kl_loss:0.021716952498536557 - actor/kl_coef:0.001 - actor/loss:0.03223304823040962 - actor/grad_norm:0.45979344844818115 - actor/perf/max_memory_allocated_gb:57.544068813323975 - actor/perf/max_memory_reserved_gb:76.59375 - actor/perf/cpu_memory_used_gb:22.71669578552246 - actor/lr:1e-06 - perf/mfu/actor:0.24370762250479433 - training/global_step:187 - training/epoch:1 - critic/score/mean:0.6484375 - critic/score/max:1.0 - critic/score/min:0.0 - critic/rewards/mean:0.6484375 - critic/rewards/max:1.0 - critic/rewards/min:0.0 - critic/advantages/mean:-0.03134683147072792 - critic/advantages/max:2.4748666286468506 - critic/advantages/min:-2.4748666286468506 - critic/returns/mean:-0.03134683147072792 - critic/returns/max:2.4748666286468506 - critic/returns/min:-2.4748666286468506 - response_length/mean:719.8671875 - response_length/max:2048.0 - response_length/min:206.0 - response_length/clip_ratio:0.046875 - response_length_non_aborted/mean:719.8671875 - response_length_non_aborted/max:2048.0 - response_length_non_aborted/min:206.0 - response_length_non_aborted/clip_ratio:0.046875 - response/aborted_ratio:0.0 - prompt_length/mean:108.25 - prompt_length/max:338.0 - prompt_length/min:63.0 - prompt_length/clip_ratio:0.0 - num_turns/min:2 - num_turns/max:2 - num_turns/mean:2.0 - timing_s/start_profile:7.419008761644363e-05 - timing_s/agent_loop/num_preempted/min:-1 - timing_s/agent_loop/num_preempted/max:-1 - timing_s/agent_loop/num_preempted/mean:-1.0 - timing_s/agent_loop/generate_sequences/min:1.3459592778235674 - timing_s/agent_loop/generate_sequences/max:9.55174861755222 - timing_s/agent_loop/generate_sequences/mean:4.060376744622772 - timing_s/agent_loop/tool_calls/min:0.0 - timing_s/agent_loop/tool_calls/max:0.0 - timing_s/agent_loop/tool_calls/mean:0.0 - timing_s/agent_loop/compute_score/min:0.004376945085823536 - timing_s/agent_loop/compute_score/max:0.01816726755350828 - timing_s/agent_loop/compute_score/mean:0.0059629886818584055 - timing_s/agent_loop/slowest/generate_sequences:9.55174861755222 - timing_s/agent_loop/slowest/tool_calls:0.0 - timing_s/agent_loop/slowest/compute_score:0.006332239136099815 - timing_s/agent_loop/slowest/num_preempted:-1 - timing_s/agent_loop/slowest/prompt_length:88 - timing_s/agent_loop/slowest/response_length:2048 - timing_s/gen:10.132520043291152 - timing_s/reward:1.775939017534256e-05 - timing_s/old_log_prob:2.4585273107513785 - timing_s/ref:8.399564833380282 - timing_s/adv:0.0014083851128816605 - timing_s/update_actor:9.356300828047097 - timing_s/update_weights:1.276687820442021 - timing_s/step:31.67511728964746 - timing_s/stop_profile:8.034054189920425e-05 - timing_per_token_ms/update_actor:0.08826782165913921 - timing_per_token_ms/adv:1.3286777355273733e-05 - timing_per_token_ms/ref:0.07924192523873133 - timing_per_token_ms/gen:0.10996516331453449 - perf/total_num_tokens:105999 - perf/time_per_step:31.67511728964746 - perf/throughput:3346.443804160567
[36m(TaskRunner pid=272629)[0m step:188 - global_seqlen/min:86523 - global_seqlen/max:86523 - global_seqlen/minmax_diff:0 - global_seqlen/balanced_min:86523 - global_seqlen/balanced_max:86523 - global_seqlen/mean:86523.0 - actor/entropy:0.08004827052354813 - perf/mfu/actor_infer:0.3013940349946913 - actor/pg_clipfrac:0.0005185253357922193 - actor/ppo_kl:4.5580273280165784e-05 - actor/pg_clipfrac_lower:0.0 - actor/pg_loss:0.04106473608408123 - actor/kl_loss:0.023307377865421586 - actor/kl_coef:0.001 - actor/loss:0.0410880371928215 - actor/grad_norm:0.5638607293367386 - actor/perf/max_memory_allocated_gb:57.544068813323975 - actor/perf/max_memory_reserved_gb:76.59375 - actor/perf/cpu_memory_used_gb:22.78702163696289 - actor/lr:1e-06 - perf/mfu/actor:0.227851931653746 - training/global_step:188 - training/epoch:1 - critic/score/mean:0.734375 - critic/score/max:1.0 - critic/score/min:0.0 - critic/rewards/mean:0.734375 - critic/rewards/max:1.0 - critic/rewards/min:0.0 - critic/advantages/mean:-0.04018038138747215 - critic/advantages/max:2.4748666286468506 - critic/advantages/min:-2.4748666286468506 - critic/returns/mean:-0.04018038138747215 - critic/returns/max:2.4748666286468506 - critic/returns/min:-2.4748666286468506 - response_length/mean:550.7109375 - response_length/max:1860.0 - response_length/min:150.0 - response_length/clip_ratio:0.0 - response_length_non_aborted/mean:550.7109375 - response_length_non_aborted/max:1860.0 - response_length_non_aborted/min:150.0 - response_length_non_aborted/clip_ratio:0.0 - response/aborted_ratio:0.0 - prompt_length/mean:125.25 - prompt_length/max:378.0 - prompt_length/min:56.0 - prompt_length/clip_ratio:0.0 - num_turns/min:2 - num_turns/max:2 - num_turns/mean:2.0 - timing_s/start_profile:7.915031164884567e-05 - timing_s/agent_loop/num_preempted/min:-1 - timing_s/agent_loop/num_preempted/max:-1 - timing_s/agent_loop/num_preempted/mean:-1.0 - timing_s/agent_loop/generate_sequences/min:1.0016370620578527 - timing_s/agent_loop/generate_sequences/max:8.286052049137652 - timing_s/agent_loop/generate_sequences/mean:3.1674994029744994 - timing_s/agent_loop/tool_calls/min:0.0 - timing_s/agent_loop/tool_calls/max:0.0 - timing_s/agent_loop/tool_calls/mean:0.0 - timing_s/agent_loop/compute_score/min:0.0040915850549936295 - timing_s/agent_loop/compute_score/max:0.01099334005266428 - timing_s/agent_loop/compute_score/mean:0.005866277373570483 - timing_s/agent_loop/slowest/generate_sequences:8.286052049137652 - timing_s/agent_loop/slowest/tool_calls:0.0 - timing_s/agent_loop/slowest/compute_score:0.007873371243476868 - timing_s/agent_loop/slowest/num_preempted:-1 - timing_s/agent_loop/slowest/prompt_length:118 - timing_s/agent_loop/slowest/response_length:1860 - timing_s/gen:8.875769853591919 - timing_s/reward:1.639965921640396e-05 - timing_s/old_log_prob:2.1202369537204504 - timing_s/ref:8.315003335475922 - timing_s/adv:0.003741966560482979 - timing_s/update_actor:8.181708285585046 - timing_s/update_weights:1.2945215674117208 - timing_s/step:28.842173213139176 - timing_s/stop_profile:0.00010753888636827469 - timing_per_token_ms/update_actor:0.09456107954630613 - timing_per_token_ms/adv:4.3248229493695074e-05 - timing_per_token_ms/ref:0.09610165314975118 - timing_per_token_ms/gen:0.1259135187980298 - perf/total_num_tokens:86523 - perf/time_per_step:28.842173213139176 - perf/throughput:2999.877968993823
[36m(TaskRunner pid=272629)[0m Training Progress:  94%|█████████▍| 189/200 [1:37:58<05:42, 31.17s/it]
[36m(WorkerDict pid=273039)[0m INFO:2026-07-28 17:34:32,404:update_weights done, time cost: 0.55s
[36m(TaskRunner pid=272629)[0m Training Progress:  95%|█████████▌| 190/200 [1:38:33<05:23, 32.34s/it]
[36m(WorkerDict pid=273039)[0m INFO:2026-07-28 17:34:58,867:update_weights done, time cost: 0.51s
[36m(TaskRunner pid=272629)[0m step:189 - global_seqlen/min:118275 - global_seqlen/max:118275 - global_seqlen/minmax_diff:0 - global_seqlen/balanced_min:118275 - global_seqlen/balanced_max:118275 - global_seqlen/mean:118275.0 - actor/entropy:0.0710265189409256 - perf/mfu/actor_infer:0.3281779617800809 - actor/pg_clipfrac:0.0005558646994359151 - actor/ppo_kl:-6.875025223962439e-05 - actor/pg_clipfrac_lower:0.0 - actor/pg_loss:0.02092883516161237 - actor/kl_loss:0.019023036729777232 - actor/kl_coef:0.001 - actor/loss:0.020947854965925217 - actor/grad_norm:0.34672676026821136 - actor/perf/max_memory_allocated_gb:57.544068813323975 - actor/perf/max_memory_reserved_gb:76.59375 - actor/perf/cpu_memory_used_gb:22.787696838378906 - actor/lr:1e-06 - perf/mfu/actor:0.2551467939415757 - training/global_step:189 - training/epoch:1 - critic/score/mean:0.4296875 - critic/score/max:1.0 - critic/score/min:0.0 - critic/rewards/mean:0.4296875 - critic/rewards/max:1.0 - critic/rewards/min:0.0 - critic/advantages/mean:-0.02148433029651642 - critic/advantages/max:2.4748666286468506 - critic/advantages/min:-2.4748666286468506 - critic/returns/mean:-0.02148433029651642 - critic/returns/max:2.4748666286468506 - critic/returns/min:-2.4748666286468506 - response_length/mean:807.3984375 - response_length/max:2048.0 - response_length/min:291.0 - response_length/clip_ratio:0.0390625 - response_length_non_aborted/mean:807.3984375 - response_length_non_aborted/max:2048.0 - response_length_non_aborted/min:291.0 - response_length_non_aborted/clip_ratio:0.0390625 - response/aborted_ratio:0.0 - prompt_length/mean:116.625 - prompt_length/max:189.0 - prompt_length/min:61.0 - prompt_length/clip_ratio:0.0 - num_turns/min:2 - num_turns/max:2 - num_turns/mean:2.0 - timing_s/start_profile:8.30087810754776e-05 - timing_s/agent_loop/num_preempted/min:-1 - timing_s/agent_loop/num_preempted/max:-1 - timing_s/agent_loop/num_preempted/mean:-1.0 - timing_s/agent_loop/generate_sequences/min:1.8548165606334805 - timing_s/agent_loop/generate_sequences/max:9.855513766407967 - timing_s/agent_loop/generate_sequences/mean:4.70166829576192 - timing_s/agent_loop/tool_calls/min:0.0 - timing_s/agent_loop/tool_calls/max:0.0 - timing_s/agent_loop/tool_calls/mean:0.0 - timing_s/agent_loop/compute_score/min:0.004226594232022762 - timing_s/agent_loop/compute_score/max:0.013008208014070988 - timing_s/agent_loop/compute_score/mean:0.005861678408109583 - timing_s/agent_loop/slowest/generate_sequences:9.855513766407967 - timing_s/agent_loop/slowest/tool_calls:0.0 - timing_s/agent_loop/slowest/compute_score:0.005741816945374012 - timing_s/agent_loop/slowest/num_preempted:-1 - timing_s/agent_loop/slowest/prompt_length:137 - timing_s/agent_loop/slowest/response_length:2048 - timing_s/gen:10.453721106052399 - timing_s/reward:2.031959593296051e-05 - timing_s/old_log_prob:2.635510489344597 - timing_s/ref:8.458874221891165 - timing_s/adv:0.0036711152642965317 - timing_s/update_actor:9.984026134945452 - timing_s/update_weights:1.2892891643568873 - timing_s/step:32.87738004233688 - timing_s/stop_profile:9.222980588674545e-05 - timing_per_token_ms/update_actor:0.08441366421429256 - timing_per_token_ms/adv:3.103881009762445e-05 - timing_per_token_ms/ref:0.07151869982575493 - timing_per_token_ms/gen:0.1011516648383833 - perf/total_num_tokens:118275 - perf/time_per_step:32.87738004233688 - perf/throughput:3597.4581869873705
[36m(TaskRunner pid=272629)[0m step:190 - global_seqlen/min:132438 - global_seqlen/max:132438 - global_seqlen/minmax_diff:0 - global_seqlen/balanced_min:132438 - global_seqlen/balanced_max:132438 - global_seqlen/mean:132438.0 - actor/entropy:0.0892629325389862 - perf/mfu/actor_infer:0.3354627043527938 - actor/pg_clipfrac:0.0005969727317278739 - actor/ppo_kl:3.519025437981327e-05 - actor/pg_clipfrac_lower:0.0 - actor/pg_loss:0.04099870478967205 - actor/kl_loss:0.021551255151280202 - actor/kl_coef:0.001 - actor/loss:0.04102025926113129 - actor/grad_norm:0.4708290845155716 - actor/perf/max_memory_allocated_gb:57.54406929016113 - actor/perf/max_memory_reserved_gb:76.59375 - actor/perf/cpu_memory_used_gb:22.810630798339844 - actor/lr:1e-06 - perf/mfu/actor:0.26025307966508143 - training/global_step:190 - training/epoch:1 - critic/score/mean:0.375 - critic/score/max:1.0 - critic/score/min:0.0 - critic/rewards/mean:0.375 - critic/rewards/max:1.0 - critic/rewards/min:0.0 - critic/advantages/mean:-0.04002908989787102 - critic/advantages/max:2.4748666286468506 - critic/advantages/min:-2.4748666286468506 - critic/returns/mean:-0.04002908989787102 - critic/returns/max:2.4748666286468506 - critic/returns/min:-2.4748666286468506 - response_length/mean:913.296875 - response_length/max:2048.0 - response_length/min:270.0 - response_length/clip_ratio:0.0703125 - response_length_non_aborted/mean:913.296875 - response_length_non_aborted/max:2048.0 - response_length_non_aborted/min:270.0 - response_length_non_aborted/clip_ratio:0.0703125 - response/aborted_ratio:0.0 - prompt_length/mean:121.375 - prompt_length/max:225.0 - prompt_length/min:70.0 - prompt_length/clip_ratio:0.0 - num_turns/min:2 - num_turns/max:2 - num_turns/mean:2.0 - timing_s/start_profile:8.898880332708359e-05 - timing_s/agent_loop/num_preempted/min:-1 - timing_s/agent_loop/num_preempted/max:-1 - timing_s/agent_loop/num_preempted/mean:-1.0 - timing_s/agent_loop/generate_sequences/min:1.7163970824331045 - timing_s/agent_loop/generate_sequences/max:10.33197093103081 - timing_s/agent_loop/generate_sequences/mean:5.297959768678993 - timing_s/agent_loop/tool_calls/min:0.0 - timing_s/agent_loop/tool_calls/max:0.0 - timing_s/agent_loop/tool_calls/mean:0.0 - timing_s/agent_loop/compute_score/min:0.002905048429965973 - timing_s/agent_loop/compute_score/max:0.03100628685206175 - timing_s/agent_loop/compute_score/mean:0.006616783794015646 - timing_s/agent_loop/slowest/generate_sequences:10.33197093103081 - timing_s/agent_loop/slowest/tool_calls:0.0 - timing_s/agent_loop/slowest/compute_score:0.007015340030193329 - timing_s/agent_loop/slowest/num_preempted:-1 - timing_s/agent_loop/slowest/prompt_length:225 - timing_s/agent_loop/slowest/response_length:2048 - timing_s/gen:10.936925076879561 - timing_s/reward:1.1680647730827332e-05 - timing_s/old_log_prob:2.8944888059049845 - timing_s/ref:8.901807034388185 - timing_s/adv:0.0036773942410945892 - timing_s/update_actor:10.98734812065959 - timing_s/update_weights:1.3030517790466547 - timing_s/step:35.048392538912594 - timing_s/stop_profile:7.779989391565323e-05 - timing_per_token_ms/update_actor:0.08296220209199466 - timing_per_token_ms/adv:2.7766911619735945e-05 - timing_per_token_ms/ref:0.06721490081689685 - timing_per_token_ms/gen:0.09355635555319465 - perf/total_num_tokens:132438 - perf/time_per_step:35.048392538912594 - perf/throughput:3778.718235164716
[36m(TaskRunner pid=272629)[0m Training Progress:  96%|█████████▌| 191/200 [1:38:59<04:35, 30.57s/it]
[36m(WorkerDict pid=273039)[0m INFO:2026-07-28 17:35:31,181:update_weights done, time cost: 0.51s
[36m(TaskRunner pid=272629)[0m Training Progress:  96%|█████████▌| 192/200 [1:39:32<04:08, 31.09s/it]
[36m(WorkerDict pid=273039)[0m INFO:2026-07-28 17:36:01,626:update_weights done, time cost: 0.52s
[36m(TaskRunner pid=272629)[0m step:191 - global_seqlen/min:85729 - global_seqlen/max:85729 - global_seqlen/minmax_diff:0 - global_seqlen/balanced_min:85729 - global_seqlen/balanced_max:85729 - global_seqlen/mean:85729.0 - actor/entropy:0.05349152162671089 - perf/mfu/actor_infer:0.30123480929895347 - actor/pg_clipfrac:0.000224910117140098 - actor/ppo_kl:3.077999031120271e-05 - actor/pg_clipfrac_lower:0.0 - actor/pg_loss:0.01908597491274122 - actor/kl_loss:0.020334152373834513 - actor/kl_coef:0.001 - actor/loss:0.019106309860944748 - actor/grad_norm:0.3586220070719719 - actor/perf/max_memory_allocated_gb:57.54406929016113 - actor/perf/max_memory_reserved_gb:76.59375 - actor/perf/cpu_memory_used_gb:22.7484188079834 - actor/lr:1e-06 - perf/mfu/actor:0.2319248278498249 - training/global_step:191 - training/epoch:1 - critic/score/mean:0.890625 - critic/score/max:1.0 - critic/score/min:0.0 - critic/rewards/mean:0.890625 - critic/rewards/max:1.0 - critic/rewards/min:0.0 - critic/advantages/mean:-0.019045373424887657 - critic/advantages/max:1.20761239528656 - critic/advantages/min:-2.4748666286468506 - critic/returns/mean:-0.019045373424887657 - critic/returns/max:1.20761239528656 - critic/returns/min:-2.4748666286468506 - response_length/mean:577.0078125 - response_length/max:1251.0 - response_length/min:233.0 - response_length/clip_ratio:0.0 - response_length_non_aborted/mean:577.0078125 - response_length_non_aborted/max:1251.0 - response_length_non_aborted/min:233.0 - response_length_non_aborted/clip_ratio:0.0 - response/aborted_ratio:0.0 - prompt_length/mean:92.75 - prompt_length/max:195.0 - prompt_length/min:59.0 - prompt_length/clip_ratio:0.0 - num_turns/min:2 - num_turns/max:2 - num_turns/mean:2.0 - timing_s/start_profile:7.990933954715729e-05 - timing_s/agent_loop/num_preempted/min:-1 - timing_s/agent_loop/num_preempted/max:-1 - timing_s/agent_loop/num_preempted/mean:-1.0 - timing_s/agent_loop/generate_sequences/min:1.5119940526783466 - timing_s/agent_loop/generate_sequences/max:6.170414005406201 - timing_s/agent_loop/generate_sequences/mean:3.362794220010983 - timing_s/agent_loop/tool_calls/min:0.0 - timing_s/agent_loop/tool_calls/max:0.0 - timing_s/agent_loop/tool_calls/mean:0.0 - timing_s/agent_loop/compute_score/min:0.00412704236805439 - timing_s/agent_loop/compute_score/max:0.013770337216556072 - timing_s/agent_loop/compute_score/mean:0.005671128419635352 - timing_s/agent_loop/slowest/generate_sequences:6.170414005406201 - timing_s/agent_loop/slowest/tool_calls:0.0 - timing_s/agent_loop/slowest/compute_score:0.006166941486299038 - timing_s/agent_loop/slowest/num_preempted:-1 - timing_s/agent_loop/slowest/prompt_length:84 - timing_s/agent_loop/slowest/response_length:1251 - timing_s/gen:6.780513447709382 - timing_s/reward:1.6570091247558594e-05 - timing_s/old_log_prob:2.106419521383941 - timing_s/ref:8.307123893871903 - timing_s/adv:0.0036198729649186134 - timing_s/update_actor:7.948179543949664 - timing_s/update_weights:1.240093988366425 - timing_s/step:26.435735322535038 - timing_s/stop_profile:8.113030344247818e-05 - timing_per_token_ms/update_actor:0.09271284564091105 - timing_per_token_ms/adv:4.222460270058689e-05 - timing_per_token_ms/ref:0.09689981096095725 - timing_per_token_ms/gen:0.09180596893604373 - perf/total_num_tokens:85729 - perf/time_per_step:26.435735322535038 - perf/throughput:3242.9209535518635
[36m(TaskRunner pid=272629)[0m step:192 - global_seqlen/min:112387 - global_seqlen/max:112387 - global_seqlen/minmax_diff:0 - global_seqlen/balanced_min:112387 - global_seqlen/balanced_max:112387 - global_seqlen/mean:112387.0 - actor/entropy:0.0764092281460762 - perf/mfu/actor_infer:0.32243236665038616 - actor/pg_clipfrac:0.0007576375219287002 - actor/ppo_kl:-2.9358131484968908e-05 - actor/pg_clipfrac_lower:0.0 - actor/pg_loss:0.061581729678437114 - actor/kl_loss:0.02130289064371027 - actor/kl_coef:0.001 - actor/loss:0.061603023670613766 - actor/grad_norm:0.539981484413147 - actor/perf/max_memory_allocated_gb:57.54406929016113 - actor/perf/max_memory_reserved_gb:76.59375 - actor/perf/cpu_memory_used_gb:22.736400604248047 - actor/lr:1e-06 - perf/mfu/actor:0.24906061959999898 - training/global_step:192 - training/epoch:1 - critic/score/mean:0.625 - critic/score/max:1.0 - critic/score/min:0.0 - critic/rewards/mean:0.625 - critic/rewards/max:1.0 - critic/rewards/min:0.0 - critic/advantages/mean:-0.0628201887011528 - critic/advantages/max:2.4748666286468506 - critic/advantages/min:-1.6201815605163574 - critic/returns/mean:-0.0628201887011528 - critic/returns/max:2.4748666286468506 - critic/returns/min:-1.6201815605163574 - response_length/mean:757.1484375 - response_length/max:2048.0 - response_length/min:203.0 - response_length/clip_ratio:0.015625 - response_length_non_aborted/mean:757.1484375 - response_length_non_aborted/max:2048.0 - response_length_non_aborted/min:203.0 - response_length_non_aborted/clip_ratio:0.015625 - response/aborted_ratio:0.0 - prompt_length/mean:120.875 - prompt_length/max:406.0 - prompt_length/min:65.0 - prompt_length/clip_ratio:0.0 - num_turns/min:2 - num_turns/max:2 - num_turns/mean:2.0 - timing_s/start_profile:7.497891783714294e-05 - timing_s/agent_loop/num_preempted/min:-1 - timing_s/agent_loop/num_preempted/max:-1 - timing_s/agent_loop/num_preempted/mean:-1.0 - timing_s/agent_loop/generate_sequences/min:1.3036875873804092 - timing_s/agent_loop/generate_sequences/max:9.740472744219005 - timing_s/agent_loop/generate_sequences/mean:4.301762597744528 - timing_s/agent_loop/tool_calls/min:0.0 - timing_s/agent_loop/tool_calls/max:0.0 - timing_s/agent_loop/tool_calls/mean:0.0 - timing_s/agent_loop/compute_score/min:0.0022144895046949387 - timing_s/agent_loop/compute_score/max:0.013892805203795433 - timing_s/agent_loop/compute_score/mean:0.005949977014097385 - timing_s/agent_loop/slowest/generate_sequences:9.740472744219005 - timing_s/agent_loop/slowest/tool_calls:0.0 - timing_s/agent_loop/slowest/compute_score:0.008899198845028877 - timing_s/agent_loop/slowest/num_preempted:-1 - timing_s/agent_loop/slowest/prompt_length:96 - timing_s/agent_loop/slowest/response_length:2048 - timing_s/gen:10.355929519981146 - timing_s/reward:1.6380101442337036e-05 - timing_s/old_log_prob:2.5463822949677706 - timing_s/ref:8.422109327279031 - timing_s/adv:0.0014102431014180183 - timing_s/update_actor:9.692472736351192 - timing_s/update_weights:1.2346952529624104 - timing_s/step:32.30320488475263 - timing_s/stop_profile:7.506832480430603e-05 - timing_per_token_ms/update_actor:0.08624193844796277 - timing_per_token_ms/adv:1.2548098102253982e-05 - timing_per_token_ms/ref:0.07493846554565058 - timing_per_token_ms/gen:0.10685579652253156 - perf/total_num_tokens:112387 - perf/time_per_step:32.30320488475263 - perf/throughput:3479.128476600399
[36m(TaskRunner pid=272629)[0m Training Progress:  96%|█████████▋| 193/200 [1:40:02<03:36, 30.91s/it]
[36m(WorkerDict pid=273039)[0m INFO:2026-07-28 17:36:29,478:update_weights done, time cost: 0.53s
[36m(TaskRunner pid=272629)[0m Training Progress:  97%|█████████▋| 194/200 [1:40:30<02:59, 29.98s/it]
[36m(WorkerDict pid=273039)[0m INFO:2026-07-28 17:37:02,813:update_weights done, time cost: 0.53s
[36m(TaskRunner pid=272629)[0m step:193 - global_seqlen/min:103086 - global_seqlen/max:103086 - global_seqlen/minmax_diff:0 - global_seqlen/balanced_min:103086 - global_seqlen/balanced_max:103086 - global_seqlen/mean:103086.0 - actor/entropy:0.06708729267120361 - perf/mfu/actor_infer:0.3177962352697586 - actor/pg_clipfrac:0.00042406500506331213 - actor/ppo_kl:-8.43693499064102e-06 - actor/pg_clipfrac_lower:0.0 - actor/pg_loss:0.0014408936258405447 - actor/kl_loss:0.021239656882244162 - actor/kl_coef:0.001 - actor/loss:0.0014621317386627197 - actor/grad_norm:0.4034481793642044 - actor/perf/max_memory_allocated_gb:57.54406929016113 - actor/perf/max_memory_reserved_gb:76.59375 - actor/perf/cpu_memory_used_gb:22.736326217651367 - actor/lr:1e-06 - perf/mfu/actor:0.24542631459172423 - training/global_step:193 - training/epoch:1 - critic/score/mean:0.6875 - critic/score/max:1.0 - critic/score/min:0.0 - critic/rewards/mean:0.6875 - critic/rewards/max:1.0 - critic/rewards/min:0.0 - critic/advantages/mean:-0.0015148274833336473 - critic/advantages/max:0.5400605201721191 - critic/advantages/min:-2.4748666286468506 - critic/returns/mean:-0.0015148274833336473 - critic/returns/max:0.5400605201721191 - critic/returns/min:-2.4748666286468506 - response_length/mean:701.234375 - response_length/max:1851.0 - response_length/min:231.0 - response_length/clip_ratio:0.0 - response_length_non_aborted/mean:701.234375 - response_length_non_aborted/max:1851.0 - response_length_non_aborted/min:231.0 - response_length_non_aborted/clip_ratio:0.0 - response/aborted_ratio:0.0 - prompt_length/mean:104.125 - prompt_length/max:170.0 - prompt_length/min:67.0 - prompt_length/clip_ratio:0.0 - num_turns/min:2 - num_turns/max:2 - num_turns/mean:2.0 - timing_s/start_profile:8.004996925592422e-05 - timing_s/agent_loop/num_preempted/min:-1 - timing_s/agent_loop/num_preempted/max:-1 - timing_s/agent_loop/num_preempted/mean:-1.0 - timing_s/agent_loop/generate_sequences/min:1.5032932795584202 - timing_s/agent_loop/generate_sequences/max:8.71962659060955 - timing_s/agent_loop/generate_sequences/mean:4.085384051788424 - timing_s/agent_loop/tool_calls/min:0.0 - timing_s/agent_loop/tool_calls/max:0.0 - timing_s/agent_loop/tool_calls/mean:0.0 - timing_s/agent_loop/compute_score/min:0.003863929770886898 - timing_s/agent_loop/compute_score/max:0.012754697352647781 - timing_s/agent_loop/compute_score/mean:0.005733195874199737 - timing_s/agent_loop/slowest/generate_sequences:8.71962659060955 - timing_s/agent_loop/slowest/tool_calls:0.0 - timing_s/agent_loop/slowest/compute_score:0.007959670387208462 - timing_s/agent_loop/slowest/num_preempted:-1 - timing_s/agent_loop/slowest/prompt_length:170 - timing_s/agent_loop/slowest/response_length:1851 - timing_s/gen:9.311588131822646 - timing_s/reward:1.712050288915634e-05 - timing_s/old_log_prob:2.3774919379502535 - timing_s/ref:8.405606682412326 - timing_s/adv:0.0036609508097171783 - timing_s/update_actor:9.045464402064681 - timing_s/update_weights:1.276633819565177 - timing_s/step:30.470633413642645 - timing_s/stop_profile:7.831025868654251e-05 - timing_per_token_ms/update_actor:0.08774677843804864 - timing_per_token_ms/adv:3.551355964648137e-05 - timing_per_token_ms/ref:0.08153975013495844 - timing_per_token_ms/gen:0.10374103847927367 - perf/total_num_tokens:103086 - perf/time_per_step:30.470633413642645 - perf/throughput:3383.1262580135667
[36m(TaskRunner pid=272629)[0m step:194 - global_seqlen/min:92446 - global_seqlen/max:92446 - global_seqlen/minmax_diff:0 - global_seqlen/balanced_min:92446 - global_seqlen/balanced_max:92446 - global_seqlen/mean:92446.0 - actor/entropy:0.0669044777750969 - perf/mfu/actor_infer:0.3069670317961161 - actor/pg_clipfrac:0.0005156006864126539 - actor/ppo_kl:0.0001603291825915676 - actor/pg_clipfrac_lower:0.0 - actor/pg_loss:-0.010903931295615621 - actor/kl_loss:0.02422184802708216 - actor/kl_coef:0.001 - actor/loss:-0.01087971217930317 - actor/grad_norm:0.49553513526916504 - actor/perf/max_memory_allocated_gb:57.54406929016113 - actor/perf/max_memory_reserved_gb:76.59375 - actor/perf/cpu_memory_used_gb:22.73473358154297 - actor/lr:1e-06 - perf/mfu/actor:0.23746403620121903 - training/global_step:194 - training/epoch:1 - critic/score/mean:0.8359375 - critic/score/max:1.0 - critic/score/min:0.0 - critic/rewards/mean:0.8359375 - critic/rewards/max:1.0 - critic/rewards/min:0.0 - critic/advantages/mean:0.011180988512933254 - critic/advantages/max:0.7245674133300781 - critic/advantages/min:-2.4748666286468506 - critic/returns/mean:0.011180988512933254 - critic/returns/max:0.7245674133300781 - critic/returns/min:-2.4748666286468506 - response_length/mean:599.171875 - response_length/max:1498.0 - response_length/min:252.0 - response_length/clip_ratio:0.0 - response_length_non_aborted/mean:599.171875 - response_length_non_aborted/max:1498.0 - response_length_non_aborted/min:252.0 - response_length_non_aborted/clip_ratio:0.0 - response/aborted_ratio:0.0 - prompt_length/mean:123.0625 - prompt_length/max:311.0 - prompt_length/min:57.0 - prompt_length/clip_ratio:0.0 - num_turns/min:2 - num_turns/max:2 - num_turns/mean:2.0 - timing_s/start_profile:8.845888078212738e-05 - timing_s/agent_loop/num_preempted/min:-1 - timing_s/agent_loop/num_preempted/max:-1 - timing_s/agent_loop/num_preempted/mean:-1.0 - timing_s/agent_loop/generate_sequences/min:1.574968476779759 - timing_s/agent_loop/generate_sequences/max:7.0337317157536745 - timing_s/agent_loop/generate_sequences/mean:3.4400195218258887 - timing_s/agent_loop/tool_calls/min:0.0 - timing_s/agent_loop/tool_calls/max:0.0 - timing_s/agent_loop/tool_calls/mean:0.0 - timing_s/agent_loop/compute_score/min:0.004243027418851852 - timing_s/agent_loop/compute_score/max:0.008128487505018711 - timing_s/agent_loop/compute_score/mean:0.005796211531560402 - timing_s/agent_loop/slowest/generate_sequences:7.0337317157536745 - timing_s/agent_loop/slowest/tool_calls:0.0 - timing_s/agent_loop/slowest/compute_score:0.008128487505018711 - timing_s/agent_loop/slowest/num_preempted:-1 - timing_s/agent_loop/slowest/prompt_length:311 - timing_s/agent_loop/slowest/response_length:1498 - timing_s/gen:7.568990420550108 - timing_s/reward:1.7680227756500244e-05 - timing_s/old_log_prob:2.211324750445783 - timing_s/ref:8.349732715636492 - timing_s/adv:0.003642771393060684 - timing_s/update_actor:8.378238241188228 - timing_s/update_weights:1.2534780446439981 - timing_s/step:27.81579620204866 - timing_s/stop_profile:7.816962897777557e-05 - timing_per_token_ms/update_actor:0.0906284559763346 - timing_per_token_ms/adv:3.940431595808022e-05 - timing_per_token_ms/ref:0.09032010812405612 - timing_per_token_ms/gen:0.0986907765998658 - perf/total_num_tokens:92446 - perf/time_per_step:27.81579620204866 - perf/throughput:3323.507237703707
[36m(TaskRunner pid=272629)[0m Training Progress:  98%|█████████▊| 195/200 [1:41:03<02:34, 30.99s/it]
[36m(WorkerDict pid=273039)[0m INFO:2026-07-28 17:37:34,782:update_weights done, time cost: 0.53s
[36m(TaskRunner pid=272629)[0m Training Progress:  98%|█████████▊| 196/200 [1:41:35<02:05, 31.29s/it]
[36m(WorkerDict pid=273039)[0m INFO:2026-07-28 17:38:02,560:update_weights done, time cost: 0.53s
[36m(TaskRunner pid=272629)[0m step:195 - global_seqlen/min:122485 - global_seqlen/max:122485 - global_seqlen/minmax_diff:0 - global_seqlen/balanced_min:122485 - global_seqlen/balanced_max:122485 - global_seqlen/mean:122485.0 - actor/entropy:0.05700415372848511 - perf/mfu/actor_infer:0.3297213892513556 - actor/pg_clipfrac:0.00040402460308541777 - actor/ppo_kl:-3.819107246272324e-05 - actor/pg_clipfrac_lower:0.0 - actor/pg_loss:0.011808554612798616 - actor/kl_loss:0.019052719726460055 - actor/kl_coef:0.001 - actor/loss:0.011827606707811356 - actor/grad_norm:0.3646952956914902 - actor/perf/max_memory_allocated_gb:57.54406929016113 - actor/perf/max_memory_reserved_gb:76.59375 - actor/perf/cpu_memory_used_gb:22.766281127929688 - actor/lr:1e-06 - perf/mfu/actor:0.25768991101259864 - training/global_step:195 - training/epoch:1 - critic/score/mean:0.6953125 - critic/score/max:1.0 - critic/score/min:0.0 - critic/rewards/mean:0.6953125 - critic/rewards/max:1.0 - critic/rewards/min:0.0 - critic/advantages/mean:-0.011601137928664684 - critic/advantages/max:0.935412585735321 - critic/advantages/min:-2.4748666286468506 - critic/returns/mean:-0.011601137928664684 - critic/returns/max:0.935412585735321 - critic/returns/min:-2.4748666286468506 - response_length/mean:839.0390625 - response_length/max:2048.0 - response_length/min:248.0 - response_length/clip_ratio:0.03125 - response_length_non_aborted/mean:839.0390625 - response_length_non_aborted/max:2048.0 - response_length_non_aborted/min:248.0 - response_length_non_aborted/clip_ratio:0.03125 - response/aborted_ratio:0.0 - prompt_length/mean:117.875 - prompt_length/max:386.0 - prompt_length/min:56.0 - prompt_length/clip_ratio:0.0 - num_turns/min:2 - num_turns/max:2 - num_turns/mean:2.0 - timing_s/start_profile:8.813850581645966e-05 - timing_s/agent_loop/num_preempted/min:-1 - timing_s/agent_loop/num_preempted/max:-1 - timing_s/agent_loop/num_preempted/mean:-1.0 - timing_s/agent_loop/generate_sequences/min:1.5815423084422946 - timing_s/agent_loop/generate_sequences/max:10.0028605600819 - timing_s/agent_loop/generate_sequences/mean:4.859696229090332 - timing_s/agent_loop/tool_calls/min:0.0 - timing_s/agent_loop/tool_calls/max:0.0 - timing_s/agent_loop/tool_calls/mean:0.0 - timing_s/agent_loop/compute_score/min:0.004382816143333912 - timing_s/agent_loop/compute_score/max:0.01376554649323225 - timing_s/agent_loop/compute_score/mean:0.006184401048813015 - timing_s/agent_loop/slowest/generate_sequences:10.0028605600819 - timing_s/agent_loop/slowest/tool_calls:0.0 - timing_s/agent_loop/slowest/compute_score:0.005839637480676174 - timing_s/agent_loop/slowest/num_preempted:-1 - timing_s/agent_loop/slowest/prompt_length:112 - timing_s/agent_loop/slowest/response_length:2048 - timing_s/gen:10.576332371681929 - timing_s/reward:1.0930001735687256e-05 - timing_s/old_log_prob:2.7237810818478465 - timing_s/ref:8.49016279913485 - timing_s/adv:0.0036719199270009995 - timing_s/update_actor:10.24413452949375 - timing_s/update_weights:1.2645889902487397 - timing_s/step:33.330509952269495 - timing_s/stop_profile:7.91698694229126e-05 - timing_per_token_ms/update_actor:0.08363582911780013 - timing_per_token_ms/adv:2.9978527387035142e-05 - timing_per_token_ms/ref:0.0693159390875197 - timing_per_token_ms/gen:0.09847884365188905 - perf/total_num_tokens:122485 - perf/time_per_step:33.330509952269495 - perf/throughput:3674.861266011321
[36m(TaskRunner pid=272629)[0m step:196 - global_seqlen/min:107047 - global_seqlen/max:107047 - global_seqlen/minmax_diff:0 - global_seqlen/balanced_min:107047 - global_seqlen/balanced_max:107047 - global_seqlen/mean:107047.0 - actor/entropy:0.06889766454696655 - perf/mfu/actor_infer:0.3204566424165182 - actor/pg_clipfrac:0.00032919174191192724 - actor/ppo_kl:0.0001498780247857212 - actor/pg_clipfrac_lower:0.0 - actor/pg_loss:-0.002588606206700206 - actor/kl_loss:0.026423398521728814 - actor/kl_coef:0.001 - actor/loss:-0.0025621801614761353 - actor/grad_norm:0.42094388604164124 - actor/perf/max_memory_allocated_gb:57.54406929016113 - actor/perf/max_memory_reserved_gb:76.59375 - actor/perf/cpu_memory_used_gb:22.69989013671875 - actor/lr:1e-06 - perf/mfu/actor:0.2475266554292621 - training/global_step:196 - training/epoch:1 - critic/score/mean:0.5703125 - critic/score/max:1.0 - critic/score/min:0.0 - critic/rewards/mean:0.5703125 - critic/rewards/max:1.0 - critic/rewards/min:0.0 - critic/advantages/mean:0.0019133673049509525 - critic/advantages/max:2.4748666286468506 - critic/advantages/min:-0.935412585735321 - critic/returns/mean:0.0019133673049509525 - critic/returns/max:2.4748666286468506 - critic/returns/min:-0.935412585735321 - response_length/mean:727.2421875 - response_length/max:2046.0 - response_length/min:229.0 - response_length/clip_ratio:0.0 - response_length_non_aborted/mean:727.2421875 - response_length_non_aborted/max:2046.0 - response_length_non_aborted/min:229.0 - response_length_non_aborted/clip_ratio:0.0 - response/aborted_ratio:0.0 - prompt_length/mean:109.0625 - prompt_length/max:404.0 - prompt_length/min:58.0 - prompt_length/clip_ratio:0.0 - num_turns/min:2 - num_turns/max:2 - num_turns/mean:2.0 - timing_s/start_profile:7.739011198282242e-05 - timing_s/agent_loop/num_preempted/min:-1 - timing_s/agent_loop/num_preempted/max:-1 - timing_s/agent_loop/num_preempted/mean:-1.0 - timing_s/agent_loop/generate_sequences/min:1.46345139387995 - timing_s/agent_loop/generate_sequences/max:9.559107152745128 - timing_s/agent_loop/generate_sequences/mean:4.166308758954983 - timing_s/agent_loop/tool_calls/min:0.0 - timing_s/agent_loop/tool_calls/max:0.0 - timing_s/agent_loop/tool_calls/mean:0.0 - timing_s/agent_loop/compute_score/min:0.004495585337281227 - timing_s/agent_loop/compute_score/max:0.012864917516708374 - timing_s/agent_loop/compute_score/mean:0.005990289668261539 - timing_s/agent_loop/slowest/generate_sequences:9.559107152745128 - timing_s/agent_loop/slowest/tool_calls:0.0 - timing_s/agent_loop/slowest/compute_score:0.0073284488171339035 - timing_s/agent_loop/slowest/num_preempted:-1 - timing_s/agent_loop/slowest/prompt_length:97 - timing_s/agent_loop/slowest/response_length:2046 - timing_s/gen:10.11583966948092 - timing_s/reward:1.7199665307998657e-05 - timing_s/old_log_prob:2.810122854076326 - timing_s/ref:8.407588232308626 - timing_s/adv:0.0036823684349656105 - timing_s/update_actor:9.315151834860444 - timing_s/update_weights:1.2774285869672894 - timing_s/step:31.980183497071266 - timing_s/stop_profile:8.345022797584534e-05 - timing_per_token_ms/update_actor:0.08701927036591818 - timing_per_token_ms/adv:3.4399548188791934e-05 - timing_per_token_ms/ref:0.07854109159816366 - timing_per_token_ms/gen:0.1086708097745219 - perf/total_num_tokens:107047 - perf/time_per_step:31.980183497071266 - perf/throughput:3347.291612939098
[36m(TaskRunner pid=272629)[0m Training Progress:  98%|█████████▊| 197/200 [1:42:03<01:30, 30.23s/it]
[36m(WorkerDict pid=273039)[0m INFO:2026-07-28 17:38:32,634:update_weights done, time cost: 0.51s
[36m(TaskRunner pid=272629)[0m Training Progress:  99%|█████████▉| 198/200 [1:42:33<01:00, 30.18s/it]
[36m(WorkerDict pid=273039)[0m INFO:2026-07-28 17:39:00,742:update_weights done, time cost: 0.51s
[36m(TaskRunner pid=272629)[0m step:197 - global_seqlen/min:94376 - global_seqlen/max:94376 - global_seqlen/minmax_diff:0 - global_seqlen/balanced_min:94376 - global_seqlen/balanced_max:94376 - global_seqlen/mean:94376.0 - actor/entropy:0.0763859674334526 - perf/mfu/actor_infer:0.31008788051028646 - actor/pg_clipfrac:0.0004446544598977198 - actor/ppo_kl:6.161664691717306e-05 - actor/pg_clipfrac_lower:0.0 - actor/pg_loss:0.020013501489302143 - actor/kl_loss:0.028015301475534216 - actor/kl_coef:0.001 - actor/loss:0.02004151977598667 - actor/grad_norm:0.500631719827652 - actor/perf/max_memory_allocated_gb:57.54406929016113 - actor/perf/max_memory_reserved_gb:76.59375 - actor/perf/cpu_memory_used_gb:22.770263671875 - actor/lr:1e-06 - perf/mfu/actor:0.23903237887084744 - training/global_step:197 - training/epoch:1 - critic/score/mean:0.6171875 - critic/score/max:1.0 - critic/score/min:0.0 - critic/rewards/mean:0.6171875 - critic/rewards/max:1.0 - critic/rewards/min:0.0 - critic/advantages/mean:-0.020290696993470192 - critic/advantages/max:2.4748666286468506 - critic/advantages/min:-2.4748666286468506 - critic/returns/mean:-0.020290696993470192 - critic/returns/max:2.4748666286468506 - critic/returns/min:-2.4748666286468506 - response_length/mean:632.8125 - response_length/max:1384.0 - response_length/min:245.0 - response_length/clip_ratio:0.0 - response_length_non_aborted/mean:632.8125 - response_length_non_aborted/max:1384.0 - response_length_non_aborted/min:245.0 - response_length_non_aborted/clip_ratio:0.0 - response/aborted_ratio:0.0 - prompt_length/mean:104.5 - prompt_length/max:215.0 - prompt_length/min:59.0 - prompt_length/clip_ratio:0.0 - num_turns/min:2 - num_turns/max:2 - num_turns/mean:2.0 - timing_s/start_profile:7.857941091060638e-05 - timing_s/agent_loop/num_preempted/min:-1 - timing_s/agent_loop/num_preempted/max:-1 - timing_s/agent_loop/num_preempted/mean:-1.0 - timing_s/agent_loop/generate_sequences/min:1.5720121832564473 - timing_s/agent_loop/generate_sequences/max:6.782774317078292 - timing_s/agent_loop/generate_sequences/mean:3.588896487482998 - timing_s/agent_loop/tool_calls/min:0.0 - timing_s/agent_loop/tool_calls/max:0.0 - timing_s/agent_loop/tool_calls/mean:0.0 - timing_s/agent_loop/compute_score/min:0.004327884875237942 - timing_s/agent_loop/compute_score/max:0.013435971923172474 - timing_s/agent_loop/compute_score/mean:0.005786811059806496 - timing_s/agent_loop/slowest/generate_sequences:6.782774317078292 - timing_s/agent_loop/slowest/tool_calls:0.0 - timing_s/agent_loop/slowest/compute_score:0.006496642716228962 - timing_s/agent_loop/slowest/num_preempted:-1 - timing_s/agent_loop/slowest/prompt_length:97 - timing_s/agent_loop/slowest/response_length:1384 - timing_s/gen:7.36340538226068 - timing_s/reward:1.7589889466762543e-05 - timing_s/old_log_prob:2.2353723123669624 - timing_s/ref:8.352899021469057 - timing_s/adv:0.003682577982544899 - timing_s/update_actor:8.493544946424663 - timing_s/update_weights:1.2717316718772054 - timing_s/step:27.770205155946314 - timing_s/stop_profile:7.970072329044342e-05 - timing_per_token_ms/update_actor:0.08999687363762676 - timing_per_token_ms/adv:3.902028039485567e-05 - timing_per_token_ms/ref:0.08850660148204052 - timing_per_token_ms/gen:0.09090623928716889 - perf/total_num_tokens:94376 - perf/time_per_step:27.770205155946314 - perf/throughput:3398.4624697593085
[36m(TaskRunner pid=272629)[0m step:198 - global_seqlen/min:94137 - global_seqlen/max:94137 - global_seqlen/minmax_diff:0 - global_seqlen/balanced_min:94137 - global_seqlen/balanced_max:94137 - global_seqlen/mean:94137.0 - actor/entropy:0.07474391162395477 - perf/mfu/actor_infer:0.31011389800114525 - actor/pg_clipfrac:0.0006780400599382119 - actor/ppo_kl:0.00010957112226606114 - actor/pg_clipfrac_lower:0.0 - actor/pg_loss:0.03618362461565994 - actor/kl_loss:0.02764129961724393 - actor/kl_coef:0.001 - actor/loss:0.03621126338839531 - actor/grad_norm:0.6154831945896149 - actor/perf/max_memory_allocated_gb:57.54406929016113 - actor/perf/max_memory_reserved_gb:76.59375 - actor/perf/cpu_memory_used_gb:22.7855281829834 - actor/lr:1e-06 - perf/mfu/actor:0.2399853195488578 - training/global_step:198 - training/epoch:1 - critic/score/mean:0.6328125 - critic/score/max:1.0 - critic/score/min:0.0 - critic/rewards/mean:0.6328125 - critic/rewards/max:1.0 - critic/rewards/min:0.0 - critic/advantages/mean:-0.036058373749256134 - critic/advantages/max:2.4748666286468506 - critic/advantages/min:-2.4748666286468506 - critic/returns/mean:-0.036058373749256134 - critic/returns/max:2.4748666286468506 - critic/returns/min:-2.4748666286468506 - response_length/mean:615.5703125 - response_length/max:2048.0 - response_length/min:247.0 - response_length/clip_ratio:0.0625 - response_length_non_aborted/mean:615.5703125 - response_length_non_aborted/max:2048.0 - response_length_non_aborted/min:247.0 - response_length_non_aborted/clip_ratio:0.0625 - response/aborted_ratio:0.0 - prompt_length/mean:119.875 - prompt_length/max:415.0 - prompt_length/min:68.0 - prompt_length/clip_ratio:0.0 - num_turns/min:2 - num_turns/max:2 - num_turns/mean:2.0 - timing_s/start_profile:8.731987327337265e-05 - timing_s/agent_loop/num_preempted/min:-1 - timing_s/agent_loop/num_preempted/max:-1 - timing_s/agent_loop/num_preempted/mean:-1.0 - timing_s/agent_loop/generate_sequences/min:1.6315168291330338 - timing_s/agent_loop/generate_sequences/max:9.173954495228827 - timing_s/agent_loop/generate_sequences/mean:3.4693950894725276 - timing_s/agent_loop/tool_calls/min:0.0 - timing_s/agent_loop/tool_calls/max:0.0 - timing_s/agent_loop/tool_calls/mean:0.0 - timing_s/agent_loop/compute_score/min:0.002282246947288513 - timing_s/agent_loop/compute_score/max:0.030558638274669647 - timing_s/agent_loop/compute_score/mean:0.006390680850017816 - timing_s/agent_loop/slowest/generate_sequences:9.173954495228827 - timing_s/agent_loop/slowest/tool_calls:0.0 - timing_s/agent_loop/slowest/compute_score:0.005865646526217461 - timing_s/agent_loop/slowest/num_preempted:-1 - timing_s/agent_loop/slowest/prompt_length:221 - timing_s/agent_loop/slowest/response_length:2048 - timing_s/gen:9.755650608800352 - timing_s/reward:1.588929444551468e-05 - timing_s/old_log_prob:2.2250966038554907 - timing_s/ref:8.333996240980923 - timing_s/adv:0.003638668917119503 - timing_s/update_actor:8.447058384306729 - timing_s/update_weights:1.2311460562050343 - timing_s/step:30.04587581846863 - timing_s/stop_profile:7.867999374866486e-05 - timing_per_token_ms/update_actor:0.0897315442844655 - timing_per_token_ms/adv:3.8652909239932255e-05 - timing_per_token_ms/ref:0.08853050597513117 - timing_per_token_ms/gen:0.12381367137690343 - perf/total_num_tokens:94137 - perf/time_per_step:30.04587581846863 - perf/throughput:3133.1088688762993
[36m(TaskRunner pid=272629)[0m Training Progress: 100%|█████████▉| 199/200 [1:43:01<00:29, 29.56s/it]
[36m(WorkerDict pid=273039)[0m INFO:2026-07-28 17:39:45,148:[Rank 0] Saved model to /tmp/grpo_ckpt_grpo_full_3b_math_t2048/global_step_200/actor/model_world_size_1_rank_0.pt
