phase,timestamp,mem_used_mib
es_vanilla_s0,1787466125,17298
es_vanilla_s0,1787466135,164132
es_vanilla_s0,1787466145,197922
es_vanilla_s0,1787466155,200842
es_vanilla_s0,1787466166,206642
es_vanilla_s0,1787466176,206642
es_vanilla_s0,1787466186,206642
es_vanilla_s0,1787466196,206642
es_vanilla_s0,1787466206,206642
es_vanilla_s0,1787466216,206642
es_vanilla_s0,1787466226,206642
es_vanilla_s0,1787466236,206642
es_vanilla_s0,1787466246,206642
es_vanilla_s0,1787466256,206642
es_vanilla_s0,1787466267,206642
es_vanilla_s0,1787466277,206642
es_vanilla_s0,1787466287,206642
es_vanilla_s0,1787466297,206642
es_vanilla_s0,1787466307,206642
es_vanilla_s0,1787466317,206642
es_vanilla_s0,1787466327,206642
es_vanilla_s0,1787466337,206642
es_vanilla_s0,1787466347,206642
es_vanilla_s0,1787466357,206642
es_vanilla_s0,1787466367,206642
es_vanilla_s0,1787466378,206642
es_vanilla_s0,1787466388,206642
es_vanilla_s0,1787466398,206642
es_vanilla_s0,1787466408,206642
es_vanilla_s0,1787466418,206642
es_vanilla_s0,1787466428,206642
es_vanilla_s0,1787466438,206642
es_vanilla_s0,1787466448,206642
es_vanilla_s0,1787466458,206642
es_vanilla_s0,1787466468,206642
es_vanilla_s0,1787466479,206642
es_vanilla_s0,1787466489,206642
es_vanilla_s0,1787466499,206642
es_vanilla_s0,1787466509,206642
es_vanilla_s0,1787466519,206642
es_vanilla_s0,1787466529,206642
es_vanilla_s0,1787466539,206642
es_vanilla_s0,1787466549,206642
es_vanilla_s0,1787466559,206642
es_vanilla_s0,1787466569,206642
es_vanilla_s0,1787466580,206642
es_vanilla_s0,1787466590,206642
es_vanilla_s0,1787466600,206642
es_vanilla_s0,1787466610,206642
es_vanilla_s0,1787466620,206642
es_vanilla_s0,1787466630,206642
es_vanilla_s0,1787466640,206642
es_vanilla_s0,1787466650,206642
es_vanilla_s0,1787466660,206642
es_vanilla_s0,1787466670,206642
es_vanilla_s0,1787466680,206642
es_vanilla_s0,1787466691,206642
es_vanilla_s0,1787466701,206642
es_vanilla_s0,1787466711,206642
es_vanilla_s0,1787466721,206642
es_vanilla_s0,1787466731,206642
es_vanilla_s0,1787466741,206642
es_vanilla_s0,1787466751,206642
es_vanilla_s0,1787466761,206642
es_vanilla_s0,1787466771,206642
es_vanilla_s0,1787466781,206642
es_vanilla_s0,1787466792,206642
es_vanilla_s0,1787466802,206642
es_vanilla_s0,1787466812,206642
es_vanilla_s0,1787466822,206642
es_vanilla_s0,1787466832,214962
es_vanilla_s0,1787466842,214962
es_vanilla_s0,1787466852,214962
es_vanilla_s0,1787466862,214962
es_vanilla_s0,1787466872,214962
es_vanilla_s0,1787466882,214962
es_vanilla_s0,1787466892,214962
es_vanilla_s0,1787466903,214962
es_vanilla_s0,1787466913,214962
es_vanilla_s0,1787466923,214962
es_vanilla_s0,1787466933,214962
es_vanilla_s0,1787466943,214962
es_vanilla_s0,1787466953,214962
es_vanilla_s0,1787466963,214962
es_vanilla_s0,1787466973,214962
es_vanilla_s0,1787466983,214962
es_vanilla_s0,1787466993,214962
es_vanilla_s0,1787467004,214962
es_vanilla_s0,1787467014,214962
es_vanilla_s0,1787467024,214962
es_vanilla_s0,1787467034,214962
es_vanilla_s0,1787467044,214962
es_vanilla_s0,1787467054,214962
es_vanilla_s0,1787467064,214962
es_vanilla_s0,1787467074,214962
es_vanilla_s0,1787467084,214962
es_vanilla_s0,1787467094,214962
es_vanilla_s0,1787467105,214962
es_vanilla_s0,1787467115,214962
es_vanilla_s0,1787467125,214962
es_vanilla_s0,1787467135,214962
es_vanilla_s0,1787467145,214962
es_vanilla_s0,1787467155,214962
es_vanilla_s0,1787467165,214962
es_vanilla_s0,1787467175,214962
es_vanilla_s0,1787467185,214962
es_vanilla_s0,1787467195,214962
es_vanilla_s0,1787467206,214962
es_vanilla_s0,1787467216,214962
es_vanilla_s0,1787467226,214962
es_vanilla_s0,1787467236,214962
es_vanilla_s0,1787467246,214962
es_vanilla_s0,1787467256,214962
es_vanilla_s0,1787467266,214962
es_vanilla_s0,1787467276,214962
es_vanilla_s0,1787467286,214962
es_vanilla_s0,1787467296,214962
es_vanilla_s0,1787467306,214962
es_vanilla_s0,1787467317,214962
es_vanilla_s0,1787467327,214962
es_vanilla_s0,1787467337,214962
es_vanilla_s0,1787467347,214962
es_vanilla_s0,1787467357,214962
es_vanilla_s0,1787467367,214962
es_vanilla_s0,1787467377,214962
es_vanilla_s0,1787467387,214962
es_vanilla_s0,1787467397,214962
es_vanilla_s0,1787467407,214962
es_vanilla_s0,1787467418,214962
es_vanilla_s0,1787467428,214962
es_vanilla_s0,1787467438,214962
es_vanilla_s0,1787467448,214962
es_vanilla_s0,1787467458,214962
es_vanilla_s0,1787467468,214962
es_vanilla_s0,1787467478,214962
es_vanilla_s0,1787467488,214962
es_vanilla_s0,1787467498,214962
es_vanilla_s0,1787467508,214962
es_vanilla_s0,1787467519,214962
es_vanilla_s0,1787467529,214962
es_vanilla_s0,1787467539,214962
es_vanilla_s0,1787467549,214962
es_vanilla_s0,1787467559,214962
es_vanilla_s0,1787467569,214962
es_vanilla_s0,1787467579,214962
es_vanilla_s0,1787467589,214962
es_vanilla_s0,1787467599,214962
es_vanilla_s0,1787467609,214962
es_vanilla_s0,1787467620,214962
es_vanilla_s0,1787467630,214962
es_vanilla_s0,1787467640,214962
es_vanilla_s0,1787467650,214962
es_vanilla_s0,1787467660,214962
es_vanilla_s0,1787467670,214962
es_vanilla_s0,1787467680,214962
es_vanilla_s0,1787467690,214962
es_vanilla_s0,1787467700,214962
es_vanilla_s0,1787467710,214962
es_vanilla_s0,1787467721,214962
es_vanilla_s0,1787467731,214962
es_vanilla_s0,1787467741,214962
es_vanilla_s0,1787467751,214962
es_vanilla_s0,1787467761,214962
es_vanilla_s0,1787467771,214962
es_vanilla_s0,1787467781,214962
es_vanilla_s0,1787467791,214962
es_vanilla_s0,1787467801,214962
es_vanilla_s0,1787467811,214962
es_vanilla_s0,1787467822,214962
es_vanilla_s0,1787467832,214962
es_vanilla_s0,1787467842,214962
es_vanilla_s0,1787467852,214962
es_vanilla_s0,1787467862,214962
es_vanilla_s0,1787467872,214962
es_vanilla_s0,1787467882,214962
es_vanilla_s0,1787467892,214962
es_vanilla_s0,1787467902,214962
es_vanilla_s0,1787467912,214962
es_vanilla_s0,1787467923,214962
es_vanilla_s0,1787467933,214962
es_vanilla_s0,1787467943,214962
es_vanilla_s0,1787467953,214962
es_vanilla_s0,1787467963,214962
es_vanilla_s0,1787467973,214962
es_vanilla_s0,1787467983,214962
es_vanilla_s0,1787467993,214962
es_vanilla_s0,1787468003,214962
es_vanilla_s0,1787468013,214962
es_vanilla_s0,1787468023,214962
es_vanilla_s0,1787468034,214962
es_vanilla_s0,1787468044,214962
es_vanilla_s0,1787468054,214962
es_vanilla_s0,1787468064,214962
es_vanilla_s0,1787468074,214962
es_vanilla_s0,1787468084,214962
es_vanilla_s0,1787468094,214962
es_vanilla_s0,1787468104,214962
es_vanilla_s0,1787468114,214962
es_vanilla_s0,1787468124,214962
es_vanilla_s0,1787468135,214962
es_vanilla_s0,1787468145,214962
es_vanilla_s0,1787468155,214962
es_vanilla_s0,1787468165,214962
es_vanilla_s0,1787468175,214962
es_vanilla_s0,1787468185,214962
es_vanilla_s0,1787468195,214962
es_vanilla_s0,1787468205,214962
es_vanilla_s0,1787468215,214962
es_vanilla_s0,1787468225,214962
es_vanilla_s0,1787468236,214962
es_vanilla_s0,1787468246,214962
es_vanilla_s0,1787468256,214962
es_vanilla_s0,1787468266,214962
es_vanilla_s0,1787468276,214962
es_vanilla_s0,1787468286,214962
es_vanilla_s0,1787468296,214962
es_vanilla_s0,1787468306,214962
es_vanilla_s0,1787468316,214962
es_vanilla_s0,1787468326,214962
es_vanilla_s0,1787468337,214962
es_vanilla_s0,1787468347,214962
es_vanilla_s0,1787468357,214962
es_vanilla_s0,1787468367,214962
es_vanilla_s0,1787468377,214962
es_vanilla_s0,1787468387,214962
es_vanilla_s0,1787468397,214962
es_vanilla_s0,1787468407,214962
es_vanilla_s0,1787468417,214962
es_vanilla_s0,1787468427,214962
es_vanilla_s0,1787468438,214962
es_vanilla_s0,1787468448,214962
es_vanilla_s0,1787468458,214962
es_vanilla_s0,1787468468,214962
es_vanilla_s0,1787468478,214962
es_vanilla_s0,1787468488,214962
es_vanilla_s0,1787468498,214962
es_vanilla_s0,1787468508,214962
es_vanilla_s0,1787468518,214962
es_vanilla_s0,1787468528,214962
es_vanilla_s0,1787468538,214962
es_vanilla_s0,1787468549,214962
es_vanilla_s0,1787468559,214962
es_vanilla_s0,1787468569,214962
es_vanilla_s0,1787468579,214962
es_vanilla_s0,1787468589,214962
es_vanilla_s0,1787468599,214962
es_vanilla_s0,1787468609,214962
es_vanilla_s0,1787468619,214962
es_vanilla_s0,1787468629,214962
es_vanilla_s0,1787468639,214962
es_vanilla_s0,1787468650,214962
es_vanilla_s0,1787468660,214962
es_vanilla_s0,1787468670,214962
es_vanilla_s0,1787468680,214962
es_vanilla_s0,1787468690,214962
es_vanilla_s0,1787468700,214962
es_vanilla_s0,1787468710,214962
es_vanilla_s0,1787468720,214962
es_vanilla_s0,1787468730,214962
es_vanilla_s0,1787468740,214962
es_vanilla_s0,1787468751,214962
es_vanilla_s0,1787468761,214962
es_vanilla_s0,1787468771,214962
es_vanilla_s0,1787468781,214962
es_vanilla_s0,1787468791,214962
es_vanilla_s0,1787468801,214962
es_vanilla_s0,1787468811,214962
es_vanilla_s0,1787468821,214962
es_vanilla_s0,1787468831,214962
es_vanilla_s0,1787468841,214962
es_vanilla_s0,1787468852,214962
es_vanilla_s0,1787468862,214962
es_vanilla_s0,1787468872,214962
es_vanilla_s0,1787468882,214962
es_vanilla_s0,1787468892,214962
es_vanilla_s0,1787468902,214962
es_vanilla_s0,1787468912,214962
es_vanilla_s0,1787468922,214962
es_vanilla_s0,1787468932,214962
es_vanilla_s0,1787468942,214962
es_vanilla_s0,1787468953,214962
es_vanilla_s0,1787468963,214962
es_vanilla_s0,1787468973,214962
es_vanilla_s0,1787468983,214962
es_vanilla_s0,1787468993,214962
es_vanilla_s0,1787469003,214962
es_vanilla_s0,1787469013,214962
es_vanilla_s0,1787469023,214962
es_vanilla_s0,1787469033,214962
es_vanilla_s0,1787469043,214962
es_vanilla_s0,1787469053,214962
es_vanilla_s0,1787469064,214962
es_vanilla_s0,1787469074,214962
es_vanilla_s0,1787469084,214962
es_vanilla_s0,1787469094,214962
es_vanilla_s0,1787469104,214962
es_vanilla_s0,1787469114,214962
es_vanilla_s0,1787469124,214962
es_vanilla_s0,1787469134,214962
es_vanilla_s0,1787469144,214962
es_vanilla_s0,1787469154,214962
es_vanilla_s0,1787469165,214962
es_vanilla_s0,1787469175,214962
es_vanilla_s0,1787469185,214962
es_vanilla_s0,1787469195,214962
es_vanilla_s0,1787469205,214962
es_vanilla_s0,1787469215,214962
es_vanilla_s0,1787469225,214962
es_vanilla_s0,1787469235,214962
es_vanilla_s0,1787469245,214962
es_vanilla_s0,1787469255,214962
es_vanilla_s0,1787469266,214962
es_vanilla_s0,1787469276,214962
es_vanilla_s0,1787469286,214962
es_vanilla_s0,1787469296,214962
es_vanilla_s0,1787469306,214962
es_vanilla_s0,1787469316,214962
es_vanilla_s0,1787469326,214962
es_vanilla_s0,1787469336,214962
es_vanilla_s0,1787469346,214962
es_vanilla_s0,1787469356,214962
es_vanilla_s0,1787469367,214962
es_vanilla_s0,1787469377,214962
es_vanilla_s0,1787469387,214962
es_vanilla_s0,1787469397,214962
es_vanilla_s0,1787469407,214962
es_vanilla_s0,1787469417,214962
es_vanilla_s0,1787469427,214962
es_vanilla_s0,1787469437,214962
es_vanilla_s0,1787469447,214962
es_vanilla_s0,1787469457,214962
es_vanilla_s0,1787469467,214962
es_vanilla_s0,1787469478,214962
es_vanilla_s0,1787469488,214962
es_vanilla_s0,1787469498,214962
es_vanilla_s0,1787469508,214962
es_vanilla_s0,1787469518,214962
es_vanilla_s0,1787469528,214962
es_vanilla_s0,1787469538,214962
es_vanilla_s0,1787469548,214962
es_vanilla_s0,1787469558,214962
es_vanilla_s0,1787469568,214962
es_vanilla_s0,1787469579,214962
es_vanilla_s0,1787469589,214962
es_vanilla_s0,1787469599,214962
es_vanilla_s0,1787469609,214962
es_vanilla_s0,1787469619,214962
es_vanilla_s0,1787469629,214962
es_vanilla_s0,1787469639,214962
es_vanilla_s0,1787469649,214962
es_vanilla_s0,1787469659,214962
es_vanilla_s0,1787469669,214962
es_vanilla_s0,1787469680,214962
es_vanilla_s0,1787469690,214962
es_vanilla_s0,1787469700,214962
es_vanilla_s0,1787469710,214962
es_vanilla_s0,1787469720,214962
es_vanilla_s0,1787469730,214962
es_vanilla_s0,1787469740,214962
es_vanilla_s0,1787469750,214962
es_vanilla_s0,1787469760,214962
es_vanilla_s0,1787469770,214962
es_vanilla_s0,1787469780,214962
es_vanilla_s0,1787469791,214962
es_vanilla_s0,1787469801,214962
es_vanilla_s0,1787469811,214962
es_vanilla_s0,1787469821,214962
es_vanilla_s0,1787469831,214962
es_vanilla_s0,1787469841,214962
es_vanilla_s0,1787469851,214962
es_vanilla_s0,1787469861,214962
es_vanilla_s0,1787469871,214962
es_vanilla_s0,1787469881,214962
es_vanilla_s0,1787469892,214962
es_vanilla_s0,1787469902,214962
es_vanilla_s0,1787469912,214962
es_vanilla_s0,1787469922,214962
es_vanilla_s0,1787469932,214962
es_vanilla_s0,1787469942,214962
es_vanilla_s0,1787469952,214962
es_vanilla_s0,1787469962,214962
es_vanilla_s0,1787469972,214962
es_vanilla_s0,1787469982,214962
es_vanilla_s0,1787469993,214962
es_vanilla_s0,1787470003,214962
es_vanilla_s0,1787470013,214962
es_vanilla_s0,1787470023,214962
es_vanilla_s0,1787470033,214962
es_vanilla_s0,1787470043,214962
es_vanilla_s0,1787470053,214962
es_vanilla_s0,1787470063,214962
es_vanilla_s0,1787470073,214962
es_vanilla_s0,1787470083,214962
es_vanilla_s0,1787470094,214962
es_vanilla_s0,1787470104,214962
es_vanilla_s0,1787470114,214962
es_vanilla_s0,1787470124,214962
es_vanilla_s0,1787470134,214962
es_vanilla_s0,1787470144,214962
es_vanilla_s0,1787470154,214962
es_vanilla_s0,1787470164,214962
es_vanilla_s0,1787470174,214962
es_vanilla_s0,1787470184,214962
es_vanilla_s0,1787470194,214962
es_vanilla_s0,1787470205,214962
es_vanilla_s0,1787470215,214962
es_vanilla_s0,1787470225,214962
es_vanilla_s0,1787470235,214962
es_vanilla_s0,1787470245,214962
es_vanilla_s0,1787470255,214962
es_vanilla_s0,1787470265,214962
es_vanilla_s0,1787470275,214962
es_vanilla_s0,1787470285,214962
es_vanilla_s0,1787470295,214962
es_vanilla_s0,1787470306,214962
es_vanilla_s0,1787470316,214962
es_vanilla_s0,1787470326,214962
es_vanilla_s0,1787470336,214962
es_vanilla_s0,1787470346,214962
es_vanilla_s0,1787470356,214962
es_vanilla_s0,1787470366,214962
es_vanilla_s0,1787470376,214962
es_vanilla_s0,1787470386,214962
es_vanilla_s0,1787470396,214962
es_vanilla_s0,1787470407,214962
es_vanilla_s0,1787470417,214962
es_vanilla_s0,1787470427,214962
es_vanilla_s0,1787470437,214962
es_vanilla_s0,1787470447,214962
es_vanilla_s0,1787470457,214962
es_vanilla_s0,1787470467,214962
es_vanilla_s0,1787470477,214962
es_vanilla_s0,1787470487,214962
es_vanilla_s0,1787470497,214962
es_vanilla_s0,1787470507,214962
es_vanilla_s0,1787470518,214962
es_vanilla_s0,1787470528,214962
es_vanilla_s0,1787470538,214962
es_vanilla_s0,1787470548,214962
es_vanilla_s0,1787470558,214962
es_vanilla_s0,1787470568,214962
es_vanilla_s0,1787470578,214962
es_vanilla_s0,1787470588,214962
es_vanilla_s0,1787470598,214962
es_vanilla_s0,1787470608,214962
es_vanilla_s0,1787470619,214962
es_vanilla_s0,1787470629,214962
es_vanilla_s0,1787470639,214962
es_vanilla_s0,1787470649,214962
es_vanilla_s0,1787470659,214962
es_vanilla_s0,1787470669,214962
es_vanilla_s0,1787470679,214962
es_vanilla_s0,1787470689,214962
es_vanilla_s0,1787470699,214962
es_vanilla_s0,1787470709,214962
es_vanilla_s0,1787470720,214962
es_vanilla_s0,1787470730,214962
es_vanilla_s0,1787470740,214962
es_vanilla_s0,1787470750,214962
es_vanilla_s0,1787470760,214962
es_vanilla_s0,1787470770,214962
es_vanilla_s0,1787470780,214962
es_vanilla_s0,1787470790,214962
es_vanilla_s0,1787470800,214962
es_vanilla_s0,1787470810,214962
es_vanilla_s0,1787470821,214962
es_vanilla_s0,1787470831,214962
es_vanilla_s0,1787470841,214962
es_vanilla_s0,1787470851,214962
es_vanilla_s0,1787470861,214962
es_vanilla_s0,1787470871,214962
es_vanilla_s0,1787470881,214962
es_vanilla_s0,1787470891,214962
es_vanilla_s0,1787470901,214962
es_vanilla_s0,1787470911,214962
es_vanilla_s0,1787470922,214962
es_vanilla_s0,1787470932,214962
es_vanilla_s0,1787470942,214962
es_vanilla_s0,1787470952,214962
es_vanilla_s0,1787470962,214962
es_vanilla_s0,1787470972,214962
es_vanilla_s0,1787470982,214962
es_vanilla_s0,1787470992,214962
es_vanilla_s0,1787471002,214962
es_vanilla_s0,1787471012,214962
es_vanilla_s0,1787471023,214962
es_vanilla_s0,1787471033,214962
es_vanilla_s0,1787471043,214962
es_vanilla_s0,1787471053,214962
es_vanilla_s0,1787471063,214962
es_vanilla_s0,1787471073,214962
es_vanilla_s0,1787471083,214962
es_vanilla_s0,1787471093,214962
es_vanilla_s0,1787471103,214962
es_vanilla_s0,1787471113,214962
es_vanilla_s0,1787471123,214962
es_vanilla_s0,1787471134,214962
es_vanilla_s0,1787471144,214962
es_vanilla_s0,1787471154,214962
es_vanilla_s0,1787471164,214962
es_vanilla_s0,1787471174,214962
es_vanilla_s0,1787471184,214962
es_vanilla_s0,1787471194,214962
es_vanilla_s0,1787471204,214962
es_vanilla_s0,1787471214,214962
es_vanilla_s0,1787471224,214962
es_vanilla_s0,1787471235,214962
es_vanilla_s0,1787471245,214962
es_vanilla_s0,1787471255,214962
es_vanilla_s0,1787471265,214962
es_vanilla_s0,1787471275,214962
es_vanilla_s0,1787471285,214962
es_vanilla_s0,1787471295,214962
es_vanilla_s0,1787471305,214962
es_vanilla_s0,1787471315,214962
es_vanilla_s0,1787471325,214962
es_vanilla_s0,1787471336,214962
es_vanilla_s0,1787471346,214962
es_vanilla_s0,1787471356,214962
es_vanilla_s0,1787471366,214962
es_vanilla_s0,1787471376,214962
es_vanilla_s0,1787471386,214962
es_vanilla_s0,1787471396,214962
es_vanilla_s0,1787471406,214962
es_vanilla_s0,1787471416,214962
es_vanilla_s0,1787471426,214962
es_vanilla_s0,1787471437,214962
es_vanilla_s0,1787471447,214962
es_vanilla_s0,1787471457,214962
es_vanilla_s0,1787471467,214962
es_vanilla_s0,1787471477,214962
es_vanilla_s0,1787471487,214962
es_vanilla_s0,1787471497,214962
es_vanilla_s0,1787471507,214962
es_vanilla_s0,1787471517,214962
es_vanilla_s0,1787471527,214962
es_vanilla_s0,1787471538,214962
es_vanilla_s0,1787471548,214962
es_vanilla_s0,1787471558,214962
es_vanilla_s0,1787471568,214962
es_vanilla_s0,1787471578,214962
es_vanilla_s0,1787471588,214962
es_vanilla_s0,1787471598,214962
es_vanilla_s0,1787471608,214962
es_vanilla_s0,1787471618,214962
es_vanilla_s0,1787471628,214962
es_vanilla_s0,1787471638,214962
es_vanilla_s0,1787471649,214962
es_vanilla_s0,1787471659,214962
es_vanilla_s0,1787471669,214962
es_vanilla_s0,1787471679,214962
es_vanilla_s0,1787471689,214962
es_vanilla_s0,1787471699,214962
es_vanilla_s0,1787471709,214962
es_vanilla_s0,1787471719,214962
es_vanilla_s0,1787471729,214962
es_vanilla_s0,1787471739,214962
es_vanilla_s0,1787471750,214962
es_vanilla_s0,1787471760,214962
es_vanilla_s0,1787471770,214962
es_vanilla_s0,1787471780,214962
es_vanilla_s0,1787471790,214962
es_vanilla_s0,1787471800,214962
es_vanilla_s0,1787471810,214962
es_vanilla_s0,1787471820,214962
es_vanilla_s0,1787471830,214962
es_vanilla_s0,1787471840,214962
es_vanilla_s0,1787471851,214962
es_vanilla_s0,1787471861,214962
es_vanilla_s0,1787471871,214962
es_vanilla_s0,1787471881,214962
es_vanilla_s0,1787471891,214962
es_vanilla_s0,1787471901,214962
es_vanilla_s0,1787471911,214962
es_vanilla_s0,1787471921,214962
es_vanilla_s0,1787471931,214962
es_vanilla_s0,1787471941,214962
es_vanilla_s0,1787471952,214962
es_vanilla_s0,1787471962,214962
es_vanilla_s0,1787471972,214962
es_vanilla_s0,1787471982,214962
es_vanilla_s0,1787471992,214962
es_vanilla_s0,1787472002,214962
es_vanilla_s0,1787472012,214962
es_vanilla_s0,1787472022,214962
es_vanilla_s0,1787472032,214962
es_vanilla_s0,1787472042,214962
es_vanilla_s0,1787472052,214962
es_vanilla_s0,1787472063,214962
es_vanilla_s0,1787472073,214962
es_vanilla_s0,1787472083,214962
es_vanilla_s0,1787472093,214962
es_vanilla_s0,1787472103,214962
es_vanilla_s0,1787472113,214962
es_vanilla_s0,1787472123,214962
es_vanilla_s0,1787472133,214962
es_vanilla_s0,1787472143,214962
es_vanilla_s0,1787472153,214962
es_vanilla_s0,1787472164,214962
es_vanilla_s0,1787472174,214962
es_vanilla_s0,1787472184,214962
es_vanilla_s0,1787472194,214962
es_vanilla_s0,1787472204,214962
es_vanilla_s0,1787472214,214962
es_vanilla_s0,1787472224,214962
es_vanilla_s0,1787472234,214962
es_vanilla_s0,1787472244,214962
es_vanilla_s0,1787472254,214962
es_vanilla_s0,1787472265,214962
es_vanilla_s0,1787472275,214962
es_vanilla_s0,1787472285,214962
es_vanilla_s0,1787472295,214962
es_vanilla_s0,1787472305,214962
es_vanilla_s0,1787472315,214962
es_vanilla_s0,1787472325,214962
es_vanilla_s0,1787472335,214962
es_vanilla_s0,1787472345,214962
es_vanilla_s0,1787472355,214962
es_vanilla_s0,1787472366,214962
es_vanilla_s0,1787472376,214962
es_vanilla_s0,1787472386,214962
es_vanilla_s0,1787472396,214962
es_vanilla_s0,1787472406,214962
es_vanilla_s0,1787472416,214962
es_vanilla_s0,1787472426,214962
es_vanilla_s0,1787472436,214962
es_vanilla_s0,1787472446,214962
es_vanilla_s0,1787472456,214962
es_vanilla_s0,1787472466,214962
es_vanilla_s0,1787472477,214962
es_vanilla_s0,1787472487,214962
es_vanilla_s0,1787472497,214962
es_vanilla_s0,1787472507,214962
es_vanilla_s0,1787472517,214962
es_vanilla_s0,1787472527,214962
es_vanilla_s0,1787472537,214962
es_vanilla_s0,1787472547,214962
es_vanilla_s0,1787472557,214962
es_vanilla_s0,1787472567,214962
es_vanilla_s0,1787472578,214962
es_vanilla_s0,1787472588,214962
es_vanilla_s0,1787472598,214962
es_vanilla_s0,1787472608,214962
es_vanilla_s0,1787472618,214962
es_vanilla_s0,1787472628,214962
es_vanilla_s0,1787472638,214962
es_vanilla_s0,1787472648,214962
es_vanilla_s0,1787472658,214962
es_vanilla_s0,1787472668,214962
es_vanilla_s0,1787472679,214962
es_vanilla_s0,1787472689,214962
es_vanilla_s0,1787472699,214962
es_vanilla_s0,1787472709,214962
es_vanilla_s0,1787472719,214962
es_vanilla_s0,1787472729,214962
es_vanilla_s0,1787472739,214962
es_vanilla_s0,1787472749,214962
es_vanilla_s0,1787472759,214962
es_vanilla_s0,1787472769,214962
es_vanilla_s0,1787472780,214962
es_vanilla_s0,1787472790,214962
es_vanilla_s0,1787472800,214962
es_vanilla_s0,1787472810,214962
es_vanilla_s0,1787472820,214962
es_vanilla_s0,1787472830,214962
es_vanilla_s0,1787472840,214962
es_vanilla_s0,1787472850,214962
es_vanilla_s0,1787472860,214962
es_vanilla_s0,1787472870,214962
es_vanilla_s0,1787472881,214962
es_vanilla_s0,1787472891,214962
es_vanilla_s0,1787472901,214962
es_vanilla_s0,1787472911,214962
es_vanilla_s0,1787472921,214962
es_vanilla_s0,1787472931,214962
es_vanilla_s0,1787472941,214962
es_vanilla_s0,1787472951,214962
es_vanilla_s0,1787472961,214962
es_vanilla_s0,1787472971,214962
es_vanilla_s0,1787472982,214962
es_vanilla_s0,1787472992,214962
es_vanilla_s0,1787473002,214962
es_vanilla_s0,1787473012,214962
es_vanilla_s0,1787473022,214962
es_vanilla_s0,1787473032,214962
es_vanilla_s0,1787473042,214962
es_vanilla_s0,1787473052,214962
es_vanilla_s0,1787473062,214962
es_vanilla_s0,1787473072,214962
es_vanilla_s0,1787473082,214962
es_vanilla_s0,1787473093,214962
es_vanilla_s0,1787473103,214962
es_vanilla_s0,1787473113,214962
es_vanilla_s0,1787473123,214962
es_vanilla_s0,1787473133,214962
es_vanilla_s0,1787473143,214962
es_vanilla_s0,1787473153,214962
es_vanilla_s0,1787473163,214962
es_vanilla_s0,1787473173,214962
es_vanilla_s0,1787473183,214962
es_vanilla_s0,1787473194,214962
es_vanilla_s0,1787473204,214962
es_vanilla_s0,1787473214,214962
es_vanilla_s0,1787473224,214962
es_vanilla_s0,1787473234,214962
es_vanilla_s0,1787473244,214962
es_vanilla_s0,1787473254,214962
es_vanilla_s0,1787473264,214962
es_vanilla_s0,1787473274,214962
es_vanilla_s0,1787473284,214962
es_vanilla_s0,1787473295,214962
es_vanilla_s0,1787473305,214962
es_vanilla_s0,1787473315,214962
es_vanilla_s0,1787473325,214962
es_vanilla_s0,1787473335,214962
es_vanilla_s0,1787473345,214962
es_vanilla_s0,1787473355,214962
es_vanilla_s0,1787473365,214962
es_vanilla_s0,1787473375,214962
es_vanilla_s0,1787473385,214962
es_vanilla_s0,1787473396,214962
es_vanilla_s0,1787473406,214962
es_vanilla_s0,1787473416,214962
es_vanilla_s0,1787473426,214962
es_vanilla_s0,1787473436,214962
es_vanilla_s0,1787473446,214962
es_vanilla_s0,1787473456,214962
es_vanilla_s0,1787473466,214962
es_vanilla_s0,1787473476,214962
es_vanilla_s0,1787473486,214962
es_vanilla_s0,1787473496,214962
es_vanilla_s0,1787473507,214962
es_vanilla_s0,1787473517,214962
es_vanilla_s0,1787473527,214962
es_vanilla_s0,1787473537,214962
es_vanilla_s0,1787473547,214962
es_vanilla_s0,1787473557,214962
es_vanilla_s0,1787473567,214962
es_vanilla_s0,1787473577,214962
es_vanilla_s0,1787473587,214962
es_vanilla_s0,1787473597,214962
es_vanilla_s0,1787473608,214962
es_vanilla_s0,1787473618,214962
es_vanilla_s0,1787473628,214962
es_vanilla_s0,1787473638,214962
es_vanilla_s0,1787473648,214962
es_vanilla_s0,1787473658,214962
es_vanilla_s0,1787473668,214962
es_vanilla_s0,1787473678,214962
es_vanilla_s0,1787473688,214962
es_vanilla_s0,1787473698,214962
es_vanilla_s0,1787473709,214962
es_vanilla_s0,1787473719,214962
es_vanilla_s0,1787473729,214962
es_vanilla_s0,1787473739,214962
es_vanilla_s0,1787473749,214962
es_vanilla_s0,1787473759,214962
es_vanilla_s0,1787473769,214962
es_vanilla_s0,1787473779,214962
es_vanilla_s0,1787473789,214962
es_vanilla_s0,1787473799,214962
es_vanilla_s0,1787473809,214962
es_vanilla_s0,1787473820,214962
es_vanilla_s0,1787473830,214962
es_vanilla_s0,1787473840,214962
es_vanilla_s0,1787473850,214962
es_vanilla_s0,1787473860,214962
es_vanilla_s0,1787473870,214962
es_vanilla_s0,1787473880,214962
es_vanilla_s0,1787473890,214962
es_vanilla_s0,1787473900,214962
es_vanilla_s0,1787473910,214962
es_vanilla_s0,1787473921,214962
es_vanilla_s0,1787473931,214962
es_vanilla_s0,1787473941,214962
es_vanilla_s0,1787473951,214962
es_vanilla_s0,1787473961,214962
es_vanilla_s0,1787473971,214962
es_vanilla_s0,1787473981,214962
es_vanilla_s0,1787473991,214962
es_vanilla_s0,1787474001,214962
es_vanilla_s0,1787474011,214962
es_vanilla_s0,1787474022,214962
es_vanilla_s0,1787474032,214962
es_vanilla_s0,1787474042,214962
es_vanilla_s0,1787474052,214962
es_vanilla_s0,1787474062,214962
es_vanilla_s0,1787474072,214962
es_vanilla_s0,1787474082,214962
es_vanilla_s0,1787474092,214962
es_vanilla_s0,1787474102,214962
es_vanilla_s0,1787474112,214962
es_vanilla_s0,1787474122,214962
es_vanilla_s0,1787474133,214962
es_vanilla_s0,1787474143,214962
es_vanilla_s0,1787474153,214962
es_vanilla_s0,1787474163,214962
es_vanilla_s0,1787474173,214962
es_vanilla_s0,1787474183,214962
es_vanilla_s0,1787474193,214962
es_vanilla_s0,1787474203,214962
es_vanilla_s0,1787474213,214962
es_vanilla_s0,1787474223,214962
es_vanilla_s0,1787474234,214962
es_vanilla_s0,1787474244,214962
es_vanilla_s0,1787474254,214962
es_vanilla_s0,1787474264,214962
es_vanilla_s0,1787474274,214962
es_vanilla_s0,1787474284,214962
es_vanilla_s0,1787474294,214962
es_vanilla_s0,1787474304,214962
es_vanilla_s0,1787474314,214962
es_vanilla_s0,1787474324,214962
es_vanilla_s0,1787474335,214962
es_vanilla_s0,1787474345,214962
es_vanilla_s0,1787474355,214962
es_vanilla_s0,1787474365,214962
es_vanilla_s0,1787474375,214962
es_vanilla_s0,1787474385,214962
es_vanilla_s0,1787474395,214962
es_vanilla_s0,1787474405,214962
es_vanilla_s0,1787474415,214962
es_vanilla_s0,1787474425,214962
es_vanilla_s0,1787474435,214962
es_vanilla_s0,1787474446,214962
es_vanilla_s0,1787474456,214962
es_vanilla_s0,1787474466,214962
es_vanilla_s0,1787474476,214962
es_vanilla_s0,1787474486,214962
es_vanilla_s0,1787474496,214962
es_vanilla_s0,1787474506,214962
es_vanilla_s0,1787474516,214962
es_vanilla_s0,1787474526,214962
es_vanilla_s0,1787474536,214962
es_vanilla_s0,1787474547,214962
es_vanilla_s0,1787474557,214962
es_vanilla_s0,1787474567,214962
es_vanilla_s0,1787474577,214962
es_vanilla_s0,1787474587,214962
es_vanilla_s0,1787474597,214962
es_vanilla_s0,1787474607,214962
es_vanilla_s0,1787474617,214962
es_vanilla_s0,1787474627,214962
es_vanilla_s0,1787474637,214962
es_vanilla_s0,1787474648,214962
es_vanilla_s0,1787474658,214962
es_vanilla_s0,1787474668,214962
es_vanilla_s0,1787474678,214962
es_vanilla_s0,1787474688,214962
es_vanilla_s0,1787474698,214962
es_vanilla_s0,1787474708,214962
es_vanilla_s0,1787474718,214962
es_vanilla_s0,1787474728,214962
es_vanilla_s0,1787474738,214962
es_vanilla_s0,1787474748,214962
es_vanilla_s0,1787474759,214962
es_vanilla_s0,1787474769,214962
es_vanilla_s0,1787474779,214962
es_vanilla_s0,1787474789,214962
es_vanilla_s0,1787474799,214962
es_vanilla_s0,1787474809,214962
es_vanilla_s0,1787474819,214962
es_vanilla_s0,1787474829,214962
es_vanilla_s0,1787474839,214962
es_vanilla_s0,1787474849,214962
es_vanilla_s0,1787474860,214962
es_vanilla_s0,1787474870,214962
es_vanilla_s0,1787474880,214962
es_vanilla_s0,1787474890,214962
es_vanilla_s0,1787474900,214962
es_vanilla_s0,1787474910,214962
es_vanilla_s0,1787474920,214962
es_vanilla_s0,1787474930,214962
es_vanilla_s0,1787474940,214962
es_vanilla_s0,1787474950,214962
es_vanilla_s0,1787474961,214962
es_vanilla_s0,1787474971,214962
es_vanilla_s0,1787474981,214962
es_vanilla_s0,1787474991,214962
es_vanilla_s0,1787475001,214962
es_vanilla_s0,1787475011,214962
es_vanilla_s0,1787475021,214962
es_vanilla_s0,1787475031,214962
es_vanilla_s0,1787475041,214962
es_vanilla_s0,1787475051,214962
es_vanilla_s0,1787475062,214962
es_vanilla_s0,1787475072,214962
es_vanilla_s0,1787475082,214962
es_vanilla_s0,1787475092,214962
es_vanilla_s0,1787475102,214962
es_vanilla_s0,1787475112,214962
es_vanilla_s0,1787475122,214962
es_vanilla_s0,1787475132,214962
es_vanilla_s0,1787475142,214962
es_vanilla_s0,1787475152,214962
es_vanilla_s0,1787475162,214962
es_vanilla_s0,1787475173,214962
es_vanilla_s0,1787475183,214962
es_vanilla_s0,1787475193,214962
es_vanilla_s0,1787475203,214962
es_vanilla_s0,1787475213,214962
es_vanilla_s0,1787475223,214962
es_vanilla_s0,1787475233,214962
es_vanilla_s0,1787475243,214962
es_vanilla_s0,1787475253,214962
es_vanilla_s0,1787475263,214962
es_vanilla_s0,1787475274,214962
es_vanilla_s0,1787475284,214962
es_vanilla_s0,1787475294,214962
es_vanilla_s0,1787475304,214962
es_vanilla_s0,1787475314,214962
es_vanilla_s0,1787475324,214962
es_vanilla_s0,1787475334,214962
es_vanilla_s0,1787475344,214962
es_vanilla_s0,1787475354,214962
es_vanilla_s0,1787475364,214962
es_vanilla_s0,1787475375,214962
es_vanilla_s0,1787475385,214962
es_vanilla_s0,1787475395,214962
es_vanilla_s0,1787475405,214962
es_vanilla_s0,1787475415,214962
es_vanilla_s0,1787475425,214962
es_vanilla_s0,1787475435,214962
es_vanilla_s0,1787475445,214962
es_vanilla_s0,1787475455,214962
es_vanilla_s0,1787475465,214962
es_vanilla_s0,1787475475,214962
es_vanilla_s0,1787475486,214962
es_vanilla_s0,1787475496,214962
es_vanilla_s0,1787475506,214962
es_vanilla_s0,1787475516,214962
es_vanilla_s0,1787475526,214962
es_vanilla_s0,1787475536,214962
es_vanilla_s0,1787475546,214962
es_vanilla_s0,1787475556,214962
es_vanilla_s0,1787475566,214962
es_vanilla_s0,1787475576,214962
es_vanilla_s0,1787475587,214962
es_vanilla_s0,1787475597,214962
es_vanilla_s0,1787475607,214962
es_vanilla_s0,1787475617,214962
es_vanilla_s0,1787475627,214962
es_vanilla_s0,1787475637,214962
es_vanilla_s0,1787475647,214962
es_vanilla_s0,1787475657,214962
es_vanilla_s0,1787475667,214962
es_vanilla_s0,1787475677,214962
es_vanilla_s0,1787475688,214962
es_vanilla_s0,1787475698,214962
es_vanilla_s0,1787475708,214962
es_vanilla_s0,1787475718,214962
es_vanilla_s0,1787475728,214962
es_vanilla_s0,1787475738,214962
es_vanilla_s0,1787475748,214962
es_vanilla_s0,1787475758,214962
es_vanilla_s0,1787475768,214962
es_vanilla_s0,1787475778,214962
es_vanilla_s0,1787475789,214962
es_vanilla_s0,1787475799,214962
es_vanilla_s0,1787475809,214962
es_vanilla_s0,1787475819,214962
es_vanilla_s0,1787475829,214962
es_vanilla_s0,1787475839,214962
es_vanilla_s0,1787475849,214962
es_vanilla_s0,1787475859,214962
es_vanilla_s0,1787475869,214962
es_vanilla_s0,1787475879,214962
es_vanilla_s0,1787475890,214962
es_vanilla_s0,1787475900,214962
es_vanilla_s0,1787475910,214962
es_vanilla_s0,1787475920,214962
es_vanilla_s0,1787475930,214962
es_vanilla_s0,1787475940,214962
es_vanilla_s0,1787475950,214962
es_vanilla_s0,1787475960,214962
es_vanilla_s0,1787475970,214962
es_vanilla_s0,1787475980,214962
es_vanilla_s0,1787475990,214962
es_vanilla_s0,1787476001,214962
es_vanilla_s0,1787476011,214962
es_vanilla_s0,1787476021,214962
es_vanilla_s0,1787476031,214962
es_vanilla_s0,1787476041,214962
es_vanilla_s0,1787476051,214962
es_vanilla_s0,1787476061,214962
es_vanilla_s0,1787476071,214962
es_vanilla_s0,1787476081,214962
es_vanilla_s0,1787476091,214962
es_vanilla_s0,1787476102,214962
es_vanilla_s0,1787476112,214962
es_vanilla_s0,1787476122,214962
es_vanilla_s0,1787476132,214962
es_vanilla_s0,1787476142,214962
es_vanilla_s0,1787476152,214962
es_vanilla_s0,1787476162,214962
es_vanilla_s0,1787476172,214962
es_vanilla_s0,1787476182,214962
es_vanilla_s0,1787476192,214962
es_vanilla_s0,1787476203,214962
es_vanilla_s0,1787476213,214962
es_vanilla_s0,1787476223,214962
es_vanilla_s0,1787476233,214962
es_vanilla_s0,1787476243,214962
es_vanilla_s0,1787476253,214962
es_vanilla_s0,1787476263,214962
es_vanilla_s0,1787476273,214962
es_vanilla_s0,1787476283,214962
es_vanilla_s0,1787476293,214962
es_vanilla_s0,1787476304,214962
es_vanilla_s0,1787476314,214962
es_vanilla_s0,1787476324,214962
es_vanilla_s0,1787476334,214962
es_vanilla_s0,1787476344,214962
es_vanilla_s0,1787476354,214962
es_vanilla_s0,1787476364,214962
es_vanilla_s0,1787476374,214962
es_vanilla_s0,1787476384,214962
es_vanilla_s0,1787476394,214962
es_vanilla_s0,1787476405,214962
es_vanilla_s0,1787476415,214962
es_vanilla_s0,1787476425,214962
es_vanilla_s0,1787476435,214962
es_vanilla_s0,1787476445,214962
es_vanilla_s0,1787476455,214962
es_vanilla_s0,1787476465,214962
es_vanilla_s0,1787476475,214962
es_vanilla_s0,1787476485,214962
es_vanilla_s0,1787476495,214962
es_vanilla_s0,1787476505,214962
es_vanilla_s0,1787476516,214962
es_vanilla_s0,1787476526,214962
es_vanilla_s0,1787476536,214962
es_vanilla_s0,1787476546,214962
es_vanilla_s0,1787476556,214962
es_vanilla_s0,1787476566,214962
es_vanilla_s0,1787476576,214962
es_vanilla_s0,1787476586,214962
es_vanilla_s0,1787476596,214962
es_vanilla_s0,1787476606,214962
es_vanilla_s0,1787476617,214962
es_vanilla_s0,1787476627,214962
es_vanilla_s0,1787476637,214962
es_vanilla_s0,1787476647,214962
es_vanilla_s0,1787476657,214962
es_vanilla_s0,1787476667,214962
es_vanilla_s0,1787476677,214962
es_vanilla_s0,1787476687,214962
es_vanilla_s0,1787476697,214962
es_vanilla_s0,1787476707,214962
es_vanilla_s0,1787476718,214962
es_vanilla_s0,1787476728,214962
es_vanilla_s0,1787476738,214962
es_vanilla_s0,1787476748,214962
es_vanilla_s0,1787476758,214962
es_vanilla_s0,1787476768,214962
es_vanilla_s0,1787476778,214962
es_vanilla_s0,1787476788,214962
es_vanilla_s0,1787476798,214962
es_vanilla_s0,1787476808,214962
es_vanilla_s0,1787476819,214962
es_vanilla_s0,1787476829,214962
es_vanilla_s0,1787476839,214962
es_vanilla_s0,1787476849,214962
es_vanilla_s0,1787476859,214962
es_vanilla_s0,1787476869,214962
es_vanilla_s0,1787476879,214962
es_vanilla_s0,1787476889,214962
es_vanilla_s0,1787476899,214962
es_vanilla_s0,1787476909,214962
es_vanilla_s0,1787476919,214962
es_vanilla_s0,1787476930,214962
es_vanilla_s0,1787476940,214962
es_vanilla_s0,1787476950,214962
es_vanilla_s0,1787476960,214962
es_vanilla_s0,1787476970,214962
es_vanilla_s0,1787476980,214962
es_vanilla_s0,1787476990,214962
es_vanilla_s0,1787477000,214962
es_vanilla_s0,1787477010,214962
es_vanilla_s0,1787477020,214962
es_vanilla_s0,1787477031,214962
es_vanilla_s0,1787477041,214962
es_vanilla_s0,1787477051,214962
es_vanilla_s0,1787477061,214962
es_vanilla_s0,1787477071,214962
es_vanilla_s0,1787477081,214962
es_vanilla_s0,1787477091,214962
es_vanilla_s0,1787477101,214962
es_vanilla_s0,1787477111,214962
es_vanilla_s0,1787477121,214962
es_vanilla_s0,1787477132,214962
es_vanilla_s0,1787477142,214962
es_vanilla_s0,1787477152,214962
es_vanilla_s0,1787477162,214962
es_vanilla_s0,1787477172,214962
es_vanilla_s0,1787477182,214962
es_vanilla_s0,1787477192,214962
es_vanilla_s0,1787477202,214962
es_vanilla_s0,1787477212,214962
es_vanilla_s0,1787477222,214962
es_vanilla_s0,1787477233,214962
es_vanilla_s0,1787477243,214962
es_vanilla_s0,1787477253,214962
es_vanilla_s0,1787477263,214962
es_vanilla_s0,1787477273,214962
es_vanilla_s0,1787477283,214962
es_vanilla_s0,1787477293,214962
es_vanilla_s0,1787477303,214962
es_vanilla_s0,1787477313,214962
es_vanilla_s0,1787477323,214962
es_vanilla_s0,1787477333,214962
es_vanilla_s0,1787477344,214962
es_vanilla_s0,1787477354,214962
es_vanilla_s0,1787477364,214962
es_vanilla_s0,1787477374,214962
es_vanilla_s0,1787477384,214962
es_vanilla_s0,1787477394,214962
es_vanilla_s0,1787477404,214962
es_vanilla_s0,1787477414,214962
es_vanilla_s0,1787477424,214962
es_vanilla_s0,1787477434,214962
es_vanilla_s0,1787477445,214962
es_vanilla_s0,1787477455,214962
es_vanilla_s0,1787477465,214962
es_vanilla_s0,1787477475,214962
es_vanilla_s0,1787477485,214962
es_vanilla_s0,1787477495,214962
es_vanilla_s0,1787477505,214962
es_vanilla_s0,1787477515,214962
es_vanilla_s0,1787477525,214962
es_vanilla_s0,1787477535,214962
es_vanilla_s0,1787477546,214962
es_vanilla_s0,1787477556,214962
es_vanilla_s0,1787477566,214962
es_vanilla_s0,1787477576,214962
es_vanilla_s0,1787477586,214962
es_vanilla_s0,1787477596,214962
es_vanilla_s0,1787477606,214962
es_vanilla_s0,1787477616,214962
es_vanilla_s0,1787477626,214962
es_vanilla_s0,1787477636,214962
es_vanilla_s0,1787477647,214962
es_vanilla_s0,1787477657,214962
es_vanilla_s0,1787477667,214962
es_vanilla_s0,1787477677,214962
es_vanilla_s0,1787477687,214962
es_vanilla_s0,1787477697,214962
es_vanilla_s0,1787477707,214962
es_vanilla_s0,1787477717,214962
es_vanilla_s0,1787477727,214962
es_vanilla_s0,1787477737,214962
es_vanilla_s0,1787477747,214962
es_vanilla_s0,1787477758,214962
es_vanilla_s0,1787477768,214962
es_vanilla_s0,1787477778,214962
es_vanilla_s0,1787477788,214962
es_vanilla_s0,1787477798,214962
es_vanilla_s0,1787477808,214962
es_vanilla_s0,1787477818,214962
es_vanilla_s0,1787477828,214962
es_vanilla_s0,1787477838,214962
es_vanilla_s0,1787477848,214962
es_vanilla_s0,1787477859,214962
es_vanilla_s0,1787477869,214962
es_vanilla_s0,1787477879,214962
es_vanilla_s0,1787477889,214962
es_vanilla_s0,1787477899,214962
es_vanilla_s0,1787477909,214962
es_vanilla_s0,1787477919,214962
es_vanilla_s0,1787477929,214962
es_vanilla_s0,1787477939,214962
es_vanilla_s0,1787477949,214962
es_vanilla_s0,1787477960,214962
es_vanilla_s0,1787477970,214962
es_vanilla_s0,1787477980,214962
es_vanilla_s0,1787477990,214962
es_vanilla_s0,1787478000,214962
es_vanilla_s0,1787478010,214962
es_vanilla_s0,1787478020,214962
es_vanilla_s0,1787478030,214962
es_vanilla_s0,1787478040,214962
es_vanilla_s0,1787478050,214962
es_vanilla_s0,1787478061,214962
es_vanilla_s0,1787478071,214962
es_vanilla_s0,1787478081,214962
es_vanilla_s0,1787478091,214962
es_vanilla_s0,1787478101,214962
es_vanilla_s0,1787478111,214962
es_vanilla_s0,1787478121,214962
es_vanilla_s0,1787478131,214962
es_vanilla_s0,1787478141,214962
es_vanilla_s0,1787478151,214962
es_vanilla_s0,1787478162,214962
es_vanilla_s0,1787478172,214962
es_vanilla_s0,1787478182,214962
es_vanilla_s0,1787478192,214962
es_vanilla_s0,1787478202,214962
es_vanilla_s0,1787478212,214962
es_vanilla_s0,1787478222,214962
es_vanilla_s0,1787478232,214962
es_vanilla_s0,1787478242,214962
es_vanilla_s0,1787478252,214962
es_vanilla_s0,1787478262,214962
es_vanilla_s0,1787478273,214962
es_vanilla_s0,1787478283,214962
es_vanilla_s0,1787478293,214962
es_vanilla_s0,1787478303,214962
es_vanilla_s0,1787478313,214962
es_vanilla_s0,1787478323,214962
es_vanilla_s0,1787478333,214962
es_vanilla_s0,1787478343,214962
es_vanilla_s0,1787478353,214962
es_vanilla_s0,1787478363,214962
es_vanilla_s0,1787478374,214962
es_vanilla_s0,1787478384,214962
es_vanilla_s0,1787478394,214962
es_vanilla_s0,1787478404,214962
es_vanilla_s0,1787478414,214962
es_vanilla_s0,1787478424,214962
es_vanilla_s0,1787478434,214962
es_vanilla_s0,1787478444,214962
es_vanilla_s0,1787478454,214962
es_vanilla_s0,1787478464,214962
es_vanilla_s0,1787478475,214962
es_vanilla_s0,1787478485,214962
es_vanilla_s0,1787478495,214962
es_vanilla_s0,1787478505,214962
es_vanilla_s0,1787478515,214962
es_vanilla_s0,1787478525,214962
es_vanilla_s0,1787478535,214962
es_vanilla_s0,1787478545,214962
es_vanilla_s0,1787478555,214962
es_vanilla_s0,1787478565,214962
es_vanilla_s0,1787478576,214962
es_vanilla_s0,1787478586,214962
es_vanilla_s0,1787478596,214962
es_vanilla_s0,1787478606,214962
es_vanilla_s0,1787478616,214962
es_vanilla_s0,1787478626,214962
es_vanilla_s0,1787478636,214962
es_vanilla_s0,1787478646,214962
es_vanilla_s0,1787478656,214962
es_vanilla_s0,1787478666,214962
es_vanilla_s0,1787478677,214962
es_vanilla_s0,1787478687,214962
es_vanilla_s0,1787478697,214962
es_vanilla_s0,1787478707,214962
es_vanilla_s0,1787478717,214962
es_vanilla_s0,1787478727,214962
es_vanilla_s0,1787478737,214962
es_vanilla_s0,1787478747,214962
es_vanilla_s0,1787478757,214962
es_vanilla_s0,1787478767,214962
es_vanilla_s0,1787478778,214962
es_vanilla_s0,1787478788,214962
es_vanilla_s0,1787478798,214962
es_vanilla_s0,1787478808,214962
es_vanilla_s0,1787478818,214962
es_vanilla_s0,1787478828,214962
es_vanilla_s0,1787478838,214962
es_vanilla_s0,1787478848,214962
es_vanilla_s0,1787478858,214962
es_vanilla_s0,1787478868,214962
es_vanilla_s0,1787478879,214962
es_vanilla_s0,1787478889,214962
es_vanilla_s0,1787478899,214962
es_vanilla_s0,1787478909,214962
es_vanilla_s0,1787478919,214962
es_vanilla_s0,1787478929,214962
es_vanilla_s0,1787478939,214962
es_vanilla_s0,1787478949,214962
es_vanilla_s0,1787478959,214962
es_vanilla_s0,1787478969,214962
es_vanilla_s0,1787478980,214962
es_vanilla_s0,1787478990,214962
es_vanilla_s0,1787479000,214962
es_vanilla_s0,1787479010,214962
es_vanilla_s0,1787479020,214962
es_vanilla_s0,1787479030,214962
es_vanilla_s0,1787479040,214962
es_vanilla_s0,1787479050,214962
es_vanilla_s0,1787479060,214962
es_vanilla_s0,1787479070,214962
es_vanilla_s0,1787479081,214962
es_vanilla_s0,1787479091,214962
es_vanilla_s0,1787479101,214962
es_vanilla_s0,1787479111,214962
es_vanilla_s0,1787479121,214962
es_vanilla_s0,1787479131,214962
es_vanilla_s0,1787479141,214962
es_vanilla_s0,1787479151,214962
es_vanilla_s0,1787479161,214962
es_vanilla_s0,1787479171,214962
es_vanilla_s0,1787479182,214962
es_vanilla_s0,1787479192,214962
es_vanilla_s0,1787479202,214962
es_vanilla_s0,1787479212,214962
es_vanilla_s0,1787479222,214962
es_vanilla_s0,1787479232,214962
es_vanilla_s0,1787479242,214962
es_vanilla_s0,1787479252,214962
es_vanilla_s0,1787479262,214962
es_vanilla_s0,1787479272,214962
es_vanilla_s0,1787479283,214962
es_vanilla_s0,1787479293,214962
es_vanilla_s0,1787479303,214962
es_vanilla_s0,1787479313,214962
es_vanilla_s0,1787479323,214962
es_vanilla_s0,1787479333,214962
es_vanilla_s0,1787479343,214962
es_vanilla_s0,1787479353,214962
es_vanilla_s0,1787479363,214962
es_vanilla_s0,1787479373,214962
es_vanilla_s0,1787479384,214962
es_vanilla_s0,1787479394,214962
es_vanilla_s0,1787479404,214962
es_vanilla_s0,1787479414,214962
es_vanilla_s0,1787479424,214962
es_vanilla_s0,1787479434,214962
es_vanilla_s0,1787479444,214962
es_vanilla_s0,1787479454,214962
es_vanilla_s0,1787479464,214962
es_vanilla_s0,1787479474,214962
es_vanilla_s0,1787479485,214962
es_vanilla_s0,1787479495,214962
es_vanilla_s0,1787479505,214962
es_vanilla_s0,1787479515,214962
es_vanilla_s0,1787479525,214962
es_vanilla_s0,1787479535,214962
es_vanilla_s0,1787479545,214962
es_vanilla_s0,1787479555,214962
es_vanilla_s0,1787479565,214962
es_vanilla_s0,1787479575,214962
es_vanilla_s0,1787479586,214962
es_vanilla_s0,1787479596,214962
es_vanilla_s0,1787479606,214962
es_vanilla_s0,1787479616,214962
es_vanilla_s0,1787479626,214962
es_vanilla_s0,1787479636,214962
es_vanilla_s0,1787479646,214962
es_vanilla_s0,1787479656,214962
es_vanilla_s0,1787479666,214962
es_vanilla_s0,1787479676,214962
es_vanilla_s0,1787479687,214962
es_vanilla_s0,1787479697,214962
es_vanilla_s0,1787479707,214962
es_vanilla_s0,1787479717,214962
es_vanilla_s0,1787479727,214962
es_vanilla_s0,1787479737,214962
es_vanilla_s0,1787479747,214962
es_vanilla_s0,1787479757,214962
es_vanilla_s0,1787479767,214962
es_vanilla_s0,1787479777,214962
es_vanilla_s0,1787479788,214962
es_vanilla_s0,1787479798,214962
es_vanilla_s0,1787479808,214962
es_vanilla_s0,1787479818,214962
es_vanilla_s0,1787479828,214962
es_vanilla_s0,1787479838,214962
es_vanilla_s0,1787479848,214962
es_vanilla_s0,1787479858,214962
es_vanilla_s0,1787479868,214962
es_vanilla_s0,1787479878,214962
es_vanilla_s0,1787479889,214962
es_vanilla_s0,1787479899,214962
es_vanilla_s0,1787479909,214962
es_vanilla_s0,1787479919,214962
es_vanilla_s0,1787479929,214962
es_vanilla_s0,1787479939,214962
es_vanilla_s0,1787479949,214962
es_vanilla_s0,1787479959,214962
es_vanilla_s0,1787479969,214962
es_vanilla_s0,1787479979,214962
es_vanilla_s0,1787479990,214962
es_vanilla_s0,1787480000,214962
es_vanilla_s0,1787480010,214962
es_vanilla_s0,1787480020,214962
es_vanilla_s0,1787480030,214962
es_vanilla_s0,1787480040,214962
es_vanilla_s0,1787480050,214962
es_vanilla_s0,1787480060,214962
es_vanilla_s0,1787480070,214962
es_vanilla_s0,1787480080,214962
es_vanilla_s0,1787480091,214962
es_vanilla_s0,1787480101,214962
es_vanilla_s0,1787480111,214962
es_vanilla_s0,1787480121,214962
es_vanilla_s0,1787480131,214962
es_vanilla_s0,1787480141,214962
es_vanilla_s0,1787480151,214962
es_vanilla_s0,1787480161,214962
es_vanilla_s0,1787480171,214962
es_vanilla_s0,1787480181,214962
es_vanilla_s0,1787480192,214962
es_vanilla_s0,1787480202,214962
es_vanilla_s0,1787480212,214962
es_vanilla_s0,1787480222,214962
es_vanilla_s0,1787480232,214962
es_vanilla_s0,1787480242,214962
es_vanilla_s0,1787480252,214962
es_vanilla_s0,1787480262,214962
es_vanilla_s0,1787480272,214962
es_vanilla_s0,1787480282,214962
es_vanilla_s0,1787480293,214962
es_vanilla_s0,1787480303,214962
es_vanilla_s0,1787480313,214962
es_vanilla_s0,1787480323,214962
es_vanilla_s0,1787480333,214962
es_vanilla_s0,1787480343,214962
es_vanilla_s0,1787480353,214962
es_vanilla_s0,1787480363,214962
es_vanilla_s0,1787480373,214962
es_vanilla_s0,1787480383,214962
es_vanilla_s0,1787480394,214962
es_vanilla_s0,1787480404,214962
es_vanilla_s0,1787480414,214962
es_vanilla_s0,1787480424,214962
es_vanilla_s0,1787480434,214962
es_vanilla_s0,1787480444,214962
es_vanilla_s0,1787480454,214962
es_vanilla_s0,1787480464,214962
es_vanilla_s0,1787480474,214962
es_vanilla_s0,1787480484,214962
es_vanilla_s0,1787480495,214962
es_vanilla_s0,1787480505,214962
es_vanilla_s0,1787480515,214962
es_vanilla_s0,1787480525,214962
es_vanilla_s0,1787480535,214962
es_vanilla_s0,1787480545,214962
es_vanilla_s0,1787480555,214962
es_vanilla_s0,1787480565,214962
es_vanilla_s0,1787480575,214962
es_vanilla_s0,1787480585,214962
es_vanilla_s0,1787480596,214962
es_vanilla_s0,1787480606,214962
es_vanilla_s0,1787480616,214962
es_vanilla_s0,1787480626,214962
es_vanilla_s0,1787480636,214962
es_vanilla_s0,1787480646,214962
es_vanilla_s0,1787480656,214962
es_vanilla_s0,1787480666,214962
es_vanilla_s0,1787480676,214962
es_vanilla_s0,1787480686,214962
es_vanilla_s0,1787480697,214962
es_vanilla_s0,1787480707,214962
es_vanilla_s0,1787480717,214962
es_vanilla_s0,1787480727,214962
es_vanilla_s0,1787480737,214962
es_vanilla_s0,1787480747,214962
es_vanilla_s0,1787480757,214962
es_vanilla_s0,1787480767,214962
es_vanilla_s0,1787480777,214962
es_vanilla_s0,1787480787,214962
es_vanilla_s0,1787480798,214962
es_vanilla_s0,1787480808,214962
es_vanilla_s0,1787480818,214962
es_vanilla_s0,1787480828,214962
es_vanilla_s0,1787480838,214962
es_vanilla_s0,1787480848,214962
es_vanilla_s0,1787480858,214962
es_vanilla_s0,1787480868,214962
es_vanilla_s0,1787480878,214962
es_vanilla_s0,1787480888,214962
es_vanilla_s0,1787480899,214962
es_vanilla_s0,1787480909,214962
es_vanilla_s0,1787480919,214962
es_vanilla_s0,1787480929,214962
es_vanilla_s0,1787480939,214962
es_vanilla_s0,1787480949,214962
es_vanilla_s0,1787480959,214962
es_vanilla_s0,1787480969,214962
es_vanilla_s0,1787480979,214962
es_vanilla_s0,1787480990,214962
es_vanilla_s0,1787481000,214962
es_vanilla_s0,1787481010,214962
es_vanilla_s0,1787481020,214962
es_vanilla_s0,1787481030,214962
es_vanilla_s0,1787481040,214962
es_vanilla_s0,1787481050,214962
es_vanilla_s0,1787481060,214962
es_vanilla_s0,1787481070,214962
es_vanilla_s0,1787481080,214962
es_vanilla_s0,1787481091,214962
es_vanilla_s0,1787481101,214962
es_vanilla_s0,1787481111,214962
es_vanilla_s0,1787481121,214962
es_vanilla_s0,1787481131,214962
es_vanilla_s0,1787481141,214962
es_vanilla_s0,1787481151,214962
es_vanilla_s0,1787481161,214962
es_vanilla_s0,1787481171,214962
es_vanilla_s0,1787481181,214962
es_vanilla_s0,1787481192,214962
es_vanilla_s0,1787481202,214962
es_vanilla_s0,1787481212,214962
es_vanilla_s0,1787481222,214962
es_vanilla_s0,1787481232,214962
es_vanilla_s0,1787481242,214962
es_vanilla_s0,1787481252,214962
es_vanilla_s0,1787481262,214962
es_vanilla_s0,1787481272,214962
es_vanilla_s0,1787481282,214962
es_vanilla_s0,1787481293,214962
es_vanilla_s0,1787481303,214962
es_vanilla_s0,1787481313,214962
es_vanilla_s0,1787481323,214962
es_vanilla_s0,1787481333,214962
es_vanilla_s0,1787481343,214962
es_vanilla_s0,1787481353,214962
es_vanilla_s0,1787481363,214962
es_vanilla_s0,1787481373,214962
es_vanilla_s0,1787481384,214962
es_vanilla_s0,1787481394,214962
es_vanilla_s0,1787481404,214962
es_vanilla_s0,1787481414,214962
es_vanilla_s0,1787481424,214962
es_vanilla_s0,1787481434,214962
es_vanilla_s0,1787481444,214962
es_vanilla_s0,1787481454,214962
es_vanilla_s0,1787481464,214962
es_vanilla_s0,1787481474,214962
es_vanilla_s0,1787481484,214962
es_vanilla_s0,1787481495,214962
es_vanilla_s0,1787481505,214962
es_vanilla_s0,1787481515,214962
es_vanilla_s0,1787481525,214962
es_vanilla_s0,1787481535,214962
es_vanilla_s0,1787481545,214962
es_vanilla_s0,1787481555,214962
es_vanilla_s0,1787481565,214962
es_vanilla_s0,1787481575,214962
es_vanilla_s0,1787481586,214962
es_vanilla_s0,1787481596,214962
es_vanilla_s0,1787481606,214962
es_vanilla_s0,1787481616,214962
es_vanilla_s0,1787481626,214962
es_vanilla_s0,1787481636,214962
es_vanilla_s0,1787481646,214962
es_vanilla_s0,1787481656,214962
es_vanilla_s0,1787481666,214962
es_vanilla_s0,1787481676,214962
es_vanilla_s0,1787481687,214962
es_vanilla_s0,1787481697,214962
es_vanilla_s0,1787481707,214962
es_vanilla_s0,1787481717,214962
es_vanilla_s0,1787481727,214962
es_vanilla_s0,1787481737,214962
es_vanilla_s0,1787481747,214962
es_vanilla_s0,1787481757,214962
es_vanilla_s0,1787481767,214962
es_vanilla_s0,1787481777,214962
es_vanilla_s0,1787481788,214962
es_vanilla_s0,1787481798,214962
es_vanilla_s0,1787481808,214962
es_vanilla_s0,1787481818,214962
es_vanilla_s0,1787481828,214962
es_vanilla_s0,1787481838,214962
es_vanilla_s0,1787481848,214962
es_vanilla_s0,1787481858,214962
es_vanilla_s0,1787481868,214962
es_vanilla_s0,1787481878,214962
es_vanilla_s0,1787481889,214962
es_vanilla_s0,1787481899,214962
es_vanilla_s0,1787481909,214962
es_vanilla_s0,1787481919,214962
es_vanilla_s0,1787481929,214962
es_vanilla_s0,1787481939,214962
es_vanilla_s0,1787481949,214962
es_vanilla_s0,1787481959,214962
es_vanilla_s0,1787481969,214962
es_vanilla_s0,1787481979,214962
es_vanilla_s0,1787481990,214962
es_vanilla_s0,1787482000,214962
es_vanilla_s0,1787482010,214962
es_vanilla_s0,1787482020,214962
es_vanilla_s0,1787482030,214962
es_vanilla_s0,1787482040,214962
es_vanilla_s0,1787482050,214962
es_vanilla_s0,1787482060,214962
es_vanilla_s0,1787482070,214962
es_vanilla_s0,1787482080,214962
es_vanilla_s0,1787482091,214962
es_vanilla_s0,1787482101,214962
es_vanilla_s0,1787482111,214962
es_vanilla_s0,1787482121,214962
es_vanilla_s0,1787482131,214962
es_vanilla_s0,1787482141,214962
es_vanilla_s0,1787482151,214962
es_vanilla_s0,1787482161,214962
es_vanilla_s0,1787482171,214962
es_vanilla_s0,1787482181,214962
es_vanilla_s0,1787482192,214962
es_vanilla_s0,1787482202,214962
es_vanilla_s0,1787482212,214962
es_vanilla_s0,1787482222,214962
es_vanilla_s0,1787482232,214962
es_vanilla_s0,1787482242,214962
es_vanilla_s0,1787482252,214962
es_vanilla_s0,1787482262,214962
es_vanilla_s0,1787482272,214962
es_vanilla_s0,1787482282,214962
es_vanilla_s0,1787482293,214962
es_vanilla_s0,1787482303,214962
es_vanilla_s0,1787482313,214962
es_vanilla_s0,1787482323,214962
es_vanilla_s0,1787482333,214962
es_vanilla_s0,1787482343,214962
es_vanilla_s0,1787482353,214962
es_vanilla_s0,1787482363,214962
es_vanilla_s0,1787482373,214962
es_vanilla_s0,1787482383,214962
es_vanilla_s0,1787482394,214962
es_vanilla_s0,1787482404,214962
es_vanilla_s0,1787482414,214962
es_vanilla_s0,1787482424,214962
es_vanilla_s0,1787482434,214962
es_vanilla_s0,1787482444,214962
es_vanilla_s0,1787482454,214962
es_vanilla_s0,1787482464,214962
es_vanilla_s0,1787482474,214962
es_vanilla_s0,1787482484,214962
es_vanilla_s0,1787482495,214962
es_vanilla_s0,1787482505,214962
es_vanilla_s0,1787482515,214962
es_vanilla_s0,1787482525,214962
es_vanilla_s0,1787482535,214962
es_vanilla_s0,1787482545,214962
es_vanilla_s0,1787482555,214962
es_vanilla_s0,1787482565,214962
es_vanilla_s0,1787482575,214962
es_vanilla_s0,1787482585,214962
es_vanilla_s0,1787482596,214962
es_vanilla_s0,1787482606,214962
es_vanilla_s0,1787482616,214962
es_vanilla_s0,1787482626,214962
es_vanilla_s0,1787482636,214962
es_vanilla_s0,1787482646,214962
es_vanilla_s0,1787482656,214962
es_vanilla_s0,1787482666,214962
es_vanilla_s0,1787482676,214962
es_vanilla_s0,1787482687,214962
es_vanilla_s0,1787482697,214962
es_vanilla_s0,1787482707,214962
es_vanilla_s0,1787482717,214962
es_vanilla_s0,1787482727,214962
es_vanilla_s0,1787482737,214962
es_vanilla_s0,1787482747,214962
es_vanilla_s0,1787482757,214962
es_vanilla_s0,1787482767,214962
es_vanilla_s0,1787482777,214962
es_vanilla_s0,1787482788,214962
es_vanilla_s0,1787482798,214962
es_vanilla_s0,1787482808,214962
es_vanilla_s0,1787482818,214962
es_vanilla_s0,1787482828,214962
es_vanilla_s0,1787482838,214962
es_vanilla_s0,1787482848,214962
es_vanilla_s0,1787482858,214962
es_vanilla_s0,1787482868,214962
es_vanilla_s0,1787482878,214962
es_vanilla_s0,1787482889,214962
es_vanilla_s0,1787482899,214962
es_vanilla_s0,1787482909,214962
es_vanilla_s0,1787482919,214962
es_vanilla_s0,1787482929,214962
es_vanilla_s0,1787482939,214962
es_vanilla_s0,1787482949,214962
es_vanilla_s0,1787482959,214962
es_vanilla_s0,1787482969,214962
es_vanilla_s0,1787482979,214962
es_vanilla_s0,1787482990,214962
es_vanilla_s0,1787483000,214962
es_vanilla_s0,1787483010,214962
es_vanilla_s0,1787483020,214962
es_vanilla_s0,1787483030,214962
es_vanilla_s0,1787483040,214962
es_vanilla_s0,1787483050,214962
es_vanilla_s0,1787483060,214962
es_vanilla_s0,1787483070,214962
es_vanilla_s0,1787483080,214962
es_vanilla_s0,1787483091,214962
es_vanilla_s0,1787483101,214962
es_vanilla_s0,1787483111,214962
es_vanilla_s0,1787483121,214962
es_vanilla_s0,1787483131,214962
es_vanilla_s0,1787483141,214962
es_vanilla_s0,1787483151,214962
es_vanilla_s0,1787483161,214962
es_vanilla_s0,1787483171,214962
es_vanilla_s0,1787483181,214962
es_vanilla_s0,1787483192,214962
es_vanilla_s0,1787483202,214962
es_vanilla_s0,1787483212,214962
es_vanilla_s0,1787483222,214962
es_vanilla_s0,1787483232,214962
es_vanilla_s0,1787483242,214962
es_vanilla_s0,1787483252,214962
es_vanilla_s0,1787483262,214962
es_vanilla_s0,1787483272,214962
es_vanilla_s0,1787483283,214962
es_vanilla_s0,1787483293,214962
es_vanilla_s0,1787483303,214962
es_vanilla_s0,1787483313,214962
es_vanilla_s0,1787483323,214962
es_vanilla_s0,1787483333,214962
es_vanilla_s0,1787483343,214962
es_vanilla_s0,1787483353,214962
es_vanilla_s0,1787483363,214962
es_vanilla_s0,1787483373,214962
es_vanilla_s0,1787483384,214962
es_vanilla_s0,1787483394,214962
es_vanilla_s0,1787483404,214962
es_vanilla_s0,1787483414,214962
es_vanilla_s0,1787483424,214962
es_vanilla_s0,1787483434,214962
es_vanilla_s0,1787483444,214962
es_vanilla_s0,1787483454,214962
es_vanilla_s0,1787483464,214962
es_vanilla_s0,1787483474,214962
es_vanilla_s0,1787483485,214962
es_vanilla_s0,1787483495,214962
es_vanilla_s0,1787483505,214962
es_vanilla_s0,1787483515,214962
es_vanilla_s0,1787483525,214962
es_vanilla_s0,1787483535,214962
es_vanilla_s0,1787483545,214962
es_vanilla_s0,1787483555,214962
es_vanilla_s0,1787483565,214962
es_vanilla_s0,1787483575,214962
es_vanilla_s0,1787483586,214962
es_vanilla_s0,1787483596,214962
es_vanilla_s0,1787483606,214962
es_vanilla_s0,1787483616,214962
es_vanilla_s0,1787483626,214962
es_vanilla_s0,1787483636,214962
es_vanilla_s0,1787483646,214962
es_vanilla_s0,1787483656,214962
es_vanilla_s0,1787483666,214962
es_vanilla_s0,1787483676,214962
es_vanilla_s0,1787483687,214962
es_vanilla_s0,1787483697,214962
es_vanilla_s0,1787483707,214962
es_vanilla_s0,1787483717,214962
es_vanilla_s0,1787483727,214962
es_vanilla_s0,1787483737,214962
es_vanilla_s0,1787483747,214962
es_vanilla_s0,1787483757,214962
es_vanilla_s0,1787483767,214962
es_vanilla_s0,1787483777,214962
es_vanilla_s0,1787483788,214962
es_vanilla_s0,1787483798,214962
es_vanilla_s0,1787483808,214962
es_vanilla_s0,1787483818,214962
es_vanilla_s0,1787483828,214962
es_vanilla_s0,1787483838,214962
es_vanilla_s0,1787483848,214962
es_vanilla_s0,1787483858,214962
es_vanilla_s0,1787483868,214962
es_vanilla_s0,1787483878,214962
es_vanilla_s0,1787483889,214962
es_vanilla_s0,1787483899,214962
es_vanilla_s0,1787483909,214962
es_vanilla_s0,1787483919,214962
es_vanilla_s0,1787483929,214962
es_vanilla_s0,1787483939,214962
es_vanilla_s0,1787483949,214962
es_vanilla_s0,1787483959,214962
es_vanilla_s0,1787483969,214962
es_vanilla_s0,1787483980,214962
es_vanilla_s0,1787483990,214962
es_vanilla_s0,1787484000,214962
es_vanilla_s0,1787484010,214962
es_vanilla_s0,1787484020,214962
es_vanilla_s0,1787484030,214962
es_vanilla_s0,1787484040,214962
es_vanilla_s0,1787484050,214962
es_vanilla_s0,1787484060,214962
es_vanilla_s0,1787484070,214962
es_vanilla_s0,1787484081,214962
es_vanilla_s0,1787484091,214962
es_vanilla_s0,1787484101,214962
es_vanilla_s0,1787484111,214962
es_vanilla_s0,1787484121,214962
es_vanilla_s0,1787484131,214962
es_vanilla_s0,1787484141,214962
es_vanilla_s0,1787484151,214962
es_vanilla_s0,1787484161,214962
es_vanilla_s0,1787484171,214962
es_vanilla_s0,1787484182,214962
es_vanilla_s0,1787484192,214962
es_vanilla_s0,1787484202,214962
es_vanilla_s0,1787484212,214962
es_vanilla_s0,1787484222,214962
es_vanilla_s0,1787484232,214962
es_vanilla_s0,1787484242,214962
es_vanilla_s0,1787484252,214962
es_vanilla_s0,1787484262,214962
es_vanilla_s0,1787484273,214962
es_vanilla_s0,1787484283,214962
es_vanilla_s0,1787484293,214962
es_vanilla_s0,1787484303,214962
es_vanilla_s0,1787484313,214962
es_vanilla_s0,1787484323,214962
es_vanilla_s0,1787484333,214962
es_vanilla_s0,1787484343,214962
es_vanilla_s0,1787484353,214962
es_vanilla_s0,1787484363,214962
es_vanilla_s0,1787484374,214962
es_vanilla_s0,1787484384,214962
es_vanilla_s0,1787484394,214962
es_vanilla_s0,1787484404,214962
es_vanilla_s0,1787484414,214962
es_vanilla_s0,1787484424,214962
es_vanilla_s0,1787484434,214962
es_vanilla_s0,1787484444,214962
es_vanilla_s0,1787484454,214962
es_vanilla_s0,1787484465,214962
es_vanilla_s0,1787484475,214962
es_vanilla_s0,1787484485,214962
es_vanilla_s0,1787484495,214962
es_vanilla_s0,1787484505,214962
es_vanilla_s0,1787484515,214962
es_vanilla_s0,1787484525,214962
es_vanilla_s0,1787484535,214962
es_vanilla_s0,1787484545,214962
es_vanilla_s0,1787484555,214962
es_vanilla_s0,1787484566,214962
es_vanilla_s0,1787484576,214962
es_vanilla_s0,1787484586,214962
es_vanilla_s0,1787484596,214962
es_vanilla_s0,1787484606,214962
es_vanilla_s0,1787484616,214962
es_vanilla_s0,1787484626,214962
es_vanilla_s0,1787484636,214962
es_vanilla_s0,1787484646,214962
es_vanilla_s0,1787484656,214962
es_vanilla_s0,1787484667,214962
es_vanilla_s0,1787484677,214962
es_vanilla_s0,1787484687,214962
es_vanilla_s0,1787484697,214962
es_vanilla_s0,1787484707,214962
es_vanilla_s0,1787484717,214962
es_vanilla_s0,1787484727,214962
es_vanilla_s0,1787484737,214962
es_vanilla_s0,1787484747,214962
es_vanilla_s0,1787484758,214962
es_vanilla_s0,1787484768,214962
es_vanilla_s0,1787484778,214962
es_vanilla_s0,1787484788,214962
es_vanilla_s0,1787484798,214962
es_vanilla_s0,1787484808,214962
es_vanilla_s0,1787484818,214962
es_vanilla_s0,1787484828,214962
es_vanilla_s0,1787484838,214962
es_vanilla_s0,1787484848,214962
es_vanilla_s0,1787484859,214962
es_vanilla_s0,1787484869,214962
es_vanilla_s0,1787484879,214962
es_vanilla_s0,1787484889,214962
es_vanilla_s0,1787484899,214962
es_vanilla_s0,1787484909,214962
es_vanilla_s0,1787484919,214962
es_vanilla_s0,1787484929,214962
es_vanilla_s0,1787484939,214962
es_vanilla_s0,1787484949,214962
es_vanilla_s0,1787484960,214962
es_vanilla_s0,1787484970,214962
es_vanilla_s0,1787484980,214962
es_vanilla_s0,1787484990,214962
es_vanilla_s0,1787485000,214962
es_vanilla_s0,1787485010,214962
es_vanilla_s0,1787485020,214962
es_vanilla_s0,1787485030,214962
es_vanilla_s0,1787485040,214962
es_vanilla_s0,1787485051,214962
es_vanilla_s0,1787485061,214962
es_vanilla_s0,1787485071,214962
es_vanilla_s0,1787485081,214962
es_vanilla_s0,1787485091,214962
es_vanilla_s0,1787485101,214962
es_vanilla_s0,1787485111,214962
es_vanilla_s0,1787485121,214962
es_vanilla_s0,1787485131,214962
es_vanilla_s0,1787485141,214962
es_vanilla_s0,1787485152,214962
es_vanilla_s0,1787485162,214962
es_vanilla_s0,1787485172,214962
es_vanilla_s0,1787485182,214962
es_vanilla_s0,1787485192,214962
es_vanilla_s0,1787485202,214962
es_vanilla_s0,1787485212,214962
es_vanilla_s0,1787485222,214962
es_vanilla_s0,1787485232,214962
es_vanilla_s0,1787485242,214962
es_vanilla_s0,1787485253,214962
es_vanilla_s0,1787485263,214962
es_vanilla_s0,1787485273,214962
es_vanilla_s0,1787485283,214962
es_vanilla_s0,1787485293,214962
es_vanilla_s0,1787485303,214962
es_vanilla_s0,1787485313,214962
es_vanilla_s0,1787485323,214962
es_vanilla_s0,1787485333,214962
es_vanilla_s0,1787485344,214962
es_vanilla_s0,1787485354,214962
es_vanilla_s0,1787485364,214962
es_vanilla_s0,1787485374,214962
es_vanilla_s0,1787485384,214962
es_vanilla_s0,1787485394,214962
es_vanilla_s0,1787485404,214962
es_vanilla_s0,1787485414,214962
es_vanilla_s0,1787485424,214962
es_vanilla_s0,1787485434,214962
es_vanilla_s0,1787485445,214962
es_vanilla_s0,1787485455,214962
es_vanilla_s0,1787485465,214962
es_vanilla_s0,1787485475,214962
es_vanilla_s0,1787485485,214962
es_vanilla_s0,1787485495,214962
es_vanilla_s0,1787485505,214962
es_vanilla_s0,1787485515,214962
es_vanilla_s0,1787485525,214962
es_vanilla_s0,1787485535,214962
es_vanilla_s0,1787485546,214962
es_vanilla_s0,1787485556,214962
es_vanilla_s0,1787485566,214962
es_vanilla_s0,1787485576,214962
es_vanilla_s0,1787485586,214962
es_vanilla_s0,1787485596,214962
es_vanilla_s0,1787485606,214962
es_vanilla_s0,1787485616,214962
es_vanilla_s0,1787485626,214962
es_vanilla_s0,1787485636,214962
es_vanilla_s0,1787485647,214962
es_vanilla_s0,1787485657,214962
es_vanilla_s0,1787485667,214962
es_vanilla_s0,1787485677,214962
es_vanilla_s0,1787485687,214962
es_vanilla_s0,1787485697,214962
es_vanilla_s0,1787485707,214962
es_vanilla_s0,1787485717,214962
es_vanilla_s0,1787485727,214962
es_vanilla_s0,1787485737,214962
es_vanilla_s0,1787485748,214962
es_vanilla_s0,1787485758,214962
es_vanilla_s0,1787485768,214962
es_vanilla_s0,1787485778,214962
es_vanilla_s0,1787485788,214962
es_vanilla_s0,1787485798,214962
es_vanilla_s0,1787485808,214962
es_vanilla_s0,1787485818,214962
es_vanilla_s0,1787485828,214962
es_vanilla_s0,1787485838,214962
es_vanilla_s0,1787485849,214962
es_vanilla_s0,1787485859,214962
es_vanilla_s0,1787485869,214962
es_vanilla_s0,1787485879,214962
es_vanilla_s0,1787485889,214962
es_vanilla_s0,1787485899,214962
es_vanilla_s0,1787485909,214962
es_vanilla_s0,1787485919,214962
es_vanilla_s0,1787485929,214962
es_vanilla_s0,1787485939,214962
es_vanilla_s0,1787485950,214962
es_vanilla_s0,1787485960,214962
es_vanilla_s0,1787485970,214962
es_vanilla_s0,1787485980,214962
es_vanilla_s0,1787485990,214962
es_vanilla_s0,1787486000,214962
es_vanilla_s0,1787486010,214962
es_vanilla_s0,1787486020,214962
es_vanilla_s0,1787486030,214962
es_vanilla_s0,1787486041,214962
es_vanilla_s0,1787486051,214962
es_vanilla_s0,1787486061,214962
es_vanilla_s0,1787486071,214962
es_vanilla_s0,1787486081,214962
es_vanilla_s0,1787486091,214962
es_vanilla_s0,1787486101,214962
es_vanilla_s0,1787486111,214962
es_vanilla_s0,1787486121,214962
es_vanilla_s0,1787486131,214962
es_vanilla_s0,1787486142,214962
es_vanilla_s0,1787486152,214962
es_vanilla_s0,1787486162,214962
es_vanilla_s0,1787486172,214962
es_vanilla_s0,1787486182,214962
es_vanilla_s0,1787486192,214962
es_vanilla_s0,1787486202,214962
es_vanilla_s0,1787486212,214962
es_vanilla_s0,1787486222,214962
es_vanilla_s0,1787486232,214962
es_vanilla_s0,1787486243,214962
es_vanilla_s0,1787486253,214962
es_vanilla_s0,1787486263,214962
es_vanilla_s0,1787486273,214962
es_vanilla_s0,1787486283,214962
es_vanilla_s0,1787486293,214962
es_vanilla_s0,1787486303,214962
es_vanilla_s0,1787486313,214962
es_vanilla_s0,1787486323,214962
es_vanilla_s0,1787486333,214962
es_vanilla_s0,1787486344,214962
es_vanilla_s0,1787486354,214962
es_vanilla_s0,1787486364,214962
es_vanilla_s0,1787486374,214962
es_vanilla_s0,1787486384,214962
es_vanilla_s0,1787486394,214962
es_vanilla_s0,1787486404,214962
es_vanilla_s0,1787486414,214962
es_vanilla_s0,1787486424,214962
es_vanilla_s0,1787486435,214962
es_vanilla_s0,1787486445,214962
es_vanilla_s0,1787486455,214962
es_vanilla_s0,1787486465,214962
es_vanilla_s0,1787486475,214962
es_vanilla_s0,1787486485,214962
es_vanilla_s0,1787486495,214962
es_vanilla_s0,1787486505,214962
es_vanilla_s0,1787486515,214962
es_vanilla_s0,1787486525,214962
es_vanilla_s0,1787486536,214962
es_vanilla_s0,1787486546,214962
es_vanilla_s0,1787486556,214962
es_vanilla_s0,1787486566,214962
es_vanilla_s0,1787486576,214962
es_vanilla_s0,1787486586,214962
es_vanilla_s0,1787486596,214962
es_vanilla_s0,1787486606,214962
es_vanilla_s0,1787486616,214962
es_vanilla_s0,1787486626,214962
es_vanilla_s0,1787486637,214962
es_vanilla_s0,1787486647,214962
es_vanilla_s0,1787486657,214962
es_vanilla_s0,1787486667,214962
es_vanilla_s0,1787486677,214962
es_vanilla_s0,1787486687,214962
es_vanilla_s0,1787486697,214962
es_vanilla_s0,1787486707,214962
es_vanilla_s0,1787486717,214962
es_vanilla_s0,1787486727,214962
es_vanilla_s0,1787486738,214962
es_vanilla_s0,1787486748,214962
es_vanilla_s0,1787486758,214962
es_vanilla_s0,1787486768,214962
es_vanilla_s0,1787486778,214962
es_vanilla_s0,1787486788,214962
es_vanilla_s0,1787486798,214962
es_vanilla_s0,1787486808,214962
es_vanilla_s0,1787486818,214962
es_vanilla_s0,1787486828,214962
es_vanilla_s0,1787486839,214962
es_vanilla_s0,1787486849,214962
es_vanilla_s0,1787486859,214962
es_vanilla_s0,1787486869,214962
es_vanilla_s0,1787486879,214962
es_vanilla_s0,1787486889,214962
es_vanilla_s0,1787486899,214962
es_vanilla_s0,1787486909,214962
es_vanilla_s0,1787486919,214962
es_vanilla_s0,1787486929,214962
es_vanilla_s0,1787486940,214962
es_vanilla_s0,1787486950,214962
es_vanilla_s0,1787486960,214962
es_vanilla_s0,1787486970,214962
es_vanilla_s0,1787486980,214962
es_vanilla_s0,1787486990,214962
es_vanilla_s0,1787487000,214962
es_vanilla_s0,1787487010,214962
es_vanilla_s0,1787487020,214962
es_vanilla_s0,1787487031,214962
es_vanilla_s0,1787487041,214962
es_vanilla_s0,1787487051,214962
es_vanilla_s0,1787487061,214962
es_vanilla_s0,1787487071,214962
es_vanilla_s0,1787487081,214962
es_vanilla_s0,1787487091,214962
es_vanilla_s0,1787487101,214962
es_vanilla_s0,1787487111,214962
es_vanilla_s0,1787487121,214962
es_vanilla_s0,1787487132,214962
es_vanilla_s0,1787487142,214962
es_vanilla_s0,1787487152,214962
es_vanilla_s0,1787487162,214962
es_vanilla_s0,1787487172,214962
es_vanilla_s0,1787487182,214962
es_vanilla_s0,1787487192,214962
es_vanilla_s0,1787487202,214962
es_vanilla_s0,1787487212,214962
es_vanilla_s0,1787487222,214962
es_vanilla_s0,1787487233,214962
es_vanilla_s0,1787487243,214962
es_vanilla_s0,1787487253,214962
es_vanilla_s0,1787487263,214962
es_vanilla_s0,1787487273,214962
es_vanilla_s0,1787487283,214962
es_vanilla_s0,1787487293,214962
es_vanilla_s0,1787487303,214962
es_vanilla_s0,1787487313,214962
es_vanilla_s0,1787487324,214962
es_vanilla_s0,1787487334,214962
es_vanilla_s0,1787487344,214962
es_vanilla_s0,1787487354,214962
es_vanilla_s0,1787487364,214962
es_vanilla_s0,1787487374,214962
es_vanilla_s0,1787487384,214962
es_vanilla_s0,1787487394,214962
es_vanilla_s0,1787487404,214962
es_vanilla_s0,1787487414,214962
es_vanilla_s0,1787487425,214962
es_vanilla_s0,1787487435,214962
es_vanilla_s0,1787487445,214962
es_vanilla_s0,1787487455,214962
es_vanilla_s0,1787487465,214962
es_vanilla_s0,1787487475,214962
es_vanilla_s0,1787487485,214962
es_vanilla_s0,1787487495,214962
es_vanilla_s0,1787487505,214962
es_vanilla_s0,1787487515,214962
es_vanilla_s0,1787487526,214962
es_vanilla_s0,1787487536,214962
es_vanilla_s0,1787487546,214962
es_vanilla_s0,1787487556,214962
es_vanilla_s0,1787487566,214962
es_vanilla_s0,1787487576,214962
es_vanilla_s0,1787487586,214962
es_vanilla_s0,1787487596,214962
es_vanilla_s0,1787487606,214962
es_vanilla_s0,1787487617,214962
es_vanilla_s0,1787487627,214962
es_vanilla_s0,1787487637,214962
es_vanilla_s0,1787487647,214962
es_vanilla_s0,1787487657,214962
es_vanilla_s0,1787487667,214962
es_vanilla_s0,1787487677,214962
es_vanilla_s0,1787487687,214962
es_vanilla_s0,1787487697,214962
es_vanilla_s0,1787487707,214962
es_vanilla_s0,1787487718,214962
es_vanilla_s0,1787487728,214962
es_vanilla_s0,1787487738,214962
es_vanilla_s0,1787487748,214962
es_vanilla_s0,1787487758,214962
es_vanilla_s0,1787487768,214962
es_vanilla_s0,1787487778,214962
es_vanilla_s0,1787487788,214962
es_vanilla_s0,1787487798,214962
es_vanilla_s0,1787487808,214962
es_vanilla_s0,1787487819,214962
es_vanilla_s0,1787487829,214962
es_vanilla_s0,1787487839,214962
es_vanilla_s0,1787487849,214962
es_vanilla_s0,1787487859,214962
es_vanilla_s0,1787487869,214962
es_vanilla_s0,1787487879,214962
es_vanilla_s0,1787487889,214962
es_vanilla_s0,1787487899,214962
es_vanilla_s0,1787487909,214962
es_vanilla_s0,1787487920,214962
es_vanilla_s0,1787487930,214962
es_vanilla_s0,1787487940,214962
es_vanilla_s0,1787487950,214962
es_vanilla_s0,1787487960,214962
es_vanilla_s0,1787487970,214962
es_vanilla_s0,1787487980,214962
es_vanilla_s0,1787487990,214962
es_vanilla_s0,1787488000,214962
es_vanilla_s0,1787488011,214962
es_vanilla_s0,1787488021,214962
es_vanilla_s0,1787488031,214962
es_vanilla_s0,1787488041,214962
es_vanilla_s0,1787488051,214962
es_vanilla_s0,1787488061,214962
es_vanilla_s0,1787488071,214962
es_vanilla_s0,1787488081,214962
es_vanilla_s0,1787488091,214962
es_vanilla_s0,1787488101,214962
es_vanilla_s0,1787488112,214962
es_vanilla_s0,1787488122,214962
es_vanilla_s0,1787488132,214962
es_vanilla_s0,1787488142,214962
es_vanilla_s0,1787488152,214962
es_vanilla_s0,1787488162,214962
es_vanilla_s0,1787488172,214962
es_vanilla_s0,1787488182,214962
es_vanilla_s0,1787488192,214962
es_vanilla_s0,1787488202,214962
es_vanilla_s0,1787488213,214962
es_vanilla_s0,1787488223,214962
es_vanilla_s0,1787488233,214962
es_vanilla_s0,1787488243,214962
es_vanilla_s0,1787488253,214962
es_vanilla_s0,1787488263,214962
es_vanilla_s0,1787488273,214962
es_vanilla_s0,1787488283,214962
es_vanilla_s0,1787488293,214962
es_vanilla_s0,1787488303,214962
es_vanilla_s0,1787488314,214962
es_vanilla_s0,1787488324,214962
es_vanilla_s0,1787488334,214962
es_vanilla_s0,1787488344,214962
es_vanilla_s0,1787488354,214962
es_vanilla_s0,1787488364,214962
es_vanilla_s0,1787488374,214962
es_vanilla_s0,1787488384,214962
es_vanilla_s0,1787488394,214962
es_vanilla_s0,1787488404,214962
es_vanilla_s0,1787488415,214962
es_vanilla_s0,1787488425,214962
es_vanilla_s0,1787488435,214962
es_vanilla_s0,1787488445,214962
es_vanilla_s0,1787488455,214962
es_vanilla_s0,1787488465,214962
es_vanilla_s0,1787488475,214962
es_vanilla_s0,1787488485,214962
es_vanilla_s0,1787488495,214962
es_vanilla_s0,1787488505,214962
es_vanilla_s0,1787488516,214962
es_vanilla_s0,1787488526,214962
es_vanilla_s0,1787488536,214962
es_vanilla_s0,1787488546,214962
es_vanilla_s0,1787488556,214962
es_vanilla_s0,1787488566,214962
es_vanilla_s0,1787488576,214962
es_vanilla_s0,1787488586,214962
es_vanilla_s0,1787488596,214962
es_vanilla_s0,1787488607,214962
es_vanilla_s0,1787488617,214962
es_vanilla_s0,1787488627,214962
es_vanilla_s0,1787488637,214962
es_vanilla_s0,1787488647,214962
es_vanilla_s0,1787488657,214962
es_vanilla_s0,1787488667,214962
es_vanilla_s0,1787488677,214962
es_vanilla_s0,1787488687,214962
es_vanilla_s0,1787488697,214962
es_vanilla_s0,1787488708,214962
es_vanilla_s0,1787488718,214962
es_vanilla_s0,1787488728,214962
es_vanilla_s0,1787488738,214962
es_vanilla_s0,1787488748,214962
es_vanilla_s0,1787488758,214962
es_vanilla_s0,1787488768,214962
es_vanilla_s0,1787488778,214962
es_vanilla_s0,1787488788,214962
es_vanilla_s0,1787488798,214962
es_vanilla_s0,1787488809,214962
es_vanilla_s0,1787488819,214962
es_vanilla_s0,1787488829,214962
es_vanilla_s0,1787488839,214962
es_vanilla_s0,1787488849,214962
es_vanilla_s0,1787488859,214962
es_vanilla_s0,1787488869,214962
es_vanilla_s0,1787488879,214962
es_vanilla_s0,1787488889,214962
es_vanilla_s0,1787488899,214962
es_vanilla_s0,1787488910,214962
es_vanilla_s0,1787488920,214962
es_vanilla_s0,1787488930,214962
es_vanilla_s0,1787488940,214962
es_vanilla_s0,1787488950,214962
es_vanilla_s0,1787488960,214962
es_vanilla_s0,1787488970,214962
es_vanilla_s0,1787488980,214962
es_vanilla_s0,1787488990,214962
es_vanilla_s0,1787489001,214962
es_vanilla_s0,1787489011,214962
es_vanilla_s0,1787489021,214962
es_vanilla_s0,1787489031,214962
es_vanilla_s0,1787489041,214962
es_vanilla_s0,1787489051,214962
es_vanilla_s0,1787489061,214962
es_vanilla_s0,1787489071,214962
es_vanilla_s0,1787489081,214962
es_vanilla_s0,1787489091,214962
es_vanilla_s0,1787489102,214962
es_vanilla_s0,1787489112,214962
es_vanilla_s0,1787489122,214962
es_vanilla_s0,1787489132,214962
es_vanilla_s0,1787489142,214962
es_vanilla_s0,1787489152,214962
es_vanilla_s0,1787489162,214962
es_vanilla_s0,1787489172,214962
es_vanilla_s0,1787489182,214962
es_vanilla_s0,1787489192,214962
es_vanilla_s0,1787489203,214962
es_vanilla_s0,1787489213,214962
es_vanilla_s0,1787489223,214962
es_vanilla_s0,1787489233,214962
es_vanilla_s0,1787489243,214962
es_vanilla_s0,1787489253,214962
es_vanilla_s0,1787489263,214962
es_vanilla_s0,1787489273,214962
es_vanilla_s0,1787489283,214962
es_vanilla_s0,1787489294,214962
es_vanilla_s0,1787489304,214962
es_vanilla_s0,1787489314,214962
es_vanilla_s0,1787489324,214962
es_vanilla_s0,1787489334,214962
es_vanilla_s0,1787489344,214962
es_vanilla_s0,1787489354,214962
es_vanilla_s0,1787489364,214962
es_vanilla_s0,1787489374,214962
es_vanilla_s0,1787489384,214962
es_vanilla_s0,1787489395,214962
es_vanilla_s0,1787489405,214962
es_vanilla_s0,1787489415,214962
es_vanilla_s0,1787489425,214962
es_vanilla_s0,1787489435,214962
es_vanilla_s0,1787489445,214962
es_vanilla_s0,1787489455,214962
es_vanilla_s0,1787489465,214962
es_vanilla_s0,1787489475,214962
es_vanilla_s0,1787489485,214962
es_vanilla_s0,1787489496,214962
es_vanilla_s0,1787489506,214962
es_vanilla_s0,1787489516,214962
es_vanilla_s0,1787489526,214962
es_vanilla_s0,1787489536,214962
es_vanilla_s0,1787489546,214962
es_vanilla_s0,1787489556,214962
es_vanilla_s0,1787489566,214962
es_vanilla_s0,1787489576,214962
es_vanilla_s0,1787489586,214962
es_vanilla_s0,1787489597,214962
es_vanilla_s0,1787489607,214962
es_vanilla_s0,1787489617,214962
es_vanilla_s0,1787489627,214962
es_vanilla_s0,1787489637,214962
es_vanilla_s0,1787489647,214962
es_vanilla_s0,1787489657,214962
es_vanilla_s0,1787489667,214962
es_vanilla_s0,1787489677,214962
es_vanilla_s0,1787489688,214962
es_vanilla_s0,1787489698,214962
es_vanilla_s0,1787489708,214962
es_vanilla_s0,1787489718,214962
es_vanilla_s0,1787489728,214962
es_vanilla_s0,1787489738,214962
es_vanilla_s0,1787489748,214962
es_vanilla_s0,1787489758,214962
es_vanilla_s0,1787489768,214962
es_vanilla_s0,1787489778,214962
es_vanilla_s0,1787489789,214962
es_vanilla_s0,1787489799,214962
es_vanilla_s0,1787489809,214962
es_vanilla_s0,1787489819,214962
es_vanilla_s0,1787489829,214962
es_vanilla_s0,1787489839,214962
es_vanilla_s0,1787489849,214962
es_vanilla_s0,1787489859,214962
es_vanilla_s0,1787489869,214962
es_vanilla_s0,1787489879,214962
es_vanilla_s0,1787489890,214962
es_vanilla_s0,1787489900,214962
es_vanilla_s0,1787489910,214962
es_vanilla_s0,1787489920,214962
es_vanilla_s0,1787489930,214962
es_vanilla_s0,1787489940,214962
es_vanilla_s0,1787489950,214962
es_vanilla_s0,1787489960,214962
es_vanilla_s0,1787489970,214962
es_vanilla_s0,1787489980,214962
es_vanilla_s0,1787489991,214962
es_vanilla_s0,1787490001,214962
es_vanilla_s0,1787490011,214962
es_vanilla_s0,1787490021,214962
es_vanilla_s0,1787490031,214962
es_vanilla_s0,1787490041,214962
es_vanilla_s0,1787490051,214962
es_vanilla_s0,1787490061,214962
es_vanilla_s0,1787490071,214962
es_vanilla_s0,1787490082,214962
es_vanilla_s0,1787490092,214962
es_vanilla_s0,1787490102,214962
es_vanilla_s0,1787490112,214962
es_vanilla_s0,1787490122,214962
es_vanilla_s0,1787490132,214962
es_vanilla_s0,1787490142,214962
es_vanilla_s0,1787490152,214962
es_vanilla_s0,1787490162,214962
es_vanilla_s0,1787490172,214962
es_vanilla_s0,1787490183,214962
es_vanilla_s0,1787490193,214962
es_vanilla_s0,1787490203,214962
es_vanilla_s0,1787490213,214962
es_vanilla_s0,1787490223,214962
es_vanilla_s0,1787490233,214962
es_vanilla_s0,1787490243,214962
es_vanilla_s0,1787490253,214962
es_vanilla_s0,1787490263,214962
es_vanilla_s0,1787490273,214962
es_vanilla_s0,1787490284,214962
es_vanilla_s0,1787490294,214962
es_vanilla_s0,1787490304,214962
es_vanilla_s0,1787490314,214962
es_vanilla_s0,1787490324,214962
es_vanilla_s0,1787490334,214962
es_vanilla_s0,1787490344,214962
es_vanilla_s0,1787490354,214962
es_vanilla_s0,1787490364,214962
es_vanilla_s0,1787490374,214962
es_vanilla_s0,1787490385,214962
es_vanilla_s0,1787490395,214962
es_vanilla_s0,1787490405,214962
es_vanilla_s0,1787490415,214962
es_vanilla_s0,1787490425,214962
es_vanilla_s0,1787490435,214962
es_vanilla_s0,1787490445,214962
es_vanilla_s0,1787490455,214962
es_vanilla_s0,1787490465,214962
es_vanilla_s0,1787490476,214962
es_vanilla_s0,1787490486,214962
es_vanilla_s0,1787490496,214962
es_vanilla_s0,1787490506,214962
es_vanilla_s0,1787490516,214962
es_vanilla_s0,1787490526,214962
es_vanilla_s0,1787490536,214962
es_vanilla_s0,1787490546,214962
es_vanilla_s0,1787490556,214962
es_vanilla_s0,1787490566,214962
es_vanilla_s0,1787490577,214962
es_vanilla_s0,1787490587,214962
es_vanilla_s0,1787490597,214962
es_vanilla_s0,1787490607,214962
es_vanilla_s0,1787490617,214962
es_vanilla_s0,1787490627,214962
es_vanilla_s0,1787490637,214962
es_vanilla_s0,1787490647,214962
es_vanilla_s0,1787490657,214962
es_vanilla_s0,1787490667,214962
es_vanilla_s0,1787490678,214962
es_vanilla_s0,1787490688,214962
es_vanilla_s0,1787490698,214962
es_vanilla_s0,1787490708,214962
es_vanilla_s0,1787490718,214962
es_vanilla_s0,1787490728,214962
es_vanilla_s0,1787490738,214962
es_vanilla_s0,1787490748,214962
es_vanilla_s0,1787490758,214962
es_vanilla_s0,1787490768,214962
es_vanilla_s0,1787490779,214962
es_vanilla_s0,1787490789,214962
es_vanilla_s0,1787490799,214962
es_vanilla_s0,1787490809,214962
es_vanilla_s0,1787490819,214962
es_vanilla_s0,1787490829,214962
es_vanilla_s0,1787490839,214962
es_vanilla_s0,1787490849,214962
es_vanilla_s0,1787490859,214962
es_vanilla_s0,1787490870,214962
es_vanilla_s0,1787490880,214962
es_vanilla_s0,1787490890,214962
es_vanilla_s0,1787490900,214962
es_vanilla_s0,1787490910,214962
es_vanilla_s0,1787490920,214962
es_vanilla_s0,1787490930,214962
es_vanilla_s0,1787490940,214962
es_vanilla_s0,1787490950,214962
es_vanilla_s0,1787490960,214962
es_vanilla_s0,1787490971,214962
es_vanilla_s0,1787490981,214962
es_vanilla_s0,1787490991,214962
es_vanilla_s0,1787491001,214962
es_vanilla_s0,1787491011,214962
es_vanilla_s0,1787491021,214962
es_vanilla_s0,1787491031,214962
es_vanilla_s0,1787491041,214962
es_vanilla_s0,1787491051,214962
es_vanilla_s0,1787491061,214962
es_vanilla_s0,1787491072,214962
es_vanilla_s0,1787491082,214962
es_vanilla_s0,1787491092,214962
es_vanilla_s0,1787491102,214962
es_vanilla_s0,1787491112,214962
es_vanilla_s0,1787491122,214962
es_vanilla_s0,1787491132,214962
es_vanilla_s0,1787491142,214962
es_vanilla_s0,1787491152,214962
es_vanilla_s0,1787491162,214962
es_vanilla_s0,1787491173,214962
es_vanilla_s0,1787491183,214962
es_vanilla_s0,1787491193,214962
es_vanilla_s0,1787491203,214962
es_vanilla_s0,1787491213,214962
es_vanilla_s0,1787491223,214962
es_vanilla_s0,1787491233,214962
es_vanilla_s0,1787491243,214962
es_vanilla_s0,1787491253,214962
es_vanilla_s0,1787491263,214962
es_vanilla_s0,1787491274,214962
es_vanilla_s0,1787491284,214962
es_vanilla_s0,1787491294,214962
es_vanilla_s0,1787491304,214962
es_vanilla_s0,1787491314,214962
es_vanilla_s0,1787491324,214962
es_vanilla_s0,1787491334,214962
es_vanilla_s0,1787491344,214962
es_vanilla_s0,1787491354,214962
es_vanilla_s0,1787491365,214962
es_vanilla_s0,1787491375,214962
es_vanilla_s0,1787491385,214962
es_vanilla_s0,1787491395,214962
es_vanilla_s0,1787491405,214962
es_vanilla_s0,1787491415,214962
es_vanilla_s0,1787491425,214962
es_vanilla_s0,1787491435,214962
es_vanilla_s0,1787491445,214962
es_vanilla_s0,1787491455,214962
es_vanilla_s0,1787491466,214962
es_vanilla_s0,1787491476,214962
es_vanilla_s0,1787491486,214962
es_vanilla_s0,1787491496,214962
es_vanilla_s0,1787491506,214962
es_vanilla_s0,1787491516,214962
es_vanilla_s0,1787491526,214962
es_vanilla_s0,1787491536,214962
es_vanilla_s0,1787491546,214962
es_vanilla_s0,1787491556,214962
es_vanilla_s0,1787491567,214962
es_vanilla_s0,1787491577,214962
es_vanilla_s0,1787491587,214962
es_vanilla_s0,1787491597,214962
es_vanilla_s0,1787491607,214962
es_vanilla_s0,1787491617,214962
es_vanilla_s0,1787491627,214962
es_vanilla_s0,1787491637,214962
es_vanilla_s0,1787491647,214962
es_vanilla_s0,1787491657,214962
es_vanilla_s0,1787491668,214962
es_vanilla_s0,1787491678,214962
es_vanilla_s0,1787491688,214962
es_vanilla_s0,1787491698,214962
es_vanilla_s0,1787491708,214962
es_vanilla_s0,1787491718,214962
es_vanilla_s0,1787491728,214962
es_vanilla_s0,1787491738,214962
es_vanilla_s0,1787491748,214962
es_vanilla_s0,1787491758,214962
es_vanilla_s0,1787491769,214962
es_vanilla_s0,1787491779,214962
es_vanilla_s0,1787491789,214962
es_vanilla_s0,1787491799,214962
es_vanilla_s0,1787491809,214962
es_vanilla_s0,1787491819,214962
es_vanilla_s0,1787491829,214962
es_vanilla_s0,1787491839,214962
es_vanilla_s0,1787491849,214962
es_vanilla_s0,1787491860,214962
es_vanilla_s0,1787491870,214962
es_vanilla_s0,1787491880,214962
es_vanilla_s0,1787491890,214962
es_vanilla_s0,1787491900,214962
es_vanilla_s0,1787491910,214962
es_vanilla_s0,1787491920,214962
es_vanilla_s0,1787491930,214962
es_vanilla_s0,1787491940,214962
es_vanilla_s0,1787491950,214962
es_vanilla_s0,1787491961,214962
es_vanilla_s0,1787491971,214962
es_vanilla_s0,1787491981,214962
es_vanilla_s0,1787491991,214962
es_vanilla_s0,1787492001,214962
es_vanilla_s0,1787492011,214962
es_vanilla_s0,1787492021,214962
es_vanilla_s0,1787492031,214962
es_vanilla_s0,1787492041,214962
es_vanilla_s0,1787492051,214962
es_vanilla_s0,1787492062,214962
es_vanilla_s0,1787492072,214962
es_vanilla_s0,1787492082,214962
es_vanilla_s0,1787492092,214962
es_vanilla_s0,1787492102,214962
es_vanilla_s0,1787492112,214962
es_vanilla_s0,1787492122,214962
es_vanilla_s0,1787492132,214962
es_vanilla_s0,1787492142,214962
es_vanilla_s0,1787492153,214962
es_vanilla_s0,1787492163,214962
es_vanilla_s0,1787492173,214962
es_vanilla_s0,1787492183,214962
es_vanilla_s0,1787492193,214962
es_vanilla_s0,1787492203,214962
es_vanilla_s0,1787492213,214962
es_vanilla_s0,1787492223,214962
es_vanilla_s0,1787492233,214962
es_vanilla_s0,1787492243,214962
es_vanilla_s0,1787492254,214962
es_vanilla_s0,1787492264,214962
es_vanilla_s0,1787492274,214962
es_vanilla_s0,1787492284,214962
es_vanilla_s0,1787492294,214962
es_vanilla_s0,1787492304,214962
es_vanilla_s0,1787492314,214962
es_vanilla_s0,1787492324,214962
es_vanilla_s0,1787492334,214962
es_vanilla_s0,1787492344,214962
es_vanilla_s0,1787492355,214962
es_vanilla_s0,1787492365,214962
es_vanilla_s0,1787492375,214962
es_vanilla_s0,1787492385,214962
es_vanilla_s0,1787492395,214962
es_vanilla_s0,1787492405,214962
es_vanilla_s0,1787492415,214962
es_vanilla_s0,1787492425,214962
es_vanilla_s0,1787492435,214962
es_vanilla_s0,1787492446,214962
es_vanilla_s0,1787492456,214962
es_vanilla_s0,1787492466,214962
es_vanilla_s0,1787492476,214962
es_vanilla_s0,1787492486,214962
es_vanilla_s0,1787492496,214962
es_vanilla_s0,1787492506,214962
es_vanilla_s0,1787492516,214962
es_vanilla_s0,1787492526,214962
es_vanilla_s0,1787492536,214962
es_vanilla_s0,1787492547,214962
es_vanilla_s0,1787492557,214962
es_vanilla_s0,1787492567,214962
es_vanilla_s0,1787492577,214962
es_vanilla_s0,1787492587,214962
es_vanilla_s0,1787492597,214962
es_vanilla_s0,1787492607,214962
es_vanilla_s0,1787492617,214962
es_vanilla_s0,1787492627,214962
es_vanilla_s0,1787492637,214962
es_vanilla_s0,1787492648,214962
es_vanilla_s0,1787492658,214962
es_vanilla_s0,1787492668,214962
es_vanilla_s0,1787492678,214962
es_vanilla_s0,1787492688,214962
es_vanilla_s0,1787492698,214962
es_vanilla_s0,1787492708,214962
es_vanilla_s0,1787492718,214962
es_vanilla_s0,1787492728,214962
es_vanilla_s0,1787492738,214962
es_vanilla_s0,1787492749,214962
es_vanilla_s0,1787492759,214962
es_vanilla_s0,1787492769,214962
es_vanilla_s0,1787492779,214962
es_vanilla_s0,1787492789,214962
es_vanilla_s0,1787492799,214962
es_vanilla_s0,1787492809,214962
es_vanilla_s0,1787492819,214962
es_vanilla_s0,1787492829,214962
es_vanilla_s0,1787492839,214962
es_vanilla_s0,1787492850,214962
es_vanilla_s0,1787492860,214962
es_vanilla_s0,1787492870,214962
es_vanilla_s0,1787492880,214962
es_vanilla_s0,1787492890,214962
es_vanilla_s0,1787492900,214962
es_vanilla_s0,1787492910,214962
es_vanilla_s0,1787492920,214962
es_vanilla_s0,1787492930,214962
es_vanilla_s0,1787492940,214962
es_vanilla_s0,1787492951,214962
es_vanilla_s0,1787492961,214962
es_vanilla_s0,1787492971,214962
es_vanilla_s0,1787492981,214962
es_vanilla_s0,1787492991,214962
es_vanilla_s0,1787493001,214962
es_vanilla_s0,1787493011,214962
es_vanilla_s0,1787493021,214962
es_vanilla_s0,1787493031,214962
es_vanilla_s0,1787493042,214962
es_vanilla_s0,1787493052,214962
es_vanilla_s0,1787493062,214962
es_vanilla_s0,1787493072,214962
es_vanilla_s0,1787493082,214962
es_vanilla_s0,1787493092,214962
es_vanilla_s0,1787493102,214962
es_vanilla_s0,1787493112,214962
es_vanilla_s0,1787493122,214962
es_vanilla_s0,1787493132,214962
es_vanilla_s0,1787493143,214962
es_vanilla_s0,1787493153,214962
es_vanilla_s0,1787493163,214962
es_vanilla_s0,1787493173,214962
es_vanilla_s0,1787493183,214962
es_vanilla_s0,1787493193,214962
es_vanilla_s0,1787493203,214962
es_vanilla_s0,1787493213,214962
es_vanilla_s0,1787493223,214962
es_vanilla_s0,1787493233,214962
es_vanilla_s0,1787493244,214962
es_vanilla_s0,1787493254,214962
es_vanilla_s0,1787493264,214962
es_vanilla_s0,1787493274,214962
es_vanilla_s0,1787493284,214962
es_vanilla_s0,1787493294,214962
es_vanilla_s0,1787493304,214962
es_vanilla_s0,1787493314,214962
es_vanilla_s0,1787493324,214962
es_vanilla_s0,1787493334,214962
es_vanilla_s0,1787493345,214962
es_vanilla_s0,1787493355,214962
es_vanilla_s0,1787493365,214962
es_vanilla_s0,1787493375,214962
es_vanilla_s0,1787493385,214962
es_vanilla_s0,1787493395,214962
es_vanilla_s0,1787493405,214962
es_vanilla_s0,1787493415,214962
es_vanilla_s0,1787493425,214962
es_vanilla_s0,1787493435,214962
es_vanilla_s0,1787493446,214962
es_vanilla_s0,1787493456,214962
es_vanilla_s0,1787493466,214962
es_vanilla_s0,1787493476,214962
es_vanilla_s0,1787493486,214962
es_vanilla_s0,1787493496,214962
es_vanilla_s0,1787493506,214962
es_vanilla_s0,1787493516,214962
es_vanilla_s0,1787493526,214962
es_vanilla_s0,1787493537,214962
es_vanilla_s0,1787493547,214962
es_vanilla_s0,1787493557,214962
es_vanilla_s0,1787493567,214962
es_vanilla_s0,1787493577,214962
es_vanilla_s0,1787493587,214962
es_vanilla_s0,1787493597,214962
es_vanilla_s0,1787493607,214962
es_vanilla_s0,1787493617,214962
es_vanilla_s0,1787493627,214962
es_vanilla_s0,1787493638,214962
es_vanilla_s0,1787493648,214962
es_vanilla_s0,1787493658,214962
es_vanilla_s0,1787493668,214962
es_vanilla_s0,1787493678,214962
es_vanilla_s0,1787493688,214962
es_vanilla_s0,1787493698,214962
es_vanilla_s0,1787493708,214962
es_vanilla_s0,1787493718,214962
es_vanilla_s0,1787493728,214962
es_vanilla_s0,1787493739,214962
es_vanilla_s0,1787493749,214962
es_vanilla_s0,1787493759,214962
es_vanilla_s0,1787493769,214962
es_vanilla_s0,1787493779,214962
es_vanilla_s0,1787493789,214962
es_vanilla_s0,1787493799,214962
es_vanilla_s0,1787493809,214962
es_vanilla_s0,1787493819,214962
es_vanilla_s0,1787493829,214962
es_vanilla_s0,1787493840,214962
es_vanilla_s0,1787493850,214962
es_vanilla_s0,1787493860,214962
es_vanilla_s0,1787493870,214962
es_vanilla_s0,1787493880,214962
es_vanilla_s0,1787493890,214962
es_vanilla_s0,1787493900,214962
es_vanilla_s0,1787493910,214962
es_vanilla_s0,1787493920,214962
es_vanilla_s0,1787493930,214962
es_vanilla_s0,1787493941,214962
es_vanilla_s0,1787493951,214962
es_vanilla_s0,1787493961,214962
es_vanilla_s0,1787493971,214962
es_vanilla_s0,1787493981,214962
es_vanilla_s0,1787493991,214962
es_vanilla_s0,1787494001,214962
es_vanilla_s0,1787494011,214962
es_vanilla_s0,1787494021,214962
es_vanilla_s0,1787494031,214962
es_vanilla_s0,1787494042,214962
es_vanilla_s0,1787494052,214962
es_vanilla_s0,1787494062,214962
es_vanilla_s0,1787494072,214962
es_vanilla_s0,1787494082,214962
es_vanilla_s0,1787494092,214962
es_vanilla_s0,1787494102,214962
es_vanilla_s0,1787494112,214962
es_vanilla_s0,1787494122,214962
es_vanilla_s0,1787494133,214962
es_vanilla_s0,1787494143,214962
es_vanilla_s0,1787494153,214962
es_vanilla_s0,1787494163,214962
es_vanilla_s0,1787494173,214962
es_vanilla_s0,1787494183,214962
es_vanilla_s0,1787494193,214962
es_vanilla_s0,1787494203,214962
es_vanilla_s0,1787494213,214962
es_vanilla_s0,1787494223,214962
es_vanilla_s0,1787494234,214962
es_vanilla_s0,1787494244,214962
es_vanilla_s0,1787494254,214962
es_vanilla_s0,1787494264,214962
es_vanilla_s0,1787494274,214962
es_vanilla_s0,1787494284,214962
es_vanilla_s0,1787494294,214962
es_vanilla_s0,1787494304,214962
es_vanilla_s0,1787494314,214962
es_vanilla_s0,1787494324,214962
es_vanilla_s0,1787494335,214962
es_vanilla_s0,1787494345,214962
es_vanilla_s0,1787494355,214962
es_vanilla_s0,1787494365,214962
es_vanilla_s0,1787494375,214962
es_vanilla_s0,1787494385,214962
es_vanilla_s0,1787494395,214962
es_vanilla_s0,1787494405,214962
es_vanilla_s0,1787494415,214962
es_vanilla_s0,1787494425,214962
es_vanilla_s0,1787494436,214962
es_vanilla_s0,1787494446,214962
es_vanilla_s0,1787494456,214962
es_vanilla_s0,1787494466,214962
es_vanilla_s0,1787494476,214962
es_vanilla_s0,1787494486,214962
es_vanilla_s0,1787494496,214962
es_vanilla_s0,1787494506,214962
es_vanilla_s0,1787494516,214962
es_vanilla_s0,1787494526,214962
es_vanilla_s0,1787494537,214962
es_vanilla_s0,1787494547,214962
es_vanilla_s0,1787494557,214962
es_vanilla_s0,1787494567,214962
es_vanilla_s0,1787494577,214962
es_vanilla_s0,1787494587,214962
es_vanilla_s0,1787494597,214962
es_vanilla_s0,1787494607,214962
es_vanilla_s0,1787494617,214962
es_vanilla_s0,1787494628,214962
es_vanilla_s0,1787494638,214962
es_vanilla_s0,1787494648,214962
es_vanilla_s0,1787494658,214962
es_vanilla_s0,1787494668,214962
es_vanilla_s0,1787494678,214962
es_vanilla_s0,1787494688,214962
es_vanilla_s0,1787494698,214962
es_vanilla_s0,1787494708,214962
es_vanilla_s0,1787494718,214962
es_vanilla_s0,1787494729,214962
es_vanilla_s0,1787494739,214962
es_vanilla_s0,1787494749,214962
es_vanilla_s0,1787494759,214962
es_vanilla_s0,1787494769,214962
es_vanilla_s0,1787494779,214962
es_vanilla_s0,1787494789,214962
es_vanilla_s0,1787494799,214962
es_vanilla_s0,1787494809,214962
es_vanilla_s0,1787494819,214962
es_vanilla_s0,1787494830,214962
es_vanilla_s0,1787494840,214962
es_vanilla_s0,1787494850,214962
es_vanilla_s0,1787494860,214962
es_vanilla_s0,1787494870,214962
es_vanilla_s0,1787494880,214962
es_vanilla_s0,1787494890,214962
es_vanilla_s0,1787494900,214962
es_vanilla_s0,1787494910,214962
es_vanilla_s0,1787494920,214962
es_vanilla_s0,1787494931,214962
es_vanilla_s0,1787494941,214962
es_vanilla_s0,1787494951,214962
es_vanilla_s0,1787494961,214962
es_vanilla_s0,1787494971,214962
es_vanilla_s0,1787494981,214962
es_vanilla_s0,1787494991,214962
es_vanilla_s0,1787495001,214962
es_vanilla_s0,1787495011,214962
es_vanilla_s0,1787495021,214962
es_vanilla_s0,1787495032,214962
es_vanilla_s0,1787495042,214962
es_vanilla_s0,1787495052,214962
es_vanilla_s0,1787495062,214962
es_vanilla_s0,1787495072,214962
es_vanilla_s0,1787495082,214962
es_vanilla_s0,1787495092,214962
es_vanilla_s0,1787495102,214962
es_vanilla_s0,1787495112,214962
es_vanilla_s0,1787495122,214962
es_vanilla_s0,1787495133,214962
es_vanilla_s0,1787495143,214962
es_vanilla_s0,1787495153,214962
es_vanilla_s0,1787495163,214962
es_vanilla_s0,1787495173,214962
es_vanilla_s0,1787495183,214962
es_vanilla_s0,1787495193,214962
es_vanilla_s0,1787495203,214962
es_vanilla_s0,1787495213,214962
es_vanilla_s0,1787495224,214962
es_vanilla_s0,1787495234,214962
es_vanilla_s0,1787495244,214962
es_vanilla_s0,1787495254,214962
es_vanilla_s0,1787495264,214962
es_vanilla_s0,1787495274,214962
es_vanilla_s0,1787495284,214962
es_vanilla_s0,1787495294,214962
es_vanilla_s0,1787495304,214962
es_vanilla_s0,1787495314,214962
es_vanilla_s0,1787495325,214962
es_vanilla_s0,1787495335,214962
es_vanilla_s0,1787495345,214962
es_vanilla_s0,1787495355,214962
es_vanilla_s0,1787495365,214962
es_vanilla_s0,1787495375,214962
es_vanilla_s0,1787495385,214962
es_vanilla_s0,1787495395,214962
es_vanilla_s0,1787495405,214962
es_vanilla_s0,1787495415,214962
es_vanilla_s0,1787495426,214962
es_vanilla_s0,1787495436,214962
es_vanilla_s0,1787495446,214962
es_vanilla_s0,1787495456,214962
es_vanilla_s0,1787495466,214962
es_vanilla_s0,1787495476,214962
es_vanilla_s0,1787495486,214962
es_vanilla_s0,1787495496,214962
es_vanilla_s0,1787495506,214962
es_vanilla_s0,1787495516,214962
es_vanilla_s0,1787495527,214962
es_vanilla_s0,1787495537,214962
es_vanilla_s0,1787495547,214962
es_vanilla_s0,1787495557,214962
es_vanilla_s0,1787495567,214962
es_vanilla_s0,1787495577,214962
es_vanilla_s0,1787495587,214962
es_vanilla_s0,1787495597,214962
es_vanilla_s0,1787495607,214962
es_vanilla_s0,1787495618,214962
es_vanilla_s0,1787495628,214962
es_vanilla_s0,1787495638,214962
es_vanilla_s0,1787495648,214962
es_vanilla_s0,1787495658,214962
es_vanilla_s0,1787495668,214962
es_vanilla_s0,1787495678,214962
es_vanilla_s0,1787495688,214962
es_vanilla_s0,1787495698,214962
es_vanilla_s0,1787495708,214962
es_vanilla_s0,1787495719,214962
es_vanilla_s0,1787495729,214962
es_vanilla_s0,1787495739,214962
es_vanilla_s0,1787495749,214962
es_vanilla_s0,1787495759,214962
es_vanilla_s0,1787495769,214962
es_vanilla_s0,1787495779,214962
es_vanilla_s0,1787495789,214962
es_vanilla_s0,1787495799,214962
es_vanilla_s0,1787495809,214962
es_vanilla_s0,1787495820,214962
es_vanilla_s0,1787495830,214962
es_vanilla_s0,1787495840,214962
es_vanilla_s0,1787495850,214962
es_vanilla_s0,1787495860,214962
es_vanilla_s0,1787495870,214962
es_vanilla_s0,1787495880,214962
es_vanilla_s0,1787495890,214962
es_vanilla_s0,1787495900,214962
es_vanilla_s0,1787495910,214962
es_vanilla_s0,1787495921,214962
es_vanilla_s0,1787495931,214962
es_vanilla_s0,1787495941,214962
es_vanilla_s0,1787495951,214962
es_vanilla_s0,1787495961,214962
es_vanilla_s0,1787495971,214962
es_vanilla_s0,1787495981,214962
es_vanilla_s0,1787495991,214962
es_vanilla_s0,1787496001,214962
es_vanilla_s0,1787496012,214962
es_vanilla_s0,1787496022,214962
es_vanilla_s0,1787496032,214962
es_vanilla_s0,1787496042,214962
es_vanilla_s0,1787496052,214962
es_vanilla_s0,1787496062,214962
es_vanilla_s0,1787496072,214962
es_vanilla_s0,1787496082,214962
es_vanilla_s0,1787496092,214962
es_vanilla_s0,1787496103,214962
es_vanilla_s0,1787496113,214962
es_vanilla_s0,1787496123,214962
es_vanilla_s0,1787496133,214962
es_vanilla_s0,1787496143,214962
es_vanilla_s0,1787496153,214962
es_vanilla_s0,1787496163,214962
es_vanilla_s0,1787496173,214962
es_vanilla_s0,1787496183,214962
es_vanilla_s0,1787496193,214962
es_vanilla_s0,1787496204,214962
es_vanilla_s0,1787496214,214962
es_vanilla_s0,1787496224,214962
es_vanilla_s0,1787496234,214962
es_vanilla_s0,1787496244,214962
es_vanilla_s0,1787496254,214962
es_vanilla_s0,1787496264,214962
es_vanilla_s0,1787496274,214962
es_vanilla_s0,1787496284,214962
es_vanilla_s0,1787496294,214962
es_vanilla_s0,1787496305,214962
es_vanilla_s0,1787496315,214962
es_vanilla_s0,1787496325,214962
es_vanilla_s0,1787496335,214962
es_vanilla_s0,1787496345,214962
es_vanilla_s0,1787496355,214962
es_vanilla_s0,1787496365,214962
es_vanilla_s0,1787496375,214962
es_vanilla_s0,1787496385,214962
es_vanilla_s0,1787496395,214962
es_vanilla_s0,1787496406,214962
es_vanilla_s0,1787496416,214962
es_vanilla_s0,1787496426,214962
es_vanilla_s0,1787496436,214962
es_vanilla_s0,1787496446,214962
es_vanilla_s0,1787496457,214962
es_vanilla_s0,1787496467,214962
es_vanilla_s0,1787496477,214962
es_vanilla_s0,1787496487,214962
es_vanilla_s0,1787496497,214962
es_vanilla_s0,1787496507,214962
es_vanilla_s0,1787496517,214962
es_vanilla_s0,1787496527,214962
es_vanilla_s0,1787496537,214962
es_vanilla_s0,1787496547,214962
es_vanilla_s0,1787496558,214962
es_vanilla_s0,1787496568,214962
es_vanilla_s0,1787496578,214962
es_vanilla_s0,1787496588,214962
es_vanilla_s0,1787496598,214962
es_vanilla_s0,1787496608,214962
es_vanilla_s0,1787496618,214962
es_vanilla_s0,1787496628,214962
es_vanilla_s0,1787496638,214962
es_vanilla_s0,1787496648,214962
es_vanilla_s0,1787496659,214962
es_vanilla_s0,1787496669,214962
es_vanilla_s0,1787496679,214962
es_vanilla_s0,1787496689,214962
es_vanilla_s0,1787496699,214962
es_vanilla_s0,1787496709,214962
es_vanilla_s0,1787496719,214962
es_vanilla_s0,1787496729,214962
es_vanilla_s0,1787496739,214962
es_vanilla_s0,1787496749,214962
es_vanilla_s0,1787496760,214962
es_vanilla_s0,1787496770,214962
es_vanilla_s0,1787496780,214962
es_vanilla_s0,1787496790,214962
es_vanilla_s0,1787496800,214962
es_vanilla_s0,1787496810,214962
es_vanilla_s0,1787496820,214962
es_vanilla_s0,1787496830,214962
es_vanilla_s0,1787496840,214962
es_vanilla_s0,1787496851,214962
es_vanilla_s0,1787496861,214962
es_vanilla_s0,1787496871,214962
es_vanilla_s0,1787496881,214962
es_vanilla_s0,1787496891,214962
es_vanilla_s0,1787496901,214962
es_vanilla_s0,1787496911,214962
es_vanilla_s0,1787496921,214962
es_vanilla_s0,1787496931,214962
es_vanilla_s0,1787496941,214962
es_vanilla_s0,1787496952,214962
es_vanilla_s0,1787496962,214962
es_vanilla_s0,1787496972,214962
es_vanilla_s0,1787496982,214962
es_vanilla_s0,1787496992,214962
es_vanilla_s0,1787497002,214962
es_vanilla_s0,1787497012,214962
es_vanilla_s0,1787497022,214962
es_vanilla_s0,1787497032,214962
es_vanilla_s0,1787497042,214962
es_vanilla_s0,1787497053,214962
es_vanilla_s0,1787497063,214962
es_vanilla_s0,1787497073,214962
es_vanilla_s0,1787497083,214962
es_vanilla_s0,1787497093,214962
es_vanilla_s0,1787497103,214962
es_vanilla_s0,1787497113,214962
es_vanilla_s0,1787497123,214962
es_vanilla_s0,1787497133,214962
es_vanilla_s0,1787497144,214962
es_vanilla_s0,1787497154,214962
es_vanilla_s0,1787497164,214962
es_vanilla_s0,1787497174,214962
es_vanilla_s0,1787497184,214962
es_vanilla_s0,1787497194,214962
es_vanilla_s0,1787497204,214962
es_vanilla_s0,1787497214,214962
es_vanilla_s0,1787497224,214962
es_vanilla_s0,1787497234,214962
es_vanilla_s0,1787497245,214962
es_vanilla_s0,1787497255,214962
es_vanilla_s0,1787497265,214962
es_vanilla_s0,1787497275,214962
es_vanilla_s0,1787497285,214962
es_vanilla_s0,1787497295,214962
es_vanilla_s0,1787497305,214962
es_vanilla_s0,1787497315,214962
es_vanilla_s0,1787497325,214962
es_vanilla_s0,1787497335,214962
es_vanilla_s0,1787497346,214962
es_vanilla_s0,1787497356,214962
es_vanilla_s0,1787497366,214962
es_vanilla_s0,1787497376,214962
es_vanilla_s0,1787497386,214962
es_vanilla_s0,1787497396,214962
es_vanilla_s0,1787497406,214962
es_vanilla_s0,1787497416,214962
es_vanilla_s0,1787497426,214962
es_vanilla_s0,1787497436,214962
es_vanilla_s0,1787497447,214962
es_vanilla_s0,1787497457,214962
es_vanilla_s0,1787497467,214962
es_vanilla_s0,1787497477,214962
es_vanilla_s0,1787497487,214962
es_vanilla_s0,1787497497,214962
es_vanilla_s0,1787497507,214962
es_vanilla_s0,1787497517,214962
es_vanilla_s0,1787497527,214962
es_vanilla_s0,1787497537,214962
es_vanilla_s0,1787497548,214962
es_vanilla_s0,1787497558,214962
es_vanilla_s0,1787497568,214962
es_vanilla_s0,1787497578,214962
es_vanilla_s0,1787497588,214962
es_vanilla_s0,1787497598,214962
es_vanilla_s0,1787497608,214962
es_vanilla_s0,1787497618,214962
es_vanilla_s0,1787497628,214962
es_vanilla_s0,1787497638,214962
es_vanilla_s0,1787497649,214962
es_vanilla_s0,1787497659,214962
es_vanilla_s0,1787497669,214962
es_vanilla_s0,1787497679,214962
es_vanilla_s0,1787497689,214962
es_vanilla_s0,1787497699,214962
es_vanilla_s0,1787497709,214962
es_vanilla_s0,1787497719,214962
es_vanilla_s0,1787497729,214962
es_vanilla_s0,1787497740,214962
es_vanilla_s0,1787497750,214962
es_vanilla_s0,1787497760,214962
es_vanilla_s0,1787497770,214962
es_vanilla_s0,1787497780,214962
es_vanilla_s0,1787497790,214962
es_vanilla_s0,1787497800,214962
es_vanilla_s0,1787497810,214962
es_vanilla_s0,1787497820,214962
es_vanilla_s0,1787497830,214962
es_vanilla_s0,1787497841,214962
es_vanilla_s0,1787497851,214962
es_vanilla_s0,1787497861,214962
es_vanilla_s0,1787497871,214962
es_vanilla_s0,1787497881,214962
es_vanilla_s0,1787497891,214962
es_vanilla_s0,1787497901,214962
es_vanilla_s0,1787497911,214962
es_vanilla_s0,1787497921,214962
es_vanilla_s0,1787497931,214962
es_vanilla_s0,1787497942,214962
es_vanilla_s0,1787497952,214962
es_vanilla_s0,1787497962,214962
es_vanilla_s0,1787497972,214962
es_vanilla_s0,1787497982,214962
es_vanilla_s0,1787497992,214962
es_vanilla_s0,1787498002,214962
es_vanilla_s0,1787498012,214962
es_vanilla_s0,1787498022,214962
es_vanilla_s0,1787498032,214962
es_vanilla_s0,1787498043,214962
es_vanilla_s0,1787498053,214962
es_vanilla_s0,1787498063,214962
es_vanilla_s0,1787498073,214962
es_vanilla_s0,1787498083,214962
es_vanilla_s0,1787498093,214962
es_vanilla_s0,1787498103,214962
es_vanilla_s0,1787498113,214962
es_vanilla_s0,1787498123,214962
es_vanilla_s0,1787498133,214962
es_vanilla_s0,1787498144,214962
es_vanilla_s0,1787498154,214962
es_vanilla_s0,1787498164,214962
es_vanilla_s0,1787498174,214962
es_vanilla_s0,1787498184,214962
es_vanilla_s0,1787498194,214962
es_vanilla_s0,1787498204,214962
es_vanilla_s0,1787498214,214962
es_vanilla_s0,1787498224,214962
es_vanilla_s0,1787498234,214962
es_vanilla_s0,1787498245,214962
es_vanilla_s0,1787498255,214962
es_vanilla_s0,1787498265,214962
es_vanilla_s0,1787498275,214962
es_vanilla_s0,1787498285,214962
es_vanilla_s0,1787498295,214962
es_vanilla_s0,1787498305,214962
es_vanilla_s0,1787498315,214962
es_vanilla_s0,1787498325,214962
es_vanilla_s0,1787498335,214962
es_vanilla_s0,1787498346,214962
es_vanilla_s0,1787498356,214962
es_vanilla_s0,1787498366,214962
es_vanilla_s0,1787498376,214962
es_vanilla_s0,1787498386,214962
es_vanilla_s0,1787498396,214962
es_vanilla_s0,1787498406,214962
es_vanilla_s0,1787498416,214962
es_vanilla_s0,1787498426,214962
es_vanilla_s0,1787498436,214962
es_vanilla_s0,1787498447,214962
es_vanilla_s0,1787498457,214962
es_vanilla_s0,1787498467,214962
es_vanilla_s0,1787498477,214962
es_vanilla_s0,1787498487,214962
es_vanilla_s0,1787498497,214962
es_vanilla_s0,1787498507,214962
es_vanilla_s0,1787498517,214962
es_vanilla_s0,1787498527,214962
es_vanilla_s0,1787498537,214962
es_vanilla_s0,1787498548,214962
es_vanilla_s0,1787498558,214962
es_vanilla_s0,1787498568,214962
es_vanilla_s0,1787498578,214962
es_vanilla_s0,1787498588,214962
es_vanilla_s0,1787498598,214962
es_vanilla_s0,1787498608,214962
es_vanilla_s0,1787498618,214962
es_vanilla_s0,1787498628,214962
es_vanilla_s0,1787498638,214962
es_vanilla_s0,1787498649,214962
es_vanilla_s0,1787498659,214962
es_vanilla_s0,1787498669,214962
es_vanilla_s0,1787498679,214962
es_vanilla_s0,1787498689,214962
es_vanilla_s0,1787498699,214962
es_vanilla_s0,1787498709,214962
es_vanilla_s0,1787498719,214962
es_vanilla_s0,1787498729,214962
es_vanilla_s0,1787498739,214962
es_vanilla_s0,1787498750,214962
es_vanilla_s0,1787498760,214962
es_vanilla_s0,1787498770,214962
es_vanilla_s0,1787498780,214962
es_vanilla_s0,1787498790,214962
es_vanilla_s0,1787498800,214962
es_vanilla_s0,1787498810,214962
es_vanilla_s0,1787498820,214962
es_vanilla_s0,1787498830,214962
es_vanilla_s0,1787498840,214962
es_vanilla_s0,1787498851,214962
es_vanilla_s0,1787498861,214962
es_vanilla_s0,1787498871,214962
es_vanilla_s0,1787498881,214962
es_vanilla_s0,1787498891,214962
es_vanilla_s0,1787498901,214962
es_vanilla_s0,1787498911,214962
es_vanilla_s0,1787498921,214962
es_vanilla_s0,1787498931,214962
es_vanilla_s0,1787498941,214962
es_vanilla_s0,1787498952,214962
es_vanilla_s0,1787498962,214962
es_vanilla_s0,1787498972,214962
es_vanilla_s0,1787498982,214962
es_vanilla_s0,1787498992,214962
es_vanilla_s0,1787499002,214962
es_vanilla_s0,1787499012,214962
es_vanilla_s0,1787499022,214962
es_vanilla_s0,1787499032,214962
es_vanilla_s0,1787499042,214962
es_vanilla_s0,1787499052,214962
es_vanilla_s0,1787499063,214962
es_vanilla_s0,1787499073,214962
es_vanilla_s0,1787499083,214962
es_vanilla_s0,1787499093,214962
es_vanilla_s0,1787499103,214962
es_vanilla_s0,1787499113,214962
es_vanilla_s0,1787499123,214962
es_vanilla_s0,1787499133,214962
es_vanilla_s0,1787499143,214962
es_vanilla_s0,1787499153,214962
es_vanilla_s0,1787499164,214962
es_vanilla_s0,1787499174,214962
es_vanilla_s0,1787499184,214962
es_vanilla_s0,1787499194,214962
es_vanilla_s0,1787499204,214962
es_vanilla_s0,1787499214,214962
es_vanilla_s0,1787499224,214962
es_vanilla_s0,1787499234,214962
es_vanilla_s0,1787499244,214962
es_vanilla_s0,1787499254,214962
es_vanilla_s0,1787499265,214962
es_vanilla_s0,1787499275,214962
es_vanilla_s0,1787499285,214962
es_vanilla_s0,1787499295,214962
es_vanilla_s0,1787499305,214962
es_vanilla_s0,1787499315,214962
es_vanilla_s0,1787499325,214962
es_vanilla_s0,1787499335,214962
es_vanilla_s0,1787499345,214962
es_vanilla_s0,1787499355,214962
es_vanilla_s0,1787499366,214962
es_vanilla_s0,1787499376,214962
es_vanilla_s0,1787499386,214962
es_vanilla_s0,1787499396,214962
es_vanilla_s0,1787499406,214962
es_vanilla_s0,1787499416,214962
es_vanilla_s0,1787499426,214962
es_vanilla_s0,1787499436,214962
es_vanilla_s0,1787499446,214962
es_vanilla_s0,1787499456,214962
es_vanilla_s0,1787499467,214962
es_vanilla_s0,1787499477,214962
es_vanilla_s0,1787499487,214962
es_vanilla_s0,1787499497,214962
es_vanilla_s0,1787499507,214962
es_vanilla_s0,1787499517,214962
es_vanilla_s0,1787499527,214962
es_vanilla_s0,1787499537,214962
es_vanilla_s0,1787499547,214962
es_vanilla_s0,1787499557,214962
es_vanilla_s0,1787499568,214962
es_vanilla_s0,1787499578,214962
es_vanilla_s0,1787499588,214962
es_vanilla_s0,1787499598,214962
es_vanilla_s0,1787499608,214962
es_vanilla_s0,1787499618,214962
es_vanilla_s0,1787499628,214962
es_vanilla_s0,1787499638,214962
es_vanilla_s0,1787499648,214962
es_vanilla_s0,1787499658,214962
es_vanilla_s0,1787499669,214962
es_vanilla_s0,1787499679,214962
es_vanilla_s0,1787499689,214962
es_vanilla_s0,1787499699,214962
es_vanilla_s0,1787499709,214962
es_vanilla_s0,1787499719,214962
es_vanilla_s0,1787499729,214962
es_vanilla_s0,1787499739,214962
es_vanilla_s0,1787499749,214962
es_vanilla_s0,1787499759,214962
es_vanilla_s0,1787499770,214962
es_vanilla_s0,1787499780,214962
es_vanilla_s0,1787499790,214962
es_vanilla_s0,1787499800,214962
es_vanilla_s0,1787499810,214962
es_vanilla_s0,1787499820,214962
es_vanilla_s0,1787499830,214962
es_vanilla_s0,1787499840,214962
es_vanilla_s0,1787499850,214962
es_vanilla_s0,1787499860,214962
es_vanilla_s0,1787499871,214962
es_vanilla_s0,1787499881,214962
es_vanilla_s0,1787499891,214962
es_vanilla_s0,1787499901,214962
es_vanilla_s0,1787499911,214962
es_vanilla_s0,1787499921,214962
es_vanilla_s0,1787499931,214962
es_vanilla_s0,1787499941,214962
es_vanilla_s0,1787499951,214962
es_vanilla_s0,1787499961,214962
es_vanilla_s0,1787499972,214962
es_vanilla_s0,1787499982,214962
es_vanilla_s0,1787499992,214962
es_vanilla_s0,1787500002,214962
es_vanilla_s0,1787500012,214962
es_vanilla_s0,1787500022,214962
es_vanilla_s0,1787500032,214962
es_vanilla_s0,1787500042,214962
es_vanilla_s0,1787500052,214962
es_vanilla_s0,1787500062,214962
es_vanilla_s0,1787500073,214962
es_vanilla_s0,1787500083,214962
es_vanilla_s0,1787500093,214962
es_vanilla_s0,1787500103,214962
es_vanilla_s0,1787500113,214962
es_vanilla_s0,1787500123,214962
es_vanilla_s0,1787500133,214962
es_vanilla_s0,1787500143,214962
es_vanilla_s0,1787500153,214962
es_vanilla_s0,1787500163,214962
es_vanilla_s0,1787500174,214962
es_vanilla_s0,1787500184,214962
es_vanilla_s0,1787500194,214962
es_vanilla_s0,1787500204,214962
es_vanilla_s0,1787500214,214962
es_vanilla_s0,1787500224,214962
es_vanilla_s0,1787500234,214962
es_vanilla_s0,1787500244,214962
es_vanilla_s0,1787500254,214962
es_vanilla_s0,1787500264,214962
es_vanilla_s0,1787500275,214962
es_vanilla_s0,1787500285,214962
es_vanilla_s0,1787500295,214962
es_vanilla_s0,1787500305,214962
es_vanilla_s0,1787500315,214962
es_vanilla_s0,1787500325,214962
es_vanilla_s0,1787500335,214962
es_vanilla_s0,1787500345,214962
es_vanilla_s0,1787500355,214962
es_vanilla_s0,1787500365,214962
es_vanilla_s0,1787500376,214962
es_vanilla_s0,1787500386,214962
es_vanilla_s0,1787500396,214962
es_vanilla_s0,1787500406,214962
es_vanilla_s0,1787500416,214962
es_vanilla_s0,1787500426,214962
es_vanilla_s0,1787500436,214962
es_vanilla_s0,1787500446,214962
es_vanilla_s0,1787500456,214962
es_vanilla_s0,1787500466,214962
es_vanilla_s0,1787500477,214962
es_vanilla_s0,1787500487,214962
es_vanilla_s0,1787500497,214962
es_vanilla_s0,1787500507,214962
es_vanilla_s0,1787500517,214962
es_vanilla_s0,1787500527,214962
es_vanilla_s0,1787500537,214962
es_vanilla_s0,1787500547,214962
es_vanilla_s0,1787500557,214962
es_vanilla_s0,1787500567,214962
es_vanilla_s0,1787500578,214962
es_vanilla_s0,1787500588,214962
es_vanilla_s0,1787500598,214962
es_vanilla_s0,1787500608,214962
es_vanilla_s0,1787500618,214962
es_vanilla_s0,1787500628,214962
es_vanilla_s0,1787500638,214962
es_vanilla_s0,1787500648,214962
es_vanilla_s0,1787500658,214962
es_vanilla_s0,1787500668,214962
es_vanilla_s0,1787500679,214962
es_vanilla_s0,1787500689,214962
es_vanilla_s0,1787500699,214962
es_vanilla_s0,1787500709,214962
es_vanilla_s0,1787500719,214962
es_vanilla_s0,1787500729,214962
es_vanilla_s0,1787500739,214962
es_vanilla_s0,1787500749,214962
es_vanilla_s0,1787500759,214962
es_vanilla_s0,1787500769,214962
es_vanilla_s0,1787500780,214962
es_vanilla_s0,1787500790,214962
es_vanilla_s0,1787500800,214962
es_vanilla_s0,1787500810,214962
es_vanilla_s0,1787500820,214962
es_vanilla_s0,1787500830,214962
es_vanilla_s0,1787500840,214962
es_vanilla_s0,1787500850,214962
es_vanilla_s0,1787500860,214962
es_vanilla_s0,1787500870,214962
es_vanilla_s0,1787500881,214962
es_vanilla_s0,1787500891,214962
es_vanilla_s0,1787500901,214962
es_vanilla_s0,1787500911,214962
es_vanilla_s0,1787500921,214962
es_vanilla_s0,1787500931,214962
es_vanilla_s0,1787500941,214962
es_vanilla_s0,1787500951,214962
es_vanilla_s0,1787500961,214962
es_vanilla_s0,1787500971,214962
es_vanilla_s0,1787500982,214962
es_vanilla_s0,1787500992,214962
es_vanilla_s0,1787501002,214962
es_vanilla_s0,1787501012,214962
es_vanilla_s0,1787501022,214962
es_vanilla_s0,1787501032,214962
es_vanilla_s0,1787501042,214962
es_vanilla_s0,1787501052,214962
es_vanilla_s0,1787501062,214962
es_vanilla_s0,1787501072,214962
es_vanilla_s0,1787501083,214962
es_vanilla_s0,1787501093,214962
es_vanilla_s0,1787501103,214962
es_vanilla_s0,1787501113,214962
es_vanilla_s0,1787501123,214962
es_vanilla_s0,1787501133,214962
es_vanilla_s0,1787501143,214962
es_vanilla_s0,1787501153,214962
es_vanilla_s0,1787501163,214962
es_vanilla_s0,1787501173,214962
es_vanilla_s0,1787501184,214962
es_vanilla_s0,1787501194,214962
es_vanilla_s0,1787501204,214962
es_vanilla_s0,1787501214,214962
es_vanilla_s0,1787501224,214962
es_vanilla_s0,1787501234,214962
es_vanilla_s0,1787501244,214962
es_vanilla_s0,1787501254,214962
es_vanilla_s0,1787501264,214962
es_vanilla_s0,1787501274,214962
es_vanilla_s0,1787501285,214962
es_vanilla_s0,1787501295,214962
es_vanilla_s0,1787501305,214962
es_vanilla_s0,1787501315,214962
es_vanilla_s0,1787501325,214962
es_vanilla_s0,1787501335,214962
es_vanilla_s0,1787501345,214962
es_vanilla_s0,1787501355,214962
es_vanilla_s0,1787501365,214962
es_vanilla_s0,1787501375,214962
es_vanilla_s0,1787501386,214962
es_vanilla_s0,1787501396,214962
es_vanilla_s0,1787501406,214962
es_vanilla_s0,1787501416,214962
es_vanilla_s0,1787501426,214962
es_vanilla_s0,1787501436,214962
es_vanilla_s0,1787501446,214962
es_vanilla_s0,1787501456,214962
es_vanilla_s0,1787501466,214962
es_vanilla_s0,1787501476,214962
es_vanilla_s0,1787501487,214962
es_vanilla_s0,1787501497,214962
es_vanilla_s0,1787501507,214962
es_vanilla_s0,1787501517,214962
es_vanilla_s0,1787501527,214962
es_vanilla_s0,1787501537,214962
es_vanilla_s0,1787501547,214962
es_vanilla_s0,1787501557,214962
es_vanilla_s0,1787501567,214962
es_vanilla_s0,1787501577,214962
es_vanilla_s0,1787501588,214962
es_vanilla_s0,1787501598,214962
es_vanilla_s0,1787501608,214962
es_vanilla_s0,1787501618,214962
es_vanilla_s0,1787501628,214962
es_vanilla_s0,1787501638,214962
es_vanilla_s0,1787501648,214962
es_vanilla_s0,1787501658,214962
es_vanilla_s0,1787501668,214962
es_vanilla_s0,1787501678,214962
es_vanilla_s0,1787501688,214962
es_vanilla_s0,1787501699,214962
es_vanilla_s0,1787501709,214962
es_vanilla_s0,1787501719,214962
es_vanilla_s0,1787501729,214962
es_vanilla_s0,1787501739,214962
es_vanilla_s0,1787501749,214962
es_vanilla_s0,1787501759,214962
es_vanilla_s0,1787501769,214962
es_vanilla_s0,1787501779,214962
es_vanilla_s0,1787501789,214962
es_vanilla_s0,1787501800,214962
es_vanilla_s0,1787501810,214962
es_vanilla_s0,1787501820,214962
es_vanilla_s0,1787501830,214962
es_vanilla_s0,1787501840,214962
es_vanilla_s0,1787501850,214962
es_vanilla_s0,1787501860,214962
es_vanilla_s0,1787501870,214962
es_vanilla_s0,1787501880,214962
es_vanilla_s0,1787501890,214962
es_vanilla_s0,1787501901,214962
es_vanilla_s0,1787501911,214962
es_vanilla_s0,1787501921,214962
es_vanilla_s0,1787501931,214962
es_vanilla_s0,1787501941,214962
es_vanilla_s0,1787501951,214962
es_vanilla_s0,1787501961,214962
es_vanilla_s0,1787501971,214962
es_vanilla_s0,1787501981,214962
es_vanilla_s0,1787501991,214962
es_vanilla_s0,1787502002,214962
es_vanilla_s0,1787502012,214962
es_vanilla_s0,1787502022,214962
es_vanilla_s0,1787502032,214962
es_vanilla_s0,1787502042,214962
es_vanilla_s0,1787502052,214962
es_vanilla_s0,1787502062,214962
es_vanilla_s0,1787502072,214962
es_vanilla_s0,1787502082,214962
es_vanilla_s0,1787502092,214962
es_vanilla_s0,1787502103,214962
es_vanilla_s0,1787502113,214962
es_vanilla_s0,1787502123,214962
es_vanilla_s0,1787502133,214962
es_vanilla_s0,1787502143,214962
es_vanilla_s0,1787502153,214962
es_vanilla_s0,1787502163,214962
es_vanilla_s0,1787502173,214962
es_vanilla_s0,1787502183,214962
es_vanilla_s0,1787502193,214962
es_vanilla_s0,1787502204,214962
es_vanilla_s0,1787502214,214962
es_vanilla_s0,1787502224,214962
es_vanilla_s0,1787502234,214962
es_vanilla_s0,1787502244,214962
es_vanilla_s0,1787502254,214962
es_vanilla_s0,1787502264,214962
es_vanilla_s0,1787502274,214962
es_vanilla_s0,1787502284,214962
es_vanilla_s0,1787502294,214962
es_vanilla_s0,1787502305,214962
es_vanilla_s0,1787502315,214962
es_vanilla_s0,1787502325,214962
es_vanilla_s0,1787502335,214962
es_vanilla_s0,1787502345,214962
es_vanilla_s0,1787502355,214962
es_vanilla_s0,1787502365,214962
es_vanilla_s0,1787502375,214962
es_vanilla_s0,1787502385,214962
es_vanilla_s0,1787502395,214962
es_vanilla_s0,1787502406,214962
es_vanilla_s0,1787502416,214962
es_vanilla_s0,1787502426,214962
es_vanilla_s0,1787502436,214962
es_vanilla_s0,1787502446,214962
es_vanilla_s0,1787502456,214962
es_vanilla_s0,1787502466,214962
es_vanilla_s0,1787502476,214962
es_vanilla_s0,1787502486,214962
es_vanilla_s0,1787502496,214962
es_vanilla_s0,1787502506,214962
es_vanilla_s0,1787502517,214962
es_vanilla_s0,1787502527,214962
es_vanilla_s0,1787502537,214962
es_vanilla_s0,1787502547,214962
es_vanilla_s0,1787502557,214962
es_vanilla_s0,1787502567,214962
es_vanilla_s0,1787502577,214962
es_vanilla_s0,1787502587,214962
es_vanilla_s0,1787502597,214962
es_vanilla_s0,1787502607,214962
es_vanilla_s0,1787502618,214962
es_vanilla_s0,1787502628,214962
es_vanilla_s0,1787502638,214962
es_vanilla_s0,1787502648,214962
es_vanilla_s0,1787502658,214962
es_vanilla_s0,1787502668,214962
es_vanilla_s0,1787502678,214962
es_vanilla_s0,1787502688,214962
es_vanilla_s0,1787502698,214962
es_vanilla_s0,1787502708,214962
es_vanilla_s0,1787502719,214962
es_vanilla_s0,1787502729,214962
es_vanilla_s0,1787502739,214962
es_vanilla_s0,1787502749,214962
es_vanilla_s0,1787502759,214962
es_vanilla_s0,1787502769,214962
es_vanilla_s0,1787502779,214962
es_vanilla_s0,1787502789,214962
es_vanilla_s0,1787502799,214962
es_vanilla_s0,1787502809,214962
es_vanilla_s0,1787502820,214962
es_vanilla_s0,1787502830,214962
es_vanilla_s0,1787502840,214962
es_vanilla_s0,1787502850,214962
es_vanilla_s0,1787502860,214962
es_vanilla_s0,1787502870,214962
es_vanilla_s0,1787502880,214962
es_vanilla_s0,1787502890,214962
es_vanilla_s0,1787502900,214962
es_vanilla_s0,1787502910,214962
es_vanilla_s0,1787502921,214962
es_vanilla_s0,1787502931,214962
es_vanilla_s0,1787502941,214962
es_vanilla_s0,1787502951,214962
es_vanilla_s0,1787502961,214962
es_vanilla_s0,1787502971,214962
es_vanilla_s0,1787502981,214962
es_vanilla_s0,1787502991,214962
es_vanilla_s0,1787503001,214962
es_vanilla_s0,1787503011,214962
es_vanilla_s0,1787503021,214962
es_vanilla_s0,1787503032,214962
es_vanilla_s0,1787503042,214962
es_vanilla_s0,1787503052,214962
es_vanilla_s0,1787503062,214962
es_vanilla_s0,1787503072,214962
es_vanilla_s0,1787503082,214962
es_vanilla_s0,1787503092,214962
es_vanilla_s0,1787503102,214962
es_vanilla_s0,1787503112,214962
es_vanilla_s0,1787503122,214962
es_vanilla_s0,1787503133,214962
es_vanilla_s0,1787503143,214962
es_vanilla_s0,1787503153,214962
es_vanilla_s0,1787503163,214962
es_vanilla_s0,1787503173,214962
es_vanilla_s0,1787503183,214962
es_vanilla_s0,1787503193,214962
es_vanilla_s0,1787503203,214962
es_vanilla_s0,1787503213,214962
es_vanilla_s0,1787503223,214962
es_vanilla_s0,1787503234,214962
es_vanilla_s0,1787503244,214962
es_vanilla_s0,1787503254,214962
es_vanilla_s0,1787503264,214962
es_vanilla_s0,1787503274,214962
es_vanilla_s0,1787503284,214962
es_vanilla_s0,1787503294,214962
es_vanilla_s0,1787503304,214962
es_vanilla_s0,1787503314,214962
es_vanilla_s0,1787503324,214962
es_vanilla_s0,1787503335,214962
es_vanilla_s0,1787503345,214962
es_vanilla_s0,1787503355,214962
es_vanilla_s0,1787503365,214962
es_vanilla_s0,1787503375,214962
es_vanilla_s0,1787503385,214962
es_vanilla_s0,1787503395,214962
es_vanilla_s0,1787503405,214962
es_vanilla_s0,1787503415,214962
es_vanilla_s0,1787503425,214962
es_vanilla_s0,1787503436,214962
es_vanilla_s0,1787503446,214962
es_vanilla_s0,1787503456,214962
es_vanilla_s0,1787503466,214962
es_vanilla_s0,1787503476,214962
es_vanilla_s0,1787503486,214962
es_vanilla_s0,1787503496,214962
es_vanilla_s0,1787503506,214962
es_vanilla_s0,1787503516,214962
es_vanilla_s0,1787503526,214962
es_vanilla_s0,1787503536,214962
es_vanilla_s0,1787503547,214962
es_vanilla_s0,1787503557,214962
es_vanilla_s0,1787503567,214962
es_vanilla_s0,1787503577,214962
es_vanilla_s0,1787503587,214962
es_vanilla_s0,1787503597,214962
es_vanilla_s0,1787503607,214962
es_vanilla_s0,1787503617,214962
es_vanilla_s0,1787503627,214962
es_vanilla_s0,1787503637,214962
es_vanilla_s0,1787503648,214962
es_vanilla_s0,1787503658,214962
es_vanilla_s0,1787503668,214962
es_vanilla_s0,1787503678,214962
es_vanilla_s0,1787503688,214962
es_vanilla_s0,1787503698,214962
es_vanilla_s0,1787503708,214962
es_vanilla_s0,1787503718,214962
es_vanilla_s0,1787503728,214962
es_vanilla_s0,1787503738,214962
es_vanilla_s0,1787503748,214962
es_vanilla_s0,1787503759,214962
es_vanilla_s0,1787503769,214962
es_vanilla_s0,1787503779,214962
es_vanilla_s0,1787503789,214962
es_vanilla_s0,1787503799,214962
es_vanilla_s0,1787503809,214962
es_vanilla_s0,1787503819,214962
es_vanilla_s0,1787503829,214962
es_vanilla_s0,1787503839,214962
es_vanilla_s0,1787503849,214962
es_vanilla_s0,1787503860,214962
es_vanilla_s0,1787503870,214962
es_vanilla_s0,1787503880,214962
es_vanilla_s0,1787503890,214962
es_vanilla_s0,1787503900,214962
es_vanilla_s0,1787503910,214962
es_vanilla_s0,1787503920,214962
es_vanilla_s0,1787503930,214962
es_vanilla_s0,1787503940,214962
es_vanilla_s0,1787503950,214962
es_vanilla_s0,1787503961,214962
es_vanilla_s0,1787503971,214962
es_vanilla_s0,1787503981,214962
es_vanilla_s0,1787503991,214962
es_vanilla_s0,1787504001,214962
es_vanilla_s0,1787504011,214962
es_vanilla_s0,1787504021,214962
es_vanilla_s0,1787504031,214962
es_vanilla_s0,1787504041,214962
es_vanilla_s0,1787504051,214962
es_vanilla_s0,1787504061,214962
es_vanilla_s0,1787504072,214962
es_vanilla_s0,1787504082,214962
es_vanilla_s0,1787504092,214962
es_vanilla_s0,1787504102,214962
es_vanilla_s0,1787504112,214962
es_vanilla_s0,1787504122,214962
es_vanilla_s0,1787504132,214962
es_vanilla_s0,1787504142,214962
es_vanilla_s0,1787504152,214962
es_vanilla_s0,1787504162,214962
es_vanilla_s0,1787504173,214962
es_vanilla_s0,1787504183,214962
es_vanilla_s0,1787504193,214962
es_vanilla_s0,1787504203,214962
es_vanilla_s0,1787504213,214962
es_vanilla_s0,1787504223,214962
es_vanilla_s0,1787504233,214962
es_vanilla_s0,1787504243,214962
es_vanilla_s0,1787504253,214962
es_vanilla_s0,1787504263,214962
es_vanilla_s0,1787504274,214962
es_vanilla_s0,1787504284,214962
es_vanilla_s0,1787504294,214962
es_vanilla_s0,1787504304,214962
es_vanilla_s0,1787504314,214962
es_vanilla_s0,1787504324,214962
es_vanilla_s0,1787504334,214962
es_vanilla_s0,1787504344,214962
es_vanilla_s0,1787504354,214962
es_vanilla_s0,1787504364,214962
es_vanilla_s0,1787504375,214962
es_vanilla_s0,1787504385,214962
es_vanilla_s0,1787504395,214962
es_vanilla_s0,1787504405,214962
es_vanilla_s0,1787504415,214962
es_vanilla_s0,1787504425,214962
es_vanilla_s0,1787504435,214962
es_vanilla_s0,1787504445,214962
es_vanilla_s0,1787504455,214962
es_vanilla_s0,1787504465,214962
es_vanilla_s0,1787504476,214962
es_vanilla_s0,1787504486,214962
es_vanilla_s0,1787504496,214962
es_vanilla_s0,1787504506,214962
es_vanilla_s0,1787504516,214962
es_vanilla_s0,1787504526,214962
es_vanilla_s0,1787504536,214962
es_vanilla_s0,1787504546,214962
es_vanilla_s0,1787504556,214962
es_vanilla_s0,1787504566,214962
es_vanilla_s0,1787504576,214962
es_vanilla_s0,1787504587,214962
es_vanilla_s0,1787504597,214962
es_vanilla_s0,1787504607,214962
es_vanilla_s0,1787504617,214962
es_vanilla_s0,1787504627,214962
es_vanilla_s0,1787504637,214962
es_vanilla_s0,1787504647,214962
es_vanilla_s0,1787504657,214962
es_vanilla_s0,1787504667,214962
es_vanilla_s0,1787504677,214962
es_vanilla_s0,1787504688,214962
es_vanilla_s0,1787504698,214962
es_vanilla_s0,1787504708,214962
es_vanilla_s0,1787504718,214962
es_vanilla_s0,1787504728,214962
es_vanilla_s0,1787504738,214962
es_vanilla_s0,1787504748,214962
es_vanilla_s0,1787504758,214962
es_vanilla_s0,1787504768,214962
es_vanilla_s0,1787504778,214962
es_vanilla_s0,1787504789,214962
es_vanilla_s0,1787504799,214962
es_vanilla_s0,1787504809,214962
es_vanilla_s0,1787504819,214962
es_vanilla_s0,1787504829,214962
es_vanilla_s0,1787504839,214962
es_vanilla_s0,1787504849,214962
es_vanilla_s0,1787504859,214962
es_vanilla_s0,1787504869,214962
es_vanilla_s0,1787504879,214962
es_vanilla_s0,1787504890,214962
es_vanilla_s0,1787504900,214962
es_vanilla_s0,1787504910,214962
es_vanilla_s0,1787504920,214962
es_vanilla_s0,1787504930,214962
es_vanilla_s0,1787504940,214962
es_vanilla_s0,1787504950,214962
es_vanilla_s0,1787504960,214962
es_vanilla_s0,1787504970,214962
es_vanilla_s0,1787504980,214962
es_vanilla_s0,1787504990,214962
es_vanilla_s0,1787505001,214962
es_vanilla_s0,1787505011,214962
es_vanilla_s0,1787505021,214962
es_vanilla_s0,1787505031,214962
es_vanilla_s0,1787505041,214962
es_vanilla_s0,1787505051,214962
es_vanilla_s0,1787505061,214962
es_vanilla_s0,1787505071,214962
es_vanilla_s0,1787505081,214962
es_vanilla_s0,1787505091,214962
es_vanilla_s0,1787505102,214962
es_vanilla_s0,1787505112,214962
es_vanilla_s0,1787505122,214962
es_vanilla_s0,1787505132,214962
es_vanilla_s0,1787505142,214962
es_vanilla_s0,1787505152,214962
es_vanilla_s0,1787505162,214962
es_vanilla_s0,1787505172,214962
es_vanilla_s0,1787505182,214962
es_vanilla_s0,1787505192,214962
es_vanilla_s0,1787505203,214962
es_vanilla_s0,1787505213,214962
es_vanilla_s0,1787505223,214962
es_vanilla_s0,1787505233,214962
es_vanilla_s0,1787505243,214962
es_vanilla_s0,1787505253,214962
es_vanilla_s0,1787505263,214962
es_vanilla_s0,1787505273,214962
es_vanilla_s0,1787505283,214962
es_vanilla_s0,1787505293,214962
es_vanilla_s0,1787505304,214962
es_vanilla_s0,1787505314,214962
es_vanilla_s0,1787505324,214962
es_vanilla_s0,1787505334,214962
es_vanilla_s0,1787505344,214962
es_vanilla_s0,1787505354,214962
es_vanilla_s0,1787505364,214962
es_vanilla_s0,1787505374,214962
es_vanilla_s0,1787505384,214962
es_vanilla_s0,1787505394,214962
es_vanilla_s0,1787505404,214962
es_vanilla_s0,1787505415,214962
es_vanilla_s0,1787505425,214962
es_vanilla_s0,1787505435,214962
es_vanilla_s0,1787505445,214962
es_vanilla_s0,1787505455,214962
es_vanilla_s0,1787505465,214962
es_vanilla_s0,1787505475,214962
es_vanilla_s0,1787505485,214962
es_vanilla_s0,1787505495,214962
es_vanilla_s0,1787505505,214962
es_vanilla_s0,1787505516,214962
es_vanilla_s0,1787505526,214962
es_vanilla_s0,1787505536,214962
es_vanilla_s0,1787505546,214962
es_vanilla_s0,1787505556,214962
es_vanilla_s0,1787505566,214962
es_vanilla_s0,1787505576,214962
es_vanilla_s0,1787505586,214962
es_vanilla_s0,1787505596,214962
es_vanilla_s0,1787505606,214962
es_vanilla_s0,1787505617,214962
es_vanilla_s0,1787505627,214962
es_vanilla_s0,1787505637,214962
es_vanilla_s0,1787505647,214962
es_vanilla_s0,1787505657,214962
es_vanilla_s0,1787505667,214962
es_vanilla_s0,1787505677,214962
es_vanilla_s0,1787505687,214962
es_vanilla_s0,1787505697,214962
es_vanilla_s0,1787505707,214962
es_vanilla_s0,1787505718,214962
es_vanilla_s0,1787505728,214962
es_vanilla_s0,1787505738,214962
es_vanilla_s0,1787505748,214962
es_vanilla_s0,1787505758,214962
es_vanilla_s0,1787505768,214962
es_vanilla_s0,1787505778,214962
es_vanilla_s0,1787505788,214962
es_vanilla_s0,1787505798,214962
es_vanilla_s0,1787505808,214962
es_vanilla_s0,1787505818,214962
es_vanilla_s0,1787505829,214962
es_vanilla_s0,1787505839,214962
es_vanilla_s0,1787505849,214962
es_vanilla_s0,1787505859,214962
es_vanilla_s0,1787505869,214962
es_vanilla_s0,1787505879,214962
es_vanilla_s0,1787505889,214962
es_vanilla_s0,1787505899,214962
es_vanilla_s0,1787505909,214962
es_vanilla_s0,1787505919,214962
es_vanilla_s0,1787505930,214962
es_vanilla_s0,1787505940,214962
es_vanilla_s0,1787505950,214962
es_vanilla_s0,1787505960,214962
es_vanilla_s0,1787505970,214962
es_vanilla_s0,1787505980,214962
es_vanilla_s0,1787505990,214962
es_vanilla_s0,1787506000,214962
es_vanilla_s0,1787506010,214962
es_vanilla_s0,1787506020,214962
es_vanilla_s0,1787506031,214962
es_vanilla_s0,1787506041,214962
es_vanilla_s0,1787506051,214962
es_vanilla_s0,1787506061,214962
es_vanilla_s0,1787506071,214962
es_vanilla_s0,1787506081,214962
es_vanilla_s0,1787506091,214962
es_vanilla_s0,1787506101,214962
es_vanilla_s0,1787506111,214962
es_vanilla_s0,1787506121,214962
es_vanilla_s0,1787506132,214962
es_vanilla_s0,1787506142,214962
es_vanilla_s0,1787506152,214962
es_vanilla_s0,1787506162,214962
es_vanilla_s0,1787506172,214962
es_vanilla_s0,1787506182,214962
es_vanilla_s0,1787506192,214962
es_vanilla_s0,1787506202,214962
es_vanilla_s0,1787506212,214962
es_vanilla_s0,1787506222,214962
es_vanilla_s0,1787506233,214962
es_vanilla_s0,1787506243,214962
es_vanilla_s0,1787506253,214962
es_vanilla_s0,1787506263,214962
es_vanilla_s0,1787506273,214962
es_vanilla_s0,1787506283,214962
es_vanilla_s0,1787506293,214962
es_vanilla_s0,1787506303,214962
es_vanilla_s0,1787506313,214962
es_vanilla_s0,1787506323,214962
es_vanilla_s0,1787506333,214962
es_vanilla_s0,1787506344,214962
es_vanilla_s0,1787506354,214962
es_vanilla_s0,1787506364,214962
es_vanilla_s0,1787506374,214962
es_vanilla_s0,1787506384,214962
es_vanilla_s0,1787506394,214962
es_vanilla_s0,1787506404,214962
es_vanilla_s0,1787506414,214962
es_vanilla_s0,1787506424,214962
es_vanilla_s0,1787506434,214962
es_vanilla_s0,1787506445,214962
es_vanilla_s0,1787506455,214962
es_vanilla_s0,1787506465,214962
es_vanilla_s0,1787506475,214962
es_vanilla_s0,1787506485,214962
es_vanilla_s0,1787506495,214962
es_vanilla_s0,1787506505,214962
es_vanilla_s0,1787506515,214962
es_vanilla_s0,1787506525,214962
es_vanilla_s0,1787506535,214962
es_vanilla_s0,1787506546,214962
es_vanilla_s0,1787506556,214962
es_vanilla_s0,1787506566,214962
es_vanilla_s0,1787506576,214962
es_vanilla_s0,1787506586,214962
es_vanilla_s0,1787506596,214962
es_vanilla_s0,1787506606,214962
es_vanilla_s0,1787506616,214962
es_vanilla_s0,1787506626,214962
es_vanilla_s0,1787506636,214962
es_vanilla_s0,1787506647,214962
es_vanilla_s0,1787506657,214962
es_vanilla_s0,1787506667,214962
es_vanilla_s0,1787506677,214962
es_vanilla_s0,1787506687,214962
es_vanilla_s0,1787506697,214962
es_vanilla_s0,1787506707,214962
es_vanilla_s0,1787506717,214962
es_vanilla_s0,1787506727,214962
es_vanilla_s0,1787506737,214962
es_vanilla_s0,1787506747,214962
es_vanilla_s0,1787506758,214962
es_vanilla_s0,1787506768,214962
es_vanilla_s0,1787506778,214962
es_vanilla_s0,1787506788,214962
es_vanilla_s0,1787506798,214962
es_vanilla_s0,1787506808,214962
es_vanilla_s0,1787506818,214962
es_vanilla_s0,1787506828,214962
es_vanilla_s0,1787506838,214962
es_vanilla_s0,1787506848,214962
es_vanilla_s0,1787506859,214962
es_vanilla_s0,1787506869,214962
es_vanilla_s0,1787506879,214962
es_vanilla_s0,1787506889,214962
es_vanilla_s0,1787506899,214962
es_vanilla_s0,1787506909,214962
es_vanilla_s0,1787506919,214962
es_vanilla_s0,1787506929,214962
es_vanilla_s0,1787506939,214962
es_vanilla_s0,1787506949,214962
es_vanilla_s0,1787506960,214962
es_vanilla_s0,1787506970,214962
es_vanilla_s0,1787506980,214962
es_vanilla_s0,1787506990,214962
es_vanilla_s0,1787507000,214962
es_vanilla_s0,1787507010,214962
es_vanilla_s0,1787507020,214962
es_vanilla_s0,1787507030,214962
es_vanilla_s0,1787507040,214962
es_vanilla_s0,1787507050,214962
es_vanilla_s0,1787507061,214962
es_vanilla_s0,1787507071,214962
es_vanilla_s0,1787507081,214962
es_vanilla_s0,1787507091,214962
es_vanilla_s0,1787507101,214962
es_vanilla_s0,1787507111,214962
es_vanilla_s0,1787507121,214962
es_vanilla_s0,1787507131,214962
es_vanilla_s0,1787507141,214962
es_vanilla_s0,1787507151,214962
es_vanilla_s0,1787507162,214962
es_vanilla_s0,1787507172,214962
es_vanilla_s0,1787507182,214962
es_vanilla_s0,1787507192,214962
es_vanilla_s0,1787507202,214962
es_vanilla_s0,1787507212,214962
es_vanilla_s0,1787507222,214962
es_vanilla_s0,1787507232,214962
es_vanilla_s0,1787507242,214962
es_vanilla_s0,1787507252,214962
es_vanilla_s0,1787507263,214962
es_vanilla_s0,1787507273,214962
es_vanilla_s0,1787507283,214962
es_vanilla_s0,1787507293,214962
es_vanilla_s0,1787507303,214962
es_vanilla_s0,1787507313,214962
es_vanilla_s0,1787507323,214962
es_vanilla_s0,1787507333,214962
es_vanilla_s0,1787507343,214962
es_vanilla_s0,1787507353,214962
es_vanilla_s0,1787507363,214962
es_vanilla_s0,1787507374,214962
es_vanilla_s0,1787507384,214962
es_vanilla_s0,1787507394,214962
es_vanilla_s0,1787507404,214962
es_vanilla_s0,1787507414,214962
es_vanilla_s0,1787507424,214962
es_vanilla_s0,1787507434,214962
es_vanilla_s0,1787507444,214962
es_vanilla_s0,1787507454,214962
es_vanilla_s0,1787507465,214962
es_vanilla_s0,1787507475,214962
es_vanilla_s0,1787507485,214962
es_vanilla_s0,1787507495,214962
es_vanilla_s0,1787507505,214962
es_vanilla_s0,1787507515,214962
es_vanilla_s0,1787507525,214962
es_vanilla_s0,1787507535,214962
es_vanilla_s0,1787507545,214962
es_vanilla_s0,1787507555,214962
es_vanilla_s0,1787507565,214962
es_vanilla_s0,1787507576,214962
es_vanilla_s0,1787507586,214962
es_vanilla_s0,1787507596,214962
es_vanilla_s0,1787507606,214962
es_vanilla_s0,1787507616,214962
es_vanilla_s0,1787507626,214962
es_vanilla_s0,1787507636,214962
es_vanilla_s0,1787507646,214962
es_vanilla_s0,1787507656,214962
es_vanilla_s0,1787507666,214962
es_vanilla_s0,1787507677,214962
es_vanilla_s0,1787507687,214962
es_vanilla_s0,1787507697,214962
es_vanilla_s0,1787507707,214962
es_vanilla_s0,1787507717,214962
es_vanilla_s0,1787507727,214962
es_vanilla_s0,1787507737,214962
es_vanilla_s0,1787507747,214962
es_vanilla_s0,1787507757,214962
es_vanilla_s0,1787507767,214962
es_vanilla_s0,1787507778,214962
es_vanilla_s0,1787507788,214962
es_vanilla_s0,1787507798,214962
es_vanilla_s0,1787507808,214962
es_vanilla_s0,1787507818,214962
es_vanilla_s0,1787507828,214962
es_vanilla_s0,1787507838,214962
es_vanilla_s0,1787507848,214962
es_vanilla_s0,1787507858,214962
es_vanilla_s0,1787507868,214962
es_vanilla_s0,1787507879,214962
es_vanilla_s0,1787507889,214962
es_vanilla_s0,1787507899,214962
es_vanilla_s0,1787507909,214962
es_vanilla_s0,1787507919,214962
es_vanilla_s0,1787507929,214962
es_vanilla_s0,1787507939,214962
es_vanilla_s0,1787507949,214962
es_vanilla_s0,1787507959,214962
es_vanilla_s0,1787507969,214962
es_vanilla_s0,1787507979,214962
es_vanilla_s0,1787507990,214962
es_vanilla_s0,1787508000,214962
es_vanilla_s0,1787508010,214962
es_vanilla_s0,1787508020,214962
es_vanilla_s0,1787508030,214962
es_vanilla_s0,1787508040,214962
es_vanilla_s0,1787508050,214962
es_vanilla_s0,1787508060,214962
es_vanilla_s0,1787508070,214962
es_vanilla_s0,1787508080,214962
es_vanilla_s0,1787508091,214962
es_vanilla_s0,1787508101,214962
es_vanilla_s0,1787508111,214962
es_vanilla_s0,1787508121,214962
es_vanilla_s0,1787508131,214962
es_vanilla_s0,1787508141,214962
es_vanilla_s0,1787508151,214962
es_vanilla_s0,1787508161,214962
es_vanilla_s0,1787508171,214962
es_vanilla_s0,1787508181,214962
es_vanilla_s0,1787508192,214962
es_vanilla_s0,1787508202,214962
es_vanilla_s0,1787508212,214962
es_vanilla_s0,1787508222,214962
es_vanilla_s0,1787508232,214962
es_vanilla_s0,1787508242,214962
es_vanilla_s0,1787508252,214962
es_vanilla_s0,1787508262,214962
es_vanilla_s0,1787508272,214962
es_vanilla_s0,1787508282,214962
es_vanilla_s0,1787508293,214962
es_vanilla_s0,1787508303,214962
es_vanilla_s0,1787508313,214962
es_vanilla_s0,1787508323,214962
es_vanilla_s0,1787508333,214962
es_vanilla_s0,1787508343,214962
es_vanilla_s0,1787508353,214962
es_vanilla_s0,1787508363,214962
es_vanilla_s0,1787508373,214962
es_vanilla_s0,1787508383,214962
es_vanilla_s0,1787508393,214962
es_vanilla_s0,1787508404,214962
es_vanilla_s0,1787508414,214962
es_vanilla_s0,1787508424,214962
es_vanilla_s0,1787508434,214962
es_vanilla_s0,1787508444,214962
es_vanilla_s0,1787508454,214962
es_vanilla_s0,1787508464,214962
es_vanilla_s0,1787508474,214962
es_vanilla_s0,1787508484,214962
es_vanilla_s0,1787508494,214962
es_vanilla_s0,1787508505,214962
es_vanilla_s0,1787508515,214962
es_vanilla_s0,1787508525,214962
es_vanilla_s0,1787508535,214962
es_vanilla_s0,1787508545,214962
es_vanilla_s0,1787508555,214962
es_vanilla_s0,1787508565,214962
es_vanilla_s0,1787508575,214962
es_vanilla_s0,1787508585,214962
es_vanilla_s0,1787508595,214962
es_vanilla_s0,1787508606,214962
es_vanilla_s0,1787508616,214962
es_vanilla_s0,1787508626,214962
es_vanilla_s0,1787508636,214962
es_vanilla_s0,1787508646,214962
es_vanilla_s0,1787508656,214962
es_vanilla_s0,1787508666,214962
es_vanilla_s0,1787508676,214962
es_vanilla_s0,1787508686,214962
es_vanilla_s0,1787508696,214962
es_vanilla_s0,1787508707,214962
es_vanilla_s0,1787508717,214962
es_vanilla_s0,1787508727,214962
es_vanilla_s0,1787508737,214962
es_vanilla_s0,1787508747,214962
es_vanilla_s0,1787508757,214962
es_vanilla_s0,1787508767,214962
es_vanilla_s0,1787508777,214962
es_vanilla_s0,1787508787,214962
es_vanilla_s0,1787508797,214962
es_vanilla_s0,1787508807,214962
es_vanilla_s0,1787508818,214962
es_vanilla_s0,1787508828,214962
es_vanilla_s0,1787508838,214962
es_vanilla_s0,1787508848,214962
es_vanilla_s0,1787508858,214962
es_vanilla_s0,1787508868,214962
es_vanilla_s0,1787508878,214962
es_vanilla_s0,1787508888,214962
es_vanilla_s0,1787508898,214962
es_vanilla_s0,1787508908,214962
es_vanilla_s0,1787508919,214962
es_vanilla_s0,1787508929,214962
es_vanilla_s0,1787508939,214962
es_vanilla_s0,1787508949,214962
es_vanilla_s0,1787508959,214962
es_vanilla_s0,1787508969,214962
es_vanilla_s0,1787508979,214962
es_vanilla_s0,1787508989,214962
es_vanilla_s0,1787508999,214962
es_vanilla_s0,1787509009,214962
es_vanilla_s0,1787509019,214962
es_vanilla_s0,1787509030,214962
es_vanilla_s0,1787509040,214962
es_vanilla_s0,1787509050,214962
es_vanilla_s0,1787509060,214962
es_vanilla_s0,1787509070,214962
es_vanilla_s0,1787509080,214962
es_vanilla_s0,1787509090,214962
es_vanilla_s0,1787509100,214962
es_vanilla_s0,1787509110,214962
es_vanilla_s0,1787509120,214962
es_vanilla_s0,1787509131,214962
es_vanilla_s0,1787509141,214962
es_vanilla_s0,1787509151,214962
es_vanilla_s0,1787509161,214962
es_vanilla_s0,1787509171,214962
es_vanilla_s0,1787509181,214962
es_vanilla_s0,1787509191,214962
es_vanilla_s0,1787509201,214962
es_vanilla_s0,1787509211,214962
es_vanilla_s0,1787509221,214962
es_vanilla_s0,1787509232,214962
es_vanilla_s0,1787509242,214962
es_vanilla_s0,1787509252,214962
es_vanilla_s0,1787509262,214962
es_vanilla_s0,1787509272,214962
es_vanilla_s0,1787509282,214962
es_vanilla_s0,1787509292,214962
es_vanilla_s0,1787509302,214962
es_vanilla_s0,1787509312,214962
es_vanilla_s0,1787509322,214962
es_vanilla_s0,1787509332,214962
es_vanilla_s0,1787509343,214962
es_vanilla_s0,1787509353,214962
es_vanilla_s0,1787509363,214962
es_vanilla_s0,1787509373,214962
es_vanilla_s0,1787509383,214962
es_vanilla_s0,1787509393,214962
es_vanilla_s0,1787509403,214962
es_vanilla_s0,1787509413,214962
es_vanilla_s0,1787509423,214962
es_vanilla_s0,1787509433,214962
es_vanilla_s0,1787509444,214962
es_vanilla_s0,1787509454,214962
es_vanilla_s0,1787509464,214962
es_vanilla_s0,1787509474,214962
es_vanilla_s0,1787509484,214962
es_vanilla_s0,1787509494,214962
es_vanilla_s0,1787509504,214962
es_vanilla_s0,1787509514,214962
es_vanilla_s0,1787509524,214962
es_vanilla_s0,1787509534,214962
es_vanilla_s0,1787509545,214962
es_vanilla_s0,1787509555,214962
es_vanilla_s0,1787509565,214962
es_vanilla_s0,1787509575,214962
es_vanilla_s0,1787509585,214962
es_vanilla_s0,1787509595,214962
es_vanilla_s0,1787509605,214962
es_vanilla_s0,1787509615,214962
es_vanilla_s0,1787509625,214962
es_vanilla_s0,1787509635,214962
es_vanilla_s0,1787509645,214962
es_vanilla_s0,1787509656,214962
es_vanilla_s0,1787509666,214962
es_vanilla_s0,1787509676,214962
es_vanilla_s0,1787509686,214962
es_vanilla_s0,1787509696,214962
es_vanilla_s0,1787509706,214962
es_vanilla_s0,1787509716,214962
es_vanilla_s0,1787509726,214962
es_vanilla_s0,1787509736,214962
es_vanilla_s0,1787509746,214962
es_vanilla_s0,1787509757,214962
es_vanilla_s0,1787509767,214962
es_vanilla_s0,1787509777,214962
es_vanilla_s0,1787509787,214962
es_vanilla_s0,1787509797,214962
es_vanilla_s0,1787509807,214962
es_vanilla_s0,1787509817,214962
es_vanilla_s0,1787509827,214962
es_vanilla_s0,1787509837,214962
es_vanilla_s0,1787509847,214962
es_vanilla_s0,1787509858,214962
es_vanilla_s0,1787509868,214962
es_vanilla_s0,1787509878,214962
es_vanilla_s0,1787509888,214962
es_vanilla_s0,1787509898,214962
es_vanilla_s0,1787509908,214962
es_vanilla_s0,1787509918,214962
es_vanilla_s0,1787509928,214962
es_vanilla_s0,1787509938,214962
es_vanilla_s0,1787509948,214962
es_vanilla_s0,1787509959,214962
es_vanilla_s0,1787509969,214962
es_vanilla_s0,1787509979,214962
es_vanilla_s0,1787509989,214962
es_vanilla_s0,1787509999,214962
es_vanilla_s0,1787510009,214962
es_vanilla_s0,1787510019,214962
es_vanilla_s0,1787510029,214962
es_vanilla_s0,1787510039,214962
es_vanilla_s0,1787510049,214962
es_vanilla_s0,1787510060,214962
es_vanilla_s0,1787510070,214962
es_vanilla_s0,1787510080,214962
es_vanilla_s0,1787510090,214962
es_vanilla_s0,1787510100,214962
es_vanilla_s0,1787510110,214962
es_vanilla_s0,1787510120,214962
es_vanilla_s0,1787510130,214962
es_vanilla_s0,1787510140,214962
es_vanilla_s0,1787510150,214962
es_vanilla_s0,1787510160,214962
es_vanilla_s0,1787510171,214962
es_vanilla_s0,1787510181,214962
es_vanilla_s0,1787510191,214962
es_vanilla_s0,1787510201,214962
es_vanilla_s0,1787510211,214962
es_vanilla_s0,1787510221,214962
es_vanilla_s0,1787510231,214962
es_vanilla_s0,1787510241,214962
es_vanilla_s0,1787510251,214962
es_vanilla_s0,1787510261,214962
es_vanilla_s0,1787510272,214962
es_vanilla_s0,1787510282,214962
es_vanilla_s0,1787510292,214962
es_vanilla_s0,1787510302,214962
es_vanilla_s0,1787510312,214962
es_vanilla_s0,1787510322,214962
es_vanilla_s0,1787510332,214962
es_vanilla_s0,1787510342,214962
es_vanilla_s0,1787510352,214962
es_vanilla_s0,1787510362,214962
es_vanilla_s0,1787510373,214962
es_vanilla_s0,1787510383,214962
es_vanilla_s0,1787510393,214962
es_vanilla_s0,1787510403,214962
es_vanilla_s0,1787510413,214962
es_vanilla_s0,1787510423,214962
es_vanilla_s0,1787510433,214962
es_vanilla_s0,1787510443,214962
es_vanilla_s0,1787510453,214962
es_vanilla_s0,1787510463,214962
es_vanilla_s0,1787510474,214962
es_vanilla_s0,1787510484,214962
es_vanilla_s0,1787510494,214962
es_vanilla_s0,1787510504,214962
es_vanilla_s0,1787510514,214962
es_vanilla_s0,1787510524,214962
es_vanilla_s0,1787510534,214962
es_vanilla_s0,1787510544,214962
es_vanilla_s0,1787510554,214962
es_vanilla_s0,1787510564,214962
es_vanilla_s0,1787510575,214962
es_vanilla_s0,1787510585,214962
es_vanilla_s0,1787510595,214962
es_vanilla_s0,1787510605,214962
es_vanilla_s0,1787510615,214962
es_vanilla_s0,1787510625,214962
es_vanilla_s0,1787510635,214962
es_vanilla_s0,1787510645,214962
es_vanilla_s0,1787510655,214962
es_vanilla_s0,1787510665,214962
es_vanilla_s0,1787510675,214962
es_vanilla_s0,1787510686,214962
es_vanilla_s0,1787510696,214962
es_vanilla_s0,1787510706,214962
es_vanilla_s0,1787510716,214962
es_vanilla_s0,1787510726,214962
es_vanilla_s0,1787510736,214962
es_vanilla_s0,1787510746,214962
es_vanilla_s0,1787510756,214962
es_vanilla_s0,1787510766,214962
es_vanilla_s0,1787510776,214962
es_vanilla_s0,1787510787,214962
es_vanilla_s0,1787510797,214962
es_vanilla_s0,1787510807,214962
es_vanilla_s0,1787510817,214962
es_vanilla_s0,1787510827,214962
es_vanilla_s0,1787510837,214962
es_vanilla_s0,1787510847,214962
es_vanilla_s0,1787510857,214962
es_vanilla_s0,1787510867,214962
es_vanilla_s0,1787510877,214962
es_vanilla_s0,1787510888,214962
es_vanilla_s0,1787510898,214962
es_vanilla_s0,1787510908,214962
es_vanilla_s0,1787510918,214962
es_vanilla_s0,1787510928,214962
es_vanilla_s0,1787510938,214962
es_vanilla_s0,1787510948,214962
es_vanilla_s0,1787510958,214962
es_vanilla_s0,1787510968,214962
es_vanilla_s0,1787510978,214962
es_vanilla_s0,1787510988,214962
es_vanilla_s0,1787510999,214962
es_vanilla_s0,1787511009,214962
es_vanilla_s0,1787511019,214962
es_vanilla_s0,1787511029,214962
es_vanilla_s0,1787511039,214962
es_vanilla_s0,1787511049,214962
es_vanilla_s0,1787511059,214962
es_vanilla_s0,1787511069,214962
es_vanilla_s0,1787511079,214962
es_vanilla_s0,1787511089,214962
es_vanilla_s0,1787511100,214962
es_vanilla_s0,1787511110,214962
es_vanilla_s0,1787511120,214962
es_vanilla_s0,1787511130,214962
es_vanilla_s0,1787511140,214962
es_vanilla_s0,1787511150,214962
es_vanilla_s0,1787511160,214962
es_vanilla_s0,1787511170,214962
es_vanilla_s0,1787511180,214962
es_vanilla_s0,1787511190,214962
es_vanilla_s0,1787511201,214962
es_vanilla_s0,1787511211,214962
es_vanilla_s0,1787511221,214962
es_vanilla_s0,1787511231,214962
es_vanilla_s0,1787511241,214962
es_vanilla_s0,1787511251,214962
es_vanilla_s0,1787511261,214962
es_vanilla_s0,1787511271,214962
es_vanilla_s0,1787511281,214962
es_vanilla_s0,1787511291,214962
es_vanilla_s0,1787511302,214962
es_vanilla_s0,1787511312,214962
es_vanilla_s0,1787511322,214962
es_vanilla_s0,1787511332,214962
es_vanilla_s0,1787511342,214962
es_vanilla_s0,1787511352,214962
es_vanilla_s0,1787511362,214962
es_vanilla_s0,1787511372,214962
es_vanilla_s0,1787511382,214962
es_vanilla_s0,1787511392,214962
es_vanilla_s0,1787511402,214962
es_vanilla_s0,1787511413,214962
es_vanilla_s0,1787511423,214962
es_vanilla_s0,1787511433,214962
es_vanilla_s0,1787511443,214962
es_vanilla_s0,1787511453,214962
es_vanilla_s0,1787511463,214962
es_vanilla_s0,1787511473,214962
es_vanilla_s0,1787511483,214962
es_vanilla_s0,1787511493,214962
es_vanilla_s0,1787511503,214962
es_vanilla_s0,1787511514,214962
es_vanilla_s0,1787511524,214962
es_vanilla_s0,1787511534,214962
es_vanilla_s0,1787511544,214962
es_vanilla_s0,1787511554,214962
es_vanilla_s0,1787511564,214962
es_vanilla_s0,1787511574,214962
es_vanilla_s0,1787511584,214962
es_vanilla_s0,1787511594,214962
es_vanilla_s0,1787511604,214962
es_vanilla_s0,1787511615,214962
es_vanilla_s0,1787511625,214962
es_vanilla_s0,1787511635,214962
es_vanilla_s0,1787511645,214962
es_vanilla_s0,1787511655,214962
es_vanilla_s0,1787511665,214962
es_vanilla_s0,1787511675,214962
es_vanilla_s0,1787511685,214962
es_vanilla_s0,1787511695,214962
es_vanilla_s0,1787511705,214962
es_vanilla_s0,1787511716,214962
es_vanilla_s0,1787511726,214962
es_vanilla_s0,1787511736,214962
es_vanilla_s0,1787511746,214962
es_vanilla_s0,1787511756,214962
es_vanilla_s0,1787511766,214962
es_vanilla_s0,1787511776,214962
es_vanilla_s0,1787511786,214962
es_vanilla_s0,1787511796,214962
es_vanilla_s0,1787511806,214962
es_vanilla_s0,1787511817,214962
es_vanilla_s0,1787511827,214962
es_vanilla_s0,1787511837,214962
es_vanilla_s0,1787511847,214962
es_vanilla_s0,1787511857,214962
es_vanilla_s0,1787511867,214962
es_vanilla_s0,1787511877,214962
es_vanilla_s0,1787511887,214962
es_vanilla_s0,1787511897,214962
es_vanilla_s0,1787511907,214962
es_vanilla_s0,1787511918,214962
es_vanilla_s0,1787511928,214962
es_vanilla_s0,1787511938,214962
es_vanilla_s0,1787511948,214962
es_vanilla_s0,1787511958,214962
es_vanilla_s0,1787511968,214962
es_vanilla_s0,1787511978,214962
es_vanilla_s0,1787511988,214962
es_vanilla_s0,1787511998,214962
es_vanilla_s0,1787512008,214962
es_vanilla_s0,1787512018,214962
es_vanilla_s0,1787512029,214962
es_vanilla_s0,1787512039,214962
es_vanilla_s0,1787512049,214962
es_vanilla_s0,1787512059,214962
es_vanilla_s0,1787512069,214962
es_vanilla_s0,1787512079,214962
es_vanilla_s0,1787512089,214962
es_vanilla_s0,1787512099,214962
es_vanilla_s0,1787512109,214962
es_vanilla_s0,1787512119,214962
es_vanilla_s0,1787512130,214962
es_vanilla_s0,1787512140,214962
es_vanilla_s0,1787512150,214962
es_vanilla_s0,1787512160,214962
es_vanilla_s0,1787512170,214962
es_vanilla_s0,1787512180,214962
es_vanilla_s0,1787512190,214962
es_vanilla_s0,1787512200,214962
es_vanilla_s0,1787512210,214962
es_vanilla_s0,1787512220,214962
es_vanilla_s0,1787512231,214962
es_vanilla_s0,1787512241,214962
es_vanilla_s0,1787512251,214962
es_vanilla_s0,1787512261,214962
es_vanilla_s0,1787512271,214962
es_vanilla_s0,1787512281,214962
es_vanilla_s0,1787512291,214962
es_vanilla_s0,1787512301,214962
es_vanilla_s0,1787512311,214962
es_vanilla_s0,1787512321,214962
es_vanilla_s0,1787512332,214962
es_vanilla_s0,1787512342,214962
es_vanilla_s0,1787512352,214962
es_vanilla_s0,1787512362,214962
es_vanilla_s0,1787512372,214962
es_vanilla_s0,1787512382,214962
es_vanilla_s0,1787512392,214962
es_vanilla_s0,1787512402,214962
es_vanilla_s0,1787512412,214962
es_vanilla_s0,1787512422,214962
es_vanilla_s0,1787512433,214962
es_vanilla_s0,1787512443,214962
es_vanilla_s0,1787512453,214962
es_vanilla_s0,1787512463,214962
es_vanilla_s0,1787512473,214962
es_vanilla_s0,1787512483,214962
es_vanilla_s0,1787512493,214962
es_vanilla_s0,1787512503,214962
es_vanilla_s0,1787512513,214962
es_vanilla_s0,1787512523,214962
es_vanilla_s0,1787512533,214962
es_vanilla_s0,1787512544,214962
es_vanilla_s0,1787512554,214962
es_vanilla_s0,1787512564,214962
es_vanilla_s0,1787512574,214962
es_vanilla_s0,1787512584,214962
es_vanilla_s0,1787512594,214962
es_vanilla_s0,1787512604,214962
es_vanilla_s0,1787512614,214962
es_vanilla_s0,1787512624,214962
es_vanilla_s0,1787512634,214962
es_vanilla_s0,1787512645,214962
es_vanilla_s0,1787512655,214962
es_vanilla_s0,1787512665,214962
es_vanilla_s0,1787512675,214962
es_vanilla_s0,1787512685,214962
es_vanilla_s0,1787512695,214962
es_vanilla_s0,1787512705,214962
es_vanilla_s0,1787512715,214962
es_vanilla_s0,1787512725,214962
es_vanilla_s0,1787512735,214962
es_vanilla_s0,1787512746,214962
es_vanilla_s0,1787512756,214962
es_vanilla_s0,1787512766,214962
es_vanilla_s0,1787512776,214962
es_vanilla_s0,1787512786,214962
es_vanilla_s0,1787512796,214962
es_vanilla_s0,1787512806,214962
es_vanilla_s0,1787512816,214962
es_vanilla_s0,1787512826,214962
es_vanilla_s0,1787512836,214962
es_vanilla_s0,1787512847,214962
es_vanilla_s0,1787512857,214962
es_vanilla_s0,1787512867,214962
es_vanilla_s0,1787512877,214962
es_vanilla_s0,1787512887,214962
es_vanilla_s0,1787512897,214962
es_vanilla_s0,1787512907,214962
es_vanilla_s0,1787512917,214962
es_vanilla_s0,1787512927,214962
es_vanilla_s0,1787512937,214962
es_vanilla_s0,1787512948,214962
es_vanilla_s0,1787512958,214962
es_vanilla_s0,1787512968,214962
es_vanilla_s0,1787512978,214962
es_vanilla_s0,1787512988,214962
es_vanilla_s0,1787512998,214962
es_vanilla_s0,1787513008,214962
es_vanilla_s0,1787513018,214962
es_vanilla_s0,1787513028,214962
es_vanilla_s0,1787513038,214962
es_vanilla_s0,1787513048,214962
es_vanilla_s0,1787513059,214962
es_vanilla_s0,1787513069,214962
es_vanilla_s0,1787513079,214962
es_vanilla_s0,1787513089,214962
es_vanilla_s0,1787513099,214962
es_vanilla_s0,1787513109,214962
es_vanilla_s0,1787513119,214962
es_vanilla_s0,1787513129,214962
es_vanilla_s0,1787513139,214962
es_vanilla_s0,1787513149,214962
es_vanilla_s0,1787513160,214962
es_vanilla_s0,1787513170,214962
es_vanilla_s0,1787513180,214962
es_vanilla_s0,1787513190,214962
es_vanilla_s0,1787513200,214962
es_vanilla_s0,1787513210,214962
es_vanilla_s0,1787513220,214962
es_vanilla_s0,1787513230,214962
es_vanilla_s0,1787513240,214962
es_vanilla_s0,1787513250,214962
es_vanilla_s0,1787513261,214962
es_vanilla_s0,1787513271,214962
es_vanilla_s0,1787513281,214962
es_vanilla_s0,1787513291,214962
es_vanilla_s0,1787513301,214962
es_vanilla_s0,1787513311,214962
es_vanilla_s0,1787513321,214962
es_vanilla_s0,1787513331,214962
es_vanilla_s0,1787513341,214962
es_vanilla_s0,1787513351,214962
es_vanilla_s0,1787513362,214962
es_vanilla_s0,1787513372,214962
es_vanilla_s0,1787513382,214962
es_vanilla_s0,1787513392,214962
es_vanilla_s0,1787513402,214962
es_vanilla_s0,1787513412,214962
es_vanilla_s0,1787513422,214962
es_vanilla_s0,1787513432,214962
es_vanilla_s0,1787513442,214962
es_vanilla_s0,1787513452,214962
es_vanilla_s0,1787513462,214962
es_vanilla_s0,1787513473,214962
es_vanilla_s0,1787513483,214962
es_vanilla_s0,1787513493,214962
es_vanilla_s0,1787513503,214962
es_vanilla_s0,1787513513,214962
es_vanilla_s0,1787513523,214962
es_vanilla_s0,1787513533,214962
es_vanilla_s0,1787513543,214962
es_vanilla_s0,1787513553,214962
es_vanilla_s0,1787513563,214962
es_vanilla_s0,1787513574,214962
es_vanilla_s0,1787513584,214962
es_vanilla_s0,1787513594,214962
es_vanilla_s0,1787513604,214962
es_vanilla_s0,1787513614,214962
es_vanilla_s0,1787513624,214962
es_vanilla_s0,1787513634,214962
es_vanilla_s0,1787513644,214962
es_vanilla_s0,1787513654,214962
es_vanilla_s0,1787513664,214962
es_vanilla_s0,1787513675,214962
es_vanilla_s0,1787513685,214962
es_vanilla_s0,1787513695,214962
es_vanilla_s0,1787513705,214962
es_vanilla_s0,1787513715,214962
es_vanilla_s0,1787513725,214962
es_vanilla_s0,1787513735,214962
es_vanilla_s0,1787513745,214962
es_vanilla_s0,1787513755,214962
es_vanilla_s0,1787513765,214962
es_vanilla_s0,1787513776,214962
es_vanilla_s0,1787513786,214962
es_vanilla_s0,1787513796,214962
es_vanilla_s0,1787513806,214962
es_vanilla_s0,1787513816,214962
es_vanilla_s0,1787513826,214962
es_vanilla_s0,1787513836,214962
es_vanilla_s0,1787513846,214962
es_vanilla_s0,1787513856,214962
es_vanilla_s0,1787513866,214962
es_vanilla_s0,1787513877,214962
es_vanilla_s0,1787513887,214962
es_vanilla_s0,1787513897,214962
es_vanilla_s0,1787513907,214962
es_vanilla_s0,1787513917,214962
es_vanilla_s0,1787513927,214962
es_vanilla_s0,1787513937,214962
es_vanilla_s0,1787513947,214962
es_vanilla_s0,1787513957,214962
es_vanilla_s0,1787513967,214962
es_vanilla_s0,1787513977,214962
es_vanilla_s0,1787513988,214962
es_vanilla_s0,1787513998,214962
es_vanilla_s0,1787514008,214962
es_vanilla_s0,1787514018,214962
es_vanilla_s0,1787514028,214962
es_vanilla_s0,1787514038,214962
es_vanilla_s0,1787514048,214962
es_vanilla_s0,1787514058,214962
es_vanilla_s0,1787514068,214962
es_vanilla_s0,1787514078,214962
es_vanilla_s0,1787514089,214962
es_vanilla_s0,1787514099,214962
es_vanilla_s0,1787514109,214962
es_vanilla_s0,1787514119,214962
es_vanilla_s0,1787514129,214962
es_vanilla_s0,1787514139,214962
es_vanilla_s0,1787514149,214962
es_vanilla_s0,1787514159,214962
es_vanilla_s0,1787514169,214962
es_vanilla_s0,1787514179,214962
es_vanilla_s0,1787514190,214962
es_vanilla_s0,1787514200,214962
es_vanilla_s0,1787514210,214962
es_vanilla_s0,1787514220,214962
es_vanilla_s0,1787514230,214962
es_vanilla_s0,1787514240,214962
es_vanilla_s0,1787514250,214962
es_vanilla_s0,1787514260,214962
es_vanilla_s0,1787514270,214962
es_vanilla_s0,1787514280,214962
es_vanilla_s0,1787514290,214962
es_vanilla_s0,1787514301,214962
es_vanilla_s0,1787514311,214962
es_vanilla_s0,1787514321,214962
es_vanilla_s0,1787514331,214962
es_vanilla_s0,1787514341,214962
es_vanilla_s0,1787514351,214962
es_vanilla_s0,1787514361,214962
es_vanilla_s0,1787514371,214962
es_vanilla_s0,1787514381,214962
es_vanilla_s0,1787514391,214962
es_vanilla_s0,1787514402,214962
es_vanilla_s0,1787514412,214962
es_vanilla_s0,1787514422,214962
es_vanilla_s0,1787514432,214962
es_vanilla_s0,1787514442,214962
es_vanilla_s0,1787514452,214962
es_vanilla_s0,1787514462,214962
es_vanilla_s0,1787514472,214962
es_vanilla_s0,1787514482,214962
es_vanilla_s0,1787514492,214962
es_vanilla_s0,1787514503,214962
es_vanilla_s0,1787514513,214962
es_vanilla_s0,1787514523,214962
es_vanilla_s0,1787514533,214962
es_vanilla_s0,1787514543,214962
es_vanilla_s0,1787514553,214962
es_vanilla_s0,1787514563,214962
es_vanilla_s0,1787514573,214962
es_vanilla_s0,1787514583,214962
es_vanilla_s0,1787514593,214962
es_vanilla_s0,1787514604,214962
es_vanilla_s0,1787514614,214962
es_vanilla_s0,1787514624,214962
es_vanilla_s0,1787514634,214962
es_vanilla_s0,1787514644,214962
es_vanilla_s0,1787514654,214962
es_vanilla_s0,1787514664,214962
es_vanilla_s0,1787514674,214962
es_vanilla_s0,1787514684,214962
es_vanilla_s0,1787514694,214962
es_vanilla_s0,1787514705,214962
es_vanilla_s0,1787514715,214962
es_vanilla_s0,1787514725,214962
es_vanilla_s0,1787514735,214962
es_vanilla_s0,1787514745,214962
es_vanilla_s0,1787514755,214962
es_vanilla_s0,1787514765,214962
es_vanilla_s0,1787514775,214962
es_vanilla_s0,1787514785,214962
es_vanilla_s0,1787514795,214962
es_vanilla_s0,1787514805,214962
es_vanilla_s0,1787514816,214962
es_vanilla_s0,1787514826,214962
es_vanilla_s0,1787514836,214962
es_vanilla_s0,1787514846,214962
es_vanilla_s0,1787514856,214962
es_vanilla_s0,1787514866,214962
es_vanilla_s0,1787514876,214962
es_vanilla_s0,1787514886,214962
es_vanilla_s0,1787514896,214962
es_vanilla_s0,1787514906,214962
es_vanilla_s0,1787514917,214962
es_vanilla_s0,1787514927,214962
es_vanilla_s0,1787514937,214962
es_vanilla_s0,1787514947,214962
es_vanilla_s0,1787514957,214962
es_vanilla_s0,1787514967,214962
es_vanilla_s0,1787514977,214962
es_vanilla_s0,1787514987,214962
es_vanilla_s0,1787514997,214962
es_vanilla_s0,1787515007,214962
es_vanilla_s0,1787515018,214962
es_vanilla_s0,1787515028,214962
es_vanilla_s0,1787515038,214962
es_vanilla_s0,1787515048,214962
es_vanilla_s0,1787515058,214962
es_vanilla_s0,1787515068,214962
es_vanilla_s0,1787515078,214962
es_vanilla_s0,1787515088,214962
es_vanilla_s0,1787515098,214962
es_vanilla_s0,1787515108,214962
es_vanilla_s0,1787515119,214962
es_vanilla_s0,1787515129,214962
es_vanilla_s0,1787515139,214962
es_vanilla_s0,1787515149,214962
es_vanilla_s0,1787515159,214962
es_vanilla_s0,1787515169,214962
es_vanilla_s0,1787515179,214962
es_vanilla_s0,1787515189,214962
es_vanilla_s0,1787515199,214962
es_vanilla_s0,1787515209,214962
es_vanilla_s0,1787515219,214962
es_vanilla_s0,1787515230,214962
es_vanilla_s0,1787515240,214962
es_vanilla_s0,1787515250,214962
es_vanilla_s0,1787515260,214962
es_vanilla_s0,1787515270,214962
es_vanilla_s0,1787515280,214962
es_vanilla_s0,1787515290,214962
es_vanilla_s0,1787515300,214962
es_vanilla_s0,1787515310,214962
es_vanilla_s0,1787515320,214962
es_vanilla_s0,1787515331,214962
es_vanilla_s0,1787515341,214962
es_vanilla_s0,1787515351,214962
es_vanilla_s0,1787515361,214962
es_vanilla_s0,1787515371,214962
es_vanilla_s0,1787515381,214962
es_vanilla_s0,1787515391,214962
es_vanilla_s0,1787515401,214962
es_vanilla_s0,1787515411,214962
es_vanilla_s0,1787515421,214962
es_vanilla_s0,1787515432,214962
es_vanilla_s0,1787515442,214962
es_vanilla_s0,1787515452,214962
es_vanilla_s0,1787515462,214962
es_vanilla_s0,1787515472,214962
es_vanilla_s0,1787515482,214962
es_vanilla_s0,1787515492,214962
es_vanilla_s0,1787515502,214962
es_vanilla_s0,1787515512,214962
es_vanilla_s0,1787515522,214962
es_vanilla_s0,1787515533,214962
es_vanilla_s0,1787515543,214962
es_vanilla_s0,1787515553,214962
es_vanilla_s0,1787515563,214962
es_vanilla_s0,1787515573,214962
es_vanilla_s0,1787515583,214962
es_vanilla_s0,1787515593,214962
es_vanilla_s0,1787515603,214962
es_vanilla_s0,1787515613,214962
es_vanilla_s0,1787515623,214962
es_vanilla_s0,1787515634,214962
es_vanilla_s0,1787515644,214962
es_vanilla_s0,1787515654,214962
es_vanilla_s0,1787515664,214962
es_vanilla_s0,1787515674,214962
es_vanilla_s0,1787515684,214962
es_vanilla_s0,1787515694,214962
es_vanilla_s0,1787515704,214962
es_vanilla_s0,1787515714,214962
es_vanilla_s0,1787515724,214962
es_vanilla_s0,1787515735,214962
es_vanilla_s0,1787515745,214962
es_vanilla_s0,1787515755,214962
es_vanilla_s0,1787515765,214962
es_vanilla_s0,1787515775,214962
es_vanilla_s0,1787515785,214962
es_vanilla_s0,1787515795,214962
es_vanilla_s0,1787515805,214962
es_vanilla_s0,1787515815,214962
es_vanilla_s0,1787515825,214962
es_vanilla_s0,1787515836,214962
es_vanilla_s0,1787515846,214962
es_vanilla_s0,1787515856,214962
es_vanilla_s0,1787515866,214962
es_vanilla_s0,1787515876,214962
es_vanilla_s0,1787515886,214962
es_vanilla_s0,1787515896,214962
es_vanilla_s0,1787515906,214962
es_vanilla_s0,1787515916,214962
es_vanilla_s0,1787515926,214962
es_vanilla_s0,1787515937,214962
es_vanilla_s0,1787515947,214962
es_vanilla_s0,1787515957,214962
es_vanilla_s0,1787515967,214962
es_vanilla_s0,1787515977,214962
es_vanilla_s0,1787515987,214962
es_vanilla_s0,1787515997,214962
es_vanilla_s0,1787516007,214962
es_vanilla_s0,1787516017,214962
es_vanilla_s0,1787516027,214962
es_vanilla_s0,1787516038,214962
es_vanilla_s0,1787516048,214962
es_vanilla_s0,1787516058,214962
es_vanilla_s0,1787516068,214962
es_vanilla_s0,1787516078,214962
es_vanilla_s0,1787516088,214962
es_vanilla_s0,1787516098,214962
es_vanilla_s0,1787516108,214962
es_vanilla_s0,1787516118,214962
es_vanilla_s0,1787516128,214962
es_vanilla_s0,1787516139,214962
es_vanilla_s0,1787516149,214962
es_vanilla_s0,1787516159,214962
es_vanilla_s0,1787516169,214962
es_vanilla_s0,1787516179,214962
es_vanilla_s0,1787516189,214962
es_vanilla_s0,1787516199,214962
es_vanilla_s0,1787516209,214962
es_vanilla_s0,1787516219,214962
es_vanilla_s0,1787516229,214962
es_vanilla_s0,1787516240,214962
es_vanilla_s0,1787516250,214962
es_vanilla_s0,1787516260,214962
es_vanilla_s0,1787516270,214962
es_vanilla_s0,1787516280,214962
es_vanilla_s0,1787516290,214962
es_vanilla_s0,1787516300,214962
es_vanilla_s0,1787516310,214962
es_vanilla_s0,1787516320,214962
es_vanilla_s0,1787516330,214962
es_vanilla_s0,1787516341,214962
es_vanilla_s0,1787516351,214962
es_vanilla_s0,1787516361,214962
es_vanilla_s0,1787516371,214962
es_vanilla_s0,1787516381,214962
es_vanilla_s0,1787516391,214962
es_vanilla_s0,1787516401,214962
es_vanilla_s0,1787516411,214962
es_vanilla_s0,1787516421,214962
es_vanilla_s0,1787516431,214962
es_vanilla_s0,1787516442,214962
es_vanilla_s0,1787516452,214962
es_vanilla_s0,1787516462,214962
es_vanilla_s0,1787516472,214962
es_vanilla_s0,1787516482,214962
es_vanilla_s0,1787516492,214962
es_vanilla_s0,1787516502,214962
es_vanilla_s0,1787516512,214962
es_vanilla_s0,1787516522,214962
es_vanilla_s0,1787516532,214962
es_vanilla_s0,1787516543,214962
es_vanilla_s0,1787516553,214962
es_vanilla_s0,1787516563,214962
es_vanilla_s0,1787516573,214962
es_vanilla_s0,1787516583,214962
es_vanilla_s0,1787516593,214962
es_vanilla_s0,1787516603,214962
es_vanilla_s0,1787516613,214962
es_vanilla_s0,1787516623,214962
es_vanilla_s0,1787516633,214962
es_vanilla_s0,1787516644,214962
es_vanilla_s0,1787516654,214962
es_vanilla_s0,1787516664,214962
es_vanilla_s0,1787516674,214962
es_vanilla_s0,1787516684,214962
es_vanilla_s0,1787516694,214962
es_vanilla_s0,1787516704,214962
es_vanilla_s0,1787516714,214962
es_vanilla_s0,1787516724,214962
es_vanilla_s0,1787516734,214962
es_vanilla_s0,1787516745,214962
es_vanilla_s0,1787516755,214962
es_vanilla_s0,1787516765,214962
es_vanilla_s0,1787516775,214962
es_vanilla_s0,1787516785,214962
es_vanilla_s0,1787516795,214962
es_vanilla_s0,1787516805,214962
es_vanilla_s0,1787516815,214962
es_vanilla_s0,1787516825,214962
es_vanilla_s0,1787516835,214962
es_vanilla_s0,1787516845,214962
es_vanilla_s0,1787516856,214962
es_vanilla_s0,1787516866,214962
es_vanilla_s0,1787516876,214962
es_vanilla_s0,1787516886,214962
es_vanilla_s0,1787516896,214962
es_vanilla_s0,1787516906,214962
es_vanilla_s0,1787516916,214962
es_vanilla_s0,1787516926,214962
es_vanilla_s0,1787516936,214962
es_vanilla_s0,1787516946,214962
es_vanilla_s0,1787516957,214962
es_vanilla_s0,1787516967,214962
es_vanilla_s0,1787516977,214962
es_vanilla_s0,1787516987,214962
es_vanilla_s0,1787516997,214962
es_vanilla_s0,1787517007,214962
es_vanilla_s0,1787517017,214962
es_vanilla_s0,1787517027,214962
es_vanilla_s0,1787517037,214962
es_vanilla_s0,1787517047,214962
es_vanilla_s0,1787517057,214962
es_vanilla_s0,1787517068,214962
es_vanilla_s0,1787517078,214962
es_vanilla_s0,1787517088,214962
es_vanilla_s0,1787517098,214962
es_vanilla_s0,1787517108,214962
es_vanilla_s0,1787517118,214962
es_vanilla_s0,1787517128,214962
es_vanilla_s0,1787517138,214962
es_vanilla_s0,1787517148,214962
es_vanilla_s0,1787517158,214962
es_vanilla_s0,1787517169,214962
es_vanilla_s0,1787517179,214962
es_vanilla_s0,1787517189,214962
es_vanilla_s0,1787517199,214962
es_vanilla_s0,1787517209,214962
es_vanilla_s0,1787517219,214962
es_vanilla_s0,1787517229,214962
es_vanilla_s0,1787517239,214962
es_vanilla_s0,1787517249,214962
es_vanilla_s0,1787517259,214962
es_vanilla_s0,1787517270,214962
es_vanilla_s0,1787517280,214962
es_vanilla_s0,1787517290,214962
es_vanilla_s0,1787517300,214962
es_vanilla_s0,1787517310,214962
es_vanilla_s0,1787517320,214962
es_vanilla_s0,1787517330,214962
es_vanilla_s0,1787517340,214962
es_vanilla_s0,1787517350,214962
es_vanilla_s0,1787517361,214962
es_vanilla_s0,1787517371,214962
es_vanilla_s0,1787517381,214962
es_vanilla_s0,1787517391,214962
es_vanilla_s0,1787517401,214962
es_vanilla_s0,1787517411,214962
es_vanilla_s0,1787517421,214962
es_vanilla_s0,1787517431,214962
es_vanilla_s0,1787517441,214962
es_vanilla_s0,1787517451,214962
es_vanilla_s0,1787517461,214962
es_vanilla_s0,1787517472,214962
es_vanilla_s0,1787517482,214962
es_vanilla_s0,1787517492,214962
es_vanilla_s0,1787517502,214962
es_vanilla_s0,1787517512,214962
es_vanilla_s0,1787517522,214962
es_vanilla_s0,1787517532,214962
es_vanilla_s0,1787517542,214962
es_vanilla_s0,1787517552,214962
es_vanilla_s0,1787517562,214962
es_vanilla_s0,1787517573,214962
es_vanilla_s0,1787517583,214962
es_vanilla_s0,1787517593,214962
es_vanilla_s0,1787517603,214962
es_vanilla_s0,1787517613,214962
es_vanilla_s0,1787517623,214962
es_vanilla_s0,1787517633,214962
es_vanilla_s0,1787517643,214962
es_vanilla_s0,1787517653,214962
es_vanilla_s0,1787517664,214962
es_vanilla_s0,1787517674,214962
es_vanilla_s0,1787517684,214962
es_vanilla_s0,1787517694,214962
es_vanilla_s0,1787517704,214962
es_vanilla_s0,1787517714,214962
es_vanilla_s0,1787517724,214962
es_vanilla_s0,1787517734,214962
es_vanilla_s0,1787517744,214962
es_vanilla_s0,1787517754,214962
es_vanilla_s0,1787517765,214962
es_vanilla_s0,1787517775,214962
es_vanilla_s0,1787517785,214962
es_vanilla_s0,1787517795,214962
es_vanilla_s0,1787517805,214962
es_vanilla_s0,1787517815,214962
es_vanilla_s0,1787517825,214962
es_vanilla_s0,1787517835,214962
es_vanilla_s0,1787517845,214962
es_vanilla_s0,1787517855,214962
es_vanilla_s0,1787517866,214962
es_vanilla_s0,1787517876,214962
es_vanilla_s0,1787517886,214962
es_vanilla_s0,1787517896,214962
es_vanilla_s0,1787517906,214962
es_vanilla_s0,1787517916,214962
es_vanilla_s0,1787517926,214962
es_vanilla_s0,1787517936,214962
es_vanilla_s0,1787517946,214962
es_vanilla_s0,1787517956,214962
es_vanilla_s0,1787517967,214962
es_vanilla_s0,1787517977,214962
es_vanilla_s0,1787517987,214962
es_vanilla_s0,1787517997,214962
es_vanilla_s0,1787518007,214962
es_vanilla_s0,1787518017,214962
es_vanilla_s0,1787518027,214962
es_vanilla_s0,1787518037,214962
es_vanilla_s0,1787518047,214962
es_vanilla_s0,1787518057,214962
es_vanilla_s0,1787518068,214962
es_vanilla_s0,1787518078,214962
es_vanilla_s0,1787518088,214962
es_vanilla_s0,1787518098,214962
es_vanilla_s0,1787518108,214962
es_vanilla_s0,1787518118,214962
es_vanilla_s0,1787518128,214962
es_vanilla_s0,1787518138,214962
es_vanilla_s0,1787518148,214962
es_vanilla_s0,1787518158,214962
es_vanilla_s0,1787518169,214962
es_vanilla_s0,1787518179,214962
es_vanilla_s0,1787518189,214962
es_vanilla_s0,1787518199,214962
es_vanilla_s0,1787518209,214962
es_vanilla_s0,1787518219,214962
es_vanilla_s0,1787518229,214962
es_vanilla_s0,1787518239,214962
es_vanilla_s0,1787518249,214962
es_vanilla_s0,1787518259,214962
es_vanilla_s0,1787518270,214962
es_vanilla_s0,1787518280,214962
es_vanilla_s0,1787518290,214962
es_vanilla_s0,1787518300,214962
es_vanilla_s0,1787518310,214962
es_vanilla_s0,1787518320,214962
es_vanilla_s0,1787518330,214962
es_vanilla_s0,1787518340,214962
es_vanilla_s0,1787518350,214962
es_vanilla_s0,1787518360,214962
es_vanilla_s0,1787518371,214962
es_vanilla_s0,1787518381,214962
es_vanilla_s0,1787518391,214962
es_vanilla_s0,1787518401,214962
es_vanilla_s0,1787518411,214962
es_vanilla_s0,1787518421,214962
es_vanilla_s0,1787518431,214962
es_vanilla_s0,1787518441,214962
es_vanilla_s0,1787518451,214962
es_vanilla_s0,1787518461,214962
es_vanilla_s0,1787518472,214962
es_vanilla_s0,1787518482,214962
es_vanilla_s0,1787518492,214962
es_vanilla_s0,1787518502,214962
es_vanilla_s0,1787518512,214962
es_vanilla_s0,1787518522,214962
es_vanilla_s0,1787518532,214962
es_vanilla_s0,1787518542,214962
es_vanilla_s0,1787518552,214962
es_vanilla_s0,1787518562,214962
es_vanilla_s0,1787518573,214962
es_vanilla_s0,1787518583,214962
es_vanilla_s0,1787518593,214962
es_vanilla_s0,1787518603,214962
es_vanilla_s0,1787518613,214962
es_vanilla_s0,1787518623,214962
es_vanilla_s0,1787518633,214962
es_vanilla_s0,1787518643,214962
es_vanilla_s0,1787518653,214962
es_vanilla_s0,1787518663,214962
es_vanilla_s0,1787518674,214962
es_vanilla_s0,1787518684,214962
es_vanilla_s0,1787518694,214962
es_vanilla_s0,1787518704,214962
es_vanilla_s0,1787518714,214962
es_vanilla_s0,1787518724,214962
es_vanilla_s0,1787518734,214962
es_vanilla_s0,1787518744,214962
es_vanilla_s0,1787518754,214962
es_vanilla_s0,1787518764,214962
es_vanilla_s0,1787518775,214962
es_vanilla_s0,1787518785,214962
es_vanilla_s0,1787518795,214962
es_vanilla_s0,1787518805,214962
es_vanilla_s0,1787518815,214962
es_vanilla_s0,1787518825,214962
es_vanilla_s0,1787518835,214962
es_vanilla_s0,1787518845,214962
es_vanilla_s0,1787518855,214962
es_vanilla_s0,1787518865,214962
es_vanilla_s0,1787518876,214962
es_vanilla_s0,1787518886,214962
es_vanilla_s0,1787518896,214962
es_vanilla_s0,1787518906,214962
es_vanilla_s0,1787518916,214962
es_vanilla_s0,1787518926,214962
es_vanilla_s0,1787518936,214962
es_vanilla_s0,1787518946,214962
es_vanilla_s0,1787518956,214962
es_vanilla_s0,1787518966,214962
es_vanilla_s0,1787518977,214962
es_vanilla_s0,1787518987,214962
es_vanilla_s0,1787518997,214962
es_vanilla_s0,1787519007,214962
es_vanilla_s0,1787519017,214962
es_vanilla_s0,1787519027,214962
es_vanilla_s0,1787519037,214962
es_vanilla_s0,1787519047,214962
es_vanilla_s0,1787519057,214962
es_vanilla_s0,1787519067,214962
es_vanilla_s0,1787519078,214962
es_vanilla_s0,1787519088,214962
es_vanilla_s0,1787519098,214962
es_vanilla_s0,1787519108,214962
es_vanilla_s0,1787519118,214962
es_vanilla_s0,1787519128,214962
es_vanilla_s0,1787519138,214962
es_vanilla_s0,1787519148,214962
es_vanilla_s0,1787519158,214962
es_vanilla_s0,1787519168,214962
es_vanilla_s0,1787519179,214962
es_vanilla_s0,1787519189,214962
es_vanilla_s0,1787519199,214962
es_vanilla_s0,1787519209,214962
es_vanilla_s0,1787519219,214962
es_vanilla_s0,1787519229,214962
es_vanilla_s0,1787519239,214962
es_vanilla_s0,1787519249,214962
es_vanilla_s0,1787519259,214962
es_vanilla_s0,1787519269,214962
es_vanilla_s0,1787519280,214962
es_vanilla_s0,1787519290,214962
es_vanilla_s0,1787519300,214962
es_vanilla_s0,1787519310,214962
es_vanilla_s0,1787519320,214962
es_vanilla_s0,1787519330,214962
es_vanilla_s0,1787519340,214962
es_vanilla_s0,1787519350,214962
es_vanilla_s0,1787519360,214962
es_vanilla_s0,1787519370,214962
es_vanilla_s0,1787519381,214962
es_vanilla_s0,1787519391,214962
es_vanilla_s0,1787519401,214962
es_vanilla_s0,1787519411,214962
es_vanilla_s0,1787519421,214962
es_vanilla_s0,1787519431,214962
es_vanilla_s0,1787519441,214962
es_vanilla_s0,1787519451,214962
es_vanilla_s0,1787519461,214962
es_vanilla_s0,1787519471,214962
es_vanilla_s0,1787519482,214962
es_vanilla_s0,1787519492,214962
es_vanilla_s0,1787519502,214962
es_vanilla_s0,1787519512,214962
es_vanilla_s0,1787519522,214962
es_vanilla_s0,1787519532,214962
es_vanilla_s0,1787519542,214962
es_vanilla_s0,1787519552,214962
es_vanilla_s0,1787519562,214962
es_vanilla_s0,1787519572,214962
es_vanilla_s0,1787519583,214962
es_vanilla_s0,1787519593,214962
es_vanilla_s0,1787519603,214962
es_vanilla_s0,1787519613,214962
es_vanilla_s0,1787519623,214962
es_vanilla_s0,1787519633,214962
es_vanilla_s0,1787519643,214962
es_vanilla_s0,1787519653,214962
es_vanilla_s0,1787519663,214962
es_vanilla_s0,1787519673,214962
es_vanilla_s0,1787519683,214962
es_vanilla_s0,1787519694,214962
es_vanilla_s0,1787519704,214962
es_vanilla_s0,1787519714,214962
es_vanilla_s0,1787519724,214962
es_vanilla_s0,1787519734,214962
es_vanilla_s0,1787519744,214962
es_vanilla_s0,1787519754,214962
es_vanilla_s0,1787519764,214962
es_vanilla_s0,1787519774,214962
es_vanilla_s0,1787519785,214962
es_vanilla_s0,1787519795,214962
es_vanilla_s0,1787519805,214962
es_vanilla_s0,1787519815,214962
es_vanilla_s0,1787519825,214962
es_vanilla_s0,1787519835,214962
es_vanilla_s0,1787519845,214962
es_vanilla_s0,1787519855,214962
es_vanilla_s0,1787519865,214962
es_vanilla_s0,1787519875,214962
es_vanilla_s0,1787519886,214962
es_vanilla_s0,1787519896,214962
es_vanilla_s0,1787519906,214962
es_vanilla_s0,1787519916,214962
es_vanilla_s0,1787519926,214962
es_vanilla_s0,1787519936,214962
es_vanilla_s0,1787519946,214962
es_vanilla_s0,1787519956,214962
es_vanilla_s0,1787519966,214962
es_vanilla_s0,1787519976,214962
es_vanilla_s0,1787519987,214962
es_vanilla_s0,1787519997,214962
es_vanilla_s0,1787520007,214962
es_vanilla_s0,1787520017,214962
es_vanilla_s0,1787520027,214962
es_vanilla_s0,1787520037,214962
es_vanilla_s0,1787520047,214962
es_vanilla_s0,1787520057,214962
es_vanilla_s0,1787520067,214962
es_vanilla_s0,1787520077,214962
es_vanilla_s0,1787520088,214962
es_vanilla_s0,1787520098,214962
es_vanilla_s0,1787520108,214962
es_vanilla_s0,1787520118,214962
es_vanilla_s0,1787520128,214962
es_vanilla_s0,1787520138,214962
es_vanilla_s0,1787520148,214962
es_vanilla_s0,1787520158,214962
es_vanilla_s0,1787520168,214962
es_vanilla_s0,1787520178,214962
es_vanilla_s0,1787520189,214962
es_vanilla_s0,1787520199,214962
es_vanilla_s0,1787520209,214962
es_vanilla_s0,1787520219,214962
es_vanilla_s0,1787520229,214962
es_vanilla_s0,1787520239,214962
es_vanilla_s0,1787520249,214962
es_vanilla_s0,1787520259,214962
es_vanilla_s0,1787520269,214962
es_vanilla_s0,1787520279,214962
es_vanilla_s0,1787520290,214962
es_vanilla_s0,1787520300,214962
es_vanilla_s0,1787520310,214962
es_vanilla_s0,1787520320,214962
es_vanilla_s0,1787520330,214962
es_vanilla_s0,1787520340,214962
es_vanilla_s0,1787520350,214962
es_vanilla_s0,1787520360,214962
es_vanilla_s0,1787520370,214962
es_vanilla_s0,1787520380,214962
es_vanilla_s0,1787520391,214962
es_vanilla_s0,1787520401,214962
es_vanilla_s0,1787520411,214962
es_vanilla_s0,1787520421,214962
es_vanilla_s0,1787520431,214962
es_vanilla_s0,1787520441,214962
es_vanilla_s0,1787520451,214962
es_vanilla_s0,1787520461,214962
es_vanilla_s0,1787520471,214962
es_vanilla_s0,1787520481,214962
es_vanilla_s0,1787520492,214962
es_vanilla_s0,1787520502,214962
es_vanilla_s0,1787520512,214962
es_vanilla_s0,1787520522,214962
es_vanilla_s0,1787520532,214962
es_vanilla_s0,1787520542,214962
es_vanilla_s0,1787520552,214962
es_vanilla_s0,1787520562,214962
es_vanilla_s0,1787520572,214962
es_vanilla_s0,1787520582,214962
es_vanilla_s0,1787520593,214962
es_vanilla_s0,1787520603,214962
es_vanilla_s0,1787520613,214962
es_vanilla_s0,1787520623,214962
es_vanilla_s0,1787520633,214962
es_vanilla_s0,1787520643,214962
es_vanilla_s0,1787520653,214962
es_vanilla_s0,1787520663,214962
es_vanilla_s0,1787520673,214962
es_vanilla_s0,1787520683,214962
es_vanilla_s0,1787520694,214962
es_vanilla_s0,1787520704,214962
es_vanilla_s0,1787520714,214962
es_vanilla_s0,1787520724,214962
es_vanilla_s0,1787520734,214962
es_vanilla_s0,1787520744,214962
es_vanilla_s0,1787520754,214962
es_vanilla_s0,1787520764,214962
es_vanilla_s0,1787520774,214962
es_vanilla_s0,1787520784,214962
es_vanilla_s0,1787520795,214962
es_vanilla_s0,1787520805,214962
es_vanilla_s0,1787520815,214962
es_vanilla_s0,1787520825,214962
es_vanilla_s0,1787520835,214962
es_vanilla_s0,1787520845,214962
es_vanilla_s0,1787520855,214962
es_vanilla_s0,1787520865,214962
es_vanilla_s0,1787520875,214962
es_vanilla_s0,1787520885,214962
es_vanilla_s0,1787520896,214962
es_vanilla_s0,1787520906,214962
es_vanilla_s0,1787520916,214962
es_vanilla_s0,1787520926,214962
es_vanilla_s0,1787520936,214962
es_vanilla_s0,1787520946,214962
es_vanilla_s0,1787520956,214962
es_vanilla_s0,1787520966,214962
es_vanilla_s0,1787520976,214962
es_vanilla_s0,1787520986,214962
es_vanilla_s0,1787520997,214962
es_vanilla_s0,1787521007,214962
es_vanilla_s0,1787521017,214962
es_vanilla_s0,1787521027,214962
es_vanilla_s0,1787521037,214962
es_vanilla_s0,1787521047,214962
es_vanilla_s0,1787521057,214962
es_vanilla_s0,1787521067,214962
es_vanilla_s0,1787521077,214962
es_vanilla_s0,1787521087,214962
es_vanilla_s0,1787521098,214962
es_vanilla_s0,1787521108,214962
es_vanilla_s0,1787521118,214962
es_vanilla_s0,1787521128,214962
es_vanilla_s0,1787521138,214962
es_vanilla_s0,1787521148,214962
es_vanilla_s0,1787521158,214962
es_vanilla_s0,1787521168,214962
es_vanilla_s0,1787521178,214962
es_vanilla_s0,1787521188,214962
es_vanilla_s0,1787521199,214962
es_vanilla_s0,1787521209,214962
es_vanilla_s0,1787521219,214962
es_vanilla_s0,1787521229,214962
es_vanilla_s0,1787521239,214962
es_vanilla_s0,1787521249,214962
es_vanilla_s0,1787521259,214962
es_vanilla_s0,1787521269,214962
es_vanilla_s0,1787521279,214962
es_vanilla_s0,1787521289,214962
es_vanilla_s0,1787521300,214962
es_vanilla_s0,1787521310,214962
es_vanilla_s0,1787521320,214962
es_vanilla_s0,1787521330,214962
es_vanilla_s0,1787521340,214962
es_vanilla_s0,1787521350,214962
es_vanilla_s0,1787521360,214962
es_vanilla_s0,1787521370,214962
es_vanilla_s0,1787521380,214962
es_vanilla_s0,1787521390,214962
es_vanilla_s0,1787521400,214962
es_vanilla_s0,1787521411,214962
es_vanilla_s0,1787521421,214962
es_vanilla_s0,1787521431,214962
es_vanilla_s0,1787521441,214962
es_vanilla_s0,1787521451,214962
es_vanilla_s0,1787521461,214962
es_vanilla_s0,1787521471,214962
es_vanilla_s0,1787521481,214962
es_vanilla_s0,1787521491,214962
es_vanilla_s0,1787521502,214962
es_vanilla_s0,1787521512,214962
es_vanilla_s0,1787521522,214962
es_vanilla_s0,1787521532,214962
es_vanilla_s0,1787521542,214962
es_vanilla_s0,1787521552,214962
es_vanilla_s0,1787521562,214962
es_vanilla_s0,1787521572,214962
es_vanilla_s0,1787521582,214962
es_vanilla_s0,1787521592,214962
es_vanilla_s0,1787521602,214962
es_vanilla_s0,1787521613,214962
es_vanilla_s0,1787521623,214962
es_vanilla_s0,1787521633,214962
es_vanilla_s0,1787521643,214962
es_vanilla_s0,1787521653,214962
es_vanilla_s0,1787521663,214962
es_vanilla_s0,1787521673,214962
es_vanilla_s0,1787521683,214962
es_vanilla_s0,1787521693,214962
es_vanilla_s0,1787521703,214962
es_vanilla_s0,1787521714,214962
es_vanilla_s0,1787521724,214962
es_vanilla_s0,1787521734,214962
es_vanilla_s0,1787521744,214962
es_vanilla_s0,1787521754,214962
es_vanilla_s0,1787521764,214962
es_vanilla_s0,1787521774,214962
es_vanilla_s0,1787521784,214962
es_vanilla_s0,1787521794,214962
es_vanilla_s0,1787521804,214962
es_vanilla_s0,1787521815,214962
es_vanilla_s0,1787521825,214962
es_vanilla_s0,1787521835,214962
es_vanilla_s0,1787521845,214962
es_vanilla_s0,1787521855,214962
es_vanilla_s0,1787521865,214962
es_vanilla_s0,1787521875,214962
es_vanilla_s0,1787521885,214962
es_vanilla_s0,1787521895,214962
es_vanilla_s0,1787521905,214962
es_vanilla_s0,1787521916,214962
es_vanilla_s0,1787521926,214962
es_vanilla_s0,1787521936,214962
es_vanilla_s0,1787521946,214962
es_vanilla_s0,1787521956,214962
es_vanilla_s0,1787521966,214962
es_vanilla_s0,1787521976,214962
es_vanilla_s0,1787521986,214962
es_vanilla_s0,1787521996,214962
es_vanilla_s0,1787522006,214962
es_vanilla_s0,1787522017,214962
es_vanilla_s0,1787522027,214962
es_vanilla_s0,1787522037,214962
es_vanilla_s0,1787522047,214962
es_vanilla_s0,1787522057,214962
es_vanilla_s0,1787522067,214962
es_vanilla_s0,1787522077,214962
es_vanilla_s0,1787522087,214962
es_vanilla_s0,1787522097,214962
es_vanilla_s0,1787522107,214962
es_vanilla_s0,1787522118,214962
es_vanilla_s0,1787522128,214962
es_vanilla_s0,1787522138,214962
es_vanilla_s0,1787522148,214962
es_vanilla_s0,1787522158,214962
es_vanilla_s0,1787522168,214962
es_vanilla_s0,1787522178,214962
es_vanilla_s0,1787522188,214962
es_vanilla_s0,1787522198,214962
es_vanilla_s0,1787522208,214962
es_vanilla_s0,1787522219,214962
es_vanilla_s0,1787522229,214962
es_vanilla_s0,1787522239,214962
es_vanilla_s0,1787522249,214962
es_vanilla_s0,1787522259,214962
es_vanilla_s0,1787522269,214962
es_vanilla_s0,1787522279,214962
es_vanilla_s0,1787522289,214962
es_vanilla_s0,1787522299,214962
es_vanilla_s0,1787522309,214962
es_vanilla_s0,1787522320,214962
es_vanilla_s0,1787522330,214962
es_vanilla_s0,1787522340,214962
es_vanilla_s0,1787522350,214962
es_vanilla_s0,1787522360,214962
es_vanilla_s0,1787522370,214962
es_vanilla_s0,1787522380,214962
es_vanilla_s0,1787522390,214962
es_vanilla_s0,1787522400,214962
es_vanilla_s0,1787522410,214962
es_vanilla_s0,1787522421,214962
es_vanilla_s0,1787522431,214962
es_vanilla_s0,1787522441,214962
es_vanilla_s0,1787522451,214962
es_vanilla_s0,1787522461,214962
es_vanilla_s0,1787522471,214962
es_vanilla_s0,1787522481,214962
es_vanilla_s0,1787522491,214962
es_vanilla_s0,1787522501,214962
es_vanilla_s0,1787522511,214962
es_vanilla_s0,1787522522,214962
es_vanilla_s0,1787522532,214962
es_vanilla_s0,1787522542,214962
es_vanilla_s0,1787522552,214962
es_vanilla_s0,1787522562,214962
es_vanilla_s0,1787522572,214962
es_vanilla_s0,1787522582,214962
es_vanilla_s0,1787522592,214962
es_vanilla_s0,1787522602,214962
es_vanilla_s0,1787522612,214962
es_vanilla_s0,1787522623,214962
es_vanilla_s0,1787522633,214962
es_vanilla_s0,1787522643,214962
es_vanilla_s0,1787522653,214962
es_vanilla_s0,1787522663,214962
es_vanilla_s0,1787522673,214962
es_vanilla_s0,1787522683,214962
es_vanilla_s0,1787522693,214962
es_vanilla_s0,1787522703,214962
es_vanilla_s0,1787522713,214962
es_vanilla_s0,1787522724,214962
es_vanilla_s0,1787522734,214962
es_vanilla_s0,1787522744,214962
es_vanilla_s0,1787522754,214962
es_vanilla_s0,1787522764,214962
es_vanilla_s0,1787522774,214962
es_vanilla_s0,1787522784,214962
es_vanilla_s0,1787522794,214962
es_vanilla_s0,1787522804,214962
es_vanilla_s0,1787522814,214962
es_vanilla_s0,1787522825,214962
es_vanilla_s0,1787522835,214962
es_vanilla_s0,1787522845,214962
es_vanilla_s0,1787522855,214962
es_vanilla_s0,1787522865,214962
es_vanilla_s0,1787522875,214962
es_vanilla_s0,1787522885,214962
es_vanilla_s0,1787522895,214962
es_vanilla_s0,1787522905,214962
es_vanilla_s0,1787522915,214962
es_vanilla_s0,1787522926,214962
es_vanilla_s0,1787522936,214962
es_vanilla_s0,1787522946,214962
es_vanilla_s0,1787522956,214962
es_vanilla_s0,1787522966,214962
es_vanilla_s0,1787522976,214962
es_vanilla_s0,1787522986,214962
es_vanilla_s0,1787522996,214962
es_vanilla_s0,1787523006,214962
es_vanilla_s0,1787523016,214962
es_vanilla_s0,1787523027,214962
es_vanilla_s0,1787523037,214962
es_vanilla_s0,1787523047,214962
es_vanilla_s0,1787523057,214962
es_vanilla_s0,1787523067,214962
es_vanilla_s0,1787523077,214962
es_vanilla_s0,1787523087,214962
es_vanilla_s0,1787523097,214962
es_vanilla_s0,1787523107,214962
es_vanilla_s0,1787523117,214962
es_vanilla_s0,1787523128,214962
es_vanilla_s0,1787523138,214962
es_vanilla_s0,1787523148,214962
es_vanilla_s0,1787523158,214962
es_vanilla_s0,1787523168,214962
es_vanilla_s0,1787523178,214962
es_vanilla_s0,1787523188,214962
es_vanilla_s0,1787523198,214962
es_vanilla_s0,1787523208,214962
es_vanilla_s0,1787523218,214962
es_vanilla_s0,1787523229,214962
es_vanilla_s0,1787523239,214962
es_vanilla_s0,1787523249,214962
es_vanilla_s0,1787523259,214962
es_vanilla_s0,1787523269,214962
es_vanilla_s0,1787523279,214962
es_vanilla_s0,1787523289,214962
es_vanilla_s0,1787523299,214962
es_vanilla_s0,1787523309,214962
es_vanilla_s0,1787523319,214962
es_vanilla_s0,1787523330,214962
es_vanilla_s0,1787523340,214962
es_vanilla_s0,1787523350,214962
es_vanilla_s0,1787523360,214962
es_vanilla_s0,1787523370,214962
es_vanilla_s0,1787523380,214962
es_vanilla_s0,1787523390,214962
es_vanilla_s0,1787523400,214962
es_vanilla_s0,1787523410,214962
es_vanilla_s0,1787523420,214962
es_vanilla_s0,1787523431,214962
es_vanilla_s0,1787523441,214962
es_vanilla_s0,1787523451,214962
es_vanilla_s0,1787523461,214962
es_vanilla_s0,1787523471,214962
es_vanilla_s0,1787523481,214962
es_vanilla_s0,1787523491,214962
es_vanilla_s0,1787523501,214962
es_vanilla_s0,1787523511,214962
es_vanilla_s0,1787523521,214962
es_vanilla_s0,1787523531,214962
es_vanilla_s0,1787523542,214962
es_vanilla_s0,1787523552,214962
es_vanilla_s0,1787523562,214962
es_vanilla_s0,1787523572,214962
es_vanilla_s0,1787523582,214962
es_vanilla_s0,1787523592,214962
es_vanilla_s0,1787523602,214962
es_vanilla_s0,1787523612,214962
es_vanilla_s0,1787523622,214962
es_vanilla_s0,1787523632,214962
es_vanilla_s0,1787523643,214962
es_vanilla_s0,1787523653,214962
es_vanilla_s0,1787523663,214962
es_vanilla_s0,1787523673,214962
es_vanilla_s0,1787523683,214962
es_vanilla_s0,1787523693,214962
es_vanilla_s0,1787523703,214962
es_vanilla_s0,1787523713,214962
es_vanilla_s0,1787523723,214962
es_vanilla_s0,1787523733,214962
es_vanilla_s0,1787523744,214962
es_vanilla_s0,1787523754,214962
es_vanilla_s0,1787523764,214962
es_vanilla_s0,1787523774,214962
es_vanilla_s0,1787523784,214962
es_vanilla_s0,1787523794,214962
es_vanilla_s0,1787523804,214962
es_vanilla_s0,1787523814,214962
es_vanilla_s0,1787523824,214962
es_vanilla_s0,1787523834,214962
es_vanilla_s0,1787523845,214962
es_vanilla_s0,1787523855,214962
es_vanilla_s0,1787523865,214962
es_vanilla_s0,1787523875,214962
es_vanilla_s0,1787523885,214962
es_vanilla_s0,1787523895,214962
es_vanilla_s0,1787523905,214962
es_vanilla_s0,1787523915,214962
es_vanilla_s0,1787523925,214962
es_vanilla_s0,1787523935,214962
es_vanilla_s0,1787523946,214962
es_vanilla_s0,1787523956,214962
es_vanilla_s0,1787523966,214962
es_vanilla_s0,1787523976,214962
es_vanilla_s0,1787523986,214962
es_vanilla_s0,1787523996,214962
es_vanilla_s0,1787524006,214962
es_vanilla_s0,1787524016,214962
es_vanilla_s0,1787524026,214962
es_vanilla_s0,1787524036,214962
es_vanilla_s0,1787524047,214962
es_vanilla_s0,1787524057,214962
es_vanilla_s0,1787524067,214962
es_vanilla_s0,1787524077,214962
es_vanilla_s0,1787524087,214962
es_vanilla_s0,1787524097,214962
es_vanilla_s0,1787524107,214962
es_vanilla_s0,1787524117,214962
es_vanilla_s0,1787524127,214962
es_vanilla_s0,1787524137,214962
es_vanilla_s0,1787524148,214962
es_vanilla_s0,1787524158,214962
es_vanilla_s0,1787524168,214962
es_vanilla_s0,1787524178,214962
es_vanilla_s0,1787524188,214962
es_vanilla_s0,1787524198,214962
es_vanilla_s0,1787524208,214962
es_vanilla_s0,1787524218,214962
es_vanilla_s0,1787524228,214962
es_vanilla_s0,1787524238,214962
es_vanilla_s0,1787524249,214962
es_vanilla_s0,1787524259,214962
es_vanilla_s0,1787524269,214962
es_vanilla_s0,1787524279,214962
es_vanilla_s0,1787524289,214962
es_vanilla_s0,1787524299,214962
es_vanilla_s0,1787524309,214962
es_vanilla_s0,1787524319,214962
es_vanilla_s0,1787524329,214962
es_vanilla_s0,1787524339,214962
es_vanilla_s0,1787524350,214962
es_vanilla_s0,1787524360,214962
es_vanilla_s0,1787524370,214962
es_vanilla_s0,1787524380,214962
es_vanilla_s0,1787524390,214962
es_vanilla_s0,1787524400,214962
es_vanilla_s0,1787524410,214962
es_vanilla_s0,1787524420,214962
es_vanilla_s0,1787524430,214962
es_vanilla_s0,1787524440,214962
es_vanilla_s0,1787524451,214962
es_vanilla_s0,1787524461,214962
es_vanilla_s0,1787524471,214962
es_vanilla_s0,1787524481,214962
es_vanilla_s0,1787524491,214962
es_vanilla_s0,1787524501,214962
es_vanilla_s0,1787524511,214962
es_vanilla_s0,1787524521,214962
es_vanilla_s0,1787524531,214962
es_vanilla_s0,1787524541,214962
es_vanilla_s0,1787524552,214962
es_vanilla_s0,1787524562,214962
es_vanilla_s0,1787524572,214962
es_vanilla_s0,1787524582,214962
es_vanilla_s0,1787524592,214962
es_vanilla_s0,1787524602,214962
es_vanilla_s0,1787524612,214962
es_vanilla_s0,1787524622,214962
es_vanilla_s0,1787524632,214962
es_vanilla_s0,1787524642,214962
es_vanilla_s0,1787524653,214962
es_vanilla_s0,1787524663,214962
es_vanilla_s0,1787524673,214962
es_vanilla_s0,1787524683,214962
es_vanilla_s0,1787524693,214962
es_vanilla_s0,1787524703,214962
es_vanilla_s0,1787524713,214962
es_vanilla_s0,1787524723,214962
es_vanilla_s0,1787524733,214962
es_vanilla_s0,1787524743,214962
es_vanilla_s0,1787524754,214962
es_vanilla_s0,1787524764,214962
es_vanilla_s0,1787524774,214962
es_vanilla_s0,1787524784,214962
es_vanilla_s0,1787524794,214962
es_vanilla_s0,1787524804,214962
es_vanilla_s0,1787524814,214962
es_vanilla_s0,1787524824,214962
es_vanilla_s0,1787524834,214962
es_vanilla_s0,1787524844,214962
es_vanilla_s0,1787524855,214962
es_vanilla_s0,1787524865,214962
es_vanilla_s0,1787524875,214962
es_vanilla_s0,1787524885,214962
es_vanilla_s0,1787524895,214962
es_vanilla_s0,1787524905,214962
es_vanilla_s0,1787524915,214962
es_vanilla_s0,1787524925,214962
es_vanilla_s0,1787524935,214962
es_vanilla_s0,1787524945,214962
es_vanilla_s0,1787524956,214962
es_vanilla_s0,1787524966,214962
es_vanilla_s0,1787524976,214962
es_vanilla_s0,1787524986,214962
es_vanilla_s0,1787524996,214962
es_vanilla_s0,1787525006,214962
es_vanilla_s0,1787525016,214962
es_vanilla_s0,1787525026,214962
es_vanilla_s0,1787525036,214962
es_vanilla_s0,1787525046,214962
es_vanilla_s0,1787525057,214962
es_vanilla_s0,1787525067,214962
es_vanilla_s0,1787525077,214962
es_vanilla_s0,1787525087,214962
es_vanilla_s0,1787525097,214962
es_vanilla_s0,1787525107,214962
es_vanilla_s0,1787525117,214962
es_vanilla_s0,1787525127,214962
es_vanilla_s0,1787525137,214962
es_vanilla_s0,1787525147,214962
es_vanilla_s0,1787525158,214962
es_vanilla_s0,1787525168,214962
es_vanilla_s0,1787525178,214962
es_vanilla_s0,1787525188,214962
es_vanilla_s0,1787525198,214962
es_vanilla_s0,1787525208,214962
es_vanilla_s0,1787525218,214962
es_vanilla_s0,1787525228,214962
es_vanilla_s0,1787525238,214962
es_vanilla_s0,1787525248,214962
es_vanilla_s0,1787525259,214962
es_vanilla_s0,1787525269,214962
es_vanilla_s0,1787525279,214962
es_vanilla_s0,1787525289,214962
es_vanilla_s0,1787525299,214962
es_vanilla_s0,1787525309,214962
es_vanilla_s0,1787525319,214962
es_vanilla_s0,1787525329,214962
es_vanilla_s0,1787525339,214962
es_vanilla_s0,1787525349,214962
es_vanilla_s0,1787525360,214962
es_vanilla_s0,1787525370,214962
es_vanilla_s0,1787525380,214962
es_vanilla_s0,1787525390,214962
es_vanilla_s0,1787525400,214962
es_vanilla_s0,1787525410,214962
es_vanilla_s0,1787525420,214962
es_vanilla_s0,1787525430,214962
es_vanilla_s0,1787525440,214962
es_vanilla_s0,1787525450,214962
es_vanilla_s0,1787525461,214962
es_vanilla_s0,1787525471,214962
es_vanilla_s0,1787525481,214962
es_vanilla_s0,1787525491,214962
es_vanilla_s0,1787525501,214962
es_vanilla_s0,1787525511,214962
es_vanilla_s0,1787525521,214962
es_vanilla_s0,1787525531,214962
es_vanilla_s0,1787525541,214962
es_vanilla_s0,1787525551,214962
es_vanilla_s0,1787525561,214962
es_vanilla_s0,1787525572,214962
es_vanilla_s0,1787525582,214962
es_vanilla_s0,1787525592,214962
es_vanilla_s0,1787525602,214962
es_vanilla_s0,1787525612,214962
es_vanilla_s0,1787525622,214962
es_vanilla_s0,1787525632,214962
es_vanilla_s0,1787525642,214962
es_vanilla_s0,1787525652,214962
es_vanilla_s0,1787525662,214962
es_vanilla_s0,1787525673,214962
es_vanilla_s0,1787525683,214962
es_vanilla_s0,1787525693,214962
es_vanilla_s0,1787525703,214962
es_vanilla_s0,1787525713,214962
es_vanilla_s0,1787525723,214962
es_vanilla_s0,1787525733,214962
es_vanilla_s0,1787525743,214962
es_vanilla_s0,1787525753,214962
es_vanilla_s0,1787525763,214962
es_vanilla_s0,1787525774,214962
es_vanilla_s0,1787525784,214962
es_vanilla_s0,1787525794,214962
es_vanilla_s0,1787525804,214962
es_vanilla_s0,1787525814,214962
es_vanilla_s0,1787525824,214962
es_vanilla_s0,1787525834,214962
es_vanilla_s0,1787525844,214962
es_vanilla_s0,1787525854,214962
es_vanilla_s0,1787525864,214962
es_vanilla_s0,1787525875,214962
es_vanilla_s0,1787525885,214962
es_vanilla_s0,1787525895,214962
es_vanilla_s0,1787525905,214962
es_vanilla_s0,1787525915,214962
es_vanilla_s0,1787525925,214962
es_vanilla_s0,1787525935,214962
es_vanilla_s0,1787525945,214962
es_vanilla_s0,1787525955,214962
es_vanilla_s0,1787525965,214962
es_vanilla_s0,1787525976,214962
es_vanilla_s0,1787525986,214962
es_vanilla_s0,1787525996,214962
es_vanilla_s0,1787526006,214962
es_vanilla_s0,1787526016,214962
es_vanilla_s0,1787526026,214962
es_vanilla_s0,1787526036,214962
es_vanilla_s0,1787526046,214962
es_vanilla_s0,1787526056,214962
es_vanilla_s0,1787526066,214962
es_vanilla_s0,1787526076,214962
es_vanilla_s0,1787526087,214962
es_vanilla_s0,1787526097,214962
es_vanilla_s0,1787526107,214962
es_vanilla_s0,1787526117,214962
es_vanilla_s0,1787526127,214962
es_vanilla_s0,1787526137,214962
es_vanilla_s0,1787526147,214962
es_vanilla_s0,1787526157,214962
es_vanilla_s0,1787526167,214962
es_vanilla_s0,1787526177,214962
es_vanilla_s0,1787526188,214962
es_vanilla_s0,1787526198,214962
es_vanilla_s0,1787526208,214962
es_vanilla_s0,1787526218,214962
es_vanilla_s0,1787526228,214962
es_vanilla_s0,1787526238,214962
es_vanilla_s0,1787526248,214962
es_vanilla_s0,1787526258,214962
es_vanilla_s0,1787526268,214962
es_vanilla_s0,1787526278,214962
es_vanilla_s0,1787526289,214962
es_vanilla_s0,1787526299,214962
es_vanilla_s0,1787526309,214962
es_vanilla_s0,1787526319,214962
es_vanilla_s0,1787526329,214962
es_vanilla_s0,1787526339,214962
es_vanilla_s0,1787526349,214962
es_vanilla_s0,1787526359,214962
es_vanilla_s0,1787526369,214962
es_vanilla_s0,1787526379,214962
es_vanilla_s0,1787526390,214962
es_vanilla_s0,1787526400,214962
es_vanilla_s0,1787526410,214962
es_vanilla_s0,1787526420,214962
es_vanilla_s0,1787526430,214962
es_vanilla_s0,1787526440,214962
es_vanilla_s0,1787526450,214962
es_vanilla_s0,1787526460,214962
es_vanilla_s0,1787526470,214962
es_vanilla_s0,1787526480,214962
es_vanilla_s0,1787526491,214962
es_vanilla_s0,1787526501,214962
es_vanilla_s0,1787526511,214962
es_vanilla_s0,1787526521,214962
es_vanilla_s0,1787526531,214962
es_vanilla_s0,1787526541,214962
es_vanilla_s0,1787526551,214962
es_vanilla_s0,1787526561,214962
es_vanilla_s0,1787526571,214962
es_vanilla_s0,1787526581,214962
es_vanilla_s0,1787526591,214962
es_vanilla_s0,1787526602,214962
es_vanilla_s0,1787526612,214962
es_vanilla_s0,1787526622,214962
es_vanilla_s0,1787526632,214962
es_vanilla_s0,1787526642,214962
es_vanilla_s0,1787526652,214962
es_vanilla_s0,1787526662,214962
es_vanilla_s0,1787526672,214962
es_vanilla_s0,1787526682,214962
es_vanilla_s0,1787526692,214962
es_vanilla_s0,1787526703,214962
es_vanilla_s0,1787526713,214962
es_vanilla_s0,1787526723,214962
es_vanilla_s0,1787526733,214962
es_vanilla_s0,1787526743,214962
es_vanilla_s0,1787526753,214962
es_vanilla_s0,1787526763,214962
es_vanilla_s0,1787526773,214962
es_vanilla_s0,1787526783,214962
es_vanilla_s0,1787526793,214962
es_vanilla_s0,1787526804,214962
es_vanilla_s0,1787526814,214962
es_vanilla_s0,1787526824,214962
es_vanilla_s0,1787526834,214962
es_vanilla_s0,1787526844,214962
es_vanilla_s0,1787526854,214962
es_vanilla_s0,1787526864,214962
es_vanilla_s0,1787526874,214962
es_vanilla_s0,1787526884,214962
es_vanilla_s0,1787526894,214962
es_vanilla_s0,1787526905,214962
es_vanilla_s0,1787526915,214962
es_vanilla_s0,1787526925,214962
es_vanilla_s0,1787526935,214962
es_vanilla_s0,1787526945,214962
es_vanilla_s0,1787526955,214962
es_vanilla_s0,1787526965,214962
es_vanilla_s0,1787526975,214962
es_vanilla_s0,1787526985,214962
es_vanilla_s0,1787526995,214962
es_vanilla_s0,1787527006,214962
es_vanilla_s0,1787527016,214962
es_vanilla_s0,1787527026,214962
es_vanilla_s0,1787527036,214962
es_vanilla_s0,1787527046,214962
es_vanilla_s0,1787527056,214962
es_vanilla_s0,1787527066,214962
es_vanilla_s0,1787527076,214962
es_vanilla_s0,1787527086,214962
es_vanilla_s0,1787527096,214962
es_vanilla_s0,1787527107,214962
es_vanilla_s0,1787527117,214962
es_vanilla_s0,1787527127,214962
es_vanilla_s0,1787527137,214962
es_vanilla_s0,1787527147,214962
es_vanilla_s0,1787527157,214962
es_vanilla_s0,1787527167,214962
es_vanilla_s0,1787527177,214962
es_vanilla_s0,1787527187,214962
es_vanilla_s0,1787527197,214962
es_vanilla_s0,1787527207,214962
es_vanilla_s0,1787527218,214962
es_vanilla_s0,1787527228,214962
es_vanilla_s0,1787527238,214962
es_vanilla_s0,1787527248,214962
es_vanilla_s0,1787527258,214962
es_vanilla_s0,1787527268,214962
es_vanilla_s0,1787527278,214962
es_vanilla_s0,1787527288,214962
es_vanilla_s0,1787527298,214962
es_vanilla_s0,1787527308,214962
es_vanilla_s0,1787527319,214962
es_vanilla_s0,1787527329,214962
es_vanilla_s0,1787527339,214962
es_vanilla_s0,1787527349,214962
es_vanilla_s0,1787527359,214962
es_vanilla_s0,1787527369,214962
es_vanilla_s0,1787527379,214962
es_vanilla_s0,1787527389,214962
es_vanilla_s0,1787527399,214962
es_vanilla_s0,1787527409,214962
es_vanilla_s0,1787527420,214962
es_vanilla_s0,1787527430,214962
es_vanilla_s0,1787527440,214962
es_vanilla_s0,1787527450,214962
es_vanilla_s0,1787527460,214962
es_vanilla_s0,1787527470,214962
es_vanilla_s0,1787527480,214962
es_vanilla_s0,1787527490,214962
es_vanilla_s0,1787527500,214962
es_vanilla_s0,1787527510,214962
es_vanilla_s0,1787527520,214962
es_vanilla_s0,1787527531,214962
es_vanilla_s0,1787527541,214962
es_vanilla_s0,1787527551,214962
es_vanilla_s0,1787527561,214962
es_vanilla_s0,1787527571,214962
es_vanilla_s0,1787527581,214962
es_vanilla_s0,1787527591,214962
es_vanilla_s0,1787527601,214962
es_vanilla_s0,1787527611,214962
es_vanilla_s0,1787527621,214962
es_vanilla_s0,1787527632,214962
es_vanilla_s0,1787527642,214962
es_vanilla_s0,1787527652,214962
es_vanilla_s0,1787527662,214962
es_vanilla_s0,1787527672,214962
es_vanilla_s0,1787527682,214962
es_vanilla_s0,1787527692,214962
es_vanilla_s0,1787527702,214962
es_vanilla_s0,1787527712,214962
es_vanilla_s0,1787527722,214962
es_vanilla_s0,1787527733,214962
es_vanilla_s0,1787527743,214962
es_vanilla_s0,1787527753,214962
es_vanilla_s0,1787527763,214962
es_vanilla_s0,1787527773,214962
es_vanilla_s0,1787527783,214962
es_vanilla_s0,1787527793,214962
es_vanilla_s0,1787527803,214962
es_vanilla_s0,1787527813,214962
es_vanilla_s0,1787527823,214962
es_vanilla_s0,1787527833,214962
es_vanilla_s0,1787527844,214962
es_vanilla_s0,1787527854,214962
es_vanilla_s0,1787527864,214962
es_vanilla_s0,1787527874,214962
es_vanilla_s0,1787527884,214962
es_vanilla_s0,1787527894,214962
es_vanilla_s0,1787527904,214962
es_vanilla_s0,1787527914,214962
es_vanilla_s0,1787527924,214962
es_vanilla_s0,1787527935,214962
es_vanilla_s0,1787527945,214962
es_vanilla_s0,1787527955,214962
es_vanilla_s0,1787527965,214962
es_vanilla_s0,1787527975,214962
es_vanilla_s0,1787527985,214962
es_vanilla_s0,1787527995,214962
es_vanilla_s0,1787528005,214962
es_vanilla_s0,1787528015,214962
es_vanilla_s0,1787528025,214962
es_vanilla_s0,1787528035,214962
es_vanilla_s0,1787528046,214962
es_vanilla_s0,1787528056,214962
es_vanilla_s0,1787528066,214962
es_vanilla_s0,1787528076,214962
es_vanilla_s0,1787528086,214962
es_vanilla_s0,1787528096,214962
es_vanilla_s0,1787528106,214962
es_vanilla_s0,1787528116,214962
es_vanilla_s0,1787528126,214962
es_vanilla_s0,1787528136,214962
es_vanilla_s0,1787528147,214962
es_vanilla_s0,1787528157,214962
es_vanilla_s0,1787528167,214962
es_vanilla_s0,1787528177,214962
es_vanilla_s0,1787528187,214962
es_vanilla_s0,1787528197,214962
es_vanilla_s0,1787528207,214962
es_vanilla_s0,1787528217,214962
es_vanilla_s0,1787528227,214962
es_vanilla_s0,1787528237,214962
es_vanilla_s0,1787528248,214962
es_vanilla_s0,1787528258,214962
es_vanilla_s0,1787528268,214962
es_vanilla_s0,1787528278,214962
es_vanilla_s0,1787528288,214962
es_vanilla_s0,1787528298,214962
es_vanilla_s0,1787528308,214962
es_vanilla_s0,1787528318,214962
es_vanilla_s0,1787528328,214962
es_vanilla_s0,1787528338,214962
es_vanilla_s0,1787528349,214962
es_vanilla_s0,1787528359,214962
es_vanilla_s0,1787528369,214962
es_vanilla_s0,1787528379,214962
es_vanilla_s0,1787528389,214962
es_vanilla_s0,1787528399,214962
es_vanilla_s0,1787528409,214962
es_vanilla_s0,1787528419,214962
es_vanilla_s0,1787528429,214962
es_vanilla_s0,1787528439,214962
es_vanilla_s0,1787528449,214962
es_vanilla_s0,1787528460,214962
es_vanilla_s0,1787528470,214962
es_vanilla_s0,1787528480,214962
es_vanilla_s0,1787528490,214962
es_vanilla_s0,1787528500,214962
es_vanilla_s0,1787528510,214962
es_vanilla_s0,1787528520,214962
es_vanilla_s0,1787528530,214962
es_vanilla_s0,1787528540,214962
es_vanilla_s0,1787528550,214962
es_vanilla_s0,1787528561,214962
es_vanilla_s0,1787528571,214962
es_vanilla_s0,1787528581,214962
es_vanilla_s0,1787528591,214962
es_vanilla_s0,1787528601,214962
es_vanilla_s0,1787528611,214962
es_vanilla_s0,1787528621,214962
es_vanilla_s0,1787528631,214962
es_vanilla_s0,1787528641,214962
es_vanilla_s0,1787528651,214962
es_vanilla_s0,1787528662,214962
es_vanilla_s0,1787528672,214962
es_vanilla_s0,1787528682,214962
es_vanilla_s0,1787528692,214962
es_vanilla_s0,1787528702,214962
es_vanilla_s0,1787528712,214962
es_vanilla_s0,1787528722,214962
es_vanilla_s0,1787528732,214962
es_vanilla_s0,1787528742,214962
es_vanilla_s0,1787528752,214962
es_vanilla_s0,1787528763,214962
es_vanilla_s0,1787528773,214962
es_vanilla_s0,1787528783,214962
es_vanilla_s0,1787528793,214962
es_vanilla_s0,1787528803,214962
es_vanilla_s0,1787528813,214962
es_vanilla_s0,1787528823,214962
es_vanilla_s0,1787528833,214962
es_vanilla_s0,1787528843,214962
es_vanilla_s0,1787528853,214962
es_vanilla_s0,1787528864,214962
es_vanilla_s0,1787528874,214962
es_vanilla_s0,1787528884,214962
es_vanilla_s0,1787528894,214962
es_vanilla_s0,1787528904,214962
es_vanilla_s0,1787528914,214962
es_vanilla_s0,1787528924,214962
es_vanilla_s0,1787528934,214962
es_vanilla_s0,1787528944,214962
es_vanilla_s0,1787528954,214962
es_vanilla_s0,1787528965,214962
es_vanilla_s0,1787528975,214962
es_vanilla_s0,1787528985,214962
es_vanilla_s0,1787528995,214962
es_vanilla_s0,1787529005,214962
es_vanilla_s0,1787529015,214962
es_vanilla_s0,1787529025,214962
es_vanilla_s0,1787529035,214962
es_vanilla_s0,1787529045,214962
es_vanilla_s0,1787529055,214962
es_vanilla_s0,1787529066,214962
es_vanilla_s0,1787529076,214962
es_vanilla_s0,1787529086,214962
es_vanilla_s0,1787529096,214962
es_vanilla_s0,1787529106,214962
es_vanilla_s0,1787529116,214962
es_vanilla_s0,1787529126,214962
es_vanilla_s0,1787529136,214962
es_vanilla_s0,1787529146,214962
es_vanilla_s0,1787529156,214962
es_vanilla_s0,1787529167,214962
es_vanilla_s0,1787529177,214962
es_vanilla_s0,1787529187,214962
es_vanilla_s0,1787529197,214962
es_vanilla_s0,1787529207,214962
es_vanilla_s0,1787529217,214962
es_vanilla_s0,1787529227,214962
es_vanilla_s0,1787529237,214962
es_vanilla_s0,1787529247,214962
es_vanilla_s0,1787529257,214962
es_vanilla_s0,1787529267,214962
es_vanilla_s0,1787529278,214962
es_vanilla_s0,1787529288,214962
es_vanilla_s0,1787529298,214962
es_vanilla_s0,1787529308,214962
es_vanilla_s0,1787529318,214962
es_vanilla_s0,1787529328,214962
es_vanilla_s0,1787529338,214962
es_vanilla_s0,1787529348,214962
es_vanilla_s0,1787529358,214962
es_vanilla_s0,1787529368,214962
es_vanilla_s0,1787529379,214962
es_vanilla_s0,1787529389,214962
es_vanilla_s0,1787529399,214962
es_vanilla_s0,1787529409,214962
es_vanilla_s0,1787529419,214962
es_vanilla_s0,1787529429,214962
es_vanilla_s0,1787529439,214962
es_vanilla_s0,1787529449,214962
es_vanilla_s0,1787529459,214962
es_vanilla_s0,1787529469,214962
es_vanilla_s0,1787529479,214962
es_vanilla_s0,1787529490,214962
es_vanilla_s0,1787529500,214962
es_vanilla_s0,1787529510,214962
es_vanilla_s0,1787529520,214962
es_vanilla_s0,1787529530,214962
es_vanilla_s0,1787529540,214962
es_vanilla_s0,1787529550,214962
es_vanilla_s0,1787529560,214962
es_vanilla_s0,1787529570,214962
es_vanilla_s0,1787529580,214962
es_vanilla_s0,1787529591,214962
es_vanilla_s0,1787529601,214962
es_vanilla_s0,1787529611,214962
es_vanilla_s0,1787529621,214962
es_vanilla_s0,1787529631,214962
es_vanilla_s0,1787529641,214962
es_vanilla_s0,1787529651,214962
es_vanilla_s0,1787529661,214962
es_vanilla_s0,1787529671,214962
es_vanilla_s0,1787529681,214962
es_vanilla_s0,1787529692,214962
es_vanilla_s0,1787529702,214962
es_vanilla_s0,1787529712,214962
es_vanilla_s0,1787529722,214962
es_vanilla_s0,1787529732,214962
es_vanilla_s0,1787529742,214962
es_vanilla_s0,1787529752,214962
es_vanilla_s0,1787529762,214962
es_vanilla_s0,1787529772,214962
es_vanilla_s0,1787529782,214962
es_vanilla_s0,1787529793,214962
es_vanilla_s0,1787529803,214962
es_vanilla_s0,1787529813,214962
es_vanilla_s0,1787529823,214962
es_vanilla_s0,1787529833,214962
es_vanilla_s0,1787529843,214962
es_vanilla_s0,1787529853,214962
es_vanilla_s0,1787529863,214962
es_vanilla_s0,1787529873,214962
es_vanilla_s0,1787529883,214962
es_vanilla_s0,1787529893,214962
es_vanilla_s0,1787529904,214962
es_vanilla_s0,1787529914,214962
es_vanilla_s0,1787529924,214962
es_vanilla_s0,1787529934,214962
es_vanilla_s0,1787529944,214962
es_vanilla_s0,1787529954,214962
es_vanilla_s0,1787529964,214962
es_vanilla_s0,1787529974,214962
es_vanilla_s0,1787529984,214962
es_vanilla_s0,1787529994,214962
es_vanilla_s0,1787530005,214962
es_vanilla_s0,1787530015,214962
es_vanilla_s0,1787530025,214962
es_vanilla_s0,1787530035,214962
es_vanilla_s0,1787530045,214962
es_vanilla_s0,1787530055,214962
es_vanilla_s0,1787530065,214962
es_vanilla_s0,1787530075,214962
es_vanilla_s0,1787530085,214962
es_vanilla_s0,1787530095,214962
es_vanilla_s0,1787530106,214962
es_vanilla_s0,1787530116,214962
es_vanilla_s0,1787530126,214962
es_vanilla_s0,1787530136,214962
es_vanilla_s0,1787530146,214962
es_vanilla_s0,1787530156,214962
es_vanilla_s0,1787530166,214962
es_vanilla_s0,1787530176,214962
es_vanilla_s0,1787530186,214962
es_vanilla_s0,1787530196,214962
es_vanilla_s0,1787530207,214962
es_vanilla_s0,1787530217,214962
es_vanilla_s0,1787530227,214962
es_vanilla_s0,1787530237,214962
es_vanilla_s0,1787530247,214962
es_vanilla_s0,1787530257,214962
es_vanilla_s0,1787530267,214962
es_vanilla_s0,1787530277,214962
es_vanilla_s0,1787530287,214962
es_vanilla_s0,1787530297,214962
es_vanilla_s0,1787530308,214962
es_vanilla_s0,1787530318,214962
es_vanilla_s0,1787530328,214962
es_vanilla_s0,1787530338,214962
es_vanilla_s0,1787530348,214962
es_vanilla_s0,1787530358,214962
es_vanilla_s0,1787530368,214962
es_vanilla_s0,1787530378,214962
es_vanilla_s0,1787530388,214962
es_vanilla_s0,1787530398,214962
es_vanilla_s0,1787530408,214962
es_vanilla_s0,1787530419,214962
es_vanilla_s0,1787530429,214962
es_vanilla_s0,1787530439,214962
es_vanilla_s0,1787530449,214962
es_vanilla_s0,1787530459,214962
es_vanilla_s0,1787530469,214962
es_vanilla_s0,1787530479,214962
es_vanilla_s0,1787530489,214962
es_vanilla_s0,1787530499,214962
es_vanilla_s0,1787530509,214962
es_vanilla_s0,1787530520,214962
es_vanilla_s0,1787530530,214962
es_vanilla_s0,1787530540,214962
es_vanilla_s0,1787530550,214962
es_vanilla_s0,1787530560,214962
es_vanilla_s0,1787530570,214962
es_vanilla_s0,1787530580,214962
es_vanilla_s0,1787530590,214962
es_vanilla_s0,1787530600,214962
es_vanilla_s0,1787530610,214962
es_vanilla_s0,1787530621,214962
es_vanilla_s0,1787530631,214962
es_vanilla_s0,1787530641,214962
es_vanilla_s0,1787530651,214962
es_vanilla_s0,1787530661,214962
es_vanilla_s0,1787530671,214962
es_vanilla_s0,1787530681,214962
es_vanilla_s0,1787530691,214962
es_vanilla_s0,1787530701,214962
es_vanilla_s0,1787530711,214962
es_vanilla_s0,1787530722,214962
es_vanilla_s0,1787530732,214962
es_vanilla_s0,1787530742,214962
es_vanilla_s0,1787530752,214962
es_vanilla_s0,1787530762,214962
es_vanilla_s0,1787530772,214962
es_vanilla_s0,1787530782,214962
es_vanilla_s0,1787530792,214962
es_vanilla_s0,1787530802,214962
es_vanilla_s0,1787530812,214962
es_vanilla_s0,1787530823,214962
es_vanilla_s0,1787530833,214962
es_vanilla_s0,1787530843,214962
es_vanilla_s0,1787530853,214962
es_vanilla_s0,1787530863,214962
es_vanilla_s0,1787530873,214962
es_vanilla_s0,1787530883,214962
es_vanilla_s0,1787530893,214962
es_vanilla_s0,1787530903,214962
es_vanilla_s0,1787530913,214962
es_vanilla_s0,1787530924,214962
es_vanilla_s0,1787530934,214962
es_vanilla_s0,1787530944,214962
es_vanilla_s0,1787530954,214962
es_vanilla_s0,1787530964,214962
es_vanilla_s0,1787530974,214962
es_vanilla_s0,1787530984,214962
es_vanilla_s0,1787530994,214962
es_vanilla_s0,1787531004,214962
es_vanilla_s0,1787531014,214962
es_vanilla_s0,1787531025,214962
es_vanilla_s0,1787531035,214962
es_vanilla_s0,1787531045,214962
es_vanilla_s0,1787531055,214962
es_vanilla_s0,1787531065,214962
es_vanilla_s0,1787531075,214962
es_vanilla_s0,1787531085,214962
es_vanilla_s0,1787531095,214962
es_vanilla_s0,1787531105,214962
es_vanilla_s0,1787531115,214962
es_vanilla_s0,1787531126,214962
es_vanilla_s0,1787531136,214962
es_vanilla_s0,1787531146,214962
es_vanilla_s0,1787531156,214962
es_vanilla_s0,1787531166,214962
es_vanilla_s0,1787531176,214962
es_vanilla_s0,1787531186,214962
es_vanilla_s0,1787531196,214962
es_vanilla_s0,1787531206,214962
es_vanilla_s0,1787531216,214962
es_vanilla_s0,1787531227,214962
es_vanilla_s0,1787531237,214962
es_vanilla_s0,1787531247,214962
es_vanilla_s0,1787531257,214962
es_vanilla_s0,1787531267,214962
es_vanilla_s0,1787531277,214962
es_vanilla_s0,1787531287,214962
es_vanilla_s0,1787531297,214962
es_vanilla_s0,1787531307,214962
es_vanilla_s0,1787531317,214962
es_vanilla_s0,1787531328,214962
es_vanilla_s0,1787531338,214962
es_vanilla_s0,1787531348,214962
es_vanilla_s0,1787531358,214962
es_vanilla_s0,1787531368,214962
es_vanilla_s0,1787531378,214962
es_vanilla_s0,1787531388,214962
es_vanilla_s0,1787531398,214962
es_vanilla_s0,1787531408,214962
es_vanilla_s0,1787531418,214962
es_vanilla_s0,1787531428,214962
es_vanilla_s0,1787531439,214962
es_vanilla_s0,1787531449,214962
es_vanilla_s0,1787531459,214962
es_vanilla_s0,1787531469,214962
es_vanilla_s0,1787531479,214962
es_vanilla_s0,1787531489,214962
es_vanilla_s0,1787531499,214962
es_vanilla_s0,1787531509,214962
es_vanilla_s0,1787531519,214962
es_vanilla_s0,1787531529,214962
es_vanilla_s0,1787531540,214962
es_vanilla_s0,1787531550,214962
es_vanilla_s0,1787531560,214962
es_vanilla_s0,1787531570,214962
es_vanilla_s0,1787531580,214962
es_vanilla_s0,1787531590,214962
es_vanilla_s0,1787531600,214962
es_vanilla_s0,1787531610,214962
es_vanilla_s0,1787531620,214962
es_vanilla_s0,1787531630,214962
es_vanilla_s0,1787531641,214962
es_vanilla_s0,1787531651,214962
es_vanilla_s0,1787531661,214962
es_vanilla_s0,1787531671,214962
es_vanilla_s0,1787531681,214962
es_vanilla_s0,1787531691,214962
es_vanilla_s0,1787531701,214962
es_vanilla_s0,1787531711,214962
es_vanilla_s0,1787531721,214962
es_vanilla_s0,1787531731,214962
es_vanilla_s0,1787531742,214962
es_vanilla_s0,1787531752,214962
es_vanilla_s0,1787531762,214962
es_vanilla_s0,1787531772,214962
es_vanilla_s0,1787531782,214962
es_vanilla_s0,1787531792,214962
es_vanilla_s0,1787531802,214962
es_vanilla_s0,1787531812,214962
es_vanilla_s0,1787531822,214962
es_vanilla_s0,1787531832,214962
es_vanilla_s0,1787531843,214962
es_baseaxis_s0,1787531883,8
es_baseaxis_s0,1787531893,17298
es_baseaxis_s0,1787531903,17298
es_baseaxis_s0,1787531913,17298
es_baseaxis_s0,1787531923,176454
es_baseaxis_s0,1787531933,227090
es_baseaxis_s0,1787531944,231386
es_baseaxis_s0,1787531954,243426
es_baseaxis_s0,1787531964,243426
es_baseaxis_s0,1787531974,243426
es_baseaxis_s0,1787531984,243426
es_baseaxis_s0,1787531994,243426
es_baseaxis_s0,1787532004,243426
es_baseaxis_s0,1787532014,243426
es_baseaxis_s0,1787532024,243426
es_baseaxis_s0,1787532034,243426
es_baseaxis_s0,1787532045,243426
es_baseaxis_s0,1787532055,243426
es_baseaxis_s0,1787532065,243426
es_baseaxis_s0,1787532075,243426
es_baseaxis_s0,1787532085,243426
es_baseaxis_s0,1787532095,243426
es_baseaxis_s0,1787532105,243426
es_baseaxis_s0,1787532115,243426
es_baseaxis_s0,1787532125,243426
es_baseaxis_s0,1787532135,243426
es_baseaxis_s0,1787532146,243426
es_baseaxis_s0,1787532156,243426
es_baseaxis_s0,1787532166,243426
es_baseaxis_s0,1787532176,243426
es_baseaxis_s0,1787532186,243426
es_baseaxis_s0,1787532196,243426
es_baseaxis_s0,1787532206,243426
es_baseaxis_s0,1787532216,243426
es_baseaxis_s0,1787532226,243426
es_baseaxis_s0,1787532236,243426
es_baseaxis_s0,1787532247,243426
es_baseaxis_s0,1787532257,243426
es_baseaxis_s0,1787532267,243426
es_baseaxis_s0,1787532277,243426
es_baseaxis_s0,1787532287,243426
es_baseaxis_s0,1787532297,243426
es_baseaxis_s0,1787532307,243426
es_baseaxis_s0,1787532317,243426
es_baseaxis_s0,1787532327,243426
es_baseaxis_s0,1787532337,243426
es_baseaxis_s0,1787532348,243426
es_baseaxis_s0,1787532358,243426
es_baseaxis_s0,1787532368,243426
es_baseaxis_s0,1787532378,243426
es_baseaxis_s0,1787532388,243426
es_baseaxis_s0,1787532398,243426
es_baseaxis_s0,1787532408,243426
es_baseaxis_s0,1787532418,243426
es_baseaxis_s0,1787532428,243426
es_baseaxis_s0,1787532438,243426
es_baseaxis_s0,1787532449,243426
es_baseaxis_s0,1787532459,243426
es_baseaxis_s0,1787532469,243426
es_baseaxis_s0,1787532479,243426
es_baseaxis_s0,1787532489,243426
es_baseaxis_s0,1787532499,243426
es_baseaxis_s0,1787532509,243426
es_baseaxis_s0,1787532519,243426
es_baseaxis_s0,1787532529,243426
es_baseaxis_s0,1787532539,243426
es_baseaxis_s0,1787532550,243426
es_baseaxis_s0,1787532560,243426
es_baseaxis_s0,1787532570,243426
es_baseaxis_s0,1787532580,243426
es_baseaxis_s0,1787532590,243426
es_baseaxis_s0,1787532600,243426
es_baseaxis_s0,1787532610,251746
es_baseaxis_s0,1787532620,251746
es_baseaxis_s0,1787532630,251746
es_baseaxis_s0,1787532640,251746
es_baseaxis_s0,1787532651,251746
es_baseaxis_s0,1787532661,251746
es_baseaxis_s0,1787532671,251746
es_baseaxis_s0,1787532681,251746
es_baseaxis_s0,1787532691,251746
es_baseaxis_s0,1787532701,251746
es_baseaxis_s0,1787532711,251746
es_baseaxis_s0,1787532721,251746
es_baseaxis_s0,1787532731,251746
es_baseaxis_s0,1787532741,251746
es_baseaxis_s0,1787532752,251746
es_baseaxis_s0,1787532762,251746
es_baseaxis_s0,1787532772,251746
es_baseaxis_s0,1787532782,251746
es_baseaxis_s0,1787532792,251746
es_baseaxis_s0,1787532802,251746
es_baseaxis_s0,1787532812,251746
es_baseaxis_s0,1787532822,251746
es_baseaxis_s0,1787532832,251746
es_baseaxis_s0,1787532842,251746
es_baseaxis_s0,1787532853,251746
es_baseaxis_s0,1787532863,251746
es_baseaxis_s0,1787532873,251746
es_baseaxis_s0,1787532883,251746
es_baseaxis_s0,1787532893,251746
es_baseaxis_s0,1787532903,251746
es_baseaxis_s0,1787532913,251746
es_baseaxis_s0,1787532923,251746
es_baseaxis_s0,1787532933,251746
es_baseaxis_s0,1787532943,251746
es_baseaxis_s0,1787532954,251746
es_baseaxis_s0,1787532964,251746
es_baseaxis_s0,1787532974,251746
es_baseaxis_s0,1787532984,251746
es_baseaxis_s0,1787532994,251746
es_baseaxis_s0,1787533004,251746
es_baseaxis_s0,1787533014,251746
es_baseaxis_s0,1787533024,251746
es_baseaxis_s0,1787533034,251746
es_baseaxis_s0,1787533044,251746
es_baseaxis_s0,1787533055,251746
es_baseaxis_s0,1787533065,251746
es_baseaxis_s0,1787533075,251746
es_baseaxis_s0,1787533085,251746
es_baseaxis_s0,1787533095,251746
es_baseaxis_s0,1787533105,251746
es_baseaxis_s0,1787533115,251746
es_baseaxis_s0,1787533125,251746
es_baseaxis_s0,1787533135,251746
es_baseaxis_s0,1787533145,251746
es_baseaxis_s0,1787533156,251746
es_baseaxis_s0,1787533166,251746
es_baseaxis_s0,1787533176,251746
es_baseaxis_s0,1787533186,251746
es_baseaxis_s0,1787533196,251746
es_baseaxis_s0,1787533206,251746
es_baseaxis_s0,1787533216,251746
es_baseaxis_s0,1787533226,251746
es_baseaxis_s0,1787533236,251746
es_baseaxis_s0,1787533246,251746
es_baseaxis_s0,1787533257,251746
es_baseaxis_s0,1787533267,251746
es_baseaxis_s0,1787533277,251746
es_baseaxis_s0,1787533287,251746
es_baseaxis_s0,1787533297,251746
es_baseaxis_s0,1787533307,251746
es_baseaxis_s0,1787533317,251746
es_baseaxis_s0,1787533327,251746
es_baseaxis_s0,1787533337,251746
es_baseaxis_s0,1787533347,251746
es_baseaxis_s0,1787533358,251746
es_baseaxis_s0,1787533368,251746
es_baseaxis_s0,1787533378,251746
es_baseaxis_s0,1787533388,251746
es_baseaxis_s0,1787533398,251746
es_baseaxis_s0,1787533408,251746
es_baseaxis_s0,1787533418,251746
es_baseaxis_s0,1787533428,251746
es_baseaxis_s0,1787533438,251746
es_baseaxis_s0,1787533448,251746
es_baseaxis_s0,1787533459,251746
es_baseaxis_s0,1787533469,251746
es_baseaxis_s0,1787533479,251746
es_baseaxis_s0,1787533489,251746
es_baseaxis_s0,1787533499,251746
es_baseaxis_s0,1787533509,251746
es_baseaxis_s0,1787533519,251746
es_baseaxis_s0,1787533529,251746
es_baseaxis_s0,1787533539,251746
es_baseaxis_s0,1787533549,251746
es_baseaxis_s0,1787533560,251746
es_baseaxis_s0,1787533570,251746
es_baseaxis_s0,1787533580,251746
es_baseaxis_s0,1787533590,251746
es_baseaxis_s0,1787533600,251746
es_baseaxis_s0,1787533610,251746
es_baseaxis_s0,1787533620,251746
es_baseaxis_s0,1787533630,251746
es_baseaxis_s0,1787533640,251746
es_baseaxis_s0,1787533650,251746
es_baseaxis_s0,1787533661,251746
es_baseaxis_s0,1787533671,251746
es_baseaxis_s0,1787533681,251746
es_baseaxis_s0,1787533691,251746
es_baseaxis_s0,1787533701,251746
es_baseaxis_s0,1787533711,251746
es_baseaxis_s0,1787533721,251746
es_baseaxis_s0,1787533731,251746
es_baseaxis_s0,1787533741,251746
es_baseaxis_s0,1787533751,251746
es_baseaxis_s0,1787533761,251746
es_baseaxis_s0,1787533772,251746
es_baseaxis_s0,1787533782,251746
es_baseaxis_s0,1787533792,251746
es_baseaxis_s0,1787533802,251746
es_baseaxis_s0,1787533812,251746
es_baseaxis_s0,1787533822,251746
es_baseaxis_s0,1787533832,251746
es_baseaxis_s0,1787533842,251746
es_baseaxis_s0,1787533852,251746
es_baseaxis_s0,1787533862,251746
es_baseaxis_s0,1787533873,251746
es_baseaxis_s0,1787533883,251746
es_baseaxis_s0,1787533893,251746
es_baseaxis_s0,1787533903,251746
es_baseaxis_s0,1787533913,251746
es_baseaxis_s0,1787533923,251746
es_baseaxis_s0,1787533933,251746
es_baseaxis_s0,1787533943,251746
es_baseaxis_s0,1787533953,251746
es_baseaxis_s0,1787533963,251746
es_baseaxis_s0,1787533974,251746
es_baseaxis_s0,1787533984,251746
es_baseaxis_s0,1787533994,251746
es_baseaxis_s0,1787534004,251746
es_baseaxis_s0,1787534014,251746
es_baseaxis_s0,1787534024,251746
es_baseaxis_s0,1787534034,251746
es_baseaxis_s0,1787534044,251746
es_baseaxis_s0,1787534054,251746
es_baseaxis_s0,1787534064,251746
es_baseaxis_s0,1787534075,251746
es_baseaxis_s0,1787534085,251746
es_baseaxis_s0,1787534095,251746
es_baseaxis_s0,1787534105,251746
es_baseaxis_s0,1787534115,251746
es_baseaxis_s0,1787534125,251746
es_baseaxis_s0,1787534135,251746
es_baseaxis_s0,1787534145,251746
es_baseaxis_s0,1787534155,251746
es_baseaxis_s0,1787534165,251746
es_baseaxis_s0,1787534176,251746
es_baseaxis_s0,1787534186,251746
es_baseaxis_s0,1787534196,251746
es_baseaxis_s0,1787534206,251746
es_baseaxis_s0,1787534216,251746
es_baseaxis_s0,1787534226,251746
es_baseaxis_s0,1787534236,251746
es_baseaxis_s0,1787534246,251746
es_baseaxis_s0,1787534256,251746
es_baseaxis_s0,1787534267,251746
es_baseaxis_s0,1787534277,251746
es_baseaxis_s0,1787534287,251746
es_baseaxis_s0,1787534297,251746
es_baseaxis_s0,1787534307,251746
es_baseaxis_s0,1787534317,251746
es_baseaxis_s0,1787534327,251746
es_baseaxis_s0,1787534337,251746
es_baseaxis_s0,1787534347,251746
es_baseaxis_s0,1787534357,251746
es_baseaxis_s0,1787534367,251746
es_baseaxis_s0,1787534378,251746
es_baseaxis_s0,1787534388,251746
es_baseaxis_s0,1787534398,251746
es_baseaxis_s0,1787534408,251746
es_baseaxis_s0,1787534418,251746
es_baseaxis_s0,1787534428,251746
es_baseaxis_s0,1787534438,251746
es_baseaxis_s0,1787534448,251746
es_baseaxis_s0,1787534458,251746
es_baseaxis_s0,1787534468,251746
es_baseaxis_s0,1787534479,251746
es_baseaxis_s0,1787534489,251746
es_baseaxis_s0,1787534499,251746
es_baseaxis_s0,1787534509,251746
es_baseaxis_s0,1787534519,251746
es_baseaxis_s0,1787534529,251746
es_baseaxis_s0,1787534539,251746
es_baseaxis_s0,1787534549,251746
es_baseaxis_s0,1787534559,251746
es_baseaxis_s0,1787534569,251746
es_baseaxis_s0,1787534580,251746
es_baseaxis_s0,1787534590,251746
es_baseaxis_s0,1787534600,251746
es_baseaxis_s0,1787534610,251746
es_baseaxis_s0,1787534620,251746
es_baseaxis_s0,1787534630,251746
es_baseaxis_s0,1787534640,251746
es_baseaxis_s0,1787534650,251746
es_baseaxis_s0,1787534660,251746
es_baseaxis_s0,1787534670,251746
es_baseaxis_s0,1787534681,251746
es_baseaxis_s0,1787534691,251746
es_baseaxis_s0,1787534701,251746
es_baseaxis_s0,1787534711,251746
es_baseaxis_s0,1787534721,251746
es_baseaxis_s0,1787534731,251746
es_baseaxis_s0,1787534741,251746
es_baseaxis_s0,1787534751,251746
es_baseaxis_s0,1787534761,251746
es_baseaxis_s0,1787534771,251746
es_baseaxis_s0,1787534782,251746
es_baseaxis_s0,1787534792,251746
es_baseaxis_s0,1787534802,251746
es_baseaxis_s0,1787534812,251746
es_baseaxis_s0,1787534822,251746
es_baseaxis_s0,1787534832,251746
es_baseaxis_s0,1787534842,251746
es_baseaxis_s0,1787534852,251746
es_baseaxis_s0,1787534862,251746
es_baseaxis_s0,1787534872,251746
es_baseaxis_s0,1787534883,251746
es_baseaxis_s0,1787534893,251746
es_baseaxis_s0,1787534903,251746
es_baseaxis_s0,1787534913,251746
es_baseaxis_s0,1787534923,251746
es_baseaxis_s0,1787534933,251746
es_baseaxis_s0,1787534943,251746
es_baseaxis_s0,1787534953,251746
es_baseaxis_s0,1787534963,251746
es_baseaxis_s0,1787534973,251746
es_baseaxis_s0,1787534983,251746
es_baseaxis_s0,1787534994,251746
es_baseaxis_s0,1787535004,251746
es_baseaxis_s0,1787535014,251746
es_baseaxis_s0,1787535024,251746
es_baseaxis_s0,1787535034,251746
es_baseaxis_s0,1787535044,251746
es_baseaxis_s0,1787535054,251746
es_baseaxis_s0,1787535064,251746
es_baseaxis_s0,1787535074,251746
es_baseaxis_s0,1787535084,251746
es_baseaxis_s0,1787535095,251746
es_baseaxis_s0,1787535105,251746
es_baseaxis_s0,1787535115,251746
es_baseaxis_s0,1787535125,251746
es_baseaxis_s0,1787535135,251746
es_baseaxis_s0,1787535145,251746
es_baseaxis_s0,1787535155,251746
es_baseaxis_s0,1787535165,251746
es_baseaxis_s0,1787535175,251746
es_baseaxis_s0,1787535185,251746
es_baseaxis_s0,1787535196,251746
es_baseaxis_s0,1787535206,251746
es_baseaxis_s0,1787535216,251746
es_baseaxis_s0,1787535226,251746
es_baseaxis_s0,1787535236,251746
es_baseaxis_s0,1787535246,251746
es_baseaxis_s0,1787535256,251746
es_baseaxis_s0,1787535266,251746
es_baseaxis_s0,1787535276,251746
es_baseaxis_s0,1787535286,251746
es_baseaxis_s0,1787535297,251746
es_baseaxis_s0,1787535307,251746
es_baseaxis_s0,1787535317,251746
es_baseaxis_s0,1787535327,251746
es_baseaxis_s0,1787535337,251746
es_baseaxis_s0,1787535347,251746
es_baseaxis_s0,1787535357,251746
es_baseaxis_s0,1787535367,251746
es_baseaxis_s0,1787535377,251746
es_baseaxis_s0,1787535387,251746
es_baseaxis_s0,1787535398,251746
es_baseaxis_s0,1787535408,251746
es_baseaxis_s0,1787535418,251746
es_baseaxis_s0,1787535428,251746
es_baseaxis_s0,1787535438,251746
es_baseaxis_s0,1787535448,251746
es_baseaxis_s0,1787535458,251746
es_baseaxis_s0,1787535468,251746
es_baseaxis_s0,1787535478,251746
es_baseaxis_s0,1787535488,251746
es_baseaxis_s0,1787535499,251746
es_baseaxis_s0,1787535509,251746
es_baseaxis_s0,1787535519,251746
es_baseaxis_s0,1787535529,251746
es_baseaxis_s0,1787535539,251746
es_baseaxis_s0,1787535549,251746
es_baseaxis_s0,1787535559,251746
es_baseaxis_s0,1787535569,251746
es_baseaxis_s0,1787535579,251746
es_baseaxis_s0,1787535589,251746
es_baseaxis_s0,1787535600,251746
es_baseaxis_s0,1787535610,251746
es_baseaxis_s0,1787535620,251746
es_baseaxis_s0,1787535630,251746
es_baseaxis_s0,1787535640,251746
es_baseaxis_s0,1787535650,251746
es_baseaxis_s0,1787535660,251746
es_baseaxis_s0,1787535670,251746
es_baseaxis_s0,1787535680,251746
es_baseaxis_s0,1787535690,251746
es_baseaxis_s0,1787535701,251746
es_baseaxis_s0,1787535711,251746
es_baseaxis_s0,1787535721,251746
es_baseaxis_s0,1787535731,251746
es_baseaxis_s0,1787535741,251746
es_baseaxis_s0,1787535751,251746
es_baseaxis_s0,1787535761,251746
es_baseaxis_s0,1787535771,251746
es_baseaxis_s0,1787535781,251746
es_baseaxis_s0,1787535791,251746
es_baseaxis_s0,1787535802,251746
es_baseaxis_s0,1787535812,251746
es_baseaxis_s0,1787535822,251746
es_baseaxis_s0,1787535832,251746
es_baseaxis_s0,1787535842,251746
es_baseaxis_s0,1787535852,251746
es_baseaxis_s0,1787535862,251746
es_baseaxis_s0,1787535872,251746
es_baseaxis_s0,1787535882,251746
es_baseaxis_s0,1787535892,251746
es_baseaxis_s0,1787535902,251746
es_baseaxis_s0,1787535913,251746
es_baseaxis_s0,1787535923,251746
es_baseaxis_s0,1787535933,251746
es_baseaxis_s0,1787535943,251746
es_baseaxis_s0,1787535953,251746
es_baseaxis_s0,1787535963,251746
es_baseaxis_s0,1787535973,251746
es_baseaxis_s0,1787535983,251746
es_baseaxis_s0,1787535993,251746
es_baseaxis_s0,1787536004,251746
es_baseaxis_s0,1787536014,251746
es_baseaxis_s0,1787536024,251746
es_baseaxis_s0,1787536034,251746
es_baseaxis_s0,1787536044,251746
es_baseaxis_s0,1787536054,251746
es_baseaxis_s0,1787536064,251746
es_baseaxis_s0,1787536074,251746
es_baseaxis_s0,1787536084,251746
es_baseaxis_s0,1787536094,251746
es_baseaxis_s0,1787536105,251746
es_baseaxis_s0,1787536115,251746
es_baseaxis_s0,1787536125,251746
es_baseaxis_s0,1787536135,251746
es_baseaxis_s0,1787536145,251746
es_baseaxis_s0,1787536155,251746
es_baseaxis_s0,1787536165,251746
es_baseaxis_s0,1787536175,251746
es_baseaxis_s0,1787536185,251746
es_baseaxis_s0,1787536195,251746
es_baseaxis_s0,1787536206,251746
es_baseaxis_s0,1787536216,251746
es_baseaxis_s0,1787536226,251746
es_baseaxis_s0,1787536236,251746
es_baseaxis_s0,1787536246,251746
es_baseaxis_s0,1787536256,251746
es_baseaxis_s0,1787536266,251746
es_baseaxis_s0,1787536276,251746
es_baseaxis_s0,1787536286,251746
es_baseaxis_s0,1787536296,251746
es_baseaxis_s0,1787536307,251746
es_baseaxis_s0,1787536317,251746
es_baseaxis_s0,1787536327,251746
es_baseaxis_s0,1787536337,251746
es_baseaxis_s0,1787536347,251746
es_baseaxis_s0,1787536357,251746
es_baseaxis_s0,1787536367,251746
es_baseaxis_s0,1787536377,251746
es_baseaxis_s0,1787536387,251746
es_baseaxis_s0,1787536397,251746
es_baseaxis_s0,1787536408,251746
es_baseaxis_s0,1787536418,251746
es_baseaxis_s0,1787536428,251746
es_baseaxis_s0,1787536438,251746
es_baseaxis_s0,1787536448,251746
es_baseaxis_s0,1787536458,251746
es_baseaxis_s0,1787536468,251746
es_baseaxis_s0,1787536478,251746
es_baseaxis_s0,1787536488,251746
es_baseaxis_s0,1787536498,251746
es_baseaxis_s0,1787536509,251746
es_baseaxis_s0,1787536519,251746
es_baseaxis_s0,1787536529,251746
es_baseaxis_s0,1787536539,251746
es_baseaxis_s0,1787536549,251746
es_baseaxis_s0,1787536559,251746
es_baseaxis_s0,1787536569,251746
es_baseaxis_s0,1787536579,251746
es_baseaxis_s0,1787536589,251746
es_baseaxis_s0,1787536599,251746
es_baseaxis_s0,1787536610,251746
es_baseaxis_s0,1787536620,251746
es_baseaxis_s0,1787536630,251746
es_baseaxis_s0,1787536640,251746
es_baseaxis_s0,1787536650,251746
es_baseaxis_s0,1787536660,251746
es_baseaxis_s0,1787536670,251746
es_baseaxis_s0,1787536680,251746
es_baseaxis_s0,1787536690,251746
es_baseaxis_s0,1787536700,251746
es_baseaxis_s0,1787536711,251746
es_baseaxis_s0,1787536721,251746
es_baseaxis_s0,1787536731,251746
es_baseaxis_s0,1787536741,251746
es_baseaxis_s0,1787536751,251746
es_baseaxis_s0,1787536761,251746
es_baseaxis_s0,1787536771,251746
es_baseaxis_s0,1787536781,251746
es_baseaxis_s0,1787536791,251746
es_baseaxis_s0,1787536801,251746
es_baseaxis_s0,1787536812,251746
es_baseaxis_s0,1787536822,251746
es_baseaxis_s0,1787536832,251746
es_baseaxis_s0,1787536842,251746
es_baseaxis_s0,1787536852,251746
es_baseaxis_s0,1787536862,251746
es_baseaxis_s0,1787536872,251746
es_baseaxis_s0,1787536882,251746
es_baseaxis_s0,1787536892,251746
es_baseaxis_s0,1787536902,251746
es_baseaxis_s0,1787536913,251746
es_baseaxis_s0,1787536923,251746
es_baseaxis_s0,1787536933,251746
es_baseaxis_s0,1787536943,251746
es_baseaxis_s0,1787536953,251746
es_baseaxis_s0,1787536963,251746
es_baseaxis_s0,1787536973,251746
es_baseaxis_s0,1787536983,251746
es_baseaxis_s0,1787536993,251746
es_baseaxis_s0,1787537004,251746
es_baseaxis_s0,1787537014,251746
es_baseaxis_s0,1787537024,251746
es_baseaxis_s0,1787537034,251746
es_baseaxis_s0,1787537044,251746
es_baseaxis_s0,1787537054,251746
es_baseaxis_s0,1787537064,251746
es_baseaxis_s0,1787537074,251746
es_baseaxis_s0,1787537084,251746
es_baseaxis_s0,1787537094,251746
es_baseaxis_s0,1787537105,251746
es_baseaxis_s0,1787537115,251746
es_baseaxis_s0,1787537125,251746
es_baseaxis_s0,1787537135,251746
es_baseaxis_s0,1787537145,251746
es_baseaxis_s0,1787537155,251746
es_baseaxis_s0,1787537165,251746
es_baseaxis_s0,1787537175,251746
es_baseaxis_s0,1787537185,251746
es_baseaxis_s0,1787537195,251746
es_baseaxis_s0,1787537206,251746
es_baseaxis_s0,1787537216,251746
es_baseaxis_s0,1787537226,251746
es_baseaxis_s0,1787537236,251746
es_baseaxis_s0,1787537246,251746
es_baseaxis_s0,1787537256,251746
es_baseaxis_s0,1787537266,251746
es_baseaxis_s0,1787537276,251746
es_baseaxis_s0,1787537286,251746
es_baseaxis_s0,1787537296,251746
es_baseaxis_s0,1787537307,251746
es_baseaxis_s0,1787537317,251746
es_baseaxis_s0,1787537327,251746
es_baseaxis_s0,1787537337,251746
es_baseaxis_s0,1787537347,251746
es_baseaxis_s0,1787537357,251746
es_baseaxis_s0,1787537367,251746
es_baseaxis_s0,1787537377,251746
es_baseaxis_s0,1787537387,251746
es_baseaxis_s0,1787537397,251746
es_baseaxis_s0,1787537408,251746
es_baseaxis_s0,1787537418,251746
es_baseaxis_s0,1787537428,251746
es_baseaxis_s0,1787537438,251746
es_baseaxis_s0,1787537448,251746
es_baseaxis_s0,1787537458,251746
es_baseaxis_s0,1787537468,251746
es_baseaxis_s0,1787537478,251746
es_baseaxis_s0,1787537488,251746
es_baseaxis_s0,1787537499,251746
es_baseaxis_s0,1787537509,251746
es_baseaxis_s0,1787537519,251746
es_baseaxis_s0,1787537529,251746
es_baseaxis_s0,1787537539,251746
es_baseaxis_s0,1787537549,251746
es_baseaxis_s0,1787537559,251746
es_baseaxis_s0,1787537569,251746
es_baseaxis_s0,1787537579,251746
es_baseaxis_s0,1787537589,251746
es_baseaxis_s0,1787537600,251746
es_baseaxis_s0,1787537610,251746
es_baseaxis_s0,1787537620,251746
es_baseaxis_s0,1787537630,251746
es_baseaxis_s0,1787537640,251746
es_baseaxis_s0,1787537650,251746
es_baseaxis_s0,1787537660,251746
es_baseaxis_s0,1787537670,251746
es_baseaxis_s0,1787537680,251746
es_baseaxis_s0,1787537690,251746
es_baseaxis_s0,1787537701,251746
es_baseaxis_s0,1787537711,251746
es_baseaxis_s0,1787537721,251746
es_baseaxis_s0,1787537731,251746
es_baseaxis_s0,1787537741,251746
es_baseaxis_s0,1787537751,251746
es_baseaxis_s0,1787537761,251746
es_baseaxis_s0,1787537771,251746
es_baseaxis_s0,1787537781,251746
es_baseaxis_s0,1787537791,251746
es_baseaxis_s0,1787537802,251746
es_baseaxis_s0,1787537812,251746
es_baseaxis_s0,1787537822,251746
es_baseaxis_s0,1787537832,251746
es_baseaxis_s0,1787537842,251746
es_baseaxis_s0,1787537852,251746
es_baseaxis_s0,1787537862,251746
es_baseaxis_s0,1787537872,251746
es_baseaxis_s0,1787537882,251746
es_baseaxis_s0,1787537892,251746
es_baseaxis_s0,1787537903,251746
es_baseaxis_s0,1787537913,251746
es_baseaxis_s0,1787537923,251746
es_baseaxis_s0,1787537933,251746
es_baseaxis_s0,1787537943,251746
es_baseaxis_s0,1787537953,251746
es_baseaxis_s0,1787537963,251746
es_baseaxis_s0,1787537973,251746
es_baseaxis_s0,1787537983,251746
es_baseaxis_s0,1787537993,251746
es_baseaxis_s0,1787538004,251746
es_baseaxis_s0,1787538014,251746
es_baseaxis_s0,1787538024,251746
es_baseaxis_s0,1787538034,251746
es_baseaxis_s0,1787538044,251746
es_baseaxis_s0,1787538054,251746
es_baseaxis_s0,1787538064,251746
es_baseaxis_s0,1787538074,251746
es_baseaxis_s0,1787538084,251746
es_baseaxis_s0,1787538094,251746
es_baseaxis_s0,1787538105,251746
es_baseaxis_s0,1787538115,251746
es_baseaxis_s0,1787538125,251746
es_baseaxis_s0,1787538135,251746
es_baseaxis_s0,1787538145,251746
es_baseaxis_s0,1787538155,251746
es_baseaxis_s0,1787538165,251746
es_baseaxis_s0,1787538175,251746
es_baseaxis_s0,1787538185,251746
es_baseaxis_s0,1787538196,251746
es_baseaxis_s0,1787538206,251746
es_baseaxis_s0,1787538216,251746
es_baseaxis_s0,1787538226,251746
es_baseaxis_s0,1787538236,251746
es_baseaxis_s0,1787538246,251746
es_baseaxis_s0,1787538256,251746
es_baseaxis_s0,1787538266,251746
es_baseaxis_s0,1787538276,251746
es_baseaxis_s0,1787538286,251746
es_baseaxis_s0,1787538297,251746
es_baseaxis_s0,1787538307,251746
es_baseaxis_s0,1787538317,251746
es_baseaxis_s0,1787538327,251746
es_baseaxis_s0,1787538337,251746
es_baseaxis_s0,1787538347,251746
es_baseaxis_s0,1787538357,251746
es_baseaxis_s0,1787538367,251746
es_baseaxis_s0,1787538377,251746
es_baseaxis_s0,1787538387,251746
es_baseaxis_s0,1787538398,251746
es_baseaxis_s0,1787538408,251746
es_baseaxis_s0,1787538418,251746
es_baseaxis_s0,1787538428,251746
es_baseaxis_s0,1787538438,251746
es_baseaxis_s0,1787538448,251746
es_baseaxis_s0,1787538458,251746
es_baseaxis_s0,1787538468,251746
es_baseaxis_s0,1787538478,251746
es_baseaxis_s0,1787538488,251746
es_baseaxis_s0,1787538499,251746
es_baseaxis_s0,1787538509,251746
es_baseaxis_s0,1787538519,251746
es_baseaxis_s0,1787538529,251746
es_baseaxis_s0,1787538539,251746
es_baseaxis_s0,1787538549,251746
es_baseaxis_s0,1787538559,251746
es_baseaxis_s0,1787538569,251746
es_baseaxis_s0,1787538579,251746
es_baseaxis_s0,1787538590,251746
es_baseaxis_s0,1787538600,251746
es_baseaxis_s0,1787538610,251746
es_baseaxis_s0,1787538620,251746
es_baseaxis_s0,1787538630,251746
es_baseaxis_s0,1787538640,251746
es_baseaxis_s0,1787538650,251746
es_baseaxis_s0,1787538660,251746
es_baseaxis_s0,1787538670,251746
es_baseaxis_s0,1787538680,251746
es_baseaxis_s0,1787538691,251746
es_baseaxis_s0,1787538701,251746
es_baseaxis_s0,1787538711,251746
es_baseaxis_s0,1787538721,251746
es_baseaxis_s0,1787538731,251746
es_baseaxis_s0,1787538741,251746
es_baseaxis_s0,1787538751,251746
es_baseaxis_s0,1787538761,251746
es_baseaxis_s0,1787538771,251746
es_baseaxis_s0,1787538781,251746
es_baseaxis_s0,1787538792,251746
es_baseaxis_s0,1787538802,251746
es_baseaxis_s0,1787538812,251746
es_baseaxis_s0,1787538822,251746
es_baseaxis_s0,1787538832,251746
es_baseaxis_s0,1787538842,251746
es_baseaxis_s0,1787538852,251746
es_baseaxis_s0,1787538862,251746
es_baseaxis_s0,1787538872,251746
es_baseaxis_s0,1787538882,251746
es_baseaxis_s0,1787538893,251746
es_baseaxis_s0,1787538903,251746
es_baseaxis_s0,1787538913,251746
es_baseaxis_s0,1787538923,251746
es_baseaxis_s0,1787538933,251746
es_baseaxis_s0,1787538943,251746
es_baseaxis_s0,1787538953,251746
es_baseaxis_s0,1787538963,251746
es_baseaxis_s0,1787538973,251746
es_baseaxis_s0,1787538983,251746
es_baseaxis_s0,1787538994,251746
es_baseaxis_s0,1787539004,251746
es_baseaxis_s0,1787539014,251746
es_baseaxis_s0,1787539024,251746
es_baseaxis_s0,1787539034,251746
es_baseaxis_s0,1787539044,251746
es_baseaxis_s0,1787539054,251746
es_baseaxis_s0,1787539064,251746
es_baseaxis_s0,1787539074,251746
es_baseaxis_s0,1787539084,251746
es_baseaxis_s0,1787539095,251746
es_baseaxis_s0,1787539105,251746
es_baseaxis_s0,1787539115,251746
es_baseaxis_s0,1787539125,251746
es_baseaxis_s0,1787539135,251746
es_baseaxis_s0,1787539145,251746
es_baseaxis_s0,1787539155,251746
es_baseaxis_s0,1787539165,251746
es_baseaxis_s0,1787539175,251746
es_baseaxis_s0,1787539185,251746
es_baseaxis_s0,1787539196,251746
es_baseaxis_s0,1787539206,251746
es_baseaxis_s0,1787539216,251750
es_baseaxis_s0,1787539226,251750
es_baseaxis_s0,1787539236,251750
es_baseaxis_s0,1787539246,251750
es_baseaxis_s0,1787539256,251750
es_baseaxis_s0,1787539266,251750
es_baseaxis_s0,1787539276,251750
es_baseaxis_s0,1787539287,251750
es_baseaxis_s0,1787539297,251750
es_baseaxis_s0,1787539307,251750
es_baseaxis_s0,1787539317,251750
es_baseaxis_s0,1787539327,251750
es_baseaxis_s0,1787539337,251750
es_baseaxis_s0,1787539347,251750
es_baseaxis_s0,1787539357,251750
es_baseaxis_s0,1787539367,251750
es_baseaxis_s0,1787539377,251750
es_baseaxis_s0,1787539388,251750
es_baseaxis_s0,1787539398,251750
es_baseaxis_s0,1787539408,251750
es_baseaxis_s0,1787539418,251750
es_baseaxis_s0,1787539428,251750
es_baseaxis_s0,1787539438,251750
es_baseaxis_s0,1787539448,251750
es_baseaxis_s0,1787539458,251750
es_baseaxis_s0,1787539468,251750
es_baseaxis_s0,1787539479,251750
es_baseaxis_s0,1787539489,251750
es_baseaxis_s0,1787539499,251750
es_baseaxis_s0,1787539509,251750
es_baseaxis_s0,1787539519,251750
es_baseaxis_s0,1787539529,251750
es_baseaxis_s0,1787539539,251750
es_baseaxis_s0,1787539549,251750
es_baseaxis_s0,1787539559,251750
es_baseaxis_s0,1787539569,251750
es_baseaxis_s0,1787539580,251750
es_baseaxis_s0,1787539590,251750
es_baseaxis_s0,1787539600,251750
es_baseaxis_s0,1787539610,251750
es_baseaxis_s0,1787539620,251750
es_baseaxis_s0,1787539630,251750
es_baseaxis_s0,1787539640,251750
es_baseaxis_s0,1787539650,251750
es_baseaxis_s0,1787539660,251750
es_baseaxis_s0,1787539670,251750
es_baseaxis_s0,1787539681,251750
es_baseaxis_s0,1787539691,251750
es_baseaxis_s0,1787539701,251750
es_baseaxis_s0,1787539711,251750
es_baseaxis_s0,1787539721,251750
es_baseaxis_s0,1787539731,251750
es_baseaxis_s0,1787539741,251750
es_baseaxis_s0,1787539751,251750
es_baseaxis_s0,1787539761,251750
es_baseaxis_s0,1787539772,251750
es_baseaxis_s0,1787539782,251750
es_baseaxis_s0,1787539792,251750
es_baseaxis_s0,1787539802,251750
es_baseaxis_s0,1787539812,251750
es_baseaxis_s0,1787539822,251750
es_baseaxis_s0,1787539832,251750
es_baseaxis_s0,1787539842,251750
es_baseaxis_s0,1787539852,251750
es_baseaxis_s0,1787539862,251750
es_baseaxis_s0,1787539873,251750
es_baseaxis_s0,1787539883,251750
es_baseaxis_s0,1787539893,251750
es_baseaxis_s0,1787539903,251750
es_baseaxis_s0,1787539913,251750
es_baseaxis_s0,1787539923,251750
es_baseaxis_s0,1787539933,251750
es_baseaxis_s0,1787539943,251750
es_baseaxis_s0,1787539953,251750
es_baseaxis_s0,1787539963,251750
es_baseaxis_s0,1787539974,251750
es_baseaxis_s0,1787539984,251750
es_baseaxis_s0,1787539994,251750
es_baseaxis_s0,1787540004,251750
es_baseaxis_s0,1787540014,251750
es_baseaxis_s0,1787540024,251750
es_baseaxis_s0,1787540034,251750
es_baseaxis_s0,1787540044,251750
es_baseaxis_s0,1787540054,251750
es_baseaxis_s0,1787540065,251750
es_baseaxis_s0,1787540075,251750
es_baseaxis_s0,1787540085,251750
es_baseaxis_s0,1787540095,251750
es_baseaxis_s0,1787540105,251750
es_baseaxis_s0,1787540115,251750
es_baseaxis_s0,1787540125,251750
es_baseaxis_s0,1787540135,251750
es_baseaxis_s0,1787540145,251750
es_baseaxis_s0,1787540155,251750
es_baseaxis_s0,1787540166,251750
es_baseaxis_s0,1787540176,251750
es_baseaxis_s0,1787540186,251750
es_baseaxis_s0,1787540196,251750
es_baseaxis_s0,1787540206,251750
es_baseaxis_s0,1787540216,251750
es_baseaxis_s0,1787540226,251750
es_baseaxis_s0,1787540236,251750
es_baseaxis_s0,1787540246,251750
es_baseaxis_s0,1787540256,251750
es_baseaxis_s0,1787540267,251750
es_baseaxis_s0,1787540277,251750
es_baseaxis_s0,1787540287,251750
es_baseaxis_s0,1787540297,251750
es_baseaxis_s0,1787540307,251750
es_baseaxis_s0,1787540317,251750
es_baseaxis_s0,1787540327,251750
es_baseaxis_s0,1787540337,251750
es_baseaxis_s0,1787540347,251750
es_baseaxis_s0,1787540358,251750
es_baseaxis_s0,1787540368,251750
es_baseaxis_s0,1787540378,251750
es_baseaxis_s0,1787540388,251750
es_baseaxis_s0,1787540398,251750
es_baseaxis_s0,1787540408,251750
es_baseaxis_s0,1787540418,251750
es_baseaxis_s0,1787540428,251750
es_baseaxis_s0,1787540438,251750
es_baseaxis_s0,1787540448,251750
es_baseaxis_s0,1787540459,251750
es_baseaxis_s0,1787540469,251750
es_baseaxis_s0,1787540479,251750
es_baseaxis_s0,1787540489,251750
es_baseaxis_s0,1787540499,251750
es_baseaxis_s0,1787540509,251750
es_baseaxis_s0,1787540519,251750
es_baseaxis_s0,1787540529,251750
es_baseaxis_s0,1787540539,251750
es_baseaxis_s0,1787540549,251750
es_baseaxis_s0,1787540560,251750
es_baseaxis_s0,1787540570,251750
es_baseaxis_s0,1787540580,251750
es_baseaxis_s0,1787540590,251750
es_baseaxis_s0,1787540600,251750
es_baseaxis_s0,1787540610,251750
es_baseaxis_s0,1787540620,251750
es_baseaxis_s0,1787540630,251750
es_baseaxis_s0,1787540640,251750
es_baseaxis_s0,1787540650,251750
es_baseaxis_s0,1787540661,251750
es_baseaxis_s0,1787540671,251750
es_baseaxis_s0,1787540681,251750
es_baseaxis_s0,1787540691,251750
es_baseaxis_s0,1787540701,251750
es_baseaxis_s0,1787540711,251750
es_baseaxis_s0,1787540721,251750
es_baseaxis_s0,1787540731,251750
es_baseaxis_s0,1787540741,251750
es_baseaxis_s0,1787540752,251750
es_baseaxis_s0,1787540762,251750
es_baseaxis_s0,1787540772,251750
es_baseaxis_s0,1787540782,251750
es_baseaxis_s0,1787540792,251750
es_baseaxis_s0,1787540802,251750
es_baseaxis_s0,1787540812,251750
es_baseaxis_s0,1787540822,251750
es_baseaxis_s0,1787540832,251750
es_baseaxis_s0,1787540842,251750
es_baseaxis_s0,1787540853,251750
es_baseaxis_s0,1787540863,251750
es_baseaxis_s0,1787540873,251750
es_baseaxis_s0,1787540883,251750
es_baseaxis_s0,1787540893,251750
es_baseaxis_s0,1787540903,251750
es_baseaxis_s0,1787540913,251750
es_baseaxis_s0,1787540923,251750
es_baseaxis_s0,1787540933,251750
es_baseaxis_s0,1787540943,251750
es_baseaxis_s0,1787540954,251750
es_baseaxis_s0,1787540964,251750
es_baseaxis_s0,1787540974,251750
es_baseaxis_s0,1787540984,251750
es_baseaxis_s0,1787540994,251750
es_baseaxis_s0,1787541004,251750
es_baseaxis_s0,1787541014,251750
es_baseaxis_s0,1787541024,251750
es_baseaxis_s0,1787541034,251750
es_baseaxis_s0,1787541044,251750
es_baseaxis_s0,1787541055,251750
es_baseaxis_s0,1787541065,251750
es_baseaxis_s0,1787541075,251750
es_baseaxis_s0,1787541085,251750
es_baseaxis_s0,1787541095,251750
es_baseaxis_s0,1787541105,251750
es_baseaxis_s0,1787541115,251750
es_baseaxis_s0,1787541125,251750
es_baseaxis_s0,1787541135,251750
es_baseaxis_s0,1787541146,251750
es_baseaxis_s0,1787541156,251750
es_baseaxis_s0,1787541166,251750
es_baseaxis_s0,1787541176,251750
es_baseaxis_s0,1787541186,251750
es_baseaxis_s0,1787541196,251750
es_baseaxis_s0,1787541206,251750
es_baseaxis_s0,1787541216,251750
es_baseaxis_s0,1787541226,251750
es_baseaxis_s0,1787541236,251750
es_baseaxis_s0,1787541247,251750
es_baseaxis_s0,1787541257,251750
es_baseaxis_s0,1787541267,251750
es_baseaxis_s0,1787541277,251750
es_baseaxis_s0,1787541287,251750
es_baseaxis_s0,1787541297,251750
es_baseaxis_s0,1787541307,251750
es_baseaxis_s0,1787541317,251750
es_baseaxis_s0,1787541327,251750
es_baseaxis_s0,1787541337,251750
es_baseaxis_s0,1787541348,251750
es_baseaxis_s0,1787541358,251750
es_baseaxis_s0,1787541368,251750
es_baseaxis_s0,1787541378,251750
es_baseaxis_s0,1787541388,251750
es_baseaxis_s0,1787541398,251750
es_baseaxis_s0,1787541408,251750
es_baseaxis_s0,1787541418,251750
es_baseaxis_s0,1787541428,251750
es_baseaxis_s0,1787541439,251750
es_baseaxis_s0,1787541449,251750
es_baseaxis_s0,1787541459,251750
es_baseaxis_s0,1787541469,251750
es_baseaxis_s0,1787541479,251750
es_baseaxis_s0,1787541489,251750
es_baseaxis_s0,1787541499,251750
es_baseaxis_s0,1787541509,251750
es_baseaxis_s0,1787541519,251750
es_baseaxis_s0,1787541529,251750
es_baseaxis_s0,1787541540,251750
es_baseaxis_s0,1787541550,251750
es_baseaxis_s0,1787541560,251750
es_baseaxis_s0,1787541570,251750
es_baseaxis_s0,1787541580,251750
es_baseaxis_s0,1787541590,251750
es_baseaxis_s0,1787541600,251750
es_baseaxis_s0,1787541610,251750
es_baseaxis_s0,1787541620,251750
es_baseaxis_s0,1787541630,251750
es_baseaxis_s0,1787541641,251750
es_baseaxis_s0,1787541651,251750
es_baseaxis_s0,1787541661,251750
es_baseaxis_s0,1787541671,251750
es_baseaxis_s0,1787541681,251750
es_baseaxis_s0,1787541691,251750
es_baseaxis_s0,1787541701,251750
es_baseaxis_s0,1787541711,251750
es_baseaxis_s0,1787541721,251750
es_baseaxis_s0,1787541731,251750
es_baseaxis_s0,1787541742,251750
es_baseaxis_s0,1787541752,251750
es_baseaxis_s0,1787541762,251750
es_baseaxis_s0,1787541772,251750
es_baseaxis_s0,1787541782,251750
es_baseaxis_s0,1787541792,251750
es_baseaxis_s0,1787541802,251750
es_baseaxis_s0,1787541812,251750
es_baseaxis_s0,1787541822,251750
es_baseaxis_s0,1787541832,251750
es_baseaxis_s0,1787541843,251750
es_baseaxis_s0,1787541853,251750
es_baseaxis_s0,1787541863,251750
es_baseaxis_s0,1787541873,251750
es_baseaxis_s0,1787541883,251750
es_baseaxis_s0,1787541893,251750
es_baseaxis_s0,1787541903,251750
es_baseaxis_s0,1787541913,251750
es_baseaxis_s0,1787541923,251750
es_baseaxis_s0,1787541934,251750
es_baseaxis_s0,1787541944,251750
es_baseaxis_s0,1787541954,251750
es_baseaxis_s0,1787541964,251750
es_baseaxis_s0,1787541974,251750
es_baseaxis_s0,1787541984,251750
es_baseaxis_s0,1787541994,251750
es_baseaxis_s0,1787542004,251750
es_baseaxis_s0,1787542014,251750
es_baseaxis_s0,1787542024,251750
es_baseaxis_s0,1787542035,251750
es_baseaxis_s0,1787542045,251750
es_baseaxis_s0,1787542055,251750
es_baseaxis_s0,1787542065,251750
es_baseaxis_s0,1787542075,251750
es_baseaxis_s0,1787542085,251750
es_baseaxis_s0,1787542095,251750
es_baseaxis_s0,1787542105,251750
es_baseaxis_s0,1787542115,251750
es_baseaxis_s0,1787542125,251750
es_baseaxis_s0,1787542136,251750
es_baseaxis_s0,1787542146,251750
es_baseaxis_s0,1787542156,251750
es_baseaxis_s0,1787542166,251750
es_baseaxis_s0,1787542176,251750
es_baseaxis_s0,1787542186,251750
es_baseaxis_s0,1787542196,251750
es_baseaxis_s0,1787542206,251750
es_baseaxis_s0,1787542216,251750
es_baseaxis_s0,1787542227,251750
es_baseaxis_s0,1787542237,251750
es_baseaxis_s0,1787542247,251750
es_baseaxis_s0,1787542257,251750
es_baseaxis_s0,1787542267,251750
es_baseaxis_s0,1787542277,251750
es_baseaxis_s0,1787542287,251750
es_baseaxis_s0,1787542297,251750
es_baseaxis_s0,1787542307,251750
es_baseaxis_s0,1787542317,251750
es_baseaxis_s0,1787542328,251750
es_baseaxis_s0,1787542338,251750
es_baseaxis_s0,1787542348,251750
es_baseaxis_s0,1787542358,251750
es_baseaxis_s0,1787542368,251750
es_baseaxis_s0,1787542378,251750
es_baseaxis_s0,1787542388,251750
es_baseaxis_s0,1787542398,251750
es_baseaxis_s0,1787542408,251750
es_baseaxis_s0,1787542418,251750
es_baseaxis_s0,1787542429,251750
es_baseaxis_s0,1787542439,251750
es_baseaxis_s0,1787542449,251750
es_baseaxis_s0,1787542459,251750
es_baseaxis_s0,1787542469,251750
es_baseaxis_s0,1787542479,251750
es_baseaxis_s0,1787542489,251750
es_baseaxis_s0,1787542499,251750
es_baseaxis_s0,1787542509,251750
es_baseaxis_s0,1787542519,251750
es_baseaxis_s0,1787542530,251750
es_baseaxis_s0,1787542540,251750
es_baseaxis_s0,1787542550,251750
es_baseaxis_s0,1787542560,251750
es_baseaxis_s0,1787542570,251750
es_baseaxis_s0,1787542580,251750
es_baseaxis_s0,1787542590,251750
es_baseaxis_s0,1787542600,251750
es_baseaxis_s0,1787542610,251750
es_baseaxis_s0,1787542620,251750
es_baseaxis_s0,1787542631,251750
es_baseaxis_s0,1787542641,251750
es_baseaxis_s0,1787542651,251750
es_baseaxis_s0,1787542661,251750
es_baseaxis_s0,1787542671,251750
es_baseaxis_s0,1787542681,251750
es_baseaxis_s0,1787542691,251750
es_baseaxis_s0,1787542701,251750
es_baseaxis_s0,1787542711,251750
es_baseaxis_s0,1787542721,251750
es_baseaxis_s0,1787542732,251750
es_baseaxis_s0,1787542742,251750
es_baseaxis_s0,1787542752,251750
es_baseaxis_s0,1787542762,251750
es_baseaxis_s0,1787542772,251750
es_baseaxis_s0,1787542782,251750
es_baseaxis_s0,1787542792,251750
es_baseaxis_s0,1787542802,251750
es_baseaxis_s0,1787542812,251750
es_baseaxis_s0,1787542823,251750
es_baseaxis_s0,1787542833,251750
es_baseaxis_s0,1787542843,251750
es_baseaxis_s0,1787542853,251750
es_baseaxis_s0,1787542863,251750
es_baseaxis_s0,1787542873,251750
es_baseaxis_s0,1787542883,251750
es_baseaxis_s0,1787542893,251750
es_baseaxis_s0,1787542903,251750
es_baseaxis_s0,1787542913,251750
es_baseaxis_s0,1787542924,251750
es_baseaxis_s0,1787542934,251750
es_baseaxis_s0,1787542944,251750
es_baseaxis_s0,1787542954,251750
es_baseaxis_s0,1787542964,251750
es_baseaxis_s0,1787542974,251750
es_baseaxis_s0,1787542984,251750
es_baseaxis_s0,1787542994,251750
es_baseaxis_s0,1787543004,251750
es_baseaxis_s0,1787543014,251750
es_baseaxis_s0,1787543025,251750
es_baseaxis_s0,1787543035,251750
es_baseaxis_s0,1787543045,251750
es_baseaxis_s0,1787543055,251750
es_baseaxis_s0,1787543065,251750
es_baseaxis_s0,1787543075,251750
es_baseaxis_s0,1787543085,251750
es_baseaxis_s0,1787543095,251750
es_baseaxis_s0,1787543105,251750
es_baseaxis_s0,1787543115,251750
es_baseaxis_s0,1787543126,251750
es_baseaxis_s0,1787543136,251750
es_baseaxis_s0,1787543146,251750
es_baseaxis_s0,1787543156,251750
es_baseaxis_s0,1787543166,251750
es_baseaxis_s0,1787543176,251750
es_baseaxis_s0,1787543186,251750
es_baseaxis_s0,1787543196,251750
es_baseaxis_s0,1787543206,251750
es_baseaxis_s0,1787543216,251750
es_baseaxis_s0,1787543227,251750
es_baseaxis_s0,1787543237,251750
es_baseaxis_s0,1787543247,251750
es_baseaxis_s0,1787543257,251750
es_baseaxis_s0,1787543267,251750
es_baseaxis_s0,1787543277,251750
es_baseaxis_s0,1787543287,251750
es_baseaxis_s0,1787543297,251750
es_baseaxis_s0,1787543307,251750
es_baseaxis_s0,1787543317,251750
es_baseaxis_s0,1787543328,251750
es_baseaxis_s0,1787543338,251750
es_baseaxis_s0,1787543348,251750
es_baseaxis_s0,1787543358,251750
es_baseaxis_s0,1787543368,251750
es_baseaxis_s0,1787543378,251750
es_baseaxis_s0,1787543388,251750
es_baseaxis_s0,1787543398,251750
es_baseaxis_s0,1787543408,251750
es_baseaxis_s0,1787543418,251750
es_baseaxis_s0,1787543429,251750
es_baseaxis_s0,1787543439,251750
es_baseaxis_s0,1787543449,251750
es_baseaxis_s0,1787543459,251750
es_baseaxis_s0,1787543469,251750
es_baseaxis_s0,1787543479,251750
es_baseaxis_s0,1787543489,251750
es_baseaxis_s0,1787543499,251750
es_baseaxis_s0,1787543509,251750
es_baseaxis_s0,1787543519,251750
es_baseaxis_s0,1787543530,251750
es_baseaxis_s0,1787543540,251750
es_baseaxis_s0,1787543550,251750
es_baseaxis_s0,1787543560,251750
es_baseaxis_s0,1787543570,251750
es_baseaxis_s0,1787543580,251750
es_baseaxis_s0,1787543590,251750
es_baseaxis_s0,1787543600,251750
es_baseaxis_s0,1787543610,251750
es_baseaxis_s0,1787543620,251750
es_baseaxis_s0,1787543631,251750
es_baseaxis_s0,1787543641,251750
es_baseaxis_s0,1787543651,251750
es_baseaxis_s0,1787543661,251750
es_baseaxis_s0,1787543671,251750
es_baseaxis_s0,1787543681,251750
es_baseaxis_s0,1787543691,251750
es_baseaxis_s0,1787543701,251750
es_baseaxis_s0,1787543711,251750
es_baseaxis_s0,1787543722,251750
es_baseaxis_s0,1787543732,251750
es_baseaxis_s0,1787543742,251750
es_baseaxis_s0,1787543752,251750
es_baseaxis_s0,1787543762,251750
es_baseaxis_s0,1787543772,251750
es_baseaxis_s0,1787543782,251750
es_baseaxis_s0,1787543792,251750
es_baseaxis_s0,1787543802,251750
es_baseaxis_s0,1787543812,251750
es_baseaxis_s0,1787543822,251750
es_baseaxis_s0,1787543833,251750
es_baseaxis_s0,1787543843,251750
es_baseaxis_s0,1787543853,251750
es_baseaxis_s0,1787543863,251750
es_baseaxis_s0,1787543873,251750
es_baseaxis_s0,1787543883,251750
es_baseaxis_s0,1787543893,251750
es_baseaxis_s0,1787543903,251750
es_baseaxis_s0,1787543913,251750
es_baseaxis_s0,1787543924,251750
es_baseaxis_s0,1787543934,251750
es_baseaxis_s0,1787543944,251750
es_baseaxis_s0,1787543954,251750
es_baseaxis_s0,1787543964,251750
es_baseaxis_s0,1787543974,251750
es_baseaxis_s0,1787543984,251750
es_baseaxis_s0,1787543994,251750
es_baseaxis_s0,1787544004,251750
es_baseaxis_s0,1787544014,251750
es_baseaxis_s0,1787544025,251750
es_baseaxis_s0,1787544035,251750
es_baseaxis_s0,1787544045,251750
es_baseaxis_s0,1787544055,251750
es_baseaxis_s0,1787544065,251750
es_baseaxis_s0,1787544075,251750
es_baseaxis_s0,1787544085,251750
es_baseaxis_s0,1787544095,251750
es_baseaxis_s0,1787544105,251750
es_baseaxis_s0,1787544115,251750
es_baseaxis_s0,1787544126,251750
es_baseaxis_s0,1787544136,251750
es_baseaxis_s0,1787544146,251750
es_baseaxis_s0,1787544156,251750
es_baseaxis_s0,1787544166,251750
es_baseaxis_s0,1787544176,251750
es_baseaxis_s0,1787544186,251750
es_baseaxis_s0,1787544196,251750
es_baseaxis_s0,1787544206,251750
es_baseaxis_s0,1787544216,251750
es_baseaxis_s0,1787544227,251750
es_baseaxis_s0,1787544237,251750
es_baseaxis_s0,1787544247,251750
es_baseaxis_s0,1787544257,251750
es_baseaxis_s0,1787544267,251750
es_baseaxis_s0,1787544277,251750
es_baseaxis_s0,1787544287,251750
es_baseaxis_s0,1787544297,251750
es_baseaxis_s0,1787544307,251750
es_baseaxis_s0,1787544317,251750
es_baseaxis_s0,1787544328,251750
es_baseaxis_s0,1787544338,251750
es_baseaxis_s0,1787544348,251750
es_baseaxis_s0,1787544358,251750
es_baseaxis_s0,1787544368,251750
es_baseaxis_s0,1787544378,251750
es_baseaxis_s0,1787544388,251750
es_baseaxis_s0,1787544398,251750
es_baseaxis_s0,1787544408,251750
es_baseaxis_s0,1787544418,251750
es_baseaxis_s0,1787544429,251750
es_baseaxis_s0,1787544439,251750
es_baseaxis_s0,1787544449,251750
es_baseaxis_s0,1787544459,251750
es_baseaxis_s0,1787544469,251750
es_baseaxis_s0,1787544479,251750
es_baseaxis_s0,1787544489,251750
es_baseaxis_s0,1787544499,251750
es_baseaxis_s0,1787544509,251750
es_baseaxis_s0,1787544520,251750
es_baseaxis_s0,1787544530,251750
es_baseaxis_s0,1787544540,251750
es_baseaxis_s0,1787544550,251750
es_baseaxis_s0,1787544560,251750
es_baseaxis_s0,1787544570,251750
es_baseaxis_s0,1787544580,251750
es_baseaxis_s0,1787544590,251750
es_baseaxis_s0,1787544600,251750
es_baseaxis_s0,1787544610,251750
es_baseaxis_s0,1787544621,251750
es_baseaxis_s0,1787544631,251750
es_baseaxis_s0,1787544641,251750
es_baseaxis_s0,1787544651,251750
es_baseaxis_s0,1787544661,251750
es_baseaxis_s0,1787544671,251750
es_baseaxis_s0,1787544681,251750
es_baseaxis_s0,1787544691,251750
es_baseaxis_s0,1787544701,251750
es_baseaxis_s0,1787544711,251750
es_baseaxis_s0,1787544722,251750
es_baseaxis_s0,1787544732,251750
es_baseaxis_s0,1787544742,251750
es_baseaxis_s0,1787544752,251750
es_baseaxis_s0,1787544762,251750
es_baseaxis_s0,1787544772,251750
es_baseaxis_s0,1787544782,251750
es_baseaxis_s0,1787544792,251750
es_baseaxis_s0,1787544802,251750
es_baseaxis_s0,1787544812,251750
es_baseaxis_s0,1787544823,251750
es_baseaxis_s0,1787544833,251750
es_baseaxis_s0,1787544843,251750
es_baseaxis_s0,1787544853,251750
es_baseaxis_s0,1787544863,251750
es_baseaxis_s0,1787544873,251750
es_baseaxis_s0,1787544883,251750
es_baseaxis_s0,1787544893,251750
es_baseaxis_s0,1787544903,251750
es_baseaxis_s0,1787544913,251750
es_baseaxis_s0,1787544924,251750
es_baseaxis_s0,1787544934,251750
es_baseaxis_s0,1787544944,251750
es_baseaxis_s0,1787544954,251750
es_baseaxis_s0,1787544964,251750
es_baseaxis_s0,1787544974,251750
es_baseaxis_s0,1787544984,251750
es_baseaxis_s0,1787544994,251750
es_baseaxis_s0,1787545004,251750
es_baseaxis_s0,1787545014,251750
es_baseaxis_s0,1787545025,251750
es_baseaxis_s0,1787545035,251750
es_baseaxis_s0,1787545045,251750
es_baseaxis_s0,1787545055,251750
es_baseaxis_s0,1787545065,251750
es_baseaxis_s0,1787545075,251750
es_baseaxis_s0,1787545085,251750
es_baseaxis_s0,1787545095,251750
es_baseaxis_s0,1787545105,251750
es_baseaxis_s0,1787545116,251750
es_baseaxis_s0,1787545126,251750
es_baseaxis_s0,1787545136,251750
es_baseaxis_s0,1787545146,251750
es_baseaxis_s0,1787545156,251750
es_baseaxis_s0,1787545166,251750
es_baseaxis_s0,1787545176,251750
es_baseaxis_s0,1787545186,251750
es_baseaxis_s0,1787545196,251750
es_baseaxis_s0,1787545206,251750
es_baseaxis_s0,1787545217,251750
es_baseaxis_s0,1787545227,251750
es_baseaxis_s0,1787545237,251750
es_baseaxis_s0,1787545247,251750
es_baseaxis_s0,1787545257,251750
es_baseaxis_s0,1787545267,251750
es_baseaxis_s0,1787545277,251750
es_baseaxis_s0,1787545287,251750
es_baseaxis_s0,1787545297,251750
es_baseaxis_s0,1787545307,251750
es_baseaxis_s0,1787545318,251750
es_baseaxis_s0,1787545328,251750
es_baseaxis_s0,1787545338,251750
es_baseaxis_s0,1787545348,251750
es_baseaxis_s0,1787545358,251750
es_baseaxis_s0,1787545368,251750
es_baseaxis_s0,1787545378,251750
es_baseaxis_s0,1787545388,251750
es_baseaxis_s0,1787545398,251750
es_baseaxis_s0,1787545408,251750
es_baseaxis_s0,1787545419,251750
es_baseaxis_s0,1787545429,251750
es_baseaxis_s0,1787545439,251750
es_baseaxis_s0,1787545449,251750
es_baseaxis_s0,1787545459,251750
es_baseaxis_s0,1787545469,251750
es_baseaxis_s0,1787545479,251750
es_baseaxis_s0,1787545489,251750
es_baseaxis_s0,1787545499,251750
es_baseaxis_s0,1787545509,251750
es_baseaxis_s0,1787545520,251750
es_baseaxis_s0,1787545530,251750
es_baseaxis_s0,1787545540,251750
es_baseaxis_s0,1787545550,251750
es_baseaxis_s0,1787545560,251750
es_baseaxis_s0,1787545570,251750
es_baseaxis_s0,1787545580,251750
es_baseaxis_s0,1787545590,251750
es_baseaxis_s0,1787545600,251750
es_baseaxis_s0,1787545610,251750
es_baseaxis_s0,1787545621,251750
es_baseaxis_s0,1787545631,251750
es_baseaxis_s0,1787545641,251750
es_baseaxis_s0,1787545651,251750
es_baseaxis_s0,1787545661,251750
es_baseaxis_s0,1787545671,251750
es_baseaxis_s0,1787545681,251750
es_baseaxis_s0,1787545691,251750
es_baseaxis_s0,1787545701,251750
es_baseaxis_s0,1787545711,251750
es_baseaxis_s0,1787545722,251750
es_baseaxis_s0,1787545732,251750
es_baseaxis_s0,1787545742,251750
es_baseaxis_s0,1787545752,251750
es_baseaxis_s0,1787545762,251750
es_baseaxis_s0,1787545772,251750
es_baseaxis_s0,1787545782,251750
es_baseaxis_s0,1787545792,251750
es_baseaxis_s0,1787545802,251750
es_baseaxis_s0,1787545813,251750
es_baseaxis_s0,1787545823,251750
es_baseaxis_s0,1787545833,251750
es_baseaxis_s0,1787545843,251750
es_baseaxis_s0,1787545853,251750
es_baseaxis_s0,1787545863,251750
es_baseaxis_s0,1787545873,251750
es_baseaxis_s0,1787545883,251750
es_baseaxis_s0,1787545893,251750
es_baseaxis_s0,1787545903,251750
es_baseaxis_s0,1787545914,251750
es_baseaxis_s0,1787545924,251750
es_baseaxis_s0,1787545934,251750
es_baseaxis_s0,1787545944,251750
es_baseaxis_s0,1787545954,251750
es_baseaxis_s0,1787545964,251750
es_baseaxis_s0,1787545974,251750
es_baseaxis_s0,1787545984,251750
es_baseaxis_s0,1787545994,251750
es_baseaxis_s0,1787546004,251750
es_baseaxis_s0,1787546014,251750
es_baseaxis_s0,1787546025,251750
es_baseaxis_s0,1787546035,251750
es_baseaxis_s0,1787546045,251750
es_baseaxis_s0,1787546055,251750
es_baseaxis_s0,1787546065,251750
es_baseaxis_s0,1787546075,251750
es_baseaxis_s0,1787546085,251750
es_baseaxis_s0,1787546095,251750
es_baseaxis_s0,1787546105,251750
es_baseaxis_s0,1787546115,251750
es_baseaxis_s0,1787546126,251750
es_baseaxis_s0,1787546136,251750
es_baseaxis_s0,1787546146,251750
es_baseaxis_s0,1787546156,251750
es_baseaxis_s0,1787546166,251750
es_baseaxis_s0,1787546176,251750
es_baseaxis_s0,1787546186,251750
es_baseaxis_s0,1787546196,251750
es_baseaxis_s0,1787546206,251750
es_baseaxis_s0,1787546217,251750
es_baseaxis_s0,1787546227,251750
es_baseaxis_s0,1787546237,251750
es_baseaxis_s0,1787546247,251750
es_baseaxis_s0,1787546257,251750
es_baseaxis_s0,1787546267,251750
es_baseaxis_s0,1787546277,251750
es_baseaxis_s0,1787546287,251750
es_baseaxis_s0,1787546297,251750
es_baseaxis_s0,1787546307,251750
es_baseaxis_s0,1787546318,251750
es_baseaxis_s0,1787546328,251750
es_baseaxis_s0,1787546338,251750
es_baseaxis_s0,1787546348,251750
es_baseaxis_s0,1787546358,251750
es_baseaxis_s0,1787546368,251750
es_baseaxis_s0,1787546378,251750
es_baseaxis_s0,1787546388,251750
es_baseaxis_s0,1787546398,251750
es_baseaxis_s0,1787546408,251750
es_baseaxis_s0,1787546419,251750
es_baseaxis_s0,1787546429,251750
es_baseaxis_s0,1787546439,251750
es_baseaxis_s0,1787546449,251750
es_baseaxis_s0,1787546459,251750
es_baseaxis_s0,1787546469,251750
es_baseaxis_s0,1787546479,251750
es_baseaxis_s0,1787546489,251750
es_baseaxis_s0,1787546499,251750
es_baseaxis_s0,1787546509,251750
es_baseaxis_s0,1787546520,251750
es_baseaxis_s0,1787546530,251750
es_baseaxis_s0,1787546540,251750
es_baseaxis_s0,1787546550,251750
es_baseaxis_s0,1787546560,251750
es_baseaxis_s0,1787546570,251750
es_baseaxis_s0,1787546580,251750
es_baseaxis_s0,1787546590,251750
es_baseaxis_s0,1787546600,251750
es_baseaxis_s0,1787546610,251750
es_baseaxis_s0,1787546621,251750
es_baseaxis_s0,1787546631,251750
es_baseaxis_s0,1787546641,251750
es_baseaxis_s0,1787546651,251750
es_baseaxis_s0,1787546661,251750
es_baseaxis_s0,1787546671,251750
es_baseaxis_s0,1787546681,251750
es_baseaxis_s0,1787546691,251750
es_baseaxis_s0,1787546701,251750
es_baseaxis_s0,1787546711,251750
es_baseaxis_s0,1787546722,251750
es_baseaxis_s0,1787546732,251750
es_baseaxis_s0,1787546742,251750
es_baseaxis_s0,1787546752,251750
es_baseaxis_s0,1787546762,251750
es_baseaxis_s0,1787546772,251750
es_baseaxis_s0,1787546782,251750
es_baseaxis_s0,1787546792,251750
es_baseaxis_s0,1787546802,251750
es_baseaxis_s0,1787546812,251750
es_baseaxis_s0,1787546822,251750
es_baseaxis_s0,1787546833,251750
es_baseaxis_s0,1787546843,251750
es_baseaxis_s0,1787546853,251750
es_baseaxis_s0,1787546863,251750
es_baseaxis_s0,1787546873,251750
es_baseaxis_s0,1787546883,251750
es_baseaxis_s0,1787546893,251750
es_baseaxis_s0,1787546903,251750
es_baseaxis_s0,1787546913,251750
es_baseaxis_s0,1787546923,251750
es_baseaxis_s0,1787546934,251750
es_baseaxis_s0,1787546944,251750
es_baseaxis_s0,1787546954,251750
es_baseaxis_s0,1787546964,251750
es_baseaxis_s0,1787546974,251750
es_baseaxis_s0,1787546984,251750
es_baseaxis_s0,1787546994,251750
es_baseaxis_s0,1787547004,251750
es_baseaxis_s0,1787547014,251750
es_baseaxis_s0,1787547025,251750
es_baseaxis_s0,1787547035,251750
es_baseaxis_s0,1787547045,251750
es_baseaxis_s0,1787547055,251750
es_baseaxis_s0,1787547065,251750
es_baseaxis_s0,1787547075,251750
es_baseaxis_s0,1787547085,251750
es_baseaxis_s0,1787547095,251750
es_baseaxis_s0,1787547105,251750
es_baseaxis_s0,1787547115,251750
es_baseaxis_s0,1787547126,251750
es_baseaxis_s0,1787547136,251750
es_baseaxis_s0,1787547146,251750
es_baseaxis_s0,1787547156,251750
es_baseaxis_s0,1787547166,251750
es_baseaxis_s0,1787547176,251750
es_baseaxis_s0,1787547186,251750
es_baseaxis_s0,1787547196,251750
es_baseaxis_s0,1787547206,251750
es_baseaxis_s0,1787547216,251750
es_baseaxis_s0,1787547227,251750
es_baseaxis_s0,1787547237,251750
es_baseaxis_s0,1787547247,251750
es_baseaxis_s0,1787547257,251750
es_baseaxis_s0,1787547267,251750
es_baseaxis_s0,1787547277,251750
es_baseaxis_s0,1787547287,251750
es_baseaxis_s0,1787547297,251750
es_baseaxis_s0,1787547307,251750
es_baseaxis_s0,1787547317,251750
es_baseaxis_s0,1787547328,251750
es_baseaxis_s0,1787547338,251750
es_baseaxis_s0,1787547348,251750
es_baseaxis_s0,1787547358,251750
es_baseaxis_s0,1787547368,251750
es_baseaxis_s0,1787547378,251750
es_baseaxis_s0,1787547388,251750
es_baseaxis_s0,1787547398,251750
es_baseaxis_s0,1787547408,251750
es_baseaxis_s0,1787547418,251750
es_baseaxis_s0,1787547429,251750
es_baseaxis_s0,1787547439,251750
es_baseaxis_s0,1787547449,251750
es_baseaxis_s0,1787547459,251750
es_baseaxis_s0,1787547469,251750
es_baseaxis_s0,1787547479,251750
es_baseaxis_s0,1787547489,251750
es_baseaxis_s0,1787547499,251750
es_baseaxis_s0,1787547509,251750
es_baseaxis_s0,1787547519,251750
es_baseaxis_s0,1787547530,251750
es_baseaxis_s0,1787547540,251750
es_baseaxis_s0,1787547550,251750
es_baseaxis_s0,1787547560,251750
es_baseaxis_s0,1787547570,251750
es_baseaxis_s0,1787547580,251750
es_baseaxis_s0,1787547590,251750
es_baseaxis_s0,1787547600,251750
es_baseaxis_s0,1787547610,251750
es_baseaxis_s0,1787547620,251750
es_baseaxis_s0,1787547631,251750
es_baseaxis_s0,1787547641,251750
es_baseaxis_s0,1787547651,251750
es_baseaxis_s0,1787547661,251750
es_baseaxis_s0,1787547671,251750
es_baseaxis_s0,1787547681,251750
es_baseaxis_s0,1787547691,251750
es_baseaxis_s0,1787547701,251750
es_baseaxis_s0,1787547711,251750
es_baseaxis_s0,1787547721,251750
es_baseaxis_s0,1787547732,251750
es_baseaxis_s0,1787547742,251750
es_baseaxis_s0,1787547752,251750
es_baseaxis_s0,1787547762,251750
es_baseaxis_s0,1787547772,251750
es_baseaxis_s0,1787547782,251750
es_baseaxis_s0,1787547792,251750
es_baseaxis_s0,1787547802,251750
es_baseaxis_s0,1787547812,251750
es_baseaxis_s0,1787547822,251750
es_baseaxis_s0,1787547833,251750
es_baseaxis_s0,1787547843,251750
es_baseaxis_s0,1787547853,251750
es_baseaxis_s0,1787547863,251750
es_baseaxis_s0,1787547873,251750
es_baseaxis_s0,1787547883,251750
es_baseaxis_s0,1787547893,251750
es_baseaxis_s0,1787547903,251750
es_baseaxis_s0,1787547913,251750
es_baseaxis_s0,1787547923,251750
es_baseaxis_s0,1787547934,251750
es_baseaxis_s0,1787547944,251750
es_baseaxis_s0,1787547954,251750
es_baseaxis_s0,1787547964,251750
es_baseaxis_s0,1787547974,251750
es_baseaxis_s0,1787547984,251750
es_baseaxis_s0,1787547994,251750
es_baseaxis_s0,1787548004,251750
es_baseaxis_s0,1787548014,251750
es_baseaxis_s0,1787548024,251750
es_baseaxis_s0,1787548035,251750
es_baseaxis_s0,1787548045,251750
es_baseaxis_s0,1787548055,251750
es_baseaxis_s0,1787548065,251750
es_baseaxis_s0,1787548075,251750
es_baseaxis_s0,1787548085,251750
es_baseaxis_s0,1787548095,251750
es_baseaxis_s0,1787548105,251750
es_baseaxis_s0,1787548115,251750
es_baseaxis_s0,1787548125,251750
es_baseaxis_s0,1787548136,251750
es_baseaxis_s0,1787548146,251750
es_baseaxis_s0,1787548156,251750
es_baseaxis_s0,1787548166,251750
es_baseaxis_s0,1787548176,251750
es_baseaxis_s0,1787548186,251750
es_baseaxis_s0,1787548196,251750
es_baseaxis_s0,1787548206,251750
es_baseaxis_s0,1787548216,251750
es_baseaxis_s0,1787548226,251750
es_baseaxis_s0,1787548237,251750
es_baseaxis_s0,1787548247,251750
es_baseaxis_s0,1787548257,251750
es_baseaxis_s0,1787548267,251750
es_baseaxis_s0,1787548277,251750
es_baseaxis_s0,1787548287,251750
es_baseaxis_s0,1787548297,251750
es_baseaxis_s0,1787548307,251750
es_baseaxis_s0,1787548317,251750
es_baseaxis_s0,1787548327,251750
es_baseaxis_s0,1787548338,251750
es_baseaxis_s0,1787548348,251750
es_baseaxis_s0,1787548358,251750
es_baseaxis_s0,1787548368,251750
es_baseaxis_s0,1787548378,251750
es_baseaxis_s0,1787548388,251750
es_baseaxis_s0,1787548398,251750
es_baseaxis_s0,1787548408,251750
es_baseaxis_s0,1787548418,251750
es_baseaxis_s0,1787548428,251750
es_baseaxis_s0,1787548439,251750
es_baseaxis_s0,1787548449,251750
es_baseaxis_s0,1787548459,251750
es_baseaxis_s0,1787548469,251750
es_baseaxis_s0,1787548479,251750
es_baseaxis_s0,1787548489,251750
es_baseaxis_s0,1787548499,251750
es_baseaxis_s0,1787548509,251750
es_baseaxis_s0,1787548519,251750
es_baseaxis_s0,1787548529,251750
es_baseaxis_s0,1787548540,251750
es_baseaxis_s0,1787548550,251750
es_baseaxis_s0,1787548560,251750
es_baseaxis_s0,1787548570,251750
es_baseaxis_s0,1787548580,251750
es_baseaxis_s0,1787548590,251750
es_baseaxis_s0,1787548600,251750
es_baseaxis_s0,1787548610,251750
es_baseaxis_s0,1787548620,251750
es_baseaxis_s0,1787548630,251750
es_baseaxis_s0,1787548641,251750
es_baseaxis_s0,1787548651,251750
es_baseaxis_s0,1787548661,251750
es_baseaxis_s0,1787548671,251750
es_baseaxis_s0,1787548681,251750
es_baseaxis_s0,1787548691,251750
es_baseaxis_s0,1787548701,251750
es_baseaxis_s0,1787548711,251750
es_baseaxis_s0,1787548721,251750
es_baseaxis_s0,1787548731,251750
es_baseaxis_s0,1787548742,251750
es_baseaxis_s0,1787548752,251750
es_baseaxis_s0,1787548762,251750
es_baseaxis_s0,1787548772,251750
es_baseaxis_s0,1787548782,251750
es_baseaxis_s0,1787548792,251750
es_baseaxis_s0,1787548802,251750
es_baseaxis_s0,1787548812,251750
es_baseaxis_s0,1787548822,251750
es_baseaxis_s0,1787548832,251750
es_baseaxis_s0,1787548843,251750
es_baseaxis_s0,1787548853,251750
es_baseaxis_s0,1787548863,251750
es_baseaxis_s0,1787548873,251750
es_baseaxis_s0,1787548883,251750
es_baseaxis_s0,1787548893,251750
es_baseaxis_s0,1787548903,251750
es_baseaxis_s0,1787548913,251750
es_baseaxis_s0,1787548923,251750
es_baseaxis_s0,1787548933,251750
es_baseaxis_s0,1787548944,251750
es_baseaxis_s0,1787548954,251750
es_baseaxis_s0,1787548964,251750
es_baseaxis_s0,1787548974,251750
es_baseaxis_s0,1787548984,251750
es_baseaxis_s0,1787548994,251750
es_baseaxis_s0,1787549004,251750
es_baseaxis_s0,1787549014,251750
es_baseaxis_s0,1787549024,251750
es_baseaxis_s0,1787549034,251750
es_baseaxis_s0,1787549045,251750
es_baseaxis_s0,1787549055,251750
es_baseaxis_s0,1787549065,251750
es_baseaxis_s0,1787549075,251750
es_baseaxis_s0,1787549085,251750
es_baseaxis_s0,1787549095,251750
es_baseaxis_s0,1787549105,251750
es_baseaxis_s0,1787549115,251750
es_baseaxis_s0,1787549125,251750
es_baseaxis_s0,1787549135,251750
es_baseaxis_s0,1787549146,251750
es_baseaxis_s0,1787549156,251750
es_baseaxis_s0,1787549166,251750
es_baseaxis_s0,1787549176,251750
es_baseaxis_s0,1787549186,251750
es_baseaxis_s0,1787549196,251750
es_baseaxis_s0,1787549206,251750
es_baseaxis_s0,1787549216,251750
es_baseaxis_s0,1787549226,251750
es_baseaxis_s0,1787549236,251750
es_baseaxis_s0,1787549247,251750
es_baseaxis_s0,1787549257,251750
es_baseaxis_s0,1787549267,251750
es_baseaxis_s0,1787549277,251750
es_baseaxis_s0,1787549287,251750
es_baseaxis_s0,1787549297,251750
es_baseaxis_s0,1787549307,251750
es_baseaxis_s0,1787549317,251750
es_baseaxis_s0,1787549327,251750
es_baseaxis_s0,1787549337,251750
es_baseaxis_s0,1787549348,251750
es_baseaxis_s0,1787549358,251750
es_baseaxis_s0,1787549368,251750
es_baseaxis_s0,1787549378,251750
es_baseaxis_s0,1787549388,251750
es_baseaxis_s0,1787549398,251750
es_baseaxis_s0,1787549408,251750
es_baseaxis_s0,1787549418,251750
es_baseaxis_s0,1787549428,251750
es_baseaxis_s0,1787549438,251750
es_baseaxis_s0,1787549449,251750
es_baseaxis_s0,1787549459,251750
es_baseaxis_s0,1787549469,251750
es_baseaxis_s0,1787549479,251750
es_baseaxis_s0,1787549489,251750
es_baseaxis_s0,1787549499,251750
es_baseaxis_s0,1787549509,251750
es_baseaxis_s0,1787549519,251750
es_baseaxis_s0,1787549529,251750
es_baseaxis_s0,1787549539,251750
es_baseaxis_s0,1787549550,251750
es_baseaxis_s0,1787549560,251750
es_baseaxis_s0,1787549570,251750
es_baseaxis_s0,1787549580,251750
es_baseaxis_s0,1787549590,251750
es_baseaxis_s0,1787549600,251750
es_baseaxis_s0,1787549610,251750
es_baseaxis_s0,1787549620,251750
es_baseaxis_s0,1787549630,251750
es_baseaxis_s0,1787549640,251750
es_baseaxis_s0,1787549651,251750
es_baseaxis_s0,1787549661,251750
es_baseaxis_s0,1787549671,251750
es_baseaxis_s0,1787549681,251750
es_baseaxis_s0,1787549691,251750
es_baseaxis_s0,1787549701,251750
es_baseaxis_s0,1787549711,251750
es_baseaxis_s0,1787549721,251750
es_baseaxis_s0,1787549731,251750
es_baseaxis_s0,1787549741,251750
es_baseaxis_s0,1787549752,251750
es_baseaxis_s0,1787549762,251750
es_baseaxis_s0,1787549772,251750
es_baseaxis_s0,1787549782,251750
es_baseaxis_s0,1787549792,251750
es_baseaxis_s0,1787549802,251750
es_baseaxis_s0,1787549812,251750
es_baseaxis_s0,1787549822,251750
es_baseaxis_s0,1787549832,251750
es_baseaxis_s0,1787549842,251750
es_baseaxis_s0,1787549853,251750
es_baseaxis_s0,1787549863,251750
es_baseaxis_s0,1787549873,251750
es_baseaxis_s0,1787549883,251750
es_baseaxis_s0,1787549893,251750
es_baseaxis_s0,1787549903,251750
es_baseaxis_s0,1787549913,251750
es_baseaxis_s0,1787549923,251750
es_baseaxis_s0,1787549933,251750
es_baseaxis_s0,1787549943,251750
es_baseaxis_s0,1787549954,251750
es_baseaxis_s0,1787549964,251750
es_baseaxis_s0,1787549974,251750
es_baseaxis_s0,1787549984,251750
es_baseaxis_s0,1787549994,251750
es_baseaxis_s0,1787550004,251750
es_baseaxis_s0,1787550014,251750
es_baseaxis_s0,1787550024,251750
es_baseaxis_s0,1787550034,251750
es_baseaxis_s0,1787550045,251750
es_baseaxis_s0,1787550055,251750
es_baseaxis_s0,1787550065,251750
es_baseaxis_s0,1787550075,251750
es_baseaxis_s0,1787550085,251750
es_baseaxis_s0,1787550095,251750
es_baseaxis_s0,1787550105,251750
es_baseaxis_s0,1787550115,251750
es_baseaxis_s0,1787550125,251750
es_baseaxis_s0,1787550135,251750
es_baseaxis_s0,1787550146,251750
es_baseaxis_s0,1787550156,251750
es_baseaxis_s0,1787550166,251750
es_baseaxis_s0,1787550176,251750
es_baseaxis_s0,1787550186,251750
es_baseaxis_s0,1787550196,251750
es_baseaxis_s0,1787550206,251750
es_baseaxis_s0,1787550216,251750
es_baseaxis_s0,1787550226,251750
es_baseaxis_s0,1787550236,251750
es_baseaxis_s0,1787550247,251750
es_baseaxis_s0,1787550257,251750
es_baseaxis_s0,1787550267,251750
es_baseaxis_s0,1787550277,251750
es_baseaxis_s0,1787550287,251750
es_baseaxis_s0,1787550297,251750
es_baseaxis_s0,1787550307,251750
es_baseaxis_s0,1787550317,251750
es_baseaxis_s0,1787550327,251750
es_baseaxis_s0,1787550337,251750
es_baseaxis_s0,1787550348,251750
es_baseaxis_s0,1787550358,251750
es_baseaxis_s0,1787550368,251750
es_baseaxis_s0,1787550378,251750
es_baseaxis_s0,1787550388,251750
es_baseaxis_s0,1787550398,251750
es_baseaxis_s0,1787550408,251750
es_baseaxis_s0,1787550418,251750
es_baseaxis_s0,1787550428,251750
es_baseaxis_s0,1787550438,251750
es_baseaxis_s0,1787550449,251750
es_baseaxis_s0,1787550459,251750
es_baseaxis_s0,1787550469,251750
es_baseaxis_s0,1787550479,251750
es_baseaxis_s0,1787550489,251750
es_baseaxis_s0,1787550499,251750
es_baseaxis_s0,1787550509,251750
es_baseaxis_s0,1787550519,251750
es_baseaxis_s0,1787550529,251750
es_baseaxis_s0,1787550539,251750
es_baseaxis_s0,1787550550,251750
es_baseaxis_s0,1787550560,251750
es_baseaxis_s0,1787550570,251750
es_baseaxis_s0,1787550580,251750
es_baseaxis_s0,1787550590,251750
es_baseaxis_s0,1787550600,251750
es_baseaxis_s0,1787550610,251750
es_baseaxis_s0,1787550620,251750
es_baseaxis_s0,1787550630,251750
es_baseaxis_s0,1787550641,251750
es_baseaxis_s0,1787550651,251750
es_baseaxis_s0,1787550661,251750
es_baseaxis_s0,1787550671,251750
es_baseaxis_s0,1787550681,251750
es_baseaxis_s0,1787550691,251750
es_baseaxis_s0,1787550701,251750
es_baseaxis_s0,1787550711,251750
es_baseaxis_s0,1787550721,251750
es_baseaxis_s0,1787550731,251750
es_baseaxis_s0,1787550742,251750
es_baseaxis_s0,1787550752,251750
es_baseaxis_s0,1787550762,251750
es_baseaxis_s0,1787550772,251750
es_baseaxis_s0,1787550782,251750
es_baseaxis_s0,1787550792,251750
es_baseaxis_s0,1787550802,251750
es_baseaxis_s0,1787550812,251750
es_baseaxis_s0,1787550822,251750
es_baseaxis_s0,1787550832,251750
es_baseaxis_s0,1787550843,251750
es_baseaxis_s0,1787550853,251750
es_baseaxis_s0,1787550863,251750
es_baseaxis_s0,1787550873,251750
es_baseaxis_s0,1787550883,251750
es_baseaxis_s0,1787550893,251750
es_baseaxis_s0,1787550903,251750
es_baseaxis_s0,1787550913,251750
es_baseaxis_s0,1787550923,251750
es_baseaxis_s0,1787550933,251750
es_baseaxis_s0,1787550944,251750
es_baseaxis_s0,1787550954,251750
es_baseaxis_s0,1787550964,251750
es_baseaxis_s0,1787550974,251750
es_baseaxis_s0,1787550984,251750
es_baseaxis_s0,1787550994,251750
es_baseaxis_s0,1787551004,251750
es_baseaxis_s0,1787551014,251750
es_baseaxis_s0,1787551024,251750
es_baseaxis_s0,1787551034,251750
es_baseaxis_s0,1787551045,251750
es_baseaxis_s0,1787551055,251750
es_baseaxis_s0,1787551065,251750
es_baseaxis_s0,1787551075,251750
es_baseaxis_s0,1787551085,251750
es_baseaxis_s0,1787551095,251750
es_baseaxis_s0,1787551105,251750
es_baseaxis_s0,1787551115,251750
es_baseaxis_s0,1787551125,251750
es_baseaxis_s0,1787551135,251750
es_baseaxis_s0,1787551146,251750
es_baseaxis_s0,1787551156,251750
es_baseaxis_s0,1787551166,251750
es_baseaxis_s0,1787551176,251750
es_baseaxis_s0,1787551186,251750
es_baseaxis_s0,1787551196,251750
es_baseaxis_s0,1787551206,251750
es_baseaxis_s0,1787551216,251750
es_baseaxis_s0,1787551226,251750
es_baseaxis_s0,1787551236,251750
es_baseaxis_s0,1787551247,251750
es_baseaxis_s0,1787551257,251750
es_baseaxis_s0,1787551267,251750
es_baseaxis_s0,1787551277,251750
es_baseaxis_s0,1787551287,251750
es_baseaxis_s0,1787551297,251750
es_baseaxis_s0,1787551307,251750
es_baseaxis_s0,1787551317,251750
es_baseaxis_s0,1787551327,251750
es_baseaxis_s0,1787551337,251750
es_baseaxis_s0,1787551348,251750
es_baseaxis_s0,1787551358,251750
es_baseaxis_s0,1787551368,251750
es_baseaxis_s0,1787551378,251750
es_baseaxis_s0,1787551388,251750
es_baseaxis_s0,1787551398,251750
es_baseaxis_s0,1787551408,251750
es_baseaxis_s0,1787551418,251750
es_baseaxis_s0,1787551428,251750
es_baseaxis_s0,1787551438,251750
es_baseaxis_s0,1787551449,251750
es_baseaxis_s0,1787551459,251750
es_baseaxis_s0,1787551469,251750
es_baseaxis_s0,1787551479,251750
es_baseaxis_s0,1787551489,251750
es_baseaxis_s0,1787551499,251750
es_baseaxis_s0,1787551509,251750
es_baseaxis_s0,1787551519,251750
es_baseaxis_s0,1787551529,251750
es_baseaxis_s0,1787551539,251750
es_baseaxis_s0,1787551550,251750
es_baseaxis_s0,1787551560,251750
es_baseaxis_s0,1787551570,251750
es_baseaxis_s0,1787551580,251750
es_baseaxis_s0,1787551590,251750
es_baseaxis_s0,1787551600,251750
es_baseaxis_s0,1787551610,251750
es_baseaxis_s0,1787551620,251750
es_baseaxis_s0,1787551630,251750
es_baseaxis_s0,1787551640,251750
es_baseaxis_s0,1787551651,251750
es_baseaxis_s0,1787551661,251750
es_baseaxis_s0,1787551671,251750
es_baseaxis_s0,1787551681,251750
es_baseaxis_s0,1787551691,251750
es_baseaxis_s0,1787551701,251750
es_baseaxis_s0,1787551711,251750
es_baseaxis_s0,1787551721,251750
es_baseaxis_s0,1787551731,251750
es_baseaxis_s0,1787551742,251750
es_baseaxis_s0,1787551752,251750
es_baseaxis_s0,1787551762,251750
es_baseaxis_s0,1787551772,251750
es_baseaxis_s0,1787551782,251750
es_baseaxis_s0,1787551792,251750
es_baseaxis_s0,1787551802,251750
es_baseaxis_s0,1787551812,251750
es_baseaxis_s0,1787551822,251750
es_baseaxis_s0,1787551832,251750
es_baseaxis_s0,1787551843,251750
es_baseaxis_s0,1787551853,251750
es_baseaxis_s0,1787551863,251750
es_baseaxis_s0,1787551873,251750
es_baseaxis_s0,1787551883,251750
es_baseaxis_s0,1787551893,251750
es_baseaxis_s0,1787551903,251750
es_baseaxis_s0,1787551913,251750
es_baseaxis_s0,1787551923,251750
es_baseaxis_s0,1787551933,251750
es_baseaxis_s0,1787551944,251750
es_baseaxis_s0,1787551954,251750
es_baseaxis_s0,1787551964,251750
es_baseaxis_s0,1787551974,251750
es_baseaxis_s0,1787551984,251750
es_baseaxis_s0,1787551994,251750
es_baseaxis_s0,1787552004,251750
es_baseaxis_s0,1787552014,251750
es_baseaxis_s0,1787552024,251750
es_baseaxis_s0,1787552034,251750
es_baseaxis_s0,1787552045,251750
es_baseaxis_s0,1787552055,251750
es_baseaxis_s0,1787552065,251750
es_baseaxis_s0,1787552075,251750
es_baseaxis_s0,1787552085,251750
es_baseaxis_s0,1787552095,251750
es_baseaxis_s0,1787552105,251750
es_baseaxis_s0,1787552115,251750
es_baseaxis_s0,1787552125,251750
es_baseaxis_s0,1787552135,251750
es_baseaxis_s0,1787552146,251750
es_baseaxis_s0,1787552156,251750
es_baseaxis_s0,1787552166,251750
es_baseaxis_s0,1787552176,251750
es_baseaxis_s0,1787552186,251750
es_baseaxis_s0,1787552196,251750
es_baseaxis_s0,1787552206,251750
es_baseaxis_s0,1787552216,251750
es_baseaxis_s0,1787552226,251750
es_baseaxis_s0,1787552236,251750
es_baseaxis_s0,1787552247,251750
es_baseaxis_s0,1787552257,251750
es_baseaxis_s0,1787552267,251750
es_baseaxis_s0,1787552277,251750
es_baseaxis_s0,1787552287,251750
es_baseaxis_s0,1787552297,251750
es_baseaxis_s0,1787552307,251750
es_baseaxis_s0,1787552317,251750
es_baseaxis_s0,1787552327,251750
es_baseaxis_s0,1787552337,251750
es_baseaxis_s0,1787552348,251750
es_baseaxis_s0,1787552358,251750
es_baseaxis_s0,1787552368,251750
es_baseaxis_s0,1787552378,251750
es_baseaxis_s0,1787552388,251750
es_baseaxis_s0,1787552398,251750
es_baseaxis_s0,1787552408,251750
es_baseaxis_s0,1787552418,251750
es_baseaxis_s0,1787552428,251750
es_baseaxis_s0,1787552439,251750
es_baseaxis_s0,1787552449,251750
es_baseaxis_s0,1787552459,251750
es_baseaxis_s0,1787552469,251750
es_baseaxis_s0,1787552479,251750
es_baseaxis_s0,1787552489,251750
es_baseaxis_s0,1787552499,251750
es_baseaxis_s0,1787552509,251750
es_baseaxis_s0,1787552519,251750
es_baseaxis_s0,1787552529,251750
es_baseaxis_s0,1787552540,251750
es_baseaxis_s0,1787552550,251750
es_baseaxis_s0,1787552560,251750
es_baseaxis_s0,1787552570,251750
es_baseaxis_s0,1787552580,251750
es_baseaxis_s0,1787552590,251750
es_baseaxis_s0,1787552600,251750
es_baseaxis_s0,1787552610,251750
es_baseaxis_s0,1787552620,251750
es_baseaxis_s0,1787552630,251750
es_baseaxis_s0,1787552641,251750
es_baseaxis_s0,1787552651,251750
es_baseaxis_s0,1787552661,251750
es_baseaxis_s0,1787552671,251750
es_baseaxis_s0,1787552681,251750
es_baseaxis_s0,1787552691,251750
es_baseaxis_s0,1787552701,251750
es_baseaxis_s0,1787552711,251750
es_baseaxis_s0,1787552721,251750
es_baseaxis_s0,1787552731,251750
es_baseaxis_s0,1787552742,251750
es_baseaxis_s0,1787552752,251750
es_baseaxis_s0,1787552762,251750
es_baseaxis_s0,1787552772,251750
es_baseaxis_s0,1787552782,251750
es_baseaxis_s0,1787552792,251750
es_baseaxis_s0,1787552802,251750
es_baseaxis_s0,1787552812,251750
es_baseaxis_s0,1787552822,251750
es_baseaxis_s0,1787552833,251750
es_baseaxis_s0,1787552843,251750
es_baseaxis_s0,1787552853,251750
es_baseaxis_s0,1787552863,251750
es_baseaxis_s0,1787552873,251750
es_baseaxis_s0,1787552883,251750
es_baseaxis_s0,1787552893,251750
es_baseaxis_s0,1787552903,251750
es_baseaxis_s0,1787552913,251750
es_baseaxis_s0,1787552923,251750
es_baseaxis_s0,1787552934,251750
es_baseaxis_s0,1787552944,251750
es_baseaxis_s0,1787552954,251750
es_baseaxis_s0,1787552964,251750
es_baseaxis_s0,1787552974,251750
es_baseaxis_s0,1787552984,251750
es_baseaxis_s0,1787552994,251750
es_baseaxis_s0,1787553004,251750
es_baseaxis_s0,1787553014,251750
es_baseaxis_s0,1787553024,251750
es_baseaxis_s0,1787553035,251750
es_baseaxis_s0,1787553045,251750
es_baseaxis_s0,1787553055,251750
es_baseaxis_s0,1787553065,251750
es_baseaxis_s0,1787553075,251750
es_baseaxis_s0,1787553085,251750
es_baseaxis_s0,1787553095,251750
es_baseaxis_s0,1787553105,251750
es_baseaxis_s0,1787553115,251750
es_baseaxis_s0,1787553125,251750
es_baseaxis_s0,1787553136,251750
es_baseaxis_s0,1787553146,251750
es_baseaxis_s0,1787553156,251750
es_baseaxis_s0,1787553166,251750
es_baseaxis_s0,1787553176,251750
es_baseaxis_s0,1787553186,251750
es_baseaxis_s0,1787553196,251750
es_baseaxis_s0,1787553206,251750
es_baseaxis_s0,1787553216,251750
es_baseaxis_s0,1787553227,251750
es_baseaxis_s0,1787553237,251750
es_baseaxis_s0,1787553247,251750
es_baseaxis_s0,1787553257,251750
es_baseaxis_s0,1787553267,251750
es_baseaxis_s0,1787553277,251750
es_baseaxis_s0,1787553287,251750
es_baseaxis_s0,1787553297,251750
es_baseaxis_s0,1787553307,251750
es_baseaxis_s0,1787553317,251750
es_baseaxis_s0,1787553328,251750
es_baseaxis_s0,1787553338,251750
es_baseaxis_s0,1787553348,251750
es_baseaxis_s0,1787553358,251750
es_baseaxis_s0,1787553368,251750
es_baseaxis_s0,1787553378,251750
es_baseaxis_s0,1787553388,251750
es_baseaxis_s0,1787553398,251750
es_baseaxis_s0,1787553408,251750
es_baseaxis_s0,1787553418,251750
es_baseaxis_s0,1787553429,251750
es_baseaxis_s0,1787553439,251750
es_baseaxis_s0,1787553449,251750
es_baseaxis_s0,1787553459,251750
es_baseaxis_s0,1787553469,251750
es_baseaxis_s0,1787553479,251750
es_baseaxis_s0,1787553489,251750
es_baseaxis_s0,1787553499,251750
es_baseaxis_s0,1787553509,251750
es_baseaxis_s0,1787553520,251750
es_baseaxis_s0,1787553530,251750
es_baseaxis_s0,1787553540,251750
es_baseaxis_s0,1787553550,251750
es_baseaxis_s0,1787553560,251750
es_baseaxis_s0,1787553570,251750
es_baseaxis_s0,1787553580,251750
es_baseaxis_s0,1787553590,251750
es_baseaxis_s0,1787553600,251750
es_baseaxis_s0,1787553610,251750
es_baseaxis_s0,1787553621,251750
es_baseaxis_s0,1787553631,251750
es_baseaxis_s0,1787553641,251750
es_baseaxis_s0,1787553651,251750
es_baseaxis_s0,1787553661,251750
es_baseaxis_s0,1787553671,251750
es_baseaxis_s0,1787553681,251750
es_baseaxis_s0,1787553691,251750
es_baseaxis_s0,1787553701,251750
es_baseaxis_s0,1787553711,251750
es_baseaxis_s0,1787553722,251750
es_baseaxis_s0,1787553732,251750
es_baseaxis_s0,1787553742,251750
es_baseaxis_s0,1787553752,251750
es_baseaxis_s0,1787553762,251750
es_baseaxis_s0,1787553772,251750
es_baseaxis_s0,1787553782,251750
es_baseaxis_s0,1787553792,251750
es_baseaxis_s0,1787553802,251750
es_baseaxis_s0,1787553812,251750
es_baseaxis_s0,1787553823,251750
es_baseaxis_s0,1787553833,251750
es_baseaxis_s0,1787553843,251750
es_baseaxis_s0,1787553853,251750
es_baseaxis_s0,1787553863,251750
es_baseaxis_s0,1787553873,251750
es_baseaxis_s0,1787553883,251750
es_baseaxis_s0,1787553893,251750
es_baseaxis_s0,1787553903,251750
es_baseaxis_s0,1787553913,251750
es_baseaxis_s0,1787553924,251750
es_baseaxis_s0,1787553934,251750
es_baseaxis_s0,1787553944,251750
es_baseaxis_s0,1787553954,251750
es_baseaxis_s0,1787553964,251750
es_baseaxis_s0,1787553974,251750
es_baseaxis_s0,1787553984,251750
es_baseaxis_s0,1787553994,251750
es_baseaxis_s0,1787554004,251750
es_baseaxis_s0,1787554014,251750
es_baseaxis_s0,1787554025,251750
es_baseaxis_s0,1787554035,251750
es_baseaxis_s0,1787554045,251750
es_baseaxis_s0,1787554055,251750
es_baseaxis_s0,1787554065,251750
es_baseaxis_s0,1787554075,251750
es_baseaxis_s0,1787554085,251750
es_baseaxis_s0,1787554095,251750
es_baseaxis_s0,1787554105,251750
es_baseaxis_s0,1787554115,251750
es_baseaxis_s0,1787554126,251750
es_baseaxis_s0,1787554136,251750
es_baseaxis_s0,1787554146,251750
es_baseaxis_s0,1787554156,251750
es_baseaxis_s0,1787554166,251750
es_baseaxis_s0,1787554176,251750
es_baseaxis_s0,1787554186,251750
es_baseaxis_s0,1787554196,251750
es_baseaxis_s0,1787554206,251750
es_baseaxis_s0,1787554216,251750
es_baseaxis_s0,1787554227,251750
es_baseaxis_s0,1787554237,251750
es_baseaxis_s0,1787554247,251750
es_baseaxis_s0,1787554257,251750
es_baseaxis_s0,1787554267,251750
es_baseaxis_s0,1787554277,251750
es_baseaxis_s0,1787554287,251750
es_baseaxis_s0,1787554297,251750
es_baseaxis_s0,1787554307,251750
es_baseaxis_s0,1787554317,251750
es_baseaxis_s0,1787554328,251750
es_baseaxis_s0,1787554338,251750
es_baseaxis_s0,1787554348,251750
es_baseaxis_s0,1787554358,251750
es_baseaxis_s0,1787554368,251750
es_baseaxis_s0,1787554378,251750
es_baseaxis_s0,1787554388,251750
es_baseaxis_s0,1787554398,251750
es_baseaxis_s0,1787554408,251750
es_baseaxis_s0,1787554418,251750
es_baseaxis_s0,1787554429,251750
es_baseaxis_s0,1787554439,251750
es_baseaxis_s0,1787554449,251750
es_baseaxis_s0,1787554459,251750
es_baseaxis_s0,1787554469,251750
es_baseaxis_s0,1787554479,251750
es_baseaxis_s0,1787554489,251750
es_baseaxis_s0,1787554499,251750
es_baseaxis_s0,1787554509,251750
es_baseaxis_s0,1787554519,251750
es_baseaxis_s0,1787554530,251750
es_baseaxis_s0,1787554540,251750
es_baseaxis_s0,1787554550,251750
es_baseaxis_s0,1787554560,251750
es_baseaxis_s0,1787554570,251750
es_baseaxis_s0,1787554580,251750
es_baseaxis_s0,1787554590,251750
es_baseaxis_s0,1787554600,251750
es_baseaxis_s0,1787554610,251750
es_baseaxis_s0,1787554620,251750
es_baseaxis_s0,1787554631,251750
es_baseaxis_s0,1787554641,251750
es_baseaxis_s0,1787554651,251750
es_baseaxis_s0,1787554661,251750
es_baseaxis_s0,1787554671,251750
es_baseaxis_s0,1787554681,251750
es_baseaxis_s0,1787554691,251750
es_baseaxis_s0,1787554701,251750
es_baseaxis_s0,1787554711,251750
es_baseaxis_s0,1787554721,251750
es_baseaxis_s0,1787554732,251750
es_baseaxis_s0,1787554742,251750
es_baseaxis_s0,1787554752,251750
es_baseaxis_s0,1787554762,251750
es_baseaxis_s0,1787554772,251750
es_baseaxis_s0,1787554782,251750
es_baseaxis_s0,1787554792,251750
es_baseaxis_s0,1787554802,251750
es_baseaxis_s0,1787554812,251750
es_baseaxis_s0,1787554822,251750
es_baseaxis_s0,1787554833,251750
es_baseaxis_s0,1787554843,251750
es_baseaxis_s0,1787554853,251750
es_baseaxis_s0,1787554863,251750
es_baseaxis_s0,1787554873,251750
es_baseaxis_s0,1787554883,251750
es_baseaxis_s0,1787554893,251750
es_baseaxis_s0,1787554903,251750
es_baseaxis_s0,1787554913,251750
es_baseaxis_s0,1787554923,251750
es_baseaxis_s0,1787554934,251750
es_baseaxis_s0,1787554944,251750
es_baseaxis_s0,1787554954,251750
es_baseaxis_s0,1787554964,251750
es_baseaxis_s0,1787554974,251750
es_baseaxis_s0,1787554984,251750
es_baseaxis_s0,1787554994,251750
es_baseaxis_s0,1787555004,251750
es_baseaxis_s0,1787555014,251750
es_baseaxis_s0,1787555024,251750
es_baseaxis_s0,1787555035,251750
es_baseaxis_s0,1787555045,251750
es_baseaxis_s0,1787555055,251750
es_baseaxis_s0,1787555065,251750
es_baseaxis_s0,1787555075,251750
es_baseaxis_s0,1787555085,251750
es_baseaxis_s0,1787555095,251750
es_baseaxis_s0,1787555105,251750
es_baseaxis_s0,1787555115,251750
es_baseaxis_s0,1787555125,251750
es_baseaxis_s0,1787555136,251750
es_baseaxis_s0,1787555146,251750
es_baseaxis_s0,1787555156,251750
es_baseaxis_s0,1787555166,251750
es_baseaxis_s0,1787555176,251750
es_baseaxis_s0,1787555186,251750
es_baseaxis_s0,1787555196,251750
es_baseaxis_s0,1787555206,251750
es_baseaxis_s0,1787555216,251750
es_baseaxis_s0,1787555226,251750
es_baseaxis_s0,1787555237,251750
es_baseaxis_s0,1787555247,251750
es_baseaxis_s0,1787555257,251750
es_baseaxis_s0,1787555267,251750
es_baseaxis_s0,1787555277,251750
es_baseaxis_s0,1787555287,251750
es_baseaxis_s0,1787555297,251750
es_baseaxis_s0,1787555307,251750
es_baseaxis_s0,1787555317,251750
es_baseaxis_s0,1787555327,251750
es_baseaxis_s0,1787555338,251750
es_baseaxis_s0,1787555348,251750
es_baseaxis_s0,1787555358,251750
es_baseaxis_s0,1787555368,251750
es_baseaxis_s0,1787555378,251750
es_baseaxis_s0,1787555388,251750
es_baseaxis_s0,1787555398,251750
es_baseaxis_s0,1787555408,251750
es_baseaxis_s0,1787555418,251750
es_baseaxis_s0,1787555428,251750
es_baseaxis_s0,1787555439,251750
es_baseaxis_s0,1787555449,251750
es_baseaxis_s0,1787555459,251750
es_baseaxis_s0,1787555469,251750
es_baseaxis_s0,1787555479,251750
es_baseaxis_s0,1787555489,251750
es_baseaxis_s0,1787555499,251750
es_baseaxis_s0,1787555509,251750
es_baseaxis_s0,1787555519,251750
es_baseaxis_s0,1787555529,251750
es_baseaxis_s0,1787555540,251750
es_baseaxis_s0,1787555550,251750
es_baseaxis_s0,1787555560,251750
es_baseaxis_s0,1787555570,251750
es_baseaxis_s0,1787555580,251750
es_baseaxis_s0,1787555590,251750
es_baseaxis_s0,1787555600,251750
es_baseaxis_s0,1787555610,251750
es_baseaxis_s0,1787555620,251750
es_baseaxis_s0,1787555630,251750
es_baseaxis_s0,1787555641,251750
es_baseaxis_s0,1787555651,251750
es_baseaxis_s0,1787555661,251750
es_baseaxis_s0,1787555671,251750
es_baseaxis_s0,1787555681,251750
es_baseaxis_s0,1787555691,251750
es_baseaxis_s0,1787555701,251750
es_baseaxis_s0,1787555711,251750
es_baseaxis_s0,1787555721,251750
es_baseaxis_s0,1787555731,251750
es_baseaxis_s0,1787555742,251750
es_baseaxis_s0,1787555752,251750
es_baseaxis_s0,1787555762,251750
es_baseaxis_s0,1787555772,251750
es_baseaxis_s0,1787555782,251750
es_baseaxis_s0,1787555792,251750
es_baseaxis_s0,1787555802,251750
es_baseaxis_s0,1787555812,251750
es_baseaxis_s0,1787555822,251750
es_baseaxis_s0,1787555832,251750
es_baseaxis_s0,1787555842,251750
es_baseaxis_s0,1787555853,251750
es_baseaxis_s0,1787555863,251750
es_baseaxis_s0,1787555873,251750
es_baseaxis_s0,1787555883,251750
es_baseaxis_s0,1787555893,251750
es_baseaxis_s0,1787555903,251750
es_baseaxis_s0,1787555913,251750
es_baseaxis_s0,1787555923,251750
es_baseaxis_s0,1787555933,251750
es_baseaxis_s0,1787555944,251750
es_baseaxis_s0,1787555954,251750
es_baseaxis_s0,1787555964,251750
es_baseaxis_s0,1787555974,251750
es_baseaxis_s0,1787555984,251750
es_baseaxis_s0,1787555994,251750
es_baseaxis_s0,1787556004,251750
es_baseaxis_s0,1787556014,251750
es_baseaxis_s0,1787556024,251750
es_baseaxis_s0,1787556034,251750
es_baseaxis_s0,1787556044,251750
es_baseaxis_s0,1787556055,251750
es_baseaxis_s0,1787556065,251750
es_baseaxis_s0,1787556075,251750
es_baseaxis_s0,1787556085,251750
es_baseaxis_s0,1787556095,251750
es_baseaxis_s0,1787556105,251750
es_baseaxis_s0,1787556115,251750
es_baseaxis_s0,1787556125,251750
es_baseaxis_s0,1787556135,251750
es_baseaxis_s0,1787556145,251750
es_baseaxis_s0,1787556156,251750
es_baseaxis_s0,1787556166,251750
es_baseaxis_s0,1787556176,251750
es_baseaxis_s0,1787556186,251750
es_baseaxis_s0,1787556196,251750
es_baseaxis_s0,1787556206,251750
es_baseaxis_s0,1787556216,251750
es_baseaxis_s0,1787556226,251750
es_baseaxis_s0,1787556236,251750
es_baseaxis_s0,1787556246,251750
es_baseaxis_s0,1787556257,251750
es_baseaxis_s0,1787556267,251750
es_baseaxis_s0,1787556277,251750
es_baseaxis_s0,1787556287,251750
es_baseaxis_s0,1787556297,251750
es_baseaxis_s0,1787556307,251750
es_baseaxis_s0,1787556317,251750
es_baseaxis_s0,1787556327,251750
es_baseaxis_s0,1787556337,251750
es_baseaxis_s0,1787556347,251750
es_baseaxis_s0,1787556358,251750
es_baseaxis_s0,1787556368,251750
es_baseaxis_s0,1787556378,251750
es_baseaxis_s0,1787556388,251750
es_baseaxis_s0,1787556398,251750
es_baseaxis_s0,1787556408,251750
es_baseaxis_s0,1787556418,251750
es_baseaxis_s0,1787556428,251750
es_baseaxis_s0,1787556438,251750
es_baseaxis_s0,1787556448,251750
es_baseaxis_s0,1787556459,251750
es_baseaxis_s0,1787556469,251750
es_baseaxis_s0,1787556479,251750
es_baseaxis_s0,1787556489,251750
es_baseaxis_s0,1787556499,251750
es_baseaxis_s0,1787556509,251750
es_baseaxis_s0,1787556519,251750
es_baseaxis_s0,1787556529,251750
es_baseaxis_s0,1787556539,251750
es_baseaxis_s0,1787556549,251750
es_baseaxis_s0,1787556560,251750
es_baseaxis_s0,1787556570,251750
es_baseaxis_s0,1787556580,251750
es_baseaxis_s0,1787556590,251750
es_baseaxis_s0,1787556600,251750
es_baseaxis_s0,1787556610,251750
es_baseaxis_s0,1787556620,251750
es_baseaxis_s0,1787556630,251750
es_baseaxis_s0,1787556640,251750
es_baseaxis_s0,1787556650,251750
es_baseaxis_s0,1787556661,251750
es_baseaxis_s0,1787556671,251750
es_baseaxis_s0,1787556681,251750
es_baseaxis_s0,1787556691,251750
es_baseaxis_s0,1787556701,251750
es_baseaxis_s0,1787556711,251750
es_baseaxis_s0,1787556721,251750
es_baseaxis_s0,1787556731,251750
es_baseaxis_s0,1787556741,251750
es_baseaxis_s0,1787556751,251750
es_baseaxis_s0,1787556762,251750
es_baseaxis_s0,1787556772,251750
es_baseaxis_s0,1787556782,251750
es_baseaxis_s0,1787556792,251750
es_baseaxis_s0,1787556802,251750
es_baseaxis_s0,1787556812,251750
es_baseaxis_s0,1787556822,251750
es_baseaxis_s0,1787556832,251750
es_baseaxis_s0,1787556842,251750
es_baseaxis_s0,1787556852,251750
es_baseaxis_s0,1787556863,251750
es_baseaxis_s0,1787556873,251750
es_baseaxis_s0,1787556883,251750
es_baseaxis_s0,1787556893,251750
es_baseaxis_s0,1787556903,251750
es_baseaxis_s0,1787556913,251750
es_baseaxis_s0,1787556923,251750
es_baseaxis_s0,1787556933,251750
es_baseaxis_s0,1787556943,251750
es_baseaxis_s0,1787556953,251750
es_baseaxis_s0,1787556964,251750
es_baseaxis_s0,1787556974,251750
es_baseaxis_s0,1787556984,251750
es_baseaxis_s0,1787556994,251750
es_baseaxis_s0,1787557004,251750
es_baseaxis_s0,1787557014,251750
es_baseaxis_s0,1787557024,251750
es_baseaxis_s0,1787557034,251750
es_baseaxis_s0,1787557044,251750
es_baseaxis_s0,1787557054,251750
es_baseaxis_s0,1787557064,251750
es_baseaxis_s0,1787557075,251750
es_baseaxis_s0,1787557085,251750
es_baseaxis_s0,1787557095,251750
es_baseaxis_s0,1787557105,251750
es_baseaxis_s0,1787557115,251750
es_baseaxis_s0,1787557125,251750
es_baseaxis_s0,1787557135,251750
es_baseaxis_s0,1787557145,251750
es_baseaxis_s0,1787557155,251750
es_baseaxis_s0,1787557165,251750
es_baseaxis_s0,1787557176,251750
es_baseaxis_s0,1787557186,251750
es_baseaxis_s0,1787557196,251750
es_baseaxis_s0,1787557206,251750
es_baseaxis_s0,1787557216,251750
es_baseaxis_s0,1787557226,251750
es_baseaxis_s0,1787557236,251750
es_baseaxis_s0,1787557246,251750
es_baseaxis_s0,1787557256,251750
es_baseaxis_s0,1787557266,251750
es_baseaxis_s0,1787557277,251750
es_baseaxis_s0,1787557287,251750
es_baseaxis_s0,1787557297,251750
es_baseaxis_s0,1787557307,251750
es_baseaxis_s0,1787557317,251750
es_baseaxis_s0,1787557327,251750
es_baseaxis_s0,1787557337,251750
es_baseaxis_s0,1787557347,251750
es_baseaxis_s0,1787557357,251750
es_baseaxis_s0,1787557367,251750
es_baseaxis_s0,1787557378,251750
es_baseaxis_s0,1787557388,251750
es_baseaxis_s0,1787557398,251750
es_baseaxis_s0,1787557408,251750
es_baseaxis_s0,1787557418,251750
es_baseaxis_s0,1787557428,251750
es_baseaxis_s0,1787557438,251750
es_baseaxis_s0,1787557448,251750
es_baseaxis_s0,1787557458,251750
es_baseaxis_s0,1787557468,251750
es_baseaxis_s0,1787557479,251750
es_baseaxis_s0,1787557489,251750
es_baseaxis_s0,1787557499,251750
es_baseaxis_s0,1787557509,251750
es_baseaxis_s0,1787557519,251750
es_baseaxis_s0,1787557529,251750
es_baseaxis_s0,1787557539,251750
es_baseaxis_s0,1787557549,251750
es_baseaxis_s0,1787557559,251750
es_baseaxis_s0,1787557569,251750
es_baseaxis_s0,1787557580,251750
es_baseaxis_s0,1787557590,251750
es_baseaxis_s0,1787557600,251750
es_baseaxis_s0,1787557610,251750
es_baseaxis_s0,1787557620,251750
es_baseaxis_s0,1787557630,251750
es_baseaxis_s0,1787557640,251750
es_baseaxis_s0,1787557650,251750
es_baseaxis_s0,1787557660,251750
es_baseaxis_s0,1787557670,251750
es_baseaxis_s0,1787557681,251750
es_baseaxis_s0,1787557691,251750
es_baseaxis_s0,1787557701,251750
es_baseaxis_s0,1787557711,251750
es_baseaxis_s0,1787557721,251750
es_baseaxis_s0,1787557731,251750
es_baseaxis_s0,1787557741,251750
es_baseaxis_s0,1787557751,251750
es_baseaxis_s0,1787557761,251750
es_baseaxis_s0,1787557771,251750
es_baseaxis_s0,1787557782,251750
es_baseaxis_s0,1787557792,251750
es_baseaxis_s0,1787557802,251750
es_baseaxis_s0,1787557812,251750
es_baseaxis_s0,1787557822,251750
es_baseaxis_s0,1787557832,251750
es_baseaxis_s0,1787557842,251750
es_baseaxis_s0,1787557852,251750
es_baseaxis_s0,1787557862,251750
es_baseaxis_s0,1787557872,251750
es_baseaxis_s0,1787557883,251750
es_baseaxis_s0,1787557893,251750
es_baseaxis_s0,1787557903,251750
es_baseaxis_s0,1787557913,251750
es_baseaxis_s0,1787557923,251750
es_baseaxis_s0,1787557933,251750
es_baseaxis_s0,1787557943,251750
es_baseaxis_s0,1787557953,251750
es_baseaxis_s0,1787557963,251750
es_baseaxis_s0,1787557973,251750
es_baseaxis_s0,1787557984,251750
es_baseaxis_s0,1787557994,251750
es_baseaxis_s0,1787558004,251750
es_baseaxis_s0,1787558014,251750
es_baseaxis_s0,1787558024,251750
es_baseaxis_s0,1787558034,251750
es_baseaxis_s0,1787558044,251750
es_baseaxis_s0,1787558054,251750
es_baseaxis_s0,1787558064,251750
es_baseaxis_s0,1787558074,251750
es_baseaxis_s0,1787558085,251750
es_baseaxis_s0,1787558095,251750
es_baseaxis_s0,1787558105,251750
es_baseaxis_s0,1787558115,251750
es_baseaxis_s0,1787558125,251750
es_baseaxis_s0,1787558135,251750
es_baseaxis_s0,1787558145,251750
es_baseaxis_s0,1787558155,251750
es_baseaxis_s0,1787558165,251750
es_baseaxis_s0,1787558175,251750
es_baseaxis_s0,1787558186,251750
es_baseaxis_s0,1787558196,251750
es_baseaxis_s0,1787558206,251750
es_baseaxis_s0,1787558216,251750
es_baseaxis_s0,1787558226,251750
es_baseaxis_s0,1787558236,251750
es_baseaxis_s0,1787558246,251750
es_baseaxis_s0,1787558256,251750
es_baseaxis_s0,1787558266,251750
es_baseaxis_s0,1787558276,251750
es_baseaxis_s0,1787558287,251750
es_baseaxis_s0,1787558297,251750
es_baseaxis_s0,1787558307,251750
es_baseaxis_s0,1787558317,251750
es_baseaxis_s0,1787558327,251750
es_baseaxis_s0,1787558337,251750
es_baseaxis_s0,1787558347,251750
es_baseaxis_s0,1787558357,251750
es_baseaxis_s0,1787558367,251750
es_baseaxis_s0,1787558377,251750
es_baseaxis_s0,1787558387,251750
es_baseaxis_s0,1787558398,251750
es_baseaxis_s0,1787558408,251750
es_baseaxis_s0,1787558418,251750
es_baseaxis_s0,1787558428,251750
es_baseaxis_s0,1787558438,251750
es_baseaxis_s0,1787558448,251750
es_baseaxis_s0,1787558458,251750
es_baseaxis_s0,1787558468,251750
es_baseaxis_s0,1787558478,251750
es_baseaxis_s0,1787558488,251750
es_baseaxis_s0,1787558499,251750
es_baseaxis_s0,1787558509,251750
es_baseaxis_s0,1787558519,251750
es_baseaxis_s0,1787558529,251750
es_baseaxis_s0,1787558539,251750
es_baseaxis_s0,1787558549,251750
es_baseaxis_s0,1787558559,251750
es_baseaxis_s0,1787558569,251750
es_baseaxis_s0,1787558579,251750
es_baseaxis_s0,1787558589,251750
es_baseaxis_s0,1787558600,251750
es_baseaxis_s0,1787558610,251750
es_baseaxis_s0,1787558620,251750
es_baseaxis_s0,1787558630,251750
es_baseaxis_s0,1787558640,251750
es_baseaxis_s0,1787558650,251750
es_baseaxis_s0,1787558660,251750
es_baseaxis_s0,1787558670,251750
es_baseaxis_s0,1787558680,251750
es_baseaxis_s0,1787558690,251750
es_baseaxis_s0,1787558701,251750
es_baseaxis_s0,1787558711,251750
es_baseaxis_s0,1787558721,251750
es_baseaxis_s0,1787558731,251750
es_baseaxis_s0,1787558741,251750
es_baseaxis_s0,1787558751,251750
es_baseaxis_s0,1787558761,251750
es_baseaxis_s0,1787558771,251750
es_baseaxis_s0,1787558781,251750
es_baseaxis_s0,1787558791,251750
es_baseaxis_s0,1787558802,251750
es_baseaxis_s0,1787558812,251750
es_baseaxis_s0,1787558822,251750
es_baseaxis_s0,1787558832,251750
es_baseaxis_s0,1787558842,251750
es_baseaxis_s0,1787558852,251750
es_baseaxis_s0,1787558862,251750
es_baseaxis_s0,1787558872,251750
es_baseaxis_s0,1787558882,251750
es_baseaxis_s0,1787558892,251750
es_baseaxis_s0,1787558903,251750
es_baseaxis_s0,1787558913,251750
es_baseaxis_s0,1787558923,251750
es_baseaxis_s0,1787558933,251750
es_baseaxis_s0,1787558943,251750
es_baseaxis_s0,1787558953,251750
es_baseaxis_s0,1787558963,251750
es_baseaxis_s0,1787558973,251750
es_baseaxis_s0,1787558983,251750
es_baseaxis_s0,1787558993,251750
es_baseaxis_s0,1787559004,251750
es_baseaxis_s0,1787559014,251750
es_baseaxis_s0,1787559024,251750
es_baseaxis_s0,1787559034,251750
es_baseaxis_s0,1787559044,251750
es_baseaxis_s0,1787559054,251750
es_baseaxis_s0,1787559064,251750
es_baseaxis_s0,1787559074,251750
es_baseaxis_s0,1787559084,251750
es_baseaxis_s0,1787559094,251750
es_baseaxis_s0,1787559105,251750
es_baseaxis_s0,1787559115,251750
es_baseaxis_s0,1787559125,251750
es_baseaxis_s0,1787559135,251750
es_baseaxis_s0,1787559145,251750
es_baseaxis_s0,1787559155,251750
es_baseaxis_s0,1787559165,251750
es_baseaxis_s0,1787559175,251750
es_baseaxis_s0,1787559185,251750
es_baseaxis_s0,1787559195,251750
es_baseaxis_s0,1787559206,251750
es_baseaxis_s0,1787559216,251750
es_baseaxis_s0,1787559226,251750
es_baseaxis_s0,1787559236,251750
es_baseaxis_s0,1787559246,251750
es_baseaxis_s0,1787559256,251750
es_baseaxis_s0,1787559266,251750
es_baseaxis_s0,1787559276,251750
es_baseaxis_s0,1787559286,251750
es_baseaxis_s0,1787559296,251750
es_baseaxis_s0,1787559307,251750
es_baseaxis_s0,1787559317,251750
es_baseaxis_s0,1787559327,251750
es_baseaxis_s0,1787559337,251750
es_baseaxis_s0,1787559347,251750
es_baseaxis_s0,1787559357,251750
es_baseaxis_s0,1787559367,251750
es_baseaxis_s0,1787559377,251750
es_baseaxis_s0,1787559387,251750
es_baseaxis_s0,1787559397,251750
es_baseaxis_s0,1787559408,251750
es_baseaxis_s0,1787559418,251750
es_baseaxis_s0,1787559428,251750
es_baseaxis_s0,1787559438,251750
es_baseaxis_s0,1787559448,251750
es_baseaxis_s0,1787559458,251750
es_baseaxis_s0,1787559468,251750
es_baseaxis_s0,1787559478,251750
es_baseaxis_s0,1787559488,251750
es_baseaxis_s0,1787559498,251750
es_baseaxis_s0,1787559509,251750
es_baseaxis_s0,1787559519,251750
es_baseaxis_s0,1787559529,251750
es_baseaxis_s0,1787559539,251750
es_baseaxis_s0,1787559549,251750
es_baseaxis_s0,1787559559,251750
es_baseaxis_s0,1787559569,251750
es_baseaxis_s0,1787559579,251750
es_baseaxis_s0,1787559589,251750
es_baseaxis_s0,1787559599,251750
es_baseaxis_s0,1787559610,251750
es_baseaxis_s0,1787559620,251750
es_baseaxis_s0,1787559630,251750
es_baseaxis_s0,1787559640,251750
es_baseaxis_s0,1787559650,251750
es_baseaxis_s0,1787559660,251750
es_baseaxis_s0,1787559670,251750
es_baseaxis_s0,1787559680,251750
es_baseaxis_s0,1787559690,251750
es_baseaxis_s0,1787559700,251750
es_baseaxis_s0,1787559711,251750
es_baseaxis_s0,1787559721,251750
es_baseaxis_s0,1787559731,251750
es_baseaxis_s0,1787559741,251750
es_baseaxis_s0,1787559751,251750
es_baseaxis_s0,1787559761,251750
es_baseaxis_s0,1787559771,251750
es_baseaxis_s0,1787559781,251750
es_baseaxis_s0,1787559791,251750
es_baseaxis_s0,1787559801,251750
es_baseaxis_s0,1787559812,251750
es_baseaxis_s0,1787559822,251750
es_baseaxis_s0,1787559832,251750
es_baseaxis_s0,1787559842,251750
es_baseaxis_s0,1787559852,251750
es_baseaxis_s0,1787559862,251750
es_baseaxis_s0,1787559872,251750
es_baseaxis_s0,1787559882,251750
es_baseaxis_s0,1787559892,251750
es_baseaxis_s0,1787559902,251750
es_baseaxis_s0,1787559913,251750
es_baseaxis_s0,1787559923,251750
es_baseaxis_s0,1787559933,251750
es_baseaxis_s0,1787559943,251750
es_baseaxis_s0,1787559953,251750
es_baseaxis_s0,1787559963,251750
es_baseaxis_s0,1787559973,251750
es_baseaxis_s0,1787559983,251750
es_baseaxis_s0,1787559993,251750
es_baseaxis_s0,1787560003,251750
es_baseaxis_s0,1787560014,251750
es_baseaxis_s0,1787560024,251750
es_baseaxis_s0,1787560034,251750
es_baseaxis_s0,1787560044,251750
es_baseaxis_s0,1787560054,251750
es_baseaxis_s0,1787560064,251750
es_baseaxis_s0,1787560074,251750
es_baseaxis_s0,1787560084,251750
es_baseaxis_s0,1787560094,251750
es_baseaxis_s0,1787560104,251750
es_baseaxis_s0,1787560115,251750
es_baseaxis_s0,1787560125,251750
es_baseaxis_s0,1787560135,251750
es_baseaxis_s0,1787560145,251750
es_baseaxis_s0,1787560155,251750
es_baseaxis_s0,1787560165,251750
es_baseaxis_s0,1787560175,251750
es_baseaxis_s0,1787560185,251750
es_baseaxis_s0,1787560195,251750
es_baseaxis_s0,1787560205,251750
es_baseaxis_s0,1787560216,251750
es_baseaxis_s0,1787560226,251750
es_baseaxis_s0,1787560236,251750
es_baseaxis_s0,1787560246,251750
es_baseaxis_s0,1787560256,251750
es_baseaxis_s0,1787560266,251750
es_baseaxis_s0,1787560276,251750
es_baseaxis_s0,1787560286,251750
es_baseaxis_s0,1787560296,251750
es_baseaxis_s0,1787560306,251750
es_baseaxis_s0,1787560317,251750
es_baseaxis_s0,1787560327,251750
es_baseaxis_s0,1787560337,251750
es_baseaxis_s0,1787560347,251750
es_baseaxis_s0,1787560357,251750
es_baseaxis_s0,1787560367,251750
es_baseaxis_s0,1787560377,251750
es_baseaxis_s0,1787560387,251750
es_baseaxis_s0,1787560397,251750
es_baseaxis_s0,1787560407,251750
es_baseaxis_s0,1787560418,251750
es_baseaxis_s0,1787560428,251750
es_baseaxis_s0,1787560438,251750
es_baseaxis_s0,1787560448,251750
es_baseaxis_s0,1787560458,251750
es_baseaxis_s0,1787560468,251750
es_baseaxis_s0,1787560478,251750
es_baseaxis_s0,1787560488,251750
es_baseaxis_s0,1787560498,251750
es_baseaxis_s0,1787560508,251750
es_baseaxis_s0,1787560519,251750
es_baseaxis_s0,1787560529,251750
es_baseaxis_s0,1787560539,251750
es_baseaxis_s0,1787560549,251750
es_baseaxis_s0,1787560559,251750
es_baseaxis_s0,1787560569,251750
es_baseaxis_s0,1787560579,251750
es_baseaxis_s0,1787560589,251750
es_baseaxis_s0,1787560599,251750
es_baseaxis_s0,1787560609,251750
es_baseaxis_s0,1787560620,251750
es_baseaxis_s0,1787560630,251750
es_baseaxis_s0,1787560640,251750
es_baseaxis_s0,1787560650,251750
es_baseaxis_s0,1787560660,251750
es_baseaxis_s0,1787560670,251750
es_baseaxis_s0,1787560680,251750
es_baseaxis_s0,1787560690,251750
es_baseaxis_s0,1787560700,251750
es_baseaxis_s0,1787560710,251750
es_baseaxis_s0,1787560721,251750
es_baseaxis_s0,1787560731,251750
es_baseaxis_s0,1787560741,251750
es_baseaxis_s0,1787560751,251750
es_baseaxis_s0,1787560761,251750
es_baseaxis_s0,1787560771,251750
es_baseaxis_s0,1787560781,251750
es_baseaxis_s0,1787560791,251750
es_baseaxis_s0,1787560801,251750
es_baseaxis_s0,1787560811,251750
es_baseaxis_s0,1787560822,251750
es_baseaxis_s0,1787560832,251750
es_baseaxis_s0,1787560842,251750
es_baseaxis_s0,1787560852,251750
es_baseaxis_s0,1787560862,251750
es_baseaxis_s0,1787560872,251750
es_baseaxis_s0,1787560882,251750
es_baseaxis_s0,1787560892,251750
es_baseaxis_s0,1787560902,251750
es_baseaxis_s0,1787560912,251750
es_baseaxis_s0,1787560923,251750
es_baseaxis_s0,1787560933,251750
es_baseaxis_s0,1787560943,251750
es_baseaxis_s0,1787560953,251750
es_baseaxis_s0,1787560963,251750
es_baseaxis_s0,1787560973,251750
es_baseaxis_s0,1787560983,251750
es_baseaxis_s0,1787560993,251750
es_baseaxis_s0,1787561003,251750
es_baseaxis_s0,1787561013,251750
es_baseaxis_s0,1787561024,251750
es_baseaxis_s0,1787561034,251750
es_baseaxis_s0,1787561044,251750
es_baseaxis_s0,1787561054,251750
es_baseaxis_s0,1787561064,251750
es_baseaxis_s0,1787561074,251750
es_baseaxis_s0,1787561084,251750
es_baseaxis_s0,1787561094,251750
es_baseaxis_s0,1787561104,251750
es_baseaxis_s0,1787561114,251750
es_baseaxis_s0,1787561125,251750
es_baseaxis_s0,1787561135,251750
es_baseaxis_s0,1787561145,251750
es_baseaxis_s0,1787561155,251750
es_baseaxis_s0,1787561165,251750
es_baseaxis_s0,1787561175,251750
es_baseaxis_s0,1787561185,251750
es_baseaxis_s0,1787561195,251750
es_baseaxis_s0,1787561205,251750
es_baseaxis_s0,1787561215,251750
es_baseaxis_s0,1787561225,251750
es_baseaxis_s0,1787561236,251750
es_baseaxis_s0,1787561246,251750
es_baseaxis_s0,1787561256,251750
es_baseaxis_s0,1787561266,251750
es_baseaxis_s0,1787561276,251750
es_baseaxis_s0,1787561286,251750
es_baseaxis_s0,1787561296,251750
es_baseaxis_s0,1787561306,251750
es_baseaxis_s0,1787561316,251750
es_baseaxis_s0,1787561326,251750
es_baseaxis_s0,1787561337,251750
es_baseaxis_s0,1787561347,251750
es_baseaxis_s0,1787561357,251750
es_baseaxis_s0,1787561367,251750
es_baseaxis_s0,1787561377,251750
es_baseaxis_s0,1787561387,251750
es_baseaxis_s0,1787561397,251750
es_baseaxis_s0,1787561407,251750
es_baseaxis_s0,1787561417,251750
es_baseaxis_s0,1787561427,251750
es_baseaxis_s0,1787561438,251750
es_baseaxis_s0,1787561448,251750
es_baseaxis_s0,1787561458,251750
es_baseaxis_s0,1787561468,251750
es_baseaxis_s0,1787561478,251750
es_baseaxis_s0,1787561488,251750
es_baseaxis_s0,1787561498,251750
es_baseaxis_s0,1787561508,251750
es_baseaxis_s0,1787561518,251750
es_baseaxis_s0,1787561528,251750
es_baseaxis_s0,1787561539,251750
es_baseaxis_s0,1787561549,251750
es_baseaxis_s0,1787561559,251750
es_baseaxis_s0,1787561569,251750
es_baseaxis_s0,1787561579,251750
es_baseaxis_s0,1787561589,251750
es_baseaxis_s0,1787561599,251750
es_baseaxis_s0,1787561609,251750
es_baseaxis_s0,1787561619,251750
es_baseaxis_s0,1787561629,251750
es_baseaxis_s0,1787561640,251750
es_baseaxis_s0,1787561650,251750
es_baseaxis_s0,1787561660,251750
es_baseaxis_s0,1787561670,251750
es_baseaxis_s0,1787561680,251750
es_baseaxis_s0,1787561690,251750
es_baseaxis_s0,1787561700,251750
es_baseaxis_s0,1787561710,251750
es_baseaxis_s0,1787561720,251750
es_baseaxis_s0,1787561730,251750
es_baseaxis_s0,1787561741,251750
es_baseaxis_s0,1787561751,251750
es_baseaxis_s0,1787561761,251750
es_baseaxis_s0,1787561771,251750
es_baseaxis_s0,1787561781,251750
es_baseaxis_s0,1787561791,251750
es_baseaxis_s0,1787561801,251750
es_baseaxis_s0,1787561811,251750
es_baseaxis_s0,1787561821,251750
es_baseaxis_s0,1787561831,251750
es_baseaxis_s0,1787561842,251750
es_baseaxis_s0,1787561852,251750
es_baseaxis_s0,1787561862,251750
es_baseaxis_s0,1787561872,251750
es_baseaxis_s0,1787561882,251750
es_baseaxis_s0,1787561892,251750
es_baseaxis_s0,1787561902,251750
es_baseaxis_s0,1787561912,251750
es_baseaxis_s0,1787561922,251750
es_baseaxis_s0,1787561932,251750
es_baseaxis_s0,1787561943,251750
es_baseaxis_s0,1787561953,251750
es_baseaxis_s0,1787561963,251750
es_baseaxis_s0,1787561973,251750
es_baseaxis_s0,1787561983,251750
es_baseaxis_s0,1787561993,251750
es_baseaxis_s0,1787562003,251750
es_baseaxis_s0,1787562013,251750
es_baseaxis_s0,1787562023,251750
es_baseaxis_s0,1787562033,251750
es_baseaxis_s0,1787562044,251750
es_baseaxis_s0,1787562054,251750
es_baseaxis_s0,1787562064,251750
es_baseaxis_s0,1787562074,251750
es_baseaxis_s0,1787562084,251750
es_baseaxis_s0,1787562094,251750
es_baseaxis_s0,1787562104,251750
es_baseaxis_s0,1787562114,251750
es_baseaxis_s0,1787562124,251750
es_baseaxis_s0,1787562134,251750
es_baseaxis_s0,1787562145,251750
es_baseaxis_s0,1787562155,251750
es_baseaxis_s0,1787562165,251750
es_baseaxis_s0,1787562175,251750
es_baseaxis_s0,1787562185,251750
es_baseaxis_s0,1787562195,251750
es_baseaxis_s0,1787562205,251750
es_baseaxis_s0,1787562215,251750
es_baseaxis_s0,1787562225,251750
es_baseaxis_s0,1787562235,251750
es_baseaxis_s0,1787562246,251750
es_baseaxis_s0,1787562256,251750
es_baseaxis_s0,1787562266,251750
es_baseaxis_s0,1787562276,251750
es_baseaxis_s0,1787562286,251750
es_baseaxis_s0,1787562296,251750
es_baseaxis_s0,1787562306,251750
es_baseaxis_s0,1787562316,251750
es_baseaxis_s0,1787562326,251750
es_baseaxis_s0,1787562336,251750
es_baseaxis_s0,1787562347,251750
es_baseaxis_s0,1787562357,251750
es_baseaxis_s0,1787562367,251750
es_baseaxis_s0,1787562377,251750
es_baseaxis_s0,1787562387,251750
es_baseaxis_s0,1787562397,251750
es_baseaxis_s0,1787562407,251750
es_baseaxis_s0,1787562417,251750
es_baseaxis_s0,1787562427,251750
es_baseaxis_s0,1787562437,251750
es_baseaxis_s0,1787562448,251750
es_baseaxis_s0,1787562458,251750
es_baseaxis_s0,1787562468,251750
es_baseaxis_s0,1787562478,251750
es_baseaxis_s0,1787562488,251750
es_baseaxis_s0,1787562498,251750
es_baseaxis_s0,1787562508,251750
es_baseaxis_s0,1787562518,251750
es_baseaxis_s0,1787562528,251750
es_baseaxis_s0,1787562538,251750
es_baseaxis_s0,1787562549,251750
es_baseaxis_s0,1787562559,251750
es_baseaxis_s0,1787562569,251750
es_baseaxis_s0,1787562579,251750
es_baseaxis_s0,1787562589,251750
es_baseaxis_s0,1787562599,251750
es_baseaxis_s0,1787562609,251750
es_baseaxis_s0,1787562619,251750
es_baseaxis_s0,1787562629,251750
es_baseaxis_s0,1787562639,251750
es_baseaxis_s0,1787562650,251750
es_baseaxis_s0,1787562660,251750
es_baseaxis_s0,1787562670,251750
es_baseaxis_s0,1787562680,251750
es_baseaxis_s0,1787562690,251750
es_baseaxis_s0,1787562700,251750
es_baseaxis_s0,1787562710,251750
es_baseaxis_s0,1787562720,251750
es_baseaxis_s0,1787562730,251750
es_baseaxis_s0,1787562740,251750
es_baseaxis_s0,1787562751,251750
es_baseaxis_s0,1787562761,251750
es_baseaxis_s0,1787562771,251750
es_baseaxis_s0,1787562781,251750
es_baseaxis_s0,1787562791,251750
es_baseaxis_s0,1787562801,251750
es_baseaxis_s0,1787562811,251750
es_baseaxis_s0,1787562821,251750
es_baseaxis_s0,1787562831,251750
es_baseaxis_s0,1787562841,251750
es_baseaxis_s0,1787562852,251750
es_baseaxis_s0,1787562862,251750
es_baseaxis_s0,1787562872,251750
es_baseaxis_s0,1787562882,251750
es_baseaxis_s0,1787562892,251750
es_baseaxis_s0,1787562902,251750
es_baseaxis_s0,1787562912,251750
es_baseaxis_s0,1787562922,251750
es_baseaxis_s0,1787562932,251750
es_baseaxis_s0,1787562942,251750
es_baseaxis_s0,1787562953,251750
es_baseaxis_s0,1787562963,251750
es_baseaxis_s0,1787562973,251750
es_baseaxis_s0,1787562983,251750
es_baseaxis_s0,1787562993,251750
es_baseaxis_s0,1787563003,251750
es_baseaxis_s0,1787563013,251750
es_baseaxis_s0,1787563023,251750
es_baseaxis_s0,1787563033,251750
es_baseaxis_s0,1787563043,251750
es_baseaxis_s0,1787563054,251750
es_baseaxis_s0,1787563064,251750
es_baseaxis_s0,1787563074,251750
es_baseaxis_s0,1787563084,251750
es_baseaxis_s0,1787563094,251750
es_baseaxis_s0,1787563104,251750
es_baseaxis_s0,1787563114,251750
es_baseaxis_s0,1787563124,251750
es_baseaxis_s0,1787563134,251750
es_baseaxis_s0,1787563144,251750
es_baseaxis_s0,1787563155,251750
es_baseaxis_s0,1787563165,251750
es_baseaxis_s0,1787563175,251750
es_baseaxis_s0,1787563185,251750
es_baseaxis_s0,1787563195,251750
es_baseaxis_s0,1787563205,251750
es_baseaxis_s0,1787563215,251750
es_baseaxis_s0,1787563225,251750
es_baseaxis_s0,1787563235,251750
es_baseaxis_s0,1787563245,251750
es_baseaxis_s0,1787563256,251750
es_baseaxis_s0,1787563266,251750
es_baseaxis_s0,1787563276,251750
es_baseaxis_s0,1787563286,251750
es_baseaxis_s0,1787563296,251750
es_baseaxis_s0,1787563306,251750
es_baseaxis_s0,1787563316,251750
es_baseaxis_s0,1787563326,251750
es_baseaxis_s0,1787563336,251750
es_baseaxis_s0,1787563346,251750
es_baseaxis_s0,1787563357,251750
es_baseaxis_s0,1787563367,251750
es_baseaxis_s0,1787563377,251750
es_baseaxis_s0,1787563387,251750
es_baseaxis_s0,1787563397,251750
es_baseaxis_s0,1787563407,251750
es_baseaxis_s0,1787563417,251750
es_baseaxis_s0,1787563427,251750
es_baseaxis_s0,1787563437,251750
es_baseaxis_s0,1787563447,251750
es_baseaxis_s0,1787563458,251750
es_baseaxis_s0,1787563468,251750
es_baseaxis_s0,1787563478,251750
es_baseaxis_s0,1787563488,251750
es_baseaxis_s0,1787563498,251750
es_baseaxis_s0,1787563508,251750
es_baseaxis_s0,1787563518,251750
es_baseaxis_s0,1787563528,251750
es_baseaxis_s0,1787563538,251750
es_baseaxis_s0,1787563548,251750
es_baseaxis_s0,1787563559,251750
es_baseaxis_s0,1787563569,251750
es_baseaxis_s0,1787563579,251750
es_baseaxis_s0,1787563589,251750
es_baseaxis_s0,1787563599,251750
es_baseaxis_s0,1787563609,251750
es_baseaxis_s0,1787563619,251750
es_baseaxis_s0,1787563629,251750
es_baseaxis_s0,1787563639,251750
es_baseaxis_s0,1787563649,251750
es_baseaxis_s0,1787563660,251750
es_baseaxis_s0,1787563670,251750
es_baseaxis_s0,1787563680,251750
es_baseaxis_s0,1787563690,251750
es_baseaxis_s0,1787563700,251750
es_baseaxis_s0,1787563710,251750
es_baseaxis_s0,1787563720,251750
es_baseaxis_s0,1787563730,251750
es_baseaxis_s0,1787563740,251750
es_baseaxis_s0,1787563750,251750
es_baseaxis_s0,1787563761,251750
es_baseaxis_s0,1787563771,251750
es_baseaxis_s0,1787563781,251750
es_baseaxis_s0,1787563791,251750
es_baseaxis_s0,1787563801,251750
es_baseaxis_s0,1787563811,251750
es_baseaxis_s0,1787563821,251750
es_baseaxis_s0,1787563831,251750
es_baseaxis_s0,1787563841,251750
es_baseaxis_s0,1787563851,251750
es_baseaxis_s0,1787563862,251750
es_baseaxis_s0,1787563872,251750
es_baseaxis_s0,1787563882,251750
es_baseaxis_s0,1787563892,251750
es_baseaxis_s0,1787563902,251750
es_baseaxis_s0,1787563912,251750
es_baseaxis_s0,1787563922,251750
es_baseaxis_s0,1787563932,251750
es_baseaxis_s0,1787563942,251750
es_baseaxis_s0,1787563952,251750
es_baseaxis_s0,1787563963,251750
es_baseaxis_s0,1787563973,251750
es_baseaxis_s0,1787563983,251750
es_baseaxis_s0,1787563993,251750
es_baseaxis_s0,1787564003,251750
es_baseaxis_s0,1787564013,251750
es_baseaxis_s0,1787564023,251750
es_baseaxis_s0,1787564033,251750
es_baseaxis_s0,1787564043,251750
es_baseaxis_s0,1787564053,251750
es_baseaxis_s0,1787564064,251750
es_baseaxis_s0,1787564074,251750
es_baseaxis_s0,1787564084,251750
es_baseaxis_s0,1787564094,251750
es_baseaxis_s0,1787564104,251750
es_baseaxis_s0,1787564114,251750
es_baseaxis_s0,1787564124,251750
es_baseaxis_s0,1787564134,251750
es_baseaxis_s0,1787564144,251750
es_baseaxis_s0,1787564154,251750
es_baseaxis_s0,1787564165,251750
es_baseaxis_s0,1787564175,251750
es_baseaxis_s0,1787564185,251750
es_baseaxis_s0,1787564195,251750
es_baseaxis_s0,1787564205,251750
es_baseaxis_s0,1787564215,251750
es_baseaxis_s0,1787564225,251750
es_baseaxis_s0,1787564235,251750
es_baseaxis_s0,1787564245,251750
es_baseaxis_s0,1787564255,251750
es_baseaxis_s0,1787564266,251750
es_baseaxis_s0,1787564276,251750
es_baseaxis_s0,1787564286,251750
es_baseaxis_s0,1787564296,251750
es_baseaxis_s0,1787564306,251750
es_baseaxis_s0,1787564316,251750
es_baseaxis_s0,1787564326,251750
es_baseaxis_s0,1787564336,251750
es_baseaxis_s0,1787564346,251750
es_baseaxis_s0,1787564356,251750
es_baseaxis_s0,1787564367,251750
es_baseaxis_s0,1787564377,251750
es_baseaxis_s0,1787564387,251750
es_baseaxis_s0,1787564397,251750
es_baseaxis_s0,1787564407,251750
es_baseaxis_s0,1787564417,251750
es_baseaxis_s0,1787564427,251750
es_baseaxis_s0,1787564437,251750
es_baseaxis_s0,1787564447,251750
es_baseaxis_s0,1787564457,251750
es_baseaxis_s0,1787564467,251750
es_baseaxis_s0,1787564478,251750
es_baseaxis_s0,1787564488,251750
es_baseaxis_s0,1787564498,251750
es_baseaxis_s0,1787564508,251750
es_baseaxis_s0,1787564518,251750
es_baseaxis_s0,1787564528,251750
es_baseaxis_s0,1787564538,251750
es_baseaxis_s0,1787564548,251750
es_baseaxis_s0,1787564558,251750
es_baseaxis_s0,1787564568,251750
es_baseaxis_s0,1787564579,251750
es_baseaxis_s0,1787564589,251750
es_baseaxis_s0,1787564599,251750
es_baseaxis_s0,1787564609,251750
es_baseaxis_s0,1787564619,251750
es_baseaxis_s0,1787564629,251750
es_baseaxis_s0,1787564639,251750
es_baseaxis_s0,1787564649,251750
es_baseaxis_s0,1787564659,251750
es_baseaxis_s0,1787564669,251750
es_baseaxis_s0,1787564680,251750
es_baseaxis_s0,1787564690,251750
es_baseaxis_s0,1787564700,251750
es_baseaxis_s0,1787564710,251750
es_baseaxis_s0,1787564720,251750
es_baseaxis_s0,1787564730,251750
es_baseaxis_s0,1787564740,251750
es_baseaxis_s0,1787564750,251750
es_baseaxis_s0,1787564760,251750
es_baseaxis_s0,1787564770,251750
es_baseaxis_s0,1787564781,251750
es_baseaxis_s0,1787564791,251750
es_baseaxis_s0,1787564801,251750
es_baseaxis_s0,1787564811,251750
es_baseaxis_s0,1787564821,251750
es_baseaxis_s0,1787564831,251750
es_baseaxis_s0,1787564841,251750
es_baseaxis_s0,1787564851,251750
es_baseaxis_s0,1787564861,251750
es_baseaxis_s0,1787564871,251750
es_baseaxis_s0,1787564882,251750
es_baseaxis_s0,1787564892,251750
es_baseaxis_s0,1787564902,251750
es_baseaxis_s0,1787564912,251750
es_baseaxis_s0,1787564922,251750
es_baseaxis_s0,1787564932,251750
es_baseaxis_s0,1787564942,251750
es_baseaxis_s0,1787564952,251750
es_baseaxis_s0,1787564962,251750
es_baseaxis_s0,1787564972,251750
es_baseaxis_s0,1787564983,251750
es_baseaxis_s0,1787564993,251750
es_baseaxis_s0,1787565003,251750
es_baseaxis_s0,1787565013,251750
es_baseaxis_s0,1787565023,251750
es_baseaxis_s0,1787565033,251750
es_baseaxis_s0,1787565043,251750
es_baseaxis_s0,1787565053,251750
es_baseaxis_s0,1787565063,251750
es_baseaxis_s0,1787565073,251750
es_baseaxis_s0,1787565084,251750
es_baseaxis_s0,1787565094,251750
es_baseaxis_s0,1787565104,251750
es_baseaxis_s0,1787565114,251750
es_baseaxis_s0,1787565124,251750
es_baseaxis_s0,1787565134,251750
es_baseaxis_s0,1787565144,251750
es_baseaxis_s0,1787565154,251750
es_baseaxis_s0,1787565164,251750
es_baseaxis_s0,1787565174,251750
es_baseaxis_s0,1787565185,251750
es_baseaxis_s0,1787565190,251750
es_baseaxis_s0,1787565191,251538
