/home/hyin66/micromamba/envs/verl/lib/python3.10/site-packages/verl/workers/engine/mindspeed/transformer_impl.py:24: UserWarning: NPU not support router replay for now.
  from verl.utils.megatron.router_replay_patch import RouterReplay
/home/hyin66/micromamba/envs/verl/lib/python3.10/site-packages/verl/trainer/main_ppo.py:380: FutureWarning: Warning: Function '__main__.main' is deprecated. Please use 'main_ppo.py is deprecated, and wil be replaced by main_ppo_sync.py in v0.8.0, please use main_ppo_sync.py instead.' instead.
  main()
2026-08-24 20:37:35,284	INFO worker.py:2015 -- Started a local Ray instance. View the dashboard at [1m[32m127.0.0.1:8265 [39m[22m
[36m(pid=978523)[0m /home/hyin66/micromamba/envs/verl/lib/python3.10/site-packages/verl/workers/engine/mindspeed/transformer_impl.py:24: UserWarning: NPU not support router replay for now.
[36m(pid=978523)[0m   from verl.utils.megatron.router_replay_patch import RouterReplay
ray init kwargs: {'num_cpus': None, 'runtime_env': {'env_vars': {'TOKENIZERS_PARALLELISM': 'true', 'NCCL_DEBUG': 'WARN', 'VLLM_ALLOW_RUNTIME_LORA_UPDATING': 'true', 'CUDA_DEVICE_MAX_CONNECTIONS': '1', 'VLLM_DISABLE_COMPILE_CACHE': '1', 'HCCL_HOST_SOCKET_PORT_RANGE': 'auto', 'HCCL_NPU_SOCKET_PORT_RANGE': 'auto', 'HSA_NO_SCRATCH_RECLAIM': '1'}, 'working_dir': None}}
[36m(TaskRunner pid=978523)[0m TaskRunner hostname: hyin66-h200-01-0, PID: 978523
[36m(TaskRunner pid=978523)[0m {'actor_rollout_ref': {'actor': {'_target_': 'verl.workers.config.FSDPActorConfig',
[36m(TaskRunner pid=978523)[0m                                  'calculate_entropy': False,
[36m(TaskRunner pid=978523)[0m                                  'calculate_sum_pi_squared': False,
[36m(TaskRunner pid=978523)[0m                                  'checkpoint': {'_target_': 'verl.trainer.config.CheckpointConfig',
[36m(TaskRunner pid=978523)[0m                                                 'async_save': False,
[36m(TaskRunner pid=978523)[0m                                                 'load_contents': ['model'],
[36m(TaskRunner pid=978523)[0m                                                 'mbridge_config': {},
[36m(TaskRunner pid=978523)[0m                                                 'save_contents': ['model'],
[36m(TaskRunner pid=978523)[0m                                                 'strict': True},
[36m(TaskRunner pid=978523)[0m                                  'clip_ratio': 0.2,
[36m(TaskRunner pid=978523)[0m                                  'clip_ratio_c': 3.0,
[36m(TaskRunner pid=978523)[0m                                  'clip_ratio_high': 0.2,
[36m(TaskRunner pid=978523)[0m                                  'clip_ratio_low': 0.2,
[36m(TaskRunner pid=978523)[0m                                  'data_loader_seed': 42,
[36m(TaskRunner pid=978523)[0m                                  'entropy_checkpointing': False,
[36m(TaskRunner pid=978523)[0m                                  'entropy_coeff': 0,
[36m(TaskRunner pid=978523)[0m                                  'entropy_from_logits_with_chunking': False,
[36m(TaskRunner pid=978523)[0m                                  'freeze_vision_tower': False,
[36m(TaskRunner pid=978523)[0m                                  'fsdp_config': {'_target_': 'verl.workers.config.FSDPEngineConfig',
[36m(TaskRunner pid=978523)[0m                                                  'dtype': 'bfloat16',
[36m(TaskRunner pid=978523)[0m                                                  'entropy_checkpointing': False,
[36m(TaskRunner pid=978523)[0m                                                  'entropy_from_logits_with_chunking': False,
[36m(TaskRunner pid=978523)[0m                                                  'forward_only': False,
[36m(TaskRunner pid=978523)[0m                                                  'forward_prefetch': False,
[36m(TaskRunner pid=978523)[0m                                                  'fsdp_size': -1,
[36m(TaskRunner pid=978523)[0m                                                  'full_determinism': False,
[36m(TaskRunner pid=978523)[0m                                                  'model_dtype': 'fp32',
[36m(TaskRunner pid=978523)[0m                                                  'offload_policy': False,
[36m(TaskRunner pid=978523)[0m                                                  'optimizer_offload': False,
[36m(TaskRunner pid=978523)[0m                                                  'param_offload': False,
[36m(TaskRunner pid=978523)[0m                                                  'qat': {'_target_': 'verl.workers.config.QATEngineConfig',
[36m(TaskRunner pid=978523)[0m                                                          'activation_observer': 'static_minmax',
[36m(TaskRunner pid=978523)[0m                                                          'enable': False,
[36m(TaskRunner pid=978523)[0m                                                          'group_size': 16,
[36m(TaskRunner pid=978523)[0m                                                          'ignore_patterns': ['lm_head',
[36m(TaskRunner pid=978523)[0m                                                                              'embed_tokens',
[36m(TaskRunner pid=978523)[0m                                                                              're:.*mlp.gate$'],
[36m(TaskRunner pid=978523)[0m                                                          'mode': 'w4a16',
[36m(TaskRunner pid=978523)[0m                                                          'quantization_config_path': None},
[36m(TaskRunner pid=978523)[0m                                                  'reshard_after_forward': True,
[36m(TaskRunner pid=978523)[0m                                                  'seed': 42,
[36m(TaskRunner pid=978523)[0m                                                  'strategy': 'fsdp',
[36m(TaskRunner pid=978523)[0m                                                  'ulysses_sequence_parallel_size': 1,
[36m(TaskRunner pid=978523)[0m                                                  'use_orig_params': False,
[36m(TaskRunner pid=978523)[0m                                                  'use_torch_compile': True,
[36m(TaskRunner pid=978523)[0m                                                  'wrap_policy': {'min_num_params': 0}},
[36m(TaskRunner pid=978523)[0m                                  'grad_clip': 1.0,
[36m(TaskRunner pid=978523)[0m                                  'kl_loss_coef': 0.001,
[36m(TaskRunner pid=978523)[0m                                  'kl_loss_type': 'low_var_kl',
[36m(TaskRunner pid=978523)[0m                                  'loss_agg_mode': 'token-mean',
[36m(TaskRunner pid=978523)[0m                                  'loss_scale_factor': None,
[36m(TaskRunner pid=978523)[0m                                  'optim': {'_target_': 'verl.workers.config.FSDPOptimizerConfig',
[36m(TaskRunner pid=978523)[0m                                            'betas': [0.9, 0.999],
[36m(TaskRunner pid=978523)[0m                                            'clip_grad': 1.0,
[36m(TaskRunner pid=978523)[0m                                            'lr': 1e-06,
[36m(TaskRunner pid=978523)[0m                                            'lr_scheduler_type': 'constant',
[36m(TaskRunner pid=978523)[0m                                            'lr_warmup_steps': -1,
[36m(TaskRunner pid=978523)[0m                                            'lr_warmup_steps_ratio': 0.0,
[36m(TaskRunner pid=978523)[0m                                            'min_lr_ratio': 0.0,
[36m(TaskRunner pid=978523)[0m                                            'num_cycles': 0.5,
[36m(TaskRunner pid=978523)[0m                                            'optimizer': 'AdamW',
[36m(TaskRunner pid=978523)[0m                                            'optimizer_impl': 'torch.optim',
[36m(TaskRunner pid=978523)[0m                                            'override_optimizer_config': None,
[36m(TaskRunner pid=978523)[0m                                            'total_training_steps': -1,
[36m(TaskRunner pid=978523)[0m                                            'warmup_style': None,
[36m(TaskRunner pid=978523)[0m                                            'weight_decay': 0.01,
[36m(TaskRunner pid=978523)[0m                                            'zero_indexed_step': True},
[36m(TaskRunner pid=978523)[0m                                  'policy_loss': {'_target_': 'verl.workers.config.PolicyLossConfig',
[36m(TaskRunner pid=978523)[0m                                                  'clip_cov_lb': 1.0,
[36m(TaskRunner pid=978523)[0m                                                  'clip_cov_ratio': 0.0002,
[36m(TaskRunner pid=978523)[0m                                                  'clip_cov_ub': 5.0,
[36m(TaskRunner pid=978523)[0m                                                  'kl_cov_ratio': 0.0002,
[36m(TaskRunner pid=978523)[0m                                                  'loss_mode': 'vanilla',
[36m(TaskRunner pid=978523)[0m                                                  'ppo_kl_coef': 0.1},
[36m(TaskRunner pid=978523)[0m                                  'ppo_epochs': 1,
[36m(TaskRunner pid=978523)[0m                                  'ppo_max_token_len_per_gpu': 16384,
[36m(TaskRunner pid=978523)[0m                                  'ppo_micro_batch_size': None,
[36m(TaskRunner pid=978523)[0m                                  'ppo_micro_batch_size_per_gpu': 2,
[36m(TaskRunner pid=978523)[0m                                  'ppo_mini_batch_size': 64,
[36m(TaskRunner pid=978523)[0m                                  'profiler': {'_target_': 'verl.utils.profiler.ProfilerConfig',
[36m(TaskRunner pid=978523)[0m                                               'all_ranks': False,
[36m(TaskRunner pid=978523)[0m                                               'enable': False,
[36m(TaskRunner pid=978523)[0m                                               'ranks': [],
[36m(TaskRunner pid=978523)[0m                                               'save_path': 'outputs/profile',
[36m(TaskRunner pid=978523)[0m                                               'tool': None,
[36m(TaskRunner pid=978523)[0m                                               'tool_config': {'npu': {'_target_': 'verl.utils.profiler.config.NPUToolConfig',
[36m(TaskRunner pid=978523)[0m                                                                       'analysis': True,
[36m(TaskRunner pid=978523)[0m                                                                       'contents': [],
[36m(TaskRunner pid=978523)[0m                                                                       'discrete': False,
[36m(TaskRunner pid=978523)[0m                                                                       'level': 'level0'},
[36m(TaskRunner pid=978523)[0m                                                               'nsys': {'_target_': 'verl.utils.profiler.config.NsightToolConfig',
[36m(TaskRunner pid=978523)[0m                                                                        'discrete': False},
[36m(TaskRunner pid=978523)[0m                                                               'precision_debugger': {'_target_': 'verl.utils.profiler.config.PrecisionDebuggerToolConfig',
[36m(TaskRunner pid=978523)[0m                                                                                      'config_path': None,
[36m(TaskRunner pid=978523)[0m                                                                                      'stages': None,
[36m(TaskRunner pid=978523)[0m                                                                                      'steps': None,
[36m(TaskRunner pid=978523)[0m                                                                                      'strict': False},
[36m(TaskRunner pid=978523)[0m                                                               'torch': {'_target_': 'verl.utils.profiler.config.TorchProfilerToolConfig',
[36m(TaskRunner pid=978523)[0m                                                                         'contents': [],
[36m(TaskRunner pid=978523)[0m                                                                         'discrete': False},
[36m(TaskRunner pid=978523)[0m                                                               'torch_memory': {'_target_': 'verl.utils.profiler.config.TorchMemoryToolConfig',
[36m(TaskRunner pid=978523)[0m                                                                                'stack_depth': 32,
[36m(TaskRunner pid=978523)[0m                                                                                'trace_alloc_max_entries': 100000}}},
[36m(TaskRunner pid=978523)[0m                                  'qat': {'activation_observer': 'static_minmax',
[36m(TaskRunner pid=978523)[0m                                          'enable': False,
[36m(TaskRunner pid=978523)[0m                                          'group_size': 16,
[36m(TaskRunner pid=978523)[0m                                          'ignore_patterns': ['lm_head',
[36m(TaskRunner pid=978523)[0m                                                              'embed_tokens',
[36m(TaskRunner pid=978523)[0m                                                              're:.*mlp.gate$'],
[36m(TaskRunner pid=978523)[0m                                          'mode': 'w4a16',
[36m(TaskRunner pid=978523)[0m                                          'quantization_config_path': None},
[36m(TaskRunner pid=978523)[0m                                  'rollout_n': 8,
[36m(TaskRunner pid=978523)[0m                                  'router_replay': {'_target_': 'verl.workers.config.RouterReplayConfig',
[36m(TaskRunner pid=978523)[0m                                                    'mode': 'disabled',
[36m(TaskRunner pid=978523)[0m                                                    'record_file': None,
[36m(TaskRunner pid=978523)[0m                                                    'replay_file': None},
[36m(TaskRunner pid=978523)[0m                                  'shuffle': False,
[36m(TaskRunner pid=978523)[0m                                  'strategy': 'fsdp',
[36m(TaskRunner pid=978523)[0m                                  'tau_neg': 1.05,
[36m(TaskRunner pid=978523)[0m                                  'tau_pos': 1.0,
[36m(TaskRunner pid=978523)[0m                                  'ulysses_sequence_parallel_size': 1,
[36m(TaskRunner pid=978523)[0m                                  'use_dynamic_bsz': False,
[36m(TaskRunner pid=978523)[0m                                  'use_fused_kernels': False,
[36m(TaskRunner pid=978523)[0m                                  'use_kl_loss': True,
[36m(TaskRunner pid=978523)[0m                                  'use_prefix_grouper': False,
[36m(TaskRunner pid=978523)[0m                                  'use_remove_padding': True,
[36m(TaskRunner pid=978523)[0m                                  'use_torch_compile': True},
[36m(TaskRunner pid=978523)[0m                        'hybrid_engine': True,
[36m(TaskRunner pid=978523)[0m                        'model': {'_target_': 'verl.workers.config.HFModelConfig',
[36m(TaskRunner pid=978523)[0m                                  'custom_chat_template': None,
[36m(TaskRunner pid=978523)[0m                                  'enable_activation_offload': False,
[36m(TaskRunner pid=978523)[0m                                  'enable_gradient_checkpointing': True,
[36m(TaskRunner pid=978523)[0m                                  'exclude_modules': None,
[36m(TaskRunner pid=978523)[0m                                  'external_lib': None,
[36m(TaskRunner pid=978523)[0m                                  'fused_kernel_options': {'impl_backend': 'torch'},
[36m(TaskRunner pid=978523)[0m                                  'hf_config_path': None,
[36m(TaskRunner pid=978523)[0m                                  'lora': {'a2a_experimental': False,
[36m(TaskRunner pid=978523)[0m                                           'adapter_path': None,
[36m(TaskRunner pid=978523)[0m                                           'alpha': 32,
[36m(TaskRunner pid=978523)[0m                                           'dropout': 0.0,
[36m(TaskRunner pid=978523)[0m                                           'dropout_position': 'pre',
[36m(TaskRunner pid=978523)[0m                                           'dtype': None,
[36m(TaskRunner pid=978523)[0m                                           'exclude_modules': [],
[36m(TaskRunner pid=978523)[0m                                           'freeze_language_model': True,
[36m(TaskRunner pid=978523)[0m                                           'freeze_vision_model': True,
[36m(TaskRunner pid=978523)[0m                                           'freeze_vision_projection': True,
[36m(TaskRunner pid=978523)[0m                                           'lora_A_init_method': 'xavier',
[36m(TaskRunner pid=978523)[0m                                           'lora_B_init_method': 'zero',
[36m(TaskRunner pid=978523)[0m                                           'merge': False,
[36m(TaskRunner pid=978523)[0m                                           'rank': 0,
[36m(TaskRunner pid=978523)[0m                                           'target_modules': ['linear_qkv',
[36m(TaskRunner pid=978523)[0m                                                              'linear_proj',
[36m(TaskRunner pid=978523)[0m                                                              'linear_fc1',
[36m(TaskRunner pid=978523)[0m                                                              'linear_fc2'],
[36m(TaskRunner pid=978523)[0m                                           'type': 'lora'},
[36m(TaskRunner pid=978523)[0m                                  'lora_adapter_path': None,
[36m(TaskRunner pid=978523)[0m                                  'lora_alpha': 16,
[36m(TaskRunner pid=978523)[0m                                  'lora_rank': 0,
[36m(TaskRunner pid=978523)[0m                                  'mtp': {'_target_': 'verl.workers.config.MtpConfig',
[36m(TaskRunner pid=978523)[0m                                          'detach_encoder': False,
[36m(TaskRunner pid=978523)[0m                                          'enable': False,
[36m(TaskRunner pid=978523)[0m                                          'enable_rollout': False,
[36m(TaskRunner pid=978523)[0m                                          'enable_train': False,
[36m(TaskRunner pid=978523)[0m                                          'method': 'mtp',
[36m(TaskRunner pid=978523)[0m                                          'mtp_loss_scaling_factor': 0.1,
[36m(TaskRunner pid=978523)[0m                                          'num_speculative_tokens': 1,
[36m(TaskRunner pid=978523)[0m                                          'speculative_algorithm': 'EAGLE',
[36m(TaskRunner pid=978523)[0m                                          'speculative_eagle_topk': 1,
[36m(TaskRunner pid=978523)[0m                                          'speculative_num_draft_tokens': 4,
[36m(TaskRunner pid=978523)[0m                                          'speculative_num_steps': 3},
[36m(TaskRunner pid=978523)[0m                                  'override_config': {},
[36m(TaskRunner pid=978523)[0m                                  'path': '/tmp/rawtmpl_Qwen2.5-7B-Instruct',
[36m(TaskRunner pid=978523)[0m                                  'target_modules': 'all-linear',
[36m(TaskRunner pid=978523)[0m                                  'tiled_mlp': {'enabled': False,
[36m(TaskRunner pid=978523)[0m                                                'num_shards': 4},
[36m(TaskRunner pid=978523)[0m                                  'tokenizer_path': None,
[36m(TaskRunner pid=978523)[0m                                  'trust_remote_code': False,
[36m(TaskRunner pid=978523)[0m                                  'use_fused_kernels': False,
[36m(TaskRunner pid=978523)[0m                                  'use_liger': False,
[36m(TaskRunner pid=978523)[0m                                  'use_remove_padding': True,
[36m(TaskRunner pid=978523)[0m                                  'use_shm': False},
[36m(TaskRunner pid=978523)[0m                        'nccl_timeout': 600,
[36m(TaskRunner pid=978523)[0m                        'ref': {'_target_': 'verl.workers.config.FSDPActorConfig',
[36m(TaskRunner pid=978523)[0m                                'entropy_checkpointing': False,
[36m(TaskRunner pid=978523)[0m                                'entropy_from_logits_with_chunking': False,
[36m(TaskRunner pid=978523)[0m                                'fsdp_config': {'_target_': 'verl.workers.config.FSDPEngineConfig',
[36m(TaskRunner pid=978523)[0m                                                'dtype': 'bfloat16',
[36m(TaskRunner pid=978523)[0m                                                'entropy_checkpointing': False,
[36m(TaskRunner pid=978523)[0m                                                'entropy_from_logits_with_chunking': False,
[36m(TaskRunner pid=978523)[0m                                                'forward_only': True,
[36m(TaskRunner pid=978523)[0m                                                'forward_prefetch': False,
[36m(TaskRunner pid=978523)[0m                                                'fsdp_size': -1,
[36m(TaskRunner pid=978523)[0m                                                'full_determinism': False,
[36m(TaskRunner pid=978523)[0m                                                'model_dtype': 'fp32',
[36m(TaskRunner pid=978523)[0m                                                'offload_policy': False,
[36m(TaskRunner pid=978523)[0m                                                'optimizer_offload': False,
[36m(TaskRunner pid=978523)[0m                                                'param_offload': False,
[36m(TaskRunner pid=978523)[0m                                                'qat': {'_target_': 'verl.workers.config.QATEngineConfig',
[36m(TaskRunner pid=978523)[0m                                                        'activation_observer': 'static_minmax',
[36m(TaskRunner pid=978523)[0m                                                        'enable': False,
[36m(TaskRunner pid=978523)[0m                                                        'group_size': 16,
[36m(TaskRunner pid=978523)[0m                                                        'ignore_patterns': ['lm_head',
[36m(TaskRunner pid=978523)[0m                                                                            'embed_tokens',
[36m(TaskRunner pid=978523)[0m                                                                            're:.*mlp.gate$'],
[36m(TaskRunner pid=978523)[0m                                                        'mode': 'w4a16',
[36m(TaskRunner pid=978523)[0m                                                        'quantization_config_path': None},
[36m(TaskRunner pid=978523)[0m                                                'reshard_after_forward': True,
[36m(TaskRunner pid=978523)[0m                                                'seed': 42,
[36m(TaskRunner pid=978523)[0m                                                'strategy': 'fsdp',
[36m(TaskRunner pid=978523)[0m                                                'ulysses_sequence_parallel_size': 1,
[36m(TaskRunner pid=978523)[0m                                                'use_orig_params': False,
[36m(TaskRunner pid=978523)[0m                                                'use_torch_compile': True,
[36m(TaskRunner pid=978523)[0m                                                'wrap_policy': {'min_num_params': 0}},
[36m(TaskRunner pid=978523)[0m                                'log_prob_max_token_len_per_gpu': 16384,
[36m(TaskRunner pid=978523)[0m                                'log_prob_micro_batch_size': None,
[36m(TaskRunner pid=978523)[0m                                'log_prob_micro_batch_size_per_gpu': 2,
[36m(TaskRunner pid=978523)[0m                                'log_prob_use_dynamic_bsz': False,
[36m(TaskRunner pid=978523)[0m                                'profiler': {'_target_': 'verl.utils.profiler.ProfilerConfig',
[36m(TaskRunner pid=978523)[0m                                             'all_ranks': False,
[36m(TaskRunner pid=978523)[0m                                             'enable': False,
[36m(TaskRunner pid=978523)[0m                                             'ranks': [],
[36m(TaskRunner pid=978523)[0m                                             'save_path': 'outputs/profile',
[36m(TaskRunner pid=978523)[0m                                             'tool': None,
[36m(TaskRunner pid=978523)[0m                                             'tool_config': {'npu': {'_target_': 'verl.utils.profiler.config.NPUToolConfig',
[36m(TaskRunner pid=978523)[0m                                                                     'analysis': True,
[36m(TaskRunner pid=978523)[0m                                                                     'contents': [],
[36m(TaskRunner pid=978523)[0m                                                                     'discrete': False,
[36m(TaskRunner pid=978523)[0m                                                                     'level': 'level0'},
[36m(TaskRunner pid=978523)[0m                                                             'nsys': {'_target_': 'verl.utils.profiler.config.NsightToolConfig',
[36m(TaskRunner pid=978523)[0m                                                                      'discrete': False},
[36m(TaskRunner pid=978523)[0m                                                             'precision_debugger': {'_target_': 'verl.utils.profiler.config.PrecisionDebuggerToolConfig',
[36m(TaskRunner pid=978523)[0m                                                                                    'config_path': None,
[36m(TaskRunner pid=978523)[0m                                                                                    'stages': None,
[36m(TaskRunner pid=978523)[0m                                                                                    'steps': None,
[36m(TaskRunner pid=978523)[0m                                                                                    'strict': False},
[36m(TaskRunner pid=978523)[0m                                                             'torch': {'_target_': 'verl.utils.profiler.config.TorchProfilerToolConfig',
[36m(TaskRunner pid=978523)[0m                                                                       'contents': [],
[36m(TaskRunner pid=978523)[0m                                                                       'discrete': False},
[36m(TaskRunner pid=978523)[0m                                                             'torch_memory': {'_target_': 'verl.utils.profiler.config.TorchMemoryToolConfig',
[36m(TaskRunner pid=978523)[0m                                                                              'stack_depth': 32,
[36m(TaskRunner pid=978523)[0m                                                                              'trace_alloc_max_entries': 100000}}},
[36m(TaskRunner pid=978523)[0m                                'rollout_n': 8,
[36m(TaskRunner pid=978523)[0m                                'router_replay': {'_target_': 'verl.workers.config.RouterReplayConfig',
[36m(TaskRunner pid=978523)[0m                                                  'mode': 'disabled',
[36m(TaskRunner pid=978523)[0m                                                  'record_file': None,
[36m(TaskRunner pid=978523)[0m                                                  'replay_file': None},
[36m(TaskRunner pid=978523)[0m                                'strategy': 'fsdp',
[36m(TaskRunner pid=978523)[0m                                'ulysses_sequence_parallel_size': 1,
[36m(TaskRunner pid=978523)[0m                                'use_torch_compile': True},
[36m(TaskRunner pid=978523)[0m                        'rollout': {'_target_': 'verl.workers.config.RolloutConfig',
[36m(TaskRunner pid=978523)[0m                                    'agent': {'_target_': 'verl.workers.config.AgentLoopConfig',
[36m(TaskRunner pid=978523)[0m                                              'agent_loop_config_path': None,
[36m(TaskRunner pid=978523)[0m                                              'custom_async_server': {'_target_': 'verl.workers.config.CustomAsyncServerConfig',
[36m(TaskRunner pid=978523)[0m                                                                      'name': None,
[36m(TaskRunner pid=978523)[0m                                                                      'path': None},
[36m(TaskRunner pid=978523)[0m                                              'default_agent_loop': 'single_turn_agent',
[36m(TaskRunner pid=978523)[0m                                              'num_workers': 8},
[36m(TaskRunner pid=978523)[0m                                    'calculate_log_probs': False,
[36m(TaskRunner pid=978523)[0m                                    'checkpoint_engine': {'_target_': 'verl.workers.config.CheckpointEngineConfig',
[36m(TaskRunner pid=978523)[0m                                                          'backend': 'naive',
[36m(TaskRunner pid=978523)[0m                                                          'custom_backend_module': None,
[36m(TaskRunner pid=978523)[0m                                                          'engine_kwargs': {},
[36m(TaskRunner pid=978523)[0m                                                          'update_weights_bucket_megabytes': 2048},
[36m(TaskRunner pid=978523)[0m                                    'cudagraph_capture_sizes': None,
[36m(TaskRunner pid=978523)[0m                                    'data_parallel_size': 1,
[36m(TaskRunner pid=978523)[0m                                    'disable_log_stats': True,
[36m(TaskRunner pid=978523)[0m                                    'disaggregation': {'bootstrap_port': None,
[36m(TaskRunner pid=978523)[0m                                                       'decode_replicas': 1,
[36m(TaskRunner pid=978523)[0m                                                       'decode_tensor_model_parallel_size': None,
[36m(TaskRunner pid=978523)[0m                                                       'enabled': False,
[36m(TaskRunner pid=978523)[0m                                                       'ib_device': None,
[36m(TaskRunner pid=978523)[0m                                                       'prefill_replicas': 1,
[36m(TaskRunner pid=978523)[0m                                                       'transfer_backend': 'nixl'},
[36m(TaskRunner pid=978523)[0m                                    'do_sample': True,
[36m(TaskRunner pid=978523)[0m                                    'dtype': 'bfloat16',
[36m(TaskRunner pid=978523)[0m                                    'enable_chunked_prefill': True,
[36m(TaskRunner pid=978523)[0m                                    'enable_prefix_caching': True,
[36m(TaskRunner pid=978523)[0m                                    'enable_rollout_routing_replay': False,
[36m(TaskRunner pid=978523)[0m                                    'enforce_eager': False,
[36m(TaskRunner pid=978523)[0m                                    'engine_kwargs': {'sglang': {},
[36m(TaskRunner pid=978523)[0m                                                      'trtllm': {},
[36m(TaskRunner pid=978523)[0m                                                      'vllm': {}},
[36m(TaskRunner pid=978523)[0m                                    'expert_parallel_size': 1,
[36m(TaskRunner pid=978523)[0m                                    'free_cache_engine': True,
[36m(TaskRunner pid=978523)[0m                                    'gpu_memory_utilization': 0.5,
[36m(TaskRunner pid=978523)[0m                                    'ignore_eos': False,
[36m(TaskRunner pid=978523)[0m                                    'layered_summon': False,
[36m(TaskRunner pid=978523)[0m                                    'load_format': 'dummy',
[36m(TaskRunner pid=978523)[0m                                    'log_prob_max_token_len_per_gpu': 16384,
[36m(TaskRunner pid=978523)[0m                                    'log_prob_micro_batch_size': None,
[36m(TaskRunner pid=978523)[0m                                    'log_prob_micro_batch_size_per_gpu': 2,
[36m(TaskRunner pid=978523)[0m                                    'log_prob_use_dynamic_bsz': False,
[36m(TaskRunner pid=978523)[0m                                    'logprobs_mode': 'processed_logprobs',
[36m(TaskRunner pid=978523)[0m                                    'max_model_len': None,
[36m(TaskRunner pid=978523)[0m                                    'max_num_batched_tokens': 8192,
[36m(TaskRunner pid=978523)[0m                                    'max_num_seqs': 1024,
[36m(TaskRunner pid=978523)[0m                                    'mode': 'async',
[36m(TaskRunner pid=978523)[0m                                    'mtp': {'_target_': 'verl.workers.config.MtpConfig',
[36m(TaskRunner pid=978523)[0m                                            'detach_encoder': False,
[36m(TaskRunner pid=978523)[0m                                            'enable': False,
[36m(TaskRunner pid=978523)[0m                                            'enable_rollout': False,
[36m(TaskRunner pid=978523)[0m                                            'enable_train': False,
[36m(TaskRunner pid=978523)[0m                                            'method': 'mtp',
[36m(TaskRunner pid=978523)[0m                                            'mtp_loss_scaling_factor': 0.1,
[36m(TaskRunner pid=978523)[0m                                            'num_speculative_tokens': 1,
[36m(TaskRunner pid=978523)[0m                                            'speculative_algorithm': 'EAGLE',
[36m(TaskRunner pid=978523)[0m                                            'speculative_eagle_topk': 1,
[36m(TaskRunner pid=978523)[0m                                            'speculative_num_draft_tokens': 4,
[36m(TaskRunner pid=978523)[0m                                            'speculative_num_steps': 3},
[36m(TaskRunner pid=978523)[0m                                    'multi_stage_wake_up': False,
[36m(TaskRunner pid=978523)[0m                                    'multi_turn': {'_target_': 'verl.workers.config.MultiTurnConfig',
[36m(TaskRunner pid=978523)[0m                                                   'enable': False,
[36m(TaskRunner pid=978523)[0m                                                   'format': 'hermes',
[36m(TaskRunner pid=978523)[0m                                                   'function_tool_path': None,
[36m(TaskRunner pid=978523)[0m                                                   'max_assistant_turns': None,
[36m(TaskRunner pid=978523)[0m                                                   'max_parallel_calls': 1,
[36m(TaskRunner pid=978523)[0m                                                   'max_tool_response_length': 256,
[36m(TaskRunner pid=978523)[0m                                                   'max_user_turns': None,
[36m(TaskRunner pid=978523)[0m                                                   'num_repeat_rollouts': None,
[36m(TaskRunner pid=978523)[0m                                                   'tokenization_sanity_check_mode': 'strict',
[36m(TaskRunner pid=978523)[0m                                                   'tool_config_path': None,
[36m(TaskRunner pid=978523)[0m                                                   'tool_response_truncate_side': 'middle',
[36m(TaskRunner pid=978523)[0m                                                   'use_inference_chat_template': False},
[36m(TaskRunner pid=978523)[0m                                    'n': 8,
[36m(TaskRunner pid=978523)[0m                                    'n_gpus_per_node': 2,
[36m(TaskRunner pid=978523)[0m                                    'name': 'vllm',
[36m(TaskRunner pid=978523)[0m                                    'nnodes': 0,
[36m(TaskRunner pid=978523)[0m                                    'over_sample_rate': 0,
[36m(TaskRunner pid=978523)[0m                                    'pipeline_model_parallel_size': 1,
[36m(TaskRunner pid=978523)[0m                                    'profiler': {'_target_': 'verl.utils.profiler.ProfilerConfig',
[36m(TaskRunner pid=978523)[0m                                                 'all_ranks': False,
[36m(TaskRunner pid=978523)[0m                                                 'enable': False,
[36m(TaskRunner pid=978523)[0m                                                 'ranks': [],
[36m(TaskRunner pid=978523)[0m                                                 'save_path': 'outputs/profile',
[36m(TaskRunner pid=978523)[0m                                                 'tool': None,
[36m(TaskRunner pid=978523)[0m                                                 'tool_config': {'npu': {'_target_': 'verl.utils.profiler.config.NPUToolConfig',
[36m(TaskRunner pid=978523)[0m                                                                         'analysis': True,
[36m(TaskRunner pid=978523)[0m                                                                         'contents': [],
[36m(TaskRunner pid=978523)[0m                                                                         'discrete': False,
[36m(TaskRunner pid=978523)[0m                                                                         'level': 'level0'},
[36m(TaskRunner pid=978523)[0m                                                                 'precision_debugger': {'_target_': 'verl.utils.profiler.config.PrecisionDebuggerToolConfig',
[36m(TaskRunner pid=978523)[0m                                                                                        'config_path': None,
[36m(TaskRunner pid=978523)[0m                                                                                        'stages': None,
[36m(TaskRunner pid=978523)[0m                                                                                        'steps': None,
[36m(TaskRunner pid=978523)[0m                                                                                        'strict': False},
[36m(TaskRunner pid=978523)[0m                                                                 'torch': {'_target_': 'verl.utils.profiler.config.TorchProfilerToolConfig',
[36m(TaskRunner pid=978523)[0m                                                                           'contents': [],
[36m(TaskRunner pid=978523)[0m                                                                           'discrete': False}}},
[36m(TaskRunner pid=978523)[0m                                    'prometheus': {'_target_': 'verl.workers.config.PrometheusConfig',
[36m(TaskRunner pid=978523)[0m                                                   'enable': False,
[36m(TaskRunner pid=978523)[0m                                                   'file': '/tmp/ray/session_latest/metrics/prometheus/prometheus.yml',
[36m(TaskRunner pid=978523)[0m                                                   'port': 9090,
[36m(TaskRunner pid=978523)[0m                                                   'served_model_name': '/tmp/rawtmpl_Qwen2.5-7B-Instruct'},
[36m(TaskRunner pid=978523)[0m                                    'prompt_length': 1024,
[36m(TaskRunner pid=978523)[0m                                    'qat': {'_target_': 'verl.workers.config.QATEngineConfig',
[36m(TaskRunner pid=978523)[0m                                            'activation_observer': 'static_minmax',
[36m(TaskRunner pid=978523)[0m                                            'enable': False,
[36m(TaskRunner pid=978523)[0m                                            'group_size': 16,
[36m(TaskRunner pid=978523)[0m                                            'ignore_patterns': ['lm_head',
[36m(TaskRunner pid=978523)[0m                                                                'embed_tokens',
[36m(TaskRunner pid=978523)[0m                                                                're:.*mlp.gate$'],
[36m(TaskRunner pid=978523)[0m                                            'mode': 'w4a16',
[36m(TaskRunner pid=978523)[0m                                            'quantization_config_path': None},
[36m(TaskRunner pid=978523)[0m                                    'quantization': None,
[36m(TaskRunner pid=978523)[0m                                    'quantization_config_file': None,
[36m(TaskRunner pid=978523)[0m                                    'response_length': 2048,
[36m(TaskRunner pid=978523)[0m                                    'scheduling_policy': 'fcfs',
[36m(TaskRunner pid=978523)[0m                                    'skip': {'_target_': 'verl.workers.config.SkipConfig',
[36m(TaskRunner pid=978523)[0m                                             'action': 'cache',
[36m(TaskRunner pid=978523)[0m                                             'dump_dir': '~/.verl/rollout_dump',
[36m(TaskRunner pid=978523)[0m                                             'enable': False,
[36m(TaskRunner pid=978523)[0m                                             'max_dump_step': 1},
[36m(TaskRunner pid=978523)[0m                                    'skip_tokenizer_init': True,
[36m(TaskRunner pid=978523)[0m                                    'temperature': 1.0,
[36m(TaskRunner pid=978523)[0m                                    'tensor_model_parallel_size': 2,
[36m(TaskRunner pid=978523)[0m                                    'top_k': -1,
[36m(TaskRunner pid=978523)[0m                                    'top_p': 1,
[36m(TaskRunner pid=978523)[0m                                    'trace': {'_target_': 'verl.workers.config.TraceConfig',
[36m(TaskRunner pid=978523)[0m                                              'backend': None,
[36m(TaskRunner pid=978523)[0m                                              'experiment_name': 'gsm8k',
[36m(TaskRunner pid=978523)[0m                                              'max_samples_per_step_per_worker': None,
[36m(TaskRunner pid=978523)[0m                                              'project_name': 'verl_examples',
[36m(TaskRunner pid=978523)[0m                                              'token2text': False},
[36m(TaskRunner pid=978523)[0m                                    'val_kwargs': {'_target_': 'verl.workers.config.SamplingConfig',
[36m(TaskRunner pid=978523)[0m                                                   'do_sample': False,
[36m(TaskRunner pid=978523)[0m                                                   'n': 1,
[36m(TaskRunner pid=978523)[0m                                                   'temperature': 0,
[36m(TaskRunner pid=978523)[0m                                                   'top_k': -1,
[36m(TaskRunner pid=978523)[0m                                                   'top_p': 1.0}}},
[36m(TaskRunner pid=978523)[0m  'algorithm': {'_target_': 'verl.trainer.config.AlgoConfig',
[36m(TaskRunner pid=978523)[0m                'adv_estimator': 'grpo',
[36m(TaskRunner pid=978523)[0m                'gamma': 1.0,
[36m(TaskRunner pid=978523)[0m                'kl_ctrl': {'_target_': 'verl.trainer.config.KLControlConfig',
[36m(TaskRunner pid=978523)[0m                            'horizon': 10000,
[36m(TaskRunner pid=978523)[0m                            'kl_coef': 0.001,
[36m(TaskRunner pid=978523)[0m                            'target_kl': 0.1,
[36m(TaskRunner pid=978523)[0m                            'type': 'fixed'},
[36m(TaskRunner pid=978523)[0m                'kl_penalty': 'kl',
[36m(TaskRunner pid=978523)[0m                'lam': 1.0,
[36m(TaskRunner pid=978523)[0m                'norm_adv_by_std_in_grpo': True,
[36m(TaskRunner pid=978523)[0m                'pf_ppo': {'reweight_method': 'pow', 'weight_pow': 2.0},
[36m(TaskRunner pid=978523)[0m                'rollout_correction': {'bypass_mode': False,
[36m(TaskRunner pid=978523)[0m                                       'loss_type': 'ppo_clip',
[36m(TaskRunner pid=978523)[0m                                       'rollout_is': None,
[36m(TaskRunner pid=978523)[0m                                       'rollout_is_batch_normalize': False,
[36m(TaskRunner pid=978523)[0m                                       'rollout_is_threshold': 2.0,
[36m(TaskRunner pid=978523)[0m                                       'rollout_rs': None,
[36m(TaskRunner pid=978523)[0m                                       'rollout_rs_threshold': None},
[36m(TaskRunner pid=978523)[0m                'use_kl_in_reward': False,
[36m(TaskRunner pid=978523)[0m                'use_pf_ppo': False},
[36m(TaskRunner pid=978523)[0m  'critic': {'_target_': 'verl.workers.config.FSDPCriticConfig',
[36m(TaskRunner pid=978523)[0m             'checkpoint': {'_target_': 'verl.trainer.config.CheckpointConfig',
[36m(TaskRunner pid=978523)[0m                            'async_save': False,
[36m(TaskRunner pid=978523)[0m                            'load_contents': ['model', 'optimizer', 'extra'],
[36m(TaskRunner pid=978523)[0m                            'mbridge_config': {},
[36m(TaskRunner pid=978523)[0m                            'save_contents': ['model', 'optimizer', 'extra']},
[36m(TaskRunner pid=978523)[0m             'cliprange_value': 0.5,
[36m(TaskRunner pid=978523)[0m             'data_loader_seed': 42,
[36m(TaskRunner pid=978523)[0m             'enable': None,
[36m(TaskRunner pid=978523)[0m             'forward_max_token_len_per_gpu': 32768,
[36m(TaskRunner pid=978523)[0m             'forward_micro_batch_size': None,
[36m(TaskRunner pid=978523)[0m             'forward_micro_batch_size_per_gpu': None,
[36m(TaskRunner pid=978523)[0m             'fsdp': {'_target_': 'verl.workers.config.FSDPEngineConfig',
[36m(TaskRunner pid=978523)[0m                      'dtype': 'bfloat16',
[36m(TaskRunner pid=978523)[0m                      'entropy_checkpointing': False,
[36m(TaskRunner pid=978523)[0m                      'entropy_from_logits_with_chunking': False,
[36m(TaskRunner pid=978523)[0m                      'forward_only': False,
[36m(TaskRunner pid=978523)[0m                      'forward_prefetch': False,
[36m(TaskRunner pid=978523)[0m                      'fsdp_size': -1,
[36m(TaskRunner pid=978523)[0m                      'full_determinism': False,
[36m(TaskRunner pid=978523)[0m                      'model_dtype': 'fp32',
[36m(TaskRunner pid=978523)[0m                      'offload_policy': False,
[36m(TaskRunner pid=978523)[0m                      'optimizer_offload': False,
[36m(TaskRunner pid=978523)[0m                      'param_offload': False,
[36m(TaskRunner pid=978523)[0m                      'qat': {'_target_': 'verl.workers.config.QATEngineConfig',
[36m(TaskRunner pid=978523)[0m                              'activation_observer': 'static_minmax',
[36m(TaskRunner pid=978523)[0m                              'enable': False,
[36m(TaskRunner pid=978523)[0m                              'group_size': 16,
[36m(TaskRunner pid=978523)[0m                              'ignore_patterns': ['lm_head',
[36m(TaskRunner pid=978523)[0m                                                  'embed_tokens',
[36m(TaskRunner pid=978523)[0m                                                  're:.*mlp.gate$'],
[36m(TaskRunner pid=978523)[0m                              'mode': 'w4a16',
[36m(TaskRunner pid=978523)[0m                              'quantization_config_path': None},
[36m(TaskRunner pid=978523)[0m                      'reshard_after_forward': True,
[36m(TaskRunner pid=978523)[0m                      'seed': 42,
[36m(TaskRunner pid=978523)[0m                      'strategy': 'fsdp',
[36m(TaskRunner pid=978523)[0m                      'ulysses_sequence_parallel_size': 1,
[36m(TaskRunner pid=978523)[0m                      'use_orig_params': False,
[36m(TaskRunner pid=978523)[0m                      'use_torch_compile': True,
[36m(TaskRunner pid=978523)[0m                      'wrap_policy': {'min_num_params': 0}},
[36m(TaskRunner pid=978523)[0m             'grad_clip': 1.0,
[36m(TaskRunner pid=978523)[0m             'loss_agg_mode': 'token-mean',
[36m(TaskRunner pid=978523)[0m             'model': {'_target_': 'verl.workers.config.HFModelConfig',
[36m(TaskRunner pid=978523)[0m                       'custom_chat_template': None,
[36m(TaskRunner pid=978523)[0m                       'enable_activation_offload': False,
[36m(TaskRunner pid=978523)[0m                       'enable_gradient_checkpointing': True,
[36m(TaskRunner pid=978523)[0m                       'exclude_modules': None,
[36m(TaskRunner pid=978523)[0m                       'external_lib': None,
[36m(TaskRunner pid=978523)[0m                       'fused_kernel_options': {'impl_backend': 'torch'},
[36m(TaskRunner pid=978523)[0m                       'hf_config_path': None,
[36m(TaskRunner pid=978523)[0m                       'lora': {'a2a_experimental': False,
[36m(TaskRunner pid=978523)[0m                                'adapter_path': None,
[36m(TaskRunner pid=978523)[0m                                'alpha': 32,
[36m(TaskRunner pid=978523)[0m                                'dropout': 0.0,
[36m(TaskRunner pid=978523)[0m                                'dropout_position': 'pre',
[36m(TaskRunner pid=978523)[0m                                'dtype': None,
[36m(TaskRunner pid=978523)[0m                                'exclude_modules': [],
[36m(TaskRunner pid=978523)[0m                                'freeze_language_model': True,
[36m(TaskRunner pid=978523)[0m                                'freeze_vision_model': True,
[36m(TaskRunner pid=978523)[0m                                'freeze_vision_projection': True,
[36m(TaskRunner pid=978523)[0m                                'lora_A_init_method': 'xavier',
[36m(TaskRunner pid=978523)[0m                                'lora_B_init_method': 'zero',
[36m(TaskRunner pid=978523)[0m                                'merge': False,
[36m(TaskRunner pid=978523)[0m                                'rank': 0,
[36m(TaskRunner pid=978523)[0m                                'target_modules': ['linear_qkv',
[36m(TaskRunner pid=978523)[0m                                                   'linear_proj',
[36m(TaskRunner pid=978523)[0m                                                   'linear_fc1',
[36m(TaskRunner pid=978523)[0m                                                   'linear_fc2'],
[36m(TaskRunner pid=978523)[0m                                'type': 'lora'},
[36m(TaskRunner pid=978523)[0m                       'lora_adapter_path': None,
[36m(TaskRunner pid=978523)[0m                       'lora_alpha': 16,
[36m(TaskRunner pid=978523)[0m                       'lora_rank': 0,
[36m(TaskRunner pid=978523)[0m                       'mtp': {'_target_': 'verl.workers.config.MtpConfig',
[36m(TaskRunner pid=978523)[0m                               'detach_encoder': False,
[36m(TaskRunner pid=978523)[0m                               'enable': False,
[36m(TaskRunner pid=978523)[0m                               'enable_rollout': False,
[36m(TaskRunner pid=978523)[0m                               'enable_train': False,
[36m(TaskRunner pid=978523)[0m                               'method': 'mtp',
[36m(TaskRunner pid=978523)[0m                               'mtp_loss_scaling_factor': 0.1,
[36m(TaskRunner pid=978523)[0m                               'num_speculative_tokens': 1,
[36m(TaskRunner pid=978523)[0m                               'speculative_algorithm': 'EAGLE',
[36m(TaskRunner pid=978523)[0m                               'speculative_eagle_topk': 1,
[36m(TaskRunner pid=978523)[0m                               'speculative_num_draft_tokens': 4,
[36m(TaskRunner pid=978523)[0m                               'speculative_num_steps': 3},
[36m(TaskRunner pid=978523)[0m                       'override_config': {},
[36m(TaskRunner pid=978523)[0m                       'path': '~/models/deepseek-llm-7b-chat',
[36m(TaskRunner pid=978523)[0m                       'target_modules': 'all-linear',
[36m(TaskRunner pid=978523)[0m                       'tiled_mlp': {'enabled': False, 'num_shards': 4},
[36m(TaskRunner pid=978523)[0m                       'tokenizer_path': None,
[36m(TaskRunner pid=978523)[0m                       'trust_remote_code': False,
[36m(TaskRunner pid=978523)[0m                       'use_fused_kernels': False,
[36m(TaskRunner pid=978523)[0m                       'use_liger': False,
[36m(TaskRunner pid=978523)[0m                       'use_remove_padding': True,
[36m(TaskRunner pid=978523)[0m                       'use_shm': False},
[36m(TaskRunner pid=978523)[0m             'optim': {'_target_': 'verl.workers.config.FSDPOptimizerConfig',
[36m(TaskRunner pid=978523)[0m                       'betas': [0.9, 0.999],
[36m(TaskRunner pid=978523)[0m                       'clip_grad': 1.0,
[36m(TaskRunner pid=978523)[0m                       'lr': 1e-05,
[36m(TaskRunner pid=978523)[0m                       'lr_scheduler_type': 'constant',
[36m(TaskRunner pid=978523)[0m                       'lr_warmup_steps': -1,
[36m(TaskRunner pid=978523)[0m                       'lr_warmup_steps_ratio': 0.0,
[36m(TaskRunner pid=978523)[0m                       'min_lr_ratio': 0.0,
[36m(TaskRunner pid=978523)[0m                       'num_cycles': 0.5,
[36m(TaskRunner pid=978523)[0m                       'optimizer': 'AdamW',
[36m(TaskRunner pid=978523)[0m                       'optimizer_impl': 'torch.optim',
[36m(TaskRunner pid=978523)[0m                       'override_optimizer_config': None,
[36m(TaskRunner pid=978523)[0m                       'total_training_steps': -1,
[36m(TaskRunner pid=978523)[0m                       'warmup_style': None,
[36m(TaskRunner pid=978523)[0m                       'weight_decay': 0.01,
[36m(TaskRunner pid=978523)[0m                       'zero_indexed_step': True},
[36m(TaskRunner pid=978523)[0m             'ppo_epochs': 1,
[36m(TaskRunner pid=978523)[0m             'ppo_max_token_len_per_gpu': 32768,
[36m(TaskRunner pid=978523)[0m             'ppo_micro_batch_size': None,
[36m(TaskRunner pid=978523)[0m             'ppo_micro_batch_size_per_gpu': None,
[36m(TaskRunner pid=978523)[0m             'ppo_mini_batch_size': 64,
[36m(TaskRunner pid=978523)[0m             'profiler': {'_target_': 'verl.utils.profiler.ProfilerConfig',
[36m(TaskRunner pid=978523)[0m                          'all_ranks': False,
[36m(TaskRunner pid=978523)[0m                          'enable': False,
[36m(TaskRunner pid=978523)[0m                          'ranks': [],
[36m(TaskRunner pid=978523)[0m                          'save_path': 'outputs/profile',
[36m(TaskRunner pid=978523)[0m                          'tool': None,
[36m(TaskRunner pid=978523)[0m                          'tool_config': {'npu': {'_target_': 'verl.utils.profiler.config.NPUToolConfig',
[36m(TaskRunner pid=978523)[0m                                                  'analysis': True,
[36m(TaskRunner pid=978523)[0m                                                  'contents': [],
[36m(TaskRunner pid=978523)[0m                                                  'discrete': False,
[36m(TaskRunner pid=978523)[0m                                                  'level': 'level0'},
[36m(TaskRunner pid=978523)[0m                                          'nsys': {'_target_': 'verl.utils.profiler.config.NsightToolConfig',
[36m(TaskRunner pid=978523)[0m                                                   'discrete': False},
[36m(TaskRunner pid=978523)[0m                                          'precision_debugger': {'_target_': 'verl.utils.profiler.config.PrecisionDebuggerToolConfig',
[36m(TaskRunner pid=978523)[0m                                                                 'config_path': None,
[36m(TaskRunner pid=978523)[0m                                                                 'stages': None,
[36m(TaskRunner pid=978523)[0m                                                                 'steps': None,
[36m(TaskRunner pid=978523)[0m                                                                 'strict': False},
[36m(TaskRunner pid=978523)[0m                                          'torch': {'_target_': 'verl.utils.profiler.config.TorchProfilerToolConfig',
[36m(TaskRunner pid=978523)[0m                                                    'contents': [],
[36m(TaskRunner pid=978523)[0m                                                    'discrete': False},
[36m(TaskRunner pid=978523)[0m                                          'torch_memory': {'_target_': 'verl.utils.profiler.config.TorchMemoryToolConfig',
[36m(TaskRunner pid=978523)[0m                                                           'stack_depth': 32,
[36m(TaskRunner pid=978523)[0m                                                           'trace_alloc_max_entries': 100000}}},
[36m(TaskRunner pid=978523)[0m             'rollout_n': 8,
[36m(TaskRunner pid=978523)[0m             'shuffle': False,
[36m(TaskRunner pid=978523)[0m             'strategy': 'fsdp',
[36m(TaskRunner pid=978523)[0m             'ulysses_sequence_parallel_size': 1,
[36m(TaskRunner pid=978523)[0m             'use_dynamic_bsz': False},
[36m(TaskRunner pid=978523)[0m  'data': {'apply_chat_template_kwargs': {},
[36m(TaskRunner pid=978523)[0m           'audio_key': 'audios',
[36m(TaskRunner pid=978523)[0m           'custom_cls': {'name': None, 'path': None},
[36m(TaskRunner pid=978523)[0m           'dataloader_num_workers': 8,
[36m(TaskRunner pid=978523)[0m           'filter_overlong_prompts': True,
[36m(TaskRunner pid=978523)[0m           'filter_overlong_prompts_workers': 1,
[36m(TaskRunner pid=978523)[0m           'function_tool_path': None,
[36m(TaskRunner pid=978523)[0m           'image_key': 'images',
[36m(TaskRunner pid=978523)[0m           'image_patch_size': 14,
[36m(TaskRunner pid=978523)[0m           'max_prompt_length': 1024,
[36m(TaskRunner pid=978523)[0m           'max_response_length': 2048,
[36m(TaskRunner pid=978523)[0m           'mm_processor_kwargs': {},
[36m(TaskRunner pid=978523)[0m           'prompt_key': 'prompt',
[36m(TaskRunner pid=978523)[0m           'return_full_prompt': False,
[36m(TaskRunner pid=978523)[0m           'return_multi_modal_inputs': True,
[36m(TaskRunner pid=978523)[0m           'return_raw_chat': True,
[36m(TaskRunner pid=978523)[0m           'return_raw_input_ids': False,
[36m(TaskRunner pid=978523)[0m           'reward_fn_key': 'data_source',
[36m(TaskRunner pid=978523)[0m           'seed': None,
[36m(TaskRunner pid=978523)[0m           'shuffle': True,
[36m(TaskRunner pid=978523)[0m           'tokenizer': None,
[36m(TaskRunner pid=978523)[0m           'tool_config_path': None,
[36m(TaskRunner pid=978523)[0m           'train_batch_size': 64,
[36m(TaskRunner pid=978523)[0m           'train_files': 'axis_probe/grpo/data_countdown/train.parquet',
[36m(TaskRunner pid=978523)[0m           'train_max_samples': -1,
[36m(TaskRunner pid=978523)[0m           'truncation': 'right',
[36m(TaskRunner pid=978523)[0m           'trust_remote_code': False,
[36m(TaskRunner pid=978523)[0m           'use_shm': False,
[36m(TaskRunner pid=978523)[0m           'val_batch_size': None,
[36m(TaskRunner pid=978523)[0m           'val_files': 'axis_probe/grpo/data_countdown/val.parquet',
[36m(TaskRunner pid=978523)[0m           'val_max_samples': -1,
[36m(TaskRunner pid=978523)[0m           'validation_shuffle': False,
[36m(TaskRunner pid=978523)[0m           'video_key': 'videos'},
[36m(TaskRunner pid=978523)[0m  'distillation': {'_target_': 'verl.workers.config.DistillationConfig',
[36m(TaskRunner pid=978523)[0m                   'distillation_loss': {'_target_': 'verl.workers.config.DistillationLossConfig',
[36m(TaskRunner pid=978523)[0m                                         'clip_ratio': 0.2,
[36m(TaskRunner pid=978523)[0m                                         'clip_ratio_high': 0.2,
[36m(TaskRunner pid=978523)[0m                                         'clip_ratio_low': 0.2,
[36m(TaskRunner pid=978523)[0m                                         'distillation_loss_coef': 1.0,
[36m(TaskRunner pid=978523)[0m                                         'log_prob_min_clamp': None,
[36m(TaskRunner pid=978523)[0m                                         'loss_max_clamp': None,
[36m(TaskRunner pid=978523)[0m                                         'loss_mode': 'k3',
[36m(TaskRunner pid=978523)[0m                                         'policy_loss_mode': 'vanilla',
[36m(TaskRunner pid=978523)[0m                                         'topk': 32,
[36m(TaskRunner pid=978523)[0m                                         'use_policy_gradient': False,
[36m(TaskRunner pid=978523)[0m                                         'use_task_rewards': True},
[36m(TaskRunner pid=978523)[0m                   'enabled': False,
[36m(TaskRunner pid=978523)[0m                   'n_gpus_per_node': 8,
[36m(TaskRunner pid=978523)[0m                   'nnodes': 0,
[36m(TaskRunner pid=978523)[0m                   'teacher_key': 'data_source',
[36m(TaskRunner pid=978523)[0m                   'teacher_models': {'teacher_model': {'_target_': 'verl.workers.config.DistillationTeacherModelConfig',
[36m(TaskRunner pid=978523)[0m                                                        'inference': {'_target_': 'verl.workers.config.RolloutConfig',
[36m(TaskRunner pid=978523)[0m                                                                      'cudagraph_capture_sizes': None,
[36m(TaskRunner pid=978523)[0m                                                                      'data_parallel_size': 1,
[36m(TaskRunner pid=978523)[0m                                                                      'disable_log_stats': True,
[36m(TaskRunner pid=978523)[0m                                                                      'dtype': 'bfloat16',
[36m(TaskRunner pid=978523)[0m                                                                      'enable_chunked_prefill': True,
[36m(TaskRunner pid=978523)[0m                                                                      'enable_prefix_caching': True,
[36m(TaskRunner pid=978523)[0m                                                                      'enforce_eager': True,
[36m(TaskRunner pid=978523)[0m                                                                      'engine_kwargs': {},
[36m(TaskRunner pid=978523)[0m                                                                      'expert_parallel_size': 1,
[36m(TaskRunner pid=978523)[0m                                                                      'free_cache_engine': True,
[36m(TaskRunner pid=978523)[0m                                                                      'gpu_memory_utilization': 0.5,
[36m(TaskRunner pid=978523)[0m                                                                      'limit_images': None,
[36m(TaskRunner pid=978523)[0m                                                                      'load_format': 'auto',
[36m(TaskRunner pid=978523)[0m                                                                      'max_model_len': None,
[36m(TaskRunner pid=978523)[0m                                                                      'max_num_batched_tokens': 8192,
[36m(TaskRunner pid=978523)[0m                                                                      'max_num_seqs': 1024,
[36m(TaskRunner pid=978523)[0m                                                                      'name': 'vllm',
[36m(TaskRunner pid=978523)[0m                                                                      'prompt_length': 1024,
[36m(TaskRunner pid=978523)[0m                                                                      'response_length': 2048,
[36m(TaskRunner pid=978523)[0m                                                                      'skip_tokenizer_init': True,
[36m(TaskRunner pid=978523)[0m                                                                      'temperature': 1.0,
[36m(TaskRunner pid=978523)[0m                                                                      'tensor_model_parallel_size': 2},
[36m(TaskRunner pid=978523)[0m                                                        'key': None,
[36m(TaskRunner pid=978523)[0m                                                        'model_path': None,
[36m(TaskRunner pid=978523)[0m                                                        'num_replicas': 0}}},
[36m(TaskRunner pid=978523)[0m  'global_profiler': {'_target_': 'verl.utils.profiler.ProfilerConfig',
[36m(TaskRunner pid=978523)[0m                      'global_tool_config': {'nsys': {'_target_': 'verl.utils.profiler.config.NsightToolConfig',
[36m(TaskRunner pid=978523)[0m                                                      'controller_nsight_options': {'cuda-graph-trace': 'graph',
[36m(TaskRunner pid=978523)[0m                                                                                    'cuda-memory-usage': 'true',
[36m(TaskRunner pid=978523)[0m /home/hyin66/micromamba/envs/verl/lib/python3.10/site-packages/verl/trainer/main_ppo.py:258: UserWarning: Disabled critic as algorithm.adv_estimator != gae. If it is not intended, please set critic.enable=True
[36m(TaskRunner pid=978523)[0m   use_critic=need_critic(config),
[36m(TaskRunner pid=978523)[0m Setting TOKENIZERS_PARALLELISM=false for forked processes.
[36m(TaskRunner pid=978523)[0m WARNING:2026-08-24 20:38:00,678:Setting TOKENIZERS_PARALLELISM=false for forked processes.
[36m(TaskRunner pid=978523)[0m Filtering prompts longer than 1024 tokens (num_proc=1):   0%|          | 0/1900 [00:00<?, ? examples/s]
[36m(TaskRunner pid=978523)[0m Filtering prompts longer than 1024 tokens (num_proc=1):  53%|█████▎    | 1000/1900 [00:00<00:00, 1794.20 examples/s]
[36m(TaskRunner pid=978523)[0m Filtering prompts longer than 1024 tokens (num_proc=1): 100%|██████████| 1900/1900 [00:00<00:00, 2935.43 examples/s]
[36m(TaskRunner pid=978523)[0m Filtering prompts longer than 1024 tokens (num_proc=1): 100%|██████████| 1900/1900 [00:00<00:00, 2292.07 examples/s]
[36m(TaskRunner pid=978523)[0m Setting TOKENIZERS_PARALLELISM=false for forked processes.
[36m(TaskRunner pid=978523)[0m WARNING:2026-08-24 20:38:01,693:Setting TOKENIZERS_PARALLELISM=false for forked processes.
[36m(TaskRunner pid=978523)[0m Filtering prompts longer than 1024 tokens (num_proc=1):   0%|          | 0/300 [00:00<?, ? examples/s]
[36m(TaskRunner pid=978523)[0m Filtering prompts longer than 1024 tokens (num_proc=1): 100%|██████████| 300/300 [00:00<00:00, 716.30 examples/s]
[36m(TaskRunner pid=978523)[0m Filtering prompts longer than 1024 tokens (num_proc=1): 100%|██████████| 300/300 [00:00<00:00, 561.76 examples/s]
[36m(TaskRunner pid=978523)[0m /home/hyin66/micromamba/envs/verl/lib/python3.10/site-packages/verl/trainer/main_ppo.py:299: FutureWarning: Warning: Class 'verl.trainer.ppo.ray_trainer.RayPPOTrainer' is deprecated. Please use 'main_ppo.py is deprecated, and wil be replaced by main_ppo_sync.py in v0.8.0, please use main_ppo_sync.py instead.' instead.
[36m(TaskRunner pid=978523)[0m   trainer = RayPPOTrainer(
[36m(TaskRunner pid=978523)[0m /home/hyin66/micromamba/envs/verl/lib/python3.10/site-packages/verl/trainer/ppo/ray_trainer.py:348: UserWarning: Disabled critic as algorithm.adv_estimator != gae. If it is not intended, please set critic.enable=True
[36m(TaskRunner pid=978523)[0m   self.use_critic = need_critic(self.config)
[36m(WorkerDict pid=979037)[0m /home/hyin66/micromamba/envs/verl/lib/python3.10/site-packages/verl/workers/engine/mindspeed/transformer_impl.py:24: UserWarning: NPU not support router replay for now.
[36m(WorkerDict pid=979037)[0m   from verl.utils.megatron.router_replay_patch import RouterReplay
[36m(WorkerDict pid=979037)[0m `torch_dtype` is deprecated! Use `dtype` instead!
[36m(WorkerDict pid=979037)[0m Flash Attention 2 only supports torch.float16 and torch.bfloat16 dtypes, but the current dype in Qwen2ForCausalLM is torch.float32. You should run training or inference using Automatic Mixed-Precision via the `with torch.autocast(device_type='torch_device'):` decorator, or load the model with the `dtype` argument. Example: `model = AutoModel.from_pretrained("openai/whisper-tiny", attn_implementation="flash_attention_2", dtype=torch.float16)`
[36m(WorkerDict pid=979037)[0m Loading checkpoint shards:   0%|          | 0/4 [00:00<?, ?it/s]
[36m(WorkerDict pid=979036)[0m Loading checkpoint shards:  25%|██▌       | 1/4 [00:01<00:05,  1.80s/it]
[36m(WorkerDict pid=979036)[0m /home/hyin66/micromamba/envs/verl/lib/python3.10/site-packages/verl/workers/engine/mindspeed/transformer_impl.py:24: UserWarning: NPU not support router replay for now.
[36m(WorkerDict pid=979036)[0m   from verl.utils.megatron.router_replay_patch import RouterReplay
[36m(WorkerDict pid=979036)[0m `torch_dtype` is deprecated! Use `dtype` instead!
[36m(WorkerDict pid=979036)[0m Flash Attention 2 only supports torch.float16 and torch.bfloat16 dtypes, but the current dype in Qwen2Model is torch.float32. You should run training or inference using Automatic Mixed-Precision via the `with torch.autocast(device_type='torch_device'):` decorator, or load the model with the `dtype` argument. Example: `model = AutoModel.from_pretrained("openai/whisper-tiny", attn_implementation="flash_attention_2", dtype=torch.float16)`[32m [repeated 3x across cluster] (Ray deduplicates logs by default. Set RAY_DEDUP_LOGS=0 to disable log deduplication, or see https://docs.ray.io/en/master/ray-observability/user-guides/configure-logging.html#log-deduplication for more options.)[0m
[36m(WorkerDict pid=979036)[0m Loading checkpoint shards:   0%|          | 0/4 [00:00<?, ?it/s]
[36m(WorkerDict pid=979036)[0m Loading checkpoint shards: 100%|██████████| 4/4 [00:06<00:00,  1.71s/it]Loading checkpoint shards: 100%|██████████| 4/4 [00:06<00:00,  1.74s/it]
[36m(WorkerDict pid=979037)[0m Loading checkpoint shards:  75%|███████▌  | 3/4 [00:05<00:01,  1.85s/it][32m [repeated 5x across cluster][0m
[36m(WorkerDict pid=979037)[0m /home/hyin66/micromamba/envs/verl/lib/python3.10/site-packages/torch/distributed/fsdp/fully_sharded_data_parallel.py:678: FutureWarning: FSDP.state_dict_type() and FSDP.set_state_dict_type() are being deprecated. Please use APIs, get_state_dict() and set_state_dict(), which can support different parallelisms, FSDP1, FSDP2, DDP. API doc: https://pytorch.org/docs/stable/distributed.checkpoint.html#torch.distributed.checkpoint.state_dict.get_state_dict .Tutorial: https://pytorch.org/tutorials/recipes/distributed_checkpoint_recipe.html .
[36m(WorkerDict pid=979037)[0m   warnings.warn(
[36m(WorkerDict pid=979037)[0m Loading checkpoint shards: 100%|██████████| 4/4 [00:07<00:00,  1.83s/it]Loading checkpoint shards: 100%|██████████| 4/4 [00:07<00:00,  1.84s/it]
[36m(WorkerDict pid=979037)[0m Loading checkpoint shards:   0%|          | 0/4 [00:00<?, ?it/s]
[36m(WorkerDict pid=979036)[0m Loading checkpoint shards:  25%|██▌       | 1/4 [00:01<00:05,  1.79s/it]
[36m(WorkerDict pid=979036)[0m /home/hyin66/micromamba/envs/verl/lib/python3.10/site-packages/torch/distributed/fsdp/fully_sharded_data_parallel.py:678: FutureWarning: FSDP.state_dict_type() and FSDP.set_state_dict_type() are being deprecated. Please use APIs, get_state_dict() and set_state_dict(), which can support different parallelisms, FSDP1, FSDP2, DDP. API doc: https://pytorch.org/docs/stable/distributed.checkpoint.html#torch.distributed.checkpoint.state_dict.get_state_dict .Tutorial: https://pytorch.org/tutorials/recipes/distributed_checkpoint_recipe.html .
[36m(WorkerDict pid=979036)[0m   warnings.warn(
[36m(WorkerDict pid=979036)[0m Loading checkpoint shards:   0%|          | 0/4 [00:00<?, ?it/s]
[36m(WorkerDict pid=979036)[0m Loading checkpoint shards: 100%|██████████| 4/4 [00:06<00:00,  1.68s/it]Loading checkpoint shards: 100%|██████████| 4/4 [00:06<00:00,  1.71s/it]
[36m(WorkerDict pid=979037)[0m Loading checkpoint shards:  75%|███████▌  | 3/4 [00:05<00:01,  1.84s/it][32m [repeated 5x across cluster][0m
[36m(WorkerDict pid=979037)[0m /home/hyin66/micromamba/envs/verl/lib/python3.10/site-packages/torch/distributed/fsdp/fully_sharded_data_parallel.py:678: FutureWarning: FSDP.state_dict_type() and FSDP.set_state_dict_type() are being deprecated. Please use APIs, get_state_dict() and set_state_dict(), which can support different parallelisms, FSDP1, FSDP2, DDP. API doc: https://pytorch.org/docs/stable/distributed.checkpoint.html#torch.distributed.checkpoint.state_dict.get_state_dict .Tutorial: https://pytorch.org/tutorials/recipes/distributed_checkpoint_recipe.html .
[36m(WorkerDict pid=979037)[0m   warnings.warn(
[36m(vLLMHttpServer pid=980252)[0m WARNING:2026-08-24 20:39:36,364:agent loop only support torch and npu profiler, got None
[36m(vLLMHttpServer pid=980252)[0m INFO:2026-08-24 20:39:36,364:vLLMHttpServer, replica_rank: 0, node_rank: 0, CUDA_VISIBLE_DEVICES: 0,1, master_address: 10.233.74.151, master_port: 35659, data_parallel_rpc_port: 38375, data_parallel_master_port: 36425
[36m(vLLMHttpServer pid=980252)[0m INFO:2026-08-24 20:39:36,372:override_generation_config: {'temperature': 1.0, 'top_k': -1, 'top_p': 1, 'repetition_penalty': 1.0, 'max_new_tokens': 2048}
[36m(vLLMHttpServer pid=980252)[0m INFO:2026-08-24 20:39:36,372:enable_sleep_mode: True
[36m(WorkerDict pid=979037)[0m Loading checkpoint shards: 100%|██████████| 4/4 [00:07<00:00,  1.81s/it]Loading checkpoint shards: 100%|██████████| 4/4 [00:07<00:00,  1.83s/it]
[36m(WorkerDict pid=979036)[0m /home/hyin66/micromamba/envs/verl/lib/python3.10/site-packages/torch/distributed/fsdp/fully_sharded_data_parallel.py:678: FutureWarning: FSDP.state_dict_type() and FSDP.set_state_dict_type() are being deprecated. Please use APIs, get_state_dict() and set_state_dict(), which can support different parallelisms, FSDP1, FSDP2, DDP. API doc: https://pytorch.org/docs/stable/distributed.checkpoint.html#torch.distributed.checkpoint.state_dict.get_state_dict .Tutorial: https://pytorch.org/tutorials/recipes/distributed_checkpoint_recipe.html .
[36m(WorkerDict pid=979036)[0m   warnings.warn(
[36m(vLLMHttpServer pid=980252)[0m `torch_dtype` is deprecated! Use `dtype` instead!
[36m(vLLMHttpServer pid=980252)[0m [1;36m(Worker_TP0 pid=980847)[0;0m Capturing CUDA graphs (mixed prefill-decode, PIECEWISE):   0%|          | 0/67 [00:00<?, ?it/s]
[36m(vLLMHttpServer pid=980252)[0m Capturing CUDA graphs (mixed prefill-decode, PIECEWISE):   7%|▋         | 5/67 [00:00<00:01, 45.32it/s]
[36m(vLLMHttpServer pid=980252)[0m Capturing CUDA graphs (mixed prefill-decode, PIECEWISE):  15%|█▍        | 10/67 [00:00<00:01, 46.70it/s]
[36m(vLLMHttpServer pid=980252)[0m Capturing CUDA graphs (mixed prefill-decode, PIECEWISE):  22%|██▏       | 15/67 [00:00<00:01, 46.71it/s]
[36m(vLLMHttpServer pid=980252)[0m Capturing CUDA graphs (mixed prefill-decode, PIECEWISE):  30%|██▉       | 20/67 [00:00<00:00, 47.87it/s]
[36m(vLLMHttpServer pid=980252)[0m Capturing CUDA graphs (mixed prefill-decode, PIECEWISE):  39%|███▉      | 26/67 [00:00<00:00, 48.78it/s]
[36m(vLLMHttpServer pid=980252)[0m Capturing CUDA graphs (mixed prefill-decode, PIECEWISE):  46%|████▋     | 31/67 [00:00<00:00, 49.08it/s]
[36m(vLLMHttpServer pid=980252)[0m Capturing CUDA graphs (mixed prefill-decode, PIECEWISE):  54%|█████▎    | 36/67 [00:00<00:00, 46.73it/s]
[36m(vLLMHttpServer pid=980252)[0m Capturing CUDA graphs (mixed prefill-decode, PIECEWISE):  61%|██████    | 41/67 [00:00<00:00, 46.90it/s]
[36m(vLLMHttpServer pid=980252)[0m Capturing CUDA graphs (mixed prefill-decode, PIECEWISE):  70%|███████   | 47/67 [00:00<00:00, 47.60it/s]
[36m(vLLMHttpServer pid=980252)[0m Capturing CUDA graphs (mixed prefill-decode, PIECEWISE):  78%|███████▊  | 52/67 [00:01<00:00, 47.04it/s]
[36m(vLLMHttpServer pid=980252)[0m Capturing CUDA graphs (mixed prefill-decode, PIECEWISE):  85%|████████▌ | 57/67 [00:01<00:00, 45.76it/s]
[36m(vLLMHttpServer pid=980252)[0m Capturing CUDA graphs (mixed prefill-decode, PIECEWISE):  94%|█████████▍| 63/67 [00:01<00:00, 47.38it/s]
[36m(vLLMHttpServer pid=980252)[0m Capturing CUDA graphs (mixed prefill-decode, PIECEWISE): 100%|██████████| 67/67 [00:01<00:00, 47.40it/s]
[36m(vLLMHttpServer pid=980252)[0m [1;36m(Worker_TP0 pid=980847)[0;0m Capturing CUDA graphs (decode, FULL):   0%|          | 0/67 [00:00<?, ?it/s]
[36m(vLLMHttpServer pid=980252)[0m Capturing CUDA graphs (decode, FULL):   9%|▉         | 6/67 [00:00<00:01, 57.78it/s]
[36m(vLLMHttpServer pid=980252)[0m Capturing CUDA graphs (decode, FULL):  19%|█▉        | 13/67 [00:00<00:00, 62.18it/s]
[36m(vLLMHttpServer pid=980252)[0m Capturing CUDA graphs (decode, FULL):  30%|██▉       | 20/67 [00:00<00:00, 64.75it/s]
[36m(vLLMHttpServer pid=980252)[0m Capturing CUDA graphs (decode, FULL):  42%|████▏     | 28/67 [00:00<00:00, 67.33it/s]
[36m(vLLMHttpServer pid=980252)[0m Capturing CUDA graphs (decode, FULL):  54%|█████▎    | 36/67 [00:00<00:00, 68.91it/s]
[36m(vLLMHttpServer pid=980252)[0m Capturing CUDA graphs (decode, FULL):  67%|██████▋   | 45/67 [00:00<00:00, 72.85it/s]
[36m(vLLMHttpServer pid=980252)[0m Capturing CUDA graphs (decode, FULL):  79%|███████▉  | 53/67 [00:00<00:00, 74.64it/s]
[36m(vLLMHttpServer pid=980252)[0m Capturing CUDA graphs (decode, FULL):  91%|█████████ | 61/67 [00:00<00:00, 75.59it/s]
[36m(vLLMHttpServer pid=980252)[0m Capturing CUDA graphs (decode, FULL): 100%|██████████| 67/67 [00:00<00:00, 72.16it/s]
[36m(vLLMHttpServer pid=980252)[0m INFO:2026-08-24 20:40:36,252:Initializing a V1 LLM engine with config: model='/tmp/rawtmpl_Qwen2.5-7B-Instruct', speculative_config=None, tokenizer='/tmp/rawtmpl_Qwen2.5-7B-Instruct', skip_tokenizer_init=False, tokenizer_mode=auto, revision=None, tokenizer_revision=None, trust_remote_code=False, dtype=torch.bfloat16, max_seq_len=32768, download_dir=None, load_format=dummy, tensor_parallel_size=2, pipeline_parallel_size=1, data_parallel_size=1, disable_custom_all_reduce=False, quantization=None, enforce_eager=False, kv_cache_dtype=auto, device_config=cuda, structured_outputs_config=StructuredOutputsConfig(backend='auto', disable_fallback=False, disable_any_whitespace=False, disable_additional_properties=False, reasoning_parser=''), observability_config=ObservabilityConfig(show_hidden_metrics_for_version=None, otlp_traces_endpoint=None, collect_detailed_traces=None), seed=0, served_model_name=/tmp/rawtmpl_Qwen2.5-7B-Instruct, enable_prefix_caching=True, chunked_prefill_enabled=True, pooler_config=None, compilation_config={"level":3,"debug_dump_path":"","cache_dir":"","backend":"","custom_ops":[],"splitting_ops":["vllm.unified_attention","vllm.unified_attention_with_output","vllm.mamba_mixer2","vllm.mamba_mixer","vllm.short_conv","vllm.linear_attention","vllm.plamo2_mamba_mixer","vllm.gdn_attention","vllm.sparse_attn_indexer"],"use_inductor":true,"compile_sizes":[],"inductor_compile_config":{"enable_auto_functionalized_v2":false},"inductor_passes":{},"cudagraph_mode":[2,1],"use_cudagraph":true,"cudagraph_num_of_warmups":1,"cudagraph_capture_sizes":[512,504,496,488,480,472,464,456,448,440,432,424,416,408,400,392,384,376,368,360,352,344,336,328,320,312,304,296,288,280,272,264,256,248,240,232,224,216,208,200,192,184,176,168,160,152,144,136,128,120,112,104,96,88,80,72,64,56,48,40,32,24,16,8,4,2,1],"cudagraph_copy_inputs":false,"full_cuda_graph":false,"use_inductor_graph_partition":false,"pass_config":{},"max_capture_size":512,"local_cache_dir":null}
[36m(WorkerDict pid=979036)[0m INFO:2026-08-24 20:40:39,553:update_weights done, time cost: 1.26s
[36m(AgentLoopWorker pid=981428)[0m You're using a Qwen2TokenizerFast tokenizer. Please note that with a fast tokenizer, using the `__call__` method is faster than using a method to encode the text followed by a call to the `pad` method to get a padded encoding.
[36m(TaskRunner pid=978523)[0m Training Progress:   0%|          | 0/586 [00:00<?, ?it/s]
[36m(AgentLoopWorker pid=981423)[0m You're using a Qwen2TokenizerFast tokenizer. Please note that with a fast tokenizer, using the `__call__` method is faster than using a method to encode the text followed by a call to the `pad` method to get a padded encoding.[32m [repeated 7x across cluster][0m
[36m(WorkerDict pid=979036)[0m INFO:2026-08-24 20:47:48,702:update_weights done, time cost: 1.46s
[36m(TaskRunner pid=978523)[0m Training Progress:   0%|          | 1/586 [06:12<60:28:28, 372.15s/it]
[36m(WorkerDict pid=979036)[0m INFO:2026-08-24 20:53:41,681:update_weights done, time cost: 1.44s
[36m(TaskRunner pid=978523)[0m Training Progress:   0%|          | 2/586 [12:05<58:32:24, 360.86s/it]
[36m(WorkerDict pid=979036)[0m INFO:2026-08-24 20:59:34,582:update_weights done, time cost: 1.45s
[36m(TaskRunner pid=978523)[0m Training Progress:   1%|          | 3/586 [17:58<57:51:05, 357.23s/it]
[36m(WorkerDict pid=979036)[0m INFO:2026-08-24 21:05:23,899:update_weights done, time cost: 1.45s
[36m(TaskRunner pid=978523)[0m Training Progress:   1%|          | 4/586 [23:47<57:14:46, 354.10s/it]
[36m(WorkerDict pid=979036)[0m INFO:2026-08-24 21:11:13,941:update_weights done, time cost: 1.46s
[36m(TaskRunner pid=978523)[0m Training Progress:   1%|          | 5/586 [29:37<56:54:44, 352.64s/it]
[36m(WorkerDict pid=979036)[0m INFO:2026-08-24 21:17:01,030:update_weights done, time cost: 1.44s
[36m(TaskRunner pid=978523)[0m Training Progress:   1%|          | 6/586 [35:24<56:30:43, 350.77s/it]
[36m(WorkerDict pid=979036)[0m INFO:2026-08-24 21:22:48,424:update_weights done, time cost: 1.43s
[36m(TaskRunner pid=978523)[0m Training Progress:   1%|          | 7/586 [41:11<56:14:07, 349.65s/it]
[36m(WorkerDict pid=979036)[0m INFO:2026-08-24 21:28:32,176:update_weights done, time cost: 1.47s
[36m(TaskRunner pid=978523)[0m Training Progress:   1%|▏         | 8/586 [46:55<55:50:15, 347.78s/it]
[36m(WorkerDict pid=979036)[0m INFO:2026-08-24 21:34:18,970:update_weights done, time cost: 1.46s
[36m(TaskRunner pid=978523)[0m Training Progress:   2%|▏         | 9/586 [52:42<55:41:28, 347.47s/it]
[36m(WorkerDict pid=979036)[0m INFO:2026-08-24 21:40:04,684:update_weights done, time cost: 1.45s
[36m(TaskRunner pid=978523)[0m Training Progress:   2%|▏         | 10/586 [58:28<55:30:33, 346.93s/it]
[36m(WorkerDict pid=979036)[0m INFO:2026-08-24 21:45:51,532:update_weights done, time cost: 1.47s
[36m(TaskRunner pid=978523)[0m Training Progress:   2%|▏         | 11/586 [1:04:14<55:24:30, 346.90s/it]
[36m(WorkerDict pid=979036)[0m INFO:2026-08-24 21:51:41,809:update_weights done, time cost: 1.47s
[36m(TaskRunner pid=978523)[0m Training Progress:   2%|▏         | 12/586 [1:10:05<55:28:38, 347.94s/it]
[36m(WorkerDict pid=979036)[0m INFO:2026-08-24 21:57:32,497:update_weights done, time cost: 1.46s
[36m(TaskRunner pid=978523)[0m Training Progress:   2%|▏         | 13/586 [1:15:55<55:30:41, 348.76s/it]
[36m(WorkerDict pid=979036)[0m INFO:2026-08-24 22:03:24,731:update_weights done, time cost: 1.49s
[36m(TaskRunner pid=978523)[0m Training Progress:   2%|▏         | 14/586 [1:21:48<55:34:52, 349.81s/it]
[36m(WorkerDict pid=979036)[0m INFO:2026-08-24 22:09:18,568:update_weights done, time cost: 1.46s
[36m(TaskRunner pid=978523)[0m                                                                                    'trace': 'cuda,nvtx,cublas,ucx'},
[36m(TaskRunner pid=978523)[0m                                                      'discrete': False,
[36m(TaskRunner pid=978523)[0m                                                      'worker_nsight_options': {'capture-range': 'cudaProfilerApi',
[36m(TaskRunner pid=978523)[0m                                                                                'capture-range-end': None,
[36m(TaskRunner pid=978523)[0m                                                                                'cuda-graph-trace': 'graph',
[36m(TaskRunner pid=978523)[0m                                                                                'cuda-memory-usage': 'true',
[36m(TaskRunner pid=978523)[0m                                                                                'kill': 'none',
[36m(TaskRunner pid=978523)[0m                                                                                'trace': 'cuda,nvtx,cublas,ucx'}},
[36m(TaskRunner pid=978523)[0m                                             'precision_debugger': {'_target_': 'verl.utils.profiler.config.PrecisionDebuggerToolConfig',
[36m(TaskRunner pid=978523)[0m                                                                    'config_path': None,
[36m(TaskRunner pid=978523)[0m                                                                    'stages': None,
[36m(TaskRunner pid=978523)[0m                                                                    'steps': None,
[36m(TaskRunner pid=978523)[0m                                                                    'strict': False},
[36m(TaskRunner pid=978523)[0m                                             'torch_memory': {'context': 'all',
[36m(TaskRunner pid=978523)[0m                                                              'kw_args': {},
[36m(TaskRunner pid=978523)[0m                                                              'stack_depth': 32,
[36m(TaskRunner pid=978523)[0m                                                              'stacks': 'all',
[36m(TaskRunner pid=978523)[0m                                                              'trace_alloc_max_entries': 100000}},
[36m(TaskRunner pid=978523)[0m                      'profile_continuous_steps': False,
[36m(TaskRunner pid=978523)[0m                      'save_path': 'outputs/profile',
[36m(TaskRunner pid=978523)[0m                      'steps': None,
[36m(TaskRunner pid=978523)[0m                      'tool': None},
[36m(TaskRunner pid=978523)[0m  'model_engine': 'dp',
[36m(TaskRunner pid=978523)[0m  'ray_kwargs': {'ray_init': {'num_cpus': None}, 'timeline_json_file': None},
[36m(TaskRunner pid=978523)[0m  'reward': {'_target_': 'verl.workers.config.RewardConfig',
[36m(TaskRunner pid=978523)[0m             'custom_reward_function': {'name': 'compute_score',
[36m(TaskRunner pid=978523)[0m                                        'path': 'axis_probe/grpo/reward_countdown.py'},
[36m(TaskRunner pid=978523)[0m             'num_workers': 8,
[36m(TaskRunner pid=978523)[0m             'reward_manager': {'_target_': 'verl.workers.config.reward.RewardManagerConfig',
[36m(TaskRunner pid=978523)[0m                                'module': {'_target_': 'verl.trainer.config.config.ModuleConfig',
[36m(TaskRunner pid=978523)[0m                                           'name': 'custom_reward_manager',
[36m(TaskRunner pid=978523)[0m                                           'path': None},
[36m(TaskRunner pid=978523)[0m                                'name': 'naive',
[36m(TaskRunner pid=978523)[0m                                'source': 'register'},
[36m(TaskRunner pid=978523)[0m             'reward_model': {'_target_': 'verl.workers.config.RewardModelConfig',
[36m(TaskRunner pid=978523)[0m                              'enable': False,
[36m(TaskRunner pid=978523)[0m                              'enable_resource_pool': False,
[36m(TaskRunner pid=978523)[0m                              'model_path': None,
[36m(TaskRunner pid=978523)[0m                              'n_gpus_per_node': 8,
[36m(TaskRunner pid=978523)[0m                              'nnodes': 0,
[36m(TaskRunner pid=978523)[0m                              'rollout': {'_target_': 'verl.workers.config.RolloutConfig',
[36m(TaskRunner pid=978523)[0m                                          'cudagraph_capture_sizes': None,
[36m(TaskRunner pid=978523)[0m                                          'data_parallel_size': 1,
[36m(TaskRunner pid=978523)[0m                                          'disable_log_stats': True,
[36m(TaskRunner pid=978523)[0m                                          'disaggregation': {'bootstrap_port': None,
[36m(TaskRunner pid=978523)[0m                                                             'decode_replicas': 1,
[36m(TaskRunner pid=978523)[0m                                                             'decode_tensor_model_parallel_size': None,
[36m(TaskRunner pid=978523)[0m                                                             'enabled': False,
[36m(TaskRunner pid=978523)[0m                                                             'ib_device': None,
[36m(TaskRunner pid=978523)[0m                                                             'prefill_replicas': 1,
[36m(TaskRunner pid=978523)[0m                                                             'transfer_backend': 'nixl'},
[36m(TaskRunner pid=978523)[0m                                          'do_sample': True,
[36m(TaskRunner pid=978523)[0m                                          'dtype': 'bfloat16',
[36m(TaskRunner pid=978523)[0m                                          'enable_chunked_prefill': True,
[36m(TaskRunner pid=978523)[0m                                          'enable_prefix_caching': True,
[36m(TaskRunner pid=978523)[0m                                          'enforce_eager': True,
[36m(TaskRunner pid=978523)[0m                                          'engine_kwargs': {},
[36m(TaskRunner pid=978523)[0m                                          'expert_parallel_size': 1,
[36m(TaskRunner pid=978523)[0m                                          'free_cache_engine': True,
[36m(TaskRunner pid=978523)[0m                                          'gpu_memory_utilization': 0.5,
[36m(TaskRunner pid=978523)[0m                                          'ignore_eos': False,
[36m(TaskRunner pid=978523)[0m                                          'layered_summon': False,
[36m(TaskRunner pid=978523)[0m                                          'limit_images': None,
[36m(TaskRunner pid=978523)[0m                                          'load_format': 'auto',
[36m(TaskRunner pid=978523)[0m                                          'max_model_len': None,
[36m(TaskRunner pid=978523)[0m                                          'max_num_batched_tokens': 8192,
[36m(TaskRunner pid=978523)[0m                                          'max_num_seqs': 1024,
[36m(TaskRunner pid=978523)[0m                                          'mtp': None,
[36m(TaskRunner pid=978523)[0m                                          'multi_stage_wake_up': False,
[36m(TaskRunner pid=978523)[0m                                          'n': 1,
[36m(TaskRunner pid=978523)[0m                                          'name': '???',
[36m(TaskRunner pid=978523)[0m                                          'pipeline_model_parallel_size': 1,
[36m(TaskRunner pid=978523)[0m                                          'prompt_length': 2048,
[36m(TaskRunner pid=978523)[0m                                          'quantization': None,
[36m(TaskRunner pid=978523)[0m                                          'quantization_config_file': None,
[36m(TaskRunner pid=978523)[0m                                          'response_length': 2048,
[36m(TaskRunner pid=978523)[0m                                          'scheduling_policy': 'fcfs',
[36m(TaskRunner pid=978523)[0m                                          'skip_tokenizer_init': False,
[36m(TaskRunner pid=978523)[0m                                          'temperature': 1.0,
[36m(TaskRunner pid=978523)[0m                                          'tensor_model_parallel_size': 2,
[36m(TaskRunner pid=978523)[0m                                          'top_k': -1,
[36m(TaskRunner pid=978523)[0m                                          'top_p': 1}},
[36m(TaskRunner pid=978523)[0m             'sandbox_fusion': {'_target_': 'verl.workers.config.SandboxFusionConfig',
[36m(TaskRunner pid=978523)[0m                                'max_concurrent': 64,
[36m(TaskRunner pid=978523)[0m                                'memory_limit_mb': 1024,
[36m(TaskRunner pid=978523)[0m                                'url': None}},
[36m(TaskRunner pid=978523)[0m  'trainer': {'balance_batch': True,
[36m(TaskRunner pid=978523)[0m              'critic_warmup': 0,
[36m(TaskRunner pid=978523)[0m              'default_hdfs_dir': None,
[36m(TaskRunner pid=978523)[0m              'default_local_dir': '/var/tmp/es_ckpts/grpo_countdown_7b_bs64g8_gen586',
[36m(TaskRunner pid=978523)[0m              'del_local_ckpt_after_load': False,
[36m(TaskRunner pid=978523)[0m              'device': 'cuda',
[36m(TaskRunner pid=978523)[0m              'esi_redundant_time': 0,
[36m(TaskRunner pid=978523)[0m              'experiment_name': 'gsm8k',
[36m(TaskRunner pid=978523)[0m              'log_val_generations': 0,
[36m(TaskRunner pid=978523)[0m              'logger': ['console'],
[36m(TaskRunner pid=978523)[0m              'max_actor_ckpt_to_keep': 1,
[36m(TaskRunner pid=978523)[0m              'max_critic_ckpt_to_keep': None,
[36m(TaskRunner pid=978523)[0m              'n_gpus_per_node': 2,
[36m(TaskRunner pid=978523)[0m              'nnodes': 1,
[36m(TaskRunner pid=978523)[0m              'project_name': 'verl_examples',
[36m(TaskRunner pid=978523)[0m              'ray_wait_register_center_timeout': 300,
[36m(TaskRunner pid=978523)[0m              'resume_from_path': None,
[36m(TaskRunner pid=978523)[0m              'resume_mode': 'auto',
[36m(TaskRunner pid=978523)[0m              'rollout_data_dir': None,
[36m(TaskRunner pid=978523)[0m              'save_freq': 586,
[36m(TaskRunner pid=978523)[0m              'test_freq': 100,
[36m(TaskRunner pid=978523)[0m              'total_epochs': 1000,
[36m(TaskRunner pid=978523)[0m              'total_training_steps': 586,
[36m(TaskRunner pid=978523)[0m              'val_before_train': True,
[36m(TaskRunner pid=978523)[0m              'val_only': False,
[36m(TaskRunner pid=978523)[0m              'validation_data_dir': None},
[36m(TaskRunner pid=978523)[0m  'transfer_queue': {'backend': {'MooncakeStore': {'auto_init': False,
[36m(TaskRunner pid=978523)[0m                                                   'device_name': '',
[36m(TaskRunner pid=978523)[0m                                                   'global_segment_size': 4294967296,
[36m(TaskRunner pid=978523)[0m                                                   'local_buffer_size': 1073741824,
[36m(TaskRunner pid=978523)[0m                                                   'local_hostname': 'localhost',
[36m(TaskRunner pid=978523)[0m                                                   'master_server_address': 'localhost:50124',
[36m(TaskRunner pid=978523)[0m                                                   'metadata_server': 'localhost:50123',
[36m(TaskRunner pid=978523)[0m                                                   'protocol': 'tcp'},
[36m(TaskRunner pid=978523)[0m                                 'SimpleStorage': {'num_data_storage_units': 8,
[36m(TaskRunner pid=978523)[0m                                                   'total_storage_size': 100000},
[36m(TaskRunner pid=978523)[0m                                 'storage_backend': 'SimpleStorage'},
[36m(TaskRunner pid=978523)[0m                     'enable': False,
[36m(TaskRunner pid=978523)[0m                     'metrics': {'enabled': False, 'port': 0}}}
[36m(TaskRunner pid=978523)[0m [validate_config] All configuration checks passed successfully!
[36m(TaskRunner pid=978523)[0m Using dataset class: RLHFDataset
[36m(TaskRunner pid=978523)[0m dataset len: 1900
[36m(TaskRunner pid=978523)[0m filter dataset len: 1900
[36m(TaskRunner pid=978523)[0m Using dataset class: RLHFDataset
[36m(TaskRunner pid=978523)[0m dataset len: 300
[36m(TaskRunner pid=978523)[0m filter dataset len: 300
[36m(TaskRunner pid=978523)[0m Size of train dataloader: 29, Size of val dataloader: 1
[36m(TaskRunner pid=978523)[0m Total training steps: 586
[36m(TaskRunner pid=978523)[0m colocated worker base class <class 'verl.single_controller.base.worker.Worker'>
[36m(WorkerDict pid=979037)[0m [Gloo] Rank 1 is connected to 1 peer ranks. Expected number of connected peer ranks is : 1
[36m(WorkerDict pid=979037)[0m Warning: Failed to set NUMA affinity: libnuma.so: cannot open shared object file: No such file or directory
[36m(WorkerDict pid=979036)[0m Monkey patch _flash_attention_forward in transformers.integrations.flash_attention
[36m(WorkerDict pid=979036)[0m Skipping monkey patch for Qwen2ForCausalLM as use_fused_kernels is False or fused_kernels_backend is torch
[36m(WorkerDict pid=979036)[0m [Gloo] Rank 0 is connected to 1 peer ranks. Expected number of connected peer ranks is : 1
[36m(WorkerDict pid=979036)[0m Warning: Failed to set NUMA affinity: libnuma.so: cannot open shared object file: No such file or directory
[36m(WorkerDict pid=979036)[0m Qwen2ForCausalLM contains 7.62B parameters
[36m(WorkerDict pid=979036)[0m Before FSDP, memory allocated (GB): 0.00, memory reserved (GB): 0.00, device memory used/total (GB): 0.51/139.80
[36m(WorkerDict pid=979037)[0m Warning: Failed to set NUMA affinity: libnuma.so: cannot open shared object file: No such file or directory
[36m(WorkerDict pid=979037)[0m Monkey patch _flash_attention_forward in transformers.integrations.flash_attention
[36m(WorkerDict pid=979037)[0m Skipping monkey patch for Qwen2ForCausalLM as use_fused_kernels is False or fused_kernels_backend is torch
[36m(WorkerDict pid=979036)[0m After FSDP, memory allocated (GB): 0.00, memory reserved (GB): 14.74, device memory used/total (GB): 15.73/139.80
[36m(WorkerDict pid=979036)[0m Monkey patch _flash_attention_forward in transformers.integrations.flash_attention
[36m(WorkerDict pid=979036)[0m Skipping monkey patch for Qwen2ForCausalLM as use_fused_kernels is False or fused_kernels_backend is torch
[36m(WorkerDict pid=979036)[0m Warning: Failed to set NUMA affinity: libnuma.so: cannot open shared object file: No such file or directory
[36m(WorkerDict pid=979036)[0m Qwen2ForCausalLM contains 7.62B parameters
[36m(WorkerDict pid=979036)[0m Before FSDP, memory allocated (GB): 0.00, memory reserved (GB): 14.74, device memory used/total (GB): 15.73/139.80
[36m(WorkerDict pid=979037)[0m [Gloo] Rank 0 is connected to 0 peer ranks. Expected number of connected peer ranks is : 0
[36m(WorkerDict pid=979037)[0m [Gloo] Rank 1 is connected to 1 peer ranks. Expected number of connected peer ranks is : 1
[36m(WorkerDict pid=979037)[0m [Gloo] Rank 0 is connected to 0 peer ranks. Expected number of connected peer ranks is : 0
[36m(WorkerDict pid=979036)[0m After FSDP, memory allocated (GB): 14.19, memory reserved (GB): 27.79, device memory used/total (GB): 28.79/139.80
[36m(WorkerDict pid=979036)[0m Total steps: 586, num_warmup_steps: 0
[36m(WorkerDict pid=979036)[0m NCCL version 2.27.3+cuda12.9
[36m(TaskRunner pid=978523)[0m WARNING 08-24 20:39:08 [api_server.py:1213] LoRA dynamic loading & unloading is enabled in the API server. This should ONLY be used for local development!
[36m(WorkerDict pid=979037)[0m Monkey patch _flash_attention_forward in transformers.integrations.flash_attention
[36m(WorkerDict pid=979037)[0m Skipping monkey patch for Qwen2ForCausalLM as use_fused_kernels is False or fused_kernels_backend is torch
[36m(WorkerDict pid=979036)[0m [Gloo] Rank 0 is connected to 0 peer ranks. Expected number of connected peer ranks is : 0[32m [repeated 3x across cluster][0m
[36m(pid=980252)[0m WARNING 08-24 20:39:35 [api_server.py:1213] LoRA dynamic loading & unloading is enabled in the API server. This should ONLY be used for local development!
[36m(vLLMHttpServer pid=980252)[0m ['serve',
[36m(vLLMHttpServer pid=980252)[0m  '/tmp/rawtmpl_Qwen2.5-7B-Instruct',
[36m(vLLMHttpServer pid=980252)[0m  '--dtype',
[36m(vLLMHttpServer pid=980252)[0m  'bfloat16',
[36m(vLLMHttpServer pid=980252)[0m  '--load_format',
[36m(vLLMHttpServer pid=980252)[0m  'dummy',
[36m(vLLMHttpServer pid=980252)[0m  '--distributed_executor_backend',
[36m(vLLMHttpServer pid=980252)[0m  'mp',
[36m(vLLMHttpServer pid=980252)[0m  '--worker_extension_cls',
[36m(vLLMHttpServer pid=980252)[0m  'verl.workers.rollout.vllm_rollout.utils.vLLMColocateWorkerExtension',
[36m(vLLMHttpServer pid=980252)[0m  '--max_model_len',
[36m(vLLMHttpServer pid=980252)[0m  '32768',
[36m(vLLMHttpServer pid=980252)[0m  '--max_num_seqs',
[36m(vLLMHttpServer pid=980252)[0m  '1024',
[36m(vLLMHttpServer pid=980252)[0m  '--enable_chunked_prefill',
[36m(vLLMHttpServer pid=980252)[0m  '--max_num_batched_tokens',
[36m(vLLMHttpServer pid=980252)[0m  '8192',
[36m(vLLMHttpServer pid=980252)[0m  '--enable_prefix_caching',
[36m(vLLMHttpServer pid=980252)[0m  '--enable_sleep_mode',
[36m(vLLMHttpServer pid=980252)[0m  '--logprobs_mode',
[36m(vLLMHttpServer pid=980252)[0m  'processed_logprobs',
[36m(vLLMHttpServer pid=980252)[0m  '--gpu_memory_utilization',
[36m(vLLMHttpServer pid=980252)[0m  '0.5',
[36m(vLLMHttpServer pid=980252)[0m  '--disable_log_stats',
[36m(vLLMHttpServer pid=980252)[0m  '--tensor_parallel_size',
[36m(vLLMHttpServer pid=980252)[0m  '2',
[36m(vLLMHttpServer pid=980252)[0m  '--seed',
[36m(vLLMHttpServer pid=980252)[0m  '0',
[36m(vLLMHttpServer pid=980252)[0m  '--override_generation_config',
[36m(vLLMHttpServer pid=980252)[0m  '{"temperature": 1.0, "top_k": -1, "top_p": 1, "repetition_penalty": 1.0, '
[36m(vLLMHttpServer pid=980252)[0m  '"max_new_tokens": 2048}',
[36m(vLLMHttpServer pid=980252)[0m  '--hf_overrides',
[36m(vLLMHttpServer pid=980252)[0m  '{}',
[36m(vLLMHttpServer pid=980252)[0m  '--scheduling_policy',
[36m(vLLMHttpServer pid=980252)[0m  'fcfs',
[36m(vLLMHttpServer pid=980252)[0m  '--compilation_config',
[36m(vLLMHttpServer pid=980252)[0m  '{"cudagraph_mode": "FULL_AND_PIECEWISE"}']
[36m(vLLMHttpServer pid=980252)[0m WARNING 08-24 20:39:36 [__init__.py:3036] We must use the `spawn` multiprocessing start method. Overriding VLLM_WORKER_MULTIPROC_METHOD to 'spawn'. See https://docs.vllm.ai/en/latest/usage/troubleshooting.html#python-multiprocessing for more information. Reasons: In a Ray actor and can only be spawned; CUDA is initialized
[36m(vLLMHttpServer pid=980252)[0m [Gloo] Rank 0 is connected to 1 peer ranks. Expected number of connected peer ranks is : 1
[36m(vLLMHttpServer pid=980252)[0m [Gloo] Rank 1 is connected to 1 peer ranks. Expected number of connected peer ranks is : 1
[36m(vLLMHttpServer pid=980252)[0m [Gloo] Rank 1 is connected to 1 peer ranks. Expected number of connected peer ranks is : 1
[36m(vLLMHttpServer pid=980252)[0m [Gloo] Rank 0 is connected to 1 peer ranks. Expected number of connected peer ranks is : 1
[36m(vLLMHttpServer pid=980252)[0m WARNING 08-24 20:40:15 [symm_mem.py:90] SymmMemCommunicator: symmetric memory multicast operations are not supported.
[36m(vLLMHttpServer pid=980252)[0m WARNING 08-24 20:40:15 [symm_mem.py:90] SymmMemCommunicator: symmetric memory multicast operations are not supported.
[36m(vLLMHttpServer pid=980252)[0m [Gloo] Rank 0 is connected to 0 peer ranks. Expected number of connected peer ranks is : 0
[36m(vLLMHttpServer pid=980252)[0m NCCL version 2.27.3+cuda12.9
[36m(vLLMHttpServer pid=980252)[0m [Gloo] Rank 0 is connected to 0 peer ranks. Expected number of connected peer ranks is : 0
[36m(vLLMHttpServer pid=980252)[0m [Gloo] Rank 0 is connected to 0 peer ranks. Expected number of connected peer ranks is : 0
[36m(vLLMHttpServer pid=980252)[0m [Gloo] Rank 0 is connected to 0 peer ranks. Expected number of connected peer ranks is : 0
[36m(vLLMHttpServer pid=980252)[0m [Gloo] Rank 0 is connected to 0 peer ranks. Expected number of connected peer ranks is : 0
[36m(vLLMHttpServer pid=980252)[0m [Gloo] Rank 0 is connected to 0 peer ranks. Expected number of connected peer ranks is : 0
[36m(vLLMHttpServer pid=980252)[0m [Gloo] Rank 1 is connected to 1 peer ranks. Expected number of connected peer ranks is : 1
[36m(vLLMHttpServer pid=980252)[0m [Gloo] Rank 0 is connected to 1 peer ranks. Expected number of connected peer ranks is : 1
[36m(vLLMHttpServer pid=980252)[0m WARNING 08-24 20:40:36 [model.py:1389] Default sampling parameters have been overridden by the model's Hugging Face generation config recommended from the model creator. If this is not intended, please relaunch vLLM instance with `--generation-config vllm`.
[36m(TaskRunner pid=978523)[0m LLMServerManager: ['10.233.74.151:34287']
[36m(TaskRunner pid=978523)[0m Checkpoint tracker file does not exist: /var/tmp/es_ckpts/grpo_countdown_7b_bs64g8_gen586/latest_checkpointed_iteration.txt
[36m(TaskRunner pid=978523)[0m Training from scratch
[36m(WorkerDict pid=979036)[0m WARNING 08-24 20:40:37 [api_server.py:1213] LoRA dynamic loading & unloading is enabled in the API server. This should ONLY be used for local development!
[36m(TaskRunner pid=978523)[0m test_gen_batch meta info: {'eos_token_id': 151645, 'pad_token_id': 151643, 'recompute_log_prob': False, 'do_sample': False, 'validate': True, 'global_steps': 0}
[36m(AgentLoopWorker pid=981422)[0m Using dataset class: RLHFDataset
[36m(GlobalRequestLoadBalancer pid=981431)[0m WARNING 08-24 20:41:04 [api_server.py:1213] LoRA dynamic loading & unloading is enabled in the API server. This should ONLY be used for local development!
[36m(AgentLoopWorker pid=981424)[0m Using dataset class: RLHFDataset[32m [repeated 7x across cluster][0m
[36m(AgentLoopWorker pid=981425)[0m WARNING 08-24 20:41:13 [api_server.py:1213] LoRA dynamic loading & unloading is enabled in the API server. This should ONLY be used for local development!
[36m(AgentLoopWorker pid=981427)[0m WARNING 08-24 20:41:13 [api_server.py:1213] LoRA dynamic loading & unloading is enabled in the API server. This should ONLY be used for local development!
[36m(TaskRunner pid=978523)[0m validation generation end
[36m(AgentLoopWorker pid=981429)[0m WARNING 08-24 20:41:13 [api_server.py:1213] LoRA dynamic loading & unloading is enabled in the API server. This should ONLY be used for local development![32m [repeated 6x across cluster][0m
[36m(TaskRunner pid=978523)[0m ("Initial validation metrics: {'val-aux/countdown_es/reward/mean@1': "
[36m(TaskRunner pid=978523)[0m  "0.33666666666666667, 'val-core/countdown_es/acc/mean@1': "
[36m(TaskRunner pid=978523)[0m  "0.33666666666666667, 'val-aux/num_turns/min': 2, 'val-aux/num_turns/max': 2, "
[36m(TaskRunner pid=978523)[0m  "'val-aux/num_turns/mean': 2.0}")
[36m(TaskRunner pid=978523)[0m step:0 - val-aux/countdown_es/reward/mean@1:0.33666666666666667 - val-core/countdown_es/acc/mean@1:0.33666666666666667 - val-aux/num_turns/min:2 - val-aux/num_turns/max:2 - val-aux/num_turns/mean:2.0
[36m(TaskRunner pid=978523)[0m step:1 - global_seqlen/min:267681 - global_seqlen/max:291880 - global_seqlen/minmax_diff:24199 - global_seqlen/balanced_min:279767 - global_seqlen/balanced_max:279794 - global_seqlen/mean:279780.5 - actor/entropy:0.4330627918243408 - perf/mfu/actor_infer:0.0886007858096327 - actor/pg_clipfrac:0.0 - actor/ppo_kl:0.0 - actor/pg_clipfrac_lower:0.0 - actor/pg_loss:0.13278693974530142 - actor/kl_loss:0.0 - actor/kl_coef:0.0010000000000000005 - actor/loss:0.13278692960739136 - actor/grad_norm:0.19473077356815338 - actor/lr:1e-06 - actor/perf/max_memory_allocated_gb:73.02188014984131 - actor/perf/max_memory_reserved_gb:90.96484375 - actor/perf/cpu_memory_used_gb:27.571929931640625 - perf/mfu/actor:0.06677963548194275 - training/global_step:1 - training/epoch:0 - critic/score/mean:0.2421875 - critic/score/max:1.0 - critic/score/min:0.0 - critic/rewards/mean:0.2421875 - critic/rewards/max:1.0 - critic/rewards/min:0.0 - critic/advantages/mean:-0.13278694450855255 - critic/advantages/max:2.4748666286468506 - critic/advantages/min:-2.4748666286468506 - critic/returns/mean:-0.13278694450855255 - critic/returns/max:2.4748666286468506 - critic/returns/min:-2.4748666286468506 - response_length/mean:968.923828125 - response_length/max:2048.0 - response_length/min:103.0 - response_length/clip_ratio:0.310546875 - response_length_non_aborted/mean:968.923828125 - response_length_non_aborted/max:2048.0 - response_length_non_aborted/min:103.0 - response_length_non_aborted/clip_ratio:0.310546875 - response/aborted_ratio:0.0 - prompt_length/mean:123.96875 - prompt_length/max:138.0 - prompt_length/min:122.0 - prompt_length/clip_ratio:0.0 - num_turns/min:2 - num_turns/max:2 - num_turns/mean:2.0 - timing_s/start_profile:0.00023163855075836182 - timing_s/agent_loop/num_preempted/min:-1 - timing_s/agent_loop/num_preempted/max:-1 - timing_s/agent_loop/num_preempted/mean:-1.0 - timing_s/agent_loop/generate_sequences/min:3.040280992165208 - timing_s/agent_loop/generate_sequences/max:32.15388973802328 - timing_s/agent_loop/generate_sequences/mean:17.54005147286989 - timing_s/agent_loop/tool_calls/min:0.0 - timing_s/agent_loop/tool_calls/max:0.0 - timing_s/agent_loop/tool_calls/mean:0.0 - timing_s/agent_loop/compute_score/min:0.0030343029648065567 - timing_s/agent_loop/compute_score/max:0.09944019000977278 - timing_s/agent_loop/compute_score/mean:0.014771690393899917 - timing_s/agent_loop/slowest/generate_sequences:32.08600967656821 - timing_s/agent_loop/slowest/tool_calls:0.0 - timing_s/agent_loop/slowest/compute_score:0.08246813528239727 - timing_s/agent_loop/slowest/num_preempted:-1 - timing_s/agent_loop/slowest/prompt_length:125 - timing_s/agent_loop/slowest/response_length:2048 - timing_s/gen:32.954976085573435 - timing_s/reward:3.1060539186000824e-05 - timing_s/old_log_prob:50.06737814284861 - timing_s/ref:87.42661148589104 - timing_s/adv:0.011688034050166607 - timing_s/update_actor:198.59621730912477 - timing_s/update_weights:2.855427775532007 - timing_s/step:372.0126879736781 - timing_s/stop_profile:3.4010037779808044e-05 - timing_per_token_ms/ref:0.15624143120390993 - timing_per_token_ms/update_actor:0.35491432982127913 - timing_per_token_ms/adv:2.0887863968658658e-05 - timing_per_token_ms/gen:0.06642956422249523 - perf/total_num_tokens:559561 - perf/time_per_step:372.0126879736781 - perf/throughput:752.0724670008997
[36m(TaskRunner pid=978523)[0m step:2 - global_seqlen/min:253106 - global_seqlen/max:264327 - global_seqlen/minmax_diff:11221 - global_seqlen/balanced_min:258715 - global_seqlen/balanced_max:258718 - global_seqlen/mean:258716.5 - actor/entropy:0.4305814504623413 - perf/mfu/actor_infer:0.0902835862662627 - actor/pg_clipfrac:0.0 - actor/ppo_kl:0.0 - actor/pg_clipfrac_lower:0.0 - actor/pg_loss:0.14376471176547057 - actor/kl_loss:0.0005592270099299412 - actor/kl_coef:0.0010000000000000005 - actor/loss:0.14376527070999146 - actor/grad_norm:0.2182789295911789 - actor/lr:1e-06 - actor/perf/max_memory_allocated_gb:73.02188014984131 - actor/perf/max_memory_reserved_gb:111.2578125 - actor/perf/cpu_memory_used_gb:27.924610137939453 - perf/mfu/actor:0.06153705032521398 - training/global_step:2 - training/epoch:0 - critic/score/mean:0.34375 - critic/score/max:1.0 - critic/score/min:0.0 - critic/rewards/mean:0.34375 - critic/rewards/max:1.0 - critic/rewards/min:0.0 - critic/advantages/mean:-0.14376471936702728 - critic/advantages/max:2.4748666286468506 - critic/advantages/min:-2.4748666286468506 - critic/returns/mean:-0.14376471936702728 - critic/returns/max:2.4748666286468506 - critic/returns/min:-2.4748666286468506 - response_length/mean:887.111328125 - response_length/max:2048.0 - response_length/min:92.0 - response_length/clip_ratio:0.27734375 - response_length_non_aborted/mean:887.111328125 - response_length_non_aborted/max:2048.0 - response_length_non_aborted/min:92.0 - response_length_non_aborted/clip_ratio:0.27734375 - response/aborted_ratio:0.0 - prompt_length/mean:123.5 - prompt_length/max:140.0 - prompt_length/min:122.0 - prompt_length/clip_ratio:0.0 - num_turns/min:2 - num_turns/max:2 - num_turns/mean:2.0 - timing_s/start_profile:5.102064460515976e-05 - timing_s/agent_loop/num_preempted/min:-1 - timing_s/agent_loop/num_preempted/max:-1 - timing_s/agent_loop/num_preempted/mean:-1.0 - timing_s/agent_loop/generate_sequences/min:2.7871568761765957 - timing_s/agent_loop/generate_sequences/max:30.308184144087136 - timing_s/agent_loop/generate_sequences/mean:15.505725361093937 - timing_s/agent_loop/tool_calls/min:0.0 - timing_s/agent_loop/tool_calls/max:0.0 - timing_s/agent_loop/tool_calls/mean:0.0 - timing_s/agent_loop/compute_score/min:0.00328278262168169 - timing_s/agent_loop/compute_score/max:0.08839393872767687 - timing_s/agent_loop/compute_score/mean:0.01303989186999388 - timing_s/agent_loop/slowest/generate_sequences:30.270298609510064 - timing_s/agent_loop/slowest/tool_calls:0.0 - timing_s/agent_loop/slowest/compute_score:0.045257722958922386 - timing_s/agent_loop/slowest/num_preempted:-1 - timing_s/agent_loop/slowest/prompt_length:125 - timing_s/agent_loop/slowest/response_length:2048 - timing_s/gen:31.20692923106253 - timing_s/reward:2.0990148186683655e-05 - timing_s/old_log_prob:45.36011209804565 - timing_s/ref:74.63334711361676 - timing_s/adv:0.011112719774246216 - timing_s/update_actor:198.82750009838492 - timing_s/update_weights:2.8227970050647855 - timing_s/step:352.95233374089 - timing_s/stop_profile:8.2419253885746e-05 - timing_per_token_ms/ref:0.1442377024921425 - timing_per_token_ms/update_actor:0.38425747893618095 - timing_per_token_ms/adv:2.1476635186094076e-05 - timing_per_token_ms/gen:0.0687073107083924 - perf/total_num_tokens:517433 - perf/time_per_step:352.95233374089 - perf/throughput:733.0069113239789
[36m(TaskRunner pid=978523)[0m step:3 - global_seqlen/min:249536 - global_seqlen/max:265384 - global_seqlen/minmax_diff:15848 - global_seqlen/balanced_min:257459 - global_seqlen/balanced_max:257461 - global_seqlen/mean:257460.0 - actor/entropy:0.4314028024673462 - perf/mfu/actor_infer:0.089938507847189 - actor/pg_clipfrac:0.0 - actor/ppo_kl:0.0 - actor/pg_clipfrac_lower:0.0 - actor/pg_loss:0.12656030826042297 - actor/kl_loss:0.000632928014766776 - actor/kl_coef:0.0010000000000000005 - actor/loss:0.12656094133853912 - actor/grad_norm:0.21538135409355164 - actor/lr:1e-06 - actor/perf/max_memory_allocated_gb:73.02188014984131 - actor/perf/max_memory_reserved_gb:112.1171875 - actor/perf/cpu_memory_used_gb:28.009723663330078 - perf/mfu/actor:0.06122875328403878 - training/global_step:3 - training/epoch:0 - critic/score/mean:0.2734375 - critic/score/max:1.0 - critic/score/min:0.0 - critic/rewards/mean:0.2734375 - critic/rewards/max:1.0 - critic/rewards/min:0.0 - critic/advantages/mean:-0.12656033039093018 - critic/advantages/max:2.4748666286468506 - critic/advantages/min:-2.4748666286468506 - critic/returns/mean:-0.12656033039093018 - critic/returns/max:2.4748666286468506 - critic/returns/min:-2.4748666286468506 - response_length/mean:882.046875 - response_length/max:2048.0 - response_length/min:76.0 - response_length/clip_ratio:0.2578125 - response_length_non_aborted/mean:882.046875 - response_length_non_aborted/max:2048.0 - response_length_non_aborted/min:76.0 - response_length_non_aborted/clip_ratio:0.2578125 - response/aborted_ratio:0.0 - prompt_length/mean:123.65625 - prompt_length/max:140.0 - prompt_length/min:119.0 - prompt_length/clip_ratio:0.0 - num_turns/min:2 - num_turns/max:2 - num_turns/mean:2.0 - timing_s/start_profile:0.00010700896382331848 - timing_s/agent_loop/num_preempted/min:-1 - timing_s/agent_loop/num_preempted/max:-1 - timing_s/agent_loop/num_preempted/mean:-1.0 - timing_s/agent_loop/generate_sequences/min:2.3858047472313046 - timing_s/agent_loop/generate_sequences/max:30.092292547225952 - timing_s/agent_loop/generate_sequences/mean:15.554220814845394 - timing_s/agent_loop/tool_calls/min:0.0 - timing_s/agent_loop/tool_calls/max:0.0 - timing_s/agent_loop/tool_calls/mean:0.0 - timing_s/agent_loop/compute_score/min:0.0034499429166316986 - timing_s/agent_loop/compute_score/max:0.0792183093726635 - timing_s/agent_loop/compute_score/mean:0.01212740947266866 - timing_s/agent_loop/slowest/generate_sequences:30.092292547225952 - timing_s/agent_loop/slowest/tool_calls:0.0 - timing_s/agent_loop/slowest/compute_score:0.004362103529274464 - timing_s/agent_loop/slowest/num_preempted:-1 - timing_s/agent_loop/slowest/prompt_length:122 - timing_s/agent_loop/slowest/response_length:2048 - timing_s/gen:30.81821944285184 - timing_s/reward:2.0910054445266724e-05 - timing_s/old_log_prob:45.68211761303246 - timing_s/ref:74.66925601754338 - timing_s/adv:0.010724999010562897 - timing_s/update_actor:198.79186181444675 - timing_s/update_weights:2.826932154595852 - timing_s/step:352.89404102694243 - timing_s/stop_profile:7.606856524944305e-05 - timing_per_token_ms/ref:0.14501137267448025 - timing_per_token_ms/update_actor:0.386063586216202 - timing_per_token_ms/adv:2.0828476288671827e-05 - timing_per_token_ms/gen:0.06824108395522631 - perf/total_num_tokens:514920 - perf/time_per_step:352.89404102694243 - perf/throughput:729.5674340399069
[36m(TaskRunner pid=978523)[0m step:4 - global_seqlen/min:236051 - global_seqlen/max:249564 - global_seqlen/minmax_diff:13513 - global_seqlen/balanced_min:242806 - global_seqlen/balanced_max:242809 - global_seqlen/mean:242807.5 - actor/entropy:0.42954933643341064 - perf/mfu/actor_infer:0.0855612254099317 - actor/pg_clipfrac:0.0 - actor/ppo_kl:0.0 - actor/pg_clipfrac_lower:0.0 - actor/pg_loss:0.18793453997818688 - actor/kl_loss:0.0008073647587991672 - actor/kl_coef:0.0010000000000000005 - actor/loss:0.18793535232543945 - actor/grad_norm:0.25723519921302795 - actor/lr:1e-06 - actor/perf/max_memory_allocated_gb:73.02188014984131 - actor/perf/max_memory_reserved_gb:112.1171875 - actor/perf/cpu_memory_used_gb:28.025955200195312 - perf/mfu/actor:0.058041438206712655 - training/global_step:4 - training/epoch:0 - critic/score/mean:0.330078125 - critic/score/max:1.0 - critic/score/min:0.0 - critic/rewards/mean:0.330078125 - critic/rewards/max:1.0 - critic/rewards/min:0.0 - critic/advantages/mean:-0.18793454766273499 - critic/advantages/max:2.4748666286468506 - critic/advantages/min:-2.4748666286468506 - critic/returns/mean:-0.18793454766273499 - critic/returns/max:2.4748666286468506 - critic/returns/min:-2.4748666286468506 - response_length/mean:824.826171875 - response_length/max:2048.0 - response_length/min:90.0 - response_length/clip_ratio:0.21484375 - response_length_non_aborted/mean:824.826171875 - response_length_non_aborted/max:2048.0 - response_length_non_aborted/min:90.0 - response_length_non_aborted/clip_ratio:0.21484375 - response/aborted_ratio:0.0 - prompt_length/mean:123.640625 - prompt_length/max:137.0 - prompt_length/min:122.0 - prompt_length/clip_ratio:0.0 - num_turns/min:2 - num_turns/max:2 - num_turns/mean:2.0 - timing_s/start_profile:0.00010060891509056091 - timing_s/agent_loop/num_preempted/min:-1 - timing_s/agent_loop/num_preempted/max:-1 - timing_s/agent_loop/num_preempted/mean:-1.0 - timing_s/agent_loop/generate_sequences/min:2.7395316138863564 - timing_s/agent_loop/generate_sequences/max:28.455968911759555 - timing_s/agent_loop/generate_sequences/mean:14.547963458715458 - timing_s/agent_loop/tool_calls/min:0.0 - timing_s/agent_loop/tool_calls/max:0.0 - timing_s/agent_loop/tool_calls/mean:0.0 - timing_s/agent_loop/compute_score/min:0.0029992489144206047 - timing_s/agent_loop/compute_score/max:0.07237671874463558 - timing_s/agent_loop/compute_score/mean:0.010472689195012208 - timing_s/agent_loop/slowest/generate_sequences:28.438433861359954 - timing_s/agent_loop/slowest/tool_calls:0.0 - timing_s/agent_loop/slowest/compute_score:0.021788356825709343 - timing_s/agent_loop/slowest/num_preempted:-1 - timing_s/agent_loop/slowest/prompt_length:125 - timing_s/agent_loop/slowest/response_length:2048 - timing_s/gen:29.18386236205697 - timing_s/reward:1.531001180410385e-05 - timing_s/old_log_prob:45.18485257681459 - timing_s/ref:74.48900336306542 - timing_s/adv:0.011246996000409126 - timing_s/update_actor:197.51210902351886 - timing_s/update_weights:2.8202388314530253 - timing_s/step:349.288422703743 - timing_s/stop_profile:7.27195292711258e-05 - timing_per_token_ms/ref:0.15339106774515907 - timing_per_token_ms/update_actor:0.4067257169229098 - timing_per_token_ms/adv:2.3160314241547577e-05 - timing_per_token_ms/gen:0.06910514374964652 - perf/total_num_tokens:485615 - perf/time_per_step:349.288422703743 - perf/throughput:695.1490064299749
[36m(TaskRunner pid=978523)[0m step:5 - global_seqlen/min:239074 - global_seqlen/max:250936 - global_seqlen/minmax_diff:11862 - global_seqlen/balanced_min:245004 - global_seqlen/balanced_max:245006 - global_seqlen/mean:245005.0 - actor/entropy:0.3977753520011902 - perf/mfu/actor_infer:0.08624506317740006 - actor/pg_clipfrac:0.0 - actor/ppo_kl:0.0 - actor/pg_clipfrac_lower:0.0 - actor/pg_loss:0.1790561058539879 - actor/kl_loss:0.0011119667420871338 - actor/kl_coef:0.0010000000000000005 - actor/loss:0.17905721068382263 - actor/grad_norm:0.23885437846183777 - actor/lr:1e-06 - actor/perf/max_memory_allocated_gb:73.02188014984131 - actor/perf/max_memory_reserved_gb:112.1171875 - actor/perf/cpu_memory_used_gb:28.188697814941406 - perf/mfu/actor:0.05847507414977603 - training/global_step:5 - training/epoch:0 - critic/score/mean:0.318359375 - critic/score/max:1.0 - critic/score/min:0.0 - critic/rewards/mean:0.318359375 - critic/rewards/max:1.0 - critic/rewards/min:0.0 - critic/advantages/mean:-0.1790560930967331 - critic/advantages/max:2.4748666286468506 - critic/advantages/min:-2.4748666286468506 - critic/returns/mean:-0.1790560930967331 - critic/returns/max:2.4748666286468506 - critic/returns/min:-2.4748666286468506 - response_length/mean:833.56640625 - response_length/max:2048.0 - response_length/min:73.0 - response_length/clip_ratio:0.228515625 - response_length_non_aborted/mean:833.56640625 - response_length_non_aborted/max:2048.0 - response_length_non_aborted/min:73.0 - response_length_non_aborted/clip_ratio:0.228515625 - response/aborted_ratio:0.0 - prompt_length/mean:123.484375 - prompt_length/max:125.0 - prompt_length/min:122.0 - prompt_length/clip_ratio:0.0 - num_turns/min:2 - num_turns/max:2 - num_turns/mean:2.0 - timing_s/start_profile:9.754952043294907e-05 - timing_s/agent_loop/num_preempted/min:-1 - timing_s/agent_loop/num_preempted/max:-1 - timing_s/agent_loop/num_preempted/mean:-1.0 - timing_s/agent_loop/generate_sequences/min:2.3147494150325656 - timing_s/agent_loop/generate_sequences/max:28.67129648476839 - timing_s/agent_loop/generate_sequences/mean:14.638182652472096 - timing_s/agent_loop/tool_calls/min:0.0 - timing_s/agent_loop/tool_calls/max:0.0 - timing_s/agent_loop/tool_calls/mean:0.0 - timing_s/agent_loop/compute_score/min:0.0033760955557227135 - timing_s/agent_loop/compute_score/max:0.08361715544015169 - timing_s/agent_loop/compute_score/mean:0.011506107499371865 - timing_s/agent_loop/slowest/generate_sequences:28.607153752818704 - timing_s/agent_loop/slowest/tool_calls:0.0 - timing_s/agent_loop/slowest/compute_score:0.07753818575292826 - timing_s/agent_loop/slowest/num_preempted:-1 - timing_s/agent_loop/slowest/prompt_length:122 - timing_s/agent_loop/slowest/response_length:2048 - timing_s/gen:29.415546174161136 - timing_s/reward:1.8448568880558014e-05 - timing_s/old_log_prob:44.89859872311354 - timing_s/ref:74.91316033061594 - timing_s/adv:0.012024588882923126 - timing_s/update_actor:197.8785268701613 - timing_s/update_weights:2.840785486623645 - timing_s/step:350.0425695152953 - timing_s/stop_profile:7.894914597272873e-05 - timing_per_token_ms/ref:0.15288088065675381 - timing_per_token_ms/update_actor:0.4038254869699828 - timing_per_token_ms/adv:2.4539476506445023e-05 - timing_per_token_ms/gen:0.06892340932964328 - perf/total_num_tokens:490010 - perf/time_per_step:350.0425695152953 - perf/throughput:699.9291553003366
[36m(TaskRunner pid=978523)[0m step:6 - global_seqlen/min:228026 - global_seqlen/max:237315 - global_seqlen/minmax_diff:9289 - global_seqlen/balanced_min:232669 - global_seqlen/balanced_max:232672 - global_seqlen/mean:232670.5 - actor/entropy:0.37237387895584106 - perf/mfu/actor_infer:0.08253627033143021 - actor/pg_clipfrac:0.0 - actor/ppo_kl:0.0 - actor/pg_clipfrac_lower:0.0 - actor/pg_loss:0.17454873296810547 - actor/kl_loss:0.002684355047676945 - actor/kl_coef:0.0010000000000000005 - actor/loss:0.17455141246318817 - actor/grad_norm:0.24461407959461212 - actor/lr:1e-06 - actor/perf/max_memory_allocated_gb:73.02188014984131 - actor/perf/max_memory_reserved_gb:112.1171875 - actor/perf/cpu_memory_used_gb:28.145370483398438 - perf/mfu/actor:0.05577886483562454 - training/global_step:6 - training/epoch:0 - critic/score/mean:0.33984375 - critic/score/max:1.0 - critic/score/min:0.0 - critic/rewards/mean:0.33984375 - critic/rewards/max:1.0 - critic/rewards/min:0.0 - critic/advantages/mean:-0.17454874515533447 - critic/advantages/max:2.4748666286468506 - critic/advantages/min:-2.4748666286468506 - critic/returns/mean:-0.17454874515533447 - critic/returns/max:2.4748666286468506 - critic/returns/min:-2.4748666286468506 - response_length/mean:785.041015625 - response_length/max:2048.0 - response_length/min:114.0 - response_length/clip_ratio:0.193359375 - response_length_non_aborted/mean:785.041015625 - response_length_non_aborted/max:2048.0 - response_length_non_aborted/min:114.0 - response_length_non_aborted/clip_ratio:0.193359375 - response/aborted_ratio:0.0 - prompt_length/mean:123.828125 - prompt_length/max:140.0 - prompt_length/min:122.0 - prompt_length/clip_ratio:0.0 - num_turns/min:2 - num_turns/max:2 - num_turns/mean:2.0 - timing_s/start_profile:9.820889681577682e-05 - timing_s/agent_loop/num_preempted/min:-1 - timing_s/agent_loop/num_preempted/max:-1 - timing_s/agent_loop/num_preempted/mean:-1.0 - timing_s/agent_loop/generate_sequences/min:3.334919354878366 - timing_s/agent_loop/generate_sequences/max:27.331674935296178 - timing_s/agent_loop/generate_sequences/mean:13.820460041775732 - timing_s/agent_loop/tool_calls/min:0.0 - timing_s/agent_loop/tool_calls/max:0.0 - timing_s/agent_loop/tool_calls/mean:0.0 - timing_s/agent_loop/compute_score/min:0.003907610662281513 - timing_s/agent_loop/compute_score/max:0.07309493608772755 - timing_s/agent_loop/compute_score/mean:0.009373357153890538 - timing_s/agent_loop/slowest/generate_sequences:27.331674935296178 - timing_s/agent_loop/slowest/tool_calls:0.0 - timing_s/agent_loop/slowest/compute_score:0.004124629311263561 - timing_s/agent_loop/slowest/num_preempted:-1 - timing_s/agent_loop/slowest/prompt_length:125 - timing_s/agent_loop/slowest/response_length:2048 - timing_s/gen:28.039364030584693 - timing_s/reward:1.598987728357315e-05 - timing_s/old_log_prob:44.505394401960075 - timing_s/ref:74.44244363252074 - timing_s/adv:0.009372185915708542 - timing_s/update_actor:197.17143241036683 - timing_s/update_weights:2.858831776306033 - timing_s/step:347.1117507396266 - timing_s/stop_profile:8.016079664230347e-05 - timing_per_token_ms/ref:0.15997396238999087 - timing_per_token_ms/update_actor:0.4237138623297041 - timing_per_token_ms/adv:2.0140468851247885e-05 - timing_per_token_ms/gen:0.06975990016093081 - perf/total_num_tokens:465341 - perf/time_per_step:347.1117507396266 - perf/throughput:670.3043025890801
[36m(TaskRunner pid=978523)[0m step:7 - global_seqlen/min:214119 - global_seqlen/max:227264 - global_seqlen/minmax_diff:13145 - global_seqlen/balanced_min:220690 - global_seqlen/balanced_max:220693 - global_seqlen/mean:220691.5 - actor/entropy:0.361277312040329 - perf/mfu/actor_infer:0.07895795860618125 - actor/pg_clipfrac:0.0 - actor/ppo_kl:0.0 - actor/pg_clipfrac_lower:0.0 - actor/pg_loss:0.09929777441419674 - actor/kl_loss:0.0037749483278730622 - actor/kl_coef:0.0010000000000000005 - actor/loss:0.0993015468120575 - actor/grad_norm:0.21620570123195648 - actor/lr:1e-06 - actor/perf/max_memory_allocated_gb:73.02188014984131 - actor/perf/max_memory_reserved_gb:112.1171875 - actor/perf/cpu_memory_used_gb:28.18323516845703 - perf/mfu/actor:0.053133349901768503 - training/global_step:7 - training/epoch:0 - critic/score/mean:0.26953125 - critic/score/max:1.0 - critic/score/min:0.0 - critic/rewards/mean:0.26953125 - critic/rewards/max:1.0 - critic/rewards/min:0.0 - critic/advantages/mean:-0.09929777681827545 - critic/advantages/max:2.4748666286468506 - critic/advantages/min:-2.4748666286468506 - critic/returns/mean:-0.09929777681827545 - critic/returns/max:2.4748666286468506 - critic/returns/min:-2.4748666286468506 - response_length/mean:738.232421875 - response_length/max:2048.0 - response_length/min:101.0 - response_length/clip_ratio:0.158203125 - response_length_non_aborted/mean:738.232421875 - response_length_non_aborted/max:2048.0 - response_length_non_aborted/min:101.0 - response_length_non_aborted/clip_ratio:0.158203125 - response/aborted_ratio:0.0 - prompt_length/mean:123.84375 - prompt_length/max:126.0 - prompt_length/min:122.0 - prompt_length/clip_ratio:0.0 - num_turns/min:2 - num_turns/max:2 - num_turns/mean:2.0 - timing_s/start_profile:0.00011333916336297989 - timing_s/agent_loop/num_preempted/min:-1 - timing_s/agent_loop/num_preempted/max:-1 - timing_s/agent_loop/num_preempted/mean:-1.0 - timing_s/agent_loop/generate_sequences/min:3.0240079518407583 - timing_s/agent_loop/generate_sequences/max:26.319650060497224 - timing_s/agent_loop/generate_sequences/mean:13.000080468475062 - timing_s/agent_loop/tool_calls/min:0.0 - timing_s/agent_loop/tool_calls/max:0.0 - timing_s/agent_loop/tool_calls/mean:0.0 - timing_s/agent_loop/compute_score/min:0.0037673618644475937 - timing_s/agent_loop/compute_score/max:0.05512587912380695 - timing_s/agent_loop/compute_score/mean:0.008492170931276632 - timing_s/agent_loop/slowest/generate_sequences:26.277837578207254 - timing_s/agent_loop/slowest/tool_calls:0.0 - timing_s/agent_loop/slowest/compute_score:0.052738141268491745 - timing_s/agent_loop/slowest/num_preempted:-1 - timing_s/agent_loop/slowest/prompt_length:125 - timing_s/agent_loop/slowest/response_length:2048 - timing_s/gen:27.04530029091984 - timing_s/reward:1.7469748854637146e-05 - timing_s/old_log_prob:44.10165407881141 - timing_s/ref:77.05776913277805 - timing_s/adv:0.010871426202356815 - timing_s/update_actor:196.2331619327888 - timing_s/update_weights:2.806473918259144 - timing_s/step:347.3408967079595 - timing_s/stop_profile:7.844902575016022e-05 - timing_per_token_ms/ref:0.17458254879045648 - timing_per_token_ms/update_actor:0.44458704103417845 - timing_per_token_ms/adv:2.4630369095223006e-05 - timing_per_token_ms/gen:0.07155314581895586 - perf/total_num_tokens:441383 - perf/time_per_step:347.3408967079595 - perf/throughput:635.3743601507284
[36m(TaskRunner pid=978523)[0m step:8 - global_seqlen/min:206995 - global_seqlen/max:221893 - global_seqlen/minmax_diff:14898 - global_seqlen/balanced_min:214443 - global_seqlen/balanced_max:214445 - global_seqlen/mean:214444.0 - actor/entropy:0.34112653136253357 - perf/mfu/actor_infer:0.07688438057399272 - actor/pg_clipfrac:0.0 - actor/ppo_kl:0.0 - actor/pg_clipfrac_lower:0.0 - actor/pg_loss:0.16441298977997576 - actor/kl_loss:0.004928863274244577 - actor/kl_coef:0.0010000000000000005 - actor/loss:0.16441792249679565 - actor/grad_norm:0.2373897284269333 - actor/lr:1e-06 - actor/perf/max_memory_allocated_gb:73.02188014984131 - actor/perf/max_memory_reserved_gb:112.1171875 - actor/perf/cpu_memory_used_gb:28.338825225830078 - perf/mfu/actor:0.05164194578161341 - training/global_step:8 - training/epoch:0 - critic/score/mean:0.3984375 - critic/score/max:1.0 - critic/score/min:0.0 - critic/rewards/mean:0.3984375 - critic/rewards/max:1.0 - critic/rewards/min:0.0 - critic/advantages/mean:-0.1644129753112793 - critic/advantages/max:2.4748666286468506 - critic/advantages/min:-2.4748666286468506 - critic/returns/mean:-0.1644129753112793 - critic/returns/max:2.4748666286468506 - critic/returns/min:-2.4748666286468506 - response_length/mean:713.59375 - response_length/max:2048.0 - response_length/min:79.0 - response_length/clip_ratio:0.150390625 - response_length_non_aborted/mean:713.59375 - response_length_non_aborted/max:2048.0 - response_length_non_aborted/min:79.0 - response_length_non_aborted/clip_ratio:0.150390625 - response/aborted_ratio:0.0 - prompt_length/mean:124.078125 - prompt_length/max:140.0 - prompt_length/min:122.0 - prompt_length/clip_ratio:0.0 - num_turns/min:2 - num_turns/max:2 - num_turns/mean:2.0 - timing_s/start_profile:0.00010144896805286407 - timing_s/agent_loop/num_preempted/min:-1 - timing_s/agent_loop/num_preempted/max:-1 - timing_s/agent_loop/num_preempted/mean:-1.0 - timing_s/agent_loop/generate_sequences/min:2.444833747111261 - timing_s/agent_loop/generate_sequences/max:25.80770455300808 - timing_s/agent_loop/generate_sequences/mean:12.44775798914452 - timing_s/agent_loop/tool_calls/min:0.0 - timing_s/agent_loop/tool_calls/max:0.0 - timing_s/agent_loop/tool_calls/mean:0.0 - timing_s/agent_loop/compute_score/min:0.003070687875151634 - timing_s/agent_loop/compute_score/max:0.06051265075802803 - timing_s/agent_loop/compute_score/mean:0.008352440392627614 - timing_s/agent_loop/slowest/generate_sequences:25.768958820961416 - timing_s/agent_loop/slowest/tool_calls:0.0 - timing_s/agent_loop/slowest/compute_score:0.058009197935462 - timing_s/agent_loop/slowest/num_preempted:-1 - timing_s/agent_loop/slowest/prompt_length:125 - timing_s/agent_loop/slowest/response_length:2048 - timing_s/gen:26.80043393559754 - timing_s/reward:1.6899779438972473e-05 - timing_s/old_log_prob:43.98270231578499 - timing_s/ref:74.33663022331893 - timing_s/adv:0.011603583581745625 - timing_s/update_actor:195.6796256331727 - timing_s/update_weights:2.860211366787553 - timing_s/step:343.75743590295315 - timing_s/stop_profile:8.433964103460312e-05 - timing_per_token_ms/ref:0.17332410844630516 - timing_per_token_ms/update_actor:0.45624877738051123 - timing_per_token_ms/adv:2.7055043698461195e-05 - timing_per_token_ms/gen:0.07335349774358862 - perf/total_num_tokens:428888 - perf/time_per_step:343.75743590295315 - perf/throughput:623.8235965331675
[36m(TaskRunner pid=978523)[0m step:9 - global_seqlen/min:229093 - global_seqlen/max:230214 - global_seqlen/minmax_diff:1121 - global_seqlen/balanced_min:229652 - global_seqlen/balanced_max:229655 - global_seqlen/mean:229653.5 - actor/entropy:0.32731524109840393 - perf/mfu/actor_infer:0.08159676478487288 - actor/pg_clipfrac:0.0 - actor/ppo_kl:0.0 - actor/pg_clipfrac_lower:0.0 - actor/pg_loss:0.1637506980764556 - actor/kl_loss:0.005339998344425112 - actor/kl_coef:0.0010000000000000005 - actor/loss:0.16375602781772614 - actor/grad_norm:0.22906893491744995 - actor/lr:1e-06 - actor/perf/max_memory_allocated_gb:73.02188014984131 - actor/perf/max_memory_reserved_gb:112.1171875 - actor/perf/cpu_memory_used_gb:28.355453491210938 - perf/mfu/actor:0.05510244461460236 - training/global_step:9 - training/epoch:0 - critic/score/mean:0.408203125 - critic/score/max:1.0 - critic/score/min:0.0 - critic/rewards/mean:0.408203125 - critic/rewards/max:1.0 - critic/rewards/min:0.0 - critic/advantages/mean:-0.16375070810317993 - critic/advantages/max:2.4748666286468506 - critic/advantages/min:-2.4748666286468506 - critic/returns/mean:-0.16375070810317993 - critic/returns/max:2.4748666286468506 - critic/returns/min:-2.4748666286468506 - response_length/mean:772.974609375 - response_length/max:2048.0 - response_length/min:117.0 - response_length/clip_ratio:0.1796875 - response_length_non_aborted/mean:772.974609375 - response_length_non_aborted/max:2048.0 - response_length_non_aborted/min:117.0 - response_length_non_aborted/clip_ratio:0.1796875 - response/aborted_ratio:0.0 - prompt_length/mean:124.109375 - prompt_length/max:140.0 - prompt_length/min:122.0 - prompt_length/clip_ratio:0.0 - num_turns/min:2 - num_turns/max:2 - num_turns/mean:2.0 - timing_s/start_profile:0.00010761898010969162 - timing_s/agent_loop/num_preempted/min:-1 - timing_s/agent_loop/num_preempted/max:-1 - timing_s/agent_loop/num_preempted/mean:-1.0 - timing_s/agent_loop/generate_sequences/min:3.449773797765374 - timing_s/agent_loop/generate_sequences/max:27.298994979821146 - timing_s/agent_loop/generate_sequences/mean:13.711432252692248 - timing_s/agent_loop/tool_calls/min:0.0 - timing_s/agent_loop/tool_calls/max:0.0 - timing_s/agent_loop/tool_calls/mean:0.0 - timing_s/agent_loop/compute_score/min:0.004372473806142807 - timing_s/agent_loop/compute_score/max:0.07272815424948931 - timing_s/agent_loop/compute_score/mean:0.009078061646505375 - timing_s/agent_loop/slowest/generate_sequences:27.25259391218424 - timing_s/agent_loop/slowest/tool_calls:0.0 - timing_s/agent_loop/slowest/compute_score:0.07272815424948931 - timing_s/agent_loop/slowest/num_preempted:-1 - timing_s/agent_loop/slowest/prompt_length:125 - timing_s/agent_loop/slowest/response_length:2048 - timing_s/gen:28.039737497456372 - timing_s/reward:1.9630417227745056e-05 - timing_s/old_log_prob:44.79369418788701 - timing_s/ref:74.42471691314131 - timing_s/adv:0.01156805269420147 - timing_s/update_actor:196.57059556711465 - timing_s/update_weights:2.843470520339906 - timing_s/step:346.7699606604874 - timing_s/stop_profile:8.129887282848358e-05 - timing_per_token_ms/ref:0.16203697508015621 - timing_per_token_ms/update_actor:0.427972130986714 - timing_per_token_ms/adv:2.518588372091318e-05 - timing_per_token_ms/gen:0.07084982046693696 - perf/total_num_tokens:459307 - perf/time_per_step:346.7699606604874 - perf/throughput:662.2646885635148
[36m(TaskRunner pid=978523)[0m step:10 - global_seqlen/min:221774 - global_seqlen/max:226700 - global_seqlen/minmax_diff:4926 - global_seqlen/balanced_min:224235 - global_seqlen/balanced_max:224239 - global_seqlen/mean:224237.0 - actor/entropy:0.3122059404850006 - perf/mfu/actor_infer:0.07996686603909355 - actor/pg_clipfrac:0.0 - actor/ppo_kl:0.0 - actor/pg_clipfrac_lower:0.0 - actor/pg_loss:0.11983620282455831 - actor/kl_loss:0.00761771027737268 - actor/kl_coef:0.0010000000000000005 - actor/loss:0.11984381824731827 - actor/grad_norm:0.2216062843799591 - actor/lr:1e-06 - actor/perf/max_memory_allocated_gb:73.02188014984131 - actor/perf/max_memory_reserved_gb:112.1171875 - actor/perf/cpu_memory_used_gb:28.380149841308594 - perf/mfu/actor:0.05387578693851291 - training/global_step:10 - training/epoch:0 - critic/score/mean:0.41015625 - critic/score/max:1.0 - critic/score/min:0.0 - critic/rewards/mean:0.41015625 - critic/rewards/max:1.0 - critic/rewards/min:0.0 - critic/advantages/mean:-0.11983620375394821 - critic/advantages/max:2.4748666286468506 - critic/advantages/min:-2.4748666286468506 - critic/returns/mean:-0.11983620375394821 - critic/returns/max:2.4748666286468506 - critic/returns/min:-2.4748666286468506 - response_length/mean:752.42578125 - response_length/max:2048.0 - response_length/min:115.0 - response_length/clip_ratio:0.1484375 - response_length_non_aborted/mean:752.42578125 - response_length_non_aborted/max:2048.0 - response_length_non_aborted/min:115.0 - response_length_non_aborted/clip_ratio:0.1484375 - response/aborted_ratio:0.0 - prompt_length/mean:123.5 - prompt_length/max:127.0 - prompt_length/min:122.0 - prompt_length/clip_ratio:0.0 - num_turns/min:2 - num_turns/max:2 - num_turns/mean:2.0 - timing_s/start_profile:9.497907012701035e-05 - timing_s/agent_loop/num_preempted/min:-1 - timing_s/agent_loop/num_preempted/max:-1 - timing_s/agent_loop/num_preempted/mean:-1.0 - timing_s/agent_loop/generate_sequences/min:3.4436537278816104 - timing_s/agent_loop/generate_sequences/max:26.920791525393724 - timing_s/agent_loop/generate_sequences/mean:13.765269685842213 - timing_s/agent_loop/tool_calls/min:0.0 - timing_s/agent_loop/tool_calls/max:0.0 - timing_s/agent_loop/tool_calls/mean:0.0 - timing_s/agent_loop/compute_score/min:0.0032867910340428352 - timing_s/agent_loop/compute_score/max:0.05130030121654272 - timing_s/agent_loop/compute_score/mean:0.007970789016326307 - timing_s/agent_loop/slowest/generate_sequences:26.896240631118417 - timing_s/agent_loop/slowest/tool_calls:0.0 - timing_s/agent_loop/slowest/compute_score:0.03934947494417429 - timing_s/agent_loop/slowest/num_preempted:-1 - timing_s/agent_loop/slowest/prompt_length:125 - timing_s/agent_loop/slowest/response_length:2048 - timing_s/gen:27.640305577777326 - timing_s/reward:1.7319805920124054e-05 - timing_s/old_log_prob:44.619101849384606 - timing_s/ref:74.38245239946991 - timing_s/adv:0.011338458396494389 - timing_s/update_actor:196.1222972292453 - timing_s/update_weights:2.8563668448477983 - timing_s/step:345.72467027790844 - timing_s/stop_profile:8.634943515062332e-05 - timing_per_token_ms/ref:0.165856777426272 - timing_per_token_ms/update_actor:0.4373102949763984 - timing_per_token_ms/adv:2.528230933453085e-05 - timing_per_token_ms/gen:0.07174790281894841 - perf/total_num_tokens:448474 - perf/time_per_step:345.72467027790844 - perf/throughput:648.5999388465642
[36m(TaskRunner pid=978523)[0m step:11 - global_seqlen/min:224193 - global_seqlen/max:230800 - global_seqlen/minmax_diff:6607 - global_seqlen/balanced_min:227496 - global_seqlen/balanced_max:227497 - global_seqlen/mean:227496.5 - actor/entropy:0.28286901116371155 - perf/mfu/actor_infer:0.08081274044619487 - actor/pg_clipfrac:0.0 - actor/ppo_kl:0.0 - actor/pg_clipfrac_lower:0.0 - actor/pg_loss:0.12087087364716353 - actor/kl_loss:0.009705815476081625 - actor/kl_coef:0.0010000000000000005 - actor/loss:0.12088058143854141 - actor/grad_norm:0.21677184104919434 - actor/lr:1e-06 - actor/perf/max_memory_allocated_gb:73.02188014984131 - actor/perf/max_memory_reserved_gb:112.1171875 - actor/perf/cpu_memory_used_gb:28.390644073486328 - perf/mfu/actor:0.054591302645454885 - training/global_step:11 - training/epoch:0 - critic/score/mean:0.435546875 - critic/score/max:1.0 - critic/score/min:0.0 - critic/rewards/mean:0.435546875 - critic/rewards/max:1.0 - critic/rewards/min:0.0 - critic/advantages/mean:-0.12087085843086243 - critic/advantages/max:2.4748666286468506 - critic/advantages/min:-2.4748666286468506 - critic/returns/mean:-0.12087085843086243 - critic/returns/max:2.4748666286468506 - critic/returns/min:-2.4748666286468506 - response_length/mean:765.251953125 - response_length/max:2048.0 - response_length/min:112.0 - response_length/clip_ratio:0.158203125 - response_length_non_aborted/mean:765.251953125 - response_length_non_aborted/max:2048.0 - response_length_non_aborted/min:112.0 - response_length_non_aborted/clip_ratio:0.158203125 - response/aborted_ratio:0.0 - prompt_length/mean:123.40625 - prompt_length/max:125.0 - prompt_length/min:122.0 - prompt_length/clip_ratio:0.0 - num_turns/min:2 - num_turns/max:2 - num_turns/mean:2.0 - timing_s/start_profile:0.00010029878467321396 - timing_s/agent_loop/num_preempted/min:-1 - timing_s/agent_loop/num_preempted/max:-1 - timing_s/agent_loop/num_preempted/mean:-1.0 - timing_s/agent_loop/generate_sequences/min:3.3763159038498998 - timing_s/agent_loop/generate_sequences/max:27.34360753186047 - timing_s/agent_loop/generate_sequences/mean:13.92198672993618 - timing_s/agent_loop/tool_calls/min:0.0 - timing_s/agent_loop/tool_calls/max:0.0 - timing_s/agent_loop/tool_calls/mean:0.0 - timing_s/agent_loop/compute_score/min:0.004280202090740204 - timing_s/agent_loop/compute_score/max:0.05520130135118961 - timing_s/agent_loop/compute_score/mean:0.008717363043615478 - timing_s/agent_loop/slowest/generate_sequences:27.301241314969957 - timing_s/agent_loop/slowest/tool_calls:0.0 - timing_s/agent_loop/slowest/compute_score:0.04812770523130894 - timing_s/agent_loop/slowest/num_preempted:-1 - timing_s/agent_loop/slowest/prompt_length:125 - timing_s/agent_loop/slowest/response_length:2048 - timing_s/gen:28.06441104505211 - timing_s/reward:2.2849999368190765e-05 - timing_s/old_log_prob:44.42282773088664 - timing_s/ref:74.89195377752185 - timing_s/adv:0.011838733218610287 - timing_s/update_actor:196.48336645402014 - timing_s/update_weights:2.8680274579674006 - timing_s/step:346.83119704574347 - timing_s/stop_profile:7.932912558317184e-05 - timing_per_token_ms/ref:0.16460023292121384 - timing_per_token_ms/update_actor:0.43183821828911684 - timing_per_token_ms/adv:2.601959418850463e-05 - timing_per_token_ms/gen:0.07162778559209235 - perf/total_num_tokens:454993 - perf/time_per_step:346.83119704574347 - perf/throughput:655.928595633211
[36m(TaskRunner pid=978523)[0m step:12 - global_seqlen/min:238462 - global_seqlen/max:254505 - global_seqlen/minmax_diff:16043 - global_seqlen/balanced_min:246482 - global_seqlen/balanced_max:246485 - global_seqlen/mean:246483.5 - actor/entropy:0.26784539222717285 - perf/mfu/actor_infer:0.08659056217113607 - actor/pg_clipfrac:0.0 - actor/ppo_kl:0.0 - actor/pg_clipfrac_lower:0.0 - actor/pg_loss:0.07701757958784583 - actor/kl_loss:0.011805667489170446 - actor/kl_coef:0.0010000000000000005 - actor/loss:0.07702938467264175 - actor/grad_norm:0.16619111597537994 - actor/lr:1e-06 - actor/perf/max_memory_allocated_gb:73.02188014984131 - actor/perf/max_memory_reserved_gb:112.1171875 - actor/perf/cpu_memory_used_gb:28.304508209228516 - perf/mfu/actor:0.058831311135585325 - training/global_step:12 - training/epoch:0 - critic/score/mean:0.330078125 - critic/score/max:1.0 - critic/score/min:0.0 - critic/rewards/mean:0.330078125 - critic/rewards/max:1.0 - critic/rewards/min:0.0 - critic/advantages/mean:-0.07701759040355682 - critic/advantages/max:2.4748666286468506 - critic/advantages/min:-2.4748666286468506 - critic/returns/mean:-0.07701759040355682 - critic/returns/max:2.4748666286468506 - critic/returns/min:-2.4748666286468506 - response_length/mean:838.482421875 - response_length/max:2048.0 - response_length/min:129.0 - response_length/clip_ratio:0.171875 - response_length_non_aborted/mean:838.482421875 - response_length_non_aborted/max:2048.0 - response_length_non_aborted/min:129.0 - response_length_non_aborted/clip_ratio:0.171875 - response/aborted_ratio:0.0 - prompt_length/mean:124.34375 - prompt_length/max:140.0 - prompt_length/min:122.0 - prompt_length/clip_ratio:0.0 - num_turns/min:2 - num_turns/max:2 - num_turns/mean:2.0 - timing_s/start_profile:9.715929627418518e-05 - timing_s/agent_loop/num_preempted/min:-1 - timing_s/agent_loop/num_preempted/max:-1 - timing_s/agent_loop/num_preempted/mean:-1.0 - timing_s/agent_loop/generate_sequences/min:3.776241566054523 - timing_s/agent_loop/generate_sequences/max:28.85773336328566 - timing_s/agent_loop/generate_sequences/mean:15.535759959624556 - timing_s/agent_loop/tool_calls/min:0.0 - timing_s/agent_loop/tool_calls/max:0.0 - timing_s/agent_loop/tool_calls/mean:0.0 - timing_s/agent_loop/compute_score/min:0.003911093808710575 - timing_s/agent_loop/compute_score/max:0.05806110706180334 - timing_s/agent_loop/compute_score/mean:0.008640629854198778 - timing_s/agent_loop/slowest/generate_sequences:28.806079789064825 - timing_s/agent_loop/slowest/tool_calls:0.0 - timing_s/agent_loop/slowest/compute_score:0.05806110706180334 - timing_s/agent_loop/slowest/num_preempted:-1 - timing_s/agent_loop/slowest/prompt_length:125 - timing_s/agent_loop/slowest/response_length:2048 - timing_s/gen:29.61766033153981 - timing_s/reward:2.2639520466327667e-05 - timing_s/old_log_prob:44.93802949227393 - timing_s/ref:75.06965523399413 - timing_s/adv:0.008863248862326145 - timing_s/update_actor:197.6777198081836 - timing_s/update_weights:2.9001086354255676 - timing_s/step:350.29910218995064 - timing_s/stop_profile:8.517038077116013e-05 - timing_per_token_ms/ref:0.15228129922285696 - timing_per_token_ms/update_actor:0.4009958472031264 - timing_per_token_ms/adv:1.7979395907487002e-05 - timing_per_token_ms/gen:0.06899010799258289 - perf/total_num_tokens:492967 - perf/time_per_step:350.29910218995064 - perf/throughput:703.6372587285241
[36m(TaskRunner pid=978523)[0m Training Progress:   3%|▎         | 15/586 [1:27:42<55:40:39, 351.03s/it]
[36m(WorkerDict pid=979036)[0m INFO:2026-08-24 22:15:07,536:update_weights done, time cost: 1.47s
[36m(TaskRunner pid=978523)[0m Training Progress:   3%|▎         | 16/586 [1:33:30<55:28:50, 350.40s/it]
[36m(WorkerDict pid=979036)[0m INFO:2026-08-24 22:20:59,655:update_weights done, time cost: 1.45s
[36m(TaskRunner pid=978523)[0m Training Progress:   3%|▎         | 17/586 [1:39:23<55:27:52, 350.92s/it]
[36m(WorkerDict pid=979036)[0m INFO:2026-08-24 22:26:55,180:update_weights done, time cost: 1.31s
[36m(TaskRunner pid=978523)[0m Training Progress:   3%|▎         | 18/586 [1:45:19<55:36:51, 352.49s/it]
[36m(WorkerDict pid=979036)[0m INFO:2026-08-24 22:32:53,206:update_weights done, time cost: 1.47s
[36m(TaskRunner pid=978523)[0m Training Progress:   3%|▎         | 19/586 [1:51:16<55:44:58, 353.97s/it]
[36m(WorkerDict pid=979036)[0m INFO:2026-08-24 22:38:46,836:update_weights done, time cost: 1.50s
[36m(TaskRunner pid=978523)[0m Training Progress:   3%|▎         | 20/586 [1:57:10<55:38:07, 353.87s/it]
[36m(WorkerDict pid=979036)[0m INFO:2026-08-24 22:44:45,602:update_weights done, time cost: 1.43s
[36m(TaskRunner pid=978523)[0m Training Progress:   4%|▎         | 21/586 [2:03:09<55:46:08, 355.34s/it]
[36m(WorkerDict pid=979036)[0m INFO:2026-08-24 22:50:46,793:update_weights done, time cost: 1.46s
[36m(TaskRunner pid=978523)[0m Training Progress:   4%|▍         | 22/586 [2:09:10<55:56:42, 357.10s/it]
[36m(WorkerDict pid=979036)[0m INFO:2026-08-24 22:56:43,426:update_weights done, time cost: 1.47s
[36m(TaskRunner pid=978523)[0m Training Progress:   4%|▍         | 23/586 [2:15:06<55:49:26, 356.96s/it]
[36m(WorkerDict pid=979036)[0m INFO:2026-08-24 23:02:42,795:update_weights done, time cost: 1.46s
[36m(TaskRunner pid=978523)[0m Training Progress:   4%|▍         | 24/586 [2:21:06<55:50:16, 357.68s/it]
[36m(WorkerDict pid=979036)[0m INFO:2026-08-24 23:08:40,273:update_weights done, time cost: 1.45s
[36m(TaskRunner pid=978523)[0m Training Progress:   4%|▍         | 25/586 [2:27:03<55:43:43, 357.62s/it]
[36m(WorkerDict pid=979036)[0m INFO:2026-08-24 23:14:34,928:update_weights done, time cost: 1.47s
[36m(TaskRunner pid=978523)[0m Training Progress:   4%|▍         | 26/586 [2:32:58<55:29:28, 356.73s/it]
[36m(WorkerDict pid=979036)[0m INFO:2026-08-24 23:20:27,896:update_weights done, time cost: 1.43s
[36m(TaskRunner pid=978523)[0m Training Progress:   5%|▍         | 27/586 [2:38:51<55:12:58, 355.60s/it]
[36m(WorkerDict pid=979036)[0m INFO:2026-08-24 23:26:18,398:update_weights done, time cost: 1.45s
[36m(TaskRunner pid=978523)[0m Training Progress:   5%|▍         | 28/586 [2:44:41<54:52:49, 354.07s/it]
[36m(WorkerDict pid=979036)[0m INFO:2026-08-24 23:32:09,300:update_weights done, time cost: 1.45s
[36m(TaskRunner pid=978523)[0m Training Progress:   5%|▍         | 29/586 [2:50:32<54:38:04, 353.11s/it]
[36m(WorkerDict pid=979036)[0m INFO:2026-08-24 23:38:08,117:update_weights done, time cost: 1.43s
[36m(TaskRunner pid=978523)[0m Training Progress:   5%|▌         | 30/586 [2:56:31<54:48:03, 354.83s/it]
[36m(WorkerDict pid=979036)[0m INFO:2026-08-24 23:44:06,579:update_weights done, time cost: 1.46s
[36m(TaskRunner pid=978523)[0m Training Progress:   5%|▌         | 31/586 [3:02:30<54:52:17, 355.92s/it]
[36m(WorkerDict pid=979036)[0m INFO:2026-08-24 23:50:13,218:update_weights done, time cost: 1.44s
[36m(TaskRunner pid=978523)[0m Training Progress:   5%|▌         | 32/586 [3:08:36<55:16:00, 359.13s/it]
[36m(WorkerDict pid=979036)[0m INFO:2026-08-24 23:56:17,458:update_weights done, time cost: 1.44s
[36m(TaskRunner pid=978523)[0m step:13 - global_seqlen/min:236279 - global_seqlen/max:258316 - global_seqlen/minmax_diff:22037 - global_seqlen/balanced_min:247296 - global_seqlen/balanced_max:247299 - global_seqlen/mean:247297.5 - actor/entropy:0.24117805063724518 - perf/mfu/actor_infer:0.08674953595839939 - actor/pg_clipfrac:0.0 - actor/ppo_kl:0.0 - actor/pg_clipfrac_lower:0.0 - actor/pg_loss:0.12883395286189625 - actor/kl_loss:0.013754322195381974 - actor/kl_coef:0.0010000000000000005 - actor/loss:0.12884771823883057 - actor/grad_norm:0.1718335598707199 - actor/lr:1e-06 - actor/perf/max_memory_allocated_gb:73.02188014984131 - actor/perf/max_memory_reserved_gb:112.1171875 - actor/perf/cpu_memory_used_gb:28.35567855834961 - perf/mfu/actor:0.05903536818923865 - training/global_step:13 - training/epoch:0 - critic/score/mean:0.384765625 - critic/score/max:1.0 - critic/score/min:0.0 - critic/rewards/mean:0.384765625 - critic/rewards/max:1.0 - critic/rewards/min:0.0 - critic/advantages/mean:-0.12883394956588745 - critic/advantages/max:2.4748666286468506 - critic/advantages/min:-2.4748666286468506 - critic/returns/mean:-0.12883394956588745 - critic/returns/max:2.4748666286468506 - critic/returns/min:-2.4748666286468506 - response_length/mean:841.802734375 - response_length/max:2048.0 - response_length/min:85.0 - response_length/clip_ratio:0.15625 - response_length_non_aborted/mean:841.802734375 - response_length_non_aborted/max:2048.0 - response_length_non_aborted/min:85.0 - response_length_non_aborted/clip_ratio:0.15625 - response/aborted_ratio:0.0 - prompt_length/mean:124.203125 - prompt_length/max:140.0 - prompt_length/min:122.0 - prompt_length/clip_ratio:0.0 - num_turns/min:2 - num_turns/max:2 - num_turns/mean:2.0 - timing_s/start_profile:9.721890091896057e-05 - timing_s/agent_loop/num_preempted/min:-1 - timing_s/agent_loop/num_preempted/max:-1 - timing_s/agent_loop/num_preempted/mean:-1.0 - timing_s/agent_loop/generate_sequences/min:2.6464353315532207 - timing_s/agent_loop/generate_sequences/max:29.230648340657353 - timing_s/agent_loop/generate_sequences/mean:16.093271153367823 - timing_s/agent_loop/tool_calls/min:0.0 - timing_s/agent_loop/tool_calls/max:0.0 - timing_s/agent_loop/tool_calls/mean:0.0 - timing_s/agent_loop/compute_score/min:0.003998796455562115 - timing_s/agent_loop/compute_score/max:0.061374167911708355 - timing_s/agent_loop/compute_score/mean:0.008927872922868119 - timing_s/agent_loop/slowest/generate_sequences:29.18710574693978 - timing_s/agent_loop/slowest/tool_calls:0.0 - timing_s/agent_loop/slowest/compute_score:0.05476301163434982 - timing_s/agent_loop/slowest/num_preempted:-1 - timing_s/agent_loop/slowest/prompt_length:125 - timing_s/agent_loop/slowest/response_length:2048 - timing_s/gen:29.943771683610976 - timing_s/reward:2.7089379727840424e-05 - timing_s/old_log_prob:45.00998069345951 - timing_s/ref:74.76806992478669 - timing_s/adv:0.00932312197983265 - timing_s/update_actor:197.97422261722386 - timing_s/update_weights:2.8512777974829078 - timing_s/step:350.646299675107 - timing_s/stop_profile:3.0689872801303864e-05 - timing_per_token_ms/ref:0.1511702906919534 - timing_per_token_ms/update_actor:0.4002754225522374 - timing_per_token_ms/adv:1.885001259582618e-05 - timing_per_token_ms/gen:0.06947462473256794 - perf/total_num_tokens:494595 - perf/time_per_step:350.646299675107 - perf/throughput:705.2619697659285
[36m(TaskRunner pid=978523)[0m step:14 - global_seqlen/min:247940 - global_seqlen/max:267059 - global_seqlen/minmax_diff:19119 - global_seqlen/balanced_min:257498 - global_seqlen/balanced_max:257501 - global_seqlen/mean:257499.5 - actor/entropy:0.23407210409641266 - perf/mfu/actor_infer:0.08979165442447146 - actor/pg_clipfrac:0.0 - actor/ppo_kl:0.0 - actor/pg_clipfrac_lower:0.0 - actor/pg_loss:0.11835713481877974 - actor/kl_loss:0.015241120256177965 - actor/kl_coef:0.0010000000000000005 - actor/loss:0.11837238073348999 - actor/grad_norm:0.1607947200536728 - actor/lr:1e-06 - actor/perf/max_memory_allocated_gb:73.02188014984131 - actor/perf/max_memory_reserved_gb:112.1171875 - actor/perf/cpu_memory_used_gb:28.50232696533203 - perf/mfu/actor:0.061308550430235025 - training/global_step:14 - training/epoch:0 - critic/score/mean:0.3515625 - critic/score/max:1.0 - critic/score/min:0.0 - critic/rewards/mean:0.3515625 - critic/rewards/max:1.0 - critic/rewards/min:0.0 - critic/advantages/mean:-0.11835712939500809 - critic/advantages/max:2.4748666286468506 - critic/advantages/min:-2.4748666286468506 - critic/returns/mean:-0.11835712939500809 - critic/returns/max:2.4748666286468506 - critic/returns/min:-2.4748666286468506 - response_length/mean:881.623046875 - response_length/max:2048.0 - response_length/min:116.0 - response_length/clip_ratio:0.177734375 - response_length_non_aborted/mean:881.623046875 - response_length_non_aborted/max:2048.0 - response_length_non_aborted/min:116.0 - response_length_non_aborted/clip_ratio:0.177734375 - response/aborted_ratio:0.0 - prompt_length/mean:124.234375 - prompt_length/max:141.0 - prompt_length/min:122.0 - prompt_length/clip_ratio:0.0 - num_turns/min:2 - num_turns/max:2 - num_turns/mean:2.0 - timing_s/start_profile:7.364898920059204e-05 - timing_s/agent_loop/num_preempted/min:-1 - timing_s/agent_loop/num_preempted/max:-1 - timing_s/agent_loop/num_preempted/mean:-1.0 - timing_s/agent_loop/generate_sequences/min:3.441344470717013 - timing_s/agent_loop/generate_sequences/max:30.259730593301356 - timing_s/agent_loop/generate_sequences/mean:16.74446062934294 - timing_s/agent_loop/tool_calls/min:0.0 - timing_s/agent_loop/tool_calls/max:0.0 - timing_s/agent_loop/tool_calls/mean:0.0 - timing_s/agent_loop/compute_score/min:0.0037907473742961884 - timing_s/agent_loop/compute_score/max:0.07397828996181488 - timing_s/agent_loop/compute_score/mean:0.009592120426532347 - timing_s/agent_loop/slowest/generate_sequences:30.259730593301356 - timing_s/agent_loop/slowest/tool_calls:0.0 - timing_s/agent_loop/slowest/compute_score:0.004713958129286766 - timing_s/agent_loop/slowest/num_preempted:-1 - timing_s/agent_loop/slowest/prompt_length:125 - timing_s/agent_loop/slowest/response_length:2048 - timing_s/gen:30.990001240745187 - timing_s/reward:2.1828338503837585e-05 - timing_s/old_log_prob:45.311644000932574 - timing_s/ref:74.75717186555266 - timing_s/adv:0.011141272261738777 - timing_s/update_actor:198.18155991379172 - timing_s/update_weights:2.890500263310969 - timing_s/step:352.22163308691233 - timing_s/stop_profile:8.953828364610672e-05 - timing_per_token_ms/ref:0.14515983888425543 - timing_per_token_ms/update_actor:0.3848193101613629 - timing_per_token_ms/adv:2.1633580379260497e-05 - timing_per_token_ms/gen:0.06865445088791133 - perf/total_num_tokens:514999 - perf/time_per_step:352.22163308691233 - perf/throughput:731.072358455793
[36m(TaskRunner pid=978523)[0m step:15 - global_seqlen/min:264434 - global_seqlen/max:265485 - global_seqlen/minmax_diff:1051 - global_seqlen/balanced_min:264958 - global_seqlen/balanced_max:264961 - global_seqlen/mean:264959.5 - actor/entropy:0.21717388927936554 - perf/mfu/actor_infer:0.09204973220895922 - actor/pg_clipfrac:0.0 - actor/ppo_kl:0.0 - actor/pg_clipfrac_lower:0.0 - actor/pg_loss:0.11979375593307395 - actor/kl_loss:0.01690942775167059 - actor/kl_coef:0.0010000000000000005 - actor/loss:0.11981067061424255 - actor/grad_norm:0.14608801901340485 - actor/lr:1e-06 - actor/perf/max_memory_allocated_gb:73.02188014984131 - actor/perf/max_memory_reserved_gb:112.1171875 - actor/perf/cpu_memory_used_gb:28.437347412109375 - perf/mfu/actor:0.06296182962027405 - training/global_step:15 - training/epoch:0 - critic/score/mean:0.390625 - critic/score/max:1.0 - critic/score/min:0.0 - critic/rewards/mean:0.390625 - critic/rewards/max:1.0 - critic/rewards/min:0.0 - critic/advantages/mean:-0.11979375034570694 - critic/advantages/max:2.4748666286468506 - critic/advantages/min:-2.4748666286468506 - critic/returns/mean:-0.11979375034570694 - critic/returns/max:2.4748666286468506 - critic/returns/min:-2.4748666286468506 - response_length/mean:910.919921875 - response_length/max:2048.0 - response_length/min:116.0 - response_length/clip_ratio:0.19921875 - response_length_non_aborted/mean:910.919921875 - response_length_non_aborted/max:2048.0 - response_length_non_aborted/min:116.0 - response_length_non_aborted/clip_ratio:0.19921875 - response/aborted_ratio:0.0 - prompt_length/mean:124.078125 - prompt_length/max:141.0 - prompt_length/min:122.0 - prompt_length/clip_ratio:0.0 - num_turns/min:2 - num_turns/max:2 - num_turns/mean:2.0 - timing_s/start_profile:0.00014913827180862427 - timing_s/agent_loop/num_preempted/min:-1 - timing_s/agent_loop/num_preempted/max:-1 - timing_s/agent_loop/num_preempted/mean:-1.0 - timing_s/agent_loop/generate_sequences/min:3.411866062320769 - timing_s/agent_loop/generate_sequences/max:30.782030732370913 - timing_s/agent_loop/generate_sequences/mean:17.0602582901829 - timing_s/agent_loop/tool_calls/min:0.0 - timing_s/agent_loop/tool_calls/max:0.0 - timing_s/agent_loop/tool_calls/mean:0.0 - timing_s/agent_loop/compute_score/min:0.003835376352071762 - timing_s/agent_loop/compute_score/max:0.08189032319933176 - timing_s/agent_loop/compute_score/mean:0.010436661690619076 - timing_s/agent_loop/slowest/generate_sequences:30.782030732370913 - timing_s/agent_loop/slowest/tool_calls:0.0 - timing_s/agent_loop/slowest/compute_score:0.0040011536329984665 - timing_s/agent_loop/slowest/num_preempted:-1 - timing_s/agent_loop/slowest/prompt_length:125 - timing_s/agent_loop/slowest/response_length:2048 - timing_s/gen:31.528313453309238 - timing_s/reward:2.5129877030849457e-05 - timing_s/old_log_prob:45.88995577581227 - timing_s/ref:74.78153010085225 - timing_s/adv:0.010744093917310238 - timing_s/update_actor:198.6812593191862 - timing_s/update_weights:2.8706556167453527 - timing_s/step:353.8483159467578 - timing_s/stop_profile:7.89891928434372e-05 - timing_per_token_ms/ref:0.14111879381726689 - timing_per_token_ms/update_actor:0.37492760085821836 - timing_per_token_ms/adv:2.0274973943772988e-05 - timing_per_token_ms/gen:0.06760060432836233 - perf/total_num_tokens:529919 - perf/time_per_step:353.8483159467578 - perf/throughput:748.794011612217
[36m(TaskRunner pid=978523)[0m step:16 - global_seqlen/min:240032 - global_seqlen/max:245886 - global_seqlen/minmax_diff:5854 - global_seqlen/balanced_min:242956 - global_seqlen/balanced_max:242962 - global_seqlen/mean:242959.0 - actor/entropy:0.20217590034008026 - perf/mfu/actor_infer:0.08551481090716107 - actor/pg_clipfrac:0.0 - actor/ppo_kl:0.0 - actor/pg_clipfrac_lower:0.0 - actor/pg_loss:0.11733534199720452 - actor/kl_loss:0.01873493054335995 - actor/kl_coef:0.0010000000000000005 - actor/loss:0.11735408008098602 - actor/grad_norm:0.17256082594394684 - actor/lr:1e-06 - actor/perf/max_memory_allocated_gb:73.02188014984131 - actor/perf/max_memory_reserved_gb:112.1171875 - actor/perf/cpu_memory_used_gb:28.47784423828125 - perf/mfu/actor:0.05809579371844874 - training/global_step:16 - training/epoch:0 - critic/score/mean:0.482421875 - critic/score/max:1.0 - critic/score/min:0.0 - critic/rewards/mean:0.482421875 - critic/rewards/max:1.0 - critic/rewards/min:0.0 - critic/advantages/mean:-0.11733534187078476 - critic/advantages/max:2.4748666286468506 - critic/advantages/min:-2.4748666286468506 - critic/returns/mean:-0.11733534187078476 - critic/returns/max:2.4748666286468506 - critic/returns/min:-2.4748666286468506 - response_length/mean:825.38671875 - response_length/max:2048.0 - response_length/min:139.0 - response_length/clip_ratio:0.150390625 - response_length_non_aborted/mean:825.38671875 - response_length_non_aborted/max:2048.0 - response_length_non_aborted/min:139.0 - response_length_non_aborted/clip_ratio:0.150390625 - response/aborted_ratio:0.0 - prompt_length/mean:123.671875 - prompt_length/max:126.0 - prompt_length/min:122.0 - prompt_length/clip_ratio:0.0 - num_turns/min:2 - num_turns/max:2 - num_turns/mean:2.0 - timing_s/start_profile:0.00010296888649463654 - timing_s/agent_loop/num_preempted/min:-1 - timing_s/agent_loop/num_preempted/max:-1 - timing_s/agent_loop/num_preempted/mean:-1.0 - timing_s/agent_loop/generate_sequences/min:4.088028301484883 - timing_s/agent_loop/generate_sequences/max:28.56475054845214 - timing_s/agent_loop/generate_sequences/mean:15.433984787154259 - timing_s/agent_loop/tool_calls/min:0.0 - timing_s/agent_loop/tool_calls/max:0.0 - timing_s/agent_loop/tool_calls/mean:0.0 - timing_s/agent_loop/compute_score/min:0.00396010372787714 - timing_s/agent_loop/compute_score/max:0.07536027207970619 - timing_s/agent_loop/compute_score/mean:0.008977865942142671 - timing_s/agent_loop/slowest/generate_sequences:28.508008629083633 - timing_s/agent_loop/slowest/tool_calls:0.0 - timing_s/agent_loop/slowest/compute_score:0.07536027207970619 - timing_s/agent_loop/slowest/num_preempted:-1 - timing_s/agent_loop/slowest/prompt_length:125 - timing_s/agent_loop/slowest/response_length:2048 - timing_s/gen:29.281856301240623 - timing_s/reward:2.6319175958633423e-05 - timing_s/old_log_prob:44.830091528594494 - timing_s/ref:74.71206169575453 - timing_s/adv:0.004731317982077599 - timing_s/update_actor:197.1716277282685 - timing_s/update_weights:2.8705705367028713 - timing_s/step:348.92567356768996 - timing_s/stop_profile:8.897855877876282e-05 - timing_per_token_ms/ref:0.15375446411895533 - timing_per_token_ms/update_actor:0.4057714011999319 - timing_per_token_ms/adv:9.736865030885043e-06 - timing_per_token_ms/gen:0.06929009673789423 - perf/total_num_tokens:485918 - perf/time_per_step:348.92567356768996 - perf/throughput:696.3058851926729
[36m(TaskRunner pid=978523)[0m step:17 - global_seqlen/min:235230 - global_seqlen/max:279179 - global_seqlen/minmax_diff:43949 - global_seqlen/balanced_min:257202 - global_seqlen/balanced_max:257207 - global_seqlen/mean:257204.5 - actor/entropy:0.1918877512216568 - perf/mfu/actor_infer:0.08976988246264773 - actor/pg_clipfrac:0.0 - actor/ppo_kl:0.0 - actor/pg_clipfrac_lower:0.0 - actor/pg_loss:0.16071631591330515 - actor/kl_loss:0.019638114612462232 - actor/kl_coef:0.0010000000000000005 - actor/loss:0.16073594987392426 - actor/grad_norm:0.17225582897663116 - actor/lr:1e-06 - actor/perf/max_memory_allocated_gb:73.02188014984131 - actor/perf/max_memory_reserved_gb:112.1171875 - actor/perf/cpu_memory_used_gb:28.40949249267578 - perf/mfu/actor:0.06125123002579612 - training/global_step:17 - training/epoch:0 - critic/score/mean:0.47265625 - critic/score/max:1.0 - critic/score/min:0.0 - critic/rewards/mean:0.47265625 - critic/rewards/max:1.0 - critic/rewards/min:0.0 - critic/advantages/mean:-0.16071633994579315 - critic/advantages/max:2.4748666286468506 - critic/advantages/min:-2.4748666286468506 - critic/returns/mean:-0.16071633994579315 - critic/returns/max:2.4748666286468506 - critic/returns/min:-2.4748666286468506 - response_length/mean:880.720703125 - response_length/max:2048.0 - response_length/min:111.0 - response_length/clip_ratio:0.181640625 - response_length_non_aborted/mean:880.720703125 - response_length_non_aborted/max:2048.0 - response_length_non_aborted/min:111.0 - response_length_non_aborted/clip_ratio:0.181640625 - response/aborted_ratio:0.0 - prompt_length/mean:123.984375 - prompt_length/max:140.0 - prompt_length/min:122.0 - prompt_length/clip_ratio:0.0 - num_turns/min:2 - num_turns/max:2 - num_turns/mean:2.0 - timing_s/start_profile:0.00010767858475446701 - timing_s/agent_loop/num_preempted/min:-1 - timing_s/agent_loop/num_preempted/max:-1 - timing_s/agent_loop/num_preempted/mean:-1.0 - timing_s/agent_loop/generate_sequences/min:3.3183373296633363 - timing_s/agent_loop/generate_sequences/max:29.878187908791006 - timing_s/agent_loop/generate_sequences/mean:16.45540202760094 - timing_s/agent_loop/tool_calls/min:0.0 - timing_s/agent_loop/tool_calls/max:0.0 - timing_s/agent_loop/tool_calls/mean:0.0 - timing_s/agent_loop/compute_score/min:0.0037508560344576836 - timing_s/agent_loop/compute_score/max:0.06820260174572468 - timing_s/agent_loop/compute_score/mean:0.0097898941639869 - timing_s/agent_loop/slowest/generate_sequences:29.828635467216372 - timing_s/agent_loop/slowest/tool_calls:0.0 - timing_s/agent_loop/slowest/compute_score:0.06820260174572468 - timing_s/agent_loop/slowest/num_preempted:-1 - timing_s/agent_loop/slowest/prompt_length:140 - timing_s/agent_loop/slowest/response_length:2048 - timing_s/gen:30.62910479400307 - timing_s/reward:3.1839124858379364e-05 - timing_s/old_log_prob:45.61725042015314 - timing_s/ref:74.74793535470963 - timing_s/adv:0.011432685889303684 - timing_s/update_actor:198.1873704465106 - timing_s/update_weights:2.8473527962341905 - timing_s/step:352.09406906273216 - timing_s/stop_profile:7.467996329069138e-05 - timing_per_token_ms/ref:0.14530837398783775 - timing_per_token_ms/update_actor:0.38527197317020234 - timing_per_token_ms/adv:2.222489476137409e-05 - timing_per_token_ms/gen:0.06792445106436505 - perf/total_num_tokens:514409 - perf/time_per_step:352.09406906273216 - perf/throughput:730.4993824084387
[36m(TaskRunner pid=978523)[0m step:18 - global_seqlen/min:265587 - global_seqlen/max:282316 - global_seqlen/minmax_diff:16729 - global_seqlen/balanced_min:273948 - global_seqlen/balanced_max:273955 - global_seqlen/mean:273951.5 - actor/entropy:0.18380653858184814 - perf/mfu/actor_infer:0.09471064645840671 - actor/pg_clipfrac:0.0 - actor/ppo_kl:0.0 - actor/pg_clipfrac_lower:0.0 - actor/pg_loss:0.09965356431530381 - actor/kl_loss:0.020045148559802328 - actor/kl_coef:0.0010000000000000005 - actor/loss:0.09967361390590668 - actor/grad_norm:0.147868350148201 - actor/lr:1e-06 - actor/perf/max_memory_allocated_gb:73.02188014984131 - actor/perf/max_memory_reserved_gb:112.1171875 - actor/perf/cpu_memory_used_gb:28.401615142822266 - perf/mfu/actor:0.06492702521629994 - training/global_step:18 - training/epoch:0 - critic/score/mean:0.4453125 - critic/score/max:1.0 - critic/score/min:0.0 - critic/rewards/mean:0.4453125 - critic/rewards/max:1.0 - critic/rewards/min:0.0 - critic/advantages/mean:-0.09965356439352036 - critic/advantages/max:2.4748666286468506 - critic/advantages/min:-2.4748666286468506 - critic/returns/mean:-0.09965356439352036 - critic/returns/max:2.4748666286468506 - critic/returns/min:-2.4748666286468506 - response_length/mean:946.060546875 - response_length/max:2048.0 - response_length/min:83.0 - response_length/clip_ratio:0.2109375 - response_length_non_aborted/mean:946.060546875 - response_length_non_aborted/max:2048.0 - response_length_non_aborted/min:83.0 - response_length_non_aborted/clip_ratio:0.2109375 - response/aborted_ratio:0.0 - prompt_length/mean:124.0625 - prompt_length/max:141.0 - prompt_length/min:121.0 - prompt_length/clip_ratio:0.0 - num_turns/min:2 - num_turns/max:2 - num_turns/mean:2.0 - timing_s/start_profile:9.948853403329849e-05 - timing_s/agent_loop/num_preempted/min:-1 - timing_s/agent_loop/num_preempted/max:-1 - timing_s/agent_loop/num_preempted/mean:-1.0 - timing_s/agent_loop/generate_sequences/min:2.572825581766665 - timing_s/agent_loop/generate_sequences/max:31.665239326655865 - timing_s/agent_loop/generate_sequences/mean:17.995640389244727 - timing_s/agent_loop/tool_calls/min:0.0 - timing_s/agent_loop/tool_calls/max:0.0 - timing_s/agent_loop/tool_calls/mean:0.0 - timing_s/agent_loop/compute_score/min:0.003239799290895462 - timing_s/agent_loop/compute_score/max:0.07218299340456724 - timing_s/agent_loop/compute_score/mean:0.010703199292038335 - timing_s/agent_loop/slowest/generate_sequences:31.6002657385543 - timing_s/agent_loop/slowest/tool_calls:0.0 - timing_s/agent_loop/slowest/compute_score:0.07218299340456724 - timing_s/agent_loop/slowest/num_preempted:-1 - timing_s/agent_loop/slowest/prompt_length:126 - timing_s/agent_loop/slowest/response_length:2048 - timing_s/gen:32.41777711547911 - timing_s/reward:1.6150064766407013e-05 - timing_s/old_log_prob:45.727222797460854 - timing_s/ref:75.27225142065436 - timing_s/adv:0.010810441337525845 - timing_s/update_actor:199.29574532341212 - timing_s/update_weights:3.3110136594623327 - timing_s/step:356.1201246129349 - timing_s/stop_profile:8.273031562566757e-05 - timing_per_token_ms/ref:0.13738244072519107 - timing_per_token_ms/update_actor:0.3637427525007385 - timing_per_token_ms/adv:1.9730575188538562e-05 - timing_per_token_ms/gen:0.06692591836517614 - perf/total_num_tokens:547903 - perf/time_per_step:356.1201246129349 - perf/throughput:769.2671126007172
[36m(TaskRunner pid=978523)[0m step:19 - global_seqlen/min:268243 - global_seqlen/max:295017 - global_seqlen/minmax_diff:26774 - global_seqlen/balanced_min:281628 - global_seqlen/balanced_max:281632 - global_seqlen/mean:281630.0 - actor/entropy:0.1651010811328888 - perf/mfu/actor_infer:0.09684498949689159 - actor/pg_clipfrac:0.0 - actor/ppo_kl:0.0 - actor/pg_clipfrac_lower:0.0 - actor/pg_loss:0.13090085672774876 - actor/kl_loss:0.02102387220475066 - actor/kl_coef:0.0010000000000000005 - actor/loss:0.130921870470047 - actor/grad_norm:0.1621987521648407 - actor/lr:1e-06 - actor/perf/max_memory_allocated_gb:73.02189254760742 - actor/perf/max_memory_reserved_gb:112.1171875 - actor/perf/cpu_memory_used_gb:28.380428314208984 - perf/mfu/actor:0.06656977708185689 - training/global_step:19 - training/epoch:0 - critic/score/mean:0.453125 - critic/score/max:1.0 - critic/score/min:0.0 - critic/rewards/mean:0.453125 - critic/rewards/max:1.0 - critic/rewards/min:0.0 - critic/advantages/mean:-0.13090087473392487 - critic/advantages/max:2.4748666286468506 - critic/advantages/min:-2.4748666286468506 - critic/returns/mean:-0.13090087473392487 - critic/returns/max:2.4748666286468506 - critic/returns/min:-2.4748666286468506 - response_length/mean:976.4296875 - response_length/max:2048.0 - response_length/min:106.0 - response_length/clip_ratio:0.228515625 - response_length_non_aborted/mean:976.4296875 - response_length_non_aborted/max:2048.0 - response_length_non_aborted/min:106.0 - response_length_non_aborted/clip_ratio:0.228515625 - response/aborted_ratio:0.0 - prompt_length/mean:123.6875 - prompt_length/max:125.0 - prompt_length/min:122.0 - prompt_length/clip_ratio:0.0 - num_turns/min:2 - num_turns/max:2 - num_turns/mean:2.0 - timing_s/start_profile:0.00012914929538965225 - timing_s/agent_loop/num_preempted/min:-1 - timing_s/agent_loop/num_preempted/max:-1 - timing_s/agent_loop/num_preempted/mean:-1.0 - timing_s/agent_loop/generate_sequences/min:3.206536398269236 - timing_s/agent_loop/generate_sequences/max:32.52565774042159 - timing_s/agent_loop/generate_sequences/mean:18.644339490954735 - timing_s/agent_loop/tool_calls/min:0.0 - timing_s/agent_loop/tool_calls/max:0.0 - timing_s/agent_loop/tool_calls/mean:0.0 - timing_s/agent_loop/compute_score/min:0.0037250956520438194 - timing_s/agent_loop/compute_score/max:0.07209343556314707 - timing_s/agent_loop/compute_score/mean:0.010946011801934219 - timing_s/agent_loop/slowest/generate_sequences:32.4718888187781 - timing_s/agent_loop/slowest/tool_calls:0.0 - timing_s/agent_loop/slowest/compute_score:0.05918419174849987 - timing_s/agent_loop/slowest/num_preempted:-1 - timing_s/agent_loop/slowest/prompt_length:125 - timing_s/agent_loop/slowest/response_length:2048 - timing_s/gen:33.27997408155352 - timing_s/reward:2.1209940314292908e-05 - timing_s/old_log_prob:45.98527350369841 - timing_s/ref:75.27990577276796 - timing_s/adv:0.004870026372373104 - timing_s/update_actor:199.90582701563835 - timing_s/update_weights:2.857781020924449 - timing_s/step:357.40119709447026 - timing_s/stop_profile:8.378922939300537e-05 - timing_per_token_ms/ref:0.133650367100039 - timing_per_token_ms/update_actor:0.35490861594226175 - timing_per_token_ms/adv:8.646142762442042e-06 - timing_per_token_ms/gen:0.06656900154731747 - perf/total_num_tokens:563260 - perf/time_per_step:357.40119709447026 - perf/throughput:787.9940030686523
[36m(TaskRunner pid=978523)[0m step:20 - global_seqlen/min:251461 - global_seqlen/max:273243 - global_seqlen/minmax_diff:21782 - global_seqlen/balanced_min:262352 - global_seqlen/balanced_max:262352 - global_seqlen/mean:262352.0 - actor/entropy:0.15203024446964264 - perf/mfu/actor_infer:0.09112296170107519 - actor/pg_clipfrac:0.0 - actor/ppo_kl:0.0 - actor/pg_clipfrac_lower:0.0 - actor/pg_loss:0.14400565254027242 - actor/kl_loss:0.021810917431139387 - actor/kl_coef:0.0010000000000000005 - actor/loss:0.1440274566411972 - actor/grad_norm:0.15024997293949127 - actor/lr:1e-06 - actor/perf/max_memory_allocated_gb:73.02189254760742 - actor/perf/max_memory_reserved_gb:112.1171875 - actor/perf/cpu_memory_used_gb:28.412986755371094 - perf/mfu/actor:0.0622973112375072 - training/global_step:20 - training/epoch:0 - critic/score/mean:0.5234375 - critic/score/max:1.0 - critic/score/min:0.0 - critic/rewards/mean:0.5234375 - critic/rewards/max:1.0 - critic/rewards/min:0.0 - critic/advantages/mean:-0.14400562644004822 - critic/advantages/max:2.4748666286468506 - critic/advantages/min:-2.4748666286468506 - critic/returns/mean:-0.14400562644004822 - critic/returns/max:2.4748666286468506 - critic/returns/min:-2.4748666286468506 - response_length/mean:901.5 - response_length/max:2048.0 - response_length/min:124.0 - response_length/clip_ratio:0.208984375 - response_length_non_aborted/mean:901.5 - response_length_non_aborted/max:2048.0 - response_length_non_aborted/min:124.0 - response_length_non_aborted/clip_ratio:0.208984375 - response/aborted_ratio:0.0 - prompt_length/mean:123.3125 - prompt_length/max:125.0 - prompt_length/min:122.0 - prompt_length/clip_ratio:0.0 - num_turns/min:2 - num_turns/max:2 - num_turns/mean:2.0 - timing_s/start_profile:0.00010473933070898056 - timing_s/agent_loop/num_preempted/min:-1 - timing_s/agent_loop/num_preempted/max:-1 - timing_s/agent_loop/num_preempted/mean:-1.0 - timing_s/agent_loop/generate_sequences/min:3.6317769130691886 - timing_s/agent_loop/generate_sequences/max:30.307450283318758 - timing_s/agent_loop/generate_sequences/mean:16.621705940757238 - timing_s/agent_loop/tool_calls/min:0.0 - timing_s/agent_loop/tool_calls/max:0.0 - timing_s/agent_loop/tool_calls/mean:0.0 - timing_s/agent_loop/compute_score/min:0.0035129282623529434 - timing_s/agent_loop/compute_score/max:0.07525393553078175 - timing_s/agent_loop/compute_score/mean:0.010842472745935083 - timing_s/agent_loop/slowest/generate_sequences:30.263598072342575 - timing_s/agent_loop/slowest/tool_calls:0.0 - timing_s/agent_loop/slowest/compute_score:0.05661260522902012 - timing_s/agent_loop/slowest/num_preempted:-1 - timing_s/agent_loop/slowest/prompt_length:125 - timing_s/agent_loop/slowest/response_length:2048 - timing_s/gen:31.04564474336803 - timing_s/reward:1.661013811826706e-05 - timing_s/old_log_prob:45.50845998339355 - timing_s/ref:74.8326813923195 - timing_s/adv:0.01093751098960638 - timing_s/update_actor:199.23338345531374 - timing_s/update_weights:2.903273606672883 - timing_s/step:353.61957844533026 - timing_s/stop_profile:7.796939462423325e-05 - timing_per_token_ms/ref:0.14261885061352592 - timing_per_token_ms/update_actor:0.3797062409574041 - timing_per_token_ms/adv:2.0845106935732107e-05 - timing_per_token_ms/gen:0.06726125889006176 - perf/total_num_tokens:524704 - perf/time_per_step:353.61957844533026 - perf/throughput:741.9046229097853
[36m(TaskRunner pid=978523)[0m step:21 - global_seqlen/min:281273 - global_seqlen/max:299024 - global_seqlen/minmax_diff:17751 - global_seqlen/balanced_min:290148 - global_seqlen/balanced_max:290149 - global_seqlen/mean:290148.5 - actor/entropy:0.1454962193965912 - perf/mfu/actor_infer:0.09917048219437928 - actor/pg_clipfrac:0.0 - actor/ppo_kl:0.0 - actor/pg_clipfrac_lower:0.0 - actor/pg_loss:0.15022205287959878 - actor/kl_loss:0.021694658003980294 - actor/kl_coef:0.0010000000000000005 - actor/loss:0.15024375915527344 - actor/grad_norm:0.1394808143377304 - actor/lr:1e-06 - actor/perf/max_memory_allocated_gb:73.02195882797241 - actor/perf/max_memory_reserved_gb:112.1171875 - actor/perf/cpu_memory_used_gb:28.580677032470703 - perf/mfu/actor:0.06847763199391438 - training/global_step:21 - training/epoch:0 - critic/score/mean:0.443359375 - critic/score/max:1.0 - critic/score/min:0.0 - critic/rewards/mean:0.443359375 - critic/rewards/max:1.0 - critic/rewards/min:0.0 - critic/advantages/mean:-0.150222048163414 - critic/advantages/max:2.4748666286468506 - critic/advantages/min:-2.4748666286468506 - critic/returns/mean:-0.150222048163414 - critic/returns/max:2.4748666286468506 - critic/returns/min:-2.4748666286468506 - response_length/mean:1009.533203125 - response_length/max:2048.0 - response_length/min:150.0 - response_length/clip_ratio:0.228515625 - response_length_non_aborted/mean:1009.533203125 - response_length_non_aborted/max:2048.0 - response_length_non_aborted/min:150.0 - response_length_non_aborted/clip_ratio:0.228515625 - response/aborted_ratio:0.0 - prompt_length/mean:123.859375 - prompt_length/max:137.0 - prompt_length/min:122.0 - prompt_length/clip_ratio:0.0 - num_turns/min:2 - num_turns/max:2 - num_turns/mean:2.0 - timing_s/start_profile:0.0001371791586279869 - timing_s/agent_loop/num_preempted/min:-1 - timing_s/agent_loop/num_preempted/max:-1 - timing_s/agent_loop/num_preempted/mean:-1.0 - timing_s/agent_loop/generate_sequences/min:4.359279580414295 - timing_s/agent_loop/generate_sequences/max:33.407648540101945 - timing_s/agent_loop/generate_sequences/mean:19.488156260160395 - timing_s/agent_loop/tool_calls/min:0.0 - timing_s/agent_loop/tool_calls/max:0.0 - timing_s/agent_loop/tool_calls/mean:0.0 - timing_s/agent_loop/compute_score/min:0.003620796836912632 - timing_s/agent_loop/compute_score/max:0.08771185018122196 - timing_s/agent_loop/compute_score/mean:0.010485191158295493 - timing_s/agent_loop/slowest/generate_sequences:33.32590841501951 - timing_s/agent_loop/slowest/tool_calls:0.0 - timing_s/agent_loop/slowest/compute_score:0.08771185018122196 - timing_s/agent_loop/slowest/num_preempted:-1 - timing_s/agent_loop/slowest/prompt_length:125 - timing_s/agent_loop/slowest/response_length:2048 - timing_s/gen:34.12417923100293 - timing_s/reward:2.960953861474991e-05 - timing_s/old_log_prob:46.32727300748229 - timing_s/ref:75.06012836936861 - timing_s/adv:0.009481092914938927 - timing_s/update_actor:200.3178226770833 - timing_s/update_weights:2.841554280370474 - timing_s/step:358.7711663497612 - timing_s/stop_profile:8.724909275770187e-05 - timing_per_token_ms/ref:0.12934777944633286 - timing_per_token_ms/update_actor:0.34519879075212057 - timing_per_token_ms/adv:1.633834556259799e-05 - timing_per_token_ms/gen:0.0660194111043024 - perf/total_num_tokens:580297 - perf/time_per_step:358.7711663497612 - perf/throughput:808.7285914084248
[36m(TaskRunner pid=978523)[0m step:22 - global_seqlen/min:269054 - global_seqlen/max:295128 - global_seqlen/minmax_diff:26074 - global_seqlen/balanced_min:282090 - global_seqlen/balanced_max:282092 - global_seqlen/mean:282091.0 - actor/entropy:0.14048244059085846 - perf/mfu/actor_infer:0.09693936457334307 - actor/pg_clipfrac:0.0 - actor/ppo_kl:0.0 - actor/pg_clipfrac_lower:0.0 - actor/pg_loss:0.15657962697923722 - actor/kl_loss:0.02217329367704224 - actor/kl_coef:0.0010000000000000005 - actor/loss:0.15660178661346436 - actor/grad_norm:0.14736659824848175 - actor/lr:1e-06 - actor/perf/max_memory_allocated_gb:73.02195882797241 - actor/perf/max_memory_reserved_gb:112.1171875 - actor/perf/cpu_memory_used_gb:28.554710388183594 - perf/mfu/actor:0.06547505794028194 - training/global_step:22 - training/epoch:0 - critic/score/mean:0.521484375 - critic/score/max:1.0 - critic/score/min:0.0 - critic/rewards/mean:0.521484375 - critic/rewards/max:1.0 - critic/rewards/min:0.0 - critic/advantages/mean:-0.1565796434879303 - critic/advantages/max:2.4748666286468506 - critic/advantages/min:-2.4748666286468506 - critic/returns/mean:-0.1565796434879303 - critic/returns/max:2.4748666286468506 - critic/returns/min:-2.4748666286468506 - response_length/mean:977.99609375 - response_length/max:2048.0 - response_length/min:127.0 - response_length/clip_ratio:0.232421875 - response_length_non_aborted/mean:977.99609375 - response_length_non_aborted/max:2048.0 - response_length_non_aborted/min:127.0 - response_length_non_aborted/clip_ratio:0.232421875 - response/aborted_ratio:0.0 - prompt_length/mean:123.921875 - prompt_length/max:140.0 - prompt_length/min:122.0 - prompt_length/clip_ratio:0.0 - num_turns/min:2 - num_turns/max:2 - num_turns/mean:2.0 - timing_s/start_profile:0.00012012850493192673 - timing_s/agent_loop/num_preempted/min:-1 - timing_s/agent_loop/num_preempted/max:-1 - timing_s/agent_loop/num_preempted/mean:-1.0 - timing_s/agent_loop/generate_sequences/min:3.7478557992726564 - timing_s/agent_loop/generate_sequences/max:32.51541514415294 - timing_s/agent_loop/generate_sequences/mean:18.64827509659517 - timing_s/agent_loop/tool_calls/min:0.0 - timing_s/agent_loop/tool_calls/max:0.0 - timing_s/agent_loop/tool_calls/mean:0.0 - timing_s/agent_loop/compute_score/min:0.0038459142670035362 - timing_s/agent_loop/compute_score/max:0.08903014846146107 - timing_s/agent_loop/compute_score/mean:0.01142158756738354 - timing_s/agent_loop/slowest/generate_sequences:32.444610899314284 - timing_s/agent_loop/slowest/tool_calls:0.0 - timing_s/agent_loop/slowest/compute_score:0.07627504412084818 - timing_s/agent_loop/slowest/num_preempted:-1 - timing_s/agent_loop/slowest/prompt_length:125 - timing_s/agent_loop/slowest/response_length:2048 - timing_s/gen:33.23184151388705 - timing_s/reward:1.94404274225235e-05 - timing_s/old_log_prob:46.41256141010672 - timing_s/ref:74.94901472050697 - timing_s/adv:0.011326156556606293 - timing_s/update_actor:203.61124146264046 - timing_s/update_weights:2.870376143604517 - timing_s/step:361.17278822883964 - timing_s/stop_profile:8.397828787565231e-05 - timing_per_token_ms/ref:0.13284545540358778 - timing_per_token_ms/update_actor:0.3608963800026241 - timing_per_token_ms/adv:2.0075359647429893e-05 - timing_per_token_ms/gen:0.06636625736196673 - perf/total_num_tokens:564182 - perf/time_per_step:361.17278822883964 - perf/throughput:781.0416764323527
[36m(TaskRunner pid=978523)[0m step:23 - global_seqlen/min:276605 - global_seqlen/max:278010 - global_seqlen/minmax_diff:1405 - global_seqlen/balanced_min:277304 - global_seqlen/balanced_max:277311 - global_seqlen/mean:277307.5 - actor/entropy:0.1310391128063202 - perf/mfu/actor_infer:0.09561612330250774 - actor/pg_clipfrac:0.0 - actor/ppo_kl:0.0 - actor/pg_clipfrac_lower:0.0 - actor/pg_loss:0.10626380743906338 - actor/kl_loss:0.02334411611809628 - actor/kl_coef:0.0010000000000000005 - actor/loss:0.1062871515750885 - actor/grad_norm:0.13157878816127777 - actor/lr:1e-06 - actor/perf/max_memory_allocated_gb:73.02195882797241 - actor/perf/max_memory_reserved_gb:112.1171875 - actor/perf/cpu_memory_used_gb:28.516746520996094 - perf/mfu/actor:0.06560240806723333 - training/global_step:23 - training/epoch:0 - critic/score/mean:0.505859375 - critic/score/max:1.0 - critic/score/min:0.0 - critic/rewards/mean:0.505859375 - critic/rewards/max:1.0 - critic/rewards/min:0.0 - critic/advantages/mean:-0.10626382380723953 - critic/advantages/max:2.4748666286468506 - critic/advantages/min:-2.4748666286468506 - critic/returns/mean:-0.10626382380723953 - critic/returns/max:2.4748666286468506 - critic/returns/min:-2.4748666286468506 - response_length/mean:959.326171875 - response_length/max:2048.0 - response_length/min:122.0 - response_length/clip_ratio:0.22265625 - response_length_non_aborted/mean:959.326171875 - response_length_non_aborted/max:2048.0 - response_length_non_aborted/min:122.0 - response_length_non_aborted/clip_ratio:0.22265625 - response/aborted_ratio:0.0 - prompt_length/mean:123.90625 - prompt_length/max:140.0 - prompt_length/min:122.0 - prompt_length/clip_ratio:0.0 - num_turns/min:2 - num_turns/max:2 - num_turns/mean:2.0 - timing_s/start_profile:0.0001328578218817711 - timing_s/agent_loop/num_preempted/min:-1 - timing_s/agent_loop/num_preempted/max:-1 - timing_s/agent_loop/num_preempted/mean:-1.0 - timing_s/agent_loop/generate_sequences/min:3.618792668916285 - timing_s/agent_loop/generate_sequences/max:31.99587205797434 - timing_s/agent_loop/generate_sequences/mean:18.041720895736944 - timing_s/agent_loop/tool_calls/min:0.0 - timing_s/agent_loop/tool_calls/max:0.0 - timing_s/agent_loop/tool_calls/mean:0.0 - timing_s/agent_loop/compute_score/min:0.00323577132076025 - timing_s/agent_loop/compute_score/max:0.05917926970869303 - timing_s/agent_loop/compute_score/mean:0.009701855553430505 - timing_s/agent_loop/slowest/generate_sequences:31.99587205797434 - timing_s/agent_loop/slowest/tool_calls:0.0 - timing_s/agent_loop/slowest/compute_score:0.00486411526799202 - timing_s/agent_loop/slowest/num_preempted:-1 - timing_s/agent_loop/slowest/prompt_length:125 - timing_s/agent_loop/slowest/response_length:2048 - timing_s/gen:32.729445869103074 - timing_s/reward:1.9449740648269653e-05 - timing_s/old_log_prob:45.87259993515909 - timing_s/ref:75.28459002170712 - timing_s/adv:0.010421494953334332 - timing_s/update_actor:199.75899441633373 - timing_s/update_weights:2.860199642367661 - timing_s/step:356.60198296699673 - timing_s/stop_profile:8.954014629125595e-05 - timing_per_token_ms/ref:0.135742073369287 - timing_per_token_ms/update_actor:0.3601759678629928 - timing_per_token_ms/adv:1.8790503237983702e-05 - timing_per_token_ms/gen:0.06663499947901069 - perf/total_num_tokens:554615 - perf/time_per_step:356.60198296699673 - perf/throughput:777.6386931243302
[36m(TaskRunner pid=978523)[0m step:24 - global_seqlen/min:270941 - global_seqlen/max:307207 - global_seqlen/minmax_diff:36266 - global_seqlen/balanced_min:289072 - global_seqlen/balanced_max:289076 - global_seqlen/mean:289074.0 - actor/entropy:0.12391278892755508 - perf/mfu/actor_infer:0.09889890477599202 - actor/pg_clipfrac:0.0 - actor/ppo_kl:0.0 - actor/pg_clipfrac_lower:0.0 - actor/pg_loss:0.17348703308562108 - actor/kl_loss:0.02329416545035201 - actor/kl_coef:0.0010000000000000005 - actor/loss:0.1735103279352188 - actor/grad_norm:0.12837958335876465 - actor/lr:1e-06 - actor/perf/max_memory_allocated_gb:73.02195882797241 - actor/perf/max_memory_reserved_gb:112.1171875 - actor/perf/cpu_memory_used_gb:28.482154846191406 - perf/mfu/actor:0.06818023149593179 - training/global_step:24 - training/epoch:0 - critic/score/mean:0.5390625 - critic/score/max:1.0 - critic/score/min:0.0 - critic/rewards/mean:0.5390625 - critic/rewards/max:1.0 - critic/rewards/min:0.0 - critic/advantages/mean:-0.17348702251911163 - critic/advantages/max:2.4748666286468506 - critic/advantages/min:-2.4748666286468506 - critic/returns/mean:-0.17348702251911163 - critic/returns/max:2.4748666286468506 - critic/returns/min:-2.4748666286468506 - response_length/mean:1005.1015625 - response_length/max:2048.0 - response_length/min:140.0 - response_length/clip_ratio:0.265625 - response_length_non_aborted/mean:1005.1015625 - response_length_non_aborted/max:2048.0 - response_length_non_aborted/min:140.0 - response_length_non_aborted/clip_ratio:0.265625 - response/aborted_ratio:0.0 - prompt_length/mean:124.09375 - prompt_length/max:141.0 - prompt_length/min:122.0 - prompt_length/clip_ratio:0.0 - num_turns/min:2 - num_turns/max:2 - num_turns/mean:2.0 - timing_s/start_profile:0.00010270904749631882 - timing_s/agent_loop/num_preempted/min:-1 - timing_s/agent_loop/num_preempted/max:-1 - timing_s/agent_loop/num_preempted/mean:-1.0 - timing_s/agent_loop/generate_sequences/min:4.111637992784381 - timing_s/agent_loop/generate_sequences/max:33.33294060174376 - timing_s/agent_loop/generate_sequences/mean:18.92481523233073 - timing_s/agent_loop/tool_calls/min:0.0 - timing_s/agent_loop/tool_calls/max:0.0 - timing_s/agent_loop/tool_calls/mean:0.0 - timing_s/agent_loop/compute_score/min:0.003079591318964958 - timing_s/agent_loop/compute_score/max:0.08740632236003876 - timing_s/agent_loop/compute_score/mean:0.012081000861144275 - timing_s/agent_loop/slowest/generate_sequences:33.26784635335207 - timing_s/agent_loop/slowest/tool_calls:0.0 - timing_s/agent_loop/slowest/compute_score:0.08153236657381058 - timing_s/agent_loop/slowest/num_preempted:-1 - timing_s/agent_loop/slowest/prompt_length:125 - timing_s/agent_loop/slowest/response_length:2048 - timing_s/gen:34.08136481791735 - timing_s/reward:2.2609718143939972e-05 - timing_s/old_log_prob:46.295453084632754 - timing_s/ref:75.45354865863919 - timing_s/adv:0.008808592334389687 - timing_s/update_actor:200.55668402649462 - timing_s/update_weights:2.867354730144143 - timing_s/step:359.35580878704786 - timing_s/stop_profile:8.546002209186554e-05 - timing_per_token_ms/ref:0.13050905418446349 - timing_per_token_ms/update_actor:0.3468950580586539 - timing_per_token_ms/adv:1.5235877896991231e-05 - timing_per_token_ms/gen:0.06622730293486616 - perf/total_num_tokens:578148 - perf/time_per_step:359.35580878704786 - perf/throughput:804.4227835796681
[36m(TaskRunner pid=978523)[0m step:25 - global_seqlen/min:273468 - global_seqlen/max:286675 - global_seqlen/minmax_diff:13207 - global_seqlen/balanced_min:280070 - global_seqlen/balanced_max:280073 - global_seqlen/mean:280071.5 - actor/entropy:0.12234340608119965 - perf/mfu/actor_infer:0.09620858027734452 - actor/pg_clipfrac:0.0 - actor/ppo_kl:0.0 - actor/pg_clipfrac_lower:0.0 - actor/pg_loss:0.12746970677471836 - actor/kl_loss:0.024049319788900902 - actor/kl_coef:0.0010000000000000005 - actor/loss:0.12749376893043518 - actor/grad_norm:0.12063220143318176 - actor/lr:1e-06 - actor/perf/max_memory_allocated_gb:73.02195882797241 - actor/perf/max_memory_reserved_gb:112.1171875 - actor/perf/cpu_memory_used_gb:28.468521118164062 - perf/mfu/actor:0.06623650671890118 - training/global_step:25 - training/epoch:0 - critic/score/mean:0.5234375 - critic/score/max:1.0 - critic/score/min:0.0 - critic/rewards/mean:0.5234375 - critic/rewards/max:1.0 - critic/rewards/min:0.0 - critic/advantages/mean:-0.12746970355510712 - critic/advantages/max:2.4748666286468506 - critic/advantages/min:-2.4748666286468506 - critic/returns/mean:-0.12746970355510712 - critic/returns/max:2.4748666286468506 - critic/returns/min:-2.4748666286468506 - response_length/mean:970.513671875 - response_length/max:2048.0 - response_length/min:131.0 - response_length/clip_ratio:0.2265625 - response_length_non_aborted/mean:970.513671875 - response_length_non_aborted/max:2048.0 - response_length_non_aborted/min:131.0 - response_length_non_aborted/clip_ratio:0.2265625 - response/aborted_ratio:0.0 - prompt_length/mean:123.515625 - prompt_length/max:128.0 - prompt_length/min:121.0 - prompt_length/clip_ratio:0.0 - num_turns/min:2 - num_turns/max:2 - num_turns/mean:2.0 - timing_s/start_profile:0.00010877847671508789 - timing_s/agent_loop/num_preempted/min:-1 - timing_s/agent_loop/num_preempted/max:-1 - timing_s/agent_loop/num_preempted/mean:-1.0 - timing_s/agent_loop/generate_sequences/min:3.8754784744232893 - timing_s/agent_loop/generate_sequences/max:32.38899939600378 - timing_s/agent_loop/generate_sequences/mean:18.405240480456996 - timing_s/agent_loop/tool_calls/min:0.0 - timing_s/agent_loop/tool_calls/max:0.0 - timing_s/agent_loop/tool_calls/mean:0.0 - timing_s/agent_loop/compute_score/min:0.0033802455291152 - timing_s/agent_loop/compute_score/max:0.07948670070618391 - timing_s/agent_loop/compute_score/mean:0.010430927261040779 - timing_s/agent_loop/slowest/generate_sequences:32.38899939600378 - timing_s/agent_loop/slowest/tool_calls:0.0 - timing_s/agent_loop/slowest/compute_score:0.0042240191251039505 - timing_s/agent_loop/slowest/num_preempted:-1 - timing_s/agent_loop/slowest/prompt_length:125 - timing_s/agent_loop/slowest/response_length:2048 - timing_s/gen:33.11724018026143 - timing_s/reward:1.661013811826706e-05 - timing_s/old_log_prob:46.04835047200322 - timing_s/ref:74.99242739006877 - timing_s/adv:0.009652936831116676 - timing_s/update_actor:200.3570910859853 - timing_s/update_weights:2.844613317400217 - timing_s/step:357.4545345213264 - timing_s/stop_profile:8.211936801671982e-05 - timing_per_token_ms/ref:0.1338808614765672 - timing_per_token_ms/update_actor:0.3576891813090323 - timing_per_token_ms/adv:1.7232986632193344e-05 - timing_per_token_ms/gen:0.06664729369768634 - perf/total_num_tokens:560143 - perf/time_per_step:357.4545345213264 - perf/throughput:783.5164278306012
[36m(TaskRunner pid=978523)[0m step:26 - global_seqlen/min:250894 - global_seqlen/max:285170 - global_seqlen/minmax_diff:34276 - global_seqlen/balanced_min:268030 - global_seqlen/balanced_max:268034 - global_seqlen/mean:268032.0 - actor/entropy:0.12165519595146179 - perf/mfu/actor_infer:0.09283966631306424 - actor/pg_clipfrac:0.0 - actor/ppo_kl:0.0 - actor/pg_clipfrac_lower:0.0 - actor/pg_loss:0.12381282221031142 - actor/kl_loss:0.025914884990925202 - actor/kl_coef:0.0010000000000000005 - actor/loss:0.12383873760700226 - actor/grad_norm:0.13264966011047363 - actor/lr:1e-06 - actor/perf/max_memory_allocated_gb:73.02195882797241 - actor/perf/max_memory_reserved_gb:112.1171875 - actor/perf/cpu_memory_used_gb:28.60592269897461 - perf/mfu/actor:0.06355220771174291 - training/global_step:26 - training/epoch:0 - critic/score/mean:0.5625 - critic/score/max:1.0 - critic/score/min:0.0 - critic/rewards/mean:0.5625 - critic/rewards/max:1.0 - critic/rewards/min:0.0 - critic/advantages/mean:-0.12381283193826675 - critic/advantages/max:2.4748666286468506 - critic/advantages/min:-2.4748666286468506 - critic/returns/mean:-0.12381283193826675 - critic/returns/max:2.4748666286468506 - critic/returns/min:-2.4748666286468506 - response_length/mean:923.578125 - response_length/max:2048.0 - response_length/min:129.0 - response_length/clip_ratio:0.22265625 - response_length_non_aborted/mean:923.578125 - response_length_non_aborted/max:2048.0 - response_length_non_aborted/min:129.0 - response_length_non_aborted/clip_ratio:0.22265625 - response/aborted_ratio:0.0 - prompt_length/mean:123.421875 - prompt_length/max:126.0 - prompt_length/min:122.0 - prompt_length/clip_ratio:0.0 - num_turns/min:2 - num_turns/max:2 - num_turns/mean:2.0 - timing_s/start_profile:9.704846888780594e-05 - timing_s/agent_loop/num_preempted/min:-1 - timing_s/agent_loop/num_preempted/max:-1 - timing_s/agent_loop/num_preempted/mean:-1.0 - timing_s/agent_loop/generate_sequences/min:3.790926751680672 - timing_s/agent_loop/generate_sequences/max:31.00227987393737 - timing_s/agent_loop/generate_sequences/mean:17.04445232746184 - timing_s/agent_loop/tool_calls/min:0.0 - timing_s/agent_loop/tool_calls/max:0.0 - timing_s/agent_loop/tool_calls/mean:0.0 - timing_s/agent_loop/compute_score/min:0.003320452757179737 - timing_s/agent_loop/compute_score/max:0.08151425328105688 - timing_s/agent_loop/compute_score/mean:0.011350560766004492 - timing_s/agent_loop/slowest/generate_sequences:30.9324150076136 - timing_s/agent_loop/slowest/tool_calls:0.0 - timing_s/agent_loop/slowest/compute_score:0.0802149549126625 - timing_s/agent_loop/slowest/num_preempted:-1 - timing_s/agent_loop/slowest/prompt_length:125 - timing_s/agent_loop/slowest/response_length:2048 - timing_s/gen:31.767589952796698 - timing_s/reward:2.7818605303764343e-05 - timing_s/old_log_prob:45.69058045651764 - timing_s/ref:74.88622973766178 - timing_s/adv:0.011318206787109375 - timing_s/update_actor:199.32821730151772 - timing_s/update_weights:2.86791605129838 - timing_s/step:354.64383787754923 - timing_s/stop_profile:0.00010802038013935089 - timing_per_token_ms/ref:0.13969643501086024 - timing_per_token_ms/update_actor:0.3718366040277238 - timing_per_token_ms/adv:2.111353641936294e-05 - timing_per_token_ms/gen:0.06718010360688875 - perf/total_num_tokens:536064 - perf/time_per_step:354.64383787754923 - perf/throughput:755.7779703831922
[36m(TaskRunner pid=978523)[0m step:27 - global_seqlen/min:255822 - global_seqlen/max:266821 - global_seqlen/minmax_diff:10999 - global_seqlen/balanced_min:261321 - global_seqlen/balanced_max:261322 - global_seqlen/mean:261321.5 - actor/entropy:0.1168990358710289 - perf/mfu/actor_infer:0.09097523885587709 - actor/pg_clipfrac:0.0 - actor/ppo_kl:0.0 - actor/pg_clipfrac_lower:0.0 - actor/pg_loss:0.15638915216504756 - actor/kl_loss:0.026157357380725443 - actor/kl_coef:0.0010000000000000005 - actor/loss:0.15641531348228455 - actor/grad_norm:0.14835844933986664 - actor/lr:1e-06 - actor/perf/max_memory_allocated_gb:73.02195882797241 - actor/perf/max_memory_reserved_gb:112.1171875 - actor/perf/cpu_memory_used_gb:28.530471801757812 - perf/mfu/actor:0.06217944295608127 - training/global_step:27 - training/epoch:0 - critic/score/mean:0.62109375 - critic/score/max:1.0 - critic/score/min:0.0 - critic/rewards/mean:0.62109375 - critic/rewards/max:1.0 - critic/rewards/min:0.0 - critic/advantages/mean:-0.15638917684555054 - critic/advantages/max:2.4748666286468506 - critic/advantages/min:-2.4748666286468506 - critic/returns/mean:-0.15638917684555054 - critic/returns/max:2.4748666286468506 - critic/returns/min:-2.4748666286468506 - response_length/mean:896.802734375 - response_length/max:2048.0 - response_length/min:115.0 - response_length/clip_ratio:0.216796875 - response_length_non_aborted/mean:896.802734375 - response_length_non_aborted/max:2048.0 - response_length_non_aborted/min:115.0 - response_length_non_aborted/clip_ratio:0.216796875 - response/aborted_ratio:0.0 - prompt_length/mean:123.984375 - prompt_length/max:141.0 - prompt_length/min:122.0 - prompt_length/clip_ratio:0.0 - num_turns/min:2 - num_turns/max:2 - num_turns/mean:2.0 - timing_s/start_profile:0.0001610293984413147 - timing_s/agent_loop/num_preempted/min:-1 - timing_s/agent_loop/num_preempted/max:-1 - timing_s/agent_loop/num_preempted/mean:-1.0 - timing_s/agent_loop/generate_sequences/min:3.396681054495275 - timing_s/agent_loop/generate_sequences/max:30.216940098442137 - timing_s/agent_loop/generate_sequences/mean:16.264274238095823 - timing_s/agent_loop/tool_calls/min:0.0 - timing_s/agent_loop/tool_calls/max:0.0 - timing_s/agent_loop/tool_calls/mean:0.0 - timing_s/agent_loop/compute_score/min:0.0033246921375393867 - timing_s/agent_loop/compute_score/max:0.07549817487597466 - timing_s/agent_loop/compute_score/mean:0.010655963827957748 - timing_s/agent_loop/slowest/generate_sequences:30.216075295582414 - timing_s/agent_loop/slowest/tool_calls:0.0 - timing_s/agent_loop/slowest/compute_score:0.006292396225035191 - timing_s/agent_loop/slowest/num_preempted:-1 - timing_s/agent_loop/slowest/prompt_length:125 - timing_s/agent_loop/slowest/response_length:2048 - timing_s/gen:30.937120458111167 - timing_s/reward:2.577994018793106e-05 - timing_s/old_log_prob:45.937174576334655 - timing_s/ref:74.63385608885437 - timing_s/adv:0.010798688046634197 - timing_s/update_actor:198.511688105762 - timing_s/update_weights:2.810399583540857 - timing_s/step:352.9353882968426 - timing_s/stop_profile:9.262841194868088e-05 - timing_per_token_ms/ref:0.14280083362611642 - timing_per_token_ms/update_actor:0.3798227243180565 - timing_per_token_ms/adv:2.0661690765272274e-05 - timing_per_token_ms/gen:0.06737720691369115 - perf/total_num_tokens:522643 - perf/time_per_step:352.9353882968426 - perf/throughput:740.4230594757217
[36m(TaskRunner pid=978523)[0m step:28 - global_seqlen/min:231465 - global_seqlen/max:268166 - global_seqlen/minmax_diff:36701 - global_seqlen/balanced_min:249814 - global_seqlen/balanced_max:249817 - global_seqlen/mean:249815.5 - actor/entropy:0.1175418347120285 - perf/mfu/actor_infer:0.08781226922664087 - actor/pg_clipfrac:0.0 - actor/ppo_kl:0.0 - actor/pg_clipfrac_lower:0.0 - actor/pg_loss:0.14281368363481306 - actor/kl_loss:0.02852536954014795 - actor/kl_coef:0.0010000000000000005 - actor/loss:0.14284220337867737 - actor/grad_norm:0.1494998037815094 - actor/lr:1e-06 - actor/perf/max_memory_allocated_gb:73.02195882797241 - actor/perf/max_memory_reserved_gb:112.1171875 - actor/perf/cpu_memory_used_gb:28.602519989013672 - perf/mfu/actor:0.059615947931970004 - training/global_step:28 - training/epoch:0 - critic/score/mean:0.6484375 - critic/score/max:1.0 - critic/score/min:0.0 - critic/rewards/mean:0.6484375 - critic/rewards/max:1.0 - critic/rewards/min:0.0 - critic/advantages/mean:-0.14281369745731354 - critic/advantages/max:2.4748666286468506 - critic/advantages/min:-2.4748666286468506 - critic/returns/mean:-0.14281369745731354 - critic/returns/max:2.4748666286468506 - critic/returns/min:-2.4748666286468506 - response_length/mean:852.701171875 - response_length/max:2048.0 - response_length/min:126.0 - response_length/clip_ratio:0.1953125 - response_length_non_aborted/mean:852.701171875 - response_length_non_aborted/max:2048.0 - response_length_non_aborted/min:126.0 - response_length_non_aborted/clip_ratio:0.1953125 - response/aborted_ratio:0.0 - prompt_length/mean:123.140625 - prompt_length/max:126.0 - prompt_length/min:122.0 - prompt_length/clip_ratio:0.0 - num_turns/min:2 - num_turns/max:2 - num_turns/mean:2.0 - timing_s/start_profile:0.00010093860328197479 - timing_s/agent_loop/num_preempted/min:-1 - timing_s/agent_loop/num_preempted/max:-1 - timing_s/agent_loop/num_preempted/mean:-1.0 - timing_s/agent_loop/generate_sequences/min:3.7301445426419377 - timing_s/agent_loop/generate_sequences/max:29.1072296211496 - timing_s/agent_loop/generate_sequences/mean:15.322868687417213 - timing_s/agent_loop/tool_calls/min:0.0 - timing_s/agent_loop/tool_calls/max:0.0 - timing_s/agent_loop/tool_calls/mean:0.0 - timing_s/agent_loop/compute_score/min:0.0038618873804807663 - timing_s/agent_loop/compute_score/max:0.07466884795576334 - timing_s/agent_loop/compute_score/mean:0.010025624576883274 - timing_s/agent_loop/slowest/generate_sequences:29.059302423149347 - timing_s/agent_loop/slowest/tool_calls:0.0 - timing_s/agent_loop/slowest/compute_score:0.062319072894752026 - timing_s/agent_loop/slowest/num_preempted:-1 - timing_s/agent_loop/slowest/prompt_length:125 - timing_s/agent_loop/slowest/response_length:2048 - timing_s/gen:29.843161337077618 - timing_s/reward:2.3679807782173157e-05 - timing_s/old_log_prob:45.32790314685553 - timing_s/ref:74.55641121417284 - timing_s/adv:0.011059223674237728 - timing_s/update_actor:197.8306337185204 - timing_s/update_weights:2.830683436244726 - timing_s/step:350.48789621237665 - timing_s/stop_profile:8.482951670885086e-05 - timing_per_token_ms/ref:0.1492229489646816 - timing_per_token_ms/update_actor:0.3959534811060971 - timing_per_token_ms/adv:2.2134782818195285e-05 - timing_per_token_ms/gen:0.0683562148253084 - perf/total_num_tokens:499631 - perf/time_per_step:350.48789621237665 - perf/throughput:712.764984753212
[36m(TaskRunner pid=978523)[0m step:29 - global_seqlen/min:228967 - global_seqlen/max:276053 - global_seqlen/minmax_diff:47086 - global_seqlen/balanced_min:252507 - global_seqlen/balanced_max:252513 - global_seqlen/mean:252510.0 - actor/entropy:0.11262109875679016 - perf/mfu/actor_infer:0.08857268328438135 - actor/pg_clipfrac:0.0 - actor/ppo_kl:0.0 - actor/pg_clipfrac_lower:0.0 - actor/pg_loss:0.12353334292674845 - actor/kl_loss:0.028637289022299228 - actor/kl_coef:0.0010000000000000005 - actor/loss:0.12356197088956833 - actor/grad_norm:0.14169593155384064 - actor/lr:1e-06 - actor/perf/max_memory_allocated_gb:73.02195882797241 - actor/perf/max_memory_reserved_gb:112.1171875 - actor/perf/cpu_memory_used_gb:28.604454040527344 - perf/mfu/actor:0.06024107685496077 - training/global_step:29 - training/epoch:0 - critic/score/mean:0.646484375 - critic/score/max:1.0 - critic/score/min:0.0 - critic/rewards/mean:0.646484375 - critic/rewards/max:1.0 - critic/rewards/min:0.0 - critic/advantages/mean:-0.12353333830833435 - critic/advantages/max:2.4748666286468506 - critic/advantages/min:-2.4748666286468506 - critic/returns/mean:-0.12353333830833435 - critic/returns/max:2.4748666286468506 - critic/returns/min:-2.4748666286468506 - response_length/mean:862.8984375 - response_length/max:2048.0 - response_length/min:124.0 - response_length/clip_ratio:0.197265625 - response_length_non_aborted/mean:862.8984375 - response_length_non_aborted/max:2048.0 - response_length_non_aborted/min:124.0 - response_length_non_aborted/clip_ratio:0.197265625 - response/aborted_ratio:0.0 - prompt_length/mean:123.46875 - prompt_length/max:127.0 - prompt_length/min:122.0 - prompt_length/clip_ratio:0.0 - num_turns/min:2 - num_turns/max:2 - num_turns/mean:2.0 - timing_s/start_profile:0.0001278286799788475 - timing_s/agent_loop/num_preempted/min:-1 - timing_s/agent_loop/num_preempted/max:-1 - timing_s/agent_loop/num_preempted/mean:-1.0 - timing_s/agent_loop/generate_sequences/min:3.6187427416443825 - timing_s/agent_loop/generate_sequences/max:29.31489966250956 - timing_s/agent_loop/generate_sequences/mean:15.474369083709462 - timing_s/agent_loop/tool_calls/min:0.0 - timing_s/agent_loop/tool_calls/max:0.0 - timing_s/agent_loop/tool_calls/mean:0.0 - timing_s/agent_loop/compute_score/min:0.003538568504154682 - timing_s/agent_loop/compute_score/max:0.07581231091171503 - timing_s/agent_loop/compute_score/mean:0.010259662016324 - timing_s/agent_loop/slowest/generate_sequences:29.253649395890534 - timing_s/agent_loop/slowest/tool_calls:0.0 - timing_s/agent_loop/slowest/compute_score:0.07581231091171503 - timing_s/agent_loop/slowest/num_preempted:-1 - timing_s/agent_loop/slowest/prompt_length:125 - timing_s/agent_loop/slowest/response_length:2048 - timing_s/gen:30.058070316910744 - timing_s/reward:1.8688850104808807e-05 - timing_s/old_log_prob:45.06607604119927 - timing_s/ref:74.91480100993067 - timing_s/adv:0.008872912265360355 - timing_s/update_actor:197.9257538476959 - timing_s/update_weights:2.819842180237174 - timing_s/step:350.87886030226946 - timing_s/stop_profile:8.492916822433472e-05 - timing_per_token_ms/ref:0.14834026575171413 - timing_per_token_ms/update_actor:0.3919166643849667 - timing_per_token_ms/adv:1.7569427478833226e-05 - timing_per_token_ms/gen:0.06803485327636405 - perf/total_num_tokens:505020 - perf/time_per_step:350.87886030226946 - perf/throughput:719.6500803225128
[36m(TaskRunner pid=978523)[0m step:30 - global_seqlen/min:287228 - global_seqlen/max:291470 - global_seqlen/minmax_diff:4242 - global_seqlen/balanced_min:289345 - global_seqlen/balanced_max:289353 - global_seqlen/mean:289349.0 - actor/entropy:0.10446196794509888 - perf/mfu/actor_infer:0.09926977257748486 - actor/pg_clipfrac:0.0 - actor/ppo_kl:0.0 - actor/pg_clipfrac_lower:0.0 - actor/pg_loss:0.13945055066869827 - actor/kl_loss:0.026662592943466734 - actor/kl_coef:0.0010000000000000005 - actor/loss:0.1394772082567215 - actor/grad_norm:0.12098504602909088 - actor/lr:1e-06 - actor/perf/max_memory_allocated_gb:73.02195882797241 - actor/perf/max_memory_reserved_gb:112.1171875 - actor/perf/cpu_memory_used_gb:29.093852996826172 - perf/mfu/actor:0.06841781324884962 - training/global_step:30 - training/epoch:1 - critic/score/mean:0.5546875 - critic/score/max:1.0 - critic/score/min:0.0 - critic/rewards/mean:0.5546875 - critic/rewards/max:1.0 - critic/rewards/min:0.0 - critic/advantages/mean:-0.1394505798816681 - critic/advantages/max:2.4748666286468506 - critic/advantages/min:-2.4748666286468506 - critic/returns/mean:-0.1394505798816681 - critic/returns/max:2.4748666286468506 - critic/returns/min:-2.4748666286468506 - response_length/mean:1006.51953125 - response_length/max:2048.0 - response_length/min:124.0 - response_length/clip_ratio:0.2890625 - response_length_non_aborted/mean:1006.51953125 - response_length_non_aborted/max:2048.0 - response_length_non_aborted/min:124.0 - response_length_non_aborted/clip_ratio:0.2890625 - response/aborted_ratio:0.0 - prompt_length/mean:123.75 - prompt_length/max:140.0 - prompt_length/min:122.0 - prompt_length/clip_ratio:0.0 - num_turns/min:2 - num_turns/max:2 - num_turns/mean:2.0 - timing_s/start_profile:0.00029039662331342697 - timing_s/agent_loop/num_preempted/min:-1 - timing_s/agent_loop/num_preempted/max:-1 - timing_s/agent_loop/num_preempted/mean:-1.0 - timing_s/agent_loop/generate_sequences/min:3.673890649341047 - timing_s/agent_loop/generate_sequences/max:33.263205202296376 - timing_s/agent_loop/generate_sequences/mean:18.766934774117544 - timing_s/agent_loop/tool_calls/min:0.0 - timing_s/agent_loop/tool_calls/max:0.0 - timing_s/agent_loop/tool_calls/mean:0.0 - timing_s/agent_loop/compute_score/min:0.0035815294831991196 - timing_s/agent_loop/compute_score/max:0.09656160604208708 - timing_s/agent_loop/compute_score/mean:0.013196120327847893 - timing_s/agent_loop/slowest/generate_sequences:33.18654712289572 - timing_s/agent_loop/slowest/tool_calls:0.0 - timing_s/agent_loop/slowest/compute_score:0.09656160604208708 - timing_s/agent_loop/slowest/num_preempted:-1 - timing_s/agent_loop/slowest/prompt_length:125 - timing_s/agent_loop/slowest/response_length:2048 - timing_s/gen:34.00939885433763 - timing_s/reward:3.641936928033829e-05 - timing_s/old_log_prob:46.21700288541615 - timing_s/ref:75.257563425228 - timing_s/adv:0.011640984565019608 - timing_s/update_actor:200.13560925610363 - timing_s/update_weights:2.802114858292043 - timing_s/step:358.5388987287879 - timing_s/stop_profile:7.872935384511948e-05 - timing_per_token_ms/ref:0.13004635133563275 - timing_per_token_ms/update_actor:0.34583774137132606 - timing_per_token_ms/adv:2.011581958987176e-05 - timing_per_token_ms/gen:0.06599435487842471 - perf/total_num_tokens:578698 - perf/time_per_step:358.5388987287879 - perf/throughput:807.0226160282662
[36m(TaskRunner pid=978523)[0m Training Progress:   6%|▌         | 33/586 [3:14:40<55:24:07, 360.66s/it]
[36m(WorkerDict pid=979036)[0m INFO:2026-08-25 00:02:17,070:update_weights done, time cost: 1.46s
[36m(TaskRunner pid=978523)[0m Training Progress:   6%|▌         | 34/586 [3:20:40<55:15:13, 360.35s/it]
[36m(WorkerDict pid=979036)[0m INFO:2026-08-25 00:08:23,876:update_weights done, time cost: 1.43s
[36m(TaskRunner pid=978523)[0m Training Progress:   6%|▌         | 35/586 [3:26:47<55:26:58, 362.28s/it]
[36m(WorkerDict pid=979036)[0m INFO:2026-08-25 00:14:31,623:update_weights done, time cost: 1.46s
[36m(TaskRunner pid=978523)[0m Training Progress:   6%|▌         | 36/586 [3:32:55<55:36:05, 363.94s/it]
[36m(WorkerDict pid=979036)[0m INFO:2026-08-25 00:20:26,254:update_weights done, time cost: 1.45s
[36m(TaskRunner pid=978523)[0m Training Progress:   6%|▋         | 37/586 [3:38:49<55:04:19, 361.13s/it]
[36m(WorkerDict pid=979036)[0m INFO:2026-08-25 00:26:26,381:update_weights done, time cost: 1.46s
[36m(TaskRunner pid=978523)[0m Training Progress:   6%|▋         | 38/586 [3:44:49<54:55:38, 360.84s/it]
[36m(WorkerDict pid=979036)[0m INFO:2026-08-25 00:32:17,880:update_weights done, time cost: 1.45s
[36m(TaskRunner pid=978523)[0m Training Progress:   7%|▋         | 39/586 [3:50:41<54:24:05, 358.04s/it]
[36m(WorkerDict pid=979036)[0m INFO:2026-08-25 00:38:13,886:update_weights done, time cost: 1.46s
[36m(TaskRunner pid=978523)[0m Training Progress:   7%|▋         | 40/586 [3:56:37<54:12:34, 357.43s/it]
[36m(WorkerDict pid=979036)[0m INFO:2026-08-25 00:44:05,143:update_weights done, time cost: 1.46s
[36m(TaskRunner pid=978523)[0m Training Progress:   7%|▋         | 41/586 [4:02:28<53:49:46, 355.57s/it]
[36m(WorkerDict pid=979036)[0m INFO:2026-08-25 00:50:10,013:update_weights done, time cost: 1.47s
[36m(TaskRunner pid=978523)[0m Training Progress:   7%|▋         | 42/586 [4:08:33<54:09:10, 358.36s/it]
[36m(WorkerDict pid=979036)[0m INFO:2026-08-25 00:56:19,292:update_weights done, time cost: 1.48s
[36m(TaskRunner pid=978523)[0m Training Progress:   7%|▋         | 43/586 [4:14:42<54:32:48, 361.64s/it]
[36m(WorkerDict pid=979036)[0m INFO:2026-08-25 01:02:17,252:update_weights done, time cost: 1.47s
[36m(TaskRunner pid=978523)[0m Training Progress:   8%|▊         | 44/586 [4:20:40<54:16:52, 360.54s/it]
[36m(WorkerDict pid=979036)[0m INFO:2026-08-25 01:08:20,120:update_weights done, time cost: 1.45s
[36m(TaskRunner pid=978523)[0m Training Progress:   8%|▊         | 45/586 [4:26:43<54:17:08, 361.24s/it]
[36m(WorkerDict pid=979036)[0m INFO:2026-08-25 01:14:13,259:update_weights done, time cost: 1.44s
[36m(TaskRunner pid=978523)[0m Training Progress:   8%|▊         | 46/586 [4:32:36<53:49:14, 358.80s/it]
[36m(WorkerDict pid=979036)[0m INFO:2026-08-25 01:20:17,946:update_weights done, time cost: 1.45s
[36m(TaskRunner pid=978523)[0m Training Progress:   8%|▊         | 47/586 [4:38:41<53:59:15, 360.58s/it]
[36m(WorkerDict pid=979036)[0m INFO:2026-08-25 01:26:11,826:update_weights done, time cost: 1.44s
[36m(TaskRunner pid=978523)[0m Training Progress:   8%|▊         | 48/586 [4:44:35<53:35:06, 358.56s/it]
[36m(WorkerDict pid=979036)[0m INFO:2026-08-25 01:32:22,020:update_weights done, time cost: 1.46s
[36m(TaskRunner pid=978523)[0m Training Progress:   8%|▊         | 49/586 [4:50:45<54:00:24, 362.06s/it]
