timestamp_epoch,gpu,mem_used_mib
1787603826,0,0
1787603826,1,0
1787603831,0,0
1787603831,1,0
1787603836,0,4
1787603836,1,4
1787603841,0,4
1787603841,1,4
1787603846,0,4
1787603846,1,4
1787603851,0,4
1787603851,1,4
1787603856,0,4
1787603856,1,4
1787603861,0,4
1787603861,1,4
1787603867,0,4
1787603867,1,4
1787603872,0,4
1787603872,1,4
1787603877,0,4
1787603877,1,4
1787603882,0,4
1787603882,1,4
1787603887,0,4
1787603887,1,4
1787603892,0,4
1787603892,1,4
1787603897,0,4
1787603897,1,4
1787603902,0,4
1787603902,1,4
1787603907,0,526
1787603907,1,526
1787603912,0,526
1787603912,1,526
1787603917,0,3628
1787603917,1,3628
1787603922,0,16108
1787603922,1,13500
1787603927,0,16108
1787603927,1,13500
1787603932,0,16554
1787603932,1,15670
1787603937,0,29480
1787603937,1,25988
1787603942,0,16918
1787603942,1,15588
1787603947,0,16918
1787603947,1,15588
1787603952,0,16919
1787603952,1,15589
1787603958,0,16919
1787603958,1,15589
1787603963,0,16919
1787603963,1,15589
1787603968,0,16919
1787603968,1,15589
1787603973,0,16919
1787603973,1,15589
1787603978,0,16919
1787603978,1,15589
1787603983,0,16919
1787603983,1,15589
1787603988,0,16919
1787603988,1,15589
1787603993,0,16919
1787603993,1,15589
1787603998,0,16919
1787603998,1,15589
1787604003,0,16919
1787604003,1,15589
1787604008,0,16919
1787604008,1,15589
1787604013,0,16919
1787604013,1,15589
1787604018,0,25507
1787604018,1,24177
1787604023,0,25507
1787604023,1,24177
1787604028,0,25509
1787604028,1,24179
1787604033,0,84419
1787604033,1,83085
1787604038,0,46913
1787604038,1,47013
1787604043,0,84653
1787604043,1,83323
1787604049,0,84653
1787604049,1,83323
1787604054,0,84653
1787604054,1,83323
1787604059,0,84653
1787604059,1,83323
1787604064,0,84653
1787604064,1,83323
1787604069,0,84653
1787604069,1,83323
1787604074,0,85589
1787604074,1,84259
1787604079,0,85591
1787604079,1,84261
1787604084,0,85591
1787604084,1,84261
1787604089,0,85591
1787604089,1,84261
1787604094,0,85591
1787604094,1,84261
1787604099,0,87063
1787604099,1,85733
1787604104,0,87063
1787604104,1,85733
1787604109,0,87063
1787604109,1,85733
1787604114,0,87063
1787604114,1,85733
1787604119,0,87063
1787604119,1,85733
1787604124,0,87063
1787604124,1,85733
1787604129,0,21257
1787604129,1,19927
1787604134,0,22941
1787604134,1,21791
1787604140,0,22943
1787604140,1,21953
1787604145,0,23363
1787604145,1,22093
1787604150,0,24205
1787604150,1,23015
1787604155,0,24225
1787604155,1,23015
1787604160,0,24225
1787604160,1,23015
1787604165,0,24225
1787604165,1,23015
1787604170,0,24225
1787604170,1,23015
1787604175,0,24227
1787604175,1,23017
1787604180,0,24227
1787604180,1,23017
1787604185,0,27137
1787604185,1,25847
1787604190,0,27167
1787604190,1,25877
1787604195,0,33279
1787604195,1,31989
1787604200,0,33279
1787604200,1,31989
1787604205,0,33279
1787604205,1,31989
1787604210,0,33279
1787604210,1,31989
1787604215,0,33279
1787604215,1,31989
1787604220,0,33279
1787604220,1,31989
1787604225,0,33279
1787604225,1,31989
1787604231,0,33279
1787604231,1,31989
1787604236,0,33279
1787604236,1,31989
1787604241,0,33279
1787604241,1,31989
1787604246,0,33279
1787604246,1,31989
1787604251,0,33279
1787604251,1,31989
1787604256,0,33279
1787604256,1,31989
1787604261,0,33279
1787604261,1,31989
1787604266,0,33279
1787604266,1,31989
1787604271,0,54343
1787604271,1,53053
1787604276,0,56883
1787604276,1,55593
1787604281,0,56885
1787604281,1,55595
1787604286,0,56885
1787604286,1,55595
1787604291,0,56885
1787604291,1,55595
1787604296,0,56885
1787604296,1,55595
1787604301,0,56885
1787604301,1,55595
1787604306,0,56885
1787604306,1,55595
1787604311,0,56885
1787604311,1,55595
1787604316,0,56885
1787604316,1,55595
1787604322,0,56885
1787604322,1,55595
1787604327,0,56885
1787604327,1,55595
1787604332,0,56885
1787604332,1,55655
1787604337,0,57765
1787604337,1,57795
1787604342,0,57765
1787604342,1,57795
1787604347,0,57785
1787604347,1,57795
1787604352,0,57785
1787604352,1,57795
1787604357,0,57785
1787604357,1,57795
1787604362,0,57785
1787604362,1,57795
1787604367,0,57785
1787604367,1,57815
1787604372,0,57785
1787604372,1,57815
1787604377,0,57785
1787604377,1,57815
1787604382,0,57785
1787604382,1,57815
1787604387,0,57785
1787604387,1,57815
1787604392,0,57785
1787604392,1,57815
1787604397,0,57785
1787604397,1,57815
1787604402,0,57785
1787604402,1,57815
1787604408,0,57785
1787604408,1,57815
1787604413,0,57785
1787604413,1,57815
1787604418,0,57785
1787604418,1,57815
1787604423,0,57785
1787604423,1,57815
1787604428,0,57785
1787604428,1,57815
1787604433,0,57785
1787604433,1,57815
1787604438,0,57785
1787604438,1,57815
1787604443,0,57785
1787604443,1,57815
1787604448,0,57785
1787604448,1,57815
1787604453,0,57785
1787604453,1,57815
1787604458,0,57785
1787604458,1,57815
1787604463,0,57785
1787604463,1,57815
1787604468,0,61753
1787604468,1,60503
1787604473,0,119309
1787604473,1,118059
1787604478,0,119309
1787604478,1,118059
1787604483,0,119309
1787604483,1,118059
1787604488,0,119309
1787604488,1,118059
1787604493,0,119309
1787604493,1,118059
1787604499,0,119309
1787604499,1,118059
1787604504,0,54461
1787604504,1,53411
1787604509,0,54463
1787604509,1,53513
1787604514,0,54963
1787604514,1,54113
1787604519,0,55723
1787604519,1,54855
1787604524,0,55743
1787604524,1,54875
1787604529,0,55743
1787604529,1,54875
1787604534,0,55743
1787604534,1,54875
1787604539,0,55745
1787604539,1,54877
1787604544,0,55745
1787604544,1,54877
1787604549,0,59765
1787604549,1,58897
1787604554,0,59765
1787604554,1,58897
1787604559,0,59765
1787604559,1,58897
1787604564,0,59765
1787604564,1,58897
1787604569,0,59765
1787604569,1,58897
1787604574,0,59765
1787604574,1,58897
1787604579,0,59765
1787604579,1,58897
1787604585,0,59765
1787604585,1,58897
1787604590,0,59765
1787604590,1,58897
1787604595,0,59765
1787604595,1,58897
1787604600,0,59765
1787604600,1,58897
1787604605,0,59765
1787604605,1,58897
1787604610,0,59765
1787604610,1,58897
1787604615,0,59765
1787604615,1,58897
1787604620,0,59765
1787604620,1,58897
1787604625,0,84747
1787604625,1,84137
1787604630,0,84747
1787604630,1,84137
1787604635,0,84747
1787604635,1,84137
1787604640,0,84747
1787604640,1,84157
1787604645,0,84747
1787604645,1,84157
1787604650,0,84747
1787604650,1,84237
1787604655,0,84747
1787604655,1,84277
1787604660,0,85047
1787604660,1,84277
1787604665,0,85087
1787604665,1,84337
1787604670,0,85107
1787604670,1,84357
1787604676,0,85167
1787604676,1,84357
1787604681,0,85227
1787604681,1,84377
1787604686,0,85387
1787604686,1,84637
1787604691,0,87347
1787604691,1,87137
1787604696,0,87707
1787604696,1,87437
1787604701,0,87707
1787604701,1,87437
1787604706,0,87707
1787604706,1,87437
1787604711,0,87707
1787604711,1,87437
1787604716,0,87707
1787604716,1,87437
1787604721,0,87747
1787604721,1,87457
1787604726,0,87747
1787604726,1,87457
1787604731,0,87747
1787604731,1,87457
1787604736,0,87747
1787604736,1,87457
1787604741,0,87747
1787604741,1,87457
1787604746,0,87747
1787604746,1,87457
1787604751,0,87747
1787604751,1,87457
1787604756,0,87747
1787604756,1,87457
1787604762,0,87747
1787604762,1,87457
1787604767,0,87747
1787604767,1,87457
1787604772,0,87747
1787604772,1,87457
1787604777,0,87747
1787604777,1,87457
1787604782,0,87747
1787604782,1,87457
1787604787,0,87747
1787604787,1,87457
1787604792,0,87747
1787604792,1,87457
1787604797,0,87747
1787604797,1,87457
1787604802,0,87747
1787604802,1,87457
1787604807,0,87747
1787604807,1,87457
1787604812,0,87747
1787604812,1,87457
1787604817,0,87747
1787604817,1,87457
1787604822,0,117027
1787604822,1,115777
1787604827,0,118607
1787604827,1,117357
1787604832,0,118607
1787604832,1,117357
1787604837,0,118607
1787604837,1,117357
1787604842,0,118607
1787604842,1,117357
1787604847,0,118607
1787604847,1,117357
1787604853,0,52801
1787604853,1,51551
1787604858,0,54463
1787604858,1,53433
1787604863,0,54785
1787604863,1,53555
1787604868,0,55045
1787604868,1,54175
1787604873,0,55725
1787604873,1,54855
1787604878,0,55725
1787604878,1,54875
1787604883,0,55725
1787604883,1,54875
1787604888,0,55725
1787604888,1,54875
1787604893,0,55727
1787604893,1,54877
1787604898,0,55727
1787604898,1,54877
1787604903,0,59747
1787604903,1,58897
1787604908,0,59747
1787604908,1,58897
1787604913,0,59747
1787604913,1,58897
1787604918,0,59747
1787604918,1,58897
1787604923,0,59747
1787604923,1,58897
1787604928,0,59747
1787604928,1,58897
1787604933,0,59747
1787604933,1,58897
1787604939,0,59747
1787604939,1,58897
1787604944,0,59747
1787604944,1,58897
1787604949,0,59747
1787604949,1,58897
1787604954,0,59747
1787604954,1,58897
1787604959,0,59747
1787604959,1,58897
1787604964,0,59747
1787604964,1,58897
1787604969,0,59747
1787604969,1,58897
1787604974,0,62427
1787604974,1,61597
1787604979,0,84747
1787604979,1,84137
1787604984,0,84747
1787604984,1,84137
1787604989,0,84747
1787604989,1,84157
1787604994,0,84747
1787604994,1,84157
1787604999,0,84747
1787604999,1,84257
1787605004,0,84747
1787605004,1,84277
1787605009,0,84747
1787605009,1,84277
1787605014,0,85067
1787605014,1,84277
1787605019,0,85107
1787605019,1,84277
1787605025,0,85147
1787605025,1,84277
1787605030,0,85167
1787605030,1,84317
1787605035,0,85247
1787605035,1,84457
1787605040,0,85387
1787605040,1,84657
1787605045,0,87307
1787605045,1,86997
1787605050,0,87707
1787605050,1,87437
1787605055,0,87707
1787605055,1,87437
1787605060,0,87707
1787605060,1,87437
1787605065,0,87707
1787605065,1,87437
1787605070,0,87707
1787605070,1,87437
1787605075,0,87727
1787605075,1,87477
1787605080,0,87727
1787605080,1,87477
1787605085,0,87727
1787605085,1,87477
1787605090,0,87727
1787605090,1,87477
1787605095,0,87727
1787605095,1,87477
1787605100,0,87727
1787605100,1,87477
1787605105,0,87727
1787605105,1,87477
1787605110,0,87727
1787605110,1,87477
1787605116,0,87727
1787605116,1,87477
1787605121,0,87727
1787605121,1,87477
1787605126,0,87727
1787605126,1,87477
1787605131,0,87727
1787605131,1,87477
1787605136,0,87727
1787605136,1,87477
1787605141,0,87727
1787605141,1,87477
1787605146,0,87727
1787605146,1,87477
1787605151,0,87727
1787605151,1,87477
1787605156,0,87727
1787605156,1,87477
1787605161,0,87727
1787605161,1,87477
1787605166,0,87727
1787605166,1,87477
1787605171,0,87727
1787605171,1,87477
1787605176,0,118589
1787605176,1,117339
1787605181,0,118589
1787605181,1,117339
1787605186,0,118589
1787605186,1,117339
1787605191,0,118589
1787605191,1,117339
1787605196,0,118589
1787605196,1,117339
1787605202,0,118589
1787605202,1,117339
1787605207,0,54463
1787605207,1,53393
1787605212,0,54465
1787605212,1,53495
1787605217,0,54905
1787605217,1,54035
1787605222,0,55665
1787605222,1,54735
1787605227,0,55725
1787605227,1,54855
1787605232,0,55725
1787605232,1,54875
1787605237,0,55725
1787605237,1,54875
1787605242,0,55727
1787605242,1,54877
1787605247,0,55727
1787605247,1,54877
1787605252,0,59747
1787605252,1,58897
1787605257,0,59747
1787605257,1,58897
1787605262,0,59747
1787605262,1,58897
1787605267,0,59747
1787605267,1,58897
1787605272,0,59747
1787605272,1,58897
1787605277,0,59747
1787605277,1,58897
1787605282,0,59747
1787605282,1,58897
1787605287,0,59747
1787605287,1,58897
1787605293,0,59747
1787605293,1,58897
1787605298,0,59747
1787605298,1,58897
1787605303,0,59747
1787605303,1,58897
1787605308,0,59747
1787605308,1,58897
1787605313,0,59747
1787605313,1,58897
1787605318,0,59747
1787605318,1,58897
1787605323,0,59747
1787605323,1,58897
1787605328,0,84747
1787605328,1,84137
1787605333,0,84747
1787605333,1,84137
1787605338,0,84747
1787605338,1,84137
1787605343,0,84747
1787605343,1,84137
1787605348,0,84747
1787605348,1,84137
1787605353,0,84747
1787605353,1,84137
1787605358,0,84747
1787605358,1,84177
1787605363,0,85067
1787605363,1,84197
1787605368,0,85087
1787605368,1,84337
1787605373,0,85127
1787605373,1,84337
1787605379,0,85167
1787605379,1,84337
1787605384,0,85227
1787605384,1,84357
1787605389,0,85287
1787605389,1,84437
1787605394,0,85367
1787605394,1,84617
1787605399,0,86227
1787605399,1,85657
1787605404,0,87707
1787605404,1,87437
1787605409,0,87707
1787605409,1,87437
1787605414,0,87707
1787605414,1,87437
1787605419,0,87707
1787605419,1,87437
1787605424,0,87707
1787605424,1,87457
1787605429,0,87707
1787605429,1,87457
1787605434,0,87707
1787605434,1,87457
1787605439,0,87707
1787605439,1,87457
1787605444,0,87707
1787605444,1,87457
1787605449,0,87707
1787605449,1,87457
1787605454,0,87707
1787605454,1,87457
1787605459,0,87707
1787605459,1,87457
1787605465,0,87707
1787605465,1,87457
1787605470,0,87707
1787605470,1,87457
1787605475,0,87707
1787605475,1,87457
1787605480,0,87707
1787605480,1,87457
1787605485,0,87707
1787605485,1,87457
1787605490,0,87707
1787605490,1,87457
1787605495,0,87707
1787605495,1,87457
1787605500,0,87707
1787605500,1,87457
1787605505,0,87707
1787605505,1,87457
1787605510,0,87707
1787605510,1,87457
1787605515,0,87707
1787605515,1,87457
1787605520,0,87707
1787605520,1,87457
1787605525,0,118609
1787605525,1,117359
1787605530,0,118609
1787605530,1,117359
1787605535,0,118609
1787605535,1,117359
1787605540,0,118609
1787605540,1,117359
1787605545,0,118609
1787605545,1,117359
1787605551,0,118609
1787605551,1,117359
1787605556,0,54463
1787605556,1,53393
1787605561,0,54465
1787605561,1,53495
1787605566,0,54865
1787605566,1,53995
1787605571,0,55725
1787605571,1,54855
1787605576,0,55725
1787605576,1,54855
1787605581,0,55725
1787605581,1,54855
1787605586,0,55725
1787605586,1,54855
1787605591,0,55727
1787605591,1,54857
1787605596,0,55727
1787605596,1,54857
1787605601,0,59747
1787605601,1,58877
1787605606,0,59747
1787605606,1,58877
1787605611,0,59747
1787605611,1,58877
1787605616,0,59747
1787605616,1,58877
1787605621,0,59747
1787605621,1,58877
1787605626,0,59747
1787605626,1,58877
1787605631,0,59747
1787605631,1,58877
1787605637,0,59747
1787605637,1,58877
1787605642,0,59747
1787605642,1,58877
1787605647,0,59747
1787605647,1,58877
1787605652,0,59747
1787605652,1,58877
1787605660,0,59747
1787605660,1,58877
1787605669,0,59747
1787605669,1,58877
1787605676,0,82667
1787605676,1,81797
1787605681,0,84747
1787605681,1,84137
1787605688,0,84747
1787605688,1,84157
1787605693,0,84747
1787605693,1,84157
1787605698,0,84747
1787605698,1,84237
1787605705,0,84747
1787605705,1,84237
1787605714,0,85067
1787605714,1,84297
1787605720,0,85107
1787605720,1,84297
1787605727,0,85147
1787605727,1,84297
1787605735,0,85207
1787605735,1,84337
1787605740,0,85287
1787605740,1,84457
1787605745,0,85567
1787605745,1,84857
1787605754,0,87707
1787605754,1,87437
1787605759,0,87707
1787605759,1,87437
1787605764,0,87707
1787605764,1,87437
1787605769,0,87707
1787605769,1,87437
1787605774,0,87707
1787605774,1,87437
1787605779,0,87707
1787605779,1,87437
1787605784,0,87707
1787605784,1,87437
1787605789,0,87707
1787605789,1,87437
1787605794,0,87707
1787605794,1,87437
1787605799,0,87707
1787605799,1,87437
1787605805,0,87707
1787605805,1,87437
1787605810,0,87707
1787605810,1,87437
1787605815,0,87707
1787605815,1,87437
1787605820,0,87707
1787605820,1,87437
1787605825,0,87707
1787605825,1,87437
1787605830,0,87707
1787605830,1,87437
1787605835,0,87707
1787605835,1,87437
1787605840,0,87707
1787605840,1,87437
1787605845,0,87707
1787605845,1,87437
1787605850,0,87707
1787605850,1,87437
1787605855,0,87707
1787605855,1,87437
1787605860,0,87707
1787605860,1,87437
1787605865,0,87707
1787605865,1,87437
1787605870,0,87707
1787605870,1,87437
1787605875,0,118429
1787605875,1,117179
1787605880,0,118429
1787605880,1,117179
1787605885,0,118429
1787605885,1,117179
1787605890,0,118429
1787605890,1,117179
1787605896,0,118429
1787605896,1,117179
1787605901,0,118429
1787605901,1,117179
1787605906,0,54463
1787605906,1,53413
1787605911,0,54765
1787605911,1,53535
1787605916,0,54925
1787605916,1,54055
1787605921,0,55725
1787605921,1,54855
1787605926,0,55725
1787605926,1,54855
1787605931,0,55725
1787605931,1,54855
1787605936,0,55725
1787605936,1,54855
1787605941,0,55727
1787605941,1,54857
1787605946,0,55727
1787605946,1,54857
1787605951,0,59747
1787605951,1,58877
1787605956,0,59747
1787605956,1,58877
1787605961,0,59747
1787605961,1,58877
1787605966,0,59747
1787605966,1,58877
1787605971,0,59747
1787605971,1,58877
1787605976,0,59747
1787605976,1,58877
1787605982,0,59747
1787605982,1,58877
1787605987,0,59747
1787605987,1,58877
1787605992,0,59747
1787605992,1,58877
1787605997,0,59747
1787605997,1,58877
1787606002,0,59747
1787606002,1,58877
1787606007,0,59747
1787606007,1,58877
1787606012,0,59747
1787606012,1,58877
1787606017,0,59747
1787606017,1,58877
1787606022,0,59747
1787606022,1,58877
1787606027,0,84747
1787606027,1,84137
1787606032,0,84747
1787606032,1,84137
1787606037,0,84747
1787606037,1,84157
1787606042,0,84747
1787606042,1,84157
1787606047,0,84747
1787606047,1,84157
1787606052,0,84747
1787606052,1,84157
1787606057,0,84747
1787606057,1,84177
1787606062,0,85067
1787606062,1,84217
1787606068,0,85087
1787606068,1,84237
1787606073,0,85127
1787606073,1,84257
1787606078,0,85147
1787606078,1,84277
1787606083,0,85207
1787606083,1,84337
1787606088,0,85247
1787606088,1,84397
1787606093,0,85287
1787606093,1,84457
1787606098,0,85847
1787606098,1,85437
1787606103,0,87707
1787606103,1,87437
1787606108,0,87707
1787606108,1,87437
1787606113,0,87707
1787606113,1,87437
1787606118,0,87707
1787606118,1,87437
1787606123,0,87727
1787606123,1,87437
1787606128,0,87727
1787606128,1,87437
1787606133,0,87727
1787606133,1,87437
1787606138,0,87727
1787606138,1,87437
1787606143,0,87727
1787606143,1,87437
1787606148,0,87727
1787606148,1,87437
1787606154,0,87727
1787606154,1,87437
1787606159,0,87727
1787606159,1,87437
1787606164,0,87727
1787606164,1,87437
1787606169,0,87727
1787606169,1,87437
1787606174,0,87727
1787606174,1,87437
1787606179,0,87727
1787606179,1,87437
1787606184,0,87727
1787606184,1,87437
1787606189,0,87727
1787606189,1,87437
1787606194,0,87727
1787606194,1,87437
1787606199,0,87727
1787606199,1,87437
1787606204,0,87727
1787606204,1,87437
1787606209,0,87727
1787606209,1,87437
1787606214,0,87727
1787606214,1,87437
1787606219,0,125363
1787606219,1,125809
1787606224,0,119009
1787606224,1,117759
1787606229,0,119009
1787606229,1,117759
1787606234,0,119009
1787606234,1,117759
1787606240,0,119009
1787606240,1,117759
1787606245,0,119009
1787606245,1,117759
1787606250,0,54463
1787606250,1,53371
1787606255,0,54465
1787606255,1,53475
1787606260,0,54825
1787606260,1,53595
1787606265,0,55045
1787606265,1,54175
1787606270,0,55725
1787606270,1,54855
1787606275,0,55725
1787606275,1,54855
1787606280,0,55725
1787606280,1,54855
1787606285,0,55727
1787606285,1,54857
1787606290,0,55727
1787606290,1,54857
1787606295,0,59747
1787606295,1,58877
1787606300,0,59747
1787606300,1,58877
1787606305,0,59747
1787606305,1,58877
1787606310,0,59747
1787606310,1,58877
1787606315,0,59747
1787606315,1,58877
1787606320,0,59747
1787606320,1,58877
1787606326,0,59747
1787606326,1,58877
1787606331,0,59747
1787606331,1,58877
1787606336,0,59747
1787606336,1,58877
1787606341,0,59747
1787606341,1,58877
1787606346,0,59747
1787606346,1,58877
1787606351,0,59747
1787606351,1,58877
1787606356,0,59747
1787606356,1,58877
1787606361,0,59747
1787606361,1,58877
1787606366,0,59747
1787606366,1,58877
1787606371,0,69087
1787606371,1,68257
1787606377,0,84747
1787606377,1,84137
1787606389,0,84747
1787606389,1,84157
1787606394,0,84747
1787606394,1,84157
1787606406,0,84747
1787606406,1,84277
1787606418,0,85087
1787606418,1,84277
1787606429,0,85167
1787606429,1,84297
1787606434,0,85207
1787606434,1,84337
1787606439,0,85247
1787606439,1,84397
1787606444,0,85327
1787606444,1,84517
1787606449,0,86127
1787606449,1,85537
1787606454,0,87707
1787606454,1,87437
1787606466,0,87707
1787606466,1,87437
1787606471,0,87707
1787606471,1,87437
1787606476,0,87707
1787606476,1,87437
1787606486,0,87707
1787606486,1,87437
1787606491,0,87707
1787606491,1,87437
1787606496,0,87707
1787606496,1,87437
1787606509,0,87707
1787606509,1,87437
1787606514,0,87707
1787606514,1,87437
1787606524,0,87707
1787606524,1,87437
1787606529,0,87707
1787606529,1,87437
1787606539,0,87707
1787606539,1,87437
1787606544,0,87707
1787606544,1,87437
1787606549,0,87707
1787606549,1,87437
1787606554,0,87707
1787606554,1,87437
1787606559,0,87707
1787606559,1,87437
1787606564,0,87707
1787606564,1,87437
1787606569,0,118959
1787606569,1,117709
1787606574,0,118959
1787606574,1,117709
1787606579,0,118959
1787606579,1,117709
1787606584,0,118959
1787606584,1,117709
1787606589,0,118959
1787606589,1,117709
1787606595,0,118959
1787606595,1,117709
1787606602,0,54465
1787606602,1,53457
1787606609,0,54885
1787606609,1,54037
1787606614,0,55605
1787606614,1,54757
1787606620,0,55725
1787606620,1,54877
1787606625,0,55725
1787606625,1,54877
1787606637,0,55727
1787606637,1,54879
1787606642,0,59747
1787606642,1,58899
1787606652,0,59747
1787606652,1,58899
1787606657,0,59747
1787606657,1,58899
1787606662,0,59747
1787606662,1,58899
1787606669,0,59747
1787606669,1,58899
1787606674,0,59747
1787606674,1,58899
1787606684,0,59747
1787606684,1,58899
1787606689,0,59747
1787606689,1,58899
1787606696,0,59747
1787606696,1,58899
1787606701,0,59747
1787606701,1,58899
1787606706,0,59747
1787606706,1,58899
1787606711,0,59747
1787606711,1,58899
1787606716,0,82667
1787606716,1,81799
1787606721,0,84747
1787606721,1,84139
1787606726,0,84747
1787606726,1,84139
1787606731,0,84747
1787606731,1,84139
1787606736,0,84747
1787606736,1,84139
1787606744,0,84747
1787606744,1,84139
1787606749,0,84747
1787606749,1,84279
1787606754,0,84747
1787606754,1,84299
1787606759,0,85067
1787606759,1,84339
1787606764,0,85087
1787606764,1,84339
1787606769,0,85127
1787606769,1,84339
1787606774,0,85167
1787606774,1,84419
1787606779,0,85227
1787606779,1,84519
1787606784,0,85287
1787606784,1,84519
1787606789,0,85367
1787606789,1,84579
1787606794,0,85927
1787606794,1,85399
1787606799,0,87707
1787606799,1,87439
1787606804,0,87707
1787606804,1,87439
1787606810,0,87707
1787606810,1,87439
1787606815,0,87727
1787606815,1,87459
1787606820,0,87727
1787606820,1,87459
1787606825,0,87727
1787606825,1,87459
1787606830,0,87727
1787606830,1,87459
1787606835,0,87727
1787606835,1,87459
1787606840,0,87727
1787606840,1,87459
1787606845,0,87727
1787606845,1,87459
1787606850,0,87727
1787606850,1,87459
1787606855,0,87727
1787606855,1,87459
1787606860,0,87727
1787606860,1,87459
1787606865,0,87727
1787606865,1,87459
1787606870,0,87727
1787606870,1,87459
1787606875,0,87727
1787606875,1,87459
1787606880,0,87727
1787606880,1,87459
1787606885,0,87727
1787606885,1,87459
1787606890,0,87727
1787606890,1,87459
1787606896,0,87727
1787606896,1,87459
1787606901,0,87727
1787606901,1,87459
1787606906,0,87727
1787606906,1,87459
1787606911,0,125363
1787606911,1,125811
1787606916,0,119185
1787606916,1,117937
1787606921,0,119185
1787606921,1,117937
1787606926,0,119185
1787606926,1,117937
1787606931,0,119185
1787606931,1,117937
1787606936,0,119185
1787606936,1,117937
1787606942,0,54461
1787606942,1,53353
1787606947,0,54465
1787606947,1,53497
1787606953,0,54865
1787606953,1,53997
1787606958,0,55245
1787606958,1,54417
1787606965,0,55725
1787606965,1,54877
1787606975,0,55725
1787606975,1,54877
1787606981,0,55727
1787606981,1,54879
1787606989,0,59747
1787606989,1,58899
1787606997,0,59747
1787606997,1,58899
1787607004,0,59747
1787607004,1,58899
1787607009,0,59747
1787607009,1,58899
1787607015,0,59747
1787607015,1,58899
1787607020,0,59747
1787607020,1,58899
1787607026,0,59747
1787607026,1,58899
1787607033,0,59747
1787607033,1,58899
1787607038,0,59747
1787607038,1,58899
1787607049,0,59747
1787607049,1,58899
1787607054,0,59747
1787607054,1,58899
1787607060,0,59747
1787607060,1,58899
1787607065,0,84747
1787607065,1,84139
1787607075,0,84747
1787607075,1,84139
1787607080,0,84747
1787607080,1,84159
1787607086,0,84747
1787607086,1,84159
1787607095,0,84747
1787607095,1,84299
1787607105,0,85087
1787607105,1,84299
1787607112,0,85127
1787607112,1,84379
1787607121,0,85187
1787607121,1,84379
1787607129,0,85327
1787607129,1,84519
1787607139,0,87087
1787607139,1,86879
1787607145,0,87707
1787607145,1,87439
1787607150,0,87707
1787607150,1,87439
1787607157,0,87747
1787607157,1,87459
1787607166,0,87747
1787607166,1,87479
1787607171,0,87747
1787607171,1,87479
1787607176,0,87747
1787607176,1,87479
1787607181,0,87747
1787607181,1,87479
1787607186,0,87747
1787607186,1,87479
1787607192,0,87747
1787607192,1,87479
1787607200,0,87747
1787607200,1,87479
1787607210,0,87747
1787607210,1,87479
1787607221,0,87747
1787607221,1,87479
1787607229,0,87747
1787607229,1,87479
1787607234,0,87747
1787607234,1,87479
1787607243,0,87747
1787607243,1,87479
1787607249,0,87747
1787607249,1,87479
1787607257,0,114963
1787607257,1,115411
1787607264,0,119115
1787607264,1,117867
1787607269,0,119115
1787607269,1,117867
1787607274,0,119115
1787607274,1,117867
1787607280,0,119115
1787607280,1,117867
1787607285,0,119115
1787607285,1,117867
1787607290,0,54463
1787607290,1,53415
1787607298,0,54845
1787607298,1,53997
1787607305,0,55165
1787607305,1,54317
1787607310,0,55725
1787607310,1,54857
1787607316,0,55725
1787607316,1,54857
1787607321,0,55725
1787607321,1,54857
1787607326,0,55727
1787607326,1,54859
1787607332,0,59747
1787607332,1,58879
1787607338,0,59747
1787607338,1,58879
1787607343,0,59747
1787607343,1,58879
1787607348,0,59747
1787607348,1,58879
1787607353,0,59747
1787607353,1,58879
1787607358,0,59747
1787607358,1,58879
1787607364,0,59747
1787607364,1,58879
1787607369,0,59747
1787607369,1,58879
1787607374,0,59747
1787607374,1,58879
1787607379,0,59747
1787607379,1,58879
1787607384,0,59747
1787607384,1,58879
1787607390,0,59747
1787607390,1,58879
1787607395,0,59747
1787607395,1,58879
1787607401,0,59747
1787607401,1,58879
1787607406,0,59747
1787607406,1,58879
1787607411,0,84747
1787607411,1,84139
1787607416,0,84747
1787607416,1,84139
1787607422,0,84747
1787607422,1,84159
1787607427,0,84747
1787607427,1,84159
1787607432,0,84747
1787607432,1,84279
1787607437,0,84747
1787607437,1,84279
1787607442,0,85047
1787607442,1,84299
1787607447,0,85067
1787607447,1,84299
1787607452,0,85107
1787607452,1,84299
1787607457,0,85147
1787607457,1,84299
1787607462,0,85167
1787607462,1,84299
1787607467,0,85207
1787607467,1,84459
1787607472,0,85247
1787607472,1,84459
1787607477,0,85327
1787607477,1,84519
1787607482,0,85487
1787607482,1,84759
1787607488,0,87387
1787607488,1,87019
1787607493,0,87707
1787607493,1,87439
1787607498,0,87707
1787607498,1,87439
1787607503,0,87707
1787607503,1,87439
1787607508,0,87707
1787607508,1,87439
1787607513,0,87707
1787607513,1,87439
1787607518,0,87707
1787607518,1,87439
1787607523,0,87707
1787607523,1,87439
1787607528,0,87707
1787607528,1,87439
1787607533,0,87707
1787607533,1,87439
1787607538,0,87707
1787607538,1,87439
1787607543,0,87707
1787607543,1,87439
1787607548,0,87707
1787607548,1,87439
1787607553,0,87707
1787607553,1,87439
1787607558,0,87707
1787607558,1,87439
1787607563,0,87707
1787607563,1,87439
1787607568,0,87707
1787607568,1,87439
1787607573,0,87707
1787607573,1,87439
1787607579,0,87707
1787607579,1,87439
1787607584,0,87707
1787607584,1,87439
1787607589,0,87707
1787607589,1,87439
1787607594,0,87707
1787607594,1,87439
1787607599,0,87707
1787607599,1,87439
1787607604,0,125363
1787607604,1,100095
1787607609,0,118543
1787607609,1,117295
1787607614,0,118543
1787607614,1,117295
1787607619,0,118543
1787607619,1,117295
1787607624,0,118543
1787607624,1,117295
1787607629,0,118543
1787607629,1,117295
1787607634,0,54463
1787607634,1,53375
1787607639,0,54465
1787607639,1,53497
1787607644,0,54845
1787607644,1,53977
1787607649,0,55105
1787607649,1,54237
1787607654,0,55725
1787607654,1,54857
1787607659,0,55725
1787607659,1,54857
1787607664,0,55725
1787607664,1,54857
1787607670,0,55725
1787607670,1,54857
1787607675,0,55727
1787607675,1,54859
1787607680,0,59747
1787607680,1,58879
1787607685,0,59747
1787607685,1,58879
1787607690,0,59747
1787607690,1,58879
1787607695,0,59747
1787607695,1,58879
1787607700,0,59747
1787607700,1,58879
1787607705,0,59747
1787607705,1,58879
1787607710,0,59747
1787607710,1,58879
1787607715,0,59747
1787607715,1,58879
1787607720,0,59747
1787607720,1,58879
1787607725,0,59747
1787607725,1,58879
1787607730,0,59747
1787607730,1,58879
1787607735,0,59747
1787607735,1,58879
1787607740,0,59747
1787607740,1,58879
1787607745,0,59747
1787607745,1,58879
1787607750,0,59747
1787607750,1,58879
1787607756,0,84747
1787607756,1,84139
1787607761,0,84747
1787607761,1,84139
1787607766,0,84747
1787607766,1,84159
1787607771,0,84747
1787607771,1,84159
1787607776,0,84747
1787607776,1,84159
1787607781,0,84747
1787607781,1,84259
1787607786,0,84747
1787607786,1,84259
1787607791,0,84747
1787607791,1,84259
1787607796,0,85087
1787607796,1,84339
1787607801,0,85107
1787607801,1,84339
1787607806,0,85147
1787607806,1,84339
1787607811,0,85187
1787607811,1,84339
1787607816,0,85227
1787607816,1,84479
1787607821,0,85307
1787607821,1,84579
1787607826,0,85387
1787607826,1,84659
1787607831,0,86007
1787607831,1,85479
1787607836,0,87707
1787607836,1,87439
1787607842,0,87707
1787607842,1,87439
1787607847,0,87707
1787607847,1,87439
1787607852,0,87707
1787607852,1,87439
1787607857,0,87707
1787607857,1,87439
1787607862,0,87707
1787607862,1,87439
1787607867,0,87707
1787607867,1,87439
1787607872,0,87707
1787607872,1,87439
1787607877,0,87707
1787607877,1,87439
1787607882,0,87707
1787607882,1,87439
1787607887,0,87707
1787607887,1,87439
1787607892,0,87707
1787607892,1,87439
1787607897,0,87707
1787607897,1,87439
1787607902,0,87707
1787607902,1,87439
1787607907,0,87707
1787607907,1,87439
1787607912,0,87707
1787607912,1,87439
1787607917,0,87707
1787607917,1,87439
1787607922,0,87707
1787607922,1,87439
1787607927,0,87707
1787607927,1,87439
1787607933,0,87707
1787607933,1,87439
1787607938,0,87707
1787607938,1,87439
1787607943,0,87707
1787607943,1,87439
1787607948,0,87707
1787607948,1,87439
1787607953,0,118767
1787607953,1,117519
1787607958,0,118767
1787607958,1,117519
1787607963,0,118767
1787607963,1,117519
1787607968,0,118767
1787607968,1,117519
1787607973,0,118767
1787607973,1,117519
1787607978,0,118767
1787607978,1,117519
1787607983,0,54463
1787607983,1,53395
1787607988,0,54765
1787607988,1,53537
1787607993,0,54945
1787607993,1,54077
1787607998,0,55205
1787607998,1,54337
1787608003,0,55725
1787608003,1,54857
1787608008,0,55725
1787608008,1,54877
1787608013,0,55725
1787608013,1,54877
1787608019,0,55725
1787608019,1,54877
1787608024,0,55727
1787608024,1,54879
1787608029,0,59747
1787608029,1,58899
1787608034,0,59747
1787608034,1,58899
1787608039,0,59747
1787608039,1,58899
1787608044,0,59747
1787608044,1,58899
1787608049,0,59747
1787608049,1,58899
1787608054,0,59747
1787608054,1,58899
1787608059,0,59747
1787608059,1,58899
1787608064,0,59747
1787608064,1,58899
1787608069,0,59747
1787608069,1,58899
1787608074,0,59747
1787608074,1,58899
1787608079,0,59747
1787608079,1,58899
1787608084,0,59747
1787608084,1,58899
1787608089,0,59747
1787608089,1,58899
1787608094,0,59747
1787608094,1,58899
1787608099,0,59747
1787608099,1,58899
1787608104,0,82667
1787608104,1,81799
1787608110,0,84747
1787608110,1,84139
1787608115,0,84747
1787608115,1,84139
1787608120,0,84747
1787608120,1,84159
1787608125,0,84747
1787608125,1,84159
1787608130,0,84747
1787608130,1,84179
1787608135,0,85067
1787608135,1,84319
1787608140,0,85087
1787608140,1,84359
1787608145,0,85147
1787608145,1,84359
1787608150,0,85167
1787608150,1,84359
1787608155,0,85227
1787608155,1,84459
1787608160,0,85267
1787608160,1,84459
1787608165,0,85307
1787608165,1,84479
1787608170,0,85367
1787608170,1,84599
1787608175,0,85627
1787608175,1,84919
1787608180,0,86967
1787608180,1,86399
1787608185,0,87707
1787608185,1,87439
1787608190,0,87707
1787608190,1,87439
1787608196,0,87707
1787608196,1,87439
1787608201,0,87707
1787608201,1,87439
1787608206,0,87707
1787608206,1,87459
1787608211,0,87707
1787608211,1,87459
1787608216,0,87707
1787608216,1,87459
1787608221,0,87707
1787608221,1,87459
1787608226,0,87707
1787608226,1,87459
1787608231,0,87707
1787608231,1,87459
1787608236,0,87707
1787608236,1,87459
1787608241,0,87707
1787608241,1,87459
1787608246,0,87707
1787608246,1,87459
1787608251,0,87707
1787608251,1,87459
1787608256,0,87707
1787608256,1,87459
1787608261,0,87707
1787608261,1,87459
1787608266,0,87707
1787608266,1,87459
1787608271,0,87707
1787608271,1,87459
1787608276,0,87707
1787608276,1,87459
1787608281,0,87707
1787608281,1,87459
1787608287,0,87707
1787608287,1,87459
1787608292,0,87707
1787608292,1,87459
1787608297,0,87707
1787608297,1,87459
1787608302,0,57595
1787608302,1,56347
1787608307,0,118857
1787608307,1,117609
1787608312,0,118857
1787608312,1,117609
1787608317,0,118857
1787608317,1,117609
1787608322,0,118857
1787608322,1,117609
1787608327,0,118857
1787608327,1,117609
1787608332,0,50199
1787608332,1,48951
1787608337,0,54465
1787608337,1,53497
1787608342,0,54885
1787608342,1,54017
1787608347,0,55065
1787608347,1,54197
1787608352,0,55725
1787608352,1,54857
1787608357,0,55725
1787608357,1,54877
1787608362,0,55727
1787608362,1,54877
1787608367,0,55727
1787608367,1,54877
1787608373,0,55729
1787608373,1,54879
1787608378,0,59749
1787608378,1,58899
1787608383,0,59749
1787608383,1,58899
1787608388,0,59749
1787608388,1,58899
1787608393,0,59749
1787608393,1,58899
1787608398,0,59749
1787608398,1,58899
1787608403,0,59749
1787608403,1,58899
1787608408,0,59749
1787608408,1,58899
1787608413,0,59749
1787608413,1,58899
1787608418,0,59749
1787608418,1,58899
1787608423,0,59749
1787608423,1,58899
1787608428,0,59749
1787608428,1,58899
1787608433,0,59749
1787608433,1,58899
1787608438,0,59749
1787608438,1,58899
1787608443,0,59749
1787608443,1,58899
1787608448,0,59749
1787608448,1,58899
1787608453,0,67749
1787608453,1,66919
1787608459,0,84749
1787608459,1,84139
1787608464,0,84749
1787608464,1,84159
1787608469,0,84749
1787608469,1,84159
1787608474,0,84749
1787608474,1,84279
1787608479,0,84749
1787608479,1,84279
1787608484,0,85069
1787608484,1,84319
1787608489,0,85109
1787608489,1,84319
1787608494,0,85129
1787608494,1,84319
1787608499,0,85169
1787608499,1,84319
1787608504,0,85209
1787608504,1,84339
1787608509,0,85249
1787608509,1,84379
1787608514,0,85289
1787608514,1,84539
1787608519,0,85329
1787608519,1,84539
1787608524,0,85409
1787608524,1,84679
1787608529,0,86209
1787608529,1,85699
1787608534,0,87709
1787608534,1,87439
1787608539,0,87709
1787608539,1,87439
1787608545,0,87709
1787608545,1,87439
1787608550,0,87709
1787608550,1,87439
1787608555,0,87749
1787608555,1,87459
1787608560,0,87749
1787608560,1,87459
1787608565,0,87749
1787608565,1,87459
1787608570,0,87749
1787608570,1,87459
1787608575,0,87749
1787608575,1,87459
1787608580,0,87749
1787608580,1,87459
1787608585,0,87749
1787608585,1,87459
1787608590,0,87749
1787608590,1,87459
1787608595,0,87749
1787608595,1,87459
1787608600,0,87749
1787608600,1,87459
1787608605,0,87749
1787608605,1,87459
1787608610,0,87749
1787608610,1,87459
1787608615,0,87749
1787608615,1,87459
1787608620,0,87749
1787608620,1,87459
1787608625,0,87749
1787608625,1,87459
1787608630,0,87749
1787608630,1,87459
1787608636,0,87749
1787608636,1,87459
1787608641,0,87749
1787608641,1,87459
1787608646,0,87749
1787608646,1,87459
1787608651,0,125365
1787608651,1,125811
1787608656,0,118571
1787608656,1,117321
1787608661,0,118571
1787608661,1,117321
1787608666,0,118571
1787608666,1,117321
1787608671,0,118571
1787608671,1,117321
1787608676,0,118571
1787608676,1,117321
1787608681,0,118571
1787608681,1,117321
1787608686,0,54465
1787608686,1,53415
1787608691,0,54787
1787608691,1,53557
1787608696,0,54987
1787608696,1,54137
1787608701,0,55347
1787608701,1,54477
1787608706,0,55727
1787608706,1,54857
1787608711,0,55747
1787608711,1,54877
1787608717,0,55747
1787608717,1,54877
1787608722,0,55747
1787608722,1,54877
1787608727,0,55749
1787608727,1,54879
1787608732,0,59769
1787608732,1,58899
1787608737,0,59769
1787608737,1,58899
1787608742,0,59769
1787608742,1,58899
1787608747,0,59769
1787608747,1,58899
1787608752,0,59769
1787608752,1,58899
1787608757,0,59769
1787608757,1,58899
1787608762,0,59769
1787608762,1,58899
1787608767,0,59769
1787608767,1,58899
1787608772,0,59769
1787608772,1,58899
1787608777,0,59769
1787608777,1,58899
1787608782,0,59769
1787608782,1,58899
1787608787,0,59769
1787608787,1,58899
1787608792,0,59769
1787608792,1,58899
1787608797,0,59769
1787608797,1,58899
1787608803,0,59769
1787608803,1,58899
1787608808,0,84749
1787608808,1,84139
1787608813,0,84749
1787608813,1,84139
1787608818,0,84749
1787608818,1,84159
1787608823,0,84749
1787608823,1,84259
1787608828,0,84749
1787608828,1,84279
1787608833,0,84749
1787608833,1,84319
1787608838,0,85069
1787608838,1,84319
1787608843,0,85149
1787608843,1,84379
1787608848,0,85169
1787608848,1,84379
1787608853,0,85229
1787608853,1,84379
1787608858,0,85249
1787608858,1,84399
1787608863,0,85309
1787608863,1,84479
1787608868,0,85369
1787608868,1,84599
1787608873,0,85509
1787608873,1,84819
1787608878,0,86009
1787608878,1,85379
1787608883,0,87369
1787608883,1,86839
1787608889,0,87709
1787608889,1,87439
1787608894,0,87709
1787608894,1,87439
1787608899,0,87709
1787608899,1,87439
1787608904,0,87749
1787608904,1,87459
1787608909,0,87749
1787608909,1,87479
1787608914,0,87749
1787608914,1,87479
1787608919,0,87749
1787608919,1,87479
1787608924,0,87749
1787608924,1,87479
1787608929,0,87749
1787608929,1,87479
1787608934,0,87749
1787608934,1,87479
1787608939,0,87749
1787608939,1,87479
1787608944,0,87749
1787608944,1,87479
1787608949,0,87749
1787608949,1,87479
1787608954,0,87749
1787608954,1,87479
1787608959,0,87749
1787608959,1,87479
1787608964,0,87749
1787608964,1,87479
1787608969,0,87749
1787608969,1,87479
1787608974,0,87749
1787608974,1,87479
1787608980,0,87749
1787608980,1,87479
1787608985,0,87749
1787608985,1,87479
1787608990,0,87749
1787608990,1,87479
1787608995,0,87749
1787608995,1,87479
1787609000,0,87749
1787609000,1,87479
1787609005,0,57597
1787609005,1,56347
1787609010,0,118407
1787609010,1,117157
1787609015,0,118407
1787609015,1,117157
1787609020,0,118407
1787609020,1,117157
1787609025,0,118407
1787609025,1,117157
1787609030,0,118407
1787609030,1,117157
1787609035,0,118407
1787609035,1,117157
1787609040,0,54465
1787609040,1,53455
1787609045,0,54847
1787609045,1,53597
1787609050,0,55027
1787609050,1,54177
1787609055,0,55727
1787609055,1,54857
1787609060,0,55727
1787609060,1,54877
1787609066,0,55727
1787609066,1,54877
1787609071,0,55727
1787609071,1,54877
1787609076,0,55727
1787609076,1,54877
1787609081,0,55729
1787609081,1,54879
1787609086,0,59749
1787609086,1,58899
1787609091,0,59749
1787609091,1,58899
1787609096,0,59749
1787609096,1,58899
1787609101,0,59749
1787609101,1,58899
1787609106,0,59749
1787609106,1,58899
1787609111,0,59749
1787609111,1,58899
1787609116,0,59749
1787609116,1,58899
1787609121,0,59749
1787609121,1,58899
1787609126,0,59749
1787609126,1,58899
1787609131,0,59749
1787609131,1,58899
1787609136,0,59749
1787609136,1,58899
1787609141,0,59749
1787609141,1,58899
1787609146,0,59749
1787609146,1,58899
1787609152,0,59749
1787609152,1,58899
1787609157,0,59749
1787609157,1,58899
1787609162,0,84749
1787609162,1,84139
1787609167,0,84749
1787609167,1,84139
1787609172,0,84749
1787609172,1,84139
1787609177,0,84749
1787609177,1,84259
1787609182,0,84749
1787609182,1,84279
1787609187,0,85069
1787609187,1,84299
1787609192,0,85109
1787609192,1,84299
1787609197,0,85129
1787609197,1,84299
1787609202,0,85169
1787609202,1,84299
1787609207,0,85189
1787609207,1,84339
1787609212,0,85249
1787609212,1,84399
1787609217,0,85309
1787609217,1,84499
1787609222,0,85369
1787609222,1,84599
1787609227,0,85789
1787609227,1,85159
1787609232,0,86449
1787609232,1,86059
1787609238,0,87709
1787609238,1,87439
1787609243,0,87709
1787609243,1,87439
1787609248,0,87709
1787609248,1,87439
1787609253,0,87709
1787609253,1,87439
1787609258,0,87729
1787609258,1,87459
1787609263,0,87729
1787609263,1,87459
1787609268,0,87729
1787609268,1,87459
1787609273,0,87729
1787609273,1,87459
1787609278,0,87729
1787609278,1,87459
1787609283,0,87729
1787609283,1,87459
1787609288,0,87729
1787609288,1,87459
1787609293,0,87729
1787609293,1,87459
1787609298,0,87729
1787609298,1,87459
1787609303,0,87729
1787609303,1,87459
1787609308,0,87729
1787609308,1,87459
1787609313,0,87729
1787609313,1,87459
1787609318,0,87729
1787609318,1,87459
1787609324,0,87729
1787609324,1,87459
1787609329,0,87729
1787609329,1,87459
1787609334,0,87729
1787609334,1,87459
1787609339,0,87729
1787609339,1,87459
1787609344,0,87729
1787609344,1,87459
1787609349,0,87729
1787609349,1,87459
1787609354,0,87729
1787609354,1,87459
1787609359,0,116183
1787609359,1,114933
1787609364,0,118343
1787609364,1,117093
1787609369,0,118343
1787609369,1,117093
1787609374,0,118343
1787609374,1,117093
1787609379,0,118343
1787609379,1,117093
1787609384,0,118343
1787609384,1,117093
1787609389,0,54465
1787609389,1,53395
1787609394,0,54467
1787609394,1,53517
1787609399,0,54907
1787609399,1,54037
1787609404,0,55127
1787609404,1,54277
1787609410,0,55727
1787609410,1,54857
1787609415,0,55727
1787609415,1,54857
1787609420,0,55727
1787609420,1,54857
1787609425,0,55727
1787609425,1,54857
1787609430,0,55729
1787609430,1,54859
1787609435,0,59749
1787609435,1,58879
1787609440,0,59749
1787609440,1,58879
1787609445,0,59749
1787609445,1,58879
1787609450,0,59749
1787609450,1,58879
1787609455,0,59749
1787609455,1,58879
1787609460,0,59749
1787609460,1,58879
1787609465,0,59749
1787609465,1,58879
1787609470,0,59749
1787609470,1,58879
1787609475,0,59749
1787609475,1,58879
1787609480,0,59749
1787609480,1,58879
1787609485,0,59749
1787609485,1,58879
1787609490,0,59749
1787609490,1,58879
1787609496,0,59749
1787609496,1,58879
1787609501,0,59749
1787609501,1,58879
1787609506,0,59749
1787609506,1,58879
1787609511,0,82669
1787609511,1,81799
1787609516,0,84749
1787609516,1,84139
1787609521,0,84749
1787609521,1,84139
1787609526,0,84749
1787609526,1,84139
1787609531,0,84749
1787609531,1,84279
1787609536,0,84749
1787609536,1,84279
1787609541,0,85069
1787609541,1,84319
1787609546,0,85089
1787609546,1,84319
1787609551,0,85129
1787609551,1,84379
1787609556,0,85169
1787609556,1,84379
1787609561,0,85189
1787609561,1,84379
1787609566,0,85249
1787609566,1,84399
1787609571,0,85309
1787609571,1,84479
1787609576,0,85349
1787609576,1,84559
1787609581,0,85469
1787609581,1,84759
1787609587,0,86369
1787609587,1,85899
1787609592,0,87709
1787609592,1,87439
1787609597,0,87709
1787609597,1,87439
1787609602,0,87709
1787609602,1,87439
1787609607,0,87709
1787609607,1,87439
1787609612,0,87709
1787609612,1,87439
1787609617,0,87709
1787609617,1,87439
1787609622,0,87709
1787609622,1,87439
1787609627,0,87709
1787609627,1,87439
1787609632,0,87709
1787609632,1,87439
1787609637,0,87709
1787609637,1,87439
1787609642,0,87709
1787609642,1,87439
1787609647,0,87709
1787609647,1,87439
1787609652,0,87709
1787609652,1,87439
1787609657,0,87709
1787609657,1,87439
1787609662,0,87709
1787609662,1,87439
1787609667,0,87709
1787609667,1,87439
1787609673,0,87709
1787609673,1,87439
1787609678,0,87709
1787609678,1,87439
1787609683,0,87709
1787609683,1,87439
1787609688,0,87709
1787609688,1,87439
1787609693,0,87709
1787609693,1,87439
1787609698,0,87709
1787609698,1,87439
1787609703,0,87709
1787609703,1,87439
1787609708,0,116339
1787609708,1,115089
1787609713,0,118517
1787609713,1,117267
1787609718,0,118517
1787609718,1,117267
1787609723,0,118517
1787609723,1,117267
1787609728,0,118517
1787609728,1,117267
1787609733,0,118517
1787609733,1,117267
1787609738,0,52711
1787609738,1,51461
1787609743,0,54467
1787609743,1,53497
1787609748,0,54867
1787609748,1,53997
1787609753,0,55087
1787609753,1,54217
1787609759,0,55727
1787609759,1,54857
1787609764,0,55747
1787609764,1,54877
1787609769,0,55747
1787609769,1,54877
1787609774,0,55747
1787609774,1,54877
1787609779,0,55749
1787609779,1,54879
1787609784,0,55749
1787609784,1,54879
1787609789,0,59769
1787609789,1,58899
1787609794,0,59769
1787609794,1,58899
1787609799,0,59769
1787609799,1,58899
1787609804,0,59769
1787609804,1,58899
1787609809,0,59769
1787609809,1,58899
1787609814,0,59769
1787609814,1,58899
1787609819,0,59769
1787609819,1,58899
1787609824,0,59769
1787609824,1,58899
1787609829,0,59769
1787609829,1,58899
1787609834,0,59769
1787609834,1,58899
1787609839,0,59769
1787609839,1,58899
1787609844,0,59769
1787609844,1,58899
1787609850,0,59769
1787609850,1,58899
1787609855,0,59769
1787609855,1,58899
1787609860,0,63329
1787609860,1,62479
1787609865,0,84749
1787609865,1,84139
1787609870,0,84749
1787609870,1,84159
1787609875,0,84749
1787609875,1,84259
1787609880,0,84749
1787609880,1,84259
1787609885,0,84749
1787609885,1,84279
1787609890,0,85049
1787609890,1,84279
1787609895,0,85089
1787609895,1,84339
1787609900,0,85109
1787609900,1,84339
1787609905,0,85169
1787609905,1,84339
1787609910,0,85189
1787609910,1,84339
1787609915,0,85229
1787609915,1,84379
1787609920,0,85329
1787609920,1,84519
1787609925,0,85389
1787609925,1,84619
1787609930,0,85709
1787609930,1,84959
1787609936,0,86529
1787609936,1,86019
1787609941,0,87709
1787609941,1,87439
1787609946,0,87709
1787609946,1,87439
1787609951,0,87709
1787609951,1,87439
1787609956,0,87709
1787609956,1,87439
1787609961,0,87749
1787609961,1,87479
1787609966,0,87749
1787609966,1,87479
1787609971,0,87749
1787609971,1,87479
1787609976,0,87749
1787609976,1,87479
1787609981,0,87749
1787609981,1,87479
1787609986,0,87749
1787609986,1,87479
1787609991,0,87749
1787609991,1,87479
1787609996,0,87749
1787609996,1,87479
1787610001,0,87749
1787610001,1,87479
1787610006,0,87749
1787610006,1,87479
1787610011,0,87749
1787610011,1,87479
1787610016,0,87749
1787610016,1,87479
1787610021,0,87749
1787610021,1,87479
1787610027,0,87749
1787610027,1,87479
1787610032,0,87749
1787610032,1,87479
1787610037,0,87749
1787610037,1,87479
1787610042,0,87749
1787610042,1,87479
1787610047,0,87749
1787610047,1,87479
1787610052,0,87749
1787610052,1,87479
1787610057,0,97189
1787610057,1,96339
1787610062,0,118899
1787610062,1,117649
1787610067,0,118899
1787610067,1,117649
1787610072,0,118899
1787610072,1,117649
1787610077,0,118899
1787610077,1,117649
1787610082,0,118899
1787610082,1,117649
1787610087,0,118899
1787610087,1,117649
1787610092,0,50201
1787610092,1,48951
1787610097,0,54467
1787610097,1,53497
1787610102,0,54927
1787610102,1,54057
1787610107,0,55167
1787610107,1,54297
1787610113,0,55727
1787610113,1,54857
1787610118,0,55727
1787610118,1,54877
1787610123,0,55727
1787610123,1,54877
1787610128,0,55727
1787610128,1,54877
1787610133,0,55727
1787610133,1,54877
1787610138,0,55729
1787610138,1,54879
1787610143,0,59749
1787610143,1,58899
1787610148,0,59749
1787610148,1,58899
1787610153,0,59749
1787610153,1,58899
1787610158,0,59749
1787610158,1,58899
1787610163,0,59749
1787610163,1,58899
1787610168,0,59749
1787610168,1,58899
1787610173,0,59749
1787610173,1,58899
1787610178,0,59749
1787610178,1,58899
1787610183,0,59749
1787610183,1,58899
1787610188,0,59749
1787610188,1,58899
1787610193,0,59749
1787610193,1,58899
1787610199,0,59749
1787610199,1,58899
1787610204,0,59749
1787610204,1,58899
1787610209,0,59749
1787610209,1,58899
1787610214,0,59749
1787610214,1,58899
1787610219,0,84749
1787610219,1,84139
1787610224,0,84749
1787610224,1,84159
1787610229,0,84749
1787610229,1,84159
1787610234,0,84749
1787610234,1,84259
1787610239,0,84749
1787610239,1,84299
1787610244,0,85069
1787610244,1,84319
1787610249,0,85109
1787610249,1,84319
1787610254,0,85169
1787610254,1,84319
1787610259,0,85209
1787610259,1,84339
1787610264,0,85269
1787610264,1,84439
1787610269,0,85309
1787610269,1,84479
1787610274,0,85349
1787610274,1,84579
1787610279,0,85449
1787610279,1,84739
1787610285,0,86289
1787610285,1,85699
1787610290,0,87589
1787610290,1,87299
1787610295,0,87709
1787610295,1,87439
1787610300,0,87709
1787610300,1,87439
1787610305,0,87709
1787610305,1,87439
1787610310,0,87709
1787610310,1,87439
1787610315,0,87729
1787610315,1,87459
1787610320,0,87729
1787610320,1,87459
1787610325,0,87729
1787610325,1,87459
1787610330,0,87729
1787610330,1,87459
1787610335,0,87729
1787610335,1,87459
1787610340,0,87729
1787610340,1,87459
1787610345,0,87729
1787610345,1,87459
1787610350,0,87729
1787610350,1,87459
1787610355,0,87729
1787610355,1,87459
1787610360,0,87729
1787610360,1,87459
1787610365,0,87729
1787610365,1,87459
1787610371,0,87729
1787610371,1,87459
1787610376,0,87729
1787610376,1,87459
1787610381,0,87729
1787610381,1,87459
1787610386,0,87729
1787610386,1,87459
1787610391,0,87729
1787610391,1,87459
1787610396,0,87729
1787610396,1,87459
1787610401,0,87729
1787610401,1,87459
1787610406,0,87729
1787610406,1,87459
1787610411,0,87729
1787610411,1,87459
1787610416,0,116007
1787610416,1,114757
1787610421,0,118837
1787610421,1,117587
1787610426,0,118837
1787610426,1,117587
1787610431,0,118837
1787610431,1,117587
1787610436,0,118837
1787610436,1,117587
1787610441,0,118837
1787610441,1,117587
1787610446,0,118837
1787610446,1,117587
1787610451,0,54465
1787610451,1,53435
1787610457,0,54807
1787610457,1,53577
1787610462,0,55007
1787610462,1,54157
1787610467,0,55707
1787610467,1,54837
1787610472,0,55727
1787610472,1,54857
1787610477,0,55727
1787610477,1,54857
1787610482,0,55727
1787610482,1,54857
1787610487,0,55727
1787610487,1,54857
1787610492,0,55729
1787610492,1,54859
1787610497,0,59749
1787610497,1,58879
1787610502,0,59749
1787610502,1,58879
1787610507,0,59749
1787610507,1,58879
1787610512,0,59749
1787610512,1,58879
1787610517,0,59749
1787610517,1,58879
1787610522,0,59749
1787610522,1,58879
1787610527,0,59749
1787610527,1,58879
1787610532,0,59749
1787610532,1,58879
1787610537,0,59749
1787610537,1,58879
1787610543,0,59749
1787610543,1,58879
1787610548,0,59749
1787610548,1,58879
1787610553,0,59749
1787610553,1,58879
1787610558,0,59749
1787610558,1,58879
1787610563,0,59749
1787610563,1,58879
1787610568,0,59749
1787610568,1,58879
1787610573,0,82669
1787610573,1,81799
1787610578,0,84749
1787610578,1,84139
1787610583,0,84749
1787610583,1,84139
1787610588,0,84749
1787610588,1,84279
1787610593,0,84749
1787610593,1,84279
1787610598,0,85069
1787610598,1,84319
1787610603,0,85089
1787610603,1,84339
1787610608,0,85129
1787610608,1,84339
1787610613,0,85189
1787610613,1,84339
1787610618,0,85209
1787610618,1,84359
1787610623,0,85269
1787610623,1,84439
1787610629,0,85329
1787610629,1,84519
1787610634,0,85389
1787610634,1,84639
1787610639,0,85909
1787610639,1,85279
1787610644,0,87129
1787610644,1,86699
1787610649,0,87709
1787610649,1,87439
1787610654,0,87709
1787610654,1,87439
1787610659,0,87709
1787610659,1,87439
1787610664,0,87709
1787610664,1,87439
1787610669,0,87709
1787610669,1,87439
1787610674,0,87709
1787610674,1,87439
1787610679,0,87709
1787610679,1,87439
1787610684,0,87709
1787610684,1,87439
1787610689,0,87709
1787610689,1,87439
1787610694,0,87709
1787610694,1,87439
1787610699,0,87709
1787610699,1,87439
1787610704,0,87709
1787610704,1,87439
1787610709,0,87709
1787610709,1,87439
1787610715,0,87709
1787610715,1,87439
1787610720,0,87709
1787610720,1,87439
1787610725,0,87709
1787610725,1,87439
1787610730,0,87709
1787610730,1,87439
1787610735,0,87709
1787610735,1,87439
1787610740,0,87709
1787610740,1,87439
1787610745,0,87709
1787610745,1,87439
1787610750,0,87709
1787610750,1,87439
1787610755,0,87709
1787610755,1,87439
1787610760,0,87709
1787610760,1,87439
1787610765,0,87709
1787610765,1,87439
1787610770,0,87709
1787610770,1,87439
1787610775,0,118551
1787610775,1,117301
1787610780,0,118551
1787610780,1,117301
1787610785,0,118551
1787610785,1,117301
1787610790,0,118551
1787610790,1,117301
1787610795,0,118551
1787610795,1,117301
1787610800,0,118551
1787610800,1,117301
1787610806,0,54465
1787610806,1,53395
1787610811,0,54467
1787610811,1,53517
1787610816,0,54907
1787610816,1,54037
1787610821,0,55247
1787610821,1,54377
1787610826,0,55727
1787610826,1,54857
1787610831,0,55727
1787610831,1,54857
1787610836,0,55727
1787610836,1,54857
1787610841,0,55727
1787610841,1,54857
1787610846,0,55729
1787610846,1,54859
1787610851,0,59749
1787610851,1,58879
1787610856,0,59749
1787610856,1,58879
1787610861,0,59749
1787610861,1,58879
1787610866,0,59749
1787610866,1,58879
1787610871,0,59749
1787610871,1,58879
1787610876,0,59749
1787610876,1,58879
1787610881,0,59749
1787610881,1,58879
1787610886,0,59749
1787610886,1,58879
1787610892,0,59749
1787610892,1,58879
1787610897,0,59749
1787610897,1,58879
1787610902,0,59749
1787610902,1,58879
1787610907,0,59749
1787610907,1,58879
1787610912,0,59749
1787610912,1,58879
1787610917,0,59749
1787610917,1,58879
1787610922,0,59749
1787610922,1,58879
1787610927,0,82669
1787610927,1,81799
1787610932,0,84749
1787610932,1,84159
1787610937,0,84749
1787610937,1,84159
1787610942,0,84749
1787610942,1,84259
1787610947,0,84749
1787610947,1,84259
1787610952,0,84749
1787610952,1,84279
1787610957,0,85049
1787610957,1,84279
1787610962,0,85089
1787610962,1,84279
1787610967,0,85109
1787610967,1,84359
1787610972,0,85149
1787610972,1,84359
1787610978,0,85209
1787610978,1,84359
1787610983,0,85269
1787610983,1,84439
1787610988,0,85349
1787610988,1,84559
1787610993,0,85429
1787610993,1,84719
1787610998,0,86209
1787610998,1,85639
1787611003,0,87709
1787611003,1,87439
1787611008,0,87709
1787611008,1,87439
1787611013,0,87709
1787611013,1,87439
1787611018,0,87709
1787611018,1,87439
1787611023,0,87709
1787611023,1,87439
1787611028,0,87709
1787611028,1,87439
1787611033,0,87709
1787611033,1,87439
1787611038,0,87709
1787611038,1,87439
1787611043,0,87709
1787611043,1,87439
1787611048,0,87709
1787611048,1,87439
1787611053,0,87709
1787611053,1,87439
1787611058,0,87709
1787611058,1,87439
1787611064,0,87709
1787611064,1,87439
1787611069,0,87709
1787611069,1,87439
1787611074,0,87709
1787611074,1,87439
1787611079,0,87709
1787611079,1,87439
1787611084,0,87709
1787611084,1,87439
1787611089,0,87709
1787611089,1,87439
1787611094,0,87709
1787611094,1,87439
1787611099,0,87709
1787611099,1,87439
1787611104,0,87709
1787611104,1,87439
1787611109,0,87709
1787611109,1,87439
1787611114,0,87709
1787611114,1,87439
1787611119,0,87709
1787611119,1,87439
1787611124,0,108745
1787611124,1,107895
1787611129,0,118519
1787611129,1,117269
1787611134,0,118519
1787611134,1,117269
1787611139,0,118519
1787611139,1,117269
1787611144,0,118519
1787611144,1,117269
1787611149,0,118519
1787611149,1,117269
1787611155,0,118519
1787611155,1,117269
1787611160,0,118519
1787611160,1,117269
1787611165,0,54467
1787611165,1,53477
1787611170,0,54867
1787611170,1,53997
1787611175,0,55127
1787611175,1,54257
1787611180,0,55727
1787611180,1,54857
1787611185,0,55727
1787611185,1,54857
1787611190,0,55727
1787611190,1,54877
1787611195,0,55727
1787611195,1,54877
1787611200,0,55727
1787611200,1,54877
1787611205,0,55729
1787611205,1,54879
1787611210,0,59749
1787611210,1,58899
1787611215,0,59749
1787611215,1,58899
1787611220,0,59749
1787611220,1,58899
1787611225,0,59749
1787611225,1,58899
1787611230,0,59749
1787611230,1,58899
1787611235,0,59749
1787611235,1,58899
1787611241,0,59749
1787611241,1,58899
1787611246,0,59749
1787611246,1,58899
1787611251,0,59749
1787611251,1,58899
1787611256,0,59749
1787611256,1,58899
1787611261,0,59749
1787611261,1,58899
1787611266,0,59749
1787611266,1,58899
1787611271,0,59749
1787611271,1,58899
1787611276,0,59749
1787611276,1,58899
1787611281,0,59749
1787611281,1,58899
1787611286,0,84749
1787611286,1,84139
1787611291,0,84749
1787611291,1,84159
1787611296,0,84749
1787611296,1,84159
1787611301,0,84749
1787611301,1,84279
1787611306,0,84749
1787611306,1,84279
1787611311,0,85069
1787611311,1,84319
1787611316,0,85109
1787611316,1,84319
1787611321,0,85149
1787611321,1,84419
1787611327,0,85209
1787611327,1,84419
1787611332,0,85249
1787611332,1,84419
1787611337,0,85309
1787611337,1,84519
1787611342,0,85409
1787611342,1,84639
1787611347,0,85869
1787611347,1,85299
1787611352,0,86389
1787611352,1,85859
1787611357,0,87289
1787611357,1,86919
1787611362,0,87709
1787611362,1,87439
1787611367,0,87709
1787611367,1,87439
1787611372,0,87709
1787611372,1,87439
1787611377,0,87709
1787611377,1,87439
1787611382,0,87709
1787611382,1,87439
1787611387,0,87729
1787611387,1,87459
1787611392,0,87729
1787611392,1,87459
1787611397,0,87729
1787611397,1,87459
1787611402,0,87729
1787611402,1,87459
1787611407,0,87729
1787611407,1,87459
1787611413,0,87729
1787611413,1,87459
1787611418,0,87729
1787611418,1,87459
1787611423,0,87729
1787611423,1,87459
1787611428,0,87729
1787611428,1,87459
1787611433,0,87729
1787611433,1,87459
1787611438,0,87729
1787611438,1,87459
1787611443,0,87729
1787611443,1,87459
1787611448,0,87729
1787611448,1,87459
1787611453,0,87729
1787611453,1,87459
1787611458,0,87729
1787611458,1,87459
1787611463,0,87729
1787611463,1,87459
1787611468,0,87729
1787611468,1,87459
1787611473,0,87729
1787611473,1,87459
1787611478,0,87729
1787611478,1,87459
1787611483,0,114055
1787611483,1,114501
1787611488,0,118529
1787611488,1,117279
1787611493,0,118529
1787611493,1,117279
1787611498,0,118529
1787611498,1,117279
1787611504,0,118529
1787611504,1,117279
1787611509,0,118529
1787611509,1,117279
1787611514,0,118529
1787611514,1,117279
1787611519,0,52723
1787611519,1,51473
1787611524,0,54467
1787611524,1,53497
1787611529,0,54867
1787611529,1,53997
1787611534,0,55167
1787611534,1,54297
1787611539,0,55727
1787611539,1,54857
1787611544,0,55747
1787611544,1,54877
1787611549,0,55747
1787611549,1,54877
1787611554,0,55747
1787611554,1,54877
1787611559,0,55747
1787611559,1,54877
1787611564,0,55749
1787611564,1,54879
1787611569,0,59769
1787611569,1,58899
1787611574,0,59769
1787611574,1,58899
1787611579,0,59769
1787611579,1,58899
1787611584,0,59769
1787611584,1,58899
1787611590,0,59769
1787611590,1,58899
1787611595,0,59769
1787611595,1,58899
1787611600,0,59769
1787611600,1,58899
1787611605,0,59769
1787611605,1,58899
1787611610,0,59769
1787611610,1,58899
1787611615,0,59769
1787611615,1,58899
1787611620,0,59769
1787611620,1,58899
1787611625,0,59769
1787611625,1,58899
1787611630,0,59769
1787611630,1,58899
1787611635,0,59769
1787611635,1,58899
1787611640,0,59769
1787611640,1,58899
1787611645,0,84749
1787611645,1,84139
1787611650,0,84749
1787611650,1,84139
1787611655,0,84749
1787611655,1,84139
1787611660,0,84749
1787611660,1,84279
1787611665,0,84749
1787611665,1,84279
1787611670,0,85069
1787611670,1,84339
1787611676,0,85109
1787611676,1,84339
1787611681,0,85149
1787611681,1,84339
1787611686,0,85189
1787611686,1,84339
1787611691,0,85209
1787611691,1,84359
1787611696,0,85309
1787611696,1,84479
1787611701,0,85409
1787611701,1,84639
1787611706,0,85709
1787611706,1,85059
1787611711,0,86469
1787611711,1,85879
1787611716,0,87689
1787611716,1,87439
1787611721,0,87709
1787611721,1,87439
1787611726,0,87709
1787611726,1,87439
1787611731,0,87709
1787611731,1,87439
1787611736,0,87709
1787611736,1,87439
1787611741,0,87729
1787611741,1,87459
1787611746,0,87749
1787611746,1,87479
1787611751,0,87749
1787611751,1,87479
1787611756,0,87749
1787611756,1,87479
1787611762,0,87749
1787611762,1,87479
1787611767,0,87749
1787611767,1,87479
1787611772,0,87749
1787611772,1,87479
1787611777,0,87749
1787611777,1,87479
1787611782,0,87749
1787611782,1,87479
1787611787,0,87749
1787611787,1,87479
1787611792,0,87749
1787611792,1,87479
1787611797,0,87749
1787611797,1,87479
1787611802,0,87749
1787611802,1,87479
1787611807,0,87749
1787611807,1,87479
1787611812,0,87749
1787611812,1,87479
1787611817,0,87749
1787611817,1,87479
1787611822,0,87749
1787611822,1,87479
1787611827,0,87749
1787611827,1,87479
1787611832,0,87749
1787611832,1,87479
1787611837,0,87749
1787611837,1,87479
1787611842,0,87749
1787611842,1,87479
1787611848,0,118861
1787611848,1,117611
1787611853,0,118861
1787611853,1,117611
1787611858,0,118861
1787611858,1,117611
1787611863,0,118861
1787611863,1,117611
1787611868,0,118861
1787611868,1,117611
1787611873,0,118861
1787611873,1,117611
1787611878,0,118861
1787611878,1,117611
1787611883,0,54465
1787611883,1,53455
1787611888,0,54827
1787611888,1,53597
1787611893,0,55067
1787611893,1,54197
1787611898,0,55727
1787611898,1,54857
1787611903,0,55727
1787611903,1,54877
1787611908,0,55727
1787611908,1,54877
1787611913,0,55727
1787611913,1,54877
1787611918,0,55727
1787611918,1,54877
1787611923,0,55729
1787611923,1,54879
1787611928,0,59749
1787611928,1,58899
1787611934,0,59749
1787611934,1,58899
1787611939,0,59749
1787611939,1,58899
1787611944,0,59749
1787611944,1,58899
1787611949,0,59749
1787611949,1,58899
1787611954,0,59749
1787611954,1,58899
1787611959,0,59749
1787611959,1,58899
1787611964,0,59749
1787611964,1,58899
1787611969,0,59749
1787611969,1,58899
1787611974,0,59749
1787611974,1,58899
1787611979,0,59749
1787611979,1,58899
1787611984,0,59749
1787611984,1,58899
1787611989,0,59749
1787611989,1,58899
1787611994,0,59749
1787611994,1,58899
1787611999,0,59749
1787611999,1,58899
1787612004,0,84749
1787612004,1,84139
1787612009,0,84749
1787612009,1,84139
1787612014,0,84749
1787612014,1,84139
1787612020,0,84749
1787612020,1,84139
1787612025,0,84749
1787612025,1,84159
1787612030,0,84749
1787612030,1,84319
1787612035,0,85089
1787612035,1,84319
1787612040,0,85109
1787612040,1,84319
1787612045,0,85169
1787612045,1,84319
1787612050,0,85209
1787612050,1,84339
1787612055,0,85289
1787612055,1,84479
1787612060,0,85349
1787612060,1,84559
1787612065,0,85549
1787612065,1,84879
1787612070,0,86129
1787612070,1,85519
1787612075,0,87029
1787612075,1,86639
1787612080,0,87709
1787612080,1,87439
1787612085,0,87709
1787612085,1,87439
1787612090,0,87709
1787612090,1,87439
1787612095,0,87709
1787612095,1,87439
1787612100,0,87729
1787612100,1,87459
1787612105,0,87729
1787612105,1,87479
1787612111,0,87729
1787612111,1,87479
1787612116,0,87729
1787612116,1,87479
1787612121,0,87729
1787612121,1,87479
1787612126,0,87729
1787612126,1,87479
1787612131,0,87729
1787612131,1,87479
1787612136,0,87729
1787612136,1,87479
1787612141,0,87729
1787612141,1,87479
1787612146,0,87729
1787612146,1,87479
1787612151,0,87729
1787612151,1,87479
1787612156,0,87729
1787612156,1,87479
1787612161,0,87729
1787612161,1,87479
1787612166,0,87729
1787612166,1,87479
1787612171,0,87729
1787612171,1,87479
1787612176,0,87729
1787612176,1,87479
1787612181,0,87729
1787612181,1,87479
1787612186,0,87729
1787612186,1,87479
1787612191,0,87729
1787612191,1,87479
1787612197,0,87729
1787612197,1,87479
1787612202,0,125365
1787612202,1,125811
1787612207,0,118763
1787612207,1,117513
1787612212,0,118763
1787612212,1,117513
1787612217,0,118763
1787612217,1,117513
1787612222,0,118763
1787612222,1,117513
1787612227,0,118763
1787612227,1,117513
1787612232,0,118763
1787612232,1,117513
1787612237,0,118763
1787612237,1,117513
1787612242,0,54467
1787612242,1,53477
1787612247,0,54847
1787612247,1,53597
1787612252,0,55267
1787612252,1,54437
1787612257,0,55727
1787612257,1,54857
1787612262,0,55747
1787612262,1,54877
1787612267,0,55747
1787612267,1,54877
1787612272,0,55747
1787612272,1,54877
1787612277,0,55747
1787612277,1,54877
1787612283,0,55749
1787612283,1,54879
1787612288,0,59769
1787612288,1,58899
1787612293,0,59769
1787612293,1,58899
1787612298,0,59769
1787612298,1,58899
1787612303,0,59769
1787612303,1,58899
1787612308,0,59769
1787612308,1,58899
1787612313,0,59769
1787612313,1,58899
1787612318,0,59769
1787612318,1,58899
1787612323,0,59769
1787612323,1,58899
1787612328,0,59769
1787612328,1,58899
1787612333,0,59769
1787612333,1,58899
1787612338,0,59769
1787612338,1,58899
1787612343,0,59769
1787612343,1,58899
1787612348,0,59769
1787612348,1,58899
1787612353,0,59769
1787612353,1,58899
1787612358,0,59769
1787612358,1,58899
1787612363,0,84749
1787612363,1,84139
1787612369,0,84749
1787612369,1,84159
1787612374,0,84749
1787612374,1,84159
1787612379,0,84749
1787612379,1,84259
1787612384,0,84749
1787612384,1,84259
1787612389,0,84749
1787612389,1,84259
1787612394,0,85069
1787612394,1,84259
1787612399,0,85109
1787612399,1,84339
1787612404,0,85149
1787612404,1,84339
1787612409,0,85229
1787612409,1,84359
1787612414,0,85309
1787612414,1,84479
1787612419,0,85409
1787612419,1,84699
1787612424,0,86129
1787612424,1,85579
1787612429,0,87009
1787612429,1,86619
1787612434,0,87709
1787612434,1,87439
1787612439,0,87709
1787612439,1,87439
1787612444,0,87709
1787612444,1,87439
1787612449,0,87709
1787612449,1,87439
1787612455,0,87709
1787612455,1,87439
1787612460,0,87749
1787612460,1,87479
1787612465,0,87749
1787612465,1,87479
1787612470,0,87749
1787612470,1,87479
1787612475,0,87749
1787612475,1,87479
1787612480,0,87749
1787612480,1,87479
1787612485,0,87749
1787612485,1,87479
1787612490,0,87749
1787612490,1,87479
1787612495,0,87749
1787612495,1,87479
1787612500,0,87749
1787612500,1,87479
1787612505,0,87749
1787612505,1,87479
1787612510,0,87749
1787612510,1,87479
1787612515,0,87749
1787612515,1,87479
1787612520,0,87749
1787612520,1,87479
1787612525,0,87749
1787612525,1,87479
1787612530,0,87749
1787612530,1,87479
1787612535,0,87749
1787612535,1,87479
1787612541,0,87749
1787612541,1,87479
1787612546,0,87749
1787612546,1,87479
1787612551,0,87749
1787612551,1,87479
1787612556,0,87749
1787612556,1,87479
1787612561,0,119385
1787612561,1,119831
1787612566,0,118615
1787612566,1,117365
1787612571,0,118615
1787612571,1,117365
1787612576,0,118615
1787612576,1,117365
1787612581,0,118615
1787612581,1,117365
1787612586,0,118615
1787612586,1,117365
1787612591,0,118615
1787612591,1,117365
1787612596,0,50201
1787612596,1,48951
1787612601,0,54467
1787612601,1,53497
1787612606,0,54907
1787612606,1,54037
1787612611,0,55247
1787612611,1,54377
1787612616,0,55727
1787612616,1,54857
1787612621,0,55727
1787612621,1,54857
1787612626,0,55727
1787612626,1,54857
1787612632,0,55727
1787612632,1,54857
1787612637,0,55727
1787612637,1,54857
1787612642,0,55729
1787612642,1,54859
1787612647,0,59749
1787612647,1,58879
1787612652,0,59749
1787612652,1,58879
1787612657,0,59749
1787612657,1,58879
1787612662,0,59749
1787612662,1,58879
1787612667,0,59749
1787612667,1,58879
1787612672,0,59749
1787612672,1,58879
1787612677,0,59749
1787612677,1,58879
1787612682,0,59749
1787612682,1,58879
1787612687,0,59749
1787612687,1,58879
1787612692,0,59749
1787612692,1,58879
1787612697,0,59749
1787612697,1,58879
1787612702,0,59749
1787612702,1,58879
1787612707,0,59749
1787612707,1,58879
1787612712,0,59749
1787612712,1,58879
1787612718,0,59749
1787612718,1,58879
1787612723,0,84749
1787612723,1,84139
1787612728,0,84749
1787612728,1,84159
1787612733,0,84749
1787612733,1,84159
1787612738,0,84749
1787612738,1,84159
1787612743,0,84749
1787612743,1,84159
1787612748,0,85049
1787612748,1,84199
1787612753,0,85089
1787612753,1,84239
1787612758,0,85129
1787612758,1,84259
1787612763,0,85189
1787612763,1,84319
1787612768,0,85249
1787612768,1,84499
1787612773,0,85309
1787612773,1,84499
1787612778,0,85389
1787612778,1,84619
1787612783,0,85789
1787612783,1,85139
1787612788,0,86389
1787612788,1,85839
1787612793,0,87669
1787612793,1,87299
1787612798,0,87709
1787612798,1,87439
1787612803,0,87709
1787612803,1,87439
1787612809,0,87709
1787612809,1,87439
1787612814,0,87709
1787612814,1,87439
1787612819,0,87709
1787612819,1,87439
1787612824,0,87709
1787612824,1,87439
1787612829,0,87709
1787612829,1,87439
1787612834,0,87709
1787612834,1,87439
1787612839,0,87709
1787612839,1,87439
1787612844,0,87709
1787612844,1,87439
1787612849,0,87709
1787612849,1,87439
1787612854,0,87709
1787612854,1,87439
1787612859,0,87709
1787612859,1,87439
1787612864,0,87709
1787612864,1,87439
1787612869,0,87709
1787612869,1,87439
1787612874,0,87709
1787612874,1,87439
1787612879,0,87709
1787612879,1,87439
1787612884,0,87709
1787612884,1,87439
1787612889,0,87709
1787612889,1,87439
1787612895,0,87709
1787612895,1,87439
1787612900,0,87709
1787612900,1,87439
1787612905,0,87709
1787612905,1,87439
1787612910,0,87709
1787612910,1,87439
1787612915,0,87709
1787612915,1,87439
1787612920,0,61757
1787612920,1,60507
1787612925,0,119549
1787612925,1,118299
1787612930,0,119549
1787612930,1,118299
1787612935,0,119549
1787612935,1,118299
1787612940,0,119549
1787612940,1,118299
1787612945,0,119549
1787612945,1,118299
1787612950,0,119549
1787612950,1,118299
1787612955,0,54465
1787612955,1,53435
1787612960,0,54787
1787612960,1,53537
1787612965,0,55047
1787612965,1,54197
1787612970,0,55727
1787612970,1,54857
1787612975,0,55727
1787612975,1,54857
1787612981,0,55727
1787612981,1,54857
1787612986,0,55727
1787612986,1,54857
1787612991,0,55727
1787612991,1,54857
1787612996,0,55729
1787612996,1,54859
1787613001,0,59749
1787613001,1,58879
1787613006,0,59749
1787613006,1,58879
1787613011,0,59749
1787613011,1,58879
1787613016,0,59749
1787613016,1,58879
1787613021,0,59749
1787613021,1,58879
1787613026,0,59749
1787613026,1,58879
1787613031,0,59749
1787613031,1,58879
1787613036,0,59749
1787613036,1,58879
1787613041,0,59749
1787613041,1,58879
1787613046,0,59749
1787613046,1,58879
1787613051,0,59749
1787613051,1,58879
1787613056,0,59749
1787613056,1,58879
1787613061,0,59749
1787613061,1,58879
1787613067,0,59749
1787613067,1,58879
1787613072,0,59749
1787613072,1,58879
1787613077,0,84749
1787613077,1,84019
1787613082,0,84749
1787613082,1,84159
1787613087,0,84749
1787613087,1,84159
1787613092,0,84749
1787613092,1,84159
1787613097,0,84749
1787613097,1,84159
1787613102,0,84749
1787613102,1,84279
1787613107,0,85049
1787613107,1,84319
1787613112,0,85089
1787613112,1,84319
1787613117,0,85129
1787613117,1,84319
1787613122,0,85209
1787613122,1,84339
1787613127,0,85249
1787613127,1,84399
1787613132,0,85329
1787613132,1,84619
1787613137,0,85429
1787613137,1,84719
1787613142,0,85869
1787613142,1,85219
1787613147,0,87229
1787613147,1,86979
1787613153,0,87709
1787613153,1,87439
1787613158,0,87709
1787613158,1,87439
1787613163,0,87709
1787613163,1,87439
1787613168,0,87709
1787613168,1,87439
1787613173,0,87709
1787613173,1,87439
1787613178,0,87709
1787613178,1,87439
1787613183,0,87709
1787613183,1,87439
1787613188,0,87709
1787613188,1,87439
1787613193,0,87709
1787613193,1,87439
1787613198,0,87709
1787613198,1,87439
1787613203,0,87709
1787613203,1,87439
1787613208,0,87709
1787613208,1,87439
1787613213,0,87709
1787613213,1,87439
1787613218,0,87709
1787613218,1,87439
1787613223,0,87709
1787613223,1,87439
1787613228,0,87709
1787613228,1,87439
1787613233,0,87709
1787613233,1,87439
1787613239,0,87709
1787613239,1,87439
1787613244,0,87709
1787613244,1,87439
1787613249,0,87709
1787613249,1,87439
1787613254,0,87709
1787613254,1,87439
1787613259,0,87709
1787613259,1,87439
1787613264,0,87709
1787613264,1,87439
1787613269,0,87709
1787613269,1,87439
1787613274,0,125365
1787613274,1,125811
1787613279,0,118589
1787613279,1,117341
1787613284,0,118589
1787613284,1,117341
1787613289,0,118589
1787613289,1,117341
1787613294,0,118589
1787613294,1,117341
1787613299,0,118589
1787613299,1,117341
1787613304,0,118589
1787613304,1,117341
1787613309,0,54465
1787613309,1,53437
1787613314,0,54787
1787613314,1,53559
1787613319,0,54947
1787613319,1,54079
1787613325,0,55727
1787613325,1,54859
1787613330,0,55747
1787613330,1,54879
1787613335,0,55747
1787613335,1,54879
1787613340,0,55747
1787613340,1,54879
1787613345,0,55747
1787613345,1,54879
1787613350,0,55749
1787613350,1,54881
1787613355,0,59769
1787613355,1,58901
1787613360,0,59769
1787613360,1,58901
1787613365,0,59769
1787613365,1,58901
1787613370,0,59769
1787613370,1,58901
1787613375,0,59769
1787613375,1,58901
1787613380,0,59769
1787613380,1,58901
1787613385,0,59769
1787613385,1,58901
1787613390,0,59769
1787613390,1,58901
1787613395,0,59769
1787613395,1,58901
1787613400,0,59769
1787613400,1,58901
1787613405,0,59769
1787613405,1,58901
1787613410,0,59769
1787613410,1,58901
1787613416,0,59769
1787613416,1,58901
1787613421,0,59769
1787613421,1,58901
1787613426,0,59769
1787613426,1,58901
1787613431,0,84749
1787613431,1,84141
1787613436,0,84749
1787613436,1,84161
1787613441,0,84749
1787613441,1,84161
1787613446,0,84749
1787613446,1,84241
1787613451,0,84749
1787613451,1,84281
1787613456,0,84749
1787613456,1,84281
1787613461,0,84749
1787613461,1,84281
1787613466,0,85089
1787613466,1,84341
1787613471,0,85109
1787613471,1,84341
1787613476,0,85149
1787613476,1,84341
1787613481,0,85189
1787613481,1,84341
1787613486,0,85289
1787613486,1,84481
1787613491,0,85389
1787613491,1,84641
1787613496,0,85989
1787613496,1,85401
1787613502,0,87049
1787613502,1,86641
1787613507,0,87709
1787613507,1,87441
1787613512,0,87709
1787613512,1,87441
1787613517,0,87709
1787613517,1,87441
1787613522,0,87709
1787613522,1,87441
1787613527,0,87749
1787613527,1,87481
1787613532,0,87749
1787613532,1,87481
1787613537,0,87749
1787613537,1,87481
1787613542,0,87749
1787613542,1,87481
1787613547,0,87749
1787613547,1,87481
1787613552,0,87749
1787613552,1,87481
1787613557,0,87749
1787613557,1,87481
1787613562,0,87749
1787613562,1,87481
1787613567,0,87749
1787613567,1,87481
1787613572,0,87749
1787613572,1,87481
1787613577,0,87749
1787613577,1,87481
1787613582,0,87749
1787613582,1,87481
1787613588,0,87749
1787613588,1,87481
1787613593,0,87749
1787613593,1,87481
1787613598,0,87749
1787613598,1,87481
1787613603,0,87749
1787613603,1,87481
1787613608,0,87749
1787613608,1,87481
1787613613,0,87749
1787613613,1,87481
1787613618,0,87749
1787613618,1,87481
1787613623,0,87749
1787613623,1,87481
1787613628,0,57597
1787613628,1,56349
1787613633,0,118819
1787613633,1,117569
1787613638,0,118819
1787613638,1,117569
1787613643,0,118819
1787613643,1,117569
1787613648,0,118819
1787613648,1,117569
1787613653,0,118819
1787613653,1,117569
1787613658,0,50203
1787613658,1,48953
1787613663,0,54469
1787613663,1,53479
1787613668,0,54829
1787613668,1,53599
1787613674,0,55129
1787613674,1,54259
1787613679,0,55729
1787613679,1,54859
1787613684,0,55729
1787613684,1,54859
1787613689,0,55729
1787613689,1,54859
1787613694,0,55729
1787613694,1,54859
1787613699,0,55731
1787613699,1,54861
1787613704,0,59751
1787613704,1,58881
1787613709,0,59751
1787613709,1,58881
1787613714,0,59751
1787613714,1,58881
1787613719,0,59751
1787613719,1,58881
1787613724,0,59751
1787613724,1,58881
1787613729,0,59751
1787613729,1,58881
1787613734,0,59751
1787613734,1,58881
1787613739,0,59751
1787613739,1,58881
1787613744,0,59751
1787613744,1,58881
1787613749,0,59751
1787613749,1,58881
1787613754,0,59751
1787613754,1,58881
1787613760,0,59751
1787613760,1,58881
1787613765,0,59751
1787613765,1,58881
1787613770,0,59751
1787613770,1,58881
1787613775,0,59751
1787613775,1,58881
1787613780,0,82671
1787613780,1,81801
1787613785,0,84751
1787613785,1,84141
1787613790,0,84751
1787613790,1,84141
1787613795,0,84751
1787613795,1,84141
1787613800,0,84751
1787613800,1,84141
1787613805,0,84751
1787613805,1,84281
1787613810,0,84751
1787613810,1,84301
1787613815,0,84751
1787613815,1,84301
1787613820,0,85091
1787613820,1,84301
1787613825,0,85111
1787613825,1,84301
1787613830,0,85151
1787613830,1,84301
1787613835,0,85211
1787613835,1,84341
1787613840,0,85291
1787613840,1,84481
1787613845,0,85411
1787613845,1,84681
1787613851,0,86031
1787613851,1,85501
1787613856,0,87611
1787613856,1,87301
1787613861,0,87711
1787613861,1,87441
1787613866,0,87711
1787613866,1,87441
1787613871,0,87711
1787613871,1,87441
1787613876,0,87711
1787613876,1,87441
1787613881,0,87711
1787613881,1,87441
1787613886,0,87711
1787613886,1,87441
1787613891,0,87711
1787613891,1,87441
1787613896,0,87711
1787613896,1,87441
1787613901,0,87711
1787613901,1,87441
1787613906,0,87711
1787613906,1,87441
1787613911,0,87711
1787613911,1,87441
1787613916,0,87711
1787613916,1,87441
1787613921,0,87711
1787613921,1,87441
1787613926,0,87711
1787613926,1,87441
1787613931,0,87711
1787613931,1,87441
1787613937,0,87711
1787613937,1,87441
1787613942,0,87711
1787613942,1,87441
1787613947,0,87711
1787613947,1,87441
1787613952,0,87711
1787613952,1,87441
1787613957,0,87711
1787613957,1,87441
1787613962,0,87711
1787613962,1,87441
1787613967,0,87711
1787613967,1,87441
1787613972,0,87711
1787613972,1,87441
1787613977,0,125367
1787613977,1,125813
1787613982,0,118537
1787613982,1,117287
1787613987,0,118537
1787613987,1,117287
1787613992,0,118537
1787613992,1,117287
1787613997,0,118537
1787613997,1,117287
1787614002,0,118537
1787614002,1,117287
1787614007,0,118537
1787614007,1,117287
1787614012,0,54467
1787614012,1,53457
1787614017,0,54789
1787614017,1,53559
1787614022,0,55009
1787614022,1,54159
1787614028,0,55729
1787614028,1,54859
1787614033,0,55729
1787614033,1,54859
1787614038,0,55729
1787614038,1,54859
1787614043,0,55729
1787614043,1,54859
1787614048,0,55731
1787614048,1,54861
1787614053,0,55731
1787614053,1,54861
1787614058,0,59751
1787614058,1,58881
1787614063,0,59751
1787614063,1,58881
1787614068,0,59751
1787614068,1,58881
1787614073,0,59751
1787614073,1,58881
1787614078,0,59751
1787614078,1,58881
1787614083,0,59751
1787614083,1,58881
1787614088,0,59751
1787614088,1,58881
1787614093,0,59751
1787614093,1,58881
1787614098,0,59751
1787614098,1,58881
1787614103,0,59751
1787614103,1,58881
1787614109,0,59751
1787614109,1,58881
1787614114,0,59751
1787614114,1,58881
1787614119,0,59751
1787614119,1,58881
1787614124,0,59751
1787614124,1,58881
1787614129,0,59751
1787614129,1,58881
1787614134,0,84751
1787614134,1,84141
1787614139,0,84751
1787614139,1,84141
1787614144,0,84751
1787614144,1,84141
1787614149,0,84751
1787614149,1,84241
1787614154,0,84751
1787614154,1,84261
1787614159,0,84751
1787614159,1,84281
1787614164,0,84751
1787614164,1,84281
1787614169,0,85071
1787614169,1,84341
1787614174,0,85091
1787614174,1,84341
1787614179,0,85131
1787614179,1,84341
1787614184,0,85211
1787614184,1,84341
1787614189,0,85271
1787614189,1,84401
1787614194,0,85391
1787614194,1,84641
1787614200,0,85951
1787614200,1,85381
1787614205,0,87151
1787614205,1,86701
1787614210,0,87711
1787614210,1,87441
1787614215,0,87711
1787614215,1,87441
1787614220,0,87711
1787614220,1,87441
1787614225,0,87711
1787614225,1,87441
1787614230,0,87711
1787614230,1,87441
1787614235,0,87711
1787614235,1,87441
1787614240,0,87711
1787614240,1,87441
1787614245,0,87711
1787614245,1,87441
1787614250,0,87711
1787614250,1,87441
1787614255,0,87711
1787614255,1,87441
1787614260,0,87711
1787614260,1,87441
1787614265,0,87711
1787614265,1,87441
1787614270,0,87711
1787614270,1,87441
1787614275,0,87711
1787614275,1,87441
1787614280,0,87711
1787614280,1,87441
1787614286,0,87711
1787614286,1,87441
1787614291,0,87711
1787614291,1,87441
1787614296,0,87711
1787614296,1,87441
1787614301,0,87711
1787614301,1,87441
1787614306,0,87711
1787614306,1,87441
1787614311,0,87711
1787614311,1,87441
1787614316,0,87711
1787614316,1,87441
1787614321,0,87711
1787614321,1,87441
1787614326,0,87711
1787614326,1,87441
1787614331,0,119023
1787614331,1,117773
1787614336,0,119023
1787614336,1,117773
1787614341,0,119023
1787614341,1,117773
1787614346,0,119023
1787614346,1,117773
1787614351,0,119023
1787614351,1,117773
1787614356,0,119023
1787614356,1,117773
1787614361,0,119023
1787614361,1,117773
1787614366,0,54467
1787614366,1,53437
1787614372,0,54789
1787614372,1,53559
1787614377,0,55049
1787614377,1,54199
1787614382,0,55729
1787614382,1,54859
1787614387,0,55729
1787614387,1,54859
1787614392,0,55749
1787614392,1,54879
1787614397,0,55749
1787614397,1,54879
1787614402,0,55749
1787614402,1,54879
1787614407,0,55751
1787614407,1,54881
1787614412,0,59771
1787614412,1,58901
1787614417,0,59771
1787614417,1,58901
1787614422,0,59771
1787614422,1,58901
1787614427,0,59771
1787614427,1,58901
1787614432,0,59771
1787614432,1,58901
1787614437,0,59771
1787614437,1,58901
1787614442,0,59771
1787614442,1,58901
1787614447,0,59771
1787614447,1,58901
1787614452,0,59771
1787614452,1,58901
1787614458,0,59771
1787614458,1,58901
1787614463,0,59771
1787614463,1,58901
1787614468,0,59771
1787614468,1,58901
1787614473,0,59771
1787614473,1,58901
1787614478,0,59771
1787614478,1,58901
1787614483,0,59771
1787614483,1,58901
1787614488,0,82671
1787614488,1,81801
1787614493,0,84751
1787614493,1,84141
1787614498,0,84751
1787614498,1,84141
1787614503,0,84751
1787614503,1,84141
1787614508,0,84751
1787614508,1,84141
1787614513,0,84751
1787614513,1,84281
1787614518,0,85051
1787614518,1,84301
1787614523,0,85091
1787614523,1,84301
1787614528,0,85111
1787614528,1,84301
1787614533,0,85171
1787614533,1,84421
1787614538,0,85231
1787614538,1,84421
1787614544,0,85331
1787614544,1,84521
1787614549,0,86091
1787614549,1,85521
1787614554,0,87551
1787614554,1,87181
1787614559,0,87711
1787614559,1,87441
1787614564,0,87711
1787614564,1,87441
1787614569,0,87711
1787614569,1,87441
1787614574,0,87711
1787614574,1,87441
1787614579,0,87711
1787614579,1,87441
1787614584,0,87711
1787614584,1,87441
1787614589,0,87751
1787614589,1,87481
1787614594,0,87751
1787614594,1,87481
1787614599,0,87751
1787614599,1,87481
1787614604,0,87751
1787614604,1,87481
1787614609,0,87751
1787614609,1,87481
1787614614,0,87751
1787614614,1,87481
1787614619,0,87751
1787614619,1,87481
1787614624,0,87751
1787614624,1,87481
1787614629,0,87751
1787614629,1,87481
1787614635,0,87751
1787614635,1,87481
1787614640,0,87751
1787614640,1,87481
1787614645,0,87751
1787614645,1,87481
1787614650,0,87751
1787614650,1,87481
1787614655,0,87751
1787614655,1,87481
1787614660,0,87751
1787614660,1,87481
1787614665,0,87751
1787614665,1,87481
1787614670,0,87751
1787614670,1,87481
1787614675,0,87751
1787614675,1,87481
1787614680,0,87751
1787614680,1,87481
1787614685,0,89631
1787614685,1,89221
1787614690,0,118567
1787614690,1,117317
1787614695,0,118567
1787614695,1,117317
1787614700,0,118567
1787614700,1,117317
1787614705,0,118567
1787614705,1,117317
1787614710,0,118567
1787614710,1,117317
1787614715,0,118567
1787614715,1,117317
1787614721,0,118567
1787614721,1,117317
1787614726,0,54467
1787614726,1,53437
1787614731,0,54809
1787614731,1,53579
1787614736,0,55149
1787614736,1,54279
1787614741,0,55729
1787614741,1,54859
1787614746,0,55729
1787614746,1,54879
1787614751,0,55729
1787614751,1,54879
1787614756,0,55729
1787614756,1,54879
1787614761,0,55729
1787614761,1,54879
1787614766,0,55731
1787614766,1,54881
1787614771,0,59751
1787614771,1,58901
1787614776,0,59751
1787614776,1,58901
1787614781,0,59751
1787614781,1,58901
1787614786,0,59751
1787614786,1,58901
1787614791,0,59751
1787614791,1,58901
1787614796,0,59751
1787614796,1,58901
1787614801,0,59751
1787614801,1,58901
1787614807,0,59751
1787614807,1,58901
1787614812,0,59751
1787614812,1,58901
1787614817,0,59751
1787614817,1,58901
1787614822,0,59751
1787614822,1,58901
1787614827,0,59751
1787614827,1,58901
1787614832,0,59751
1787614832,1,58901
1787614837,0,59751
1787614837,1,58901
1787614842,0,59751
1787614842,1,58901
1787614847,0,84751
1787614847,1,84141
1787614852,0,84751
1787614852,1,84161
1787614857,0,84751
1787614857,1,84161
1787614862,0,84751
1787614862,1,84161
1787614867,0,84751
1787614867,1,84261
1787614872,0,84751
1787614872,1,84261
1787614877,0,85051
1787614877,1,84261
1787614882,0,85091
1787614882,1,84261
1787614887,0,85131
1787614887,1,84281
1787614893,0,85191
1787614893,1,84341
1787614898,0,85271
1787614898,1,84441
1787614903,0,85391
1787614903,1,84681
1787614908,0,86091
1787614908,1,85581
1787614913,0,87711
1787614913,1,87441
1787614918,0,87711
1787614918,1,87441
1787614923,0,87711
1787614923,1,87441
1787614928,0,87711
1787614928,1,87441
1787614933,0,87711
1787614933,1,87441
1787614938,0,87711
1787614938,1,87441
1787614943,0,87731
1787614943,1,87461
1787614948,0,87731
1787614948,1,87461
1787614953,0,87731
1787614953,1,87461
1787614958,0,87731
1787614958,1,87461
1787614963,0,87731
1787614963,1,87461
1787614968,0,87731
1787614968,1,87461
1787614973,0,87731
1787614973,1,87461
1787614979,0,87731
1787614979,1,87461
1787614984,0,87731
1787614984,1,87461
1787614989,0,87731
1787614989,1,87461
1787614994,0,87731
1787614994,1,87461
1787614999,0,87731
1787614999,1,87461
1787615004,0,87731
1787615004,1,87461
1787615009,0,87731
1787615009,1,87461
1787615014,0,87731
1787615014,1,87461
1787615019,0,87731
1787615019,1,87461
1787615024,0,87731
1787615024,1,87461
1787615029,0,87731
1787615029,1,87461
1787615034,0,87731
1787615034,1,87461
1787615039,0,87731
1787615039,1,87461
1787615044,0,114577
1787615044,1,115023
1787615049,0,118565
1787615049,1,117315
1787615054,0,118565
1787615054,1,117315
1787615059,0,118565
1787615059,1,117315
1787615065,0,118565
1787615065,1,117315
1787615070,0,118565
1787615070,1,117315
1787615075,0,118565
1787615075,1,117315
1787615080,0,118565
1787615080,1,117315
1787615085,0,54467
1787615085,1,53417
1787615090,0,54469
1787615090,1,53539
1787615095,0,55049
1787615095,1,54199
1787615100,0,55729
1787615100,1,54859
1787615105,0,55729
1787615105,1,54859
1787615110,0,55729
1787615110,1,54879
1787615115,0,55729
1787615115,1,54879
1787615120,0,55729
1787615120,1,54879
1787615125,0,55731
1787615125,1,54881
1787615130,0,59751
1787615130,1,58901
1787615135,0,59751
1787615135,1,58901
1787615140,0,59751
1787615140,1,58901
1787615145,0,59751
1787615145,1,58901
1787615151,0,59751
1787615151,1,58901
1787615156,0,59751
1787615156,1,58901
1787615161,0,59751
1787615161,1,58901
1787615166,0,59751
1787615166,1,58901
1787615171,0,59751
1787615171,1,58901
1787615176,0,59751
1787615176,1,58901
1787615181,0,59751
1787615181,1,58901
1787615186,0,59751
1787615186,1,58901
1787615191,0,59751
1787615191,1,58901
1787615196,0,59751
1787615196,1,58901
1787615201,0,59751
1787615201,1,58901
1787615206,0,80591
1787615206,1,79721
1787615211,0,84751
1787615211,1,84161
1787615216,0,84751
1787615216,1,84161
1787615221,0,84751
1787615221,1,84161
1787615226,0,84751
1787615226,1,84161
1787615231,0,84751
1787615231,1,84281
1787615237,0,84751
1787615237,1,84281
1787615242,0,85071
1787615242,1,84281
1787615247,0,85091
1787615247,1,84341
1787615252,0,85131
1787615252,1,84341
1787615257,0,85251
1787615257,1,84381
1787615262,0,85311
1787615262,1,84481
1787615267,0,85791
1787615267,1,85021
1787615272,0,86971
1787615272,1,86601
1787615277,0,87711
1787615277,1,87441
1787615282,0,87711
1787615282,1,87441
1787615287,0,87711
1787615287,1,87441
1787615292,0,87711
1787615292,1,87441
1787615297,0,87711
1787615297,1,87441
1787615302,0,87711
1787615302,1,87441
1787615307,0,87711
1787615307,1,87441
1787615312,0,87731
1787615312,1,87481
1787615317,0,87731
1787615317,1,87481
1787615323,0,87731
1787615323,1,87481
1787615328,0,87731
1787615328,1,87481
1787615333,0,87731
1787615333,1,87481
1787615338,0,87731
1787615338,1,87481
1787615343,0,87731
1787615343,1,87481
1787615348,0,87731
1787615348,1,87481
1787615353,0,87731
1787615353,1,87481
1787615358,0,87731
1787615358,1,87481
1787615363,0,87731
1787615363,1,87481
1787615368,0,87731
1787615368,1,87481
1787615373,0,87731
1787615373,1,87481
1787615378,0,87731
1787615378,1,87481
1787615383,0,87731
1787615383,1,87481
1787615388,0,87731
1787615388,1,87481
1787615393,0,87731
1787615393,1,87481
1787615398,0,87731
1787615398,1,87481
1787615403,0,87731
1787615403,1,87481
1787615409,0,87731
1787615409,1,87481
1787615414,0,116265
1787615414,1,115015
1787615419,0,119099
1787615419,1,117849
1787615424,0,119099
1787615424,1,117849
1787615429,0,119099
1787615429,1,117849
1787615434,0,119099
1787615434,1,117849
1787615439,0,119099
1787615439,1,117849
1787615444,0,119099
1787615444,1,117849
1787615449,0,50203
1787615449,1,48953
1787615454,0,54469
1787615454,1,53479
1787615459,0,54909
1787615459,1,54039
1787615464,0,55729
1787615464,1,54859
1787615469,0,55729
1787615469,1,54859
1787615474,0,55729
1787615474,1,54859
1787615479,0,55729
1787615479,1,54859
1787615484,0,55729
1787615484,1,54859
1787615489,0,55731
1787615489,1,54861
1787615495,0,55731
1787615495,1,54861
1787615500,0,59751
1787615500,1,58881
1787615505,0,59751
1787615505,1,58881
1787615510,0,59751
1787615510,1,58881
1787615515,0,59751
1787615515,1,58881
1787615520,0,59751
1787615520,1,58881
1787615525,0,59751
1787615525,1,58881
1787615530,0,59751
1787615530,1,58881
1787615535,0,59751
1787615535,1,58881
1787615540,0,59751
1787615540,1,58881
1787615545,0,59751
1787615545,1,58881
1787615550,0,59751
1787615550,1,58881
1787615555,0,59751
1787615555,1,58881
1787615560,0,59751
1787615560,1,58881
1787615565,0,59751
1787615565,1,58881
1787615570,0,59751
1787615570,1,58881
1787615575,0,82671
1787615575,1,81801
1787615581,0,84751
1787615581,1,84141
1787615586,0,84751
1787615586,1,84141
1787615591,0,84751
1787615591,1,84161
1787615596,0,84751
1787615596,1,84161
1787615601,0,84751
1787615601,1,84281
1787615606,0,85051
1787615606,1,84321
1787615611,0,85091
1787615611,1,84321
1787615616,0,85151
1787615616,1,84321
1787615621,0,85191
1787615621,1,84321
1787615626,0,85291
1787615626,1,84461
1787615631,0,85631
1787615631,1,84961
1787615636,0,86391
1787615636,1,85941
1787615641,0,87691
1787615641,1,87441
1787615646,0,87711
1787615646,1,87441
1787615651,0,87711
1787615651,1,87441
1787615656,0,87711
1787615656,1,87441
1787615661,0,87711
1787615661,1,87441
1787615666,0,87711
1787615666,1,87441
1787615672,0,87711
1787615672,1,87441
1787615677,0,87711
1787615677,1,87441
1787615682,0,87711
1787615682,1,87441
1787615687,0,87711
1787615687,1,87441
1787615692,0,87711
1787615692,1,87441
1787615697,0,87711
1787615697,1,87441
1787615702,0,87711
1787615702,1,87441
1787615707,0,87711
1787615707,1,87441
1787615712,0,87711
1787615712,1,87441
1787615717,0,87711
1787615717,1,87441
1787615722,0,87711
1787615722,1,87441
1787615727,0,87711
1787615727,1,87441
1787615732,0,87711
1787615732,1,87441
1787615737,0,87711
1787615737,1,87441
1787615742,0,87711
1787615742,1,87441
1787615747,0,87711
1787615747,1,87441
1787615752,0,87711
1787615752,1,87441
1787615758,0,87711
1787615758,1,87441
1787615763,0,87711
1787615763,1,87441
1787615768,0,87711
1787615768,1,87441
1787615773,0,87711
1787615773,1,87441
1787615778,0,116039
1787615778,1,114789
1787615783,0,119383
1787615783,1,118133
1787615788,0,119383
1787615788,1,118133
1787615793,0,119383
1787615793,1,118133
1787615798,0,119383
1787615798,1,118133
1787615803,0,119383
1787615803,1,118133
1787615808,0,119383
1787615808,1,118133
1787615813,0,54467
1787615813,1,53397
1787615818,0,54469
1787615818,1,53499
1787615823,0,54909
1787615823,1,54059
1787615828,0,55729
1787615828,1,54859
1787615833,0,55729
1787615833,1,54859
1787615838,0,55729
1787615838,1,54859
1787615844,0,55729
1787615844,1,54859
1787615849,0,55729
1787615849,1,54859
1787615854,0,55731
1787615854,1,54861
1787615859,0,59751
1787615859,1,58881
1787615864,0,59751
1787615864,1,58881
1787615869,0,59751
1787615869,1,58881
1787615874,0,59751
1787615874,1,58881
1787615879,0,59751
1787615879,1,58881
1787615884,0,59751
1787615884,1,58881
1787615889,0,59751
1787615889,1,58881
1787615894,0,59751
1787615894,1,58881
1787615899,0,59751
1787615899,1,58881
1787615904,0,59751
1787615904,1,58881
1787615909,0,59751
1787615909,1,58881
1787615914,0,59751
1787615914,1,58881
1787615919,0,59751
1787615919,1,58881
1787615924,0,59751
1787615924,1,58881
1787615930,0,59751
1787615930,1,58881
1787615935,0,66871
1787615935,1,66041
1787615940,0,84751
1787615940,1,84141
1787615945,0,84751
1787615945,1,84161
1787615950,0,84751
1787615950,1,84161
1787615955,0,84751
1787615955,1,84161
1787615960,0,84751
1787615960,1,84281
1787615965,0,84751
1787615965,1,84301
1787615970,0,85051
1787615970,1,84301
1787615975,0,85091
1787615975,1,84321
1787615980,0,85151
1787615980,1,84321
1787615985,0,85191
1787615985,1,84341
1787615990,0,85331
1787615990,1,84561
1787615995,0,86651
1787615995,1,86121
1787616000,0,87711
1787616000,1,87441
1787616005,0,87711
1787616005,1,87441
1787616010,0,87711
1787616010,1,87441
1787616016,0,87711
1787616016,1,87441
1787616021,0,87711
1787616021,1,87441
1787616026,0,87711
1787616026,1,87441
1787616031,0,87711
1787616031,1,87441
1787616036,0,87711
1787616036,1,87441
1787616041,0,87711
1787616041,1,87441
1787616046,0,87711
1787616046,1,87441
1787616051,0,87711
1787616051,1,87441
1787616056,0,87711
1787616056,1,87441
1787616061,0,87711
1787616061,1,87441
1787616066,0,87711
1787616066,1,87441
1787616071,0,87711
1787616071,1,87441
1787616076,0,87711
1787616076,1,87441
1787616081,0,87711
1787616081,1,87441
1787616086,0,87711
1787616086,1,87441
1787616091,0,87711
1787616091,1,87441
1787616096,0,87711
1787616096,1,87441
1787616102,0,87711
1787616102,1,87441
1787616107,0,87711
1787616107,1,87441
1787616112,0,87711
1787616112,1,87441
1787616117,0,87711
1787616117,1,87441
1787616122,0,87711
1787616122,1,87441
1787616127,0,87711
1787616127,1,87441
1787616132,0,87711
1787616132,1,87441
1787616137,0,57599
1787616137,1,56349
1787616142,0,118763
1787616142,1,117513
1787616147,0,118763
1787616147,1,117513
1787616152,0,118763
1787616152,1,117513
1787616157,0,118763
1787616157,1,117513
1787616162,0,118763
1787616162,1,117513
1787616167,0,118763
1787616167,1,117513
1787616172,0,118763
1787616172,1,117513
1787616177,0,54467
1787616177,1,53417
1787616182,0,54769
1787616182,1,53539
1787616188,0,55229
1787616188,1,54379
1787616193,0,55729
1787616193,1,54859
1787616198,0,55729
1787616198,1,54859
1787616203,0,55729
1787616203,1,54859
1787616208,0,55729
1787616208,1,54859
1787616213,0,55729
1787616213,1,54859
1787616218,0,55731
1787616218,1,54861
1787616223,0,59751
1787616223,1,58881
1787616228,0,59751
1787616228,1,58881
1787616233,0,59751
1787616233,1,58881
1787616238,0,59751
1787616238,1,58881
1787616243,0,59751
1787616243,1,58881
1787616248,0,59751
1787616248,1,58881
1787616253,0,59751
1787616253,1,58881
1787616258,0,59751
1787616258,1,58881
1787616263,0,59751
1787616263,1,58881
1787616268,0,59751
1787616268,1,58881
1787616274,0,59751
1787616274,1,58881
1787616279,0,59751
1787616279,1,58881
1787616284,0,59751
1787616284,1,58881
1787616289,0,59751
1787616289,1,58881
1787616294,0,59751
1787616294,1,58881
1787616299,0,62431
1787616299,1,61601
1787616304,0,84751
1787616304,1,84141
1787616309,0,84751
1787616309,1,84161
1787616314,0,84751
1787616314,1,84161
1787616319,0,84751
1787616319,1,84161
1787616324,0,84751
1787616324,1,84281
1787616329,0,84751
1787616329,1,84281
1787616334,0,85091
1787616334,1,84281
1787616339,0,85151
1787616339,1,84281
1787616344,0,85311
1787616344,1,84481
1787616349,0,85491
1787616349,1,84801
1787616354,0,86551
1787616354,1,86141
1787616360,0,87711
1787616360,1,87441
1787616365,0,87711
1787616365,1,87441
1787616370,0,87711
1787616370,1,87441
1787616375,0,87711
1787616375,1,87441
1787616380,0,87711
1787616380,1,87441
1787616385,0,87711
1787616385,1,87441
1787616390,0,87711
1787616390,1,87441
1787616395,0,87711
1787616395,1,87441
1787616400,0,87711
1787616400,1,87441
1787616405,0,87711
1787616405,1,87441
1787616410,0,87711
1787616410,1,87441
1787616415,0,87711
1787616415,1,87441
1787616420,0,87711
1787616420,1,87441
1787616425,0,87711
1787616425,1,87441
1787616430,0,87711
1787616430,1,87441
1787616435,0,87711
1787616435,1,87441
1787616440,0,87711
1787616440,1,87441
1787616446,0,87711
1787616446,1,87441
1787616451,0,87711
1787616451,1,87441
1787616456,0,87711
1787616456,1,87441
1787616461,0,87711
1787616461,1,87441
1787616466,0,87711
1787616466,1,87441
1787616471,0,87711
1787616471,1,87441
1787616476,0,87711
1787616476,1,87441
1787616481,0,87711
1787616481,1,87441
1787616486,0,87711
1787616486,1,87441
1787616491,0,87711
1787616491,1,87441
1787616496,0,87711
1787616496,1,87441
1787616501,0,97191
1787616501,1,96341
1787616506,0,118585
1787616506,1,117335
1787616511,0,118585
1787616511,1,117335
1787616516,0,118585
1787616516,1,117335
1787616521,0,118585
1787616521,1,117335
1787616526,0,118585
1787616526,1,117335
1787616532,0,118585
1787616532,1,117335
1787616537,0,118585
1787616537,1,117335
1787616542,0,118585
1787616542,1,117335
1787616547,0,54467
1787616547,1,53457
1787616552,0,54869
1787616552,1,53999
1787616557,0,55729
1787616557,1,54859
1787616562,0,55729
1787616562,1,54859
1787616567,0,55729
1787616567,1,54859
1787616572,0,55729
1787616572,1,54859
1787616577,0,55729
1787616577,1,54859
1787616582,0,55729
1787616582,1,54859
1787616587,0,55731
1787616587,1,54861
1787616592,0,59751
1787616592,1,58881
1787616597,0,59751
1787616597,1,58881
1787616602,0,59751
1787616602,1,58881
1787616607,0,59751
1787616607,1,58881
1787616612,0,59751
1787616612,1,58881
1787616618,0,59751
1787616618,1,58881
1787616623,0,59751
1787616623,1,58881
1787616628,0,59751
1787616628,1,58881
1787616633,0,59751
1787616633,1,58881
1787616638,0,59751
1787616638,1,58881
1787616643,0,59751
1787616643,1,58881
1787616648,0,59751
1787616648,1,58881
1787616653,0,59751
1787616653,1,58881
1787616658,0,59751
1787616658,1,58881
1787616663,0,59751
1787616663,1,58881
1787616668,0,82671
1787616668,1,81801
1787616673,0,84751
1787616673,1,84141
1787616678,0,84751
1787616678,1,84141
1787616683,0,84751
1787616683,1,84241
1787616688,0,84751
1787616688,1,84281
1787616693,0,84751
1787616693,1,84301
1787616698,0,85071
1787616698,1,84321
1787616704,0,85091
1787616704,1,84321
1787616709,0,85211
1787616709,1,84481
1787616714,0,85431
1787616714,1,84701
1787616719,0,86411
1787616719,1,85861
1787616724,0,87711
1787616724,1,87441
1787616729,0,87711
1787616729,1,87441
1787616734,0,87711
1787616734,1,87441
1787616739,0,87711
1787616739,1,87441
1787616744,0,87711
1787616744,1,87441
1787616749,0,87711
1787616749,1,87441
1787616754,0,87711
1787616754,1,87441
1787616759,0,87711
1787616759,1,87441
1787616764,0,87711
1787616764,1,87441
1787616769,0,87711
1787616769,1,87441
1787616774,0,87711
1787616774,1,87441
1787616779,0,87711
1787616779,1,87441
1787616784,0,87711
1787616784,1,87441
1787616790,0,87711
1787616790,1,87441
1787616795,0,87711
1787616795,1,87441
1787616800,0,87711
1787616800,1,87441
1787616805,0,87711
1787616805,1,87441
1787616810,0,87711
1787616810,1,87441
1787616815,0,87711
1787616815,1,87441
1787616820,0,87711
1787616820,1,87441
1787616825,0,87711
1787616825,1,87441
1787616830,0,87711
1787616830,1,87441
1787616835,0,87711
1787616835,1,87441
1787616840,0,87711
1787616840,1,87441
1787616845,0,87711
1787616845,1,87441
1787616850,0,87711
1787616850,1,87441
1787616855,0,87711
1787616855,1,87441
1787616860,0,87711
1787616860,1,87441
1787616865,0,87711
1787616865,1,87441
1787616870,0,125367
1787616870,1,125813
1787616875,0,118723
1787616875,1,117473
1787616881,0,118723
1787616881,1,117473
1787616886,0,118723
1787616886,1,117473
1787616891,0,118723
1787616891,1,117473
1787616896,0,118723
1787616896,1,117473
1787616901,0,118723
1787616901,1,117473
1787616906,0,54467
1787616906,1,53397
1787616911,0,54469
1787616911,1,53499
1787616916,0,54889
1787616916,1,54039
1787616921,0,55729
1787616921,1,54859
1787616926,0,55729
1787616926,1,54859
1787616931,0,55749
1787616931,1,54879
1787616936,0,55749
1787616936,1,54879
1787616941,0,55749
1787616941,1,54879
1787616946,0,55751
1787616946,1,54881
1787616951,0,59771
1787616951,1,58901
1787616956,0,59771
1787616956,1,58901
1787616962,0,59771
1787616962,1,58901
1787616967,0,59771
1787616967,1,58901
1787616972,0,59771
1787616972,1,58901
1787616977,0,59771
1787616977,1,58901
1787616982,0,59771
1787616982,1,58901
1787616987,0,59771
1787616987,1,58901
1787616992,0,59771
1787616992,1,58901
1787616997,0,59771
1787616997,1,58901
1787617002,0,59771
1787617002,1,58901
1787617007,0,59771
1787617007,1,58901
1787617012,0,59771
1787617012,1,58901
1787617017,0,59771
1787617017,1,58901
1787617022,0,59771
1787617022,1,58901
1787617027,0,84751
1787617027,1,84141
1787617032,0,84751
1787617032,1,84141
1787617037,0,84751
1787617037,1,84161
1787617042,0,84751
1787617042,1,84161
1787617048,0,84751
1787617048,1,84161
1787617053,0,84751
1787617053,1,84161
1787617058,0,84751
1787617058,1,84281
1787617063,0,84751
1787617063,1,84301
1787617068,0,85071
1787617068,1,84301
1787617073,0,85111
1787617073,1,84301
1787617078,0,85171
1787617078,1,84321
1787617083,0,85231
1787617083,1,84501
1787617088,0,85351
1787617088,1,84561
1787617093,0,86691
1787617093,1,86281
1787617098,0,87711
1787617098,1,87441
1787617103,0,87711
1787617103,1,87441
1787617108,0,87711
1787617108,1,87441
1787617113,0,87711
1787617113,1,87441
1787617118,0,87711
1787617118,1,87441
1787617123,0,87751
1787617123,1,87481
1787617128,0,87751
1787617128,1,87481
1787617133,0,87751
1787617133,1,87481
1787617139,0,87751
1787617139,1,87481
1787617144,0,87751
1787617144,1,87481
1787617149,0,87751
1787617149,1,87481
1787617154,0,87751
1787617154,1,87481
1787617159,0,87751
1787617159,1,87481
1787617164,0,87751
1787617164,1,87481
1787617169,0,87751
1787617169,1,87481
1787617174,0,87751
1787617174,1,87481
1787617179,0,87751
1787617179,1,87481
1787617184,0,87751
1787617184,1,87481
1787617189,0,87751
1787617189,1,87481
1787617194,0,87751
1787617194,1,87481
1787617199,0,87751
1787617199,1,87481
1787617204,0,87751
1787617204,1,87481
1787617209,0,87751
1787617209,1,87481
1787617214,0,87751
1787617214,1,87481
1787617219,0,87751
1787617219,1,87481
1787617225,0,125367
1787617225,1,125813
1787617230,0,119771
1787617230,1,118521
1787617235,0,119771
1787617235,1,118521
1787617240,0,119771
1787617240,1,118521
1787617245,0,119771
1787617245,1,118521
1787617250,0,119771
1787617250,1,118521
1787617255,0,119771
1787617255,1,118521
1787617260,0,119771
1787617260,1,118521
1787617265,0,54467
1787617265,1,53457
1787617270,0,54789
1787617270,1,53539
1787617275,0,55709
1787617275,1,54859
1787617280,0,55729
1787617280,1,54859
1787617285,0,55749
1787617285,1,54879
1787617290,0,55749
1787617290,1,54879
1787617295,0,55749
1787617295,1,54879
1787617300,0,55751
1787617300,1,54881
1787617305,0,55751
1787617305,1,54881
1787617311,0,59771
1787617311,1,58901
1787617316,0,59771
1787617316,1,58901
1787617321,0,59771
1787617321,1,58901
1787617326,0,59771
1787617326,1,58901
1787617331,0,59771
1787617331,1,58901
1787617336,0,59771
1787617336,1,58901
1787617341,0,59771
1787617341,1,58901
1787617346,0,59771
1787617346,1,58901
1787617351,0,59771
1787617351,1,58901
1787617356,0,59771
1787617356,1,58901
1787617361,0,59771
1787617361,1,58901
1787617366,0,59771
1787617366,1,58901
1787617371,0,59771
1787617371,1,58901
1787617376,0,59771
1787617376,1,58901
1787617381,0,59771
1787617381,1,58901
1787617386,0,84751
1787617386,1,84141
1787617391,0,84751
1787617391,1,84161
1787617397,0,84751
1787617397,1,84161
1787617402,0,84751
1787617402,1,84161
1787617407,0,84751
1787617407,1,84261
1787617412,0,84751
1787617412,1,84261
1787617417,0,84751
1787617417,1,84281
1787617422,0,85051
1787617422,1,84321
1787617427,0,85091
1787617427,1,84321
1787617432,0,85131
1787617432,1,84321
1787617437,0,85211
1787617437,1,84361
1787617442,0,86111
1787617442,1,85601
1787617447,0,87711
1787617447,1,87441
1787617452,0,87711
1787617452,1,87441
1787617457,0,87711
1787617457,1,87441
1787617462,0,87711
1787617462,1,87441
1787617467,0,87711
1787617467,1,87441
1787617472,0,87711
1787617472,1,87441
1787617477,0,87711
1787617477,1,87441
1787617482,0,87751
1787617482,1,87481
1787617488,0,87751
1787617488,1,87481
1787617493,0,87751
1787617493,1,87481
1787617498,0,87751
1787617498,1,87481
1787617503,0,87751
1787617503,1,87481
1787617508,0,87751
1787617508,1,87481
1787617513,0,87751
1787617513,1,87481
1787617518,0,87751
1787617518,1,87481
1787617523,0,87751
1787617523,1,87481
1787617528,0,87751
1787617528,1,87481
1787617533,0,87751
1787617533,1,87481
1787617538,0,87751
1787617538,1,87481
1787617543,0,87751
1787617543,1,87481
1787617548,0,87751
1787617548,1,87481
1787617553,0,87751
1787617553,1,87481
1787617558,0,87751
1787617558,1,87481
1787617563,0,87751
1787617563,1,87481
1787617568,0,87751
1787617568,1,87481
1787617574,0,87751
1787617574,1,87481
1787617579,0,87751
1787617579,1,87481
1787617584,0,97191
1787617584,1,96341
1787617589,0,118555
1787617589,1,117305
1787617594,0,118555
1787617594,1,117305
1787617599,0,118555
1787617599,1,117305
1787617604,0,118555
1787617604,1,117305
1787617609,0,118555
1787617609,1,117305
1787617614,0,118555
1787617614,1,117305
1787617619,0,54467
1787617619,1,53417
1787617624,0,54469
1787617624,1,53499
1787617629,0,54849
1787617629,1,53979
1787617634,0,55729
1787617634,1,54859
1787617639,0,55729
1787617639,1,54859
1787617644,0,55729
1787617644,1,54859
1787617649,0,55729
1787617649,1,54859
1787617654,0,55731
1787617654,1,54861
1787617660,0,55731
1787617660,1,54861
1787617665,0,59751
1787617665,1,58881
1787617670,0,59751
1787617670,1,58881
1787617675,0,59751
1787617675,1,58881
1787617680,0,59751
1787617680,1,58881
1787617685,0,59751
1787617685,1,58881
1787617690,0,59751
1787617690,1,58881
1787617695,0,59751
1787617695,1,58881
1787617700,0,59751
1787617700,1,58881
1787617705,0,59751
1787617705,1,58881
1787617710,0,59751
1787617710,1,58881
1787617715,0,59751
1787617715,1,58881
1787617720,0,59751
1787617720,1,58881
1787617725,0,59751
1787617725,1,58881
1787617730,0,59751
1787617730,1,58881
1787617735,0,59751
1787617735,1,58881
1787617740,0,84751
1787617740,1,84141
1787617746,0,84751
1787617746,1,84141
1787617751,0,84751
1787617751,1,84161
1787617756,0,84751
1787617756,1,84161
1787617761,0,84751
1787617761,1,84161
1787617766,0,84751
1787617766,1,84161
1787617771,0,84751
1787617771,1,84281
1787617776,0,84751
1787617776,1,84281
1787617781,0,84751
1787617781,1,84321
1787617786,0,85091
1787617786,1,84321
1787617791,0,85111
1787617791,1,84321
1787617796,0,85171
1787617796,1,84321
1787617801,0,85331
1787617801,1,84521
1787617806,0,86311
1787617806,1,85821
1787617811,0,87711
1787617811,1,87441
1787617816,0,87711
1787617816,1,87441
1787617821,0,87711
1787617821,1,87441
1787617826,0,87711
1787617826,1,87441
1787617832,0,87711
1787617832,1,87441
1787617837,0,87711
1787617837,1,87441
1787617842,0,87711
1787617842,1,87441
1787617847,0,87711
1787617847,1,87441
1787617852,0,87711
1787617852,1,87441
1787617857,0,87711
1787617857,1,87441
1787617862,0,87711
1787617862,1,87441
1787617867,0,87711
1787617867,1,87441
1787617872,0,87711
1787617872,1,87441
1787617877,0,87711
1787617877,1,87441
1787617882,0,87711
1787617882,1,87441
1787617887,0,87711
1787617887,1,87441
1787617892,0,87711
1787617892,1,87441
1787617897,0,87711
1787617897,1,87441
1787617902,0,87711
1787617902,1,87441
1787617907,0,87711
1787617907,1,87441
1787617912,0,87711
1787617912,1,87441
1787617917,0,87711
1787617917,1,87441
1787617923,0,87711
1787617923,1,87441
1787617928,0,87711
1787617928,1,87441
1787617933,0,87711
1787617933,1,87441
1787617938,0,57599
1787617938,1,56349
1787617943,0,119889
1787617943,1,118639
1787617948,0,119889
1787617948,1,118639
1787617953,0,119889
1787617953,1,118639
1787617958,0,119889
1787617958,1,118639
1787617963,0,119889
1787617963,1,118639
1787617968,0,119889
1787617968,1,118639
1787617973,0,54467
1787617973,1,53417
1787617978,0,54469
1787617978,1,53499
1787617983,0,54929
1787617983,1,54079
1787617988,0,55729
1787617988,1,54859
1787617993,0,55729
1787617993,1,54859
1787617998,0,55749
1787617998,1,54879
1787618003,0,55749
1787618003,1,54879
1787618009,0,55751
1787618009,1,54881
1787618014,0,55751
1787618014,1,54881
1787618019,0,59771
1787618019,1,58901
1787618024,0,59771
1787618024,1,58901
1787618029,0,59771
1787618029,1,58901
1787618034,0,59771
1787618034,1,58901
1787618039,0,59771
1787618039,1,58901
1787618044,0,59771
1787618044,1,58901
1787618049,0,59771
1787618049,1,58901
1787618054,0,59771
1787618054,1,58901
1787618059,0,59771
1787618059,1,58901
1787618064,0,59771
1787618064,1,58901
1787618069,0,59771
1787618069,1,58901
1787618074,0,59771
1787618074,1,58901
1787618079,0,59771
1787618079,1,58901
1787618084,0,59771
1787618084,1,58901
1787618089,0,59771
1787618089,1,58901
1787618095,0,84611
1787618095,1,83141
1787618100,0,84751
1787618100,1,84141
1787618105,0,84751
1787618105,1,84141
1787618110,0,84751
1787618110,1,84141
1787618115,0,84751
1787618115,1,84141
1787618120,0,84751
1787618120,1,84141
1787618125,0,84751
1787618125,1,84281
1787618130,0,84751
1787618130,1,84281
1787618135,0,85071
1787618135,1,84321
1787618140,0,85091
1787618140,1,84321
1787618145,0,85171
1787618145,1,84321
1787618150,0,85271
1787618150,1,84401
1787618155,0,85751
1787618155,1,85141
1787618160,0,87711
1787618160,1,87441
1787618165,0,87711
1787618165,1,87441
1787618170,0,87711
1787618170,1,87441
1787618175,0,87711
1787618175,1,87441
1787618181,0,87711
1787618181,1,87441
1787618186,0,87711
1787618186,1,87441
1787618191,0,87751
1787618191,1,87461
1787618196,0,87751
1787618196,1,87481
1787618201,0,87751
1787618201,1,87481
1787618206,0,87751
1787618206,1,87481
1787618211,0,87751
1787618211,1,87481
1787618216,0,87751
1787618216,1,87481
1787618221,0,87751
1787618221,1,87481
1787618226,0,87751
1787618226,1,87481
1787618231,0,87751
1787618231,1,87481
1787618236,0,87751
1787618236,1,87481
1787618241,0,87751
1787618241,1,87481
1787618246,0,87751
1787618246,1,87481
1787618251,0,87751
1787618251,1,87481
1787618256,0,87751
1787618256,1,87481
1787618261,0,87751
1787618261,1,87481
1787618267,0,87751
1787618267,1,87481
1787618272,0,87751
1787618272,1,87481
1787618277,0,87751
1787618277,1,87481
1787618282,0,87751
1787618282,1,87481
1787618287,0,87751
1787618287,1,87481
1787618292,0,118997
1787618292,1,119443
1787618297,0,119607
1787618297,1,118357
1787618302,0,119607
1787618302,1,118357
1787618307,0,119607
1787618307,1,118357
1787618312,0,119607
1787618312,1,118357
1787618317,0,119607
1787618317,1,118357
1787618322,0,119607
1787618322,1,118357
1787618327,0,54467
1787618327,1,53417
1787618332,0,54469
1787618332,1,53499
1787618337,0,54889
1787618337,1,54019
1787618342,0,55729
1787618342,1,54859
1787618347,0,55729
1787618347,1,54859
1787618352,0,55729
1787618352,1,54859
1787618358,0,55729
1787618358,1,54859
1787618363,0,55731
1787618363,1,54861
1787618368,0,55731
1787618368,1,54861
1787618373,0,59751
1787618373,1,58881
1787618378,0,59751
1787618378,1,58881
1787618383,0,59751
1787618383,1,58881
1787618388,0,59751
1787618388,1,58881
1787618393,0,59751
1787618393,1,58881
1787618398,0,59751
1787618398,1,58881
1787618403,0,59751
1787618403,1,58881
1787618408,0,59751
1787618408,1,58881
1787618413,0,59751
1787618413,1,58881
1787618418,0,59751
1787618418,1,58881
1787618423,0,59751
1787618423,1,58881
1787618428,0,59751
1787618428,1,58881
1787618433,0,59751
1787618433,1,58881
1787618438,0,59751
1787618438,1,58881
1787618444,0,59751
1787618444,1,58881
1787618449,0,84751
1787618449,1,84141
1787618454,0,84751
1787618454,1,84141
1787618459,0,84751
1787618459,1,84141
1787618464,0,84751
1787618464,1,84161
1787618469,0,84751
1787618469,1,84261
1787618474,0,84751
1787618474,1,84261
1787618479,0,84751
1787618479,1,84281
1787618484,0,84751
1787618484,1,84301
1787618489,0,85051
1787618489,1,84321
1787618494,0,85071
1787618494,1,84321
1787618499,0,85111
1787618499,1,84321
1787618504,0,85171
1787618504,1,84321
1787618509,0,85291
1787618509,1,84581
1787618514,0,86191
1787618514,1,85581
1787618519,0,87711
1787618519,1,87441
1787618524,0,87711
1787618524,1,87441
1787618530,0,87711
1787618530,1,87441
1787618535,0,87711
1787618535,1,87441
1787618540,0,87711
1787618540,1,87441
1787618545,0,87711
1787618545,1,87441
1787618550,0,87711
1787618550,1,87441
1787618555,0,87711
1787618555,1,87441
1787618560,0,87711
1787618560,1,87441
1787618565,0,87711
1787618565,1,87441
1787618570,0,87711
1787618570,1,87441
1787618575,0,87711
1787618575,1,87441
1787618580,0,87711
1787618580,1,87441
1787618585,0,87711
1787618585,1,87441
1787618590,0,87711
1787618590,1,87441
1787618595,0,87711
1787618595,1,87441
1787618600,0,87711
1787618600,1,87441
1787618605,0,87711
1787618605,1,87441
1787618610,0,87711
1787618610,1,87441
1787618615,0,87711
1787618615,1,87441
1787618621,0,87711
1787618621,1,87441
1787618626,0,87711
1787618626,1,87441
1787618631,0,87711
1787618631,1,87441
1787618636,0,87711
1787618636,1,87441
1787618641,0,87711
1787618641,1,87441
1787618646,0,119169
1787618646,1,117919
1787618651,0,119169
1787618651,1,117919
1787618656,0,119169
1787618656,1,117919
1787618661,0,119169
1787618661,1,117919
1787618666,0,119169
1787618666,1,117919
1787618671,0,119169
1787618671,1,117919
1787618676,0,119169
1787618676,1,117919
1787618681,0,119169
1787618681,1,117919
1787618686,0,54467
1787618686,1,53437
1787618691,0,54789
1787618691,1,53559
1787618696,0,55629
1787618696,1,54779
1787618702,0,55729
1787618702,1,54859
1787618707,0,55729
1787618707,1,54859
1787618712,0,55729
1787618712,1,54859
1787618717,0,55729
1787618717,1,54859
1787618722,0,55729
1787618722,1,54859
1787618727,0,55731
1787618727,1,54861
1787618732,0,59751
1787618732,1,58881
1787618737,0,59751
1787618737,1,58881
1787618742,0,59751
1787618742,1,58881
1787618747,0,59751
1787618747,1,58881
1787618752,0,59751
1787618752,1,58881
1787618757,0,59751
1787618757,1,58881
1787618762,0,59751
1787618762,1,58881
1787618767,0,59751
1787618767,1,58881
1787618772,0,59751
1787618772,1,58881
1787618777,0,59751
1787618777,1,58881
1787618782,0,59751
1787618782,1,58881
1787618788,0,59751
1787618788,1,58881
1787618793,0,59751
1787618793,1,58881
1787618798,0,59751
1787618798,1,58881
1787618803,0,59751
1787618803,1,58881
1787618808,0,82671
1787618808,1,81801
1787618813,0,84751
1787618813,1,84141
1787618818,0,84751
1787618818,1,84161
1787618823,0,84751
1787618823,1,84161
1787618828,0,84751
1787618828,1,84161
1787618833,0,84751
1787618833,1,84161
1787618838,0,84751
1787618838,1,84281
1787618843,0,85051
1787618843,1,84321
1787618848,0,85131
1787618848,1,84321
1787618853,0,85231
1787618853,1,84421
1787618858,0,85571
1787618858,1,84901
1787618863,0,86831
1787618863,1,86281
1787618868,0,87711
1787618868,1,87441
1787618874,0,87711
1787618874,1,87441
1787618879,0,87711
1787618879,1,87441
1787618884,0,87711
1787618884,1,87441
1787618889,0,87711
1787618889,1,87441
1787618894,0,87711
1787618894,1,87441
1787618899,0,87711
1787618899,1,87441
1787618904,0,87711
1787618904,1,87441
1787618909,0,87711
1787618909,1,87441
1787618914,0,87711
1787618914,1,87441
1787618919,0,87711
1787618919,1,87441
1787618924,0,87711
1787618924,1,87441
1787618929,0,87711
1787618929,1,87441
1787618934,0,87711
1787618934,1,87441
1787618939,0,87711
1787618939,1,87441
1787618944,0,87711
1787618944,1,87441
1787618949,0,87711
1787618949,1,87441
1787618954,0,87711
1787618954,1,87441
1787618960,0,87711
1787618960,1,87441
1787618965,0,87711
1787618965,1,87441
1787618970,0,87711
1787618970,1,87441
1787618975,0,87711
1787618975,1,87441
1787618980,0,87711
1787618980,1,87441
1787618985,0,87711
1787618985,1,87441
1787618990,0,87711
1787618990,1,87441
1787618995,0,87711
1787618995,1,87441
1787619000,0,87711
1787619000,1,87441
1787619005,0,87711
1787619005,1,87441
1787619010,0,57599
1787619010,1,56349
1787619015,0,119179
1787619015,1,117929
1787619020,0,119179
1787619020,1,117929
1787619025,0,119179
1787619025,1,117929
1787619030,0,119179
1787619030,1,117929
1787619035,0,119179
1787619035,1,117929
1787619040,0,119179
1787619040,1,117929
1787619046,0,119179
1787619046,1,117929
1787619051,0,54467
1787619051,1,53397
1787619056,0,54469
1787619056,1,53499
1787619061,0,55129
1787619061,1,54259
1787619066,0,55729
1787619066,1,54859
1787619071,0,55729
1787619071,1,54859
1787619076,0,55729
1787619076,1,54879
1787619081,0,55729
1787619081,1,54879
1787619086,0,55729
1787619086,1,54879
1787619091,0,55731
1787619091,1,54881
1787619096,0,55731
1787619096,1,54881
1787619101,0,59751
1787619101,1,58901
1787619106,0,59751
1787619106,1,58901
1787619111,0,59751
1787619111,1,58901
1787619116,0,59751
1787619116,1,58901
1787619121,0,59751
1787619121,1,58901
1787619126,0,59751
1787619126,1,58901
1787619132,0,59751
1787619132,1,58901
1787619137,0,59751
1787619137,1,58901
1787619142,0,59751
1787619142,1,58901
1787619147,0,59751
1787619147,1,58901
1787619152,0,59751
1787619152,1,58901
1787619157,0,59751
1787619157,1,58901
1787619162,0,59751
1787619162,1,58901
1787619167,0,59751
1787619167,1,58901
1787619172,0,59751
1787619172,1,58901
1787619177,0,84751
1787619177,1,84141
1787619182,0,84751
1787619182,1,84161
1787619187,0,84751
1787619187,1,84161
1787619192,0,84751
1787619192,1,84161
1787619197,0,84751
1787619197,1,84161
1787619202,0,84751
1787619202,1,84281
1787619207,0,85071
1787619207,1,84321
1787619213,0,85111
1787619213,1,84321
1787619218,0,85231
1787619218,1,84381
1787619223,0,85931
1787619223,1,85361
1787619228,0,87711
1787619228,1,87441
1787619233,0,87711
1787619233,1,87441
1787619238,0,87711
1787619238,1,87441
1787619243,0,87711
1787619243,1,87441
1787619248,0,87711
1787619248,1,87441
1787619253,0,87711
1787619253,1,87441
1787619258,0,87711
1787619258,1,87441
1787619263,0,87711
1787619263,1,87441
1787619268,0,87711
1787619268,1,87441
1787619273,0,87711
1787619273,1,87441
1787619278,0,87751
1787619278,1,87481
1787619283,0,87751
1787619283,1,87481
1787619288,0,87751
1787619288,1,87481
1787619293,0,87751
1787619293,1,87481
1787619299,0,87751
1787619299,1,87481
1787619304,0,87751
1787619304,1,87481
1787619309,0,87751
1787619309,1,87481
1787619314,0,87751
1787619314,1,87481
1787619319,0,87751
1787619319,1,87481
1787619324,0,87751
1787619324,1,87481
1787619329,0,87751
1787619329,1,87481
1787619334,0,87751
1787619334,1,87481
1787619339,0,87751
1787619339,1,87481
1787619344,0,87751
1787619344,1,87481
1787619349,0,87751
1787619349,1,87481
1787619354,0,87751
1787619354,1,87481
1787619359,0,87751
1787619359,1,87481
1787619364,0,87751
1787619364,1,87481
1787619369,0,87751
1787619369,1,87481
1787619374,0,87751
1787619374,1,87481
1787619379,0,116009
1787619379,1,114759
1787619385,0,118607
1787619385,1,117357
1787619390,0,118607
1787619390,1,117357
1787619395,0,118607
1787619395,1,117357
1787619400,0,118607
1787619400,1,117357
1787619405,0,118607
1787619405,1,117357
1787619410,0,118607
1787619410,1,117357
1787619415,0,54467
1787619415,1,53417
1787619420,0,54469
1787619420,1,53499
1787619425,0,54969
1787619425,1,54099
1787619430,0,55729
1787619430,1,54859
1787619435,0,55729
1787619435,1,54859
1787619440,0,55729
1787619440,1,54859
1787619445,0,55729
1787619445,1,54859
1787619450,0,55731
1787619450,1,54861
1787619455,0,55731
1787619455,1,54861
1787619460,0,59751
1787619460,1,58881
1787619466,0,59751
1787619466,1,58881
1787619471,0,59751
1787619471,1,58881
1787619476,0,59751
1787619476,1,58881
1787619481,0,59751
1787619481,1,58881
1787619486,0,59751
1787619486,1,58881
1787619491,0,59751
1787619491,1,58881
1787619496,0,59751
1787619496,1,58881
1787619501,0,59751
1787619501,1,58881
1787619506,0,59751
1787619506,1,58881
1787619511,0,59751
1787619511,1,58881
1787619516,0,59751
1787619516,1,58881
1787619521,0,59751
1787619521,1,58881
1787619526,0,59751
1787619526,1,58881
1787619531,0,59751
1787619531,1,58881
1787619536,0,82671
1787619536,1,81801
1787619541,0,84751
1787619541,1,84141
1787619546,0,84751
1787619546,1,84161
1787619552,0,84751
1787619552,1,84161
1787619557,0,84751
1787619557,1,84161
1787619562,0,84751
1787619562,1,84261
1787619567,0,84751
1787619567,1,84261
1787619572,0,84751
1787619572,1,84281
1787619577,0,85051
1787619577,1,84301
1787619582,0,85111
1787619582,1,84301
1787619587,0,85151
1787619587,1,84301
1787619592,0,85311
1787619592,1,84481
1787619597,0,86291
1787619597,1,85741
1787619602,0,87711
1787619602,1,87441
1787619607,0,87711
1787619607,1,87441
1787619612,0,87711
1787619612,1,87441
1787619617,0,87711
1787619617,1,87441
1787619622,0,87711
1787619622,1,87441
1787619627,0,87711
1787619627,1,87441
1787619632,0,87711
1787619632,1,87441
1787619638,0,87711
1787619638,1,87441
1787619643,0,87711
1787619643,1,87441
1787619648,0,87711
1787619648,1,87441
1787619653,0,87711
1787619653,1,87441
1787619658,0,87711
1787619658,1,87441
1787619663,0,87711
1787619663,1,87441
1787619668,0,87711
1787619668,1,87441
1787619673,0,87711
1787619673,1,87441
1787619678,0,87711
1787619678,1,87441
1787619683,0,87711
1787619683,1,87441
1787619688,0,87711
1787619688,1,87441
1787619693,0,87711
1787619693,1,87441
1787619698,0,87711
1787619698,1,87441
1787619703,0,87711
1787619703,1,87441
1787619708,0,87711
1787619708,1,87441
1787619713,0,87711
1787619713,1,87441
1787619718,0,87711
1787619718,1,87441
1787619724,0,87711
1787619724,1,87441
1787619729,0,87711
1787619729,1,87441
1787619734,0,87711
1787619734,1,87441
1787619739,0,119561
1787619739,1,118311
1787619744,0,119561
1787619744,1,118311
1787619749,0,119561
1787619749,1,118311
1787619754,0,119561
1787619754,1,118311
1787619759,0,119561
1787619759,1,118311
1787619764,0,119561
1787619764,1,118311
1787619769,0,119561
1787619769,1,118311
1787619774,0,54467
1787619774,1,53377
1787619779,0,54469
1787619779,1,53479
1787619784,0,54889
1787619784,1,54039
1787619789,0,55729
1787619789,1,54859
1787619794,0,55729
1787619794,1,54859
1787619799,0,55749
1787619799,1,54879
1787619805,0,55749
1787619805,1,54879
1787619810,0,55749
1787619810,1,54879
1787619815,0,55751
1787619815,1,54881
1787619820,0,55751
1787619820,1,54881
1787619825,0,59771
1787619825,1,58901
1787619830,0,59771
1787619830,1,58901
1787619835,0,59771
1787619835,1,58901
1787619840,0,59771
1787619840,1,58901
1787619845,0,59771
1787619845,1,58901
1787619850,0,59771
1787619850,1,58901
1787619855,0,59771
1787619855,1,58901
1787619860,0,59771
1787619860,1,58901
1787619865,0,59771
1787619865,1,58901
1787619870,0,59771
1787619870,1,58901
1787619875,0,59771
1787619875,1,58901
1787619880,0,59771
1787619880,1,58901
1787619885,0,59771
1787619885,1,58901
1787619891,0,59771
1787619891,1,58901
1787619896,0,59771
1787619896,1,58901
1787619901,0,84751
1787619901,1,84141
1787619906,0,84751
1787619906,1,84141
1787619911,0,84751
1787619911,1,84161
1787619916,0,84751
1787619916,1,84161
1787619921,0,84751
1787619921,1,84161
1787619926,0,84751
1787619926,1,84161
1787619931,0,84751
1787619931,1,84281
1787619936,0,85051
1787619936,1,84321
1787619941,0,85091
1787619941,1,84321
1787619946,0,85231
1787619946,1,84361
1787619951,0,85831
1787619951,1,85201
1787619956,0,87691
1787619956,1,87441
1787619961,0,87711
1787619961,1,87441
1787619966,0,87711
1787619966,1,87441
1787619971,0,87711
1787619971,1,87441
1787619977,0,87711
1787619977,1,87441
1787619982,0,87711
1787619982,1,87441
1787619987,0,87711
1787619987,1,87441
1787619992,0,87711
1787619992,1,87441
1787619997,0,87751
1787619997,1,87481
1787620002,0,87751
1787620002,1,87481
1787620007,0,87751
1787620007,1,87481
1787620012,0,87751
1787620012,1,87481
1787620017,0,87751
1787620017,1,87481
1787620022,0,87751
1787620022,1,87481
1787620027,0,87751
1787620027,1,87481
1787620032,0,87751
1787620032,1,87481
1787620037,0,87751
1787620037,1,87481
1787620042,0,87751
1787620042,1,87481
1787620047,0,87751
1787620047,1,87481
1787620052,0,87751
1787620052,1,87481
1787620058,0,87751
1787620058,1,87481
1787620063,0,87751
1787620063,1,87481
1787620068,0,87751
1787620068,1,87481
1787620073,0,87751
1787620073,1,87481
1787620078,0,87751
1787620078,1,87481
1787620083,0,87751
1787620083,1,87481
1787620088,0,87751
1787620088,1,87481
1787620093,0,87751
1787620093,1,87481
1787620098,0,118087
1787620098,1,118533
1787620103,0,118545
1787620103,1,117295
1787620108,0,118545
1787620108,1,117295
1787620113,0,118545
1787620113,1,117295
1787620118,0,118545
1787620118,1,117295
1787620123,0,118545
1787620123,1,117295
1787620128,0,118545
1787620128,1,117295
1787620133,0,54467
1787620133,1,53397
1787620138,0,54469
1787620138,1,53479
1787620144,0,54869
1787620144,1,53999
1787620149,0,55729
1787620149,1,54859
1787620154,0,55729
1787620154,1,54859
1787620159,0,55749
1787620159,1,54879
1787620164,0,55749
1787620164,1,54879
1787620169,0,55751
1787620169,1,54881
1787620174,0,55751
1787620174,1,54881
1787620179,0,59771
1787620179,1,58901
1787620184,0,59771
1787620184,1,58901
1787620189,0,59771
1787620189,1,58901
1787620194,0,59771
1787620194,1,58901
1787620199,0,59771
1787620199,1,58901
1787620204,0,59771
1787620204,1,58901
1787620209,0,59771
1787620209,1,58901
1787620214,0,59771
1787620214,1,58901
1787620219,0,59771
1787620219,1,58901
1787620225,0,59771
1787620225,1,58901
1787620230,0,59771
1787620230,1,58901
1787620235,0,59771
1787620235,1,58901
1787620240,0,59771
1787620240,1,58901
1787620245,0,59771
1787620245,1,58901
1787620250,0,59771
1787620250,1,58901
1787620255,0,84751
1787620255,1,84141
1787620260,0,84751
1787620260,1,84141
1787620265,0,84751
1787620265,1,84141
1787620270,0,84751
1787620270,1,84161
1787620275,0,84751
1787620275,1,84161
1787620280,0,84751
1787620280,1,84161
1787620285,0,84751
1787620285,1,84261
1787620290,0,84751
1787620290,1,84281
1787620295,0,84751
1787620295,1,84281
1787620300,0,85091
1787620300,1,84281
1787620306,0,85131
1787620306,1,84281
1787620311,0,85191
1787620311,1,84441
1787620316,0,85331
1787620316,1,84521
1787620321,0,87651
1787620321,1,87441
1787620326,0,87711
1787620326,1,87441
1787620331,0,87711
1787620331,1,87441
1787620336,0,87711
1787620336,1,87441
1787620341,0,87711
1787620341,1,87441
1787620346,0,87711
1787620346,1,87441
1787620351,0,87751
1787620351,1,87461
1787620356,0,87751
1787620356,1,87481
1787620361,0,87751
1787620361,1,87481
1787620366,0,87751
1787620366,1,87481
1787620371,0,87751
1787620371,1,87481
1787620376,0,87751
1787620376,1,87481
1787620381,0,87751
1787620381,1,87481
1787620386,0,87751
1787620386,1,87481
1787620392,0,87751
1787620392,1,87481
1787620397,0,87751
1787620397,1,87481
1787620402,0,87751
1787620402,1,87481
1787620407,0,87751
1787620407,1,87481
1787620412,0,87751
1787620412,1,87481
1787620417,0,87751
1787620417,1,87481
1787620422,0,87751
1787620422,1,87481
1787620427,0,87751
1787620427,1,87481
1787620432,0,87751
1787620432,1,87481
1787620437,0,87751
1787620437,1,87481
1787620442,0,87751
1787620442,1,87481
1787620447,0,87751
1787620447,1,87481
1787620452,0,125367
1787620452,1,125813
1787620457,0,119091
1787620457,1,117841
1787620462,0,119091
1787620462,1,117841
1787620467,0,119091
1787620467,1,117841
1787620473,0,119091
1787620473,1,117841
1787620478,0,119091
1787620478,1,117841
1787620483,0,119091
1787620483,1,117841
1787620488,0,119091
1787620488,1,117841
1787620493,0,54467
1787620493,1,53417
1787620498,0,54469
1787620498,1,53519
1787620503,0,55169
1787620503,1,54299
1787620508,0,55729
1787620508,1,54859
1787620513,0,55729
1787620513,1,54859
1787620518,0,55749
1787620518,1,54879
1787620523,0,55749
1787620523,1,54879
1787620528,0,55749
1787620528,1,54879
1787620533,0,55751
1787620533,1,54881
1787620538,0,59771
1787620538,1,58901
1787620543,0,59771
1787620543,1,58901
1787620548,0,59771
1787620548,1,58901
1787620553,0,59771
1787620553,1,58901
1787620559,0,59771
1787620559,1,58901
1787620564,0,59771
1787620564,1,58901
1787620569,0,59771
1787620569,1,58901
1787620574,0,59771
1787620574,1,58901
1787620579,0,59771
1787620579,1,58901
1787620584,0,59771
1787620584,1,58901
1787620589,0,59771
1787620589,1,58901
1787620594,0,59771
1787620594,1,58901
1787620599,0,59771
1787620599,1,58901
1787620604,0,59771
1787620604,1,58901
1787620609,0,59771
1787620609,1,58901
1787620614,0,69991
1787620614,1,69141
1787620619,0,84751
1787620619,1,84161
1787620624,0,84751
1787620624,1,84161
1787620629,0,84751
1787620629,1,84161
1787620634,0,84751
1787620634,1,84161
1787620640,0,84751
1787620640,1,84161
1787620645,0,84751
1787620645,1,84281
1787620650,0,85051
1787620650,1,84281
1787620655,0,85111
1787620655,1,84281
1787620660,0,85171
1787620660,1,84321
1787620665,0,85291
1787620665,1,84481
1787620670,0,86131
1787620670,1,85661
1787620675,0,87331
1787620675,1,86981
1787620680,0,87711
1787620680,1,87441
1787620685,0,87711
1787620685,1,87441
1787620690,0,87711
1787620690,1,87441
1787620695,0,87711
1787620695,1,87441
1787620700,0,87711
1787620700,1,87441
1787620705,0,87711
1787620705,1,87441
1787620710,0,87711
1787620710,1,87441
1787620715,0,87751
1787620715,1,87481
1787620720,0,87751
1787620720,1,87481
1787620726,0,87751
1787620726,1,87481
1787620731,0,87751
1787620731,1,87481
1787620736,0,87751
1787620736,1,87481
1787620741,0,87751
1787620741,1,87481
1787620746,0,87751
1787620746,1,87481
1787620751,0,87751
1787620751,1,87481
1787620756,0,87751
1787620756,1,87481
1787620761,0,87751
1787620761,1,87481
1787620766,0,87751
1787620766,1,87481
1787620771,0,87751
1787620771,1,87481
1787620776,0,87751
1787620776,1,87481
1787620781,0,87751
1787620781,1,87481
1787620786,0,87751
1787620786,1,87481
1787620791,0,87751
1787620791,1,87481
1787620796,0,87751
1787620796,1,87481
1787620801,0,87751
1787620801,1,87481
1787620806,0,87751
1787620806,1,87481
1787620812,0,87751
1787620812,1,87481
1787620817,0,125367
1787620817,1,125813
1787620822,0,118657
1787620822,1,117407
1787620827,0,118657
1787620827,1,117407
1787620832,0,118657
1787620832,1,117407
1787620837,0,118657
1787620837,1,117407
1787620842,0,118657
1787620842,1,117407
1787620847,0,118657
1787620847,1,117407
1787620852,0,54467
1787620852,1,53417
1787620857,0,54469
1787620857,1,53499
1787620862,0,54949
1787620862,1,54079
1787620867,0,55729
1787620867,1,54859
1787620872,0,55749
1787620872,1,54879
1787620877,0,55749
1787620877,1,54879
1787620882,0,55749
1787620882,1,54879
1787620887,0,55751
1787620887,1,54881
1787620893,0,55751
1787620893,1,54881
1787620898,0,59771
1787620898,1,58901
1787620903,0,59771
1787620903,1,58901
1787620908,0,59771
1787620908,1,58901
1787620913,0,59771
1787620913,1,58901
1787620918,0,59771
1787620918,1,58901
1787620923,0,59771
1787620923,1,58901
1787620928,0,59771
1787620928,1,58901
1787620933,0,59771
1787620933,1,58901
1787620938,0,59771
1787620938,1,58901
1787620943,0,59771
1787620943,1,58901
1787620948,0,59771
1787620948,1,58901
1787620953,0,59771
1787620953,1,58901
1787620958,0,59771
1787620958,1,58901
1787620963,0,59771
1787620963,1,58901
1787620968,0,59771
1787620968,1,58901
1787620974,0,84751
1787620974,1,84021
1787620979,0,84751
1787620979,1,84161
1787620984,0,84751
1787620984,1,84161
1787620989,0,84751
1787620989,1,84161
1787620994,0,84751
1787620994,1,84161
1787620999,0,84751
1787620999,1,84161
1787621004,0,84751
1787621004,1,84281
1787621009,0,84751
1787621009,1,84281
1787621014,0,84751
1787621014,1,84281
1787621019,0,85091
1787621019,1,84281
1787621024,0,85131
1787621024,1,84281
1787621029,0,85231
1787621029,1,84421
1787621034,0,85331
1787621034,1,84561
1787621039,0,86851
1787621039,1,86141
1787621044,0,87711
1787621044,1,87441
1787621049,0,87711
1787621049,1,87441
1787621054,0,87711
1787621054,1,87441
1787621060,0,87711
1787621060,1,87441
1787621065,0,87711
1787621065,1,87441
1787621070,0,87751
1787621070,1,87481
1787621075,0,87751
1787621075,1,87481
1787621080,0,87751
1787621080,1,87481
1787621085,0,87751
1787621085,1,87481
1787621090,0,87751
1787621090,1,87481
1787621095,0,87751
1787621095,1,87481
1787621100,0,87751
1787621100,1,87481
1787621105,0,87751
1787621105,1,87481
1787621110,0,87751
1787621110,1,87481
1787621115,0,87751
1787621115,1,87481
1787621120,0,87751
1787621120,1,87481
1787621125,0,87751
1787621125,1,87481
1787621130,0,87751
1787621130,1,87481
1787621135,0,87751
1787621135,1,87481
1787621141,0,87751
1787621141,1,87481
1787621146,0,87751
1787621146,1,87481
1787621151,0,87751
1787621151,1,87481
1787621156,0,87751
1787621156,1,87481
1787621161,0,87751
1787621161,1,87481
1787621166,0,87751
1787621166,1,87481
1787621171,0,125367
1787621171,1,125813
1787621176,0,119415
1787621176,1,118165
1787621181,0,119415
1787621181,1,118165
1787621186,0,119415
1787621186,1,118165
1787621191,0,119415
1787621191,1,118165
1787621196,0,119415
1787621196,1,118165
1787621201,0,119415
1787621201,1,118165
1787621206,0,119415
1787621206,1,118165
1787621211,0,53609
1787621211,1,52359
1787621216,0,54469
1787621216,1,53479
1787621221,0,54969
1787621221,1,54099
1787621227,0,55729
1787621227,1,54859
1787621232,0,55729
1787621232,1,54859
1787621237,0,55729
1787621237,1,54859
1787621242,0,55729
1787621242,1,54859
1787621247,0,55729
1787621247,1,54859
1787621252,0,55729
1787621252,1,54859
1787621257,0,55731
1787621257,1,54861
1787621262,0,59751
1787621262,1,58881
1787621267,0,59751
1787621267,1,58881
1787621272,0,59751
1787621272,1,58881
1787621277,0,59751
1787621277,1,58881
1787621282,0,59751
1787621282,1,58881
1787621287,0,59751
1787621287,1,58881
1787621292,0,59751
1787621292,1,58881
1787621297,0,59751
1787621297,1,58881
1787621302,0,59751
1787621302,1,58881
1787621308,0,59751
1787621308,1,58881
1787621313,0,59751
1787621313,1,58881
1787621318,0,59751
1787621318,1,58881
1787621323,0,59751
1787621323,1,58881
1787621328,0,59751
1787621328,1,58881
1787621333,0,59751
1787621333,1,58881
1787621338,0,82671
1787621338,1,81801
1787621343,0,84751
1787621343,1,84161
1787621348,0,84751
1787621348,1,84161
1787621353,0,84751
1787621353,1,84161
1787621358,0,84751
1787621358,1,84161
1787621363,0,84751
1787621363,1,84281
1787621368,0,85091
1787621368,1,84341
1787621373,0,85131
1787621373,1,84341
1787621378,0,85191
1787621378,1,84341
1787621383,0,85411
1787621383,1,84681
1787621388,0,86851
1787621388,1,86261
1787621394,0,87711
1787621394,1,87441
1787621399,0,87711
1787621399,1,87441
1787621404,0,87711
1787621404,1,87441
1787621409,0,87711
1787621409,1,87441
1787621414,0,87711
1787621414,1,87441
1787621419,0,87711
1787621419,1,87441
1787621424,0,87711
1787621424,1,87441
1787621429,0,87711
1787621429,1,87441
1787621434,0,87711
1787621434,1,87441
1787621439,0,87711
1787621439,1,87441
1787621444,0,87711
1787621444,1,87441
1787621449,0,87711
1787621449,1,87441
1787621454,0,87711
1787621454,1,87441
1787621459,0,87711
1787621459,1,87441
1787621464,0,87711
1787621464,1,87441
1787621469,0,87711
1787621469,1,87441
1787621475,0,87711
1787621475,1,87441
1787621480,0,87711
1787621480,1,87441
1787621485,0,87711
1787621485,1,87441
1787621490,0,87711
1787621490,1,87441
1787621495,0,87711
1787621495,1,87441
1787621500,0,87711
1787621500,1,87441
1787621505,0,87711
1787621505,1,87441
1787621510,0,87711
1787621510,1,87441
1787621515,0,87711
1787621515,1,87441
1787621520,0,87711
1787621520,1,87441
1787621525,0,87711
1787621525,1,87441
1787621530,0,87711
1787621530,1,87441
1787621535,0,87711
1787621535,1,87441
1787621540,0,125367
1787621540,1,125813
1787621545,0,118271
1787621545,1,117021
1787621550,0,118271
1787621550,1,117021
1787621555,0,118271
1787621555,1,117021
1787621561,0,118271
1787621561,1,117021
1787621566,0,118271
1787621566,1,117021
1787621571,0,118271
1787621571,1,117021
1787621576,0,118271
1787621576,1,117021
1787621581,0,54467
1787621581,1,53397
1787621586,0,54469
1787621586,1,53459
1787621591,0,54469
1787621591,1,53519
1787621596,0,55189
1787621596,1,54319
1787621601,0,55729
1787621601,1,54859
1787621606,0,55729
1787621606,1,54859
1787621611,0,55729
1787621611,1,54879
1787621616,0,55729
1787621616,1,54879
1787621621,0,55729
1787621621,1,54879
1787621626,0,55731
1787621626,1,54881
1787621632,0,59751
1787621632,1,58901
1787621637,0,59751
1787621637,1,58901
1787621642,0,59751
1787621642,1,58901
1787621647,0,59751
1787621647,1,58901
1787621652,0,59751
1787621652,1,58901
1787621657,0,59751
1787621657,1,58901
1787621662,0,59751
1787621662,1,58901
1787621667,0,59751
1787621667,1,58901
1787621672,0,59751
1787621672,1,58901
1787621677,0,59751
1787621677,1,58901
1787621682,0,59751
1787621682,1,58901
1787621687,0,59751
1787621687,1,58901
1787621692,0,59751
1787621692,1,58901
1787621697,0,59751
1787621697,1,58901
1787621703,0,59751
1787621703,1,58901
1787621708,0,68651
1787621708,1,67841
1787621713,0,84751
1787621713,1,84141
1787621718,0,84751
1787621718,1,84161
1787621723,0,84751
1787621723,1,84161
1787621728,0,84751
1787621728,1,84161
1787621733,0,84751
1787621733,1,84161
1787621738,0,84751
1787621738,1,84161
1787621743,0,84751
1787621743,1,84181
1787621748,0,85091
1787621748,1,84221
1787621753,0,85151
1787621753,1,84301
1787621758,0,85251
1787621758,1,84401
1787621763,0,86611
1787621763,1,86101
1787621768,0,87711
1787621768,1,87441
1787621773,0,87711
1787621773,1,87441
1787621778,0,87711
1787621778,1,87441
1787621783,0,87711
1787621783,1,87441
1787621789,0,87711
1787621789,1,87441
1787621794,0,87711
1787621794,1,87441
1787621799,0,87711
1787621799,1,87441
1787621804,0,87711
1787621804,1,87441
1787621809,0,87751
1787621809,1,87481
1787621814,0,87751
1787621814,1,87481
1787621819,0,87751
1787621819,1,87481
1787621824,0,87751
1787621824,1,87481
1787621829,0,87751
1787621829,1,87481
1787621834,0,87751
1787621834,1,87481
1787621839,0,87751
1787621839,1,87481
1787621844,0,87751
1787621844,1,87481
1787621849,0,87751
1787621849,1,87481
1787621854,0,87751
1787621854,1,87481
1787621859,0,87751
1787621859,1,87481
1787621864,0,87751
1787621864,1,87481
1787621869,0,87751
1787621869,1,87481
1787621875,0,87751
1787621875,1,87481
1787621880,0,87751
1787621880,1,87481
1787621885,0,87751
1787621885,1,87481
1787621890,0,87751
1787621890,1,87481
1787621895,0,87751
1787621895,1,87481
1787621900,0,87751
1787621900,1,87481
1787621905,0,87751
1787621905,1,87481
1787621910,0,125367
1787621910,1,125813
1787621915,0,119149
1787621915,1,117899
1787621920,0,119149
1787621920,1,117899
1787621925,0,119149
1787621925,1,117899
1787621930,0,119149
1787621930,1,117899
1787621935,0,119149
1787621935,1,117899
1787621940,0,119149
1787621940,1,117899
1787621945,0,54465
1787621945,1,53275
1787621950,0,54469
1787621950,1,53479
1787621955,0,54849
1787621955,1,53999
1787621961,0,55729
1787621961,1,54859
1787621966,0,55729
1787621966,1,54859
1787621971,0,55729
1787621971,1,54879
1787621976,0,55729
1787621976,1,54879
1787621981,0,55729
1787621981,1,54879
1787621986,0,55731
1787621986,1,54881
1787621991,0,55731
1787621991,1,54881
1787621996,0,59751
1787621996,1,58901
1787622001,0,59751
1787622001,1,58901
1787622006,0,59751
1787622006,1,58901
1787622011,0,59751
1787622011,1,58901
1787622016,0,59751
1787622016,1,58901
1787622021,0,59751
1787622021,1,58901
1787622026,0,59751
1787622026,1,58901
1787622031,0,59751
1787622031,1,58901
1787622036,0,59751
1787622036,1,58901
1787622042,0,59751
1787622042,1,58901
1787622047,0,59751
1787622047,1,58901
1787622052,0,59751
1787622052,1,58901
1787622057,0,59751
1787622057,1,58901
1787622062,0,59751
1787622062,1,58901
1787622067,0,67311
1787622067,1,66481
1787622072,0,84751
1787622072,1,84141
1787622077,0,84751
1787622077,1,84161
1787622082,0,84751
1787622082,1,84161
1787622087,0,84751
1787622087,1,84161
1787622092,0,84751
1787622092,1,84161
1787622097,0,84751
1787622097,1,84281
1787622102,0,84751
1787622102,1,84281
1787622107,0,85051
1787622107,1,84301
1787622112,0,85111
1787622112,1,84301
1787622117,0,85171
1787622117,1,84301
1787622122,0,85271
1787622122,1,84521
1787622128,0,85811
1787622128,1,85161
1787622133,0,87711
1787622133,1,87301
1787622138,0,87711
1787622138,1,87441
1787622143,0,87711
1787622143,1,87441
1787622148,0,87711
1787622148,1,87441
1787622153,0,87711
1787622153,1,87441
1787622158,0,87711
1787622158,1,87441
1787622163,0,87711
1787622163,1,87441
1787622168,0,87731
1787622168,1,87481
1787622173,0,87731
1787622173,1,87481
1787622178,0,87731
1787622178,1,87481
1787622183,0,87731
1787622183,1,87481
1787622188,0,87731
1787622188,1,87481
1787622193,0,87731
1787622193,1,87481
1787622199,0,87731
1787622199,1,87481
1787622204,0,87731
1787622204,1,87481
1787622209,0,87731
1787622209,1,87481
1787622214,0,87731
1787622214,1,87481
1787622219,0,87731
1787622219,1,87481
1787622224,0,87731
1787622224,1,87481
1787622229,0,87731
1787622229,1,87481
1787622234,0,87731
1787622234,1,87481
1787622239,0,87731
1787622239,1,87481
1787622244,0,87731
1787622244,1,87481
1787622249,0,87731
1787622249,1,87481
1787622254,0,87731
1787622254,1,87481
1787622259,0,87731
1787622259,1,87481
1787622264,0,87731
1787622264,1,87481
1787622269,0,118403
1787622269,1,117153
1787622274,0,119595
1787622274,1,118345
1787622279,0,119595
1787622279,1,118345
1787622285,0,119595
1787622285,1,118345
1787622290,0,119595
1787622290,1,118345
1787622295,0,119595
1787622295,1,118345
1787622300,0,119595
1787622300,1,118345
1787622305,0,54467
1787622305,1,53437
1787622310,0,54469
1787622310,1,53519
1787622315,0,54969
1787622315,1,54099
1787622320,0,55729
1787622320,1,54859
1787622325,0,55749
1787622325,1,54879
1787622330,0,55749
1787622330,1,54879
1787622335,0,55749
1787622335,1,54879
1787622340,0,55751
1787622340,1,54881
1787622345,0,55751
1787622345,1,54881
1787622350,0,59771
1787622350,1,58901
1787622355,0,59771
1787622355,1,58901
1787622360,0,59771
1787622360,1,58901
1787622365,0,59771
1787622365,1,58901
1787622371,0,59771
1787622371,1,58901
1787622376,0,59771
1787622376,1,58901
1787622381,0,59771
1787622381,1,58901
1787622386,0,59771
1787622386,1,58901
1787622391,0,59771
1787622391,1,58901
1787622396,0,59771
1787622396,1,58901
1787622401,0,59771
1787622401,1,58901
1787622406,0,59771
1787622406,1,58901
1787622411,0,59771
1787622411,1,58901
1787622416,0,59771
1787622416,1,58901
1787622421,0,59771
1787622421,1,58901
1787622426,0,84751
1787622426,1,84141
1787622431,0,84751
1787622431,1,84141
1787622436,0,84751
1787622436,1,84161
1787622441,0,84751
1787622441,1,84161
1787622446,0,84751
1787622446,1,84161
1787622451,0,84751
1787622451,1,84281
1787622457,0,84751
1787622457,1,84281
1787622462,0,84751
1787622462,1,84321
1787622467,0,85071
1787622467,1,84321
1787622472,0,85131
1787622472,1,84321
1787622477,0,85171
1787622477,1,84321
1787622482,0,85251
1787622482,1,84381
1787622487,0,86291
1787622487,1,85581
1787622492,0,87711
1787622492,1,87441
1787622497,0,87711
1787622497,1,87441
1787622502,0,87711
1787622502,1,87441
1787622507,0,87711
1787622507,1,87441
1787622512,0,87711
1787622512,1,87441
1787622517,0,87711
1787622517,1,87441
1787622522,0,87751
1787622522,1,87481
1787622527,0,87751
1787622527,1,87481
1787622532,0,87751
1787622532,1,87481
1787622537,0,87751
1787622537,1,87481
1787622543,0,87751
1787622543,1,87481
1787622548,0,87751
1787622548,1,87481
1787622553,0,87751
1787622553,1,87481
1787622558,0,87751
1787622558,1,87481
1787622563,0,87751
1787622563,1,87481
1787622568,0,87751
1787622568,1,87481
1787622573,0,87751
1787622573,1,87481
1787622578,0,87751
1787622578,1,87481
1787622583,0,87751
1787622583,1,87481
1787622588,0,87751
1787622588,1,87481
1787622593,0,87751
1787622593,1,87481
1787622598,0,87751
1787622598,1,87481
1787622603,0,87751
1787622603,1,87481
1787622608,0,87751
1787622608,1,87481
1787622613,0,87751
1787622613,1,87481
1787622618,0,87751
1787622618,1,87481
1787622623,0,125367
1787622623,1,125813
1787622629,0,118841
1787622629,1,117591
1787622634,0,118841
1787622634,1,117591
1787622639,0,118841
1787622639,1,117591
1787622644,0,118841
1787622644,1,117591
1787622649,0,118841
1787622649,1,117591
1787622654,0,118841
1787622654,1,117591
1787622659,0,118841
1787622659,1,117591
1787622664,0,54467
1787622664,1,53437
1787622669,0,54469
1787622669,1,53519
1787622674,0,55109
1787622674,1,54259
1787622679,0,55729
1787622679,1,54859
1787622684,0,55729
1787622684,1,54859
1787622689,0,55749
1787622689,1,54879
1787622694,0,55749
1787622694,1,54879
1787622699,0,55749
1787622699,1,54879
1787622704,0,55751
1787622704,1,54881
1787622709,0,59771
1787622709,1,58901
1787622715,0,59771
1787622715,1,58901
1787622720,0,59771
1787622720,1,58901
1787622725,0,59771
1787622725,1,58901
1787622730,0,59771
1787622730,1,58901
1787622735,0,59771
1787622735,1,58901
1787622740,0,59771
1787622740,1,58901
1787622745,0,59771
1787622745,1,58901
1787622750,0,59771
1787622750,1,58901
1787622755,0,59771
1787622755,1,58901
1787622760,0,59771
1787622760,1,58901
1787622765,0,59771
1787622765,1,58901
1787622770,0,59771
1787622770,1,58901
1787622775,0,59771
1787622775,1,58901
1787622780,0,59771
1787622780,1,58901
1787622785,0,82671
1787622785,1,81801
1787622790,0,84751
1787622790,1,84161
1787622795,0,84751
1787622795,1,84161
1787622801,0,84751
1787622801,1,84161
1787622806,0,84751
1787622806,1,84161
1787622811,0,84751
1787622811,1,84261
1787622816,0,84751
1787622816,1,84261
1787622821,0,84751
1787622821,1,84261
1787622826,0,85111
1787622826,1,84261
1787622831,0,85171
1787622831,1,84301
1787622836,0,85291
1787622836,1,84461
1787622841,0,86431
1787622841,1,85821
1787622846,0,87711
1787622846,1,87441
1787622851,0,87711
1787622851,1,87441
1787622856,0,87711
1787622856,1,87441
1787622861,0,87711
1787622861,1,87441
1787622866,0,87711
1787622866,1,87441
1787622871,0,87711
1787622871,1,87441
1787622876,0,87711
1787622876,1,87441
1787622881,0,87711
1787622881,1,87441
1787622887,0,87751
1787622887,1,87481
1787622892,0,87751
1787622892,1,87481
1787622897,0,87751
1787622897,1,87481
1787622902,0,87751
1787622902,1,87481
1787622907,0,87751
1787622907,1,87481
1787622912,0,87751
1787622912,1,87481
1787622917,0,87751
1787622917,1,87481
1787622922,0,87751
1787622922,1,87481
1787622927,0,87751
1787622927,1,87481
1787622932,0,87751
1787622932,1,87481
1787622937,0,87751
1787622937,1,87481
1787622942,0,87751
1787622942,1,87481
1787622947,0,87751
1787622947,1,87481
1787622952,0,87751
1787622952,1,87481
1787622957,0,87751
1787622957,1,87481
1787622962,0,87751
1787622962,1,87481
1787622967,0,87751
1787622967,1,87481
1787622973,0,87751
1787622973,1,87481
1787622978,0,87751
1787622978,1,87481
1787622983,0,87751
1787622983,1,87481
1787622988,0,61759
1787622988,1,60509
1787622993,0,118653
1787622993,1,117403
1787622998,0,118653
1787622998,1,117403
1787623003,0,118653
1787623003,1,117403
1787623008,0,118653
1787623008,1,117403
1787623013,0,118653
1787623013,1,117403
1787623018,0,118653
1787623018,1,117403
1787623023,0,118653
1787623023,1,117403
1787623028,0,54467
1787623028,1,53377
1787623033,0,54469
1787623033,1,53519
1787623038,0,55089
1787623038,1,54199
1787623043,0,55729
1787623043,1,54839
1787623048,0,55729
1787623048,1,54839
1787623053,0,55729
1787623053,1,54839
1787623059,0,55729
1787623059,1,54839
1787623064,0,55729
1787623064,1,54839
1787623069,0,55729
1787623069,1,54839
1787623074,0,55731
1787623074,1,54841
1787623079,0,59751
1787623079,1,58861
1787623084,0,59751
1787623084,1,58861
1787623089,0,59751
1787623089,1,58861
1787623094,0,59751
1787623094,1,58861
1787623099,0,59751
1787623099,1,58861
1787623104,0,59751
1787623104,1,58861
1787623109,0,59751
1787623109,1,58861
1787623114,0,59751
1787623114,1,58861
1787623119,0,59751
1787623119,1,58861
1787623124,0,59751
1787623124,1,58861
1787623129,0,59751
1787623129,1,58861
1787623134,0,59751
1787623134,1,58861
1787623139,0,59751
1787623139,1,58861
1787623145,0,59751
1787623145,1,58861
1787623150,0,59751
1787623150,1,58861
1787623155,0,84751
1787623155,1,84121
1787623160,0,84751
1787623160,1,84141
1787623165,0,84751
1787623165,1,84201
1787623170,0,84751
1787623170,1,84201
1787623175,0,84751
1787623175,1,84201
1787623180,0,84751
1787623180,1,84201
1787623185,0,85091
1787623185,1,84321
1787623190,0,85151
1787623190,1,84341
1787623195,0,85231
1787623195,1,84381
1787623200,0,85451
1787623200,1,84861
1787623205,0,87091
1787623205,1,86681
1787623210,0,87711
1787623210,1,87441
1787623215,0,87711
1787623215,1,87461
1787623220,0,87711
1787623220,1,87461
1787623225,0,87711
1787623225,1,87461
1787623231,0,87711
1787623231,1,87461
1787623236,0,87711
1787623236,1,87461
1787623241,0,87711
1787623241,1,87461
1787623246,0,87711
1787623246,1,87461
1787623251,0,87711
1787623251,1,87461
1787623256,0,87711
1787623256,1,87461
1787623261,0,87711
1787623261,1,87461
1787623266,0,87711
1787623266,1,87461
1787623271,0,87711
1787623271,1,87461
1787623276,0,87711
1787623276,1,87461
1787623281,0,87711
1787623281,1,87461
1787623286,0,87711
1787623286,1,87461
1787623291,0,87711
1787623291,1,87461
1787623296,0,87711
1787623296,1,87461
1787623301,0,87711
1787623301,1,87461
1787623306,0,87711
1787623306,1,87461
1787623311,0,87711
1787623311,1,87461
1787623317,0,87711
1787623317,1,87461
1787623322,0,87711
1787623322,1,87461
1787623327,0,87711
1787623327,1,87461
1787623332,0,87711
1787623332,1,87461
1787623337,0,87711
1787623337,1,87461
1787623342,0,87711
1787623342,1,87461
1787623347,0,87711
1787623347,1,87461
1787623352,0,87711
1787623352,1,87461
1787623357,0,116009
1787623357,1,114759
1787623362,0,119203
1787623362,1,117953
1787623367,0,119203
1787623367,1,117953
1787623372,0,119203
1787623372,1,117953
1787623377,0,119203
1787623377,1,117953
1787623382,0,119203
1787623382,1,117953
1787623387,0,119203
1787623387,1,117953
1787623392,0,54467
1787623392,1,53417
1787623397,0,54469
1787623397,1,53499
1787623403,0,54989
1787623403,1,54119
1787623408,0,55729
1787623408,1,54859
1787623413,0,55729
1787623413,1,54859
1787623418,0,55749
1787623418,1,54879
1787623423,0,55749
1787623423,1,54879
1787623433,0,55751
1787623433,1,54881
1787623447,0,59771
1787623447,1,58901
1787623452,0,59771
1787623452,1,58901
1787623486,0,59771
1787623486,1,58901
1787623492,0,59771
1787623492,1,58901
1787623535,0,84751
1787623535,1,84161
1787623541,0,84751
1787623541,1,84261
1787623635,0,87751
1787623635,1,87481
1787623803,0,125367
1787623803,1,125813
1787624116,0,87711
1787624116,1,87441
1787624123,0,87711
1787624123,1,87441
1787624430,0,125367
1787624430,1,125813
1787624435,0,118953
1787624435,1,117703
1787624750,0,87751
1787624750,1,87481
1787624756,0,87751
1787624756,1,87481
1787625069,0,125367
1787625069,1,125813
1787625075,0,118441
1787625075,1,117191
1787625080,0,118441
1787625080,1,117191
1787625086,0,118441
1787625086,1,117191
1787625091,0,118441
1787625091,1,117191
1787625096,0,118441
1787625096,1,117191
1787625101,0,118441
1787625101,1,117191
1787625106,0,54467
1787625106,1,53417
1787625111,0,54469
1787625111,1,53499
1787625116,0,54889
1787625116,1,54019
1787625121,0,55729
1787625121,1,54859
1787625126,0,55729
1787625126,1,54879
1787625131,0,55749
1787625131,1,54879
1787625136,0,55749
1787625136,1,54879
1787625141,0,55751
1787625141,1,54881
1787625146,0,55751
1787625146,1,54881
1787625151,0,59771
1787625151,1,58901
1787625156,0,59771
1787625156,1,58901
1787625161,0,59771
1787625161,1,58901
1787625166,0,59771
1787625166,1,58901
1787625172,0,59771
1787625172,1,58901
1787625177,0,59771
1787625177,1,58901
1787625182,0,59771
1787625182,1,58901
1787625187,0,59771
1787625187,1,58901
1787625192,0,59771
1787625192,1,58901
1787625197,0,59771
1787625197,1,58901
1787625202,0,59771
1787625202,1,58901
1787625207,0,59771
1787625207,1,58901
1787625212,0,59771
1787625212,1,58901
1787625217,0,59771
1787625217,1,58901
1787625222,0,59771
1787625222,1,58901
1787625227,0,84751
1787625227,1,84141
1787625232,0,84751
1787625232,1,84141
1787625237,0,84751
1787625237,1,84161
1787625543,0,125367
1787625543,1,125813
1787625548,0,119183
1787625548,1,117933
1787625554,0,119183
1787625554,1,117933
1787625559,0,119183
1787625559,1,117933
1787625564,0,119183
1787625564,1,117933
1787625569,0,119183
1787625569,1,117933
1787625574,0,119183
1787625574,1,117933
1787625579,0,119183
1787625579,1,117933
1787625584,0,54467
1787625584,1,53437
1787625589,0,54769
1787625589,1,53539
1787625594,0,55409
1787625594,1,54539
1787625599,0,55729
1787625599,1,54859
1787625604,0,55729
1787625604,1,54879
1787625609,0,55729
1787625609,1,54879
1787625614,0,55729
1787625614,1,54879
1787625619,0,55731
1787625619,1,54881
1787625624,0,55731
1787625624,1,54881
1787625630,0,59751
1787625630,1,58901
1787625635,0,59751
1787625635,1,58901
1787625640,0,59751
1787625640,1,58901
1787625645,0,59751
1787625645,1,58901
1787625650,0,59751
1787625650,1,58901
1787625655,0,59751
1787625655,1,58901
1787625660,0,59751
1787625660,1,58901
1787625665,0,59751
1787625665,1,58901
1787625670,0,59751
1787625670,1,58901
1787625675,0,59751
1787625675,1,58901
1787625680,0,59751
1787625680,1,58901
1787625685,0,59751
1787625685,1,58901
1787625690,0,59751
1787625690,1,58901
1787625695,0,59751
1787625695,1,58901
1787625700,0,59751
1787625700,1,58901
1787625705,0,84751
1787625705,1,84141
1787625710,0,84751
1787625710,1,84141
1787625716,0,84751
1787625716,1,84141
1787625721,0,84751
1787625721,1,84141
1787625726,0,84751
1787625726,1,84261
1787625731,0,84751
1787625731,1,84261
1787625736,0,84751
1787625736,1,84281
1787625741,0,84751
1787625741,1,84281
1787625746,0,85071
1787625746,1,84341
1787625751,0,85151
1787625751,1,84341
1787625756,0,85231
1787625756,1,84341
1787625761,0,85631
1787625761,1,84881
1787625766,0,87711
1787625766,1,87441
1787625771,0,87711
1787625771,1,87441
1787625776,0,87711
1787625776,1,87441
1787625781,0,87711
1787625781,1,87441
1787625786,0,87711
1787625786,1,87441
1787625791,0,87711
1787625791,1,87441
1787625796,0,87711
1787625796,1,87441
1787625802,0,87731
1787625802,1,87461
1787625807,0,87731
1787625807,1,87461
1787625812,0,87731
1787625812,1,87461
1787625817,0,87731
1787625817,1,87461
1787625822,0,87731
1787625822,1,87461
1787625827,0,87731
1787625827,1,87461
1787625832,0,87731
1787625832,1,87461
1787625837,0,87731
1787625837,1,87461
1787625842,0,87731
1787625842,1,87461
1787625847,0,87731
1787625847,1,87461
1787625852,0,87731
1787625852,1,87461
1787625857,0,87731
1787625857,1,87461
1787625862,0,87731
1787625862,1,87461
1787625867,0,87731
1787625867,1,87461
1787625872,0,87731
1787625872,1,87461
1787625877,0,87731
1787625877,1,87461
1787625882,0,87731
1787625882,1,87461
1787625888,0,87731
1787625888,1,87461
1787625893,0,87731
1787625893,1,87461
1787625898,0,87731
1787625898,1,87461
1787625903,0,110547
1787625903,1,110993
1787625908,0,118757
1787625908,1,117507
1787625913,0,118757
1787625913,1,117507
1787625918,0,118757
1787625918,1,117507
1787625923,0,118757
1787625923,1,117507
1787625928,0,118757
1787625928,1,117507
1787625933,0,118757
1787625933,1,117507
1787625938,0,118757
1787625938,1,117507
1787625943,0,54467
1787625943,1,53417
1787625948,0,54469
1787625948,1,53519
1787625953,0,55169
1787625953,1,54299
1787625958,0,55729
1787625958,1,54859
1787625963,0,55729
1787625963,1,54859
1787625969,0,55729
1787625969,1,54859
1787625974,0,55729
1787625974,1,54859
1787625979,0,55729
1787625979,1,54859
1787625984,0,55731
1787625984,1,54861
1787625989,0,59751
1787625989,1,58881
1787625994,0,59751
1787625994,1,58881
1787625999,0,59751
1787625999,1,58881
1787626004,0,59751
1787626004,1,58881
1787626009,0,59751
1787626009,1,58881
1787626014,0,59751
1787626014,1,58881
1787626019,0,59751
1787626019,1,58881
1787626024,0,59751
1787626024,1,58881
1787626029,0,59751
1787626029,1,58881
1787626034,0,59751
1787626034,1,58881
1787626039,0,59751
1787626039,1,58881
1787626044,0,59751
1787626044,1,58881
1787626049,0,59751
1787626049,1,58881
1787626054,0,59751
1787626054,1,58881
1787626060,0,59751
1787626060,1,58881
1787626065,0,82671
1787626065,1,81801
1787626070,0,84751
1787626070,1,84141
1787626075,0,84751
1787626075,1,84141
1787626080,0,84751
1787626080,1,84161
1787626085,0,84751
1787626085,1,84161
1787626090,0,84751
1787626090,1,84161
1787626095,0,84751
1787626095,1,84281
1787626100,0,84751
1787626100,1,84281
1787626105,0,85071
1787626105,1,84281
1787626110,0,85131
1787626110,1,84281
1787626115,0,85231
1787626115,1,84481
1787626120,0,85831
1787626120,1,85201
1787626125,0,87611
1787626125,1,87361
1787626130,0,87711
1787626130,1,87441
1787626135,0,87711
1787626135,1,87441
1787626140,0,87711
1787626140,1,87441
1787626146,0,87711
1787626146,1,87441
1787626151,0,87711
1787626151,1,87441
1787626156,0,87711
1787626156,1,87441
1787626161,0,87711
1787626161,1,87441
1787626166,0,87711
1787626166,1,87441
1787626171,0,87711
1787626171,1,87441
1787626176,0,87711
1787626176,1,87441
1787626181,0,87711
1787626181,1,87441
1787626186,0,87711
1787626186,1,87441
1787626191,0,87711
1787626191,1,87441
1787626196,0,87711
1787626196,1,87441
1787626201,0,87711
1787626201,1,87441
1787626206,0,87711
1787626206,1,87441
1787626211,0,87711
1787626211,1,87441
1787626216,0,87711
1787626216,1,87441
1787626221,0,87711
1787626221,1,87441
1787626226,0,87711
1787626226,1,87441
1787626232,0,87711
1787626232,1,87441
1787626237,0,87711
1787626237,1,87441
1787626242,0,87711
1787626242,1,87441
1787626247,0,87711
1787626247,1,87441
1787626252,0,87711
1787626252,1,87441
1787626257,0,87711
1787626257,1,87441
1787626262,0,87711
1787626262,1,87441
1787626267,0,116237
1787626267,1,114987
1787626272,0,118623
1787626272,1,117373
1787626277,0,118623
1787626277,1,117373
1787626282,0,118623
1787626282,1,117373
1787626287,0,118623
1787626287,1,117373
1787626292,0,118623
1787626292,1,117373
1787626297,0,54465
1787626297,1,53377
1787626302,0,54467
1787626302,1,53457
1787626307,0,54789
1787626307,1,53539
1787626312,0,55429
1787626312,1,54579
1787626318,0,55729
1787626318,1,54859
1787626323,0,55749
1787626323,1,54879
1787626328,0,55749
1787626328,1,54879
1787626333,0,55751
1787626333,1,54881
1787626338,0,55751
1787626338,1,54881
1787626343,0,59771
1787626343,1,58901
1787626348,0,59771
1787626348,1,58901
1787626353,0,59771
1787626353,1,58901
1787626358,0,59771
1787626358,1,58901
1787626363,0,59771
1787626363,1,58901
1787626368,0,59771
1787626368,1,58901
1787626373,0,59771
1787626373,1,58901
1787626378,0,59771
1787626378,1,58901
1787626383,0,59771
1787626383,1,58901
1787626388,0,59771
1787626388,1,58901
1787626393,0,59771
1787626393,1,58901
1787626398,0,59771
1787626398,1,58901
1787626404,0,59771
1787626404,1,58901
1787626409,0,59771
1787626409,1,58901
1787626414,0,59771
1787626414,1,58901
1787626419,0,82671
1787626419,1,81801
1787626424,0,84751
1787626424,1,84141
1787626429,0,84751
1787626429,1,84161
1787626434,0,84751
1787626434,1,84161
1787626439,0,84751
1787626439,1,84161
1787626444,0,84751
1787626444,1,84161
1787626449,0,84751
1787626449,1,84161
1787626454,0,84751
1787626454,1,84261
1787626459,0,84751
1787626459,1,84281
1787626464,0,84751
1787626464,1,84321
1787626469,0,85071
1787626469,1,84341
1787626474,0,85131
1787626474,1,84341
1787626479,0,85231
1787626479,1,84361
1787626484,0,85571
1787626484,1,84961
1787626490,0,87371
1787626490,1,86941
1787626495,0,87711
1787626495,1,87441
1787626500,0,87711
1787626500,1,87441
1787626505,0,87711
1787626505,1,87441
1787626510,0,87711
1787626510,1,87441
1787626515,0,87751
1787626515,1,87481
1787626520,0,87751
1787626520,1,87481
1787626525,0,87751
1787626525,1,87481
1787626530,0,87751
1787626530,1,87481
1787626535,0,87751
1787626535,1,87481
1787626540,0,87751
1787626540,1,87481
1787626545,0,87751
1787626545,1,87481
1787626550,0,87751
1787626550,1,87481
1787626555,0,87751
1787626555,1,87481
1787626560,0,87751
1787626560,1,87481
1787626565,0,87751
1787626565,1,87481
1787626570,0,87751
1787626570,1,87481
1787626575,0,87751
1787626575,1,87481
1787626581,0,87751
1787626581,1,87481
1787626586,0,87751
1787626586,1,87481
1787626591,0,87751
1787626591,1,87481
1787626596,0,87751
1787626596,1,87481
1787626601,0,87751
1787626601,1,87481
1787626606,0,87751
1787626606,1,87481
1787626611,0,87751
1787626611,1,87481
1787626616,0,125367
1787626616,1,125813
1787626621,0,119117
1787626621,1,117867
1787626626,0,119117
1787626626,1,117867
1787626631,0,119117
1787626631,1,117867
1787626636,0,119117
1787626636,1,117867
1787626641,0,119117
1787626641,1,117867
1787626646,0,119117
1787626646,1,117867
1787626651,0,54467
1787626651,1,53397
1787626656,0,54467
1787626656,1,53457
1787626661,0,54849
1787626661,1,53979
1787626667,0,55729
1787626667,1,54859
1787626672,0,55729
1787626672,1,54859
1787626677,0,55749
1787626677,1,54879
1787626682,0,55749
1787626682,1,54879
1787626687,0,55751
1787626687,1,54881
1787626692,0,55751
1787626692,1,54881
1787626697,0,59771
1787626697,1,58901
1787626702,0,59771
1787626702,1,58901
1787626707,0,59771
1787626707,1,58901
1787626712,0,59771
1787626712,1,58901
1787626717,0,59771
1787626717,1,58901
1787626722,0,59771
1787626722,1,58901
1787626727,0,59771
1787626727,1,58901
1787626732,0,59771
1787626732,1,58901
1787626737,0,59771
1787626737,1,58901
1787626742,0,59771
1787626742,1,58901
1787626747,0,59771
1787626747,1,58901
1787626753,0,59771
1787626753,1,58901
1787626758,0,59771
1787626758,1,58901
1787626763,0,59771
1787626763,1,58901
1787626768,0,59771
1787626768,1,58901
1787626773,0,82671
1787626773,1,81801
1787626778,0,84751
1787626778,1,84141
1787626783,0,84751
1787626783,1,84141
1787626788,0,84751
1787626788,1,84141
1787626793,0,84751
1787626793,1,84161
1787626798,0,84751
1787626798,1,84161
1787626803,0,84751
1787626803,1,84161
1787626808,0,84751
1787626808,1,84281
1787626813,0,84751
1787626813,1,84281
1787626818,0,85071
1787626818,1,84281
1787626823,0,85131
1787626823,1,84281
1787626828,0,85211
1787626828,1,84361
1787626833,0,86211
1787626833,1,85661
1787626838,0,87711
1787626838,1,87441
1787626844,0,87711
1787626844,1,87441
1787626849,0,87711
1787626849,1,87441
1787626854,0,87711
1787626854,1,87441
1787626859,0,87711
1787626859,1,87441
1787626864,0,87711
1787626864,1,87441
1787626869,0,87751
1787626869,1,87481
1787626874,0,87751
1787626874,1,87481
1787626879,0,87751
1787626879,1,87481
1787626884,0,87751
1787626884,1,87481
1787626889,0,87751
1787626889,1,87481
1787626894,0,87751
1787626894,1,87481
1787626899,0,87751
1787626899,1,87481
1787626904,0,87751
1787626904,1,87481
1787626909,0,87751
1787626909,1,87481
1787626914,0,87751
1787626914,1,87481
1787626919,0,87751
1787626919,1,87481
1787626924,0,87751
1787626924,1,87481
1787626930,0,87751
1787626930,1,87481
1787626935,0,87751
1787626935,1,87481
1787626940,0,87751
1787626940,1,87481
1787626945,0,87751
1787626945,1,87481
1787626950,0,87751
1787626950,1,87481
1787626955,0,87751
1787626955,1,87481
1787626960,0,87751
1787626960,1,87481
1787626965,0,87751
1787626965,1,87481
1787626970,0,87751
1787626970,1,87481
1787626975,0,119019
1787626975,1,117769
1787626980,0,119019
1787626980,1,117769
1787626985,0,119019
1787626985,1,117769
1787626990,0,119019
1787626990,1,117769
1787626995,0,119019
1787626995,1,117769
1787627000,0,119019
1787627000,1,117769
1787627005,0,119019
1787627005,1,117769
1787627010,0,54467
1787627010,1,53417
1787627015,0,54469
1787627015,1,53499
1787627021,0,55009
1787627021,1,54139
1787627026,0,55729
1787627026,1,54859
1787627031,0,55749
1787627031,1,54879
1787627036,0,55749
1787627036,1,54879
1787627041,0,55749
1787627041,1,54879
1787627046,0,55751
1787627046,1,54881
1787627051,0,55751
1787627051,1,54881
1787627056,0,59771
1787627056,1,58901
1787627061,0,59771
1787627061,1,58901
1787627066,0,59771
1787627066,1,58901
1787627071,0,59771
1787627071,1,58901
1787627076,0,59771
1787627076,1,58901
1787627081,0,59771
1787627081,1,58901
1787627086,0,59771
1787627086,1,58901
1787627091,0,59771
1787627091,1,58901
1787627096,0,59771
1787627096,1,58901
1787627101,0,59771
1787627101,1,58901
1787627107,0,59771
1787627107,1,58901
1787627112,0,59771
1787627112,1,58901
1787627117,0,59771
1787627117,1,58901
1787627122,0,59771
1787627122,1,58901
1787627127,0,59771
1787627127,1,58901
1787627132,0,84751
1787627132,1,84141
1787627137,0,84751
1787627137,1,84141
1787627142,0,84751
1787627142,1,84141
1787627147,0,84751
1787627147,1,84161
1787627152,0,84751
1787627152,1,84161
1787627157,0,84751
1787627157,1,84161
1787627162,0,84751
1787627162,1,84281
1787627167,0,84751
1787627167,1,84281
1787627172,0,85071
1787627172,1,84281
1787627177,0,85111
1787627177,1,84281
1787627182,0,85191
1787627182,1,84321
1787627187,0,85291
1787627187,1,84441
1787627193,0,87251
1787627193,1,86941
1787627198,0,87711
1787627198,1,87441
1787627203,0,87711
1787627203,1,87441
1787627208,0,87711
1787627208,1,87441
1787627213,0,87711
1787627213,1,87441
1787627218,0,87711
1787627218,1,87441
1787627223,0,87711
1787627223,1,87441
1787627228,0,87711
1787627228,1,87441
1787627233,0,87751
1787627233,1,87481
1787627238,0,87751
1787627238,1,87481
1787627243,0,87751
1787627243,1,87481
1787627248,0,87751
1787627248,1,87481
1787627253,0,87751
1787627253,1,87481
1787627258,0,87751
1787627258,1,87481
1787627263,0,87751
1787627263,1,87481
1787627268,0,87751
1787627268,1,87481
1787627273,0,87751
1787627273,1,87481
1787627278,0,87751
1787627278,1,87481
1787627284,0,87751
1787627284,1,87481
1787627289,0,87751
1787627289,1,87481
1787627294,0,87751
1787627294,1,87481
1787627299,0,87751
1787627299,1,87481
1787627304,0,87751
1787627304,1,87481
1787627309,0,87751
1787627309,1,87481
1787627314,0,87751
1787627314,1,87481
1787627319,0,87751
1787627319,1,87481
1787627324,0,87751
1787627324,1,87481
1787627329,0,87751
1787627329,1,87481
1787627334,0,119247
1787627334,1,117997
1787627339,0,119247
1787627339,1,117997
1787627344,0,119247
1787627344,1,117997
1787627349,0,119247
1787627349,1,117997
1787627354,0,119247
1787627354,1,117997
1787627359,0,119247
1787627359,1,117997
1787627364,0,119247
1787627364,1,117997
1787627370,0,54467
1787627370,1,53437
1787627375,0,54769
1787627375,1,53539
1787627380,0,55369
1787627380,1,54519
1787627385,0,55729
1787627385,1,54859
1787627390,0,55729
1787627390,1,54859
1787627395,0,55729
1787627395,1,54859
1787627400,0,55729
1787627400,1,54859
1787627405,0,55731
1787627405,1,54861
1787627410,0,55731
1787627410,1,54861
1787627415,0,59751
1787627415,1,58881
1787627420,0,59751
1787627420,1,58881
1787627425,0,59751
1787627425,1,58881
1787627430,0,59751
1787627430,1,58881
1787627435,0,59751
1787627435,1,58881
1787627440,0,59751
1787627440,1,58881
1787627445,0,59751
1787627445,1,58881
1787627450,0,59751
1787627450,1,58881
1787627456,0,59751
1787627456,1,58881
1787627461,0,59751
1787627461,1,58881
1787627466,0,59751
1787627466,1,58881
1787627471,0,59751
1787627471,1,58881
1787627476,0,59751
1787627476,1,58881
1787627481,0,59751
1787627481,1,58881
1787627486,0,59751
1787627486,1,58881
1787627491,0,84751
1787627491,1,84141
1787627496,0,84751
1787627496,1,84141
1787627501,0,84751
1787627501,1,84161
1787627506,0,84751
1787627506,1,84161
1787627511,0,84751
1787627511,1,84241
1787627516,0,84751
1787627516,1,84241
1787627521,0,84751
1787627521,1,84281
1787627526,0,84751
1787627526,1,84301
1787627531,0,85071
1787627531,1,84321
1787627536,0,85111
1787627536,1,84321
1787627542,0,85191
1787627542,1,84341
1787627547,0,85511
1787627547,1,84821
1787627552,0,87251
1787627552,1,87081
1787627557,0,87711
1787627557,1,87441
1787627562,0,87711
1787627562,1,87441
1787627567,0,87711
1787627567,1,87441
1787627572,0,87711
1787627572,1,87441
1787627577,0,87711
1787627577,1,87441
1787627582,0,87711
1787627582,1,87441
1787627587,0,87711
1787627587,1,87441
1787627592,0,87711
1787627592,1,87441
1787627597,0,87711
1787627597,1,87441
1787627602,0,87711
1787627602,1,87441
1787627607,0,87711
1787627607,1,87441
1787627612,0,87711
1787627612,1,87441
1787627617,0,87711
1787627617,1,87441
1787627622,0,87711
1787627622,1,87441
1787627627,0,87711
1787627627,1,87441
1787627633,0,87711
1787627633,1,87441
1787627638,0,87711
1787627638,1,87441
1787627643,0,87711
1787627643,1,87441
1787627648,0,87711
1787627648,1,87441
1787627653,0,87711
1787627653,1,87441
1787627658,0,87711
1787627658,1,87441
1787627663,0,87711
1787627663,1,87441
1787627668,0,87711
1787627668,1,87441
1787627673,0,87711
1787627673,1,87441
1787627678,0,87711
1787627678,1,87441
1787627683,0,87711
1787627683,1,87441
1787627688,0,125367
1787627688,1,125813
1787627693,0,119209
1787627693,1,117959
1787627698,0,119209
1787627698,1,117959
1787627703,0,119209
1787627703,1,117959
1787627708,0,119209
1787627708,1,117959
1787627714,0,119209
1787627714,1,117959
1787627719,0,54465
1787627719,1,53277
1787627724,0,54467
1787627724,1,53457
1787627729,0,54469
1787627729,1,53519
1787627734,0,55129
1787627734,1,54259
1787627739,0,55729
1787627739,1,54859
1787627744,0,55749
1787627744,1,54879
1787627749,0,55749
1787627749,1,54879
1787627754,0,55751
1787627754,1,54881
1787627759,0,55751
1787627759,1,54881
1787627764,0,59771
1787627764,1,58901
1787627769,0,59771
1787627769,1,58901
1787627774,0,59771
1787627774,1,58901
1787627779,0,59771
1787627779,1,58901
1787627784,0,59771
1787627784,1,58901
1787627789,0,59771
1787627789,1,58901
1787627794,0,59771
1787627794,1,58901
1787627799,0,59771
1787627799,1,58901
1787627805,0,59771
1787627805,1,58901
1787627810,0,59771
1787627810,1,58901
1787627815,0,59771
1787627815,1,58901
1787627820,0,59771
1787627820,1,58901
1787627825,0,59771
1787627825,1,58901
1787627830,0,59771
1787627830,1,58901
1787627835,0,59771
1787627835,1,58901
1787627840,0,82671
1787627840,1,81801
1787627845,0,84751
1787627845,1,84141
1787627850,0,84751
1787627850,1,84161
1787627855,0,84751
1787627855,1,84161
1787627860,0,84751
1787627860,1,84161
1787627865,0,84751
1787627865,1,84161
1787627870,0,84751
1787627870,1,84261
1787627875,0,84751
1787627875,1,84261
1787627880,0,84751
1787627880,1,84281
1787627885,0,84751
1787627885,1,84301
1787627891,0,85091
1787627891,1,84301
1787627896,0,85111
1787627896,1,84301
1787627901,0,85171
1787627901,1,84301
1787627906,0,85331
1787627906,1,84521
1787627911,0,87471
1787627911,1,87121
1787627916,0,87711
1787627916,1,87441
1787627921,0,87711
1787627921,1,87441
1787627926,0,87711
1787627926,1,87441
1787627931,0,87711
1787627931,1,87441
1787627936,0,87751
1787627936,1,87481
1787627941,0,87751
1787627941,1,87481
1787627946,0,87751
1787627946,1,87481
1787627951,0,87751
1787627951,1,87481
1787627956,0,87751
1787627956,1,87481
1787627961,0,87751
1787627961,1,87481
1787627966,0,87751
1787627966,1,87481
1787627971,0,87751
1787627971,1,87481
1787627977,0,87751
1787627977,1,87481
1787627982,0,87751
1787627982,1,87481
1787627987,0,87751
1787627987,1,87481
1787627992,0,87751
1787627992,1,87481
1787627997,0,87751
1787627997,1,87481
1787628002,0,87751
1787628002,1,87481
1787628007,0,87751
1787628007,1,87481
1787628012,0,87751
1787628012,1,87481
1787628017,0,87751
1787628017,1,87481
1787628022,0,87751
1787628022,1,87481
1787628027,0,87751
1787628027,1,87481
1787628032,0,87751
1787628032,1,87481
1787628037,0,57599
1787628037,1,56349
1787628042,0,119045
1787628042,1,117795
1787628047,0,119045
1787628047,1,117795
1787628052,0,119045
1787628052,1,117795
1787628057,0,119045
1787628057,1,117795
1787628063,0,119045
1787628063,1,117795
1787628068,0,119045
1787628068,1,117795
1787628073,0,119045
1787628073,1,117795
1787628078,0,54467
1787628078,1,53437
1787628083,0,54769
1787628083,1,53539
1787628088,0,55729
1787628088,1,54859
1787628093,0,55729
1787628093,1,54859
1787628098,0,55729
1787628098,1,54879
1787628103,0,55729
1787628103,1,54879
1787628108,0,55729
1787628108,1,54879
1787628113,0,55731
1787628113,1,54881
1787628118,0,55731
1787628118,1,54881
1787628123,0,59751
1787628123,1,58901
1787628128,0,59751
1787628128,1,58901
1787628133,0,59751
1787628133,1,58901
1787628138,0,59751
1787628138,1,58901
1787628143,0,59751
1787628143,1,58901
1787628148,0,59751
1787628148,1,58901
1787628154,0,59751
1787628154,1,58901
1787628159,0,59751
1787628159,1,58901
1787628164,0,59751
1787628164,1,58901
1787628169,0,59751
1787628169,1,58901
1787628174,0,59751
1787628174,1,58901
1787628179,0,59751
1787628179,1,58901
1787628184,0,59751
1787628184,1,58901
1787628189,0,59751
1787628189,1,58901
1787628194,0,59751
1787628194,1,58901
1787628199,0,84751
1787628199,1,84141
1787628204,0,84751
1787628204,1,84141
1787628209,0,84751
1787628209,1,84161
1787628214,0,84751
1787628214,1,84161
1787628219,0,84751
1787628219,1,84161
1787628224,0,84751
1787628224,1,84261
1787628229,0,84751
1787628229,1,84261
1787628235,0,85051
1787628235,1,84261
1787628240,0,85111
1787628240,1,84261
1787628245,0,85151
1787628245,1,84301
1787628250,0,85331
1787628250,1,84541
1787628255,0,87551
1787628255,1,87121
1787628260,0,87711
1787628260,1,87441
1787628265,0,87711
1787628265,1,87441
1787628270,0,87711
1787628270,1,87441
1787628275,0,87711
1787628275,1,87441
1787628280,0,87711
1787628280,1,87441
1787628285,0,87711
1787628285,1,87441
1787628290,0,87711
1787628290,1,87441
1787628295,0,87711
1787628295,1,87441
1787628300,0,87731
1787628300,1,87461
1787628305,0,87731
1787628305,1,87461
1787628310,0,87731
1787628310,1,87461
1787628315,0,87731
1787628315,1,87461
1787628320,0,87731
1787628320,1,87461
1787628326,0,87731
1787628326,1,87461
1787628331,0,87731
1787628331,1,87461
1787628336,0,87731
1787628336,1,87461
1787628341,0,87731
1787628341,1,87461
1787628346,0,87731
1787628346,1,87461
1787628351,0,87731
1787628351,1,87461
1787628356,0,87731
1787628356,1,87461
1787628361,0,87731
1787628361,1,87461
1787628366,0,87731
1787628366,1,87461
1787628371,0,87731
1787628371,1,87461
1787628376,0,87731
1787628376,1,87461
1787628381,0,87731
1787628381,1,87461
1787628386,0,87731
1787628386,1,87461
1787628391,0,87731
1787628391,1,87461
1787628396,0,87731
1787628396,1,87461
1787628401,0,118609
1787628401,1,117359
1787628406,0,118609
1787628406,1,117359
1787628412,0,118609
1787628412,1,117359
1787628417,0,118609
1787628417,1,117359
1787628422,0,118609
1787628422,1,117359
1787628427,0,118609
1787628427,1,117359
1787628432,0,118609
1787628432,1,117359
1787628437,0,54467
1787628437,1,53417
1787628442,0,54469
1787628442,1,53499
1787628447,0,55149
1787628447,1,54279
1787628452,0,55729
1787628452,1,54859
1787628457,0,55729
1787628457,1,54859
1787628462,0,55729
1787628462,1,54859
1787628467,0,55729
1787628467,1,54859
1787628472,0,55731
1787628472,1,54861
1787628477,0,55731
1787628477,1,54861
1787628482,0,59751
1787628482,1,58881
1787628487,0,59751
1787628487,1,58881
1787628492,0,59751
1787628492,1,58881
1787628498,0,59751
1787628498,1,58881
1787628503,0,59751
1787628503,1,58881
1787628508,0,59751
1787628508,1,58881
1787628513,0,59751
1787628513,1,58881
1787628518,0,59751
1787628518,1,58881
1787628523,0,59751
1787628523,1,58881
1787628528,0,59751
1787628528,1,58881
1787628533,0,59751
1787628533,1,58881
1787628538,0,59751
1787628538,1,58881
1787628543,0,59751
1787628543,1,58881
1787628548,0,59751
1787628548,1,58881
1787628553,0,59751
1787628553,1,58881
1787628558,0,84751
1787628558,1,84141
1787628563,0,84751
1787628563,1,84141
1787628568,0,84751
1787628568,1,84141
1787628573,0,84751
1787628573,1,84141
1787628578,0,84751
1787628578,1,84161
1787628584,0,84751
1787628584,1,84161
1787628589,0,84751
1787628589,1,84261
1787628594,0,84751
1787628594,1,84261
1787628599,0,84751
1787628599,1,84261
1787628604,0,85091
1787628604,1,84321
1787628609,0,85171
1787628609,1,84321
1787628614,0,85431
1787628614,1,84721
1787628619,0,86791
1787628619,1,86301
1787628624,0,87711
1787628624,1,87441
1787628629,0,87711
1787628629,1,87441
1787628634,0,87711
1787628634,1,87441
1787628639,0,87711
1787628639,1,87441
1787628644,0,87711
1787628644,1,87441
1787628649,0,87711
1787628649,1,87441
1787628654,0,87711
1787628654,1,87441
1787628659,0,87711
1787628659,1,87441
1787628664,0,87711
1787628664,1,87441
1787628670,0,87711
1787628670,1,87441
1787628675,0,87711
1787628675,1,87441
1787628680,0,87711
1787628680,1,87441
1787628685,0,87711
1787628685,1,87441
1787628690,0,87711
1787628690,1,87441
1787628695,0,87711
1787628695,1,87441
1787628700,0,87711
1787628700,1,87441
1787628705,0,87711
1787628705,1,87441
1787628710,0,87711
1787628710,1,87441
1787628715,0,87711
1787628715,1,87441
1787628720,0,87711
1787628720,1,87441
1787628725,0,87711
1787628725,1,87441
1787628730,0,87711
1787628730,1,87441
1787628735,0,87711
1787628735,1,87441
1787628740,0,87711
1787628740,1,87441
1787628745,0,87711
1787628745,1,87441
1787628750,0,87711
1787628750,1,87441
1787628755,0,120817
1787628755,1,121263
1787628761,0,119307
1787628761,1,118057
1787628766,0,119307
1787628766,1,118057
1787628771,0,119307
1787628771,1,118057
1787628776,0,119307
1787628776,1,118057
1787628781,0,119307
1787628781,1,118057
1787628786,0,119307
1787628786,1,118057
1787628791,0,54467
1787628791,1,53397
1787628796,0,54467
1787628796,1,53459
1787628801,0,54849
1787628801,1,53599
1787628806,0,55729
1787628806,1,54859
1787628811,0,55729
1787628811,1,54859
1787628816,0,55729
1787628816,1,54859
1787628821,0,55729
1787628821,1,54859
1787628826,0,55731
1787628826,1,54861
1787628831,0,55731
1787628831,1,54861
1787628836,0,59751
1787628836,1,58881
1787628842,0,59751
1787628842,1,58881
1787628847,0,59751
1787628847,1,58881
1787628852,0,59751
1787628852,1,58881
1787628857,0,59751
1787628857,1,58881
1787628862,0,59751
1787628862,1,58881
1787628867,0,59751
1787628867,1,58881
1787628872,0,59751
1787628872,1,58881
1787628877,0,59751
1787628877,1,58881
1787628882,0,59751
1787628882,1,58881
1787628887,0,59751
1787628887,1,58881
1787628892,0,59751
1787628892,1,58881
1787628897,0,59751
1787628897,1,58881
1787628902,0,59751
1787628902,1,58881
1787628907,0,59751
1787628907,1,58881
1787628912,0,82671
1787628912,1,81801
1787628917,0,84751
1787628917,1,84141
1787628922,0,84751
1787628922,1,84141
1787628928,0,84751
1787628928,1,84141
1787628933,0,84751
1787628933,1,84161
1787628938,0,84751
1787628938,1,84241
1787628943,0,84751
1787628943,1,84241
1787628948,0,84751
1787628948,1,84281
1787628953,0,84751
1787628953,1,84301
1787628958,0,85071
1787628958,1,84321
1787628963,0,85131
1787628963,1,84321
1787628968,0,85191
1787628968,1,84321
1787628973,0,85451
1787628973,1,84741
1787628978,0,87711
1787628978,1,87441
1787628983,0,87711
1787628983,1,87441
1787628988,0,87711
1787628988,1,87441
1787628993,0,87711
1787628993,1,87441
1787628998,0,87711
1787628998,1,87441
1787629003,0,87711
1787629003,1,87441
1787629008,0,87711
1787629008,1,87441
1787629013,0,87711
1787629013,1,87441
1787629019,0,87711
1787629019,1,87441
1787629024,0,87711
1787629024,1,87441
1787629029,0,87711
1787629029,1,87441
1787629034,0,87711
1787629034,1,87441
1787629039,0,87711
1787629039,1,87441
1787629044,0,87711
1787629044,1,87441
1787629049,0,87711
1787629049,1,87441
1787629054,0,87711
1787629054,1,87441
1787629059,0,87711
1787629059,1,87441
1787629064,0,87711
1787629064,1,87441
1787629069,0,87711
1787629069,1,87441
1787629074,0,87711
1787629074,1,87441
1787629079,0,87711
1787629079,1,87441
1787629084,0,87711
1787629084,1,87441
1787629089,0,87711
1787629089,1,87441
1787629094,0,87711
1787629094,1,87441
1787629099,0,87711
1787629099,1,87441
1787629105,0,87711
1787629105,1,87441
1787629110,0,97191
1787629110,1,96341
1787629115,0,118821
1787629115,1,117571
1787629120,0,118821
1787629120,1,117571
1787629125,0,118821
1787629125,1,117571
1787629130,0,118821
1787629130,1,117571
1787629135,0,118821
1787629135,1,117571
1787629140,0,50203
1787629140,1,48953
1787629145,0,54467
1787629145,1,53437
1787629150,0,54469
1787629150,1,53499
1787629157,0,55389
1787629157,1,54519
1787629162,0,55729
1787629162,1,54859
1787629167,0,55729
1787629167,1,54859
1787629172,0,55729
1787629172,1,54859
1787629177,0,55731
1787629177,1,54861
1787629182,0,55731
1787629182,1,54861
1787629187,0,59751
1787629187,1,58881
1787629192,0,59751
1787629192,1,58881
1787629197,0,59751
1787629197,1,58881
1787629202,0,59751
1787629202,1,58881
1787629207,0,59751
1787629207,1,58881
1787629212,0,59751
1787629212,1,58881
1787629217,0,59751
1787629217,1,58881
1787629222,0,59751
1787629222,1,58881
1787629227,0,59751
1787629227,1,58881
1787629232,0,59751
1787629232,1,58881
1787629238,0,59751
1787629238,1,58881
1787629243,0,59751
1787629243,1,58881
1787629248,0,59751
1787629248,1,58881
1787629253,0,59751
1787629253,1,58881
1787629258,0,59751
1787629258,1,58881
1787629263,0,84751
1787629263,1,84141
1787629268,0,84751
1787629268,1,84141
1787629273,0,84751
1787629273,1,84141
1787629278,0,84751
1787629278,1,84161
1787629283,0,84751
1787629283,1,84161
1787629288,0,84751
1787629288,1,84241
1787629293,0,84751
1787629293,1,84241
1787629298,0,84751
1787629298,1,84241
1787629303,0,84751
1787629303,1,84241
1787629308,0,84751
1787629308,1,84301
1787629313,0,84751
1787629313,1,84301
1787629318,0,85091
1787629318,1,84301
1787629323,0,85151
1787629323,1,84301
1787629329,0,85311
1787629329,1,84501
1787629334,0,85631
1787629334,1,85021
1787629339,0,87711
1787629339,1,87441
1787629344,0,87711
1787629344,1,87441
1787629349,0,87711
1787629349,1,87441
1787629354,0,87711
1787629354,1,87441
1787629359,0,87711
1787629359,1,87441
1787629364,0,87711
1787629364,1,87441
1787629369,0,87711
1787629369,1,87441
1787629374,0,87711
1787629374,1,87441
1787629379,0,87711
1787629379,1,87441
1787629384,0,87711
1787629384,1,87441
1787629389,0,87711
1787629389,1,87441
1787629394,0,87711
1787629394,1,87441
1787629399,0,87711
1787629399,1,87441
1787629404,0,87711
1787629404,1,87441
1787629409,0,87711
1787629409,1,87441
1787629415,0,87711
1787629415,1,87441
1787629420,0,87711
1787629420,1,87441
1787629425,0,87711
1787629425,1,87441
1787629430,0,87711
1787629430,1,87441
1787629435,0,87711
1787629435,1,87441
1787629440,0,87711
1787629440,1,87441
1787629445,0,87711
1787629445,1,87441
1787629450,0,87711
1787629450,1,87441
1787629455,0,87711
1787629455,1,87441
1787629460,0,118679
1787629460,1,117429
1787629465,0,118679
1787629465,1,117429
1787629470,0,118679
1787629470,1,117429
1787629475,0,118679
1787629475,1,117429
1787629480,0,118679
1787629480,1,117429
1787629485,0,118679
1787629485,1,117429
1787629490,0,54467
1787629490,1,53397
1787629495,0,54467
1787629495,1,53457
1787629501,0,54809
1787629501,1,53579
1787629506,0,55729
1787629506,1,54859
1787629511,0,55729
1787629511,1,54859
1787629516,0,55729
1787629516,1,54859
1787629521,0,55729
1787629521,1,54859
1787629526,0,55731
1787629526,1,54861
1787629531,0,55731
1787629531,1,54861
1787629536,0,59751
1787629536,1,58881
1787629541,0,59751
1787629541,1,58881
1787629546,0,59751
1787629546,1,58881
1787629551,0,59751
1787629551,1,58881
1787629556,0,59751
1787629556,1,58881
1787629561,0,59751
1787629561,1,58881
1787629566,0,59751
1787629566,1,58881
1787629571,0,59751
1787629571,1,58881
1787629576,0,59751
1787629576,1,58881
1787629581,0,59751
1787629581,1,58881
1787629587,0,59751
1787629587,1,58881
1787629592,0,59751
1787629592,1,58881
1787629597,0,59751
1787629597,1,58881
1787629602,0,59751
1787629602,1,58881
1787629607,0,59751
1787629607,1,58881
1787629612,0,84751
1787629612,1,84141
1787629617,0,84751
1787629617,1,84141
1787629622,0,84751
1787629622,1,84141
1787629627,0,84751
1787629627,1,84141
1787629632,0,84751
1787629632,1,84161
1787629637,0,84751
1787629637,1,84161
1787629642,0,84751
1787629642,1,84161
1787629647,0,84751
1787629647,1,84161
1787629652,0,84751
1787629652,1,84161
1787629657,0,84751
1787629657,1,84281
1787629662,0,85071
1787629662,1,84281
1787629667,0,85131
1787629667,1,84281
1787629673,0,85351
1787629673,1,84681
1787629678,0,87031
1787629678,1,86581
1787629683,0,87711
1787629683,1,87441
1787629688,0,87711
1787629688,1,87441
1787629693,0,87711
1787629693,1,87441
1787629698,0,87711
1787629698,1,87441
1787629703,0,87711
1787629703,1,87441
1787629708,0,87711
1787629708,1,87441
1787629713,0,87711
1787629713,1,87441
1787629718,0,87711
1787629718,1,87441
1787629723,0,87711
1787629723,1,87441
1787629728,0,87711
1787629728,1,87441
1787629733,0,87711
1787629733,1,87441
1787629738,0,87711
1787629738,1,87441
1787629743,0,87711
1787629743,1,87441
1787629748,0,87711
1787629748,1,87441
1787629753,0,87711
1787629753,1,87441
1787629759,0,87711
1787629759,1,87441
1787629764,0,87711
1787629764,1,87441
1787629769,0,87711
1787629769,1,87441
1787629774,0,87711
1787629774,1,87441
1787629779,0,87711
1787629779,1,87441
1787629784,0,87711
1787629784,1,87441
1787629789,0,87711
1787629789,1,87441
1787629794,0,87711
1787629794,1,87441
1787629799,0,87711
1787629799,1,87441
1787629804,0,87711
1787629804,1,87441
1787629809,0,116009
1787629809,1,114759
1787629814,0,118701
1787629814,1,117451
1787629819,0,118701
1787629819,1,117451
1787629824,0,118701
1787629824,1,117451
1787629829,0,118701
1787629829,1,117451
1787629834,0,118701
1787629834,1,117451
1787629839,0,50203
1787629839,1,48953
1787629845,0,54467
1787629845,1,53437
1787629850,0,54469
1787629850,1,53499
1787629855,0,55209
1787629855,1,54339
1787629860,0,55729
1787629860,1,54859
1787629865,0,55729
1787629865,1,54859
1787629870,0,55729
1787629870,1,54859
1787629875,0,55731
1787629875,1,54861
1787629880,0,55731
1787629880,1,54861
1787629885,0,55731
1787629885,1,54861
1787629890,0,59751
1787629890,1,58881
1787629895,0,59751
1787629895,1,58881
1787629900,0,59751
1787629900,1,58881
1787629905,0,59751
1787629905,1,58881
1787629910,0,59751
1787629910,1,58881
1787629915,0,59751
1787629915,1,58881
1787629920,0,59751
1787629920,1,58881
1787629925,0,59751
1787629925,1,58881
1787629931,0,59751
1787629931,1,58881
1787629936,0,59751
1787629936,1,58881
1787629941,0,59751
1787629941,1,58881
1787629946,0,59751
1787629946,1,58881
1787629951,0,59751
1787629951,1,58881
1787629956,0,59751
1787629956,1,58881
1787629961,0,69531
1787629961,1,68721
1787629966,0,84751
1787629966,1,84141
1787629971,0,84751
1787629971,1,84141
1787629976,0,84751
1787629976,1,84141
1787629981,0,84751
1787629981,1,84161
1787629986,0,84751
1787629986,1,84161
1787629991,0,84751
1787629991,1,84161
1787629996,0,84751
1787629996,1,84161
1787630001,0,84751
1787630001,1,84161
1787630006,0,84751
1787630006,1,84301
1787630011,0,85071
1787630011,1,84301
1787630016,0,85111
1787630016,1,84301
1787630022,0,85171
1787630022,1,84301
1787630027,0,85651
1787630027,1,84921
1787630032,0,87711
1787630032,1,87441
1787630037,0,87711
1787630037,1,87441
1787630042,0,87711
1787630042,1,87441
1787630047,0,87711
1787630047,1,87441
1787630052,0,87711
1787630052,1,87441
1787630057,0,87711
1787630057,1,87441
1787630062,0,87711
1787630062,1,87441
1787630067,0,87711
1787630067,1,87441
1787630072,0,87711
1787630072,1,87441
1787630077,0,87711
1787630077,1,87441
1787630082,0,87711
1787630082,1,87441
1787630087,0,87711
1787630087,1,87441
1787630092,0,87711
1787630092,1,87441
1787630097,0,87711
1787630097,1,87441
1787630102,0,87711
1787630102,1,87441
1787630108,0,87711
1787630108,1,87441
1787630113,0,87711
1787630113,1,87441
1787630118,0,87711
1787630118,1,87441
1787630123,0,87711
1787630123,1,87441
1787630128,0,87711
1787630128,1,87441
1787630133,0,87711
1787630133,1,87441
1787630138,0,87711
1787630138,1,87441
1787630143,0,87711
1787630143,1,87441
1787630148,0,87711
1787630148,1,87441
1787630153,0,87711
1787630153,1,87441
1787630158,0,109637
1787630158,1,109563
1787630163,0,118875
1787630163,1,117625
1787630168,0,118875
1787630168,1,117625
1787630173,0,118875
1787630173,1,117625
1787630178,0,118875
1787630178,1,117625
1787630183,0,118875
1787630183,1,117625
1787630188,0,118875
1787630188,1,117625
1787630194,0,54467
1787630194,1,53397
1787630199,0,54469
1787630199,1,53459
1787630204,0,54849
1787630204,1,53999
1787630209,0,55729
1787630209,1,54859
1787630214,0,55729
1787630214,1,54859
1787630219,0,55729
1787630219,1,54859
1787630224,0,55729
1787630224,1,54859
1787630229,0,55731
1787630229,1,54861
1787630234,0,55731
1787630234,1,54861
1787630239,0,59751
1787630239,1,58881
1787630244,0,59751
1787630244,1,58881
1787630249,0,59751
1787630249,1,58881
1787630254,0,59751
1787630254,1,58881
1787630259,0,59751
1787630259,1,58881
1787630264,0,59751
1787630264,1,58881
1787630269,0,59751
1787630269,1,58881
1787630274,0,59751
1787630274,1,58881
1787630280,0,59751
1787630280,1,58881
1787630285,0,59751
1787630285,1,58881
1787630290,0,59751
1787630290,1,58881
1787630295,0,59751
1787630295,1,58881
1787630300,0,59751
1787630300,1,58881
1787630305,0,59751
1787630305,1,58881
1787630310,0,59751
1787630310,1,58881
1787630315,0,84751
1787630315,1,84141
1787630320,0,84751
1787630320,1,84141
1787630325,0,84751
1787630325,1,84141
1787630330,0,84751
1787630330,1,84161
1787630335,0,84751
1787630335,1,84161
1787630340,0,84751
1787630340,1,84161
1787630345,0,84751
1787630345,1,84161
1787630350,0,84751
1787630350,1,84261
1787630355,0,84751
1787630355,1,84281
1787630360,0,84751
1787630360,1,84281
1787630366,0,85091
1787630366,1,84341
1787630371,0,85171
1787630371,1,84341
1787630376,0,85331
1787630376,1,84541
1787630381,0,87391
1787630381,1,87101
1787630386,0,87711
1787630386,1,87441
1787630391,0,87711
1787630391,1,87441
1787630396,0,87711
1787630396,1,87441
1787630401,0,87711
1787630401,1,87441
1787630406,0,87711
1787630406,1,87441
1787630411,0,87711
1787630411,1,87441
1787630416,0,87711
1787630416,1,87441
1787630421,0,87711
1787630421,1,87441
1787630426,0,87711
1787630426,1,87441
1787630431,0,87711
1787630431,1,87441
1787630436,0,87711
1787630436,1,87441
1787630441,0,87711
1787630441,1,87441
1787630446,0,87711
1787630446,1,87441
1787630452,0,87711
1787630452,1,87441
1787630457,0,87711
1787630457,1,87441
1787630462,0,87711
1787630462,1,87441
1787630467,0,87711
1787630467,1,87441
1787630472,0,87711
1787630472,1,87441
1787630477,0,87711
1787630477,1,87441
1787630482,0,87711
1787630482,1,87441
1787630487,0,87711
1787630487,1,87441
1787630492,0,87711
1787630492,1,87441
1787630497,0,87711
1787630497,1,87441
1787630502,0,87711
1787630502,1,87441
1787630507,0,87711
1787630507,1,87441
1787630512,0,87711
1787630512,1,87441
1787630517,0,61759
1787630517,1,60509
1787630522,0,118639
1787630522,1,117389
1787630527,0,118639
1787630527,1,117389
1787630532,0,118639
1787630532,1,117389
1787630538,0,118639
1787630538,1,117389
1787630543,0,118639
1787630543,1,117389
1787630548,0,118639
1787630548,1,117389
1787630553,0,54467
1787630553,1,53417
1787630558,0,54469
1787630558,1,53479
1787630563,0,55129
1787630563,1,54279
1787630568,0,55729
1787630568,1,54859
1787630573,0,55749
1787630573,1,54879
1787630578,0,55749
1787630578,1,54879
1787630583,0,55749
1787630583,1,54879
1787630588,0,55751
1787630588,1,54881
1787630593,0,55751
1787630593,1,54881
1787630598,0,59771
1787630598,1,58901
1787630603,0,59771
1787630603,1,58901
1787630608,0,59771
1787630608,1,58901
1787630613,0,59771
1787630613,1,58901
1787630618,0,59771
1787630618,1,58901
1787630624,0,59771
1787630624,1,58901
1787630629,0,59771
1787630629,1,58901
1787630634,0,59771
1787630634,1,58901
1787630639,0,59771
1787630639,1,58901
1787630644,0,59771
1787630644,1,58901
1787630649,0,59771
1787630649,1,58901
1787630654,0,59771
1787630654,1,58901
1787630659,0,59771
1787630659,1,58901
1787630664,0,59771
1787630664,1,58901
1787630669,0,59771
1787630669,1,58901
1787630674,0,84751
1787630674,1,84141
1787630679,0,84751
1787630679,1,84141
1787630684,0,84751
1787630684,1,84161
1787630689,0,84751
1787630689,1,84161
1787630694,0,84751
1787630694,1,84161
1787630699,0,84751
1787630699,1,84161
1787630704,0,84751
1787630704,1,84241
1787630710,0,84751
1787630710,1,84241
1787630715,0,84751
1787630715,1,84241
1787630720,0,84751
1787630720,1,84241
1787630725,0,85111
1787630725,1,84241
1787630730,0,85251
1787630730,1,84441
1787630735,0,86291
1787630735,1,85741
1787630740,0,87711
1787630740,1,87441
1787630745,0,87711
1787630745,1,87441
1787630750,0,87711
1787630750,1,87441
1787630755,0,87711
1787630755,1,87441
1787630760,0,87711
1787630760,1,87441
1787630765,0,87751
1787630765,1,87461
1787630770,0,87751
1787630770,1,87481
1787630775,0,87751
1787630775,1,87481
1787630780,0,87751
1787630780,1,87481
1787630785,0,87751
1787630785,1,87481
1787630790,0,87751
1787630790,1,87481
1787630796,0,87751
1787630796,1,87481
1787630801,0,87751
1787630801,1,87481
1787630806,0,87751
1787630806,1,87481
1787630811,0,87751
1787630811,1,87481
1787630816,0,87751
1787630816,1,87481
1787630821,0,87751
1787630821,1,87481
1787630826,0,87751
1787630826,1,87481
1787630831,0,87751
1787630831,1,87481
1787630836,0,87751
1787630836,1,87481
1787630841,0,87751
1787630841,1,87481
1787630846,0,87751
1787630846,1,87481
1787630851,0,87751
1787630851,1,87481
1787630856,0,87751
1787630856,1,87481
1787630861,0,87751
1787630861,1,87481
1787630866,0,87751
1787630866,1,87481
1787630871,0,87751
1787630871,1,87481
1787630876,0,119003
1787630876,1,117753
1787630882,0,119003
1787630882,1,117753
1787630887,0,119003
1787630887,1,117753
1787630892,0,119003
1787630892,1,117753
1787630897,0,119003
1787630897,1,117753
1787630902,0,119003
1787630902,1,117753
1787630907,0,54467
1787630907,1,53397
1787630912,0,54467
1787630912,1,53457
1787630917,0,54769
1787630917,1,53539
1787630922,0,55729
1787630922,1,54839
1787630927,0,55729
1787630927,1,54839
1787630932,0,55729
1787630932,1,54859
1787630937,0,55729
1787630937,1,54859
1787630942,0,55731
1787630942,1,54861
1787630947,0,55731
1787630947,1,54861
1787630952,0,59751
1787630952,1,58881
1787630957,0,59751
1787630957,1,58881
1787630962,0,59751
1787630962,1,58881
1787630968,0,59751
1787630968,1,58881
1787630973,0,59751
1787630973,1,58881
1787630978,0,59751
1787630978,1,58881
1787630983,0,59751
1787630983,1,58881
1787630988,0,59751
1787630988,1,58881
1787630993,0,59751
1787630993,1,58881
1787630998,0,59751
1787630998,1,58881
1787631003,0,59751
1787631003,1,58881
1787631008,0,59751
1787631008,1,58881
1787631013,0,59751
1787631013,1,58881
1787631018,0,59751
1787631018,1,58881
1787631023,0,59751
1787631023,1,58881
1787631028,0,84751
1787631028,1,84121
1787631033,0,84751
1787631033,1,84121
1787631038,0,84751
1787631038,1,84121
1787631043,0,84751
1787631043,1,84141
1787631048,0,84751
1787631048,1,84201
1787631054,0,84751
1787631054,1,84201
1787631059,0,84751
1787631059,1,84221
1787631064,0,84751
1787631064,1,84221
1787631069,0,84751
1787631069,1,84221
1787631074,0,84751
1787631074,1,84221
1787631079,0,84751
1787631079,1,84281
1787631084,0,85091
1787631084,1,84281
1787631089,0,85231
1787631089,1,84341
1787631094,0,87711
1787631094,1,87461
1787631099,0,87711
1787631099,1,87461
1787631104,0,87711
1787631104,1,87461
1787631109,0,87711
1787631109,1,87461
1787631114,0,87711
1787631114,1,87461
1787631119,0,87711
1787631119,1,87461
1787631124,0,87751
1787631124,1,87481
1787631129,0,87751
1787631129,1,87481
1787631134,0,87751
1787631134,1,87481
1787631140,0,87751
1787631140,1,87481
1787631145,0,87751
1787631145,1,87481
1787631150,0,87751
1787631150,1,87481
1787631155,0,87751
1787631155,1,87481
1787631160,0,87751
1787631160,1,87481
1787631165,0,87751
1787631165,1,87481
1787631170,0,87751
1787631170,1,87481
1787631175,0,87751
1787631175,1,87481
1787631180,0,87751
1787631180,1,87481
1787631185,0,87751
1787631185,1,87481
1787631190,0,87751
1787631190,1,87481
1787631195,0,87751
1787631195,1,87481
1787631200,0,87751
1787631200,1,87481
1787631205,0,87751
1787631205,1,87481
1787631210,0,87751
1787631210,1,87481
1787631215,0,87751
1787631215,1,87481
1787631220,0,87751
1787631220,1,87481
1787631226,0,116009
1787631226,1,114759
1787631231,0,119045
1787631231,1,117795
1787631236,0,119045
1787631236,1,117795
1787631241,0,119045
1787631241,1,117795
1787631246,0,119045
1787631246,1,117795
1787631251,0,119045
1787631251,1,117795
1787631256,0,119045
1787631256,1,117795
1787631261,0,54467
1787631261,1,53417
1787631266,0,54469
1787631266,1,53479
1787631271,0,55089
1787631271,1,54219
1787631276,0,55729
1787631276,1,54859
1787631281,0,55749
1787631281,1,54879
1787631286,0,55749
1787631286,1,54879
1787631291,0,55749
1787631291,1,54879
1787631296,0,55751
1787631296,1,54881
1787631301,0,55751
1787631301,1,54881
1787631306,0,59771
1787631306,1,58901
1787631312,0,59771
1787631312,1,58901
1787631317,0,59771
1787631317,1,58901
1787631322,0,59771
1787631322,1,58901
1787631327,0,59771
1787631327,1,58901
1787631332,0,59771
1787631332,1,58901
1787631337,0,59771
1787631337,1,58901
1787631342,0,59771
1787631342,1,58901
1787631347,0,59771
1787631347,1,58901
1787631352,0,59771
1787631352,1,58901
1787631357,0,59771
1787631357,1,58901
1787631362,0,59771
1787631362,1,58901
1787631367,0,59771
1787631367,1,58901
1787631372,0,59771
1787631372,1,58901
1787631377,0,59771
1787631377,1,58901
1787631382,0,84751
1787631382,1,84141
1787631387,0,84751
1787631387,1,84141
1787631392,0,84751
1787631392,1,84161
1787631398,0,84751
1787631398,1,84161
1787631403,0,84751
1787631403,1,84161
1787631408,0,84751
1787631408,1,84161
1787631413,0,84751
1787631413,1,84161
1787631418,0,84751
1787631418,1,84261
1787631423,0,84751
1787631423,1,84261
1787631428,0,85071
1787631428,1,84261
1787631433,0,85131
1787631433,1,84261
1787631438,0,85231
1787631438,1,84361
1787631443,0,85731
1787631443,1,85081
1787631448,0,87711
1787631448,1,87441
1787631453,0,87711
1787631453,1,87441
1787631458,0,87711
1787631458,1,87441
1787631463,0,87711
1787631463,1,87441
1787631468,0,87711
1787631468,1,87441
1787631473,0,87711
1787631473,1,87441
1787631478,0,87751
1787631478,1,87481
1787631484,0,87751
1787631484,1,87481
1787631489,0,87751
1787631489,1,87481
1787631494,0,87751
1787631494,1,87481
1787631499,0,87751
1787631499,1,87481
1787631504,0,87751
1787631504,1,87481
1787631509,0,87751
1787631509,1,87481
1787631514,0,87751
1787631514,1,87481
1787631519,0,87751
1787631519,1,87481
1787631524,0,87751
1787631524,1,87481
1787631529,0,87751
1787631529,1,87481
1787631534,0,87751
1787631534,1,87481
1787631539,0,87751
1787631539,1,87481
1787631544,0,87751
1787631544,1,87481
1787631549,0,87751
1787631549,1,87481
1787631554,0,87751
1787631554,1,87481
1787631559,0,87751
1787631559,1,87481
1787631564,0,87751
1787631564,1,87481
1787631570,0,87751
1787631570,1,87481
1787631575,0,87751
1787631575,1,87481
1787631580,0,116491
1787631580,1,115241
1787631585,0,118611
1787631585,1,117361
1787631590,0,118611
1787631590,1,117361
1787631595,0,118611
1787631595,1,117361
1787631600,0,118611
1787631600,1,117361
1787631605,0,118611
1787631605,1,117361
1787631610,0,118611
1787631610,1,117361
1787631615,0,54467
1787631615,1,53437
1787631620,0,54469
1787631620,1,53499
1787631625,0,55069
1787631625,1,54199
1787631630,0,55729
1787631630,1,54859
1787631635,0,55749
1787631635,1,54879
1787631640,0,55749
1787631640,1,54879
1787631645,0,55749
1787631645,1,54879
1787631650,0,55751
1787631650,1,54881
1787631656,0,55751
1787631656,1,54881
1787631661,0,59771
1787631661,1,58901
1787631666,0,59771
1787631666,1,58901
1787631671,0,59771
1787631671,1,58901
1787631676,0,59771
1787631676,1,58901
1787631681,0,59771
1787631681,1,58901
1787631686,0,59771
1787631686,1,58901
1787631691,0,59771
1787631691,1,58901
1787631696,0,59771
1787631696,1,58901
1787631701,0,59771
1787631701,1,58901
1787631706,0,59771
1787631706,1,58901
1787631711,0,59771
1787631711,1,58901
1787631716,0,59771
1787631716,1,58901
1787631721,0,59771
1787631721,1,58901
1787631726,0,59771
1787631726,1,58901
1787631731,0,59771
1787631731,1,58901
1787631736,0,84751
1787631736,1,84141
1787631742,0,84751
1787631742,1,84141
1787631747,0,84751
1787631747,1,84141
1787631752,0,84751
1787631752,1,84161
1787631757,0,84751
1787631757,1,84241
1787631762,0,84751
1787631762,1,84261
1787631767,0,84751
1787631767,1,84261
1787631772,0,84751
1787631772,1,84281
1787631777,0,84751
1787631777,1,84281
1787631782,0,85091
1787631782,1,84281
1787631787,0,85151
1787631787,1,84281
1787631792,0,85291
1787631792,1,84481
1787631797,0,86451
1787631797,1,86001
1787631802,0,87711
1787631802,1,87441
1787631807,0,87711
1787631807,1,87441
1787631812,0,87711
1787631812,1,87441
1787631817,0,87711
1787631817,1,87441
1787631822,0,87711
1787631822,1,87441
1787631827,0,87711
1787631827,1,87441
1787631833,0,87731
1787631833,1,87461
1787631838,0,87751
1787631838,1,87481
1787631843,0,87751
1787631843,1,87481
1787631848,0,87751
1787631848,1,87481
1787631853,0,87751
1787631853,1,87481
1787631858,0,87751
1787631858,1,87481
1787631863,0,87751
1787631863,1,87481
1787631868,0,87751
1787631868,1,87481
1787631873,0,87751
1787631873,1,87481
1787631878,0,87751
1787631878,1,87481
1787631883,0,87751
1787631883,1,87481
1787631888,0,87751
1787631888,1,87481
1787631893,0,87751
1787631893,1,87481
1787631898,0,87751
1787631898,1,87481
1787631903,0,87751
1787631903,1,87481
1787631908,0,87751
1787631908,1,87481
1787631913,0,87751
1787631913,1,87481
1787631919,0,87751
1787631919,1,87481
1787631924,0,87751
1787631924,1,87481
1787631929,0,87751
1787631929,1,87481
1787631934,0,125367
1787631934,1,125813
1787631939,0,118737
1787631939,1,117487
1787631944,0,118737
1787631944,1,117487
1787631949,0,118737
1787631949,1,117487
1787631954,0,118737
1787631954,1,117487
1787631959,0,118737
1787631959,1,117487
1787631964,0,118737
1787631964,1,117487
1787631969,0,54467
1787631969,1,53377
1787631974,0,54467
1787631974,1,53457
1787631979,0,54829
1787631979,1,53599
1787631984,0,55729
1787631984,1,54859
1787631989,0,55729
1787631989,1,54859
1787631994,0,55729
1787631994,1,54879
1787631999,0,55729
1787631999,1,54879
1787632005,0,55729
1787632005,1,54879
1787632010,0,55731
1787632010,1,54881
1787632015,0,55731
1787632015,1,54881
1787632020,0,59751
1787632020,1,58901
1787632025,0,59751
1787632025,1,58901
1787632030,0,59751
1787632030,1,58901
1787632035,0,59751
1787632035,1,58901
1787632040,0,59751
1787632040,1,58901
1787632045,0,59751
1787632045,1,58901
1787632050,0,59751
1787632050,1,58901
1787632055,0,59751
1787632055,1,58901
1787632060,0,59751
1787632060,1,58901
1787632065,0,59751
1787632065,1,58901
1787632070,0,59751
1787632070,1,58901
1787632075,0,59751
1787632075,1,58901
1787632080,0,59751
1787632080,1,58901
1787632085,0,59751
1787632085,1,58901
1787632091,0,61971
1787632091,1,61161
1787632096,0,84751
1787632096,1,84141
1787632101,0,84751
1787632101,1,84161
1787632106,0,84751
1787632106,1,84161
1787632111,0,84751
1787632111,1,84161
1787632116,0,84751
1787632116,1,84161
1787632121,0,84751
1787632121,1,84261
1787632126,0,84751
1787632126,1,84281
1787632131,0,84751
1787632131,1,84281
1787632136,0,85071
1787632136,1,84281
1787632141,0,85131
1787632141,1,84281
1787632146,0,85291
1787632146,1,84461
1787632151,0,85911
1787632151,1,85321
1787632156,0,87711
1787632156,1,87441
1787632161,0,87711
1787632161,1,87441
1787632166,0,87711
1787632166,1,87441
1787632171,0,87711
1787632171,1,87441
1787632177,0,87711
1787632177,1,87441
1787632182,0,87711
1787632182,1,87441
1787632187,0,87711
1787632187,1,87441
1787632192,0,87731
1787632192,1,87461
1787632197,0,87731
1787632197,1,87461
1787632202,0,87731
1787632202,1,87461
1787632207,0,87731
1787632207,1,87461
1787632212,0,87731
1787632212,1,87461
1787632217,0,87731
1787632217,1,87461
1787632222,0,87731
1787632222,1,87461
1787632227,0,87731
1787632227,1,87461
1787632232,0,87731
1787632232,1,87461
1787632237,0,87731
1787632237,1,87461
1787632242,0,87731
1787632242,1,87461
1787632247,0,87731
1787632247,1,87461
1787632252,0,87731
1787632252,1,87461
1787632257,0,87731
1787632257,1,87461
1787632263,0,87731
1787632263,1,87461
1787632268,0,87731
1787632268,1,87461
1787632273,0,87731
1787632273,1,87461
1787632278,0,87731
1787632278,1,87461
1787632283,0,87731
1787632283,1,87461
1787632288,0,87731
1787632288,1,87461
1787632293,0,57599
1787632293,1,56349
1787632298,0,118725
1787632298,1,117475
1787632303,0,118725
1787632303,1,117475
1787632308,0,118725
1787632308,1,117475
1787632313,0,118725
1787632313,1,117475
1787632318,0,118725
1787632318,1,117475
1787632323,0,118725
1787632323,1,117475
1787632328,0,51243
1787632328,1,49993
1787632333,0,54467
1787632333,1,53457
1787632338,0,54789
1787632338,1,53559
1787632343,0,55729
1787632343,1,54859
1787632349,0,55729
1787632349,1,54859
1787632354,0,55729
1787632354,1,54859
1787632359,0,55729
1787632359,1,54859
1787632364,0,55729
1787632364,1,54859
1787632369,0,55731
1787632369,1,54861
1787632374,0,55731
1787632374,1,54861
1787632379,0,59751
1787632379,1,58881
1787632384,0,59751
1787632384,1,58881
1787632389,0,59751
1787632389,1,58881
1787632394,0,59751
1787632394,1,58881
1787632399,0,59751
1787632399,1,58881
1787632404,0,59751
1787632404,1,58881
1787632409,0,59751
1787632409,1,58881
1787632414,0,59751
1787632414,1,58881
1787632419,0,59751
1787632419,1,58881
1787632424,0,59751
1787632424,1,58881
1787632430,0,59751
1787632430,1,58881
1787632435,0,59751
1787632435,1,58881
1787632440,0,59751
1787632440,1,58881
1787632445,0,59751
1787632445,1,58881
1787632450,0,59751
1787632450,1,58881
1787632455,0,84751
1787632455,1,84141
1787632460,0,84751
1787632460,1,84141
1787632465,0,84751
1787632465,1,84161
1787632470,0,84751
1787632470,1,84161
1787632475,0,84751
1787632475,1,84161
1787632480,0,84751
1787632480,1,84161
1787632485,0,84751
1787632485,1,84161
1787632490,0,84751
1787632490,1,84281
1787632495,0,84751
1787632495,1,84281
1787632500,0,85171
1787632500,1,84301
1787632505,0,85311
1787632505,1,84621
1787632510,0,87651
1787632510,1,87421
1787632516,0,87711
1787632516,1,87441
1787632521,0,87711
1787632521,1,87441
1787632526,0,87711
1787632526,1,87441
1787632531,0,87711
1787632531,1,87441
1787632536,0,87711
1787632536,1,87441
1787632541,0,87711
1787632541,1,87441
1787632546,0,87711
1787632546,1,87441
1787632551,0,87711
1787632551,1,87441
1787632556,0,87711
1787632556,1,87441
1787632561,0,87711
1787632561,1,87441
1787632566,0,87711
1787632566,1,87441
1787632571,0,87711
1787632571,1,87441
1787632576,0,87711
1787632576,1,87441
1787632581,0,87711
1787632581,1,87441
1787632586,0,87711
1787632586,1,87441
1787632591,0,87711
1787632591,1,87441
1787632596,0,87711
1787632596,1,87441
1787632602,0,87711
1787632602,1,87441
1787632607,0,87711
1787632607,1,87441
1787632612,0,87711
1787632612,1,87441
1787632617,0,87711
1787632617,1,87441
1787632622,0,87711
1787632622,1,87441
1787632627,0,87711
1787632627,1,87441
1787632632,0,87711
1787632632,1,87441
1787632637,0,87711
1787632637,1,87441
1787632642,0,87711
1787632642,1,87441
1787632647,0,87711
1787632647,1,87441
1787632652,0,125367
1787632652,1,125813
1787632657,0,118855
1787632657,1,117605
1787632662,0,118855
1787632662,1,117605
1787632667,0,118855
1787632667,1,117605
1787632672,0,118855
1787632672,1,117605
1787632677,0,118855
1787632677,1,117605
1787632682,0,118855
1787632682,1,117605
1787632688,0,54467
1787632688,1,53397
1787632693,0,54467
1787632693,1,53457
1787632698,0,54829
1787632698,1,53599
1787632703,0,55729
1787632703,1,54859
1787632708,0,55729
1787632708,1,54859
1787632713,0,55729
1787632713,1,54859
1787632718,0,55729
1787632718,1,54859
1787632723,0,55731
1787632723,1,54861
1787632728,0,55731
1787632728,1,54861
1787632733,0,59751
1787632733,1,58881
1787632738,0,59751
1787632738,1,58881
1787632743,0,59751
1787632743,1,58881
1787632748,0,59751
1787632748,1,58881
1787632753,0,59751
1787632753,1,58881
1787632758,0,59751
1787632758,1,58881
1787632763,0,59751
1787632763,1,58881
1787632768,0,59751
1787632768,1,58881
1787632774,0,59751
1787632774,1,58881
1787632779,0,59751
1787632779,1,58881
1787632784,0,59751
1787632784,1,58881
1787632789,0,59751
1787632789,1,58881
1787632794,0,59751
1787632794,1,58881
1787632799,0,59751
1787632799,1,58881
1787632804,0,59751
1787632804,1,58881
1787632809,0,82671
1787632809,1,81801
1787632814,0,84751
1787632814,1,84141
1787632819,0,84751
1787632819,1,84141
1787632824,0,84751
1787632824,1,84161
1787632829,0,84751
1787632829,1,84161
1787632834,0,84751
1787632834,1,84161
1787632839,0,84751
1787632839,1,84161
1787632844,0,84751
1787632844,1,84161
1787632849,0,84751
1787632849,1,84281
1787632854,0,85071
1787632854,1,84281
1787632859,0,85111
1787632859,1,84281
1787632865,0,85211
1787632865,1,84481
1787632870,0,86111
1787632870,1,85581
1787632875,0,87711
1787632875,1,87441
1787632880,0,87711
1787632880,1,87441
1787632885,0,87711
1787632885,1,87441
1787632890,0,87711
1787632890,1,87441
1787632895,0,87711
1787632895,1,87441
1787632900,0,87711
1787632900,1,87441
1787632905,0,87711
1787632905,1,87441
1787632910,0,87711
1787632910,1,87441
1787632915,0,87711
1787632915,1,87441
1787632920,0,87711
1787632920,1,87441
1787632925,0,87711
1787632925,1,87441
1787632930,0,87711
1787632930,1,87441
1787632935,0,87711
1787632935,1,87441
1787632940,0,87711
1787632940,1,87441
1787632945,0,87711
1787632945,1,87441
1787632951,0,87711
1787632951,1,87441
1787632956,0,87711
1787632956,1,87441
1787632961,0,87711
1787632961,1,87441
1787632966,0,87711
1787632966,1,87441
1787632971,0,87711
1787632971,1,87441
1787632976,0,87711
1787632976,1,87441
1787632981,0,87711
1787632981,1,87441
1787632986,0,87711
1787632986,1,87441
1787632991,0,87711
1787632991,1,87441
1787632996,0,87711
1787632996,1,87441
1787633001,0,87711
1787633001,1,87441
1787633006,0,97191
1787633006,1,96341
1787633011,0,119327
1787633011,1,118077
1787633016,0,119327
1787633016,1,118077
1787633021,0,119327
1787633021,1,118077
1787633026,0,119327
1787633026,1,118077
1787633031,0,119327
1787633031,1,118077
1787633037,0,119327
1787633037,1,118077
1787633042,0,119327
1787633042,1,118077
1787633047,0,53521
1787633047,1,52271
1787633052,0,54467
1787633052,1,53417
1787633057,0,54469
1787633057,1,53499
1787633062,0,55729
1787633062,1,54859
1787633067,0,55729
1787633067,1,54859
1787633072,0,55729
1787633072,1,54859
1787633077,0,55729
1787633077,1,54859
1787633082,0,55729
1787633082,1,54859
1787633087,0,55731
1787633087,1,54861
1787633092,0,55731
1787633092,1,54861
1787633097,0,59751
1787633097,1,58881
1787633102,0,59751
1787633102,1,58881
1787633107,0,59751
1787633107,1,58881
1787633112,0,59751
1787633112,1,58881
1787633117,0,59751
1787633117,1,58881
1787633123,0,59751
1787633123,1,58881
1787633128,0,59751
1787633128,1,58881
1787633133,0,59751
1787633133,1,58881
1787633138,0,59751
1787633138,1,58881
1787633143,0,59751
1787633143,1,58881
1787633148,0,59751
1787633148,1,58881
1787633153,0,59751
1787633153,1,58881
1787633158,0,59751
1787633158,1,58881
1787633163,0,59751
1787633163,1,58881
1787633168,0,59751
1787633168,1,58881
1787633173,0,84751
1787633173,1,84141
1787633178,0,84751
1787633178,1,84141
1787633183,0,84751
1787633183,1,84141
1787633188,0,84751
1787633188,1,84161
1787633193,0,84751
1787633193,1,84161
1787633198,0,84751
1787633198,1,84161
1787633203,0,84751
1787633203,1,84161
1787633209,0,84751
1787633209,1,84281
1787633214,0,85051
1787633214,1,84321
1787633219,0,85111
1787633219,1,84321
1787633224,0,85331
1787633224,1,84601
1787633229,0,87711
1787633229,1,87441
1787633234,0,87711
1787633234,1,87441
1787633239,0,87711
1787633239,1,87441
1787633244,0,87711
1787633244,1,87441
1787633249,0,87711
1787633249,1,87441
1787633254,0,87711
1787633254,1,87441
1787633259,0,87711
1787633259,1,87441
1787633264,0,87711
1787633264,1,87441
1787633269,0,87711
1787633269,1,87441
1787633274,0,87711
1787633274,1,87441
1787633279,0,87711
1787633279,1,87441
1787633284,0,87711
1787633284,1,87441
1787633289,0,87711
1787633289,1,87441
1787633295,0,87711
1787633295,1,87441
1787633300,0,87711
1787633300,1,87441
1787633305,0,87711
1787633305,1,87441
1787633310,0,87711
1787633310,1,87441
1787633315,0,87711
1787633315,1,87441
1787633320,0,87711
1787633320,1,87441
1787633325,0,87711
1787633325,1,87441
1787633330,0,87711
1787633330,1,87441
1787633335,0,87711
1787633335,1,87441
1787633340,0,87711
1787633340,1,87441
1787633345,0,87711
1787633345,1,87441
1787633350,0,87711
1787633350,1,87441
1787633355,0,87711
1787633355,1,87441
1787633360,0,87711
1787633360,1,87441
1787633365,0,87711
1787633365,1,87441
1787633370,0,87711
1787633370,1,87441
1787633375,0,118751
1787633375,1,117501
1787633381,0,118751
1787633381,1,117501
1787633386,0,118751
1787633386,1,117501
1787633391,0,118751
1787633391,1,117501
1787633396,0,118751
1787633396,1,117501
1787633401,0,118751
1787633401,1,117501
1787633406,0,54467
1787633406,1,53397
1787633411,0,54467
1787633411,1,53457
1787633416,0,54789
1787633416,1,53559
1787633421,0,55729
1787633421,1,54859
1787633426,0,55729
1787633426,1,54859
1787633431,0,55749
1787633431,1,54879
1787633436,0,55749
1787633436,1,54879
1787633441,0,55751
1787633441,1,54881
1787633446,0,55751
1787633446,1,54881
1787633451,0,59771
1787633451,1,58901
1787633456,0,59771
1787633456,1,58901
1787633461,0,59771
1787633461,1,58901
1787633467,0,59771
1787633467,1,58901
1787633472,0,59771
1787633472,1,58901
1787633477,0,59771
1787633477,1,58901
1787633482,0,59771
1787633482,1,58901
1787633487,0,59771
1787633487,1,58901
1787633492,0,59771
1787633492,1,58901
1787633497,0,59771
1787633497,1,58901
1787633502,0,59771
1787633502,1,58901
1787633507,0,59771
1787633507,1,58901
1787633512,0,59771
1787633512,1,58901
1787633517,0,59771
1787633517,1,58901
1787633522,0,59771
1787633522,1,58901
1787633527,0,82671
1787633527,1,81801
1787633532,0,84751
1787633532,1,84141
1787633537,0,84751
1787633537,1,84141
1787633542,0,84751
1787633542,1,84141
1787633547,0,84751
1787633547,1,84161
1787633553,0,84751
1787633553,1,84161
1787633558,0,84751
1787633558,1,84161
1787633563,0,84751
1787633563,1,84261
1787633568,0,84751
1787633568,1,84281
1787633573,0,84751
1787633573,1,84281
1787633578,0,85071
1787633578,1,84281
1787633583,0,85131
1787633583,1,84281
1787633588,0,85271
1787633588,1,84441
1787633593,0,87551
1787633593,1,87301
1787633598,0,87711
1787633598,1,87441
1787633603,0,87711
1787633603,1,87441
1787633608,0,87711
1787633608,1,87441
1787633613,0,87711
1787633613,1,87441
1787633618,0,87711
1787633618,1,87441
1787633623,0,87711
1787633623,1,87441
1787633628,0,87751
1787633628,1,87481
1787633633,0,87751
1787633633,1,87481
1787633639,0,87751
1787633639,1,87481
1787633644,0,87751
1787633644,1,87481
1787633649,0,87751
1787633649,1,87481
1787633654,0,87751
1787633654,1,87481
1787633659,0,87751
1787633659,1,87481
1787633664,0,87751
1787633664,1,87481
1787633669,0,87751
1787633669,1,87481
1787633674,0,87751
1787633674,1,87481
1787633679,0,87751
1787633679,1,87481
1787633684,0,87751
1787633684,1,87481
1787633689,0,87751
1787633689,1,87481
1787633694,0,87751
1787633694,1,87481
1787633699,0,87751
1787633699,1,87481
1787633704,0,87751
1787633704,1,87481
1787633709,0,87751
1787633709,1,87481
1787633714,0,87751
1787633714,1,87481
1787633719,0,87751
1787633719,1,87481
1787633725,0,87751
1787633725,1,87481
1787633730,0,125367
1787633730,1,125813
1787633735,0,118829
1787633735,1,117579
1787633740,0,118829
1787633740,1,117579
1787633745,0,118829
1787633745,1,117579
1787633750,0,118829
1787633750,1,117579
1787633755,0,118829
1787633755,1,117579
1787633760,0,53023
1787633760,1,51773
1787633765,0,54467
1787633765,1,53437
1787633770,0,54469
1787633770,1,53519
1787633775,0,55089
1787633775,1,54219
1787633780,0,55729
1787633780,1,54859
1787633785,0,55729
1787633785,1,54859
1787633790,0,55729
1787633790,1,54859
1787633795,0,55731
1787633795,1,54861
1787633800,0,55731
1787633800,1,54861
1787633805,0,55731
1787633805,1,54861
1787633811,0,59751
1787633811,1,58881
1787633816,0,59751
1787633816,1,58881
1787633821,0,59751
1787633821,1,58881
1787633826,0,59751
1787633826,1,58881
1787633831,0,59751
1787633831,1,58881
1787633836,0,59751
1787633836,1,58881
1787633841,0,59751
1787633841,1,58881
1787633846,0,59751
1787633846,1,58881
1787633851,0,59751
1787633851,1,58881
1787633856,0,59751
1787633856,1,58881
1787633861,0,59751
1787633861,1,58881
1787633866,0,59751
1787633866,1,58881
1787633871,0,59751
1787633871,1,58881
1787633876,0,59751
1787633876,1,58881
1787633881,0,67751
1787633881,1,66921
1787633886,0,84751
1787633886,1,84141
1787633891,0,84751
1787633891,1,84141
1787633896,0,84751
1787633896,1,84141
1787633902,0,84751
1787633902,1,84161
1787633907,0,84751
1787633907,1,84241
1787633912,0,84751
1787633912,1,84241
1787633917,0,84751
1787633917,1,84261
1787633922,0,84751
1787633922,1,84281
1787633927,0,84751
1787633927,1,84281
1787633932,0,85051
1787633932,1,84281
1787633937,0,85111
1787633937,1,84281
1787633942,0,85171
1787633942,1,84301
1787633947,0,85371
1787633947,1,84601
1787633952,0,87251
1787633952,1,86921
1787633957,0,87711
1787633957,1,87441
1787633962,0,87711
1787633962,1,87441
1787633967,0,87711
1787633967,1,87441
1787633972,0,87711
1787633972,1,87441
1787633977,0,87711
1787633977,1,87441
1787633982,0,87711
1787633982,1,87441
1787633988,0,87711
1787633988,1,87441
1787633993,0,87711
1787633993,1,87441
1787633998,0,87711
1787633998,1,87441
1787634003,0,87711
1787634003,1,87441
1787634008,0,87711
1787634008,1,87441
1787634013,0,87711
1787634013,1,87441
1787634018,0,87711
1787634018,1,87441
1787634023,0,87711
1787634023,1,87441
1787634028,0,87711
1787634028,1,87441
1787634033,0,87711
1787634033,1,87441
1787634038,0,87711
1787634038,1,87441
1787634043,0,87711
1787634043,1,87441
1787634048,0,87711
1787634048,1,87441
1787634053,0,87711
1787634053,1,87441
1787634058,0,87711
1787634058,1,87441
1787634063,0,87711
1787634063,1,87441
1787634068,0,87711
1787634068,1,87441
1787634074,0,87711
1787634074,1,87441
1787634079,0,117177
1787634079,1,117623
1787634084,0,118795
1787634084,1,117545
1787634089,0,118795
1787634089,1,117545
1787634094,0,118795
1787634094,1,117545
1787634099,0,118795
1787634099,1,117545
1787634104,0,118795
1787634104,1,117545
1787634109,0,118795
1787634109,1,117545
1787634114,0,54467
1787634114,1,53397
1787634119,0,54469
1787634119,1,53479
1787634124,0,54889
1787634124,1,53999
1787634129,0,55729
1787634129,1,54859
1787634134,0,55749
1787634134,1,54879
1787634139,0,55749
1787634139,1,54879
1787634144,0,55749
1787634144,1,54879
1787634149,0,55751
1787634149,1,54881
1787634154,0,55751
1787634154,1,54881
1787634160,0,59771
1787634160,1,58901
1787634165,0,59771
1787634165,1,58901
1787634170,0,59771
1787634170,1,58901
1787634175,0,59771
1787634175,1,58901
1787634180,0,59771
1787634180,1,58901
1787634185,0,59771
1787634185,1,58901
1787634190,0,59771
1787634190,1,58901
1787634195,0,59771
1787634195,1,58901
1787634200,0,59771
1787634200,1,58901
1787634205,0,59771
1787634205,1,58901
1787634210,0,59771
1787634210,1,58901
1787634215,0,59771
1787634215,1,58901
1787634220,0,59771
1787634220,1,58901
1787634225,0,59771
1787634225,1,58901
1787634230,0,59771
1787634230,1,58901
1787634235,0,84751
1787634235,1,84141
1787634240,0,84751
1787634240,1,84141
1787634246,0,84751
1787634246,1,84141
1787634251,0,84751
1787634251,1,84141
1787634256,0,84751
1787634256,1,84161
1787634261,0,84751
1787634261,1,84161
1787634266,0,84751
1787634266,1,84161
1787634271,0,84751
1787634271,1,84281
1787634276,0,84751
1787634276,1,84301
1787634281,0,85091
1787634281,1,84341
1787634286,0,85111
1787634286,1,84341
1787634291,0,85171
1787634291,1,84341
1787634296,0,85311
1787634296,1,84521
1787634301,0,87471
1787634301,1,87261
1787634306,0,87711
1787634306,1,87441
1787634311,0,87711
1787634311,1,87441
1787634317,0,87711
1787634317,1,87441
1787634322,0,87711
1787634322,1,87441
1787634327,0,87711
1787634327,1,87441
1787634332,0,87751
1787634332,1,87481
1787634337,0,87751
1787634337,1,87481
1787634342,0,87751
1787634342,1,87481
1787634347,0,87751
1787634347,1,87481
1787634352,0,87751
1787634352,1,87481
1787634357,0,87751
1787634357,1,87481
1787634362,0,87751
1787634362,1,87481
1787634367,0,87751
1787634367,1,87481
1787634372,0,87751
1787634372,1,87481
1787634377,0,87751
1787634377,1,87481
1787634382,0,87751
1787634382,1,87481
1787634387,0,87751
1787634387,1,87481
1787634392,0,87751
1787634392,1,87481
1787634397,0,87751
1787634397,1,87481
1787634403,0,87751
1787634403,1,87481
1787634408,0,87751
1787634408,1,87481
1787634413,0,87751
1787634413,1,87481
1787634418,0,87751
1787634418,1,87481
1787634423,0,87751
1787634423,1,87481
1787634428,0,87751
1787634428,1,87481
1787634433,0,76927
1787634433,1,76137
1787634438,0,118857
1787634438,1,117607
1787634443,0,118857
1787634443,1,117607
1787634448,0,118857
1787634448,1,117607
1787634453,0,118857
1787634453,1,117607
1787634458,0,118857
1787634458,1,117607
1787634463,0,118857
1787634463,1,117607
1787634468,0,54465
1787634468,1,53295
1787634473,0,54467
1787634473,1,53457
1787634478,0,54849
1787634478,1,53999
1787634484,0,55729
1787634484,1,54859
1787634489,0,55729
1787634489,1,54859
1787634494,0,55749
1787634494,1,54879
1787634499,0,55749
1787634499,1,54879
1787634504,0,55749
1787634504,1,54879
1787634509,0,55751
1787634509,1,54881
1787634514,0,55751
1787634514,1,54881
1787634519,0,59771
1787634519,1,58901
1787634524,0,59771
1787634524,1,58901
1787634529,0,59771
1787634529,1,58901
1787634534,0,59771
1787634534,1,58901
1787634539,0,59771
1787634539,1,58901
1787634544,0,59771
1787634544,1,58901
1787634549,0,59771
1787634549,1,58901
1787634554,0,59771
1787634554,1,58901
1787634559,0,59771
1787634559,1,58901
1787634564,0,59771
1787634564,1,58901
1787634570,0,59771
1787634570,1,58901
1787634575,0,59771
1787634575,1,58901
1787634580,0,59771
1787634580,1,58901
1787634585,0,59771
1787634585,1,58901
1787634590,0,62891
1787634590,1,62061
1787634595,0,84751
1787634595,1,84141
1787634600,0,84751
1787634600,1,84161
1787634605,0,84751
1787634605,1,84161
1787634610,0,84751
1787634610,1,84161
1787634615,0,84751
1787634615,1,84161
1787634620,0,84751
1787634620,1,84161
1787634625,0,84751
1787634625,1,84161
1787634630,0,84751
1787634630,1,84181
1787634635,0,85111
1787634635,1,84341
1787634640,0,85191
1787634640,1,84341
1787634645,0,85291
1787634645,1,84481
1787634651,0,86251
1787634651,1,85721
1787634656,0,87711
1787634656,1,87441
1787634661,0,87711
1787634661,1,87441
1787634666,0,87711
1787634666,1,87441
1787634671,0,87711
1787634671,1,87441
1787634676,0,87711
1787634676,1,87441
1787634681,0,87711
1787634681,1,87441
1787634686,0,87711
1787634686,1,87441
1787634691,0,87751
1787634691,1,87481
1787634696,0,87751
1787634696,1,87481
1787634701,0,87751
1787634701,1,87481
1787634706,0,87751
1787634706,1,87481
1787634711,0,87751
1787634711,1,87481
1787634716,0,87751
1787634716,1,87481
1787634721,0,87751
1787634721,1,87481
1787634726,0,87751
1787634726,1,87481
1787634731,0,87751
1787634731,1,87481
1787634737,0,87751
1787634737,1,87481
1787634742,0,87751
1787634742,1,87481
1787634747,0,87751
1787634747,1,87481
1787634752,0,87751
1787634752,1,87481
1787634757,0,87751
1787634757,1,87481
1787634762,0,87751
1787634762,1,87481
1787634767,0,87751
1787634767,1,87481
1787634772,0,87751
1787634772,1,87481
1787634777,0,87751
1787634777,1,87481
1787634782,0,87751
1787634782,1,87481
1787634787,0,87751
1787634787,1,87481
1787634792,0,61759
1787634792,1,60509
1787634797,0,119265
1787634797,1,118015
1787634802,0,119265
1787634802,1,118015
1787634807,0,119265
1787634807,1,118015
1787634812,0,119265
1787634812,1,118015
1787634817,0,119265
1787634817,1,118015
1787634823,0,119265
1787634823,1,118015
1787634828,0,54467
1787634828,1,53437
1787634833,0,54469
1787634833,1,53499
1787634838,0,54989
1787634838,1,54139
1787634843,0,55729
1787634843,1,54859
1787634848,0,55749
1787634848,1,54879
1787634853,0,55749
1787634853,1,54879
1787634858,0,55749
1787634858,1,54879
1787634863,0,55751
1787634863,1,54881
1787634868,0,55751
1787634868,1,54881
1787634873,0,59771
1787634873,1,58901
1787634878,0,59771
1787634878,1,58901
1787634883,0,59771
1787634883,1,58901
1787634888,0,59771
1787634888,1,58901
1787634893,0,59771
1787634893,1,58901
1787634898,0,59771
1787634898,1,58901
1787634903,0,59771
1787634903,1,58901
1787634909,0,59771
1787634909,1,58901
1787634914,0,59771
1787634914,1,58901
1787634919,0,59771
1787634919,1,58901
1787634924,0,59771
1787634924,1,58901
1787634929,0,59771
1787634929,1,58901
1787634934,0,59771
1787634934,1,58901
1787634939,0,59771
1787634939,1,58901
1787634944,0,59771
1787634944,1,58901
1787634949,0,84751
1787634949,1,84141
1787634954,0,84751
1787634954,1,84141
1787634959,0,84751
1787634959,1,84141
1787634964,0,84751
1787634964,1,84161
1787634969,0,84751
1787634969,1,84241
1787634974,0,84751
1787634974,1,84241
1787634979,0,84751
1787634979,1,84281
1787634984,0,84751
1787634984,1,84281
1787634989,0,85051
1787634989,1,84321
1787634995,0,85071
1787634995,1,84321
1787635000,0,85131
1787635000,1,84321
1787635005,0,85231
1787635005,1,84361
1787635010,0,85651
1787635010,1,85021
1787635015,0,87511
1787635015,1,87261
1787635020,0,87711
1787635020,1,87441
1787635025,0,87711
1787635025,1,87441
1787635030,0,87711
1787635030,1,87441
1787635035,0,87711
1787635035,1,87441
1787635040,0,87711
1787635040,1,87441
1787635045,0,87751
1787635045,1,87481
1787635050,0,87751
1787635050,1,87481
1787635055,0,87751
1787635055,1,87481
1787635060,0,87751
1787635060,1,87481
1787635065,0,87751
1787635065,1,87481
1787635070,0,87751
1787635070,1,87481
1787635075,0,87751
1787635075,1,87481
1787635080,0,87751
1787635080,1,87481
1787635086,0,87751
1787635086,1,87481
1787635091,0,87751
1787635091,1,87481
1787635096,0,87751
1787635096,1,87481
1787635101,0,87751
1787635101,1,87481
1787635106,0,87751
1787635106,1,87481
1787635111,0,87751
1787635111,1,87481
1787635116,0,87751
1787635116,1,87481
1787635121,0,87751
1787635121,1,87481
1787635126,0,87751
1787635126,1,87481
1787635131,0,87751
1787635131,1,87481
1787635136,0,87751
1787635136,1,87481
1787635141,0,87751
1787635141,1,87481
1787635146,0,118739
1787635146,1,117489
1787635151,0,118739
1787635151,1,117489
1787635156,0,118739
1787635156,1,117489
1787635161,0,118739
1787635161,1,117489
1787635166,0,118739
1787635166,1,117489
1787635172,0,118739
1787635172,1,117489
1787635177,0,118739
1787635177,1,117489
1787635182,0,54467
1787635182,1,53397
1787635187,0,54469
1787635187,1,53499
1787635192,0,54909
1787635192,1,54059
1787635197,0,55729
1787635197,1,54859
1787635202,0,55729
1787635202,1,54859
1787635207,0,55729
1787635207,1,54879
1787635212,0,55729
1787635212,1,54879
1787635217,0,55729
1787635217,1,54879
1787635222,0,55731
1787635222,1,54881
1787635227,0,59311
1787635227,1,58461
1787635232,0,59751
1787635232,1,58901
1787635237,0,59751
1787635237,1,58901
1787635242,0,59751
1787635242,1,58901
1787635247,0,59751
1787635247,1,58901
1787635252,0,59751
1787635252,1,58901
1787635258,0,59751
1787635258,1,58901
1787635263,0,59751
1787635263,1,58901
1787635268,0,59751
1787635268,1,58901
1787635273,0,59751
1787635273,1,58901
1787635278,0,59751
1787635278,1,58901
1787635283,0,59751
1787635283,1,58901
1787635288,0,59751
1787635288,1,58901
1787635293,0,59751
1787635293,1,58901
1787635298,0,59751
1787635298,1,58901
1787635303,0,69531
1787635303,1,68721
1787635308,0,84751
1787635308,1,84141
1787635313,0,84751
1787635313,1,84161
1787635318,0,84751
1787635318,1,84161
1787635323,0,84751
1787635323,1,84161
1787635328,0,84751
1787635328,1,84161
1787635333,0,84751
1787635333,1,84281
1787635338,0,84751
1787635338,1,84281
1787635344,0,85091
1787635344,1,84281
1787635349,0,85131
1787635349,1,84281
1787635354,0,85191
1787635354,1,84421
1787635359,0,85411
1787635359,1,84701
1787635364,0,87551
1787635364,1,87221
1787635369,0,87711
1787635369,1,87441
1787635374,0,87711
1787635374,1,87441
1787635379,0,87711
1787635379,1,87441
1787635384,0,87711
1787635384,1,87441
1787635389,0,87711
1787635389,1,87441
1787635394,0,87711
1787635394,1,87441
1787635399,0,87711
1787635399,1,87441
1787635404,0,87731
1787635404,1,87461
1787635409,0,87731
1787635409,1,87461
1787635414,0,87731
1787635414,1,87461
1787635419,0,87731
1787635419,1,87461
1787635424,0,87731
1787635424,1,87461
1787635430,0,87731
1787635430,1,87461
1787635435,0,87731
1787635435,1,87461
1787635440,0,87731
1787635440,1,87461
1787635445,0,87731
1787635445,1,87461
1787635450,0,87731
1787635450,1,87461
1787635455,0,87731
1787635455,1,87461
1787635460,0,87731
1787635460,1,87461
1787635465,0,87731
1787635465,1,87461
1787635470,0,87731
1787635470,1,87461
1787635475,0,87731
1787635475,1,87461
1787635480,0,87731
1787635480,1,87461
1787635485,0,87731
1787635485,1,87461
1787635490,0,87731
1787635490,1,87461
1787635495,0,87731
1787635495,1,87461
1787635500,0,87731
1787635500,1,87461
1787635505,0,61759
1787635505,1,60509
1787635510,0,118653
1787635510,1,117403
1787635516,0,118653
1787635516,1,117403
1787635521,0,118653
1787635521,1,117403
1787635526,0,118653
1787635526,1,117403
1787635531,0,118653
1787635531,1,117403
1787635536,0,118653
1787635536,1,117403
1787635541,0,54467
1787635541,1,53417
1787635546,0,54469
1787635546,1,53499
1787635551,0,55069
1787635551,1,54199
1787635556,0,55729
1787635556,1,54859
1787635561,0,55749
1787635561,1,54879
1787635566,0,55749
1787635566,1,54879
1787635571,0,55749
1787635571,1,54879
1787635576,0,55751
1787635576,1,54881
1787635581,0,55751
1787635581,1,54881
1787635586,0,59771
1787635586,1,58901
1787635591,0,59771
1787635591,1,58901
1787635596,0,59771
1787635596,1,58901
1787635602,0,59771
1787635602,1,58901
1787635607,0,59771
1787635607,1,58901
1787635612,0,59771
1787635612,1,58901
1787635617,0,59771
1787635617,1,58901
1787635622,0,59771
1787635622,1,58901
1787635627,0,59771
1787635627,1,58901
1787635632,0,59771
1787635632,1,58901
1787635637,0,59771
1787635637,1,58901
1787635642,0,59771
1787635642,1,58901
1787635647,0,59771
1787635647,1,58901
1787635652,0,59771
1787635652,1,58901
1787635657,0,59771
1787635657,1,58901
1787635662,0,84751
1787635662,1,84141
1787635667,0,84751
1787635667,1,84141
1787635672,0,84751
1787635672,1,84161
1787635677,0,84751
1787635677,1,84161
1787635682,0,84751
1787635682,1,84161
1787635688,0,84751
1787635688,1,84241
1787635693,0,84751
1787635693,1,84261
1787635698,0,84751
1787635698,1,84261
1787635703,0,84751
1787635703,1,84281
1787635708,0,85071
1787635708,1,84281
1787635713,0,85131
1787635713,1,84281
1787635718,0,85231
1787635718,1,84381
1787635723,0,85631
1787635723,1,85021
1787635728,0,87471
1787635728,1,87381
1787635733,0,87711
1787635733,1,87441
1787635738,0,87711
1787635738,1,87441
1787635743,0,87711
1787635743,1,87441
1787635748,0,87711
1787635748,1,87441
1787635753,0,87711
1787635753,1,87441
1787635758,0,87751
1787635758,1,87481
1787635763,0,87751
1787635763,1,87481
1787635769,0,87751
1787635769,1,87481
1787635774,0,87751
1787635774,1,87481
1787635779,0,87751
1787635779,1,87481
1787635784,0,87751
1787635784,1,87481
1787635789,0,87751
1787635789,1,87481
1787635794,0,87751
1787635794,1,87481
1787635799,0,87751
1787635799,1,87481
1787635804,0,87751
1787635804,1,87481
1787635809,0,87751
1787635809,1,87481
1787635814,0,87751
1787635814,1,87481
1787635819,0,87751
1787635819,1,87481
1787635824,0,87751
1787635824,1,87481
1787635829,0,87751
1787635829,1,87481
1787635834,0,87751
1787635834,1,87481
1787635839,0,87751
1787635839,1,87481
1787635844,0,87751
1787635844,1,87481
1787635849,0,87751
1787635849,1,87481
1787635855,0,87751
1787635855,1,87481
1787635860,0,116009
1787635860,1,114759
1787635865,0,118775
1787635865,1,117525
1787635870,0,118775
1787635870,1,117525
1787635875,0,118775
1787635875,1,117525
1787635880,0,118775
1787635880,1,117525
1787635885,0,118775
1787635885,1,117525
1787635890,0,54467
1787635890,1,53397
1787635895,0,54467
1787635895,1,53457
1787635900,0,54789
1787635900,1,53539
1787635905,0,55729
1787635905,1,54859
1787635910,0,55729
1787635910,1,54859
1787635915,0,55729
1787635915,1,54859
1787635920,0,55729
1787635920,1,54859
1787635925,0,55731
1787635925,1,54861
1787635930,0,55731
1787635930,1,54861
1787635935,0,59751
1787635935,1,58881
1787635941,0,59751
1787635941,1,58881
1787635946,0,59751
1787635946,1,58881
1787635951,0,59751
1787635951,1,58881
1787635956,0,59751
1787635956,1,58881
1787635961,0,59751
1787635961,1,58881
1787635966,0,59751
1787635966,1,58881
1787635971,0,59751
1787635971,1,58881
1787635976,0,59751
1787635976,1,58881
1787635981,0,59751
1787635981,1,58881
1787635986,0,59751
1787635986,1,58881
1787635991,0,59751
1787635991,1,58881
1787635996,0,59751
1787635996,1,58881
1787636001,0,59751
1787636001,1,58881
1787636006,0,59751
1787636006,1,58881
1787636011,0,84751
1787636011,1,84141
1787636016,0,84751
1787636016,1,84141
1787636021,0,84751
1787636021,1,84141
1787636027,0,84751
1787636027,1,84141
1787636032,0,84751
1787636032,1,84161
1787636037,0,84751
1787636037,1,84161
1787636042,0,84751
1787636042,1,84161
1787636047,0,84751
1787636047,1,84161
1787636052,0,84751
1787636052,1,84161
1787636057,0,84751
1787636057,1,84281
1787636062,0,85051
1787636062,1,84321
1787636067,0,85091
1787636067,1,84321
1787636072,0,85231
1787636072,1,84361
1787636077,0,85871
1787636077,1,85121
1787636082,0,87711
1787636082,1,87441
1787636087,0,87711
1787636087,1,87441
1787636092,0,87711
1787636092,1,87441
1787636097,0,87711
1787636097,1,87441
1787636102,0,87711
1787636102,1,87441
1787636107,0,87711
1787636107,1,87441
1787636113,0,87711
1787636113,1,87441
1787636118,0,87711
1787636118,1,87441
1787636123,0,87711
1787636123,1,87441
1787636128,0,87711
1787636128,1,87441
1787636133,0,87711
1787636133,1,87441
1787636138,0,87711
1787636138,1,87441
1787636143,0,87711
1787636143,1,87441
1787636148,0,87711
1787636148,1,87441
1787636153,0,87711
1787636153,1,87441
1787636158,0,87711
1787636158,1,87441
1787636163,0,87711
1787636163,1,87441
1787636168,0,87711
1787636168,1,87441
1787636173,0,87711
1787636173,1,87441
1787636178,0,87711
1787636178,1,87441
1787636183,0,87711
1787636183,1,87441
1787636188,0,87711
1787636188,1,87441
1787636193,0,87711
1787636193,1,87441
1787636198,0,87711
1787636198,1,87441
1787636204,0,88311
1787636204,1,87881
1787636209,0,118713
1787636209,1,117463
1787636214,0,118713
1787636214,1,117463
1787636219,0,118713
1787636219,1,117463
1787636224,0,118713
1787636224,1,117463
1787636229,0,118713
1787636229,1,117463
1787636234,0,54465
1787636234,1,53275
1787636239,0,54467
1787636239,1,53457
1787636244,0,54469
1787636244,1,53519
1787636249,0,54949
1787636249,1,54099
1787636254,0,55729
1787636254,1,54859
1787636259,0,55749
1787636259,1,54879
1787636264,0,55749
1787636264,1,54879
1787636269,0,55751
1787636269,1,54881
1787636274,0,55751
1787636274,1,54881
1787636279,0,59771
1787636279,1,58901
1787636284,0,59771
1787636284,1,58901
1787636290,0,59771
1787636290,1,58901
1787636295,0,59771
1787636295,1,58901
1787636300,0,59771
1787636300,1,58901
1787636305,0,59771
1787636305,1,58901
1787636310,0,59771
1787636310,1,58901
1787636315,0,59771
1787636315,1,58901
1787636320,0,59771
1787636320,1,58901
1787636325,0,59771
1787636325,1,58901
1787636330,0,59771
1787636330,1,58901
1787636335,0,59771
1787636335,1,58901
1787636340,0,59771
1787636340,1,58901
1787636345,0,59771
1787636345,1,58901
1787636350,0,59771
1787636350,1,58901
1787636355,0,82671
1787636355,1,81801
1787636360,0,84751
1787636360,1,84141
1787636365,0,84751
1787636365,1,84161
1787636370,0,84751
1787636370,1,84161
1787636376,0,84751
1787636376,1,84161
1787636381,0,84751
1787636381,1,84261
1787636386,0,84751
1787636386,1,84261
1787636391,0,84751
1787636391,1,84261
1787636396,0,84751
1787636396,1,84281
1787636401,0,84751
1787636401,1,84281
1787636406,0,85051
1787636406,1,84281
1787636411,0,85071
1787636411,1,84321
1787636416,0,85131
1787636416,1,84321
1787636421,0,85231
1787636421,1,84381
1787636426,0,85851
1787636426,1,85181
1787636431,0,87391
1787636431,1,87021
1787636436,0,87711
1787636436,1,87441
1787636441,0,87711
1787636441,1,87441
1787636446,0,87711
1787636446,1,87441
1787636451,0,87751
1787636451,1,87481
1787636456,0,87751
1787636456,1,87481
1787636462,0,87751
1787636462,1,87481
1787636467,0,87751
1787636467,1,87481
1787636472,0,87751
1787636472,1,87481
1787636477,0,87751
1787636477,1,87481
1787636482,0,87751
1787636482,1,87481
1787636487,0,87751
1787636487,1,87481
1787636492,0,87751
1787636492,1,87481
1787636497,0,87751
1787636497,1,87481
1787636502,0,87751
1787636502,1,87481
1787636507,0,87751
1787636507,1,87481
1787636512,0,87751
1787636512,1,87481
1787636517,0,87751
1787636517,1,87481
1787636522,0,87751
1787636522,1,87481
1787636527,0,87751
1787636527,1,87481
1787636532,0,87751
1787636532,1,87481
1787636537,0,87751
1787636537,1,87481
1787636542,0,87751
1787636542,1,87481
1787636548,0,97191
1787636548,1,96341
1787636553,0,118813
1787636553,1,117563
1787636558,0,118813
1787636558,1,117563
1787636563,0,118813
1787636563,1,117563
1787636568,0,118813
1787636568,1,117563
1787636573,0,118813
1787636573,1,117563
1787636578,0,118813
1787636578,1,117563
1787636583,0,54467
1787636583,1,53437
1787636588,0,54469
1787636588,1,53499
1787636593,0,54909
1787636593,1,54059
1787636598,0,55729
1787636598,1,54859
1787636603,0,55729
1787636603,1,54879
1787636608,0,55729
1787636608,1,54879
1787636613,0,55731
1787636613,1,54881
1787636618,0,55731
1787636618,1,54881
1787636623,0,55731
1787636623,1,54881
1787636628,0,59751
1787636628,1,58901
1787636634,0,59751
1787636634,1,58901
1787636639,0,59751
1787636639,1,58901
1787636644,0,59751
1787636644,1,58901
1787636649,0,59751
1787636649,1,58901
1787636654,0,59751
1787636654,1,58901
1787636659,0,59751
1787636659,1,58901
1787636664,0,59751
1787636664,1,58901
1787636669,0,59751
1787636669,1,58901
1787636674,0,59751
1787636674,1,58901
1787636679,0,59751
1787636679,1,58901
1787636684,0,59751
1787636684,1,58901
1787636689,0,59751
1787636689,1,58901
1787636694,0,59751
1787636694,1,58901
1787636699,0,65971
1787636699,1,65141
1787636704,0,84751
1787636704,1,84141
1787636709,0,84751
1787636709,1,84141
1787636714,0,84751
1787636714,1,84161
1787636720,0,84751
1787636720,1,84161
1787636725,0,84751
1787636725,1,84241
1787636730,0,84751
1787636730,1,84261
1787636735,0,84751
1787636735,1,84261
1787636740,0,84751
1787636740,1,84261
1787636745,0,84751
1787636745,1,84301
1787636750,0,84751
1787636750,1,84301
1787636755,0,85091
1787636755,1,84341
1787636760,0,85151
1787636760,1,84341
1787636765,0,85311
1787636765,1,84521
1787636770,0,86451
1787636770,1,85901
1787636775,0,87711
1787636775,1,87441
1787636780,0,87711
1787636780,1,87441
1787636785,0,87711
1787636785,1,87441
1787636790,0,87711
1787636790,1,87441
1787636795,0,87711
1787636795,1,87441
1787636800,0,87751
1787636800,1,87461
1787636805,0,87751
1787636805,1,87461
1787636811,0,87751
1787636811,1,87461
1787636816,0,87751
1787636816,1,87461
1787636821,0,87751
1787636821,1,87461
1787636826,0,87751
1787636826,1,87461
1787636831,0,87751
1787636831,1,87461
1787636836,0,87751
1787636836,1,87461
1787636841,0,87751
1787636841,1,87461
1787636846,0,87751
1787636846,1,87461
1787636851,0,87751
1787636851,1,87461
1787636856,0,87751
1787636856,1,87461
1787636861,0,87751
1787636861,1,87461
1787636866,0,87751
1787636866,1,87461
1787636871,0,87751
1787636871,1,87461
1787636876,0,87751
1787636876,1,87461
1787636881,0,87751
1787636881,1,87461
1787636886,0,87751
1787636886,1,87461
1787636891,0,87751
1787636891,1,87461
1787636897,0,125367
1787636897,1,125813
1787636902,0,119725
1787636902,1,118475
1787636907,0,119725
1787636907,1,118475
1787636912,0,119725
1787636912,1,118475
1787636917,0,119725
1787636917,1,118475
1787636922,0,119725
1787636922,1,118475
1787636927,0,119725
1787636927,1,118475
1787636932,0,54467
1787636932,1,53417
1787636937,0,54469
1787636937,1,53499
1787636942,0,54889
1787636942,1,54019
1787636947,0,55729
1787636947,1,54859
1787636952,0,55749
1787636952,1,54879
1787636957,0,55749
1787636957,1,54879
1787636962,0,55749
1787636962,1,54879
1787636967,0,55751
1787636967,1,54881
1787636972,0,55751
1787636972,1,54881
1787636977,0,59771
1787636977,1,58901
1787636983,0,59771
1787636983,1,58901
1787636988,0,59771
1787636988,1,58901
1787636993,0,59771
1787636993,1,58901
1787636998,0,59771
1787636998,1,58901
1787637003,0,59771
1787637003,1,58901
1787637008,0,59771
1787637008,1,58901
1787637013,0,59771
1787637013,1,58901
1787637018,0,59771
1787637018,1,58901
1787637023,0,59771
1787637023,1,58901
1787637028,0,59771
1787637028,1,58901
1787637033,0,59771
1787637033,1,58901
1787637038,0,59771
1787637038,1,58901
1787637043,0,59771
1787637043,1,58901
1787637048,0,59771
1787637048,1,58901
1787637053,0,84751
1787637053,1,84141
1787637058,0,84751
1787637058,1,84141
1787637063,0,84751
1787637063,1,84161
1787637069,0,84751
1787637069,1,84161
1787637074,0,84751
1787637074,1,84161
1787637079,0,84751
1787637079,1,84261
1787637084,0,84751
1787637084,1,84261
1787637089,0,84751
1787637089,1,84281
1787637094,0,84751
1787637094,1,84281
1787637099,0,85071
1787637099,1,84281
1787637104,0,85111
1787637104,1,84281
1787637109,0,85171
1787637109,1,84301
1787637114,0,85411
1787637114,1,84661
1787637119,0,86451
1787637119,1,85881
1787637124,0,87711
1787637124,1,87441
1787637129,0,87711
1787637129,1,87441
1787637134,0,87711
1787637134,1,87441
1787637139,0,87711
1787637139,1,87441
1787637144,0,87711
1787637144,1,87441
1787637149,0,87751
1787637149,1,87481
1787637155,0,87751
1787637155,1,87481
1787637160,0,87751
1787637160,1,87481
1787637165,0,87751
1787637165,1,87481
1787637170,0,87751
1787637170,1,87481
1787637175,0,87751
1787637175,1,87481
1787637180,0,87751
1787637180,1,87481
1787637185,0,87751
1787637185,1,87481
1787637190,0,87751
1787637190,1,87481
1787637195,0,87751
1787637195,1,87481
1787637200,0,87751
1787637200,1,87481
1787637205,0,87751
1787637205,1,87481
1787637210,0,87751
1787637210,1,87481
1787637215,0,87751
1787637215,1,87481
1787637220,0,87751
1787637220,1,87481
1787637225,0,87751
1787637225,1,87481
1787637230,0,87751
1787637230,1,87481
1787637235,0,87751
1787637235,1,87481
1787637241,0,87751
1787637241,1,87481
1787637246,0,87751
1787637246,1,87481
1787637251,0,118935
1787637251,1,117685
1787637256,0,118935
1787637256,1,117685
1787637261,0,118935
1787637261,1,117685
1787637266,0,118935
1787637266,1,117685
1787637271,0,118935
1787637271,1,117685
1787637276,0,118935
1787637276,1,117685
1787637281,0,118935
1787637281,1,117685
1787637286,0,54467
1787637286,1,53417
1787637291,0,54469
1787637291,1,53519
1787637296,0,55089
1787637296,1,54239
1787637301,0,55729
1787637301,1,54859
1787637306,0,55749
1787637306,1,54879
1787637311,0,55749
1787637311,1,54879
1787637316,0,55749
1787637316,1,54879
1787637321,0,55751
1787637321,1,54881
1787637327,0,55751
1787637327,1,54881
1787637332,0,59771
1787637332,1,58901
1787637337,0,59771
1787637337,1,58901
1787637342,0,59771
1787637342,1,58901
1787637347,0,59771
1787637347,1,58901
1787637352,0,59771
1787637352,1,58901
1787637357,0,59771
1787637357,1,58901
1787637362,0,59771
1787637362,1,58901
1787637367,0,59771
1787637367,1,58901
1787637372,0,59771
1787637372,1,58901
1787637377,0,59771
1787637377,1,58901
1787637382,0,59771
1787637382,1,58901
1787637387,0,59771
1787637387,1,58901
1787637392,0,59771
1787637392,1,58901
1787637397,0,59771
1787637397,1,58901
1787637402,0,59771
1787637402,1,58901
1787637408,0,83871
1787637408,1,83261
1787637413,0,83871
1787637413,1,83261
1787637418,0,83871
1787637418,1,83261
1787637423,0,83871
1787637423,1,83281
1787637428,0,83871
1787637428,1,83281
1787637433,0,83871
1787637433,1,83281
1787637438,0,83871
1787637438,1,83401
1787637443,0,83871
1787637443,1,83421
1787637448,0,84191
1787637448,1,83421
1787637453,0,84251
1787637453,1,83421
1787637458,0,84311
1787637458,1,83441
1787637463,0,84431
1787637463,1,83601
1787637468,0,85631
1787637468,1,85141
1787637473,0,86831
1787637473,1,86561
1787637478,0,86831
1787637478,1,86561
1787637483,0,86831
1787637483,1,86561
1787637488,0,86831
1787637488,1,86561
1787637494,0,86831
1787637494,1,86561
1787637499,0,86831
1787637499,1,86561
1787637504,0,86871
1787637504,1,86601
1787637509,0,86871
1787637509,1,86601
1787637514,0,86871
1787637514,1,86601
1787637519,0,86871
1787637519,1,86601
1787637524,0,86871
1787637524,1,86601
1787637529,0,86871
1787637529,1,86601
1787637534,0,86871
1787637534,1,86601
1787637539,0,86871
1787637539,1,86601
1787637544,0,86871
1787637544,1,86601
1787637549,0,86871
1787637549,1,86601
1787637554,0,86871
1787637554,1,86601
1787637559,0,86871
1787637559,1,86601
1787637564,0,86871
1787637564,1,86601
1787637569,0,86871
1787637569,1,86601
1787637574,0,86871
1787637574,1,86601
1787637580,0,86871
1787637580,1,86601
1787637585,0,86871
1787637585,1,86601
1787637590,0,86871
1787637590,1,86601
1787637595,0,86871
1787637595,1,86601
1787637600,0,86871
1787637600,1,86601
1787637605,0,124487
1787637605,1,124933
1787637610,0,119427
1787637610,1,118177
1787637615,0,119427
1787637615,1,118177
1787637620,0,119427
1787637620,1,118177
1787637625,0,119427
1787637625,1,118177
1787637630,0,119427
1787637630,1,118177
1787637635,0,119427
1787637635,1,118177
1787637640,0,50203
1787637640,1,48953
1787637645,0,54469
1787637645,1,53459
1787637650,0,54849
1787637650,1,53599
1787637655,0,55729
1787637655,1,54859
1787637660,0,55729
1787637660,1,54859
1787637666,0,55729
1787637666,1,54879
1787637671,0,55729
1787637671,1,54879
1787637676,0,55729
1787637676,1,54879
1787637681,0,55731
1787637681,1,54881
1787637686,0,55731
1787637686,1,54881
1787637691,0,59751
1787637691,1,58901
1787637696,0,59751
1787637696,1,58901
1787637701,0,59751
1787637701,1,58901
1787637706,0,59751
1787637706,1,58901
1787637711,0,59751
1787637711,1,58901
1787637716,0,59751
1787637716,1,58901
1787637721,0,59751
1787637721,1,58901
1787637726,0,59751
1787637726,1,58901
1787637731,0,59751
1787637731,1,58901
1787637736,0,59751
1787637736,1,58901
1787637741,0,59751
1787637741,1,58901
1787637747,0,59751
1787637747,1,58901
1787637752,0,59751
1787637752,1,58901
1787637757,0,59751
1787637757,1,58901
1787637762,0,59751
1787637762,1,58901
1787637767,0,84751
1787637767,1,84141
1787637772,0,84751
1787637772,1,84141
1787637777,0,84751
1787637777,1,84161
1787637782,0,84751
1787637782,1,84161
1787637787,0,84751
1787637787,1,84161
1787637792,0,84751
1787637792,1,84161
1787637797,0,84751
1787637797,1,84281
1787637802,0,84751
1787637802,1,84281
1787637807,0,85071
1787637807,1,84321
1787637812,0,85131
1787637812,1,84321
1787637817,0,85191
1787637817,1,84321
1787637822,0,85351
1787637822,1,84541
1787637827,0,86231
1787637827,1,85661
1787637833,0,87711
1787637833,1,87421
1787637838,0,87711
1787637838,1,87441
1787637843,0,87711
1787637843,1,87441
1787637848,0,87711
1787637848,1,87441
1787637853,0,87711
1787637853,1,87441
1787637858,0,87711
1787637858,1,87441
1787637863,0,87711
1787637863,1,87441
1787637868,0,87731
1787637868,1,87461
1787637873,0,87731
1787637873,1,87461
1787637878,0,87731
1787637878,1,87461
1787637883,0,87731
1787637883,1,87461
1787637888,0,87731
1787637888,1,87461
1787637893,0,87731
1787637893,1,87461
1787637898,0,87731
1787637898,1,87461
1787637903,0,87731
1787637903,1,87461
1787637908,0,87731
1787637908,1,87461
1787637913,0,87731
1787637913,1,87461
1787637919,0,87731
1787637919,1,87461
1787637924,0,87731
1787637924,1,87461
1787637929,0,87731
1787637929,1,87461
1787637934,0,87731
1787637934,1,87461
1787637939,0,87731
1787637939,1,87461
1787637944,0,87731
1787637944,1,87461
1787637949,0,87731
1787637949,1,87461
1787637954,0,87731
1787637954,1,87461
1787637959,0,87731
1787637959,1,87461
1787637964,0,87731
1787637964,1,87461
1787637969,0,116665
1787637969,1,115415
1787637974,0,118725
1787637974,1,117475
1787637979,0,118725
1787637979,1,117475
1787637984,0,118725
1787637984,1,117475
1787637989,0,118725
1787637989,1,117475
1787637994,0,118725
1787637994,1,117475
1787638000,0,50203
1787638000,1,48953
1787638005,0,54467
1787638005,1,53437
1787638010,0,54469
1787638010,1,53519
1787638015,0,55249
1787638015,1,54399
1787638020,0,55729
1787638020,1,54859
1787638025,0,55749
1787638025,1,54879
1787638030,0,55749
1787638030,1,54879
1787638035,0,55749
1787638035,1,54879
1787638040,0,55751
1787638040,1,54881
1787638045,0,55751
1787638045,1,54881
1787638050,0,59771
1787638050,1,58901
1787638055,0,59771
1787638055,1,58901
1787638060,0,59771
1787638060,1,58901
1787638065,0,59771
1787638065,1,58901
1787638070,0,59771
1787638070,1,58901
1787638075,0,59771
1787638075,1,58901
1787638080,0,59771
1787638080,1,58901
1787638085,0,59771
1787638085,1,58901
1787638091,0,59771
1787638091,1,58901
1787638096,0,59771
1787638096,1,58901
1787638101,0,59771
1787638101,1,58901
1787638106,0,59771
1787638106,1,58901
1787638111,0,59771
1787638111,1,58901
1787638116,0,59771
1787638116,1,58901
1787638121,0,69991
1787638121,1,69161
1787638126,0,84751
1787638126,1,84141
1787638131,0,84751
1787638131,1,84141
1787638136,0,84751
1787638136,1,84141
1787638141,0,84751
1787638141,1,84161
1787638146,0,84751
1787638146,1,84161
1787638151,0,84751
1787638151,1,84161
1787638156,0,84751
1787638156,1,84161
1787638161,0,84751
1787638161,1,84281
1787638166,0,84751
1787638166,1,84281
1787638171,0,85091
1787638171,1,84321
1787638177,0,85151
1787638177,1,84321
1787638182,0,85251
1787638182,1,84401
1787638187,0,85831
1787638187,1,85221
1787638192,0,87251
1787638192,1,86881
1787638197,0,87711
1787638197,1,87441
1787638202,0,87711
1787638202,1,87441
1787638207,0,87711
1787638207,1,87441
1787638212,0,87711
1787638212,1,87441
1787638217,0,87731
1787638217,1,87461
1787638222,0,87751
1787638222,1,87481
1787638227,0,87751
1787638227,1,87481
1787638232,0,87751
1787638232,1,87481
1787638237,0,87751
1787638237,1,87481
1787638242,0,87751
1787638242,1,87481
1787638247,0,87751
1787638247,1,87481
1787638252,0,87751
1787638252,1,87481
1787638257,0,87751
1787638257,1,87481
1787638263,0,87751
1787638263,1,87481
1787638268,0,87751
1787638268,1,87481
1787638273,0,87751
1787638273,1,87481
1787638278,0,87751
1787638278,1,87481
1787638283,0,87751
1787638283,1,87481
1787638288,0,87751
1787638288,1,87481
1787638293,0,87751
1787638293,1,87481
1787638298,0,87751
1787638298,1,87481
1787638303,0,87751
1787638303,1,87481
1787638308,0,87751
1787638308,1,87481
1787638313,0,87751
1787638313,1,87481
1787638318,0,111457
1787638318,1,111903
1787638323,0,118687
1787638323,1,117437
1787638328,0,118687
1787638328,1,117437
1787638333,0,118687
1787638333,1,117437
1787638338,0,118687
1787638338,1,117437
1787638343,0,118687
1787638343,1,117437
1787638349,0,118687
1787638349,1,117437
1787638354,0,118687
1787638354,1,117437
1787638359,0,54467
1787638359,1,53457
1787638364,0,54789
1787638364,1,53559
1787638369,0,55449
1787638369,1,54579
1787638374,0,55729
1787638374,1,54859
1787638379,0,55729
1787638379,1,54879
1787638384,0,55729
1787638384,1,54879
1787638389,0,55729
1787638389,1,54879
1787638394,0,55731
1787638394,1,54881
1787638399,0,55731
1787638399,1,54881
1787638404,0,59751
1787638404,1,58901
1787638409,0,59751
1787638409,1,58901
1787638414,0,59751
1787638414,1,58901
1787638419,0,59751
1787638419,1,58901
1787638424,0,59751
1787638424,1,58901
1787638430,0,59751
1787638430,1,58901
1787638435,0,59751
1787638435,1,58901
1787638440,0,59751
1787638440,1,58901
1787638445,0,59751
1787638445,1,58901
1787638450,0,59751
1787638450,1,58901
1787638455,0,59751
1787638455,1,58901
1787638460,0,59751
1787638460,1,58901
1787638465,0,59751
1787638465,1,58901
1787638470,0,59751
1787638470,1,58901
1787638475,0,59751
1787638475,1,58901
1787638480,0,84751
1787638480,1,84141
1787638485,0,84751
1787638485,1,84161
1787638490,0,84751
1787638490,1,84161
1787638495,0,84751
1787638495,1,84161
1787638500,0,84751
1787638500,1,84261
1787638505,0,84751
1787638505,1,84261
1787638510,0,84751
1787638510,1,84261
1787638516,0,85051
1787638516,1,84261
1787638521,0,85091
1787638521,1,84261
1787638526,0,85131
1787638526,1,84261
1787638531,0,85211
1787638531,1,84341
1787638536,0,85431
1787638536,1,84681
1787638541,0,87211
1787638541,1,86941
1787638546,0,87711
1787638546,1,87441
1787638551,0,87711
1787638551,1,87441
1787638556,0,87711
1787638556,1,87441
1787638561,0,87711
1787638561,1,87441
1787638566,0,87711
1787638566,1,87441
1787638571,0,87711
1787638571,1,87441
1787638576,0,87711
1787638576,1,87441
1787638581,0,87711
1787638581,1,87461
1787638586,0,87711
1787638586,1,87461
1787638591,0,87711
1787638591,1,87461
1787638596,0,87711
1787638596,1,87461
1787638602,0,87711
1787638602,1,87461
1787638607,0,87711
1787638607,1,87461
1787638612,0,87711
1787638612,1,87461
1787638617,0,87711
1787638617,1,87461
1787638622,0,87711
1787638622,1,87461
1787638627,0,87711
1787638627,1,87461
1787638632,0,87711
1787638632,1,87461
1787638637,0,87711
1787638637,1,87461
1787638642,0,87711
1787638642,1,87461
1787638647,0,87711
1787638647,1,87461
1787638652,0,87711
1787638652,1,87461
1787638657,0,87711
1787638657,1,87461
1787638662,0,87711
1787638662,1,87461
1787638667,0,87711
1787638667,1,87461
1787638672,0,87711
1787638672,1,87461
1787638677,0,125367
1787638677,1,125813
1787638682,0,119221
1787638682,1,117971
1787638687,0,119221
1787638687,1,117971
1787638693,0,119221
1787638693,1,117971
1787638698,0,119221
1787638698,1,117971
1787638703,0,119221
1787638703,1,117971
1787638708,0,119221
1787638708,1,117971
1787638713,0,54467
1787638713,1,53437
1787638718,0,54469
1787638718,1,53499
1787638723,0,55009
1787638723,1,54139
1787638728,0,55729
1787638728,1,54859
1787638733,0,55749
1787638733,1,54879
1787638738,0,55749
1787638738,1,54879
1787638743,0,55751
1787638743,1,54881
1787638748,0,55751
1787638748,1,54881
1787638753,0,55751
1787638753,1,54881
1787638758,0,59771
1787638758,1,58901
1787638763,0,59771
1787638763,1,58901
1787638768,0,59771
1787638768,1,58901
1787638773,0,59771
1787638773,1,58901
1787638779,0,59771
1787638779,1,58901
1787638784,0,59771
1787638784,1,58901
1787638789,0,59771
1787638789,1,58901
1787638794,0,59771
1787638794,1,58901
1787638799,0,59771
1787638799,1,58901
1787638804,0,59771
1787638804,1,58901
1787638809,0,59771
1787638809,1,58901
1787638814,0,59771
1787638814,1,58901
1787638819,0,59771
1787638819,1,58901
1787638824,0,59771
1787638824,1,58901
1787638829,0,64231
1787638829,1,63401
1787638834,0,84751
1787638834,1,84141
1787638839,0,84751
1787638839,1,84141
1787638844,0,84751
1787638844,1,84161
1787638849,0,84751
1787638849,1,84161
1787638854,0,84751
1787638854,1,84161
1787638859,0,84751
1787638859,1,84161
1787638865,0,84751
1787638865,1,84161
1787638870,0,84751
1787638870,1,84281
1787638875,0,84751
1787638875,1,84281
1787638880,0,85051
1787638880,1,84321
1787638885,0,85091
1787638885,1,84341
1787638890,0,85151
1787638890,1,84341
1787638895,0,85351
1787638895,1,84561
1787638900,0,86731
1787638900,1,86021
1787638905,0,87711
1787638905,1,87441
1787638910,0,87711
1787638910,1,87441
1787638915,0,87711
1787638915,1,87441
1787638920,0,87711
1787638920,1,87441
1787638925,0,87711
1787638925,1,87441
1787638930,0,87751
1787638930,1,87461
1787638935,0,87751
1787638935,1,87461
1787638940,0,87751
1787638940,1,87461
1787638945,0,87751
1787638945,1,87461
1787638950,0,87751
1787638950,1,87461
1787638956,0,87751
1787638956,1,87461
1787638961,0,87751
1787638961,1,87461
1787638966,0,87751
1787638966,1,87461
1787638971,0,87751
1787638971,1,87461
1787638976,0,87751
1787638976,1,87461
1787638981,0,87751
1787638981,1,87461
1787638986,0,87751
1787638986,1,87461
1787638991,0,87751
1787638991,1,87461
1787638996,0,87751
1787638996,1,87461
1787639001,0,87751
1787639001,1,87461
1787639006,0,87751
1787639006,1,87461
1787639011,0,87751
1787639011,1,87461
1787639016,0,87751
1787639016,1,87461
1787639021,0,87751
1787639021,1,87461
1787639026,0,117697
1787639026,1,118143
1787639031,0,118885
1787639031,1,117635
1787639036,0,118885
1787639036,1,117635
1787639042,0,118885
1787639042,1,117635
1787639047,0,118885
1787639047,1,117635
1787639052,0,118885
1787639052,1,117635
1787639057,0,118885
1787639057,1,117635
1787639062,0,54467
1787639062,1,53397
1787639067,0,54469
1787639067,1,53479
1787639072,0,54849
1787639072,1,53999
1787639077,0,55729
1787639077,1,54859
1787639082,0,55729
1787639082,1,54859
1787639087,0,55729
1787639087,1,54879
1787639092,0,55729
1787639092,1,54879
1787639097,0,55731
1787639097,1,54881
1787639102,0,55731
1787639102,1,54881
1787639107,0,59751
1787639107,1,58901
1787639112,0,59751
1787639112,1,58901
1787639117,0,59751
1787639117,1,58901
1787639122,0,59751
1787639122,1,58901
1787639127,0,59751
1787639127,1,58901
1787639133,0,59751
1787639133,1,58901
1787639138,0,59751
1787639138,1,58901
1787639143,0,59751
1787639143,1,58901
1787639148,0,59751
1787639148,1,58901
1787639153,0,59751
1787639153,1,58901
1787639158,0,59751
1787639158,1,58901
1787639163,0,59751
1787639163,1,58901
1787639168,0,59751
1787639168,1,58901
1787639173,0,59751
1787639173,1,58901
1787639178,0,59751
1787639178,1,58901
1787639183,0,82671
1787639183,1,81801
1787639188,0,84751
1787639188,1,84141
1787639193,0,84751
1787639193,1,84141
1787639198,0,84751
1787639198,1,84141
1787639203,0,84751
1787639203,1,84161
1787639208,0,84751
1787639208,1,84161
1787639213,0,84751
1787639213,1,84161
1787639218,0,84751
1787639218,1,84161
1787639224,0,84751
1787639224,1,84301
1787639229,0,85071
1787639229,1,84301
1787639234,0,85111
1787639234,1,84301
1787639239,0,85251
1787639239,1,84401
1787639244,0,85531
1787639244,1,84821
1787639249,0,86591
1787639249,1,86001
1787639254,0,87711
1787639254,1,87441
1787639259,0,87711
1787639259,1,87441
1787639264,0,87711
1787639264,1,87441
1787639269,0,87711
1787639269,1,87441
1787639274,0,87711
1787639274,1,87441
1787639279,0,87731
1787639279,1,87461
1787639284,0,87731
1787639284,1,87461
1787639289,0,87731
1787639289,1,87461
1787639294,0,87731
1787639294,1,87461
1787639299,0,87731
1787639299,1,87461
1787639304,0,87731
1787639304,1,87461
1787639310,0,87731
1787639310,1,87461
1787639315,0,87731
1787639315,1,87461
1787639320,0,87731
1787639320,1,87461
1787639325,0,87731
1787639325,1,87461
1787639330,0,87731
1787639330,1,87461
1787639335,0,87731
1787639335,1,87461
1787639340,0,87731
1787639340,1,87461
1787639345,0,87731
1787639345,1,87461
1787639350,0,87731
1787639350,1,87461
1787639355,0,87731
1787639355,1,87461
1787639360,0,87731
1787639360,1,87461
1787639365,0,87731
1787639365,1,87461
1787639370,0,87731
1787639370,1,87461
1787639375,0,87731
1787639375,1,87461
1787639380,0,125367
1787639380,1,125813
1787639385,0,119235
1787639385,1,117985
1787639390,0,119235
1787639390,1,117985
1787639396,0,119235
1787639396,1,117985
1787639401,0,119235
1787639401,1,117985
1787639406,0,119235
1787639406,1,117985
1787639411,0,119235
1787639411,1,117985
1787639416,0,53429
1787639416,1,52179
1787639421,0,54467
1787639421,1,53457
1787639426,0,54809
1787639426,1,53559
1787639431,0,55709
1787639431,1,54839
1787639436,0,55729
1787639436,1,54859
1787639441,0,55749
1787639441,1,54879
1787639446,0,55749
1787639446,1,54879
1787639451,0,55749
1787639451,1,54879
1787639456,0,55751
1787639456,1,54881
1787639461,0,55751
1787639461,1,54881
1787639466,0,59771
1787639466,1,58901
1787639471,0,59771
1787639471,1,58901
1787639477,0,59771
1787639477,1,58901
1787639482,0,59771
1787639482,1,58901
1787639487,0,59771
1787639487,1,58901
1787639492,0,59771
1787639492,1,58901
1787639497,0,59771
1787639497,1,58901
1787639502,0,59771
1787639502,1,58901
1787639507,0,59771
1787639507,1,58901
1787639512,0,59771
1787639512,1,58901
1787639517,0,59771
1787639517,1,58901
1787639522,0,59771
1787639522,1,58901
1787639527,0,59771
1787639527,1,58901
1787639532,0,59771
1787639532,1,58901
1787639537,0,59771
1787639537,1,58901
1787639542,0,84751
1787639542,1,84141
1787639547,0,84751
1787639547,1,84141
1787639552,0,84751
1787639552,1,84161
1787639557,0,84751
1787639557,1,84161
1787639563,0,84751
1787639563,1,84261
1787639568,0,84751
1787639568,1,84261
1787639573,0,84751
1787639573,1,84261
1787639578,0,85051
1787639578,1,84261
1787639583,0,85091
1787639583,1,84361
1787639588,0,85171
1787639588,1,84361
1787639593,0,85291
1787639593,1,84461
1787639598,0,85891
1787639598,1,85161
1787639603,0,87631
1787639603,1,87341
1787639608,0,87711
1787639608,1,87441
1787639613,0,87711
1787639613,1,87441
1787639618,0,87711
1787639618,1,87441
1787639623,0,87711
1787639623,1,87441
1787639628,0,87711
1787639628,1,87441
1787639633,0,87711
1787639633,1,87441
1787639638,0,87751
1787639638,1,87481
1787639644,0,87751
1787639644,1,87481
1787639649,0,87751
1787639649,1,87481
1787639654,0,87751
1787639654,1,87481
1787639659,0,87751
1787639659,1,87481
1787639664,0,87751
1787639664,1,87481
1787639669,0,87751
1787639669,1,87481
1787639674,0,87751
1787639674,1,87481
1787639679,0,87751
1787639679,1,87481
1787639684,0,87751
1787639684,1,87481
1787639689,0,87751
1787639689,1,87481
1787639694,0,87751
1787639694,1,87481
1787639699,0,87751
1787639699,1,87481
1787639704,0,87751
1787639704,1,87481
1787639709,0,87751
1787639709,1,87481
1787639714,0,87751
1787639714,1,87481
1787639719,0,87751
1787639719,1,87481
1787639724,0,87751
1787639724,1,87481
1787639730,0,87751
1787639730,1,87481
1787639735,0,87751
1787639735,1,87481
1787639740,0,125367
1787639740,1,125813
1787639745,0,119669
1787639745,1,118419
1787639750,0,119669
1787639750,1,118419
1787639755,0,119669
1787639755,1,118419
1787639760,0,119669
1787639760,1,118419
1787639765,0,119669
1787639765,1,118419
1787639770,0,119669
1787639770,1,118419
1787639775,0,53863
1787639775,1,52613
1787639780,0,54467
1787639780,1,53437
1787639785,0,54789
1787639785,1,53539
1787639790,0,55729
1787639790,1,54859
1787639795,0,55729
1787639795,1,54859
1787639800,0,55749
1787639800,1,54879
1787639805,0,55749
1787639805,1,54879
1787639811,0,55749
1787639811,1,54879
1787639816,0,55751
1787639816,1,54881
1787639821,0,55751
1787639821,1,54881
1787639826,0,59771
1787639826,1,58901
1787639831,0,59771
1787639831,1,58901
1787639836,0,59771
1787639836,1,58901
1787639841,0,59771
1787639841,1,58901
1787639846,0,59771
1787639846,1,58901
1787639851,0,59771
1787639851,1,58901
1787639856,0,59771
1787639856,1,58901
1787639861,0,59771
1787639861,1,58901
1787639866,0,59771
1787639866,1,58901
1787639871,0,59771
1787639871,1,58901
1787639876,0,59771
1787639876,1,58901
1787639881,0,59771
1787639881,1,58901
1787639886,0,59771
1787639886,1,58901
1787639891,0,59771
1787639891,1,58901
1787639897,0,59771
1787639897,1,58901
1787639902,0,84751
1787639902,1,84141
1787639907,0,84751
1787639907,1,84141
1787639912,0,84751
1787639912,1,84161
1787639917,0,84751
1787639917,1,84161
1787639922,0,84751
1787639922,1,84161
1787639927,0,84751
1787639927,1,84161
1787639932,0,84751
1787639932,1,84261
1787639937,0,84751
1787639937,1,84261
1787639942,0,85091
1787639942,1,84261
1787639947,0,85131
1787639947,1,84261
1787639952,0,85311
1787639952,1,84481
1787639957,0,86751
1787639957,1,86361
1787639962,0,87711
1787639962,1,87441
1787639967,0,87711
1787639967,1,87441
1787639972,0,87711
1787639972,1,87441
1787639977,0,87711
1787639977,1,87441
1787639983,0,87711
1787639983,1,87441
1787639988,0,87711
1787639988,1,87441
1787639993,0,87711
1787639993,1,87441
1787639998,0,87751
1787639998,1,87481
1787640003,0,87751
1787640003,1,87481
1787640008,0,87751
1787640008,1,87481
1787640013,0,87751
1787640013,1,87481
1787640018,0,87751
1787640018,1,87481
1787640023,0,87751
1787640023,1,87481
1787640028,0,87751
1787640028,1,87481
1787640033,0,87751
1787640033,1,87481
1787640038,0,87751
1787640038,1,87481
1787640043,0,87751
1787640043,1,87481
1787640048,0,87751
1787640048,1,87481
1787640053,0,87751
1787640053,1,87481
1787640058,0,87751
1787640058,1,87481
1787640063,0,87751
1787640063,1,87481
1787640069,0,87751
1787640069,1,87481
1787640074,0,87751
1787640074,1,87481
1787640079,0,87751
1787640079,1,87481
1787640084,0,87751
1787640084,1,87481
1787640089,0,87751
1787640089,1,87481
1787640094,0,87751
1787640094,1,87481
1787640099,0,125367
1787640099,1,125813
1787640104,0,119805
1787640104,1,118555
1787640109,0,119805
1787640109,1,118555
1787640114,0,119805
1787640114,1,118555
1787640119,0,119805
1787640119,1,118555
1787640124,0,119805
1787640124,1,118555
1787640129,0,119805
1787640129,1,118555
1787640134,0,54467
1787640134,1,53377
1787640139,0,54469
1787640139,1,53459
1787640144,0,54829
1787640144,1,53599
1787640149,0,55729
1787640149,1,54859
1787640154,0,55729
1787640154,1,54859
1787640160,0,55729
1787640160,1,54859
1787640165,0,55729
1787640165,1,54859
1787640170,0,55729
1787640170,1,54859
1787640175,0,55731
1787640175,1,54861
1787640180,0,55731
1787640180,1,54861
1787640185,0,59751
1787640185,1,58881
1787640190,0,59751
1787640190,1,58881
1787640195,0,59751
1787640195,1,58881
1787640200,0,59751
1787640200,1,58881
1787640205,0,59751
1787640205,1,58881
1787640210,0,59751
1787640210,1,58881
1787640215,0,59751
1787640215,1,58881
1787640220,0,59751
1787640220,1,58881
1787640225,0,59751
1787640225,1,58881
1787640230,0,59751
1787640230,1,58881
1787640235,0,59751
1787640235,1,58881
1787640241,0,59751
1787640241,1,58881
1787640246,0,59751
1787640246,1,58881
1787640251,0,59751
1787640251,1,58881
1787640256,0,66871
1787640256,1,66061
1787640261,0,84751
1787640261,1,84141
1787640266,0,84751
1787640266,1,84141
1787640271,0,84751
1787640271,1,84161
1787640276,0,84751
1787640276,1,84241
1787640281,0,84751
1787640281,1,84241
1787640286,0,84751
1787640286,1,84281
1787640291,0,84751
1787640291,1,84281
1787640296,0,84751
1787640296,1,84281
1787640301,0,85091
1787640301,1,84341
1787640306,0,85131
1787640306,1,84341
1787640311,0,85251
1787640311,1,84401
1787640316,0,85751
1787640316,1,85121
1787640321,0,87691
1787640321,1,87181
1787640327,0,87711
1787640327,1,87441
1787640332,0,87711
1787640332,1,87441
1787640337,0,87711
1787640337,1,87441
1787640342,0,87711
1787640342,1,87441
1787640347,0,87711
1787640347,1,87441
1787640352,0,87711
1787640352,1,87441
1787640357,0,87711
1787640357,1,87441
1787640362,0,87711
1787640362,1,87441
1787640367,0,87711
1787640367,1,87441
1787640372,0,87711
1787640372,1,87441
1787640377,0,87711
1787640377,1,87441
1787640382,0,87711
1787640382,1,87441
1787640387,0,87711
1787640387,1,87441
1787640392,0,87711
1787640392,1,87441
1787640397,0,87711
1787640397,1,87441
1787640402,0,87711
1787640402,1,87441
1787640407,0,87711
1787640407,1,87441
1787640413,0,87711
1787640413,1,87441
1787640418,0,87711
1787640418,1,87441
1787640423,0,87711
1787640423,1,87441
1787640428,0,87711
1787640428,1,87441
1787640433,0,87711
1787640433,1,87441
1787640438,0,87711
1787640438,1,87441
1787640443,0,87711
1787640443,1,87441
1787640448,0,87711
1787640448,1,87441
1787640453,0,87711
1787640453,1,87441
1787640458,0,117137
1787640458,1,115887
1787640463,0,117137
1787640463,1,115887
1787640468,0,117137
1787640468,1,115887
1787640473,0,117137
1787640473,1,115887
1787640478,0,117137
1787640478,1,115887
1787640483,0,118719
1787640483,1,117469
1787640488,0,118719
1787640488,1,117469
1787640493,0,118719
1787640493,1,117469
1787640499,0,118719
1787640499,1,117469
1787640504,0,118719
1787640504,1,117469
1787640509,0,54027
1787640509,1,52797
1787640514,0,54467
1787640514,1,53457
1787640519,0,54769
1787640519,1,53539
1787640524,0,55369
1787640524,1,54519
1787640529,0,55729
1787640529,1,54859
1787640534,0,55729
1787640534,1,54879
1787640539,0,55729
1787640539,1,54879
1787640544,0,55731
1787640544,1,54881
1787640549,0,55731
1787640549,1,54881
1787640554,0,55731
1787640554,1,54881
1787640559,0,59751
1787640559,1,58901
1787640564,0,59751
1787640564,1,58901
1787640569,0,59751
1787640569,1,58901
1787640574,0,59751
1787640574,1,58901
1787640579,0,59751
1787640579,1,58901
1787640584,0,59751
1787640584,1,58901
1787640590,0,59751
1787640590,1,58901
1787640595,0,59751
1787640595,1,58901
1787640600,0,59751
1787640600,1,58901
1787640605,0,59751
1787640605,1,58901
1787640610,0,59751
1787640610,1,58901
1787640615,0,59751
1787640615,1,58901
1787640620,0,59751
1787640620,1,58901
1787640625,0,59751
1787640625,1,58901
1787640630,0,70871
1787640630,1,70061
1787640635,0,84751
1787640635,1,84141
1787640640,0,84751
1787640640,1,84141
1787640645,0,84751
1787640645,1,84161
1787640650,0,84751
1787640650,1,84161
1787640655,0,84751
1787640655,1,84241
1787640660,0,84751
1787640660,1,84241
1787640665,0,84751
1787640665,1,84261
1787640670,0,84751
1787640670,1,84261
1787640676,0,84751
1787640676,1,84261
1787640681,0,85091
1787640681,1,84261
1787640686,0,85131
1787640686,1,84261
1787640691,0,85231
1787640691,1,84481
1787640696,0,85611
1787640696,1,84941
1787640701,0,87711
1787640701,1,87321
1787640706,0,87711
1787640706,1,87441
1787640711,0,87711
1787640711,1,87441
1787640716,0,87711
1787640716,1,87441
1787640721,0,87711
1787640721,1,87441
1787640726,0,87711
1787640726,1,87441
1787640731,0,87731
1787640731,1,87461
1787640736,0,87731
1787640736,1,87461
1787640741,0,87731
1787640741,1,87461
1787640746,0,87731
1787640746,1,87461
1787640751,0,87731
1787640751,1,87461
1787640756,0,87731
1787640756,1,87461
1787640762,0,87731
1787640762,1,87461
1787640767,0,87731
1787640767,1,87461
1787640772,0,87731
1787640772,1,87461
1787640777,0,87731
1787640777,1,87461
1787640782,0,87731
1787640782,1,87461
1787640787,0,87731
1787640787,1,87461
1787640792,0,87731
1787640792,1,87461
1787640797,0,87731
1787640797,1,87461
1787640802,0,87731
1787640802,1,87461
1787640807,0,87731
1787640807,1,87461
1787640812,0,87731
1787640812,1,87461
1787640817,0,87731
1787640817,1,87461
1787640822,0,87731
1787640822,1,87461
1787640827,0,115877
1787640827,1,116323
1787640832,0,118879
1787640832,1,117629
1787640837,0,118879
1787640837,1,117629
1787640842,0,118879
1787640842,1,117629
1787640848,0,118879
1787640848,1,117629
1787640853,0,118879
1787640853,1,117629
1787640858,0,118879
1787640858,1,117629
1787640863,0,54467
1787640863,1,53397
1787640868,0,54469
1787640868,1,53479
1787640873,0,54869
1787640873,1,53999
1787640878,0,55729
1787640878,1,54859
1787640883,0,55729
1787640883,1,54859
1787640912,0,59751
1787640912,1,58881
1787640918,0,59751
1787640918,1,58881
1787640973,0,59751
1787640973,1,58881
1787641070,0,87711
1787641070,1,87441
1787641076,0,87711
1787641076,1,87441
1787641240,0,125367
1787641240,1,125813
1787641246,0,119649
1787641246,1,118399
1787641553,0,87731
1787641553,1,87461
1787641560,0,87731
1787641560,1,87461
1787641565,0,87731
1787641565,1,87461
1787641570,0,87731
1787641570,1,87461
1787641575,0,87731
1787641575,1,87461
1787641580,0,87731
1787641580,1,87461
1787641585,0,87731
1787641585,1,87461
1787641590,0,109637
1787641590,1,109563
1787641595,0,118663
1787641595,1,117413
1787641600,0,118663
1787641600,1,117413
1787641605,0,118663
1787641605,1,117413
1787641610,0,118663
1787641610,1,117413
1787641615,0,118663
1787641615,1,117413
1787641620,0,118663
1787641620,1,117413
1787641625,0,54467
1787641625,1,53417
1787641630,0,54469
1787641630,1,53479
1787641635,0,54949
1787641635,1,54079
1787641641,0,55729
1787641641,1,54859
1787641646,0,55749
1787641646,1,54879
1787641651,0,55749
1787641651,1,54879
1787641656,0,55749
1787641656,1,54879
1787641661,0,55751
1787641661,1,54881
1787641666,0,55751
1787641666,1,54881
1787641671,0,59771
1787641671,1,58901
1787641676,0,59771
1787641676,1,58901
1787641681,0,59771
1787641681,1,58901
1787641686,0,59771
1787641686,1,58901
1787641691,0,59771
1787641691,1,58901
1787641696,0,59771
1787641696,1,58901
1787641701,0,59771
1787641701,1,58901
1787641706,0,59771
1787641706,1,58901
1787641711,0,59771
1787641711,1,58901
1787641716,0,59771
1787641716,1,58901
1787641721,0,59771
1787641721,1,58901
1787641727,0,59771
1787641727,1,58901
1787641732,0,59771
1787641732,1,58901
1787641737,0,59771
1787641737,1,58901
1787641742,0,59771
1787641742,1,58901
1787642059,0,125367
1787642059,1,125813
1787642064,0,118927
1787642064,1,117677
1787642368,0,87751
1787642368,1,87481
1787642373,0,87751
1787642373,1,87481
1787642379,0,87751
1787642379,1,87481
1787642685,0,125367
1787642685,1,125813
1787642692,0,119129
1787642692,1,117879
1787643001,0,87751
1787643001,1,87481
1787643006,0,87751
1787643006,1,87481
1787643011,0,87751
1787643011,1,87481
1787643017,0,87751
1787643017,1,87481
1787643022,0,87751
1787643022,1,87481
1787643027,0,87751
1787643027,1,87481
1787643032,0,87751
1787643032,1,87481
1787643037,0,76887
1787643037,1,75297
1787643042,0,119733
1787643042,1,118483
1787643047,0,119733
1787643047,1,118483
1787643052,0,119733
1787643052,1,118483
1787643057,0,119733
1787643057,1,118483
1787643062,0,119733
1787643062,1,118483
1787643067,0,119733
1787643067,1,118483
1787643072,0,50203
1787643072,1,48953
1787643077,0,54467
1787643077,1,53457
1787643082,0,54809
1787643082,1,53579
1787643087,0,55729
1787643087,1,54859
1787643092,0,55729
1787643092,1,54859
1787643097,0,55749
1787643097,1,54879
1787643103,0,55749
1787643103,1,54879
1787643108,0,55749
1787643108,1,54879
1787643113,0,55751
1787643113,1,54881
1787643118,0,55751
1787643118,1,54881
1787643123,0,59771
1787643123,1,58901
1787643128,0,59771
1787643128,1,58901
1787643133,0,59771
1787643133,1,58901
1787643138,0,59771
1787643138,1,58901
1787643143,0,59771
1787643143,1,58901
1787643148,0,59771
1787643148,1,58901
1787643153,0,59771
1787643153,1,58901
1787643158,0,59771
1787643158,1,58901
1787643163,0,59771
1787643163,1,58901
1787643168,0,59771
1787643168,1,58901
1787643173,0,59771
1787643173,1,58901
1787643178,0,59771
1787643178,1,58901
1787643183,0,59771
1787643183,1,58901
1787643189,0,59771
1787643189,1,58901
1787643194,0,59771
1787643194,1,58901
1787643199,0,84751
1787643199,1,84141
1787643204,0,84751
1787643204,1,84141
1787643209,0,84751
1787643209,1,84141
1787643214,0,84751
1787643214,1,84161
1787643219,0,84751
1787643219,1,84161
1787643224,0,84751
1787643224,1,84161
1787643229,0,84751
1787643229,1,84261
1787643234,0,84751
1787643234,1,84261
1787643239,0,85091
1787643239,1,84261
1787643244,0,85191
1787643244,1,84321
1787643249,0,85531
1787643249,1,84701
1787643254,0,86771
1787643254,1,86201
1787643259,0,87711
1787643259,1,87441
1787643264,0,87711
1787643264,1,87441
1787643269,0,87711
1787643269,1,87441
1787643275,0,87711
1787643275,1,87441
1787643280,0,87711
1787643280,1,87441
1787643285,0,87711
1787643285,1,87441
1787643290,0,87751
1787643290,1,87481
1787643295,0,87751
1787643295,1,87481
1787643300,0,87751
1787643300,1,87481
1787643305,0,87751
1787643305,1,87481
1787643310,0,87751
1787643310,1,87481
1787643315,0,87751
1787643315,1,87481
1787643320,0,87751
1787643320,1,87481
1787643325,0,87751
1787643325,1,87481
1787643330,0,87751
1787643330,1,87481
1787643335,0,87751
1787643335,1,87481
1787643340,0,87751
1787643340,1,87481
1787643345,0,87751
1787643345,1,87481
1787643350,0,87751
1787643350,1,87481
1787643355,0,87751
1787643355,1,87481
1787643361,0,87751
1787643361,1,87481
1787643366,0,87751
1787643366,1,87481
1787643371,0,87751
1787643371,1,87481
1787643376,0,87751
1787643376,1,87481
1787643381,0,87751
1787643381,1,87481
1787643386,0,87751
1787643386,1,87481
1787643391,0,87751
1787643391,1,87481
1787643396,0,125367
1787643396,1,125813
1787643401,0,119339
1787643401,1,118089
1787643406,0,119339
1787643406,1,118089
1787643411,0,119339
1787643411,1,118089
1787643416,0,119339
1787643416,1,118089
1787643421,0,119339
1787643421,1,118089
1787643426,0,53533
1787643426,1,52283
1787643431,0,54467
1787643431,1,53417
1787643436,0,54469
1787643436,1,53479
1787643441,0,54929
1787643441,1,54059
1787643447,0,55729
1787643447,1,54859
1787643452,0,55749
1787643452,1,54879
1787643457,0,55749
1787643457,1,54879
1787643462,0,55751
1787643462,1,54881
1787643467,0,55751
1787643467,1,54881
1787643472,0,55751
1787643472,1,54881
1787643477,0,59771
1787643477,1,58901
1787643482,0,59771
1787643482,1,58901
1787643487,0,59771
1787643487,1,58901
1787643492,0,59771
1787643492,1,58901
1787643497,0,59771
1787643497,1,58901
1787643502,0,59771
1787643502,1,58901
1787643507,0,59771
1787643507,1,58901
1787643512,0,59771
1787643512,1,58901
1787643517,0,59771
1787643517,1,58901
1787643522,0,59771
1787643522,1,58901
1787643527,0,59771
1787643527,1,58901
1787643532,0,59771
1787643532,1,58901
1787643538,0,59771
1787643538,1,58901
1787643543,0,59771
1787643543,1,58901
1787643548,0,68231
1787643548,1,67401
1787643553,0,84751
1787643553,1,84141
1787643558,0,84751
1787643558,1,84141
1787643563,0,84751
1787643563,1,84161
1787643568,0,84751
1787643568,1,84161
1787643573,0,84751
1787643573,1,84161
1787643578,0,84751
1787643578,1,84161
1787643583,0,84751
1787643583,1,84241
1787643588,0,84751
1787643588,1,84241
1787643593,0,84751
1787643593,1,84281
1787643598,0,84751
1787643598,1,84281
1787643603,0,85071
1787643603,1,84341
1787643608,0,85111
1787643608,1,84341
1787643613,0,85331
1787643613,1,84521
1787643618,0,87711
1787643618,1,87441
1787643624,0,87711
1787643624,1,87441
1787643629,0,87711
1787643629,1,87441
1787643634,0,87711
1787643634,1,87441
1787643639,0,87711
1787643639,1,87441
1787643644,0,87711
1787643644,1,87441
1787643649,0,87751
1787643649,1,87481
1787643654,0,87751
1787643654,1,87481
1787643659,0,87751
1787643659,1,87481
1787643664,0,87751
1787643664,1,87481
1787643669,0,87751
1787643669,1,87481
1787643674,0,87751
1787643674,1,87481
1787643679,0,87751
1787643679,1,87481
1787643684,0,87751
1787643684,1,87481
1787643689,0,87751
1787643689,1,87481
1787643694,0,87751
1787643694,1,87481
1787643699,0,87751
1787643699,1,87481
1787643704,0,87751
1787643704,1,87481
1787643710,0,87751
1787643710,1,87481
1787643715,0,87751
1787643715,1,87481
1787643720,0,87751
1787643720,1,87481
1787643725,0,87751
1787643725,1,87481
1787643730,0,87751
1787643730,1,87481
1787643735,0,87751
1787643735,1,87481
1787643740,0,87751
1787643740,1,87481
1787643745,0,125367
1787643745,1,125813
1787643750,0,118629
1787643750,1,117379
1787643755,0,118629
1787643755,1,117379
1787643760,0,118629
1787643760,1,117379
1787643765,0,118629
1787643765,1,117379
1787643770,0,118629
1787643770,1,117379
1787643775,0,118629
1787643775,1,117379
1787643780,0,54465
1787643780,1,53277
1787643785,0,54467
1787643785,1,53437
1787643791,0,54469
1787643791,1,53519
1787643796,0,55729
1787643796,1,54839
1787643801,0,55729
1787643801,1,54839
1787643806,0,55749
1787643806,1,54859
1787643811,0,55749
1787643811,1,54859
1787643816,0,55751
1787643816,1,54861
1787643821,0,55751
1787643821,1,54861
1787643826,0,55751
1787643826,1,54861
1787643831,0,59771
1787643831,1,58881
1787643836,0,59771
1787643836,1,58881
1787643841,0,59771
1787643841,1,58881
1787643846,0,59771
1787643846,1,58881
1787643851,0,59771
1787643851,1,58881
1787643856,0,59771
1787643856,1,58881
1787643861,0,59771
1787643861,1,58881
1787643866,0,59771
1787643866,1,58881
1787643871,0,59771
1787643871,1,58881
1787643877,0,59771
1787643877,1,58881
1787643882,0,59771
1787643882,1,58881
1787643887,0,59771
1787643887,1,58881
1787643892,0,59771
1787643892,1,58881
1787643897,0,59771
1787643897,1,58881
1787643902,0,69551
1787643902,1,68621
1787643907,0,84751
1787643907,1,84121
1787643912,0,84751
1787643912,1,84121
1787643917,0,84751
1787643917,1,84141
1787643922,0,84751
1787643922,1,84161
1787643927,0,84751
1787643927,1,84201
1787643932,0,84751
1787643932,1,84201
1787643937,0,84751
1787643937,1,84221
1787643942,0,84751
1787643942,1,84221
1787643947,0,84751
1787643947,1,84261
1787643952,0,85071
1787643952,1,84261
1787643957,0,85131
1787643957,1,84381
1787643963,0,86591
1787643963,1,86041
1787643968,0,87711
1787643968,1,87461
1787643973,0,87711
1787643973,1,87461
1787643978,0,87711
1787643978,1,87461
1787643983,0,87711
1787643983,1,87461
1787643988,0,87711
1787643988,1,87461
1787643993,0,87711
1787643993,1,87461
1787643998,0,87711
1787643998,1,87461
1787644003,0,87751
1787644003,1,87481
1787644008,0,87751
1787644008,1,87481
1787644013,0,87751
1787644013,1,87481
1787644018,0,87751
1787644018,1,87481
1787644023,0,87751
1787644023,1,87481
1787644028,0,87751
1787644028,1,87481
1787644033,0,87751
1787644033,1,87481
1787644038,0,87751
1787644038,1,87481
1787644071,0,87751
1787644071,1,87481
1787644077,0,87751
1787644223,0,59751
1787644223,1,58881
1787644229,0,59751
1787644229,1,58881
1787644399,0,87711
1787644399,1,87441
