/home/hyin66/micromamba/envs/verl/lib/python3.10/site-packages/verl/workers/engine/mindspeed/transformer_impl.py:24: UserWarning: NPU not support router replay for now.
  from verl.utils.megatron.router_replay_patch import RouterReplay
/home/hyin66/micromamba/envs/verl/lib/python3.10/site-packages/verl/trainer/main_ppo.py:380: FutureWarning: Warning: Function '__main__.main' is deprecated. Please use 'main_ppo.py is deprecated, and wil be replaced by main_ppo_sync.py in v0.8.0, please use main_ppo_sync.py instead.' instead.
  main()
2026-08-24 10:11:29,426	INFO worker.py:2015 -- Started a local Ray instance. View the dashboard at [1m[32m127.0.0.1:8265 [39m[22m
[36m(pid=670978)[0m /home/hyin66/micromamba/envs/verl/lib/python3.10/site-packages/verl/workers/engine/mindspeed/transformer_impl.py:24: UserWarning: NPU not support router replay for now.
[36m(pid=670978)[0m   from verl.utils.megatron.router_replay_patch import RouterReplay
ray init kwargs: {'num_cpus': None, 'runtime_env': {'env_vars': {'TOKENIZERS_PARALLELISM': 'true', 'NCCL_DEBUG': 'WARN', 'VLLM_ALLOW_RUNTIME_LORA_UPDATING': 'true', 'CUDA_DEVICE_MAX_CONNECTIONS': '1', 'VLLM_DISABLE_COMPILE_CACHE': '1', 'HCCL_HOST_SOCKET_PORT_RANGE': 'auto', 'HCCL_NPU_SOCKET_PORT_RANGE': 'auto', 'HSA_NO_SCRATCH_RECLAIM': '1'}, 'working_dir': None}}
[36m(TaskRunner pid=670978)[0m TaskRunner hostname: hyin66-h200-01-0, PID: 670978
[36m(TaskRunner pid=670978)[0m {'actor_rollout_ref': {'actor': {'_target_': 'verl.workers.config.FSDPActorConfig',
[36m(TaskRunner pid=670978)[0m                                  'calculate_entropy': False,
[36m(TaskRunner pid=670978)[0m                                  'calculate_sum_pi_squared': False,
[36m(TaskRunner pid=670978)[0m                                  'checkpoint': {'_target_': 'verl.trainer.config.CheckpointConfig',
[36m(TaskRunner pid=670978)[0m                                                 'async_save': False,
[36m(TaskRunner pid=670978)[0m                                                 'load_contents': ['model',
[36m(TaskRunner pid=670978)[0m                                                                   'optimizer',
[36m(TaskRunner pid=670978)[0m                                                                   'extra'],
[36m(TaskRunner pid=670978)[0m                                                 'mbridge_config': {},
[36m(TaskRunner pid=670978)[0m                                                 'save_contents': ['model',
[36m(TaskRunner pid=670978)[0m                                                                   'optimizer',
[36m(TaskRunner pid=670978)[0m                                                                   'extra'],
[36m(TaskRunner pid=670978)[0m                                                 'strict': True},
[36m(TaskRunner pid=670978)[0m                                  'clip_ratio': 0.2,
[36m(TaskRunner pid=670978)[0m                                  'clip_ratio_c': 3.0,
[36m(TaskRunner pid=670978)[0m                                  'clip_ratio_high': 0.2,
[36m(TaskRunner pid=670978)[0m                                  'clip_ratio_low': 0.2,
[36m(TaskRunner pid=670978)[0m                                  'data_loader_seed': 42,
[36m(TaskRunner pid=670978)[0m                                  'entropy_checkpointing': False,
[36m(TaskRunner pid=670978)[0m                                  'entropy_coeff': 0,
[36m(TaskRunner pid=670978)[0m                                  'entropy_from_logits_with_chunking': False,
[36m(TaskRunner pid=670978)[0m                                  'freeze_vision_tower': False,
[36m(TaskRunner pid=670978)[0m                                  'fsdp_config': {'_target_': 'verl.workers.config.FSDPEngineConfig',
[36m(TaskRunner pid=670978)[0m                                                  'dtype': 'bfloat16',
[36m(TaskRunner pid=670978)[0m                                                  'entropy_checkpointing': False,
[36m(TaskRunner pid=670978)[0m                                                  'entropy_from_logits_with_chunking': False,
[36m(TaskRunner pid=670978)[0m                                                  'forward_only': False,
[36m(TaskRunner pid=670978)[0m                                                  'forward_prefetch': False,
[36m(TaskRunner pid=670978)[0m                                                  'fsdp_size': -1,
[36m(TaskRunner pid=670978)[0m                                                  'full_determinism': False,
[36m(TaskRunner pid=670978)[0m                                                  'model_dtype': 'fp32',
[36m(TaskRunner pid=670978)[0m                                                  'offload_policy': False,
[36m(TaskRunner pid=670978)[0m                                                  'optimizer_offload': False,
[36m(TaskRunner pid=670978)[0m                                                  'param_offload': False,
[36m(TaskRunner pid=670978)[0m                                                  'qat': {'_target_': 'verl.workers.config.QATEngineConfig',
[36m(TaskRunner pid=670978)[0m                                                          'activation_observer': 'static_minmax',
[36m(TaskRunner pid=670978)[0m                                                          'enable': False,
[36m(TaskRunner pid=670978)[0m                                                          'group_size': 16,
[36m(TaskRunner pid=670978)[0m                                                          'ignore_patterns': ['lm_head',
[36m(TaskRunner pid=670978)[0m                                                                              'embed_tokens',
[36m(TaskRunner pid=670978)[0m                                                                              're:.*mlp.gate$'],
[36m(TaskRunner pid=670978)[0m                                                          'mode': 'w4a16',
[36m(TaskRunner pid=670978)[0m                                                          'quantization_config_path': None},
[36m(TaskRunner pid=670978)[0m                                                  'reshard_after_forward': True,
[36m(TaskRunner pid=670978)[0m                                                  'seed': 42,
[36m(TaskRunner pid=670978)[0m                                                  'strategy': 'fsdp',
[36m(TaskRunner pid=670978)[0m                                                  'ulysses_sequence_parallel_size': 1,
[36m(TaskRunner pid=670978)[0m                                                  'use_orig_params': False,
[36m(TaskRunner pid=670978)[0m                                                  'use_torch_compile': True,
[36m(TaskRunner pid=670978)[0m                                                  'wrap_policy': {'min_num_params': 0}},
[36m(TaskRunner pid=670978)[0m                                  'grad_clip': 1.0,
[36m(TaskRunner pid=670978)[0m                                  'kl_loss_coef': 0.001,
[36m(TaskRunner pid=670978)[0m                                  'kl_loss_type': 'low_var_kl',
[36m(TaskRunner pid=670978)[0m                                  'loss_agg_mode': 'token-mean',
[36m(TaskRunner pid=670978)[0m                                  'loss_scale_factor': None,
[36m(TaskRunner pid=670978)[0m                                  'optim': {'_target_': 'verl.workers.config.FSDPOptimizerConfig',
[36m(TaskRunner pid=670978)[0m                                            'betas': [0.9, 0.999],
[36m(TaskRunner pid=670978)[0m                                            'clip_grad': 1.0,
[36m(TaskRunner pid=670978)[0m                                            'lr': 1e-06,
[36m(TaskRunner pid=670978)[0m                                            'lr_scheduler_type': 'constant',
[36m(TaskRunner pid=670978)[0m                                            'lr_warmup_steps': -1,
[36m(TaskRunner pid=670978)[0m                                            'lr_warmup_steps_ratio': 0.0,
[36m(TaskRunner pid=670978)[0m                                            'min_lr_ratio': 0.0,
[36m(TaskRunner pid=670978)[0m                                            'num_cycles': 0.5,
[36m(TaskRunner pid=670978)[0m                                            'optimizer': 'AdamW',
[36m(TaskRunner pid=670978)[0m                                            'optimizer_impl': 'torch.optim',
[36m(TaskRunner pid=670978)[0m                                            'override_optimizer_config': None,
[36m(TaskRunner pid=670978)[0m                                            'total_training_steps': -1,
[36m(TaskRunner pid=670978)[0m                                            'warmup_style': None,
[36m(TaskRunner pid=670978)[0m                                            'weight_decay': 0.01,
[36m(TaskRunner pid=670978)[0m                                            'zero_indexed_step': True},
[36m(TaskRunner pid=670978)[0m                                  'policy_loss': {'_target_': 'verl.workers.config.PolicyLossConfig',
[36m(TaskRunner pid=670978)[0m                                                  'clip_cov_lb': 1.0,
[36m(TaskRunner pid=670978)[0m                                                  'clip_cov_ratio': 0.0002,
[36m(TaskRunner pid=670978)[0m                                                  'clip_cov_ub': 5.0,
[36m(TaskRunner pid=670978)[0m                                                  'kl_cov_ratio': 0.0002,
[36m(TaskRunner pid=670978)[0m                                                  'loss_mode': 'vanilla',
[36m(TaskRunner pid=670978)[0m                                                  'ppo_kl_coef': 0.1},
[36m(TaskRunner pid=670978)[0m                                  'ppo_epochs': 1,
[36m(TaskRunner pid=670978)[0m                                  'ppo_max_token_len_per_gpu': 16384,
[36m(TaskRunner pid=670978)[0m                                  'ppo_micro_batch_size': None,
[36m(TaskRunner pid=670978)[0m                                  'ppo_micro_batch_size_per_gpu': 2,
[36m(TaskRunner pid=670978)[0m                                  'ppo_mini_batch_size': 4,
[36m(TaskRunner pid=670978)[0m                                  'profiler': {'_target_': 'verl.utils.profiler.ProfilerConfig',
[36m(TaskRunner pid=670978)[0m                                               'all_ranks': False,
[36m(TaskRunner pid=670978)[0m                                               'enable': False,
[36m(TaskRunner pid=670978)[0m                                               'ranks': [],
[36m(TaskRunner pid=670978)[0m                                               'save_path': 'outputs/profile',
[36m(TaskRunner pid=670978)[0m                                               'tool': None,
[36m(TaskRunner pid=670978)[0m                                               'tool_config': {'npu': {'_target_': 'verl.utils.profiler.config.NPUToolConfig',
[36m(TaskRunner pid=670978)[0m                                                                       'analysis': True,
[36m(TaskRunner pid=670978)[0m                                                                       'contents': [],
[36m(TaskRunner pid=670978)[0m                                                                       'discrete': False,
[36m(TaskRunner pid=670978)[0m                                                                       'level': 'level0'},
[36m(TaskRunner pid=670978)[0m                                                               'nsys': {'_target_': 'verl.utils.profiler.config.NsightToolConfig',
[36m(TaskRunner pid=670978)[0m                                                                        'discrete': False},
[36m(TaskRunner pid=670978)[0m                                                               'precision_debugger': {'_target_': 'verl.utils.profiler.config.PrecisionDebuggerToolConfig',
[36m(TaskRunner pid=670978)[0m                                                                                      'config_path': None,
[36m(TaskRunner pid=670978)[0m                                                                                      'stages': None,
[36m(TaskRunner pid=670978)[0m                                                                                      'steps': None,
[36m(TaskRunner pid=670978)[0m                                                                                      'strict': False},
[36m(TaskRunner pid=670978)[0m                                                               'torch': {'_target_': 'verl.utils.profiler.config.TorchProfilerToolConfig',
[36m(TaskRunner pid=670978)[0m                                                                         'contents': [],
[36m(TaskRunner pid=670978)[0m                                                                         'discrete': False},
[36m(TaskRunner pid=670978)[0m                                                               'torch_memory': {'_target_': 'verl.utils.profiler.config.TorchMemoryToolConfig',
[36m(TaskRunner pid=670978)[0m                                                                                'stack_depth': 32,
[36m(TaskRunner pid=670978)[0m                                                                                'trace_alloc_max_entries': 100000}}},
[36m(TaskRunner pid=670978)[0m                                  'qat': {'activation_observer': 'static_minmax',
[36m(TaskRunner pid=670978)[0m                                          'enable': False,
[36m(TaskRunner pid=670978)[0m                                          'group_size': 16,
[36m(TaskRunner pid=670978)[0m                                          'ignore_patterns': ['lm_head',
[36m(TaskRunner pid=670978)[0m                                                              'embed_tokens',
[36m(TaskRunner pid=670978)[0m                                                              're:.*mlp.gate$'],
[36m(TaskRunner pid=670978)[0m                                          'mode': 'w4a16',
[36m(TaskRunner pid=670978)[0m                                          'quantization_config_path': None},
[36m(TaskRunner pid=670978)[0m                                  'rollout_n': 8,
[36m(TaskRunner pid=670978)[0m                                  'router_replay': {'_target_': 'verl.workers.config.RouterReplayConfig',
[36m(TaskRunner pid=670978)[0m                                                    'mode': 'disabled',
[36m(TaskRunner pid=670978)[0m                                                    'record_file': None,
[36m(TaskRunner pid=670978)[0m                                                    'replay_file': None},
[36m(TaskRunner pid=670978)[0m                                  'shuffle': False,
[36m(TaskRunner pid=670978)[0m                                  'strategy': 'fsdp',
[36m(TaskRunner pid=670978)[0m                                  'tau_neg': 1.05,
[36m(TaskRunner pid=670978)[0m                                  'tau_pos': 1.0,
[36m(TaskRunner pid=670978)[0m                                  'ulysses_sequence_parallel_size': 1,
[36m(TaskRunner pid=670978)[0m                                  'use_dynamic_bsz': False,
[36m(TaskRunner pid=670978)[0m                                  'use_fused_kernels': False,
[36m(TaskRunner pid=670978)[0m                                  'use_kl_loss': True,
[36m(TaskRunner pid=670978)[0m                                  'use_prefix_grouper': False,
[36m(TaskRunner pid=670978)[0m                                  'use_remove_padding': True,
[36m(TaskRunner pid=670978)[0m                                  'use_torch_compile': True},
[36m(TaskRunner pid=670978)[0m                        'hybrid_engine': True,
[36m(TaskRunner pid=670978)[0m                        'model': {'_target_': 'verl.workers.config.HFModelConfig',
[36m(TaskRunner pid=670978)[0m                                  'custom_chat_template': None,
[36m(TaskRunner pid=670978)[0m                                  'enable_activation_offload': False,
[36m(TaskRunner pid=670978)[0m                                  'enable_gradient_checkpointing': True,
[36m(TaskRunner pid=670978)[0m                                  'exclude_modules': None,
[36m(TaskRunner pid=670978)[0m                                  'external_lib': None,
[36m(TaskRunner pid=670978)[0m                                  'fused_kernel_options': {'impl_backend': 'torch'},
[36m(TaskRunner pid=670978)[0m                                  'hf_config_path': None,
[36m(TaskRunner pid=670978)[0m                                  'lora': {'a2a_experimental': False,
[36m(TaskRunner pid=670978)[0m                                           'adapter_path': None,
[36m(TaskRunner pid=670978)[0m                                           'alpha': 32,
[36m(TaskRunner pid=670978)[0m                                           'dropout': 0.0,
[36m(TaskRunner pid=670978)[0m                                           'dropout_position': 'pre',
[36m(TaskRunner pid=670978)[0m                                           'dtype': None,
[36m(TaskRunner pid=670978)[0m                                           'exclude_modules': [],
[36m(TaskRunner pid=670978)[0m                                           'freeze_language_model': True,
[36m(TaskRunner pid=670978)[0m                                           'freeze_vision_model': True,
[36m(TaskRunner pid=670978)[0m                                           'freeze_vision_projection': True,
[36m(TaskRunner pid=670978)[0m                                           'lora_A_init_method': 'xavier',
[36m(TaskRunner pid=670978)[0m                                           'lora_B_init_method': 'zero',
[36m(TaskRunner pid=670978)[0m                                           'merge': False,
[36m(TaskRunner pid=670978)[0m                                           'rank': 0,
[36m(TaskRunner pid=670978)[0m                                           'target_modules': ['linear_qkv',
[36m(TaskRunner pid=670978)[0m                                                              'linear_proj',
[36m(TaskRunner pid=670978)[0m                                                              'linear_fc1',
[36m(TaskRunner pid=670978)[0m                                                              'linear_fc2'],
[36m(TaskRunner pid=670978)[0m                                           'type': 'lora'},
[36m(TaskRunner pid=670978)[0m                                  'lora_adapter_path': None,
[36m(TaskRunner pid=670978)[0m                                  'lora_alpha': 16,
[36m(TaskRunner pid=670978)[0m                                  'lora_rank': 0,
[36m(TaskRunner pid=670978)[0m                                  'mtp': {'_target_': 'verl.workers.config.MtpConfig',
[36m(TaskRunner pid=670978)[0m                                          'detach_encoder': False,
[36m(TaskRunner pid=670978)[0m                                          'enable': False,
[36m(TaskRunner pid=670978)[0m                                          'enable_rollout': False,
[36m(TaskRunner pid=670978)[0m                                          'enable_train': False,
[36m(TaskRunner pid=670978)[0m                                          'method': 'mtp',
[36m(TaskRunner pid=670978)[0m                                          'mtp_loss_scaling_factor': 0.1,
[36m(TaskRunner pid=670978)[0m                                          'num_speculative_tokens': 1,
[36m(TaskRunner pid=670978)[0m                                          'speculative_algorithm': 'EAGLE',
[36m(TaskRunner pid=670978)[0m                                          'speculative_eagle_topk': 1,
[36m(TaskRunner pid=670978)[0m                                          'speculative_num_draft_tokens': 4,
[36m(TaskRunner pid=670978)[0m                                          'speculative_num_steps': 3},
[36m(TaskRunner pid=670978)[0m                                  'override_config': {},
[36m(TaskRunner pid=670978)[0m                                  'path': '/tmp/rawtmpl_Qwen2.5-7B-Instruct',
[36m(TaskRunner pid=670978)[0m                                  'target_modules': 'all-linear',
[36m(TaskRunner pid=670978)[0m                                  'tiled_mlp': {'enabled': False,
[36m(TaskRunner pid=670978)[0m                                                'num_shards': 4},
[36m(TaskRunner pid=670978)[0m                                  'tokenizer_path': None,
[36m(TaskRunner pid=670978)[0m                                  'trust_remote_code': False,
[36m(TaskRunner pid=670978)[0m                                  'use_fused_kernels': False,
[36m(TaskRunner pid=670978)[0m                                  'use_liger': False,
[36m(TaskRunner pid=670978)[0m                                  'use_remove_padding': True,
[36m(TaskRunner pid=670978)[0m                                  'use_shm': False},
[36m(TaskRunner pid=670978)[0m                        'nccl_timeout': 600,
[36m(TaskRunner pid=670978)[0m                        'ref': {'_target_': 'verl.workers.config.FSDPActorConfig',
[36m(TaskRunner pid=670978)[0m                                'entropy_checkpointing': False,
[36m(TaskRunner pid=670978)[0m                                'entropy_from_logits_with_chunking': False,
[36m(TaskRunner pid=670978)[0m                                'fsdp_config': {'_target_': 'verl.workers.config.FSDPEngineConfig',
[36m(TaskRunner pid=670978)[0m                                                'dtype': 'bfloat16',
[36m(TaskRunner pid=670978)[0m                                                'entropy_checkpointing': False,
[36m(TaskRunner pid=670978)[0m                                                'entropy_from_logits_with_chunking': False,
[36m(TaskRunner pid=670978)[0m                                                'forward_only': True,
[36m(TaskRunner pid=670978)[0m                                                'forward_prefetch': False,
[36m(TaskRunner pid=670978)[0m                                                'fsdp_size': -1,
[36m(TaskRunner pid=670978)[0m                                                'full_determinism': False,
[36m(TaskRunner pid=670978)[0m                                                'model_dtype': 'fp32',
[36m(TaskRunner pid=670978)[0m                                                'offload_policy': False,
[36m(TaskRunner pid=670978)[0m                                                'optimizer_offload': False,
[36m(TaskRunner pid=670978)[0m                                                'param_offload': False,
[36m(TaskRunner pid=670978)[0m                                                'qat': {'_target_': 'verl.workers.config.QATEngineConfig',
[36m(TaskRunner pid=670978)[0m                                                        'activation_observer': 'static_minmax',
[36m(TaskRunner pid=670978)[0m                                                        'enable': False,
[36m(TaskRunner pid=670978)[0m                                                        'group_size': 16,
[36m(TaskRunner pid=670978)[0m                                                        'ignore_patterns': ['lm_head',
[36m(TaskRunner pid=670978)[0m                                                                            'embed_tokens',
[36m(TaskRunner pid=670978)[0m                                                                            're:.*mlp.gate$'],
[36m(TaskRunner pid=670978)[0m                                                        'mode': 'w4a16',
[36m(TaskRunner pid=670978)[0m                                                        'quantization_config_path': None},
[36m(TaskRunner pid=670978)[0m                                                'reshard_after_forward': True,
[36m(TaskRunner pid=670978)[0m                                                'seed': 42,
[36m(TaskRunner pid=670978)[0m                                                'strategy': 'fsdp',
[36m(TaskRunner pid=670978)[0m                                                'ulysses_sequence_parallel_size': 1,
[36m(TaskRunner pid=670978)[0m                                                'use_orig_params': False,
[36m(TaskRunner pid=670978)[0m                                                'use_torch_compile': True,
[36m(TaskRunner pid=670978)[0m                                                'wrap_policy': {'min_num_params': 0}},
[36m(TaskRunner pid=670978)[0m                                'log_prob_max_token_len_per_gpu': 16384,
[36m(TaskRunner pid=670978)[0m                                'log_prob_micro_batch_size': None,
[36m(TaskRunner pid=670978)[0m                                'log_prob_micro_batch_size_per_gpu': 2,
[36m(TaskRunner pid=670978)[0m                                'log_prob_use_dynamic_bsz': False,
[36m(TaskRunner pid=670978)[0m                                'profiler': {'_target_': 'verl.utils.profiler.ProfilerConfig',
[36m(TaskRunner pid=670978)[0m                                             'all_ranks': False,
[36m(TaskRunner pid=670978)[0m                                             'enable': False,
[36m(TaskRunner pid=670978)[0m                                             'ranks': [],
[36m(TaskRunner pid=670978)[0m                                             'save_path': 'outputs/profile',
[36m(TaskRunner pid=670978)[0m                                             'tool': None,
[36m(TaskRunner pid=670978)[0m                                             'tool_config': {'npu': {'_target_': 'verl.utils.profiler.config.NPUToolConfig',
[36m(TaskRunner pid=670978)[0m                                                                     'analysis': True,
[36m(TaskRunner pid=670978)[0m                                                                     'contents': [],
[36m(TaskRunner pid=670978)[0m                                                                     'discrete': False,
[36m(TaskRunner pid=670978)[0m                                                                     'level': 'level0'},
[36m(TaskRunner pid=670978)[0m                                                             'nsys': {'_target_': 'verl.utils.profiler.config.NsightToolConfig',
[36m(TaskRunner pid=670978)[0m                                                                      'discrete': False},
[36m(TaskRunner pid=670978)[0m                                                             'precision_debugger': {'_target_': 'verl.utils.profiler.config.PrecisionDebuggerToolConfig',
[36m(TaskRunner pid=670978)[0m                                                                                    'config_path': None,
[36m(TaskRunner pid=670978)[0m                                                                                    'stages': None,
[36m(TaskRunner pid=670978)[0m                                                                                    'steps': None,
[36m(TaskRunner pid=670978)[0m                                                                                    'strict': False},
[36m(TaskRunner pid=670978)[0m                                                             'torch': {'_target_': 'verl.utils.profiler.config.TorchProfilerToolConfig',
[36m(TaskRunner pid=670978)[0m                                                                       'contents': [],
[36m(TaskRunner pid=670978)[0m                                                                       'discrete': False},
[36m(TaskRunner pid=670978)[0m                                                             'torch_memory': {'_target_': 'verl.utils.profiler.config.TorchMemoryToolConfig',
[36m(TaskRunner pid=670978)[0m                                                                              'stack_depth': 32,
[36m(TaskRunner pid=670978)[0m                                                                              'trace_alloc_max_entries': 100000}}},
[36m(TaskRunner pid=670978)[0m                                'rollout_n': 8,
[36m(TaskRunner pid=670978)[0m                                'router_replay': {'_target_': 'verl.workers.config.RouterReplayConfig',
[36m(TaskRunner pid=670978)[0m                                                  'mode': 'disabled',
[36m(TaskRunner pid=670978)[0m                                                  'record_file': None,
[36m(TaskRunner pid=670978)[0m                                                  'replay_file': None},
[36m(TaskRunner pid=670978)[0m                                'strategy': 'fsdp',
[36m(TaskRunner pid=670978)[0m                                'ulysses_sequence_parallel_size': 1,
[36m(TaskRunner pid=670978)[0m                                'use_torch_compile': True},
[36m(TaskRunner pid=670978)[0m                        'rollout': {'_target_': 'verl.workers.config.RolloutConfig',
[36m(TaskRunner pid=670978)[0m                                    'agent': {'_target_': 'verl.workers.config.AgentLoopConfig',
[36m(TaskRunner pid=670978)[0m                                              'agent_loop_config_path': None,
[36m(TaskRunner pid=670978)[0m                                              'custom_async_server': {'_target_': 'verl.workers.config.CustomAsyncServerConfig',
[36m(TaskRunner pid=670978)[0m                                                                      'name': None,
[36m(TaskRunner pid=670978)[0m                                                                      'path': None},
[36m(TaskRunner pid=670978)[0m                                              'default_agent_loop': 'single_turn_agent',
[36m(TaskRunner pid=670978)[0m                                              'num_workers': 8},
[36m(TaskRunner pid=670978)[0m                                    'calculate_log_probs': False,
[36m(TaskRunner pid=670978)[0m                                    'checkpoint_engine': {'_target_': 'verl.workers.config.CheckpointEngineConfig',
[36m(TaskRunner pid=670978)[0m                                                          'backend': 'naive',
[36m(TaskRunner pid=670978)[0m                                                          'custom_backend_module': None,
[36m(TaskRunner pid=670978)[0m                                                          'engine_kwargs': {},
[36m(TaskRunner pid=670978)[0m                                                          'update_weights_bucket_megabytes': 2048},
[36m(TaskRunner pid=670978)[0m                                    'cudagraph_capture_sizes': None,
[36m(TaskRunner pid=670978)[0m                                    'data_parallel_size': 1,
[36m(TaskRunner pid=670978)[0m                                    'disable_log_stats': True,
[36m(TaskRunner pid=670978)[0m                                    'disaggregation': {'bootstrap_port': None,
[36m(TaskRunner pid=670978)[0m                                                       'decode_replicas': 1,
[36m(TaskRunner pid=670978)[0m                                                       'decode_tensor_model_parallel_size': None,
[36m(TaskRunner pid=670978)[0m                                                       'enabled': False,
[36m(TaskRunner pid=670978)[0m                                                       'ib_device': None,
[36m(TaskRunner pid=670978)[0m                                                       'prefill_replicas': 1,
[36m(TaskRunner pid=670978)[0m                                                       'transfer_backend': 'nixl'},
[36m(TaskRunner pid=670978)[0m                                    'do_sample': True,
[36m(TaskRunner pid=670978)[0m                                    'dtype': 'bfloat16',
[36m(TaskRunner pid=670978)[0m                                    'enable_chunked_prefill': True,
[36m(TaskRunner pid=670978)[0m                                    'enable_prefix_caching': True,
[36m(TaskRunner pid=670978)[0m                                    'enable_rollout_routing_replay': False,
[36m(TaskRunner pid=670978)[0m                                    'enforce_eager': False,
[36m(TaskRunner pid=670978)[0m                                    'engine_kwargs': {'sglang': {},
[36m(TaskRunner pid=670978)[0m                                                      'trtllm': {},
[36m(TaskRunner pid=670978)[0m                                                      'vllm': {}},
[36m(TaskRunner pid=670978)[0m                                    'expert_parallel_size': 1,
[36m(TaskRunner pid=670978)[0m                                    'free_cache_engine': True,
[36m(TaskRunner pid=670978)[0m                                    'gpu_memory_utilization': 0.5,
[36m(TaskRunner pid=670978)[0m                                    'ignore_eos': False,
[36m(TaskRunner pid=670978)[0m                                    'layered_summon': False,
[36m(TaskRunner pid=670978)[0m                                    'load_format': 'dummy',
[36m(TaskRunner pid=670978)[0m                                    'log_prob_max_token_len_per_gpu': 16384,
[36m(TaskRunner pid=670978)[0m                                    'log_prob_micro_batch_size': None,
[36m(TaskRunner pid=670978)[0m                                    'log_prob_micro_batch_size_per_gpu': 2,
[36m(TaskRunner pid=670978)[0m                                    'log_prob_use_dynamic_bsz': False,
[36m(TaskRunner pid=670978)[0m                                    'logprobs_mode': 'processed_logprobs',
[36m(TaskRunner pid=670978)[0m                                    'max_model_len': None,
[36m(TaskRunner pid=670978)[0m                                    'max_num_batched_tokens': 8192,
[36m(TaskRunner pid=670978)[0m                                    'max_num_seqs': 1024,
[36m(TaskRunner pid=670978)[0m                                    'mode': 'async',
[36m(TaskRunner pid=670978)[0m                                    'mtp': {'_target_': 'verl.workers.config.MtpConfig',
[36m(TaskRunner pid=670978)[0m                                            'detach_encoder': False,
[36m(TaskRunner pid=670978)[0m                                            'enable': False,
[36m(TaskRunner pid=670978)[0m                                            'enable_rollout': False,
[36m(TaskRunner pid=670978)[0m                                            'enable_train': False,
[36m(TaskRunner pid=670978)[0m                                            'method': 'mtp',
[36m(TaskRunner pid=670978)[0m                                            'mtp_loss_scaling_factor': 0.1,
[36m(TaskRunner pid=670978)[0m                                            'num_speculative_tokens': 1,
[36m(TaskRunner pid=670978)[0m                                            'speculative_algorithm': 'EAGLE',
[36m(TaskRunner pid=670978)[0m                                            'speculative_eagle_topk': 1,
[36m(TaskRunner pid=670978)[0m                                            'speculative_num_draft_tokens': 4,
[36m(TaskRunner pid=670978)[0m                                            'speculative_num_steps': 3},
[36m(TaskRunner pid=670978)[0m                                    'multi_stage_wake_up': False,
[36m(TaskRunner pid=670978)[0m                                    'multi_turn': {'_target_': 'verl.workers.config.MultiTurnConfig',
[36m(TaskRunner pid=670978)[0m                                                   'enable': False,
[36m(TaskRunner pid=670978)[0m                                                   'format': 'hermes',
[36m(TaskRunner pid=670978)[0m                                                   'function_tool_path': None,
[36m(TaskRunner pid=670978)[0m                                                   'max_assistant_turns': None,
[36m(TaskRunner pid=670978)[0m                                                   'max_parallel_calls': 1,
[36m(TaskRunner pid=670978)[0m                                                   'max_tool_response_length': 256,
[36m(TaskRunner pid=670978)[0m                                                   'max_user_turns': None,
[36m(TaskRunner pid=670978)[0m                                                   'num_repeat_rollouts': None,
[36m(TaskRunner pid=670978)[0m                                                   'tokenization_sanity_check_mode': 'strict',
[36m(TaskRunner pid=670978)[0m                                                   'tool_config_path': None,
[36m(TaskRunner pid=670978)[0m                                                   'tool_response_truncate_side': 'middle',
[36m(TaskRunner pid=670978)[0m                                                   'use_inference_chat_template': False},
[36m(TaskRunner pid=670978)[0m                                    'n': 8,
[36m(TaskRunner pid=670978)[0m                                    'n_gpus_per_node': 2,
[36m(TaskRunner pid=670978)[0m                                    'name': 'vllm',
[36m(TaskRunner pid=670978)[0m                                    'nnodes': 0,
[36m(TaskRunner pid=670978)[0m                                    'over_sample_rate': 0,
[36m(TaskRunner pid=670978)[0m                                    'pipeline_model_parallel_size': 1,
[36m(TaskRunner pid=670978)[0m                                    'profiler': {'_target_': 'verl.utils.profiler.ProfilerConfig',
[36m(TaskRunner pid=670978)[0m                                                 'all_ranks': False,
[36m(TaskRunner pid=670978)[0m                                                 'enable': False,
[36m(TaskRunner pid=670978)[0m                                                 'ranks': [],
[36m(TaskRunner pid=670978)[0m                                                 'save_path': 'outputs/profile',
[36m(TaskRunner pid=670978)[0m                                                 'tool': None,
[36m(TaskRunner pid=670978)[0m                                                 'tool_config': {'npu': {'_target_': 'verl.utils.profiler.config.NPUToolConfig',
[36m(TaskRunner pid=670978)[0m                                                                         'analysis': True,
[36m(TaskRunner pid=670978)[0m                                                                         'contents': [],
[36m(TaskRunner pid=670978)[0m                                                                         'discrete': False,
[36m(TaskRunner pid=670978)[0m                                                                         'level': 'level0'},
[36m(TaskRunner pid=670978)[0m                                                                 'precision_debugger': {'_target_': 'verl.utils.profiler.config.PrecisionDebuggerToolConfig',
[36m(TaskRunner pid=670978)[0m                                                                                        'config_path': None,
[36m(TaskRunner pid=670978)[0m                                                                                        'stages': None,
[36m(TaskRunner pid=670978)[0m                                                                                        'steps': None,
[36m(TaskRunner pid=670978)[0m                                                                                        'strict': False},
[36m(TaskRunner pid=670978)[0m                                                                 'torch': {'_target_': 'verl.utils.profiler.config.TorchProfilerToolConfig',
[36m(TaskRunner pid=670978)[0m                                                                           'contents': [],
[36m(TaskRunner pid=670978)[0m                                                                           'discrete': False}}},
[36m(TaskRunner pid=670978)[0m                                    'prometheus': {'_target_': 'verl.workers.config.PrometheusConfig',
[36m(TaskRunner pid=670978)[0m                                                   'enable': False,
[36m(TaskRunner pid=670978)[0m                                                   'file': '/tmp/ray/session_latest/metrics/prometheus/prometheus.yml',
[36m(TaskRunner pid=670978)[0m                                                   'port': 9090,
[36m(TaskRunner pid=670978)[0m                                                   'served_model_name': '/tmp/rawtmpl_Qwen2.5-7B-Instruct'},
[36m(TaskRunner pid=670978)[0m                                    'prompt_length': 1024,
[36m(TaskRunner pid=670978)[0m                                    'qat': {'_target_': 'verl.workers.config.QATEngineConfig',
[36m(TaskRunner pid=670978)[0m                                            'activation_observer': 'static_minmax',
[36m(TaskRunner pid=670978)[0m                                            'enable': False,
[36m(TaskRunner pid=670978)[0m                                            'group_size': 16,
[36m(TaskRunner pid=670978)[0m                                            'ignore_patterns': ['lm_head',
[36m(TaskRunner pid=670978)[0m                                                                'embed_tokens',
[36m(TaskRunner pid=670978)[0m                                                                're:.*mlp.gate$'],
[36m(TaskRunner pid=670978)[0m                                            'mode': 'w4a16',
[36m(TaskRunner pid=670978)[0m                                            'quantization_config_path': None},
[36m(TaskRunner pid=670978)[0m                                    'quantization': None,
[36m(TaskRunner pid=670978)[0m                                    'quantization_config_file': None,
[36m(TaskRunner pid=670978)[0m                                    'response_length': 2048,
[36m(TaskRunner pid=670978)[0m                                    'scheduling_policy': 'fcfs',
[36m(TaskRunner pid=670978)[0m                                    'skip': {'_target_': 'verl.workers.config.SkipConfig',
[36m(TaskRunner pid=670978)[0m                                             'action': 'cache',
[36m(TaskRunner pid=670978)[0m                                             'dump_dir': '~/.verl/rollout_dump',
[36m(TaskRunner pid=670978)[0m                                             'enable': False,
[36m(TaskRunner pid=670978)[0m                                             'max_dump_step': 1},
[36m(TaskRunner pid=670978)[0m                                    'skip_tokenizer_init': True,
[36m(TaskRunner pid=670978)[0m                                    'temperature': 1.0,
[36m(TaskRunner pid=670978)[0m                                    'tensor_model_parallel_size': 2,
[36m(TaskRunner pid=670978)[0m                                    'top_k': -1,
[36m(TaskRunner pid=670978)[0m                                    'top_p': 1,
[36m(TaskRunner pid=670978)[0m                                    'trace': {'_target_': 'verl.workers.config.TraceConfig',
[36m(TaskRunner pid=670978)[0m                                              'backend': None,
[36m(TaskRunner pid=670978)[0m                                              'experiment_name': 'gsm8k',
[36m(TaskRunner pid=670978)[0m                                              'max_samples_per_step_per_worker': None,
[36m(TaskRunner pid=670978)[0m                                              'project_name': 'verl_examples',
[36m(TaskRunner pid=670978)[0m                                              'token2text': False},
[36m(TaskRunner pid=670978)[0m                                    'val_kwargs': {'_target_': 'verl.workers.config.SamplingConfig',
[36m(TaskRunner pid=670978)[0m                                                   'do_sample': False,
[36m(TaskRunner pid=670978)[0m                                                   'n': 1,
[36m(TaskRunner pid=670978)[0m                                                   'temperature': 0,
[36m(TaskRunner pid=670978)[0m                                                   'top_k': -1,
[36m(TaskRunner pid=670978)[0m                                                   'top_p': 1.0}}},
[36m(TaskRunner pid=670978)[0m  'algorithm': {'_target_': 'verl.trainer.config.AlgoConfig',
[36m(TaskRunner pid=670978)[0m                'adv_estimator': 'grpo',
[36m(TaskRunner pid=670978)[0m                'gamma': 1.0,
[36m(TaskRunner pid=670978)[0m                'kl_ctrl': {'_target_': 'verl.trainer.config.KLControlConfig',
[36m(TaskRunner pid=670978)[0m                            'horizon': 10000,
[36m(TaskRunner pid=670978)[0m                            'kl_coef': 0.001,
[36m(TaskRunner pid=670978)[0m                            'target_kl': 0.1,
[36m(TaskRunner pid=670978)[0m                            'type': 'fixed'},
[36m(TaskRunner pid=670978)[0m                'kl_penalty': 'kl',
[36m(TaskRunner pid=670978)[0m                'lam': 1.0,
[36m(TaskRunner pid=670978)[0m                'norm_adv_by_std_in_grpo': True,
[36m(TaskRunner pid=670978)[0m                'pf_ppo': {'reweight_method': 'pow', 'weight_pow': 2.0},
[36m(TaskRunner pid=670978)[0m                'rollout_correction': {'bypass_mode': False,
[36m(TaskRunner pid=670978)[0m                                       'loss_type': 'ppo_clip',
[36m(TaskRunner pid=670978)[0m                                       'rollout_is': None,
[36m(TaskRunner pid=670978)[0m                                       'rollout_is_batch_normalize': False,
[36m(TaskRunner pid=670978)[0m                                       'rollout_is_threshold': 2.0,
[36m(TaskRunner pid=670978)[0m                                       'rollout_rs': None,
[36m(TaskRunner pid=670978)[0m                                       'rollout_rs_threshold': None},
[36m(TaskRunner pid=670978)[0m                'use_kl_in_reward': False,
[36m(TaskRunner pid=670978)[0m                'use_pf_ppo': False},
[36m(TaskRunner pid=670978)[0m  'critic': {'_target_': 'verl.workers.config.FSDPCriticConfig',
[36m(TaskRunner pid=670978)[0m             'checkpoint': {'_target_': 'verl.trainer.config.CheckpointConfig',
[36m(TaskRunner pid=670978)[0m                            'async_save': False,
[36m(TaskRunner pid=670978)[0m                            'load_contents': ['model', 'optimizer', 'extra'],
[36m(TaskRunner pid=670978)[0m                            'mbridge_config': {},
[36m(TaskRunner pid=670978)[0m                            'save_contents': ['model', 'optimizer', 'extra']},
[36m(TaskRunner pid=670978)[0m             'cliprange_value': 0.5,
[36m(TaskRunner pid=670978)[0m             'data_loader_seed': 42,
[36m(TaskRunner pid=670978)[0m             'enable': None,
[36m(TaskRunner pid=670978)[0m             'forward_max_token_len_per_gpu': 32768,
[36m(TaskRunner pid=670978)[0m             'forward_micro_batch_size': None,
[36m(TaskRunner pid=670978)[0m             'forward_micro_batch_size_per_gpu': None,
[36m(TaskRunner pid=670978)[0m             'fsdp': {'_target_': 'verl.workers.config.FSDPEngineConfig',
[36m(TaskRunner pid=670978)[0m                      'dtype': 'bfloat16',
[36m(TaskRunner pid=670978)[0m                      'entropy_checkpointing': False,
[36m(TaskRunner pid=670978)[0m                      'entropy_from_logits_with_chunking': False,
[36m(TaskRunner pid=670978)[0m                      'forward_only': False,
[36m(TaskRunner pid=670978)[0m                      'forward_prefetch': False,
[36m(TaskRunner pid=670978)[0m                      'fsdp_size': -1,
[36m(TaskRunner pid=670978)[0m                      'full_determinism': False,
[36m(TaskRunner pid=670978)[0m                      'model_dtype': 'fp32',
[36m(TaskRunner pid=670978)[0m                      'offload_policy': False,
[36m(TaskRunner pid=670978)[0m                      'optimizer_offload': False,
[36m(TaskRunner pid=670978)[0m                      'param_offload': False,
[36m(TaskRunner pid=670978)[0m                      'qat': {'_target_': 'verl.workers.config.QATEngineConfig',
[36m(TaskRunner pid=670978)[0m                              'activation_observer': 'static_minmax',
[36m(TaskRunner pid=670978)[0m                              'enable': False,
[36m(TaskRunner pid=670978)[0m                              'group_size': 16,
[36m(TaskRunner pid=670978)[0m                              'ignore_patterns': ['lm_head',
[36m(TaskRunner pid=670978)[0m                                                  'embed_tokens',
[36m(TaskRunner pid=670978)[0m                                                  're:.*mlp.gate$'],
[36m(TaskRunner pid=670978)[0m                              'mode': 'w4a16',
[36m(TaskRunner pid=670978)[0m                              'quantization_config_path': None},
[36m(TaskRunner pid=670978)[0m                      'reshard_after_forward': True,
[36m(TaskRunner pid=670978)[0m                      'seed': 42,
[36m(TaskRunner pid=670978)[0m                      'strategy': 'fsdp',
[36m(TaskRunner pid=670978)[0m                      'ulysses_sequence_parallel_size': 1,
[36m(TaskRunner pid=670978)[0m                      'use_orig_params': False,
[36m(TaskRunner pid=670978)[0m                      'use_torch_compile': True,
[36m(TaskRunner pid=670978)[0m                      'wrap_policy': {'min_num_params': 0}},
[36m(TaskRunner pid=670978)[0m             'grad_clip': 1.0,
[36m(TaskRunner pid=670978)[0m             'loss_agg_mode': 'token-mean',
[36m(TaskRunner pid=670978)[0m             'model': {'_target_': 'verl.workers.config.HFModelConfig',
[36m(TaskRunner pid=670978)[0m                       'custom_chat_template': None,
[36m(TaskRunner pid=670978)[0m                       'enable_activation_offload': False,
[36m(TaskRunner pid=670978)[0m                       'enable_gradient_checkpointing': True,
[36m(TaskRunner pid=670978)[0m                       'exclude_modules': None,
[36m(TaskRunner pid=670978)[0m                       'external_lib': None,
[36m(TaskRunner pid=670978)[0m                       'fused_kernel_options': {'impl_backend': 'torch'},
[36m(TaskRunner pid=670978)[0m                       'hf_config_path': None,
[36m(TaskRunner pid=670978)[0m                       'lora': {'a2a_experimental': False,
[36m(TaskRunner pid=670978)[0m                                'adapter_path': None,
[36m(TaskRunner pid=670978)[0m                                'alpha': 32,
[36m(TaskRunner pid=670978)[0m                                'dropout': 0.0,
[36m(TaskRunner pid=670978)[0m                                'dropout_position': 'pre',
[36m(TaskRunner pid=670978)[0m                                'dtype': None,
[36m(TaskRunner pid=670978)[0m                                'exclude_modules': [],
[36m(TaskRunner pid=670978)[0m                                'freeze_language_model': True,
[36m(TaskRunner pid=670978)[0m                                'freeze_vision_model': True,
[36m(TaskRunner pid=670978)[0m                                'freeze_vision_projection': True,
[36m(TaskRunner pid=670978)[0m                                'lora_A_init_method': 'xavier',
[36m(TaskRunner pid=670978)[0m                                'lora_B_init_method': 'zero',
[36m(TaskRunner pid=670978)[0m                                'merge': False,
[36m(TaskRunner pid=670978)[0m                                'rank': 0,
[36m(TaskRunner pid=670978)[0m                                'target_modules': ['linear_qkv',
[36m(TaskRunner pid=670978)[0m                                                   'linear_proj',
[36m(TaskRunner pid=670978)[0m                                                   'linear_fc1',
[36m(TaskRunner pid=670978)[0m                                                   'linear_fc2'],
[36m(TaskRunner pid=670978)[0m                                'type': 'lora'},
[36m(TaskRunner pid=670978)[0m                       'lora_adapter_path': None,
[36m(TaskRunner pid=670978)[0m                       'lora_alpha': 16,
[36m(TaskRunner pid=670978)[0m                       'lora_rank': 0,
[36m(TaskRunner pid=670978)[0m                       'mtp': {'_target_': 'verl.workers.config.MtpConfig',
[36m(TaskRunner pid=670978)[0m                               'detach_encoder': False,
[36m(TaskRunner pid=670978)[0m                               'enable': False,
[36m(TaskRunner pid=670978)[0m                               'enable_rollout': False,
[36m(TaskRunner pid=670978)[0m                               'enable_train': False,
[36m(TaskRunner pid=670978)[0m                               'method': 'mtp',
[36m(TaskRunner pid=670978)[0m                               'mtp_loss_scaling_factor': 0.1,
[36m(TaskRunner pid=670978)[0m                               'num_speculative_tokens': 1,
[36m(TaskRunner pid=670978)[0m                               'speculative_algorithm': 'EAGLE',
[36m(TaskRunner pid=670978)[0m                               'speculative_eagle_topk': 1,
[36m(TaskRunner pid=670978)[0m                               'speculative_num_draft_tokens': 4,
[36m(TaskRunner pid=670978)[0m                               'speculative_num_steps': 3},
[36m(TaskRunner pid=670978)[0m                       'override_config': {},
[36m(TaskRunner pid=670978)[0m                       'path': '~/models/deepseek-llm-7b-chat',
[36m(TaskRunner pid=670978)[0m                       'target_modules': 'all-linear',
[36m(TaskRunner pid=670978)[0m                       'tiled_mlp': {'enabled': False, 'num_shards': 4},
[36m(TaskRunner pid=670978)[0m                       'tokenizer_path': None,
[36m(TaskRunner pid=670978)[0m                       'trust_remote_code': False,
[36m(TaskRunner pid=670978)[0m                       'use_fused_kernels': False,
[36m(TaskRunner pid=670978)[0m                       'use_liger': False,
[36m(TaskRunner pid=670978)[0m                       'use_remove_padding': True,
[36m(TaskRunner pid=670978)[0m                       'use_shm': False},
[36m(TaskRunner pid=670978)[0m             'optim': {'_target_': 'verl.workers.config.FSDPOptimizerConfig',
[36m(TaskRunner pid=670978)[0m                       'betas': [0.9, 0.999],
[36m(TaskRunner pid=670978)[0m                       'clip_grad': 1.0,
[36m(TaskRunner pid=670978)[0m                       'lr': 1e-05,
[36m(TaskRunner pid=670978)[0m                       'lr_scheduler_type': 'constant',
[36m(TaskRunner pid=670978)[0m                       'lr_warmup_steps': -1,
[36m(TaskRunner pid=670978)[0m                       'lr_warmup_steps_ratio': 0.0,
[36m(TaskRunner pid=670978)[0m                       'min_lr_ratio': 0.0,
[36m(TaskRunner pid=670978)[0m                       'num_cycles': 0.5,
[36m(TaskRunner pid=670978)[0m                       'optimizer': 'AdamW',
[36m(TaskRunner pid=670978)[0m                       'optimizer_impl': 'torch.optim',
[36m(TaskRunner pid=670978)[0m                       'override_optimizer_config': None,
[36m(TaskRunner pid=670978)[0m                       'total_training_steps': -1,
[36m(TaskRunner pid=670978)[0m                       'warmup_style': None,
[36m(TaskRunner pid=670978)[0m                       'weight_decay': 0.01,
[36m(TaskRunner pid=670978)[0m                       'zero_indexed_step': True},
[36m(TaskRunner pid=670978)[0m             'ppo_epochs': 1,
[36m(TaskRunner pid=670978)[0m             'ppo_max_token_len_per_gpu': 32768,
[36m(TaskRunner pid=670978)[0m             'ppo_micro_batch_size': None,
[36m(TaskRunner pid=670978)[0m             'ppo_micro_batch_size_per_gpu': None,
[36m(TaskRunner pid=670978)[0m             'ppo_mini_batch_size': 4,
[36m(TaskRunner pid=670978)[0m             'profiler': {'_target_': 'verl.utils.profiler.ProfilerConfig',
[36m(TaskRunner pid=670978)[0m                          'all_ranks': False,
[36m(TaskRunner pid=670978)[0m                          'enable': False,
[36m(TaskRunner pid=670978)[0m                          'ranks': [],
[36m(TaskRunner pid=670978)[0m                          'save_path': 'outputs/profile',
[36m(TaskRunner pid=670978)[0m                          'tool': None,
[36m(TaskRunner pid=670978)[0m                          'tool_config': {'npu': {'_target_': 'verl.utils.profiler.config.NPUToolConfig',
[36m(TaskRunner pid=670978)[0m                                                  'analysis': True,
[36m(TaskRunner pid=670978)[0m                                                  'contents': [],
[36m(TaskRunner pid=670978)[0m                                                  'discrete': False,
[36m(TaskRunner pid=670978)[0m                                                  'level': 'level0'},
[36m(TaskRunner pid=670978)[0m                                          'nsys': {'_target_': 'verl.utils.profiler.config.NsightToolConfig',
[36m(TaskRunner pid=670978)[0m                                                   'discrete': False},
[36m(TaskRunner pid=670978)[0m                                          'precision_debugger': {'_target_': 'verl.utils.profiler.config.PrecisionDebuggerToolConfig',
[36m(TaskRunner pid=670978)[0m                                                                 'config_path': None,
[36m(TaskRunner pid=670978)[0m                                                                 'stages': None,
[36m(TaskRunner pid=670978)[0m                                                                 'steps': None,
[36m(TaskRunner pid=670978)[0m                                                                 'strict': False},
[36m(TaskRunner pid=670978)[0m                                          'torch': {'_target_': 'verl.utils.profiler.config.TorchProfilerToolConfig',
[36m(TaskRunner pid=670978)[0m                                                    'contents': [],
[36m(TaskRunner pid=670978)[0m                                                    'discrete': False},
[36m(TaskRunner pid=670978)[0m                                          'torch_memory': {'_target_': 'verl.utils.profiler.config.TorchMemoryToolConfig',
[36m(TaskRunner pid=670978)[0m                                                           'stack_depth': 32,
[36m(TaskRunner pid=670978)[0m                                                           'trace_alloc_max_entries': 100000}}},
[36m(TaskRunner pid=670978)[0m             'rollout_n': 8,
[36m(TaskRunner pid=670978)[0m             'shuffle': False,
[36m(TaskRunner pid=670978)[0m             'strategy': 'fsdp',
[36m(TaskRunner pid=670978)[0m             'ulysses_sequence_parallel_size': 1,
[36m(TaskRunner pid=670978)[0m             'use_dynamic_bsz': False},
[36m(TaskRunner pid=670978)[0m  'data': {'apply_chat_template_kwargs': {},
[36m(TaskRunner pid=670978)[0m           'audio_key': 'audios',
[36m(TaskRunner pid=670978)[0m           'custom_cls': {'name': None, 'path': None},
[36m(TaskRunner pid=670978)[0m           'dataloader_num_workers': 8,
[36m(TaskRunner pid=670978)[0m           'filter_overlong_prompts': True,
[36m(TaskRunner pid=670978)[0m           'filter_overlong_prompts_workers': 1,
[36m(TaskRunner pid=670978)[0m           'function_tool_path': None,
[36m(TaskRunner pid=670978)[0m           'image_key': 'images',
[36m(TaskRunner pid=670978)[0m           'image_patch_size': 14,
[36m(TaskRunner pid=670978)[0m           'max_prompt_length': 1024,
[36m(TaskRunner pid=670978)[0m           'max_response_length': 2048,
[36m(TaskRunner pid=670978)[0m           'mm_processor_kwargs': {},
[36m(TaskRunner pid=670978)[0m           'prompt_key': 'prompt',
[36m(TaskRunner pid=670978)[0m           'return_full_prompt': False,
[36m(TaskRunner pid=670978)[0m           'return_multi_modal_inputs': True,
[36m(TaskRunner pid=670978)[0m           'return_raw_chat': True,
[36m(TaskRunner pid=670978)[0m           'return_raw_input_ids': False,
[36m(TaskRunner pid=670978)[0m           'reward_fn_key': 'data_source',
[36m(TaskRunner pid=670978)[0m           'seed': None,
[36m(TaskRunner pid=670978)[0m           'shuffle': True,
[36m(TaskRunner pid=670978)[0m           'tokenizer': None,
[36m(TaskRunner pid=670978)[0m           'tool_config_path': None,
[36m(TaskRunner pid=670978)[0m           'train_batch_size': 4,
[36m(TaskRunner pid=670978)[0m           'train_files': 'axis_probe/grpo/data_countdown/train.parquet',
[36m(TaskRunner pid=670978)[0m           'train_max_samples': -1,
[36m(TaskRunner pid=670978)[0m           'truncation': 'right',
[36m(TaskRunner pid=670978)[0m           'trust_remote_code': False,
[36m(TaskRunner pid=670978)[0m           'use_shm': False,
[36m(TaskRunner pid=670978)[0m           'val_batch_size': None,
[36m(TaskRunner pid=670978)[0m           'val_files': 'axis_probe/grpo/data_countdown/val.parquet',
[36m(TaskRunner pid=670978)[0m           'val_max_samples': -1,
[36m(TaskRunner pid=670978)[0m           'validation_shuffle': False,
[36m(TaskRunner pid=670978)[0m           'video_key': 'videos'},
[36m(TaskRunner pid=670978)[0m  'distillation': {'_target_': 'verl.workers.config.DistillationConfig',
[36m(TaskRunner pid=670978)[0m                   'distillation_loss': {'_target_': 'verl.workers.config.DistillationLossConfig',
[36m(TaskRunner pid=670978)[0m                                         'clip_ratio': 0.2,
[36m(TaskRunner pid=670978)[0m                                         'clip_ratio_high': 0.2,
[36m(TaskRunner pid=670978)[0m                                         'clip_ratio_low': 0.2,
[36m(TaskRunner pid=670978)[0m                                         'distillation_loss_coef': 1.0,
[36m(TaskRunner pid=670978)[0m                                         'log_prob_min_clamp': None,
[36m(TaskRunner pid=670978)[0m                                         'loss_max_clamp': None,
[36m(TaskRunner pid=670978)[0m                                         'loss_mode': 'k3',
[36m(TaskRunner pid=670978)[0m                                         'policy_loss_mode': 'vanilla',
[36m(TaskRunner pid=670978)[0m                                         'topk': 32,
[36m(TaskRunner pid=670978)[0m                                         'use_policy_gradient': False,
[36m(TaskRunner pid=670978)[0m                                         'use_task_rewards': True},
[36m(TaskRunner pid=670978)[0m                   'enabled': False,
[36m(TaskRunner pid=670978)[0m                   'n_gpus_per_node': 8,
[36m(TaskRunner pid=670978)[0m                   'nnodes': 0,
[36m(TaskRunner pid=670978)[0m                   'teacher_key': 'data_source',
[36m(TaskRunner pid=670978)[0m                   'teacher_models': {'teacher_model': {'_target_': 'verl.workers.config.DistillationTeacherModelConfig',
[36m(TaskRunner pid=670978)[0m                                                        'inference': {'_target_': 'verl.workers.config.RolloutConfig',
[36m(TaskRunner pid=670978)[0m                                                                      'cudagraph_capture_sizes': None,
[36m(TaskRunner pid=670978)[0m                                                                      'data_parallel_size': 1,
[36m(TaskRunner pid=670978)[0m                                                                      'disable_log_stats': True,
[36m(TaskRunner pid=670978)[0m                                                                      'dtype': 'bfloat16',
[36m(TaskRunner pid=670978)[0m                                                                      'enable_chunked_prefill': True,
[36m(TaskRunner pid=670978)[0m                                                                      'enable_prefix_caching': True,
[36m(TaskRunner pid=670978)[0m                                                                      'enforce_eager': True,
[36m(TaskRunner pid=670978)[0m                                                                      'engine_kwargs': {},
[36m(TaskRunner pid=670978)[0m                                                                      'expert_parallel_size': 1,
[36m(TaskRunner pid=670978)[0m                                                                      'free_cache_engine': True,
[36m(TaskRunner pid=670978)[0m                                                                      'gpu_memory_utilization': 0.5,
[36m(TaskRunner pid=670978)[0m                                                                      'limit_images': None,
[36m(TaskRunner pid=670978)[0m                                                                      'load_format': 'auto',
[36m(TaskRunner pid=670978)[0m                                                                      'max_model_len': None,
[36m(TaskRunner pid=670978)[0m                                                                      'max_num_batched_tokens': 8192,
[36m(TaskRunner pid=670978)[0m                                                                      'max_num_seqs': 1024,
[36m(TaskRunner pid=670978)[0m                                                                      'name': 'vllm',
[36m(TaskRunner pid=670978)[0m                                                                      'prompt_length': 1024,
[36m(TaskRunner pid=670978)[0m                                                                      'response_length': 2048,
[36m(TaskRunner pid=670978)[0m                                                                      'skip_tokenizer_init': True,
[36m(TaskRunner pid=670978)[0m                                                                      'temperature': 1.0,
[36m(TaskRunner pid=670978)[0m                                                                      'tensor_model_parallel_size': 2},
[36m(TaskRunner pid=670978)[0m                                                        'key': None,
[36m(TaskRunner pid=670978)[0m                                                        'model_path': None,
[36m(TaskRunner pid=670978)[0m                                                        'num_replicas': 0}}},
[36m(TaskRunner pid=670978)[0m /home/hyin66/micromamba/envs/verl/lib/python3.10/site-packages/verl/trainer/main_ppo.py:258: UserWarning: Disabled critic as algorithm.adv_estimator != gae. If it is not intended, please set critic.enable=True
[36m(TaskRunner pid=670978)[0m   use_critic=need_critic(config),
[36m(TaskRunner pid=670978)[0m Setting TOKENIZERS_PARALLELISM=false for forked processes.
[36m(TaskRunner pid=670978)[0m WARNING:2026-08-24 10:11:54,913:Setting TOKENIZERS_PARALLELISM=false for forked processes.
[36m(TaskRunner pid=670978)[0m Filtering prompts longer than 1024 tokens (num_proc=1):   0%|          | 0/1900 [00:00<?, ? examples/s]
[36m(TaskRunner pid=670978)[0m Filtering prompts longer than 1024 tokens (num_proc=1):  53%|█████▎    | 1000/1900 [00:00<00:00, 1761.81 examples/s]
[36m(TaskRunner pid=670978)[0m Filtering prompts longer than 1024 tokens (num_proc=1): 100%|██████████| 1900/1900 [00:00<00:00, 2899.58 examples/s]
[36m(TaskRunner pid=670978)[0m Filtering prompts longer than 1024 tokens (num_proc=1): 100%|██████████| 1900/1900 [00:00<00:00, 2254.49 examples/s]
[36m(TaskRunner pid=670978)[0m Setting TOKENIZERS_PARALLELISM=false for forked processes.
[36m(TaskRunner pid=670978)[0m WARNING:2026-08-24 10:11:55,995:Setting TOKENIZERS_PARALLELISM=false for forked processes.
[36m(TaskRunner pid=670978)[0m Filtering prompts longer than 1024 tokens (num_proc=1):   0%|          | 0/300 [00:00<?, ? examples/s]
[36m(TaskRunner pid=670978)[0m Filtering prompts longer than 1024 tokens (num_proc=1): 100%|██████████| 300/300 [00:00<00:00, 713.14 examples/s]
[36m(TaskRunner pid=670978)[0m Filtering prompts longer than 1024 tokens (num_proc=1): 100%|██████████| 300/300 [00:00<00:00, 547.25 examples/s]
[36m(TaskRunner pid=670978)[0m /home/hyin66/micromamba/envs/verl/lib/python3.10/site-packages/verl/trainer/main_ppo.py:299: FutureWarning: Warning: Class 'verl.trainer.ppo.ray_trainer.RayPPOTrainer' is deprecated. Please use 'main_ppo.py is deprecated, and wil be replaced by main_ppo_sync.py in v0.8.0, please use main_ppo_sync.py instead.' instead.
[36m(TaskRunner pid=670978)[0m   trainer = RayPPOTrainer(
[36m(TaskRunner pid=670978)[0m /home/hyin66/micromamba/envs/verl/lib/python3.10/site-packages/verl/trainer/ppo/ray_trainer.py:348: UserWarning: Disabled critic as algorithm.adv_estimator != gae. If it is not intended, please set critic.enable=True
[36m(TaskRunner pid=670978)[0m   self.use_critic = need_critic(self.config)
[36m(WorkerDict pid=671493)[0m /home/hyin66/micromamba/envs/verl/lib/python3.10/site-packages/verl/workers/engine/mindspeed/transformer_impl.py:24: UserWarning: NPU not support router replay for now.
[36m(WorkerDict pid=671493)[0m   from verl.utils.megatron.router_replay_patch import RouterReplay
[36m(WorkerDict pid=671493)[0m `torch_dtype` is deprecated! Use `dtype` instead!
[36m(WorkerDict pid=671493)[0m Flash Attention 2 only supports torch.float16 and torch.bfloat16 dtypes, but the current dype in Qwen2ForCausalLM is torch.float32. You should run training or inference using Automatic Mixed-Precision via the `with torch.autocast(device_type='torch_device'):` decorator, or load the model with the `dtype` argument. Example: `model = AutoModel.from_pretrained("openai/whisper-tiny", attn_implementation="flash_attention_2", dtype=torch.float16)`
[36m(WorkerDict pid=671493)[0m Flash Attention 2 only supports torch.float16 and torch.bfloat16 dtypes, but the current dype in Qwen2Model is torch.float32. You should run training or inference using Automatic Mixed-Precision via the `with torch.autocast(device_type='torch_device'):` decorator, or load the model with the `dtype` argument. Example: `model = AutoModel.from_pretrained("openai/whisper-tiny", attn_implementation="flash_attention_2", dtype=torch.float16)`
[36m(WorkerDict pid=671493)[0m Loading checkpoint shards:   0%|          | 0/4 [00:00<?, ?it/s]
[36m(WorkerDict pid=671492)[0m Loading checkpoint shards:  25%|██▌       | 1/4 [00:01<00:05,  1.84s/it]
[36m(WorkerDict pid=671492)[0m /home/hyin66/micromamba/envs/verl/lib/python3.10/site-packages/verl/workers/engine/mindspeed/transformer_impl.py:24: UserWarning: NPU not support router replay for now.
[36m(WorkerDict pid=671492)[0m   from verl.utils.megatron.router_replay_patch import RouterReplay
[36m(WorkerDict pid=671492)[0m `torch_dtype` is deprecated! Use `dtype` instead!
[36m(WorkerDict pid=671492)[0m Flash Attention 2 only supports torch.float16 and torch.bfloat16 dtypes, but the current dype in Qwen2Model is torch.float32. You should run training or inference using Automatic Mixed-Precision via the `with torch.autocast(device_type='torch_device'):` decorator, or load the model with the `dtype` argument. Example: `model = AutoModel.from_pretrained("openai/whisper-tiny", attn_implementation="flash_attention_2", dtype=torch.float16)`[32m [repeated 2x across cluster] (Ray deduplicates logs by default. Set RAY_DEDUP_LOGS=0 to disable log deduplication, or see https://docs.ray.io/en/master/ray-observability/user-guides/configure-logging.html#log-deduplication for more options.)[0m
[36m(WorkerDict pid=671492)[0m Loading checkpoint shards:   0%|          | 0/4 [00:00<?, ?it/s]
[36m(WorkerDict pid=671492)[0m Loading checkpoint shards: 100%|██████████| 4/4 [00:07<00:00,  1.74s/it]Loading checkpoint shards: 100%|██████████| 4/4 [00:07<00:00,  1.76s/it]
[36m(WorkerDict pid=671493)[0m Loading checkpoint shards:  75%|███████▌  | 3/4 [00:05<00:01,  1.97s/it][32m [repeated 5x across cluster][0m
[36m(WorkerDict pid=671493)[0m /home/hyin66/micromamba/envs/verl/lib/python3.10/site-packages/torch/distributed/fsdp/fully_sharded_data_parallel.py:678: FutureWarning: FSDP.state_dict_type() and FSDP.set_state_dict_type() are being deprecated. Please use APIs, get_state_dict() and set_state_dict(), which can support different parallelisms, FSDP1, FSDP2, DDP. API doc: https://pytorch.org/docs/stable/distributed.checkpoint.html#torch.distributed.checkpoint.state_dict.get_state_dict .Tutorial: https://pytorch.org/tutorials/recipes/distributed_checkpoint_recipe.html .
[36m(WorkerDict pid=671493)[0m   warnings.warn(
[36m(WorkerDict pid=671493)[0m Loading checkpoint shards: 100%|██████████| 4/4 [00:07<00:00,  1.89s/it]Loading checkpoint shards: 100%|██████████| 4/4 [00:07<00:00,  1.92s/it]
[36m(WorkerDict pid=671493)[0m Loading checkpoint shards:   0%|          | 0/4 [00:00<?, ?it/s]
[36m(WorkerDict pid=671493)[0m Loading checkpoint shards:  25%|██▌       | 1/4 [00:01<00:05,  1.90s/it]
[36m(WorkerDict pid=671492)[0m /home/hyin66/micromamba/envs/verl/lib/python3.10/site-packages/torch/distributed/fsdp/fully_sharded_data_parallel.py:678: FutureWarning: FSDP.state_dict_type() and FSDP.set_state_dict_type() are being deprecated. Please use APIs, get_state_dict() and set_state_dict(), which can support different parallelisms, FSDP1, FSDP2, DDP. API doc: https://pytorch.org/docs/stable/distributed.checkpoint.html#torch.distributed.checkpoint.state_dict.get_state_dict .Tutorial: https://pytorch.org/tutorials/recipes/distributed_checkpoint_recipe.html .
[36m(WorkerDict pid=671492)[0m   warnings.warn(
[36m(WorkerDict pid=671492)[0m Loading checkpoint shards:   0%|          | 0/4 [00:00<?, ?it/s]
[36m(WorkerDict pid=671492)[0m Loading checkpoint shards: 100%|██████████| 4/4 [00:06<00:00,  1.73s/it]Loading checkpoint shards: 100%|██████████| 4/4 [00:06<00:00,  1.75s/it]
[36m(WorkerDict pid=671493)[0m Loading checkpoint shards:  75%|███████▌  | 3/4 [00:05<00:01,  1.86s/it][32m [repeated 5x across cluster][0m
[36m(WorkerDict pid=671493)[0m /home/hyin66/micromamba/envs/verl/lib/python3.10/site-packages/torch/distributed/fsdp/fully_sharded_data_parallel.py:678: FutureWarning: FSDP.state_dict_type() and FSDP.set_state_dict_type() are being deprecated. Please use APIs, get_state_dict() and set_state_dict(), which can support different parallelisms, FSDP1, FSDP2, DDP. API doc: https://pytorch.org/docs/stable/distributed.checkpoint.html#torch.distributed.checkpoint.state_dict.get_state_dict .Tutorial: https://pytorch.org/tutorials/recipes/distributed_checkpoint_recipe.html .
[36m(WorkerDict pid=671493)[0m   warnings.warn(
[36m(vLLMHttpServer pid=672758)[0m WARNING:2026-08-24 10:13:29,766:agent loop only support torch and npu profiler, got None
[36m(vLLMHttpServer pid=672758)[0m INFO:2026-08-24 10:13:29,767:vLLMHttpServer, replica_rank: 0, node_rank: 0, CUDA_VISIBLE_DEVICES: 0,1, master_address: 10.233.74.151, master_port: 34963, data_parallel_rpc_port: 33261, data_parallel_master_port: 38193
[36m(WorkerDict pid=671493)[0m Loading checkpoint shards: 100%|██████████| 4/4 [00:07<00:00,  1.81s/it]Loading checkpoint shards: 100%|██████████| 4/4 [00:07<00:00,  1.83s/it]
[36m(WorkerDict pid=671492)[0m /home/hyin66/micromamba/envs/verl/lib/python3.10/site-packages/torch/distributed/fsdp/fully_sharded_data_parallel.py:678: FutureWarning: FSDP.state_dict_type() and FSDP.set_state_dict_type() are being deprecated. Please use APIs, get_state_dict() and set_state_dict(), which can support different parallelisms, FSDP1, FSDP2, DDP. API doc: https://pytorch.org/docs/stable/distributed.checkpoint.html#torch.distributed.checkpoint.state_dict.get_state_dict .Tutorial: https://pytorch.org/tutorials/recipes/distributed_checkpoint_recipe.html .
[36m(WorkerDict pid=671492)[0m   warnings.warn(
[36m(vLLMHttpServer pid=672758)[0m INFO:2026-08-24 10:13:29,774:override_generation_config: {'temperature': 1.0, 'top_k': -1, 'top_p': 1, 'repetition_penalty': 1.0, 'max_new_tokens': 2048}
[36m(vLLMHttpServer pid=672758)[0m INFO:2026-08-24 10:13:29,774:enable_sleep_mode: True
[36m(vLLMHttpServer pid=672758)[0m `torch_dtype` is deprecated! Use `dtype` instead!
[36m(vLLMHttpServer pid=672758)[0m [1;36m(Worker_TP0 pid=673355)[0;0m Capturing CUDA graphs (mixed prefill-decode, PIECEWISE):   0%|          | 0/67 [00:00<?, ?it/s]
[36m(vLLMHttpServer pid=672758)[0m Capturing CUDA graphs (mixed prefill-decode, PIECEWISE):   7%|▋         | 5/67 [00:00<00:01, 45.87it/s]
[36m(vLLMHttpServer pid=672758)[0m Capturing CUDA graphs (mixed prefill-decode, PIECEWISE):  15%|█▍        | 10/67 [00:00<00:01, 47.09it/s]
[36m(vLLMHttpServer pid=672758)[0m Capturing CUDA graphs (mixed prefill-decode, PIECEWISE):  22%|██▏       | 15/67 [00:00<00:01, 47.10it/s]
[36m(vLLMHttpServer pid=672758)[0m Capturing CUDA graphs (mixed prefill-decode, PIECEWISE):  30%|██▉       | 20/67 [00:00<00:00, 48.11it/s]
[36m(vLLMHttpServer pid=672758)[0m Capturing CUDA graphs (mixed prefill-decode, PIECEWISE):  37%|███▋      | 25/67 [00:00<00:00, 48.52it/s]
[36m(vLLMHttpServer pid=672758)[0m Capturing CUDA graphs (mixed prefill-decode, PIECEWISE):  45%|████▍     | 30/67 [00:00<00:00, 48.92it/s]
[36m(vLLMHttpServer pid=672758)[0m Capturing CUDA graphs (mixed prefill-decode, PIECEWISE):  52%|█████▏    | 35/67 [00:00<00:00, 46.28it/s]
[36m(vLLMHttpServer pid=672758)[0m Capturing CUDA graphs (mixed prefill-decode, PIECEWISE):  61%|██████    | 41/67 [00:00<00:00, 47.40it/s]
[36m(vLLMHttpServer pid=672758)[0m Capturing CUDA graphs (mixed prefill-decode, PIECEWISE):  69%|██████▊   | 46/67 [00:00<00:00, 48.10it/s]
[36m(vLLMHttpServer pid=672758)[0m Capturing CUDA graphs (mixed prefill-decode, PIECEWISE):  76%|███████▌  | 51/67 [00:01<00:00, 47.26it/s]
[36m(vLLMHttpServer pid=672758)[0m Capturing CUDA graphs (mixed prefill-decode, PIECEWISE):  84%|████████▎ | 56/67 [00:01<00:00, 45.63it/s]
[36m(vLLMHttpServer pid=672758)[0m Capturing CUDA graphs (mixed prefill-decode, PIECEWISE):  91%|█████████ | 61/67 [00:01<00:00, 46.81it/s]
[36m(vLLMHttpServer pid=672758)[0m Capturing CUDA graphs (mixed prefill-decode, PIECEWISE): 100%|██████████| 67/67 [00:01<00:00, 48.33it/s]Capturing CUDA graphs (mixed prefill-decode, PIECEWISE): 100%|██████████| 67/67 [00:01<00:00, 47.56it/s]
[36m(vLLMHttpServer pid=672758)[0m [1;36m(Worker_TP0 pid=673355)[0;0m Capturing CUDA graphs (decode, FULL):   0%|          | 0/67 [00:00<?, ?it/s]
[36m(vLLMHttpServer pid=672758)[0m Capturing CUDA graphs (decode, FULL):   9%|▉         | 6/67 [00:00<00:01, 54.44it/s]
[36m(vLLMHttpServer pid=672758)[0m Capturing CUDA graphs (decode, FULL):  19%|█▉        | 13/67 [00:00<00:00, 60.48it/s]
[36m(vLLMHttpServer pid=672758)[0m Capturing CUDA graphs (decode, FULL):  30%|██▉       | 20/67 [00:00<00:00, 63.08it/s]
[36m(vLLMHttpServer pid=672758)[0m Capturing CUDA graphs (decode, FULL):  40%|████      | 27/67 [00:00<00:00, 65.04it/s]
[36m(vLLMHttpServer pid=672758)[0m Capturing CUDA graphs (decode, FULL):  52%|█████▏    | 35/67 [00:00<00:00, 68.41it/s]
[36m(vLLMHttpServer pid=672758)[0m Capturing CUDA graphs (decode, FULL):  64%|██████▍   | 43/67 [00:00<00:00, 72.06it/s]
[36m(vLLMHttpServer pid=672758)[0m Capturing CUDA graphs (decode, FULL):  76%|███████▌  | 51/67 [00:00<00:00, 74.24it/s]
[36m(vLLMHttpServer pid=672758)[0m Capturing CUDA graphs (decode, FULL):  88%|████████▊ | 59/67 [00:00<00:00, 75.89it/s]
[36m(vLLMHttpServer pid=672758)[0m Capturing CUDA graphs (decode, FULL): 100%|██████████| 67/67 [00:00<00:00, 71.62it/s]
[36m(vLLMHttpServer pid=672758)[0m INFO:2026-08-24 10:14:35,679:Initializing a V1 LLM engine with config: model='/tmp/rawtmpl_Qwen2.5-7B-Instruct', speculative_config=None, tokenizer='/tmp/rawtmpl_Qwen2.5-7B-Instruct', skip_tokenizer_init=False, tokenizer_mode=auto, revision=None, tokenizer_revision=None, trust_remote_code=False, dtype=torch.bfloat16, max_seq_len=32768, download_dir=None, load_format=dummy, tensor_parallel_size=2, pipeline_parallel_size=1, data_parallel_size=1, disable_custom_all_reduce=False, quantization=None, enforce_eager=False, kv_cache_dtype=auto, device_config=cuda, structured_outputs_config=StructuredOutputsConfig(backend='auto', disable_fallback=False, disable_any_whitespace=False, disable_additional_properties=False, reasoning_parser=''), observability_config=ObservabilityConfig(show_hidden_metrics_for_version=None, otlp_traces_endpoint=None, collect_detailed_traces=None), seed=0, served_model_name=/tmp/rawtmpl_Qwen2.5-7B-Instruct, enable_prefix_caching=True, chunked_prefill_enabled=True, pooler_config=None, compilation_config={"level":3,"debug_dump_path":"","cache_dir":"","backend":"","custom_ops":[],"splitting_ops":["vllm.unified_attention","vllm.unified_attention_with_output","vllm.mamba_mixer2","vllm.mamba_mixer","vllm.short_conv","vllm.linear_attention","vllm.plamo2_mamba_mixer","vllm.gdn_attention","vllm.sparse_attn_indexer"],"use_inductor":true,"compile_sizes":[],"inductor_compile_config":{"enable_auto_functionalized_v2":false},"inductor_passes":{},"cudagraph_mode":[2,1],"use_cudagraph":true,"cudagraph_num_of_warmups":1,"cudagraph_capture_sizes":[512,504,496,488,480,472,464,456,448,440,432,424,416,408,400,392,384,376,368,360,352,344,336,328,320,312,304,296,288,280,272,264,256,248,240,232,224,216,208,200,192,184,176,168,160,152,144,136,128,120,112,104,96,88,80,72,64,56,48,40,32,24,16,8,4,2,1],"cudagraph_copy_inputs":false,"full_cuda_graph":false,"use_inductor_graph_partition":false,"pass_config":{},"max_capture_size":512,"local_cache_dir":null}
[36m(WorkerDict pid=671492)[0m INFO:2026-08-24 10:14:39,101:update_weights done, time cost: 1.26s
[36m(TaskRunner pid=670978)[0m Training Progress:   0%|          | 0/2 [00:00<?, ?it/s]
[36m(AgentLoopWorker pid=674514)[0m You're using a Qwen2TokenizerFast tokenizer. Please note that with a fast tokenizer, using the `__call__` method is faster than using a method to encode the text followed by a call to the `pad` method to get a padded encoding.
[36m(AgentLoopWorker pid=674510)[0m You're using a Qwen2TokenizerFast tokenizer. Please note that with a fast tokenizer, using the `__call__` method is faster than using a method to encode the text followed by a call to the `pad` method to get a padded encoding.[32m [repeated 6x across cluster][0m
[36m(WorkerDict pid=671492)[0m INFO:2026-08-24 10:16:03,659:update_weights done, time cost: 1.53s
[36m(AgentLoopWorker pid=674513)[0m You're using a Qwen2TokenizerFast tokenizer. Please note that with a fast tokenizer, using the `__call__` method is faster than using a method to encode the text followed by a call to the `pad` method to get a padded encoding.
[36m(TaskRunner pid=670978)[0m Training Progress:  50%|█████     | 1/2 [01:24<01:24, 84.59s/it]
[36m(WorkerDict pid=671492)[0m INFO:2026-08-24 10:16:37,518:update_weights done, time cost: 1.54s
[36m(TaskRunner pid=670978)[0m  'global_profiler': {'_target_': 'verl.utils.profiler.ProfilerConfig',
[36m(TaskRunner pid=670978)[0m                      'global_tool_config': {'nsys': {'_target_': 'verl.utils.profiler.config.NsightToolConfig',
[36m(TaskRunner pid=670978)[0m                                                      'controller_nsight_options': {'cuda-graph-trace': 'graph',
[36m(TaskRunner pid=670978)[0m                                                                                    'cuda-memory-usage': 'true',
[36m(TaskRunner pid=670978)[0m                                                                                    'trace': 'cuda,nvtx,cublas,ucx'},
[36m(TaskRunner pid=670978)[0m                                                      'discrete': False,
[36m(TaskRunner pid=670978)[0m                                                      'worker_nsight_options': {'capture-range': 'cudaProfilerApi',
[36m(TaskRunner pid=670978)[0m                                                                                'capture-range-end': None,
[36m(TaskRunner pid=670978)[0m                                                                                'cuda-graph-trace': 'graph',
[36m(TaskRunner pid=670978)[0m                                                                                'cuda-memory-usage': 'true',
[36m(TaskRunner pid=670978)[0m                                                                                'kill': 'none',
[36m(TaskRunner pid=670978)[0m                                                                                'trace': 'cuda,nvtx,cublas,ucx'}},
[36m(TaskRunner pid=670978)[0m                                             'precision_debugger': {'_target_': 'verl.utils.profiler.config.PrecisionDebuggerToolConfig',
[36m(TaskRunner pid=670978)[0m                                                                    'config_path': None,
[36m(TaskRunner pid=670978)[0m                                                                    'stages': None,
[36m(TaskRunner pid=670978)[0m                                                                    'steps': None,
[36m(TaskRunner pid=670978)[0m                                                                    'strict': False},
[36m(TaskRunner pid=670978)[0m                                             'torch_memory': {'context': 'all',
[36m(TaskRunner pid=670978)[0m                                                              'kw_args': {},
[36m(TaskRunner pid=670978)[0m                                                              'stack_depth': 32,
[36m(TaskRunner pid=670978)[0m                                                              'stacks': 'all',
[36m(TaskRunner pid=670978)[0m                                                              'trace_alloc_max_entries': 100000}},
[36m(TaskRunner pid=670978)[0m                      'profile_continuous_steps': False,
[36m(TaskRunner pid=670978)[0m                      'save_path': 'outputs/profile',
[36m(TaskRunner pid=670978)[0m                      'steps': None,
[36m(TaskRunner pid=670978)[0m                      'tool': None},
[36m(TaskRunner pid=670978)[0m  'model_engine': 'dp',
[36m(TaskRunner pid=670978)[0m  'ray_kwargs': {'ray_init': {'num_cpus': None}, 'timeline_json_file': None},
[36m(TaskRunner pid=670978)[0m  'reward': {'_target_': 'verl.workers.config.RewardConfig',
[36m(TaskRunner pid=670978)[0m             'custom_reward_function': {'name': 'compute_score',
[36m(TaskRunner pid=670978)[0m                                        'path': 'axis_probe/grpo/reward_countdown.py'},
[36m(TaskRunner pid=670978)[0m             'num_workers': 8,
[36m(TaskRunner pid=670978)[0m             'reward_manager': {'_target_': 'verl.workers.config.reward.RewardManagerConfig',
[36m(TaskRunner pid=670978)[0m                                'module': {'_target_': 'verl.trainer.config.config.ModuleConfig',
[36m(TaskRunner pid=670978)[0m                                           'name': 'custom_reward_manager',
[36m(TaskRunner pid=670978)[0m                                           'path': None},
[36m(TaskRunner pid=670978)[0m                                'name': 'naive',
[36m(TaskRunner pid=670978)[0m                                'source': 'register'},
[36m(TaskRunner pid=670978)[0m             'reward_model': {'_target_': 'verl.workers.config.RewardModelConfig',
[36m(TaskRunner pid=670978)[0m                              'enable': False,
[36m(TaskRunner pid=670978)[0m                              'enable_resource_pool': False,
[36m(TaskRunner pid=670978)[0m                              'model_path': None,
[36m(TaskRunner pid=670978)[0m                              'n_gpus_per_node': 8,
[36m(TaskRunner pid=670978)[0m                              'nnodes': 0,
[36m(TaskRunner pid=670978)[0m                              'rollout': {'_target_': 'verl.workers.config.RolloutConfig',
[36m(TaskRunner pid=670978)[0m                                          'cudagraph_capture_sizes': None,
[36m(TaskRunner pid=670978)[0m                                          'data_parallel_size': 1,
[36m(TaskRunner pid=670978)[0m                                          'disable_log_stats': True,
[36m(TaskRunner pid=670978)[0m                                          'disaggregation': {'bootstrap_port': None,
[36m(TaskRunner pid=670978)[0m                                                             'decode_replicas': 1,
[36m(TaskRunner pid=670978)[0m                                                             'decode_tensor_model_parallel_size': None,
[36m(TaskRunner pid=670978)[0m                                                             'enabled': False,
[36m(TaskRunner pid=670978)[0m                                                             'ib_device': None,
[36m(TaskRunner pid=670978)[0m                                                             'prefill_replicas': 1,
[36m(TaskRunner pid=670978)[0m                                                             'transfer_backend': 'nixl'},
[36m(TaskRunner pid=670978)[0m                                          'do_sample': True,
[36m(TaskRunner pid=670978)[0m                                          'dtype': 'bfloat16',
[36m(TaskRunner pid=670978)[0m                                          'enable_chunked_prefill': True,
[36m(TaskRunner pid=670978)[0m                                          'enable_prefix_caching': True,
[36m(TaskRunner pid=670978)[0m                                          'enforce_eager': True,
[36m(TaskRunner pid=670978)[0m                                          'engine_kwargs': {},
[36m(TaskRunner pid=670978)[0m                                          'expert_parallel_size': 1,
[36m(TaskRunner pid=670978)[0m                                          'free_cache_engine': True,
[36m(TaskRunner pid=670978)[0m                                          'gpu_memory_utilization': 0.5,
[36m(TaskRunner pid=670978)[0m                                          'ignore_eos': False,
[36m(TaskRunner pid=670978)[0m                                          'layered_summon': False,
[36m(TaskRunner pid=670978)[0m                                          'limit_images': None,
[36m(TaskRunner pid=670978)[0m                                          'load_format': 'auto',
[36m(TaskRunner pid=670978)[0m                                          'max_model_len': None,
[36m(TaskRunner pid=670978)[0m                                          'max_num_batched_tokens': 8192,
[36m(TaskRunner pid=670978)[0m                                          'max_num_seqs': 1024,
[36m(TaskRunner pid=670978)[0m                                          'mtp': None,
[36m(TaskRunner pid=670978)[0m                                          'multi_stage_wake_up': False,
[36m(TaskRunner pid=670978)[0m                                          'n': 1,
[36m(TaskRunner pid=670978)[0m                                          'name': '???',
[36m(TaskRunner pid=670978)[0m                                          'pipeline_model_parallel_size': 1,
[36m(TaskRunner pid=670978)[0m                                          'prompt_length': 2048,
[36m(TaskRunner pid=670978)[0m                                          'quantization': None,
[36m(TaskRunner pid=670978)[0m                                          'quantization_config_file': None,
[36m(TaskRunner pid=670978)[0m                                          'response_length': 2048,
[36m(TaskRunner pid=670978)[0m                                          'scheduling_policy': 'fcfs',
[36m(TaskRunner pid=670978)[0m                                          'skip_tokenizer_init': False,
[36m(TaskRunner pid=670978)[0m                                          'temperature': 1.0,
[36m(TaskRunner pid=670978)[0m                                          'tensor_model_parallel_size': 2,
[36m(TaskRunner pid=670978)[0m                                          'top_k': -1,
[36m(TaskRunner pid=670978)[0m                                          'top_p': 1}},
[36m(TaskRunner pid=670978)[0m             'sandbox_fusion': {'_target_': 'verl.workers.config.SandboxFusionConfig',
[36m(TaskRunner pid=670978)[0m                                'max_concurrent': 64,
[36m(TaskRunner pid=670978)[0m                                'memory_limit_mb': 1024,
[36m(TaskRunner pid=670978)[0m                                'url': None}},
[36m(TaskRunner pid=670978)[0m  'trainer': {'balance_batch': True,
[36m(TaskRunner pid=670978)[0m              'critic_warmup': 0,
[36m(TaskRunner pid=670978)[0m              'default_hdfs_dir': None,
[36m(TaskRunner pid=670978)[0m              'default_local_dir': '/tmp/grpo_mem_7b_20260824_101046/bs4_g8',
[36m(TaskRunner pid=670978)[0m              'del_local_ckpt_after_load': False,
[36m(TaskRunner pid=670978)[0m              'device': 'cuda',
[36m(TaskRunner pid=670978)[0m              'esi_redundant_time': 0,
[36m(TaskRunner pid=670978)[0m              'experiment_name': 'gsm8k',
[36m(TaskRunner pid=670978)[0m              'log_val_generations': 0,
[36m(TaskRunner pid=670978)[0m              'logger': ['console'],
[36m(TaskRunner pid=670978)[0m              'max_actor_ckpt_to_keep': None,
[36m(TaskRunner pid=670978)[0m              'max_critic_ckpt_to_keep': None,
[36m(TaskRunner pid=670978)[0m              'n_gpus_per_node': 2,
[36m(TaskRunner pid=670978)[0m              'nnodes': 1,
[36m(TaskRunner pid=670978)[0m              'project_name': 'verl_examples',
[36m(TaskRunner pid=670978)[0m              'ray_wait_register_center_timeout': 300,
[36m(TaskRunner pid=670978)[0m              'resume_from_path': None,
[36m(TaskRunner pid=670978)[0m              'resume_mode': 'auto',
[36m(TaskRunner pid=670978)[0m              'rollout_data_dir': None,
[36m(TaskRunner pid=670978)[0m              'save_freq': -1,
[36m(TaskRunner pid=670978)[0m              'test_freq': -1,
[36m(TaskRunner pid=670978)[0m              'total_epochs': 1000,
[36m(TaskRunner pid=670978)[0m              'total_training_steps': 2,
[36m(TaskRunner pid=670978)[0m              'val_before_train': False,
[36m(TaskRunner pid=670978)[0m              'val_only': False,
[36m(TaskRunner pid=670978)[0m              'validation_data_dir': None},
[36m(TaskRunner pid=670978)[0m  'transfer_queue': {'backend': {'MooncakeStore': {'auto_init': False,
[36m(TaskRunner pid=670978)[0m                                                   'device_name': '',
[36m(TaskRunner pid=670978)[0m                                                   'global_segment_size': 4294967296,
[36m(TaskRunner pid=670978)[0m                                                   'local_buffer_size': 1073741824,
[36m(TaskRunner pid=670978)[0m                                                   'local_hostname': 'localhost',
[36m(TaskRunner pid=670978)[0m                                                   'master_server_address': 'localhost:50124',
[36m(TaskRunner pid=670978)[0m                                                   'metadata_server': 'localhost:50123',
[36m(TaskRunner pid=670978)[0m                                                   'protocol': 'tcp'},
[36m(TaskRunner pid=670978)[0m                                 'SimpleStorage': {'num_data_storage_units': 8,
[36m(TaskRunner pid=670978)[0m                                                   'total_storage_size': 100000},
[36m(TaskRunner pid=670978)[0m                                 'storage_backend': 'SimpleStorage'},
[36m(TaskRunner pid=670978)[0m                     'enable': False,
[36m(TaskRunner pid=670978)[0m                     'metrics': {'enabled': False, 'port': 0}}}
[36m(TaskRunner pid=670978)[0m [validate_config] All configuration checks passed successfully!
[36m(TaskRunner pid=670978)[0m Using dataset class: RLHFDataset
[36m(TaskRunner pid=670978)[0m dataset len: 1900
[36m(TaskRunner pid=670978)[0m filter dataset len: 1900
[36m(TaskRunner pid=670978)[0m Using dataset class: RLHFDataset
[36m(TaskRunner pid=670978)[0m dataset len: 300
[36m(TaskRunner pid=670978)[0m filter dataset len: 300
[36m(TaskRunner pid=670978)[0m Size of train dataloader: 475, Size of val dataloader: 1
[36m(TaskRunner pid=670978)[0m Total training steps: 2
[36m(TaskRunner pid=670978)[0m colocated worker base class <class 'verl.single_controller.base.worker.Worker'>
[36m(WorkerDict pid=671492)[0m [Gloo] Rank 0 is connected to 1 peer ranks. Expected number of connected peer ranks is : 1
[36m(WorkerDict pid=671492)[0m Warning: Failed to set NUMA affinity: libnuma.so: cannot open shared object file: No such file or directory
[36m(WorkerDict pid=671492)[0m Monkey patch _flash_attention_forward in transformers.integrations.flash_attention
[36m(WorkerDict pid=671492)[0m Skipping monkey patch for Qwen2ForCausalLM as use_fused_kernels is False or fused_kernels_backend is torch
[36m(WorkerDict pid=671493)[0m [Gloo] Rank 1 is connected to 1 peer ranks. Expected number of connected peer ranks is : 1
[36m(WorkerDict pid=671493)[0m Warning: Failed to set NUMA affinity: libnuma.so: cannot open shared object file: No such file or directory
[36m(WorkerDict pid=671492)[0m Qwen2ForCausalLM contains 7.62B parameters
[36m(WorkerDict pid=671492)[0m Before FSDP, memory allocated (GB): 0.00, memory reserved (GB): 0.00, device memory used/total (GB): 0.51/139.80
[36m(WorkerDict pid=671493)[0m Warning: Failed to set NUMA affinity: libnuma.so: cannot open shared object file: No such file or directory
[36m(WorkerDict pid=671493)[0m Monkey patch _flash_attention_forward in transformers.integrations.flash_attention
[36m(WorkerDict pid=671493)[0m Skipping monkey patch for Qwen2ForCausalLM as use_fused_kernels is False or fused_kernels_backend is torch
[36m(WorkerDict pid=671492)[0m After FSDP, memory allocated (GB): 0.00, memory reserved (GB): 14.74, device memory used/total (GB): 15.73/139.80
[36m(WorkerDict pid=671492)[0m Monkey patch _flash_attention_forward in transformers.integrations.flash_attention
[36m(WorkerDict pid=671492)[0m Skipping monkey patch for Qwen2ForCausalLM as use_fused_kernels is False or fused_kernels_backend is torch
[36m(WorkerDict pid=671492)[0m Warning: Failed to set NUMA affinity: libnuma.so: cannot open shared object file: No such file or directory
[36m(WorkerDict pid=671492)[0m Qwen2ForCausalLM contains 7.62B parameters
[36m(WorkerDict pid=671492)[0m Before FSDP, memory allocated (GB): 0.00, memory reserved (GB): 14.74, device memory used/total (GB): 15.73/139.80
[36m(WorkerDict pid=671493)[0m [Gloo] Rank 0 is connected to 0 peer ranks. Expected number of connected peer ranks is : 0
[36m(WorkerDict pid=671492)[0m After FSDP, memory allocated (GB): 14.19, memory reserved (GB): 27.79, device memory used/total (GB): 28.79/139.80
[36m(WorkerDict pid=671492)[0m Total steps: 2, num_warmup_steps: 0
[36m(WorkerDict pid=671492)[0m NCCL version 2.27.3+cuda12.9
[36m(TaskRunner pid=670978)[0m WARNING 08-24 10:13:02 [api_server.py:1213] LoRA dynamic loading & unloading is enabled in the API server. This should ONLY be used for local development!
[36m(WorkerDict pid=671493)[0m Monkey patch _flash_attention_forward in transformers.integrations.flash_attention
[36m(WorkerDict pid=671493)[0m Skipping monkey patch for Qwen2ForCausalLM as use_fused_kernels is False or fused_kernels_backend is torch
[36m(WorkerDict pid=671493)[0m [Gloo] Rank 0 is connected to 0 peer ranks. Expected number of connected peer ranks is : 0[32m [repeated 5x across cluster][0m
[36m(pid=672758)[0m WARNING 08-24 10:13:28 [api_server.py:1213] LoRA dynamic loading & unloading is enabled in the API server. This should ONLY be used for local development!
[36m(vLLMHttpServer pid=672758)[0m ['serve',
[36m(vLLMHttpServer pid=672758)[0m  '/tmp/rawtmpl_Qwen2.5-7B-Instruct',
[36m(vLLMHttpServer pid=672758)[0m  '--dtype',
[36m(vLLMHttpServer pid=672758)[0m  'bfloat16',
[36m(vLLMHttpServer pid=672758)[0m  '--load_format',
[36m(vLLMHttpServer pid=672758)[0m  'dummy',
[36m(vLLMHttpServer pid=672758)[0m  '--distributed_executor_backend',
[36m(vLLMHttpServer pid=672758)[0m  'mp',
[36m(vLLMHttpServer pid=672758)[0m  '--worker_extension_cls',
[36m(vLLMHttpServer pid=672758)[0m  'verl.workers.rollout.vllm_rollout.utils.vLLMColocateWorkerExtension',
[36m(vLLMHttpServer pid=672758)[0m  '--max_model_len',
[36m(vLLMHttpServer pid=672758)[0m  '32768',
[36m(vLLMHttpServer pid=672758)[0m  '--max_num_seqs',
[36m(vLLMHttpServer pid=672758)[0m  '1024',
[36m(vLLMHttpServer pid=672758)[0m  '--enable_chunked_prefill',
[36m(vLLMHttpServer pid=672758)[0m  '--max_num_batched_tokens',
[36m(vLLMHttpServer pid=672758)[0m  '8192',
[36m(vLLMHttpServer pid=672758)[0m  '--enable_prefix_caching',
[36m(vLLMHttpServer pid=672758)[0m  '--enable_sleep_mode',
[36m(vLLMHttpServer pid=672758)[0m  '--logprobs_mode',
[36m(vLLMHttpServer pid=672758)[0m  'processed_logprobs',
[36m(vLLMHttpServer pid=672758)[0m  '--gpu_memory_utilization',
[36m(vLLMHttpServer pid=672758)[0m  '0.5',
[36m(vLLMHttpServer pid=672758)[0m  '--disable_log_stats',
[36m(vLLMHttpServer pid=672758)[0m  '--tensor_parallel_size',
[36m(vLLMHttpServer pid=672758)[0m  '2',
[36m(vLLMHttpServer pid=672758)[0m  '--seed',
[36m(vLLMHttpServer pid=672758)[0m  '0',
[36m(vLLMHttpServer pid=672758)[0m  '--override_generation_config',
[36m(vLLMHttpServer pid=672758)[0m  '{"temperature": 1.0, "top_k": -1, "top_p": 1, "repetition_penalty": 1.0, '
[36m(vLLMHttpServer pid=672758)[0m  '"max_new_tokens": 2048}',
[36m(vLLMHttpServer pid=672758)[0m  '--hf_overrides',
[36m(vLLMHttpServer pid=672758)[0m  '{}',
[36m(vLLMHttpServer pid=672758)[0m  '--scheduling_policy',
[36m(vLLMHttpServer pid=672758)[0m  'fcfs',
[36m(vLLMHttpServer pid=672758)[0m  '--compilation_config',
[36m(vLLMHttpServer pid=672758)[0m  '{"cudagraph_mode": "FULL_AND_PIECEWISE"}']
[36m(vLLMHttpServer pid=672758)[0m WARNING 08-24 10:13:30 [__init__.py:3036] We must use the `spawn` multiprocessing start method. Overriding VLLM_WORKER_MULTIPROC_METHOD to 'spawn'. See https://docs.vllm.ai/en/latest/usage/troubleshooting.html#python-multiprocessing for more information. Reasons: In a Ray actor and can only be spawned; CUDA is initialized
[36m(vLLMHttpServer pid=672758)[0m [Gloo] Rank 0 is connected to 1 peer ranks. Expected number of connected peer ranks is : 1
[36m(vLLMHttpServer pid=672758)[0m [Gloo] Rank 1 is connected to 1 peer ranks. Expected number of connected peer ranks is : 1
[36m(vLLMHttpServer pid=672758)[0m [Gloo] Rank 1 is connected to 1 peer ranks. Expected number of connected peer ranks is : 1
[36m(vLLMHttpServer pid=672758)[0m [Gloo] Rank 0 is connected to 1 peer ranks. Expected number of connected peer ranks is : 1
[36m(vLLMHttpServer pid=672758)[0m WARNING 08-24 10:14:07 [symm_mem.py:90] SymmMemCommunicator: symmetric memory multicast operations are not supported.
[36m(vLLMHttpServer pid=672758)[0m WARNING 08-24 10:14:07 [symm_mem.py:90] SymmMemCommunicator: symmetric memory multicast operations are not supported.
[36m(vLLMHttpServer pid=672758)[0m NCCL version 2.27.3+cuda12.9
[36m(vLLMHttpServer pid=672758)[0m [Gloo] Rank 0 is connected to 0 peer ranks. Expected number of connected peer ranks is : 0
[36m(vLLMHttpServer pid=672758)[0m [Gloo] Rank 0 is connected to 0 peer ranks. Expected number of connected peer ranks is : 0
[36m(vLLMHttpServer pid=672758)[0m [Gloo] Rank 0 is connected to 0 peer ranks. Expected number of connected peer ranks is : 0
[36m(vLLMHttpServer pid=672758)[0m [Gloo] Rank 0 is connected to 0 peer ranks. Expected number of connected peer ranks is : 0
[36m(vLLMHttpServer pid=672758)[0m [Gloo] Rank 0 is connected to 0 peer ranks. Expected number of connected peer ranks is : 0
[36m(vLLMHttpServer pid=672758)[0m [Gloo] Rank 0 is connected to 0 peer ranks. Expected number of connected peer ranks is : 0
[36m(vLLMHttpServer pid=672758)[0m [Gloo] Rank 0 is connected to 1 peer ranks. Expected number of connected peer ranks is : 1
[36m(vLLMHttpServer pid=672758)[0m [Gloo] Rank 1 is connected to 1 peer ranks. Expected number of connected peer ranks is : 1
[36m(vLLMHttpServer pid=672758)[0m WARNING 08-24 10:14:35 [model.py:1389] Default sampling parameters have been overridden by the model's Hugging Face generation config recommended from the model creator. If this is not intended, please relaunch vLLM instance with `--generation-config vllm`.
[36m(TaskRunner pid=670978)[0m LLMServerManager: ['10.233.74.151:37179']
[36m(TaskRunner pid=670978)[0m Checkpoint tracker file does not exist: /tmp/grpo_mem_7b_20260824_101046/bs4_g8/latest_checkpointed_iteration.txt
[36m(TaskRunner pid=670978)[0m Training from scratch
[36m(WorkerDict pid=671492)[0m WARNING 08-24 10:14:37 [api_server.py:1213] LoRA dynamic loading & unloading is enabled in the API server. This should ONLY be used for local development!
[36m(AgentLoopWorker pid=674508)[0m Using dataset class: RLHFDataset
[36m(GlobalRequestLoadBalancer pid=674516)[0m WARNING 08-24 10:15:03 [api_server.py:1213] LoRA dynamic loading & unloading is enabled in the API server. This should ONLY be used for local development!
[36m(AgentLoopWorker pid=674509)[0m Using dataset class: RLHFDataset[32m [repeated 7x across cluster][0m
[36m(AgentLoopWorker pid=674511)[0m WARNING 08-24 10:15:11 [api_server.py:1213] LoRA dynamic loading & unloading is enabled in the API server. This should ONLY be used for local development!
[36m(AgentLoopWorker pid=674508)[0m WARNING 08-24 10:15:11 [api_server.py:1213] LoRA dynamic loading & unloading is enabled in the API server. This should ONLY be used for local development!
[36m(TaskRunner pid=670978)[0m step:1 - global_seqlen/min:17710 - global_seqlen/max:22922 - global_seqlen/minmax_diff:5212 - global_seqlen/balanced_min:20315 - global_seqlen/balanced_max:20317 - global_seqlen/mean:20316.0 - actor/entropy:0.38748419284820557 - perf/mfu/actor_infer:0.04252266865057235 - actor/pg_clipfrac:0.0 - actor/ppo_kl:0.0 - actor/pg_clipfrac_lower:0.0 - actor/pg_loss:-0.024735585320740938 - actor/kl_loss:0.0 - actor/kl_coef:0.001 - actor/loss:-0.024735599756240845 - actor/grad_norm:0.9725717902183533 - actor/lr:1e-06 - actor/perf/max_memory_allocated_gb:73.01986455917358 - actor/perf/max_memory_reserved_gb:90.962890625 - actor/perf/cpu_memory_used_gb:24.169414520263672 - perf/mfu/actor:0.06900890318092291 - training/global_step:1 - training/epoch:0 - critic/score/mean:0.25 - critic/score/max:1.0 - critic/score/min:0.0 - critic/rewards/mean:0.25 - critic/rewards/max:1.0 - critic/rewards/min:0.0 - critic/advantages/mean:0.024735698476433754 - critic/advantages/max:1.6201815605163574 - critic/advantages/min:-0.5400605201721191 - critic/returns/mean:0.024735698476433754 - critic/returns/max:1.6201815605163574 - critic/returns/min:-0.5400605201721191 - response_length/mean:1146.25 - response_length/max:2048.0 - response_length/min:201.0 - response_length/clip_ratio:0.4375 - response_length_non_aborted/mean:1146.25 - response_length_non_aborted/max:2048.0 - response_length_non_aborted/min:201.0 - response_length_non_aborted/clip_ratio:0.4375 - response/aborted_ratio:0.0 - prompt_length/mean:123.5 - prompt_length/max:125.0 - prompt_length/min:122.0 - prompt_length/clip_ratio:0.0 - num_turns/min:2 - num_turns/max:2 - num_turns/mean:2.0 - timing_s/start_profile:0.00021617859601974487 - timing_s/agent_loop/num_preempted/min:-1 - timing_s/agent_loop/num_preempted/max:-1 - timing_s/agent_loop/num_preempted/mean:-1.0 - timing_s/agent_loop/generate_sequences/min:15.526848876848817 - timing_s/agent_loop/generate_sequences/max:24.198201583698392 - timing_s/agent_loop/generate_sequences/mean:19.984159657207783 - timing_s/agent_loop/tool_calls/min:0.0 - timing_s/agent_loop/tool_calls/max:0.0 - timing_s/agent_loop/tool_calls/mean:0.0 - timing_s/agent_loop/compute_score/min:0.004914563149213791 - timing_s/agent_loop/compute_score/max:0.07741325907409191 - timing_s/agent_loop/compute_score/mean:0.013968075858429074 - timing_s/agent_loop/slowest/generate_sequences:24.198201583698392 - timing_s/agent_loop/slowest/tool_calls:0.0 - timing_s/agent_loop/slowest/compute_score:0.008280309848487377 - timing_s/agent_loop/slowest/num_preempted:-1 - timing_s/agent_loop/slowest/prompt_length:122 - timing_s/agent_loop/slowest/response_length:2048 - timing_s/gen:41.679030422121286 - timing_s/reward:2.4789944291114807e-05 - timing_s/old_log_prob:7.6880354061722755 - timing_s/ref:18.08735271450132 - timing_s/adv:0.0016920045018196106 - timing_s/update_actor:13.99871707893908 - timing_s/update_weights:2.977239776402712 - timing_s/step:84.44578919187188 - timing_s/stop_profile:8.727889508008957e-05 - timing_per_token_ms/ref:0.4451504408963704 - timing_per_token_ms/update_actor:0.34452444080869954 - timing_per_token_ms/adv:4.164216631767106e-05 - timing_per_token_ms/gen:1.1362876341908748 - perf/total_num_tokens:40632 - perf/time_per_step:84.44578919187188 - perf/throughput:240.5803793702418
[36m(AgentLoopWorker pid=674513)[0m WARNING 08-24 10:15:11 [api_server.py:1213] LoRA dynamic loading & unloading is enabled in the API server. This should ONLY be used for local development![32m [repeated 6x across cluster][0m
[36m(TaskRunner pid=670978)[0m Training Progress: 100%|██████████| 2/2 [01:58<00:00, 54.74s/it]Training Progress: 100%|██████████| 2/2 [01:58<00:00, 59.22s/it]
[36m(TaskRunner pid=670978)[0m Exception ignored in atexit callback: <function _exit_function at 0x7072f57bd630>
[36m(TaskRunner pid=670978)[0m Traceback (most recent call last):
[36m(TaskRunner pid=670978)[0m   File "/home/hyin66/micromamba/envs/verl/lib/python3.10/multiprocessing/util.py", line 357, in _exit_function
[36m(TaskRunner pid=670978)[0m     p.join()
[36m(TaskRunner pid=670978)[0m   File "/home/hyin66/micromamba/envs/verl/lib/python3.10/multiprocessing/process.py", line 149, in join
[36m(TaskRunner pid=670978)[0m     res = self._popen.wait(timeout)
[36m(TaskRunner pid=670978)[0m   File "/home/hyin66/micromamba/envs/verl/lib/python3.10/multiprocessing/popen_fork.py", line 43, in wait
[36m(TaskRunner pid=670978)[0m     return self.poll(os.WNOHANG if timeout == 0.0 else 0)
[36m(TaskRunner pid=670978)[0m   File "/home/hyin66/micromamba/envs/verl/lib/python3.10/multiprocessing/popen_fork.py", line 27, in poll
[36m(TaskRunner pid=670978)[0m     pid, sts = os.waitpid(self.pid, flag)
[36m(TaskRunner pid=670978)[0m   File "/home/hyin66/micromamba/envs/verl/lib/python3.10/site-packages/torch/utils/data/_utils/signal_handling.py", line 73, in handler
[36m(TaskRunner pid=670978)[0m     _error_if_any_worker_fails()
[36m(TaskRunner pid=670978)[0m RuntimeError: DataLoader worker (pid 675033) is killed by signal: Killed. 
[36m(TaskRunner pid=670978)[0m step:2 - global_seqlen/min:15024 - global_seqlen/max:20314 - global_seqlen/minmax_diff:5290 - global_seqlen/balanced_min:17652 - global_seqlen/balanced_max:17686 - global_seqlen/mean:17669.0 - actor/entropy:0.3594508171081543 - perf/mfu/actor_infer:0.0927613428462744 - actor/pg_clipfrac:0.0 - actor/ppo_kl:0.0 - actor/pg_clipfrac_lower:0.0 - actor/pg_loss:0.21436222433112562 - actor/kl_loss:0.00046391396199396695 - actor/kl_coef:0.001 - actor/loss:0.21436269581317902 - actor/grad_norm:0.8079831004142761 - actor/lr:1e-06 - actor/perf/max_memory_allocated_gb:73.01986455917358 - actor/perf/max_memory_reserved_gb:111.255859375 - actor/perf/cpu_memory_used_gb:24.19894027709961 - perf/mfu/actor:0.06627936329871748 - training/global_step:2 - training/epoch:0 - critic/score/mean:0.375 - critic/score/max:1.0 - critic/score/min:0.0 - critic/rewards/mean:0.375 - critic/rewards/max:1.0 - critic/rewards/min:0.0 - critic/advantages/mean:-0.2143622189760208 - critic/advantages/max:1.6201815605163574 - critic/advantages/min:-1.6201815605163574 - critic/returns/mean:-0.2143622189760208 - critic/returns/max:1.6201815605163574 - critic/returns/min:-1.6201815605163574 - response_length/mean:981.5625 - response_length/max:2048.0 - response_length/min:119.0 - response_length/clip_ratio:0.34375 - response_length_non_aborted/mean:981.5625 - response_length_non_aborted/max:2048.0 - response_length_non_aborted/min:119.0 - response_length_non_aborted/clip_ratio:0.34375 - response/aborted_ratio:0.0 - prompt_length/mean:122.75 - prompt_length/max:125.0 - prompt_length/min:122.0 - prompt_length/clip_ratio:0.0 - num_turns/min:2 - num_turns/max:2 - num_turns/mean:2.0 - timing_s/start_profile:9.684823453426361e-05 - timing_s/agent_loop/num_preempted/min:-1 - timing_s/agent_loop/num_preempted/max:-1 - timing_s/agent_loop/num_preempted/mean:-1.0 - timing_s/agent_loop/generate_sequences/min:0.6354856211692095 - timing_s/agent_loop/generate_sequences/max:9.492216682992876 - timing_s/agent_loop/generate_sequences/mean:4.631133266782854 - timing_s/agent_loop/tool_calls/min:0.0 - timing_s/agent_loop/tool_calls/max:0.0 - timing_s/agent_loop/tool_calls/mean:0.0 - timing_s/agent_loop/compute_score/min:0.004348858259618282 - timing_s/agent_loop/compute_score/max:0.0150956055149436 - timing_s/agent_loop/compute_score/mean:0.008529170037945732 - timing_s/agent_loop/slowest/generate_sequences:9.492216682992876 - timing_s/agent_loop/slowest/tool_calls:0.0 - timing_s/agent_loop/slowest/compute_score:0.0069996025413274765 - timing_s/agent_loop/slowest/num_preempted:-1 - timing_s/agent_loop/slowest/prompt_length:125 - timing_s/agent_loop/slowest/response_length:2048 - timing_s/gen:10.090715846978128 - timing_s/reward:2.2170133888721466e-05 - timing_s/old_log_prob:3.070493957027793 - timing_s/ref:5.010277105495334 - timing_s/adv:0.0014076661318540573 - timing_s/update_actor:12.672338644042611 - timing_s/update_weights:2.98293483722955 - timing_s/step:33.83563505578786 - timing_s/stop_profile:8.121877908706665e-05 - timing_per_token_ms/ref:0.14178156957086802 - timing_per_token_ms/update_actor:0.3586037309424023 - timing_per_token_ms/adv:3.983434636521754e-05 - timing_per_token_ms/gen:0.32125806580637145 - perf/total_num_tokens:35338 - perf/time_per_step:33.83563505578786 - perf/throughput:522.2009272433494
[36m(TaskRunner pid=670978)[0m 'Final validation metrics: None'
