rollout gpu_memory_utilization=0.50 (from /home/hyin66/es-fine-tuning-paper/experiments/2026-07-24_es_improvement/es_bench/track_b/grpo_ood/../src/config.py, matched to ES)
/home/hyin66/micromamba/envs/verl/lib/python3.10/site-packages/verl/workers/engine/mindspeed/transformer_impl.py:24: UserWarning: NPU not support router replay for now.
  from verl.utils.megatron.router_replay_patch import RouterReplay
/home/hyin66/micromamba/envs/verl/lib/python3.10/site-packages/verl/trainer/main_ppo.py:380: FutureWarning: Warning: Function '__main__.main' is deprecated. Please use 'main_ppo.py is deprecated, and wil be replaced by main_ppo_sync.py in v0.8.0, please use main_ppo_sync.py instead.' instead.
  main()
2026-07-30 10:49:44,531	INFO worker.py:2015 -- Started a local Ray instance. View the dashboard at [1m[32m127.0.0.1:8265 [39m[22m
[36m(pid=109178)[0m /home/hyin66/micromamba/envs/verl/lib/python3.10/site-packages/verl/workers/engine/mindspeed/transformer_impl.py:24: UserWarning: NPU not support router replay for now.
[36m(pid=109178)[0m   from verl.utils.megatron.router_replay_patch import RouterReplay
ray init kwargs: {'num_cpus': None, 'runtime_env': {'env_vars': {'NCCL_DEBUG': 'WARN', 'VLLM_ALLOW_RUNTIME_LORA_UPDATING': 'true', 'CUDA_DEVICE_MAX_CONNECTIONS': '1', 'VLLM_DISABLE_COMPILE_CACHE': '1', 'HCCL_HOST_SOCKET_PORT_RANGE': 'auto', 'HCCL_NPU_SOCKET_PORT_RANGE': 'auto', 'HSA_NO_SCRATCH_RECLAIM': '1'}, 'working_dir': None}}
[36m(TaskRunner pid=109178)[0m TaskRunner hostname: hyin66-h200-01-0, PID: 109178
[36m(TaskRunner pid=109178)[0m {'actor_rollout_ref': {'actor': {'_target_': 'verl.workers.config.FSDPActorConfig',
[36m(TaskRunner pid=109178)[0m                                  'calculate_entropy': False,
[36m(TaskRunner pid=109178)[0m                                  'calculate_sum_pi_squared': False,
[36m(TaskRunner pid=109178)[0m                                  'checkpoint': {'_target_': 'verl.trainer.config.CheckpointConfig',
[36m(TaskRunner pid=109178)[0m                                                 'async_save': False,
[36m(TaskRunner pid=109178)[0m                                                 'load_contents': ['model',
[36m(TaskRunner pid=109178)[0m                                                                   'optimizer',
[36m(TaskRunner pid=109178)[0m                                                                   'extra'],
[36m(TaskRunner pid=109178)[0m                                                 'mbridge_config': {},
[36m(TaskRunner pid=109178)[0m                                                 'save_contents': ['model',
[36m(TaskRunner pid=109178)[0m                                                                   'optimizer',
[36m(TaskRunner pid=109178)[0m                                                                   'extra'],
[36m(TaskRunner pid=109178)[0m                                                 'strict': True},
[36m(TaskRunner pid=109178)[0m                                  'clip_ratio': 0.2,
[36m(TaskRunner pid=109178)[0m                                  'clip_ratio_c': 3.0,
[36m(TaskRunner pid=109178)[0m                                  'clip_ratio_high': 0.2,
[36m(TaskRunner pid=109178)[0m                                  'clip_ratio_low': 0.2,
[36m(TaskRunner pid=109178)[0m                                  'data_loader_seed': 42,
[36m(TaskRunner pid=109178)[0m                                  'entropy_checkpointing': False,
[36m(TaskRunner pid=109178)[0m                                  'entropy_coeff': 0,
[36m(TaskRunner pid=109178)[0m                                  'entropy_from_logits_with_chunking': False,
[36m(TaskRunner pid=109178)[0m                                  'freeze_vision_tower': False,
[36m(TaskRunner pid=109178)[0m                                  'fsdp_config': {'_target_': 'verl.workers.config.FSDPEngineConfig',
[36m(TaskRunner pid=109178)[0m                                                  'dtype': 'bfloat16',
[36m(TaskRunner pid=109178)[0m                                                  'entropy_checkpointing': False,
[36m(TaskRunner pid=109178)[0m                                                  'entropy_from_logits_with_chunking': False,
[36m(TaskRunner pid=109178)[0m                                                  'forward_only': False,
[36m(TaskRunner pid=109178)[0m                                                  'forward_prefetch': False,
[36m(TaskRunner pid=109178)[0m                                                  'fsdp_size': -1,
[36m(TaskRunner pid=109178)[0m                                                  'full_determinism': False,
[36m(TaskRunner pid=109178)[0m                                                  'model_dtype': 'fp32',
[36m(TaskRunner pid=109178)[0m                                                  'offload_policy': False,
[36m(TaskRunner pid=109178)[0m                                                  'optimizer_offload': False,
[36m(TaskRunner pid=109178)[0m                                                  'param_offload': False,
[36m(TaskRunner pid=109178)[0m                                                  'qat': {'_target_': 'verl.workers.config.QATEngineConfig',
[36m(TaskRunner pid=109178)[0m                                                          'activation_observer': 'static_minmax',
[36m(TaskRunner pid=109178)[0m                                                          'enable': False,
[36m(TaskRunner pid=109178)[0m                                                          'group_size': 16,
[36m(TaskRunner pid=109178)[0m                                                          'ignore_patterns': ['lm_head',
[36m(TaskRunner pid=109178)[0m                                                                              'embed_tokens',
[36m(TaskRunner pid=109178)[0m                                                                              're:.*mlp.gate$'],
[36m(TaskRunner pid=109178)[0m                                                          'mode': 'w4a16',
[36m(TaskRunner pid=109178)[0m                                                          'quantization_config_path': None},
[36m(TaskRunner pid=109178)[0m                                                  'reshard_after_forward': True,
[36m(TaskRunner pid=109178)[0m                                                  'seed': 42,
[36m(TaskRunner pid=109178)[0m                                                  'strategy': 'fsdp',
[36m(TaskRunner pid=109178)[0m                                                  'ulysses_sequence_parallel_size': 1,
[36m(TaskRunner pid=109178)[0m                                                  'use_orig_params': False,
[36m(TaskRunner pid=109178)[0m                                                  'use_torch_compile': True,
[36m(TaskRunner pid=109178)[0m                                                  'wrap_policy': {'min_num_params': 0}},
[36m(TaskRunner pid=109178)[0m                                  'grad_clip': 1.0,
[36m(TaskRunner pid=109178)[0m                                  'kl_loss_coef': 0.001,
[36m(TaskRunner pid=109178)[0m                                  'kl_loss_type': 'low_var_kl',
[36m(TaskRunner pid=109178)[0m                                  'loss_agg_mode': 'token-mean',
[36m(TaskRunner pid=109178)[0m                                  'loss_scale_factor': None,
[36m(TaskRunner pid=109178)[0m                                  'optim': {'_target_': 'verl.workers.config.FSDPOptimizerConfig',
[36m(TaskRunner pid=109178)[0m                                            'betas': [0.9, 0.999],
[36m(TaskRunner pid=109178)[0m                                            'clip_grad': 1.0,
[36m(TaskRunner pid=109178)[0m                                            'lr': 1e-06,
[36m(TaskRunner pid=109178)[0m                                            'lr_scheduler_type': 'constant',
[36m(TaskRunner pid=109178)[0m                                            'lr_warmup_steps': -1,
[36m(TaskRunner pid=109178)[0m                                            'lr_warmup_steps_ratio': 0.0,
[36m(TaskRunner pid=109178)[0m                                            'min_lr_ratio': 0.0,
[36m(TaskRunner pid=109178)[0m                                            'num_cycles': 0.5,
[36m(TaskRunner pid=109178)[0m                                            'optimizer': 'AdamW',
[36m(TaskRunner pid=109178)[0m                                            'optimizer_impl': 'torch.optim',
[36m(TaskRunner pid=109178)[0m                                            'override_optimizer_config': None,
[36m(TaskRunner pid=109178)[0m                                            'total_training_steps': -1,
[36m(TaskRunner pid=109178)[0m                                            'warmup_style': None,
[36m(TaskRunner pid=109178)[0m                                            'weight_decay': 0.01,
[36m(TaskRunner pid=109178)[0m                                            'zero_indexed_step': True},
[36m(TaskRunner pid=109178)[0m                                  'policy_loss': {'_target_': 'verl.workers.config.PolicyLossConfig',
[36m(TaskRunner pid=109178)[0m                                                  'clip_cov_lb': 1.0,
[36m(TaskRunner pid=109178)[0m                                                  'clip_cov_ratio': 0.0002,
[36m(TaskRunner pid=109178)[0m                                                  'clip_cov_ub': 5.0,
[36m(TaskRunner pid=109178)[0m                                                  'kl_cov_ratio': 0.0002,
[36m(TaskRunner pid=109178)[0m                                                  'loss_mode': 'vanilla',
[36m(TaskRunner pid=109178)[0m                                                  'ppo_kl_coef': 0.1},
[36m(TaskRunner pid=109178)[0m                                  'ppo_epochs': 1,
[36m(TaskRunner pid=109178)[0m                                  'ppo_max_token_len_per_gpu': 16384,
[36m(TaskRunner pid=109178)[0m                                  'ppo_micro_batch_size': None,
[36m(TaskRunner pid=109178)[0m                                  'ppo_micro_batch_size_per_gpu': 8,
[36m(TaskRunner pid=109178)[0m                                  'ppo_mini_batch_size': 8,
[36m(TaskRunner pid=109178)[0m                                  'profiler': {'_target_': 'verl.utils.profiler.ProfilerConfig',
[36m(TaskRunner pid=109178)[0m                                               'all_ranks': False,
[36m(TaskRunner pid=109178)[0m                                               'enable': False,
[36m(TaskRunner pid=109178)[0m                                               'ranks': [],
[36m(TaskRunner pid=109178)[0m                                               'save_path': 'outputs/profile',
[36m(TaskRunner pid=109178)[0m                                               'tool': None,
[36m(TaskRunner pid=109178)[0m                                               'tool_config': {'npu': {'_target_': 'verl.utils.profiler.config.NPUToolConfig',
[36m(TaskRunner pid=109178)[0m                                                                       'analysis': True,
[36m(TaskRunner pid=109178)[0m                                                                       'contents': [],
[36m(TaskRunner pid=109178)[0m                                                                       'discrete': False,
[36m(TaskRunner pid=109178)[0m                                                                       'level': 'level0'},
[36m(TaskRunner pid=109178)[0m                                                               'nsys': {'_target_': 'verl.utils.profiler.config.NsightToolConfig',
[36m(TaskRunner pid=109178)[0m                                                                        'discrete': False},
[36m(TaskRunner pid=109178)[0m                                                               'precision_debugger': {'_target_': 'verl.utils.profiler.config.PrecisionDebuggerToolConfig',
[36m(TaskRunner pid=109178)[0m                                                                                      'config_path': None,
[36m(TaskRunner pid=109178)[0m                                                                                      'stages': None,
[36m(TaskRunner pid=109178)[0m                                                                                      'steps': None,
[36m(TaskRunner pid=109178)[0m                                                                                      'strict': False},
[36m(TaskRunner pid=109178)[0m                                                               'torch': {'_target_': 'verl.utils.profiler.config.TorchProfilerToolConfig',
[36m(TaskRunner pid=109178)[0m                                                                         'contents': [],
[36m(TaskRunner pid=109178)[0m                                                                         'discrete': False},
[36m(TaskRunner pid=109178)[0m                                                               'torch_memory': {'_target_': 'verl.utils.profiler.config.TorchMemoryToolConfig',
[36m(TaskRunner pid=109178)[0m                                                                                'stack_depth': 32,
[36m(TaskRunner pid=109178)[0m                                                                                'trace_alloc_max_entries': 100000}}},
[36m(TaskRunner pid=109178)[0m                                  'qat': {'activation_observer': 'static_minmax',
[36m(TaskRunner pid=109178)[0m                                          'enable': False,
[36m(TaskRunner pid=109178)[0m                                          'group_size': 16,
[36m(TaskRunner pid=109178)[0m                                          'ignore_patterns': ['lm_head',
[36m(TaskRunner pid=109178)[0m                                                              'embed_tokens',
[36m(TaskRunner pid=109178)[0m                                                              're:.*mlp.gate$'],
[36m(TaskRunner pid=109178)[0m                                          'mode': 'w4a16',
[36m(TaskRunner pid=109178)[0m                                          'quantization_config_path': None},
[36m(TaskRunner pid=109178)[0m                                  'rollout_n': 8,
[36m(TaskRunner pid=109178)[0m                                  'router_replay': {'_target_': 'verl.workers.config.RouterReplayConfig',
[36m(TaskRunner pid=109178)[0m                                                    'mode': 'disabled',
[36m(TaskRunner pid=109178)[0m                                                    'record_file': None,
[36m(TaskRunner pid=109178)[0m                                                    'replay_file': None},
[36m(TaskRunner pid=109178)[0m                                  'shuffle': False,
[36m(TaskRunner pid=109178)[0m                                  'strategy': 'fsdp',
[36m(TaskRunner pid=109178)[0m                                  'tau_neg': 1.05,
[36m(TaskRunner pid=109178)[0m                                  'tau_pos': 1.0,
[36m(TaskRunner pid=109178)[0m                                  'ulysses_sequence_parallel_size': 1,
[36m(TaskRunner pid=109178)[0m                                  'use_dynamic_bsz': False,
[36m(TaskRunner pid=109178)[0m                                  'use_fused_kernels': False,
[36m(TaskRunner pid=109178)[0m                                  'use_kl_loss': True,
[36m(TaskRunner pid=109178)[0m                                  'use_prefix_grouper': False,
[36m(TaskRunner pid=109178)[0m                                  'use_remove_padding': True,
[36m(TaskRunner pid=109178)[0m                                  'use_torch_compile': True},
[36m(TaskRunner pid=109178)[0m                        'hybrid_engine': True,
[36m(TaskRunner pid=109178)[0m                        'model': {'_target_': 'verl.workers.config.HFModelConfig',
[36m(TaskRunner pid=109178)[0m                                  'custom_chat_template': None,
[36m(TaskRunner pid=109178)[0m                                  'enable_activation_offload': False,
[36m(TaskRunner pid=109178)[0m                                  'enable_gradient_checkpointing': True,
[36m(TaskRunner pid=109178)[0m                                  'exclude_modules': None,
[36m(TaskRunner pid=109178)[0m                                  'external_lib': None,
[36m(TaskRunner pid=109178)[0m                                  'fused_kernel_options': {'impl_backend': 'torch'},
[36m(TaskRunner pid=109178)[0m                                  'hf_config_path': None,
[36m(TaskRunner pid=109178)[0m                                  'lora': {'a2a_experimental': False,
[36m(TaskRunner pid=109178)[0m                                           'adapter_path': None,
[36m(TaskRunner pid=109178)[0m                                           'alpha': 32,
[36m(TaskRunner pid=109178)[0m                                           'dropout': 0.0,
[36m(TaskRunner pid=109178)[0m                                           'dropout_position': 'pre',
[36m(TaskRunner pid=109178)[0m                                           'dtype': None,
[36m(TaskRunner pid=109178)[0m                                           'exclude_modules': [],
[36m(TaskRunner pid=109178)[0m                                           'freeze_language_model': True,
[36m(TaskRunner pid=109178)[0m                                           'freeze_vision_model': True,
[36m(TaskRunner pid=109178)[0m                                           'freeze_vision_projection': True,
[36m(TaskRunner pid=109178)[0m                                           'lora_A_init_method': 'xavier',
[36m(TaskRunner pid=109178)[0m                                           'lora_B_init_method': 'zero',
[36m(TaskRunner pid=109178)[0m                                           'merge': False,
[36m(TaskRunner pid=109178)[0m                                           'rank': 0,
[36m(TaskRunner pid=109178)[0m                                           'target_modules': ['linear_qkv',
[36m(TaskRunner pid=109178)[0m                                                              'linear_proj',
[36m(TaskRunner pid=109178)[0m                                                              'linear_fc1',
[36m(TaskRunner pid=109178)[0m                                                              'linear_fc2'],
[36m(TaskRunner pid=109178)[0m                                           'type': 'lora'},
[36m(TaskRunner pid=109178)[0m                                  'lora_adapter_path': None,
[36m(TaskRunner pid=109178)[0m                                  'lora_alpha': 16,
[36m(TaskRunner pid=109178)[0m                                  'lora_rank': 0,
[36m(TaskRunner pid=109178)[0m                                  'mtp': {'_target_': 'verl.workers.config.MtpConfig',
[36m(TaskRunner pid=109178)[0m                                          'detach_encoder': False,
[36m(TaskRunner pid=109178)[0m                                          'enable': False,
[36m(TaskRunner pid=109178)[0m                                          'enable_rollout': False,
[36m(TaskRunner pid=109178)[0m                                          'enable_train': False,
[36m(TaskRunner pid=109178)[0m                                          'method': 'mtp',
[36m(TaskRunner pid=109178)[0m                                          'mtp_loss_scaling_factor': 0.1,
[36m(TaskRunner pid=109178)[0m                                          'num_speculative_tokens': 1,
[36m(TaskRunner pid=109178)[0m                                          'speculative_algorithm': 'EAGLE',
[36m(TaskRunner pid=109178)[0m                                          'speculative_eagle_topk': 1,
[36m(TaskRunner pid=109178)[0m                                          'speculative_num_draft_tokens': 4,
[36m(TaskRunner pid=109178)[0m                                          'speculative_num_steps': 3},
[36m(TaskRunner pid=109178)[0m                                  'override_config': {},
[36m(TaskRunner pid=109178)[0m                                  'path': '/tmp/qwen3b_rawtmpl',
[36m(TaskRunner pid=109178)[0m                                  'target_modules': 'all-linear',
[36m(TaskRunner pid=109178)[0m                                  'tiled_mlp': {'enabled': False,
[36m(TaskRunner pid=109178)[0m                                                'num_shards': 4},
[36m(TaskRunner pid=109178)[0m                                  'tokenizer_path': None,
[36m(TaskRunner pid=109178)[0m                                  'trust_remote_code': False,
[36m(TaskRunner pid=109178)[0m                                  'use_fused_kernels': False,
[36m(TaskRunner pid=109178)[0m                                  'use_liger': False,
[36m(TaskRunner pid=109178)[0m                                  'use_remove_padding': True,
[36m(TaskRunner pid=109178)[0m                                  'use_shm': False},
[36m(TaskRunner pid=109178)[0m                        'nccl_timeout': 600,
[36m(TaskRunner pid=109178)[0m                        'ref': {'_target_': 'verl.workers.config.FSDPActorConfig',
[36m(TaskRunner pid=109178)[0m                                'entropy_checkpointing': False,
[36m(TaskRunner pid=109178)[0m                                'entropy_from_logits_with_chunking': False,
[36m(TaskRunner pid=109178)[0m                                'fsdp_config': {'_target_': 'verl.workers.config.FSDPEngineConfig',
[36m(TaskRunner pid=109178)[0m                                                'dtype': 'bfloat16',
[36m(TaskRunner pid=109178)[0m                                                'entropy_checkpointing': False,
[36m(TaskRunner pid=109178)[0m                                                'entropy_from_logits_with_chunking': False,
[36m(TaskRunner pid=109178)[0m                                                'forward_only': True,
[36m(TaskRunner pid=109178)[0m                                                'forward_prefetch': False,
[36m(TaskRunner pid=109178)[0m                                                'fsdp_size': -1,
[36m(TaskRunner pid=109178)[0m                                                'full_determinism': False,
[36m(TaskRunner pid=109178)[0m                                                'model_dtype': 'fp32',
[36m(TaskRunner pid=109178)[0m                                                'offload_policy': False,
[36m(TaskRunner pid=109178)[0m                                                'optimizer_offload': False,
[36m(TaskRunner pid=109178)[0m                                                'param_offload': False,
[36m(TaskRunner pid=109178)[0m                                                'qat': {'_target_': 'verl.workers.config.QATEngineConfig',
[36m(TaskRunner pid=109178)[0m                                                        'activation_observer': 'static_minmax',
[36m(TaskRunner pid=109178)[0m                                                        'enable': False,
[36m(TaskRunner pid=109178)[0m                                                        'group_size': 16,
[36m(TaskRunner pid=109178)[0m                                                        'ignore_patterns': ['lm_head',
[36m(TaskRunner pid=109178)[0m                                                                            'embed_tokens',
[36m(TaskRunner pid=109178)[0m                                                                            're:.*mlp.gate$'],
[36m(TaskRunner pid=109178)[0m                                                        'mode': 'w4a16',
[36m(TaskRunner pid=109178)[0m                                                        'quantization_config_path': None},
[36m(TaskRunner pid=109178)[0m                                                'reshard_after_forward': True,
[36m(TaskRunner pid=109178)[0m                                                'seed': 42,
[36m(TaskRunner pid=109178)[0m                                                'strategy': 'fsdp',
[36m(TaskRunner pid=109178)[0m                                                'ulysses_sequence_parallel_size': 1,
[36m(TaskRunner pid=109178)[0m                                                'use_orig_params': False,
[36m(TaskRunner pid=109178)[0m                                                'use_torch_compile': True,
[36m(TaskRunner pid=109178)[0m                                                'wrap_policy': {'min_num_params': 0}},
[36m(TaskRunner pid=109178)[0m                                'log_prob_max_token_len_per_gpu': 16384,
[36m(TaskRunner pid=109178)[0m                                'log_prob_micro_batch_size': None,
[36m(TaskRunner pid=109178)[0m                                'log_prob_micro_batch_size_per_gpu': 8,
[36m(TaskRunner pid=109178)[0m                                'log_prob_use_dynamic_bsz': False,
[36m(TaskRunner pid=109178)[0m                                'profiler': {'_target_': 'verl.utils.profiler.ProfilerConfig',
[36m(TaskRunner pid=109178)[0m                                             'all_ranks': False,
[36m(TaskRunner pid=109178)[0m                                             'enable': False,
[36m(TaskRunner pid=109178)[0m                                             'ranks': [],
[36m(TaskRunner pid=109178)[0m                                             'save_path': 'outputs/profile',
[36m(TaskRunner pid=109178)[0m                                             'tool': None,
[36m(TaskRunner pid=109178)[0m                                             'tool_config': {'npu': {'_target_': 'verl.utils.profiler.config.NPUToolConfig',
[36m(TaskRunner pid=109178)[0m                                                                     'analysis': True,
[36m(TaskRunner pid=109178)[0m                                                                     'contents': [],
[36m(TaskRunner pid=109178)[0m                                                                     'discrete': False,
[36m(TaskRunner pid=109178)[0m                                                                     'level': 'level0'},
[36m(TaskRunner pid=109178)[0m                                                             'nsys': {'_target_': 'verl.utils.profiler.config.NsightToolConfig',
[36m(TaskRunner pid=109178)[0m                                                                      'discrete': False},
[36m(TaskRunner pid=109178)[0m                                                             'precision_debugger': {'_target_': 'verl.utils.profiler.config.PrecisionDebuggerToolConfig',
[36m(TaskRunner pid=109178)[0m                                                                                    'config_path': None,
[36m(TaskRunner pid=109178)[0m                                                                                    'stages': None,
[36m(TaskRunner pid=109178)[0m                                                                                    'steps': None,
[36m(TaskRunner pid=109178)[0m                                                                                    'strict': False},
[36m(TaskRunner pid=109178)[0m                                                             'torch': {'_target_': 'verl.utils.profiler.config.TorchProfilerToolConfig',
[36m(TaskRunner pid=109178)[0m                                                                       'contents': [],
[36m(TaskRunner pid=109178)[0m                                                                       'discrete': False},
[36m(TaskRunner pid=109178)[0m                                                             'torch_memory': {'_target_': 'verl.utils.profiler.config.TorchMemoryToolConfig',
[36m(TaskRunner pid=109178)[0m                                                                              'stack_depth': 32,
[36m(TaskRunner pid=109178)[0m                                                                              'trace_alloc_max_entries': 100000}}},
[36m(TaskRunner pid=109178)[0m                                'rollout_n': 8,
[36m(TaskRunner pid=109178)[0m                                'router_replay': {'_target_': 'verl.workers.config.RouterReplayConfig',
[36m(TaskRunner pid=109178)[0m                                                  'mode': 'disabled',
[36m(TaskRunner pid=109178)[0m                                                  'record_file': None,
[36m(TaskRunner pid=109178)[0m                                                  'replay_file': None},
[36m(TaskRunner pid=109178)[0m                                'strategy': 'fsdp',
[36m(TaskRunner pid=109178)[0m                                'ulysses_sequence_parallel_size': 1,
[36m(TaskRunner pid=109178)[0m                                'use_torch_compile': True},
[36m(TaskRunner pid=109178)[0m                        'rollout': {'_target_': 'verl.workers.config.RolloutConfig',
[36m(TaskRunner pid=109178)[0m                                    'agent': {'_target_': 'verl.workers.config.AgentLoopConfig',
[36m(TaskRunner pid=109178)[0m                                              'agent_loop_config_path': None,
[36m(TaskRunner pid=109178)[0m                                              'custom_async_server': {'_target_': 'verl.workers.config.CustomAsyncServerConfig',
[36m(TaskRunner pid=109178)[0m                                                                      'name': None,
[36m(TaskRunner pid=109178)[0m                                                                      'path': None},
[36m(TaskRunner pid=109178)[0m                                              'default_agent_loop': 'single_turn_agent',
[36m(TaskRunner pid=109178)[0m                                              'num_workers': 8},
[36m(TaskRunner pid=109178)[0m                                    'calculate_log_probs': False,
[36m(TaskRunner pid=109178)[0m                                    'checkpoint_engine': {'_target_': 'verl.workers.config.CheckpointEngineConfig',
[36m(TaskRunner pid=109178)[0m                                                          'backend': 'naive',
[36m(TaskRunner pid=109178)[0m                                                          'custom_backend_module': None,
[36m(TaskRunner pid=109178)[0m                                                          'engine_kwargs': {},
[36m(TaskRunner pid=109178)[0m                                                          'update_weights_bucket_megabytes': 2048},
[36m(TaskRunner pid=109178)[0m                                    'cudagraph_capture_sizes': None,
[36m(TaskRunner pid=109178)[0m                                    'data_parallel_size': 1,
[36m(TaskRunner pid=109178)[0m                                    'disable_log_stats': True,
[36m(TaskRunner pid=109178)[0m                                    'disaggregation': {'bootstrap_port': None,
[36m(TaskRunner pid=109178)[0m                                                       'decode_replicas': 1,
[36m(TaskRunner pid=109178)[0m                                                       'decode_tensor_model_parallel_size': None,
[36m(TaskRunner pid=109178)[0m                                                       'enabled': False,
[36m(TaskRunner pid=109178)[0m                                                       'ib_device': None,
[36m(TaskRunner pid=109178)[0m                                                       'prefill_replicas': 1,
[36m(TaskRunner pid=109178)[0m                                                       'transfer_backend': 'nixl'},
[36m(TaskRunner pid=109178)[0m                                    'do_sample': True,
[36m(TaskRunner pid=109178)[0m                                    'dtype': 'bfloat16',
[36m(TaskRunner pid=109178)[0m                                    'enable_chunked_prefill': True,
[36m(TaskRunner pid=109178)[0m                                    'enable_prefix_caching': True,
[36m(TaskRunner pid=109178)[0m                                    'enable_rollout_routing_replay': False,
[36m(TaskRunner pid=109178)[0m                                    'enforce_eager': False,
[36m(TaskRunner pid=109178)[0m                                    'engine_kwargs': {'sglang': {},
[36m(TaskRunner pid=109178)[0m                                                      'trtllm': {},
[36m(TaskRunner pid=109178)[0m                                                      'vllm': {}},
[36m(TaskRunner pid=109178)[0m                                    'expert_parallel_size': 1,
[36m(TaskRunner pid=109178)[0m                                    'free_cache_engine': True,
[36m(TaskRunner pid=109178)[0m                                    'gpu_memory_utilization': 0.5,
[36m(TaskRunner pid=109178)[0m                                    'ignore_eos': False,
[36m(TaskRunner pid=109178)[0m                                    'layered_summon': False,
[36m(TaskRunner pid=109178)[0m                                    'load_format': 'dummy',
[36m(TaskRunner pid=109178)[0m                                    'log_prob_max_token_len_per_gpu': 16384,
[36m(TaskRunner pid=109178)[0m                                    'log_prob_micro_batch_size': None,
[36m(TaskRunner pid=109178)[0m                                    'log_prob_micro_batch_size_per_gpu': 8,
[36m(TaskRunner pid=109178)[0m                                    'log_prob_use_dynamic_bsz': False,
[36m(TaskRunner pid=109178)[0m                                    'logprobs_mode': 'processed_logprobs',
[36m(TaskRunner pid=109178)[0m                                    'max_model_len': None,
[36m(TaskRunner pid=109178)[0m                                    'max_num_batched_tokens': 8192,
[36m(TaskRunner pid=109178)[0m                                    'max_num_seqs': 1024,
[36m(TaskRunner pid=109178)[0m                                    'mode': 'async',
[36m(TaskRunner pid=109178)[0m                                    'mtp': {'_target_': 'verl.workers.config.MtpConfig',
[36m(TaskRunner pid=109178)[0m                                            'detach_encoder': False,
[36m(TaskRunner pid=109178)[0m                                            'enable': False,
[36m(TaskRunner pid=109178)[0m                                            'enable_rollout': False,
[36m(TaskRunner pid=109178)[0m                                            'enable_train': False,
[36m(TaskRunner pid=109178)[0m                                            'method': 'mtp',
[36m(TaskRunner pid=109178)[0m                                            'mtp_loss_scaling_factor': 0.1,
[36m(TaskRunner pid=109178)[0m                                            'num_speculative_tokens': 1,
[36m(TaskRunner pid=109178)[0m                                            'speculative_algorithm': 'EAGLE',
[36m(TaskRunner pid=109178)[0m                                            'speculative_eagle_topk': 1,
[36m(TaskRunner pid=109178)[0m                                            'speculative_num_draft_tokens': 4,
[36m(TaskRunner pid=109178)[0m                                            'speculative_num_steps': 3},
[36m(TaskRunner pid=109178)[0m                                    'multi_stage_wake_up': False,
[36m(TaskRunner pid=109178)[0m                                    'multi_turn': {'_target_': 'verl.workers.config.MultiTurnConfig',
[36m(TaskRunner pid=109178)[0m                                                   'enable': False,
[36m(TaskRunner pid=109178)[0m                                                   'format': 'hermes',
[36m(TaskRunner pid=109178)[0m                                                   'function_tool_path': None,
[36m(TaskRunner pid=109178)[0m                                                   'max_assistant_turns': None,
[36m(TaskRunner pid=109178)[0m                                                   'max_parallel_calls': 1,
[36m(TaskRunner pid=109178)[0m                                                   'max_tool_response_length': 256,
[36m(TaskRunner pid=109178)[0m                                                   'max_user_turns': None,
[36m(TaskRunner pid=109178)[0m                                                   'num_repeat_rollouts': None,
[36m(TaskRunner pid=109178)[0m                                                   'tokenization_sanity_check_mode': 'strict',
[36m(TaskRunner pid=109178)[0m                                                   'tool_config_path': None,
[36m(TaskRunner pid=109178)[0m                                                   'tool_response_truncate_side': 'middle',
[36m(TaskRunner pid=109178)[0m                                                   'use_inference_chat_template': False},
[36m(TaskRunner pid=109178)[0m                                    'n': 8,
[36m(TaskRunner pid=109178)[0m                                    'n_gpus_per_node': 1,
[36m(TaskRunner pid=109178)[0m                                    'name': 'vllm',
[36m(TaskRunner pid=109178)[0m                                    'nnodes': 0,
[36m(TaskRunner pid=109178)[0m                                    'over_sample_rate': 0,
[36m(TaskRunner pid=109178)[0m                                    'pipeline_model_parallel_size': 1,
[36m(TaskRunner pid=109178)[0m                                    'profiler': {'_target_': 'verl.utils.profiler.ProfilerConfig',
[36m(TaskRunner pid=109178)[0m                                                 'all_ranks': False,
[36m(TaskRunner pid=109178)[0m                                                 'enable': False,
[36m(TaskRunner pid=109178)[0m                                                 'ranks': [],
[36m(TaskRunner pid=109178)[0m                                                 'save_path': 'outputs/profile',
[36m(TaskRunner pid=109178)[0m                                                 'tool': None,
[36m(TaskRunner pid=109178)[0m                                                 'tool_config': {'npu': {'_target_': 'verl.utils.profiler.config.NPUToolConfig',
[36m(TaskRunner pid=109178)[0m                                                                         'analysis': True,
[36m(TaskRunner pid=109178)[0m                                                                         'contents': [],
[36m(TaskRunner pid=109178)[0m                                                                         'discrete': False,
[36m(TaskRunner pid=109178)[0m                                                                         'level': 'level0'},
[36m(TaskRunner pid=109178)[0m                                                                 'precision_debugger': {'_target_': 'verl.utils.profiler.config.PrecisionDebuggerToolConfig',
[36m(TaskRunner pid=109178)[0m                                                                                        'config_path': None,
[36m(TaskRunner pid=109178)[0m                                                                                        'stages': None,
[36m(TaskRunner pid=109178)[0m                                                                                        'steps': None,
[36m(TaskRunner pid=109178)[0m                                                                                        'strict': False},
[36m(TaskRunner pid=109178)[0m                                                                 'torch': {'_target_': 'verl.utils.profiler.config.TorchProfilerToolConfig',
[36m(TaskRunner pid=109178)[0m                                                                           'contents': [],
[36m(TaskRunner pid=109178)[0m                                                                           'discrete': False}}},
[36m(TaskRunner pid=109178)[0m                                    'prometheus': {'_target_': 'verl.workers.config.PrometheusConfig',
[36m(TaskRunner pid=109178)[0m                                                   'enable': False,
[36m(TaskRunner pid=109178)[0m                                                   'file': '/tmp/ray/session_latest/metrics/prometheus/prometheus.yml',
[36m(TaskRunner pid=109178)[0m                                                   'port': 9090,
[36m(TaskRunner pid=109178)[0m                                                   'served_model_name': '/tmp/qwen3b_rawtmpl'},
[36m(TaskRunner pid=109178)[0m                                    'prompt_length': 1024,
[36m(TaskRunner pid=109178)[0m                                    'qat': {'_target_': 'verl.workers.config.QATEngineConfig',
[36m(TaskRunner pid=109178)[0m                                            'activation_observer': 'static_minmax',
[36m(TaskRunner pid=109178)[0m                                            'enable': False,
[36m(TaskRunner pid=109178)[0m                                            'group_size': 16,
[36m(TaskRunner pid=109178)[0m                                            'ignore_patterns': ['lm_head',
[36m(TaskRunner pid=109178)[0m                                                                'embed_tokens',
[36m(TaskRunner pid=109178)[0m                                                                're:.*mlp.gate$'],
[36m(TaskRunner pid=109178)[0m                                            'mode': 'w4a16',
[36m(TaskRunner pid=109178)[0m                                            'quantization_config_path': None},
[36m(TaskRunner pid=109178)[0m                                    'quantization': None,
[36m(TaskRunner pid=109178)[0m                                    'quantization_config_file': None,
[36m(TaskRunner pid=109178)[0m                                    'response_length': 2048,
[36m(TaskRunner pid=109178)[0m                                    'scheduling_policy': 'fcfs',
[36m(TaskRunner pid=109178)[0m                                    'skip': {'_target_': 'verl.workers.config.SkipConfig',
[36m(TaskRunner pid=109178)[0m                                             'action': 'cache',
[36m(TaskRunner pid=109178)[0m                                             'dump_dir': '~/.verl/rollout_dump',
[36m(TaskRunner pid=109178)[0m                                             'enable': False,
[36m(TaskRunner pid=109178)[0m                                             'max_dump_step': 1},
[36m(TaskRunner pid=109178)[0m                                    'skip_tokenizer_init': True,
[36m(TaskRunner pid=109178)[0m                                    'temperature': 1.0,
[36m(TaskRunner pid=109178)[0m                                    'tensor_model_parallel_size': 1,
[36m(TaskRunner pid=109178)[0m                                    'top_k': -1,
[36m(TaskRunner pid=109178)[0m                                    'top_p': 1,
[36m(TaskRunner pid=109178)[0m                                    'trace': {'_target_': 'verl.workers.config.TraceConfig',
[36m(TaskRunner pid=109178)[0m                                              'backend': None,
[36m(TaskRunner pid=109178)[0m                                              'experiment_name': 'grpo_full_3b_countdown',
[36m(TaskRunner pid=109178)[0m                                              'max_samples_per_step_per_worker': None,
[36m(TaskRunner pid=109178)[0m                                              'project_name': 'a0_grpo_bench',
[36m(TaskRunner pid=109178)[0m                                              'token2text': False},
[36m(TaskRunner pid=109178)[0m                                    'val_kwargs': {'_target_': 'verl.workers.config.SamplingConfig',
[36m(TaskRunner pid=109178)[0m                                                   'do_sample': False,
[36m(TaskRunner pid=109178)[0m                                                   'n': 1,
[36m(TaskRunner pid=109178)[0m                                                   'temperature': 0,
[36m(TaskRunner pid=109178)[0m                                                   'top_k': -1,
[36m(TaskRunner pid=109178)[0m                                                   'top_p': 1.0}}},
[36m(TaskRunner pid=109178)[0m  'algorithm': {'_target_': 'verl.trainer.config.AlgoConfig',
[36m(TaskRunner pid=109178)[0m                'adv_estimator': 'grpo',
[36m(TaskRunner pid=109178)[0m                'gamma': 1.0,
[36m(TaskRunner pid=109178)[0m                'kl_ctrl': {'_target_': 'verl.trainer.config.KLControlConfig',
[36m(TaskRunner pid=109178)[0m                            'horizon': 10000,
[36m(TaskRunner pid=109178)[0m                            'kl_coef': 0.001,
[36m(TaskRunner pid=109178)[0m                            'target_kl': 0.1,
[36m(TaskRunner pid=109178)[0m                            'type': 'fixed'},
[36m(TaskRunner pid=109178)[0m                'kl_penalty': 'kl',
[36m(TaskRunner pid=109178)[0m                'lam': 1.0,
[36m(TaskRunner pid=109178)[0m                'norm_adv_by_std_in_grpo': True,
[36m(TaskRunner pid=109178)[0m                'pf_ppo': {'reweight_method': 'pow', 'weight_pow': 2.0},
[36m(TaskRunner pid=109178)[0m                'rollout_correction': {'bypass_mode': False,
[36m(TaskRunner pid=109178)[0m                                       'loss_type': 'ppo_clip',
[36m(TaskRunner pid=109178)[0m                                       'rollout_is': None,
[36m(TaskRunner pid=109178)[0m                                       'rollout_is_batch_normalize': False,
[36m(TaskRunner pid=109178)[0m                                       'rollout_is_threshold': 2.0,
[36m(TaskRunner pid=109178)[0m                                       'rollout_rs': None,
[36m(TaskRunner pid=109178)[0m                                       'rollout_rs_threshold': None},
[36m(TaskRunner pid=109178)[0m                'use_kl_in_reward': False,
[36m(TaskRunner pid=109178)[0m                'use_pf_ppo': False},
[36m(TaskRunner pid=109178)[0m  'critic': {'_target_': 'verl.workers.config.FSDPCriticConfig',
[36m(TaskRunner pid=109178)[0m             'checkpoint': {'_target_': 'verl.trainer.config.CheckpointConfig',
[36m(TaskRunner pid=109178)[0m                            'async_save': False,
[36m(TaskRunner pid=109178)[0m                            'load_contents': ['model', 'optimizer', 'extra'],
[36m(TaskRunner pid=109178)[0m                            'mbridge_config': {},
[36m(TaskRunner pid=109178)[0m                            'save_contents': ['model', 'optimizer', 'extra']},
[36m(TaskRunner pid=109178)[0m             'cliprange_value': 0.5,
[36m(TaskRunner pid=109178)[0m             'data_loader_seed': 42,
[36m(TaskRunner pid=109178)[0m             'enable': None,
[36m(TaskRunner pid=109178)[0m             'forward_max_token_len_per_gpu': 32768,
[36m(TaskRunner pid=109178)[0m             'forward_micro_batch_size': None,
[36m(TaskRunner pid=109178)[0m             'forward_micro_batch_size_per_gpu': None,
[36m(TaskRunner pid=109178)[0m             'fsdp': {'_target_': 'verl.workers.config.FSDPEngineConfig',
[36m(TaskRunner pid=109178)[0m                      'dtype': 'bfloat16',
[36m(TaskRunner pid=109178)[0m                      'entropy_checkpointing': False,
[36m(TaskRunner pid=109178)[0m                      'entropy_from_logits_with_chunking': False,
[36m(TaskRunner pid=109178)[0m                      'forward_only': False,
[36m(TaskRunner pid=109178)[0m                      'forward_prefetch': False,
[36m(TaskRunner pid=109178)[0m                      'fsdp_size': -1,
[36m(TaskRunner pid=109178)[0m                      'full_determinism': False,
[36m(TaskRunner pid=109178)[0m                      'model_dtype': 'fp32',
[36m(TaskRunner pid=109178)[0m                      'offload_policy': False,
[36m(TaskRunner pid=109178)[0m                      'optimizer_offload': False,
[36m(TaskRunner pid=109178)[0m                      'param_offload': False,
[36m(TaskRunner pid=109178)[0m                      'qat': {'_target_': 'verl.workers.config.QATEngineConfig',
[36m(TaskRunner pid=109178)[0m                              'activation_observer': 'static_minmax',
[36m(TaskRunner pid=109178)[0m                              'enable': False,
[36m(TaskRunner pid=109178)[0m                              'group_size': 16,
[36m(TaskRunner pid=109178)[0m                              'ignore_patterns': ['lm_head',
[36m(TaskRunner pid=109178)[0m                                                  'embed_tokens',
[36m(TaskRunner pid=109178)[0m                                                  're:.*mlp.gate$'],
[36m(TaskRunner pid=109178)[0m                              'mode': 'w4a16',
[36m(TaskRunner pid=109178)[0m                              'quantization_config_path': None},
[36m(TaskRunner pid=109178)[0m                      'reshard_after_forward': True,
[36m(TaskRunner pid=109178)[0m                      'seed': 42,
[36m(TaskRunner pid=109178)[0m                      'strategy': 'fsdp',
[36m(TaskRunner pid=109178)[0m                      'ulysses_sequence_parallel_size': 1,
[36m(TaskRunner pid=109178)[0m                      'use_orig_params': False,
[36m(TaskRunner pid=109178)[0m                      'use_torch_compile': True,
[36m(TaskRunner pid=109178)[0m                      'wrap_policy': {'min_num_params': 0}},
[36m(TaskRunner pid=109178)[0m             'grad_clip': 1.0,
[36m(TaskRunner pid=109178)[0m             'loss_agg_mode': 'token-mean',
[36m(TaskRunner pid=109178)[0m             'model': {'_target_': 'verl.workers.config.HFModelConfig',
[36m(TaskRunner pid=109178)[0m                       'custom_chat_template': None,
[36m(TaskRunner pid=109178)[0m                       'enable_activation_offload': False,
[36m(TaskRunner pid=109178)[0m                       'enable_gradient_checkpointing': True,
[36m(TaskRunner pid=109178)[0m                       'exclude_modules': None,
[36m(TaskRunner pid=109178)[0m                       'external_lib': None,
[36m(TaskRunner pid=109178)[0m                       'fused_kernel_options': {'impl_backend': 'torch'},
[36m(TaskRunner pid=109178)[0m                       'hf_config_path': None,
[36m(TaskRunner pid=109178)[0m                       'lora': {'a2a_experimental': False,
[36m(TaskRunner pid=109178)[0m                                'adapter_path': None,
[36m(TaskRunner pid=109178)[0m                                'alpha': 32,
[36m(TaskRunner pid=109178)[0m                                'dropout': 0.0,
[36m(TaskRunner pid=109178)[0m                                'dropout_position': 'pre',
[36m(TaskRunner pid=109178)[0m                                'dtype': None,
[36m(TaskRunner pid=109178)[0m                                'exclude_modules': [],
[36m(TaskRunner pid=109178)[0m                                'freeze_language_model': True,
[36m(TaskRunner pid=109178)[0m                                'freeze_vision_model': True,
[36m(TaskRunner pid=109178)[0m                                'freeze_vision_projection': True,
[36m(TaskRunner pid=109178)[0m                                'lora_A_init_method': 'xavier',
[36m(TaskRunner pid=109178)[0m                                'lora_B_init_method': 'zero',
[36m(TaskRunner pid=109178)[0m                                'merge': False,
[36m(TaskRunner pid=109178)[0m                                'rank': 0,
[36m(TaskRunner pid=109178)[0m                                'target_modules': ['linear_qkv',
[36m(TaskRunner pid=109178)[0m                                                   'linear_proj',
[36m(TaskRunner pid=109178)[0m                                                   'linear_fc1',
[36m(TaskRunner pid=109178)[0m                                                   'linear_fc2'],
[36m(TaskRunner pid=109178)[0m                                'type': 'lora'},
[36m(TaskRunner pid=109178)[0m                       'lora_adapter_path': None,
[36m(TaskRunner pid=109178)[0m                       'lora_alpha': 16,
[36m(TaskRunner pid=109178)[0m                       'lora_rank': 0,
[36m(TaskRunner pid=109178)[0m                       'mtp': {'_target_': 'verl.workers.config.MtpConfig',
[36m(TaskRunner pid=109178)[0m                               'detach_encoder': False,
[36m(TaskRunner pid=109178)[0m                               'enable': False,
[36m(TaskRunner pid=109178)[0m                               'enable_rollout': False,
[36m(TaskRunner pid=109178)[0m                               'enable_train': False,
[36m(TaskRunner pid=109178)[0m                               'method': 'mtp',
[36m(TaskRunner pid=109178)[0m                               'mtp_loss_scaling_factor': 0.1,
[36m(TaskRunner pid=109178)[0m                               'num_speculative_tokens': 1,
[36m(TaskRunner pid=109178)[0m                               'speculative_algorithm': 'EAGLE',
[36m(TaskRunner pid=109178)[0m                               'speculative_eagle_topk': 1,
[36m(TaskRunner pid=109178)[0m                               'speculative_num_draft_tokens': 4,
[36m(TaskRunner pid=109178)[0m                               'speculative_num_steps': 3},
[36m(TaskRunner pid=109178)[0m                       'override_config': {},
[36m(TaskRunner pid=109178)[0m                       'path': '~/models/deepseek-llm-7b-chat',
[36m(TaskRunner pid=109178)[0m                       'target_modules': 'all-linear',
[36m(TaskRunner pid=109178)[0m                       'tiled_mlp': {'enabled': False, 'num_shards': 4},
[36m(TaskRunner pid=109178)[0m                       'tokenizer_path': None,
[36m(TaskRunner pid=109178)[0m                       'trust_remote_code': False,
[36m(TaskRunner pid=109178)[0m                       'use_fused_kernels': False,
[36m(TaskRunner pid=109178)[0m                       'use_liger': False,
[36m(TaskRunner pid=109178)[0m                       'use_remove_padding': True,
[36m(TaskRunner pid=109178)[0m                       'use_shm': False},
[36m(TaskRunner pid=109178)[0m             'optim': {'_target_': 'verl.workers.config.FSDPOptimizerConfig',
[36m(TaskRunner pid=109178)[0m                       'betas': [0.9, 0.999],
[36m(TaskRunner pid=109178)[0m                       'clip_grad': 1.0,
[36m(TaskRunner pid=109178)[0m                       'lr': 1e-05,
[36m(TaskRunner pid=109178)[0m                       'lr_scheduler_type': 'constant',
[36m(TaskRunner pid=109178)[0m                       'lr_warmup_steps': -1,
[36m(TaskRunner pid=109178)[0m                       'lr_warmup_steps_ratio': 0.0,
[36m(TaskRunner pid=109178)[0m                       'min_lr_ratio': 0.0,
[36m(TaskRunner pid=109178)[0m                       'num_cycles': 0.5,
[36m(TaskRunner pid=109178)[0m                       'optimizer': 'AdamW',
[36m(TaskRunner pid=109178)[0m                       'optimizer_impl': 'torch.optim',
[36m(TaskRunner pid=109178)[0m                       'override_optimizer_config': None,
[36m(TaskRunner pid=109178)[0m                       'total_training_steps': -1,
[36m(TaskRunner pid=109178)[0m                       'warmup_style': None,
[36m(TaskRunner pid=109178)[0m                       'weight_decay': 0.01,
[36m(TaskRunner pid=109178)[0m                       'zero_indexed_step': True},
[36m(TaskRunner pid=109178)[0m             'ppo_epochs': 1,
[36m(TaskRunner pid=109178)[0m             'ppo_max_token_len_per_gpu': 32768,
[36m(TaskRunner pid=109178)[0m             'ppo_micro_batch_size': None,
[36m(TaskRunner pid=109178)[0m             'ppo_micro_batch_size_per_gpu': None,
[36m(TaskRunner pid=109178)[0m             'ppo_mini_batch_size': 8,
[36m(TaskRunner pid=109178)[0m             'profiler': {'_target_': 'verl.utils.profiler.ProfilerConfig',
[36m(TaskRunner pid=109178)[0m                          'all_ranks': False,
[36m(TaskRunner pid=109178)[0m                          'enable': False,
[36m(TaskRunner pid=109178)[0m                          'ranks': [],
[36m(TaskRunner pid=109178)[0m                          'save_path': 'outputs/profile',
[36m(TaskRunner pid=109178)[0m                          'tool': None,
[36m(TaskRunner pid=109178)[0m                          'tool_config': {'npu': {'_target_': 'verl.utils.profiler.config.NPUToolConfig',
[36m(TaskRunner pid=109178)[0m                                                  'analysis': True,
[36m(TaskRunner pid=109178)[0m                                                  'contents': [],
[36m(TaskRunner pid=109178)[0m                                                  'discrete': False,
[36m(TaskRunner pid=109178)[0m                                                  'level': 'level0'},
[36m(TaskRunner pid=109178)[0m                                          'nsys': {'_target_': 'verl.utils.profiler.config.NsightToolConfig',
[36m(TaskRunner pid=109178)[0m                                                   'discrete': False},
[36m(TaskRunner pid=109178)[0m                                          'precision_debugger': {'_target_': 'verl.utils.profiler.config.PrecisionDebuggerToolConfig',
[36m(TaskRunner pid=109178)[0m                                                                 'config_path': None,
[36m(TaskRunner pid=109178)[0m                                                                 'stages': None,
[36m(TaskRunner pid=109178)[0m                                                                 'steps': None,
[36m(TaskRunner pid=109178)[0m                                                                 'strict': False},
[36m(TaskRunner pid=109178)[0m                                          'torch': {'_target_': 'verl.utils.profiler.config.TorchProfilerToolConfig',
[36m(TaskRunner pid=109178)[0m                                                    'contents': [],
[36m(TaskRunner pid=109178)[0m                                                    'discrete': False},
[36m(TaskRunner pid=109178)[0m                                          'torch_memory': {'_target_': 'verl.utils.profiler.config.TorchMemoryToolConfig',
[36m(TaskRunner pid=109178)[0m                                                           'stack_depth': 32,
[36m(TaskRunner pid=109178)[0m                                                           'trace_alloc_max_entries': 100000}}},
[36m(TaskRunner pid=109178)[0m             'rollout_n': 8,
[36m(TaskRunner pid=109178)[0m             'shuffle': False,
[36m(TaskRunner pid=109178)[0m             'strategy': 'fsdp',
[36m(TaskRunner pid=109178)[0m             'ulysses_sequence_parallel_size': 1,
[36m(TaskRunner pid=109178)[0m             'use_dynamic_bsz': False},
[36m(TaskRunner pid=109178)[0m  'data': {'apply_chat_template_kwargs': {},
[36m(TaskRunner pid=109178)[0m           'audio_key': 'audios',
[36m(TaskRunner pid=109178)[0m           'custom_cls': {'name': None, 'path': None},
[36m(TaskRunner pid=109178)[0m           'dataloader_num_workers': 8,
[36m(TaskRunner pid=109178)[0m           'filter_overlong_prompts': True,
[36m(TaskRunner pid=109178)[0m           'filter_overlong_prompts_workers': 1,
[36m(TaskRunner pid=109178)[0m           'function_tool_path': None,
[36m(TaskRunner pid=109178)[0m           'image_key': 'images',
[36m(TaskRunner pid=109178)[0m           'image_patch_size': 14,
[36m(TaskRunner pid=109178)[0m           'max_prompt_length': 1024,
[36m(TaskRunner pid=109178)[0m           'max_response_length': 2048,
[36m(TaskRunner pid=109178)[0m           'mm_processor_kwargs': {},
[36m(TaskRunner pid=109178)[0m           'prompt_key': 'prompt',
[36m(TaskRunner pid=109178)[0m           'return_full_prompt': False,
[36m(TaskRunner pid=109178)[0m           'return_multi_modal_inputs': True,
[36m(TaskRunner pid=109178)[0m           'return_raw_chat': True,
[36m(TaskRunner pid=109178)[0m           'return_raw_input_ids': False,
[36m(TaskRunner pid=109178)[0m           'reward_fn_key': 'data_source',
[36m(TaskRunner pid=109178)[0m           'seed': None,
[36m(TaskRunner pid=109178)[0m           'shuffle': True,
[36m(TaskRunner pid=109178)[0m           'tokenizer': None,
[36m(TaskRunner pid=109178)[0m           'tool_config_path': None,
[36m(TaskRunner pid=109178)[0m           'train_batch_size': 16,
[36m(TaskRunner pid=109178)[0m           'train_files': '/home/hyin66/es-fine-tuning-paper/experiments/2026-07-24_es_improvement/es_bench/track_b/grpo_ood/data_countdown/train.parquet',
[36m(TaskRunner pid=109178)[0m           'train_max_samples': -1,
[36m(TaskRunner pid=109178)[0m           'truncation': 'right',
[36m(TaskRunner pid=109178)[0m           'trust_remote_code': False,
[36m(TaskRunner pid=109178)[0m           'use_shm': False,
[36m(TaskRunner pid=109178)[0m           'val_batch_size': None,
[36m(TaskRunner pid=109178)[0m           'val_files': '/home/hyin66/es-fine-tuning-paper/experiments/2026-07-24_es_improvement/es_bench/track_b/grpo_ood/data_countdown/val.parquet',
[36m(TaskRunner pid=109178)[0m           'val_max_samples': -1,
[36m(TaskRunner pid=109178)[0m           'validation_shuffle': False,
[36m(TaskRunner pid=109178)[0m           'video_key': 'videos'},
[36m(TaskRunner pid=109178)[0m  'distillation': {'_target_': 'verl.workers.config.DistillationConfig',
[36m(TaskRunner pid=109178)[0m                   'distillation_loss': {'_target_': 'verl.workers.config.DistillationLossConfig',
[36m(TaskRunner pid=109178)[0m                                         'clip_ratio': 0.2,
[36m(TaskRunner pid=109178)[0m                                         'clip_ratio_high': 0.2,
[36m(TaskRunner pid=109178)[0m                                         'clip_ratio_low': 0.2,
[36m(TaskRunner pid=109178)[0m                                         'distillation_loss_coef': 1.0,
[36m(TaskRunner pid=109178)[0m                                         'log_prob_min_clamp': None,
[36m(TaskRunner pid=109178)[0m                                         'loss_max_clamp': None,
[36m(TaskRunner pid=109178)[0m                                         'loss_mode': 'k3',
[36m(TaskRunner pid=109178)[0m                                         'policy_loss_mode': 'vanilla',
[36m(TaskRunner pid=109178)[0m                                         'topk': 32,
[36m(TaskRunner pid=109178)[0m                                         'use_policy_gradient': False,
[36m(TaskRunner pid=109178)[0m                                         'use_task_rewards': True},
[36m(TaskRunner pid=109178)[0m                   'enabled': False,
[36m(TaskRunner pid=109178)[0m                   'n_gpus_per_node': 8,
[36m(TaskRunner pid=109178)[0m                   'nnodes': 0,
[36m(TaskRunner pid=109178)[0m                   'teacher_key': 'data_source',
[36m(TaskRunner pid=109178)[0m                   'teacher_models': {'teacher_model': {'_target_': 'verl.workers.config.DistillationTeacherModelConfig',
[36m(TaskRunner pid=109178)[0m                                                        'inference': {'_target_': 'verl.workers.config.RolloutConfig',
[36m(TaskRunner pid=109178)[0m                                                                      'cudagraph_capture_sizes': None,
[36m(TaskRunner pid=109178)[0m                                                                      'data_parallel_size': 1,
[36m(TaskRunner pid=109178)[0m                                                                      'disable_log_stats': True,
[36m(TaskRunner pid=109178)[0m                                                                      'dtype': 'bfloat16',
[36m(TaskRunner pid=109178)[0m                                                                      'enable_chunked_prefill': True,
[36m(TaskRunner pid=109178)[0m                                                                      'enable_prefix_caching': True,
[36m(TaskRunner pid=109178)[0m                                                                      'enforce_eager': True,
[36m(TaskRunner pid=109178)[0m                                                                      'engine_kwargs': {},
[36m(TaskRunner pid=109178)[0m                                                                      'expert_parallel_size': 1,
[36m(TaskRunner pid=109178)[0m                                                                      'free_cache_engine': True,
[36m(TaskRunner pid=109178)[0m                                                                      'gpu_memory_utilization': 0.5,
[36m(TaskRunner pid=109178)[0m                                                                      'limit_images': None,
[36m(TaskRunner pid=109178)[0m                                                                      'load_format': 'auto',
[36m(TaskRunner pid=109178)[0m                                                                      'max_model_len': None,
[36m(TaskRunner pid=109178)[0m                                                                      'max_num_batched_tokens': 8192,
[36m(TaskRunner pid=109178)[0m                                                                      'max_num_seqs': 1024,
[36m(TaskRunner pid=109178)[0m                                                                      'name': 'vllm',
[36m(TaskRunner pid=109178)[0m                                                                      'prompt_length': 1024,
[36m(TaskRunner pid=109178)[0m                                                                      'response_length': 2048,
[36m(TaskRunner pid=109178)[0m                                                                      'skip_tokenizer_init': True,
[36m(TaskRunner pid=109178)[0m                                                                      'temperature': 1.0,
[36m(TaskRunner pid=109178)[0m                                                                      'tensor_model_parallel_size': 2},
[36m(TaskRunner pid=109178)[0m                                                        'key': None,
[36m(TaskRunner pid=109178)[0m                                                        'model_path': None,
[36m(TaskRunner pid=109178)[0m                                                        'num_replicas': 0}}},
[36m(TaskRunner pid=109178)[0m  'global_profiler': {'_target_': 'verl.utils.profiler.ProfilerConfig',
[36m(TaskRunner pid=109178)[0m                      'global_tool_config': {'nsys': {'_target_': 'verl.utils.profiler.config.NsightToolConfig',
[36m(TaskRunner pid=109178)[0m                                                      'controller_nsight_options': {'cuda-graph-trace': 'graph',
[36m(TaskRunner pid=109178)[0m                                                                                    'cuda-memory-usage': 'true',
[36m(TaskRunner pid=109178)[0m                                                                                    'trace': 'cuda,nvtx,cublas,ucx'},
[36m(TaskRunner pid=109178)[0m                                                      'discrete': False,
[36m(TaskRunner pid=109178)[0m                                                      'worker_nsight_options': {'capture-range': 'cudaProfilerApi',
[36m(TaskRunner pid=109178)[0m                                                                                'capture-range-end': None,
[36m(TaskRunner pid=109178)[0m                                                                                'cuda-graph-trace': 'graph',
[36m(TaskRunner pid=109178)[0m                                                                                'cuda-memory-usage': 'true',
[36m(TaskRunner pid=109178)[0m                                                                                'kill': 'none',
[36m(TaskRunner pid=109178)[0m                                                                                'trace': 'cuda,nvtx,cublas,ucx'}},
[36m(TaskRunner pid=109178)[0m                                             'precision_debugger': {'_target_': 'verl.utils.profiler.config.PrecisionDebuggerToolConfig',
[36m(TaskRunner pid=109178)[0m                                                                    'config_path': None,
[36m(TaskRunner pid=109178)[0m                                                                    'stages': None,
[36m(TaskRunner pid=109178)[0m                                                                    'steps': None,
[36m(TaskRunner pid=109178)[0m                                                                    'strict': False},
[36m(TaskRunner pid=109178)[0m                                             'torch_memory': {'context': 'all',
[36m(TaskRunner pid=109178)[0m                                                              'kw_args': {},
[36m(TaskRunner pid=109178)[0m                                                              'stack_depth': 32,
[36m(TaskRunner pid=109178)[0m                                                              'stacks': 'all',
[36m(TaskRunner pid=109178)[0m                                                              'trace_alloc_max_entries': 100000}},
[36m(TaskRunner pid=109178)[0m                      'profile_continuous_steps': False,
[36m(TaskRunner pid=109178)[0m                      'save_path': 'outputs/profile',
[36m(TaskRunner pid=109178)[0m                      'steps': None,
[36m(TaskRunner pid=109178)[0m                      'tool': None},
[36m(TaskRunner pid=109178)[0m  'model_engine': 'dp',
[36m(TaskRunner pid=109178)[0m  'ray_kwargs': {'ray_init': {'num_cpus': None}, 'timeline_json_file': None},
[36m(TaskRunner pid=109178)[0m  'reward': {'_target_': 'verl.workers.config.RewardConfig',
[36m(TaskRunner pid=109178)[0m             'custom_reward_function': {'name': 'compute_score',
[36m(TaskRunner pid=109178)[0m                                        'path': '/home/hyin66/es-fine-tuning-paper/experiments/2026-07-24_es_improvement/es_bench/track_b/grpo_ood/reward_countdown.py'},
[36m(TaskRunner pid=109178)[0m             'num_workers': 8,
[36m(TaskRunner pid=109178)[0m             'reward_manager': {'_target_': 'verl.workers.config.reward.RewardManagerConfig',
[36m(TaskRunner pid=109178)[0m                                'module': {'_target_': 'verl.trainer.config.config.ModuleConfig',
[36m(TaskRunner pid=109178)[0m                                           'name': 'custom_reward_manager',
[36m(TaskRunner pid=109178)[0m                                           'path': None},
[36m(TaskRunner pid=109178)[0m                                'name': 'naive',
[36m(TaskRunner pid=109178)[0m                                'source': 'register'},
[36m(TaskRunner pid=109178)[0m             'reward_model': {'_target_': 'verl.workers.config.RewardModelConfig',
[36m(TaskRunner pid=109178)[0m                              'enable': False,
[36m(TaskRunner pid=109178)[0m                              'enable_resource_pool': False,
[36m(TaskRunner pid=109178)[0m                              'model_path': None,
[36m(TaskRunner pid=109178)[0m                              'n_gpus_per_node': 8,
[36m(TaskRunner pid=109178)[0m                              'nnodes': 0,
[36m(TaskRunner pid=109178)[0m                              'rollout': {'_target_': 'verl.workers.config.RolloutConfig',
[36m(TaskRunner pid=109178)[0m                                          'cudagraph_capture_sizes': None,
[36m(TaskRunner pid=109178)[0m                                          'data_parallel_size': 1,
[36m(TaskRunner pid=109178)[0m                                          'disable_log_stats': True,
[36m(TaskRunner pid=109178)[0m                                          'disaggregation': {'bootstrap_port': None,
[36m(TaskRunner pid=109178)[0m                                                             'decode_replicas': 1,
[36m(TaskRunner pid=109178)[0m                                                             'decode_tensor_model_parallel_size': None,
[36m(TaskRunner pid=109178)[0m                                                             'enabled': False,
[36m(TaskRunner pid=109178)[0m                                                             'ib_device': None,
[36m(TaskRunner pid=109178)[0m                                                             'prefill_replicas': 1,
[36m(TaskRunner pid=109178)[0m                                                             'transfer_backend': 'nixl'},
[36m(TaskRunner pid=109178)[0m                                          'do_sample': True,
[36m(TaskRunner pid=109178)[0m                                          'dtype': 'bfloat16',
[36m(TaskRunner pid=109178)[0m                                          'enable_chunked_prefill': True,
[36m(TaskRunner pid=109178)[0m                                          'enable_prefix_caching': True,
[36m(TaskRunner pid=109178)[0m                                          'enforce_eager': True,
[36m(TaskRunner pid=109178)[0m                                          'engine_kwargs': {},
[36m(TaskRunner pid=109178)[0m                                          'expert_parallel_size': 1,
[36m(TaskRunner pid=109178)[0m                                          'free_cache_engine': True,
[36m(TaskRunner pid=109178)[0m                                          'gpu_memory_utilization': 0.5,
[36m(TaskRunner pid=109178)[0m                                          'ignore_eos': False,
[36m(TaskRunner pid=109178)[0m                                          'layered_summon': False,
[36m(TaskRunner pid=109178)[0m                                          'limit_images': None,
[36m(TaskRunner pid=109178)[0m                                          'load_format': 'auto',
[36m(TaskRunner pid=109178)[0m                                          'max_model_len': None,
[36m(TaskRunner pid=109178)[0m                                          'max_num_batched_tokens': 8192,
[36m(TaskRunner pid=109178)[0m                                          'max_num_seqs': 1024,
[36m(TaskRunner pid=109178)[0m                                          'mtp': None,
[36m(TaskRunner pid=109178)[0m                                          'multi_stage_wake_up': False,
[36m(TaskRunner pid=109178)[0m                                          'n': 1,
[36m(TaskRunner pid=109178)[0m                                          'name': '???',
[36m(TaskRunner pid=109178)[0m /home/hyin66/micromamba/envs/verl/lib/python3.10/site-packages/verl/trainer/main_ppo.py:258: UserWarning: Disabled critic as algorithm.adv_estimator != gae. If it is not intended, please set critic.enable=True
[36m(TaskRunner pid=109178)[0m   use_critic=need_critic(config),
[36m(TaskRunner pid=109178)[0m Filtering prompts longer than 1024 tokens (num_proc=1):   0%|          | 0/1900 [00:00<?, ? examples/s]
[36m(TaskRunner pid=109178)[0m Filtering prompts longer than 1024 tokens (num_proc=1):  53%|█████▎    | 1000/1900 [00:00<00:00, 1796.98 examples/s]
[36m(TaskRunner pid=109178)[0m Filtering prompts longer than 1024 tokens (num_proc=1): 100%|██████████| 1900/1900 [00:00<00:00, 2945.74 examples/s]
[36m(TaskRunner pid=109178)[0m Filtering prompts longer than 1024 tokens (num_proc=1): 100%|██████████| 1900/1900 [00:00<00:00, 2280.09 examples/s]
[36m(TaskRunner pid=109178)[0m Filtering prompts longer than 1024 tokens (num_proc=1):   0%|          | 0/300 [00:00<?, ? examples/s]
[36m(TaskRunner pid=109178)[0m Filtering prompts longer than 1024 tokens (num_proc=1): 100%|██████████| 300/300 [00:00<00:00, 706.59 examples/s]
[36m(TaskRunner pid=109178)[0m Filtering prompts longer than 1024 tokens (num_proc=1): 100%|██████████| 300/300 [00:00<00:00, 568.27 examples/s]
[36m(TaskRunner pid=109178)[0m /home/hyin66/micromamba/envs/verl/lib/python3.10/site-packages/verl/trainer/main_ppo.py:299: FutureWarning: Warning: Class 'verl.trainer.ppo.ray_trainer.RayPPOTrainer' is deprecated. Please use 'main_ppo.py is deprecated, and wil be replaced by main_ppo_sync.py in v0.8.0, please use main_ppo_sync.py instead.' instead.
[36m(TaskRunner pid=109178)[0m   trainer = RayPPOTrainer(
[36m(TaskRunner pid=109178)[0m /home/hyin66/micromamba/envs/verl/lib/python3.10/site-packages/verl/trainer/ppo/ray_trainer.py:348: UserWarning: Disabled critic as algorithm.adv_estimator != gae. If it is not intended, please set critic.enable=True
[36m(TaskRunner pid=109178)[0m   self.use_critic = need_critic(self.config)
[36m(WorkerDict pid=109563)[0m /home/hyin66/micromamba/envs/verl/lib/python3.10/site-packages/verl/workers/engine/mindspeed/transformer_impl.py:24: UserWarning: NPU not support router replay for now.
[36m(WorkerDict pid=109563)[0m   from verl.utils.megatron.router_replay_patch import RouterReplay
[36m(WorkerDict pid=109563)[0m `torch_dtype` is deprecated! Use `dtype` instead!
[36m(WorkerDict pid=109563)[0m Flash Attention 2 only supports torch.float16 and torch.bfloat16 dtypes, but the current dype in Qwen2ForCausalLM is torch.float32. You should run training or inference using Automatic Mixed-Precision via the `with torch.autocast(device_type='torch_device'):` decorator, or load the model with the `dtype` argument. Example: `model = AutoModel.from_pretrained("openai/whisper-tiny", attn_implementation="flash_attention_2", dtype=torch.float16)`
[36m(WorkerDict pid=109563)[0m Flash Attention 2 only supports torch.float16 and torch.bfloat16 dtypes, but the current dype in Qwen2Model is torch.float32. You should run training or inference using Automatic Mixed-Precision via the `with torch.autocast(device_type='torch_device'):` decorator, or load the model with the `dtype` argument. Example: `model = AutoModel.from_pretrained("openai/whisper-tiny", attn_implementation="flash_attention_2", dtype=torch.float16)`
[36m(WorkerDict pid=109563)[0m Loading checkpoint shards:   0%|          | 0/2 [00:00<?, ?it/s]
[36m(WorkerDict pid=109563)[0m Loading checkpoint shards:  50%|█████     | 1/2 [00:01<00:01,  1.91s/it]
[36m(WorkerDict pid=109563)[0m Loading checkpoint shards: 100%|██████████| 2/2 [00:03<00:00,  1.61s/it]Loading checkpoint shards: 100%|██████████| 2/2 [00:03<00:00,  1.66s/it]
[36m(WorkerDict pid=109563)[0m /home/hyin66/micromamba/envs/verl/lib/python3.10/site-packages/torch/distributed/fsdp/_init_utils.py:430: UserWarning: FSDP is switching to use `NO_SHARD` instead of ShardingStrategy.FULL_SHARD since the world size is 1.
[36m(WorkerDict pid=109563)[0m   warnings.warn(
[36m(WorkerDict pid=109563)[0m /home/hyin66/micromamba/envs/verl/lib/python3.10/site-packages/torch/distributed/fsdp/fully_sharded_data_parallel.py:678: FutureWarning: FSDP.state_dict_type() and FSDP.set_state_dict_type() are being deprecated. Please use APIs, get_state_dict() and set_state_dict(), which can support different parallelisms, FSDP1, FSDP2, DDP. API doc: https://pytorch.org/docs/stable/distributed.checkpoint.html#torch.distributed.checkpoint.state_dict.get_state_dict .Tutorial: https://pytorch.org/tutorials/recipes/distributed_checkpoint_recipe.html .
[36m(WorkerDict pid=109563)[0m   warnings.warn(
[36m(WorkerDict pid=109563)[0m Loading checkpoint shards:   0%|          | 0/2 [00:00<?, ?it/s]
[36m(WorkerDict pid=109563)[0m Loading checkpoint shards:  50%|█████     | 1/2 [00:01<00:01,  1.84s/it]
[36m(WorkerDict pid=109563)[0m Loading checkpoint shards: 100%|██████████| 2/2 [00:02<00:00,  1.25s/it]Loading checkpoint shards: 100%|██████████| 2/2 [00:02<00:00,  1.34s/it]
[36m(WorkerDict pid=109563)[0m /home/hyin66/micromamba/envs/verl/lib/python3.10/site-packages/torch/distributed/fsdp/_init_utils.py:430: UserWarning: FSDP is switching to use `NO_SHARD` instead of ShardingStrategy.FULL_SHARD since the world size is 1.
[36m(WorkerDict pid=109563)[0m   warnings.warn(
[36m(WorkerDict pid=109563)[0m /home/hyin66/micromamba/envs/verl/lib/python3.10/site-packages/torch/distributed/fsdp/fully_sharded_data_parallel.py:678: FutureWarning: FSDP.state_dict_type() and FSDP.set_state_dict_type() are being deprecated. Please use APIs, get_state_dict() and set_state_dict(), which can support different parallelisms, FSDP1, FSDP2, DDP. API doc: https://pytorch.org/docs/stable/distributed.checkpoint.html#torch.distributed.checkpoint.state_dict.get_state_dict .Tutorial: https://pytorch.org/tutorials/recipes/distributed_checkpoint_recipe.html .
[36m(WorkerDict pid=109563)[0m   warnings.warn(
[36m(TaskRunner pid=109178)[0m                                          'pipeline_model_parallel_size': 1,
[36m(TaskRunner pid=109178)[0m                                          'prompt_length': 2048,
[36m(TaskRunner pid=109178)[0m                                          'quantization': None,
[36m(TaskRunner pid=109178)[0m                                          'quantization_config_file': None,
[36m(TaskRunner pid=109178)[0m                                          'response_length': 2048,
[36m(TaskRunner pid=109178)[0m                                          'scheduling_policy': 'fcfs',
[36m(TaskRunner pid=109178)[0m                                          'skip_tokenizer_init': False,
[36m(TaskRunner pid=109178)[0m                                          'temperature': 1.0,
[36m(TaskRunner pid=109178)[0m                                          'tensor_model_parallel_size': 2,
[36m(TaskRunner pid=109178)[0m                                          'top_k': -1,
[36m(TaskRunner pid=109178)[0m                                          'top_p': 1}},
[36m(TaskRunner pid=109178)[0m             'sandbox_fusion': {'_target_': 'verl.workers.config.SandboxFusionConfig',
[36m(TaskRunner pid=109178)[0m                                'max_concurrent': 64,
[36m(TaskRunner pid=109178)[0m                                'memory_limit_mb': 1024,
[36m(TaskRunner pid=109178)[0m                                'url': None}},
[36m(TaskRunner pid=109178)[0m  'trainer': {'balance_batch': True,
[36m(TaskRunner pid=109178)[0m              'critic_warmup': 0,
[36m(TaskRunner pid=109178)[0m              'default_hdfs_dir': None,
[36m(TaskRunner pid=109178)[0m              'default_local_dir': '/tmp/grpo_ckpt_grpo_full_3b_countdown',
[36m(TaskRunner pid=109178)[0m              'del_local_ckpt_after_load': False,
[36m(TaskRunner pid=109178)[0m              'device': 'cuda',
[36m(TaskRunner pid=109178)[0m              'esi_redundant_time': 0,
[36m(TaskRunner pid=109178)[0m              'experiment_name': 'grpo_full_3b_countdown',
[36m(TaskRunner pid=109178)[0m              'log_val_generations': 0,
[36m(TaskRunner pid=109178)[0m              'logger': ['console'],
[36m(TaskRunner pid=109178)[0m              'max_actor_ckpt_to_keep': None,
[36m(TaskRunner pid=109178)[0m              'max_critic_ckpt_to_keep': None,
[36m(TaskRunner pid=109178)[0m              'n_gpus_per_node': 1,
[36m(TaskRunner pid=109178)[0m              'nnodes': 1,
[36m(TaskRunner pid=109178)[0m              'project_name': 'a0_grpo_bench',
[36m(TaskRunner pid=109178)[0m              'ray_wait_register_center_timeout': 300,
[36m(TaskRunner pid=109178)[0m              'resume_from_path': None,
[36m(TaskRunner pid=109178)[0m              'resume_mode': 'auto',
[36m(TaskRunner pid=109178)[0m              'rollout_data_dir': None,
[36m(TaskRunner pid=109178)[0m              'save_freq': 100,
[36m(TaskRunner pid=109178)[0m              'test_freq': -1,
[36m(TaskRunner pid=109178)[0m              'total_epochs': 1000,
[36m(TaskRunner pid=109178)[0m              'total_training_steps': 100,
[36m(TaskRunner pid=109178)[0m              'val_before_train': False,
[36m(TaskRunner pid=109178)[0m              'val_only': False,
[36m(TaskRunner pid=109178)[0m              'validation_data_dir': None},
[36m(TaskRunner pid=109178)[0m  'transfer_queue': {'backend': {'MooncakeStore': {'auto_init': False,
[36m(TaskRunner pid=109178)[0m                                                   'device_name': '',
[36m(TaskRunner pid=109178)[0m                                                   'global_segment_size': 4294967296,
[36m(TaskRunner pid=109178)[0m                                                   'local_buffer_size': 1073741824,
[36m(TaskRunner pid=109178)[0m                                                   'local_hostname': 'localhost',
[36m(TaskRunner pid=109178)[0m                                                   'master_server_address': 'localhost:50124',
[36m(TaskRunner pid=109178)[0m                                                   'metadata_server': 'localhost:50123',
[36m(TaskRunner pid=109178)[0m                                                   'protocol': 'tcp'},
[36m(TaskRunner pid=109178)[0m                                 'SimpleStorage': {'num_data_storage_units': 8,
[36m(TaskRunner pid=109178)[0m                                                   'total_storage_size': 100000},
[36m(TaskRunner pid=109178)[0m                                 'storage_backend': 'SimpleStorage'},
[36m(TaskRunner pid=109178)[0m                     'enable': False,
[36m(TaskRunner pid=109178)[0m                     'metrics': {'enabled': False, 'port': 0}}}
[36m(TaskRunner pid=109178)[0m [validate_config] All configuration checks passed successfully!
[36m(TaskRunner pid=109178)[0m Using dataset class: RLHFDataset
[36m(TaskRunner pid=109178)[0m dataset len: 1900
[36m(TaskRunner pid=109178)[0m filter dataset len: 1900
[36m(TaskRunner pid=109178)[0m Using dataset class: RLHFDataset
[36m(TaskRunner pid=109178)[0m dataset len: 300
[36m(TaskRunner pid=109178)[0m filter dataset len: 300
[36m(TaskRunner pid=109178)[0m Size of train dataloader: 118, Size of val dataloader: 1
[36m(TaskRunner pid=109178)[0m Total training steps: 100
[36m(TaskRunner pid=109178)[0m colocated worker base class <class 'verl.single_controller.base.worker.Worker'>
[36m(WorkerDict pid=109563)[0m [Gloo] Rank 0 is connected to 0 peer ranks. Expected number of connected peer ranks is : 0
[36m(WorkerDict pid=109563)[0m Warning: Failed to set NUMA affinity: libnuma.so: cannot open shared object file: No such file or directory
[36m(WorkerDict pid=109563)[0m Monkey patch _flash_attention_forward in transformers.integrations.flash_attention
[36m(WorkerDict pid=109563)[0m Skipping monkey patch for Qwen2ForCausalLM as use_fused_kernels is False or fused_kernels_backend is torch
[36m(WorkerDict pid=109563)[0m Qwen2ForCausalLM contains 3.09B parameters
[36m(WorkerDict pid=109563)[0m Before FSDP, memory allocated (GB): 0.00, memory reserved (GB): 0.00, device memory used/total (GB): 0.51/139.80
[36m(WorkerDict pid=109563)[0m After FSDP, memory allocated (GB): 11.50, memory reserved (GB): 13.02, device memory used/total (GB): 14.16/139.80
[36m(WorkerDict pid=109563)[0m Warning: Failed to set NUMA affinity: libnuma.so: cannot open shared object file: No such file or directory
[36m(WorkerDict pid=109563)[0m Monkey patch _flash_attention_forward in transformers.integrations.flash_attention
[36m(WorkerDict pid=109563)[0m Skipping monkey patch for Qwen2ForCausalLM as use_fused_kernels is False or fused_kernels_backend is torch
[36m(WorkerDict pid=109563)[0m Qwen2ForCausalLM contains 3.09B parameters
[36m(WorkerDict pid=109563)[0m Before FSDP, memory allocated (GB): 11.50, memory reserved (GB): 13.02, device memory used/total (GB): 14.16/139.80
[36m(WorkerDict pid=109563)[0m After FSDP, memory allocated (GB): 22.99, memory reserved (GB): 24.59, device memory used/total (GB): 25.73/139.80
[36m(WorkerDict pid=109563)[0m Total steps: 100, num_warmup_steps: 0
[36m(WorkerDict pid=109563)[0m NCCL version 2.27.3+cuda12.9
[36m(WorkerDict pid=109563)[0m [Gloo] Rank 0 is connected to 0 peer ranks. Expected number of connected peer ranks is : 0
[36m(WorkerDict pid=109563)[0m [Gloo] Rank 0 is connected to 0 peer ranks. Expected number of connected peer ranks is : 0
[36m(WorkerDict pid=109563)[0m [Gloo] Rank 0 is connected to 0 peer ranks. Expected number of connected peer ranks is : 0
[36m(TaskRunner pid=109178)[0m WARNING 07-30 10:51:05 [api_server.py:1213] LoRA dynamic loading & unloading is enabled in the API server. This should ONLY be used for local development!
[36m(pid=110426)[0m WARNING 07-30 10:51:32 [api_server.py:1213] LoRA dynamic loading & unloading is enabled in the API server. This should ONLY be used for local development!
[36m(vLLMHttpServer pid=110426)[0m ['serve',
[36m(vLLMHttpServer pid=110426)[0m  '/tmp/qwen3b_rawtmpl',
[36m(vLLMHttpServer pid=110426)[0m  '--dtype',
[36m(vLLMHttpServer pid=110426)[0m WARNING:2026-07-30 10:51:34,375:agent loop only support torch and npu profiler, got None
[36m(vLLMHttpServer pid=110426)[0m INFO:2026-07-30 10:51:34,376:vLLMHttpServer, replica_rank: 0, node_rank: 0, CUDA_VISIBLE_DEVICES: 0, master_address: 10.233.74.138, master_port: 39825, data_parallel_rpc_port: 40103, data_parallel_master_port: 45783
[36m(vLLMHttpServer pid=110426)[0m INFO:2026-07-30 10:51:34,383:override_generation_config: {'temperature': 1.0, 'top_k': -1, 'top_p': 1, 'repetition_penalty': 1.0, 'max_new_tokens': 2048}
[36m(vLLMHttpServer pid=110426)[0m INFO:2026-07-30 10:51:34,383:enable_sleep_mode: True
[36m(vLLMHttpServer pid=110426)[0m `torch_dtype` is deprecated! Use `dtype` instead!
[36m(vLLMHttpServer pid=110426)[0m [1;36m(Worker pid=110936)[0;0m Capturing CUDA graphs (mixed prefill-decode, PIECEWISE):   0%|          | 0/67 [00:00<?, ?it/s]
[36m(vLLMHttpServer pid=110426)[0m Capturing CUDA graphs (mixed prefill-decode, PIECEWISE):   7%|▋         | 5/67 [00:00<00:01, 49.65it/s]
[36m(vLLMHttpServer pid=110426)[0m Capturing CUDA graphs (mixed prefill-decode, PIECEWISE):  15%|█▍        | 10/67 [00:00<00:01, 49.71it/s]
[36m(vLLMHttpServer pid=110426)[0m Capturing CUDA graphs (mixed prefill-decode, PIECEWISE):  24%|██▍       | 16/67 [00:00<00:00, 51.06it/s]
[36m(vLLMHttpServer pid=110426)[0m Capturing CUDA graphs (mixed prefill-decode, PIECEWISE):  33%|███▎      | 22/67 [00:00<00:00, 51.56it/s]
[36m(vLLMHttpServer pid=110426)[0m Capturing CUDA graphs (mixed prefill-decode, PIECEWISE):  42%|████▏     | 28/67 [00:00<00:00, 51.03it/s]
[36m(vLLMHttpServer pid=110426)[0m Capturing CUDA graphs (mixed prefill-decode, PIECEWISE):  51%|█████     | 34/67 [00:00<00:00, 50.13it/s]
[36m(vLLMHttpServer pid=110426)[0m Capturing CUDA graphs (mixed prefill-decode, PIECEWISE):  60%|█████▉    | 40/67 [00:00<00:00, 49.13it/s]
[36m(vLLMHttpServer pid=110426)[0m Capturing CUDA graphs (mixed prefill-decode, PIECEWISE):  67%|██████▋   | 45/67 [00:00<00:00, 48.82it/s]
[36m(vLLMHttpServer pid=110426)[0m Capturing CUDA graphs (mixed prefill-decode, PIECEWISE):  75%|███████▍  | 50/67 [00:01<00:00, 48.36it/s]
[36m(vLLMHttpServer pid=110426)[0m Capturing CUDA graphs (mixed prefill-decode, PIECEWISE):  82%|████████▏ | 55/67 [00:01<00:00, 46.88it/s]
[36m(vLLMHttpServer pid=110426)[0m Capturing CUDA graphs (mixed prefill-decode, PIECEWISE):  90%|████████▉ | 60/67 [00:01<00:00, 46.26it/s]
[36m(vLLMHttpServer pid=110426)[0m Capturing CUDA graphs (mixed prefill-decode, PIECEWISE):  97%|█████████▋| 65/67 [00:01<00:00, 47.15it/s]Capturing CUDA graphs (mixed prefill-decode, PIECEWISE): 100%|██████████| 67/67 [00:01<00:00, 48.40it/s]
[36m(vLLMHttpServer pid=110426)[0m [1;36m(Worker pid=110936)[0;0m Capturing CUDA graphs (decode, FULL):   0%|          | 0/67 [00:00<?, ?it/s]
[36m(vLLMHttpServer pid=110426)[0m Capturing CUDA graphs (decode, FULL):   7%|▋         | 5/67 [00:00<00:01, 45.13it/s]
[36m(vLLMHttpServer pid=110426)[0m Capturing CUDA graphs (decode, FULL):  18%|█▊        | 12/67 [00:00<00:01, 54.92it/s]
[36m(vLLMHttpServer pid=110426)[0m Capturing CUDA graphs (decode, FULL):  28%|██▊       | 19/67 [00:00<00:00, 58.46it/s]
[36m(vLLMHttpServer pid=110426)[0m Capturing CUDA graphs (decode, FULL):  39%|███▉      | 26/67 [00:00<00:00, 60.35it/s]
[36m(vLLMHttpServer pid=110426)[0m Capturing CUDA graphs (decode, FULL):  49%|████▉     | 33/67 [00:00<00:00, 62.66it/s]
[36m(vLLMHttpServer pid=110426)[0m Capturing CUDA graphs (decode, FULL):  60%|█████▉    | 40/67 [00:00<00:00, 63.92it/s]
[36m(vLLMHttpServer pid=110426)[0m Capturing CUDA graphs (decode, FULL):  70%|███████   | 47/67 [00:00<00:00, 65.76it/s]
[36m(vLLMHttpServer pid=110426)[0m Capturing CUDA graphs (decode, FULL):  82%|████████▏ | 55/67 [00:00<00:00, 67.42it/s]
[36m(vLLMHttpServer pid=110426)[0m Capturing CUDA graphs (decode, FULL):  94%|█████████▍| 63/67 [00:00<00:00, 68.84it/s]Capturing CUDA graphs (decode, FULL): 100%|██████████| 67/67 [00:01<00:00, 64.75it/s]
[36m(vLLMHttpServer pid=110426)[0m INFO:2026-07-30 10:52:38,933:Initializing a V1 LLM engine with config: model='/tmp/qwen3b_rawtmpl', speculative_config=None, tokenizer='/tmp/qwen3b_rawtmpl', skip_tokenizer_init=False, tokenizer_mode=auto, revision=None, tokenizer_revision=None, trust_remote_code=False, dtype=torch.bfloat16, max_seq_len=32768, download_dir=None, load_format=dummy, tensor_parallel_size=1, pipeline_parallel_size=1, data_parallel_size=1, disable_custom_all_reduce=False, quantization=None, enforce_eager=False, kv_cache_dtype=auto, device_config=cuda, structured_outputs_config=StructuredOutputsConfig(backend='auto', disable_fallback=False, disable_any_whitespace=False, disable_additional_properties=False, reasoning_parser=''), observability_config=ObservabilityConfig(show_hidden_metrics_for_version=None, otlp_traces_endpoint=None, collect_detailed_traces=None), seed=0, served_model_name=/tmp/qwen3b_rawtmpl, enable_prefix_caching=True, chunked_prefill_enabled=True, pooler_config=None, compilation_config={"level":3,"debug_dump_path":"","cache_dir":"","backend":"","custom_ops":[],"splitting_ops":["vllm.unified_attention","vllm.unified_attention_with_output","vllm.mamba_mixer2","vllm.mamba_mixer","vllm.short_conv","vllm.linear_attention","vllm.plamo2_mamba_mixer","vllm.gdn_attention","vllm.sparse_attn_indexer"],"use_inductor":true,"compile_sizes":[],"inductor_compile_config":{"enable_auto_functionalized_v2":false},"inductor_passes":{},"cudagraph_mode":[2,1],"use_cudagraph":true,"cudagraph_num_of_warmups":1,"cudagraph_capture_sizes":[512,504,496,488,480,472,464,456,448,440,432,424,416,408,400,392,384,376,368,360,352,344,336,328,320,312,304,296,288,280,272,264,256,248,240,232,224,216,208,200,192,184,176,168,160,152,144,136,128,120,112,104,96,88,80,72,64,56,48,40,32,24,16,8,4,2,1],"cudagraph_copy_inputs":false,"full_cuda_graph":false,"use_inductor_graph_partition":false,"pass_config":{},"max_capture_size":512,"local_cache_dir":null}
[36m(WorkerDict pid=109563)[0m /home/hyin66/micromamba/envs/verl/lib/python3.10/site-packages/torch/distributed/fsdp/_state_dict_utils.py:763: UserWarning: When using ``NO_SHARD`` for ``ShardingStrategy``, full_state_dict will be returned.
[36m(WorkerDict pid=109563)[0m   warnings.warn(
[36m(WorkerDict pid=109563)[0m /home/hyin66/micromamba/envs/verl/lib/python3.10/site-packages/torch/distributed/fsdp/_state_dict_utils.py:701: UserWarning: When using ``NO_SHARD`` for ``ShardingStrategy``, full_state_dict will be returned.
[36m(WorkerDict pid=109563)[0m   warnings.warn(
[36m(WorkerDict pid=109563)[0m INFO:2026-07-30 10:52:40,906:update_weights done, time cost: 0.50s
[36m(TaskRunner pid=109178)[0m Training Progress:   0%|          | 0/100 [00:00<?, ?it/s]
[36m(AgentLoopWorker pid=111364)[0m You're using a Qwen2TokenizerFast tokenizer. Please note that with a fast tokenizer, using the `__call__` method is faster than using a method to encode the text followed by a call to the `pad` method to get a padded encoding.
[36m(AgentLoopWorker pid=111366)[0m You're using a Qwen2TokenizerFast tokenizer. Please note that with a fast tokenizer, using the `__call__` method is faster than using a method to encode the text followed by a call to the `pad` method to get a padded encoding.
[36m(AgentLoopWorker pid=111367)[0m You're using a Qwen2TokenizerFast tokenizer. Please note that with a fast tokenizer, using the `__call__` method is faster than using a method to encode the text followed by a call to the `pad` method to get a padded encoding.
[36m(AgentLoopWorker pid=111365)[0m You're using a Qwen2TokenizerFast tokenizer. Please note that with a fast tokenizer, using the `__call__` method is faster than using a method to encode the text followed by a call to the `pad` method to get a padded encoding.
[36m(AgentLoopWorker pid=111362)[0m You're using a Qwen2TokenizerFast tokenizer. Please note that with a fast tokenizer, using the `__call__` method is faster than using a method to encode the text followed by a call to the `pad` method to get a padded encoding.
[36m(AgentLoopWorker pid=111371)[0m You're using a Qwen2TokenizerFast tokenizer. Please note that with a fast tokenizer, using the `__call__` method is faster than using a method to encode the text followed by a call to the `pad` method to get a padded encoding.
[36m(AgentLoopWorker pid=111363)[0m You're using a Qwen2TokenizerFast tokenizer. Please note that with a fast tokenizer, using the `__call__` method is faster than using a method to encode the text followed by a call to the `pad` method to get a padded encoding.
[36m(AgentLoopWorker pid=111368)[0m You're using a Qwen2TokenizerFast tokenizer. Please note that with a fast tokenizer, using the `__call__` method is faster than using a method to encode the text followed by a call to the `pad` method to get a padded encoding.
[36m(WorkerDict pid=109563)[0m INFO:2026-07-30 10:53:55,034:update_weights done, time cost: 0.57s
[36m(vLLMHttpServer pid=110426)[0m  'bfloat16',
[36m(vLLMHttpServer pid=110426)[0m  '--load_format',
[36m(vLLMHttpServer pid=110426)[0m  'dummy',
[36m(vLLMHttpServer pid=110426)[0m  '--distributed_executor_backend',
[36m(vLLMHttpServer pid=110426)[0m  'mp',
[36m(vLLMHttpServer pid=110426)[0m  '--worker_extension_cls',
[36m(vLLMHttpServer pid=110426)[0m  'verl.workers.rollout.vllm_rollout.utils.vLLMColocateWorkerExtension',
[36m(vLLMHttpServer pid=110426)[0m  '--max_model_len',
[36m(vLLMHttpServer pid=110426)[0m  '32768',
[36m(vLLMHttpServer pid=110426)[0m  '--max_num_seqs',
[36m(vLLMHttpServer pid=110426)[0m  '1024',
[36m(vLLMHttpServer pid=110426)[0m  '--enable_chunked_prefill',
[36m(vLLMHttpServer pid=110426)[0m  '--max_num_batched_tokens',
[36m(vLLMHttpServer pid=110426)[0m  '8192',
[36m(vLLMHttpServer pid=110426)[0m  '--enable_prefix_caching',
[36m(vLLMHttpServer pid=110426)[0m  '--enable_sleep_mode',
[36m(vLLMHttpServer pid=110426)[0m  '--logprobs_mode',
[36m(vLLMHttpServer pid=110426)[0m  'processed_logprobs',
[36m(vLLMHttpServer pid=110426)[0m  '--gpu_memory_utilization',
[36m(vLLMHttpServer pid=110426)[0m  '0.5',
[36m(vLLMHttpServer pid=110426)[0m  '--disable_log_stats',
[36m(vLLMHttpServer pid=110426)[0m  '--tensor_parallel_size',
[36m(vLLMHttpServer pid=110426)[0m  '1',
[36m(vLLMHttpServer pid=110426)[0m  '--seed',
[36m(vLLMHttpServer pid=110426)[0m  '0',
[36m(vLLMHttpServer pid=110426)[0m  '--override_generation_config',
[36m(vLLMHttpServer pid=110426)[0m  '{"temperature": 1.0, "top_k": -1, "top_p": 1, "repetition_penalty": 1.0, '
[36m(vLLMHttpServer pid=110426)[0m  '"max_new_tokens": 2048}',
[36m(vLLMHttpServer pid=110426)[0m  '--hf_overrides',
[36m(vLLMHttpServer pid=110426)[0m  '{}',
[36m(vLLMHttpServer pid=110426)[0m  '--scheduling_policy',
[36m(vLLMHttpServer pid=110426)[0m  'fcfs',
[36m(vLLMHttpServer pid=110426)[0m  '--compilation_config',
[36m(vLLMHttpServer pid=110426)[0m  '{"cudagraph_mode": "FULL_AND_PIECEWISE"}']
[36m(vLLMHttpServer pid=110426)[0m WARNING 07-30 10:51:34 [__init__.py:3036] We must use the `spawn` multiprocessing start method. Overriding VLLM_WORKER_MULTIPROC_METHOD to 'spawn'. See https://docs.vllm.ai/en/latest/usage/troubleshooting.html#python-multiprocessing for more information. Reasons: In a Ray actor and can only be spawned; CUDA is initialized
[36m(vLLMHttpServer pid=110426)[0m [Gloo] Rank 0 is connected to 0 peer ranks. Expected number of connected peer ranks is : 0
[36m(vLLMHttpServer pid=110426)[0m [Gloo] Rank 0 is connected to 0 peer ranks. Expected number of connected peer ranks is : 0
[36m(vLLMHttpServer pid=110426)[0m [Gloo] Rank 0 is connected to 0 peer ranks. Expected number of connected peer ranks is : 0
[36m(vLLMHttpServer pid=110426)[0m [Gloo] Rank 0 is connected to 0 peer ranks. Expected number of connected peer ranks is : 0
[36m(vLLMHttpServer pid=110426)[0m [Gloo] Rank 0 is connected to 0 peer ranks. Expected number of connected peer ranks is : 0
[36m(vLLMHttpServer pid=110426)[0m [Gloo] Rank 0 is connected to 0 peer ranks. Expected number of connected peer ranks is : 0
[36m(vLLMHttpServer pid=110426)[0m WARNING 07-30 10:52:38 [model.py:1389] Default sampling parameters have been overridden by the model's Hugging Face generation config recommended from the model creator. If this is not intended, please relaunch vLLM instance with `--generation-config vllm`.
[36m(TaskRunner pid=109178)[0m LLMServerManager: ['10.233.74.138:37845']
[36m(TaskRunner pid=109178)[0m Checkpoint tracker file does not exist: /tmp/grpo_ckpt_grpo_full_3b_countdown/latest_checkpointed_iteration.txt
[36m(TaskRunner pid=109178)[0m Training from scratch
[36m(WorkerDict pid=109563)[0m WARNING 07-30 10:52:40 [api_server.py:1213] LoRA dynamic loading & unloading is enabled in the API server. This should ONLY be used for local development!
[36m(AgentLoopWorker pid=111367)[0m Using dataset class: RLHFDataset
[36m(AgentLoopWorker pid=111364)[0m Using dataset class: RLHFDataset
[36m(AgentLoopWorker pid=111366)[0m Using dataset class: RLHFDataset
[36m(AgentLoopWorker pid=111365)[0m Using dataset class: RLHFDataset
[36m(AgentLoopWorker pid=111363)[0m Using dataset class: RLHFDataset
[36m(AgentLoopWorker pid=111362)[0m Using dataset class: RLHFDataset
[36m(AgentLoopWorker pid=111368)[0m Using dataset class: RLHFDataset
[36m(AgentLoopWorker pid=111371)[0m Using dataset class: RLHFDataset
[36m(GlobalRequestLoadBalancer pid=111369)[0m WARNING 07-30 10:53:06 [api_server.py:1213] LoRA dynamic loading & unloading is enabled in the API server. This should ONLY be used for local development!
[36m(AgentLoopWorker pid=111367)[0m WARNING 07-30 10:53:15 [api_server.py:1213] LoRA dynamic loading & unloading is enabled in the API server. This should ONLY be used for local development!
[36m(AgentLoopWorker pid=111364)[0m WARNING 07-30 10:53:15 [api_server.py:1213] LoRA dynamic loading & unloading is enabled in the API server. This should ONLY be used for local development!
[36m(AgentLoopWorker pid=111366)[0m WARNING 07-30 10:53:15 [api_server.py:1213] LoRA dynamic loading & unloading is enabled in the API server. This should ONLY be used for local development!
[36m(AgentLoopWorker pid=111365)[0m WARNING 07-30 10:53:15 [api_server.py:1213] LoRA dynamic loading & unloading is enabled in the API server. This should ONLY be used for local development!
[36m(AgentLoopWorker pid=111363)[0m WARNING 07-30 10:53:15 [api_server.py:1213] LoRA dynamic loading & unloading is enabled in the API server. This should ONLY be used for local development!
[36m(AgentLoopWorker pid=111362)[0m WARNING 07-30 10:53:15 [api_server.py:1213] LoRA dynamic loading & unloading is enabled in the API server. This should ONLY be used for local development!
[36m(AgentLoopWorker pid=111368)[0m WARNING 07-30 10:53:15 [api_server.py:1213] LoRA dynamic loading & unloading is enabled in the API server. This should ONLY be used for local development!
[36m(AgentLoopWorker pid=111371)[0m WARNING 07-30 10:53:15 [api_server.py:1213] LoRA dynamic loading & unloading is enabled in the API server. This should ONLY be used for local development!
[36m(TaskRunner pid=109178)[0m Training Progress:   1%|          | 1/100 [01:14<2:02:13, 74.08s/it]
[36m(WorkerDict pid=109563)[0m INFO:2026-07-30 10:54:21,663:update_weights done, time cost: 0.56s
[36m(TaskRunner pid=109178)[0m Training Progress:   2%|▏         | 2/100 [01:40<1:15:24, 46.17s/it]
[36m(WorkerDict pid=109563)[0m INFO:2026-07-30 10:54:49,072:update_weights done, time cost: 0.56s
[36m(TaskRunner pid=109178)[0m step:1 - global_seqlen/min:99230 - global_seqlen/max:99230 - global_seqlen/minmax_diff:0 - global_seqlen/balanced_min:99230 - global_seqlen/balanced_max:99230 - global_seqlen/mean:99230.0 - actor/entropy:0.9734058380126953 - perf/mfu/actor_infer:0.12276153355581053 - actor/pg_clipfrac:0.0006060294263079413 - actor/ppo_kl:-9.344311069980904e-05 - actor/pg_clipfrac_lower:0.0 - actor/pg_loss:0.06722793728113174 - actor/kl_loss:0.00042033280078612734 - actor/kl_coef:0.001 - actor/loss:0.06722835917025805 - actor/grad_norm:0.7039565145969391 - actor/perf/max_memory_allocated_gb:58.14175462722778 - actor/perf/max_memory_reserved_gb:70.72265625 - actor/perf/cpu_memory_used_gb:20.755538940429688 - actor/lr:1e-06 - perf/mfu/actor:0.2941963654781389 - training/global_step:1 - training/epoch:0 - critic/score/mean:0.1328125 - critic/score/max:1.0 - critic/score/min:0.0 - critic/rewards/mean:0.1328125 - critic/rewards/max:1.0 - critic/rewards/min:0.0 - critic/advantages/mean:-0.06647021323442459 - critic/advantages/max:2.4748666286468506 - critic/advantages/min:-1.6201815605163574 - critic/returns/mean:-0.06647021323442459 - critic/returns/max:2.4748666286468506 - critic/returns/min:-1.6201815605163574 - response_length/mean:652.109375 - response_length/max:2048.0 - response_length/min:108.0 - response_length/clip_ratio:0.0703125 - response_length_non_aborted/mean:652.109375 - response_length_non_aborted/max:2048.0 - response_length_non_aborted/min:108.0 - response_length_non_aborted/clip_ratio:0.0703125 - response/aborted_ratio:0.0 - prompt_length/mean:123.125 - prompt_length/max:125.0 - prompt_length/min:122.0 - prompt_length/clip_ratio:0.0 - num_turns/min:2 - num_turns/max:2 - num_turns/mean:2.0 - timing_s/start_profile:0.0002262881025671959 - timing_s/agent_loop/num_preempted/min:-1 - timing_s/agent_loop/num_preempted/max:-1 - timing_s/agent_loop/num_preempted/mean:-1.0 - timing_s/agent_loop/generate_sequences/min:15.680579422041774 - timing_s/agent_loop/generate_sequences/max:24.24911662377417 - timing_s/agent_loop/generate_sequences/mean:18.377715836169955 - timing_s/agent_loop/tool_calls/min:0.0 - timing_s/agent_loop/tool_calls/max:0.0 - timing_s/agent_loop/tool_calls/mean:0.0 - timing_s/agent_loop/compute_score/min:0.004873061552643776 - timing_s/agent_loop/compute_score/max:0.025257856585085392 - timing_s/agent_loop/compute_score/mean:0.007924100129457656 - timing_s/agent_loop/slowest/generate_sequences:24.24911662377417 - timing_s/agent_loop/slowest/tool_calls:0.0 - timing_s/agent_loop/slowest/compute_score:0.0072569167241454124 - timing_s/agent_loop/slowest/num_preempted:-1 - timing_s/agent_loop/slowest/prompt_length:125 - timing_s/agent_loop/slowest/response_length:2048 - timing_s/gen:43.19320364948362 - timing_s/reward:2.761930227279663e-05 - timing_s/old_log_prob:5.869267490692437 - timing_s/ref:16.23387390282005 - timing_s/adv:0.0038695214316248894 - timing_s/update_actor:7.279086850583553 - timing_s/update_weights:1.3130228649824858 - timing_s/step:73.95067547261715 - timing_s/stop_profile:8.095987141132355e-05 - timing_per_token_ms/gen:0.5174697933327378 - timing_per_token_ms/ref:0.16359844707064447 - timing_per_token_ms/adv:3.8995479508464065e-05 - timing_per_token_ms/update_actor:0.07335570745322537 - perf/total_num_tokens:99230 - perf/time_per_step:73.95067547261715 - perf/throughput:1341.8403464988419
[36m(TaskRunner pid=109178)[0m step:2 - global_seqlen/min:112054 - global_seqlen/max:112054 - global_seqlen/minmax_diff:0 - global_seqlen/balanced_min:112054 - global_seqlen/balanced_max:112054 - global_seqlen/mean:112054.0 - actor/entropy:0.9924819469451904 - perf/mfu/actor_infer:0.36015462196621795 - actor/pg_clipfrac:0.0003527267854224192 - actor/ppo_kl:-0.00016310277692355157 - actor/pg_clipfrac_lower:0.0 - actor/pg_loss:0.010303479313733988 - actor/kl_loss:0.0009463425012654625 - actor/kl_coef:0.001 - actor/loss:0.010304426774382591 - actor/grad_norm:0.4307117909193039 - actor/perf/max_memory_allocated_gb:66.46934700012207 - actor/perf/max_memory_reserved_gb:85.11328125 - actor/perf/cpu_memory_used_gb:20.80879783630371 - actor/lr:1e-06 - perf/mfu/actor:0.2946155967421502 - training/global_step:2 - training/epoch:0 - critic/score/mean:0.0546875 - critic/score/max:1.0 - critic/score/min:0.0 - critic/rewards/mean:0.0546875 - critic/rewards/max:1.0 - critic/rewards/min:0.0 - critic/advantages/mean:-0.009928926825523376 - critic/advantages/max:2.4748666286468506 - critic/advantages/min:-0.5400605201721191 - critic/returns/mean:-0.009928926825523376 - critic/returns/max:2.4748666286468506 - critic/returns/min:-0.5400605201721191 - response_length/mean:751.671875 - response_length/max:2048.0 - response_length/min:138.0 - response_length/clip_ratio:0.0859375 - response_length_non_aborted/mean:751.671875 - response_length_non_aborted/max:2048.0 - response_length_non_aborted/min:138.0 - response_length_non_aborted/clip_ratio:0.0859375 - response/aborted_ratio:0.0 - prompt_length/mean:123.75 - prompt_length/max:126.0 - prompt_length/min:122.0 - prompt_length/clip_ratio:0.0 - num_turns/min:2 - num_turns/max:2 - num_turns/mean:2.0 - timing_s/start_profile:0.00013396888971328735 - timing_s/agent_loop/num_preempted/min:-1 - timing_s/agent_loop/num_preempted/max:-1 - timing_s/agent_loop/num_preempted/mean:-1.0 - timing_s/agent_loop/generate_sequences/min:0.9020839957520366 - timing_s/agent_loop/generate_sequences/max:9.604149414226413 - timing_s/agent_loop/generate_sequences/mean:3.9973603783582803 - timing_s/agent_loop/tool_calls/min:0.0 - timing_s/agent_loop/tool_calls/max:0.0 - timing_s/agent_loop/tool_calls/mean:0.0 - timing_s/agent_loop/compute_score/min:0.004662073217332363 - timing_s/agent_loop/compute_score/max:0.015586684457957745 - timing_s/agent_loop/compute_score/mean:0.0062896000454202294 - timing_s/agent_loop/slowest/generate_sequences:9.604149414226413 - timing_s/agent_loop/slowest/tool_calls:0.0 - timing_s/agent_loop/slowest/compute_score:0.007173348218202591 - timing_s/agent_loop/slowest/num_preempted:-1 - timing_s/agent_loop/slowest/prompt_length:122 - timing_s/agent_loop/slowest/response_length:2048 - timing_s/gen:10.222652224823833 - timing_s/reward:1.6619451344013214e-05 - timing_s/old_log_prob:2.2893623569980264 - timing_s/ref:4.552398273721337 - timing_s/adv:0.0037430720403790474 - timing_s/update_actor:8.193726719357073 - timing_s/update_weights:1.3041114090010524 - timing_s/step:26.615646358579397 - timing_s/stop_profile:7.891934365034103e-05 - timing_per_token_ms/gen:0.10624911369264174 - timing_per_token_ms/ref:0.040626825224635774 - timing_per_token_ms/adv:3.3404180487792024e-05 - timing_per_token_ms/update_actor:0.07312301853889262 - perf/total_num_tokens:112054 - perf/time_per_step:26.615646358579397 - perf/throughput:4210.0799841699145
[36m(TaskRunner pid=109178)[0m Training Progress:   3%|▎         | 3/100 [02:08<1:00:47, 37.60s/it]
[36m(WorkerDict pid=109563)[0m INFO:2026-07-30 10:55:14,910:update_weights done, time cost: 0.55s
[36m(TaskRunner pid=109178)[0m Training Progress:   4%|▍         | 4/100 [02:33<52:44, 32.96s/it]  
[36m(WorkerDict pid=109563)[0m INFO:2026-07-30 10:55:42,202:update_weights done, time cost: 0.56s
[36m(TaskRunner pid=109178)[0m step:3 - global_seqlen/min:118761 - global_seqlen/max:118761 - global_seqlen/minmax_diff:0 - global_seqlen/balanced_min:118761 - global_seqlen/balanced_max:118761 - global_seqlen/mean:118761.0 - actor/entropy:0.9874860048294067 - perf/mfu/actor_infer:0.3616868791450299 - actor/pg_clipfrac:0.00022021051972842542 - actor/ppo_kl:-5.5124271511886036e-05 - actor/pg_clipfrac_lower:0.0 - actor/pg_loss:0.028879946970846504 - actor/kl_loss:0.0010106641511811176 - actor/kl_coef:0.001 - actor/loss:0.028880960308015347 - actor/grad_norm:0.41323766112327576 - actor/perf/max_memory_allocated_gb:67.58611249923706 - actor/perf/max_memory_reserved_gb:85.974609375 - actor/perf/cpu_memory_used_gb:20.84813690185547 - actor/lr:1e-06 - perf/mfu/actor:0.29637317855527573 - training/global_step:3 - training/epoch:0 - critic/score/mean:0.046875 - critic/score/max:1.0 - critic/score/min:0.0 - critic/rewards/mean:0.046875 - critic/rewards/max:1.0 - critic/rewards/min:0.0 - critic/advantages/mean:-0.029165862128138542 - critic/advantages/max:2.4748666286468506 - critic/advantages/min:-0.7245674133300781 - critic/returns/mean:-0.029165862128138542 - critic/returns/max:2.4748666286468506 - critic/returns/min:-0.7245674133300781 - response_length/mean:803.1328125 - response_length/max:2048.0 - response_length/min:142.0 - response_length/clip_ratio:0.09375 - response_length_non_aborted/mean:803.1328125 - response_length_non_aborted/max:2048.0 - response_length_non_aborted/min:142.0 - response_length_non_aborted/clip_ratio:0.09375 - response/aborted_ratio:0.0 - prompt_length/mean:124.6875 - prompt_length/max:138.0 - prompt_length/min:122.0 - prompt_length/clip_ratio:0.0 - num_turns/min:2 - num_turns/max:2 - num_turns/mean:2.0 - timing_s/start_profile:8.094869554042816e-05 - timing_s/agent_loop/num_preempted/min:-1 - timing_s/agent_loop/num_preempted/max:-1 - timing_s/agent_loop/num_preempted/mean:-1.0 - timing_s/agent_loop/generate_sequences/min:0.9057021196931601 - timing_s/agent_loop/generate_sequences/max:9.80347131472081 - timing_s/agent_loop/generate_sequences/mean:4.313514681751258 - timing_s/agent_loop/tool_calls/min:0.0 - timing_s/agent_loop/tool_calls/max:0.0 - timing_s/agent_loop/tool_calls/mean:0.0 - timing_s/agent_loop/compute_score/min:0.004801072180271149 - timing_s/agent_loop/compute_score/max:0.01966612320393324 - timing_s/agent_loop/compute_score/mean:0.006497668400697876 - timing_s/agent_loop/slowest/generate_sequences:9.801691391505301 - timing_s/agent_loop/slowest/tool_calls:0.0 - timing_s/agent_loop/slowest/compute_score:0.01068459264934063 - timing_s/agent_loop/slowest/num_preempted:-1 - timing_s/agent_loop/slowest/prompt_length:125 - timing_s/agent_loop/slowest/response_length:2048 - timing_s/gen:10.39336202852428 - timing_s/reward:1.5980564057826996e-05 - timing_s/old_log_prob:2.418285621330142 - timing_s/ref:4.594894098117948 - timing_s/adv:0.00375182181596756 - timing_s/update_actor:8.633556947112083 - timing_s/update_weights:1.3119819229468703 - timing_s/step:27.40560659300536 - timing_s/stop_profile:8.625909686088562e-05 - timing_per_token_ms/gen:0.10110175998797949 - timing_per_token_ms/ref:0.038690261096807434 - timing_per_token_ms/adv:3.159136261876845e-05 - timing_per_token_ms/update_actor:0.0726969034204165 - perf/total_num_tokens:118761 - perf/time_per_step:27.40560659300536 - perf/throughput:4333.456353062843
[36m(TaskRunner pid=109178)[0m step:4 - global_seqlen/min:104757 - global_seqlen/max:104757 - global_seqlen/minmax_diff:0 - global_seqlen/balanced_min:104757 - global_seqlen/balanced_max:104757 - global_seqlen/mean:104757.0 - actor/entropy:0.9819720387458801 - perf/mfu/actor_infer:0.3566738440693799 - actor/pg_clipfrac:0.00023833323029975872 - actor/ppo_kl:0.00024400804886681726 - actor/pg_clipfrac_lower:0.0 - actor/pg_loss:-0.010109237162396312 - actor/kl_loss:0.0014554577610397246 - actor/kl_coef:0.001 - actor/loss:-0.010107778944075108 - actor/grad_norm:0.6051228940486908 - actor/perf/max_memory_allocated_gb:67.58611249923706 - actor/perf/max_memory_reserved_gb:86.67578125 - actor/perf/cpu_memory_used_gb:20.868484497070312 - actor/lr:1e-06 - perf/mfu/actor:0.29245650808947166 - training/global_step:4 - training/epoch:0 - critic/score/mean:0.0703125 - critic/score/max:1.0 - critic/score/min:0.0 - critic/rewards/mean:0.0703125 - critic/rewards/max:1.0 - critic/rewards/min:0.0 - critic/advantages/mean:0.010298484936356544 - critic/advantages/max:2.4748666286468506 - critic/advantages/min:-0.7245674133300781 - critic/returns/mean:0.010298484936356544 - critic/returns/max:2.4748666286468506 - critic/returns/min:-0.7245674133300781 - response_length/mean:694.1015625 - response_length/max:2048.0 - response_length/min:148.0 - response_length/clip_ratio:0.078125 - response_length_non_aborted/mean:694.1015625 - response_length_non_aborted/max:2048.0 - response_length_non_aborted/min:148.0 - response_length_non_aborted/clip_ratio:0.078125 - response/aborted_ratio:0.0 - prompt_length/mean:124.3125 - prompt_length/max:126.0 - prompt_length/min:122.0 - prompt_length/clip_ratio:0.0 - num_turns/min:2 - num_turns/max:2 - num_turns/mean:2.0 - timing_s/start_profile:8.110888302326202e-05 - timing_s/agent_loop/num_preempted/min:-1 - timing_s/agent_loop/num_preempted/max:-1 - timing_s/agent_loop/num_preempted/mean:-1.0 - timing_s/agent_loop/generate_sequences/min:0.9965744195505977 - timing_s/agent_loop/generate_sequences/max:9.481971025466919 - timing_s/agent_loop/generate_sequences/mean:3.6866173008966143 - timing_s/agent_loop/tool_calls/min:0.0 - timing_s/agent_loop/tool_calls/max:0.0 - timing_s/agent_loop/tool_calls/mean:0.0 - timing_s/agent_loop/compute_score/min:0.0037092529237270355 - timing_s/agent_loop/compute_score/max:0.02057939488440752 - timing_s/agent_loop/compute_score/mean:0.006511627099826001 - timing_s/agent_loop/slowest/generate_sequences:9.481971025466919 - timing_s/agent_loop/slowest/tool_calls:0.0 - timing_s/agent_loop/slowest/compute_score:0.006597333587706089 - timing_s/agent_loop/slowest/num_preempted:-1 - timing_s/agent_loop/slowest/prompt_length:126 - timing_s/agent_loop/slowest/response_length:2048 - timing_s/gen:10.053668377920985 - timing_s/reward:1.7869286239147186e-05 - timing_s/old_log_prob:2.167392005212605 - timing_s/ref:4.527118284255266 - timing_s/adv:0.003628382459282875 - timing_s/update_actor:7.729851657524705 - timing_s/update_weights:1.3034895220771432 - timing_s/step:25.836431236937642 - timing_s/stop_profile:8.284859359264374e-05 - timing_per_token_ms/gen:0.11315964182476206 - timing_per_token_ms/ref:0.04321542507188318 - timing_per_token_ms/adv:3.4636181441649484e-05 - timing_per_token_ms/update_actor:0.07378840227884251 - perf/total_num_tokens:104757 - perf/time_per_step:25.836431236937642 - perf/throughput:4054.6234516410987
[36m(TaskRunner pid=109178)[0m Training Progress:   5%|▌         | 5/100 [03:01<48:58, 30.93s/it]
[36m(WorkerDict pid=109563)[0m INFO:2026-07-30 10:56:08,671:update_weights done, time cost: 0.54s
[36m(TaskRunner pid=109178)[0m Training Progress:   6%|▌         | 6/100 [03:27<46:02, 29.39s/it]
[36m(WorkerDict pid=109563)[0m INFO:2026-07-30 10:56:34,866:update_weights done, time cost: 0.56s
[36m(TaskRunner pid=109178)[0m step:5 - global_seqlen/min:113714 - global_seqlen/max:113714 - global_seqlen/minmax_diff:0 - global_seqlen/balanced_min:113714 - global_seqlen/balanced_max:113714 - global_seqlen/mean:113714.0 - actor/entropy:1.0254435539245605 - perf/mfu/actor_infer:0.36205811219577694 - actor/pg_clipfrac:0.00041820654269031365 - actor/ppo_kl:-0.00012020884730645776 - actor/pg_clipfrac_lower:0.0 - actor/pg_loss:0.07162850146414712 - actor/kl_loss:0.001710942593490472 - actor/kl_coef:0.001 - actor/loss:0.07163021247833967 - actor/grad_norm:0.47146137058734894 - actor/perf/max_memory_allocated_gb:67.89452838897705 - actor/perf/max_memory_reserved_gb:86.67578125 - actor/perf/cpu_memory_used_gb:21.05916976928711 - actor/lr:1e-06 - perf/mfu/actor:0.2941239850764593 - training/global_step:5 - training/epoch:0 - critic/score/mean:0.0625 - critic/score/max:1.0 - critic/score/min:0.0 - critic/rewards/mean:0.0625 - critic/rewards/max:1.0 - critic/rewards/min:0.0 - critic/advantages/mean:-0.07112160325050354 - critic/advantages/max:2.4748666286468506 - critic/advantages/min:-0.5400605201721191 - critic/returns/mean:-0.07112160325050354 - critic/returns/max:2.4748666286468506 - critic/returns/min:-0.5400605201721191 - response_length/mean:765.453125 - response_length/max:2048.0 - response_length/min:95.0 - response_length/clip_ratio:0.109375 - response_length_non_aborted/mean:765.453125 - response_length_non_aborted/max:2048.0 - response_length_non_aborted/min:95.0 - response_length_non_aborted/clip_ratio:0.109375 - response/aborted_ratio:0.0 - prompt_length/mean:122.9375 - prompt_length/max:125.0 - prompt_length/min:122.0 - prompt_length/clip_ratio:0.0 - num_turns/min:2 - num_turns/max:2 - num_turns/mean:2.0 - timing_s/start_profile:8.238852024078369e-05 - timing_s/agent_loop/num_preempted/min:-1 - timing_s/agent_loop/num_preempted/max:-1 - timing_s/agent_loop/num_preempted/mean:-1.0 - timing_s/agent_loop/generate_sequences/min:0.6861208723857999 - timing_s/agent_loop/generate_sequences/max:9.761421854607761 - timing_s/agent_loop/generate_sequences/mean:4.081492298289959 - timing_s/agent_loop/tool_calls/min:0.0 - timing_s/agent_loop/tool_calls/max:0.0 - timing_s/agent_loop/tool_calls/mean:0.0 - timing_s/agent_loop/compute_score/min:0.004715523682534695 - timing_s/agent_loop/compute_score/max:0.01259369496256113 - timing_s/agent_loop/compute_score/mean:0.006368448928697035 - timing_s/agent_loop/slowest/generate_sequences:9.761421854607761 - timing_s/agent_loop/slowest/tool_calls:0.0 - timing_s/agent_loop/slowest/compute_score:0.006359665654599667 - timing_s/agent_loop/slowest/num_preempted:-1 - timing_s/agent_loop/slowest/prompt_length:122 - timing_s/agent_loop/slowest/response_length:2048 - timing_s/gen:10.34580289479345 - timing_s/reward:1.7649494111537933e-05 - timing_s/old_log_prob:2.6698849061504006 - timing_s/ref:4.55534172616899 - timing_s/adv:0.003628663718700409 - timing_s/update_actor:8.345494234003127 - timing_s/update_weights:1.3674074755981565 - timing_s/step:27.337108525447547 - timing_s/stop_profile:8.547026664018631e-05 - timing_per_token_ms/gen:0.1055931218721902 - timing_per_token_ms/ref:0.040059638445301284 - timing_per_token_ms/adv:3.1910439512288805e-05 - timing_per_token_ms/update_actor:0.07339020906839198 - perf/total_num_tokens:113714 - perf/time_per_step:27.337108525447547 - perf/throughput:4159.693769154334
[36m(TaskRunner pid=109178)[0m step:6 - global_seqlen/min:109409 - global_seqlen/max:109409 - global_seqlen/minmax_diff:0 - global_seqlen/balanced_min:109409 - global_seqlen/balanced_max:109409 - global_seqlen/mean:109409.0 - actor/entropy:0.9857943058013916 - perf/mfu/actor_infer:0.3588254536864581 - actor/pg_clipfrac:0.00040472966475135763 - actor/ppo_kl:4.896712925983593e-05 - actor/pg_clipfrac_lower:0.0 - actor/pg_loss:0.06829274806659669 - actor/kl_loss:0.0022578969328606036 - actor/kl_coef:0.001 - actor/loss:0.06829501129686832 - actor/grad_norm:0.5484070628881454 - actor/perf/max_memory_allocated_gb:67.89452838897705 - actor/perf/max_memory_reserved_gb:86.91015625 - actor/perf/cpu_memory_used_gb:21.112104415893555 - actor/lr:1e-06 - perf/mfu/actor:0.29206406972843424 - training/global_step:6 - training/epoch:0 - critic/score/mean:0.109375 - critic/score/max:1.0 - critic/score/min:0.0 - critic/rewards/mean:0.109375 - critic/rewards/max:1.0 - critic/rewards/min:0.0 - critic/advantages/mean:-0.06880637258291245 - critic/advantages/max:2.4748666286468506 - critic/advantages/min:-0.7245674133300781 - critic/returns/mean:-0.06880637258291245 - critic/returns/max:2.4748666286468506 - critic/returns/min:-0.7245674133300781 - response_length/mean:731.6328125 - response_length/max:2048.0 - response_length/min:123.0 - response_length/clip_ratio:0.0625 - response_length_non_aborted/mean:731.6328125 - response_length_non_aborted/max:2048.0 - response_length_non_aborted/min:123.0 - response_length_non_aborted/clip_ratio:0.0625 - response/aborted_ratio:0.0 - prompt_length/mean:123.125 - prompt_length/max:125.0 - prompt_length/min:122.0 - prompt_length/clip_ratio:0.0 - num_turns/min:2 - num_turns/max:2 - num_turns/mean:2.0 - timing_s/start_profile:8.321832865476608e-05 - timing_s/agent_loop/num_preempted/min:-1 - timing_s/agent_loop/num_preempted/max:-1 - timing_s/agent_loop/num_preempted/mean:-1.0 - timing_s/agent_loop/generate_sequences/min:0.8345578471198678 - timing_s/agent_loop/generate_sequences/max:9.612589044496417 - timing_s/agent_loop/generate_sequences/mean:3.8974197085481137 - timing_s/agent_loop/tool_calls/min:0.0 - timing_s/agent_loop/tool_calls/max:0.0 - timing_s/agent_loop/tool_calls/mean:0.0 - timing_s/agent_loop/compute_score/min:0.004484785720705986 - timing_s/agent_loop/compute_score/max:0.020783153362572193 - timing_s/agent_loop/compute_score/mean:0.0065042717615142465 - timing_s/agent_loop/slowest/generate_sequences:9.612589044496417 - timing_s/agent_loop/slowest/tool_calls:0.0 - timing_s/agent_loop/slowest/compute_score:0.005702602677047253 - timing_s/agent_loop/slowest/num_preempted:-1 - timing_s/agent_loop/slowest/prompt_length:125 - timing_s/agent_loop/slowest/response_length:2048 - timing_s/gen:10.18321958836168 - timing_s/reward:4.2360275983810425e-05 - timing_s/old_log_prob:2.253015832044184 - timing_s/ref:4.546848041936755 - timing_s/adv:0.0036178436130285263 - timing_s/update_actor:8.081661253236234 - timing_s/update_weights:1.2715504448860884 - timing_s/step:26.389447231777012 - timing_s/stop_profile:8.098874241113663e-05 - timing_per_token_ms/gen:0.10873815618278551 - timing_per_token_ms/ref:0.04155826341468028 - timing_per_token_ms/adv:3.306714815991853e-05 - timing_per_token_ms/update_actor:0.07386651238231072 - perf/total_num_tokens:109409 - perf/time_per_step:26.389447231777012 - perf/throughput:4145.937542346643
[36m(TaskRunner pid=109178)[0m Training Progress:   7%|▋         | 7/100 [03:53<43:57, 28.36s/it]
[36m(WorkerDict pid=109563)[0m INFO:2026-07-30 10:57:04,151:update_weights done, time cost: 0.54s
[36m(TaskRunner pid=109178)[0m Training Progress:   8%|▊         | 8/100 [04:23<43:54, 28.64s/it]
[36m(WorkerDict pid=109563)[0m INFO:2026-07-30 10:57:30,924:update_weights done, time cost: 0.55s
[36m(TaskRunner pid=109178)[0m step:7 - global_seqlen/min:108090 - global_seqlen/max:108090 - global_seqlen/minmax_diff:0 - global_seqlen/balanced_min:108090 - global_seqlen/balanced_max:108090 - global_seqlen/mean:108090.0 - actor/entropy:0.9476931691169739 - perf/mfu/actor_infer:0.3595636773136388 - actor/pg_clipfrac:0.00029912863556091907 - actor/ppo_kl:-3.5617815228761174e-05 - actor/pg_clipfrac_lower:0.0 - actor/pg_loss:0.03474287682911381 - actor/kl_loss:0.003350190236233175 - actor/kl_coef:0.001 - actor/loss:0.03474622592329979 - actor/grad_norm:0.6515522003173828 - actor/perf/max_memory_allocated_gb:67.89452838897705 - actor/perf/max_memory_reserved_gb:86.91015625 - actor/perf/cpu_memory_used_gb:21.139860153198242 - actor/lr:1e-06 - perf/mfu/actor:0.29143402352863557 - training/global_step:7 - training/epoch:0 - critic/score/mean:0.09375 - critic/score/max:1.0 - critic/score/min:0.0 - critic/rewards/mean:0.09375 - critic/rewards/max:1.0 - critic/rewards/min:0.0 - critic/advantages/mean:-0.033773958683013916 - critic/advantages/max:2.4748666286468506 - critic/advantages/min:-0.935412585735321 - critic/returns/mean:-0.033773958683013916 - critic/returns/max:2.4748666286468506 - critic/returns/min:-0.935412585735321 - response_length/mean:721.703125 - response_length/max:2048.0 - response_length/min:128.0 - response_length/clip_ratio:0.0390625 - response_length_non_aborted/mean:721.703125 - response_length_non_aborted/max:2048.0 - response_length_non_aborted/min:128.0 - response_length_non_aborted/clip_ratio:0.0390625 - response/aborted_ratio:0.0 - prompt_length/mean:122.75 - prompt_length/max:125.0 - prompt_length/min:122.0 - prompt_length/clip_ratio:0.0 - num_turns/min:2 - num_turns/max:2 - num_turns/mean:2.0 - timing_s/start_profile:8.417945355176926e-05 - timing_s/agent_loop/num_preempted/min:-1 - timing_s/agent_loop/num_preempted/max:-1 - timing_s/agent_loop/num_preempted/mean:-1.0 - timing_s/agent_loop/generate_sequences/min:0.8486829744651914 - timing_s/agent_loop/generate_sequences/max:9.512741414830089 - timing_s/agent_loop/generate_sequences/mean:3.87789689971396 - timing_s/agent_loop/tool_calls/min:0.0 - timing_s/agent_loop/tool_calls/max:0.0 - timing_s/agent_loop/tool_calls/mean:0.0 - timing_s/agent_loop/compute_score/min:0.004132549278438091 - timing_s/agent_loop/compute_score/max:0.010159998200833797 - timing_s/agent_loop/compute_score/mean:0.006148448745079804 - timing_s/agent_loop/slowest/generate_sequences:9.512741414830089 - timing_s/agent_loop/slowest/tool_calls:0.0 - timing_s/agent_loop/slowest/compute_score:0.010159998200833797 - timing_s/agent_loop/slowest/num_preempted:-1 - timing_s/agent_loop/slowest/prompt_length:125 - timing_s/agent_loop/slowest/response_length:2048 - timing_s/gen:10.087462763302028 - timing_s/reward:1.7319805920124054e-05 - timing_s/old_log_prob:2.2216260749846697 - timing_s/ref:4.544444586150348 - timing_s/adv:0.003714422695338726 - timing_s/update_actor:7.99123758263886 - timing_s/update_weights:1.3201790610328317 - timing_s/step:26.218920320272446 - timing_s/stop_profile:8.37305560708046e-05 - timing_per_token_ms/gen:0.1091976743737906 - timing_per_token_ms/ref:0.042043154650294644 - timing_per_token_ms/adv:3.436416592967644e-05 - timing_per_token_ms/update_actor:0.07393133113737496 - perf/total_num_tokens:108090 - perf/time_per_step:26.218920320272446 - perf/throughput:4122.595388354909
[36m(TaskRunner pid=109178)[0m step:8 - global_seqlen/min:133000 - global_seqlen/max:133000 - global_seqlen/minmax_diff:0 - global_seqlen/balanced_min:133000 - global_seqlen/balanced_max:133000 - global_seqlen/mean:133000.0 - actor/entropy:1.0294815301895142 - perf/mfu/actor_infer:0.36584991699699976 - actor/pg_clipfrac:0.0002061684344880632 - actor/ppo_kl:0.00015459150688457157 - actor/pg_clipfrac_lower:0.0 - actor/pg_loss:0.038419212971348315 - actor/kl_loss:0.0038445680547738448 - actor/kl_coef:0.001 - actor/loss:0.03842305764555931 - actor/grad_norm:0.261952668428421 - actor/perf/max_memory_allocated_gb:68.38033294677734 - actor/perf/max_memory_reserved_gb:86.91015625 - actor/perf/cpu_memory_used_gb:21.19744110107422 - actor/lr:1e-06 - perf/mfu/actor:0.29792510282677587 - training/global_step:8 - training/epoch:0 - critic/score/mean:0.046875 - critic/score/max:1.0 - critic/score/min:0.0 - critic/rewards/mean:0.046875 - critic/rewards/max:1.0 - critic/rewards/min:0.0 - critic/advantages/mean:-0.0383424386382103 - critic/advantages/max:2.4748666286468506 - critic/advantages/min:-0.935412585735321 - critic/returns/mean:-0.0383424386382103 - critic/returns/max:2.4748666286468506 - critic/returns/min:-0.935412585735321 - response_length/mean:913.875 - response_length/max:2048.0 - response_length/min:159.0 - response_length/clip_ratio:0.140625 - response_length_non_aborted/mean:913.875 - response_length_non_aborted/max:2048.0 - response_length_non_aborted/min:159.0 - response_length_non_aborted/clip_ratio:0.140625 - response/aborted_ratio:0.0 - prompt_length/mean:125.1875 - prompt_length/max:140.0 - prompt_length/min:122.0 - prompt_length/clip_ratio:0.0 - num_turns/min:2 - num_turns/max:2 - num_turns/mean:2.0 - timing_s/start_profile:8.303951472043991e-05 - timing_s/agent_loop/num_preempted/min:-1 - timing_s/agent_loop/num_preempted/max:-1 - timing_s/agent_loop/num_preempted/mean:-1.0 - timing_s/agent_loop/generate_sequences/min:1.026374889537692 - timing_s/agent_loop/generate_sequences/max:10.355019693262875 - timing_s/agent_loop/generate_sequences/mean:4.995109751354903 - timing_s/agent_loop/tool_calls/min:0.0 - timing_s/agent_loop/tool_calls/max:0.0 - timing_s/agent_loop/tool_calls/mean:0.0 - timing_s/agent_loop/compute_score/min:0.004668453708291054 - timing_s/agent_loop/compute_score/max:0.014912890270352364 - timing_s/agent_loop/compute_score/mean:0.0066769489931175485 - timing_s/agent_loop/slowest/generate_sequences:10.355019693262875 - timing_s/agent_loop/slowest/tool_calls:0.0 - timing_s/agent_loop/slowest/compute_score:0.00557885505259037 - timing_s/agent_loop/slowest/num_preempted:-1 - timing_s/agent_loop/slowest/prompt_length:125 - timing_s/agent_loop/slowest/response_length:2048 - timing_s/gen:10.932967143133283 - timing_s/reward:1.8079765141010284e-05 - timing_s/old_log_prob:2.678851288743317 - timing_s/ref:4.678033514879644 - timing_s/adv:0.004214257933199406 - timing_s/update_actor:9.63266945257783 - timing_s/update_weights:1.2689034137874842 - timing_s/step:29.245344505645335 - timing_s/stop_profile:8.59992578625679e-05 - timing_per_token_ms/gen:0.09346333558279718 - timing_per_token_ms/ref:0.035173184322403336 - timing_per_token_ms/adv:3.168614987367974e-05 - timing_per_token_ms/update_actor:0.07242608610960774 - perf/total_num_tokens:133000 - perf/time_per_step:29.245344505645335 - perf/throughput:4547.732374098945
[36m(TaskRunner pid=109178)[0m Training Progress:   9%|▉         | 9/100 [04:49<42:33, 28.06s/it]
[36m(WorkerDict pid=109563)[0m INFO:2026-07-30 10:57:59,845:update_weights done, time cost: 0.55s
[36m(TaskRunner pid=109178)[0m Training Progress:  10%|█         | 10/100 [05:18<42:29, 28.32s/it]
[36m(WorkerDict pid=109563)[0m INFO:2026-07-30 10:58:28,740:update_weights done, time cost: 0.55s
[36m(TaskRunner pid=109178)[0m step:9 - global_seqlen/min:112668 - global_seqlen/max:112668 - global_seqlen/minmax_diff:0 - global_seqlen/balanced_min:112668 - global_seqlen/balanced_max:112668 - global_seqlen/mean:112668.0 - actor/entropy:0.992740273475647 - perf/mfu/actor_infer:0.36020342922699405 - actor/pg_clipfrac:0.0005684850902980543 - actor/ppo_kl:-5.654101130403433e-06 - actor/pg_clipfrac_lower:0.0 - actor/pg_loss:0.0660338681191206 - actor/kl_loss:0.005122838381794281 - actor/kl_coef:0.001 - actor/loss:0.06603898666799068 - actor/grad_norm:0.5038190186023712 - actor/perf/max_memory_allocated_gb:68.38033294677734 - actor/perf/max_memory_reserved_gb:87.28125 - actor/perf/cpu_memory_used_gb:21.189626693725586 - actor/lr:1e-06 - perf/mfu/actor:0.2939393816162076 - training/global_step:9 - training/epoch:0 - critic/score/mean:0.09375 - critic/score/max:1.0 - critic/score/min:0.0 - critic/rewards/mean:0.09375 - critic/rewards/max:1.0 - critic/rewards/min:0.0 - critic/advantages/mean:-0.0665782019495964 - critic/advantages/max:2.4748666286468506 - critic/advantages/min:-1.20761239528656 - critic/returns/mean:-0.0665782019495964 - critic/returns/max:2.4748666286468506 - critic/returns/min:-1.20761239528656 - response_length/mean:756.15625 - response_length/max:2048.0 - response_length/min:83.0 - response_length/clip_ratio:0.0859375 - response_length_non_aborted/mean:756.15625 - response_length_non_aborted/max:2048.0 - response_length_non_aborted/min:83.0 - response_length_non_aborted/clip_ratio:0.0859375 - response/aborted_ratio:0.0 - prompt_length/mean:124.0625 - prompt_length/max:140.0 - prompt_length/min:122.0 - prompt_length/clip_ratio:0.0 - num_turns/min:2 - num_turns/max:2 - num_turns/mean:2.0 - timing_s/start_profile:7.812865078449249e-05 - timing_s/agent_loop/num_preempted/min:-1 - timing_s/agent_loop/num_preempted/max:-1 - timing_s/agent_loop/num_preempted/mean:-1.0 - timing_s/agent_loop/generate_sequences/min:0.5748375244438648 - timing_s/agent_loop/generate_sequences/max:9.706943206489086 - timing_s/agent_loop/generate_sequences/mean:4.0180145745689515 - timing_s/agent_loop/tool_calls/min:0.0 - timing_s/agent_loop/tool_calls/max:0.0 - timing_s/agent_loop/tool_calls/mean:0.0 - timing_s/agent_loop/compute_score/min:0.0046346839517354965 - timing_s/agent_loop/compute_score/max:0.012008070014417171 - timing_s/agent_loop/compute_score/mean:0.006311818906397093 - timing_s/agent_loop/slowest/generate_sequences:9.705979375168681 - timing_s/agent_loop/slowest/tool_calls:0.0 - timing_s/agent_loop/slowest/compute_score:0.007744772359728813 - timing_s/agent_loop/slowest/num_preempted:-1 - timing_s/agent_loop/slowest/prompt_length:122 - timing_s/agent_loop/slowest/response_length:2048 - timing_s/gen:10.290711432695389 - timing_s/reward:1.65402889251709e-05 - timing_s/old_log_prob:2.3091662311926484 - timing_s/ref:4.565246004611254 - timing_s/adv:0.004023409448564053 - timing_s/update_actor:8.271945743821561 - timing_s/update_weights:1.2941722115501761 - timing_s/step:26.786683834157884 - timing_s/stop_profile:8.33701342344284e-05 - timing_per_token_ms/gen:0.10632218283976722 - timing_per_token_ms/ref:0.04051945543198827 - timing_per_token_ms/adv:3.571031214332421e-05 - timing_per_token_ms/update_actor:0.07341876791832251 - perf/total_num_tokens:112668 - perf/time_per_step:26.786683834157884 - perf/throughput:4206.119753290545
[36m(TaskRunner pid=109178)[0m step:10 - global_seqlen/min:125204 - global_seqlen/max:125204 - global_seqlen/minmax_diff:0 - global_seqlen/balanced_min:125204 - global_seqlen/balanced_max:125204 - global_seqlen/mean:125204.0 - actor/entropy:0.9466841220855713 - perf/mfu/actor_infer:0.36556876787624454 - actor/pg_clipfrac:0.0002068307226181787 - actor/ppo_kl:0.00013866882386537327 - actor/pg_clipfrac_lower:0.0 - actor/pg_loss:0.044496440212242305 - actor/kl_loss:0.005222810141276568 - actor/kl_coef:0.001 - actor/loss:0.04450166132301092 - actor/grad_norm:0.23320648074150085 - actor/perf/max_memory_allocated_gb:68.38033294677734 - actor/perf/max_memory_reserved_gb:87.28125 - actor/perf/cpu_memory_used_gb:21.2043399810791 - actor/lr:1e-06 - perf/mfu/actor:0.2965418916512561 - training/global_step:10 - training/epoch:0 - critic/score/mean:0.0234375 - critic/score/max:1.0 - critic/score/min:0.0 - critic/rewards/mean:0.0234375 - critic/rewards/max:1.0 - critic/rewards/min:0.0 - critic/advantages/mean:-0.044302329421043396 - critic/advantages/max:2.4748666286468506 - critic/advantages/min:-0.35355237126350403 - critic/returns/mean:-0.044302329421043396 - critic/returns/max:2.4748666286468506 - critic/returns/min:-0.35355237126350403 - response_length/mean:854.46875 - response_length/max:2048.0 - response_length/min:134.0 - response_length/clip_ratio:0.1484375 - response_length_non_aborted/mean:854.46875 - response_length_non_aborted/max:2048.0 - response_length_non_aborted/min:134.0 - response_length_non_aborted/clip_ratio:0.1484375 - response/aborted_ratio:0.0 - prompt_length/mean:123.6875 - prompt_length/max:125.0 - prompt_length/min:122.0 - prompt_length/clip_ratio:0.0 - num_turns/min:2 - num_turns/max:2 - num_turns/mean:2.0 - timing_s/start_profile:0.00014411937445402145 - timing_s/agent_loop/num_preempted/min:-1 - timing_s/agent_loop/num_preempted/max:-1 - timing_s/agent_loop/num_preempted/mean:-1.0 - timing_s/agent_loop/generate_sequences/min:0.8779777036979795 - timing_s/agent_loop/generate_sequences/max:10.295034590177238 - timing_s/agent_loop/generate_sequences/mean:4.554594732820988 - timing_s/agent_loop/tool_calls/min:0.0 - timing_s/agent_loop/tool_calls/max:0.0 - timing_s/agent_loop/tool_calls/mean:0.0 - timing_s/agent_loop/compute_score/min:0.004451706074178219 - timing_s/agent_loop/compute_score/max:0.020601664669811726 - timing_s/agent_loop/compute_score/mean:0.00661782271345146 - timing_s/agent_loop/slowest/generate_sequences:10.295034590177238 - timing_s/agent_loop/slowest/tool_calls:0.0 - timing_s/agent_loop/slowest/compute_score:0.0067534130066633224 - timing_s/agent_loop/slowest/num_preempted:-1 - timing_s/agent_loop/slowest/prompt_length:122 - timing_s/agent_loop/slowest/response_length:2048 - timing_s/gen:10.907594846561551 - timing_s/reward:1.8009915947914124e-05 - timing_s/old_log_prob:2.5308332731947303 - timing_s/ref:4.633048037067056 - timing_s/adv:0.003648223355412483 - timing_s/update_actor:9.48524368274957 - timing_s/update_weights:1.2800907120108604 - timing_s/step:28.890011311508715 - timing_s/stop_profile:8.418038487434387e-05 - timing_per_token_ms/gen:0.0997293168869688 - timing_per_token_ms/ref:0.037003993778689626 - timing_per_token_ms/adv:2.9138233246641346e-05 - timing_per_token_ms/update_actor:0.07575831189698068 - perf/total_num_tokens:125204 - perf/time_per_step:28.890011311508715 - perf/throughput:4333.816233229488
[36m(TaskRunner pid=109178)[0m Training Progress:  11%|█         | 11/100 [05:47<42:16, 28.50s/it]
[36m(WorkerDict pid=109563)[0m INFO:2026-07-30 10:58:59,706:update_weights done, time cost: 0.56s
[36m(TaskRunner pid=109178)[0m Training Progress:  12%|█▏        | 12/100 [06:18<42:54, 29.26s/it]
[36m(WorkerDict pid=109563)[0m INFO:2026-07-30 10:59:28,269:update_weights done, time cost: 0.56s
[36m(TaskRunner pid=109178)[0m step:11 - global_seqlen/min:128574 - global_seqlen/max:128574 - global_seqlen/minmax_diff:0 - global_seqlen/balanced_min:128574 - global_seqlen/balanced_max:128574 - global_seqlen/mean:128574.0 - actor/entropy:1.048086404800415 - perf/mfu/actor_infer:0.3659582136932183 - actor/pg_clipfrac:0.0005985317002341617 - actor/ppo_kl:0.0003195632161805406 - actor/pg_clipfrac_lower:3.263707549194805e-05 - actor/pg_loss:0.09198208880843595 - actor/kl_loss:0.006309531367151067 - actor/kl_coef:0.001 - actor/loss:0.09198839589953423 - actor/grad_norm:0.5835843682289124 - actor/perf/max_memory_allocated_gb:68.38033294677734 - actor/perf/max_memory_reserved_gb:87.28125 - actor/perf/cpu_memory_used_gb:21.21575355529785 - actor/lr:1e-06 - perf/mfu/actor:0.29704172795350325 - training/global_step:11 - training/epoch:0 - critic/score/mean:0.125 - critic/score/max:1.0 - critic/score/min:0.0 - critic/rewards/mean:0.125 - critic/rewards/max:1.0 - critic/rewards/min:0.0 - critic/advantages/mean:-0.09177480638027191 - critic/advantages/max:2.4748666286468506 - critic/advantages/min:-0.7245674133300781 - critic/returns/mean:-0.09177480638027191 - critic/returns/max:2.4748666286468506 - critic/returns/min:-0.7245674133300781 - response_length/mean:881.359375 - response_length/max:2048.0 - response_length/min:125.0 - response_length/clip_ratio:0.125 - response_length_non_aborted/mean:881.359375 - response_length_non_aborted/max:2048.0 - response_length_non_aborted/min:125.0 - response_length_non_aborted/clip_ratio:0.125 - response/aborted_ratio:0.0 - prompt_length/mean:123.125 - prompt_length/max:125.0 - prompt_length/min:119.0 - prompt_length/clip_ratio:0.0 - num_turns/min:2 - num_turns/max:2 - num_turns/mean:2.0 - timing_s/start_profile:8.144974708557129e-05 - timing_s/agent_loop/num_preempted/min:-1 - timing_s/agent_loop/num_preempted/max:-1 - timing_s/agent_loop/num_preempted/mean:-1.0 - timing_s/agent_loop/generate_sequences/min:0.7892634319141507 - timing_s/agent_loop/generate_sequences/max:10.19417305290699 - timing_s/agent_loop/generate_sequences/mean:4.799295640375931 - timing_s/agent_loop/tool_calls/min:0.0 - timing_s/agent_loop/tool_calls/max:0.0 - timing_s/agent_loop/tool_calls/mean:0.0 - timing_s/agent_loop/compute_score/min:0.004624413326382637 - timing_s/agent_loop/compute_score/max:0.027951651252806187 - timing_s/agent_loop/compute_score/mean:0.006792732012399938 - timing_s/agent_loop/slowest/generate_sequences:10.172401940450072 - timing_s/agent_loop/slowest/tool_calls:0.0 - timing_s/agent_loop/slowest/compute_score:0.027951651252806187 - timing_s/agent_loop/slowest/num_preempted:-1 - timing_s/agent_loop/slowest/prompt_length:125 - timing_s/agent_loop/slowest/response_length:2048 - timing_s/gen:10.970715742558241 - timing_s/reward:1.7220154404640198e-05 - timing_s/old_log_prob:2.5907103391364217 - timing_s/ref:4.6509629944339395 - timing_s/adv:0.003661923110485077 - timing_s/update_actor:9.339041757397354 - timing_s/update_weights:1.2826606258749962 - timing_s/step:28.887996884062886 - timing_s/stop_profile:7.979944348335266e-05 - timing_per_token_ms/gen:0.0972460487400344 - timing_per_token_ms/ref:0.03617343315471199 - timing_per_token_ms/adv:2.848105457157028e-05 - timing_per_token_ms/update_actor:0.07263553873564915 - perf/total_num_tokens:128574 - perf/time_per_step:28.887996884062886 - perf/throughput:4450.775888546725
[36m(TaskRunner pid=109178)[0m step:12 - global_seqlen/min:147688 - global_seqlen/max:147688 - global_seqlen/minmax_diff:0 - global_seqlen/balanced_min:147688 - global_seqlen/balanced_max:147688 - global_seqlen/mean:147688.0 - actor/entropy:1.0704646110534668 - perf/mfu/actor_infer:0.3698507750233073 - actor/pg_clipfrac:0.0003056143232242903 - actor/ppo_kl:2.6779333893500734e-05 - actor/pg_clipfrac_lower:0.0 - actor/pg_loss:0.09209899613051675 - actor/kl_loss:0.0058034760295413435 - actor/kl_coef:0.001 - actor/loss:0.09210479632019997 - actor/grad_norm:0.4220104068517685 - actor/perf/max_memory_allocated_gb:68.38935708999634 - actor/perf/max_memory_reserved_gb:87.28125 - actor/perf/cpu_memory_used_gb:21.228179931640625 - actor/lr:1e-06 - perf/mfu/actor:0.30164364477007133 - training/global_step:12 - training/epoch:0 - critic/score/mean:0.09375 - critic/score/max:1.0 - critic/score/min:0.0 - critic/rewards/mean:0.09375 - critic/rewards/max:1.0 - critic/rewards/min:0.0 - critic/advantages/mean:-0.0918959230184555 - critic/advantages/max:2.4748666286468506 - critic/advantages/min:-0.935412585735321 - critic/returns/mean:-0.0918959230184555 - critic/returns/max:2.4748666286468506 - critic/returns/min:-0.935412585735321 - response_length/mean:1030.0625 - response_length/max:2048.0 - response_length/min:128.0 - response_length/clip_ratio:0.1953125 - response_length_non_aborted/mean:1030.0625 - response_length_non_aborted/max:2048.0 - response_length_non_aborted/min:128.0 - response_length_non_aborted/clip_ratio:0.1953125 - response/aborted_ratio:0.0 - prompt_length/mean:123.75 - prompt_length/max:126.0 - prompt_length/min:122.0 - prompt_length/clip_ratio:0.0 - num_turns/min:2 - num_turns/max:2 - num_turns/mean:2.0 - timing_s/start_profile:7.928069680929184e-05 - timing_s/agent_loop/num_preempted/min:-1 - timing_s/agent_loop/num_preempted/max:-1 - timing_s/agent_loop/num_preempted/mean:-1.0 - timing_s/agent_loop/generate_sequences/min:0.826414318755269 - timing_s/agent_loop/generate_sequences/max:10.763979778625071 - timing_s/agent_loop/generate_sequences/mean:5.72282503144379 - timing_s/agent_loop/tool_calls/min:0.0 - timing_s/agent_loop/tool_calls/max:0.0 - timing_s/agent_loop/tool_calls/mean:0.0 - timing_s/agent_loop/compute_score/min:0.004174778237938881 - timing_s/agent_loop/compute_score/max:0.02598298154771328 - timing_s/agent_loop/compute_score/mean:0.007434027480485383 - timing_s/agent_loop/slowest/generate_sequences:10.758315005339682 - timing_s/agent_loop/slowest/tool_calls:0.0 - timing_s/agent_loop/slowest/compute_score:0.014015250839293003 - timing_s/agent_loop/slowest/num_preempted:-1 - timing_s/agent_loop/slowest/prompt_length:125 - timing_s/agent_loop/slowest/response_length:2048 - timing_s/gen:11.354076515883207 - timing_s/reward:1.73887237906456e-05 - timing_s/old_log_prob:2.942667892202735 - timing_s/ref:4.749222952872515 - timing_s/adv:0.003658343106508255 - timing_s/update_actor:10.572012913413346 - timing_s/update_weights:1.3174527799710631 - timing_s/step:30.988666197285056 - timing_s/stop_profile:8.095894008874893e-05 - timing_per_token_ms/gen:0.08611489378589897 - timing_per_token_ms/ref:0.03215713499317829 - timing_per_token_ms/adv:2.477075393063929e-05 - timing_per_token_ms/update_actor:0.07158342528447366 - perf/total_num_tokens:147688 - perf/time_per_step:30.988666197285056 - perf/throughput:4765.871466030992
[36m(TaskRunner pid=109178)[0m Training Progress:  13%|█▎        | 13/100 [06:47<42:06, 29.04s/it]
[36m(WorkerDict pid=109563)[0m INFO:2026-07-30 10:59:58,200:update_weights done, time cost: 0.55s
[36m(TaskRunner pid=109178)[0m Training Progress:  14%|█▍        | 14/100 [07:17<42:00, 29.31s/it]
[36m(WorkerDict pid=109563)[0m INFO:2026-07-30 11:00:27,790:update_weights done, time cost: 0.56s
[36m(TaskRunner pid=109178)[0m step:13 - global_seqlen/min:128601 - global_seqlen/max:128601 - global_seqlen/minmax_diff:0 - global_seqlen/balanced_min:128601 - global_seqlen/balanced_max:128601 - global_seqlen/mean:128601.0 - actor/entropy:0.9992168545722961 - perf/mfu/actor_infer:0.36671226651861394 - actor/pg_clipfrac:0.0006582939495274331 - actor/ppo_kl:0.00023724702055005764 - actor/pg_clipfrac_lower:0.0 - actor/pg_loss:0.09187794174067676 - actor/kl_loss:0.006950724928174168 - actor/kl_coef:0.001 - actor/loss:0.09188489988446236 - actor/grad_norm:0.5040315240621567 - actor/perf/max_memory_allocated_gb:68.38935708999634 - actor/perf/max_memory_reserved_gb:87.28125 - actor/perf/cpu_memory_used_gb:21.231550216674805 - actor/lr:1e-06 - perf/mfu/actor:0.29815554655806387 - training/global_step:13 - training/epoch:0 - critic/score/mean:0.171875 - critic/score/max:1.0 - critic/score/min:0.0 - critic/rewards/mean:0.171875 - critic/rewards/max:1.0 - critic/rewards/min:0.0 - critic/advantages/mean:-0.09161040931940079 - critic/advantages/max:2.4748666286468506 - critic/advantages/min:-1.6201815605163574 - critic/returns/mean:-0.09161040931940079 - critic/returns/max:2.4748666286468506 - critic/returns/min:-1.6201815605163574 - response_length/mean:881.0078125 - response_length/max:2048.0 - response_length/min:141.0 - response_length/clip_ratio:0.140625 - response_length_non_aborted/mean:881.0078125 - response_length_non_aborted/max:2048.0 - response_length_non_aborted/min:141.0 - response_length_non_aborted/clip_ratio:0.140625 - response/aborted_ratio:0.0 - prompt_length/mean:123.6875 - prompt_length/max:125.0 - prompt_length/min:122.0 - prompt_length/clip_ratio:0.0 - num_turns/min:2 - num_turns/max:2 - num_turns/mean:2.0 - timing_s/start_profile:7.974915206432343e-05 - timing_s/agent_loop/num_preempted/min:-1 - timing_s/agent_loop/num_preempted/max:-1 - timing_s/agent_loop/num_preempted/mean:-1.0 - timing_s/agent_loop/generate_sequences/min:0.9069639947265387 - timing_s/agent_loop/generate_sequences/max:10.085090546868742 - timing_s/agent_loop/generate_sequences/mean:4.746410539446515 - timing_s/agent_loop/tool_calls/min:0.0 - timing_s/agent_loop/tool_calls/max:0.0 - timing_s/agent_loop/tool_calls/mean:0.0 - timing_s/agent_loop/compute_score/min:0.004455436021089554 - timing_s/agent_loop/compute_score/max:0.03628535009920597 - timing_s/agent_loop/compute_score/mean:0.00721930772124324 - timing_s/agent_loop/slowest/generate_sequences:10.085090546868742 - timing_s/agent_loop/slowest/tool_calls:0.0 - timing_s/agent_loop/slowest/compute_score:0.0056688738986849785 - timing_s/agent_loop/slowest/num_preempted:-1 - timing_s/agent_loop/slowest/prompt_length:125 - timing_s/agent_loop/slowest/response_length:2048 - timing_s/gen:10.660399016924202 - timing_s/reward:1.773051917552948e-05 - timing_s/old_log_prob:2.580289989709854 - timing_s/ref:4.648777313530445 - timing_s/adv:0.0036395732313394547 - timing_s/update_actor:9.304481303319335 - timing_s/update_weights:1.3034558966755867 - timing_s/step:28.55106048937887 - timing_s/stop_profile:7.974915206432343e-05 - timing_per_token_ms/gen:0.09453306331460067 - timing_per_token_ms/ref:0.03614884264920525 - timing_per_token_ms/adv:2.8301282504330874e-05 - timing_per_token_ms/update_actor:0.0723515470588824 - perf/total_num_tokens:128601 - perf/time_per_step:28.55106048937887 - perf/throughput:4504.245999823375
[36m(TaskRunner pid=109178)[0m step:14 - global_seqlen/min:138382 - global_seqlen/max:138382 - global_seqlen/minmax_diff:0 - global_seqlen/balanced_min:138382 - global_seqlen/balanced_max:138382 - global_seqlen/mean:138382.0 - actor/entropy:0.9661973714828491 - perf/mfu/actor_infer:0.3699180009319052 - actor/pg_clipfrac:0.00040429350156045984 - actor/ppo_kl:0.0001364064503377449 - actor/pg_clipfrac_lower:0.0 - actor/pg_loss:0.09644619333266746 - actor/kl_loss:0.007135518622817472 - actor/kl_coef:0.001 - actor/loss:0.09645332768559456 - actor/grad_norm:0.49384310841560364 - actor/perf/max_memory_allocated_gb:68.38935708999634 - actor/perf/max_memory_reserved_gb:87.28125 - actor/perf/cpu_memory_used_gb:21.25395393371582 - actor/lr:1e-06 - perf/mfu/actor:0.2994708104299574 - training/global_step:14 - training/epoch:0 - critic/score/mean:0.15625 - critic/score/max:1.0 - critic/score/min:0.0 - critic/rewards/mean:0.15625 - critic/rewards/max:1.0 - critic/rewards/min:0.0 - critic/advantages/mean:-0.09615898132324219 - critic/advantages/max:2.4748666286468506 - critic/advantages/min:-0.935412585735321 - critic/returns/mean:-0.09615898132324219 - critic/returns/max:2.4748666286468506 - critic/returns/min:-0.935412585735321 - response_length/mean:958.171875 - response_length/max:2048.0 - response_length/min:131.0 - response_length/clip_ratio:0.1484375 - response_length_non_aborted/mean:958.171875 - response_length_non_aborted/max:2048.0 - response_length_non_aborted/min:131.0 - response_length_non_aborted/clip_ratio:0.1484375 - response/aborted_ratio:0.0 - prompt_length/mean:122.9375 - prompt_length/max:125.0 - prompt_length/min:122.0 - prompt_length/clip_ratio:0.0 - num_turns/min:2 - num_turns/max:2 - num_turns/mean:2.0 - timing_s/start_profile:7.648952305316925e-05 - timing_s/agent_loop/num_preempted/min:-1 - timing_s/agent_loop/num_preempted/max:-1 - timing_s/agent_loop/num_preempted/mean:-1.0 - timing_s/agent_loop/generate_sequences/min:0.865118476562202 - timing_s/agent_loop/generate_sequences/max:10.548777013085783 - timing_s/agent_loop/generate_sequences/mean:5.243136186618358 - timing_s/agent_loop/tool_calls/min:0.0 - timing_s/agent_loop/tool_calls/max:0.0 - timing_s/agent_loop/tool_calls/mean:0.0 - timing_s/agent_loop/compute_score/min:0.0047776224091649055 - timing_s/agent_loop/compute_score/max:0.020641515031456947 - timing_s/agent_loop/compute_score/mean:0.006881579305627383 - timing_s/agent_loop/slowest/generate_sequences:10.548777013085783 - timing_s/agent_loop/slowest/tool_calls:0.0 - timing_s/agent_loop/slowest/compute_score:0.0067839231342077255 - timing_s/agent_loop/slowest/num_preempted:-1 - timing_s/agent_loop/slowest/prompt_length:125 - timing_s/agent_loop/slowest/response_length:2048 - timing_s/gen:11.123285674490035 - timing_s/reward:1.7330050468444824e-05 - timing_s/old_log_prob:2.7577555775642395 - timing_s/ref:4.702384592033923 - timing_s/adv:0.003645343706011772 - timing_s/update_actor:9.98515572398901 - timing_s/update_weights:1.2934750951826572 - timing_s/step:29.91643433365971 - timing_s/stop_profile:8.33394005894661e-05 - timing_per_token_ms/gen:0.09069423931061783 - timing_per_token_ms/ref:0.03398118680199681 - timing_per_token_ms/adv:2.6342614689856862e-05 - timing_per_token_ms/update_actor:0.0721564634416977 - perf/total_num_tokens:138382 - perf/time_per_step:29.91643433365971 - perf/throughput:4625.618095278923
[36m(TaskRunner pid=109178)[0m Training Progress:  15%|█▌        | 15/100 [07:46<41:38, 29.39s/it]
[36m(WorkerDict pid=109563)[0m INFO:2026-07-30 11:00:56,267:update_weights done, time cost: 0.56s
[36m(TaskRunner pid=109178)[0m Training Progress:  16%|█▌        | 16/100 [08:15<40:46, 29.12s/it]
[36m(WorkerDict pid=109563)[0m INFO:2026-07-30 11:01:24,919:update_weights done, time cost: 0.56s
[36m(TaskRunner pid=109178)[0m step:15 - global_seqlen/min:133999 - global_seqlen/max:133999 - global_seqlen/minmax_diff:0 - global_seqlen/balanced_min:133999 - global_seqlen/balanced_max:133999 - global_seqlen/mean:133999.0 - actor/entropy:1.0138887166976929 - perf/mfu/actor_infer:0.3665064531683024 - actor/pg_clipfrac:0.00025071287927858066 - actor/ppo_kl:0.00014582505355065223 - actor/pg_clipfrac_lower:0.0 - actor/pg_loss:0.10304354744584998 - actor/kl_loss:0.007749798824079335 - actor/kl_coef:0.001 - actor/loss:0.10305129364132881 - actor/grad_norm:0.4215608835220337 - actor/perf/max_memory_allocated_gb:68.38935708999634 - actor/perf/max_memory_reserved_gb:87.28125 - actor/perf/cpu_memory_used_gb:21.276796340942383 - actor/lr:1e-06 - perf/mfu/actor:0.2975218194584396 - training/global_step:15 - training/epoch:0 - critic/score/mean:0.1328125 - critic/score/max:1.0 - critic/score/min:0.0 - critic/rewards/mean:0.1328125 - critic/rewards/max:1.0 - critic/rewards/min:0.0 - critic/advantages/mean:-0.10274119675159454 - critic/advantages/max:2.4748666286468506 - critic/advantages/min:-1.20761239528656 - critic/returns/mean:-0.10274119675159454 - critic/returns/max:2.4748666286468506 - critic/returns/min:-1.20761239528656 - response_length/mean:922.8046875 - response_length/max:2048.0 - response_length/min:137.0 - response_length/clip_ratio:0.1328125 - response_length_non_aborted/mean:922.8046875 - response_length_non_aborted/max:2048.0 - response_length_non_aborted/min:137.0 - response_length_non_aborted/clip_ratio:0.1328125 - response/aborted_ratio:0.0 - prompt_length/mean:124.0625 - prompt_length/max:125.0 - prompt_length/min:122.0 - prompt_length/clip_ratio:0.0 - num_turns/min:2 - num_turns/max:2 - num_turns/mean:2.0 - timing_s/start_profile:7.60890543460846e-05 - timing_s/agent_loop/num_preempted/min:-1 - timing_s/agent_loop/num_preempted/max:-1 - timing_s/agent_loop/num_preempted/mean:-1.0 - timing_s/agent_loop/generate_sequences/min:0.8579554334282875 - timing_s/agent_loop/generate_sequences/max:10.327167727984488 - timing_s/agent_loop/generate_sequences/mean:5.059523809286475 - timing_s/agent_loop/tool_calls/min:0.0 - timing_s/agent_loop/tool_calls/max:0.0 - timing_s/agent_loop/tool_calls/mean:0.0 - timing_s/agent_loop/compute_score/min:0.004617984406650066 - timing_s/agent_loop/compute_score/max:0.02633649855852127 - timing_s/agent_loop/compute_score/mean:0.006866177202027757 - timing_s/agent_loop/slowest/generate_sequences:10.311368185095489 - timing_s/agent_loop/slowest/tool_calls:0.0 - timing_s/agent_loop/slowest/compute_score:0.02633649855852127 - timing_s/agent_loop/slowest/num_preempted:-1 - timing_s/agent_loop/slowest/prompt_length:125 - timing_s/agent_loop/slowest/response_length:2048 - timing_s/gen:11.143047760240734 - timing_s/reward:1.670047640800476e-05 - timing_s/old_log_prob:2.693627119064331 - timing_s/ref:4.677377048879862 - timing_s/adv:0.0036265235394239426 - timing_s/update_actor:9.719951483421028 - timing_s/update_weights:1.2942026956006885 - timing_s/step:29.58195082563907 - timing_s/stop_profile:7.94585794210434e-05 - timing_per_token_ms/gen:0.09433747119634212 - timing_per_token_ms/ref:0.03490605936521811 - timing_per_token_ms/adv:2.7063810471898617e-05 - timing_per_token_ms/update_actor:0.07253749269338598 - perf/total_num_tokens:133999 - perf/time_per_step:29.58195082563907 - perf/throughput:4529.7553494633385
[36m(TaskRunner pid=109178)[0m step:16 - global_seqlen/min:123856 - global_seqlen/max:123856 - global_seqlen/minmax_diff:0 - global_seqlen/balanced_min:123856 - global_seqlen/balanced_max:123856 - global_seqlen/mean:123856.0 - actor/entropy:1.0341795682907104 - perf/mfu/actor_infer:0.3642235840795329 - actor/pg_clipfrac:0.0006081055726099294 - actor/ppo_kl:-4.290609922463773e-05 - actor/pg_clipfrac_lower:0.0 - actor/pg_loss:0.1193278708960861 - actor/kl_loss:0.008720591838937253 - actor/kl_coef:0.001 - actor/loss:0.11933660507202148 - actor/grad_norm:0.6880320310592651 - actor/perf/max_memory_allocated_gb:68.38935708999634 - actor/perf/max_memory_reserved_gb:87.28125 - actor/perf/cpu_memory_used_gb:21.22597885131836 - actor/lr:1e-06 - perf/mfu/actor:0.2957575968118189 - training/global_step:16 - training/epoch:0 - critic/score/mean:0.25 - critic/score/max:1.0 - critic/score/min:0.0 - critic/rewards/mean:0.25 - critic/rewards/max:1.0 - critic/rewards/min:0.0 - critic/advantages/mean:-0.11961708217859268 - critic/advantages/max:2.4748666286468506 - critic/advantages/min:-1.20761239528656 - critic/returns/mean:-0.11961708217859268 - critic/returns/max:2.4748666286468506 - critic/returns/min:-1.20761239528656 - response_length/mean:843.75 - response_length/max:2048.0 - response_length/min:124.0 - response_length/clip_ratio:0.125 - response_length_non_aborted/mean:843.75 - response_length_non_aborted/max:2048.0 - response_length_non_aborted/min:124.0 - response_length_non_aborted/clip_ratio:0.125 - response/aborted_ratio:0.0 - prompt_length/mean:123.875 - prompt_length/max:137.0 - prompt_length/min:122.0 - prompt_length/clip_ratio:0.0 - num_turns/min:2 - num_turns/max:2 - num_turns/mean:2.0 - timing_s/start_profile:7.704924792051315e-05 - timing_s/agent_loop/num_preempted/min:-1 - timing_s/agent_loop/num_preempted/max:-1 - timing_s/agent_loop/num_preempted/mean:-1.0 - timing_s/agent_loop/generate_sequences/min:0.7880367618054152 - timing_s/agent_loop/generate_sequences/max:9.994596765376627 - timing_s/agent_loop/generate_sequences/mean:4.519799603491265 - timing_s/agent_loop/tool_calls/min:0.0 - timing_s/agent_loop/tool_calls/max:0.0 - timing_s/agent_loop/tool_calls/mean:0.0 - timing_s/agent_loop/compute_score/min:0.004655833356082439 - timing_s/agent_loop/compute_score/max:0.01549958623945713 - timing_s/agent_loop/compute_score/mean:0.006536135872011073 - timing_s/agent_loop/slowest/generate_sequences:9.994596765376627 - timing_s/agent_loop/slowest/tool_calls:0.0 - timing_s/agent_loop/slowest/compute_score:0.005938911810517311 - timing_s/agent_loop/slowest/num_preempted:-1 - timing_s/agent_loop/slowest/prompt_length:125 - timing_s/agent_loop/slowest/response_length:2048 - timing_s/gen:10.578331431373954 - timing_s/reward:1.737009733915329e-05 - timing_s/old_log_prob:2.873583442531526 - timing_s/ref:4.618680318817496 - timing_s/adv:0.003634713590145111 - timing_s/update_actor:9.044699256308377 - timing_s/update_weights:1.3137407889589667 - timing_s/step:28.482450579293072 - timing_s/stop_profile:9.947922080755234e-05 - timing_per_token_ms/gen:0.09794751325346253 - timing_per_token_ms/ref:0.037290727286667553 - timing_per_token_ms/adv:2.9346285929992177e-05 - timing_per_token_ms/update_actor:0.07302592733745944 - perf/total_num_tokens:123856 - perf/time_per_step:28.482450579293072 - perf/throughput:4348.502234918091
[36m(TaskRunner pid=109178)[0m Training Progress:  17%|█▋        | 17/100 [08:43<40:05, 28.98s/it]
[36m(WorkerDict pid=109563)[0m INFO:2026-07-30 11:01:54,820:update_weights done, time cost: 0.58s
[36m(TaskRunner pid=109178)[0m Training Progress:  18%|█▊        | 18/100 [09:13<39:59, 29.26s/it]
[36m(WorkerDict pid=109563)[0m INFO:2026-07-30 11:02:23,946:update_weights done, time cost: 0.58s
[36m(TaskRunner pid=109178)[0m step:17 - global_seqlen/min:125318 - global_seqlen/max:125318 - global_seqlen/minmax_diff:0 - global_seqlen/balanced_min:125318 - global_seqlen/balanced_max:125318 - global_seqlen/mean:125318.0 - actor/entropy:0.9570366144180298 - perf/mfu/actor_infer:0.3647101048326136 - actor/pg_clipfrac:0.00036594662924471777 - actor/ppo_kl:7.544839900219813e-05 - actor/pg_clipfrac_lower:0.0 - actor/pg_loss:0.07217883825069293 - actor/kl_loss:0.010041459696367383 - actor/kl_coef:0.001 - actor/loss:0.07218888401985168 - actor/grad_norm:0.46751026809215546 - actor/perf/max_memory_allocated_gb:68.38935708999634 - actor/perf/max_memory_reserved_gb:87.28125 - actor/perf/cpu_memory_used_gb:21.25189208984375 - actor/lr:1e-06 - perf/mfu/actor:0.29584742562209687 - training/global_step:17 - training/epoch:0 - critic/score/mean:0.15625 - critic/score/max:1.0 - critic/score/min:0.0 - critic/rewards/mean:0.15625 - critic/rewards/max:1.0 - critic/rewards/min:0.0 - critic/advantages/mean:-0.0722038596868515 - critic/advantages/max:2.4748666286468506 - critic/advantages/min:-1.20761239528656 - critic/returns/mean:-0.0722038596868515 - critic/returns/max:2.4748666286468506 - critic/returns/min:-1.20761239528656 - response_length/mean:855.234375 - response_length/max:2048.0 - response_length/min:148.0 - response_length/clip_ratio:0.171875 - response_length_non_aborted/mean:855.234375 - response_length_non_aborted/max:2048.0 - response_length_non_aborted/min:148.0 - response_length_non_aborted/clip_ratio:0.171875 - response/aborted_ratio:0.0 - prompt_length/mean:123.8125 - prompt_length/max:125.0 - prompt_length/min:122.0 - prompt_length/clip_ratio:0.0 - num_turns/min:2 - num_turns/max:2 - num_turns/mean:2.0 - timing_s/start_profile:7.582921534776688e-05 - timing_s/agent_loop/num_preempted/min:-1 - timing_s/agent_loop/num_preempted/max:-1 - timing_s/agent_loop/num_preempted/mean:-1.0 - timing_s/agent_loop/generate_sequences/min:0.9186982624232769 - timing_s/agent_loop/generate_sequences/max:10.138394045643508 - timing_s/agent_loop/generate_sequences/mean:4.55750473083026 - timing_s/agent_loop/tool_calls/min:0.0 - timing_s/agent_loop/tool_calls/max:0.0 - timing_s/agent_loop/tool_calls/mean:0.0 - timing_s/agent_loop/compute_score/min:0.004372065886855125 - timing_s/agent_loop/compute_score/max:0.020288879051804543 - timing_s/agent_loop/compute_score/mean:0.006793090316932648 - timing_s/agent_loop/slowest/generate_sequences:10.138394045643508 - timing_s/agent_loop/slowest/tool_calls:0.0 - timing_s/agent_loop/slowest/compute_score:0.005812922492623329 - timing_s/agent_loop/slowest/num_preempted:-1 - timing_s/agent_loop/slowest/prompt_length:125 - timing_s/agent_loop/slowest/response_length:2048 - timing_s/gen:10.958216107450426 - timing_s/reward:1.693982630968094e-05 - timing_s/old_log_prob:2.5373866567388177 - timing_s/ref:4.630539335310459 - timing_s/adv:0.003634474240243435 - timing_s/update_actor:9.157724145799875 - timing_s/update_weights:1.3051441526040435 - timing_s/step:28.642818705178797 - timing_s/stop_profile:8.715875446796417e-05 - timing_per_token_ms/gen:0.1001024582757872 - timing_per_token_ms/ref:0.036950313085992906 - timing_per_token_ms/adv:2.9002012801380766e-05 - timing_per_token_ms/update_actor:0.07307588810705465 - perf/total_num_tokens:125318 - perf/time_per_step:28.642818705178797 - perf/throughput:4375.1978913074545
[36m(TaskRunner pid=109178)[0m step:18 - global_seqlen/min:136980 - global_seqlen/max:136980 - global_seqlen/minmax_diff:0 - global_seqlen/balanced_min:136980 - global_seqlen/balanced_max:136980 - global_seqlen/mean:136980.0 - actor/entropy:0.9580224752426147 - perf/mfu/actor_infer:0.36754919249225776 - actor/pg_clipfrac:0.0006252893235796364 - actor/ppo_kl:0.0001358942190563539 - actor/pg_clipfrac_lower:6.00615021539852e-06 - actor/pg_loss:0.10427848796825856 - actor/kl_loss:0.01049993306514807 - actor/kl_coef:0.001 - actor/loss:0.1042889952659607 - actor/grad_norm:0.5453377664089203 - actor/perf/max_memory_allocated_gb:68.38935708999634 - actor/perf/max_memory_reserved_gb:87.28125 - actor/perf/cpu_memory_used_gb:21.262638092041016 - actor/lr:1e-06 - perf/mfu/actor:0.2990183576929404 - training/global_step:18 - training/epoch:0 - critic/score/mean:0.2109375 - critic/score/max:1.0 - critic/score/min:0.0 - critic/rewards/mean:0.2109375 - critic/rewards/max:1.0 - critic/rewards/min:0.0 - critic/advantages/mean:-0.10429564118385315 - critic/advantages/max:2.4748666286468506 - critic/advantages/min:-1.20761239528656 - critic/returns/mean:-0.10429564118385315 - critic/returns/max:2.4748666286468506 - critic/returns/min:-1.20761239528656 - response_length/mean:947.34375 - response_length/max:2048.0 - response_length/min:128.0 - response_length/clip_ratio:0.1640625 - response_length_non_aborted/mean:947.34375 - response_length_non_aborted/max:2048.0 - response_length_non_aborted/min:128.0 - response_length_non_aborted/clip_ratio:0.1640625 - response/aborted_ratio:0.0 - prompt_length/mean:122.8125 - prompt_length/max:125.0 - prompt_length/min:122.0 - prompt_length/clip_ratio:0.0 - num_turns/min:2 - num_turns/max:2 - num_turns/mean:2.0 - timing_s/start_profile:8.217897266149521e-05 - timing_s/agent_loop/num_preempted/min:-1 - timing_s/agent_loop/num_preempted/max:-1 - timing_s/agent_loop/num_preempted/mean:-1.0 - timing_s/agent_loop/generate_sequences/min:0.8087356546893716 - timing_s/agent_loop/generate_sequences/max:10.571999456733465 - timing_s/agent_loop/generate_sequences/mean:5.195420914809802 - timing_s/agent_loop/tool_calls/min:0.0 - timing_s/agent_loop/tool_calls/max:0.0 - timing_s/agent_loop/tool_calls/mean:0.0 - timing_s/agent_loop/compute_score/min:0.004635863937437534 - timing_s/agent_loop/compute_score/max:0.014036230742931366 - timing_s/agent_loop/compute_score/mean:0.006342063694319222 - timing_s/agent_loop/slowest/generate_sequences:10.571999456733465 - timing_s/agent_loop/slowest/tool_calls:0.0 - timing_s/agent_loop/slowest/compute_score:0.006834791973233223 - timing_s/agent_loop/slowest/num_preempted:-1 - timing_s/agent_loop/slowest/prompt_length:125 - timing_s/agent_loop/slowest/response_length:2048 - timing_s/gen:11.147501051425934 - timing_s/reward:1.676008105278015e-05 - timing_s/old_log_prob:2.74960680026561 - timing_s/ref:4.701951672323048 - timing_s/adv:0.003637603484094143 - timing_s/update_actor:9.908185727894306 - timing_s/update_weights:1.3421482825651765 - timing_s/step:29.902908605523407 - timing_s/stop_profile:8.17989930510521e-05 - timing_per_token_ms/gen:0.09193057109867997 - timing_per_token_ms/ref:0.03432582619596326 - timing_per_token_ms/adv:2.655572699732912e-05 - timing_per_token_ms/update_actor:0.07233308313545267 - perf/total_num_tokens:136980 - perf/time_per_step:29.902908605523407 - perf/throughput:4580.82529051031
[36m(TaskRunner pid=109178)[0m Training Progress:  19%|█▉        | 19/100 [09:42<39:26, 29.22s/it]
[36m(WorkerDict pid=109563)[0m INFO:2026-07-30 11:02:54,994:update_weights done, time cost: 0.59s
[36m(TaskRunner pid=109178)[0m Training Progress:  20%|██        | 20/100 [10:14<39:41, 29.77s/it]
[36m(WorkerDict pid=109563)[0m INFO:2026-07-30 11:03:26,484:update_weights done, time cost: 0.58s
[36m(TaskRunner pid=109178)[0m step:19 - global_seqlen/min:129561 - global_seqlen/max:129561 - global_seqlen/minmax_diff:0 - global_seqlen/balanced_min:129561 - global_seqlen/balanced_max:129561 - global_seqlen/mean:129561.0 - actor/entropy:1.0316776037216187 - perf/mfu/actor_infer:0.3642454036847759 - actor/pg_clipfrac:0.0004830765974475071 - actor/ppo_kl:-1.0008044228015933e-05 - actor/pg_clipfrac_lower:0.0 - actor/pg_loss:0.14595673885196447 - actor/kl_loss:0.012078503641532734 - actor/kl_coef:0.001 - actor/loss:0.14596882089972496 - actor/grad_norm:0.4539368450641632 - actor/perf/max_memory_allocated_gb:68.38935708999634 - actor/perf/max_memory_reserved_gb:87.28125 - actor/perf/cpu_memory_used_gb:21.291709899902344 - actor/lr:1e-06 - perf/mfu/actor:0.297684175355843 - training/global_step:19 - training/epoch:0 - critic/score/mean:0.15625 - critic/score/max:1.0 - critic/score/min:0.0 - critic/rewards/mean:0.15625 - critic/rewards/max:1.0 - critic/rewards/min:0.0 - critic/advantages/mean:-0.14639443159103394 - critic/advantages/max:2.4748666286468506 - critic/advantages/min:-1.20761239528656 - critic/returns/mean:-0.14639443159103394 - critic/returns/max:2.4748666286468506 - critic/returns/min:-1.20761239528656 - response_length/mean:889.0703125 - response_length/max:2048.0 - response_length/min:150.0 - response_length/clip_ratio:0.1328125 - response_length_non_aborted/mean:889.0703125 - response_length_non_aborted/max:2048.0 - response_length_non_aborted/min:150.0 - response_length_non_aborted/clip_ratio:0.1328125 - response/aborted_ratio:0.0 - prompt_length/mean:123.125 - prompt_length/max:125.0 - prompt_length/min:122.0 - prompt_length/clip_ratio:0.0 - num_turns/min:2 - num_turns/max:2 - num_turns/mean:2.0 - timing_s/start_profile:7.724855095148087e-05 - timing_s/agent_loop/num_preempted/min:-1 - timing_s/agent_loop/num_preempted/max:-1 - timing_s/agent_loop/num_preempted/mean:-1.0 - timing_s/agent_loop/generate_sequences/min:0.952851383946836 - timing_s/agent_loop/generate_sequences/max:10.265046657063067 - timing_s/agent_loop/generate_sequences/mean:4.804548614323721 - timing_s/agent_loop/tool_calls/min:0.0 - timing_s/agent_loop/tool_calls/max:0.0 - timing_s/agent_loop/tool_calls/mean:0.0 - timing_s/agent_loop/compute_score/min:0.004697494208812714 - timing_s/agent_loop/compute_score/max:0.012185519561171532 - timing_s/agent_loop/compute_score/mean:0.006340673127851915 - timing_s/agent_loop/slowest/generate_sequences:10.265046657063067 - timing_s/agent_loop/slowest/tool_calls:0.0 - timing_s/agent_loop/slowest/compute_score:0.006796583533287048 - timing_s/agent_loop/slowest/num_preempted:-1 - timing_s/agent_loop/slowest/prompt_length:122 - timing_s/agent_loop/slowest/response_length:2048 - timing_s/gen:11.08748070243746 - timing_s/reward:1.1609867215156555e-05 - timing_s/old_log_prob:2.613026235252619 - timing_s/ref:4.642209058627486 - timing_s/adv:0.0036520231515169144 - timing_s/update_actor:9.412989082746208 - timing_s/update_weights:1.3267165310680866 - timing_s/step:29.111453981138766 - timing_s/stop_profile:8.066929876804352e-05 - timing_per_token_ms/gen:0.09742867551636154 - timing_per_token_ms/ref:0.03583029660644396 - timing_per_token_ms/adv:2.8187673385640078e-05 - timing_per_token_ms/update_actor:0.07265295175821589 - perf/total_num_tokens:129561 - perf/time_per_step:29.111453981138766 - perf/throughput:4450.516284206973
[36m(TaskRunner pid=109178)[0m step:20 - global_seqlen/min:148132 - global_seqlen/max:148132 - global_seqlen/minmax_diff:0 - global_seqlen/balanced_min:148132 - global_seqlen/balanced_max:148132 - global_seqlen/mean:148132.0 - actor/entropy:0.8890256881713867 - perf/mfu/actor_infer:0.3687529801152891 - actor/pg_clipfrac:0.00021189860672166105 - actor/ppo_kl:2.914843639700848e-05 - actor/pg_clipfrac_lower:0.0 - actor/pg_loss:0.05994354095309973 - actor/kl_loss:0.011912132875295356 - actor/kl_coef:0.001 - actor/loss:0.059955453500151634 - actor/grad_norm:0.4181123375892639 - actor/perf/max_memory_allocated_gb:68.38935708999634 - actor/perf/max_memory_reserved_gb:87.28125 - actor/perf/cpu_memory_used_gb:21.33421516418457 - actor/lr:1e-06 - perf/mfu/actor:0.3023361820242141 - training/global_step:20 - training/epoch:0 - critic/score/mean:0.125 - critic/score/max:1.0 - critic/score/min:0.0 - critic/rewards/mean:0.125 - critic/rewards/max:1.0 - critic/rewards/min:0.0 - critic/advantages/mean:-0.06004676595330238 - critic/advantages/max:2.4748666286468506 - critic/advantages/min:-1.20761239528656 - critic/returns/mean:-0.06004676595330238 - critic/returns/max:2.4748666286468506 - critic/returns/min:-1.20761239528656 - response_length/mean:1033.09375 - response_length/max:2048.0 - response_length/min:126.0 - response_length/clip_ratio:0.203125 - response_length_non_aborted/mean:1033.09375 - response_length_non_aborted/max:2048.0 - response_length_non_aborted/min:126.0 - response_length_non_aborted/clip_ratio:0.203125 - response/aborted_ratio:0.0 - prompt_length/mean:124.1875 - prompt_length/max:125.0 - prompt_length/min:122.0 - prompt_length/clip_ratio:0.0 - num_turns/min:2 - num_turns/max:2 - num_turns/mean:2.0 - timing_s/start_profile:0.00013988837599754333 - timing_s/agent_loop/num_preempted/min:-1 - timing_s/agent_loop/num_preempted/max:-1 - timing_s/agent_loop/num_preempted/mean:-1.0 - timing_s/agent_loop/generate_sequences/min:0.8279434628784657 - timing_s/agent_loop/generate_sequences/max:10.759012710303068 - timing_s/agent_loop/generate_sequences/mean:5.779238966708363 - timing_s/agent_loop/tool_calls/min:0.0 - timing_s/agent_loop/tool_calls/max:0.0 - timing_s/agent_loop/tool_calls/mean:0.0 - timing_s/agent_loop/compute_score/min:0.004941200837492943 - timing_s/agent_loop/compute_score/max:0.019141660071909428 - timing_s/agent_loop/compute_score/mean:0.006991607260715682 - timing_s/agent_loop/slowest/generate_sequences:10.759012710303068 - timing_s/agent_loop/slowest/tool_calls:0.0 - timing_s/agent_loop/slowest/compute_score:0.0057438937947154045 - timing_s/agent_loop/slowest/num_preempted:-1 - timing_s/agent_loop/slowest/prompt_length:122 - timing_s/agent_loop/slowest/response_length:2048 - timing_s/gen:11.335620720870793 - timing_s/reward:1.6668811440467834e-05 - timing_s/old_log_prob:2.9587781289592385 - timing_s/ref:4.758542067371309 - timing_s/adv:0.0036263642832636833 - timing_s/update_actor:10.588146242313087 - timing_s/update_weights:1.3492191657423973 - timing_s/step:31.04262996930629 - timing_s/stop_profile:7.97593966126442e-05 - timing_per_token_ms/gen:0.0857226528393992 - timing_per_token_ms/ref:0.032123660433743616 - timing_per_token_ms/adv:2.4480627300405606e-05 - timing_per_token_ms/update_actor:0.0714777782134386 - perf/total_num_tokens:148132 - perf/time_per_step:31.04262996930629 - perf/throughput:4771.889499906
[36m(TaskRunner pid=109178)[0m Training Progress:  21%|██        | 21/100 [10:45<39:53, 30.30s/it]
[36m(WorkerDict pid=109563)[0m INFO:2026-07-30 11:03:54,287:update_weights done, time cost: 0.57s
[36m(TaskRunner pid=109178)[0m Training Progress:  22%|██▏       | 22/100 [11:13<38:23, 29.53s/it]
[36m(WorkerDict pid=109563)[0m INFO:2026-07-30 11:04:23,632:update_weights done, time cost: 0.58s
[36m(TaskRunner pid=109178)[0m step:21 - global_seqlen/min:152114 - global_seqlen/max:152114 - global_seqlen/minmax_diff:0 - global_seqlen/balanced_min:152114 - global_seqlen/balanced_max:152114 - global_seqlen/mean:152114.0 - actor/entropy:0.93333899974823 - perf/mfu/actor_infer:0.37263547758228016 - actor/pg_clipfrac:0.0003062384848817601 - actor/ppo_kl:0.00015712370509390894 - actor/pg_clipfrac_lower:0.0 - actor/pg_loss:0.10387125727720559 - actor/kl_loss:0.013024916261201724 - actor/kl_coef:0.001 - actor/loss:0.1038842722773552 - actor/grad_norm:0.44794031977653503 - actor/perf/max_memory_allocated_gb:68.38936567306519 - actor/perf/max_memory_reserved_gb:87.28125 - actor/perf/cpu_memory_used_gb:21.37803840637207 - actor/lr:1e-06 - perf/mfu/actor:0.30296496407775086 - training/global_step:21 - training/epoch:0 - critic/score/mean:0.2109375 - critic/score/max:1.0 - critic/score/min:0.0 - critic/rewards/mean:0.2109375 - critic/rewards/max:1.0 - critic/rewards/min:0.0 - critic/advantages/mean:-0.10353118926286697 - critic/advantages/max:2.4748666286468506 - critic/advantages/min:-0.935412585735321 - critic/returns/mean:-0.10353118926286697 - critic/returns/max:2.4748666286468506 - critic/returns/min:-0.935412585735321 - response_length/mean:1064.265625 - response_length/max:2048.0 - response_length/min:160.0 - response_length/clip_ratio:0.21875 - response_length_non_aborted/mean:1064.265625 - response_length_non_aborted/max:2048.0 - response_length_non_aborted/min:160.0 - response_length_non_aborted/clip_ratio:0.21875 - response/aborted_ratio:0.0 - prompt_length/mean:124.125 - prompt_length/max:126.0 - prompt_length/min:122.0 - prompt_length/clip_ratio:0.0 - num_turns/min:2 - num_turns/max:2 - num_turns/mean:2.0 - timing_s/start_profile:0.0001474982127547264 - timing_s/agent_loop/num_preempted/min:-1 - timing_s/agent_loop/num_preempted/max:-1 - timing_s/agent_loop/num_preempted/mean:-1.0 - timing_s/agent_loop/generate_sequences/min:1.0350442714989185 - timing_s/agent_loop/generate_sequences/max:10.849988612346351 - timing_s/agent_loop/generate_sequences/mean:5.883802366734017 - timing_s/agent_loop/tool_calls/min:0.0 - timing_s/agent_loop/tool_calls/max:0.0 - timing_s/agent_loop/tool_calls/mean:0.0 - timing_s/agent_loop/compute_score/min:0.004297017119824886 - timing_s/agent_loop/compute_score/max:0.01991548389196396 - timing_s/agent_loop/compute_score/mean:0.007322161407500971 - timing_s/agent_loop/slowest/generate_sequences:10.849988612346351 - timing_s/agent_loop/slowest/tool_calls:0.0 - timing_s/agent_loop/slowest/compute_score:0.0064057763665914536 - timing_s/agent_loop/slowest/num_preempted:-1 - timing_s/agent_loop/slowest/prompt_length:125 - timing_s/agent_loop/slowest/response_length:2048 - timing_s/gen:11.451523019000888 - timing_s/reward:1.773051917552948e-05 - timing_s/old_log_prob:3.00407996494323 - timing_s/ref:4.778403575532138 - timing_s/adv:0.0036766426637768745 - timing_s/update_actor:10.865472220815718 - timing_s/update_weights:1.3724727211520076 - timing_s/step:31.52561945002526 - timing_s/stop_profile:8.755922317504883e-05 - timing_per_token_ms/gen:0.08406268274045255 - timing_per_token_ms/ref:0.031413305649263965 - timing_per_token_ms/adv:2.4170310844346178e-05 - timing_per_token_ms/update_actor:0.0714297975256434 - perf/total_num_tokens:152114 - perf/time_per_step:31.52561945002526 - perf/throughput:4825.0915494660685
[36m(TaskRunner pid=109178)[0m step:22 - global_seqlen/min:121694 - global_seqlen/max:121694 - global_seqlen/minmax_diff:0 - global_seqlen/balanced_min:121694 - global_seqlen/balanced_max:121694 - global_seqlen/mean:121694.0 - actor/entropy:0.9052088260650635 - perf/mfu/actor_infer:0.36664144173333485 - actor/pg_clipfrac:0.000511525577167049 - actor/ppo_kl:-4.186071271305991e-05 - actor/pg_clipfrac_lower:0.0 - actor/pg_loss:0.07091426783881616 - actor/kl_loss:0.016413976438343525 - actor/kl_coef:0.001 - actor/loss:0.07093067839741707 - actor/grad_norm:0.558841198682785 - actor/perf/max_memory_allocated_gb:68.38936567306519 - actor/perf/max_memory_reserved_gb:87.28125 - actor/perf/cpu_memory_used_gb:21.2474308013916 - actor/lr:1e-06 - perf/mfu/actor:0.2963038985118236 - training/global_step:22 - training/epoch:0 - critic/score/mean:0.21875 - critic/score/max:1.0 - critic/score/min:0.0 - critic/rewards/mean:0.21875 - critic/rewards/max:1.0 - critic/rewards/min:0.0 - critic/advantages/mean:-0.07062938064336777 - critic/advantages/max:2.4748666286468506 - critic/advantages/min:-1.20761239528656 - critic/returns/mean:-0.07062938064336777 - critic/returns/max:2.4748666286468506 - critic/returns/min:-1.20761239528656 - response_length/mean:827.109375 - response_length/max:2048.0 - response_length/min:137.0 - response_length/clip_ratio:0.09375 - response_length_non_aborted/mean:827.109375 - response_length_non_aborted/max:2048.0 - response_length_non_aborted/min:137.0 - response_length_non_aborted/clip_ratio:0.09375 - response/aborted_ratio:0.0 - prompt_length/mean:123.625 - prompt_length/max:127.0 - prompt_length/min:122.0 - prompt_length/clip_ratio:0.0 - num_turns/min:2 - num_turns/max:2 - num_turns/mean:2.0 - timing_s/start_profile:0.0001714685931801796 - timing_s/agent_loop/num_preempted/min:-1 - timing_s/agent_loop/num_preempted/max:-1 - timing_s/agent_loop/num_preempted/mean:-1.0 - timing_s/agent_loop/generate_sequences/min:0.9032467361539602 - timing_s/agent_loop/generate_sequences/max:9.859218117780983 - timing_s/agent_loop/generate_sequences/mean:4.494651961569616 - timing_s/agent_loop/tool_calls/min:0.0 - timing_s/agent_loop/tool_calls/max:0.0 - timing_s/agent_loop/tool_calls/mean:0.0 - timing_s/agent_loop/compute_score/min:0.004654224030673504 - timing_s/agent_loop/compute_score/max:0.014252688735723495 - timing_s/agent_loop/compute_score/mean:0.0064394274886581115 - timing_s/agent_loop/slowest/generate_sequences:9.859218117780983 - timing_s/agent_loop/slowest/tool_calls:0.0 - timing_s/agent_loop/slowest/compute_score:0.006744232960045338 - timing_s/agent_loop/slowest/num_preempted:-1 - timing_s/agent_loop/slowest/prompt_length:125 - timing_s/agent_loop/slowest/response_length:2048 - timing_s/gen:10.441941432654858 - timing_s/reward:2.0850449800491333e-05 - timing_s/old_log_prob:2.458697045221925 - timing_s/ref:4.621537183411419 - timing_s/adv:0.0037161540240049362 - timing_s/update_actor:8.857867671176791 - timing_s/update_weights:1.29605324100703 - timing_s/step:27.73028980847448 - timing_s/stop_profile:8.691847324371338e-05 - timing_per_token_ms/gen:0.09862984256781768 - timing_per_token_ms/ref:0.03797670537094203 - timing_per_token_ms/adv:3.053687136592549e-05 - timing_per_token_ms/update_actor:0.072788039436429 - perf/total_num_tokens:121694 - perf/time_per_step:27.73028980847448 - perf/throughput:4388.486411087195
[36m(TaskRunner pid=109178)[0m Training Progress:  23%|██▎       | 23/100 [11:42<37:49, 29.48s/it]
[36m(WorkerDict pid=109563)[0m INFO:2026-07-30 11:04:51,733:update_weights done, time cost: 0.57s
[36m(TaskRunner pid=109178)[0m Training Progress:  24%|██▍       | 24/100 [12:10<36:48, 29.07s/it]
[36m(WorkerDict pid=109563)[0m INFO:2026-07-30 11:05:19,720:update_weights done, time cost: 0.53s
[36m(TaskRunner pid=109178)[0m step:23 - global_seqlen/min:133417 - global_seqlen/max:133417 - global_seqlen/minmax_diff:0 - global_seqlen/balanced_min:133417 - global_seqlen/balanced_max:133417 - global_seqlen/mean:133417.0 - actor/entropy:0.9189238548278809 - perf/mfu/actor_infer:0.36780278920448756 - actor/pg_clipfrac:0.00044575664651347324 - actor/ppo_kl:-0.00023423931821753285 - actor/pg_clipfrac_lower:3.814697265625e-06 - actor/pg_loss:0.14807196852052584 - actor/kl_loss:0.01653369574341923 - actor/kl_coef:0.001 - actor/loss:0.1480884961783886 - actor/grad_norm:0.6166884005069733 - actor/perf/max_memory_allocated_gb:68.38936567306519 - actor/perf/max_memory_reserved_gb:87.28125 - actor/perf/cpu_memory_used_gb:21.255998611450195 - actor/lr:1e-06 - perf/mfu/actor:0.2976071830206063 - training/global_step:23 - training/epoch:0 - critic/score/mean:0.25 - critic/score/max:1.0 - critic/score/min:0.0 - critic/rewards/mean:0.25 - critic/rewards/max:1.0 - critic/rewards/min:0.0 - critic/advantages/mean:-0.14777635037899017 - critic/advantages/max:2.4748666286468506 - critic/advantages/min:-2.4748666286468506 - critic/returns/mean:-0.14777635037899017 - critic/returns/max:2.4748666286468506 - critic/returns/min:-2.4748666286468506 - response_length/mean:919.3828125 - response_length/max:2048.0 - response_length/min:146.0 - response_length/clip_ratio:0.1640625 - response_length_non_aborted/mean:919.3828125 - response_length_non_aborted/max:2048.0 - response_length_non_aborted/min:146.0 - response_length_non_aborted/clip_ratio:0.1640625 - response/aborted_ratio:0.0 - prompt_length/mean:122.9375 - prompt_length/max:125.0 - prompt_length/min:122.0 - prompt_length/clip_ratio:0.0 - num_turns/min:2 - num_turns/max:2 - num_turns/mean:2.0 - timing_s/start_profile:8.652918040752411e-05 - timing_s/agent_loop/num_preempted/min:-1 - timing_s/agent_loop/num_preempted/max:-1 - timing_s/agent_loop/num_preempted/mean:-1.0 - timing_s/agent_loop/generate_sequences/min:0.9306351998820901 - timing_s/agent_loop/generate_sequences/max:10.337322995066643 - timing_s/agent_loop/generate_sequences/mean:5.01114053830679 - timing_s/agent_loop/tool_calls/min:0.0 - timing_s/agent_loop/tool_calls/max:0.0 - timing_s/agent_loop/tool_calls/mean:0.0 - timing_s/agent_loop/compute_score/min:0.0047970125451684 - timing_s/agent_loop/compute_score/max:0.013622656464576721 - timing_s/agent_loop/compute_score/mean:0.0065064959053415805 - timing_s/agent_loop/slowest/generate_sequences:10.337322995066643 - timing_s/agent_loop/slowest/tool_calls:0.0 - timing_s/agent_loop/slowest/compute_score:0.005762042477726936 - timing_s/agent_loop/slowest/num_preempted:-1 - timing_s/agent_loop/slowest/prompt_length:122 - timing_s/agent_loop/slowest/response_length:2048 - timing_s/gen:10.928146581165493 - timing_s/reward:1.8569640815258026e-05 - timing_s/old_log_prob:2.6802926464006305 - timing_s/ref:4.683583218604326 - timing_s/adv:0.0036685438826680183 - timing_s/update_actor:9.682861640118062 - timing_s/update_weights:1.3151097875088453 - timing_s/step:29.344187828712165 - timing_s/stop_profile:8.893944323062897e-05 - timing_per_token_ms/gen:0.0928624551216041 - timing_per_token_ms/ref:0.03510484584876235 - timing_per_token_ms/adv:2.7496824862408977e-05 - timing_per_token_ms/update_actor:0.07257592091051412 - perf/total_num_tokens:133417 - perf/time_per_step:29.344187828712165 - perf/throughput:4546.6243870432345
[36m(TaskRunner pid=109178)[0m step:24 - global_seqlen/min:123551 - global_seqlen/max:123551 - global_seqlen/minmax_diff:0 - global_seqlen/balanced_min:123551 - global_seqlen/balanced_max:123551 - global_seqlen/mean:123551.0 - actor/entropy:0.8633500933647156 - perf/mfu/actor_infer:0.3624458298478839 - actor/pg_clipfrac:0.00046216895498218946 - actor/ppo_kl:-0.00018058227647088643 - actor/pg_clipfrac_lower:0.0 - actor/pg_loss:0.142578293569386 - actor/kl_loss:0.018240606412291527 - actor/kl_coef:0.001 - actor/loss:0.142596535384655 - actor/grad_norm:0.5008090138435364 - actor/perf/max_memory_allocated_gb:68.40344667434692 - actor/perf/max_memory_reserved_gb:87.28125 - actor/perf/cpu_memory_used_gb:21.276933670043945 - actor/lr:1e-06 - perf/mfu/actor:0.2955859604661804 - training/global_step:24 - training/epoch:0 - critic/score/mean:0.1796875 - critic/score/max:1.0 - critic/score/min:0.0 - critic/rewards/mean:0.1796875 - critic/rewards/max:1.0 - critic/rewards/min:0.0 - critic/advantages/mean:-0.14244484901428223 - critic/advantages/max:2.4748666286468506 - critic/advantages/min:-1.20761239528656 - critic/returns/mean:-0.14244484901428223 - critic/returns/max:2.4748666286468506 - critic/returns/min:-1.20761239528656 - response_length/mean:840.6171875 - response_length/max:2048.0 - response_length/min:179.0 - response_length/clip_ratio:0.1484375 - response_length_non_aborted/mean:840.6171875 - response_length_non_aborted/max:2048.0 - response_length_non_aborted/min:179.0 - response_length_non_aborted/clip_ratio:0.1484375 - response/aborted_ratio:0.0 - prompt_length/mean:124.625 - prompt_length/max:140.0 - prompt_length/min:122.0 - prompt_length/clip_ratio:0.0 - num_turns/min:2 - num_turns/max:2 - num_turns/mean:2.0 - timing_s/start_profile:8.227955549955368e-05 - timing_s/agent_loop/num_preempted/min:-1 - timing_s/agent_loop/num_preempted/max:-1 - timing_s/agent_loop/num_preempted/mean:-1.0 - timing_s/agent_loop/generate_sequences/min:1.1146442471072078 - timing_s/agent_loop/generate_sequences/max:9.94748748280108 - timing_s/agent_loop/generate_sequences/mean:4.487743447847606 - timing_s/agent_loop/tool_calls/min:0.0 - timing_s/agent_loop/tool_calls/max:0.0 - timing_s/agent_loop/tool_calls/mean:0.0 - timing_s/agent_loop/compute_score/min:0.004518494941294193 - timing_s/agent_loop/compute_score/max:0.019009231589734554 - timing_s/agent_loop/compute_score/mean:0.006581562643987127 - timing_s/agent_loop/slowest/generate_sequences:9.94748748280108 - timing_s/agent_loop/slowest/tool_calls:0.0 - timing_s/agent_loop/slowest/compute_score:0.005120999179780483 - timing_s/agent_loop/slowest/num_preempted:-1 - timing_s/agent_loop/slowest/prompt_length:125 - timing_s/agent_loop/slowest/response_length:2048 - timing_s/gen:10.532030332833529 - timing_s/reward:2.0369887351989746e-05 - timing_s/old_log_prob:2.522649441845715 - timing_s/ref:4.641830688342452 - timing_s/adv:0.0036134636029601097 - timing_s/update_actor:9.031288544647396 - timing_s/update_weights:1.3184829391539097 - timing_s/step:28.100688469596207 - timing_s/stop_profile:8.002948015928268e-05 - timing_per_token_ms/gen:0.09788223248202613 - timing_per_token_ms/ref:0.0375701587874032 - timing_per_token_ms/adv:2.9246736998972973e-05 - timing_per_token_ms/update_actor:0.07309765639005265 - perf/total_num_tokens:123551 - perf/time_per_step:28.100688469596207 - perf/throughput:4396.725017384436
[36m(TaskRunner pid=109178)[0m Training Progress:  25%|██▌       | 25/100 [12:38<35:55, 28.73s/it]
[36m(WorkerDict pid=109563)[0m INFO:2026-07-30 11:05:49,689:update_weights done, time cost: 0.53s
[36m(TaskRunner pid=109178)[0m Training Progress:  26%|██▌       | 26/100 [13:08<35:53, 29.11s/it]
[36m(WorkerDict pid=109563)[0m INFO:2026-07-30 11:06:18,174:update_weights done, time cost: 0.53s
[36m(TaskRunner pid=109178)[0m step:25 - global_seqlen/min:122950 - global_seqlen/max:122950 - global_seqlen/minmax_diff:0 - global_seqlen/balanced_min:122950 - global_seqlen/balanced_max:122950 - global_seqlen/mean:122950.0 - actor/entropy:0.8657182455062866 - perf/mfu/actor_infer:0.36380863131782876 - actor/pg_clipfrac:0.0003927009311155416 - actor/ppo_kl:8.709587257271778e-05 - actor/pg_clipfrac_lower:0.0 - actor/pg_loss:0.08317902750422945 - actor/kl_loss:0.019633610441815108 - actor/kl_coef:0.001 - actor/loss:0.0831986553966999 - actor/grad_norm:0.49814416468143463 - actor/perf/max_memory_allocated_gb:68.40344667434692 - actor/perf/max_memory_reserved_gb:87.3203125 - actor/perf/cpu_memory_used_gb:21.309598922729492 - actor/lr:1e-06 - perf/mfu/actor:0.29608200563524456 - training/global_step:25 - training/epoch:0 - critic/score/mean:0.171875 - critic/score/max:1.0 - critic/score/min:0.0 - critic/rewards/mean:0.171875 - critic/rewards/max:1.0 - critic/rewards/min:0.0 - critic/advantages/mean:-0.08287681639194489 - critic/advantages/max:2.4748666286468506 - critic/advantages/min:-1.6201815605163574 - critic/returns/mean:-0.08287681639194489 - critic/returns/max:2.4748666286468506 - critic/returns/min:-1.6201815605163574 - response_length/mean:836.484375 - response_length/max:2048.0 - response_length/min:145.0 - response_length/clip_ratio:0.1484375 - response_length_non_aborted/mean:836.484375 - response_length_non_aborted/max:2048.0 - response_length_non_aborted/min:145.0 - response_length_non_aborted/clip_ratio:0.1484375 - response/aborted_ratio:0.0 - prompt_length/mean:124.0625 - prompt_length/max:126.0 - prompt_length/min:122.0 - prompt_length/clip_ratio:0.0 - num_turns/min:2 - num_turns/max:2 - num_turns/mean:2.0 - timing_s/start_profile:8.287932723760605e-05 - timing_s/agent_loop/num_preempted/min:-1 - timing_s/agent_loop/num_preempted/max:-1 - timing_s/agent_loop/num_preempted/mean:-1.0 - timing_s/agent_loop/generate_sequences/min:0.9258168842643499 - timing_s/agent_loop/generate_sequences/max:9.984432260505855 - timing_s/agent_loop/generate_sequences/mean:4.447294794699701 - timing_s/agent_loop/tool_calls/min:0.0 - timing_s/agent_loop/tool_calls/max:0.0 - timing_s/agent_loop/tool_calls/mean:0.0 - timing_s/agent_loop/compute_score/min:0.003665214404463768 - timing_s/agent_loop/compute_score/max:0.025543908588588238 - timing_s/agent_loop/compute_score/mean:0.006788559279812034 - timing_s/agent_loop/slowest/generate_sequences:9.964533537626266 - timing_s/agent_loop/slowest/tool_calls:0.0 - timing_s/agent_loop/slowest/compute_score:0.025543908588588238 - timing_s/agent_loop/slowest/num_preempted:-1 - timing_s/agent_loop/slowest/prompt_length:125 - timing_s/agent_loop/slowest/response_length:2048 - timing_s/gen:10.574407438747585 - timing_s/reward:1.5910714864730835e-05 - timing_s/old_log_prob:2.4973620297387242 - timing_s/ref:4.616854779422283 - timing_s/adv:0.004079950042068958 - timing_s/update_actor:8.96617297641933 - timing_s/update_weights:1.245502014644444 - timing_s/step:27.95483331102878 - timing_s/stop_profile:9.656883776187897e-05 - timing_per_token_ms/gen:0.09876162733489852 - timing_per_token_ms/ref:0.03755066921042931 - timing_per_token_ms/adv:3.3183814900926866e-05 - timing_per_token_ms/update_actor:0.07292535971060862 - perf/total_num_tokens:122950 - perf/time_per_step:27.95483331102878 - perf/throughput:4398.166092855707
[36m(TaskRunner pid=109178)[0m step:26 - global_seqlen/min:140444 - global_seqlen/max:140444 - global_seqlen/minmax_diff:0 - global_seqlen/balanced_min:140444 - global_seqlen/balanced_max:140444 - global_seqlen/mean:140444.0 - actor/entropy:0.8729535341262817 - perf/mfu/actor_infer:0.37018988885258847 - actor/pg_clipfrac:0.0006828577461419627 - actor/ppo_kl:-7.302683115995023e-05 - actor/pg_clipfrac_lower:0.0 - actor/pg_loss:0.08503827074309811 - actor/kl_loss:0.020513827679678798 - actor/kl_coef:0.001 - actor/loss:0.0850587897002697 - actor/grad_norm:0.43453583121299744 - actor/perf/max_memory_allocated_gb:68.40344667434692 - actor/perf/max_memory_reserved_gb:87.3203125 - actor/perf/cpu_memory_used_gb:21.335941314697266 - actor/lr:1e-06 - perf/mfu/actor:0.30069925642597495 - training/global_step:26 - training/epoch:0 - critic/score/mean:0.2109375 - critic/score/max:1.0 - critic/score/min:0.0 - critic/rewards/mean:0.2109375 - critic/rewards/max:1.0 - critic/rewards/min:0.0 - critic/advantages/mean:-0.08470672369003296 - critic/advantages/max:2.4748666286468506 - critic/advantages/min:-2.4748666286468506 - critic/returns/mean:-0.08470672369003296 - critic/returns/max:2.4748666286468506 - critic/returns/min:-2.4748666286468506 - response_length/mean:973.34375 - response_length/max:2048.0 - response_length/min:188.0 - response_length/clip_ratio:0.15625 - response_length_non_aborted/mean:973.34375 - response_length_non_aborted/max:2048.0 - response_length_non_aborted/min:188.0 - response_length_non_aborted/clip_ratio:0.15625 - response/aborted_ratio:0.0 - prompt_length/mean:123.875 - prompt_length/max:125.0 - prompt_length/min:122.0 - prompt_length/clip_ratio:0.0 - num_turns/min:2 - num_turns/max:2 - num_turns/mean:2.0 - timing_s/start_profile:9.212829172611237e-05 - timing_s/agent_loop/num_preempted/min:-1 - timing_s/agent_loop/num_preempted/max:-1 - timing_s/agent_loop/num_preempted/mean:-1.0 - timing_s/agent_loop/generate_sequences/min:1.1950969211757183 - timing_s/agent_loop/generate_sequences/max:10.503399943932891 - timing_s/agent_loop/generate_sequences/mean:5.328110941249179 - timing_s/agent_loop/tool_calls/min:0.0 - timing_s/agent_loop/tool_calls/max:0.0 - timing_s/agent_loop/tool_calls/mean:0.0 - timing_s/agent_loop/compute_score/min:0.004925612360239029 - timing_s/agent_loop/compute_score/max:0.018801295198500156 - timing_s/agent_loop/compute_score/mean:0.006792412110371515 - timing_s/agent_loop/slowest/generate_sequences:10.503399943932891 - timing_s/agent_loop/slowest/tool_calls:0.0 - timing_s/agent_loop/slowest/compute_score:0.007492075674235821 - timing_s/agent_loop/slowest/num_preempted:-1 - timing_s/agent_loop/slowest/prompt_length:125 - timing_s/agent_loop/slowest/response_length:2048 - timing_s/gen:11.080902428366244 - timing_s/reward:1.5720725059509277e-05 - timing_s/old_log_prob:2.7927198950201273 - timing_s/ref:4.698938325047493 - timing_s/adv:0.0036202548071742058 - timing_s/update_actor:10.086904402822256 - timing_s/update_weights:1.2502868110314012 - timing_s/step:29.963323942385614 - timing_s/stop_profile:8.375942707061768e-05 - timing_per_token_ms/gen:0.08894036687615375 - timing_per_token_ms/ref:0.03345773635788993 - timing_per_token_ms/adv:2.5777212320741403e-05 - timing_per_token_ms/update_actor:0.07182154027813403 - perf/total_num_tokens:140444 - perf/time_per_step:29.963323942385614 - perf/throughput:4687.196930155345
[36m(TaskRunner pid=109178)[0m Training Progress:  27%|██▋       | 27/100 [13:37<35:11, 28.92s/it]
[36m(WorkerDict pid=109563)[0m INFO:2026-07-30 11:06:46,009:update_weights done, time cost: 0.53s
[36m(TaskRunner pid=109178)[0m Training Progress:  28%|██▊       | 28/100 [14:05<34:18, 28.59s/it]
[36m(WorkerDict pid=109563)[0m INFO:2026-07-30 11:07:14,783:update_weights done, time cost: 0.53s
[36m(TaskRunner pid=109178)[0m step:27 - global_seqlen/min:125630 - global_seqlen/max:125630 - global_seqlen/minmax_diff:0 - global_seqlen/balanced_min:125630 - global_seqlen/balanced_max:125630 - global_seqlen/mean:125630.0 - actor/entropy:0.8361568450927734 - perf/mfu/actor_infer:0.36599256689433496 - actor/pg_clipfrac:0.00025614642618165817 - actor/ppo_kl:-9.691860350358183e-05 - actor/pg_clipfrac_lower:0.0 - actor/pg_loss:0.021906692296397523 - actor/kl_loss:0.02374744223197922 - actor/kl_coef:0.001 - actor/loss:0.02193044126033783 - actor/grad_norm:0.4040200114250183 - actor/perf/max_memory_allocated_gb:68.40344667434692 - actor/perf/max_memory_reserved_gb:87.3203125 - actor/perf/cpu_memory_used_gb:21.344013214111328 - actor/lr:1e-06 - perf/mfu/actor:0.2983565182255458 - training/global_step:27 - training/epoch:0 - critic/score/mean:0.09375 - critic/score/max:1.0 - critic/score/min:0.0 - critic/rewards/mean:0.09375 - critic/rewards/max:1.0 - critic/rewards/min:0.0 - critic/advantages/mean:-0.021141085773706436 - critic/advantages/max:2.4748666286468506 - critic/advantages/min:-1.20761239528656 - critic/returns/mean:-0.021141085773706436 - critic/returns/max:2.4748666286468506 - critic/returns/min:-1.20761239528656 - response_length/mean:857.984375 - response_length/max:2048.0 - response_length/min:130.0 - response_length/clip_ratio:0.1015625 - response_length_non_aborted/mean:857.984375 - response_length_non_aborted/max:2048.0 - response_length_non_aborted/min:130.0 - response_length_non_aborted/clip_ratio:0.1015625 - response/aborted_ratio:0.0 - prompt_length/mean:123.5 - prompt_length/max:125.0 - prompt_length/min:122.0 - prompt_length/clip_ratio:0.0 - num_turns/min:2 - num_turns/max:2 - num_turns/mean:2.0 - timing_s/start_profile:8.666049689054489e-05 - timing_s/agent_loop/num_preempted/min:-1 - timing_s/agent_loop/num_preempted/max:-1 - timing_s/agent_loop/num_preempted/mean:-1.0 - timing_s/agent_loop/generate_sequences/min:0.8675348842516541 - timing_s/agent_loop/generate_sequences/max:10.0068652741611 - timing_s/agent_loop/generate_sequences/mean:4.771555089952017 - timing_s/agent_loop/tool_calls/min:0.0 - timing_s/agent_loop/tool_calls/max:0.0 - timing_s/agent_loop/tool_calls/mean:0.0 - timing_s/agent_loop/compute_score/min:0.0046645840629935265 - timing_s/agent_loop/compute_score/max:0.015109230764210224 - timing_s/agent_loop/compute_score/mean:0.0065632693222141825 - timing_s/agent_loop/slowest/generate_sequences:10.0068652741611 - timing_s/agent_loop/slowest/tool_calls:0.0 - timing_s/agent_loop/slowest/compute_score:0.005847961641848087 - timing_s/agent_loop/slowest/num_preempted:-1 - timing_s/agent_loop/slowest/prompt_length:125 - timing_s/agent_loop/slowest/response_length:2048 - timing_s/gen:10.593980665318668 - timing_s/reward:1.6510486602783203e-05 - timing_s/old_log_prob:2.525921994820237 - timing_s/ref:4.98913199827075 - timing_s/adv:0.003611314110457897 - timing_s/update_actor:9.064679821021855 - timing_s/update_weights:1.2542341155931354 - timing_s/step:28.481699754483998 - timing_s/stop_profile:8.116941899061203e-05 - timing_per_token_ms/gen:0.09646501306950035 - timing_per_token_ms/ref:0.03971290295527143 - timing_per_token_ms/adv:2.874563488384858e-05 - timing_per_token_ms/update_actor:0.07215378349933818 - perf/total_num_tokens:125630 - perf/time_per_step:28.481699754483998 - perf/throughput:4410.902477132585
[36m(TaskRunner pid=109178)[0m step:28 - global_seqlen/min:121344 - global_seqlen/max:121344 - global_seqlen/minmax_diff:0 - global_seqlen/balanced_min:121344 - global_seqlen/balanced_max:121344 - global_seqlen/mean:121344.0 - actor/entropy:0.8015651106834412 - perf/mfu/actor_infer:0.36282723086549845 - actor/pg_clipfrac:0.0002803584075081744 - actor/ppo_kl:3.950797258767125e-05 - actor/pg_clipfrac_lower:0.0 - actor/pg_loss:0.058472744887694716 - actor/kl_loss:0.02376110787736252 - actor/kl_coef:0.001 - actor/loss:0.05849650874733925 - actor/grad_norm:0.4814269691705704 - actor/perf/max_memory_allocated_gb:68.40344667434692 - actor/perf/max_memory_reserved_gb:87.3203125 - actor/perf/cpu_memory_used_gb:21.34731101989746 - actor/lr:1e-06 - perf/mfu/actor:0.2955180062894893 - training/global_step:28 - training/epoch:0 - critic/score/mean:0.2734375 - critic/score/max:1.0 - critic/score/min:0.0 - critic/rewards/mean:0.2734375 - critic/rewards/max:1.0 - critic/rewards/min:0.0 - critic/advantages/mean:-0.05773256719112396 - critic/advantages/max:2.4748666286468506 - critic/advantages/min:-2.4748666286468506 - critic/returns/mean:-0.05773256719112396 - critic/returns/max:2.4748666286468506 - critic/returns/min:-2.4748666286468506 - response_length/mean:824.0625 - response_length/max:2048.0 - response_length/min:122.0 - response_length/clip_ratio:0.1484375 - response_length_non_aborted/mean:824.0625 - response_length_non_aborted/max:2048.0 - response_length_non_aborted/min:122.0 - response_length_non_aborted/clip_ratio:0.1484375 - response/aborted_ratio:0.0 - prompt_length/mean:123.9375 - prompt_length/max:126.0 - prompt_length/min:122.0 - prompt_length/clip_ratio:0.0 - num_turns/min:2 - num_turns/max:2 - num_turns/mean:2.0 - timing_s/start_profile:8.687935769557953e-05 - timing_s/agent_loop/num_preempted/min:-1 - timing_s/agent_loop/num_preempted/max:-1 - timing_s/agent_loop/num_preempted/mean:-1.0 - timing_s/agent_loop/generate_sequences/min:0.8046239987015724 - timing_s/agent_loop/generate_sequences/max:10.004742303863168 - timing_s/agent_loop/generate_sequences/mean:4.441654585723882 - timing_s/agent_loop/tool_calls/min:0.0 - timing_s/agent_loop/tool_calls/max:0.0 - timing_s/agent_loop/tool_calls/mean:0.0 - timing_s/agent_loop/compute_score/min:0.004687083885073662 - timing_s/agent_loop/compute_score/max:0.019659587182104588 - timing_s/agent_loop/compute_score/mean:0.006621582513616886 - timing_s/agent_loop/slowest/generate_sequences:10.004742303863168 - timing_s/agent_loop/slowest/tool_calls:0.0 - timing_s/agent_loop/slowest/compute_score:0.005371146835386753 - timing_s/agent_loop/slowest/num_preempted:-1 - timing_s/agent_loop/slowest/prompt_length:125 - timing_s/agent_loop/slowest/response_length:2048 - timing_s/gen:10.591242402791977 - timing_s/reward:1.7678365111351013e-05 - timing_s/old_log_prob:2.4661897998303175 - timing_s/ref:4.604198576882482 - timing_s/adv:0.0036070654168725014 - timing_s/update_actor:8.857028192840517 - timing_s/update_weights:1.2527638440951705 - timing_s/step:27.82448210287839 - timing_s/stop_profile:8.337851613759995e-05 - timing_per_token_ms/gen:0.10040995831240024 - timing_per_token_ms/ref:0.03794335588807425 - timing_per_token_ms/adv:2.972594785792871e-05 - timing_per_token_ms/update_actor:0.07299106830861449 - perf/total_num_tokens:121344 - perf/time_per_step:27.82448210287839 - perf/throughput:4361.051521151123
[36m(TaskRunner pid=109178)[0m Training Progress:  29%|██▉       | 29/100 [14:33<33:54, 28.65s/it]
[36m(WorkerDict pid=109563)[0m INFO:2026-07-30 11:07:41,480:update_weights done, time cost: 0.53s
[36m(TaskRunner pid=109178)[0m Training Progress:  30%|███       | 30/100 [15:00<32:44, 28.06s/it]
[36m(WorkerDict pid=109563)[0m INFO:2026-07-30 11:08:09,950:update_weights done, time cost: 0.58s
[36m(TaskRunner pid=109178)[0m step:29 - global_seqlen/min:129677 - global_seqlen/max:129677 - global_seqlen/minmax_diff:0 - global_seqlen/balanced_min:129677 - global_seqlen/balanced_max:129677 - global_seqlen/mean:129677.0 - actor/entropy:0.8245216608047485 - perf/mfu/actor_infer:0.36575098076108664 - actor/pg_clipfrac:0.0005656234570778906 - actor/ppo_kl:9.79173785964349e-06 - actor/pg_clipfrac_lower:0.0 - actor/pg_loss:0.18246259493753314 - actor/kl_loss:0.02623667346779257 - actor/kl_coef:0.001 - actor/loss:0.1824888288974762 - actor/grad_norm:0.6374140083789825 - actor/perf/max_memory_allocated_gb:68.40344667434692 - actor/perf/max_memory_reserved_gb:87.3203125 - actor/perf/cpu_memory_used_gb:21.352811813354492 - actor/lr:1e-06 - perf/mfu/actor:0.2982910324788821 - training/global_step:29 - training/epoch:0 - critic/score/mean:0.3359375 - critic/score/max:1.0 - critic/score/min:0.0 - critic/rewards/mean:0.3359375 - critic/rewards/max:1.0 - critic/rewards/min:0.0 - critic/advantages/mean:-0.18238699436187744 - critic/advantages/max:2.4748666286468506 - critic/advantages/min:-1.6201815605163574 - critic/returns/mean:-0.18238699436187744 - critic/returns/max:2.4748666286468506 - critic/returns/min:-1.6201815605163574 - response_length/mean:889.5390625 - response_length/max:2048.0 - response_length/min:165.0 - response_length/clip_ratio:0.109375 - response_length_non_aborted/mean:889.5390625 - response_length_non_aborted/max:2048.0 - response_length_non_aborted/min:165.0 - response_length_non_aborted/clip_ratio:0.109375 - response/aborted_ratio:0.0 - prompt_length/mean:123.5625 - prompt_length/max:126.0 - prompt_length/min:122.0 - prompt_length/clip_ratio:0.0 - num_turns/min:2 - num_turns/max:2 - num_turns/mean:2.0 - timing_s/start_profile:8.336920291185379e-05 - timing_s/agent_loop/num_preempted/min:-1 - timing_s/agent_loop/num_preempted/max:-1 - timing_s/agent_loop/num_preempted/mean:-1.0 - timing_s/agent_loop/generate_sequences/min:1.0706010181456804 - timing_s/agent_loop/generate_sequences/max:10.234002861194313 - timing_s/agent_loop/generate_sequences/mean:4.85943183631025 - timing_s/agent_loop/tool_calls/min:0.0 - timing_s/agent_loop/tool_calls/max:0.0 - timing_s/agent_loop/tool_calls/mean:0.0 - timing_s/agent_loop/compute_score/min:0.004976941272616386 - timing_s/agent_loop/compute_score/max:0.01968726608902216 - timing_s/agent_loop/compute_score/mean:0.00672554069024045 - timing_s/agent_loop/slowest/generate_sequences:10.234002861194313 - timing_s/agent_loop/slowest/tool_calls:0.0 - timing_s/agent_loop/slowest/compute_score:0.005571315065026283 - timing_s/agent_loop/slowest/num_preempted:-1 - timing_s/agent_loop/slowest/prompt_length:125 - timing_s/agent_loop/slowest/response_length:2048 - timing_s/gen:10.829947398044169 - timing_s/reward:1.5799887478351593e-05 - timing_s/old_log_prob:2.610196877270937 - timing_s/ref:4.64852359239012 - timing_s/adv:0.003603314980864525 - timing_s/update_actor:9.375789885409176 - timing_s/update_weights:1.2563026724383235 - timing_s/step:28.773779852315784 - timing_s/stop_profile:8.43387097120285e-05 - timing_per_token_ms/gen:0.09511551275717031 - timing_per_token_ms/ref:0.035846939645350524 - timing_per_token_ms/adv:2.7786847173087942e-05 - timing_per_token_ms/update_actor:0.07230110108507427 - perf/total_num_tokens:129677 - perf/time_per_step:28.773779852315784 - perf/throughput:4506.7766788228655
[36m(TaskRunner pid=109178)[0m step:30 - global_seqlen/min:112369 - global_seqlen/max:112369 - global_seqlen/minmax_diff:0 - global_seqlen/balanced_min:112369 - global_seqlen/balanced_max:112369 - global_seqlen/mean:112369.0 - actor/entropy:0.7747219800949097 - perf/mfu/actor_infer:0.36017442333132554 - actor/pg_clipfrac:0.0006065671259420924 - actor/ppo_kl:3.3623197396082105e-05 - actor/pg_clipfrac_lower:0.0 - actor/pg_loss:0.1706821487750858 - actor/kl_loss:0.030236018355935812 - actor/kl_coef:0.001 - actor/loss:0.17071238905191422 - actor/grad_norm:0.6356409788131714 - actor/perf/max_memory_allocated_gb:68.40344667434692 - actor/perf/max_memory_reserved_gb:87.3203125 - actor/perf/cpu_memory_used_gb:21.372600555419922 - actor/lr:1e-06 - perf/mfu/actor:0.2929288416479726 - training/global_step:30 - training/epoch:0 - critic/score/mean:0.421875 - critic/score/max:1.0 - critic/score/min:0.0 - critic/rewards/mean:0.421875 - critic/rewards/max:1.0 - critic/rewards/min:0.0 - critic/advantages/mean:-0.17080345749855042 - critic/advantages/max:2.4748666286468506 - critic/advantages/min:-2.4748666286468506 - critic/returns/mean:-0.17080345749855042 - critic/returns/max:2.4748666286468506 - critic/returns/min:-2.4748666286468506 - response_length/mean:754.9453125 - response_length/max:2048.0 - response_length/min:178.0 - response_length/clip_ratio:0.109375 - response_length_non_aborted/mean:754.9453125 - response_length_non_aborted/max:2048.0 - response_length_non_aborted/min:178.0 - response_length_non_aborted/clip_ratio:0.109375 - response/aborted_ratio:0.0 - prompt_length/mean:122.9375 - prompt_length/max:125.0 - prompt_length/min:122.0 - prompt_length/clip_ratio:0.0 - num_turns/min:2 - num_turns/max:2 - num_turns/mean:2.0 - timing_s/start_profile:8.186884224414825e-05 - timing_s/agent_loop/num_preempted/min:-1 - timing_s/agent_loop/num_preempted/max:-1 - timing_s/agent_loop/num_preempted/mean:-1.0 - timing_s/agent_loop/generate_sequences/min:1.1186189791187644 - timing_s/agent_loop/generate_sequences/max:9.65057487692684 - timing_s/agent_loop/generate_sequences/mean:3.987989796536567 - timing_s/agent_loop/tool_calls/min:0.0 - timing_s/agent_loop/tool_calls/max:0.0 - timing_s/agent_loop/tool_calls/mean:0.0 - timing_s/agent_loop/compute_score/min:0.00395630020648241 - timing_s/agent_loop/compute_score/max:0.024075163528323174 - timing_s/agent_loop/compute_score/mean:0.006454771464632358 - timing_s/agent_loop/slowest/generate_sequences:9.65057487692684 - timing_s/agent_loop/slowest/tool_calls:0.0 - timing_s/agent_loop/slowest/compute_score:0.005729364231228828 - timing_s/agent_loop/slowest/num_preempted:-1 - timing_s/agent_loop/slowest/prompt_length:125 - timing_s/agent_loop/slowest/response_length:2048 - timing_s/gen:10.242040419951081 - timing_s/reward:1.5130266547203064e-05 - timing_s/old_log_prob:2.305895421653986 - timing_s/ref:4.56061827018857 - timing_s/adv:0.0036344239488244057 - timing_s/update_actor:8.270511374808848 - timing_s/update_weights:1.251985096372664 - timing_s/step:26.68415073119104 - timing_s/stop_profile:8.308887481689453e-05 - timing_per_token_ms/gen:0.10598905570510159 - timing_per_token_ms/ref:0.04058608931456692 - timing_per_token_ms/adv:3.234365304331627e-05 - timing_per_token_ms/update_actor:0.07360136136130827 - perf/total_num_tokens:112369 - perf/time_per_step:26.68415073119104 - perf/throughput:4211.076497505021
[36m(TaskRunner pid=109178)[0m Training Progress:  31%|███       | 31/100 [15:28<32:25, 28.19s/it]
[36m(WorkerDict pid=109563)[0m INFO:2026-07-30 11:08:39,243:update_weights done, time cost: 0.57s
[36m(TaskRunner pid=109178)[0m Training Progress:  32%|███▏      | 32/100 [15:58<32:19, 28.52s/it]
[36m(WorkerDict pid=109563)[0m INFO:2026-07-30 11:09:06,440:update_weights done, time cost: 0.54s
[36m(TaskRunner pid=109178)[0m step:31 - global_seqlen/min:126610 - global_seqlen/max:126610 - global_seqlen/minmax_diff:0 - global_seqlen/balanced_min:126610 - global_seqlen/balanced_max:126610 - global_seqlen/mean:126610.0 - actor/entropy:0.6930879950523376 - perf/mfu/actor_infer:0.3657534682692953 - actor/pg_clipfrac:0.00042608410512912087 - actor/ppo_kl:-0.0001244102909367939 - actor/pg_clipfrac_lower:0.0 - actor/pg_loss:0.08023399484545735 - actor/kl_loss:0.028236103826202452 - actor/kl_coef:0.001 - actor/loss:0.08026222698390484 - actor/grad_norm:0.6543138325214386 - actor/perf/max_memory_allocated_gb:68.40344667434692 - actor/perf/max_memory_reserved_gb:87.3203125 - actor/perf/cpu_memory_used_gb:21.3663387298584 - actor/lr:1e-06 - perf/mfu/actor:0.29661415210086023 - training/global_step:31 - training/epoch:0 - critic/score/mean:0.2734375 - critic/score/max:1.0 - critic/score/min:0.0 - critic/rewards/mean:0.2734375 - critic/rewards/max:1.0 - critic/rewards/min:0.0 - critic/advantages/mean:-0.0804552212357521 - critic/advantages/max:2.4748666286468506 - critic/advantages/min:-1.6201815605163574 - critic/returns/mean:-0.0804552212357521 - critic/returns/max:2.4748666286468506 - critic/returns/min:-1.6201815605163574 - response_length/mean:865.078125 - response_length/max:2048.0 - response_length/min:132.0 - response_length/clip_ratio:0.1328125 - response_length_non_aborted/mean:865.078125 - response_length_non_aborted/max:2048.0 - response_length_non_aborted/min:132.0 - response_length_non_aborted/clip_ratio:0.1328125 - response/aborted_ratio:0.0 - prompt_length/mean:124.0625 - prompt_length/max:125.0 - prompt_length/min:122.0 - prompt_length/clip_ratio:0.0 - num_turns/min:2 - num_turns/max:2 - num_turns/mean:2.0 - timing_s/start_profile:8.757039904594421e-05 - timing_s/agent_loop/num_preempted/min:-1 - timing_s/agent_loop/num_preempted/max:-1 - timing_s/agent_loop/num_preempted/mean:-1.0 - timing_s/agent_loop/generate_sequences/min:0.8532745540142059 - timing_s/agent_loop/generate_sequences/max:10.134525031782687 - timing_s/agent_loop/generate_sequences/mean:4.698818283141009 - timing_s/agent_loop/tool_calls/min:0.0 - timing_s/agent_loop/tool_calls/max:0.0 - timing_s/agent_loop/tool_calls/mean:0.0 - timing_s/agent_loop/compute_score/min:0.003664134070277214 - timing_s/agent_loop/compute_score/max:0.01871547568589449 - timing_s/agent_loop/compute_score/mean:0.0068952883666497655 - timing_s/agent_loop/slowest/generate_sequences:10.133254275657237 - timing_s/agent_loop/slowest/tool_calls:0.0 - timing_s/agent_loop/slowest/compute_score:0.007357456721365452 - timing_s/agent_loop/slowest/num_preempted:-1 - timing_s/agent_loop/slowest/prompt_length:125 - timing_s/agent_loop/slowest/response_length:2048 - timing_s/gen:10.706404938362539 - timing_s/reward:1.6168691217899323e-05 - timing_s/old_log_prob:2.551493188366294 - timing_s/ref:4.6406767927110195 - timing_s/adv:0.003611253574490547 - timing_s/update_actor:9.216871675103903 - timing_s/update_weights:1.3122634971514344 - timing_s/step:28.48064731899649 - timing_s/stop_profile:8.871965110301971e-05 - timing_per_token_ms/gen:0.09668928870552279 - timing_per_token_ms/ref:0.03665331958542785 - timing_per_token_ms/adv:2.852265677664124e-05 - timing_per_token_ms/update_actor:0.07279734361506913 - perf/total_num_tokens:126610 - perf/time_per_step:28.48064731899649 - perf/throughput:4445.474801956189
[36m(TaskRunner pid=109178)[0m step:32 - global_seqlen/min:132993 - global_seqlen/max:132993 - global_seqlen/minmax_diff:0 - global_seqlen/balanced_min:132993 - global_seqlen/balanced_max:132993 - global_seqlen/mean:132993.0 - actor/entropy:0.708702802658081 - perf/mfu/actor_infer:0.3671024370077711 - actor/pg_clipfrac:0.0005286917703415384 - actor/ppo_kl:0.0001813981816667365 - actor/pg_clipfrac_lower:0.0 - actor/pg_loss:0.0011737254244508222 - actor/kl_loss:0.029557569418102503 - actor/kl_coef:0.001 - actor/loss:0.001203283667564392 - actor/grad_norm:0.35536447167396545 - actor/perf/max_memory_allocated_gb:68.41117525100708 - actor/perf/max_memory_reserved_gb:87.3203125 - actor/perf/cpu_memory_used_gb:21.396718978881836 - actor/lr:1e-06 - perf/mfu/actor:0.2973311924666693 - training/global_step:32 - training/epoch:0 - critic/score/mean:0.2421875 - critic/score/max:1.0 - critic/score/min:0.0 - critic/rewards/mean:0.2421875 - critic/rewards/max:1.0 - critic/rewards/min:0.0 - critic/advantages/mean:-0.0007859191973693669 - critic/advantages/max:0.935412585735321 - critic/advantages/min:-1.6201815605163574 - critic/returns/mean:-0.0007859191973693669 - critic/returns/max:0.935412585735321 - critic/returns/min:-1.6201815605163574 - response_length/mean:913.2578125 - response_length/max:2048.0 - response_length/min:160.0 - response_length/clip_ratio:0.109375 - response_length_non_aborted/mean:913.2578125 - response_length_non_aborted/max:2048.0 - response_length_non_aborted/min:160.0 - response_length_non_aborted/clip_ratio:0.109375 - response/aborted_ratio:0.0 - prompt_length/mean:125.75 - prompt_length/max:140.0 - prompt_length/min:122.0 - prompt_length/clip_ratio:0.0 - num_turns/min:2 - num_turns/max:2 - num_turns/mean:2.0 - timing_s/start_profile:8.347909897565842e-05 - timing_s/agent_loop/num_preempted/min:-1 - timing_s/agent_loop/num_preempted/max:-1 - timing_s/agent_loop/num_preempted/mean:-1.0 - timing_s/agent_loop/generate_sequences/min:1.0273036425933242 - timing_s/agent_loop/generate_sequences/max:10.320387715473771 - timing_s/agent_loop/generate_sequences/mean:4.9742194266291335 - timing_s/agent_loop/tool_calls/min:0.0 - timing_s/agent_loop/tool_calls/max:0.0 - timing_s/agent_loop/tool_calls/mean:0.0 - timing_s/agent_loop/compute_score/min:0.004932991228997707 - timing_s/agent_loop/compute_score/max:0.020461659878492355 - timing_s/agent_loop/compute_score/mean:0.0067129300368833356 - timing_s/agent_loop/slowest/generate_sequences:10.320387715473771 - timing_s/agent_loop/slowest/tool_calls:0.0 - timing_s/agent_loop/slowest/compute_score:0.0063217077404260635 - timing_s/agent_loop/slowest/num_preempted:-1 - timing_s/agent_loop/slowest/prompt_length:140 - timing_s/agent_loop/slowest/response_length:2048 - timing_s/gen:10.901861409656703 - timing_s/reward:1.6199424862861633e-05 - timing_s/old_log_prob:2.6727018412202597 - timing_s/ref:4.681514510884881 - timing_s/adv:0.0036286842077970505 - timing_s/update_actor:9.666208171285689 - timing_s/update_weights:1.306148069910705 - timing_s/step:29.28266293834895 - timing_s/stop_profile:8.049886673688889e-05 - timing_per_token_ms/gen:0.09326040368578067 - timing_per_token_ms/ref:0.0352012099199573 - timing_per_token_ms/adv:2.7284775949087927e-05 - timing_per_token_ms/update_actor:0.07268208229971268 - perf/total_num_tokens:132993 - perf/time_per_step:29.28266293834895 - perf/throughput:4541.697600385608
[36m(TaskRunner pid=109178)[0m Training Progress:  33%|███▎      | 33/100 [16:25<31:24, 28.12s/it]
[36m(WorkerDict pid=109563)[0m INFO:2026-07-30 11:09:34,147:update_weights done, time cost: 0.55s
[36m(TaskRunner pid=109178)[0m Training Progress:  34%|███▍      | 34/100 [16:53<30:48, 28.00s/it]
[36m(WorkerDict pid=109563)[0m INFO:2026-07-30 11:10:03,830:update_weights done, time cost: 0.53s
[36m(TaskRunner pid=109178)[0m step:33 - global_seqlen/min:112374 - global_seqlen/max:112374 - global_seqlen/minmax_diff:0 - global_seqlen/balanced_min:112374 - global_seqlen/balanced_max:112374 - global_seqlen/mean:112374.0 - actor/entropy:0.6677438616752625 - perf/mfu/actor_infer:0.3613449050763238 - actor/pg_clipfrac:0.0009396853347425349 - actor/ppo_kl:7.468762078133295e-06 - actor/pg_clipfrac_lower:0.0 - actor/pg_loss:0.09475457097869366 - actor/kl_loss:0.03594747057650238 - actor/kl_coef:0.001 - actor/loss:0.09479052014648914 - actor/grad_norm:0.7304881513118744 - actor/perf/max_memory_allocated_gb:68.41117525100708 - actor/perf/max_memory_reserved_gb:87.33984375 - actor/perf/cpu_memory_used_gb:21.35761260986328 - actor/lr:1e-06 - perf/mfu/actor:0.2927602240004215 - training/global_step:33 - training/epoch:0 - critic/score/mean:0.484375 - critic/score/max:1.0 - critic/score/min:0.0 - critic/rewards/mean:0.484375 - critic/rewards/max:1.0 - critic/rewards/min:0.0 - critic/advantages/mean:-0.09553629904985428 - critic/advantages/max:2.4748666286468506 - critic/advantages/min:-2.4748666286468506 - critic/returns/mean:-0.09553629904985428 - critic/returns/max:2.4748666286468506 - critic/returns/min:-2.4748666286468506 - response_length/mean:754.984375 - response_length/max:2048.0 - response_length/min:126.0 - response_length/clip_ratio:0.1171875 - response_length_non_aborted/mean:754.984375 - response_length_non_aborted/max:2048.0 - response_length_non_aborted/min:126.0 - response_length_non_aborted/clip_ratio:0.1171875 - response/aborted_ratio:0.0 - prompt_length/mean:122.9375 - prompt_length/max:125.0 - prompt_length/min:122.0 - prompt_length/clip_ratio:0.0 - num_turns/min:2 - num_turns/max:2 - num_turns/mean:2.0 - timing_s/start_profile:7.982924580574036e-05 - timing_s/agent_loop/num_preempted/min:-1 - timing_s/agent_loop/num_preempted/max:-1 - timing_s/agent_loop/num_preempted/mean:-1.0 - timing_s/agent_loop/generate_sequences/min:0.8072796808555722 - timing_s/agent_loop/generate_sequences/max:9.77109136711806 - timing_s/agent_loop/generate_sequences/mean:3.965805965635809 - timing_s/agent_loop/tool_calls/min:0.0 - timing_s/agent_loop/tool_calls/max:0.0 - timing_s/agent_loop/tool_calls/mean:0.0 - timing_s/agent_loop/compute_score/min:0.004275617189705372 - timing_s/agent_loop/compute_score/max:0.0141353914514184 - timing_s/agent_loop/compute_score/mean:0.006281951442360878 - timing_s/agent_loop/slowest/generate_sequences:9.77109136711806 - timing_s/agent_loop/slowest/tool_calls:0.0 - timing_s/agent_loop/slowest/compute_score:0.005527866072952747 - timing_s/agent_loop/slowest/num_preempted:-1 - timing_s/agent_loop/slowest/prompt_length:125 - timing_s/agent_loop/slowest/response_length:2048 - timing_s/gen:10.350456053391099 - timing_s/reward:1.666974276304245e-05 - timing_s/old_log_prob:2.6676127072423697 - timing_s/ref:4.556394352577627 - timing_s/adv:0.0036030039191246033 - timing_s/update_actor:8.28627234697342 - timing_s/update_weights:1.2696682922542095 - timing_s/step:27.184031061828136 - timing_s/stop_profile:9.453948587179184e-05 - timing_per_token_ms/gen:0.10710544561550424 - timing_per_token_ms/ref:0.0405466954329082 - timing_per_token_ms/adv:3.206261162835356e-05 - timing_per_token_ms/update_actor:0.07373834113739317 - perf/total_num_tokens:112374 - perf/time_per_step:27.184031061828136 - perf/throughput:4133.823999259468
[36m(TaskRunner pid=109178)[0m step:34 - global_seqlen/min:121232 - global_seqlen/max:121232 - global_seqlen/minmax_diff:0 - global_seqlen/balanced_min:121232 - global_seqlen/balanced_max:121232 - global_seqlen/mean:121232.0 - actor/entropy:0.6545782089233398 - perf/mfu/actor_infer:0.36450597538429674 - actor/pg_clipfrac:0.0007252298073581187 - actor/ppo_kl:0.00012972512195119634 - actor/pg_clipfrac_lower:0.0 - actor/pg_loss:-0.011841185856610537 - actor/kl_loss:0.03573381237220019 - actor/kl_coef:0.001 - actor/loss:-0.011805452406406403 - actor/grad_norm:0.554515540599823 - actor/perf/max_memory_allocated_gb:68.41117525100708 - actor/perf/max_memory_reserved_gb:87.33984375 - actor/perf/cpu_memory_used_gb:21.320011138916016 - actor/lr:1e-06 - perf/mfu/actor:0.2961237974380534 - training/global_step:34 - training/epoch:0 - critic/score/mean:0.328125 - critic/score/max:1.0 - critic/score/min:0.0 - critic/rewards/mean:0.328125 - critic/rewards/max:1.0 - critic/rewards/min:0.0 - critic/advantages/mean:0.012456296011805534 - critic/advantages/max:2.4748666286468506 - critic/advantages/min:-2.4748666286468506 - critic/returns/mean:0.012456296011805534 - critic/returns/max:2.4748666286468506 - critic/returns/min:-2.4748666286468506 - response_length/mean:822.25 - response_length/max:2048.0 - response_length/min:158.0 - response_length/clip_ratio:0.1171875 - response_length_non_aborted/mean:822.25 - response_length_non_aborted/max:2048.0 - response_length_non_aborted/min:158.0 - response_length_non_aborted/clip_ratio:0.1171875 - response/aborted_ratio:0.0 - prompt_length/mean:124.875 - prompt_length/max:137.0 - prompt_length/min:122.0 - prompt_length/clip_ratio:0.0 - num_turns/min:2 - num_turns/max:2 - num_turns/mean:2.0 - timing_s/start_profile:9.240955114364624e-05 - timing_s/agent_loop/num_preempted/min:-1 - timing_s/agent_loop/num_preempted/max:-1 - timing_s/agent_loop/num_preempted/mean:-1.0 - timing_s/agent_loop/generate_sequences/min:1.0263413470238447 - timing_s/agent_loop/generate_sequences/max:9.903436753898859 - timing_s/agent_loop/generate_sequences/mean:4.445628019333526 - timing_s/agent_loop/tool_calls/min:0.0 - timing_s/agent_loop/tool_calls/max:0.0 - timing_s/agent_loop/tool_calls/mean:0.0 - timing_s/agent_loop/compute_score/min:0.004390916787087917 - timing_s/agent_loop/compute_score/max:0.02650418970733881 - timing_s/agent_loop/compute_score/mean:0.006739308599208016 - timing_s/agent_loop/slowest/generate_sequences:9.903436753898859 - timing_s/agent_loop/slowest/tool_calls:0.0 - timing_s/agent_loop/slowest/compute_score:0.006409727036952972 - timing_s/agent_loop/slowest/num_preempted:-1 - timing_s/agent_loop/slowest/prompt_length:122 - timing_s/agent_loop/slowest/response_length:2048 - timing_s/gen:10.485423155128956 - timing_s/reward:1.5869736671447754e-05 - timing_s/old_log_prob:2.4525762191042304 - timing_s/ref:4.607792904600501 - timing_s/adv:0.0036613037809729576 - timing_s/update_actor:8.822043809108436 - timing_s/update_weights:1.2940203342586756 - timing_s/step:27.715462734922767 - timing_s/stop_profile:8.565932512283325e-05 - timing_per_token_ms/gen:0.09962586609844326 - timing_per_token_ms/ref:0.03800805814141894 - timing_per_token_ms/adv:3.0200803261292048e-05 - timing_per_token_ms/update_actor:0.07276992715709084 - perf/total_num_tokens:121232 - perf/time_per_step:27.715462734922767 - perf/throughput:4374.16474548852
[36m(TaskRunner pid=109178)[0m Training Progress:  35%|███▌      | 35/100 [17:22<30:52, 28.50s/it]
[36m(WorkerDict pid=109563)[0m INFO:2026-07-30 11:10:31,790:update_weights done, time cost: 0.56s
[36m(TaskRunner pid=109178)[0m Training Progress:  36%|███▌      | 36/100 [17:50<30:14, 28.34s/it]
[36m(WorkerDict pid=109563)[0m INFO:2026-07-30 11:10:59,081:update_weights done, time cost: 0.54s
[36m(TaskRunner pid=109178)[0m step:35 - global_seqlen/min:136621 - global_seqlen/max:136621 - global_seqlen/minmax_diff:0 - global_seqlen/balanced_min:136621 - global_seqlen/balanced_max:136621 - global_seqlen/mean:136621.0 - actor/entropy:0.5774955153465271 - perf/mfu/actor_infer:0.3666764219321224 - actor/pg_clipfrac:0.0006221774765435839 - actor/ppo_kl:6.731357098033186e-05 - actor/pg_clipfrac_lower:0.0 - actor/pg_loss:0.1139389832969755 - actor/kl_loss:0.034503691480495036 - actor/kl_coef:0.001 - actor/loss:0.11397349089384079 - actor/grad_norm:0.5323143303394318 - actor/perf/max_memory_allocated_gb:68.42917490005493 - actor/perf/max_memory_reserved_gb:87.33984375 - actor/perf/cpu_memory_used_gb:21.32950210571289 - actor/lr:1e-06 - perf/mfu/actor:0.2991073748318037 - training/global_step:35 - training/epoch:0 - critic/score/mean:0.3828125 - critic/score/max:1.0 - critic/score/min:0.0 - critic/rewards/mean:0.3828125 - critic/rewards/max:1.0 - critic/rewards/min:0.0 - critic/advantages/mean:-0.11294540762901306 - critic/advantages/max:1.6201815605163574 - critic/advantages/min:-2.4748666286468506 - critic/returns/mean:-0.11294540762901306 - critic/returns/max:1.6201815605163574 - critic/returns/min:-2.4748666286468506 - response_length/mean:942.2890625 - response_length/max:2048.0 - response_length/min:205.0 - response_length/clip_ratio:0.1875 - response_length_non_aborted/mean:942.2890625 - response_length_non_aborted/max:2048.0 - response_length_non_aborted/min:205.0 - response_length_non_aborted/clip_ratio:0.1875 - response/aborted_ratio:0.0 - prompt_length/mean:125.0625 - prompt_length/max:140.0 - prompt_length/min:122.0 - prompt_length/clip_ratio:0.0 - num_turns/min:2 - num_turns/max:2 - num_turns/mean:2.0 - timing_s/start_profile:8.205883204936981e-05 - timing_s/agent_loop/num_preempted/min:-1 - timing_s/agent_loop/num_preempted/max:-1 - timing_s/agent_loop/num_preempted/mean:-1.0 - timing_s/agent_loop/generate_sequences/min:1.3006229791790247 - timing_s/agent_loop/generate_sequences/max:10.45373872667551 - timing_s/agent_loop/generate_sequences/mean:5.15046139711194 - timing_s/agent_loop/tool_calls/min:0.0 - timing_s/agent_loop/tool_calls/max:0.0 - timing_s/agent_loop/tool_calls/mean:0.0 - timing_s/agent_loop/compute_score/min:0.004843313246965408 - timing_s/agent_loop/compute_score/max:0.03663543984293938 - timing_s/agent_loop/compute_score/mean:0.0077047243030392565 - timing_s/agent_loop/slowest/generate_sequences:10.45373872667551 - timing_s/agent_loop/slowest/tool_calls:0.0 - timing_s/agent_loop/slowest/compute_score:0.006422556005418301 - timing_s/agent_loop/slowest/num_preempted:-1 - timing_s/agent_loop/slowest/prompt_length:140 - timing_s/agent_loop/slowest/response_length:2048 - timing_s/gen:11.047316145151854 - timing_s/reward:2.3729167878627777e-05 - timing_s/old_log_prob:2.7439822861924767 - timing_s/ref:4.685881397686899 - timing_s/adv:0.003660953603684902 - timing_s/update_actor:9.8684754492715 - timing_s/update_weights:1.2660733116790652 - timing_s/step:29.666148843243718 - timing_s/stop_profile:8.168909698724747e-05 - timing_per_token_ms/gen:0.09159307989314464 - timing_per_token_ms/ref:0.0342983977403686 - timing_per_token_ms/adv:2.6796419318295884e-05 - timing_per_token_ms/update_actor:0.0722324931692163 - perf/total_num_tokens:136621 - perf/time_per_step:29.666148843243718 - perf/throughput:4605.28263111963
[36m(TaskRunner pid=109178)[0m step:36 - global_seqlen/min:121883 - global_seqlen/max:121883 - global_seqlen/minmax_diff:0 - global_seqlen/balanced_min:121883 - global_seqlen/balanced_max:121883 - global_seqlen/mean:121883.0 - actor/entropy:0.5602877140045166 - perf/mfu/actor_infer:0.3640612114363653 - actor/pg_clipfrac:0.0007089610680850456 - actor/ppo_kl:9.159089597687853e-05 - actor/pg_clipfrac_lower:0.0 - actor/pg_loss:0.12931781460065395 - actor/kl_loss:0.04078320600092411 - actor/kl_coef:0.001 - actor/loss:0.12935858592391014 - actor/grad_norm:0.6293734610080719 - actor/perf/max_memory_allocated_gb:68.42917490005493 - actor/perf/max_memory_reserved_gb:87.33984375 - actor/perf/cpu_memory_used_gb:21.36534309387207 - actor/lr:1e-06 - perf/mfu/actor:0.2952954885347631 - training/global_step:36 - training/epoch:0 - critic/score/mean:0.4375 - critic/score/max:1.0 - critic/score/min:0.0 - critic/rewards/mean:0.4375 - critic/rewards/max:1.0 - critic/rewards/min:0.0 - critic/advantages/mean:-0.12917988002300262 - critic/advantages/max:2.4748666286468506 - critic/advantages/min:-2.4748666286468506 - critic/returns/mean:-0.12917988002300262 - critic/returns/max:2.4748666286468506 - critic/returns/min:-2.4748666286468506 - response_length/mean:828.6484375 - response_length/max:2048.0 - response_length/min:170.0 - response_length/clip_ratio:0.140625 - response_length_non_aborted/mean:828.6484375 - response_length_non_aborted/max:2048.0 - response_length_non_aborted/min:170.0 - response_length_non_aborted/clip_ratio:0.140625 - response/aborted_ratio:0.0 - prompt_length/mean:123.5625 - prompt_length/max:125.0 - prompt_length/min:122.0 - prompt_length/clip_ratio:0.0 - num_turns/min:2 - num_turns/max:2 - num_turns/mean:2.0 - timing_s/start_profile:8.639879524707794e-05 - timing_s/agent_loop/num_preempted/min:-1 - timing_s/agent_loop/num_preempted/max:-1 - timing_s/agent_loop/num_preempted/mean:-1.0 - timing_s/agent_loop/generate_sequences/min:1.0913495905697346 - timing_s/agent_loop/generate_sequences/max:10.032880808226764 - timing_s/agent_loop/generate_sequences/mean:4.491128450114047 - timing_s/agent_loop/tool_calls/min:0.0 - timing_s/agent_loop/tool_calls/max:0.0 - timing_s/agent_loop/tool_calls/mean:0.0 - timing_s/agent_loop/compute_score/min:0.004564815200865269 - timing_s/agent_loop/compute_score/max:0.019574678502976894 - timing_s/agent_loop/compute_score/mean:0.006744423852069303 - timing_s/agent_loop/slowest/generate_sequences:10.032880808226764 - timing_s/agent_loop/slowest/tool_calls:0.0 - timing_s/agent_loop/slowest/compute_score:0.005537735298275948 - timing_s/agent_loop/slowest/num_preempted:-1 - timing_s/agent_loop/slowest/prompt_length:125 - timing_s/agent_loop/slowest/response_length:2048 - timing_s/gen:10.610259907320142 - timing_s/reward:1.745019108057022e-05 - timing_s/old_log_prob:2.472711510024965 - timing_s/ref:4.613669095560908 - timing_s/adv:0.0036585843190550804 - timing_s/update_actor:8.911700449883938 - timing_s/update_weights:1.3055905550718307 - timing_s/step:27.967574681155384 - timing_s/stop_profile:8.717924356460571e-05 - timing_per_token_ms/gen:0.10003356281708865 - timing_per_token_ms/ref:0.03785326169819342 - timing_per_token_ms/adv:3.0017183028437767e-05 - timing_per_token_ms/update_actor:0.07311684525228242 - perf/total_num_tokens:121883 - perf/time_per_step:27.967574681155384 - perf/throughput:4358.011067800064
[36m(TaskRunner pid=109178)[0m Training Progress:  37%|███▋      | 37/100 [18:18<29:25, 28.02s/it]
[36m(WorkerDict pid=109563)[0m INFO:2026-07-30 11:11:28,938:update_weights done, time cost: 0.53s
[36m(TaskRunner pid=109178)[0m Training Progress:  38%|███▊      | 38/100 [18:47<29:31, 28.57s/it]
[36m(WorkerDict pid=109563)[0m INFO:2026-07-30 11:11:58,237:update_weights done, time cost: 0.54s
[36m(TaskRunner pid=109178)[0m step:37 - global_seqlen/min:117071 - global_seqlen/max:117071 - global_seqlen/minmax_diff:0 - global_seqlen/balanced_min:117071 - global_seqlen/balanced_max:117071 - global_seqlen/mean:117071.0 - actor/entropy:0.5735638737678528 - perf/mfu/actor_infer:0.36274617495359457 - actor/pg_clipfrac:0.0011918221644009463 - actor/ppo_kl:9.027050043641793e-05 - actor/pg_clipfrac_lower:0.0 - actor/pg_loss:0.18573923676740378 - actor/kl_loss:0.04412587743718177 - actor/kl_coef:0.001 - actor/loss:0.18578336387872696 - actor/grad_norm:0.7196671068668365 - actor/perf/max_memory_allocated_gb:68.42917490005493 - actor/perf/max_memory_reserved_gb:87.33984375 - actor/perf/cpu_memory_used_gb:21.37896728515625 - actor/lr:1e-06 - perf/mfu/actor:0.2939845605685859 - training/global_step:37 - training/epoch:0 - critic/score/mean:0.5 - critic/score/max:1.0 - critic/score/min:0.0 - critic/rewards/mean:0.5 - critic/rewards/max:1.0 - critic/rewards/min:0.0 - critic/advantages/mean:-0.1857554316520691 - critic/advantages/max:2.4748666286468506 - critic/advantages/min:-2.4748666286468506 - critic/returns/mean:-0.1857554316520691 - critic/returns/max:2.4748666286468506 - critic/returns/min:-2.4748666286468506 - response_length/mean:791.0546875 - response_length/max:2048.0 - response_length/min:169.0 - response_length/clip_ratio:0.1171875 - response_length_non_aborted/mean:791.0546875 - response_length_non_aborted/max:2048.0 - response_length_non_aborted/min:169.0 - response_length_non_aborted/clip_ratio:0.1171875 - response/aborted_ratio:0.0 - prompt_length/mean:123.5625 - prompt_length/max:126.0 - prompt_length/min:122.0 - prompt_length/clip_ratio:0.0 - num_turns/min:2 - num_turns/max:2 - num_turns/mean:2.0 - timing_s/start_profile:8.512940257787704e-05 - timing_s/agent_loop/num_preempted/min:-1 - timing_s/agent_loop/num_preempted/max:-1 - timing_s/agent_loop/num_preempted/mean:-1.0 - timing_s/agent_loop/generate_sequences/min:1.0665313769131899 - timing_s/agent_loop/generate_sequences/max:9.805933427996933 - timing_s/agent_loop/generate_sequences/mean:4.184534395906667 - timing_s/agent_loop/tool_calls/min:0.0 - timing_s/agent_loop/tool_calls/max:0.0 - timing_s/agent_loop/tool_calls/mean:0.0 - timing_s/agent_loop/compute_score/min:0.004442666657269001 - timing_s/agent_loop/compute_score/max:0.01967078633606434 - timing_s/agent_loop/compute_score/mean:0.006640170540777035 - timing_s/agent_loop/slowest/generate_sequences:9.804801589809358 - timing_s/agent_loop/slowest/tool_calls:0.0 - timing_s/agent_loop/slowest/compute_score:0.008043740876019001 - timing_s/agent_loop/slowest/num_preempted:-1 - timing_s/agent_loop/slowest/prompt_length:125 - timing_s/agent_loop/slowest/response_length:2048 - timing_s/gen:10.377320776693523 - timing_s/reward:1.6359612345695496e-05 - timing_s/old_log_prob:2.3842108054086566 - timing_s/ref:4.583125794306397 - timing_s/adv:0.0036428235471248627 - timing_s/update_actor:8.597069779410958 - timing_s/update_weights:1.2757353410124779 - timing_s/step:27.27200876083225 - timing_s/stop_profile:8.047930896282196e-05 - timing_per_token_ms/gen:0.10248699596754257 - timing_per_token_ms/ref:0.03914825870033055 - timing_per_token_ms/adv:3.111636141422609e-05 - timing_per_token_ms/update_actor:0.07343466596690007 - perf/total_num_tokens:117071 - perf/time_per_step:27.27200876083225 - perf/throughput:4292.716426819869
[36m(TaskRunner pid=109178)[0m step:38 - global_seqlen/min:135529 - global_seqlen/max:135529 - global_seqlen/minmax_diff:0 - global_seqlen/balanced_min:135529 - global_seqlen/balanced_max:135529 - global_seqlen/mean:135529.0 - actor/entropy:0.49888700246810913 - perf/mfu/actor_infer:0.36848920462988444 - actor/pg_clipfrac:0.0008085817626124481 - actor/ppo_kl:-7.146163443394471e-05 - actor/pg_clipfrac_lower:0.0 - actor/pg_loss:0.07322262449451955 - actor/kl_loss:0.04187861061654985 - actor/kl_coef:0.001 - actor/loss:0.07326450385153294 - actor/grad_norm:0.47714823484420776 - actor/perf/max_memory_allocated_gb:68.42917490005493 - actor/perf/max_memory_reserved_gb:87.33984375 - actor/perf/cpu_memory_used_gb:21.39657211303711 - actor/lr:1e-06 - perf/mfu/actor:0.3007567151762085 - training/global_step:38 - training/epoch:0 - critic/score/mean:0.390625 - critic/score/max:1.0 - critic/score/min:0.0 - critic/rewards/mean:0.390625 - critic/rewards/max:1.0 - critic/rewards/min:0.0 - critic/advantages/mean:-0.0729665532708168 - critic/advantages/max:2.4748666286468506 - critic/advantages/min:-2.4748666286468506 - critic/returns/mean:-0.0729665532708168 - critic/returns/max:2.4748666286468506 - critic/returns/min:-2.4748666286468506 - response_length/mean:935.3203125 - response_length/max:2048.0 - response_length/min:163.0 - response_length/clip_ratio:0.1875 - response_length_non_aborted/mean:935.3203125 - response_length_non_aborted/max:2048.0 - response_length_non_aborted/min:163.0 - response_length_non_aborted/clip_ratio:0.1875 - response/aborted_ratio:0.0 - prompt_length/mean:123.5 - prompt_length/max:125.0 - prompt_length/min:122.0 - prompt_length/clip_ratio:0.0 - num_turns/min:2 - num_turns/max:2 - num_turns/mean:2.0 - timing_s/start_profile:8.345860987901688e-05 - timing_s/agent_loop/num_preempted/min:-1 - timing_s/agent_loop/num_preempted/max:-1 - timing_s/agent_loop/num_preempted/mean:-1.0 - timing_s/agent_loop/generate_sequences/min:1.0697045270353556 - timing_s/agent_loop/generate_sequences/max:10.478994604200125 - timing_s/agent_loop/generate_sequences/mean:5.115515813922684 - timing_s/agent_loop/tool_calls/min:0.0 - timing_s/agent_loop/tool_calls/max:0.0 - timing_s/agent_loop/tool_calls/mean:0.0 - timing_s/agent_loop/compute_score/min:0.004557475447654724 - timing_s/agent_loop/compute_score/max:0.020068262703716755 - timing_s/agent_loop/compute_score/mean:0.007239218080940191 - timing_s/agent_loop/slowest/generate_sequences:10.478994604200125 - timing_s/agent_loop/slowest/tool_calls:0.0 - timing_s/agent_loop/slowest/compute_score:0.005338417366147041 - timing_s/agent_loop/slowest/num_preempted:-1 - timing_s/agent_loop/slowest/prompt_length:125 - timing_s/agent_loop/slowest/response_length:2048 - timing_s/gen:11.052314525470138 - timing_s/reward:1.918058842420578e-05 - timing_s/old_log_prob:2.7120026852935553 - timing_s/ref:4.684152377769351 - timing_s/adv:0.0036439038813114166 - timing_s/update_actor:10.081477233208716 - timing_s/update_weights:1.2502415534108877 - timing_s/step:29.833744019269943 - timing_s/stop_profile:8.181948214769363e-05 - timing_per_token_ms/gen:0.09231725867199687 - timing_per_token_ms/ref:0.03456199321008309 - timing_per_token_ms/adv:2.6886525255195688e-05 - timing_per_token_ms/update_actor:0.07438612572371017 - perf/total_num_tokens:135529 - perf/time_per_step:29.833744019269943 - perf/throughput:4542.808972030474
[36m(TaskRunner pid=109178)[0m Training Progress:  39%|███▉      | 39/100 [19:17<29:16, 28.80s/it]
[36m(WorkerDict pid=109563)[0m INFO:2026-07-30 11:12:27,451:update_weights done, time cost: 0.57s
[36m(TaskRunner pid=109178)[0m Training Progress:  40%|████      | 40/100 [19:46<28:55, 28.92s/it]
[36m(WorkerDict pid=109563)[0m INFO:2026-07-30 11:12:54,651:update_weights done, time cost: 0.59s
[36m(TaskRunner pid=109178)[0m step:39 - global_seqlen/min:133384 - global_seqlen/max:133384 - global_seqlen/minmax_diff:0 - global_seqlen/balanced_min:133384 - global_seqlen/balanced_max:133384 - global_seqlen/mean:133384.0 - actor/entropy:0.49529197812080383 - perf/mfu/actor_infer:0.3677092548889173 - actor/pg_clipfrac:0.001077851820809883 - actor/ppo_kl:0.00013087870138406288 - actor/pg_clipfrac_lower:0.0 - actor/pg_loss:0.1721083065494895 - actor/kl_loss:0.040502806776203215 - actor/kl_coef:0.001 - actor/loss:0.17214880883693695 - actor/grad_norm:0.45365554094314575 - actor/perf/max_memory_allocated_gb:68.42917490005493 - actor/perf/max_memory_reserved_gb:87.33984375 - actor/perf/cpu_memory_used_gb:21.36305809020996 - actor/lr:1e-06 - perf/mfu/actor:0.2992276234554907 - training/global_step:39 - training/epoch:0 - critic/score/mean:0.4765625 - critic/score/max:1.0 - critic/score/min:0.0 - critic/rewards/mean:0.4765625 - critic/rewards/max:1.0 - critic/rewards/min:0.0 - critic/advantages/mean:-0.17141295969486237 - critic/advantages/max:2.4748666286468506 - critic/advantages/min:-2.4748666286468506 - critic/returns/mean:-0.17141295969486237 - critic/returns/max:2.4748666286468506 - critic/returns/min:-2.4748666286468506 - response_length/mean:919.125 - response_length/max:2048.0 - response_length/min:152.0 - response_length/clip_ratio:0.203125 - response_length_non_aborted/mean:919.125 - response_length_non_aborted/max:2048.0 - response_length_non_aborted/min:152.0 - response_length_non_aborted/clip_ratio:0.203125 - response/aborted_ratio:0.0 - prompt_length/mean:122.9375 - prompt_length/max:125.0 - prompt_length/min:122.0 - prompt_length/clip_ratio:0.0 - num_turns/min:2 - num_turns/max:2 - num_turns/mean:2.0 - timing_s/start_profile:8.164998143911362e-05 - timing_s/agent_loop/num_preempted/min:-1 - timing_s/agent_loop/num_preempted/max:-1 - timing_s/agent_loop/num_preempted/mean:-1.0 - timing_s/agent_loop/generate_sequences/min:0.9767071036621928 - timing_s/agent_loop/generate_sequences/max:10.408120119012892 - timing_s/agent_loop/generate_sequences/mean:4.953948993294034 - timing_s/agent_loop/tool_calls/min:0.0 - timing_s/agent_loop/tool_calls/max:0.0 - timing_s/agent_loop/tool_calls/mean:0.0 - timing_s/agent_loop/compute_score/min:0.004477225244045258 - timing_s/agent_loop/compute_score/max:0.030588489025831223 - timing_s/agent_loop/compute_score/mean:0.007655980683921371 - timing_s/agent_loop/slowest/generate_sequences:10.408120119012892 - timing_s/agent_loop/slowest/tool_calls:0.0 - timing_s/agent_loop/slowest/compute_score:0.005248078145086765 - timing_s/agent_loop/slowest/num_preempted:-1 - timing_s/agent_loop/slowest/prompt_length:125 - timing_s/agent_loop/slowest/response_length:2048 - timing_s/gen:10.994074895977974 - timing_s/reward:1.5350058674812317e-05 - timing_s/old_log_prob:2.676967652514577 - timing_s/ref:4.672122082673013 - timing_s/adv:0.0036170445382595062 - timing_s/update_actor:9.637809623032808 - timing_s/update_weights:1.2796379067003727 - timing_s/step:29.314310643821955 - timing_s/stop_profile:8.438900113105774e-05 - timing_per_token_ms/gen:0.09344888902470058 - timing_per_token_ms/ref:0.035027605130098165 - timing_per_token_ms/adv:2.71175293757835e-05 - timing_per_token_ms/update_actor:0.07225611484910341 - perf/total_num_tokens:133384 - perf/time_per_step:29.314310643821955 - perf/throughput:4550.132582705332
[36m(TaskRunner pid=109178)[0m step:40 - global_seqlen/min:132392 - global_seqlen/max:132392 - global_seqlen/minmax_diff:0 - global_seqlen/balanced_min:132392 - global_seqlen/balanced_max:132392 - global_seqlen/mean:132392.0 - actor/entropy:0.4598885178565979 - perf/mfu/actor_infer:0.3676579326206808 - actor/pg_clipfrac:0.00022507148514705477 - actor/ppo_kl:-5.0988887778657954e-05 - actor/pg_clipfrac_lower:0.0 - actor/pg_loss:0.03226872619416099 - actor/kl_loss:0.04381473991088569 - actor/kl_coef:0.001 - actor/loss:0.0323125422000885 - actor/grad_norm:0.3303716778755188 - actor/perf/max_memory_allocated_gb:68.42917490005493 - actor/perf/max_memory_reserved_gb:87.33984375 - actor/perf/cpu_memory_used_gb:21.3880672454834 - actor/lr:1e-06 - perf/mfu/actor:0.299088989014349 - training/global_step:40 - training/epoch:0 - critic/score/mean:0.421875 - critic/score/max:1.0 - critic/score/min:0.0 - critic/rewards/mean:0.421875 - critic/rewards/max:1.0 - critic/rewards/min:0.0 - critic/advantages/mean:-0.03140080347657204 - critic/advantages/max:1.20761239528656 - critic/advantages/min:-2.4748666286468506 - critic/returns/mean:-0.03140080347657204 - critic/returns/max:1.20761239528656 - critic/returns/min:-2.4748666286468506 - response_length/mean:910.3125 - response_length/max:2048.0 - response_length/min:168.0 - response_length/clip_ratio:0.1640625 - response_length_non_aborted/mean:910.3125 - response_length_non_aborted/max:2048.0 - response_length_non_aborted/min:168.0 - response_length_non_aborted/clip_ratio:0.1640625 - response/aborted_ratio:0.0 - prompt_length/mean:124.0 - prompt_length/max:127.0 - prompt_length/min:122.0 - prompt_length/clip_ratio:0.0 - num_turns/min:2 - num_turns/max:2 - num_turns/mean:2.0 - timing_s/start_profile:8.15587118268013e-05 - timing_s/agent_loop/num_preempted/min:-1 - timing_s/agent_loop/num_preempted/max:-1 - timing_s/agent_loop/num_preempted/mean:-1.0 - timing_s/agent_loop/generate_sequences/min:1.089300598949194 - timing_s/agent_loop/generate_sequences/max:10.348748638294637 - timing_s/agent_loop/generate_sequences/mean:4.931020601536147 - timing_s/agent_loop/tool_calls/min:0.0 - timing_s/agent_loop/tool_calls/max:0.0 - timing_s/agent_loop/tool_calls/mean:0.0 - timing_s/agent_loop/compute_score/min:0.0030456306412816048 - timing_s/agent_loop/compute_score/max:0.02471905667334795 - timing_s/agent_loop/compute_score/mean:0.007050769898341969 - timing_s/agent_loop/slowest/generate_sequences:10.347663588821888 - timing_s/agent_loop/slowest/tool_calls:0.0 - timing_s/agent_loop/slowest/compute_score:0.006826862692832947 - timing_s/agent_loop/slowest/num_preempted:-1 - timing_s/agent_loop/slowest/prompt_length:125 - timing_s/agent_loop/slowest/response_length:2048 - timing_s/gen:10.926362339407206 - timing_s/reward:1.5039928257465363e-05 - timing_s/old_log_prob:2.6568997148424387 - timing_s/ref:4.675178159959614 - timing_s/adv:0.003596005029976368 - timing_s/update_actor:9.578067465685308 - timing_s/update_weights:1.3059486597776413 - timing_s/step:29.19530620984733 - timing_s/stop_profile:8.307863026857376e-05 - timing_per_token_ms/gen:0.09377241966535535 - timing_per_token_ms/ref:0.035313147017641655 - timing_per_token_ms/adv:2.7161800033056136e-05 - timing_per_token_ms/update_actor:0.0723462706635243 - perf/total_num_tokens:132392 - perf/time_per_step:29.19530620984733 - perf/throughput:4534.7015389530425
[36m(TaskRunner pid=109178)[0m Training Progress:  41%|████      | 41/100 [20:13<27:55, 28.41s/it]
[36m(WorkerDict pid=109563)[0m INFO:2026-07-30 11:13:24,957:update_weights done, time cost: 0.55s
[36m(TaskRunner pid=109178)[0m Training Progress:  42%|████▏     | 42/100 [20:43<28:00, 28.97s/it]
[36m(WorkerDict pid=109563)[0m INFO:2026-07-30 11:13:55,582:update_weights done, time cost: 0.54s
[36m(TaskRunner pid=109178)[0m step:41 - global_seqlen/min:114834 - global_seqlen/max:114834 - global_seqlen/minmax_diff:0 - global_seqlen/balanced_min:114834 - global_seqlen/balanced_max:114834 - global_seqlen/mean:114834.0 - actor/entropy:0.44396480917930603 - perf/mfu/actor_infer:0.359379677601966 - actor/pg_clipfrac:0.0005068213522463338 - actor/ppo_kl:5.2938553015025036e-05 - actor/pg_clipfrac_lower:0.0 - actor/pg_loss:0.10015719325747341 - actor/kl_loss:0.05072719301097095 - actor/kl_coef:0.001 - actor/loss:0.10020792111754417 - actor/grad_norm:0.5905411839485168 - actor/perf/max_memory_allocated_gb:68.42917490005493 - actor/perf/max_memory_reserved_gb:87.33984375 - actor/perf/cpu_memory_used_gb:21.39130973815918 - actor/lr:1e-06 - perf/mfu/actor:0.2920183176917766 - training/global_step:41 - training/epoch:0 - critic/score/mean:0.5390625 - critic/score/max:1.0 - critic/score/min:0.0 - critic/rewards/mean:0.5390625 - critic/rewards/max:1.0 - critic/rewards/min:0.0 - critic/advantages/mean:-0.10010281205177307 - critic/advantages/max:2.4748666286468506 - critic/advantages/min:-2.4748666286468506 - critic/returns/mean:-0.10010281205177307 - critic/returns/max:2.4748666286468506 - critic/returns/min:-2.4748666286468506 - response_length/mean:774.203125 - response_length/max:2048.0 - response_length/min:166.0 - response_length/clip_ratio:0.109375 - response_length_non_aborted/mean:774.203125 - response_length_non_aborted/max:2048.0 - response_length_non_aborted/min:166.0 - response_length_non_aborted/clip_ratio:0.109375 - response/aborted_ratio:0.0 - prompt_length/mean:122.9375 - prompt_length/max:125.0 - prompt_length/min:122.0 - prompt_length/clip_ratio:0.0 - num_turns/min:2 - num_turns/max:2 - num_turns/mean:2.0 - timing_s/start_profile:7.634889334440231e-05 - timing_s/agent_loop/num_preempted/min:-1 - timing_s/agent_loop/num_preempted/max:-1 - timing_s/agent_loop/num_preempted/mean:-1.0 - timing_s/agent_loop/generate_sequences/min:1.0612665358930826 - timing_s/agent_loop/generate_sequences/max:9.779348772019148 - timing_s/agent_loop/generate_sequences/mean:4.129208438193018 - timing_s/agent_loop/tool_calls/min:0.0 - timing_s/agent_loop/tool_calls/max:0.0 - timing_s/agent_loop/tool_calls/mean:0.0 - timing_s/agent_loop/compute_score/min:0.004627194255590439 - timing_s/agent_loop/compute_score/max:0.036969296634197235 - timing_s/agent_loop/compute_score/mean:0.006958089616091456 - timing_s/agent_loop/slowest/generate_sequences:9.747494604438543 - timing_s/agent_loop/slowest/tool_calls:0.0 - timing_s/agent_loop/slowest/compute_score:0.036969296634197235 - timing_s/agent_loop/slowest/num_preempted:-1 - timing_s/agent_loop/slowest/prompt_length:125 - timing_s/agent_loop/slowest/response_length:2048 - timing_s/gen:10.360484368167818 - timing_s/reward:1.4999881386756897e-05 - timing_s/old_log_prob:2.365209306590259 - timing_s/ref:4.594165814109147 - timing_s/adv:0.003609924577176571 - timing_s/update_actor:8.493741028010845 - timing_s/update_weights:1.3407664094120264 - timing_s/step:27.207930047996342 - timing_s/stop_profile:7.874052971601486e-05 - timing_per_token_ms/gen:0.10454786542783727 - timing_per_token_ms/ref:0.04000701720839774 - timing_per_token_ms/adv:3.143602571691808e-05 - timing_per_token_ms/update_actor:0.07396538506026826 - perf/total_num_tokens:114834 - perf/time_per_step:27.207930047996342 - perf/throughput:4220.607734488668
[36m(TaskRunner pid=109178)[0m step:42 - global_seqlen/min:141732 - global_seqlen/max:141732 - global_seqlen/minmax_diff:0 - global_seqlen/balanced_min:141732 - global_seqlen/balanced_max:141732 - global_seqlen/mean:141732.0 - actor/entropy:0.46765372157096863 - perf/mfu/actor_infer:0.3692850799045826 - actor/pg_clipfrac:0.0003242531333853549 - actor/ppo_kl:3.2513880796614103e-06 - actor/pg_clipfrac_lower:0.0 - actor/pg_loss:0.05279343138681725 - actor/kl_loss:0.04296033421996981 - actor/kl_coef:0.001 - actor/loss:0.05283639580011368 - actor/grad_norm:0.31372541189193726 - actor/perf/max_memory_allocated_gb:68.42917490005493 - actor/perf/max_memory_reserved_gb:87.33984375 - actor/perf/cpu_memory_used_gb:21.3945255279541 - actor/lr:1e-06 - perf/mfu/actor:0.3000264931751395 - training/global_step:42 - training/epoch:0 - critic/score/mean:0.3359375 - critic/score/max:1.0 - critic/score/min:0.0 - critic/rewards/mean:0.3359375 - critic/rewards/max:1.0 - critic/rewards/min:0.0 - critic/advantages/mean:-0.05291391536593437 - critic/advantages/max:2.4748666286468506 - critic/advantages/min:-2.4748666286468506 - critic/returns/mean:-0.05291391536593437 - critic/returns/max:2.4748666286468506 - critic/returns/min:-2.4748666286468506 - response_length/mean:983.78125 - response_length/max:2048.0 - response_length/min:185.0 - response_length/clip_ratio:0.2265625 - response_length_non_aborted/mean:983.78125 - response_length_non_aborted/max:2048.0 - response_length_non_aborted/min:185.0 - response_length_non_aborted/clip_ratio:0.2265625 - response/aborted_ratio:0.0 - prompt_length/mean:123.5 - prompt_length/max:125.0 - prompt_length/min:122.0 - prompt_length/clip_ratio:0.0 - num_turns/min:2 - num_turns/max:2 - num_turns/mean:2.0 - timing_s/start_profile:8.37491825222969e-05 - timing_s/agent_loop/num_preempted/min:-1 - timing_s/agent_loop/num_preempted/max:-1 - timing_s/agent_loop/num_preempted/mean:-1.0 - timing_s/agent_loop/generate_sequences/min:1.1969718132168055 - timing_s/agent_loop/generate_sequences/max:10.62474594451487 - timing_s/agent_loop/generate_sequences/mean:5.39919625724724 - timing_s/agent_loop/tool_calls/min:0.0 - timing_s/agent_loop/tool_calls/max:0.0 - timing_s/agent_loop/tool_calls/mean:0.0 - timing_s/agent_loop/compute_score/min:0.004526455886662006 - timing_s/agent_loop/compute_score/max:0.023769157007336617 - timing_s/agent_loop/compute_score/mean:0.00750768057332607 - timing_s/agent_loop/slowest/generate_sequences:10.62474594451487 - timing_s/agent_loop/slowest/tool_calls:0.0 - timing_s/agent_loop/slowest/compute_score:0.0062046293169260025 - timing_s/agent_loop/slowest/num_preempted:-1 - timing_s/agent_loop/slowest/prompt_length:125 - timing_s/agent_loop/slowest/response_length:2048 - timing_s/gen:11.202130827121437 - timing_s/reward:1.6199424862861633e-05 - timing_s/old_log_prob:2.8317406345158815 - timing_s/ref:4.6996093625202775 - timing_s/adv:0.003652423620223999 - timing_s/update_actor:10.213690932840109 - timing_s/update_weights:1.2825199645012617 - timing_s/step:30.284219703637064 - timing_s/stop_profile:8.28700140118599e-05 - timing_per_token_ms/gen:0.08895945830120895 - timing_per_token_ms/ref:0.03315842126351337 - timing_per_token_ms/adv:2.576992930477238e-05 - timing_per_token_ms/update_actor:0.0720634079307433 - perf/total_num_tokens:141732 - perf/time_per_step:30.284219703637064 - perf/throughput:4680.0611469272335
[36m(TaskRunner pid=109178)[0m Training Progress:  43%|████▎     | 43/100 [21:14<27:59, 29.47s/it]
[36m(WorkerDict pid=109563)[0m INFO:2026-07-30 11:14:24,803:update_weights done, time cost: 0.54s
[36m(TaskRunner pid=109178)[0m Training Progress:  44%|████▍     | 44/100 [21:43<27:26, 29.40s/it]
[36m(WorkerDict pid=109563)[0m INFO:2026-07-30 11:14:57,118:update_weights done, time cost: 0.54s
[36m(TaskRunner pid=109178)[0m step:43 - global_seqlen/min:142650 - global_seqlen/max:142650 - global_seqlen/minmax_diff:0 - global_seqlen/balanced_min:142650 - global_seqlen/balanced_max:142650 - global_seqlen/mean:142650.0 - actor/entropy:0.390127956867218 - perf/mfu/actor_infer:0.37032572807885783 - actor/pg_clipfrac:0.0005475594407471363 - actor/ppo_kl:-2.1247009044600418e-05 - actor/pg_clipfrac_lower:0.0 - actor/pg_loss:0.0770438825711608 - actor/kl_loss:0.044276803033426404 - actor/kl_coef:0.001 - actor/loss:0.07708815857768059 - actor/grad_norm:0.3301643058657646 - actor/perf/max_memory_allocated_gb:68.42917490005493 - actor/perf/max_memory_reserved_gb:87.33984375 - actor/perf/cpu_memory_used_gb:21.418724060058594 - actor/lr:1e-06 - perf/mfu/actor:0.29959231850181 - training/global_step:43 - training/epoch:0 - critic/score/mean:0.40625 - critic/score/max:1.0 - critic/score/min:0.0 - critic/rewards/mean:0.40625 - critic/rewards/max:1.0 - critic/rewards/min:0.0 - critic/advantages/mean:-0.07680032402276993 - critic/advantages/max:1.20761239528656 - critic/advantages/min:-2.4748666286468506 - critic/returns/mean:-0.07680032402276993 - critic/returns/max:1.20761239528656 - critic/returns/min:-2.4748666286468506 - response_length/mean:990.765625 - response_length/max:2048.0 - response_length/min:166.0 - response_length/clip_ratio:0.2578125 - response_length_non_aborted/mean:990.765625 - response_length_non_aborted/max:2048.0 - response_length_non_aborted/min:166.0 - response_length_non_aborted/clip_ratio:0.2578125 - response/aborted_ratio:0.0 - prompt_length/mean:123.6875 - prompt_length/max:125.0 - prompt_length/min:122.0 - prompt_length/clip_ratio:0.0 - num_turns/min:2 - num_turns/max:2 - num_turns/mean:2.0 - timing_s/start_profile:8.429959416389465e-05 - timing_s/agent_loop/num_preempted/min:-1 - timing_s/agent_loop/num_preempted/max:-1 - timing_s/agent_loop/num_preempted/mean:-1.0 - timing_s/agent_loop/generate_sequences/min:1.0578718520700932 - timing_s/agent_loop/generate_sequences/max:10.850038942880929 - timing_s/agent_loop/generate_sequences/mean:5.464531021701987 - timing_s/agent_loop/tool_calls/min:0.0 - timing_s/agent_loop/tool_calls/max:0.0 - timing_s/agent_loop/tool_calls/mean:0.0 - timing_s/agent_loop/compute_score/min:0.004471476189792156 - timing_s/agent_loop/compute_score/max:0.03662362042814493 - timing_s/agent_loop/compute_score/mean:0.008461192272079643 - timing_s/agent_loop/slowest/generate_sequences:10.850038942880929 - timing_s/agent_loop/slowest/tool_calls:0.0 - timing_s/agent_loop/slowest/compute_score:0.0069823311641812325 - timing_s/agent_loop/slowest/num_preempted:-1 - timing_s/agent_loop/slowest/prompt_length:125 - timing_s/agent_loop/slowest/response_length:2048 - timing_s/gen:11.446481570601463 - timing_s/reward:1.596938818693161e-05 - timing_s/old_log_prob:2.833922715857625 - timing_s/ref:4.707042685709894 - timing_s/adv:0.003650754690170288 - timing_s/update_actor:10.30767757166177 - timing_s/update_weights:1.2680083373561502 - timing_s/step:30.615877925418317 - timing_s/stop_profile:8.776877075433731e-05 - timing_per_token_ms/gen:0.0902591238672859 - timing_per_token_ms/ref:0.032997144659725856 - timing_per_token_ms/adv:2.5592391799301002e-05 - timing_per_token_ms/update_actor:0.07225851785251855 - perf/total_num_tokens:142650 - perf/time_per_step:30.615877925418317 - perf/throughput:4659.347033833292
[36m(TaskRunner pid=109178)[0m step:44 - global_seqlen/min:129642 - global_seqlen/max:129642 - global_seqlen/minmax_diff:0 - global_seqlen/balanced_min:129642 - global_seqlen/balanced_max:129642 - global_seqlen/mean:129642.0 - actor/entropy:0.3753219544887543 - perf/mfu/actor_infer:0.3679934402327439 - actor/pg_clipfrac:0.0008047768023971003 - actor/ppo_kl:-0.00016153811066033086 - actor/pg_clipfrac_lower:0.0 - actor/pg_loss:0.17835771541285794 - actor/kl_loss:0.05138127086684108 - actor/kl_coef:0.001 - actor/loss:0.17840909957885742 - actor/grad_norm:0.6298357844352722 - actor/perf/max_memory_allocated_gb:68.42917490005493 - actor/perf/max_memory_reserved_gb:87.33984375 - actor/perf/cpu_memory_used_gb:21.365291595458984 - actor/lr:1e-06 - perf/mfu/actor:0.29784884816654733 - training/global_step:44 - training/epoch:0 - critic/score/mean:0.5703125 - critic/score/max:1.0 - critic/score/min:0.0 - critic/rewards/mean:0.5703125 - critic/rewards/max:1.0 - critic/rewards/min:0.0 - critic/advantages/mean:-0.17779044806957245 - critic/advantages/max:0.935412585735321 - critic/advantages/min:-2.4748666286468506 - critic/returns/mean:-0.17779044806957245 - critic/returns/max:0.935412585735321 - critic/returns/min:-2.4748666286468506 - response_length/mean:889.328125 - response_length/max:2048.0 - response_length/min:166.0 - response_length/clip_ratio:0.1796875 - response_length_non_aborted/mean:889.328125 - response_length_non_aborted/max:2048.0 - response_length_non_aborted/min:166.0 - response_length_non_aborted/clip_ratio:0.1796875 - response/aborted_ratio:0.0 - prompt_length/mean:123.5 - prompt_length/max:125.0 - prompt_length/min:122.0 - prompt_length/clip_ratio:0.0 - num_turns/min:2 - num_turns/max:2 - num_turns/mean:2.0 - timing_s/start_profile:0.00010284874588251114 - timing_s/agent_loop/num_preempted/min:-1 - timing_s/agent_loop/num_preempted/max:-1 - timing_s/agent_loop/num_preempted/mean:-1.0 - timing_s/agent_loop/generate_sequences/min:1.052024400793016 - timing_s/agent_loop/generate_sequences/max:10.29326003883034 - timing_s/agent_loop/generate_sequences/mean:4.762654180296522 - timing_s/agent_loop/tool_calls/min:0.0 - timing_s/agent_loop/tool_calls/max:0.0 - timing_s/agent_loop/tool_calls/mean:0.0 - timing_s/agent_loop/compute_score/min:0.0044317953288555145 - timing_s/agent_loop/compute_score/max:0.030301231890916824 - timing_s/agent_loop/compute_score/mean:0.007264767613378353 - timing_s/agent_loop/slowest/generate_sequences:10.29326003883034 - timing_s/agent_loop/slowest/tool_calls:0.0 - timing_s/agent_loop/slowest/compute_score:0.007397607900202274 - timing_s/agent_loop/slowest/num_preempted:-1 - timing_s/agent_loop/slowest/prompt_length:125 - timing_s/agent_loop/slowest/response_length:2048 - timing_s/gen:10.874299118295312 - timing_s/reward:1.5459954738616943e-05 - timing_s/old_log_prob:2.5994736636057496 - timing_s/ref:5.009224211797118 - timing_s/adv:0.0036169569939374924 - timing_s/update_actor:9.413596049882472 - timing_s/update_weights:1.3037502383813262 - timing_s/step:29.25282108038664 - timing_s/stop_profile:8.984003216028214e-05 - timing_per_token_ms/gen:0.09552769048171295 - timing_per_token_ms/ref:0.03863889952173769 - timing_per_token_ms/adv:2.78995772507173e-05 - timing_per_token_ms/update_actor:0.07261224024530995 - perf/total_num_tokens:129642 - perf/time_per_step:29.25282108038664 - perf/throughput:4431.777695687684
[36m(TaskRunner pid=109178)[0m Training Progress:  45%|████▌     | 45/100 [22:16<27:44, 30.27s/it]
[36m(WorkerDict pid=109563)[0m INFO:2026-07-30 11:15:31,084:update_weights done, time cost: 0.54s
[36m(TaskRunner pid=109178)[0m Training Progress:  46%|████▌     | 46/100 [22:50<28:14, 31.38s/it]
[36m(WorkerDict pid=109563)[0m INFO:2026-07-30 11:16:04,910:update_weights done, time cost: 0.59s
[36m(TaskRunner pid=109178)[0m step:45 - global_seqlen/min:157688 - global_seqlen/max:157688 - global_seqlen/minmax_diff:0 - global_seqlen/balanced_min:157688 - global_seqlen/balanced_max:157688 - global_seqlen/mean:157688.0 - actor/entropy:0.36183834075927734 - perf/mfu/actor_infer:0.3734555357585572 - actor/pg_clipfrac:0.0006714007431583013 - actor/ppo_kl:-0.00014060526632420078 - actor/pg_clipfrac_lower:0.0 - actor/pg_loss:0.10219649423379451 - actor/kl_loss:0.0443403038661927 - actor/kl_coef:0.001 - actor/loss:0.10224083065986633 - actor/grad_norm:0.28461354970932007 - actor/perf/max_memory_allocated_gb:68.42917490005493 - actor/perf/max_memory_reserved_gb:87.33984375 - actor/perf/cpu_memory_used_gb:21.390748977661133 - actor/lr:1e-06 - perf/mfu/actor:0.3037078871238803 - training/global_step:45 - training/epoch:0 - critic/score/mean:0.28125 - critic/score/max:1.0 - critic/score/min:0.0 - critic/rewards/mean:0.28125 - critic/rewards/max:1.0 - critic/rewards/min:0.0 - critic/advantages/mean:-0.10218942165374756 - critic/advantages/max:2.4748666286468506 - critic/advantages/min:-2.4748666286468506 - critic/returns/mean:-0.10218942165374756 - critic/returns/max:2.4748666286468506 - critic/returns/min:-2.4748666286468506 - response_length/mean:1108.0 - response_length/max:2048.0 - response_length/min:146.0 - response_length/clip_ratio:0.3046875 - response_length_non_aborted/mean:1108.0 - response_length_non_aborted/max:2048.0 - response_length_non_aborted/min:146.0 - response_length_non_aborted/clip_ratio:0.3046875 - response/aborted_ratio:0.0 - prompt_length/mean:123.9375 - prompt_length/max:126.0 - prompt_length/min:122.0 - prompt_length/clip_ratio:0.0 - num_turns/min:2 - num_turns/max:2 - num_turns/mean:2.0 - timing_s/start_profile:8.04094597697258e-05 - timing_s/agent_loop/num_preempted/min:-1 - timing_s/agent_loop/num_preempted/max:-1 - timing_s/agent_loop/num_preempted/mean:-1.0 - timing_s/agent_loop/generate_sequences/min:0.9632792938500643 - timing_s/agent_loop/generate_sequences/max:11.199499791488051 - timing_s/agent_loop/generate_sequences/mean:6.1867417297835345 - timing_s/agent_loop/tool_calls/min:0.0 - timing_s/agent_loop/tool_calls/max:0.0 - timing_s/agent_loop/tool_calls/mean:0.0 - timing_s/agent_loop/compute_score/min:0.003665306605398655 - timing_s/agent_loop/compute_score/max:0.0464276447892189 - timing_s/agent_loop/compute_score/mean:0.00911042139341589 - timing_s/agent_loop/slowest/generate_sequences:11.199499791488051 - timing_s/agent_loop/slowest/tool_calls:0.0 - timing_s/agent_loop/slowest/compute_score:0.005020635202527046 - timing_s/agent_loop/slowest/num_preempted:-1 - timing_s/agent_loop/slowest/prompt_length:125 - timing_s/agent_loop/slowest/response_length:2048 - timing_s/gen:11.784598281607032 - timing_s/reward:1.6489997506141663e-05 - timing_s/old_log_prob:3.112490969710052 - timing_s/ref:4.803716610185802 - timing_s/adv:0.0036891866475343704 - timing_s/update_actor:11.245003461837769 - timing_s/update_weights:1.2914575096219778 - timing_s/step:32.290231209248304 - timing_s/stop_profile:8.273869752883911e-05 - timing_per_token_ms/gen:0.08309311739625896 - timing_per_token_ms/ref:0.03046342530938183 - timing_per_token_ms/adv:2.339548125116921e-05 - timing_per_token_ms/update_actor:0.07131172607831775 - perf/total_num_tokens:157688 - perf/time_per_step:32.290231209248304 - perf/throughput:4883.45837408672
[36m(TaskRunner pid=109178)[0m step:46 - global_seqlen/min:173211 - global_seqlen/max:173211 - global_seqlen/minmax_diff:0 - global_seqlen/balanced_min:173211 - global_seqlen/balanced_max:173211 - global_seqlen/mean:173211.0 - actor/entropy:0.359138548374176 - perf/mfu/actor_infer:0.3788892626990467 - actor/pg_clipfrac:0.0003369886489963392 - actor/ppo_kl:-1.2241829608683474e-05 - actor/pg_clipfrac_lower:0.0 - actor/pg_loss:0.03667681524530053 - actor/kl_loss:0.044278046232648194 - actor/kl_coef:0.001 - actor/loss:0.03672109171748161 - actor/grad_norm:0.282842718064785 - actor/perf/max_memory_allocated_gb:68.42917490005493 - actor/perf/max_memory_reserved_gb:87.33984375 - actor/perf/cpu_memory_used_gb:21.419422149658203 - actor/lr:1e-06 - perf/mfu/actor:0.30732677738842273 - training/global_step:46 - training/epoch:0 - critic/score/mean:0.2734375 - critic/score/max:1.0 - critic/score/min:0.0 - critic/rewards/mean:0.2734375 - critic/rewards/max:1.0 - critic/rewards/min:0.0 - critic/advantages/mean:-0.0364273302257061 - critic/advantages/max:1.6201815605163574 - critic/advantages/min:-2.4748666286468506 - critic/returns/mean:-0.0364273302257061 - critic/returns/max:1.6201815605163574 - critic/returns/min:-2.4748666286468506 - response_length/mean:1228.9609375 - response_length/max:2048.0 - response_length/min:176.0 - response_length/clip_ratio:0.3046875 - response_length_non_aborted/mean:1228.9609375 - response_length_non_aborted/max:2048.0 - response_length_non_aborted/min:176.0 - response_length_non_aborted/clip_ratio:0.3046875 - response/aborted_ratio:0.0 - prompt_length/mean:124.25 - prompt_length/max:125.0 - prompt_length/min:122.0 - prompt_length/clip_ratio:0.0 - num_turns/min:2 - num_turns/max:2 - num_turns/mean:2.0 - timing_s/start_profile:9.468849748373032e-05 - timing_s/agent_loop/num_preempted/min:-1 - timing_s/agent_loop/num_preempted/max:-1 - timing_s/agent_loop/num_preempted/mean:-1.0 - timing_s/agent_loop/generate_sequences/min:1.1491681030020118 - timing_s/agent_loop/generate_sequences/max:11.623413048684597 - timing_s/agent_loop/generate_sequences/mean:7.132673124120629 - timing_s/agent_loop/tool_calls/min:0.0 - timing_s/agent_loop/tool_calls/max:0.0 - timing_s/agent_loop/tool_calls/mean:0.0 - timing_s/agent_loop/compute_score/min:0.0048135267570614815 - timing_s/agent_loop/compute_score/max:0.034280202351510525 - timing_s/agent_loop/compute_score/mean:0.009282555918616708 - timing_s/agent_loop/slowest/generate_sequences:11.623413048684597 - timing_s/agent_loop/slowest/tool_calls:0.0 - timing_s/agent_loop/slowest/compute_score:0.0048135267570614815 - timing_s/agent_loop/slowest/num_preempted:-1 - timing_s/agent_loop/slowest/prompt_length:125 - timing_s/agent_loop/slowest/response_length:2048 - timing_s/gen:12.194830587133765 - timing_s/reward:1.6570091247558594e-05 - timing_s/old_log_prob:3.355555304326117 - timing_s/ref:4.869259005412459 - timing_s/adv:0.00361480750143528 - timing_s/update_actor:12.196603110991418 - timing_s/update_weights:1.2858096733689308 - timing_s/step:33.954643208533525 - timing_s/stop_profile:8.411891758441925e-05 - timing_per_token_ms/gen:0.07752249160643687 - timing_per_token_ms/ref:0.028111719263860028 - timing_per_token_ms/adv:2.0869387633783534e-05 - timing_per_token_ms/update_actor:0.07041471448690567 - perf/total_num_tokens:173211 - perf/time_per_step:33.954643208533525 - perf/throughput:5101.2463578609595
[36m(TaskRunner pid=109178)[0m Training Progress:  47%|████▋     | 47/100 [23:23<28:22, 32.12s/it]
[36m(WorkerDict pid=109563)[0m INFO:2026-07-30 11:16:36,995:update_weights done, time cost: 0.58s
[36m(TaskRunner pid=109178)[0m Training Progress:  48%|████▊     | 48/100 [23:56<27:49, 32.10s/it]
[36m(WorkerDict pid=109563)[0m INFO:2026-07-30 11:17:11,555:update_weights done, time cost: 0.57s
[36m(TaskRunner pid=109178)[0m step:47 - global_seqlen/min:171511 - global_seqlen/max:171511 - global_seqlen/minmax_diff:0 - global_seqlen/balanced_min:171511 - global_seqlen/balanced_max:171511 - global_seqlen/mean:171511.0 - actor/entropy:0.3725441098213196 - perf/mfu/actor_infer:0.37678407832025246 - actor/pg_clipfrac:0.00046833240276100696 - actor/ppo_kl:-8.390782568312716e-06 - actor/pg_clipfrac_lower:0.0 - actor/pg_loss:0.05483546503819525 - actor/kl_loss:0.044758104835636914 - actor/kl_coef:0.001 - actor/loss:0.05488021858036518 - actor/grad_norm:0.27621878683567047 - actor/perf/max_memory_allocated_gb:68.44723176956177 - actor/perf/max_memory_reserved_gb:87.33984375 - actor/perf/cpu_memory_used_gb:21.407670974731445 - actor/lr:1e-06 - perf/mfu/actor:0.3058416021916885 - training/global_step:47 - training/epoch:0 - critic/score/mean:0.34375 - critic/score/max:1.0 - critic/score/min:0.0 - critic/rewards/mean:0.34375 - critic/rewards/max:1.0 - critic/rewards/min:0.0 - critic/advantages/mean:-0.05482850223779678 - critic/advantages/max:2.4748666286468506 - critic/advantages/min:-2.4748666286468506 - critic/returns/mean:-0.05482850223779678 - critic/returns/max:2.4748666286468506 - critic/returns/min:-2.4748666286468506 - response_length/mean:1214.2421875 - response_length/max:2048.0 - response_length/min:132.0 - response_length/clip_ratio:0.3515625 - response_length_non_aborted/mean:1214.2421875 - response_length_non_aborted/max:2048.0 - response_length_non_aborted/min:132.0 - response_length_non_aborted/clip_ratio:0.3515625 - response/aborted_ratio:0.0 - prompt_length/mean:125.6875 - prompt_length/max:140.0 - prompt_length/min:122.0 - prompt_length/clip_ratio:0.0 - num_turns/min:2 - num_turns/max:2 - num_turns/mean:2.0 - timing_s/start_profile:8.735060691833496e-05 - timing_s/agent_loop/num_preempted/min:-1 - timing_s/agent_loop/num_preempted/max:-1 - timing_s/agent_loop/num_preempted/mean:-1.0 - timing_s/agent_loop/generate_sequences/min:0.8216131646186113 - timing_s/agent_loop/generate_sequences/max:11.468440003693104 - timing_s/agent_loop/generate_sequences/mean:6.897360384718922 - timing_s/agent_loop/tool_calls/min:0.0 - timing_s/agent_loop/tool_calls/max:0.0 - timing_s/agent_loop/tool_calls/mean:0.0 - timing_s/agent_loop/compute_score/min:0.004639598540961742 - timing_s/agent_loop/compute_score/max:0.04768484923988581 - timing_s/agent_loop/compute_score/mean:0.00970093734213151 - timing_s/agent_loop/slowest/generate_sequences:11.427035908214748 - timing_s/agent_loop/slowest/tool_calls:0.0 - timing_s/agent_loop/slowest/compute_score:0.04768484923988581 - timing_s/agent_loop/slowest/num_preempted:-1 - timing_s/agent_loop/slowest/prompt_length:140 - timing_s/agent_loop/slowest/response_length:2048 - timing_s/gen:12.045889131724834 - timing_s/reward:1.580081880092621e-05 - timing_s/old_log_prob:3.346336661837995 - timing_s/ref:4.8780253157019615 - timing_s/adv:0.003650616854429245 - timing_s/update_actor:12.158330631442368 - timing_s/update_weights:1.3459486039355397 - timing_s/step:33.82647800911218 - timing_s/stop_profile:8.349958807229996e-05 - timing_per_token_ms/gen:0.0775039031013739 - timing_per_token_ms/ref:0.028441472067109175 - timing_per_token_ms/adv:2.1285030432037858e-05 - timing_per_token_ms/update_actor:0.0708895093110201 - perf/total_num_tokens:171511 - perf/time_per_step:33.82647800911218 - perf/throughput:5070.3179903565
[36m(TaskRunner pid=109178)[0m step:48 - global_seqlen/min:155826 - global_seqlen/max:155826 - global_seqlen/minmax_diff:0 - global_seqlen/balanced_min:155826 - global_seqlen/balanced_max:155826 - global_seqlen/mean:155826.0 - actor/entropy:0.28781235218048096 - perf/mfu/actor_infer:0.37354056046233186 - actor/pg_clipfrac:0.0009207119728671387 - actor/ppo_kl:5.3685293664784695e-05 - actor/pg_clipfrac_lower:0.0 - actor/pg_loss:0.07998183657764457 - actor/kl_loss:0.04753123119007796 - actor/kl_coef:0.001 - actor/loss:0.08002936840057373 - actor/grad_norm:0.4354475885629654 - actor/perf/max_memory_allocated_gb:68.44723176956177 - actor/perf/max_memory_reserved_gb:87.361328125 - actor/perf/cpu_memory_used_gb:21.410091400146484 - actor/lr:1e-06 - perf/mfu/actor:0.3041611658842819 - training/global_step:48 - training/epoch:0 - critic/score/mean:0.421875 - critic/score/max:1.0 - critic/score/min:0.0 - critic/rewards/mean:0.421875 - critic/rewards/max:1.0 - critic/rewards/min:0.0 - critic/advantages/mean:-0.08039609342813492 - critic/advantages/max:2.4748666286468506 - critic/advantages/min:-2.4748666286468506 - critic/returns/mean:-0.08039609342813492 - critic/returns/max:2.4748666286468506 - critic/returns/min:-2.4748666286468506 - response_length/mean:1093.890625 - response_length/max:2048.0 - response_length/min:147.0 - response_length/clip_ratio:0.3046875 - response_length_non_aborted/mean:1093.890625 - response_length_non_aborted/max:2048.0 - response_length_non_aborted/min:147.0 - response_length_non_aborted/clip_ratio:0.3046875 - response/aborted_ratio:0.0 - prompt_length/mean:123.5 - prompt_length/max:125.0 - prompt_length/min:122.0 - prompt_length/clip_ratio:0.0 - num_turns/min:2 - num_turns/max:2 - num_turns/mean:2.0 - timing_s/start_profile:9.287893772125244e-05 - timing_s/agent_loop/num_preempted/min:-1 - timing_s/agent_loop/num_preempted/max:-1 - timing_s/agent_loop/num_preempted/mean:-1.0 - timing_s/agent_loop/generate_sequences/min:0.9536329554393888 - timing_s/agent_loop/generate_sequences/max:11.128700101748109 - timing_s/agent_loop/generate_sequences/mean:6.071758750738809 - timing_s/agent_loop/tool_calls/min:0.0 - timing_s/agent_loop/tool_calls/max:0.0 - timing_s/agent_loop/tool_calls/mean:0.0 - timing_s/agent_loop/compute_score/min:0.0045983390882611275 - timing_s/agent_loop/compute_score/max:0.03462033625692129 - timing_s/agent_loop/compute_score/mean:0.008893850135791581 - timing_s/agent_loop/slowest/generate_sequences:11.128700101748109 - timing_s/agent_loop/slowest/tool_calls:0.0 - timing_s/agent_loop/slowest/compute_score:0.006299273110926151 - timing_s/agent_loop/slowest/num_preempted:-1 - timing_s/agent_loop/slowest/prompt_length:125 - timing_s/agent_loop/slowest/response_length:2048 - timing_s/gen:11.714103715494275 - timing_s/reward:1.6470439732074738e-05 - timing_s/old_log_prob:3.076082999818027 - timing_s/ref:4.800218499265611 - timing_s/adv:0.0036723967641592026 - timing_s/update_actor:11.101381736807525 - timing_s/update_weights:1.323096332140267 - timing_s/step:32.06811524089426 - timing_s/stop_profile:8.233916014432907e-05 - timing_per_token_ms/gen:0.0836614129290111 - timing_per_token_ms/ref:0.03080499081838468 - timing_per_token_ms/adv:2.3567291492813797e-05 - timing_per_token_ms/update_actor:0.07124216585683728 - perf/total_num_tokens:155826 - perf/time_per_step:32.06811524089426 - perf/throughput:4859.219159886448
[36m(TaskRunner pid=109178)[0m Training Progress:  49%|████▉     | 49/100 [24:30<27:54, 32.84s/it]
[36m(WorkerDict pid=109563)[0m INFO:2026-07-30 11:17:46,318:update_weights done, time cost: 0.56s
[36m(TaskRunner pid=109178)[0m Training Progress:  50%|█████     | 50/100 [25:05<27:50, 33.41s/it]
[36m(WorkerDict pid=109563)[0m INFO:2026-07-30 11:18:20,607:update_weights done, time cost: 0.54s
[36m(TaskRunner pid=109178)[0m step:49 - global_seqlen/min:172854 - global_seqlen/max:172854 - global_seqlen/minmax_diff:0 - global_seqlen/balanced_min:172854 - global_seqlen/balanced_max:172854 - global_seqlen/mean:172854.0 - actor/entropy:0.2476125806570053 - perf/mfu/actor_infer:0.37533341185034774 - actor/pg_clipfrac:0.0005474530989886262 - actor/ppo_kl:5.574057468038518e-06 - actor/pg_clipfrac_lower:0.0 - actor/pg_loss:0.0406484545674175 - actor/kl_loss:0.04219050530809909 - actor/kl_coef:0.001 - actor/loss:0.04069064185023308 - actor/grad_norm:0.30040472745895386 - actor/perf/max_memory_allocated_gb:68.44723176956177 - actor/perf/max_memory_reserved_gb:87.361328125 - actor/perf/cpu_memory_used_gb:21.399431228637695 - actor/lr:1e-06 - perf/mfu/actor:0.3045750979754772 - training/global_step:49 - training/epoch:0 - critic/score/mean:0.421875 - critic/score/max:1.0 - critic/score/min:0.0 - critic/rewards/mean:0.421875 - critic/rewards/max:1.0 - critic/rewards/min:0.0 - critic/advantages/mean:-0.04071171581745148 - critic/advantages/max:1.20761239528656 - critic/advantages/min:-2.4748666286468506 - critic/returns/mean:-0.04071171581745148 - critic/returns/max:1.20761239528656 - critic/returns/min:-2.4748666286468506 - response_length/mean:1226.109375 - response_length/max:2048.0 - response_length/min:182.0 - response_length/clip_ratio:0.40625 - response_length_non_aborted/mean:1226.109375 - response_length_non_aborted/max:2048.0 - response_length_non_aborted/min:182.0 - response_length_non_aborted/clip_ratio:0.40625 - response/aborted_ratio:0.0 - prompt_length/mean:124.3125 - prompt_length/max:126.0 - prompt_length/min:122.0 - prompt_length/clip_ratio:0.0 - num_turns/min:2 - num_turns/max:2 - num_turns/mean:2.0 - timing_s/start_profile:9.307917207479477e-05 - timing_s/agent_loop/num_preempted/min:-1 - timing_s/agent_loop/num_preempted/max:-1 - timing_s/agent_loop/num_preempted/mean:-1.0 - timing_s/agent_loop/generate_sequences/min:1.1794020663946867 - timing_s/agent_loop/generate_sequences/max:11.640462573617697 - timing_s/agent_loop/generate_sequences/mean:7.058218027617841 - timing_s/agent_loop/tool_calls/min:0.0 - timing_s/agent_loop/tool_calls/max:0.0 - timing_s/agent_loop/tool_calls/mean:0.0 - timing_s/agent_loop/compute_score/min:0.004905965179204941 - timing_s/agent_loop/compute_score/max:0.04785783402621746 - timing_s/agent_loop/compute_score/mean:0.01143200143269496 - timing_s/agent_loop/slowest/generate_sequences:11.600143920630217 - timing_s/agent_loop/slowest/tool_calls:0.0 - timing_s/agent_loop/slowest/compute_score:0.0460239602252841 - timing_s/agent_loop/slowest/num_preempted:-1 - timing_s/agent_loop/slowest/prompt_length:125 - timing_s/agent_loop/slowest/response_length:2048 - timing_s/gen:12.215586518868804 - timing_s/reward:1.6460195183753967e-05 - timing_s/old_log_prob:3.3983096815645695 - timing_s/ref:4.890408640727401 - timing_s/adv:0.0036899270489811897 - timing_s/update_actor:12.68780317530036 - timing_s/update_weights:1.314400820992887 - timing_s/step:34.5570827787742 - timing_s/stop_profile:8.203927427530289e-05 - timing_per_token_ms/gen:0.07783503790488717 - timing_per_token_ms/ref:0.028292134638061028 - timing_per_token_ms/adv:2.1347073535938942e-05 - timing_per_token_ms/update_actor:0.07340184881634419 - perf/total_num_tokens:172854 - perf/time_per_step:34.5570827787742 - perf/throughput:5001.984719212789
[36m(TaskRunner pid=109178)[0m step:50 - global_seqlen/min:177056 - global_seqlen/max:177056 - global_seqlen/minmax_diff:0 - global_seqlen/balanced_min:177056 - global_seqlen/balanced_max:177056 - global_seqlen/mean:177056.0 - actor/entropy:0.2634793817996979 - perf/mfu/actor_infer:0.37604857778672823 - actor/pg_clipfrac:0.0003016655991814332 - actor/ppo_kl:-3.2254001780529507e-07 - actor/pg_clipfrac_lower:0.0 - actor/pg_loss:0.02434299059677869 - actor/kl_loss:0.04234928439836949 - actor/kl_coef:0.001 - actor/loss:0.024385341443121433 - actor/grad_norm:0.21689188480377197 - actor/perf/max_memory_allocated_gb:68.44723176956177 - actor/perf/max_memory_reserved_gb:87.361328125 - actor/perf/cpu_memory_used_gb:21.442874908447266 - actor/lr:1e-06 - perf/mfu/actor:0.3046738041147122 - training/global_step:50 - training/epoch:0 - critic/score/mean:0.359375 - critic/score/max:1.0 - critic/score/min:0.0 - critic/rewards/mean:0.359375 - critic/rewards/max:1.0 - critic/rewards/min:0.0 - critic/advantages/mean:-0.024368710815906525 - critic/advantages/max:1.6201815605163574 - critic/advantages/min:-2.4748666286468506 - critic/returns/mean:-0.024368710815906525 - critic/returns/max:1.6201815605163574 - critic/returns/min:-2.4748666286468506 - response_length/mean:1259.375 - response_length/max:2048.0 - response_length/min:147.0 - response_length/clip_ratio:0.4375 - response_length_non_aborted/mean:1259.375 - response_length_non_aborted/max:2048.0 - response_length_non_aborted/min:147.0 - response_length_non_aborted/clip_ratio:0.4375 - response/aborted_ratio:0.0 - prompt_length/mean:123.875 - prompt_length/max:125.0 - prompt_length/min:122.0 - prompt_length/clip_ratio:0.0 - num_turns/min:2 - num_turns/max:2 - num_turns/mean:2.0 - timing_s/start_profile:8.785910904407501e-05 - timing_s/agent_loop/num_preempted/min:-1 - timing_s/agent_loop/num_preempted/max:-1 - timing_s/agent_loop/num_preempted/mean:-1.0 - timing_s/agent_loop/generate_sequences/min:0.9404729334637523 - timing_s/agent_loop/generate_sequences/max:11.835486459545791 - timing_s/agent_loop/generate_sequences/mean:7.331327306405001 - timing_s/agent_loop/tool_calls/min:0.0 - timing_s/agent_loop/tool_calls/max:0.0 - timing_s/agent_loop/tool_calls/mean:0.0 - timing_s/agent_loop/compute_score/min:0.004771336913108826 - timing_s/agent_loop/compute_score/max:0.05397736560553312 - timing_s/agent_loop/compute_score/mean:0.01145526298932964 - timing_s/agent_loop/slowest/generate_sequences:11.835486459545791 - timing_s/agent_loop/slowest/tool_calls:0.0 - timing_s/agent_loop/slowest/compute_score:0.0054954299703240395 - timing_s/agent_loop/slowest/num_preempted:-1 - timing_s/agent_loop/slowest/prompt_length:125 - timing_s/agent_loop/slowest/response_length:2048 - timing_s/gen:12.417917816899717 - timing_s/reward:1.6779638826847076e-05 - timing_s/old_log_prob:3.4683674555271864 - timing_s/ref:4.915557722561061 - timing_s/adv:0.003654046915471554 - timing_s/update_actor:12.602083476260304 - timing_s/update_weights:1.2867044489830732 - timing_s/step:34.743087221868336 - timing_s/stop_profile:8.386839181184769e-05 - timing_per_token_ms/gen:0.07703422963337293 - timing_per_token_ms/ref:0.027762728868612536 - timing_per_token_ms/adv:2.0637803381255387e-05 - timing_per_token_ms/update_actor:0.07117569286700424 - perf/total_num_tokens:177056 - perf/time_per_step:34.743087221868336 - perf/throughput:5096.150462085467
[36m(TaskRunner pid=109178)[0m Training Progress:  51%|█████     | 51/100 [25:39<27:30, 33.68s/it]
[36m(WorkerDict pid=109563)[0m INFO:2026-07-30 11:18:53,880:update_weights done, time cost: 0.54s
[36m(TaskRunner pid=109178)[0m Training Progress:  52%|█████▏    | 52/100 [26:12<26:50, 33.56s/it]
[36m(WorkerDict pid=109563)[0m INFO:2026-07-30 11:19:29,727:update_weights done, time cost: 0.54s
[36m(TaskRunner pid=109178)[0m step:51 - global_seqlen/min:173264 - global_seqlen/max:173264 - global_seqlen/minmax_diff:0 - global_seqlen/balanced_min:173264 - global_seqlen/balanced_max:173264 - global_seqlen/mean:173264.0 - actor/entropy:0.2777501344680786 - perf/mfu/actor_infer:0.3749885530385162 - actor/pg_clipfrac:0.0005432232574094087 - actor/ppo_kl:5.60731707537343e-05 - actor/pg_clipfrac_lower:0.0 - actor/pg_loss:0.0743516375659965 - actor/kl_loss:0.04531192034482956 - actor/kl_coef:0.001 - actor/loss:0.07439695298671722 - actor/grad_norm:0.27253513038158417 - actor/perf/max_memory_allocated_gb:68.44723176956177 - actor/perf/max_memory_reserved_gb:87.361328125 - actor/perf/cpu_memory_used_gb:21.44143295288086 - actor/lr:1e-06 - perf/mfu/actor:0.30413481807294795 - training/global_step:51 - training/epoch:0 - critic/score/mean:0.4296875 - critic/score/max:1.0 - critic/score/min:0.0 - critic/rewards/mean:0.4296875 - critic/rewards/max:1.0 - critic/rewards/min:0.0 - critic/advantages/mean:-0.07432388514280319 - critic/advantages/max:1.6201815605163574 - critic/advantages/min:-2.4748666286468506 - critic/returns/mean:-0.07432388514280319 - critic/returns/max:1.6201815605163574 - critic/returns/min:-2.4748666286468506 - response_length/mean:1229.5 - response_length/max:2048.0 - response_length/min:142.0 - response_length/clip_ratio:0.3984375 - response_length_non_aborted/mean:1229.5 - response_length_non_aborted/max:2048.0 - response_length_non_aborted/min:142.0 - response_length_non_aborted/clip_ratio:0.3984375 - response/aborted_ratio:0.0 - prompt_length/mean:124.125 - prompt_length/max:140.0 - prompt_length/min:122.0 - prompt_length/clip_ratio:0.0 - num_turns/min:2 - num_turns/max:2 - num_turns/mean:2.0 - timing_s/start_profile:8.332822471857071e-05 - timing_s/agent_loop/num_preempted/min:-1 - timing_s/agent_loop/num_preempted/max:-1 - timing_s/agent_loop/num_preempted/mean:-1.0 - timing_s/agent_loop/generate_sequences/min:0.943478942848742 - timing_s/agent_loop/generate_sequences/max:11.751526617445052 - timing_s/agent_loop/generate_sequences/mean:7.1148345034671365 - timing_s/agent_loop/tool_calls/min:0.0 - timing_s/agent_loop/tool_calls/max:0.0 - timing_s/agent_loop/tool_calls/mean:0.0 - timing_s/agent_loop/compute_score/min:0.003796524368226528 - timing_s/agent_loop/compute_score/max:0.05938545521348715 - timing_s/agent_loop/compute_score/mean:0.011291416238236707 - timing_s/agent_loop/slowest/generate_sequences:11.751526617445052 - timing_s/agent_loop/slowest/tool_calls:0.0 - timing_s/agent_loop/slowest/compute_score:0.003796524368226528 - timing_s/agent_loop/slowest/num_preempted:-1 - timing_s/agent_loop/slowest/prompt_length:125 - timing_s/agent_loop/slowest/response_length:2048 - timing_s/gen:12.312931257300079 - timing_s/reward:1.746881753206253e-05 - timing_s/old_log_prob:3.3984586503356695 - timing_s/ref:4.888542304746807 - timing_s/adv:0.0036234864965081215 - timing_s/update_actor:12.352407554164529 - timing_s/update_weights:1.272949293255806 - timing_s/step:34.27803283557296 - timing_s/stop_profile:8.505955338478088e-05 - timing_per_token_ms/gen:0.07823893895702064 - timing_per_token_ms/ref:0.02821441444701038 - timing_per_token_ms/adv:2.091309502555708e-05 - timing_per_token_ms/update_actor:0.07129240669824388 - perf/total_num_tokens:173264 - perf/time_per_step:34.27803283557296 - perf/throughput:5054.665792261876
[36m(TaskRunner pid=109178)[0m step:52 - global_seqlen/min:165750 - global_seqlen/max:165750 - global_seqlen/minmax_diff:0 - global_seqlen/balanced_min:165750 - global_seqlen/balanced_max:165750 - global_seqlen/mean:165750.0 - actor/entropy:0.2855016887187958 - perf/mfu/actor_infer:0.3734172155707727 - actor/pg_clipfrac:0.0004053165976074524 - actor/ppo_kl:-6.557127221640258e-05 - actor/pg_clipfrac_lower:0.0 - actor/pg_loss:0.07434888234274695 - actor/kl_loss:0.04660307848826051 - actor/kl_coef:0.001 - actor/loss:0.07439548522233963 - actor/grad_norm:0.28912630677223206 - actor/perf/max_memory_allocated_gb:68.44723176956177 - actor/perf/max_memory_reserved_gb:87.361328125 - actor/perf/cpu_memory_used_gb:21.45723533630371 - actor/lr:1e-06 - perf/mfu/actor:0.30280329149160357 - training/global_step:52 - training/epoch:0 - critic/score/mean:0.328125 - critic/score/max:1.0 - critic/score/min:0.0 - critic/rewards/mean:0.328125 - critic/rewards/max:1.0 - critic/rewards/min:0.0 - critic/advantages/mean:-0.07424739003181458 - critic/advantages/max:2.4748666286468506 - critic/advantages/min:-2.4748666286468506 - critic/returns/mean:-0.07424739003181458 - critic/returns/max:2.4748666286468506 - critic/returns/min:-2.4748666286468506 - response_length/mean:1170.421875 - response_length/max:2048.0 - response_length/min:152.0 - response_length/clip_ratio:0.3046875 - response_length_non_aborted/mean:1170.421875 - response_length_non_aborted/max:2048.0 - response_length_non_aborted/min:152.0 - response_length_non_aborted/clip_ratio:0.3046875 - response/aborted_ratio:0.0 - prompt_length/mean:124.5 - prompt_length/max:138.0 - prompt_length/min:122.0 - prompt_length/clip_ratio:0.0 - num_turns/min:2 - num_turns/max:2 - num_turns/mean:2.0 - timing_s/start_profile:7.804855704307556e-05 - timing_s/agent_loop/num_preempted/min:-1 - timing_s/agent_loop/num_preempted/max:-1 - timing_s/agent_loop/num_preempted/mean:-1.0 - timing_s/agent_loop/generate_sequences/min:0.9753464590758085 - timing_s/agent_loop/generate_sequences/max:11.406904715113342 - timing_s/agent_loop/generate_sequences/mean:6.68120328742225 - timing_s/agent_loop/tool_calls/min:0.0 - timing_s/agent_loop/tool_calls/max:0.0 - timing_s/agent_loop/tool_calls/mean:0.0 - timing_s/agent_loop/compute_score/min:0.004795095883309841 - timing_s/agent_loop/compute_score/max:0.04397759586572647 - timing_s/agent_loop/compute_score/mean:0.00933848137356108 - timing_s/agent_loop/slowest/generate_sequences:11.406904715113342 - timing_s/agent_loop/slowest/tool_calls:0.0 - timing_s/agent_loop/slowest/compute_score:0.0056181978434324265 - timing_s/agent_loop/slowest/num_preempted:-1 - timing_s/agent_loop/slowest/prompt_length:125 - timing_s/agent_loop/slowest/response_length:2048 - timing_s/gen:11.991385903209448 - timing_s/reward:1.5368685126304626e-05 - timing_s/old_log_prob:3.2626254949718714 - timing_s/ref:4.846699219197035 - timing_s/adv:0.0036762962117791176 - timing_s/update_actor:11.842493703588843 - timing_s/update_weights:1.292153239250183 - timing_s/step:33.286570558324456 - timing_s/stop_profile:8.118990808725357e-05 - timing_per_token_ms/gen:0.08004182455050561 - timing_per_token_ms/ref:0.02924102093029885 - timing_per_token_ms/adv:2.217976598358442e-05 - timing_per_token_ms/update_actor:0.07144792581350735 - perf/total_num_tokens:165750 - perf/time_per_step:33.286570558324456 - perf/throughput:4979.485636995082
[36m(TaskRunner pid=109178)[0m Training Progress:  53%|█████▎    | 53/100 [26:48<26:49, 34.24s/it]
[36m(WorkerDict pid=109563)[0m INFO:2026-07-30 11:20:02,128:update_weights done, time cost: 0.55s
[36m(TaskRunner pid=109178)[0m Training Progress:  54%|█████▍    | 54/100 [27:21<25:49, 33.69s/it]
[36m(WorkerDict pid=109563)[0m INFO:2026-07-30 11:20:36,870:update_weights done, time cost: 0.56s
[36m(TaskRunner pid=109178)[0m step:53 - global_seqlen/min:187103 - global_seqlen/max:187103 - global_seqlen/minmax_diff:0 - global_seqlen/balanced_min:187103 - global_seqlen/balanced_max:187103 - global_seqlen/mean:187103.0 - actor/entropy:0.25805482268333435 - perf/mfu/actor_infer:0.378198867455895 - actor/pg_clipfrac:0.0005308341951604234 - actor/ppo_kl:0.00010590559440970537 - actor/pg_clipfrac_lower:0.0 - actor/pg_loss:0.1594621179974638 - actor/kl_loss:0.03976466425228864 - actor/kl_coef:0.001 - actor/loss:0.15950187295675278 - actor/grad_norm:0.289350189268589 - actor/perf/max_memory_allocated_gb:68.44723176956177 - actor/perf/max_memory_reserved_gb:87.361328125 - actor/perf/cpu_memory_used_gb:21.524803161621094 - actor/lr:1e-06 - perf/mfu/actor:0.3068419101287308 - training/global_step:53 - training/epoch:0 - critic/score/mean:0.3359375 - critic/score/max:1.0 - critic/score/min:0.0 - critic/rewards/mean:0.3359375 - critic/rewards/max:1.0 - critic/rewards/min:0.0 - critic/advantages/mean:-0.15889540314674377 - critic/advantages/max:2.4748666286468506 - critic/advantages/min:-2.4748666286468506 - critic/returns/mean:-0.15889540314674377 - critic/returns/max:2.4748666286468506 - critic/returns/min:-2.4748666286468506 - response_length/mean:1337.6171875 - response_length/max:2048.0 - response_length/min:166.0 - response_length/clip_ratio:0.4296875 - response_length_non_aborted/mean:1337.6171875 - response_length_non_aborted/max:2048.0 - response_length_non_aborted/min:166.0 - response_length_non_aborted/clip_ratio:0.4296875 - response/aborted_ratio:0.0 - prompt_length/mean:124.125 - prompt_length/max:126.0 - prompt_length/min:122.0 - prompt_length/clip_ratio:0.0 - num_turns/min:2 - num_turns/max:2 - num_turns/mean:2.0 - timing_s/start_profile:9.45189967751503e-05 - timing_s/agent_loop/num_preempted/min:-1 - timing_s/agent_loop/num_preempted/max:-1 - timing_s/agent_loop/num_preempted/mean:-1.0 - timing_s/agent_loop/generate_sequences/min:1.0665762890130281 - timing_s/agent_loop/generate_sequences/max:12.10335641913116 - timing_s/agent_loop/generate_sequences/mean:7.981773129096837 - timing_s/agent_loop/tool_calls/min:0.0 - timing_s/agent_loop/tool_calls/max:0.0 - timing_s/agent_loop/tool_calls/mean:0.0 - timing_s/agent_loop/compute_score/min:0.004871314391493797 - timing_s/agent_loop/compute_score/max:0.0325009198859334 - timing_s/agent_loop/compute_score/mean:0.009143427123490255 - timing_s/agent_loop/slowest/generate_sequences:12.10335641913116 - timing_s/agent_loop/slowest/tool_calls:0.0 - timing_s/agent_loop/slowest/compute_score:0.005310680717229843 - timing_s/agent_loop/slowest/num_preempted:-1 - timing_s/agent_loop/slowest/prompt_length:126 - timing_s/agent_loop/slowest/response_length:2048 - timing_s/gen:12.688058299012482 - timing_s/reward:1.6178935766220093e-05 - timing_s/old_log_prob:3.636428794823587 - timing_s/ref:4.963064410723746 - timing_s/adv:0.003639806993305683 - timing_s/update_actor:13.21217923425138 - timing_s/update_weights:1.2736130822449923 - timing_s/step:35.8265583505854 - timing_s/stop_profile:8.041877299547195e-05 - timing_per_token_ms/gen:0.07410599713233351 - timing_per_token_ms/ref:0.026525840904334755 - timing_per_token_ms/adv:1.9453493494522714e-05 - timing_per_token_ms/update_actor:0.07061447028776331 - perf/total_num_tokens:187103 - perf/time_per_step:35.8265583505854 - perf/throughput:5222.466477775495
[36m(TaskRunner pid=109178)[0m step:54 - global_seqlen/min:158220 - global_seqlen/max:158220 - global_seqlen/minmax_diff:0 - global_seqlen/balanced_min:158220 - global_seqlen/balanced_max:158220 - global_seqlen/mean:158220.0 - actor/entropy:0.2622849643230438 - perf/mfu/actor_infer:0.37320615184015266 - actor/pg_clipfrac:0.0002870534808607772 - actor/ppo_kl:-0.00013284493252285756 - actor/pg_clipfrac_lower:0.0 - actor/pg_loss:0.05151908646803349 - actor/kl_loss:0.04705917392857373 - actor/kl_coef:0.001 - actor/loss:0.05156614538282156 - actor/grad_norm:0.2202557846903801 - actor/perf/max_memory_allocated_gb:68.44723176956177 - actor/perf/max_memory_reserved_gb:87.361328125 - actor/perf/cpu_memory_used_gb:21.534114837646484 - actor/lr:1e-06 - perf/mfu/actor:0.3034937644669967 - training/global_step:54 - training/epoch:0 - critic/score/mean:0.453125 - critic/score/max:1.0 - critic/score/min:0.0 - critic/rewards/mean:0.453125 - critic/rewards/max:1.0 - critic/rewards/min:0.0 - critic/advantages/mean:-0.05169080197811127 - critic/advantages/max:2.4748666286468506 - critic/advantages/min:-1.20761239528656 - critic/returns/mean:-0.05169080197811127 - critic/returns/max:2.4748666286468506 - critic/returns/min:-1.20761239528656 - response_length/mean:1112.71875 - response_length/max:2048.0 - response_length/min:141.0 - response_length/clip_ratio:0.3515625 - response_length_non_aborted/mean:1112.71875 - response_length_non_aborted/max:2048.0 - response_length_non_aborted/min:141.0 - response_length_non_aborted/clip_ratio:0.3515625 - response/aborted_ratio:0.0 - prompt_length/mean:123.375 - prompt_length/max:125.0 - prompt_length/min:122.0 - prompt_length/clip_ratio:0.0 - num_turns/min:2 - num_turns/max:2 - num_turns/mean:2.0 - timing_s/start_profile:8.453894406557083e-05 - timing_s/agent_loop/num_preempted/min:-1 - timing_s/agent_loop/num_preempted/max:-1 - timing_s/agent_loop/num_preempted/mean:-1.0 - timing_s/agent_loop/generate_sequences/min:0.9085634499788284 - timing_s/agent_loop/generate_sequences/max:11.242388671264052 - timing_s/agent_loop/generate_sequences/mean:6.218285088150878 - timing_s/agent_loop/tool_calls/min:0.0 - timing_s/agent_loop/tool_calls/max:0.0 - timing_s/agent_loop/tool_calls/mean:0.0 - timing_s/agent_loop/compute_score/min:0.004514927975833416 - timing_s/agent_loop/compute_score/max:0.052797880955040455 - timing_s/agent_loop/compute_score/mean:0.011595020405366085 - timing_s/agent_loop/slowest/generate_sequences:11.242388671264052 - timing_s/agent_loop/slowest/tool_calls:0.0 - timing_s/agent_loop/slowest/compute_score:0.004786374978721142 - timing_s/agent_loop/slowest/num_preempted:-1 - timing_s/agent_loop/slowest/prompt_length:125 - timing_s/agent_loop/slowest/response_length:2048 - timing_s/gen:11.821347057819366 - timing_s/reward:1.6120262444019318e-05 - timing_s/old_log_prob:3.1210924880579114 - timing_s/ref:4.81325928401202 - timing_s/adv:0.003628336824476719 - timing_s/update_actor:11.29523937869817 - timing_s/update_weights:1.2988229468464851 - timing_s/step:32.40189178194851 - timing_s/stop_profile:8.184928447008133e-05 - timing_per_token_ms/gen:0.08299875767278461 - timing_per_token_ms/ref:0.030421307571811527 - timing_per_token_ms/adv:2.293222616911085e-05 - timing_per_token_ms/update_actor:0.07138945379028043 - perf/total_num_tokens:158220 - perf/time_per_step:32.40189178194851 - perf/throughput:4883.048220293925
[36m(TaskRunner pid=109178)[0m Training Progress:  55%|█████▌    | 55/100 [27:55<25:30, 34.01s/it]
[36m(WorkerDict pid=109563)[0m INFO:2026-07-30 11:21:11,656:update_weights done, time cost: 0.55s
[36m(TaskRunner pid=109178)[0m Training Progress:  56%|█████▌    | 56/100 [28:30<25:06, 34.24s/it]
[36m(WorkerDict pid=109563)[0m INFO:2026-07-30 11:21:46,295:update_weights done, time cost: 0.54s
[36m(TaskRunner pid=109178)[0m step:55 - global_seqlen/min:173843 - global_seqlen/max:173843 - global_seqlen/minmax_diff:0 - global_seqlen/balanced_min:173843 - global_seqlen/balanced_max:173843 - global_seqlen/mean:173843.0 - actor/entropy:0.2821730077266693 - perf/mfu/actor_infer:0.3761578285241207 - actor/pg_clipfrac:0.0006981980136515631 - actor/ppo_kl:4.8378142764704535e-05 - actor/pg_clipfrac_lower:0.0 - actor/pg_loss:0.07587976841023192 - actor/kl_loss:0.043462423025630414 - actor/kl_coef:0.001 - actor/loss:0.07592323049902916 - actor/grad_norm:0.27497463673353195 - actor/perf/max_memory_allocated_gb:68.44723176956177 - actor/perf/max_memory_reserved_gb:87.361328125 - actor/perf/cpu_memory_used_gb:21.535547256469727 - actor/lr:1e-06 - perf/mfu/actor:0.30409223424190157 - training/global_step:55 - training/epoch:0 - critic/score/mean:0.3671875 - critic/score/max:1.0 - critic/score/min:0.0 - critic/rewards/mean:0.3671875 - critic/rewards/max:1.0 - critic/rewards/min:0.0 - critic/advantages/mean:-0.07558278739452362 - critic/advantages/max:2.4748666286468506 - critic/advantages/min:-2.4748666286468506 - critic/returns/mean:-0.07558278739452362 - critic/returns/max:2.4748666286468506 - critic/returns/min:-2.4748666286468506 - response_length/mean:1233.3359375 - response_length/max:2048.0 - response_length/min:140.0 - response_length/clip_ratio:0.359375 - response_length_non_aborted/mean:1233.3359375 - response_length_non_aborted/max:2048.0 - response_length_non_aborted/min:140.0 - response_length_non_aborted/clip_ratio:0.359375 - response/aborted_ratio:0.0 - prompt_length/mean:124.8125 - prompt_length/max:140.0 - prompt_length/min:122.0 - prompt_length/clip_ratio:0.0 - num_turns/min:2 - num_turns/max:2 - num_turns/mean:2.0 - timing_s/start_profile:8.986983448266983e-05 - timing_s/agent_loop/num_preempted/min:-1 - timing_s/agent_loop/num_preempted/max:-1 - timing_s/agent_loop/num_preempted/mean:-1.0 - timing_s/agent_loop/generate_sequences/min:0.9275972303003073 - timing_s/agent_loop/generate_sequences/max:11.715814523398876 - timing_s/agent_loop/generate_sequences/mean:7.157662554614944 - timing_s/agent_loop/tool_calls/min:0.0 - timing_s/agent_loop/tool_calls/max:0.0 - timing_s/agent_loop/tool_calls/mean:0.0 - timing_s/agent_loop/compute_score/min:0.004479028284549713 - timing_s/agent_loop/compute_score/max:0.055639914236962795 - timing_s/agent_loop/compute_score/mean:0.012366548158752266 - timing_s/agent_loop/slowest/generate_sequences:11.715814523398876 - timing_s/agent_loop/slowest/tool_calls:0.0 - timing_s/agent_loop/slowest/compute_score:0.004479028284549713 - timing_s/agent_loop/slowest/num_preempted:-1 - timing_s/agent_loop/slowest/prompt_length:125 - timing_s/agent_loop/slowest/response_length:2048 - timing_s/gen:12.306235228665173 - timing_s/reward:1.8790364265441895e-05 - timing_s/old_log_prob:3.4011875987052917 - timing_s/ref:5.26965176127851 - timing_s/adv:0.003641796298325062 - timing_s/update_actor:12.397626562044024 - timing_s/update_weights:1.2999463835731149 - timing_s/step:34.726492661982775 - timing_s/stop_profile:7.950887084007263e-05 - timing_per_token_ms/gen:0.07795318355745769 - timing_per_token_ms/ref:0.030312706069721012 - timing_per_token_ms/adv:2.0948765830807465e-05 - timing_per_token_ms/update_actor:0.07131507487816031 - perf/total_num_tokens:173843 - perf/time_per_step:34.726492661982775 - perf/throughput:5006.062711029744
[36m(TaskRunner pid=109178)[0m step:56 - global_seqlen/min:177686 - global_seqlen/max:177686 - global_seqlen/minmax_diff:0 - global_seqlen/balanced_min:177686 - global_seqlen/balanced_max:177686 - global_seqlen/mean:177686.0 - actor/entropy:0.24800999462604523 - perf/mfu/actor_infer:0.37719658914409915 - actor/pg_clipfrac:0.0004401099504320882 - actor/ppo_kl:-0.00012507477408973955 - actor/pg_clipfrac_lower:0.0 - actor/pg_loss:0.08943975900183432 - actor/kl_loss:0.042399903293699026 - actor/kl_coef:0.001 - actor/loss:0.08948215842247009 - actor/grad_norm:0.2300598844885826 - actor/perf/max_memory_allocated_gb:68.44723176956177 - actor/perf/max_memory_reserved_gb:87.361328125 - actor/perf/cpu_memory_used_gb:21.539710998535156 - actor/lr:1e-06 - perf/mfu/actor:0.3054931605444082 - training/global_step:56 - training/epoch:0 - critic/score/mean:0.3046875 - critic/score/max:1.0 - critic/score/min:0.0 - critic/rewards/mean:0.3046875 - critic/rewards/max:1.0 - critic/rewards/min:0.0 - critic/advantages/mean:-0.0894012525677681 - critic/advantages/max:2.4748666286468506 - critic/advantages/min:-2.4748666286468506 - critic/returns/mean:-0.0894012525677681 - critic/returns/max:2.4748666286468506 - critic/returns/min:-2.4748666286468506 - response_length/mean:1263.546875 - response_length/max:2048.0 - response_length/min:144.0 - response_length/clip_ratio:0.4140625 - response_length_non_aborted/mean:1263.546875 - response_length_non_aborted/max:2048.0 - response_length_non_aborted/min:144.0 - response_length_non_aborted/clip_ratio:0.4140625 - response/aborted_ratio:0.0 - prompt_length/mean:124.625 - prompt_length/max:141.0 - prompt_length/min:122.0 - prompt_length/clip_ratio:0.0 - num_turns/min:2 - num_turns/max:2 - num_turns/mean:2.0 - timing_s/start_profile:7.747858762741089e-05 - timing_s/agent_loop/num_preempted/min:-1 - timing_s/agent_loop/num_preempted/max:-1 - timing_s/agent_loop/num_preempted/mean:-1.0 - timing_s/agent_loop/generate_sequences/min:0.9273356096819043 - timing_s/agent_loop/generate_sequences/max:11.85918792616576 - timing_s/agent_loop/generate_sequences/mean:7.365904394690006 - timing_s/agent_loop/tool_calls/min:0.0 - timing_s/agent_loop/tool_calls/max:0.0 - timing_s/agent_loop/tool_calls/mean:0.0 - timing_s/agent_loop/compute_score/min:0.00439181923866272 - timing_s/agent_loop/compute_score/max:0.05158076900988817 - timing_s/agent_loop/compute_score/mean:0.011975605862971861 - timing_s/agent_loop/slowest/generate_sequences:11.85918792616576 - timing_s/agent_loop/slowest/tool_calls:0.0 - timing_s/agent_loop/slowest/compute_score:0.005599278025329113 - timing_s/agent_loop/slowest/num_preempted:-1 - timing_s/agent_loop/slowest/prompt_length:125 - timing_s/agent_loop/slowest/response_length:2048 - timing_s/gen:12.438577810302377 - timing_s/reward:1.6279518604278564e-05 - timing_s/old_log_prob:3.4726297883316875 - timing_s/ref:4.912089765071869 - timing_s/adv:0.0036598164588212967 - timing_s/update_actor:12.615601442754269 - timing_s/update_weights:1.2853916082531214 - timing_s/step:34.77607116382569 - timing_s/stop_profile:8.163973689079285e-05 - timing_per_token_ms/gen:0.07690762492921945 - timing_per_token_ms/ref:0.02764477654442032 - timing_per_token_ms/adv:2.0597100834175437e-05 - timing_per_token_ms/update_actor:0.0709994115617115 - perf/total_num_tokens:177686 - perf/time_per_step:34.77607116382569 - perf/throughput:5109.432838544171
[36m(TaskRunner pid=109178)[0m Training Progress:  57%|█████▋    | 57/100 [29:05<24:37, 34.36s/it]
[36m(WorkerDict pid=109563)[0m INFO:2026-07-30 11:22:20,808:update_weights done, time cost: 0.54s
[36m(TaskRunner pid=109178)[0m Training Progress:  58%|█████▊    | 58/100 [29:39<24:04, 34.40s/it]
[36m(WorkerDict pid=109563)[0m INFO:2026-07-30 11:22:55,556:update_weights done, time cost: 0.55s
[36m(TaskRunner pid=109178)[0m step:57 - global_seqlen/min:176292 - global_seqlen/max:176292 - global_seqlen/minmax_diff:0 - global_seqlen/balanced_min:176292 - global_seqlen/balanced_max:176292 - global_seqlen/mean:176292.0 - actor/entropy:0.25107115507125854 - perf/mfu/actor_infer:0.37651554675127596 - actor/pg_clipfrac:0.00024894444140954874 - actor/ppo_kl:0.00013738056935608256 - actor/pg_clipfrac_lower:0.0 - actor/pg_loss:0.03402166493469849 - actor/kl_loss:0.04560315911658108 - actor/kl_coef:0.001 - actor/loss:0.034067267552018166 - actor/grad_norm:0.24667149037122726 - actor/perf/max_memory_allocated_gb:68.44723176956177 - actor/perf/max_memory_reserved_gb:87.361328125 - actor/perf/cpu_memory_used_gb:21.54205894470215 - actor/lr:1e-06 - perf/mfu/actor:0.30567688468290327 - training/global_step:57 - training/epoch:0 - critic/score/mean:0.4453125 - critic/score/max:1.0 - critic/score/min:0.0 - critic/rewards/mean:0.4453125 - critic/rewards/max:1.0 - critic/rewards/min:0.0 - critic/advantages/mean:-0.03403318673372269 - critic/advantages/max:2.4748666286468506 - critic/advantages/min:-2.4748666286468506 - critic/returns/mean:-0.03403318673372269 - critic/returns/max:2.4748666286468506 - critic/returns/min:-2.4748666286468506 - response_length/mean:1253.40625 - response_length/max:2048.0 - response_length/min:148.0 - response_length/clip_ratio:0.3984375 - response_length_non_aborted/mean:1253.40625 - response_length_non_aborted/max:2048.0 - response_length_non_aborted/min:148.0 - response_length_non_aborted/clip_ratio:0.3984375 - response/aborted_ratio:0.0 - prompt_length/mean:123.875 - prompt_length/max:129.0 - prompt_length/min:122.0 - prompt_length/clip_ratio:0.0 - num_turns/min:2 - num_turns/max:2 - num_turns/mean:2.0 - timing_s/start_profile:7.87489116191864e-05 - timing_s/agent_loop/num_preempted/min:-1 - timing_s/agent_loop/num_preempted/max:-1 - timing_s/agent_loop/num_preempted/mean:-1.0 - timing_s/agent_loop/generate_sequences/min:0.9595748670399189 - timing_s/agent_loop/generate_sequences/max:11.886574564501643 - timing_s/agent_loop/generate_sequences/mean:7.328519214897824 - timing_s/agent_loop/tool_calls/min:0.0 - timing_s/agent_loop/tool_calls/max:0.0 - timing_s/agent_loop/tool_calls/mean:0.0 - timing_s/agent_loop/compute_score/min:0.004633937031030655 - timing_s/agent_loop/compute_score/max:0.03788606636226177 - timing_s/agent_loop/compute_score/mean:0.010153454946703278 - timing_s/agent_loop/slowest/generate_sequences:11.886574564501643 - timing_s/agent_loop/slowest/tool_calls:0.0 - timing_s/agent_loop/slowest/compute_score:0.006079694256186485 - timing_s/agent_loop/slowest/num_preempted:-1 - timing_s/agent_loop/slowest/prompt_length:126 - timing_s/agent_loop/slowest/response_length:2048 - timing_s/gen:12.445195958949625 - timing_s/reward:1.7080456018447876e-05 - timing_s/old_log_prob:3.4501711996272206 - timing_s/ref:4.902014448307455 - timing_s/adv:0.0036996863782405853 - timing_s/update_actor:12.507831868715584 - timing_s/update_weights:1.274729359894991 - timing_s/step:34.63276794180274 - timing_s/stop_profile:8.307956159114838e-05 - timing_per_token_ms/gen:0.07757109351361056 - timing_per_token_ms/ref:0.02780622177017366 - timing_per_token_ms/adv:2.0986127437663566e-05 - timing_per_token_ms/update_actor:0.07094951483173136 - perf/total_num_tokens:176292 - perf/time_per_step:34.63276794180274 - perf/throughput:5090.323715859006
[36m(TaskRunner pid=109178)[0m step:58 - global_seqlen/min:175627 - global_seqlen/max:175627 - global_seqlen/minmax_diff:0 - global_seqlen/balanced_min:175627 - global_seqlen/balanced_max:175627 - global_seqlen/mean:175627.0 - actor/entropy:0.24900074303150177 - perf/mfu/actor_infer:0.3758829444189394 - actor/pg_clipfrac:0.0002706247605601675 - actor/ppo_kl:-5.4386839792641695e-05 - actor/pg_clipfrac_lower:0.0 - actor/pg_loss:0.08874765131622553 - actor/kl_loss:0.04297039797529578 - actor/kl_coef:0.001 - actor/loss:0.08879062160849571 - actor/grad_norm:0.22960010170936584 - actor/perf/max_memory_allocated_gb:68.44723176956177 - actor/perf/max_memory_reserved_gb:87.361328125 - actor/perf/cpu_memory_used_gb:21.544368743896484 - actor/lr:1e-06 - perf/mfu/actor:0.3049924616339564 - training/global_step:58 - training/epoch:0 - critic/score/mean:0.3984375 - critic/score/max:1.0 - critic/score/min:0.0 - critic/rewards/mean:0.3984375 - critic/rewards/max:1.0 - critic/rewards/min:0.0 - critic/advantages/mean:-0.08859452605247498 - critic/advantages/max:1.6201815605163574 - critic/advantages/min:-2.4748666286468506 - critic/returns/mean:-0.08859452605247498 - critic/returns/max:1.6201815605163574 - critic/returns/min:-2.4748666286468506 - response_length/mean:1248.5234375 - response_length/max:2048.0 - response_length/min:158.0 - response_length/clip_ratio:0.4140625 - response_length_non_aborted/mean:1248.5234375 - response_length_non_aborted/max:2048.0 - response_length_non_aborted/min:158.0 - response_length_non_aborted/clip_ratio:0.4140625 - response/aborted_ratio:0.0 - prompt_length/mean:123.5625 - prompt_length/max:126.0 - prompt_length/min:122.0 - prompt_length/clip_ratio:0.0 - num_turns/min:2 - num_turns/max:2 - num_turns/mean:2.0 - timing_s/start_profile:8.276943117380142e-05 - timing_s/agent_loop/num_preempted/min:-1 - timing_s/agent_loop/num_preempted/max:-1 - timing_s/agent_loop/num_preempted/mean:-1.0 - timing_s/agent_loop/generate_sequences/min:1.0159979183226824 - timing_s/agent_loop/generate_sequences/max:11.753953248262405 - timing_s/agent_loop/generate_sequences/mean:7.226966480455303 - timing_s/agent_loop/tool_calls/min:0.0 - timing_s/agent_loop/tool_calls/max:0.0 - timing_s/agent_loop/tool_calls/mean:0.0 - timing_s/agent_loop/compute_score/min:0.004451868124306202 - timing_s/agent_loop/compute_score/max:0.031919351778924465 - timing_s/agent_loop/compute_score/mean:0.010018244240200147 - timing_s/agent_loop/slowest/generate_sequences:11.753953248262405 - timing_s/agent_loop/slowest/tool_calls:0.0 - timing_s/agent_loop/slowest/compute_score:0.005937543697655201 - timing_s/agent_loop/slowest/num_preempted:-1 - timing_s/agent_loop/slowest/prompt_length:122 - timing_s/agent_loop/slowest/response_length:2048 - timing_s/gen:12.355632917024195 - timing_s/reward:1.6308389604091644e-05 - timing_s/old_log_prob:3.4413946475833654 - timing_s/ref:4.897148598916829 - timing_s/adv:0.003625716082751751 - timing_s/update_actor:12.488439820706844 - timing_s/update_weights:1.2641595331951976 - timing_s/step:34.50038356613368 - timing_s/stop_profile:8.356943726539612e-05 - timing_per_token_ms/gen:0.07731403293280309 - timing_per_token_ms/ref:0.0278838025982157 - timing_per_token_ms/adv:2.0644411638026902e-05 - timing_per_token_ms/update_actor:0.07110774437134862 - perf/total_num_tokens:175627 - perf/time_per_step:34.50038356613368 - perf/throughput:5090.581084796961
[36m(TaskRunner pid=109178)[0m Training Progress:  59%|█████▉    | 59/100 [30:14<23:34, 34.51s/it]
[36m(WorkerDict pid=109563)[0m INFO:2026-07-30 11:23:30,479:update_weights done, time cost: 0.55s
[36m(TaskRunner pid=109178)[0m Training Progress:  60%|██████    | 60/100 [30:49<23:05, 34.63s/it]
[36m(WorkerDict pid=109563)[0m INFO:2026-07-30 11:24:00,764:update_weights done, time cost: 0.57s
[36m(TaskRunner pid=109178)[0m step:59 - global_seqlen/min:178111 - global_seqlen/max:178111 - global_seqlen/minmax_diff:0 - global_seqlen/balanced_min:178111 - global_seqlen/balanced_max:178111 - global_seqlen/mean:178111.0 - actor/entropy:0.22871986031532288 - perf/mfu/actor_infer:0.37689920563701795 - actor/pg_clipfrac:0.00025940969135263003 - actor/ppo_kl:6.989434859860921e-05 - actor/pg_clipfrac_lower:0.0 - actor/pg_loss:0.012109386269003153 - actor/kl_loss:0.04334566742181778 - actor/kl_coef:0.001 - actor/loss:0.012152731884270906 - actor/grad_norm:0.20014484971761703 - actor/perf/max_memory_allocated_gb:68.44723176956177 - actor/perf/max_memory_reserved_gb:87.361328125 - actor/perf/cpu_memory_used_gb:21.54638671875 - actor/lr:1e-06 - perf/mfu/actor:0.30493511354265523 - training/global_step:59 - training/epoch:0 - critic/score/mean:0.34375 - critic/score/max:1.0 - critic/score/min:0.0 - critic/rewards/mean:0.34375 - critic/rewards/max:1.0 - critic/rewards/min:0.0 - critic/advantages/mean:-0.012089717201888561 - critic/advantages/max:0.5400605201721191 - critic/advantages/min:-2.4748666286468506 - critic/returns/mean:-0.012089717201888561 - critic/returns/max:0.5400605201721191 - critic/returns/min:-2.4748666286468506 - response_length/mean:1267.8046875 - response_length/max:2048.0 - response_length/min:135.0 - response_length/clip_ratio:0.4296875 - response_length_non_aborted/mean:1267.8046875 - response_length_non_aborted/max:2048.0 - response_length_non_aborted/min:135.0 - response_length_non_aborted/clip_ratio:0.4296875 - response/aborted_ratio:0.0 - prompt_length/mean:123.6875 - prompt_length/max:125.0 - prompt_length/min:122.0 - prompt_length/clip_ratio:0.0 - num_turns/min:2 - num_turns/max:2 - num_turns/mean:2.0 - timing_s/start_profile:7.880013436079025e-05 - timing_s/agent_loop/num_preempted/min:-1 - timing_s/agent_loop/num_preempted/max:-1 - timing_s/agent_loop/num_preempted/mean:-1.0 - timing_s/agent_loop/generate_sequences/min:0.8631929196417332 - timing_s/agent_loop/generate_sequences/max:11.78025068435818 - timing_s/agent_loop/generate_sequences/mean:7.357468048168812 - timing_s/agent_loop/tool_calls/min:0.0 - timing_s/agent_loop/tool_calls/max:0.0 - timing_s/agent_loop/tool_calls/mean:0.0 - timing_s/agent_loop/compute_score/min:0.004232190549373627 - timing_s/agent_loop/compute_score/max:0.055972324684262276 - timing_s/agent_loop/compute_score/mean:0.013604550236777868 - timing_s/agent_loop/slowest/generate_sequences:11.733006757684052 - timing_s/agent_loop/slowest/tool_calls:0.0 - timing_s/agent_loop/slowest/compute_score:0.055972324684262276 - timing_s/agent_loop/slowest/num_preempted:-1 - timing_s/agent_loop/slowest/prompt_length:125 - timing_s/agent_loop/slowest/response_length:2048 - timing_s/gen:12.350639334879816 - timing_s/reward:1.6099773347377777e-05 - timing_s/old_log_prob:3.478444461710751 - timing_s/ref:4.913575368002057 - timing_s/adv:0.003706755116581917 - timing_s/update_actor:12.667909902520478 - timing_s/update_weights:1.2924287533387542 - timing_s/step:34.75520319119096 - timing_s/stop_profile:8.250866085290909e-05 - timing_per_token_ms/gen:0.07610744048755425 - timing_per_token_ms/ref:0.02758715277552794 - timing_per_token_ms/adv:2.0811488996086242e-05 - timing_per_token_ms/update_actor:0.0711236807525671 - perf/total_num_tokens:178111 - perf/time_per_step:34.75520319119096 - perf/throughput:5124.729066327081
[36m(TaskRunner pid=109178)[0m step:60 - global_seqlen/min:178752 - global_seqlen/max:178752 - global_seqlen/minmax_diff:0 - global_seqlen/balanced_min:178752 - global_seqlen/balanced_max:178752 - global_seqlen/mean:178752.0 - actor/entropy:0.21213629841804504 - perf/mfu/actor_infer:0.37616663453380833 - actor/pg_clipfrac:0.0003005076364388515 - actor/ppo_kl:0.00013472611681208946 - actor/pg_clipfrac_lower:0.0 - actor/pg_loss:0.06687231181422248 - actor/kl_loss:0.04318545991554856 - actor/kl_coef:0.001 - actor/loss:0.06691549345850945 - actor/grad_norm:0.2028619945049286 - actor/perf/max_memory_allocated_gb:68.44723176956177 - actor/perf/max_memory_reserved_gb:87.361328125 - actor/perf/cpu_memory_used_gb:21.56473159790039 - actor/lr:1e-06 - perf/mfu/actor:0.3047447012941274 - training/global_step:60 - training/epoch:0 - critic/score/mean:0.390625 - critic/score/max:1.0 - critic/score/min:0.0 - critic/rewards/mean:0.390625 - critic/rewards/max:1.0 - critic/rewards/min:0.0 - critic/advantages/mean:-0.06697975844144821 - critic/advantages/max:2.4748666286468506 - critic/advantages/min:-1.6201815605163574 - critic/returns/mean:-0.06697975844144821 - critic/returns/max:2.4748666286468506 - critic/returns/min:-1.6201815605163574 - response_length/mean:1271.3125 - response_length/max:2048.0 - response_length/min:178.0 - response_length/clip_ratio:0.4140625 - response_length_non_aborted/mean:1271.3125 - response_length_non_aborted/max:2048.0 - response_length_non_aborted/min:178.0 - response_length_non_aborted/clip_ratio:0.4140625 - response/aborted_ratio:0.0 - prompt_length/mean:125.1875 - prompt_length/max:141.0 - prompt_length/min:122.0 - prompt_length/clip_ratio:0.0 - num_turns/min:2 - num_turns/max:2 - num_turns/mean:2.0 - timing_s/start_profile:9.89297404885292e-05 - timing_s/agent_loop/num_preempted/min:-1 - timing_s/agent_loop/num_preempted/max:-1 - timing_s/agent_loop/num_preempted/mean:-1.0 - timing_s/agent_loop/generate_sequences/min:1.1369572123512626 - timing_s/agent_loop/generate_sequences/max:11.869362923316658 - timing_s/agent_loop/generate_sequences/mean:7.415614633573568 - timing_s/agent_loop/tool_calls/min:0.0 - timing_s/agent_loop/tool_calls/max:0.0 - timing_s/agent_loop/tool_calls/mean:0.0 - timing_s/agent_loop/compute_score/min:0.00424398947507143 - timing_s/agent_loop/compute_score/max:0.05862648878246546 - timing_s/agent_loop/compute_score/mean:0.011429397702158894 - timing_s/agent_loop/slowest/generate_sequences:11.869362923316658 - timing_s/agent_loop/slowest/tool_calls:0.0 - timing_s/agent_loop/slowest/compute_score:0.004371399059891701 - timing_s/agent_loop/slowest/num_preempted:-1 - timing_s/agent_loop/slowest/prompt_length:125 - timing_s/agent_loop/slowest/response_length:2048 - timing_s/gen:12.438248166814446 - timing_s/reward:2.138037234544754e-05 - timing_s/old_log_prob:3.4963180385529995 - timing_s/ref:4.911082720384002 - timing_s/adv:0.00390719436109066 - timing_s/update_actor:12.723427429795265 - timing_s/update_weights:1.2893084585666656 - timing_s/step:34.91455177590251 - timing_s/stop_profile:8.50185751914978e-05 - timing_per_token_ms/gen:0.07643582030636674 - timing_per_token_ms/ref:0.02747428124095955 - timing_per_token_ms/adv:2.185818542500593e-05 - timing_per_token_ms/update_actor:0.07117921718243861 - perf/total_num_tokens:178752 - perf/time_per_step:34.91455177590251 - perf/throughput:5119.699119934626
[36m(TaskRunner pid=109178)[0m Training Progress:  61%|██████    | 61/100 [31:19<21:39, 33.33s/it]
[36m(WorkerDict pid=109563)[0m INFO:2026-07-30 11:24:39,624:update_weights done, time cost: 0.57s
[36m(TaskRunner pid=109178)[0m Training Progress:  62%|██████▏   | 62/100 [31:58<22:09, 34.99s/it]
[36m(WorkerDict pid=109563)[0m INFO:2026-07-30 11:25:13,323:update_weights done, time cost: 0.56s
[36m(TaskRunner pid=109178)[0m step:61 - global_seqlen/min:137006 - global_seqlen/max:137006 - global_seqlen/minmax_diff:0 - global_seqlen/balanced_min:137006 - global_seqlen/balanced_max:137006 - global_seqlen/mean:137006.0 - actor/entropy:0.22214443981647491 - perf/mfu/actor_infer:0.3694219377136436 - actor/pg_clipfrac:0.0008835426961013582 - actor/ppo_kl:3.476294568827143e-05 - actor/pg_clipfrac_lower:0.0 - actor/pg_loss:0.011703684093845368 - actor/kl_loss:0.05590078537352383 - actor/kl_coef:0.001 - actor/loss:0.011759588494896889 - actor/grad_norm:0.3843465894460678 - actor/perf/max_memory_allocated_gb:68.44723176956177 - actor/perf/max_memory_reserved_gb:87.361328125 - actor/perf/cpu_memory_used_gb:21.509130477905273 - actor/lr:1e-06 - perf/mfu/actor:0.29817424679612786 - training/global_step:61 - training/epoch:0 - critic/score/mean:0.578125 - critic/score/max:1.0 - critic/score/min:0.0 - critic/rewards/mean:0.578125 - critic/rewards/max:1.0 - critic/rewards/min:0.0 - critic/advantages/mean:-0.01102001965045929 - critic/advantages/max:2.4748666286468506 - critic/advantages/min:-2.4748666286468506 - critic/returns/mean:-0.01102001965045929 - critic/returns/max:2.4748666286468506 - critic/returns/min:-2.4748666286468506 - response_length/mean:947.046875 - response_length/max:2048.0 - response_length/min:180.0 - response_length/clip_ratio:0.2421875 - response_length_non_aborted/mean:947.046875 - response_length_non_aborted/max:2048.0 - response_length_non_aborted/min:180.0 - response_length_non_aborted/clip_ratio:0.2421875 - response/aborted_ratio:0.0 - prompt_length/mean:123.3125 - prompt_length/max:125.0 - prompt_length/min:122.0 - prompt_length/clip_ratio:0.0 - num_turns/min:2 - num_turns/max:2 - num_turns/mean:2.0 - timing_s/start_profile:7.87191092967987e-05 - timing_s/agent_loop/num_preempted/min:-1 - timing_s/agent_loop/num_preempted/max:-1 - timing_s/agent_loop/num_preempted/mean:-1.0 - timing_s/agent_loop/generate_sequences/min:1.2031034789979458 - timing_s/agent_loop/generate_sequences/max:10.565512785688043 - timing_s/agent_loop/generate_sequences/mean:5.145648112425988 - timing_s/agent_loop/tool_calls/min:0.0 - timing_s/agent_loop/tool_calls/max:0.0 - timing_s/agent_loop/tool_calls/mean:0.0 - timing_s/agent_loop/compute_score/min:0.004356709308922291 - timing_s/agent_loop/compute_score/max:0.01985781453549862 - timing_s/agent_loop/compute_score/mean:0.007059256371576339 - timing_s/agent_loop/slowest/generate_sequences:10.565512785688043 - timing_s/agent_loop/slowest/tool_calls:0.0 - timing_s/agent_loop/slowest/compute_score:0.005904483608901501 - timing_s/agent_loop/slowest/num_preempted:-1 - timing_s/agent_loop/slowest/prompt_length:122 - timing_s/agent_loop/slowest/response_length:2048 - timing_s/gen:11.149471899494529 - timing_s/reward:1.6349367797374725e-05 - timing_s/old_log_prob:3.121159963309765 - timing_s/ref:4.698359902948141 - timing_s/adv:0.003597586415708065 - timing_s/update_actor:9.943604820407927 - timing_s/update_weights:1.3246279871091247 - timing_s/step:30.290329440496862 - timing_s/stop_profile:8.109863847494125e-05 - timing_per_token_ms/gen:0.09197564715558668 - timing_per_token_ms/ref:0.034293095944324635 - timing_per_token_ms/adv:2.6258604847291835e-05 - timing_per_token_ms/update_actor:0.072577878490051 - perf/total_num_tokens:137006 - perf/time_per_step:30.290329440496862 - perf/throughput:4523.093757337248
[36m(TaskRunner pid=109178)[0m step:62 - global_seqlen/min:210206 - global_seqlen/max:210206 - global_seqlen/minmax_diff:0 - global_seqlen/balanced_min:210206 - global_seqlen/balanced_max:210206 - global_seqlen/mean:210206.0 - actor/entropy:0.23026789724826813 - perf/mfu/actor_infer:0.38060715597580336 - actor/pg_clipfrac:0.0003345815675857011 - actor/ppo_kl:9.830939234234393e-06 - actor/pg_clipfrac_lower:0.0 - actor/pg_loss:0.06170867383480072 - actor/kl_loss:0.041775205405429006 - actor/kl_coef:0.001 - actor/loss:0.06175044924020767 - actor/grad_norm:0.29060904681682587 - actor/perf/max_memory_allocated_gb:68.44723176956177 - actor/perf/max_memory_reserved_gb:87.361328125 - actor/perf/cpu_memory_used_gb:21.482711791992188 - actor/lr:1e-06 - perf/mfu/actor:0.3099502181783441 - training/global_step:62 - training/epoch:0 - critic/score/mean:0.2578125 - critic/score/max:1.0 - critic/score/min:0.0 - critic/rewards/mean:0.2578125 - critic/rewards/max:1.0 - critic/rewards/min:0.0 - critic/advantages/mean:-0.06159886717796326 - critic/advantages/max:2.4748666286468506 - critic/advantages/min:-2.4748666286468506 - critic/returns/mean:-0.06159886717796326 - critic/returns/max:2.4748666286468506 - critic/returns/min:-2.4748666286468506 - response_length/mean:1518.234375 - response_length/max:2048.0 - response_length/min:145.0 - response_length/clip_ratio:0.5859375 - response_length_non_aborted/mean:1518.234375 - response_length_non_aborted/max:2048.0 - response_length_non_aborted/min:145.0 - response_length_non_aborted/clip_ratio:0.5859375 - response/aborted_ratio:0.0 - prompt_length/mean:124.0 - prompt_length/max:126.0 - prompt_length/min:122.0 - prompt_length/clip_ratio:0.0 - num_turns/min:2 - num_turns/max:2 - num_turns/mean:2.0 - timing_s/start_profile:7.699895650148392e-05 - timing_s/agent_loop/num_preempted/min:-1 - timing_s/agent_loop/num_preempted/max:-1 - timing_s/agent_loop/num_preempted/mean:-1.0 - timing_s/agent_loop/generate_sequences/min:0.9159416379407048 - timing_s/agent_loop/generate_sequences/max:13.013232672587037 - timing_s/agent_loop/generate_sequences/mean:9.582322528469376 - timing_s/agent_loop/tool_calls/min:0.0 - timing_s/agent_loop/tool_calls/max:0.0 - timing_s/agent_loop/tool_calls/mean:0.0 - timing_s/agent_loop/compute_score/min:0.003756263293325901 - timing_s/agent_loop/compute_score/max:0.05773971416056156 - timing_s/agent_loop/compute_score/mean:0.016074927545560058 - timing_s/agent_loop/slowest/generate_sequences:13.013232672587037 - timing_s/agent_loop/slowest/tool_calls:0.0 - timing_s/agent_loop/slowest/compute_score:0.004629826173186302 - timing_s/agent_loop/slowest/num_preempted:-1 - timing_s/agent_loop/slowest/prompt_length:125 - timing_s/agent_loop/slowest/response_length:2048 - timing_s/gen:13.588631146587431 - timing_s/reward:1.7270445823669434e-05 - timing_s/old_log_prob:4.067076682113111 - timing_s/ref:5.096221394836903 - timing_s/adv:0.0036270059645175934 - timing_s/update_actor:14.720078993588686 - timing_s/update_weights:1.3361275754868984 - timing_s/step:38.860165160149336 - timing_s/stop_profile:8.588936179876328e-05 - timing_per_token_ms/gen:0.06992410564588508 - timing_per_token_ms/ref:0.02424393877832651 - timing_per_token_ms/adv:1.7254531100528022e-05 - timing_per_token_ms/update_actor:0.07002692118012181 - perf/total_num_tokens:210206 - perf/time_per_step:38.860165160149336 - perf/throughput:5409.292501298062
[36m(TaskRunner pid=109178)[0m Training Progress:  63%|██████▎   | 63/100 [32:32<21:20, 34.60s/it]
[36m(WorkerDict pid=109563)[0m INFO:2026-07-30 11:25:48,003:update_weights done, time cost: 0.56s
[36m(TaskRunner pid=109178)[0m Training Progress:  64%|██████▍   | 64/100 [33:07<20:46, 34.62s/it]
[36m(WorkerDict pid=109563)[0m INFO:2026-07-30 11:26:17,074:update_weights done, time cost: 0.55s
[36m(TaskRunner pid=109178)[0m step:63 - global_seqlen/min:169671 - global_seqlen/max:169671 - global_seqlen/minmax_diff:0 - global_seqlen/balanced_min:169671 - global_seqlen/balanced_max:169671 - global_seqlen/mean:169671.0 - actor/entropy:0.20259328186511993 - perf/mfu/actor_infer:0.37713110693717683 - actor/pg_clipfrac:0.000697346184097114 - actor/ppo_kl:-5.900623852994613e-05 - actor/pg_clipfrac_lower:0.0 - actor/pg_loss:0.13129298214334995 - actor/kl_loss:0.045874806703068316 - actor/kl_coef:0.001 - actor/loss:0.13133885711431503 - actor/grad_norm:0.3442678302526474 - actor/perf/max_memory_allocated_gb:68.44723176956177 - actor/perf/max_memory_reserved_gb:87.361328125 - actor/perf/cpu_memory_used_gb:21.480680465698242 - actor/lr:1e-06 - perf/mfu/actor:0.30607708802882005 - training/global_step:63 - training/epoch:0 - critic/score/mean:0.515625 - critic/score/max:1.0 - critic/score/min:0.0 - critic/rewards/mean:0.515625 - critic/rewards/max:1.0 - critic/rewards/min:0.0 - critic/advantages/mean:-0.1316952407360077 - critic/advantages/max:0.935412585735321 - critic/advantages/min:-2.4748666286468506 - critic/returns/mean:-0.1316952407360077 - critic/returns/max:0.935412585735321 - critic/returns/min:-2.4748666286468506 - response_length/mean:1201.6796875 - response_length/max:2048.0 - response_length/min:142.0 - response_length/clip_ratio:0.3828125 - response_length_non_aborted/mean:1201.6796875 - response_length_non_aborted/max:2048.0 - response_length_non_aborted/min:142.0 - response_length_non_aborted/clip_ratio:0.3828125 - response/aborted_ratio:0.0 - prompt_length/mean:123.875 - prompt_length/max:125.0 - prompt_length/min:122.0 - prompt_length/clip_ratio:0.0 - num_turns/min:2 - num_turns/max:2 - num_turns/mean:2.0 - timing_s/start_profile:0.00010131858289241791 - timing_s/agent_loop/num_preempted/min:-1 - timing_s/agent_loop/num_preempted/max:-1 - timing_s/agent_loop/num_preempted/mean:-1.0 - timing_s/agent_loop/generate_sequences/min:0.9267838103696704 - timing_s/agent_loop/generate_sequences/max:11.509571500122547 - timing_s/agent_loop/generate_sequences/mean:6.830272785329726 - timing_s/agent_loop/tool_calls/min:0.0 - timing_s/agent_loop/tool_calls/max:0.0 - timing_s/agent_loop/tool_calls/mean:0.0 - timing_s/agent_loop/compute_score/min:0.0036092866212129593 - timing_s/agent_loop/compute_score/max:0.055551315657794476 - timing_s/agent_loop/compute_score/mean:0.010733363167673815 - timing_s/agent_loop/slowest/generate_sequences:11.470171133056283 - timing_s/agent_loop/slowest/tool_calls:0.0 - timing_s/agent_loop/slowest/compute_score:0.043979295529425144 - timing_s/agent_loop/slowest/num_preempted:-1 - timing_s/agent_loop/slowest/prompt_length:125 - timing_s/agent_loop/slowest/response_length:2048 - timing_s/gen:12.10136533062905 - timing_s/reward:1.8120743334293365e-05 - timing_s/old_log_prob:3.312819441780448 - timing_s/ref:4.862325644120574 - timing_s/adv:0.0035953857004642487 - timing_s/update_actor:12.028720933943987 - timing_s/update_weights:1.30610197968781 - timing_s/step:33.66469807457179 - timing_s/stop_profile:8.502975106239319e-05 - timing_per_token_ms/gen:0.07867480629736405 - timing_per_token_ms/ref:0.02865737600485984 - timing_per_token_ms/adv:2.1190337184694193e-05 - timing_per_token_ms/update_actor:0.07089438344763682 - perf/total_num_tokens:169671 - perf/time_per_step:33.66469807457179 - perf/throughput:5040.027378952163
[36m(TaskRunner pid=109178)[0m step:64 - global_seqlen/min:178063 - global_seqlen/max:178063 - global_seqlen/minmax_diff:0 - global_seqlen/balanced_min:178063 - global_seqlen/balanced_max:178063 - global_seqlen/mean:178063.0 - actor/entropy:0.21194057166576385 - perf/mfu/actor_infer:0.37860461339040535 - actor/pg_clipfrac:0.00021571519391727634 - actor/ppo_kl:-5.1882622074117535e-06 - actor/pg_clipfrac_lower:0.0 - actor/pg_loss:0.038569596770685166 - actor/kl_loss:0.04788720840588212 - actor/kl_coef:0.001 - actor/loss:0.03861748054623604 - actor/grad_norm:0.21261544525623322 - actor/perf/max_memory_allocated_gb:68.44723176956177 - actor/perf/max_memory_reserved_gb:87.361328125 - actor/perf/cpu_memory_used_gb:21.516284942626953 - actor/lr:1e-06 - perf/mfu/actor:0.30808076027460035 - training/global_step:64 - training/epoch:0 - critic/score/mean:0.4140625 - critic/score/max:1.0 - critic/score/min:0.0 - critic/rewards/mean:0.4140625 - critic/rewards/max:1.0 - critic/rewards/min:0.0 - critic/advantages/mean:-0.03830316290259361 - critic/advantages/max:2.4748666286468506 - critic/advantages/min:-2.4748666286468506 - critic/returns/mean:-0.03830316290259361 - critic/returns/max:2.4748666286468506 - critic/returns/min:-2.4748666286468506 - response_length/mean:1267.6171875 - response_length/max:2048.0 - response_length/min:184.0 - response_length/clip_ratio:0.4765625 - response_length_non_aborted/mean:1267.6171875 - response_length_non_aborted/max:2048.0 - response_length_non_aborted/min:184.0 - response_length_non_aborted/clip_ratio:0.4765625 - response/aborted_ratio:0.0 - prompt_length/mean:123.5 - prompt_length/max:125.0 - prompt_length/min:122.0 - prompt_length/clip_ratio:0.0 - num_turns/min:2 - num_turns/max:2 - num_turns/mean:2.0 - timing_s/start_profile:8.158944547176361e-05 - timing_s/agent_loop/num_preempted/min:-1 - timing_s/agent_loop/num_preempted/max:-1 - timing_s/agent_loop/num_preempted/mean:-1.0 - timing_s/agent_loop/generate_sequences/min:1.1889240173622966 - timing_s/agent_loop/generate_sequences/max:11.8291398556903 - timing_s/agent_loop/generate_sequences/mean:7.372022336399823 - timing_s/agent_loop/tool_calls/min:0.0 - timing_s/agent_loop/tool_calls/max:0.0 - timing_s/agent_loop/tool_calls/mean:0.0 - timing_s/agent_loop/compute_score/min:0.00422075018286705 - timing_s/agent_loop/compute_score/max:0.05613493826240301 - timing_s/agent_loop/compute_score/mean:0.013173112907679752 - timing_s/agent_loop/slowest/generate_sequences:11.8291398556903 - timing_s/agent_loop/slowest/tool_calls:0.0 - timing_s/agent_loop/slowest/compute_score:0.004350848495960236 - timing_s/agent_loop/slowest/num_preempted:-1 - timing_s/agent_loop/slowest/prompt_length:122 - timing_s/agent_loop/slowest/response_length:2048 - timing_s/gen:12.40530252456665 - timing_s/reward:1.71000137925148e-05 - timing_s/old_log_prob:3.471994078718126 - timing_s/ref:4.908792936243117 - timing_s/adv:0.0036086253821849823 - timing_s/update_actor:12.544883960857987 - timing_s/update_weights:1.297436824068427 - timing_s/step:34.67971848975867 - timing_s/stop_profile:8.671917021274567e-05 - timing_per_token_ms/gen:0.07645559474017226 - timing_per_token_ms/ref:0.027567731287483178 - timing_per_token_ms/adv:2.0266003505416523e-05 - timing_per_token_ms/update_actor:0.07045194094706922 - perf/total_num_tokens:178063 - perf/time_per_step:34.67971848975867 - perf/throughput:5134.499579417985
[36m(TaskRunner pid=109178)[0m Training Progress:  65%|██████▌   | 65/100 [33:36<19:13, 32.96s/it]
[36m(WorkerDict pid=109563)[0m INFO:2026-07-30 11:26:55,644:update_weights done, time cost: 0.56s
[36m(TaskRunner pid=109178)[0m Training Progress:  66%|██████▌   | 66/100 [34:14<19:37, 34.64s/it]
[36m(WorkerDict pid=109563)[0m INFO:2026-07-30 11:27:33,943:update_weights done, time cost: 0.54s
[36m(TaskRunner pid=109178)[0m step:65 - global_seqlen/min:129631 - global_seqlen/max:129631 - global_seqlen/minmax_diff:0 - global_seqlen/balanced_min:129631 - global_seqlen/balanced_max:129631 - global_seqlen/mean:129631.0 - actor/entropy:0.2168622612953186 - perf/mfu/actor_infer:0.3657923409178212 - actor/pg_clipfrac:0.0007701249887759332 - actor/ppo_kl:7.089303846896655e-05 - actor/pg_clipfrac_lower:0.0 - actor/pg_loss:0.2002058660145849 - actor/kl_loss:0.05893805529922247 - actor/kl_coef:0.001 - actor/loss:0.2002648189663887 - actor/grad_norm:0.5078594982624054 - actor/perf/max_memory_allocated_gb:68.44723176956177 - actor/perf/max_memory_reserved_gb:87.361328125 - actor/perf/cpu_memory_used_gb:21.565412521362305 - actor/lr:1e-06 - perf/mfu/actor:0.2966230838725513 - training/global_step:65 - training/epoch:0 - critic/score/mean:0.65625 - critic/score/max:1.0 - critic/score/min:0.0 - critic/rewards/mean:0.65625 - critic/rewards/max:1.0 - critic/rewards/min:0.0 - critic/advantages/mean:-0.200260728597641 - critic/advantages/max:0.7245674133300781 - critic/advantages/min:-2.4748666286468506 - critic/returns/mean:-0.200260728597641 - critic/returns/max:0.7245674133300781 - critic/returns/min:-2.4748666286468506 - response_length/mean:889.6171875 - response_length/max:2048.0 - response_length/min:130.0 - response_length/clip_ratio:0.25 - response_length_non_aborted/mean:889.6171875 - response_length_non_aborted/max:2048.0 - response_length_non_aborted/min:130.0 - response_length_non_aborted/clip_ratio:0.25 - response/aborted_ratio:0.0 - prompt_length/mean:123.125 - prompt_length/max:125.0 - prompt_length/min:122.0 - prompt_length/clip_ratio:0.0 - num_turns/min:2 - num_turns/max:2 - num_turns/mean:2.0 - timing_s/start_profile:8.383952081203461e-05 - timing_s/agent_loop/num_preempted/min:-1 - timing_s/agent_loop/num_preempted/max:-1 - timing_s/agent_loop/num_preempted/mean:-1.0 - timing_s/agent_loop/generate_sequences/min:0.8300924384966493 - timing_s/agent_loop/generate_sequences/max:10.40295272693038 - timing_s/agent_loop/generate_sequences/mean:4.710670180997113 - timing_s/agent_loop/tool_calls/min:0.0 - timing_s/agent_loop/tool_calls/max:0.0 - timing_s/agent_loop/tool_calls/mean:0.0 - timing_s/agent_loop/compute_score/min:0.003651464357972145 - timing_s/agent_loop/compute_score/max:0.04586097598075867 - timing_s/agent_loop/compute_score/mean:0.008547534082026687 - timing_s/agent_loop/slowest/generate_sequences:10.40295272693038 - timing_s/agent_loop/slowest/tool_calls:0.0 - timing_s/agent_loop/slowest/compute_score:0.004454688169062138 - timing_s/agent_loop/slowest/num_preempted:-1 - timing_s/agent_loop/slowest/prompt_length:125 - timing_s/agent_loop/slowest/response_length:2048 - timing_s/gen:10.964388527907431 - timing_s/reward:1.6679055988788605e-05 - timing_s/old_log_prob:2.626325427554548 - timing_s/ref:4.660978963598609 - timing_s/adv:0.00359402596950531 - timing_s/update_actor:9.464768161065876 - timing_s/update_weights:1.3109054528176785 - timing_s/step:29.080076682381332 - timing_s/stop_profile:8.1588514149189e-05 - timing_per_token_ms/gen:0.09628780398791116 - timing_per_token_ms/ref:0.03595574332990264 - timing_per_token_ms/adv:2.7725050099939906e-05 - timing_per_token_ms/update_actor:0.07301315396059489 - perf/total_num_tokens:129631 - perf/time_per_step:29.080076682381332 - perf/throughput:4457.725521698476
[36m(TaskRunner pid=109178)[0m step:66 - global_seqlen/min:205426 - global_seqlen/max:205426 - global_seqlen/minmax_diff:0 - global_seqlen/balanced_min:205426 - global_seqlen/balanced_max:205426 - global_seqlen/mean:205426.0 - actor/entropy:0.24716337025165558 - perf/mfu/actor_infer:0.380992425100946 - actor/pg_clipfrac:0.0003163101719110273 - actor/ppo_kl:0.00013977274829812814 - actor/pg_clipfrac_lower:0.0 - actor/pg_loss:0.07808313977147918 - actor/kl_loss:0.03878249879926443 - actor/kl_coef:0.001 - actor/loss:0.07812191918492317 - actor/grad_norm:0.2096591740846634 - actor/perf/max_memory_allocated_gb:68.44723176956177 - actor/perf/max_memory_reserved_gb:87.361328125 - actor/perf/cpu_memory_used_gb:21.461912155151367 - actor/lr:1e-06 - perf/mfu/actor:0.30951910576240005 - training/global_step:66 - training/epoch:0 - critic/score/mean:0.28125 - critic/score/max:1.0 - critic/score/min:0.0 - critic/rewards/mean:0.28125 - critic/rewards/max:1.0 - critic/rewards/min:0.0 - critic/advantages/mean:-0.07819199562072754 - critic/advantages/max:2.4748666286468506 - critic/advantages/min:-2.4748666286468506 - critic/returns/mean:-0.07819199562072754 - critic/returns/max:2.4748666286468506 - critic/returns/min:-2.4748666286468506 - response_length/mean:1480.453125 - response_length/max:2048.0 - response_length/min:152.0 - response_length/clip_ratio:0.5703125 - response_length_non_aborted/mean:1480.453125 - response_length_non_aborted/max:2048.0 - response_length_non_aborted/min:152.0 - response_length_non_aborted/clip_ratio:0.5703125 - response/aborted_ratio:0.0 - prompt_length/mean:124.4375 - prompt_length/max:140.0 - prompt_length/min:122.0 - prompt_length/clip_ratio:0.0 - num_turns/min:2 - num_turns/max:2 - num_turns/mean:2.0 - timing_s/start_profile:8.148886263370514e-05 - timing_s/agent_loop/num_preempted/min:-1 - timing_s/agent_loop/num_preempted/max:-1 - timing_s/agent_loop/num_preempted/mean:-1.0 - timing_s/agent_loop/generate_sequences/min:0.9585555717349052 - timing_s/agent_loop/generate_sequences/max:12.83153208065778 - timing_s/agent_loop/generate_sequences/mean:9.206561164530285 - timing_s/agent_loop/tool_calls/min:0.0 - timing_s/agent_loop/tool_calls/max:0.0 - timing_s/agent_loop/tool_calls/mean:0.0 - timing_s/agent_loop/compute_score/min:0.004493776708841324 - timing_s/agent_loop/compute_score/max:0.05138813238590956 - timing_s/agent_loop/compute_score/mean:0.014233387155400123 - timing_s/agent_loop/slowest/generate_sequences:12.83153208065778 - timing_s/agent_loop/slowest/tool_calls:0.0 - timing_s/agent_loop/slowest/compute_score:0.004689385183155537 - timing_s/agent_loop/slowest/num_preempted:-1 - timing_s/agent_loop/slowest/prompt_length:140 - timing_s/agent_loop/slowest/response_length:2048 - timing_s/gen:13.402445166371763 - timing_s/reward:1.70096755027771e-05 - timing_s/old_log_prob:3.957366991788149 - timing_s/ref:5.052152077667415 - timing_s/adv:0.003677324391901493 - timing_s/update_actor:14.785798379220068 - timing_s/update_weights:1.3089613430202007 - timing_s/step:38.557831723243 - timing_s/stop_profile:8.313078433275223e-05 - timing_per_token_ms/gen:0.07072605075711492 - timing_per_token_ms/ref:0.024593537710257782 - timing_per_token_ms/adv:1.7900968679239694e-05 - timing_per_token_ms/update_actor:0.07197627554068164 - perf/total_num_tokens:205426 - perf/time_per_step:38.557831723243 - perf/throughput:5327.737344633086
[36m(TaskRunner pid=109178)[0m Training Progress:  67%|██████▋   | 67/100 [34:52<19:39, 35.74s/it]
[36m(WorkerDict pid=109563)[0m INFO:2026-07-30 11:28:06,421:update_weights done, time cost: 0.55s
[36m(TaskRunner pid=109178)[0m Training Progress:  68%|██████▊   | 68/100 [35:25<18:32, 34.76s/it]
[36m(WorkerDict pid=109563)[0m INFO:2026-07-30 11:28:39,973:update_weights done, time cost: 0.58s
[36m(TaskRunner pid=109178)[0m step:67 - global_seqlen/min:206216 - global_seqlen/max:206216 - global_seqlen/minmax_diff:0 - global_seqlen/balanced_min:206216 - global_seqlen/balanced_max:206216 - global_seqlen/mean:206216.0 - actor/entropy:0.2122238725423813 - perf/mfu/actor_infer:0.38156207996427277 - actor/pg_clipfrac:0.0003686583531816723 - actor/ppo_kl:2.563792895671213e-05 - actor/pg_clipfrac_lower:0.0 - actor/pg_loss:0.016046460019424558 - actor/kl_loss:0.03794578940141946 - actor/kl_coef:0.001 - actor/loss:0.01608440512791276 - actor/grad_norm:0.1580968275666237 - actor/perf/max_memory_allocated_gb:68.44723176956177 - actor/perf/max_memory_reserved_gb:87.361328125 - actor/perf/cpu_memory_used_gb:21.490005493164062 - actor/lr:1e-06 - perf/mfu/actor:0.311043315997346 - training/global_step:67 - training/epoch:0 - critic/score/mean:0.2734375 - critic/score/max:1.0 - critic/score/min:0.0 - critic/rewards/mean:0.2734375 - critic/rewards/max:1.0 - critic/rewards/min:0.0 - critic/advantages/mean:-0.015914687886834145 - critic/advantages/max:0.5400605201721191 - critic/advantages/min:-2.4748666286468506 - critic/returns/mean:-0.015914687886834145 - critic/returns/max:0.5400605201721191 - critic/returns/min:-2.4748666286468506 - response_length/mean:1486.0 - response_length/max:2048.0 - response_length/min:190.0 - response_length/clip_ratio:0.578125 - response_length_non_aborted/mean:1486.0 - response_length_non_aborted/max:2048.0 - response_length_non_aborted/min:190.0 - response_length_non_aborted/clip_ratio:0.578125 - response/aborted_ratio:0.0 - prompt_length/mean:125.0625 - prompt_length/max:138.0 - prompt_length/min:122.0 - prompt_length/clip_ratio:0.0 - num_turns/min:2 - num_turns/max:2 - num_turns/mean:2.0 - timing_s/start_profile:8.614826947450638e-05 - timing_s/agent_loop/num_preempted/min:-1 - timing_s/agent_loop/num_preempted/max:-1 - timing_s/agent_loop/num_preempted/mean:-1.0 - timing_s/agent_loop/generate_sequences/min:1.1880862591788173 - timing_s/agent_loop/generate_sequences/max:12.918175659142435 - timing_s/agent_loop/generate_sequences/mean:9.307723242382053 - timing_s/agent_loop/tool_calls/min:0.0 - timing_s/agent_loop/tool_calls/max:0.0 - timing_s/agent_loop/tool_calls/mean:0.0 - timing_s/agent_loop/compute_score/min:0.004058441147208214 - timing_s/agent_loop/compute_score/max:0.057359074242413044 - timing_s/agent_loop/compute_score/mean:0.017268554664042313 - timing_s/agent_loop/slowest/generate_sequences:12.86846731044352 - timing_s/agent_loop/slowest/tool_calls:0.0 - timing_s/agent_loop/slowest/compute_score:0.05652387347072363 - timing_s/agent_loop/slowest/num_preempted:-1 - timing_s/agent_loop/slowest/prompt_length:125 - timing_s/agent_loop/slowest/response_length:2048 - timing_s/gen:13.498435247689486 - timing_s/reward:1.6019679605960846e-05 - timing_s/old_log_prob:3.9818207370117307 - timing_s/ref:5.0576254008337855 - timing_s/adv:0.0036219647154212 - timing_s/update_actor:14.404687554575503 - timing_s/update_weights:1.285084692761302 - timing_s/step:38.278779638931155 - timing_s/stop_profile:8.221063762903214e-05 - timing_per_token_ms/gen:0.0709667061726609 - timing_per_token_ms/ref:0.024525863176638987 - timing_per_token_ms/adv:1.756393643277534e-05 - timing_per_token_ms/update_actor:0.06985242442184653 - perf/total_num_tokens:206216 - perf/time_per_step:38.278779638931155 - perf/throughput:5387.214585865991
[36m(TaskRunner pid=109178)[0m step:68 - global_seqlen/min:158029 - global_seqlen/max:158029 - global_seqlen/minmax_diff:0 - global_seqlen/balanced_min:158029 - global_seqlen/balanced_max:158029 - global_seqlen/mean:158029.0 - actor/entropy:0.23891781270503998 - perf/mfu/actor_infer:0.37119692172156243 - actor/pg_clipfrac:0.0008399389225814957 - actor/ppo_kl:-0.00017367612053931225 - actor/pg_clipfrac_lower:0.0 - actor/pg_loss:0.10401899848875473 - actor/kl_loss:0.047870201990008354 - actor/kl_coef:0.001 - actor/loss:0.104066863656044 - actor/grad_norm:0.34296639263629913 - actor/perf/max_memory_allocated_gb:68.44723176956177 - actor/perf/max_memory_reserved_gb:87.361328125 - actor/perf/cpu_memory_used_gb:21.509735107421875 - actor/lr:1e-06 - perf/mfu/actor:0.3011523466220086 - training/global_step:68 - training/epoch:0 - critic/score/mean:0.546875 - critic/score/max:1.0 - critic/score/min:0.0 - critic/rewards/mean:0.546875 - critic/rewards/max:1.0 - critic/rewards/min:0.0 - critic/advantages/mean:-0.10358602553606033 - critic/advantages/max:1.6201815605163574 - critic/advantages/min:-2.4748666286468506 - critic/returns/mean:-0.10358602553606033 - critic/returns/max:1.6201815605163574 - critic/returns/min:-2.4748666286468506 - response_length/mean:1111.2890625 - response_length/max:2048.0 - response_length/min:145.0 - response_length/clip_ratio:0.328125 - response_length_non_aborted/mean:1111.2890625 - response_length_non_aborted/max:2048.0 - response_length_non_aborted/min:145.0 - response_length_non_aborted/clip_ratio:0.328125 - response/aborted_ratio:0.0 - prompt_length/mean:123.3125 - prompt_length/max:125.0 - prompt_length/min:122.0 - prompt_length/clip_ratio:0.0 - num_turns/min:2 - num_turns/max:2 - num_turns/mean:2.0 - timing_s/start_profile:0.0001990078017115593 - timing_s/agent_loop/num_preempted/min:-1 - timing_s/agent_loop/num_preempted/max:-1 - timing_s/agent_loop/num_preempted/mean:-1.0 - timing_s/agent_loop/generate_sequences/min:0.9231126345694065 - timing_s/agent_loop/generate_sequences/max:11.221621146425605 - timing_s/agent_loop/generate_sequences/mean:6.198705941955268 - timing_s/agent_loop/tool_calls/min:0.0 - timing_s/agent_loop/tool_calls/max:0.0 - timing_s/agent_loop/tool_calls/mean:0.0 - timing_s/agent_loop/compute_score/min:0.004230409860610962 - timing_s/agent_loop/compute_score/max:0.03022004198282957 - timing_s/agent_loop/compute_score/mean:0.008813108921458479 - timing_s/agent_loop/slowest/generate_sequences:11.221621146425605 - timing_s/agent_loop/slowest/tool_calls:0.0 - timing_s/agent_loop/slowest/compute_score:0.005322788842022419 - timing_s/agent_loop/slowest/num_preempted:-1 - timing_s/agent_loop/slowest/prompt_length:122 - timing_s/agent_loop/slowest/response_length:2048 - timing_s/gen:11.794611566700041 - timing_s/reward:2.078898251056671e-05 - timing_s/old_log_prob:3.14105804823339 - timing_s/ref:4.80789974052459 - timing_s/adv:0.003608015365898609 - timing_s/update_actor:11.375480365939438 - timing_s/update_weights:1.2953937537968159 - timing_s/step:32.469623647630215 - timing_s/stop_profile:7.789954543113708e-05 - timing_per_token_ms/gen:0.08291758280923787 - timing_per_token_ms/ref:0.030424161011742085 - timing_per_token_ms/adv:2.2831349726307256e-05 - timing_per_token_ms/update_actor:0.07198349901562016 - perf/total_num_tokens:158029 - perf/time_per_step:32.469623647630215 - perf/throughput:4866.979725880922
[36m(TaskRunner pid=109178)[0m Training Progress:  69%|██████▉   | 69/100 [35:59<17:46, 34.40s/it]
[36m(WorkerDict pid=109563)[0m INFO:2026-07-30 11:29:18,265:update_weights done, time cost: 0.56s
[36m(TaskRunner pid=109178)[0m Training Progress:  70%|███████   | 70/100 [36:37<17:46, 35.56s/it]
[36m(WorkerDict pid=109563)[0m INFO:2026-07-30 11:29:50,429:update_weights done, time cost: 0.56s
[36m(TaskRunner pid=109178)[0m step:69 - global_seqlen/min:167232 - global_seqlen/max:167232 - global_seqlen/minmax_diff:0 - global_seqlen/balanced_min:167232 - global_seqlen/balanced_max:167232 - global_seqlen/mean:167232.0 - actor/entropy:0.2268391251564026 - perf/mfu/actor_infer:0.375323042244143 - actor/pg_clipfrac:0.0003237612691009417 - actor/ppo_kl:-7.518853112742363e-05 - actor/pg_clipfrac_lower:0.0 - actor/pg_loss:0.10572531301295385 - actor/kl_loss:0.044560237089172006 - actor/kl_coef:0.001 - actor/loss:0.10576987452805042 - actor/grad_norm:0.3269196003675461 - actor/perf/max_memory_allocated_gb:68.44723176956177 - actor/perf/max_memory_reserved_gb:87.361328125 - actor/perf/cpu_memory_used_gb:21.515676498413086 - actor/lr:1e-06 - perf/mfu/actor:0.30321143937509804 - training/global_step:69 - training/epoch:0 - critic/score/mean:0.5 - critic/score/max:1.0 - critic/score/min:0.0 - critic/rewards/mean:0.5 - critic/rewards/max:1.0 - critic/rewards/min:0.0 - critic/advantages/mean:-0.10625806450843811 - critic/advantages/max:2.4748666286468506 - critic/advantages/min:-2.4748666286468506 - critic/returns/mean:-0.10625806450843811 - critic/returns/max:2.4748666286468506 - critic/returns/min:-2.4748666286468506 - response_length/mean:1182.625 - response_length/max:2048.0 - response_length/min:188.0 - response_length/clip_ratio:0.3984375 - response_length_non_aborted/mean:1182.625 - response_length_non_aborted/max:2048.0 - response_length_non_aborted/min:188.0 - response_length_non_aborted/clip_ratio:0.3984375 - response/aborted_ratio:0.0 - prompt_length/mean:123.875 - prompt_length/max:127.0 - prompt_length/min:122.0 - prompt_length/clip_ratio:0.0 - num_turns/min:2 - num_turns/max:2 - num_turns/mean:2.0 - timing_s/start_profile:8.953921496868134e-05 - timing_s/agent_loop/num_preempted/min:-1 - timing_s/agent_loop/num_preempted/max:-1 - timing_s/agent_loop/num_preempted/mean:-1.0 - timing_s/agent_loop/generate_sequences/min:1.1645769979804754 - timing_s/agent_loop/generate_sequences/max:11.47489684727043 - timing_s/agent_loop/generate_sequences/mean:6.706281901053444 - timing_s/agent_loop/tool_calls/min:0.0 - timing_s/agent_loop/tool_calls/max:0.0 - timing_s/agent_loop/tool_calls/mean:0.0 - timing_s/agent_loop/compute_score/min:0.00460426602512598 - timing_s/agent_loop/compute_score/max:0.04941052012145519 - timing_s/agent_loop/compute_score/mean:0.011597190241445787 - timing_s/agent_loop/slowest/generate_sequences:11.431169401854277 - timing_s/agent_loop/slowest/tool_calls:0.0 - timing_s/agent_loop/slowest/compute_score:0.04941052012145519 - timing_s/agent_loop/slowest/num_preempted:-1 - timing_s/agent_loop/slowest/prompt_length:125 - timing_s/agent_loop/slowest/response_length:2048 - timing_s/gen:12.052234609611332 - timing_s/reward:1.735985279083252e-05 - timing_s/old_log_prob:3.2838509483262897 - timing_s/ref:4.859671470709145 - timing_s/adv:0.0036185355857014656 - timing_s/update_actor:11.965761215426028 - timing_s/update_weights:1.3415190912783146 - timing_s/step:33.55591113306582 - timing_s/stop_profile:9.457860141992569e-05 - timing_per_token_ms/gen:0.07961786947476042 - timing_per_token_ms/ref:0.02905945913885587 - timing_per_token_ms/adv:2.1637818035432605e-05 - timing_per_token_ms/update_actor:0.07155186337199834 - perf/total_num_tokens:167232 - perf/time_per_step:33.55591113306582 - perf/throughput:4983.682288847477
[36m(TaskRunner pid=109178)[0m step:70 - global_seqlen/min:205154 - global_seqlen/max:205154 - global_seqlen/minmax_diff:0 - global_seqlen/balanced_min:205154 - global_seqlen/balanced_max:205154 - global_seqlen/mean:205154.0 - actor/entropy:0.22508952021598816 - perf/mfu/actor_infer:0.38027406972316863 - actor/pg_clipfrac:7.65941958889016e-05 - actor/ppo_kl:-8.999106967166881e-05 - actor/pg_clipfrac_lower:0.0 - actor/pg_loss:0.022883816505782306 - actor/kl_loss:0.03788141522090882 - actor/kl_coef:0.001 - actor/loss:0.022921698167920113 - actor/grad_norm:0.14220338314771652 - actor/perf/max_memory_allocated_gb:68.44986391067505 - actor/perf/max_memory_reserved_gb:87.361328125 - actor/perf/cpu_memory_used_gb:21.53801918029785 - actor/lr:1e-06 - perf/mfu/actor:0.30935812822010167 - training/global_step:70 - training/epoch:0 - critic/score/mean:0.2890625 - critic/score/max:1.0 - critic/score/min:0.0 - critic/rewards/mean:0.2890625 - critic/rewards/max:1.0 - critic/rewards/min:0.0 - critic/advantages/mean:-0.02302403561770916 - critic/advantages/max:1.6201815605163574 - critic/advantages/min:-0.7245674133300781 - critic/returns/mean:-0.02302403561770916 - critic/returns/max:1.6201815605163574 - critic/returns/min:-0.7245674133300781 - response_length/mean:1477.703125 - response_length/max:2048.0 - response_length/min:191.0 - response_length/clip_ratio:0.5546875 - response_length_non_aborted/mean:1477.703125 - response_length_non_aborted/max:2048.0 - response_length_non_aborted/min:191.0 - response_length_non_aborted/clip_ratio:0.5546875 - response/aborted_ratio:0.0 - prompt_length/mean:125.0625 - prompt_length/max:141.0 - prompt_length/min:122.0 - prompt_length/clip_ratio:0.0 - num_turns/min:2 - num_turns/max:2 - num_turns/mean:2.0 - timing_s/start_profile:8.883047848939896e-05 - timing_s/agent_loop/num_preempted/min:-1 - timing_s/agent_loop/num_preempted/max:-1 - timing_s/agent_loop/num_preempted/mean:-1.0 - timing_s/agent_loop/generate_sequences/min:1.2332074334844947 - timing_s/agent_loop/generate_sequences/max:12.887901125475764 - timing_s/agent_loop/generate_sequences/mean:9.228899410038139 - timing_s/agent_loop/tool_calls/min:0.0 - timing_s/agent_loop/tool_calls/max:0.0 - timing_s/agent_loop/tool_calls/mean:0.0 - timing_s/agent_loop/compute_score/min:0.003952021710574627 - timing_s/agent_loop/compute_score/max:0.06543348636478186 - timing_s/agent_loop/compute_score/mean:0.014626390162447933 - timing_s/agent_loop/slowest/generate_sequences:12.887901125475764 - timing_s/agent_loop/slowest/tool_calls:0.0 - timing_s/agent_loop/slowest/compute_score:0.003952021710574627 - timing_s/agent_loop/slowest/num_preempted:-1 - timing_s/agent_loop/slowest/prompt_length:125 - timing_s/agent_loop/slowest/response_length:2048 - timing_s/gen:13.474903750233352 - timing_s/reward:1.6840174794197083e-05 - timing_s/old_log_prob:3.9709423584863544 - timing_s/ref:5.059954875148833 - timing_s/adv:0.0036218659952282906 - timing_s/update_actor:14.403306799009442 - timing_s/update_weights:1.2949565118178725 - timing_s/step:38.257113970816135 - timing_s/stop_profile:7.87489116191864e-05 - timing_per_token_ms/gen:0.07124075449776021 - timing_per_token_ms/ref:0.0246641784959047 - timing_per_token_ms/adv:1.765437668886929e-05 - timing_per_token_ms/update_actor:0.0702072920781922 - perf/total_num_tokens:205154 - perf/time_per_step:38.257113970816135 - perf/throughput:5362.505916063053
[36m(TaskRunner pid=109178)[0m Training Progress:  71%|███████   | 71/100 [37:09<16:41, 34.54s/it]
[36m(WorkerDict pid=109563)[0m INFO:2026-07-30 11:30:24,053:update_weights done, time cost: 0.57s
[36m(TaskRunner pid=109178)[0m Training Progress:  72%|███████▏  | 72/100 [37:43<15:59, 34.27s/it]
[36m(WorkerDict pid=109563)[0m INFO:2026-07-30 11:31:01,676:update_weights done, time cost: 0.57s
[36m(TaskRunner pid=109178)[0m step:71 - global_seqlen/min:155874 - global_seqlen/max:155874 - global_seqlen/minmax_diff:0 - global_seqlen/balanced_min:155874 - global_seqlen/balanced_max:155874 - global_seqlen/mean:155874.0 - actor/entropy:0.1937466561794281 - perf/mfu/actor_infer:0.37199136428481167 - actor/pg_clipfrac:0.00033823602097982075 - actor/ppo_kl:9.910279783298392e-05 - actor/pg_clipfrac_lower:0.0 - actor/pg_loss:0.06949634704506025 - actor/kl_loss:0.045707260724157095 - actor/kl_coef:0.001 - actor/loss:0.0695420540869236 - actor/grad_norm:0.2421722263097763 - actor/perf/max_memory_allocated_gb:68.44986391067505 - actor/perf/max_memory_reserved_gb:87.361328125 - actor/perf/cpu_memory_used_gb:21.572872161865234 - actor/lr:1e-06 - perf/mfu/actor:0.3014228332072976 - training/global_step:71 - training/epoch:0 - critic/score/mean:0.4921875 - critic/score/max:1.0 - critic/score/min:0.0 - critic/rewards/mean:0.4921875 - critic/rewards/max:1.0 - critic/rewards/min:0.0 - critic/advantages/mean:-0.06942085921764374 - critic/advantages/max:2.4748666286468506 - critic/advantages/min:-2.4748666286468506 - critic/returns/mean:-0.06942085921764374 - critic/returns/max:2.4748666286468506 - critic/returns/min:-2.4748666286468506 - response_length/mean:1094.078125 - response_length/max:2048.0 - response_length/min:155.0 - response_length/clip_ratio:0.3515625 - response_length_non_aborted/mean:1094.078125 - response_length_non_aborted/max:2048.0 - response_length_non_aborted/min:155.0 - response_length_non_aborted/clip_ratio:0.3515625 - response/aborted_ratio:0.0 - prompt_length/mean:123.6875 - prompt_length/max:126.0 - prompt_length/min:122.0 - prompt_length/clip_ratio:0.0 - num_turns/min:2 - num_turns/max:2 - num_turns/mean:2.0 - timing_s/start_profile:8.097849786281586e-05 - timing_s/agent_loop/num_preempted/min:-1 - timing_s/agent_loop/num_preempted/max:-1 - timing_s/agent_loop/num_preempted/mean:-1.0 - timing_s/agent_loop/generate_sequences/min:1.0233594821766019 - timing_s/agent_loop/generate_sequences/max:11.119195828214288 - timing_s/agent_loop/generate_sequences/mean:6.075663913092285 - timing_s/agent_loop/tool_calls/min:0.0 - timing_s/agent_loop/tool_calls/max:0.0 - timing_s/agent_loop/tool_calls/mean:0.0 - timing_s/agent_loop/compute_score/min:0.003891563042998314 - timing_s/agent_loop/compute_score/max:0.03982916008681059 - timing_s/agent_loop/compute_score/mean:0.009881663987471256 - timing_s/agent_loop/slowest/generate_sequences:11.08681721612811 - timing_s/agent_loop/slowest/tool_calls:0.0 - timing_s/agent_loop/slowest/compute_score:0.03982916008681059 - timing_s/agent_loop/slowest/num_preempted:-1 - timing_s/agent_loop/slowest/prompt_length:126 - timing_s/agent_loop/slowest/response_length:2048 - timing_s/gen:11.696246973238885 - timing_s/reward:1.7179176211357117e-05 - timing_s/old_log_prob:3.095930978655815 - timing_s/ref:4.8036124454811215 - timing_s/adv:0.0036443648859858513 - timing_s/update_actor:11.221646676771343 - timing_s/update_weights:1.2784632286056876 - timing_s/step:32.14815947506577 - timing_s/stop_profile:8.230935782194138e-05 - timing_per_token_ms/gen:0.08351956536781027 - timing_per_token_ms/ref:0.030817278349699894 - timing_per_token_ms/adv:2.338019737727813e-05 - timing_per_token_ms/update_actor:0.0719917797501273 - perf/total_num_tokens:155874 - perf/time_per_step:32.14815947506577 - perf/throughput:4848.613499037058
[36m(TaskRunner pid=109178)[0m step:72 - global_seqlen/min:165923 - global_seqlen/max:165923 - global_seqlen/minmax_diff:0 - global_seqlen/balanced_min:165923 - global_seqlen/balanced_max:165923 - global_seqlen/mean:165923.0 - actor/entropy:0.20640619099140167 - perf/mfu/actor_infer:0.37478810871305507 - actor/pg_clipfrac:0.0007484774814656703 - actor/ppo_kl:6.94747177476529e-05 - actor/pg_clipfrac_lower:0.0 - actor/pg_loss:0.10291611759384978 - actor/kl_loss:0.04537047818303108 - actor/kl_coef:0.001 - actor/loss:0.10296148620545864 - actor/grad_norm:0.2876727655529976 - actor/perf/max_memory_allocated_gb:68.44986391067505 - actor/perf/max_memory_reserved_gb:87.361328125 - actor/perf/cpu_memory_used_gb:21.494644165039062 - actor/lr:1e-06 - perf/mfu/actor:0.30533546306506176 - training/global_step:72 - training/epoch:0 - critic/score/mean:0.515625 - critic/score/max:1.0 - critic/score/min:0.0 - critic/rewards/mean:0.515625 - critic/rewards/max:1.0 - critic/rewards/min:0.0 - critic/advantages/mean:-0.10324918478727341 - critic/advantages/max:2.4748666286468506 - critic/advantages/min:-2.4748666286468506 - critic/returns/mean:-0.10324918478727341 - critic/returns/max:2.4748666286468506 - critic/returns/min:-2.4748666286468506 - response_length/mean:1172.6484375 - response_length/max:2048.0 - response_length/min:152.0 - response_length/clip_ratio:0.4140625 - response_length_non_aborted/mean:1172.6484375 - response_length_non_aborted/max:2048.0 - response_length_non_aborted/min:152.0 - response_length_non_aborted/clip_ratio:0.4140625 - response/aborted_ratio:0.0 - prompt_length/mean:123.625 - prompt_length/max:125.0 - prompt_length/min:121.0 - prompt_length/clip_ratio:0.0 - num_turns/min:2 - num_turns/max:2 - num_turns/mean:2.0 - timing_s/start_profile:8.341949433088303e-05 - timing_s/agent_loop/num_preempted/min:-1 - timing_s/agent_loop/num_preempted/max:-1 - timing_s/agent_loop/num_preempted/mean:-1.0 - timing_s/agent_loop/generate_sequences/min:0.9994638115167618 - timing_s/agent_loop/generate_sequences/max:11.384103181771934 - timing_s/agent_loop/generate_sequences/mean:6.615335831862467 - timing_s/agent_loop/tool_calls/min:0.0 - timing_s/agent_loop/tool_calls/max:0.0 - timing_s/agent_loop/tool_calls/mean:0.0 - timing_s/agent_loop/compute_score/min:0.004141070879995823 - timing_s/agent_loop/compute_score/max:0.05088100489228964 - timing_s/agent_loop/compute_score/mean:0.011536367339431308 - timing_s/agent_loop/slowest/generate_sequences:11.364387920126319 - timing_s/agent_loop/slowest/tool_calls:0.0 - timing_s/agent_loop/slowest/compute_score:0.024218829348683357 - timing_s/agent_loop/slowest/num_preempted:-1 - timing_s/agent_loop/slowest/prompt_length:125 - timing_s/agent_loop/slowest/response_length:2048 - timing_s/gen:11.985494690947235 - timing_s/reward:1.6969628632068634e-05 - timing_s/old_log_prob:3.267710424028337 - timing_s/ref:5.222687816247344 - timing_s/adv:0.0036138053983449936 - timing_s/update_actor:11.79552293010056 - timing_s/update_weights:1.3168176524341106 - timing_s/step:33.64149873610586 - timing_s/stop_profile:8.512940257787704e-05 - timing_per_token_ms/gen:0.07985059654592792 - timing_per_token_ms/ref:0.03147657537681541 - timing_per_token_ms/adv:2.1780014816179755e-05 - timing_per_token_ms/update_actor:0.07109034268968474 - perf/total_num_tokens:165923 - perf/time_per_step:33.64149873610586 - perf/throughput:4932.092987341332
[36m(TaskRunner pid=109178)[0m Training Progress:  73%|███████▎  | 73/100 [38:20<15:52, 35.28s/it]
[36m(WorkerDict pid=109563)[0m INFO:2026-07-30 11:31:34,760:update_weights done, time cost: 0.54s
[36m(TaskRunner pid=109178)[0m Training Progress:  74%|███████▍  | 74/100 [38:53<15:00, 34.62s/it]
[36m(WorkerDict pid=109563)[0m INFO:2026-07-30 11:32:07,432:update_weights done, time cost: 0.55s
[36m(TaskRunner pid=109178)[0m step:73 - global_seqlen/min:198777 - global_seqlen/max:198777 - global_seqlen/minmax_diff:0 - global_seqlen/balanced_min:198777 - global_seqlen/balanced_max:198777 - global_seqlen/mean:198777.0 - actor/entropy:0.21778564155101776 - perf/mfu/actor_infer:0.3787312161749854 - actor/pg_clipfrac:0.0004415742787386989 - actor/ppo_kl:8.367021382582607e-05 - actor/pg_clipfrac_lower:0.0 - actor/pg_loss:0.017527107149362564 - actor/kl_loss:0.03992590366397053 - actor/kl_coef:0.001 - actor/loss:0.01756703294813633 - actor/grad_norm:0.20382115244865417 - actor/perf/max_memory_allocated_gb:68.44986391067505 - actor/perf/max_memory_reserved_gb:87.361328125 - actor/perf/cpu_memory_used_gb:21.515762329101562 - actor/lr:1e-06 - perf/mfu/actor:0.30887959807217813 - training/global_step:73 - training/epoch:0 - critic/score/mean:0.3671875 - critic/score/max:1.0 - critic/score/min:0.0 - critic/rewards/mean:0.3671875 - critic/rewards/max:1.0 - critic/rewards/min:0.0 - critic/advantages/mean:-0.017457181587815285 - critic/advantages/max:2.4748666286468506 - critic/advantages/min:-2.4748666286468506 - critic/returns/mean:-0.017457181587815285 - critic/returns/max:2.4748666286468506 - critic/returns/min:-2.4748666286468506 - response_length/mean:1429.0703125 - response_length/max:2048.0 - response_length/min:145.0 - response_length/clip_ratio:0.5625 - response_length_non_aborted/mean:1429.0703125 - response_length_non_aborted/max:2048.0 - response_length_non_aborted/min:145.0 - response_length_non_aborted/clip_ratio:0.5625 - response/aborted_ratio:0.0 - prompt_length/mean:123.875 - prompt_length/max:125.0 - prompt_length/min:122.0 - prompt_length/clip_ratio:0.0 - num_turns/min:2 - num_turns/max:2 - num_turns/mean:2.0 - timing_s/start_profile:8.404906839132309e-05 - timing_s/agent_loop/num_preempted/min:-1 - timing_s/agent_loop/num_preempted/max:-1 - timing_s/agent_loop/num_preempted/mean:-1.0 - timing_s/agent_loop/generate_sequences/min:0.9499377766624093 - timing_s/agent_loop/generate_sequences/max:12.791228012181818 - timing_s/agent_loop/generate_sequences/mean:8.874989217722032 - timing_s/agent_loop/tool_calls/min:0.0 - timing_s/agent_loop/tool_calls/max:0.0 - timing_s/agent_loop/tool_calls/mean:0.0 - timing_s/agent_loop/compute_score/min:0.004247198812663555 - timing_s/agent_loop/compute_score/max:0.04880880285054445 - timing_s/agent_loop/compute_score/mean:0.015407826031150762 - timing_s/agent_loop/slowest/generate_sequences:12.791228012181818 - timing_s/agent_loop/slowest/tool_calls:0.0 - timing_s/agent_loop/slowest/compute_score:0.0045747170224785805 - timing_s/agent_loop/slowest/num_preempted:-1 - timing_s/agent_loop/slowest/prompt_length:122 - timing_s/agent_loop/slowest/response_length:2048 - timing_s/gen:13.376046794466674 - timing_s/reward:1.8320046365261078e-05 - timing_s/old_log_prob:3.867438589222729 - timing_s/ref:5.025170362554491 - timing_s/adv:0.0036244262009859085 - timing_s/update_actor:13.980574361979961 - timing_s/update_weights:1.3173433281481266 - timing_s/step:37.61765130702406 - timing_s/stop_profile:9.154900908470154e-05 - timing_per_token_ms/gen:0.0731247193841422 - timing_per_token_ms/ref:0.02528044171385266 - timing_per_token_ms/adv:1.8233629650240763e-05 - timing_per_token_ms/update_actor:0.07033295784713504 - perf/total_num_tokens:198777 - perf/time_per_step:37.61765130702406 - perf/throughput:5284.141701927145
[36m(TaskRunner pid=109178)[0m step:74 - global_seqlen/min:163623 - global_seqlen/max:163623 - global_seqlen/minmax_diff:0 - global_seqlen/balanced_min:163623 - global_seqlen/balanced_max:163623 - global_seqlen/mean:163623.0 - actor/entropy:0.2119193822145462 - perf/mfu/actor_infer:0.3741492546754412 - actor/pg_clipfrac:0.0002818100419972325 - actor/ppo_kl:4.813257646674174e-05 - actor/pg_clipfrac_lower:0.0 - actor/pg_loss:0.13230270193889737 - actor/kl_loss:0.04442051285877824 - actor/kl_coef:0.001 - actor/loss:0.13234712928533554 - actor/grad_norm:0.2661120519042015 - actor/perf/max_memory_allocated_gb:68.44986391067505 - actor/perf/max_memory_reserved_gb:87.361328125 - actor/perf/cpu_memory_used_gb:21.55673599243164 - actor/lr:1e-06 - perf/mfu/actor:0.30298611043898394 - training/global_step:74 - training/epoch:0 - critic/score/mean:0.484375 - critic/score/max:1.0 - critic/score/min:0.0 - critic/rewards/mean:0.484375 - critic/rewards/max:1.0 - critic/rewards/min:0.0 - critic/advantages/mean:-0.13243651390075684 - critic/advantages/max:2.4748666286468506 - critic/advantages/min:-2.4748666286468506 - critic/returns/mean:-0.13243651390075684 - critic/returns/max:2.4748666286468506 - critic/returns/min:-2.4748666286468506 - response_length/mean:1154.9921875 - response_length/max:2048.0 - response_length/min:159.0 - response_length/clip_ratio:0.4375 - response_length_non_aborted/mean:1154.9921875 - response_length_non_aborted/max:2048.0 - response_length_non_aborted/min:159.0 - response_length_non_aborted/clip_ratio:0.4375 - response/aborted_ratio:0.0 - prompt_length/mean:123.3125 - prompt_length/max:125.0 - prompt_length/min:122.0 - prompt_length/clip_ratio:0.0 - num_turns/min:2 - num_turns/max:2 - num_turns/mean:2.0 - timing_s/start_profile:8.0878846347332e-05 - timing_s/agent_loop/num_preempted/min:-1 - timing_s/agent_loop/num_preempted/max:-1 - timing_s/agent_loop/num_preempted/mean:-1.0 - timing_s/agent_loop/generate_sequences/min:1.0202435068786144 - timing_s/agent_loop/generate_sequences/max:11.344900959171355 - timing_s/agent_loop/generate_sequences/mean:6.47273340675747 - timing_s/agent_loop/tool_calls/min:0.0 - timing_s/agent_loop/tool_calls/max:0.0 - timing_s/agent_loop/tool_calls/mean:0.0 - timing_s/agent_loop/compute_score/min:0.0038240645080804825 - timing_s/agent_loop/compute_score/max:0.03760433103889227 - timing_s/agent_loop/compute_score/mean:0.010832470805326011 - timing_s/agent_loop/slowest/generate_sequences:11.344900959171355 - timing_s/agent_loop/slowest/tool_calls:0.0 - timing_s/agent_loop/slowest/compute_score:0.006097631528973579 - timing_s/agent_loop/slowest/num_preempted:-1 - timing_s/agent_loop/slowest/prompt_length:125 - timing_s/agent_loop/slowest/response_length:2048 - timing_s/gen:11.932904137298465 - timing_s/reward:1.7870217561721802e-05 - timing_s/old_log_prob:3.2304916298016906 - timing_s/ref:4.837624370120466 - timing_s/adv:0.0036179861053824425 - timing_s/update_actor:11.730979819782078 - timing_s/update_weights:1.2840365963056684 - timing_s/step:33.068327793851495 - timing_s/stop_profile:8.640997111797333e-05 - timing_per_token_ms/gen:0.08071553607166218 - timing_per_token_ms/ref:0.029565674569714928 - timing_per_token_ms/adv:2.211172087898671e-05 - timing_per_token_ms/update_actor:0.07169517622694901 - perf/total_num_tokens:163623 - perf/time_per_step:33.068327793851495 - perf/throughput:4948.027642039492
[36m(TaskRunner pid=109178)[0m Training Progress:  75%|███████▌  | 75/100 [39:26<14:10, 34.03s/it]
[36m(WorkerDict pid=109563)[0m INFO:2026-07-30 11:32:45,374:update_weights done, time cost: 0.55s
[36m(TaskRunner pid=109178)[0m Training Progress:  76%|███████▌  | 76/100 [40:04<14:05, 35.21s/it]
[36m(WorkerDict pid=109563)[0m INFO:2026-07-30 11:33:15,879:update_weights done, time cost: 0.54s
[36m(TaskRunner pid=109178)[0m step:75 - global_seqlen/min:161534 - global_seqlen/max:161534 - global_seqlen/minmax_diff:0 - global_seqlen/balanced_min:161534 - global_seqlen/balanced_max:161534 - global_seqlen/mean:161534.0 - actor/entropy:0.18848258256912231 - perf/mfu/actor_infer:0.3723716037225843 - actor/pg_clipfrac:0.00023405148385791108 - actor/ppo_kl:-4.573682144837221e-05 - actor/pg_clipfrac_lower:0.0 - actor/pg_loss:0.11474648700095713 - actor/kl_loss:0.042362838168628514 - actor/kl_coef:0.001 - actor/loss:0.11478884518146515 - actor/grad_norm:0.27734750509262085 - actor/perf/max_memory_allocated_gb:68.44986391067505 - actor/perf/max_memory_reserved_gb:87.361328125 - actor/perf/cpu_memory_used_gb:21.552608489990234 - actor/lr:1e-06 - perf/mfu/actor:0.30371922525892703 - training/global_step:75 - training/epoch:0 - critic/score/mean:0.515625 - critic/score/max:1.0 - critic/score/min:0.0 - critic/rewards/mean:0.515625 - critic/rewards/max:1.0 - critic/rewards/min:0.0 - critic/advantages/mean:-0.11494336277246475 - critic/advantages/max:1.6201815605163574 - critic/advantages/min:-2.4748666286468506 - critic/returns/mean:-0.11494336277246475 - critic/returns/max:1.6201815605163574 - critic/returns/min:-2.4748666286468506 - response_length/mean:1138.484375 - response_length/max:2048.0 - response_length/min:129.0 - response_length/clip_ratio:0.390625 - response_length_non_aborted/mean:1138.484375 - response_length_non_aborted/max:2048.0 - response_length_non_aborted/min:129.0 - response_length_non_aborted/clip_ratio:0.390625 - response/aborted_ratio:0.0 - prompt_length/mean:123.5 - prompt_length/max:125.0 - prompt_length/min:122.0 - prompt_length/clip_ratio:0.0 - num_turns/min:2 - num_turns/max:2 - num_turns/mean:2.0 - timing_s/start_profile:7.893983274698257e-05 - timing_s/agent_loop/num_preempted/min:-1 - timing_s/agent_loop/num_preempted/max:-1 - timing_s/agent_loop/num_preempted/mean:-1.0 - timing_s/agent_loop/generate_sequences/min:0.8340379716828465 - timing_s/agent_loop/generate_sequences/max:11.15195226110518 - timing_s/agent_loop/generate_sequences/mean:6.2799856583733344 - timing_s/agent_loop/tool_calls/min:0.0 - timing_s/agent_loop/tool_calls/max:0.0 - timing_s/agent_loop/tool_calls/mean:0.0 - timing_s/agent_loop/compute_score/min:0.004087311215698719 - timing_s/agent_loop/compute_score/max:0.041703290306031704 - timing_s/agent_loop/compute_score/mean:0.010782452765852213 - timing_s/agent_loop/slowest/generate_sequences:11.15195226110518 - timing_s/agent_loop/slowest/tool_calls:0.0 - timing_s/agent_loop/slowest/compute_score:0.005029601976275444 - timing_s/agent_loop/slowest/num_preempted:-1 - timing_s/agent_loop/slowest/prompt_length:125 - timing_s/agent_loop/slowest/response_length:2048 - timing_s/gen:11.740624068304896 - timing_s/reward:1.6479752957820892e-05 - timing_s/old_log_prob:3.2008931133896112 - timing_s/ref:4.825613082386553 - timing_s/adv:0.0036107348278164864 - timing_s/update_actor:11.547583162784576 - timing_s/update_weights:1.298429062590003 - timing_s/step:32.66582537535578 - timing_s/stop_profile:8.163973689079285e-05 - timing_per_token_ms/gen:0.08056643336333184 - timing_per_token_ms/ref:0.029873667973222686 - timing_per_token_ms/adv:2.235278534436395e-05 - timing_per_token_ms/update_actor:0.07148701302997869 - perf/total_num_tokens:161534 - perf/time_per_step:32.66582537535578 - perf/throughput:4945.045721142769
[36m(TaskRunner pid=109178)[0m step:76 - global_seqlen/min:202359 - global_seqlen/max:202359 - global_seqlen/minmax_diff:0 - global_seqlen/balanced_min:202359 - global_seqlen/balanced_max:202359 - global_seqlen/mean:202359.0 - actor/entropy:0.15054216980934143 - perf/mfu/actor_infer:0.3817706323081147 - actor/pg_clipfrac:0.0007146504831325728 - actor/ppo_kl:-4.547383650788106e-05 - actor/pg_clipfrac_lower:0.0 - actor/pg_loss:0.09139309493730252 - actor/kl_loss:0.033889305079355836 - actor/kl_coef:0.001 - actor/loss:0.09142698347568512 - actor/grad_norm:0.2312329038977623 - actor/perf/max_memory_allocated_gb:68.44986391067505 - actor/perf/max_memory_reserved_gb:87.361328125 - actor/perf/cpu_memory_used_gb:21.559419631958008 - actor/lr:1e-06 - perf/mfu/actor:0.3079238084690863 - training/global_step:76 - training/epoch:0 - critic/score/mean:0.296875 - critic/score/max:1.0 - critic/score/min:0.0 - critic/rewards/mean:0.296875 - critic/rewards/max:1.0 - critic/rewards/min:0.0 - critic/advantages/mean:-0.09156742691993713 - critic/advantages/max:2.4748666286468506 - critic/advantages/min:-2.4748666286468506 - critic/returns/mean:-0.09156742691993713 - critic/returns/max:2.4748666286468506 - critic/returns/min:-2.4748666286468506 - response_length/mean:1456.8671875 - response_length/max:2048.0 - response_length/min:176.0 - response_length/clip_ratio:0.5703125 - response_length_non_aborted/mean:1456.8671875 - response_length_non_aborted/max:2048.0 - response_length_non_aborted/min:176.0 - response_length_non_aborted/clip_ratio:0.5703125 - response/aborted_ratio:0.0 - prompt_length/mean:124.0625 - prompt_length/max:125.0 - prompt_length/min:122.0 - prompt_length/clip_ratio:0.0 - num_turns/min:2 - num_turns/max:2 - num_turns/mean:2.0 - timing_s/start_profile:8.191913366317749e-05 - timing_s/agent_loop/num_preempted/min:-1 - timing_s/agent_loop/num_preempted/max:-1 - timing_s/agent_loop/num_preempted/mean:-1.0 - timing_s/agent_loop/generate_sequences/min:1.0979371406137943 - timing_s/agent_loop/generate_sequences/max:12.772329240106046 - timing_s/agent_loop/generate_sequences/mean:9.02110289405391 - timing_s/agent_loop/tool_calls/min:0.0 - timing_s/agent_loop/tool_calls/max:0.0 - timing_s/agent_loop/tool_calls/mean:0.0 - timing_s/agent_loop/compute_score/min:0.0041403695940971375 - timing_s/agent_loop/compute_score/max:0.04810270853340626 - timing_s/agent_loop/compute_score/mean:0.014242352153814863 - timing_s/agent_loop/slowest/generate_sequences:12.772329240106046 - timing_s/agent_loop/slowest/tool_calls:0.0 - timing_s/agent_loop/slowest/compute_score:0.004171060398221016 - timing_s/agent_loop/slowest/num_preempted:-1 - timing_s/agent_loop/slowest/prompt_length:125 - timing_s/agent_loop/slowest/response_length:2048 - timing_s/gen:13.363510400056839 - timing_s/reward:1.7260201275348663e-05 - timing_s/old_log_prob:3.9020951483398676 - timing_s/ref:5.042700313962996 - timing_s/adv:0.0036260150372982025 - timing_s/update_actor:14.283666463568807 - timing_s/update_weights:1.3128023045137525 - timing_s/step:37.95758384652436 - timing_s/stop_profile:0.00010267924517393112 - timing_per_token_ms/gen:0.0716622804715643 - timing_per_token_ms/ref:0.02491957518056027 - timing_per_token_ms/adv:1.7918723838812223e-05 - timing_per_token_ms/update_actor:0.07058577312384824 - perf/total_num_tokens:202359 - perf/time_per_step:37.95758384652436 - perf/throughput:5331.187591344261
[36m(TaskRunner pid=109178)[0m Training Progress:  77%|███████▋  | 77/100 [40:34<12:57, 33.79s/it]
[36m(WorkerDict pid=109563)[0m INFO:2026-07-30 11:33:46,648:update_weights done, time cost: 0.55s
[36m(TaskRunner pid=109178)[0m Training Progress:  78%|███████▊  | 78/100 [41:05<12:03, 32.89s/it]
[36m(WorkerDict pid=109563)[0m INFO:2026-07-30 11:34:20,029:update_weights done, time cost: 0.55s
[36m(TaskRunner pid=109178)[0m step:77 - global_seqlen/min:138185 - global_seqlen/max:138185 - global_seqlen/minmax_diff:0 - global_seqlen/balanced_min:138185 - global_seqlen/balanced_max:138185 - global_seqlen/mean:138185.0 - actor/entropy:0.19211392104625702 - perf/mfu/actor_infer:0.3675071621474419 - actor/pg_clipfrac:0.00011490990073070861 - actor/ppo_kl:4.6658970234148e-05 - actor/pg_clipfrac_lower:0.0 - actor/pg_loss:0.08149660262279212 - actor/kl_loss:0.050954669713974 - actor/kl_coef:0.001 - actor/loss:0.0815475545823574 - actor/grad_norm:0.22697735577821732 - actor/perf/max_memory_allocated_gb:68.44986391067505 - actor/perf/max_memory_reserved_gb:87.361328125 - actor/perf/cpu_memory_used_gb:21.631649017333984 - actor/lr:1e-06 - perf/mfu/actor:0.29966195301547827 - training/global_step:77 - training/epoch:0 - critic/score/mean:0.6171875 - critic/score/max:1.0 - critic/score/min:0.0 - critic/rewards/mean:0.6171875 - critic/rewards/max:1.0 - critic/rewards/min:0.0 - critic/advantages/mean:-0.08126331120729446 - critic/advantages/max:2.4748666286468506 - critic/advantages/min:-0.935412585735321 - critic/returns/mean:-0.08126331120729446 - critic/returns/max:2.4748666286468506 - critic/returns/min:-0.935412585735321 - response_length/mean:956.6953125 - response_length/max:2048.0 - response_length/min:138.0 - response_length/clip_ratio:0.3125 - response_length_non_aborted/mean:956.6953125 - response_length_non_aborted/max:2048.0 - response_length_non_aborted/min:138.0 - response_length_non_aborted/clip_ratio:0.3125 - response/aborted_ratio:0.0 - prompt_length/mean:122.875 - prompt_length/max:125.0 - prompt_length/min:122.0 - prompt_length/clip_ratio:0.0 - num_turns/min:2 - num_turns/max:2 - num_turns/mean:2.0 - timing_s/start_profile:8.206907659769058e-05 - timing_s/agent_loop/num_preempted/min:-1 - timing_s/agent_loop/num_preempted/max:-1 - timing_s/agent_loop/num_preempted/mean:-1.0 - timing_s/agent_loop/generate_sequences/min:0.8982336260378361 - timing_s/agent_loop/generate_sequences/max:10.699620863422751 - timing_s/agent_loop/generate_sequences/mean:5.12417803434073 - timing_s/agent_loop/tool_calls/min:0.0 - timing_s/agent_loop/tool_calls/max:0.0 - timing_s/agent_loop/tool_calls/mean:0.0 - timing_s/agent_loop/compute_score/min:0.0034217070788145065 - timing_s/agent_loop/compute_score/max:0.05422376003116369 - timing_s/agent_loop/compute_score/mean:0.010488535765034612 - timing_s/agent_loop/slowest/generate_sequences:10.65193352010101 - timing_s/agent_loop/slowest/tool_calls:0.0 - timing_s/agent_loop/slowest/compute_score:0.05422376003116369 - timing_s/agent_loop/slowest/num_preempted:-1 - timing_s/agent_loop/slowest/prompt_length:125 - timing_s/agent_loop/slowest/response_length:2048 - timing_s/gen:11.269783651456237 - timing_s/reward:1.7209909856319427e-05 - timing_s/old_log_prob:2.785822980105877 - timing_s/ref:4.7082508988678455 - timing_s/adv:0.003628295846283436 - timing_s/update_actor:10.378665826283395 - timing_s/update_weights:1.2695243330672383 - timing_s/step:30.46451216749847 - timing_s/stop_profile:8.318852633237839e-05 - timing_per_token_ms/gen:0.09203053848662172 - timing_per_token_ms/ref:0.03407208379250892 - timing_per_token_ms/adv:2.6256799553377253e-05 - timing_per_token_ms/update_actor:0.07510703640976514 - perf/total_num_tokens:138185 - perf/time_per_step:30.46451216749847 - perf/throughput:4535.933457271139
[36m(TaskRunner pid=109178)[0m step:78 - global_seqlen/min:143981 - global_seqlen/max:143981 - global_seqlen/minmax_diff:0 - global_seqlen/balanced_min:143981 - global_seqlen/balanced_max:143981 - global_seqlen/mean:143981.0 - actor/entropy:0.16896159946918488 - perf/mfu/actor_infer:0.3694810143461542 - actor/pg_clipfrac:0.0006341789085126948 - actor/ppo_kl:-3.8138766740303254e-05 - actor/pg_clipfrac_lower:0.0 - actor/pg_loss:0.16025403194362298 - actor/kl_loss:0.0457518344046548 - actor/kl_coef:0.001 - actor/loss:0.16029979288578033 - actor/grad_norm:0.34160958230495453 - actor/perf/max_memory_allocated_gb:68.44986391067505 - actor/perf/max_memory_reserved_gb:87.361328125 - actor/perf/cpu_memory_used_gb:21.587871551513672 - actor/lr:1e-06 - perf/mfu/actor:0.30113098818799217 - training/global_step:78 - training/epoch:0 - critic/score/mean:0.5703125 - critic/score/max:1.0 - critic/score/min:0.0 - critic/rewards/mean:0.5703125 - critic/rewards/max:1.0 - critic/rewards/min:0.0 - critic/advantages/mean:-0.1611497551202774 - critic/advantages/max:2.4748666286468506 - critic/advantages/min:-2.4748666286468506 - critic/returns/mean:-0.1611497551202774 - critic/returns/max:2.4748666286468506 - critic/returns/min:-2.4748666286468506 - response_length/mean:1001.1640625 - response_length/max:2048.0 - response_length/min:147.0 - response_length/clip_ratio:0.328125 - response_length_non_aborted/mean:1001.1640625 - response_length_non_aborted/max:2048.0 - response_length_non_aborted/min:147.0 - response_length_non_aborted/clip_ratio:0.328125 - response/aborted_ratio:0.0 - prompt_length/mean:123.6875 - prompt_length/max:125.0 - prompt_length/min:122.0 - prompt_length/clip_ratio:0.0 - num_turns/min:2 - num_turns/max:2 - num_turns/mean:2.0 - timing_s/start_profile:8.201878517866135e-05 - timing_s/agent_loop/num_preempted/min:-1 - timing_s/agent_loop/num_preempted/max:-1 - timing_s/agent_loop/num_preempted/mean:-1.0 - timing_s/agent_loop/generate_sequences/min:0.967824843712151 - timing_s/agent_loop/generate_sequences/max:10.874055476859212 - timing_s/agent_loop/generate_sequences/mean:5.4781632511731 - timing_s/agent_loop/tool_calls/min:0.0 - timing_s/agent_loop/tool_calls/max:0.0 - timing_s/agent_loop/tool_calls/mean:0.0 - timing_s/agent_loop/compute_score/min:0.004281018860638142 - timing_s/agent_loop/compute_score/max:0.03454833757132292 - timing_s/agent_loop/compute_score/mean:0.00942722743639024 - timing_s/agent_loop/slowest/generate_sequences:10.874055476859212 - timing_s/agent_loop/slowest/tool_calls:0.0 - timing_s/agent_loop/slowest/compute_score:0.004772543907165527 - timing_s/agent_loop/slowest/num_preempted:-1 - timing_s/agent_loop/slowest/prompt_length:125 - timing_s/agent_loop/slowest/response_length:2048 - timing_s/gen:11.47289716731757 - timing_s/reward:1.7269514501094818e-05 - timing_s/old_log_prob:2.869126527570188 - timing_s/ref:4.729820598848164 - timing_s/adv:0.003617805428802967 - timing_s/update_actor:10.356634998694062 - timing_s/update_weights:1.3060377975925803 - timing_s/step:30.787509492598474 - timing_s/stop_profile:8.478853851556778e-05 - timing_per_token_ms/gen:0.08952779317292815 - timing_per_token_ms/ref:0.03285031079689795 - timing_per_token_ms/adv:2.512696417446029e-05 - timing_per_token_ms/update_actor:0.0719305672185501 - perf/total_num_tokens:143981 - perf/time_per_step:30.787509492598474 - perf/throughput:4676.604323406348
[36m(TaskRunner pid=109178)[0m Training Progress:  79%|███████▉  | 79/100 [41:39<11:33, 33.03s/it]
[36m(WorkerDict pid=109563)[0m INFO:2026-07-30 11:34:52,621:update_weights done, time cost: 0.55s
[36m(TaskRunner pid=109178)[0m Training Progress:  80%|████████  | 80/100 [42:11<10:58, 32.90s/it]
[36m(WorkerDict pid=109563)[0m INFO:2026-07-30 11:35:29,464:update_weights done, time cost: 0.56s
[36m(TaskRunner pid=109178)[0m step:79 - global_seqlen/min:167164 - global_seqlen/max:167164 - global_seqlen/minmax_diff:0 - global_seqlen/balanced_min:167164 - global_seqlen/balanced_max:167164 - global_seqlen/mean:167164.0 - actor/entropy:0.17393523454666138 - perf/mfu/actor_infer:0.3757887703537363 - actor/pg_clipfrac:0.00040223280529971817 - actor/ppo_kl:2.3718891497992445e-05 - actor/pg_clipfrac_lower:0.0 - actor/pg_loss:0.08764166058972478 - actor/kl_loss:0.040206563426181674 - actor/kl_coef:0.001 - actor/loss:0.08768187090754509 - actor/grad_norm:0.26551756262779236 - actor/perf/max_memory_allocated_gb:68.44986391067505 - actor/perf/max_memory_reserved_gb:87.361328125 - actor/perf/cpu_memory_used_gb:21.570955276489258 - actor/lr:1e-06 - perf/mfu/actor:0.3046882450251974 - training/global_step:79 - training/epoch:0 - critic/score/mean:0.46875 - critic/score/max:1.0 - critic/score/min:0.0 - critic/rewards/mean:0.46875 - critic/rewards/max:1.0 - critic/rewards/min:0.0 - critic/advantages/mean:-0.08756561577320099 - critic/advantages/max:1.6201815605163574 - critic/advantages/min:-2.4748666286468506 - critic/returns/mean:-0.08756561577320099 - critic/returns/max:1.6201815605163574 - critic/returns/min:-2.4748666286468506 - response_length/mean:1182.46875 - response_length/max:2048.0 - response_length/min:137.0 - response_length/clip_ratio:0.453125 - response_length_non_aborted/mean:1182.46875 - response_length_non_aborted/max:2048.0 - response_length_non_aborted/min:137.0 - response_length_non_aborted/clip_ratio:0.453125 - response/aborted_ratio:0.0 - prompt_length/mean:123.5 - prompt_length/max:125.0 - prompt_length/min:122.0 - prompt_length/clip_ratio:0.0 - num_turns/min:2 - num_turns/max:2 - num_turns/mean:2.0 - timing_s/start_profile:8.773058652877808e-05 - timing_s/agent_loop/num_preempted/min:-1 - timing_s/agent_loop/num_preempted/max:-1 - timing_s/agent_loop/num_preempted/mean:-1.0 - timing_s/agent_loop/generate_sequences/min:0.8769413521513343 - timing_s/agent_loop/generate_sequences/max:11.391215868294239 - timing_s/agent_loop/generate_sequences/mean:6.634071088345081 - timing_s/agent_loop/tool_calls/min:0.0 - timing_s/agent_loop/tool_calls/max:0.0 - timing_s/agent_loop/tool_calls/mean:0.0 - timing_s/agent_loop/compute_score/min:0.003931751474738121 - timing_s/agent_loop/compute_score/max:0.045776630751788616 - timing_s/agent_loop/compute_score/mean:0.012294225947698578 - timing_s/agent_loop/slowest/generate_sequences:11.391215868294239 - timing_s/agent_loop/slowest/tool_calls:0.0 - timing_s/agent_loop/slowest/compute_score:0.003931751474738121 - timing_s/agent_loop/slowest/num_preempted:-1 - timing_s/agent_loop/slowest/prompt_length:125 - timing_s/agent_loop/slowest/response_length:2048 - timing_s/gen:11.988187893293798 - timing_s/reward:1.6668811440467834e-05 - timing_s/old_log_prob:3.274722165428102 - timing_s/ref:4.842310127802193 - timing_s/adv:0.003586985170841217 - timing_s/update_actor:11.908582371659577 - timing_s/update_weights:1.289160992950201 - timing_s/step:33.35447369515896 - timing_s/stop_profile:7.905066013336182e-05 - timing_per_token_ms/gen:0.0792052372769748 - timing_per_token_ms/ref:0.028967421979625953 - timing_per_token_ms/adv:2.145788070901161e-05 - timing_per_token_ms/update_actor:0.07123891730073208 - perf/total_num_tokens:167164 - perf/time_per_step:33.35447369515896 - perf/throughput:5011.74149913995
[36m(TaskRunner pid=109178)[0m step:80 - global_seqlen/min:159347 - global_seqlen/max:159347 - global_seqlen/minmax_diff:0 - global_seqlen/balanced_min:159347 - global_seqlen/balanced_max:159347 - global_seqlen/mean:159347.0 - actor/entropy:0.15833570063114166 - perf/mfu/actor_infer:0.3747638255072597 - actor/pg_clipfrac:0.0006271324800763978 - actor/ppo_kl:-3.695427389516226e-05 - actor/pg_clipfrac_lower:0.0 - actor/pg_loss:0.0884021018864587 - actor/kl_loss:0.04247381049208343 - actor/kl_coef:0.001 - actor/loss:0.08844457566738129 - actor/grad_norm:0.29102569818496704 - actor/perf/max_memory_allocated_gb:68.44986391067505 - actor/perf/max_memory_reserved_gb:87.361328125 - actor/perf/cpu_memory_used_gb:21.619752883911133 - actor/lr:1e-06 - perf/mfu/actor:0.30182159605555153 - training/global_step:80 - training/epoch:0 - critic/score/mean:0.5078125 - critic/score/max:1.0 - critic/score/min:0.0 - critic/rewards/mean:0.5078125 - critic/rewards/max:1.0 - critic/rewards/min:0.0 - critic/advantages/mean:-0.08846067637205124 - critic/advantages/max:2.4748666286468506 - critic/advantages/min:-2.4748666286468506 - critic/returns/mean:-0.08846067637205124 - critic/returns/max:2.4748666286468506 - critic/returns/min:-2.4748666286468506 - response_length/mean:1121.7109375 - response_length/max:2048.0 - response_length/min:138.0 - response_length/clip_ratio:0.4375 - response_length_non_aborted/mean:1121.7109375 - response_length_non_aborted/max:2048.0 - response_length_non_aborted/min:138.0 - response_length_non_aborted/clip_ratio:0.4375 - response/aborted_ratio:0.0 - prompt_length/mean:123.1875 - prompt_length/max:125.0 - prompt_length/min:122.0 - prompt_length/clip_ratio:0.0 - num_turns/min:2 - num_turns/max:2 - num_turns/mean:2.0 - timing_s/start_profile:8.183997124433517e-05 - timing_s/agent_loop/num_preempted/min:-1 - timing_s/agent_loop/num_preempted/max:-1 - timing_s/agent_loop/num_preempted/mean:-1.0 - timing_s/agent_loop/generate_sequences/min:0.8950525932013988 - timing_s/agent_loop/generate_sequences/max:11.239799166098237 - timing_s/agent_loop/generate_sequences/mean:6.240865257634141 - timing_s/agent_loop/tool_calls/min:0.0 - timing_s/agent_loop/tool_calls/max:0.0 - timing_s/agent_loop/tool_calls/mean:0.0 - timing_s/agent_loop/compute_score/min:0.004005732014775276 - timing_s/agent_loop/compute_score/max:0.0484005156904459 - timing_s/agent_loop/compute_score/mean:0.011227909672015812 - timing_s/agent_loop/slowest/generate_sequences:11.239799166098237 - timing_s/agent_loop/slowest/tool_calls:0.0 - timing_s/agent_loop/slowest/compute_score:0.004005732014775276 - timing_s/agent_loop/slowest/num_preempted:-1 - timing_s/agent_loop/slowest/prompt_length:125 - timing_s/agent_loop/slowest/response_length:2048 - timing_s/gen:11.811013844795525 - timing_s/reward:1.7439015209674835e-05 - timing_s/old_log_prob:3.140328548848629 - timing_s/ref:4.821539104916155 - timing_s/adv:0.0036254264414310455 - timing_s/update_actor:11.47114859521389 - timing_s/update_weights:1.289555363357067 - timing_s/step:32.58607945404947 - timing_s/stop_profile:8.890032768249512e-05 - timing_per_token_ms/gen:0.08226142990824233 - timing_per_token_ms/ref:0.030258110318463198 - timing_per_token_ms/adv:2.2751770924027723e-05 - timing_per_token_ms/update_actor:0.07198848171107011 - perf/total_num_tokens:159347 - perf/time_per_step:32.58607945404947 - perf/throughput:4890.0328812092785
[36m(TaskRunner pid=109178)[0m Training Progress:  81%|████████  | 81/100 [42:48<10:47, 34.09s/it]
[36m(WorkerDict pid=109563)[0m INFO:2026-07-30 11:36:02,133:update_weights done, time cost: 0.55s
[36m(TaskRunner pid=109178)[0m Training Progress:  82%|████████▏ | 82/100 [43:21<10:05, 33.66s/it]
[36m(WorkerDict pid=109563)[0m INFO:2026-07-30 11:36:38,873:update_weights done, time cost: 0.55s
[36m(TaskRunner pid=109178)[0m step:81 - global_seqlen/min:192247 - global_seqlen/max:192247 - global_seqlen/minmax_diff:0 - global_seqlen/balanced_min:192247 - global_seqlen/balanced_max:192247 - global_seqlen/mean:192247.0 - actor/entropy:0.18533800542354584 - perf/mfu/actor_infer:0.37756224642422426 - actor/pg_clipfrac:0.00019127060386381345 - actor/ppo_kl:-1.6120564396260306e-05 - actor/pg_clipfrac_lower:0.0 - actor/pg_loss:0.06563236389774829 - actor/kl_loss:0.03825934918131679 - actor/kl_coef:0.001 - actor/loss:0.06567062065005302 - actor/grad_norm:0.1732398122549057 - actor/perf/max_memory_allocated_gb:68.44986391067505 - actor/perf/max_memory_reserved_gb:87.361328125 - actor/perf/cpu_memory_used_gb:21.620365142822266 - actor/lr:1e-06 - perf/mfu/actor:0.3069611238311154 - training/global_step:81 - training/epoch:0 - critic/score/mean:0.3515625 - critic/score/max:1.0 - critic/score/min:0.0 - critic/rewards/mean:0.3515625 - critic/rewards/max:1.0 - critic/rewards/min:0.0 - critic/advantages/mean:-0.06572288274765015 - critic/advantages/max:2.4748666286468506 - critic/advantages/min:-2.4748666286468506 - critic/returns/mean:-0.06572288274765015 - critic/returns/max:2.4748666286468506 - critic/returns/min:-2.4748666286468506 - response_length/mean:1377.4921875 - response_length/max:2048.0 - response_length/min:169.0 - response_length/clip_ratio:0.53125 - response_length_non_aborted/mean:1377.4921875 - response_length_non_aborted/max:2048.0 - response_length_non_aborted/min:169.0 - response_length_non_aborted/clip_ratio:0.53125 - response/aborted_ratio:0.0 - prompt_length/mean:124.4375 - prompt_length/max:137.0 - prompt_length/min:122.0 - prompt_length/clip_ratio:0.0 - num_turns/min:2 - num_turns/max:2 - num_turns/mean:2.0 - timing_s/start_profile:8.091889321804047e-05 - timing_s/agent_loop/num_preempted/min:-1 - timing_s/agent_loop/num_preempted/max:-1 - timing_s/agent_loop/num_preempted/mean:-1.0 - timing_s/agent_loop/generate_sequences/min:1.0763141894713044 - timing_s/agent_loop/generate_sequences/max:12.575261116959155 - timing_s/agent_loop/generate_sequences/mean:8.407736162334913 - timing_s/agent_loop/tool_calls/min:0.0 - timing_s/agent_loop/tool_calls/max:0.0 - timing_s/agent_loop/tool_calls/mean:0.0 - timing_s/agent_loop/compute_score/min:0.003891272470355034 - timing_s/agent_loop/compute_score/max:0.041671919636428356 - timing_s/agent_loop/compute_score/mean:0.013072553927486297 - timing_s/agent_loop/slowest/generate_sequences:12.575261116959155 - timing_s/agent_loop/slowest/tool_calls:0.0 - timing_s/agent_loop/slowest/compute_score:0.004008350893855095 - timing_s/agent_loop/slowest/num_preempted:-1 - timing_s/agent_loop/slowest/prompt_length:125 - timing_s/agent_loop/slowest/response_length:2048 - timing_s/gen:13.141508352011442 - timing_s/reward:1.6150064766407013e-05 - timing_s/old_log_prob:3.752774544991553 - timing_s/ref:4.99502610694617 - timing_s/adv:0.00364033505320549 - timing_s/update_actor:13.603103443980217 - timing_s/update_weights:1.29721484426409 - timing_s/step:36.84144213423133 - timing_s/stop_profile:8.29789787530899e-05 - timing_per_token_ms/gen:0.07453257080638753 - timing_per_token_ms/ref:0.02598233578129266 - timing_per_token_ms/adv:1.8935718389392242e-05 - timing_per_token_ms/update_actor:0.0707584692816024 - perf/total_num_tokens:192247 - perf/time_per_step:36.84144213423133 - perf/throughput:5218.226781121935
[36m(TaskRunner pid=109178)[0m step:82 - global_seqlen/min:161095 - global_seqlen/max:161095 - global_seqlen/minmax_diff:0 - global_seqlen/balanced_min:161095 - global_seqlen/balanced_max:161095 - global_seqlen/mean:161095.0 - actor/entropy:0.1447882056236267 - perf/mfu/actor_infer:0.37624770706278055 - actor/pg_clipfrac:0.0003088640169153223 - actor/ppo_kl:0.00010233576904283836 - actor/pg_clipfrac_lower:0.0 - actor/pg_loss:0.08877952309558168 - actor/kl_loss:0.041197804850526154 - actor/kl_coef:0.001 - actor/loss:0.08882072195410728 - actor/grad_norm:0.22396045923233032 - actor/perf/max_memory_allocated_gb:68.44986391067505 - actor/perf/max_memory_reserved_gb:87.361328125 - actor/perf/cpu_memory_used_gb:21.6558780670166 - actor/lr:1e-06 - perf/mfu/actor:0.3042114095514904 - training/global_step:82 - training/epoch:0 - critic/score/mean:0.4765625 - critic/score/max:1.0 - critic/score/min:0.0 - critic/rewards/mean:0.4765625 - critic/rewards/max:1.0 - critic/rewards/min:0.0 - critic/advantages/mean:-0.08873756229877472 - critic/advantages/max:1.6201815605163574 - critic/advantages/min:-2.4748666286468506 - critic/returns/mean:-0.08873756229877472 - critic/returns/max:1.6201815605163574 - critic/returns/min:-2.4748666286468506 - response_length/mean:1134.6171875 - response_length/max:2048.0 - response_length/min:146.0 - response_length/clip_ratio:0.421875 - response_length_non_aborted/mean:1134.6171875 - response_length_non_aborted/max:2048.0 - response_length_non_aborted/min:146.0 - response_length_non_aborted/clip_ratio:0.421875 - response/aborted_ratio:0.0 - prompt_length/mean:123.9375 - prompt_length/max:126.0 - prompt_length/min:122.0 - prompt_length/clip_ratio:0.0 - num_turns/min:2 - num_turns/max:2 - num_turns/mean:2.0 - timing_s/start_profile:8.392892777919769e-05 - timing_s/agent_loop/num_preempted/min:-1 - timing_s/agent_loop/num_preempted/max:-1 - timing_s/agent_loop/num_preempted/mean:-1.0 - timing_s/agent_loop/generate_sequences/min:0.9506530426442623 - timing_s/agent_loop/generate_sequences/max:11.281269625760615 - timing_s/agent_loop/generate_sequences/mean:6.331944162287982 - timing_s/agent_loop/tool_calls/min:0.0 - timing_s/agent_loop/tool_calls/max:0.0 - timing_s/agent_loop/tool_calls/mean:0.0 - timing_s/agent_loop/compute_score/min:0.003853912465274334 - timing_s/agent_loop/compute_score/max:0.04424036480486393 - timing_s/agent_loop/compute_score/mean:0.012610881916771177 - timing_s/agent_loop/slowest/generate_sequences:11.281269625760615 - timing_s/agent_loop/slowest/tool_calls:0.0 - timing_s/agent_loop/slowest/compute_score:0.00472786370664835 - timing_s/agent_loop/slowest/num_preempted:-1 - timing_s/agent_loop/slowest/prompt_length:125 - timing_s/agent_loop/slowest/response_length:2048 - timing_s/gen:11.84633902925998 - timing_s/reward:1.6079284250736237e-05 - timing_s/old_log_prob:3.1587618738412857 - timing_s/ref:4.823834620416164 - timing_s/adv:0.0036417245864868164 - timing_s/update_actor:11.486266311258078 - timing_s/update_weights:1.2984570562839508 - timing_s/step:32.66596069931984 - timing_s/stop_profile:8.217897266149521e-05 - timing_per_token_ms/gen:0.08156894209404314 - timing_per_token_ms/ref:0.02994403687523613 - timing_per_token_ms/adv:2.2606068385032537e-05 - timing_per_token_ms/update_actor:0.07130119687922082 - perf/total_num_tokens:161095 - perf/time_per_step:32.66596069931984 - perf/throughput:4931.586169555218
[36m(TaskRunner pid=109178)[0m Training Progress:  83%|████████▎ | 83/100 [43:57<09:47, 34.59s/it]
[36m(WorkerDict pid=109563)[0m INFO:2026-07-30 11:37:13,310:update_weights done, time cost: 0.55s
[36m(TaskRunner pid=109178)[0m Training Progress:  84%|████████▍ | 84/100 [44:32<09:12, 34.54s/it]
[36m(WorkerDict pid=109563)[0m INFO:2026-07-30 11:37:47,179:update_weights done, time cost: 0.55s
[36m(TaskRunner pid=109178)[0m step:83 - global_seqlen/min:187992 - global_seqlen/max:187992 - global_seqlen/minmax_diff:0 - global_seqlen/balanced_min:187992 - global_seqlen/balanced_max:187992 - global_seqlen/mean:187992.0 - actor/entropy:0.1809665858745575 - perf/mfu/actor_infer:0.3754447411859588 - actor/pg_clipfrac:0.0004175903231953271 - actor/ppo_kl:-2.066230990749318e-05 - actor/pg_clipfrac_lower:0.0 - actor/pg_loss:0.11976235982729122 - actor/kl_loss:0.036828259588219225 - actor/kl_coef:0.001 - actor/loss:0.1197991855442524 - actor/grad_norm:0.285672128200531 - actor/perf/max_memory_allocated_gb:68.44986391067505 - actor/perf/max_memory_reserved_gb:87.361328125 - actor/perf/cpu_memory_used_gb:21.6405086517334 - actor/lr:1e-06 - perf/mfu/actor:0.30700034440223306 - training/global_step:83 - training/epoch:0 - critic/score/mean:0.4140625 - critic/score/max:1.0 - critic/score/min:0.0 - critic/rewards/mean:0.4140625 - critic/rewards/max:1.0 - critic/rewards/min:0.0 - critic/advantages/mean:-0.11970174312591553 - critic/advantages/max:2.4748666286468506 - critic/advantages/min:-2.4748666286468506 - critic/returns/mean:-0.11970174312591553 - critic/returns/max:2.4748666286468506 - critic/returns/min:-2.4748666286468506 - response_length/mean:1345.125 - response_length/max:2048.0 - response_length/min:141.0 - response_length/clip_ratio:0.515625 - response_length_non_aborted/mean:1345.125 - response_length_non_aborted/max:2048.0 - response_length_non_aborted/min:141.0 - response_length_non_aborted/clip_ratio:0.515625 - response/aborted_ratio:0.0 - prompt_length/mean:123.5625 - prompt_length/max:126.0 - prompt_length/min:122.0 - prompt_length/clip_ratio:0.0 - num_turns/min:2 - num_turns/max:2 - num_turns/mean:2.0 - timing_s/start_profile:8.547864854335785e-05 - timing_s/agent_loop/num_preempted/min:-1 - timing_s/agent_loop/num_preempted/max:-1 - timing_s/agent_loop/num_preempted/mean:-1.0 - timing_s/agent_loop/generate_sequences/min:0.8855038834735751 - timing_s/agent_loop/generate_sequences/max:12.487728752195835 - timing_s/agent_loop/generate_sequences/mean:8.148518942187366 - timing_s/agent_loop/tool_calls/min:0.0 - timing_s/agent_loop/tool_calls/max:0.0 - timing_s/agent_loop/tool_calls/mean:0.0 - timing_s/agent_loop/compute_score/min:0.004134549759328365 - timing_s/agent_loop/compute_score/max:0.06344338040798903 - timing_s/agent_loop/compute_score/mean:0.017100959063100163 - timing_s/agent_loop/slowest/generate_sequences:12.444402297958732 - timing_s/agent_loop/slowest/tool_calls:0.0 - timing_s/agent_loop/slowest/compute_score:0.05127314757555723 - timing_s/agent_loop/slowest/num_preempted:-1 - timing_s/agent_loop/slowest/prompt_length:125 - timing_s/agent_loop/slowest/response_length:2048 - timing_s/gen:13.067200855351985 - timing_s/reward:1.670047640800476e-05 - timing_s/old_log_prob:3.687199733220041 - timing_s/ref:5.342519477941096 - timing_s/adv:0.0025631552562117577 - timing_s/update_actor:13.284139599651098 - timing_s/update_weights:1.3060953579843044 - timing_s/step:36.737887245602906 - timing_s/stop_profile:8.07400792837143e-05 - timing_per_token_ms/gen:0.07589443857071825 - timing_per_token_ms/ref:0.028418866111010552 - timing_per_token_ms/adv:1.363438474090258e-05 - timing_per_token_ms/update_actor:0.07066332396937688 - perf/total_num_tokens:187992 - perf/time_per_step:36.737887245602906 - perf/throughput:5117.115166237559
[36m(TaskRunner pid=109178)[0m step:84 - global_seqlen/min:175256 - global_seqlen/max:175256 - global_seqlen/minmax_diff:0 - global_seqlen/balanced_min:175256 - global_seqlen/balanced_max:175256 - global_seqlen/mean:175256.0 - actor/entropy:0.18033695220947266 - perf/mfu/actor_infer:0.3759616589209462 - actor/pg_clipfrac:0.00029312484912225045 - actor/ppo_kl:0.00014782030177684646 - actor/pg_clipfrac_lower:0.0 - actor/pg_loss:0.10629252414219081 - actor/kl_loss:0.040244804811663926 - actor/kl_coef:0.001 - actor/loss:0.10633276961743832 - actor/grad_norm:0.21394948661327362 - actor/perf/max_memory_allocated_gb:68.44986391067505 - actor/perf/max_memory_reserved_gb:87.361328125 - actor/perf/cpu_memory_used_gb:21.649438858032227 - actor/lr:1e-06 - perf/mfu/actor:0.3055519473647731 - training/global_step:84 - training/epoch:0 - critic/score/mean:0.4296875 - critic/score/max:1.0 - critic/score/min:0.0 - critic/rewards/mean:0.4296875 - critic/rewards/max:1.0 - critic/rewards/min:0.0 - critic/advantages/mean:-0.10660377144813538 - critic/advantages/max:2.4748666286468506 - critic/advantages/min:-2.4748666286468506 - critic/returns/mean:-0.10660377144813538 - critic/returns/max:2.4748666286468506 - critic/returns/min:-2.4748666286468506 - response_length/mean:1245.6875 - response_length/max:2048.0 - response_length/min:139.0 - response_length/clip_ratio:0.484375 - response_length_non_aborted/mean:1245.6875 - response_length_non_aborted/max:2048.0 - response_length_non_aborted/min:139.0 - response_length_non_aborted/clip_ratio:0.484375 - response/aborted_ratio:0.0 - prompt_length/mean:123.5 - prompt_length/max:125.0 - prompt_length/min:122.0 - prompt_length/clip_ratio:0.0 - num_turns/min:2 - num_turns/max:2 - num_turns/mean:2.0 - timing_s/start_profile:8.084997534751892e-05 - timing_s/agent_loop/num_preempted/min:-1 - timing_s/agent_loop/num_preempted/max:-1 - timing_s/agent_loop/num_preempted/mean:-1.0 - timing_s/agent_loop/generate_sequences/min:0.87386339250952 - timing_s/agent_loop/generate_sequences/max:11.692041030153632 - timing_s/agent_loop/generate_sequences/mean:7.126494134237873 - timing_s/agent_loop/tool_calls/min:0.0 - timing_s/agent_loop/tool_calls/max:0.0 - timing_s/agent_loop/tool_calls/mean:0.0 - timing_s/agent_loop/compute_score/min:0.004499526694417 - timing_s/agent_loop/compute_score/max:0.06718321423977613 - timing_s/agent_loop/compute_score/mean:0.015996856651327107 - timing_s/agent_loop/slowest/generate_sequences:11.692041030153632 - timing_s/agent_loop/slowest/tool_calls:0.0 - timing_s/agent_loop/slowest/compute_score:0.005088151432573795 - timing_s/agent_loop/slowest/num_preempted:-1 - timing_s/agent_loop/slowest/prompt_length:125 - timing_s/agent_loop/slowest/response_length:2048 - timing_s/gen:12.27887867949903 - timing_s/reward:1.6869045794010162e-05 - timing_s/old_log_prob:3.4417872484773397 - timing_s/ref:4.900261118076742 - timing_s/adv:0.003629164770245552 - timing_s/update_actor:12.45834672730416 - timing_s/update_weights:1.2973310388624668 - timing_s/step:34.42882980033755 - timing_s/stop_profile:8.301902562379837e-05 - timing_per_token_ms/gen:0.07700867166411011 - timing_per_token_ms/ref:0.02796058975485428 - timing_per_token_ms/adv:2.0707791860167708e-05 - timing_per_token_ms/update_actor:0.07108656324065458 - perf/total_num_tokens:175256 - perf/time_per_step:34.42882980033755 - perf/throughput:5090.385035342727
[36m(TaskRunner pid=109178)[0m Training Progress:  85%|████████▌ | 85/100 [45:06<08:35, 34.34s/it]
[36m(WorkerDict pid=109563)[0m INFO:2026-07-30 11:38:23,269:update_weights done, time cost: 0.55s
[36m(TaskRunner pid=109178)[0m Training Progress:  86%|████████▌ | 86/100 [45:42<08:08, 34.86s/it]
[36m(WorkerDict pid=109563)[0m INFO:2026-07-30 11:38:55,878:update_weights done, time cost: 0.54s
[36m(TaskRunner pid=109178)[0m step:85 - global_seqlen/min:169934 - global_seqlen/max:169934 - global_seqlen/minmax_diff:0 - global_seqlen/balanced_min:169934 - global_seqlen/balanced_max:169934 - global_seqlen/mean:169934.0 - actor/entropy:0.1639948934316635 - perf/mfu/actor_infer:0.37565476412526394 - actor/pg_clipfrac:0.00031564701384922955 - actor/ppo_kl:-0.00014661674777016742 - actor/pg_clipfrac_lower:0.0 - actor/pg_loss:0.10505189385730773 - actor/kl_loss:0.03850547899492085 - actor/kl_coef:0.001 - actor/loss:0.10509039461612701 - actor/grad_norm:0.26762206107378006 - actor/perf/max_memory_allocated_gb:68.44986391067505 - actor/perf/max_memory_reserved_gb:87.361328125 - actor/perf/cpu_memory_used_gb:21.652877807617188 - actor/lr:1e-06 - perf/mfu/actor:0.30435711242954155 - training/global_step:85 - training/epoch:0 - critic/score/mean:0.5 - critic/score/max:1.0 - critic/score/min:0.0 - critic/rewards/mean:0.5 - critic/rewards/max:1.0 - critic/rewards/min:0.0 - critic/advantages/mean:-0.10513561964035034 - critic/advantages/max:2.4748666286468506 - critic/advantages/min:-2.4748666286468506 - critic/returns/mean:-0.10513561964035034 - critic/returns/max:2.4748666286468506 - critic/returns/min:-2.4748666286468506 - response_length/mean:1203.296875 - response_length/max:2048.0 - response_length/min:142.0 - response_length/clip_ratio:0.4375 - response_length_non_aborted/mean:1203.296875 - response_length_non_aborted/max:2048.0 - response_length_non_aborted/min:142.0 - response_length_non_aborted/clip_ratio:0.4375 - response/aborted_ratio:0.0 - prompt_length/mean:124.3125 - prompt_length/max:126.0 - prompt_length/min:122.0 - prompt_length/clip_ratio:0.0 - num_turns/min:2 - num_turns/max:2 - num_turns/mean:2.0 - timing_s/start_profile:8.615944534540176e-05 - timing_s/agent_loop/num_preempted/min:-1 - timing_s/agent_loop/num_preempted/max:-1 - timing_s/agent_loop/num_preempted/mean:-1.0 - timing_s/agent_loop/generate_sequences/min:0.9192832820117474 - timing_s/agent_loop/generate_sequences/max:11.646730444394052 - timing_s/agent_loop/generate_sequences/mean:6.8817480195793905 - timing_s/agent_loop/tool_calls/min:0.0 - timing_s/agent_loop/tool_calls/max:0.0 - timing_s/agent_loop/tool_calls/mean:0.0 - timing_s/agent_loop/compute_score/min:0.004300798289477825 - timing_s/agent_loop/compute_score/max:0.07428769581019878 - timing_s/agent_loop/compute_score/mean:0.01445334999152692 - timing_s/agent_loop/slowest/generate_sequences:11.577695718035102 - timing_s/agent_loop/slowest/tool_calls:0.0 - timing_s/agent_loop/slowest/compute_score:0.07428769581019878 - timing_s/agent_loop/slowest/num_preempted:-1 - timing_s/agent_loop/slowest/prompt_length:125 - timing_s/agent_loop/slowest/response_length:2048 - timing_s/gen:12.236144536174834 - timing_s/reward:2.101995050907135e-05 - timing_s/old_log_prob:3.3305249754339457 - timing_s/ref:4.846869914792478 - timing_s/adv:0.0015691854059696198 - timing_s/update_actor:12.100586725398898 - timing_s/update_weights:1.2868883842602372 - timing_s/step:33.851526274345815 - timing_s/stop_profile:8.80686566233635e-05 - timing_per_token_ms/gen:0.07944413483901543 - timing_per_token_ms/ref:0.028522072774091578 - timing_per_token_ms/adv:9.234087386689066e-06 - timing_per_token_ms/update_actor:0.07120756720490837 - perf/total_num_tokens:169934 - perf/time_per_step:33.851526274345815 - perf/throughput:5019.980447049547
[36m(TaskRunner pid=109178)[0m step:86 - global_seqlen/min:186488 - global_seqlen/max:186488 - global_seqlen/minmax_diff:0 - global_seqlen/balanced_min:186488 - global_seqlen/balanced_max:186488 - global_seqlen/mean:186488.0 - actor/entropy:0.14820563793182373 - perf/mfu/actor_infer:0.37611268173263807 - actor/pg_clipfrac:0.00031458455850952305 - actor/ppo_kl:1.8559837826614967e-06 - actor/pg_clipfrac_lower:6.080358161852928e-06 - actor/pg_loss:0.12012059078551829 - actor/kl_loss:0.03808322595432401 - actor/kl_coef:0.001 - actor/loss:0.12015867978334427 - actor/grad_norm:0.27239201962947845 - actor/perf/max_memory_allocated_gb:68.44986391067505 - actor/perf/max_memory_reserved_gb:87.361328125 - actor/perf/cpu_memory_used_gb:21.696645736694336 - actor/lr:1e-06 - perf/mfu/actor:0.30583372846146917 - training/global_step:86 - training/epoch:0 - critic/score/mean:0.4296875 - critic/score/max:1.0 - critic/score/min:0.0 - critic/rewards/mean:0.4296875 - critic/rewards/max:1.0 - critic/rewards/min:0.0 - critic/advantages/mean:-0.12020909041166306 - critic/advantages/max:1.6201815605163574 - critic/advantages/min:-2.4748666286468506 - critic/returns/mean:-0.12020909041166306 - critic/returns/max:1.6201815605163574 - critic/returns/min:-2.4748666286468506 - response_length/mean:1332.75 - response_length/max:2048.0 - response_length/min:158.0 - response_length/clip_ratio:0.5 - response_length_non_aborted/mean:1332.75 - response_length_non_aborted/max:2048.0 - response_length_non_aborted/min:158.0 - response_length_non_aborted/clip_ratio:0.5 - response/aborted_ratio:0.0 - prompt_length/mean:124.1875 - prompt_length/max:127.0 - prompt_length/min:122.0 - prompt_length/clip_ratio:0.0 - num_turns/min:2 - num_turns/max:2 - num_turns/mean:2.0 - timing_s/start_profile:8.459948003292084e-05 - timing_s/agent_loop/num_preempted/min:-1 - timing_s/agent_loop/num_preempted/max:-1 - timing_s/agent_loop/num_preempted/mean:-1.0 - timing_s/agent_loop/generate_sequences/min:1.0129658887162805 - timing_s/agent_loop/generate_sequences/max:12.335523661226034 - timing_s/agent_loop/generate_sequences/mean:8.01447039427876 - timing_s/agent_loop/tool_calls/min:0.0 - timing_s/agent_loop/tool_calls/max:0.0 - timing_s/agent_loop/tool_calls/mean:0.0 - timing_s/agent_loop/compute_score/min:0.004201768897473812 - timing_s/agent_loop/compute_score/max:0.06235560029745102 - timing_s/agent_loop/compute_score/mean:0.014815452181210276 - timing_s/agent_loop/slowest/generate_sequences:12.335523661226034 - timing_s/agent_loop/slowest/tool_calls:0.0 - timing_s/agent_loop/slowest/compute_score:0.004293519072234631 - timing_s/agent_loop/slowest/num_preempted:-1 - timing_s/agent_loop/slowest/prompt_length:127 - timing_s/agent_loop/slowest/response_length:2048 - timing_s/gen:12.899141961708665 - timing_s/reward:1.6259029507637024e-05 - timing_s/old_log_prob:3.6513950396329165 - timing_s/ref:4.960939342156053 - timing_s/adv:0.0036003347486257553 - timing_s/update_actor:13.228921403177083 - timing_s/update_weights:1.2909625610336661 - timing_s/step:36.08318150695413 - timing_s/stop_profile:8.908845484256744e-05 - timing_per_token_ms/gen:0.07561399105297238 - timing_per_token_ms/ref:0.02660192260175482 - timing_per_token_ms/adv:1.9305986168685144e-05 - timing_per_token_ms/update_actor:0.07093711875926109 - perf/total_num_tokens:186488 - perf/time_per_step:36.08318150695413 - perf/throughput:5168.28040687208
[36m(TaskRunner pid=109178)[0m Training Progress:  87%|████████▋ | 87/100 [46:14<07:24, 34.19s/it]
[36m(WorkerDict pid=109563)[0m INFO:2026-07-30 11:39:31,032:update_weights done, time cost: 0.55s
[36m(TaskRunner pid=109178)[0m Training Progress:  88%|████████▊ | 88/100 [46:50<06:53, 34.48s/it]
[36m(WorkerDict pid=109563)[0m INFO:2026-07-30 11:40:05,590:update_weights done, time cost: 0.56s
[36m(TaskRunner pid=109178)[0m step:87 - global_seqlen/min:159120 - global_seqlen/max:159120 - global_seqlen/minmax_diff:0 - global_seqlen/balanced_min:159120 - global_seqlen/balanced_max:159120 - global_seqlen/mean:159120.0 - actor/entropy:0.17952175438404083 - perf/mfu/actor_infer:0.3720611879722038 - actor/pg_clipfrac:0.0009642145087127574 - actor/ppo_kl:0.00016300142033287557 - actor/pg_clipfrac_lower:0.0 - actor/pg_loss:0.16711914376355708 - actor/kl_loss:0.044903689878992736 - actor/kl_coef:0.001 - actor/loss:0.16716405004262924 - actor/grad_norm:0.32786059379577637 - actor/perf/max_memory_allocated_gb:68.44986391067505 - actor/perf/max_memory_reserved_gb:87.361328125 - actor/perf/cpu_memory_used_gb:21.700801849365234 - actor/lr:1e-06 - perf/mfu/actor:0.3013961000416784 - training/global_step:87 - training/epoch:0 - critic/score/mean:0.5234375 - critic/score/max:1.0 - critic/score/min:0.0 - critic/rewards/mean:0.5234375 - critic/rewards/max:1.0 - critic/rewards/min:0.0 - critic/advantages/mean:-0.1670178771018982 - critic/advantages/max:2.4748666286468506 - critic/advantages/min:-2.4748666286468506 - critic/returns/mean:-0.1670178771018982 - critic/returns/max:2.4748666286468506 - critic/returns/min:-2.4748666286468506 - response_length/mean:1119.25 - response_length/max:2048.0 - response_length/min:137.0 - response_length/clip_ratio:0.40625 - response_length_non_aborted/mean:1119.25 - response_length_non_aborted/max:2048.0 - response_length_non_aborted/min:137.0 - response_length_non_aborted/clip_ratio:0.40625 - response/aborted_ratio:0.0 - prompt_length/mean:123.875 - prompt_length/max:140.0 - prompt_length/min:122.0 - prompt_length/clip_ratio:0.0 - num_turns/min:2 - num_turns/max:2 - num_turns/mean:2.0 - timing_s/start_profile:7.616914808750153e-05 - timing_s/agent_loop/num_preempted/min:-1 - timing_s/agent_loop/num_preempted/max:-1 - timing_s/agent_loop/num_preempted/mean:-1.0 - timing_s/agent_loop/generate_sequences/min:0.8988644536584616 - timing_s/agent_loop/generate_sequences/max:11.278679840266705 - timing_s/agent_loop/generate_sequences/mean:6.222718940982304 - timing_s/agent_loop/tool_calls/min:0.0 - timing_s/agent_loop/tool_calls/max:0.0 - timing_s/agent_loop/tool_calls/mean:0.0 - timing_s/agent_loop/compute_score/min:0.003787432797253132 - timing_s/agent_loop/compute_score/max:0.06504681427031755 - timing_s/agent_loop/compute_score/mean:0.012633181679120753 - timing_s/agent_loop/slowest/generate_sequences:11.278679840266705 - timing_s/agent_loop/slowest/tool_calls:0.0 - timing_s/agent_loop/slowest/compute_score:0.004865663126111031 - timing_s/agent_loop/slowest/num_preempted:-1 - timing_s/agent_loop/slowest/prompt_length:122 - timing_s/agent_loop/slowest/response_length:2048 - timing_s/gen:11.859174224548042 - timing_s/reward:1.7129816114902496e-05 - timing_s/old_log_prob:3.1512274499982595 - timing_s/ref:4.813194847665727 - timing_s/adv:0.003617694601416588 - timing_s/update_actor:11.441236437298357 - timing_s/update_weights:1.2835768880322576 - timing_s/step:32.60114834178239 - timing_s/stop_profile:8.09989869594574e-05 - timing_per_token_ms/gen:0.08277846649924644 - timing_per_token_ms/ref:0.030248836398100346 - timing_per_token_ms/adv:2.27356372638046e-05 - timing_per_token_ms/update_actor:0.0719031953073049 - perf/total_num_tokens:159120 - perf/time_per_step:32.60114834178239 - perf/throughput:4880.809667556038
[36m(TaskRunner pid=109178)[0m step:88 - global_seqlen/min:177808 - global_seqlen/max:177808 - global_seqlen/minmax_diff:0 - global_seqlen/balanced_min:177808 - global_seqlen/balanced_max:177808 - global_seqlen/mean:177808.0 - actor/entropy:0.13701029121875763 - perf/mfu/actor_infer:0.3758502019619485 - actor/pg_clipfrac:0.00022252413327805698 - actor/ppo_kl:-7.674838980165077e-05 - actor/pg_clipfrac_lower:0.0 - actor/pg_loss:0.10978282929863781 - actor/kl_loss:0.036585797322914004 - actor/kl_coef:0.001 - actor/loss:0.10981941968202591 - actor/grad_norm:0.18903861939907074 - actor/perf/max_memory_allocated_gb:68.44986391067505 - actor/perf/max_memory_reserved_gb:87.361328125 - actor/perf/cpu_memory_used_gb:21.672161102294922 - actor/lr:1e-06 - perf/mfu/actor:0.30486748566302146 - training/global_step:88 - training/epoch:0 - critic/score/mean:0.4140625 - critic/score/max:1.0 - critic/score/min:0.0 - critic/rewards/mean:0.4140625 - critic/rewards/max:1.0 - critic/rewards/min:0.0 - critic/advantages/mean:-0.10989587754011154 - critic/advantages/max:2.4748666286468506 - critic/advantages/min:-1.20761239528656 - critic/returns/mean:-0.10989587754011154 - critic/returns/max:2.4748666286468506 - critic/returns/min:-1.20761239528656 - response_length/mean:1265.8125 - response_length/max:2048.0 - response_length/min:147.0 - response_length/clip_ratio:0.4921875 - response_length_non_aborted/mean:1265.8125 - response_length_non_aborted/max:2048.0 - response_length_non_aborted/min:147.0 - response_length_non_aborted/clip_ratio:0.4921875 - response/aborted_ratio:0.0 - prompt_length/mean:123.3125 - prompt_length/max:125.0 - prompt_length/min:122.0 - prompt_length/clip_ratio:0.0 - num_turns/min:2 - num_turns/max:2 - num_turns/mean:2.0 - timing_s/start_profile:8.128862828016281e-05 - timing_s/agent_loop/num_preempted/min:-1 - timing_s/agent_loop/num_preempted/max:-1 - timing_s/agent_loop/num_preempted/mean:-1.0 - timing_s/agent_loop/generate_sequences/min:0.9570924583822489 - timing_s/agent_loop/generate_sequences/max:12.165340615436435 - timing_s/agent_loop/generate_sequences/mean:7.501832888701756 - timing_s/agent_loop/tool_calls/min:0.0 - timing_s/agent_loop/tool_calls/max:0.0 - timing_s/agent_loop/tool_calls/mean:0.0 - timing_s/agent_loop/compute_score/min:0.004234828986227512 - timing_s/agent_loop/compute_score/max:0.054680983535945415 - timing_s/agent_loop/compute_score/mean:0.014117932543740608 - timing_s/agent_loop/slowest/generate_sequences:12.129604519344866 - timing_s/agent_loop/slowest/tool_calls:0.0 - timing_s/agent_loop/slowest/compute_score:0.04070399794727564 - timing_s/agent_loop/slowest/num_preempted:-1 - timing_s/agent_loop/slowest/prompt_length:122 - timing_s/agent_loop/slowest/response_length:2048 - timing_s/gen:12.743057207204401 - timing_s/reward:1.923833042383194e-05 - timing_s/old_log_prob:3.4956004079431295 - timing_s/ref:4.895877699367702 - timing_s/adv:0.003667084500193596 - timing_s/update_actor:12.673058758489788 - timing_s/update_weights:1.2890453720465302 - timing_s/step:35.149412645958364 - timing_s/stop_profile:8.405931293964386e-05 - timing_per_token_ms/gen:0.07864919522542588 - timing_per_token_ms/ref:0.027534631171644144 - timing_per_token_ms/adv:2.0623844260064767e-05 - timing_per_token_ms/update_actor:0.07127383896388119 - perf/total_num_tokens:177808 - perf/time_per_step:35.149412645958364 - perf/throughput:5058.63360480492
[36m(TaskRunner pid=109178)[0m Training Progress:  89%|████████▉ | 89/100 [47:24<06:19, 34.50s/it]
[36m(WorkerDict pid=109563)[0m INFO:2026-07-30 11:40:42,291:update_weights done, time cost: 0.55s
[36m(TaskRunner pid=109178)[0m Training Progress:  90%|█████████ | 90/100 [48:01<05:51, 35.16s/it]
[36m(WorkerDict pid=109563)[0m INFO:2026-07-30 11:41:14,021:update_weights done, time cost: 0.55s
[36m(TaskRunner pid=109178)[0m step:89 - global_seqlen/min:171850 - global_seqlen/max:171850 - global_seqlen/minmax_diff:0 - global_seqlen/balanced_min:171850 - global_seqlen/balanced_max:171850 - global_seqlen/mean:171850.0 - actor/entropy:0.16808046400547028 - perf/mfu/actor_infer:0.3753643084618317 - actor/pg_clipfrac:0.0005723684880649671 - actor/ppo_kl:8.38123290520798e-05 - actor/pg_clipfrac_lower:2.9592803912237287e-05 - actor/pg_loss:0.16626899928087369 - actor/kl_loss:0.039814120274968445 - actor/kl_coef:0.001 - actor/loss:0.16630881279706955 - actor/grad_norm:0.3093791604042053 - actor/perf/max_memory_allocated_gb:68.44986391067505 - actor/perf/max_memory_reserved_gb:87.361328125 - actor/perf/cpu_memory_used_gb:21.67681884765625 - actor/lr:1e-06 - perf/mfu/actor:0.3036315019996332 - training/global_step:89 - training/epoch:0 - critic/score/mean:0.4453125 - critic/score/max:1.0 - critic/score/min:0.0 - critic/rewards/mean:0.4453125 - critic/rewards/max:1.0 - critic/rewards/min:0.0 - critic/advantages/mean:-0.16670681536197662 - critic/advantages/max:2.4748666286468506 - critic/advantages/min:-2.4748666286468506 - critic/returns/mean:-0.16670681536197662 - critic/returns/max:2.4748666286468506 - critic/returns/min:-2.4748666286468506 - response_length/mean:1218.390625 - response_length/max:2048.0 - response_length/min:147.0 - response_length/clip_ratio:0.4765625 - response_length_non_aborted/mean:1218.390625 - response_length_non_aborted/max:2048.0 - response_length_non_aborted/min:147.0 - response_length_non_aborted/clip_ratio:0.4765625 - response/aborted_ratio:0.0 - prompt_length/mean:124.1875 - prompt_length/max:140.0 - prompt_length/min:122.0 - prompt_length/clip_ratio:0.0 - num_turns/min:2 - num_turns/max:2 - num_turns/mean:2.0 - timing_s/start_profile:8.287932723760605e-05 - timing_s/agent_loop/num_preempted/min:-1 - timing_s/agent_loop/num_preempted/max:-1 - timing_s/agent_loop/num_preempted/mean:-1.0 - timing_s/agent_loop/generate_sequences/min:0.9657664839178324 - timing_s/agent_loop/generate_sequences/max:11.69413389917463 - timing_s/agent_loop/generate_sequences/mean:6.9961967841445585 - timing_s/agent_loop/tool_calls/min:0.0 - timing_s/agent_loop/tool_calls/max:0.0 - timing_s/agent_loop/tool_calls/mean:0.0 - timing_s/agent_loop/compute_score/min:0.00411572027951479 - timing_s/agent_loop/compute_score/max:0.05601870082318783 - timing_s/agent_loop/compute_score/mean:0.014030788974196184 - timing_s/agent_loop/slowest/generate_sequences:11.69413389917463 - timing_s/agent_loop/slowest/tool_calls:0.0 - timing_s/agent_loop/slowest/compute_score:0.005286538973450661 - timing_s/agent_loop/slowest/num_preempted:-1 - timing_s/agent_loop/slowest/prompt_length:122 - timing_s/agent_loop/slowest/response_length:2048 - timing_s/gen:12.268576899543405 - timing_s/reward:1.6639940440654755e-05 - timing_s/old_log_prob:3.757149090990424 - timing_s/ref:4.878136326558888 - timing_s/adv:0.0036225346848368645 - timing_s/update_actor:12.28725763130933 - timing_s/update_weights:1.304026954807341 - timing_s/step:34.548386028036475 - timing_s/stop_profile:7.920898497104645e-05 - timing_per_token_ms/gen:0.07866792066598743 - timing_per_token_ms/ref:0.028386012956409006 - timing_per_token_ms/adv:2.1079631567278814e-05 - timing_per_token_ms/update_actor:0.07149989893109882 - perf/total_num_tokens:171850 - perf/time_per_step:34.548386028036475 - perf/throughput:4974.183160409909
[36m(TaskRunner pid=109178)[0m step:90 - global_seqlen/min:191916 - global_seqlen/max:191916 - global_seqlen/minmax_diff:0 - global_seqlen/balanced_min:191916 - global_seqlen/balanced_max:191916 - global_seqlen/mean:191916.0 - actor/entropy:0.15019011497497559 - perf/mfu/actor_infer:0.3787229650692483 - actor/pg_clipfrac:0.0003273647671448998 - actor/ppo_kl:1.0955749758068123e-05 - actor/pg_clipfrac_lower:0.0 - actor/pg_loss:0.12177025904384209 - actor/kl_loss:0.03606149775441736 - actor/kl_coef:0.001 - actor/loss:0.1218063235282898 - actor/grad_norm:0.3056029975414276 - actor/perf/max_memory_allocated_gb:68.44986391067505 - actor/perf/max_memory_reserved_gb:87.361328125 - actor/perf/cpu_memory_used_gb:21.68243408203125 - actor/lr:1e-06 - perf/mfu/actor:0.3064081669804578 - training/global_step:90 - training/epoch:0 - critic/score/mean:0.3984375 - critic/score/max:1.0 - critic/score/min:0.0 - critic/rewards/mean:0.3984375 - critic/rewards/max:1.0 - critic/rewards/min:0.0 - critic/advantages/mean:-0.1220678836107254 - critic/advantages/max:2.4748666286468506 - critic/advantages/min:-1.20761239528656 - critic/returns/mean:-0.1220678836107254 - critic/returns/max:2.4748666286468506 - critic/returns/min:-1.20761239528656 - response_length/mean:1375.84375 - response_length/max:2048.0 - response_length/min:146.0 - response_length/clip_ratio:0.515625 - response_length_non_aborted/mean:1375.84375 - response_length_non_aborted/max:2048.0 - response_length_non_aborted/min:146.0 - response_length_non_aborted/clip_ratio:0.515625 - response/aborted_ratio:0.0 - prompt_length/mean:123.5 - prompt_length/max:125.0 - prompt_length/min:122.0 - prompt_length/clip_ratio:0.0 - num_turns/min:2 - num_turns/max:2 - num_turns/mean:2.0 - timing_s/start_profile:7.853005081415176e-05 - timing_s/agent_loop/num_preempted/min:-1 - timing_s/agent_loop/num_preempted/max:-1 - timing_s/agent_loop/num_preempted/mean:-1.0 - timing_s/agent_loop/generate_sequences/min:0.9310998758301139 - timing_s/agent_loop/generate_sequences/max:12.459296862594783 - timing_s/agent_loop/generate_sequences/mean:8.332955537589442 - timing_s/agent_loop/tool_calls/min:0.0 - timing_s/agent_loop/tool_calls/max:0.0 - timing_s/agent_loop/tool_calls/mean:0.0 - timing_s/agent_loop/compute_score/min:0.004002511501312256 - timing_s/agent_loop/compute_score/max:0.055752163752913475 - timing_s/agent_loop/compute_score/mean:0.014431970630539581 - timing_s/agent_loop/slowest/generate_sequences:12.41362626105547 - timing_s/agent_loop/slowest/tool_calls:0.0 - timing_s/agent_loop/slowest/compute_score:0.055752163752913475 - timing_s/agent_loop/slowest/num_preempted:-1 - timing_s/agent_loop/slowest/prompt_length:122 - timing_s/agent_loop/slowest/response_length:2048 - timing_s/gen:13.039166467264295 - timing_s/reward:1.7150305211544037e-05 - timing_s/old_log_prob:3.731098801828921 - timing_s/ref:4.986122735776007 - timing_s/adv:0.0036273449659347534 - timing_s/update_actor:13.597108775749803 - timing_s/update_weights:1.2897567693144083 - timing_s/step:36.69416869711131 - timing_s/stop_profile:8.383952081203461e-05 - timing_per_token_ms/gen:0.07404073901960329 - timing_per_token_ms/ref:0.025980755829508782 - timing_per_token_ms/adv:1.890069074977987e-05 - timing_per_token_ms/update_actor:0.07084927142994749 - perf/total_num_tokens:191916 - perf/time_per_step:36.69416869711131 - perf/throughput:5230.14982528023
[36m(TaskRunner pid=109178)[0m Training Progress:  91%|█████████ | 91/100 [48:33<05:07, 34.13s/it]
[36m(WorkerDict pid=109563)[0m INFO:2026-07-30 11:41:46,384:update_weights done, time cost: 0.55s
[36m(TaskRunner pid=109178)[0m Training Progress:  92%|█████████▏| 92/100 [49:05<04:28, 33.60s/it]
[36m(WorkerDict pid=109563)[0m INFO:2026-07-30 11:42:22,306:update_weights done, time cost: 0.55s
[36m(TaskRunner pid=109178)[0m step:91 - global_seqlen/min:152966 - global_seqlen/max:152966 - global_seqlen/minmax_diff:0 - global_seqlen/balanced_min:152966 - global_seqlen/balanced_max:152966 - global_seqlen/mean:152966.0 - actor/entropy:0.17315152287483215 - perf/mfu/actor_infer:0.37161165012994773 - actor/pg_clipfrac:0.00035932126047555357 - actor/ppo_kl:0.00012371311504466576 - actor/pg_clipfrac_lower:0.0 - actor/pg_loss:0.1268564673664514 - actor/kl_loss:0.042172416928224266 - actor/kl_coef:0.001 - actor/loss:0.1268986463546753 - actor/grad_norm:0.301191121339798 - actor/perf/max_memory_allocated_gb:68.44986391067505 - actor/perf/max_memory_reserved_gb:87.361328125 - actor/perf/cpu_memory_used_gb:21.709692001342773 - actor/lr:1e-06 - perf/mfu/actor:0.30175795207019196 - training/global_step:91 - training/epoch:0 - critic/score/mean:0.5859375 - critic/score/max:1.0 - critic/score/min:0.0 - critic/rewards/mean:0.5859375 - critic/rewards/max:1.0 - critic/rewards/min:0.0 - critic/advantages/mean:-0.12717367708683014 - critic/advantages/max:2.4748666286468506 - critic/advantages/min:-2.4748666286468506 - critic/returns/mean:-0.12717367708683014 - critic/returns/max:2.4748666286468506 - critic/returns/min:-2.4748666286468506 - response_length/mean:1071.171875 - response_length/max:2048.0 - response_length/min:140.0 - response_length/clip_ratio:0.3203125 - response_length_non_aborted/mean:1071.171875 - response_length_non_aborted/max:2048.0 - response_length_non_aborted/min:140.0 - response_length_non_aborted/clip_ratio:0.3203125 - response/aborted_ratio:0.0 - prompt_length/mean:123.875 - prompt_length/max:125.0 - prompt_length/min:122.0 - prompt_length/clip_ratio:0.0 - num_turns/min:2 - num_turns/max:2 - num_turns/mean:2.0 - timing_s/start_profile:8.171889930963516e-05 - timing_s/agent_loop/num_preempted/min:-1 - timing_s/agent_loop/num_preempted/max:-1 - timing_s/agent_loop/num_preempted/mean:-1.0 - timing_s/agent_loop/generate_sequences/min:0.876388680189848 - timing_s/agent_loop/generate_sequences/max:11.016442136839032 - timing_s/agent_loop/generate_sequences/mean:5.8555641239800025 - timing_s/agent_loop/tool_calls/min:0.0 - timing_s/agent_loop/tool_calls/max:0.0 - timing_s/agent_loop/tool_calls/mean:0.0 - timing_s/agent_loop/compute_score/min:0.00436058733612299 - timing_s/agent_loop/compute_score/max:0.04937719367444515 - timing_s/agent_loop/compute_score/mean:0.010279568094119895 - timing_s/agent_loop/slowest/generate_sequences:10.976588062010705 - timing_s/agent_loop/slowest/tool_calls:0.0 - timing_s/agent_loop/slowest/compute_score:0.047474523074924946 - timing_s/agent_loop/slowest/num_preempted:-1 - timing_s/agent_loop/slowest/prompt_length:125 - timing_s/agent_loop/slowest/response_length:2048 - timing_s/gen:11.612153858877718 - timing_s/reward:1.677032560110092e-05 - timing_s/old_log_prob:3.035888308659196 - timing_s/ref:4.762785555794835 - timing_s/adv:0.0025264453142881393 - timing_s/update_actor:10.974177049472928 - timing_s/update_weights:1.287385119125247 - timing_s/step:31.72432279214263 - timing_s/stop_profile:9.240955114364624e-05 - timing_per_token_ms/gen:0.08469224607160468 - timing_per_token_ms/ref:0.03113623652180769 - timing_per_token_ms/adv:1.651638478020043e-05 - timing_per_token_ms/update_actor:0.07174259017999378 - perf/total_num_tokens:152966 - perf/time_per_step:31.72432279214263 - perf/throughput:4821.726250934696
[36m(TaskRunner pid=109178)[0m step:92 - global_seqlen/min:158186 - global_seqlen/max:158186 - global_seqlen/minmax_diff:0 - global_seqlen/balanced_min:158186 - global_seqlen/balanced_max:158186 - global_seqlen/mean:158186.0 - actor/entropy:0.15703454613685608 - perf/mfu/actor_infer:0.37371311311084066 - actor/pg_clipfrac:8.336272094311425e-05 - actor/ppo_kl:3.128987918898929e-05 - actor/pg_clipfrac_lower:0.0 - actor/pg_loss:0.053582039079628885 - actor/kl_loss:0.040450277272611856 - actor/kl_coef:0.001 - actor/loss:0.05362248979508877 - actor/grad_norm:0.13793030381202698 - actor/perf/max_memory_allocated_gb:68.44986391067505 - actor/perf/max_memory_reserved_gb:87.361328125 - actor/perf/cpu_memory_used_gb:21.69308090209961 - actor/lr:1e-06 - perf/mfu/actor:0.30253759682716574 - training/global_step:92 - training/epoch:0 - critic/score/mean:0.546875 - critic/score/max:1.0 - critic/score/min:0.0 - critic/rewards/mean:0.546875 - critic/rewards/max:1.0 - critic/rewards/min:0.0 - critic/advantages/mean:-0.05355420336127281 - critic/advantages/max:2.4748666286468506 - critic/advantages/min:-1.20761239528656 - critic/returns/mean:-0.05355420336127281 - critic/returns/max:2.4748666286468506 - critic/returns/min:-1.20761239528656 - response_length/mean:1111.765625 - response_length/max:2048.0 - response_length/min:148.0 - response_length/clip_ratio:0.421875 - response_length_non_aborted/mean:1111.765625 - response_length_non_aborted/max:2048.0 - response_length_non_aborted/min:148.0 - response_length_non_aborted/clip_ratio:0.421875 - response/aborted_ratio:0.0 - prompt_length/mean:124.0625 - prompt_length/max:125.0 - prompt_length/min:122.0 - prompt_length/clip_ratio:0.0 - num_turns/min:2 - num_turns/max:2 - num_turns/mean:2.0 - timing_s/start_profile:8.310936391353607e-05 - timing_s/agent_loop/num_preempted/min:-1 - timing_s/agent_loop/num_preempted/max:-1 - timing_s/agent_loop/num_preempted/mean:-1.0 - timing_s/agent_loop/generate_sequences/min:0.9929309748113155 - timing_s/agent_loop/generate_sequences/max:11.144951006397605 - timing_s/agent_loop/generate_sequences/mean:6.153169397271995 - timing_s/agent_loop/tool_calls/min:0.0 - timing_s/agent_loop/tool_calls/max:0.0 - timing_s/agent_loop/tool_calls/mean:0.0 - timing_s/agent_loop/compute_score/min:0.003335927613079548 - timing_s/agent_loop/compute_score/max:0.04116172343492508 - timing_s/agent_loop/compute_score/mean:0.010509630024898797 - timing_s/agent_loop/slowest/generate_sequences:11.144951006397605 - timing_s/agent_loop/slowest/tool_calls:0.0 - timing_s/agent_loop/slowest/compute_score:0.005117520689964294 - timing_s/agent_loop/slowest/num_preempted:-1 - timing_s/agent_loop/slowest/prompt_length:125 - timing_s/agent_loop/slowest/response_length:2048 - timing_s/gen:11.727605823427439 - timing_s/reward:1.9939616322517395e-05 - timing_s/old_log_prob:3.1337581695988774 - timing_s/ref:4.811359317973256 - timing_s/adv:0.0036042556166648865 - timing_s/update_actor:11.340997194871306 - timing_s/update_weights:1.2961348723620176 - timing_s/step:32.362038225866854 - timing_s/stop_profile:8.398853242397308e-05 - timing_per_token_ms/gen:0.08241118310842437 - timing_per_token_ms/ref:0.03041583526970311 - timing_per_token_ms/adv:2.2784921653400975e-05 - timing_per_token_ms/update_actor:0.07169406391761159 - perf/total_num_tokens:158186 - perf/time_per_step:32.362038225866854 - perf/throughput:4888.011036139329
[36m(TaskRunner pid=109178)[0m Training Progress:  93%|█████████▎| 93/100 [49:41<04:00, 34.30s/it]
[36m(WorkerDict pid=109563)[0m INFO:2026-07-30 11:42:57,122:update_weights done, time cost: 0.55s
[36m(TaskRunner pid=109178)[0m Training Progress:  94%|█████████▍| 94/100 [50:16<03:26, 34.45s/it]
[36m(WorkerDict pid=109563)[0m INFO:2026-07-30 11:43:27,632:update_weights done, time cost: 0.54s
[36m(TaskRunner pid=109178)[0m step:93 - global_seqlen/min:182624 - global_seqlen/max:182624 - global_seqlen/minmax_diff:0 - global_seqlen/balanced_min:182624 - global_seqlen/balanced_max:182624 - global_seqlen/mean:182624.0 - actor/entropy:0.18409360945224762 - perf/mfu/actor_infer:0.37649269575288885 - actor/pg_clipfrac:0.000584131688810885 - actor/ppo_kl:0.0001364034105790779 - actor/pg_clipfrac_lower:0.0 - actor/pg_loss:0.11268560739699751 - actor/kl_loss:0.03657973883673549 - actor/kl_coef:0.001 - actor/loss:0.11272217705845833 - actor/grad_norm:0.28566280752420425 - actor/perf/max_memory_allocated_gb:68.44986391067505 - actor/perf/max_memory_reserved_gb:87.361328125 - actor/perf/cpu_memory_used_gb:21.696735382080078 - actor/lr:1e-06 - perf/mfu/actor:0.3056970465511174 - training/global_step:93 - training/epoch:0 - critic/score/mean:0.4296875 - critic/score/max:1.0 - critic/score/min:0.0 - critic/rewards/mean:0.4296875 - critic/rewards/max:1.0 - critic/rewards/min:0.0 - critic/advantages/mean:-0.11294040083885193 - critic/advantages/max:2.4748666286468506 - critic/advantages/min:-2.4748666286468506 - critic/returns/mean:-0.11294040083885193 - critic/returns/max:2.4748666286468506 - critic/returns/min:-2.4748666286468506 - response_length/mean:1303.25 - response_length/max:2048.0 - response_length/min:121.0 - response_length/clip_ratio:0.515625 - response_length_non_aborted/mean:1303.25 - response_length_non_aborted/max:2048.0 - response_length_non_aborted/min:121.0 - response_length_non_aborted/clip_ratio:0.515625 - response/aborted_ratio:0.0 - prompt_length/mean:123.5 - prompt_length/max:125.0 - prompt_length/min:122.0 - prompt_length/clip_ratio:0.0 - num_turns/min:2 - num_turns/max:2 - num_turns/mean:2.0 - timing_s/start_profile:8.786842226982117e-05 - timing_s/agent_loop/num_preempted/min:-1 - timing_s/agent_loop/num_preempted/max:-1 - timing_s/agent_loop/num_preempted/mean:-1.0 - timing_s/agent_loop/generate_sequences/min:0.7947149723768234 - timing_s/agent_loop/generate_sequences/max:12.492316133342683 - timing_s/agent_loop/generate_sequences/mean:7.9117842484411085 - timing_s/agent_loop/tool_calls/min:0.0 - timing_s/agent_loop/tool_calls/max:0.0 - timing_s/agent_loop/tool_calls/mean:0.0 - timing_s/agent_loop/compute_score/min:0.004190010018646717 - timing_s/agent_loop/compute_score/max:0.055329286493360996 - timing_s/agent_loop/compute_score/mean:0.015451531297003385 - timing_s/agent_loop/slowest/generate_sequences:12.492316133342683 - timing_s/agent_loop/slowest/tool_calls:0.0 - timing_s/agent_loop/slowest/compute_score:0.005070721730589867 - timing_s/agent_loop/slowest/num_preempted:-1 - timing_s/agent_loop/slowest/prompt_length:125 - timing_s/agent_loop/slowest/response_length:2048 - timing_s/gen:13.07171344012022 - timing_s/reward:1.6809441149234772e-05 - timing_s/old_log_prob:3.576972902752459 - timing_s/ref:4.945188268087804 - timing_s/adv:0.003630724735558033 - timing_s/update_actor:12.97553006093949 - timing_s/update_weights:1.2831021547317505 - timing_s/step:35.903601865284145 - timing_s/stop_profile:8.28104093670845e-05 - timing_per_token_ms/gen:0.0783600700179852 - timing_per_token_ms/ref:0.027078523458514785 - timing_per_token_ms/adv:1.9880874011948227e-05 - timing_per_token_ms/update_actor:0.07105051943303997 - perf/total_num_tokens:182624 - perf/time_per_step:35.903601865284145 - perf/throughput:5086.509166551964
[36m(TaskRunner pid=109178)[0m step:94 - global_seqlen/min:175509 - global_seqlen/max:175509 - global_seqlen/minmax_diff:0 - global_seqlen/balanced_min:175509 - global_seqlen/balanced_max:175509 - global_seqlen/mean:175509.0 - actor/entropy:0.15641222894191742 - perf/mfu/actor_infer:0.3767682360317182 - actor/pg_clipfrac:0.00013782433779852 - actor/ppo_kl:-4.4825173972640187e-07 - actor/pg_clipfrac_lower:3.909915449185064e-06 - actor/pg_loss:0.09173628712596837 - actor/kl_loss:0.037749001174233854 - actor/kl_coef:0.001 - actor/loss:0.09177404269576073 - actor/grad_norm:0.19691593945026398 - actor/perf/max_memory_allocated_gb:68.49992752075195 - actor/perf/max_memory_reserved_gb:87.361328125 - actor/perf/cpu_memory_used_gb:21.64877700805664 - actor/lr:1e-06 - perf/mfu/actor:0.3055593343003261 - training/global_step:94 - training/epoch:0 - critic/score/mean:0.484375 - critic/score/max:1.0 - critic/score/min:0.0 - critic/rewards/mean:0.484375 - critic/rewards/max:1.0 - critic/rewards/min:0.0 - critic/advantages/mean:-0.09183516353368759 - critic/advantages/max:2.4748666286468506 - critic/advantages/min:-1.20761239528656 - critic/returns/mean:-0.09183516353368759 - critic/returns/max:2.4748666286468506 - critic/returns/min:-1.20761239528656 - response_length/mean:1245.1015625 - response_length/max:2048.0 - response_length/min:138.0 - response_length/clip_ratio:0.4765625 - response_length_non_aborted/mean:1245.1015625 - response_length_non_aborted/max:2048.0 - response_length_non_aborted/min:138.0 - response_length_non_aborted/clip_ratio:0.4765625 - response/aborted_ratio:0.0 - prompt_length/mean:126.0625 - prompt_length/max:141.0 - prompt_length/min:122.0 - prompt_length/clip_ratio:0.0 - num_turns/min:2 - num_turns/max:2 - num_turns/mean:2.0 - timing_s/start_profile:9.139906615018845e-05 - timing_s/agent_loop/num_preempted/min:-1 - timing_s/agent_loop/num_preempted/max:-1 - timing_s/agent_loop/num_preempted/mean:-1.0 - timing_s/agent_loop/generate_sequences/min:0.9197971960529685 - timing_s/agent_loop/generate_sequences/max:11.721104149706662 - timing_s/agent_loop/generate_sequences/mean:7.188017445761943 - timing_s/agent_loop/tool_calls/min:0.0 - timing_s/agent_loop/tool_calls/max:0.0 - timing_s/agent_loop/tool_calls/mean:0.0 - timing_s/agent_loop/compute_score/min:0.0038881422951817513 - timing_s/agent_loop/compute_score/max:0.05085510015487671 - timing_s/agent_loop/compute_score/mean:0.012798943782399874 - timing_s/agent_loop/slowest/generate_sequences:11.693830722942948 - timing_s/agent_loop/slowest/tool_calls:0.0 - timing_s/agent_loop/slowest/compute_score:0.034189791418612 - timing_s/agent_loop/slowest/num_preempted:-1 - timing_s/agent_loop/slowest/prompt_length:125 - timing_s/agent_loop/slowest/response_length:2048 - timing_s/gen:12.302465797401965 - timing_s/reward:1.9960105419158936e-05 - timing_s/old_log_prob:3.4340943032875657 - timing_s/ref:4.905384891666472 - timing_s/adv:0.0036179451271891594 - timing_s/update_actor:12.827517714351416 - timing_s/update_weights:1.2844686293974519 - timing_s/step:34.80585166439414 - timing_s/stop_profile:7.901899516582489e-05 - timing_per_token_ms/gen:0.07719291095356155 - timing_per_token_ms/ref:0.027949477757074976 - timing_per_token_ms/adv:2.0614014820830608e-05 - timing_per_token_ms/update_actor:0.07308752094964598 - perf/total_num_tokens:175509 - perf/time_per_step:34.80585166439414 - perf/throughput:5042.514163776174
[36m(TaskRunner pid=109178)[0m Training Progress:  95%|█████████▌| 95/100 [50:46<02:46, 33.27s/it]
[36m(WorkerDict pid=109563)[0m INFO:2026-07-30 11:43:59,623:update_weights done, time cost: 0.58s
[36m(TaskRunner pid=109178)[0m Training Progress:  96%|█████████▌| 96/100 [51:18<02:11, 32.89s/it]
[36m(WorkerDict pid=109563)[0m INFO:2026-07-30 11:44:31,612:update_weights done, time cost: 0.55s
[36m(TaskRunner pid=109178)[0m step:95 - global_seqlen/min:141669 - global_seqlen/max:141669 - global_seqlen/minmax_diff:0 - global_seqlen/balanced_min:141669 - global_seqlen/balanced_max:141669 - global_seqlen/mean:141669.0 - actor/entropy:0.1642594039440155 - perf/mfu/actor_infer:0.36949747655836934 - actor/pg_clipfrac:0.00045738942753814626 - actor/ppo_kl:7.447733318599603e-05 - actor/pg_clipfrac_lower:0.0 - actor/pg_loss:0.1626764906104654 - actor/kl_loss:0.04569130518939346 - actor/kl_coef:0.001 - actor/loss:0.1627221778035164 - actor/grad_norm:0.3319639414548874 - actor/perf/max_memory_allocated_gb:68.49992752075195 - actor/perf/max_memory_reserved_gb:87.3984375 - actor/perf/cpu_memory_used_gb:21.62238121032715 - actor/lr:1e-06 - perf/mfu/actor:0.29901540065751075 - training/global_step:95 - training/epoch:0 - critic/score/mean:0.6796875 - critic/score/max:1.0 - critic/score/min:0.0 - critic/rewards/mean:0.6796875 - critic/rewards/max:1.0 - critic/rewards/min:0.0 - critic/advantages/mean:-0.16317926347255707 - critic/advantages/max:1.6201815605163574 - critic/advantages/min:-2.4748666286468506 - critic/returns/mean:-0.16317926347255707 - critic/returns/max:1.6201815605163574 - critic/returns/min:-2.4748666286468506 - response_length/mean:983.4765625 - response_length/max:2048.0 - response_length/min:122.0 - response_length/clip_ratio:0.296875 - response_length_non_aborted/mean:983.4765625 - response_length_non_aborted/max:2048.0 - response_length_non_aborted/min:122.0 - response_length_non_aborted/clip_ratio:0.296875 - response/aborted_ratio:0.0 - prompt_length/mean:123.3125 - prompt_length/max:125.0 - prompt_length/min:122.0 - prompt_length/clip_ratio:0.0 - num_turns/min:2 - num_turns/max:2 - num_turns/mean:2.0 - timing_s/start_profile:9.434949606657028e-05 - timing_s/agent_loop/num_preempted/min:-1 - timing_s/agent_loop/num_preempted/max:-1 - timing_s/agent_loop/num_preempted/mean:-1.0 - timing_s/agent_loop/generate_sequences/min:0.799649422056973 - timing_s/agent_loop/generate_sequences/max:10.780597724951804 - timing_s/agent_loop/generate_sequences/mean:5.306513296505727 - timing_s/agent_loop/tool_calls/min:0.0 - timing_s/agent_loop/tool_calls/max:0.0 - timing_s/agent_loop/tool_calls/mean:0.0 - timing_s/agent_loop/compute_score/min:0.004141390323638916 - timing_s/agent_loop/compute_score/max:0.04420479480177164 - timing_s/agent_loop/compute_score/mean:0.009482499561272562 - timing_s/agent_loop/slowest/generate_sequences:10.780597724951804 - timing_s/agent_loop/slowest/tool_calls:0.0 - timing_s/agent_loop/slowest/compute_score:0.005413028411567211 - timing_s/agent_loop/slowest/num_preempted:-1 - timing_s/agent_loop/slowest/prompt_length:125 - timing_s/agent_loop/slowest/response_length:2048 - timing_s/gen:11.346339772455394 - timing_s/reward:1.7479993402957916e-05 - timing_s/old_log_prob:2.841031514108181 - timing_s/ref:4.719990300945938 - timing_s/adv:0.0036476952955126762 - timing_s/update_actor:10.266048605553806 - timing_s/update_weights:1.2833567475900054 - timing_s/step:30.509813748300076 - timing_s/stop_profile:8.277874439954758e-05 - timing_per_token_ms/gen:0.09013257951666516 - timing_per_token_ms/ref:0.03331702984383272 - timing_per_token_ms/adv:2.574801329516462e-05 - timing_per_token_ms/update_actor:0.07246503190926601 - perf/total_num_tokens:141669 - perf/time_per_step:30.509813748300076 - perf/throughput:4643.391177958057
[36m(TaskRunner pid=109178)[0m step:96 - global_seqlen/min:154181 - global_seqlen/max:154181 - global_seqlen/minmax_diff:0 - global_seqlen/balanced_min:154181 - global_seqlen/balanced_max:154181 - global_seqlen/mean:154181.0 - actor/entropy:0.16884034872055054 - perf/mfu/actor_infer:0.37157299246785874 - actor/pg_clipfrac:0.0004427453095559031 - actor/ppo_kl:-7.293500630112248e-05 - actor/pg_clipfrac_lower:0.0 - actor/pg_loss:0.11049128836020827 - actor/kl_loss:0.042344409390352666 - actor/kl_coef:0.001 - actor/loss:0.11053363233804703 - actor/grad_norm:0.2815697342157364 - actor/perf/max_memory_allocated_gb:68.49992752075195 - actor/perf/max_memory_reserved_gb:87.3984375 - actor/perf/cpu_memory_used_gb:21.64618492126465 - actor/lr:1e-06 - perf/mfu/actor:0.3010399267471862 - training/global_step:96 - training/epoch:0 - critic/score/mean:0.5546875 - critic/score/max:1.0 - critic/score/min:0.0 - critic/rewards/mean:0.5546875 - critic/rewards/max:1.0 - critic/rewards/min:0.0 - critic/advantages/mean:-0.11107701063156128 - critic/advantages/max:1.20761239528656 - critic/advantages/min:-2.4748666286468506 - critic/returns/mean:-0.11107701063156128 - critic/returns/max:1.20761239528656 - critic/returns/min:-2.4748666286468506 - response_length/mean:1081.0390625 - response_length/max:2048.0 - response_length/min:123.0 - response_length/clip_ratio:0.375 - response_length_non_aborted/mean:1081.0390625 - response_length_non_aborted/max:2048.0 - response_length_non_aborted/min:123.0 - response_length_non_aborted/clip_ratio:0.375 - response/aborted_ratio:0.0 - prompt_length/mean:123.5 - prompt_length/max:125.0 - prompt_length/min:122.0 - prompt_length/clip_ratio:0.0 - num_turns/min:2 - num_turns/max:2 - num_turns/mean:2.0 - timing_s/start_profile:8.326955139636993e-05 - timing_s/agent_loop/num_preempted/min:-1 - timing_s/agent_loop/num_preempted/max:-1 - timing_s/agent_loop/num_preempted/mean:-1.0 - timing_s/agent_loop/generate_sequences/min:0.7779554203152657 - timing_s/agent_loop/generate_sequences/max:11.070814850740135 - timing_s/agent_loop/generate_sequences/mean:5.940761702207965 - timing_s/agent_loop/tool_calls/min:0.0 - timing_s/agent_loop/tool_calls/max:0.0 - timing_s/agent_loop/tool_calls/mean:0.0 - timing_s/agent_loop/compute_score/min:0.004612955264747143 - timing_s/agent_loop/compute_score/max:0.04364519938826561 - timing_s/agent_loop/compute_score/mean:0.011402298885514028 - timing_s/agent_loop/slowest/generate_sequences:11.037117226049304 - timing_s/agent_loop/slowest/tool_calls:0.0 - timing_s/agent_loop/slowest/compute_score:0.040092822164297104 - timing_s/agent_loop/slowest/num_preempted:-1 - timing_s/agent_loop/slowest/prompt_length:125 - timing_s/agent_loop/slowest/response_length:2048 - timing_s/gen:11.649446511641145 - timing_s/reward:1.704040914773941e-05 - timing_s/old_log_prob:3.0606500329449773 - timing_s/ref:4.796072870492935 - timing_s/adv:0.003629685379564762 - timing_s/update_actor:11.104434246197343 - timing_s/update_weights:1.3200096329674125 - timing_s/step:31.982770641334355 - timing_s/stop_profile:8.499901741743088e-05 - timing_per_token_ms/gen:0.08418872548576055 - timing_per_token_ms/ref:0.031106769773791423 - timing_per_token_ms/adv:2.3541716421379822e-05 - timing_per_token_ms/update_actor:0.07202206657238792 - perf/total_num_tokens:154181 - perf/time_per_step:31.982770641334355 - perf/throughput:4820.751826945766
[36m(TaskRunner pid=109178)[0m Training Progress:  97%|█████████▋| 97/100 [51:50<01:37, 32.62s/it]
[36m(WorkerDict pid=109563)[0m INFO:2026-07-30 11:45:06,826:update_weights done, time cost: 0.55s
[36m(TaskRunner pid=109178)[0m Training Progress:  98%|█████████▊| 98/100 [52:25<01:06, 33.40s/it]
[36m(WorkerDict pid=109563)[0m INFO:2026-07-30 11:45:37,816:update_weights done, time cost: 0.54s
[36m(TaskRunner pid=109178)[0m step:97 - global_seqlen/min:154123 - global_seqlen/max:154123 - global_seqlen/minmax_diff:0 - global_seqlen/balanced_min:154123 - global_seqlen/balanced_max:154123 - global_seqlen/mean:154123.0 - actor/entropy:0.15581928193569183 - perf/mfu/actor_infer:0.3722157836863849 - actor/pg_clipfrac:0.00011750826342904475 - actor/ppo_kl:6.757391656719847e-05 - actor/pg_clipfrac_lower:0.0 - actor/pg_loss:0.051782939000986516 - actor/kl_loss:0.04023863887414336 - actor/kl_coef:0.001 - actor/loss:0.05182318016886711 - actor/grad_norm:0.2059313878417015 - actor/perf/max_memory_allocated_gb:68.49992752075195 - actor/perf/max_memory_reserved_gb:87.3984375 - actor/perf/cpu_memory_used_gb:21.65493392944336 - actor/lr:1e-06 - perf/mfu/actor:0.3017436605515681 - training/global_step:97 - training/epoch:0 - critic/score/mean:0.578125 - critic/score/max:1.0 - critic/score/min:0.0 - critic/rewards/mean:0.578125 - critic/rewards/max:1.0 - critic/rewards/min:0.0 - critic/advantages/mean:-0.051754653453826904 - critic/advantages/max:2.4748666286468506 - critic/advantages/min:-1.6201815605163574 - critic/returns/mean:-0.051754653453826904 - critic/returns/max:2.4748666286468506 - critic/returns/min:-1.6201815605163574 - response_length/mean:1080.5859375 - response_length/max:2048.0 - response_length/min:126.0 - response_length/clip_ratio:0.40625 - response_length_non_aborted/mean:1080.5859375 - response_length_non_aborted/max:2048.0 - response_length_non_aborted/min:126.0 - response_length_non_aborted/clip_ratio:0.40625 - response/aborted_ratio:0.0 - prompt_length/mean:123.5 - prompt_length/max:125.0 - prompt_length/min:122.0 - prompt_length/clip_ratio:0.0 - num_turns/min:2 - num_turns/max:2 - num_turns/mean:2.0 - timing_s/start_profile:7.976964116096497e-05 - timing_s/agent_loop/num_preempted/min:-1 - timing_s/agent_loop/num_preempted/max:-1 - timing_s/agent_loop/num_preempted/mean:-1.0 - timing_s/agent_loop/generate_sequences/min:0.8380837505683303 - timing_s/agent_loop/generate_sequences/max:11.123752844519913 - timing_s/agent_loop/generate_sequences/mean:5.938808748614974 - timing_s/agent_loop/tool_calls/min:0.0 - timing_s/agent_loop/tool_calls/max:0.0 - timing_s/agent_loop/tool_calls/mean:0.0 - timing_s/agent_loop/compute_score/min:0.003309507854282856 - timing_s/agent_loop/compute_score/max:0.05356002412736416 - timing_s/agent_loop/compute_score/mean:0.012921131834445987 - timing_s/agent_loop/slowest/generate_sequences:11.107109386473894 - timing_s/agent_loop/slowest/tool_calls:0.0 - timing_s/agent_loop/slowest/compute_score:0.02092547807842493 - timing_s/agent_loop/slowest/num_preempted:-1 - timing_s/agent_loop/slowest/prompt_length:125 - timing_s/agent_loop/slowest/response_length:2048 - timing_s/gen:11.695187084376812 - timing_s/reward:1.9089318811893463e-05 - timing_s/old_log_prob:3.059925004839897 - timing_s/ref:4.786084749735892 - timing_s/adv:0.0037049436941742897 - timing_s/update_actor:11.09425154980272 - timing_s/update_weights:1.3012005416676402 - timing_s/step:31.99016640521586 - timing_s/stop_profile:8.672941476106644e-05 - timing_per_token_ms/gen:0.08455472714005575 - timing_per_token_ms/ref:0.031053669794488117 - timing_per_token_ms/adv:2.40388760546725e-05 - timing_per_token_ms/update_actor:0.07198310148259975 - perf/total_num_tokens:154123 - perf/time_per_step:31.99016640521586 - perf/throughput:4817.824266611846
[36m(TaskRunner pid=109178)[0m step:98 - global_seqlen/min:182163 - global_seqlen/max:182163 - global_seqlen/minmax_diff:0 - global_seqlen/balanced_min:182163 - global_seqlen/balanced_max:182163 - global_seqlen/mean:182163.0 - actor/entropy:0.17315711081027985 - perf/mfu/actor_infer:0.37705462353143915 - actor/pg_clipfrac:0.0005476953883771785 - actor/ppo_kl:2.7172785024731638e-05 - actor/pg_clipfrac_lower:0.0 - actor/pg_loss:0.13083122842363082 - actor/kl_loss:0.03933529614005238 - actor/kl_coef:0.001 - actor/loss:0.13087057322263718 - actor/grad_norm:0.3433406203985214 - actor/perf/max_memory_allocated_gb:68.49992752075195 - actor/perf/max_memory_reserved_gb:87.3984375 - actor/perf/cpu_memory_used_gb:21.635719299316406 - actor/lr:1e-06 - perf/mfu/actor:0.30606062992533595 - training/global_step:98 - training/epoch:0 - critic/score/mean:0.4609375 - critic/score/max:1.0 - critic/score/min:0.0 - critic/rewards/mean:0.4609375 - critic/rewards/max:1.0 - critic/rewards/min:0.0 - critic/advantages/mean:-0.13101986050605774 - critic/advantages/max:2.4748666286468506 - critic/advantages/min:-2.4748666286468506 - critic/returns/mean:-0.13101986050605774 - critic/returns/max:2.4748666286468506 - critic/returns/min:-2.4748666286468506 - response_length/mean:1299.9609375 - response_length/max:2048.0 - response_length/min:168.0 - response_length/clip_ratio:0.46875 - response_length_non_aborted/mean:1299.9609375 - response_length_non_aborted/max:2048.0 - response_length_non_aborted/min:168.0 - response_length_non_aborted/clip_ratio:0.46875 - response/aborted_ratio:0.0 - prompt_length/mean:123.1875 - prompt_length/max:126.0 - prompt_length/min:122.0 - prompt_length/clip_ratio:0.0 - num_turns/min:2 - num_turns/max:2 - num_turns/mean:2.0 - timing_s/start_profile:8.79783183336258e-05 - timing_s/agent_loop/num_preempted/min:-1 - timing_s/agent_loop/num_preempted/max:-1 - timing_s/agent_loop/num_preempted/mean:-1.0 - timing_s/agent_loop/generate_sequences/min:1.0756022883579135 - timing_s/agent_loop/generate_sequences/max:11.886791720055044 - timing_s/agent_loop/generate_sequences/mean:7.593171548374812 - timing_s/agent_loop/tool_calls/min:0.0 - timing_s/agent_loop/tool_calls/max:0.0 - timing_s/agent_loop/tool_calls/mean:0.0 - timing_s/agent_loop/compute_score/min:0.004459816962480545 - timing_s/agent_loop/compute_score/max:0.042397321201860905 - timing_s/agent_loop/compute_score/mean:0.012073683217749931 - timing_s/agent_loop/slowest/generate_sequences:11.886791720055044 - timing_s/agent_loop/slowest/tool_calls:0.0 - timing_s/agent_loop/slowest/compute_score:0.005492987111210823 - timing_s/agent_loop/slowest/num_preempted:-1 - timing_s/agent_loop/slowest/prompt_length:125 - timing_s/agent_loop/slowest/response_length:2048 - timing_s/gen:12.448319275863469 - timing_s/reward:1.9330531358718872e-05 - timing_s/old_log_prob:3.551923486404121 - timing_s/ref:4.942892930470407 - timing_s/adv:0.0036666737869381905 - timing_s/update_actor:12.908159579150379 - timing_s/update_weights:1.299386098049581 - timing_s/step:35.205419201403856 - timing_s/stop_profile:8.27200710773468e-05 - timing_per_token_ms/gen:0.0748118589853269 - timing_per_token_ms/ref:0.02713445063196372 - timing_per_token_ms/adv:2.01285320670948e-05 - timing_per_token_ms/update_actor:0.07086049076459204 - perf/total_num_tokens:182163 - perf/time_per_step:35.205419201403856 - perf/throughput:5174.288621813543
[36m(TaskRunner pid=109178)[0m Training Progress:  99%|█████████▉| 99/100 [52:56<00:32, 32.67s/it]
[36m(WorkerDict pid=109563)[0m INFO:2026-07-30 11:46:23,201:[Rank 0] Saved model to /tmp/grpo_ckpt_grpo_full_3b_countdown/global_step_100/actor/model_world_size_1_rank_0.pt
[36m(WorkerDict pid=109563)[0m INFO:2026-07-30 11:47:33,976:[Rank 0] Saved optim to /tmp/grpo_ckpt_grpo_full_3b_countdown/global_step_100/actor/optim_world_size_1_rank_0.pt
[36m(WorkerDict pid=109563)[0m INFO:2026-07-30 11:47:33,979:[Rank 0] Saved extra_state to /tmp/grpo_ckpt_grpo_full_3b_countdown/global_step_100/actor/extra_state_world_size_1_rank_0.pt
[36m(WorkerDict pid=109563)[0m INFO:2026-07-30 11:47:34,089:[Rank 0] Saved model config and tokenizer class to /tmp/grpo_ckpt_grpo_full_3b_countdown/global_step_100/actor/huggingface
[36m(WorkerDict pid=109563)[0m INFO:2026-07-30 11:47:34,733:update_weights done, time cost: 0.58s
[36m(TaskRunner pid=109178)[0m step:99 - global_seqlen/min:145529 - global_seqlen/max:145529 - global_seqlen/minmax_diff:0 - global_seqlen/balanced_min:145529 - global_seqlen/balanced_max:145529 - global_seqlen/mean:145529.0 - actor/entropy:0.19165828824043274 - perf/mfu/actor_infer:0.36928974632777 - actor/pg_clipfrac:0.00043822345196531387 - actor/ppo_kl:-1.6954474631347694e-05 - actor/pg_clipfrac_lower:0.0 - actor/pg_loss:0.09239062455890235 - actor/kl_loss:0.04482967872172594 - actor/kl_coef:0.001 - actor/loss:0.09243545308709145 - actor/grad_norm:0.31909869611263275 - actor/perf/max_memory_allocated_gb:68.49992752075195 - actor/perf/max_memory_reserved_gb:87.3984375 - actor/perf/cpu_memory_used_gb:21.67654037475586 - actor/lr:1e-06 - perf/mfu/actor:0.3007317354584652 - training/global_step:99 - training/epoch:0 - critic/score/mean:0.6171875 - critic/score/max:1.0 - critic/score/min:0.0 - critic/rewards/mean:0.6171875 - critic/rewards/max:1.0 - critic/rewards/min:0.0 - critic/advantages/mean:-0.09250471740961075 - critic/advantages/max:1.6201815605163574 - critic/advantages/min:-2.4748666286468506 - critic/returns/mean:-0.09250471740961075 - critic/returns/max:1.6201815605163574 - critic/returns/min:-2.4748666286468506 - response_length/mean:1013.4453125 - response_length/max:2048.0 - response_length/min:140.0 - response_length/clip_ratio:0.3359375 - response_length_non_aborted/mean:1013.4453125 - response_length_non_aborted/max:2048.0 - response_length_non_aborted/min:140.0 - response_length_non_aborted/clip_ratio:0.3359375 - response/aborted_ratio:0.0 - prompt_length/mean:123.5 - prompt_length/max:125.0 - prompt_length/min:122.0 - prompt_length/clip_ratio:0.0 - num_turns/min:2 - num_turns/max:2 - num_turns/mean:2.0 - timing_s/start_profile:8.147954940795898e-05 - timing_s/agent_loop/num_preempted/min:-1 - timing_s/agent_loop/num_preempted/max:-1 - timing_s/agent_loop/num_preempted/mean:-1.0 - timing_s/agent_loop/generate_sequences/min:0.8844533087685704 - timing_s/agent_loop/generate_sequences/max:10.881750016473234 - timing_s/agent_loop/generate_sequences/mean:5.483765130011307 - timing_s/agent_loop/tool_calls/min:0.0 - timing_s/agent_loop/tool_calls/max:0.0 - timing_s/agent_loop/tool_calls/mean:0.0 - timing_s/agent_loop/compute_score/min:0.003190469928085804 - timing_s/agent_loop/compute_score/max:0.03406485076993704 - timing_s/agent_loop/compute_score/mean:0.00831074202869786 - timing_s/agent_loop/slowest/generate_sequences:10.881750016473234 - timing_s/agent_loop/slowest/tool_calls:0.0 - timing_s/agent_loop/slowest/compute_score:0.006073290482163429 - timing_s/agent_loop/slowest/num_preempted:-1 - timing_s/agent_loop/slowest/prompt_length:125 - timing_s/agent_loop/slowest/response_length:2048 - timing_s/gen:11.480300874449313 - timing_s/reward:1.6420148313045502e-05 - timing_s/old_log_prob:2.916329402476549 - timing_s/ref:4.745931584388018 - timing_s/adv:0.0037018433213233948 - timing_s/update_actor:10.49732078704983 - timing_s/update_weights:1.2764052879065275 - timing_s/step:30.96899773646146 - timing_s/stop_profile:8.119922131299973e-05 - timing_per_token_ms/gen:0.08849994121575776 - timing_per_token_ms/ref:0.03261158658678351 - timing_per_token_ms/adv:2.543715219182015e-05 - timing_per_token_ms/update_actor:0.0721321577627128 - perf/total_num_tokens:145529 - perf/time_per_step:30.96899773646146 - perf/throughput:4699.1833974872525
[36m(TaskRunner pid=109178)[0m local_global_step_folder: /tmp/grpo_ckpt_grpo_full_3b_countdown/global_step_100
[36m(TaskRunner pid=109178)[0m Training Progress: 100%|██████████| 100/100 [54:53<00:00, 57.95s/it]Training Progress: 100%|██████████| 100/100 [54:53<00:00, 32.94s/it]
[36m(TaskRunner pid=109178)[0m Exception ignored in atexit callback: <function _exit_function at 0x742a96fd9630>
[36m(TaskRunner pid=109178)[0m Traceback (most recent call last):
[36m(TaskRunner pid=109178)[0m   File "/home/hyin66/micromamba/envs/verl/lib/python3.10/multiprocessing/util.py", line 357, in _exit_function
[36m(TaskRunner pid=109178)[0m     p.join()
[36m(TaskRunner pid=109178)[0m   File "/home/hyin66/micromamba/envs/verl/lib/python3.10/multiprocessing/process.py", line 149, in join
[36m(TaskRunner pid=109178)[0m     res = self._popen.wait(timeout)
[36m(TaskRunner pid=109178)[0m   File "/home/hyin66/micromamba/envs/verl/lib/python3.10/multiprocessing/popen_fork.py", line 43, in wait
[36m(TaskRunner pid=109178)[0m     return self.poll(os.WNOHANG if timeout == 0.0 else 0)
[36m(TaskRunner pid=109178)[0m   File "/home/hyin66/micromamba/envs/verl/lib/python3.10/multiprocessing/popen_fork.py", line 27, in poll
[36m(TaskRunner pid=109178)[0m     pid, sts = os.waitpid(self.pid, flag)
[36m(TaskRunner pid=109178)[0m   File "/home/hyin66/micromamba/envs/verl/lib/python3.10/site-packages/torch/utils/data/_utils/signal_handling.py", line 73, in handler
[36m(TaskRunner pid=109178)[0m     _error_if_any_worker_fails()
[36m(TaskRunner pid=109178)[0m RuntimeError: DataLoader worker (pid 111397) is killed by signal: Killed. 
[36m(TaskRunner pid=109178)[0m step:100 - global_seqlen/min:169277 - global_seqlen/max:169277 - global_seqlen/minmax_diff:0 - global_seqlen/balanced_min:169277 - global_seqlen/balanced_max:169277 - global_seqlen/mean:169277.0 - actor/entropy:0.1851874738931656 - perf/mfu/actor_infer:0.37548824768514133 - actor/pg_clipfrac:0.0005768700893895584 - actor/ppo_kl:0.00017813287809076428 - actor/pg_clipfrac_lower:0.0 - actor/pg_loss:0.16513324435800314 - actor/kl_loss:0.042131409398280084 - actor/kl_coef:0.001 - actor/loss:0.16517537087202072 - actor/grad_norm:0.32038751244544983 - actor/perf/max_memory_allocated_gb:68.49992752075195 - actor/perf/max_memory_reserved_gb:87.3984375 - actor/perf/cpu_memory_used_gb:21.686107635498047 - actor/lr:1e-06 - perf/mfu/actor:0.3044725408694911 - training/global_step:100 - training/epoch:0 - critic/score/mean:0.53125 - critic/score/max:1.0 - critic/score/min:0.0 - critic/rewards/mean:0.53125 - critic/rewards/max:1.0 - critic/rewards/min:0.0 - critic/advantages/mean:-0.16543780267238617 - critic/advantages/max:1.20761239528656 - critic/advantages/min:-2.4748666286468506 - critic/returns/mean:-0.16543780267238617 - critic/returns/max:1.20761239528656 - critic/returns/min:-2.4748666286468506 - response_length/mean:1198.6015625 - response_length/max:2048.0 - response_length/min:148.0 - response_length/clip_ratio:0.3828125 - response_length_non_aborted/mean:1198.6015625 - response_length_non_aborted/max:2048.0 - response_length_non_aborted/min:148.0 - response_length_non_aborted/clip_ratio:0.3828125 - response/aborted_ratio:0.0 - prompt_length/mean:123.875 - prompt_length/max:128.0 - prompt_length/min:121.0 - prompt_length/clip_ratio:0.0 - num_turns/min:2 - num_turns/max:2 - num_turns/mean:2.0 - timing_s/start_profile:8.645001798868179e-05 - timing_s/agent_loop/num_preempted/min:-1 - timing_s/agent_loop/num_preempted/max:-1 - timing_s/agent_loop/num_preempted/mean:-1.0 - timing_s/agent_loop/generate_sequences/min:0.9761325251311064 - timing_s/agent_loop/generate_sequences/max:11.59830473177135 - timing_s/agent_loop/generate_sequences/mean:6.868963778091711 - timing_s/agent_loop/tool_calls/min:0.0 - timing_s/agent_loop/tool_calls/max:0.0 - timing_s/agent_loop/tool_calls/mean:0.0 - timing_s/agent_loop/compute_score/min:0.00450469646602869 - timing_s/agent_loop/compute_score/max:0.036856893450021744 - timing_s/agent_loop/compute_score/mean:0.009803305969398934 - timing_s/agent_loop/slowest/generate_sequences:11.59830473177135 - timing_s/agent_loop/slowest/tool_calls:0.0 - timing_s/agent_loop/slowest/compute_score:0.004954282194375992 - timing_s/agent_loop/slowest/num_preempted:-1 - timing_s/agent_loop/slowest/prompt_length:125 - timing_s/agent_loop/slowest/response_length:2048 - timing_s/gen:12.169437382370234 - timing_s/reward:1.6129575669765472e-05 - timing_s/old_log_prob:3.3209806848317385 - timing_s/ref:5.206844221800566 - timing_s/adv:0.003621934913098812 - timing_s/update_actor:12.050095275044441 - timing_s/save_checkpoint:82.7902081888169 - timing_s/update_weights:1.3395298635587096 - timing_s/step:116.93175142072141 - timing_s/stop_profile:9.683892130851746e-05 - timing_per_token_ms/gen:0.07932054531237727 - timing_per_token_ms/ref:0.030759312971050796 - timing_per_token_ms/adv:2.1396497534212044e-05 - timing_per_token_ms/update_actor:0.07118566181492135 - perf/total_num_tokens:169277 - perf/time_per_step:116.93175142072141 - perf/throughput:1447.6564144749698
[36m(TaskRunner pid=109178)[0m 'Final validation metrics: None'
peak VRAM (MiB): 106183
