/home/hyin66/micromamba/envs/verl/lib/python3.10/site-packages/verl/workers/engine/mindspeed/transformer_impl.py:24: UserWarning: NPU not support router replay for now.
  from verl.utils.megatron.router_replay_patch import RouterReplay
/home/hyin66/micromamba/envs/verl/lib/python3.10/site-packages/verl/trainer/main_ppo.py:380: FutureWarning: Warning: Function '__main__.main' is deprecated. Please use 'main_ppo.py is deprecated, and wil be replaced by main_ppo_sync.py in v0.8.0, please use main_ppo_sync.py instead.' instead.
  main()
2026-08-15 10:18:34,038	INFO worker.py:2015 -- Started a local Ray instance. View the dashboard at [1m[32m127.0.0.1:8265 [39m[22m
[36m(pid=512569)[0m /home/hyin66/micromamba/envs/verl/lib/python3.10/site-packages/verl/workers/engine/mindspeed/transformer_impl.py:24: UserWarning: NPU not support router replay for now.
[36m(pid=512569)[0m   from verl.utils.megatron.router_replay_patch import RouterReplay
ray init kwargs: {'num_cpus': None, 'runtime_env': {'env_vars': {'TOKENIZERS_PARALLELISM': 'true', 'NCCL_DEBUG': 'WARN', 'VLLM_ALLOW_RUNTIME_LORA_UPDATING': 'true', 'CUDA_DEVICE_MAX_CONNECTIONS': '1', 'VLLM_DISABLE_COMPILE_CACHE': '1', 'HCCL_HOST_SOCKET_PORT_RANGE': 'auto', 'HCCL_NPU_SOCKET_PORT_RANGE': 'auto', 'HSA_NO_SCRATCH_RECLAIM': '1'}, 'working_dir': None}}
[36m(TaskRunner pid=512569)[0m TaskRunner hostname: hyin66-h200-01-0, PID: 512569
[36m(TaskRunner pid=512569)[0m {'actor_rollout_ref': {'actor': {'_target_': 'verl.workers.config.FSDPActorConfig',
[36m(TaskRunner pid=512569)[0m                                  'calculate_entropy': False,
[36m(TaskRunner pid=512569)[0m                                  'calculate_sum_pi_squared': False,
[36m(TaskRunner pid=512569)[0m                                  'checkpoint': {'_target_': 'verl.trainer.config.CheckpointConfig',
[36m(TaskRunner pid=512569)[0m                                                 'async_save': False,
[36m(TaskRunner pid=512569)[0m                                                 'load_contents': ['model',
[36m(TaskRunner pid=512569)[0m                                                                   'optimizer',
[36m(TaskRunner pid=512569)[0m                                                                   'extra'],
[36m(TaskRunner pid=512569)[0m                                                 'mbridge_config': {},
[36m(TaskRunner pid=512569)[0m                                                 'save_contents': ['model',
[36m(TaskRunner pid=512569)[0m                                                                   'optimizer',
[36m(TaskRunner pid=512569)[0m                                                                   'extra'],
[36m(TaskRunner pid=512569)[0m                                                 'strict': True},
[36m(TaskRunner pid=512569)[0m                                  'clip_ratio': 0.2,
[36m(TaskRunner pid=512569)[0m                                  'clip_ratio_c': 3.0,
[36m(TaskRunner pid=512569)[0m                                  'clip_ratio_high': 0.2,
[36m(TaskRunner pid=512569)[0m                                  'clip_ratio_low': 0.2,
[36m(TaskRunner pid=512569)[0m                                  'data_loader_seed': 42,
[36m(TaskRunner pid=512569)[0m                                  'entropy_checkpointing': False,
[36m(TaskRunner pid=512569)[0m                                  'entropy_coeff': 0,
[36m(TaskRunner pid=512569)[0m                                  'entropy_from_logits_with_chunking': False,
[36m(TaskRunner pid=512569)[0m                                  'freeze_vision_tower': False,
[36m(TaskRunner pid=512569)[0m                                  'fsdp_config': {'_target_': 'verl.workers.config.FSDPEngineConfig',
[36m(TaskRunner pid=512569)[0m                                                  'dtype': 'bfloat16',
[36m(TaskRunner pid=512569)[0m                                                  'entropy_checkpointing': False,
[36m(TaskRunner pid=512569)[0m                                                  'entropy_from_logits_with_chunking': False,
[36m(TaskRunner pid=512569)[0m                                                  'forward_only': False,
[36m(TaskRunner pid=512569)[0m                                                  'forward_prefetch': False,
[36m(TaskRunner pid=512569)[0m                                                  'fsdp_size': -1,
[36m(TaskRunner pid=512569)[0m                                                  'full_determinism': False,
[36m(TaskRunner pid=512569)[0m                                                  'model_dtype': 'fp32',
[36m(TaskRunner pid=512569)[0m                                                  'offload_policy': False,
[36m(TaskRunner pid=512569)[0m                                                  'optimizer_offload': False,
[36m(TaskRunner pid=512569)[0m                                                  'param_offload': False,
[36m(TaskRunner pid=512569)[0m                                                  'qat': {'_target_': 'verl.workers.config.QATEngineConfig',
[36m(TaskRunner pid=512569)[0m                                                          'activation_observer': 'static_minmax',
[36m(TaskRunner pid=512569)[0m                                                          'enable': False,
[36m(TaskRunner pid=512569)[0m                                                          'group_size': 16,
[36m(TaskRunner pid=512569)[0m                                                          'ignore_patterns': ['lm_head',
[36m(TaskRunner pid=512569)[0m                                                                              'embed_tokens',
[36m(TaskRunner pid=512569)[0m                                                                              're:.*mlp.gate$'],
[36m(TaskRunner pid=512569)[0m                                                          'mode': 'w4a16',
[36m(TaskRunner pid=512569)[0m                                                          'quantization_config_path': None},
[36m(TaskRunner pid=512569)[0m                                                  'reshard_after_forward': True,
[36m(TaskRunner pid=512569)[0m                                                  'seed': 42,
[36m(TaskRunner pid=512569)[0m                                                  'strategy': 'fsdp',
[36m(TaskRunner pid=512569)[0m                                                  'ulysses_sequence_parallel_size': 1,
[36m(TaskRunner pid=512569)[0m                                                  'use_orig_params': False,
[36m(TaskRunner pid=512569)[0m                                                  'use_torch_compile': True,
[36m(TaskRunner pid=512569)[0m                                                  'wrap_policy': {'min_num_params': 0}},
[36m(TaskRunner pid=512569)[0m                                  'grad_clip': 1.0,
[36m(TaskRunner pid=512569)[0m                                  'kl_loss_coef': 0.001,
[36m(TaskRunner pid=512569)[0m                                  'kl_loss_type': 'low_var_kl',
[36m(TaskRunner pid=512569)[0m                                  'loss_agg_mode': 'token-mean',
[36m(TaskRunner pid=512569)[0m                                  'loss_scale_factor': None,
[36m(TaskRunner pid=512569)[0m                                  'optim': {'_target_': 'verl.workers.config.FSDPOptimizerConfig',
[36m(TaskRunner pid=512569)[0m                                            'betas': [0.9, 0.999],
[36m(TaskRunner pid=512569)[0m                                            'clip_grad': 1.0,
[36m(TaskRunner pid=512569)[0m                                            'lr': 1e-06,
[36m(TaskRunner pid=512569)[0m                                            'lr_scheduler_type': 'constant',
[36m(TaskRunner pid=512569)[0m                                            'lr_warmup_steps': -1,
[36m(TaskRunner pid=512569)[0m                                            'lr_warmup_steps_ratio': 0.0,
[36m(TaskRunner pid=512569)[0m                                            'min_lr_ratio': 0.0,
[36m(TaskRunner pid=512569)[0m                                            'num_cycles': 0.5,
[36m(TaskRunner pid=512569)[0m                                            'optimizer': 'AdamW',
[36m(TaskRunner pid=512569)[0m                                            'optimizer_impl': 'torch.optim',
[36m(TaskRunner pid=512569)[0m                                            'override_optimizer_config': None,
[36m(TaskRunner pid=512569)[0m                                            'total_training_steps': -1,
[36m(TaskRunner pid=512569)[0m                                            'warmup_style': None,
[36m(TaskRunner pid=512569)[0m                                            'weight_decay': 0.01,
[36m(TaskRunner pid=512569)[0m                                            'zero_indexed_step': True},
[36m(TaskRunner pid=512569)[0m                                  'policy_loss': {'_target_': 'verl.workers.config.PolicyLossConfig',
[36m(TaskRunner pid=512569)[0m                                                  'clip_cov_lb': 1.0,
[36m(TaskRunner pid=512569)[0m                                                  'clip_cov_ratio': 0.0002,
[36m(TaskRunner pid=512569)[0m                                                  'clip_cov_ub': 5.0,
[36m(TaskRunner pid=512569)[0m                                                  'kl_cov_ratio': 0.0002,
[36m(TaskRunner pid=512569)[0m                                                  'loss_mode': 'vanilla',
[36m(TaskRunner pid=512569)[0m                                                  'ppo_kl_coef': 0.1},
[36m(TaskRunner pid=512569)[0m                                  'ppo_epochs': 1,
[36m(TaskRunner pid=512569)[0m                                  'ppo_max_token_len_per_gpu': 16384,
[36m(TaskRunner pid=512569)[0m                                  'ppo_micro_batch_size': None,
[36m(TaskRunner pid=512569)[0m                                  'ppo_micro_batch_size_per_gpu': 8,
[36m(TaskRunner pid=512569)[0m                                  'ppo_mini_batch_size': 16,
[36m(TaskRunner pid=512569)[0m                                  'profiler': {'_target_': 'verl.utils.profiler.ProfilerConfig',
[36m(TaskRunner pid=512569)[0m                                               'all_ranks': False,
[36m(TaskRunner pid=512569)[0m                                               'enable': False,
[36m(TaskRunner pid=512569)[0m                                               'ranks': [],
[36m(TaskRunner pid=512569)[0m                                               'save_path': 'outputs/profile',
[36m(TaskRunner pid=512569)[0m                                               'tool': None,
[36m(TaskRunner pid=512569)[0m                                               'tool_config': {'npu': {'_target_': 'verl.utils.profiler.config.NPUToolConfig',
[36m(TaskRunner pid=512569)[0m                                                                       'analysis': True,
[36m(TaskRunner pid=512569)[0m                                                                       'contents': [],
[36m(TaskRunner pid=512569)[0m                                                                       'discrete': False,
[36m(TaskRunner pid=512569)[0m                                                                       'level': 'level0'},
[36m(TaskRunner pid=512569)[0m                                                               'nsys': {'_target_': 'verl.utils.profiler.config.NsightToolConfig',
[36m(TaskRunner pid=512569)[0m                                                                        'discrete': False},
[36m(TaskRunner pid=512569)[0m                                                               'precision_debugger': {'_target_': 'verl.utils.profiler.config.PrecisionDebuggerToolConfig',
[36m(TaskRunner pid=512569)[0m                                                                                      'config_path': None,
[36m(TaskRunner pid=512569)[0m                                                                                      'stages': None,
[36m(TaskRunner pid=512569)[0m                                                                                      'steps': None,
[36m(TaskRunner pid=512569)[0m                                                                                      'strict': False},
[36m(TaskRunner pid=512569)[0m                                                               'torch': {'_target_': 'verl.utils.profiler.config.TorchProfilerToolConfig',
[36m(TaskRunner pid=512569)[0m                                                                         'contents': [],
[36m(TaskRunner pid=512569)[0m                                                                         'discrete': False},
[36m(TaskRunner pid=512569)[0m                                                               'torch_memory': {'_target_': 'verl.utils.profiler.config.TorchMemoryToolConfig',
[36m(TaskRunner pid=512569)[0m                                                                                'stack_depth': 32,
[36m(TaskRunner pid=512569)[0m                                                                                'trace_alloc_max_entries': 100000}}},
[36m(TaskRunner pid=512569)[0m                                  'qat': {'activation_observer': 'static_minmax',
[36m(TaskRunner pid=512569)[0m                                          'enable': False,
[36m(TaskRunner pid=512569)[0m                                          'group_size': 16,
[36m(TaskRunner pid=512569)[0m                                          'ignore_patterns': ['lm_head',
[36m(TaskRunner pid=512569)[0m                                                              'embed_tokens',
[36m(TaskRunner pid=512569)[0m                                                              're:.*mlp.gate$'],
[36m(TaskRunner pid=512569)[0m                                          'mode': 'w4a16',
[36m(TaskRunner pid=512569)[0m                                          'quantization_config_path': None},
[36m(TaskRunner pid=512569)[0m                                  'rollout_n': 8,
[36m(TaskRunner pid=512569)[0m                                  'router_replay': {'_target_': 'verl.workers.config.RouterReplayConfig',
[36m(TaskRunner pid=512569)[0m                                                    'mode': 'disabled',
[36m(TaskRunner pid=512569)[0m                                                    'record_file': None,
[36m(TaskRunner pid=512569)[0m                                                    'replay_file': None},
[36m(TaskRunner pid=512569)[0m                                  'shuffle': False,
[36m(TaskRunner pid=512569)[0m                                  'strategy': 'fsdp',
[36m(TaskRunner pid=512569)[0m                                  'tau_neg': 1.05,
[36m(TaskRunner pid=512569)[0m                                  'tau_pos': 1.0,
[36m(TaskRunner pid=512569)[0m                                  'ulysses_sequence_parallel_size': 1,
[36m(TaskRunner pid=512569)[0m                                  'use_dynamic_bsz': False,
[36m(TaskRunner pid=512569)[0m                                  'use_fused_kernels': False,
[36m(TaskRunner pid=512569)[0m                                  'use_kl_loss': True,
[36m(TaskRunner pid=512569)[0m                                  'use_prefix_grouper': False,
[36m(TaskRunner pid=512569)[0m                                  'use_remove_padding': True,
[36m(TaskRunner pid=512569)[0m                                  'use_torch_compile': True},
[36m(TaskRunner pid=512569)[0m                        'hybrid_engine': True,
[36m(TaskRunner pid=512569)[0m                        'model': {'_target_': 'verl.workers.config.HFModelConfig',
[36m(TaskRunner pid=512569)[0m                                  'custom_chat_template': None,
[36m(TaskRunner pid=512569)[0m                                  'enable_activation_offload': False,
[36m(TaskRunner pid=512569)[0m                                  'enable_gradient_checkpointing': True,
[36m(TaskRunner pid=512569)[0m                                  'exclude_modules': None,
[36m(TaskRunner pid=512569)[0m                                  'external_lib': None,
[36m(TaskRunner pid=512569)[0m                                  'fused_kernel_options': {'impl_backend': 'torch'},
[36m(TaskRunner pid=512569)[0m                                  'hf_config_path': None,
[36m(TaskRunner pid=512569)[0m                                  'lora': {'a2a_experimental': False,
[36m(TaskRunner pid=512569)[0m                                           'adapter_path': None,
[36m(TaskRunner pid=512569)[0m                                           'alpha': 32,
[36m(TaskRunner pid=512569)[0m                                           'dropout': 0.0,
[36m(TaskRunner pid=512569)[0m                                           'dropout_position': 'pre',
[36m(TaskRunner pid=512569)[0m                                           'dtype': None,
[36m(TaskRunner pid=512569)[0m                                           'exclude_modules': [],
[36m(TaskRunner pid=512569)[0m                                           'freeze_language_model': True,
[36m(TaskRunner pid=512569)[0m                                           'freeze_vision_model': True,
[36m(TaskRunner pid=512569)[0m                                           'freeze_vision_projection': True,
[36m(TaskRunner pid=512569)[0m                                           'lora_A_init_method': 'xavier',
[36m(TaskRunner pid=512569)[0m                                           'lora_B_init_method': 'zero',
[36m(TaskRunner pid=512569)[0m                                           'merge': False,
[36m(TaskRunner pid=512569)[0m                                           'rank': 0,
[36m(TaskRunner pid=512569)[0m                                           'target_modules': ['linear_qkv',
[36m(TaskRunner pid=512569)[0m                                                              'linear_proj',
[36m(TaskRunner pid=512569)[0m                                                              'linear_fc1',
[36m(TaskRunner pid=512569)[0m                                                              'linear_fc2'],
[36m(TaskRunner pid=512569)[0m                                           'type': 'lora'},
[36m(TaskRunner pid=512569)[0m                                  'lora_adapter_path': None,
[36m(TaskRunner pid=512569)[0m                                  'lora_alpha': 16,
[36m(TaskRunner pid=512569)[0m                                  'lora_rank': 0,
[36m(TaskRunner pid=512569)[0m                                  'mtp': {'_target_': 'verl.workers.config.MtpConfig',
[36m(TaskRunner pid=512569)[0m                                          'detach_encoder': False,
[36m(TaskRunner pid=512569)[0m                                          'enable': False,
[36m(TaskRunner pid=512569)[0m                                          'enable_rollout': False,
[36m(TaskRunner pid=512569)[0m                                          'enable_train': False,
[36m(TaskRunner pid=512569)[0m                                          'method': 'mtp',
[36m(TaskRunner pid=512569)[0m                                          'mtp_loss_scaling_factor': 0.1,
[36m(TaskRunner pid=512569)[0m                                          'num_speculative_tokens': 1,
[36m(TaskRunner pid=512569)[0m                                          'speculative_algorithm': 'EAGLE',
[36m(TaskRunner pid=512569)[0m                                          'speculative_eagle_topk': 1,
[36m(TaskRunner pid=512569)[0m                                          'speculative_num_draft_tokens': 4,
[36m(TaskRunner pid=512569)[0m                                          'speculative_num_steps': 3},
[36m(TaskRunner pid=512569)[0m                                  'override_config': {},
[36m(TaskRunner pid=512569)[0m                                  'path': '/tmp/rawtmpl_Qwen2.5-1.5B-Instruct',
[36m(TaskRunner pid=512569)[0m                                  'target_modules': 'all-linear',
[36m(TaskRunner pid=512569)[0m                                  'tiled_mlp': {'enabled': False,
[36m(TaskRunner pid=512569)[0m                                                'num_shards': 4},
[36m(TaskRunner pid=512569)[0m                                  'tokenizer_path': None,
[36m(TaskRunner pid=512569)[0m                                  'trust_remote_code': False,
[36m(TaskRunner pid=512569)[0m                                  'use_fused_kernels': False,
[36m(TaskRunner pid=512569)[0m                                  'use_liger': False,
[36m(TaskRunner pid=512569)[0m                                  'use_remove_padding': True,
[36m(TaskRunner pid=512569)[0m                                  'use_shm': False},
[36m(TaskRunner pid=512569)[0m                        'nccl_timeout': 600,
[36m(TaskRunner pid=512569)[0m                        'ref': {'_target_': 'verl.workers.config.FSDPActorConfig',
[36m(TaskRunner pid=512569)[0m                                'entropy_checkpointing': False,
[36m(TaskRunner pid=512569)[0m                                'entropy_from_logits_with_chunking': False,
[36m(TaskRunner pid=512569)[0m                                'fsdp_config': {'_target_': 'verl.workers.config.FSDPEngineConfig',
[36m(TaskRunner pid=512569)[0m                                                'dtype': 'bfloat16',
[36m(TaskRunner pid=512569)[0m                                                'entropy_checkpointing': False,
[36m(TaskRunner pid=512569)[0m                                                'entropy_from_logits_with_chunking': False,
[36m(TaskRunner pid=512569)[0m                                                'forward_only': True,
[36m(TaskRunner pid=512569)[0m                                                'forward_prefetch': False,
[36m(TaskRunner pid=512569)[0m                                                'fsdp_size': -1,
[36m(TaskRunner pid=512569)[0m                                                'full_determinism': False,
[36m(TaskRunner pid=512569)[0m                                                'model_dtype': 'fp32',
[36m(TaskRunner pid=512569)[0m                                                'offload_policy': False,
[36m(TaskRunner pid=512569)[0m                                                'optimizer_offload': False,
[36m(TaskRunner pid=512569)[0m                                                'param_offload': False,
[36m(TaskRunner pid=512569)[0m                                                'qat': {'_target_': 'verl.workers.config.QATEngineConfig',
[36m(TaskRunner pid=512569)[0m                                                        'activation_observer': 'static_minmax',
[36m(TaskRunner pid=512569)[0m                                                        'enable': False,
[36m(TaskRunner pid=512569)[0m                                                        'group_size': 16,
[36m(TaskRunner pid=512569)[0m                                                        'ignore_patterns': ['lm_head',
[36m(TaskRunner pid=512569)[0m                                                                            'embed_tokens',
[36m(TaskRunner pid=512569)[0m                                                                            're:.*mlp.gate$'],
[36m(TaskRunner pid=512569)[0m                                                        'mode': 'w4a16',
[36m(TaskRunner pid=512569)[0m                                                        'quantization_config_path': None},
[36m(TaskRunner pid=512569)[0m                                                'reshard_after_forward': True,
[36m(TaskRunner pid=512569)[0m                                                'seed': 42,
[36m(TaskRunner pid=512569)[0m                                                'strategy': 'fsdp',
[36m(TaskRunner pid=512569)[0m                                                'ulysses_sequence_parallel_size': 1,
[36m(TaskRunner pid=512569)[0m                                                'use_orig_params': False,
[36m(TaskRunner pid=512569)[0m                                                'use_torch_compile': True,
[36m(TaskRunner pid=512569)[0m                                                'wrap_policy': {'min_num_params': 0}},
[36m(TaskRunner pid=512569)[0m                                'log_prob_max_token_len_per_gpu': 16384,
[36m(TaskRunner pid=512569)[0m                                'log_prob_micro_batch_size': None,
[36m(TaskRunner pid=512569)[0m                                'log_prob_micro_batch_size_per_gpu': 8,
[36m(TaskRunner pid=512569)[0m                                'log_prob_use_dynamic_bsz': False,
[36m(TaskRunner pid=512569)[0m                                'profiler': {'_target_': 'verl.utils.profiler.ProfilerConfig',
[36m(TaskRunner pid=512569)[0m                                             'all_ranks': False,
[36m(TaskRunner pid=512569)[0m                                             'enable': False,
[36m(TaskRunner pid=512569)[0m                                             'ranks': [],
[36m(TaskRunner pid=512569)[0m                                             'save_path': 'outputs/profile',
[36m(TaskRunner pid=512569)[0m                                             'tool': None,
[36m(TaskRunner pid=512569)[0m                                             'tool_config': {'npu': {'_target_': 'verl.utils.profiler.config.NPUToolConfig',
[36m(TaskRunner pid=512569)[0m                                                                     'analysis': True,
[36m(TaskRunner pid=512569)[0m                                                                     'contents': [],
[36m(TaskRunner pid=512569)[0m                                                                     'discrete': False,
[36m(TaskRunner pid=512569)[0m                                                                     'level': 'level0'},
[36m(TaskRunner pid=512569)[0m                                                             'nsys': {'_target_': 'verl.utils.profiler.config.NsightToolConfig',
[36m(TaskRunner pid=512569)[0m                                                                      'discrete': False},
[36m(TaskRunner pid=512569)[0m                                                             'precision_debugger': {'_target_': 'verl.utils.profiler.config.PrecisionDebuggerToolConfig',
[36m(TaskRunner pid=512569)[0m                                                                                    'config_path': None,
[36m(TaskRunner pid=512569)[0m                                                                                    'stages': None,
[36m(TaskRunner pid=512569)[0m                                                                                    'steps': None,
[36m(TaskRunner pid=512569)[0m                                                                                    'strict': False},
[36m(TaskRunner pid=512569)[0m                                                             'torch': {'_target_': 'verl.utils.profiler.config.TorchProfilerToolConfig',
[36m(TaskRunner pid=512569)[0m                                                                       'contents': [],
[36m(TaskRunner pid=512569)[0m                                                                       'discrete': False},
[36m(TaskRunner pid=512569)[0m                                                             'torch_memory': {'_target_': 'verl.utils.profiler.config.TorchMemoryToolConfig',
[36m(TaskRunner pid=512569)[0m                                                                              'stack_depth': 32,
[36m(TaskRunner pid=512569)[0m                                                                              'trace_alloc_max_entries': 100000}}},
[36m(TaskRunner pid=512569)[0m                                'rollout_n': 8,
[36m(TaskRunner pid=512569)[0m                                'router_replay': {'_target_': 'verl.workers.config.RouterReplayConfig',
[36m(TaskRunner pid=512569)[0m                                                  'mode': 'disabled',
[36m(TaskRunner pid=512569)[0m                                                  'record_file': None,
[36m(TaskRunner pid=512569)[0m                                                  'replay_file': None},
[36m(TaskRunner pid=512569)[0m                                'strategy': 'fsdp',
[36m(TaskRunner pid=512569)[0m                                'ulysses_sequence_parallel_size': 1,
[36m(TaskRunner pid=512569)[0m                                'use_torch_compile': True},
[36m(TaskRunner pid=512569)[0m                        'rollout': {'_target_': 'verl.workers.config.RolloutConfig',
[36m(TaskRunner pid=512569)[0m                                    'agent': {'_target_': 'verl.workers.config.AgentLoopConfig',
[36m(TaskRunner pid=512569)[0m                                              'agent_loop_config_path': None,
[36m(TaskRunner pid=512569)[0m                                              'custom_async_server': {'_target_': 'verl.workers.config.CustomAsyncServerConfig',
[36m(TaskRunner pid=512569)[0m                                                                      'name': None,
[36m(TaskRunner pid=512569)[0m                                                                      'path': None},
[36m(TaskRunner pid=512569)[0m                                              'default_agent_loop': 'single_turn_agent',
[36m(TaskRunner pid=512569)[0m                                              'num_workers': 8},
[36m(TaskRunner pid=512569)[0m                                    'calculate_log_probs': False,
[36m(TaskRunner pid=512569)[0m                                    'checkpoint_engine': {'_target_': 'verl.workers.config.CheckpointEngineConfig',
[36m(TaskRunner pid=512569)[0m                                                          'backend': 'naive',
[36m(TaskRunner pid=512569)[0m                                                          'custom_backend_module': None,
[36m(TaskRunner pid=512569)[0m                                                          'engine_kwargs': {},
[36m(TaskRunner pid=512569)[0m                                                          'update_weights_bucket_megabytes': 2048},
[36m(TaskRunner pid=512569)[0m                                    'cudagraph_capture_sizes': None,
[36m(TaskRunner pid=512569)[0m                                    'data_parallel_size': 1,
[36m(TaskRunner pid=512569)[0m                                    'disable_log_stats': True,
[36m(TaskRunner pid=512569)[0m                                    'disaggregation': {'bootstrap_port': None,
[36m(TaskRunner pid=512569)[0m                                                       'decode_replicas': 1,
[36m(TaskRunner pid=512569)[0m                                                       'decode_tensor_model_parallel_size': None,
[36m(TaskRunner pid=512569)[0m                                                       'enabled': False,
[36m(TaskRunner pid=512569)[0m                                                       'ib_device': None,
[36m(TaskRunner pid=512569)[0m                                                       'prefill_replicas': 1,
[36m(TaskRunner pid=512569)[0m                                                       'transfer_backend': 'nixl'},
[36m(TaskRunner pid=512569)[0m                                    'do_sample': True,
[36m(TaskRunner pid=512569)[0m                                    'dtype': 'bfloat16',
[36m(TaskRunner pid=512569)[0m                                    'enable_chunked_prefill': True,
[36m(TaskRunner pid=512569)[0m                                    'enable_prefix_caching': True,
[36m(TaskRunner pid=512569)[0m                                    'enable_rollout_routing_replay': False,
[36m(TaskRunner pid=512569)[0m                                    'enforce_eager': False,
[36m(TaskRunner pid=512569)[0m                                    'engine_kwargs': {'sglang': {},
[36m(TaskRunner pid=512569)[0m                                                      'trtllm': {},
[36m(TaskRunner pid=512569)[0m                                                      'vllm': {}},
[36m(TaskRunner pid=512569)[0m                                    'expert_parallel_size': 1,
[36m(TaskRunner pid=512569)[0m                                    'free_cache_engine': True,
[36m(TaskRunner pid=512569)[0m                                    'gpu_memory_utilization': 0.5,
[36m(TaskRunner pid=512569)[0m                                    'ignore_eos': False,
[36m(TaskRunner pid=512569)[0m                                    'layered_summon': False,
[36m(TaskRunner pid=512569)[0m                                    'load_format': 'dummy',
[36m(TaskRunner pid=512569)[0m                                    'log_prob_max_token_len_per_gpu': 16384,
[36m(TaskRunner pid=512569)[0m                                    'log_prob_micro_batch_size': None,
[36m(TaskRunner pid=512569)[0m                                    'log_prob_micro_batch_size_per_gpu': 8,
[36m(TaskRunner pid=512569)[0m                                    'log_prob_use_dynamic_bsz': False,
[36m(TaskRunner pid=512569)[0m                                    'logprobs_mode': 'processed_logprobs',
[36m(TaskRunner pid=512569)[0m                                    'max_model_len': None,
[36m(TaskRunner pid=512569)[0m                                    'max_num_batched_tokens': 8192,
[36m(TaskRunner pid=512569)[0m                                    'max_num_seqs': 1024,
[36m(TaskRunner pid=512569)[0m                                    'mode': 'async',
[36m(TaskRunner pid=512569)[0m                                    'mtp': {'_target_': 'verl.workers.config.MtpConfig',
[36m(TaskRunner pid=512569)[0m                                            'detach_encoder': False,
[36m(TaskRunner pid=512569)[0m                                            'enable': False,
[36m(TaskRunner pid=512569)[0m                                            'enable_rollout': False,
[36m(TaskRunner pid=512569)[0m                                            'enable_train': False,
[36m(TaskRunner pid=512569)[0m                                            'method': 'mtp',
[36m(TaskRunner pid=512569)[0m                                            'mtp_loss_scaling_factor': 0.1,
[36m(TaskRunner pid=512569)[0m                                            'num_speculative_tokens': 1,
[36m(TaskRunner pid=512569)[0m                                            'speculative_algorithm': 'EAGLE',
[36m(TaskRunner pid=512569)[0m                                            'speculative_eagle_topk': 1,
[36m(TaskRunner pid=512569)[0m                                            'speculative_num_draft_tokens': 4,
[36m(TaskRunner pid=512569)[0m                                            'speculative_num_steps': 3},
[36m(TaskRunner pid=512569)[0m                                    'multi_stage_wake_up': False,
[36m(TaskRunner pid=512569)[0m                                    'multi_turn': {'_target_': 'verl.workers.config.MultiTurnConfig',
[36m(TaskRunner pid=512569)[0m                                                   'enable': False,
[36m(TaskRunner pid=512569)[0m                                                   'format': 'hermes',
[36m(TaskRunner pid=512569)[0m                                                   'function_tool_path': None,
[36m(TaskRunner pid=512569)[0m                                                   'max_assistant_turns': None,
[36m(TaskRunner pid=512569)[0m                                                   'max_parallel_calls': 1,
[36m(TaskRunner pid=512569)[0m                                                   'max_tool_response_length': 256,
[36m(TaskRunner pid=512569)[0m                                                   'max_user_turns': None,
[36m(TaskRunner pid=512569)[0m                                                   'num_repeat_rollouts': None,
[36m(TaskRunner pid=512569)[0m                                                   'tokenization_sanity_check_mode': 'strict',
[36m(TaskRunner pid=512569)[0m                                                   'tool_config_path': None,
[36m(TaskRunner pid=512569)[0m                                                   'tool_response_truncate_side': 'middle',
[36m(TaskRunner pid=512569)[0m                                                   'use_inference_chat_template': False},
[36m(TaskRunner pid=512569)[0m                                    'n': 8,
[36m(TaskRunner pid=512569)[0m                                    'n_gpus_per_node': 1,
[36m(TaskRunner pid=512569)[0m                                    'name': 'vllm',
[36m(TaskRunner pid=512569)[0m                                    'nnodes': 0,
[36m(TaskRunner pid=512569)[0m                                    'over_sample_rate': 0,
[36m(TaskRunner pid=512569)[0m                                    'pipeline_model_parallel_size': 1,
[36m(TaskRunner pid=512569)[0m                                    'profiler': {'_target_': 'verl.utils.profiler.ProfilerConfig',
[36m(TaskRunner pid=512569)[0m                                                 'all_ranks': False,
[36m(TaskRunner pid=512569)[0m                                                 'enable': False,
[36m(TaskRunner pid=512569)[0m                                                 'ranks': [],
[36m(TaskRunner pid=512569)[0m                                                 'save_path': 'outputs/profile',
[36m(TaskRunner pid=512569)[0m                                                 'tool': None,
[36m(TaskRunner pid=512569)[0m                                                 'tool_config': {'npu': {'_target_': 'verl.utils.profiler.config.NPUToolConfig',
[36m(TaskRunner pid=512569)[0m                                                                         'analysis': True,
[36m(TaskRunner pid=512569)[0m                                                                         'contents': [],
[36m(TaskRunner pid=512569)[0m                                                                         'discrete': False,
[36m(TaskRunner pid=512569)[0m                                                                         'level': 'level0'},
[36m(TaskRunner pid=512569)[0m                                                                 'precision_debugger': {'_target_': 'verl.utils.profiler.config.PrecisionDebuggerToolConfig',
[36m(TaskRunner pid=512569)[0m                                                                                        'config_path': None,
[36m(TaskRunner pid=512569)[0m                                                                                        'stages': None,
[36m(TaskRunner pid=512569)[0m                                                                                        'steps': None,
[36m(TaskRunner pid=512569)[0m                                                                                        'strict': False},
[36m(TaskRunner pid=512569)[0m                                                                 'torch': {'_target_': 'verl.utils.profiler.config.TorchProfilerToolConfig',
[36m(TaskRunner pid=512569)[0m                                                                           'contents': [],
[36m(TaskRunner pid=512569)[0m                                                                           'discrete': False}}},
[36m(TaskRunner pid=512569)[0m                                    'prometheus': {'_target_': 'verl.workers.config.PrometheusConfig',
[36m(TaskRunner pid=512569)[0m                                                   'enable': False,
[36m(TaskRunner pid=512569)[0m                                                   'file': '/tmp/ray/session_latest/metrics/prometheus/prometheus.yml',
[36m(TaskRunner pid=512569)[0m                                                   'port': 9090,
[36m(TaskRunner pid=512569)[0m                                                   'served_model_name': '/tmp/rawtmpl_Qwen2.5-1.5B-Instruct'},
[36m(TaskRunner pid=512569)[0m                                    'prompt_length': 1024,
[36m(TaskRunner pid=512569)[0m                                    'qat': {'_target_': 'verl.workers.config.QATEngineConfig',
[36m(TaskRunner pid=512569)[0m                                            'activation_observer': 'static_minmax',
[36m(TaskRunner pid=512569)[0m                                            'enable': False,
[36m(TaskRunner pid=512569)[0m                                            'group_size': 16,
[36m(TaskRunner pid=512569)[0m                                            'ignore_patterns': ['lm_head',
[36m(TaskRunner pid=512569)[0m                                                                'embed_tokens',
[36m(TaskRunner pid=512569)[0m                                                                're:.*mlp.gate$'],
[36m(TaskRunner pid=512569)[0m                                            'mode': 'w4a16',
[36m(TaskRunner pid=512569)[0m                                            'quantization_config_path': None},
[36m(TaskRunner pid=512569)[0m                                    'quantization': None,
[36m(TaskRunner pid=512569)[0m                                    'quantization_config_file': None,
[36m(TaskRunner pid=512569)[0m                                    'response_length': 2048,
[36m(TaskRunner pid=512569)[0m                                    'scheduling_policy': 'fcfs',
[36m(TaskRunner pid=512569)[0m                                    'skip': {'_target_': 'verl.workers.config.SkipConfig',
[36m(TaskRunner pid=512569)[0m                                             'action': 'cache',
[36m(TaskRunner pid=512569)[0m                                             'dump_dir': '~/.verl/rollout_dump',
[36m(TaskRunner pid=512569)[0m                                             'enable': False,
[36m(TaskRunner pid=512569)[0m                                             'max_dump_step': 1},
[36m(TaskRunner pid=512569)[0m                                    'skip_tokenizer_init': True,
[36m(TaskRunner pid=512569)[0m                                    'temperature': 1.0,
[36m(TaskRunner pid=512569)[0m                                    'tensor_model_parallel_size': 1,
[36m(TaskRunner pid=512569)[0m                                    'top_k': -1,
[36m(TaskRunner pid=512569)[0m                                    'top_p': 1,
[36m(TaskRunner pid=512569)[0m                                    'trace': {'_target_': 'verl.workers.config.TraceConfig',
[36m(TaskRunner pid=512569)[0m                                              'backend': None,
[36m(TaskRunner pid=512569)[0m                                              'experiment_name': 'gsm8k',
[36m(TaskRunner pid=512569)[0m                                              'max_samples_per_step_per_worker': None,
[36m(TaskRunner pid=512569)[0m                                              'project_name': 'verl_examples',
[36m(TaskRunner pid=512569)[0m                                              'token2text': False},
[36m(TaskRunner pid=512569)[0m                                    'val_kwargs': {'_target_': 'verl.workers.config.SamplingConfig',
[36m(TaskRunner pid=512569)[0m                                                   'do_sample': False,
[36m(TaskRunner pid=512569)[0m                                                   'n': 1,
[36m(TaskRunner pid=512569)[0m                                                   'temperature': 0,
[36m(TaskRunner pid=512569)[0m                                                   'top_k': -1,
[36m(TaskRunner pid=512569)[0m                                                   'top_p': 1.0}}},
[36m(TaskRunner pid=512569)[0m  'algorithm': {'_target_': 'verl.trainer.config.AlgoConfig',
[36m(TaskRunner pid=512569)[0m                'adv_estimator': 'grpo',
[36m(TaskRunner pid=512569)[0m                'gamma': 1.0,
[36m(TaskRunner pid=512569)[0m                'kl_ctrl': {'_target_': 'verl.trainer.config.KLControlConfig',
[36m(TaskRunner pid=512569)[0m                            'horizon': 10000,
[36m(TaskRunner pid=512569)[0m                            'kl_coef': 0.001,
[36m(TaskRunner pid=512569)[0m                            'target_kl': 0.1,
[36m(TaskRunner pid=512569)[0m                            'type': 'fixed'},
[36m(TaskRunner pid=512569)[0m                'kl_penalty': 'kl',
[36m(TaskRunner pid=512569)[0m                'lam': 1.0,
[36m(TaskRunner pid=512569)[0m                'norm_adv_by_std_in_grpo': True,
[36m(TaskRunner pid=512569)[0m                'pf_ppo': {'reweight_method': 'pow', 'weight_pow': 2.0},
[36m(TaskRunner pid=512569)[0m                'rollout_correction': {'bypass_mode': False,
[36m(TaskRunner pid=512569)[0m                                       'loss_type': 'ppo_clip',
[36m(TaskRunner pid=512569)[0m                                       'rollout_is': None,
[36m(TaskRunner pid=512569)[0m                                       'rollout_is_batch_normalize': False,
[36m(TaskRunner pid=512569)[0m                                       'rollout_is_threshold': 2.0,
[36m(TaskRunner pid=512569)[0m                                       'rollout_rs': None,
[36m(TaskRunner pid=512569)[0m                                       'rollout_rs_threshold': None},
[36m(TaskRunner pid=512569)[0m                'use_kl_in_reward': False,
[36m(TaskRunner pid=512569)[0m                'use_pf_ppo': False},
[36m(TaskRunner pid=512569)[0m  'critic': {'_target_': 'verl.workers.config.FSDPCriticConfig',
[36m(TaskRunner pid=512569)[0m             'checkpoint': {'_target_': 'verl.trainer.config.CheckpointConfig',
[36m(TaskRunner pid=512569)[0m                            'async_save': False,
[36m(TaskRunner pid=512569)[0m                            'load_contents': ['model', 'optimizer', 'extra'],
[36m(TaskRunner pid=512569)[0m                            'mbridge_config': {},
[36m(TaskRunner pid=512569)[0m                            'save_contents': ['model', 'optimizer', 'extra']},
[36m(TaskRunner pid=512569)[0m             'cliprange_value': 0.5,
[36m(TaskRunner pid=512569)[0m             'data_loader_seed': 42,
[36m(TaskRunner pid=512569)[0m             'enable': None,
[36m(TaskRunner pid=512569)[0m             'forward_max_token_len_per_gpu': 32768,
[36m(TaskRunner pid=512569)[0m             'forward_micro_batch_size': None,
[36m(TaskRunner pid=512569)[0m             'forward_micro_batch_size_per_gpu': None,
[36m(TaskRunner pid=512569)[0m             'fsdp': {'_target_': 'verl.workers.config.FSDPEngineConfig',
[36m(TaskRunner pid=512569)[0m                      'dtype': 'bfloat16',
[36m(TaskRunner pid=512569)[0m                      'entropy_checkpointing': False,
[36m(TaskRunner pid=512569)[0m                      'entropy_from_logits_with_chunking': False,
[36m(TaskRunner pid=512569)[0m                      'forward_only': False,
[36m(TaskRunner pid=512569)[0m                      'forward_prefetch': False,
[36m(TaskRunner pid=512569)[0m                      'fsdp_size': -1,
[36m(TaskRunner pid=512569)[0m                      'full_determinism': False,
[36m(TaskRunner pid=512569)[0m                      'model_dtype': 'fp32',
[36m(TaskRunner pid=512569)[0m                      'offload_policy': False,
[36m(TaskRunner pid=512569)[0m                      'optimizer_offload': False,
[36m(TaskRunner pid=512569)[0m                      'param_offload': False,
[36m(TaskRunner pid=512569)[0m                      'qat': {'_target_': 'verl.workers.config.QATEngineConfig',
[36m(TaskRunner pid=512569)[0m                              'activation_observer': 'static_minmax',
[36m(TaskRunner pid=512569)[0m                              'enable': False,
[36m(TaskRunner pid=512569)[0m                              'group_size': 16,
[36m(TaskRunner pid=512569)[0m                              'ignore_patterns': ['lm_head',
[36m(TaskRunner pid=512569)[0m                                                  'embed_tokens',
[36m(TaskRunner pid=512569)[0m                                                  're:.*mlp.gate$'],
[36m(TaskRunner pid=512569)[0m                              'mode': 'w4a16',
[36m(TaskRunner pid=512569)[0m                              'quantization_config_path': None},
[36m(TaskRunner pid=512569)[0m                      'reshard_after_forward': True,
[36m(TaskRunner pid=512569)[0m                      'seed': 42,
[36m(TaskRunner pid=512569)[0m                      'strategy': 'fsdp',
[36m(TaskRunner pid=512569)[0m                      'ulysses_sequence_parallel_size': 1,
[36m(TaskRunner pid=512569)[0m                      'use_orig_params': False,
[36m(TaskRunner pid=512569)[0m                      'use_torch_compile': True,
[36m(TaskRunner pid=512569)[0m                      'wrap_policy': {'min_num_params': 0}},
[36m(TaskRunner pid=512569)[0m             'grad_clip': 1.0,
[36m(TaskRunner pid=512569)[0m             'loss_agg_mode': 'token-mean',
[36m(TaskRunner pid=512569)[0m             'model': {'_target_': 'verl.workers.config.HFModelConfig',
[36m(TaskRunner pid=512569)[0m                       'custom_chat_template': None,
[36m(TaskRunner pid=512569)[0m                       'enable_activation_offload': False,
[36m(TaskRunner pid=512569)[0m                       'enable_gradient_checkpointing': True,
[36m(TaskRunner pid=512569)[0m                       'exclude_modules': None,
[36m(TaskRunner pid=512569)[0m                       'external_lib': None,
[36m(TaskRunner pid=512569)[0m                       'fused_kernel_options': {'impl_backend': 'torch'},
[36m(TaskRunner pid=512569)[0m                       'hf_config_path': None,
[36m(TaskRunner pid=512569)[0m                       'lora': {'a2a_experimental': False,
[36m(TaskRunner pid=512569)[0m                                'adapter_path': None,
[36m(TaskRunner pid=512569)[0m                                'alpha': 32,
[36m(TaskRunner pid=512569)[0m                                'dropout': 0.0,
[36m(TaskRunner pid=512569)[0m                                'dropout_position': 'pre',
[36m(TaskRunner pid=512569)[0m                                'dtype': None,
[36m(TaskRunner pid=512569)[0m                                'exclude_modules': [],
[36m(TaskRunner pid=512569)[0m                                'freeze_language_model': True,
[36m(TaskRunner pid=512569)[0m                                'freeze_vision_model': True,
[36m(TaskRunner pid=512569)[0m                                'freeze_vision_projection': True,
[36m(TaskRunner pid=512569)[0m                                'lora_A_init_method': 'xavier',
[36m(TaskRunner pid=512569)[0m                                'lora_B_init_method': 'zero',
[36m(TaskRunner pid=512569)[0m                                'merge': False,
[36m(TaskRunner pid=512569)[0m                                'rank': 0,
[36m(TaskRunner pid=512569)[0m                                'target_modules': ['linear_qkv',
[36m(TaskRunner pid=512569)[0m                                                   'linear_proj',
[36m(TaskRunner pid=512569)[0m                                                   'linear_fc1',
[36m(TaskRunner pid=512569)[0m                                                   'linear_fc2'],
[36m(TaskRunner pid=512569)[0m                                'type': 'lora'},
[36m(TaskRunner pid=512569)[0m                       'lora_adapter_path': None,
[36m(TaskRunner pid=512569)[0m                       'lora_alpha': 16,
[36m(TaskRunner pid=512569)[0m                       'lora_rank': 0,
[36m(TaskRunner pid=512569)[0m                       'mtp': {'_target_': 'verl.workers.config.MtpConfig',
[36m(TaskRunner pid=512569)[0m                               'detach_encoder': False,
[36m(TaskRunner pid=512569)[0m                               'enable': False,
[36m(TaskRunner pid=512569)[0m                               'enable_rollout': False,
[36m(TaskRunner pid=512569)[0m                               'enable_train': False,
[36m(TaskRunner pid=512569)[0m                               'method': 'mtp',
[36m(TaskRunner pid=512569)[0m                               'mtp_loss_scaling_factor': 0.1,
[36m(TaskRunner pid=512569)[0m                               'num_speculative_tokens': 1,
[36m(TaskRunner pid=512569)[0m                               'speculative_algorithm': 'EAGLE',
[36m(TaskRunner pid=512569)[0m                               'speculative_eagle_topk': 1,
[36m(TaskRunner pid=512569)[0m                               'speculative_num_draft_tokens': 4,
[36m(TaskRunner pid=512569)[0m                               'speculative_num_steps': 3},
[36m(TaskRunner pid=512569)[0m                       'override_config': {},
[36m(TaskRunner pid=512569)[0m                       'path': '~/models/deepseek-llm-7b-chat',
[36m(TaskRunner pid=512569)[0m                       'target_modules': 'all-linear',
[36m(TaskRunner pid=512569)[0m                       'tiled_mlp': {'enabled': False, 'num_shards': 4},
[36m(TaskRunner pid=512569)[0m                       'tokenizer_path': None,
[36m(TaskRunner pid=512569)[0m                       'trust_remote_code': False,
[36m(TaskRunner pid=512569)[0m                       'use_fused_kernels': False,
[36m(TaskRunner pid=512569)[0m                       'use_liger': False,
[36m(TaskRunner pid=512569)[0m                       'use_remove_padding': True,
[36m(TaskRunner pid=512569)[0m                       'use_shm': False},
[36m(TaskRunner pid=512569)[0m             'optim': {'_target_': 'verl.workers.config.FSDPOptimizerConfig',
[36m(TaskRunner pid=512569)[0m                       'betas': [0.9, 0.999],
[36m(TaskRunner pid=512569)[0m                       'clip_grad': 1.0,
[36m(TaskRunner pid=512569)[0m                       'lr': 1e-05,
[36m(TaskRunner pid=512569)[0m                       'lr_scheduler_type': 'constant',
[36m(TaskRunner pid=512569)[0m                       'lr_warmup_steps': -1,
[36m(TaskRunner pid=512569)[0m                       'lr_warmup_steps_ratio': 0.0,
[36m(TaskRunner pid=512569)[0m                       'min_lr_ratio': 0.0,
[36m(TaskRunner pid=512569)[0m                       'num_cycles': 0.5,
[36m(TaskRunner pid=512569)[0m                       'optimizer': 'AdamW',
[36m(TaskRunner pid=512569)[0m                       'optimizer_impl': 'torch.optim',
[36m(TaskRunner pid=512569)[0m                       'override_optimizer_config': None,
[36m(TaskRunner pid=512569)[0m                       'total_training_steps': -1,
[36m(TaskRunner pid=512569)[0m                       'warmup_style': None,
[36m(TaskRunner pid=512569)[0m                       'weight_decay': 0.01,
[36m(TaskRunner pid=512569)[0m                       'zero_indexed_step': True},
[36m(TaskRunner pid=512569)[0m             'ppo_epochs': 1,
[36m(TaskRunner pid=512569)[0m             'ppo_max_token_len_per_gpu': 32768,
[36m(TaskRunner pid=512569)[0m             'ppo_micro_batch_size': None,
[36m(TaskRunner pid=512569)[0m             'ppo_micro_batch_size_per_gpu': None,
[36m(TaskRunner pid=512569)[0m             'ppo_mini_batch_size': 16,
[36m(TaskRunner pid=512569)[0m             'profiler': {'_target_': 'verl.utils.profiler.ProfilerConfig',
[36m(TaskRunner pid=512569)[0m                          'all_ranks': False,
[36m(TaskRunner pid=512569)[0m                          'enable': False,
[36m(TaskRunner pid=512569)[0m                          'ranks': [],
[36m(TaskRunner pid=512569)[0m                          'save_path': 'outputs/profile',
[36m(TaskRunner pid=512569)[0m                          'tool': None,
[36m(TaskRunner pid=512569)[0m                          'tool_config': {'npu': {'_target_': 'verl.utils.profiler.config.NPUToolConfig',
[36m(TaskRunner pid=512569)[0m                                                  'analysis': True,
[36m(TaskRunner pid=512569)[0m                                                  'contents': [],
[36m(TaskRunner pid=512569)[0m                                                  'discrete': False,
[36m(TaskRunner pid=512569)[0m                                                  'level': 'level0'},
[36m(TaskRunner pid=512569)[0m                                          'nsys': {'_target_': 'verl.utils.profiler.config.NsightToolConfig',
[36m(TaskRunner pid=512569)[0m                                                   'discrete': False},
[36m(TaskRunner pid=512569)[0m                                          'precision_debugger': {'_target_': 'verl.utils.profiler.config.PrecisionDebuggerToolConfig',
[36m(TaskRunner pid=512569)[0m                                                                 'config_path': None,
[36m(TaskRunner pid=512569)[0m                                                                 'stages': None,
[36m(TaskRunner pid=512569)[0m                                                                 'steps': None,
[36m(TaskRunner pid=512569)[0m                                                                 'strict': False},
[36m(TaskRunner pid=512569)[0m                                          'torch': {'_target_': 'verl.utils.profiler.config.TorchProfilerToolConfig',
[36m(TaskRunner pid=512569)[0m                                                    'contents': [],
[36m(TaskRunner pid=512569)[0m                                                    'discrete': False},
[36m(TaskRunner pid=512569)[0m                                          'torch_memory': {'_target_': 'verl.utils.profiler.config.TorchMemoryToolConfig',
[36m(TaskRunner pid=512569)[0m                                                           'stack_depth': 32,
[36m(TaskRunner pid=512569)[0m                                                           'trace_alloc_max_entries': 100000}}},
[36m(TaskRunner pid=512569)[0m             'rollout_n': 8,
[36m(TaskRunner pid=512569)[0m             'shuffle': False,
[36m(TaskRunner pid=512569)[0m             'strategy': 'fsdp',
[36m(TaskRunner pid=512569)[0m             'ulysses_sequence_parallel_size': 1,
[36m(TaskRunner pid=512569)[0m             'use_dynamic_bsz': False},
[36m(TaskRunner pid=512569)[0m  'data': {'apply_chat_template_kwargs': {},
[36m(TaskRunner pid=512569)[0m           'audio_key': 'audios',
[36m(TaskRunner pid=512569)[0m           'custom_cls': {'name': None, 'path': None},
[36m(TaskRunner pid=512569)[0m           'dataloader_num_workers': 8,
[36m(TaskRunner pid=512569)[0m           'filter_overlong_prompts': True,
[36m(TaskRunner pid=512569)[0m           'filter_overlong_prompts_workers': 1,
[36m(TaskRunner pid=512569)[0m           'function_tool_path': None,
[36m(TaskRunner pid=512569)[0m           'image_key': 'images',
[36m(TaskRunner pid=512569)[0m           'image_patch_size': 14,
[36m(TaskRunner pid=512569)[0m           'max_prompt_length': 1024,
[36m(TaskRunner pid=512569)[0m           'max_response_length': 2048,
[36m(TaskRunner pid=512569)[0m           'mm_processor_kwargs': {},
[36m(TaskRunner pid=512569)[0m           'prompt_key': 'prompt',
[36m(TaskRunner pid=512569)[0m           'return_full_prompt': False,
[36m(TaskRunner pid=512569)[0m           'return_multi_modal_inputs': True,
[36m(TaskRunner pid=512569)[0m           'return_raw_chat': True,
[36m(TaskRunner pid=512569)[0m           'return_raw_input_ids': False,
[36m(TaskRunner pid=512569)[0m           'reward_fn_key': 'data_source',
[36m(TaskRunner pid=512569)[0m           'seed': None,
[36m(TaskRunner pid=512569)[0m           'shuffle': True,
[36m(TaskRunner pid=512569)[0m           'tokenizer': None,
[36m(TaskRunner pid=512569)[0m           'tool_config_path': None,
[36m(TaskRunner pid=512569)[0m           'train_batch_size': 16,
[36m(TaskRunner pid=512569)[0m           'train_files': 'axis_probe/grpo/data_countdown/train.parquet',
[36m(TaskRunner pid=512569)[0m           'train_max_samples': -1,
[36m(TaskRunner pid=512569)[0m           'truncation': 'right',
[36m(TaskRunner pid=512569)[0m           'trust_remote_code': False,
[36m(TaskRunner pid=512569)[0m           'use_shm': False,
[36m(TaskRunner pid=512569)[0m           'val_batch_size': None,
[36m(TaskRunner pid=512569)[0m           'val_files': 'axis_probe/grpo/data_countdown/val.parquet',
[36m(TaskRunner pid=512569)[0m           'val_max_samples': -1,
[36m(TaskRunner pid=512569)[0m           'validation_shuffle': False,
[36m(TaskRunner pid=512569)[0m           'video_key': 'videos'},
[36m(TaskRunner pid=512569)[0m  'distillation': {'_target_': 'verl.workers.config.DistillationConfig',
[36m(TaskRunner pid=512569)[0m                   'distillation_loss': {'_target_': 'verl.workers.config.DistillationLossConfig',
[36m(TaskRunner pid=512569)[0m                                         'clip_ratio': 0.2,
[36m(TaskRunner pid=512569)[0m                                         'clip_ratio_high': 0.2,
[36m(TaskRunner pid=512569)[0m                                         'clip_ratio_low': 0.2,
[36m(TaskRunner pid=512569)[0m                                         'distillation_loss_coef': 1.0,
[36m(TaskRunner pid=512569)[0m                                         'log_prob_min_clamp': None,
[36m(TaskRunner pid=512569)[0m                                         'loss_max_clamp': None,
[36m(TaskRunner pid=512569)[0m                                         'loss_mode': 'k3',
[36m(TaskRunner pid=512569)[0m                                         'policy_loss_mode': 'vanilla',
[36m(TaskRunner pid=512569)[0m                                         'topk': 32,
[36m(TaskRunner pid=512569)[0m                                         'use_policy_gradient': False,
[36m(TaskRunner pid=512569)[0m                                         'use_task_rewards': True},
[36m(TaskRunner pid=512569)[0m                   'enabled': False,
[36m(TaskRunner pid=512569)[0m                   'n_gpus_per_node': 8,
[36m(TaskRunner pid=512569)[0m                   'nnodes': 0,
[36m(TaskRunner pid=512569)[0m                   'teacher_key': 'data_source',
[36m(TaskRunner pid=512569)[0m                   'teacher_models': {'teacher_model': {'_target_': 'verl.workers.config.DistillationTeacherModelConfig',
[36m(TaskRunner pid=512569)[0m                                                        'inference': {'_target_': 'verl.workers.config.RolloutConfig',
[36m(TaskRunner pid=512569)[0m                                                                      'cudagraph_capture_sizes': None,
[36m(TaskRunner pid=512569)[0m                                                                      'data_parallel_size': 1,
[36m(TaskRunner pid=512569)[0m                                                                      'disable_log_stats': True,
[36m(TaskRunner pid=512569)[0m                                                                      'dtype': 'bfloat16',
[36m(TaskRunner pid=512569)[0m                                                                      'enable_chunked_prefill': True,
[36m(TaskRunner pid=512569)[0m                                                                      'enable_prefix_caching': True,
[36m(TaskRunner pid=512569)[0m                                                                      'enforce_eager': True,
[36m(TaskRunner pid=512569)[0m                                                                      'engine_kwargs': {},
[36m(TaskRunner pid=512569)[0m                                                                      'expert_parallel_size': 1,
[36m(TaskRunner pid=512569)[0m                                                                      'free_cache_engine': True,
[36m(TaskRunner pid=512569)[0m                                                                      'gpu_memory_utilization': 0.5,
[36m(TaskRunner pid=512569)[0m                                                                      'limit_images': None,
[36m(TaskRunner pid=512569)[0m                                                                      'load_format': 'auto',
[36m(TaskRunner pid=512569)[0m                                                                      'max_model_len': None,
[36m(TaskRunner pid=512569)[0m                                                                      'max_num_batched_tokens': 8192,
[36m(TaskRunner pid=512569)[0m                                                                      'max_num_seqs': 1024,
[36m(TaskRunner pid=512569)[0m                                                                      'name': 'vllm',
[36m(TaskRunner pid=512569)[0m                                                                      'prompt_length': 1024,
[36m(TaskRunner pid=512569)[0m                                                                      'response_length': 2048,
[36m(TaskRunner pid=512569)[0m                                                                      'skip_tokenizer_init': True,
[36m(TaskRunner pid=512569)[0m                                                                      'temperature': 1.0,
[36m(TaskRunner pid=512569)[0m                                                                      'tensor_model_parallel_size': 2},
[36m(TaskRunner pid=512569)[0m                                                        'key': None,
[36m(TaskRunner pid=512569)[0m                                                        'model_path': None,
[36m(TaskRunner pid=512569)[0m                                                        'num_replicas': 0}}},
[36m(TaskRunner pid=512569)[0m /home/hyin66/micromamba/envs/verl/lib/python3.10/site-packages/verl/trainer/main_ppo.py:258: UserWarning: Disabled critic as algorithm.adv_estimator != gae. If it is not intended, please set critic.enable=True
[36m(TaskRunner pid=512569)[0m   use_critic=need_critic(config),
[36m(TaskRunner pid=512569)[0m Generating train split: 0 examples [00:00, ? examples/s]Generating train split: 1900 examples [00:00, 47635.48 examples/s]
[36m(TaskRunner pid=512569)[0m Setting TOKENIZERS_PARALLELISM=false for forked processes.
[36m(TaskRunner pid=512569)[0m WARNING:2026-08-15 10:18:57,118:Setting TOKENIZERS_PARALLELISM=false for forked processes.
[36m(TaskRunner pid=512569)[0m Filtering prompts longer than 1024 tokens (num_proc=1):   0%|          | 0/1900 [00:00<?, ? examples/s]
[36m(TaskRunner pid=512569)[0m Filtering prompts longer than 1024 tokens (num_proc=1):  53%|█████▎    | 1000/1900 [00:00<00:00, 1760.03 examples/s]
[36m(TaskRunner pid=512569)[0m Filtering prompts longer than 1024 tokens (num_proc=1): 100%|██████████| 1900/1900 [00:00<00:00, 2884.29 examples/s]
[36m(TaskRunner pid=512569)[0m Filtering prompts longer than 1024 tokens (num_proc=1): 100%|██████████| 1900/1900 [00:00<00:00, 2270.69 examples/s]
[36m(TaskRunner pid=512569)[0m Generating train split: 0 examples [00:00, ? examples/s]Generating train split: 300 examples [00:00, 8641.69 examples/s]
[36m(TaskRunner pid=512569)[0m Setting TOKENIZERS_PARALLELISM=false for forked processes.
[36m(TaskRunner pid=512569)[0m WARNING:2026-08-15 10:18:58,227:Setting TOKENIZERS_PARALLELISM=false for forked processes.
[36m(TaskRunner pid=512569)[0m Filtering prompts longer than 1024 tokens (num_proc=1):   0%|          | 0/300 [00:00<?, ? examples/s]
[36m(TaskRunner pid=512569)[0m Filtering prompts longer than 1024 tokens (num_proc=1): 100%|██████████| 300/300 [00:00<00:00, 703.41 examples/s]
[36m(TaskRunner pid=512569)[0m Filtering prompts longer than 1024 tokens (num_proc=1): 100%|██████████| 300/300 [00:00<00:00, 554.45 examples/s]
[36m(TaskRunner pid=512569)[0m /home/hyin66/micromamba/envs/verl/lib/python3.10/site-packages/verl/trainer/main_ppo.py:299: FutureWarning: Warning: Class 'verl.trainer.ppo.ray_trainer.RayPPOTrainer' is deprecated. Please use 'main_ppo.py is deprecated, and wil be replaced by main_ppo_sync.py in v0.8.0, please use main_ppo_sync.py instead.' instead.
[36m(TaskRunner pid=512569)[0m   trainer = RayPPOTrainer(
[36m(TaskRunner pid=512569)[0m /home/hyin66/micromamba/envs/verl/lib/python3.10/site-packages/verl/trainer/ppo/ray_trainer.py:348: UserWarning: Disabled critic as algorithm.adv_estimator != gae. If it is not intended, please set critic.enable=True
[36m(TaskRunner pid=512569)[0m   self.use_critic = need_critic(self.config)
[36m(WorkerDict pid=512966)[0m /home/hyin66/micromamba/envs/verl/lib/python3.10/site-packages/verl/workers/engine/mindspeed/transformer_impl.py:24: UserWarning: NPU not support router replay for now.
[36m(WorkerDict pid=512966)[0m   from verl.utils.megatron.router_replay_patch import RouterReplay
[36m(WorkerDict pid=512966)[0m `torch_dtype` is deprecated! Use `dtype` instead!
[36m(WorkerDict pid=512966)[0m Flash Attention 2 only supports torch.float16 and torch.bfloat16 dtypes, but the current dype in Qwen2ForCausalLM is torch.float32. You should run training or inference using Automatic Mixed-Precision via the `with torch.autocast(device_type='torch_device'):` decorator, or load the model with the `dtype` argument. Example: `model = AutoModel.from_pretrained("openai/whisper-tiny", attn_implementation="flash_attention_2", dtype=torch.float16)`
[36m(WorkerDict pid=512966)[0m Flash Attention 2 only supports torch.float16 and torch.bfloat16 dtypes, but the current dype in Qwen2Model is torch.float32. You should run training or inference using Automatic Mixed-Precision via the `with torch.autocast(device_type='torch_device'):` decorator, or load the model with the `dtype` argument. Example: `model = AutoModel.from_pretrained("openai/whisper-tiny", attn_implementation="flash_attention_2", dtype=torch.float16)`
[36m(WorkerDict pid=512966)[0m /home/hyin66/micromamba/envs/verl/lib/python3.10/site-packages/torch/distributed/fsdp/_init_utils.py:430: UserWarning: FSDP is switching to use `NO_SHARD` instead of ShardingStrategy.FULL_SHARD since the world size is 1.
[36m(WorkerDict pid=512966)[0m   warnings.warn(
[36m(WorkerDict pid=512966)[0m /home/hyin66/micromamba/envs/verl/lib/python3.10/site-packages/torch/distributed/fsdp/fully_sharded_data_parallel.py:678: FutureWarning: FSDP.state_dict_type() and FSDP.set_state_dict_type() are being deprecated. Please use APIs, get_state_dict() and set_state_dict(), which can support different parallelisms, FSDP1, FSDP2, DDP. API doc: https://pytorch.org/docs/stable/distributed.checkpoint.html#torch.distributed.checkpoint.state_dict.get_state_dict .Tutorial: https://pytorch.org/tutorials/recipes/distributed_checkpoint_recipe.html .
[36m(WorkerDict pid=512966)[0m   warnings.warn(
[36m(WorkerDict pid=512966)[0m /home/hyin66/micromamba/envs/verl/lib/python3.10/site-packages/torch/distributed/fsdp/_init_utils.py:430: UserWarning: FSDP is switching to use `NO_SHARD` instead of ShardingStrategy.FULL_SHARD since the world size is 1.
[36m(WorkerDict pid=512966)[0m   warnings.warn(
[36m(WorkerDict pid=512966)[0m /home/hyin66/micromamba/envs/verl/lib/python3.10/site-packages/torch/distributed/fsdp/fully_sharded_data_parallel.py:678: FutureWarning: FSDP.state_dict_type() and FSDP.set_state_dict_type() are being deprecated. Please use APIs, get_state_dict() and set_state_dict(), which can support different parallelisms, FSDP1, FSDP2, DDP. API doc: https://pytorch.org/docs/stable/distributed.checkpoint.html#torch.distributed.checkpoint.state_dict.get_state_dict .Tutorial: https://pytorch.org/tutorials/recipes/distributed_checkpoint_recipe.html .
[36m(WorkerDict pid=512966)[0m   warnings.warn(
[36m(vLLMHttpServer pid=513785)[0m WARNING:2026-08-15 10:20:10,521:agent loop only support torch and npu profiler, got None
[36m(vLLMHttpServer pid=513785)[0m INFO:2026-08-15 10:20:10,521:vLLMHttpServer, replica_rank: 0, node_rank: 0, CUDA_VISIBLE_DEVICES: 0, master_address: 10.233.74.156, master_port: 33139, data_parallel_rpc_port: 38753, data_parallel_master_port: 33207
[36m(vLLMHttpServer pid=513785)[0m INFO:2026-08-15 10:20:10,528:override_generation_config: {'temperature': 1.0, 'top_k': -1, 'top_p': 1, 'repetition_penalty': 1.0, 'max_new_tokens': 2048}
[36m(vLLMHttpServer pid=513785)[0m INFO:2026-08-15 10:20:10,529:enable_sleep_mode: True
[36m(vLLMHttpServer pid=513785)[0m `torch_dtype` is deprecated! Use `dtype` instead!
[36m(vLLMHttpServer pid=513785)[0m [1;36m(Worker pid=514267)[0;0m Capturing CUDA graphs (mixed prefill-decode, PIECEWISE):   0%|          | 0/67 [00:00<?, ?it/s]
[36m(vLLMHttpServer pid=513785)[0m Capturing CUDA graphs (mixed prefill-decode, PIECEWISE):   9%|▉         | 6/67 [00:00<00:01, 56.13it/s]
[36m(vLLMHttpServer pid=513785)[0m Capturing CUDA graphs (mixed prefill-decode, PIECEWISE):  19%|█▉        | 13/67 [00:00<00:00, 60.24it/s]
[36m(vLLMHttpServer pid=513785)[0m Capturing CUDA graphs (mixed prefill-decode, PIECEWISE):  30%|██▉       | 20/67 [00:00<00:00, 62.13it/s]
[36m(vLLMHttpServer pid=513785)[0m Capturing CUDA graphs (mixed prefill-decode, PIECEWISE):  40%|████      | 27/67 [00:00<00:00, 60.12it/s]
[36m(vLLMHttpServer pid=513785)[0m Capturing CUDA graphs (mixed prefill-decode, PIECEWISE):  51%|█████     | 34/67 [00:00<00:00, 58.30it/s]
[36m(vLLMHttpServer pid=513785)[0m Capturing CUDA graphs (mixed prefill-decode, PIECEWISE):  60%|█████▉    | 40/67 [00:00<00:00, 57.27it/s]
[36m(vLLMHttpServer pid=513785)[0m Capturing CUDA graphs (mixed prefill-decode, PIECEWISE):  69%|██████▊   | 46/67 [00:00<00:00, 56.50it/s]
[36m(vLLMHttpServer pid=513785)[0m Capturing CUDA graphs (mixed prefill-decode, PIECEWISE):  78%|███████▊  | 52/67 [00:00<00:00, 55.10it/s]
[36m(vLLMHttpServer pid=513785)[0m Capturing CUDA graphs (mixed prefill-decode, PIECEWISE):  87%|████████▋ | 58/67 [00:01<00:00, 53.79it/s]
[36m(vLLMHttpServer pid=513785)[0m Capturing CUDA graphs (mixed prefill-decode, PIECEWISE):  96%|█████████▌| 64/67 [00:01<00:00, 54.27it/s]Capturing CUDA graphs (mixed prefill-decode, PIECEWISE): 100%|██████████| 67/67 [00:01<00:00, 56.56it/s]
[36m(vLLMHttpServer pid=513785)[0m [1;36m(Worker pid=514267)[0;0m Capturing CUDA graphs (decode, FULL):   0%|          | 0/67 [00:00<?, ?it/s]
[36m(vLLMHttpServer pid=513785)[0m Capturing CUDA graphs (decode, FULL):  10%|█         | 7/67 [00:00<00:00, 62.82it/s]
[36m(vLLMHttpServer pid=513785)[0m Capturing CUDA graphs (decode, FULL):  24%|██▍       | 16/67 [00:00<00:00, 74.84it/s]
[36m(vLLMHttpServer pid=513785)[0m Capturing CUDA graphs (decode, FULL):  37%|███▋      | 25/67 [00:00<00:00, 79.56it/s]
[36m(vLLMHttpServer pid=513785)[0m Capturing CUDA graphs (decode, FULL):  51%|█████     | 34/67 [00:00<00:00, 82.02it/s]
[36m(vLLMHttpServer pid=513785)[0m Capturing CUDA graphs (decode, FULL):  64%|██████▍   | 43/67 [00:00<00:00, 81.53it/s]
[36m(vLLMHttpServer pid=513785)[0m Capturing CUDA graphs (decode, FULL):  78%|███████▊  | 52/67 [00:00<00:00, 83.74it/s]
[36m(vLLMHttpServer pid=513785)[0m Capturing CUDA graphs (decode, FULL):  91%|█████████ | 61/67 [00:00<00:00, 83.90it/s]
[36m(vLLMHttpServer pid=513785)[0m Capturing CUDA graphs (decode, FULL): 100%|██████████| 67/67 [00:00<00:00, 82.18it/s]
[36m(vLLMHttpServer pid=513785)[0m INFO:2026-08-15 10:21:09,800:Initializing a V1 LLM engine with config: model='/tmp/rawtmpl_Qwen2.5-1.5B-Instruct', speculative_config=None, tokenizer='/tmp/rawtmpl_Qwen2.5-1.5B-Instruct', skip_tokenizer_init=False, tokenizer_mode=auto, revision=None, tokenizer_revision=None, trust_remote_code=False, dtype=torch.bfloat16, max_seq_len=32768, download_dir=None, load_format=dummy, tensor_parallel_size=1, pipeline_parallel_size=1, data_parallel_size=1, disable_custom_all_reduce=False, quantization=None, enforce_eager=False, kv_cache_dtype=auto, device_config=cuda, structured_outputs_config=StructuredOutputsConfig(backend='auto', disable_fallback=False, disable_any_whitespace=False, disable_additional_properties=False, reasoning_parser=''), observability_config=ObservabilityConfig(show_hidden_metrics_for_version=None, otlp_traces_endpoint=None, collect_detailed_traces=None), seed=0, served_model_name=/tmp/rawtmpl_Qwen2.5-1.5B-Instruct, enable_prefix_caching=True, chunked_prefill_enabled=True, pooler_config=None, compilation_config={"level":3,"debug_dump_path":"","cache_dir":"","backend":"","custom_ops":[],"splitting_ops":["vllm.unified_attention","vllm.unified_attention_with_output","vllm.mamba_mixer2","vllm.mamba_mixer","vllm.short_conv","vllm.linear_attention","vllm.plamo2_mamba_mixer","vllm.gdn_attention","vllm.sparse_attn_indexer"],"use_inductor":true,"compile_sizes":[],"inductor_compile_config":{"enable_auto_functionalized_v2":false},"inductor_passes":{},"cudagraph_mode":[2,1],"use_cudagraph":true,"cudagraph_num_of_warmups":1,"cudagraph_capture_sizes":[512,504,496,488,480,472,464,456,448,440,432,424,416,408,400,392,384,376,368,360,352,344,336,328,320,312,304,296,288,280,272,264,256,248,240,232,224,216,208,200,192,184,176,168,160,152,144,136,128,120,112,104,96,88,80,72,64,56,48,40,32,24,16,8,4,2,1],"cudagraph_copy_inputs":false,"full_cuda_graph":false,"use_inductor_graph_partition":false,"pass_config":{},"max_capture_size":512,"local_cache_dir":null}
[36m(WorkerDict pid=512966)[0m /home/hyin66/micromamba/envs/verl/lib/python3.10/site-packages/torch/distributed/fsdp/_state_dict_utils.py:763: UserWarning: When using ``NO_SHARD`` for ``ShardingStrategy``, full_state_dict will be returned.
[36m(WorkerDict pid=512966)[0m   warnings.warn(
[36m(WorkerDict pid=512966)[0m /home/hyin66/micromamba/envs/verl/lib/python3.10/site-packages/torch/distributed/fsdp/_state_dict_utils.py:701: UserWarning: When using ``NO_SHARD`` for ``ShardingStrategy``, full_state_dict will be returned.
[36m(WorkerDict pid=512966)[0m   warnings.warn(
[36m(WorkerDict pid=512966)[0m INFO:2026-08-15 10:21:11,754:update_weights done, time cost: 0.47s
[36m(TaskRunner pid=512569)[0m Training Progress:   0%|          | 0/10 [00:00<?, ?it/s]
[36m(AgentLoopWorker pid=514843)[0m You're using a Qwen2TokenizerFast tokenizer. Please note that with a fast tokenizer, using the `__call__` method is faster than using a method to encode the text followed by a call to the `pad` method to get a padded encoding.
[36m(WorkerDict pid=512966)[0m INFO:2026-08-15 10:22:10,627:update_weights done, time cost: 0.57s
[36m(AgentLoopWorker pid=514840)[0m You're using a Qwen2TokenizerFast tokenizer. Please note that with a fast tokenizer, using the `__call__` method is faster than using a method to encode the text followed by a call to the `pad` method to get a padded encoding.[32m [repeated 7x across cluster][0m
[36m(TaskRunner pid=512569)[0m Training Progress:  10%|█         | 1/10 [00:58<08:50, 58.91s/it]
[36m(WorkerDict pid=512966)[0m INFO:2026-08-15 10:22:28,887:update_weights done, time cost: 0.62s
[36m(TaskRunner pid=512569)[0m Training Progress:  20%|██        | 2/10 [01:17<04:40, 35.03s/it]
[36m(WorkerDict pid=512966)[0m INFO:2026-08-15 10:22:46,959:update_weights done, time cost: 0.54s
[36m(TaskRunner pid=512569)[0m Training Progress:  30%|███       | 3/10 [01:35<03:10, 27.25s/it]
[36m(WorkerDict pid=512966)[0m INFO:2026-08-15 10:23:04,662:update_weights done, time cost: 0.54s
[36m(TaskRunner pid=512569)[0m Training Progress:  40%|████      | 4/10 [01:52<02:20, 23.48s/it]
[36m(WorkerDict pid=512966)[0m INFO:2026-08-15 10:23:22,300:update_weights done, time cost: 0.51s
[36m(TaskRunner pid=512569)[0m Training Progress:  50%|█████     | 5/10 [02:10<01:46, 21.37s/it]
[36m(WorkerDict pid=512966)[0m INFO:2026-08-15 10:23:40,782:update_weights done, time cost: 0.56s
[36m(TaskRunner pid=512569)[0m Training Progress:  60%|██████    | 6/10 [02:29<01:21, 20.40s/it]
[36m(WorkerDict pid=512966)[0m INFO:2026-08-15 10:23:58,668:update_weights done, time cost: 0.55s
[36m(TaskRunner pid=512569)[0m Training Progress:  70%|███████   | 7/10 [02:46<00:58, 19.58s/it]
[36m(WorkerDict pid=512966)[0m INFO:2026-08-15 10:24:16,745:update_weights done, time cost: 0.56s
[36m(TaskRunner pid=512569)[0m Training Progress:  80%|████████  | 8/10 [03:05<00:38, 19.09s/it]
[36m(WorkerDict pid=512966)[0m INFO:2026-08-15 10:24:35,068:update_weights done, time cost: 0.54s
[36m(TaskRunner pid=512569)[0m Training Progress:  90%|█████████ | 9/10 [03:23<00:18, 18.85s/it]
[36m(WorkerDict pid=512966)[0m INFO:2026-08-15 10:24:57,191:[Rank 0] Saved model to /tmp/grpo_countdown_grpo_countdown_manual10_qwen25_15b_instruct/global_step_10/actor/model_world_size_1_rank_0.pt
[36m(WorkerDict pid=512966)[0m INFO:2026-08-15 10:25:05,932:[Rank 0] Saved optim to /tmp/grpo_countdown_grpo_countdown_manual10_qwen25_15b_instruct/global_step_10/actor/optim_world_size_1_rank_0.pt
[36m(WorkerDict pid=512966)[0m INFO:2026-08-15 10:25:05,933:[Rank 0] Saved extra_state to /tmp/grpo_countdown_grpo_countdown_manual10_qwen25_15b_instruct/global_step_10/actor/extra_state_world_size_1_rank_0.pt
[36m(WorkerDict pid=512966)[0m INFO:2026-08-15 10:25:06,028:[Rank 0] Saved model config and tokenizer class to /tmp/grpo_countdown_grpo_countdown_manual10_qwen25_15b_instruct/global_step_10/actor/huggingface
[36m(WorkerDict pid=512966)[0m INFO:2026-08-15 10:25:06,629:update_weights done, time cost: 0.55s
[36m(TaskRunner pid=512569)[0m  'global_profiler': {'_target_': 'verl.utils.profiler.ProfilerConfig',
[36m(TaskRunner pid=512569)[0m                      'global_tool_config': {'nsys': {'_target_': 'verl.utils.profiler.config.NsightToolConfig',
[36m(TaskRunner pid=512569)[0m                                                      'controller_nsight_options': {'cuda-graph-trace': 'graph',
[36m(TaskRunner pid=512569)[0m                                                                                    'cuda-memory-usage': 'true',
[36m(TaskRunner pid=512569)[0m                                                                                    'trace': 'cuda,nvtx,cublas,ucx'},
[36m(TaskRunner pid=512569)[0m                                                      'discrete': False,
[36m(TaskRunner pid=512569)[0m                                                      'worker_nsight_options': {'capture-range': 'cudaProfilerApi',
[36m(TaskRunner pid=512569)[0m                                                                                'capture-range-end': None,
[36m(TaskRunner pid=512569)[0m                                                                                'cuda-graph-trace': 'graph',
[36m(TaskRunner pid=512569)[0m                                                                                'cuda-memory-usage': 'true',
[36m(TaskRunner pid=512569)[0m                                                                                'kill': 'none',
[36m(TaskRunner pid=512569)[0m                                                                                'trace': 'cuda,nvtx,cublas,ucx'}},
[36m(TaskRunner pid=512569)[0m                                             'precision_debugger': {'_target_': 'verl.utils.profiler.config.PrecisionDebuggerToolConfig',
[36m(TaskRunner pid=512569)[0m                                                                    'config_path': None,
[36m(TaskRunner pid=512569)[0m                                                                    'stages': None,
[36m(TaskRunner pid=512569)[0m                                                                    'steps': None,
[36m(TaskRunner pid=512569)[0m                                                                    'strict': False},
[36m(TaskRunner pid=512569)[0m                                             'torch_memory': {'context': 'all',
[36m(TaskRunner pid=512569)[0m                                                              'kw_args': {},
[36m(TaskRunner pid=512569)[0m                                                              'stack_depth': 32,
[36m(TaskRunner pid=512569)[0m                                                              'stacks': 'all',
[36m(TaskRunner pid=512569)[0m                                                              'trace_alloc_max_entries': 100000}},
[36m(TaskRunner pid=512569)[0m                      'profile_continuous_steps': False,
[36m(TaskRunner pid=512569)[0m                      'save_path': 'outputs/profile',
[36m(TaskRunner pid=512569)[0m                      'steps': None,
[36m(TaskRunner pid=512569)[0m                      'tool': None},
[36m(TaskRunner pid=512569)[0m  'model_engine': 'dp',
[36m(TaskRunner pid=512569)[0m  'ray_kwargs': {'ray_init': {'num_cpus': None}, 'timeline_json_file': None},
[36m(TaskRunner pid=512569)[0m  'reward': {'_target_': 'verl.workers.config.RewardConfig',
[36m(TaskRunner pid=512569)[0m             'custom_reward_function': {'name': 'compute_score',
[36m(TaskRunner pid=512569)[0m                                        'path': 'axis_probe/grpo/reward_countdown.py'},
[36m(TaskRunner pid=512569)[0m             'num_workers': 8,
[36m(TaskRunner pid=512569)[0m             'reward_manager': {'_target_': 'verl.workers.config.reward.RewardManagerConfig',
[36m(TaskRunner pid=512569)[0m                                'module': {'_target_': 'verl.trainer.config.config.ModuleConfig',
[36m(TaskRunner pid=512569)[0m                                           'name': 'custom_reward_manager',
[36m(TaskRunner pid=512569)[0m                                           'path': None},
[36m(TaskRunner pid=512569)[0m                                'name': 'naive',
[36m(TaskRunner pid=512569)[0m                                'source': 'register'},
[36m(TaskRunner pid=512569)[0m             'reward_model': {'_target_': 'verl.workers.config.RewardModelConfig',
[36m(TaskRunner pid=512569)[0m                              'enable': False,
[36m(TaskRunner pid=512569)[0m                              'enable_resource_pool': False,
[36m(TaskRunner pid=512569)[0m                              'model_path': None,
[36m(TaskRunner pid=512569)[0m                              'n_gpus_per_node': 8,
[36m(TaskRunner pid=512569)[0m                              'nnodes': 0,
[36m(TaskRunner pid=512569)[0m                              'rollout': {'_target_': 'verl.workers.config.RolloutConfig',
[36m(TaskRunner pid=512569)[0m                                          'cudagraph_capture_sizes': None,
[36m(TaskRunner pid=512569)[0m                                          'data_parallel_size': 1,
[36m(TaskRunner pid=512569)[0m                                          'disable_log_stats': True,
[36m(TaskRunner pid=512569)[0m                                          'disaggregation': {'bootstrap_port': None,
[36m(TaskRunner pid=512569)[0m                                                             'decode_replicas': 1,
[36m(TaskRunner pid=512569)[0m                                                             'decode_tensor_model_parallel_size': None,
[36m(TaskRunner pid=512569)[0m                                                             'enabled': False,
[36m(TaskRunner pid=512569)[0m                                                             'ib_device': None,
[36m(TaskRunner pid=512569)[0m                                                             'prefill_replicas': 1,
[36m(TaskRunner pid=512569)[0m                                                             'transfer_backend': 'nixl'},
[36m(TaskRunner pid=512569)[0m                                          'do_sample': True,
[36m(TaskRunner pid=512569)[0m                                          'dtype': 'bfloat16',
[36m(TaskRunner pid=512569)[0m                                          'enable_chunked_prefill': True,
[36m(TaskRunner pid=512569)[0m                                          'enable_prefix_caching': True,
[36m(TaskRunner pid=512569)[0m                                          'enforce_eager': True,
[36m(TaskRunner pid=512569)[0m                                          'engine_kwargs': {},
[36m(TaskRunner pid=512569)[0m                                          'expert_parallel_size': 1,
[36m(TaskRunner pid=512569)[0m                                          'free_cache_engine': True,
[36m(TaskRunner pid=512569)[0m                                          'gpu_memory_utilization': 0.5,
[36m(TaskRunner pid=512569)[0m                                          'ignore_eos': False,
[36m(TaskRunner pid=512569)[0m                                          'layered_summon': False,
[36m(TaskRunner pid=512569)[0m                                          'limit_images': None,
[36m(TaskRunner pid=512569)[0m                                          'load_format': 'auto',
[36m(TaskRunner pid=512569)[0m                                          'max_model_len': None,
[36m(TaskRunner pid=512569)[0m                                          'max_num_batched_tokens': 8192,
[36m(TaskRunner pid=512569)[0m                                          'max_num_seqs': 1024,
[36m(TaskRunner pid=512569)[0m                                          'mtp': None,
[36m(TaskRunner pid=512569)[0m                                          'multi_stage_wake_up': False,
[36m(TaskRunner pid=512569)[0m                                          'n': 1,
[36m(TaskRunner pid=512569)[0m                                          'name': '???',
[36m(TaskRunner pid=512569)[0m                                          'pipeline_model_parallel_size': 1,
[36m(TaskRunner pid=512569)[0m                                          'prompt_length': 2048,
[36m(TaskRunner pid=512569)[0m                                          'quantization': None,
[36m(TaskRunner pid=512569)[0m                                          'quantization_config_file': None,
[36m(TaskRunner pid=512569)[0m                                          'response_length': 2048,
[36m(TaskRunner pid=512569)[0m                                          'scheduling_policy': 'fcfs',
[36m(TaskRunner pid=512569)[0m                                          'skip_tokenizer_init': False,
[36m(TaskRunner pid=512569)[0m                                          'temperature': 1.0,
[36m(TaskRunner pid=512569)[0m                                          'tensor_model_parallel_size': 2,
[36m(TaskRunner pid=512569)[0m                                          'top_k': -1,
[36m(TaskRunner pid=512569)[0m                                          'top_p': 1}},
[36m(TaskRunner pid=512569)[0m             'sandbox_fusion': {'_target_': 'verl.workers.config.SandboxFusionConfig',
[36m(TaskRunner pid=512569)[0m                                'max_concurrent': 64,
[36m(TaskRunner pid=512569)[0m                                'memory_limit_mb': 1024,
[36m(TaskRunner pid=512569)[0m                                'url': None}},
[36m(TaskRunner pid=512569)[0m  'trainer': {'balance_batch': True,
[36m(TaskRunner pid=512569)[0m              'critic_warmup': 0,
[36m(TaskRunner pid=512569)[0m              'default_hdfs_dir': None,
[36m(TaskRunner pid=512569)[0m              'default_local_dir': '/tmp/grpo_countdown_grpo_countdown_manual10_qwen25_15b_instruct',
[36m(TaskRunner pid=512569)[0m              'del_local_ckpt_after_load': False,
[36m(TaskRunner pid=512569)[0m              'device': 'cuda',
[36m(TaskRunner pid=512569)[0m              'esi_redundant_time': 0,
[36m(TaskRunner pid=512569)[0m              'experiment_name': 'gsm8k',
[36m(TaskRunner pid=512569)[0m              'log_val_generations': 0,
[36m(TaskRunner pid=512569)[0m              'logger': ['console'],
[36m(TaskRunner pid=512569)[0m              'max_actor_ckpt_to_keep': None,
[36m(TaskRunner pid=512569)[0m              'max_critic_ckpt_to_keep': None,
[36m(TaskRunner pid=512569)[0m              'n_gpus_per_node': 1,
[36m(TaskRunner pid=512569)[0m              'nnodes': 1,
[36m(TaskRunner pid=512569)[0m              'project_name': 'verl_examples',
[36m(TaskRunner pid=512569)[0m              'ray_wait_register_center_timeout': 300,
[36m(TaskRunner pid=512569)[0m              'resume_from_path': None,
[36m(TaskRunner pid=512569)[0m              'resume_mode': 'auto',
[36m(TaskRunner pid=512569)[0m              'rollout_data_dir': None,
[36m(TaskRunner pid=512569)[0m              'save_freq': 10,
[36m(TaskRunner pid=512569)[0m              'test_freq': -1,
[36m(TaskRunner pid=512569)[0m              'total_epochs': 1000,
[36m(TaskRunner pid=512569)[0m              'total_training_steps': 10,
[36m(TaskRunner pid=512569)[0m              'val_before_train': False,
[36m(TaskRunner pid=512569)[0m              'val_only': False,
[36m(TaskRunner pid=512569)[0m              'validation_data_dir': None},
[36m(TaskRunner pid=512569)[0m  'transfer_queue': {'backend': {'MooncakeStore': {'auto_init': False,
[36m(TaskRunner pid=512569)[0m                                                   'device_name': '',
[36m(TaskRunner pid=512569)[0m                                                   'global_segment_size': 4294967296,
[36m(TaskRunner pid=512569)[0m                                                   'local_buffer_size': 1073741824,
[36m(TaskRunner pid=512569)[0m                                                   'local_hostname': 'localhost',
[36m(TaskRunner pid=512569)[0m                                                   'master_server_address': 'localhost:50124',
[36m(TaskRunner pid=512569)[0m                                                   'metadata_server': 'localhost:50123',
[36m(TaskRunner pid=512569)[0m                                                   'protocol': 'tcp'},
[36m(TaskRunner pid=512569)[0m                                 'SimpleStorage': {'num_data_storage_units': 8,
[36m(TaskRunner pid=512569)[0m                                                   'total_storage_size': 100000},
[36m(TaskRunner pid=512569)[0m                                 'storage_backend': 'SimpleStorage'},
[36m(TaskRunner pid=512569)[0m                     'enable': False,
[36m(TaskRunner pid=512569)[0m                     'metrics': {'enabled': False, 'port': 0}}}
[36m(TaskRunner pid=512569)[0m [validate_config] All configuration checks passed successfully!
[36m(TaskRunner pid=512569)[0m Using dataset class: RLHFDataset
[36m(TaskRunner pid=512569)[0m dataset len: 1900
[36m(TaskRunner pid=512569)[0m filter dataset len: 1900
[36m(TaskRunner pid=512569)[0m Using dataset class: RLHFDataset
[36m(TaskRunner pid=512569)[0m dataset len: 300
[36m(TaskRunner pid=512569)[0m filter dataset len: 300
[36m(TaskRunner pid=512569)[0m Size of train dataloader: 118, Size of val dataloader: 1
[36m(TaskRunner pid=512569)[0m Total training steps: 10
[36m(TaskRunner pid=512569)[0m colocated worker base class <class 'verl.single_controller.base.worker.Worker'>
[36m(WorkerDict pid=512966)[0m [Gloo] Rank 0 is connected to 0 peer ranks. Expected number of connected peer ranks is : 0
[36m(WorkerDict pid=512966)[0m Warning: Failed to set NUMA affinity: libnuma.so: cannot open shared object file: No such file or directory
[36m(WorkerDict pid=512966)[0m Monkey patch _flash_attention_forward in transformers.integrations.flash_attention
[36m(WorkerDict pid=512966)[0m Skipping monkey patch for Qwen2ForCausalLM as use_fused_kernels is False or fused_kernels_backend is torch
[36m(WorkerDict pid=512966)[0m Qwen2ForCausalLM contains 1.54B parameters
[36m(WorkerDict pid=512966)[0m Before FSDP, memory allocated (GB): 0.00, memory reserved (GB): 0.00, device memory used/total (GB): 0.51/139.80
[36m(WorkerDict pid=512966)[0m After FSDP, memory allocated (GB): 5.75, memory reserved (GB): 6.86, device memory used/total (GB): 8.01/139.80
[36m(WorkerDict pid=512966)[0m Warning: Failed to set NUMA affinity: libnuma.so: cannot open shared object file: No such file or directory
[36m(WorkerDict pid=512966)[0m Monkey patch _flash_attention_forward in transformers.integrations.flash_attention
[36m(WorkerDict pid=512966)[0m Skipping monkey patch for Qwen2ForCausalLM as use_fused_kernels is False or fused_kernels_backend is torch
[36m(WorkerDict pid=512966)[0m Qwen2ForCausalLM contains 1.54B parameters
[36m(WorkerDict pid=512966)[0m Before FSDP, memory allocated (GB): 5.75, memory reserved (GB): 6.86, device memory used/total (GB): 8.01/139.80
[36m(WorkerDict pid=512966)[0m After FSDP, memory allocated (GB): 11.50, memory reserved (GB): 12.82, device memory used/total (GB): 13.97/139.80
[36m(WorkerDict pid=512966)[0m Total steps: 10, num_warmup_steps: 0
[36m(WorkerDict pid=512966)[0m NCCL version 2.27.3+cuda12.9
[36m(WorkerDict pid=512966)[0m [Gloo] Rank 0 is connected to 0 peer ranks. Expected number of connected peer ranks is : 0
[36m(WorkerDict pid=512966)[0m [Gloo] Rank 0 is connected to 0 peer ranks. Expected number of connected peer ranks is : 0
[36m(WorkerDict pid=512966)[0m [Gloo] Rank 0 is connected to 0 peer ranks. Expected number of connected peer ranks is : 0
[36m(TaskRunner pid=512569)[0m WARNING 08-15 10:19:44 [api_server.py:1213] LoRA dynamic loading & unloading is enabled in the API server. This should ONLY be used for local development!
[36m(pid=513785)[0m WARNING 08-15 10:20:09 [api_server.py:1213] LoRA dynamic loading & unloading is enabled in the API server. This should ONLY be used for local development!
[36m(vLLMHttpServer pid=513785)[0m ['serve',
[36m(vLLMHttpServer pid=513785)[0m  '/tmp/rawtmpl_Qwen2.5-1.5B-Instruct',
[36m(vLLMHttpServer pid=513785)[0m  '--dtype',
[36m(vLLMHttpServer pid=513785)[0m  'bfloat16',
[36m(vLLMHttpServer pid=513785)[0m  '--load_format',
[36m(vLLMHttpServer pid=513785)[0m  'dummy',
[36m(vLLMHttpServer pid=513785)[0m  '--distributed_executor_backend',
[36m(vLLMHttpServer pid=513785)[0m  'mp',
[36m(vLLMHttpServer pid=513785)[0m  '--worker_extension_cls',
[36m(vLLMHttpServer pid=513785)[0m  'verl.workers.rollout.vllm_rollout.utils.vLLMColocateWorkerExtension',
[36m(vLLMHttpServer pid=513785)[0m  '--max_model_len',
[36m(vLLMHttpServer pid=513785)[0m  '32768',
[36m(vLLMHttpServer pid=513785)[0m  '--max_num_seqs',
[36m(vLLMHttpServer pid=513785)[0m  '1024',
[36m(vLLMHttpServer pid=513785)[0m  '--enable_chunked_prefill',
[36m(vLLMHttpServer pid=513785)[0m  '--max_num_batched_tokens',
[36m(vLLMHttpServer pid=513785)[0m  '8192',
[36m(vLLMHttpServer pid=513785)[0m  '--enable_prefix_caching',
[36m(vLLMHttpServer pid=513785)[0m  '--enable_sleep_mode',
[36m(vLLMHttpServer pid=513785)[0m  '--logprobs_mode',
[36m(vLLMHttpServer pid=513785)[0m  'processed_logprobs',
[36m(vLLMHttpServer pid=513785)[0m  '--gpu_memory_utilization',
[36m(vLLMHttpServer pid=513785)[0m  '0.5',
[36m(vLLMHttpServer pid=513785)[0m  '--disable_log_stats',
[36m(vLLMHttpServer pid=513785)[0m  '--tensor_parallel_size',
[36m(vLLMHttpServer pid=513785)[0m  '1',
[36m(vLLMHttpServer pid=513785)[0m  '--seed',
[36m(vLLMHttpServer pid=513785)[0m  '0',
[36m(vLLMHttpServer pid=513785)[0m  '--override_generation_config',
[36m(vLLMHttpServer pid=513785)[0m  '{"temperature": 1.0, "top_k": -1, "top_p": 1, "repetition_penalty": 1.0, '
[36m(vLLMHttpServer pid=513785)[0m  '"max_new_tokens": 2048}',
[36m(vLLMHttpServer pid=513785)[0m  '--hf_overrides',
[36m(vLLMHttpServer pid=513785)[0m  '{}',
[36m(vLLMHttpServer pid=513785)[0m  '--scheduling_policy',
[36m(vLLMHttpServer pid=513785)[0m  'fcfs',
[36m(vLLMHttpServer pid=513785)[0m  '--compilation_config',
[36m(vLLMHttpServer pid=513785)[0m  '{"cudagraph_mode": "FULL_AND_PIECEWISE"}']
[36m(vLLMHttpServer pid=513785)[0m WARNING 08-15 10:20:10 [__init__.py:3036] We must use the `spawn` multiprocessing start method. Overriding VLLM_WORKER_MULTIPROC_METHOD to 'spawn'. See https://docs.vllm.ai/en/latest/usage/troubleshooting.html#python-multiprocessing for more information. Reasons: In a Ray actor and can only be spawned; CUDA is initialized
[36m(vLLMHttpServer pid=513785)[0m [Gloo] Rank 0 is connected to 0 peer ranks. Expected number of connected peer ranks is : 0
[36m(vLLMHttpServer pid=513785)[0m [Gloo] Rank 0 is connected to 0 peer ranks. Expected number of connected peer ranks is : 0
[36m(vLLMHttpServer pid=513785)[0m [Gloo] Rank 0 is connected to 0 peer ranks. Expected number of connected peer ranks is : 0
[36m(vLLMHttpServer pid=513785)[0m [Gloo] Rank 0 is connected to 0 peer ranks. Expected number of connected peer ranks is : 0
[36m(vLLMHttpServer pid=513785)[0m [Gloo] Rank 0 is connected to 0 peer ranks. Expected number of connected peer ranks is : 0
[36m(vLLMHttpServer pid=513785)[0m [Gloo] Rank 0 is connected to 0 peer ranks. Expected number of connected peer ranks is : 0
[36m(vLLMHttpServer pid=513785)[0m WARNING 08-15 10:21:09 [model.py:1389] Default sampling parameters have been overridden by the model's Hugging Face generation config recommended from the model creator. If this is not intended, please relaunch vLLM instance with `--generation-config vllm`.
[36m(TaskRunner pid=512569)[0m LLMServerManager: ['10.233.74.156:43239']
[36m(TaskRunner pid=512569)[0m Checkpoint tracker file does not exist: /tmp/grpo_countdown_grpo_countdown_manual10_qwen25_15b_instruct/latest_checkpointed_iteration.txt
[36m(TaskRunner pid=512569)[0m Training from scratch
[36m(WorkerDict pid=512966)[0m WARNING 08-15 10:21:11 [api_server.py:1213] LoRA dynamic loading & unloading is enabled in the API server. This should ONLY be used for local development!
[36m(AgentLoopWorker pid=514839)[0m Using dataset class: RLHFDataset
[36m(GlobalRequestLoadBalancer pid=514841)[0m WARNING 08-15 10:21:36 [api_server.py:1213] LoRA dynamic loading & unloading is enabled in the API server. This should ONLY be used for local development!
[36m(AgentLoopWorker pid=514834)[0m Using dataset class: RLHFDataset[32m [repeated 7x across cluster] (Ray deduplicates logs by default. Set RAY_DEDUP_LOGS=0 to disable log deduplication, or see https://docs.ray.io/en/master/ray-observability/user-guides/configure-logging.html#log-deduplication for more options.)[0m
[36m(AgentLoopWorker pid=514839)[0m WARNING 08-15 10:21:43 [api_server.py:1213] LoRA dynamic loading & unloading is enabled in the API server. This should ONLY be used for local development!
[36m(AgentLoopWorker pid=514837)[0m WARNING 08-15 10:21:43 [api_server.py:1213] LoRA dynamic loading & unloading is enabled in the API server. This should ONLY be used for local development!
[36m(TaskRunner pid=512569)[0m step:1 - global_seqlen/min:104035 - global_seqlen/max:104035 - global_seqlen/minmax_diff:0 - global_seqlen/balanced_min:104035 - global_seqlen/balanced_max:104035 - global_seqlen/mean:104035.0 - actor/entropy:1.7032859325408936 - perf/mfu/actor_infer:0.07110401499574426 - actor/pg_clipfrac:0.0 - actor/ppo_kl:0.0 - actor/pg_clipfrac_lower:0.0 - actor/pg_loss:0.0180551020312123 - actor/kl_loss:0.0 - actor/kl_coef:0.001 - actor/loss:0.018055101856589317 - actor/grad_norm:0.07634304463863373 - actor/lr:1e-06 - actor/perf/max_memory_allocated_gb:32.82885980606079 - actor/perf/max_memory_reserved_gb:40.083984375 - actor/perf/cpu_memory_used_gb:21.504745483398438 - perf/mfu/actor:0.2478220606967197 - training/global_step:1 - training/epoch:0 - critic/score/mean:0.0078125 - critic/score/max:1.0 - critic/score/min:0.0 - critic/rewards/mean:0.0078125 - critic/rewards/max:1.0 - critic/rewards/min:0.0 - critic/advantages/mean:-0.018055103719234467 - critic/advantages/max:2.4748666286468506 - critic/advantages/min:-0.35355237126350403 - critic/returns/mean:-0.018055103719234467 - critic/returns/max:2.4748666286468506 - critic/returns/min:-0.35355237126350403 - response_length/mean:689.6484375 - response_length/max:2048.0 - response_length/min:53.0 - response_length/clip_ratio:0.171875 - response_length_non_aborted/mean:689.6484375 - response_length_non_aborted/max:2048.0 - response_length_non_aborted/min:53.0 - response_length_non_aborted/clip_ratio:0.171875 - response/aborted_ratio:0.0 - prompt_length/mean:123.125 - prompt_length/max:125.0 - prompt_length/min:122.0 - prompt_length/clip_ratio:0.0 - num_turns/min:2 - num_turns/max:2 - num_turns/mean:2.0 - timing_s/start_profile:0.00022421777248382568 - timing_s/agent_loop/num_preempted/min:-1 - timing_s/agent_loop/num_preempted/max:-1 - timing_s/agent_loop/num_preempted/mean:-1.0 - timing_s/agent_loop/generate_sequences/min:14.166336193680763 - timing_s/agent_loop/generate_sequences/max:21.120623230934143 - timing_s/agent_loop/generate_sequences/mean:16.524483484914526 - timing_s/agent_loop/tool_calls/min:0.0 - timing_s/agent_loop/tool_calls/max:0.0 - timing_s/agent_loop/tool_calls/mean:0.0 - timing_s/agent_loop/compute_score/min:0.004471932537853718 - timing_s/agent_loop/compute_score/max:0.02738603949546814 - timing_s/agent_loop/compute_score/mean:0.009393604690558277 - timing_s/agent_loop/slowest/generate_sequences:21.11229997780174 - timing_s/agent_loop/slowest/tool_calls:0.0 - timing_s/agent_loop/slowest/compute_score:0.02005285769701004 - timing_s/agent_loop/slowest/num_preempted:-1 - timing_s/agent_loop/slowest/prompt_length:125 - timing_s/agent_loop/slowest/response_length:2048 - timing_s/gen:39.50283249467611 - timing_s/reward:2.5519169867038727e-05 - timing_s/old_log_prob:5.63579841889441 - timing_s/ref:7.723123089410365 - timing_s/adv:0.003887368366122246 - timing_s/update_actor:4.836420816369355 - timing_s/update_weights:1.0130988545715809 - timing_s/step:58.77305866032839 - timing_s/stop_profile:7.446855306625366e-05 - timing_per_token_ms/gen:0.44749739444549547 - timing_per_token_ms/update_actor:0.04648840117623256 - timing_per_token_ms/ref:0.07423581572942149 - timing_per_token_ms/adv:3.736596689693128e-05 - perf/total_num_tokens:104035 - perf/time_per_step:58.77305866032839 - perf/throughput:1770.113762519276
[36m(AgentLoopWorker pid=514836)[0m WARNING 08-15 10:21:43 [api_server.py:1213] LoRA dynamic loading & unloading is enabled in the API server. This should ONLY be used for local development![32m [repeated 6x across cluster][0m
[36m(TaskRunner pid=512569)[0m step:2 - global_seqlen/min:113166 - global_seqlen/max:113166 - global_seqlen/minmax_diff:0 - global_seqlen/balanced_min:113166 - global_seqlen/balanced_max:113166 - global_seqlen/mean:113166.0 - actor/entropy:1.4641073942184448 - perf/mfu/actor_infer:0.3037087572578656 - actor/pg_clipfrac:0.0 - actor/ppo_kl:0.0 - actor/pg_clipfrac_lower:0.0 - actor/pg_loss:0.011206760129425675 - actor/kl_loss:0.0007503947822442569 - actor/kl_coef:0.001 - actor/loss:0.011207511648535728 - actor/grad_norm:0.10921767354011536 - actor/lr:1e-06 - actor/perf/max_memory_allocated_gb:44.34268522262573 - actor/perf/max_memory_reserved_gb:48.513671875 - actor/perf/cpu_memory_used_gb:21.579570770263672 - perf/mfu/actor:0.2647294947627971 - training/global_step:2 - training/epoch:0 - critic/score/mean:0.015625 - critic/score/max:1.0 - critic/score/min:0.0 - critic/rewards/mean:0.015625 - critic/rewards/max:1.0 - critic/rewards/min:0.0 - critic/advantages/mean:-0.011206758208572865 - critic/advantages/max:2.4748666286468506 - critic/advantages/min:-0.35355237126350403 - critic/returns/mean:-0.011206758208572865 - critic/returns/max:2.4748666286468506 - critic/returns/min:-0.35355237126350403 - response_length/mean:760.359375 - response_length/max:2048.0 - response_length/min:51.0 - response_length/clip_ratio:0.1953125 - response_length_non_aborted/mean:760.359375 - response_length_non_aborted/max:2048.0 - response_length_non_aborted/min:51.0 - response_length_non_aborted/clip_ratio:0.1953125 - response/aborted_ratio:0.0 - prompt_length/mean:123.75 - prompt_length/max:126.0 - prompt_length/min:122.0 - prompt_length/clip_ratio:0.0 - num_turns/min:2 - num_turns/max:2 - num_turns/mean:2.0 - timing_s/start_profile:0.00017500761896371841 - timing_s/agent_loop/num_preempted/min:-1 - timing_s/agent_loop/num_preempted/max:-1 - timing_s/agent_loop/num_preempted/mean:-1.0 - timing_s/agent_loop/generate_sequences/min:0.31859399657696486 - timing_s/agent_loop/generate_sequences/max:7.456661514937878 - timing_s/agent_loop/generate_sequences/mean:2.961225195474981 - timing_s/agent_loop/tool_calls/min:0.0 - timing_s/agent_loop/tool_calls/max:0.0 - timing_s/agent_loop/tool_calls/mean:0.0 - timing_s/agent_loop/compute_score/min:0.004155966453254223 - timing_s/agent_loop/compute_score/max:0.028435579501092434 - timing_s/agent_loop/compute_score/mean:0.007427045740769245 - timing_s/agent_loop/slowest/generate_sequences:7.441421086899936 - timing_s/agent_loop/slowest/tool_calls:0.0 - timing_s/agent_loop/slowest/compute_score:0.0211459556594491 - timing_s/agent_loop/slowest/num_preempted:-1 - timing_s/agent_loop/slowest/prompt_length:125 - timing_s/agent_loop/slowest/response_length:2048 - timing_s/gen:8.10501508321613 - timing_s/reward:1.6079284250736237e-05 - timing_s/old_log_prob:1.4881895408034325 - timing_s/ref:2.603438990190625 - timing_s/adv:0.0025978218764066696 - timing_s/update_actor:4.927672920748591 - timing_s/update_weights:1.12708711437881 - timing_s/step:18.30901618115604 - timing_s/stop_profile:8.357875049114227e-05 - timing_per_token_ms/gen:0.0832769772025577 - timing_per_token_ms/update_actor:0.04354375802580803 - timing_per_token_ms/ref:0.023005487427236317 - timing_per_token_ms/adv:2.2955851372379246e-05 - perf/total_num_tokens:113166 - perf/time_per_step:18.30901618115604 - perf/throughput:6180.889179423656
[36m(TaskRunner pid=512569)[0m step:3 - global_seqlen/min:114448 - global_seqlen/max:114448 - global_seqlen/minmax_diff:0 - global_seqlen/balanced_min:114448 - global_seqlen/balanced_max:114448 - global_seqlen/mean:114448.0 - actor/entropy:1.8254865407943726 - perf/mfu/actor_infer:0.3115378890111292 - actor/pg_clipfrac:0.0 - actor/ppo_kl:0.0 - actor/pg_clipfrac_lower:0.0 - actor/pg_loss:0.03452312349691056 - actor/kl_loss:0.0008390226303163217 - actor/kl_coef:0.001 - actor/loss:0.034523963928222656 - actor/grad_norm:0.13043318688869476 - actor/lr:1e-06 - actor/perf/max_memory_allocated_gb:44.35737705230713 - actor/perf/max_memory_reserved_gb:55.974609375 - actor/perf/cpu_memory_used_gb:21.62552261352539 - perf/mfu/actor:0.2669775954202596 - training/global_step:3 - training/epoch:0 - critic/score/mean:0.015625 - critic/score/max:1.0 - critic/score/min:0.0 - critic/rewards/mean:0.015625 - critic/rewards/max:1.0 - critic/rewards/min:0.0 - critic/advantages/mean:-0.034523122012615204 - critic/advantages/max:2.4748666286468506 - critic/advantages/min:-0.35355237126350403 - critic/returns/mean:-0.034523122012615204 - critic/returns/max:2.4748666286468506 - critic/returns/min:-0.35355237126350403 - response_length/mean:769.4375 - response_length/max:2048.0 - response_length/min:63.0 - response_length/clip_ratio:0.1953125 - response_length_non_aborted/mean:769.4375 - response_length_non_aborted/max:2048.0 - response_length_non_aborted/min:63.0 - response_length_non_aborted/clip_ratio:0.1953125 - response/aborted_ratio:0.0 - prompt_length/mean:124.6875 - prompt_length/max:138.0 - prompt_length/min:122.0 - prompt_length/clip_ratio:0.0 - num_turns/min:2 - num_turns/max:2 - num_turns/mean:2.0 - timing_s/start_profile:7.301848381757736e-05 - timing_s/agent_loop/num_preempted/min:-1 - timing_s/agent_loop/num_preempted/max:-1 - timing_s/agent_loop/num_preempted/mean:-1.0 - timing_s/agent_loop/generate_sequences/min:0.3774555157870054 - timing_s/agent_loop/generate_sequences/max:7.386870876885951 - timing_s/agent_loop/generate_sequences/mean:2.981237557498389 - timing_s/agent_loop/tool_calls/min:0.0 - timing_s/agent_loop/tool_calls/max:0.0 - timing_s/agent_loop/tool_calls/mean:0.0 - timing_s/agent_loop/compute_score/min:0.004274624399840832 - timing_s/agent_loop/compute_score/max:0.021188685670495033 - timing_s/agent_loop/compute_score/mean:0.007094022883393336 - timing_s/agent_loop/slowest/generate_sequences:7.386870876885951 - timing_s/agent_loop/slowest/tool_calls:0.0 - timing_s/agent_loop/slowest/compute_score:0.005906318314373493 - timing_s/agent_loop/slowest/num_preempted:-1 - timing_s/agent_loop/slowest/prompt_length:122 - timing_s/agent_loop/slowest/response_length:2048 - timing_s/gen:7.987263286486268 - timing_s/reward:2.382975071668625e-05 - timing_s/old_log_prob:1.4659672053530812 - timing_s/ref:2.5770990438759327 - timing_s/adv:0.003617941401898861 - timing_s/update_actor:4.938041750341654 - timing_s/update_weights:0.9606018038466573 - timing_s/step:17.983766278252006 - timing_s/stop_profile:8.840858936309814e-05 - timing_per_token_ms/gen:0.08109884743812716 - timing_per_token_ms/update_actor:0.04314659714753996 - timing_per_token_ms/ref:0.02251764158286674 - timing_per_token_ms/adv:3.1612098087331024e-05 - perf/total_num_tokens:114448 - perf/time_per_step:17.983766278252006 - perf/throughput:6363.961710201016
[36m(TaskRunner pid=512569)[0m step:4 - global_seqlen/min:109300 - global_seqlen/max:109300 - global_seqlen/minmax_diff:0 - global_seqlen/balanced_min:109300 - global_seqlen/balanced_max:109300 - global_seqlen/mean:109300.0 - actor/entropy:1.7885187864303589 - perf/mfu/actor_infer:0.30830067145781687 - actor/pg_clipfrac:0.0 - actor/ppo_kl:0.0 - actor/pg_clipfrac_lower:0.0 - actor/pg_loss:0.01507144424249418 - actor/kl_loss:0.0008618168935754511 - actor/kl_coef:0.001 - actor/loss:0.015072304755449295 - actor/grad_norm:0.16052857041358948 - actor/lr:1e-06 - actor/perf/max_memory_allocated_gb:44.35737705230713 - actor/perf/max_memory_reserved_gb:55.994140625 - actor/perf/cpu_memory_used_gb:21.643505096435547 - perf/mfu/actor:0.26345266124837385 - training/global_step:4 - training/epoch:0 - critic/score/mean:0.015625 - critic/score/max:1.0 - critic/score/min:0.0 - critic/rewards/mean:0.015625 - critic/rewards/max:1.0 - critic/rewards/min:0.0 - critic/advantages/mean:-0.01507144421339035 - critic/advantages/max:2.4748666286468506 - critic/advantages/min:-0.35355237126350403 - critic/returns/mean:-0.01507144421339035 - critic/returns/max:2.4748666286468506 - critic/returns/min:-0.35355237126350403 - response_length/mean:729.59375 - response_length/max:2048.0 - response_length/min:63.0 - response_length/clip_ratio:0.1875 - response_length_non_aborted/mean:729.59375 - response_length_non_aborted/max:2048.0 - response_length_non_aborted/min:63.0 - response_length_non_aborted/clip_ratio:0.1875 - response/aborted_ratio:0.0 - prompt_length/mean:124.3125 - prompt_length/max:126.0 - prompt_length/min:122.0 - prompt_length/clip_ratio:0.0 - num_turns/min:2 - num_turns/max:2 - num_turns/mean:2.0 - timing_s/start_profile:7.331836968660355e-05 - timing_s/agent_loop/num_preempted/min:-1 - timing_s/agent_loop/num_preempted/max:-1 - timing_s/agent_loop/num_preempted/mean:-1.0 - timing_s/agent_loop/generate_sequences/min:0.34659157507121563 - timing_s/agent_loop/generate_sequences/max:7.336420523002744 - timing_s/agent_loop/generate_sequences/mean:2.801894458454626 - timing_s/agent_loop/tool_calls/min:0.0 - timing_s/agent_loop/tool_calls/max:0.0 - timing_s/agent_loop/tool_calls/mean:0.0 - timing_s/agent_loop/compute_score/min:0.0034666545689105988 - timing_s/agent_loop/compute_score/max:0.020557663403451443 - timing_s/agent_loop/compute_score/mean:0.006114269264799077 - timing_s/agent_loop/slowest/generate_sequences:7.336420523002744 - timing_s/agent_loop/slowest/tool_calls:0.0 - timing_s/agent_loop/slowest/compute_score:0.007018236443400383 - timing_s/agent_loop/slowest/num_preempted:-1 - timing_s/agent_loop/slowest/prompt_length:125 - timing_s/agent_loop/slowest/response_length:2048 - timing_s/gen:7.911257724277675 - timing_s/reward:1.7070211470127106e-05 - timing_s/old_log_prob:1.4221891164779663 - timing_s/ref:2.557380836457014 - timing_s/adv:0.0035868212580680847 - timing_s/update_actor:4.791158168576658 - timing_s/update_weights:0.9604693595319986 - timing_s/step:17.695345696993172 - timing_s/stop_profile:7.81593844294548e-05 - timing_per_token_ms/gen:0.08471385750072466 - timing_per_token_ms/update_actor:0.04383493292384865 - timing_per_token_ms/ref:0.02339781186145484 - timing_per_token_ms/adv:3.281629696311148e-05 - perf/total_num_tokens:109300 - perf/time_per_step:17.695345696993172 - perf/throughput:6176.765454125741
[36m(TaskRunner pid=512569)[0m step:5 - global_seqlen/min:103361 - global_seqlen/max:103361 - global_seqlen/minmax_diff:0 - global_seqlen/balanced_min:103361 - global_seqlen/balanced_max:103361 - global_seqlen/mean:103361.0 - actor/entropy:1.5599483251571655 - perf/mfu/actor_infer:0.3051441883480492 - actor/pg_clipfrac:0.0 - actor/ppo_kl:0.0 - actor/pg_clipfrac_lower:0.0 - actor/pg_loss:-0.03986013346002437 - actor/kl_loss:0.0008165854519575078 - actor/kl_coef:0.001 - actor/loss:-0.03985931724309921 - actor/grad_norm:0.3012239634990692 - actor/lr:1e-06 - actor/perf/max_memory_allocated_gb:44.35737705230713 - actor/perf/max_memory_reserved_gb:55.994140625 - actor/perf/cpu_memory_used_gb:21.833995819091797 - perf/mfu/actor:0.2594272560319462 - training/global_step:5 - training/epoch:0 - critic/score/mean:0.0078125 - critic/score/max:1.0 - critic/score/min:0.0 - critic/rewards/mean:0.0078125 - critic/rewards/max:1.0 - critic/rewards/min:0.0 - critic/advantages/mean:0.03986012563109398 - critic/advantages/max:2.4748666286468506 - critic/advantages/min:-0.35355237126350403 - critic/returns/mean:0.03986012563109398 - critic/returns/max:2.4748666286468506 - critic/returns/min:-0.35355237126350403 - response_length/mean:684.5703125 - response_length/max:2048.0 - response_length/min:47.0 - response_length/clip_ratio:0.1875 - response_length_non_aborted/mean:684.5703125 - response_length_non_aborted/max:2048.0 - response_length_non_aborted/min:47.0 - response_length_non_aborted/clip_ratio:0.1875 - response/aborted_ratio:0.0 - prompt_length/mean:122.9375 - prompt_length/max:125.0 - prompt_length/min:122.0 - prompt_length/clip_ratio:0.0 - num_turns/min:2 - num_turns/max:2 - num_turns/mean:2.0 - timing_s/start_profile:7.535982877016068e-05 - timing_s/agent_loop/num_preempted/min:-1 - timing_s/agent_loop/num_preempted/max:-1 - timing_s/agent_loop/num_preempted/mean:-1.0 - timing_s/agent_loop/generate_sequences/min:0.26180571410804987 - timing_s/agent_loop/generate_sequences/max:7.23463995847851 - timing_s/agent_loop/generate_sequences/mean:2.600150599144399 - timing_s/agent_loop/tool_calls/min:0.0 - timing_s/agent_loop/tool_calls/max:0.0 - timing_s/agent_loop/tool_calls/mean:0.0 - timing_s/agent_loop/compute_score/min:0.004119416698813438 - timing_s/agent_loop/compute_score/max:0.01931295543909073 - timing_s/agent_loop/compute_score/mean:0.006513524123874959 - timing_s/agent_loop/slowest/generate_sequences:7.231109704822302 - timing_s/agent_loop/slowest/tool_calls:0.0 - timing_s/agent_loop/slowest/compute_score:0.011054002679884434 - timing_s/agent_loop/slowest/num_preempted:-1 - timing_s/agent_loop/slowest/prompt_length:122 - timing_s/agent_loop/slowest/response_length:2048 - timing_s/gen:7.8059277115389705 - timing_s/reward:1.7239712178707123e-05 - timing_s/old_log_prob:1.7311639692634344 - timing_s/ref:2.5120534393936396 - timing_s/adv:0.003567351959645748 - timing_s/update_actor:4.600990442559123 - timing_s/update_weights:0.9204417169094086 - timing_s/step:17.623400871641934 - timing_s/stop_profile:7.81891867518425e-05 - timing_per_token_ms/gen:0.08908334050258454 - timing_per_token_ms/update_actor:0.044513795750419624 - timing_per_token_ms/ref:0.024303687458457634 - timing_per_token_ms/adv:3.451352018310338e-05 - perf/total_num_tokens:103361 - perf/time_per_step:17.623400871641934 - perf/throughput:5864.986034921311
[36m(TaskRunner pid=512569)[0m step:6 - global_seqlen/min:120098 - global_seqlen/max:120098 - global_seqlen/minmax_diff:0 - global_seqlen/balanced_min:120098 - global_seqlen/balanced_max:120098 - global_seqlen/mean:120098.0 - actor/entropy:1.527867317199707 - perf/mfu/actor_infer:0.31119509876350643 - actor/pg_clipfrac:0.0 - actor/ppo_kl:0.0 - actor/pg_clipfrac_lower:0.0 - actor/pg_loss:0.06090509350178763 - actor/kl_loss:0.0008553847769690037 - actor/kl_coef:0.001 - actor/loss:0.06090594828128815 - actor/grad_norm:0.1601608544588089 - actor/lr:1e-06 - actor/perf/max_memory_allocated_gb:44.35737705230713 - actor/perf/max_memory_reserved_gb:55.994140625 - actor/perf/cpu_memory_used_gb:21.879650115966797 - perf/mfu/actor:0.2700423697622061 - training/global_step:6 - training/epoch:0 - critic/score/mean:0.0390625 - critic/score/max:1.0 - critic/score/min:0.0 - critic/rewards/mean:0.0390625 - critic/rewards/max:1.0 - critic/rewards/min:0.0 - critic/advantages/mean:-0.060905084013938904 - critic/advantages/max:2.4748666286468506 - critic/advantages/min:-0.5400605201721191 - critic/returns/mean:-0.060905084013938904 - critic/returns/max:2.4748666286468506 - critic/returns/min:-0.5400605201721191 - response_length/mean:815.140625 - response_length/max:2048.0 - response_length/min:53.0 - response_length/clip_ratio:0.2421875 - response_length_non_aborted/mean:815.140625 - response_length_non_aborted/max:2048.0 - response_length_non_aborted/min:53.0 - response_length_non_aborted/clip_ratio:0.2421875 - response/aborted_ratio:0.0 - prompt_length/mean:123.125 - prompt_length/max:125.0 - prompt_length/min:122.0 - prompt_length/clip_ratio:0.0 - num_turns/min:2 - num_turns/max:2 - num_turns/mean:2.0 - timing_s/start_profile:7.2479248046875e-05 - timing_s/agent_loop/num_preempted/min:-1 - timing_s/agent_loop/num_preempted/max:-1 - timing_s/agent_loop/num_preempted/mean:-1.0 - timing_s/agent_loop/generate_sequences/min:0.3108900645747781 - timing_s/agent_loop/generate_sequences/max:7.67160973045975 - timing_s/agent_loop/generate_sequences/mean:3.208765405055601 - timing_s/agent_loop/tool_calls/min:0.0 - timing_s/agent_loop/tool_calls/max:0.0 - timing_s/agent_loop/tool_calls/mean:0.0 - timing_s/agent_loop/compute_score/min:0.0042182765901088715 - timing_s/agent_loop/compute_score/max:0.03844227455556393 - timing_s/agent_loop/compute_score/mean:0.0074037081794813275 - timing_s/agent_loop/slowest/generate_sequences:7.67160973045975 - timing_s/agent_loop/slowest/tool_calls:0.0 - timing_s/agent_loop/slowest/compute_score:0.0052872952073812485 - timing_s/agent_loop/slowest/num_preempted:-1 - timing_s/agent_loop/slowest/prompt_length:122 - timing_s/agent_loop/slowest/response_length:2048 - timing_s/gen:8.242927026934922 - timing_s/reward:1.6408972442150116e-05 - timing_s/old_log_prob:1.535035889595747 - timing_s/ref:2.5733926938846707 - timing_s/adv:0.001398485153913498 - timing_s/update_actor:5.1027577286586165 - timing_s/update_weights:0.9998488025739789 - timing_s/step:18.50317503325641 - timing_s/stop_profile:9.177904576063156e-05 - timing_per_token_ms/gen:0.07900215671121665 - timing_per_token_ms/update_actor:0.04248828230827005 - timing_per_token_ms/ref:0.02142744003967319 - timing_per_token_ms/adv:1.164453324712733e-05 - perf/total_num_tokens:120098 - perf/time_per_step:18.50317503325641 - perf/throughput:6490.66983283375
[36m(TaskRunner pid=512569)[0m step:7 - global_seqlen/min:112743 - global_seqlen/max:112743 - global_seqlen/minmax_diff:0 - global_seqlen/balanced_min:112743 - global_seqlen/balanced_max:112743 - global_seqlen/mean:112743.0 - actor/entropy:1.6655704975128174 - perf/mfu/actor_infer:0.308185051562621 - actor/pg_clipfrac:0.0 - actor/ppo_kl:0.0 - actor/pg_clipfrac_lower:0.0 - actor/pg_loss:0.004871632903814316 - actor/kl_loss:0.0009065730037036701 - actor/kl_coef:0.001 - actor/loss:0.004872540943324566 - actor/grad_norm:0.16368600726127625 - actor/lr:1e-06 - actor/perf/max_memory_allocated_gb:44.35737705230713 - actor/perf/max_memory_reserved_gb:55.994140625 - actor/perf/cpu_memory_used_gb:21.869293212890625 - perf/mfu/actor:0.26558944921228655 - training/global_step:7 - training/epoch:0 - critic/score/mean:0.0078125 - critic/score/max:1.0 - critic/score/min:0.0 - critic/rewards/mean:0.0078125 - critic/rewards/max:1.0 - critic/rewards/min:0.0 - critic/advantages/mean:-0.004871634300798178 - critic/advantages/max:2.4748666286468506 - critic/advantages/min:-0.35355237126350403 - critic/returns/mean:-0.004871634300798178 - critic/returns/max:2.4748666286468506 - critic/returns/min:-0.35355237126350403 - response_length/mean:758.0546875 - response_length/max:2048.0 - response_length/min:68.0 - response_length/clip_ratio:0.1875 - response_length_non_aborted/mean:758.0546875 - response_length_non_aborted/max:2048.0 - response_length_non_aborted/min:68.0 - response_length_non_aborted/clip_ratio:0.1875 - response/aborted_ratio:0.0 - prompt_length/mean:122.75 - prompt_length/max:125.0 - prompt_length/min:122.0 - prompt_length/clip_ratio:0.0 - num_turns/min:2 - num_turns/max:2 - num_turns/mean:2.0 - timing_s/start_profile:8.081924170255661e-05 - timing_s/agent_loop/num_preempted/min:-1 - timing_s/agent_loop/num_preempted/max:-1 - timing_s/agent_loop/num_preempted/mean:-1.0 - timing_s/agent_loop/generate_sequences/min:0.37904872838407755 - timing_s/agent_loop/generate_sequences/max:7.36078084167093 - timing_s/agent_loop/generate_sequences/mean:2.9292824676595046 - timing_s/agent_loop/tool_calls/min:0.0 - timing_s/agent_loop/tool_calls/max:0.0 - timing_s/agent_loop/tool_calls/mean:0.0 - timing_s/agent_loop/compute_score/min:0.004030317068099976 - timing_s/agent_loop/compute_score/max:0.02611144445836544 - timing_s/agent_loop/compute_score/mean:0.006710964553349186 - timing_s/agent_loop/slowest/generate_sequences:7.36078084167093 - timing_s/agent_loop/slowest/tool_calls:0.0 - timing_s/agent_loop/slowest/compute_score:0.004812578670680523 - timing_s/agent_loop/slowest/num_preempted:-1 - timing_s/agent_loop/slowest/prompt_length:122 - timing_s/agent_loop/slowest/response_length:2048 - timing_s/gen:7.934563755057752 - timing_s/reward:1.6810372471809387e-05 - timing_s/old_log_prob:1.4546303758397698 - timing_s/ref:2.558763602748513 - timing_s/adv:0.003581993281841278 - timing_s/update_actor:4.893785090185702 - timing_s/update_weights:0.9850139245390892 - timing_s/step:17.879265183582902 - timing_s/stop_profile:9.343866258859634e-05 - timing_per_token_ms/gen:0.08177349254421527 - timing_per_token_ms/update_actor:0.04340655375664743 - timing_per_token_ms/ref:0.02269554298491714 - timing_per_token_ms/adv:3.177131424426597e-05 - perf/total_num_tokens:112743 - perf/time_per_step:17.879265183582902 - perf/throughput:6305.796062777953
[36m(TaskRunner pid=512569)[0m step:8 - global_seqlen/min:116040 - global_seqlen/max:116040 - global_seqlen/minmax_diff:0 - global_seqlen/balanced_min:116040 - global_seqlen/balanced_max:116040 - global_seqlen/mean:116040.0 - actor/entropy:1.6667108535766602 - perf/mfu/actor_infer:0.31429081399317416 - actor/pg_clipfrac:0.0 - actor/ppo_kl:0.0 - actor/pg_clipfrac_lower:0.0 - actor/pg_loss:0.01392773527186364 - actor/kl_loss:0.0009201153507092386 - actor/kl_coef:0.001 - actor/loss:0.013928655534982681 - actor/grad_norm:0.07746175676584244 - actor/lr:1e-06 - actor/perf/max_memory_allocated_gb:44.36350154876709 - actor/perf/max_memory_reserved_gb:55.994140625 - actor/perf/cpu_memory_used_gb:21.920913696289062 - perf/mfu/actor:0.2690034035433725 - training/global_step:8 - training/epoch:0 - critic/score/mean:0.0078125 - critic/score/max:1.0 - critic/score/min:0.0 - critic/rewards/mean:0.0078125 - critic/rewards/max:1.0 - critic/rewards/min:0.0 - critic/advantages/mean:-0.013927735388278961 - critic/advantages/max:2.4748666286468506 - critic/advantages/min:-0.35355237126350403 - critic/returns/mean:-0.013927735388278961 - critic/returns/max:2.4748666286468506 - critic/returns/min:-0.35355237126350403 - response_length/mean:781.375 - response_length/max:2048.0 - response_length/min:73.0 - response_length/clip_ratio:0.171875 - response_length_non_aborted/mean:781.375 - response_length_non_aborted/max:2048.0 - response_length_non_aborted/min:73.0 - response_length_non_aborted/clip_ratio:0.171875 - response/aborted_ratio:0.0 - prompt_length/mean:125.1875 - prompt_length/max:140.0 - prompt_length/min:122.0 - prompt_length/clip_ratio:0.0 - num_turns/min:2 - num_turns/max:2 - num_turns/mean:2.0 - timing_s/start_profile:8.095987141132355e-05 - timing_s/agent_loop/num_preempted/min:-1 - timing_s/agent_loop/num_preempted/max:-1 - timing_s/agent_loop/num_preempted/mean:-1.0 - timing_s/agent_loop/generate_sequences/min:0.3811129676178098 - timing_s/agent_loop/generate_sequences/max:7.482796531170607 - timing_s/agent_loop/generate_sequences/mean:3.057130307504849 - timing_s/agent_loop/tool_calls/min:0.0 - timing_s/agent_loop/tool_calls/max:0.0 - timing_s/agent_loop/tool_calls/mean:0.0 - timing_s/agent_loop/compute_score/min:0.003697221167385578 - timing_s/agent_loop/compute_score/max:0.022633560933172703 - timing_s/agent_loop/compute_score/mean:0.006453200287069194 - timing_s/agent_loop/slowest/generate_sequences:7.482796531170607 - timing_s/agent_loop/slowest/tool_calls:0.0 - timing_s/agent_loop/slowest/compute_score:0.005427082069218159 - timing_s/agent_loop/slowest/num_preempted:-1 - timing_s/agent_loop/slowest/prompt_length:125 - timing_s/agent_loop/slowest/response_length:2048 - timing_s/gen:8.049733689054847 - timing_s/reward:1.4609657227993011e-05 - timing_s/old_log_prob:1.4640131322667003 - timing_s/ref:2.5552734415978193 - timing_s/adv:0.0024633947759866714 - timing_s/update_actor:4.959011887200177 - timing_s/update_weights:0.9730399558320642 - timing_s/step:18.051347564905882 - timing_s/stop_profile:8.112844079732895e-05 - timing_per_token_ms/gen:0.08048445937704814 - timing_per_token_ms/update_actor:0.04273536614271093 - timing_per_token_ms/ref:0.02202062600480713 - timing_per_token_ms/adv:2.1228841571756907e-05 - perf/total_num_tokens:116040 - perf/time_per_step:18.051347564905882 - perf/throughput:6428.328942355336
[36m(TaskRunner pid=512569)[0m step:9 - global_seqlen/min:119341 - global_seqlen/max:119341 - global_seqlen/minmax_diff:0 - global_seqlen/balanced_min:119341 - global_seqlen/balanced_max:119341 - global_seqlen/mean:119341.0 - actor/entropy:1.7372424602508545 - perf/mfu/actor_infer:0.31866478559521044 - actor/pg_clipfrac:0.0 - actor/ppo_kl:0.0 - actor/pg_clipfrac_lower:0.0 - actor/pg_loss:-0.010684717388357967 - actor/kl_loss:0.0009577333275956335 - actor/kl_coef:0.001 - actor/loss:-0.010683761909604073 - actor/grad_norm:0.26261240243911743 - actor/lr:1e-06 - actor/perf/max_memory_allocated_gb:44.36350154876709 - actor/perf/max_memory_reserved_gb:55.994140625 - actor/perf/cpu_memory_used_gb:21.963008880615234 - perf/mfu/actor:0.2716763335797717 - training/global_step:9 - training/epoch:0 - critic/score/mean:0.0234375 - critic/score/max:1.0 - critic/score/min:0.0 - critic/rewards/mean:0.0234375 - critic/rewards/max:1.0 - critic/rewards/min:0.0 - critic/advantages/mean:0.010684706270694733 - critic/advantages/max:2.4748666286468506 - critic/advantages/min:-0.5400605201721191 - critic/returns/mean:0.010684706270694733 - critic/returns/max:2.4748666286468506 - critic/returns/min:-0.5400605201721191 - response_length/mean:808.2890625 - response_length/max:2048.0 - response_length/min:69.0 - response_length/clip_ratio:0.2265625 - response_length_non_aborted/mean:808.2890625 - response_length_non_aborted/max:2048.0 - response_length_non_aborted/min:69.0 - response_length_non_aborted/clip_ratio:0.2265625 - response/aborted_ratio:0.0 - prompt_length/mean:124.0625 - prompt_length/max:140.0 - prompt_length/min:122.0 - prompt_length/clip_ratio:0.0 - num_turns/min:2 - num_turns/max:2 - num_turns/mean:2.0 - timing_s/start_profile:7.12694600224495e-05 - timing_s/agent_loop/num_preempted/min:-1 - timing_s/agent_loop/num_preempted/max:-1 - timing_s/agent_loop/num_preempted/mean:-1.0 - timing_s/agent_loop/generate_sequences/min:0.37924083042889833 - timing_s/agent_loop/generate_sequences/max:7.569810198619962 - timing_s/agent_loop/generate_sequences/mean:3.194432971540664 - timing_s/agent_loop/tool_calls/min:0.0 - timing_s/agent_loop/tool_calls/max:0.0 - timing_s/agent_loop/tool_calls/mean:0.0 - timing_s/agent_loop/compute_score/min:0.004373154602944851 - timing_s/agent_loop/compute_score/max:0.02701419498771429 - timing_s/agent_loop/compute_score/mean:0.00721421412890777 - timing_s/agent_loop/slowest/generate_sequences:7.569810198619962 - timing_s/agent_loop/slowest/tool_calls:0.0 - timing_s/agent_loop/slowest/compute_score:0.006417983211576939 - timing_s/agent_loop/slowest/num_preempted:-1 - timing_s/agent_loop/slowest/prompt_length:122 - timing_s/agent_loop/slowest/response_length:2048 - timing_s/gen:8.14439548831433 - timing_s/reward:1.7260201275348663e-05 - timing_s/old_log_prob:1.5005614459514618 - timing_s/ref:2.599162209779024 - timing_s/adv:0.0037158504128456116 - timing_s/update_actor:5.063368518836796 - timing_s/update_weights:0.9652451016008854 - timing_s/step:18.32541002240032 - timing_s/stop_profile:8.22991132736206e-05 - timing_per_token_ms/gen:0.07871947389174984 - timing_per_token_ms/update_actor:0.04242773664404351 - timing_per_token_ms/ref:0.021779289680654797 - timing_per_token_ms/adv:3.113641089688884e-05 - perf/total_num_tokens:119341 - perf/time_per_step:18.32541002240032 - perf/throughput:6512.323590802163
[36m(TaskRunner pid=512569)[0m local_global_step_folder: /tmp/grpo_countdown_grpo_countdown_manual10_qwen25_15b_instruct/global_step_10
[36m(TaskRunner pid=512569)[0m Training Progress: 100%|██████████| 10/10 [03:54<00:00, 22.78s/it]Training Progress: 100%|██████████| 10/10 [03:54<00:00, 23.49s/it]
[36m(TaskRunner pid=512569)[0m Traceback (most recent call last):
[36m(TaskRunner pid=512569)[0m   File "/home/hyin66/micromamba/envs/verl/lib/python3.10/site-packages/ray/_private/workers/default_worker.py", line 323, in <module>
[36m(TaskRunner pid=512569)[0m     worker.main_loop()
[36m(TaskRunner pid=512569)[0m   File "/home/hyin66/micromamba/envs/verl/lib/python3.10/site-packages/ray/_private/worker.py", line 1066, in main_loop
[36m(TaskRunner pid=512569)[0m     self.core_worker.run_task_loop()
[36m(TaskRunner pid=512569)[0m   File "/home/hyin66/micromamba/envs/verl/lib/python3.10/site-packages/torch/utils/data/_utils/signal_handling.py", line 73, in handler
[36m(TaskRunner pid=512569)[0m     _error_if_any_worker_fails()
[36m(TaskRunner pid=512569)[0m RuntimeError: DataLoader worker (pid 514860) is killed by signal: Killed. 
[36m(TaskRunner pid=512569)[0m step:10 - global_seqlen/min:107482 - global_seqlen/max:107482 - global_seqlen/minmax_diff:0 - global_seqlen/balanced_min:107482 - global_seqlen/balanced_max:107482 - global_seqlen/mean:107482.0 - actor/entropy:1.506371021270752 - perf/mfu/actor_infer:0.30946690966842366 - actor/pg_clipfrac:0.0 - actor/ppo_kl:0.0 - actor/pg_clipfrac_lower:0.0 - actor/pg_loss:0.0 - actor/kl_loss:0.000987149542197585 - actor/kl_coef:0.001 - actor/loss:9.871496331470553e-07 - actor/grad_norm:0.0002121604629792273 - actor/lr:1e-06 - actor/perf/max_memory_allocated_gb:44.36350154876709 - actor/perf/max_memory_reserved_gb:55.994140625 - actor/perf/cpu_memory_used_gb:21.921001434326172 - perf/mfu/actor:0.2655779991705567 - training/global_step:10 - training/epoch:0 - critic/score/mean:0.0 - critic/score/max:0.0 - critic/score/min:0.0 - critic/rewards/mean:0.0 - critic/rewards/max:0.0 - critic/rewards/min:0.0 - critic/advantages/mean:0.0 - critic/advantages/max:0.0 - critic/advantages/min:0.0 - critic/returns/mean:0.0 - critic/returns/max:0.0 - critic/returns/min:0.0 - response_length/mean:716.015625 - response_length/max:2048.0 - response_length/min:53.0 - response_length/clip_ratio:0.203125 - response_length_non_aborted/mean:716.015625 - response_length_non_aborted/max:2048.0 - response_length_non_aborted/min:53.0 - response_length_non_aborted/clip_ratio:0.203125 - response/aborted_ratio:0.0 - prompt_length/mean:123.6875 - prompt_length/max:125.0 - prompt_length/min:122.0 - prompt_length/clip_ratio:0.0 - num_turns/min:2 - num_turns/max:2 - num_turns/mean:2.0 - timing_s/start_profile:0.00016508717089891434 - timing_s/agent_loop/num_preempted/min:-1 - timing_s/agent_loop/num_preempted/max:-1 - timing_s/agent_loop/num_preempted/mean:-1.0 - timing_s/agent_loop/generate_sequences/min:0.3174424935132265 - timing_s/agent_loop/generate_sequences/max:7.188380737788975 - timing_s/agent_loop/generate_sequences/mean:2.7336475719421287 - timing_s/agent_loop/tool_calls/min:0.0 - timing_s/agent_loop/tool_calls/max:0.0 - timing_s/agent_loop/tool_calls/mean:0.0 - timing_s/agent_loop/compute_score/min:0.004379323683679104 - timing_s/agent_loop/compute_score/max:0.026210893876850605 - timing_s/agent_loop/compute_score/mean:0.0068221160472603515 - timing_s/agent_loop/slowest/generate_sequences:7.188380737788975 - timing_s/agent_loop/slowest/tool_calls:0.0 - timing_s/agent_loop/slowest/compute_score:0.005257304757833481 - timing_s/agent_loop/slowest/num_preempted:-1 - timing_s/agent_loop/slowest/prompt_length:122 - timing_s/agent_loop/slowest/response_length:2048 - timing_s/gen:7.758703153580427 - timing_s/reward:1.7619691789150238e-05 - timing_s/old_log_prob:1.3994457582011819 - timing_s/ref:2.5490096202120185 - timing_s/adv:0.003675321117043495 - timing_s/update_actor:5.035216638818383 - timing_s/save_checkpoint:13.782178277149796 - timing_s/update_weights:0.9733921438455582 - timing_s/step:31.550552258268 - timing_s/stop_profile:7.849931716918945e-05 - timing_per_token_ms/gen:0.08465579000087754 - timing_per_token_ms/update_actor:0.04684706870748947 - timing_per_token_ms/ref:0.02371568839630839 - timing_per_token_ms/adv:3.419475928102841e-05 - perf/total_num_tokens:107482 - perf/time_per_step:31.550552258268 - perf/throughput:3406.6598619310616
[36m(TaskRunner pid=512569)[0m 'Final validation metrics: None'
