phase,timestamp_epoch,gpu,mem_used_mib
grpo,1788089106,0,0
grpo,1788089111,0,0
grpo,1788089116,0,4
grpo,1788089121,0,4
grpo,1788089126,0,4
grpo,1788089131,0,4
grpo,1788089136,0,4
grpo,1788089141,0,4
grpo,1788089146,0,4
grpo,1788089151,0,4
grpo,1788089156,0,4
grpo,1788089161,0,4
grpo,1788089166,0,4
grpo,1788089171,0,4
grpo,1788089176,0,4
grpo,1788089181,0,4
grpo,1788089186,0,526
grpo,1788089191,0,526
grpo,1788089196,0,10648
grpo,1788089201,0,26352
grpo,1788089206,0,26352
grpo,1788089212,0,24870
grpo,1788089217,0,24870
grpo,1788089222,0,24871
grpo,1788089227,0,24871
grpo,1788089232,0,24871
grpo,1788089237,0,24871
grpo,1788089242,0,24871
grpo,1788089247,0,24871
grpo,1788089252,0,24871
grpo,1788089257,0,24871
grpo,1788089262,0,24871
grpo,1788089267,0,24871
grpo,1788089272,0,24871
grpo,1788089277,0,24871
grpo,1788089282,0,24871
grpo,1788089287,0,24871
grpo,1788089292,0,31631
grpo,1788089297,0,31631
grpo,1788089302,0,31633
grpo,1788089307,0,31633
grpo,1788089312,0,32643
grpo,1788089317,0,92267
grpo,1788089323,0,92265
grpo,1788089328,0,92265
grpo,1788089333,0,92265
grpo,1788089338,0,92265
grpo,1788089343,0,92265
grpo,1788089348,0,92265
grpo,1788089353,0,92265
grpo,1788089358,0,93065
grpo,1788089363,0,93065
grpo,1788089368,0,93065
grpo,1788089373,0,95569
grpo,1788089378,0,95569
grpo,1788089383,0,95569
grpo,1788089388,0,95569
grpo,1788089393,0,27421
grpo,1788089398,0,28129
grpo,1788089403,0,28749
grpo,1788089408,0,28753
grpo,1788089413,0,28789
grpo,1788089419,0,28825
grpo,1788089424,0,30629
grpo,1788089429,0,30629
grpo,1788089434,0,30629
grpo,1788089439,0,30629
grpo,1788089444,0,30629
grpo,1788089449,0,30629
grpo,1788089454,0,30629
grpo,1788089459,0,30629
grpo,1788089464,0,30629
grpo,1788089469,0,30629
grpo,1788089474,0,30629
grpo,1788089479,0,30629
grpo,1788089484,0,30629
grpo,1788089489,0,43815
grpo,1788089494,0,43815
grpo,1788089499,0,43817
grpo,1788089504,0,44559
grpo,1788089509,0,47539
grpo,1788089514,0,47559
grpo,1788089519,0,47559
grpo,1788089525,0,47559
grpo,1788089530,0,47559
grpo,1788089535,0,47559
grpo,1788089540,0,107311
grpo,1788089545,0,107907
grpo,1788089550,0,107907
grpo,1788089555,0,107907
grpo,1788089560,0,39953
grpo,1788089565,0,40917
grpo,1788089570,0,40917
grpo,1788089575,0,42717
grpo,1788089580,0,42717
grpo,1788089585,0,42717
grpo,1788089590,0,42717
grpo,1788089595,0,42717
grpo,1788089600,0,42717
grpo,1788089605,0,42717
grpo,1788089610,0,42717
grpo,1788089615,0,42717
grpo,1788089620,0,42717
grpo,1788089625,0,42717
grpo,1788089631,0,42717
grpo,1788089636,0,42717
grpo,1788089641,0,55977
grpo,1788089646,0,56097
grpo,1788089651,0,56717
grpo,1788089656,0,58459
grpo,1788089661,0,60059
grpo,1788089666,0,60059
grpo,1788089671,0,60059
grpo,1788089676,0,60059
grpo,1788089681,0,60059
grpo,1788089686,0,66339
grpo,1788089691,0,108801
grpo,1788089696,0,108801
grpo,1788089701,0,108801
grpo,1788089706,0,38729
grpo,1788089711,0,40377
grpo,1788089716,0,40917
grpo,1788089721,0,42717
grpo,1788089726,0,42717
grpo,1788089731,0,42717
grpo,1788089737,0,42717
grpo,1788089742,0,42717
grpo,1788089747,0,42717
grpo,1788089752,0,42717
grpo,1788089757,0,42717
grpo,1788089762,0,42717
grpo,1788089767,0,42717
grpo,1788089772,0,42717
grpo,1788089777,0,42717
grpo,1788089782,0,42717
grpo,1788089787,0,56097
grpo,1788089792,0,56197
grpo,1788089797,0,56477
grpo,1788089802,0,57299
grpo,1788089807,0,60139
grpo,1788089812,0,60199
grpo,1788089817,0,60199
grpo,1788089822,0,60199
grpo,1788089827,0,60199
grpo,1788089832,0,60199
grpo,1788089837,0,108893
grpo,1788089843,0,108893
grpo,1788089848,0,108893
grpo,1788089853,0,108893
grpo,1788089858,0,39891
grpo,1788089863,0,40897
grpo,1788089868,0,40899
grpo,1788089873,0,42699
grpo,1788089878,0,42699
grpo,1788089883,0,42699
grpo,1788089888,0,42699
grpo,1788089893,0,42699
grpo,1788089898,0,42699
grpo,1788089903,0,42699
grpo,1788089908,0,42699
grpo,1788089913,0,42699
grpo,1788089918,0,42699
grpo,1788089923,0,42699
grpo,1788089928,0,42699
grpo,1788089933,0,42699
grpo,1788089938,0,56099
grpo,1788089944,0,56199
grpo,1788089949,0,56599
grpo,1788089954,0,58039
grpo,1788089959,0,60179
grpo,1788089964,0,60179
grpo,1788089969,0,60179
grpo,1788089974,0,60179
grpo,1788089979,0,60179
grpo,1788089984,0,60181
grpo,1788089989,0,110173
grpo,1788089994,0,110173
grpo,1788089999,0,110173
grpo,1788090004,0,110173
grpo,1788090009,0,39975
grpo,1788090014,0,40899
grpo,1788090019,0,40899
grpo,1788090024,0,42699
grpo,1788090029,0,42699
grpo,1788090034,0,42699
grpo,1788090039,0,42699
grpo,1788090044,0,42699
grpo,1788090050,0,42699
grpo,1788090055,0,42699
grpo,1788090060,0,42699
grpo,1788090065,0,42699
grpo,1788090070,0,42699
grpo,1788090075,0,42699
grpo,1788090080,0,42699
grpo,1788090085,0,42699
grpo,1788090090,0,56119
grpo,1788090095,0,56239
grpo,1788090100,0,56759
grpo,1788090105,0,57961
grpo,1788090110,0,60181
grpo,1788090115,0,60181
grpo,1788090120,0,60181
grpo,1788090125,0,60181
grpo,1788090130,0,60181
grpo,1788090135,0,60181
grpo,1788090140,0,108383
grpo,1788090145,0,108383
grpo,1788090150,0,108383
grpo,1788090156,0,108383
grpo,1788090161,0,39873
grpo,1788090166,0,40899
grpo,1788090171,0,40921
grpo,1788090176,0,42721
grpo,1788090181,0,42721
grpo,1788090186,0,42721
grpo,1788090191,0,42721
grpo,1788090196,0,42721
grpo,1788090201,0,42721
grpo,1788090206,0,42721
grpo,1788090211,0,42721
grpo,1788090216,0,42721
grpo,1788090221,0,42721
grpo,1788090226,0,42721
grpo,1788090231,0,42721
grpo,1788090236,0,42721
grpo,1788090241,0,56101
grpo,1788090246,0,56221
grpo,1788090251,0,56561
grpo,1788090256,0,57661
grpo,1788090262,0,60181
grpo,1788090267,0,60201
grpo,1788090272,0,60201
grpo,1788090277,0,60201
grpo,1788090282,0,60201
grpo,1788090287,0,60201
grpo,1788090292,0,60201
grpo,1788090297,0,110237
grpo,1788090302,0,110237
grpo,1788090307,0,110237
grpo,1788090312,0,110237
grpo,1788090317,0,40197
grpo,1788090322,0,40899
grpo,1788090327,0,40901
grpo,1788090332,0,42701
grpo,1788090337,0,42701
grpo,1788090342,0,42701
grpo,1788090347,0,42701
grpo,1788090352,0,42701
grpo,1788090357,0,42701
grpo,1788090362,0,42701
grpo,1788090368,0,42701
grpo,1788090373,0,42701
grpo,1788090378,0,42701
grpo,1788090383,0,42701
grpo,1788090388,0,42701
grpo,1788090393,0,42701
grpo,1788090398,0,56161
grpo,1788090403,0,56321
grpo,1788090408,0,57001
grpo,1788090413,0,58661
grpo,1788090418,0,60181
grpo,1788090423,0,60181
grpo,1788090428,0,60181
grpo,1788090433,0,60181
grpo,1788090438,0,60181
grpo,1788090443,0,60181
grpo,1788090448,0,108551
grpo,1788090453,0,108551
grpo,1788090458,0,108551
grpo,1788090463,0,108551
grpo,1788090469,0,40055
grpo,1788090474,0,40917
grpo,1788090479,0,40921
grpo,1788090484,0,42721
grpo,1788090489,0,42721
grpo,1788090494,0,42721
grpo,1788090499,0,42721
grpo,1788090504,0,42721
grpo,1788090509,0,42721
grpo,1788090514,0,42721
grpo,1788090519,0,42721
grpo,1788090524,0,42721
grpo,1788090529,0,42721
grpo,1788090534,0,42721
grpo,1788090539,0,42721
grpo,1788090544,0,42721
grpo,1788090549,0,56141
grpo,1788090554,0,56281
grpo,1788090559,0,57041
grpo,1788090564,0,58301
grpo,1788090569,0,60181
grpo,1788090575,0,60201
grpo,1788090580,0,60201
grpo,1788090585,0,60201
grpo,1788090590,0,60201
grpo,1788090595,0,60201
grpo,1788090600,0,109387
grpo,1788090605,0,109387
grpo,1788090610,0,109387
grpo,1788090615,0,109387
grpo,1788090620,0,39893
grpo,1788090625,0,40899
grpo,1788090630,0,40921
grpo,1788090635,0,42721
grpo,1788090640,0,42721
grpo,1788090645,0,42721
grpo,1788090650,0,42721
grpo,1788090655,0,42721
grpo,1788090660,0,42721
grpo,1788090665,0,42721
grpo,1788090670,0,42721
grpo,1788090676,0,42721
grpo,1788090681,0,42721
grpo,1788090686,0,42721
grpo,1788090691,0,42721
grpo,1788090696,0,42721
grpo,1788090701,0,56121
grpo,1788090706,0,56241
grpo,1788090711,0,56641
grpo,1788090716,0,58041
grpo,1788090721,0,60181
grpo,1788090726,0,60201
grpo,1788090731,0,60201
grpo,1788090736,0,60201
grpo,1788090741,0,60201
grpo,1788090746,0,60201
grpo,1788090751,0,105499
grpo,1788090756,0,108675
grpo,1788090761,0,108675
grpo,1788090766,0,108675
grpo,1788090771,0,39853
grpo,1788090776,0,40899
grpo,1788090782,0,40901
grpo,1788090787,0,42701
grpo,1788090792,0,42701
grpo,1788090797,0,42701
grpo,1788090802,0,42701
grpo,1788090807,0,42701
grpo,1788090812,0,42701
grpo,1788090817,0,42701
grpo,1788090822,0,42701
grpo,1788090827,0,42701
grpo,1788090832,0,42701
grpo,1788090837,0,42701
grpo,1788090842,0,42701
grpo,1788090847,0,42701
grpo,1788090852,0,56101
grpo,1788090857,0,56201
grpo,1788090862,0,56581
grpo,1788090867,0,57461
grpo,1788090872,0,60161
grpo,1788090877,0,60181
grpo,1788090882,0,60181
grpo,1788090888,0,60181
grpo,1788090893,0,60181
grpo,1788090898,0,60181
grpo,1788090903,0,60181
grpo,1788090908,0,109171
grpo,1788090913,0,109171
grpo,1788090918,0,109171
grpo,1788090923,0,109171
grpo,1788090928,0,40197
grpo,1788090933,0,40899
grpo,1788090938,0,40901
grpo,1788090943,0,42701
grpo,1788090948,0,42701
grpo,1788090953,0,42701
grpo,1788090958,0,42701
grpo,1788090963,0,42701
grpo,1788090968,0,42701
grpo,1788090973,0,42701
grpo,1788090978,0,42701
grpo,1788090983,0,42701
grpo,1788090988,0,42701
grpo,1788090994,0,42701
grpo,1788090999,0,42701
grpo,1788091004,0,42701
grpo,1788091009,0,56041
grpo,1788091014,0,56221
grpo,1788091019,0,56901
grpo,1788091024,0,58381
grpo,1788091029,0,60041
grpo,1788091034,0,60041
grpo,1788091039,0,60041
grpo,1788091044,0,60041
grpo,1788091049,0,60041
grpo,1788091054,0,60041
grpo,1788091059,0,111793
grpo,1788091064,0,111793
grpo,1788091069,0,111793
grpo,1788091074,0,111793
grpo,1788091079,0,39995
grpo,1788091084,0,40899
grpo,1788091089,0,40899
grpo,1788091094,0,42699
grpo,1788091100,0,42699
grpo,1788091105,0,42699
grpo,1788091110,0,42699
grpo,1788091115,0,42699
grpo,1788091120,0,42699
grpo,1788091125,0,42699
grpo,1788091130,0,42699
grpo,1788091135,0,42699
grpo,1788091140,0,42699
grpo,1788091145,0,42699
grpo,1788091150,0,42699
grpo,1788091155,0,42699
grpo,1788091160,0,56019
grpo,1788091165,0,56119
grpo,1788091170,0,56719
grpo,1788091175,0,58241
grpo,1788091180,0,60041
grpo,1788091185,0,60041
grpo,1788091190,0,60041
grpo,1788091195,0,60041
grpo,1788091200,0,60041
grpo,1788091206,0,60041
grpo,1788091211,0,108915
grpo,1788091216,0,108915
grpo,1788091221,0,108915
grpo,1788091226,0,108915
grpo,1788091231,0,39995
grpo,1788091236,0,40919
grpo,1788091241,0,40921
grpo,1788091246,0,42721
grpo,1788091251,0,42721
grpo,1788091256,0,42721
grpo,1788091261,0,42721
grpo,1788091266,0,42721
grpo,1788091271,0,42721
grpo,1788091276,0,42721
grpo,1788091281,0,42721
grpo,1788091286,0,42721
grpo,1788091291,0,42721
grpo,1788091296,0,42721
grpo,1788091301,0,42721
grpo,1788091307,0,42721
grpo,1788091312,0,55981
grpo,1788091317,0,56141
grpo,1788091322,0,56681
grpo,1788091327,0,57941
grpo,1788091332,0,60041
grpo,1788091337,0,60101
grpo,1788091342,0,60101
grpo,1788091347,0,60101
grpo,1788091352,0,60101
grpo,1788091357,0,60101
grpo,1788091362,0,60101
grpo,1788091367,0,109755
grpo,1788091372,0,109755
grpo,1788091377,0,109755
grpo,1788091382,0,109755
grpo,1788091387,0,40015
grpo,1788091392,0,40919
grpo,1788091397,0,40921
grpo,1788091402,0,42721
grpo,1788091407,0,42721
grpo,1788091413,0,42721
grpo,1788091418,0,42721
grpo,1788091423,0,42721
grpo,1788091428,0,42721
grpo,1788091433,0,42721
grpo,1788091438,0,42721
grpo,1788091443,0,42721
grpo,1788091448,0,42721
grpo,1788091453,0,42721
grpo,1788091458,0,42721
grpo,1788091463,0,42721
grpo,1788091468,0,56001
grpo,1788091473,0,56121
grpo,1788091478,0,56721
grpo,1788091483,0,58141
grpo,1788091488,0,60041
grpo,1788091493,0,60101
grpo,1788091498,0,60101
grpo,1788091503,0,60101
grpo,1788091508,0,60101
grpo,1788091513,0,60101
grpo,1788091519,0,87099
grpo,1788091524,0,108859
grpo,1788091529,0,108859
grpo,1788091534,0,108859
grpo,1788091539,0,108859
grpo,1788091544,0,40157
grpo,1788091549,0,40919
grpo,1788091554,0,40921
grpo,1788091559,0,42721
grpo,1788091564,0,42721
grpo,1788091569,0,42721
grpo,1788091574,0,42721
grpo,1788091579,0,42721
grpo,1788091584,0,42721
grpo,1788091589,0,42721
grpo,1788091594,0,42721
grpo,1788091599,0,42721
grpo,1788091604,0,42721
grpo,1788091609,0,42721
grpo,1788091614,0,42721
grpo,1788091620,0,42721
grpo,1788091625,0,56021
grpo,1788091630,0,56141
grpo,1788091635,0,56861
grpo,1788091640,0,58501
grpo,1788091645,0,60041
grpo,1788091650,0,60081
grpo,1788091655,0,60081
grpo,1788091660,0,60081
grpo,1788091665,0,60081
grpo,1788091670,0,60081
grpo,1788091675,0,87099
grpo,1788091680,0,109345
grpo,1788091685,0,109345
grpo,1788091690,0,109345
grpo,1788091695,0,109345
grpo,1788091700,0,40239
grpo,1788091705,0,40899
grpo,1788091710,0,40899
grpo,1788091715,0,42699
grpo,1788091721,0,42699
grpo,1788091726,0,42699
grpo,1788091731,0,42699
grpo,1788091736,0,42699
grpo,1788091741,0,42699
grpo,1788091746,0,42699
grpo,1788091751,0,42699
grpo,1788091756,0,42699
grpo,1788091761,0,42699
grpo,1788091766,0,42699
grpo,1788091771,0,42699
grpo,1788091776,0,42699
grpo,1788091781,0,56179
grpo,1788091786,0,56299
grpo,1788091791,0,57061
grpo,1788091796,0,59661
grpo,1788091801,0,60181
grpo,1788091806,0,60181
grpo,1788091811,0,60181
grpo,1788091816,0,60181
grpo,1788091821,0,60181
grpo,1788091827,0,60181
grpo,1788091832,0,109029
grpo,1788091837,0,109029
grpo,1788091842,0,109029
grpo,1788091847,0,109029
grpo,1788091852,0,39893
grpo,1788091857,0,40899
grpo,1788091862,0,40921
grpo,1788091867,0,42721
grpo,1788091872,0,42721
grpo,1788091877,0,42721
grpo,1788091882,0,42721
grpo,1788091887,0,42721
grpo,1788091892,0,42721
grpo,1788091897,0,42721
grpo,1788091902,0,42721
grpo,1788091907,0,42721
grpo,1788091912,0,42721
grpo,1788091917,0,42721
grpo,1788091922,0,42721
grpo,1788091927,0,42721
grpo,1788091933,0,55961
grpo,1788091938,0,56081
grpo,1788091943,0,56441
grpo,1788091948,0,57741
grpo,1788091953,0,60041
grpo,1788091958,0,60101
grpo,1788091963,0,60101
grpo,1788091968,0,60101
grpo,1788091973,0,60101
grpo,1788091978,0,60101
grpo,1788091983,0,60101
grpo,1788091988,0,109183
grpo,1788091993,0,109183
grpo,1788091998,0,109183
grpo,1788092003,0,109183
grpo,1788092008,0,40015
grpo,1788092013,0,40919
grpo,1788092018,0,40921
grpo,1788092023,0,42721
grpo,1788092028,0,42721
grpo,1788092034,0,42721
grpo,1788092039,0,42721
grpo,1788092044,0,42721
grpo,1788092049,0,42721
grpo,1788092054,0,42721
grpo,1788092059,0,42721
grpo,1788092064,0,42721
grpo,1788092069,0,42721
grpo,1788092074,0,42721
grpo,1788092079,0,42721
grpo,1788092084,0,42721
grpo,1788092089,0,55981
grpo,1788092094,0,56101
grpo,1788092099,0,56601
grpo,1788092104,0,58121
grpo,1788092109,0,60041
grpo,1788092114,0,60101
grpo,1788092119,0,60101
grpo,1788092124,0,60101
grpo,1788092129,0,60101
grpo,1788092134,0,60101
grpo,1788092140,0,66341
grpo,1788092145,0,108603
grpo,1788092150,0,108603
grpo,1788092155,0,108603
grpo,1788092160,0,108603
grpo,1788092165,0,40035
grpo,1788092170,0,40899
grpo,1788092175,0,40901
grpo,1788092180,0,42701
grpo,1788092185,0,42701
grpo,1788092190,0,42701
grpo,1788092195,0,42701
grpo,1788092200,0,42701
grpo,1788092205,0,42701
grpo,1788092210,0,42701
grpo,1788092215,0,42701
grpo,1788092220,0,42701
grpo,1788092225,0,42701
grpo,1788092230,0,42701
grpo,1788092235,0,42701
grpo,1788092240,0,42701
grpo,1788092246,0,55981
grpo,1788092251,0,56141
grpo,1788092256,0,56681
grpo,1788092261,0,58301
grpo,1788092266,0,60041
grpo,1788092271,0,60041
grpo,1788092276,0,60041
grpo,1788092281,0,60041
grpo,1788092286,0,60041
grpo,1788092291,0,60041
grpo,1788092296,0,60041
grpo,1788092301,0,109277
grpo,1788092306,0,109277
grpo,1788092311,0,109277
grpo,1788092316,0,109277
grpo,1788092321,0,39955
grpo,1788092326,0,40899
grpo,1788092331,0,40901
grpo,1788092336,0,42701
grpo,1788092341,0,42701
grpo,1788092347,0,42701
grpo,1788092352,0,42701
grpo,1788092357,0,42701
grpo,1788092362,0,42701
grpo,1788092367,0,42701
grpo,1788092372,0,42701
grpo,1788092377,0,42701
grpo,1788092382,0,42701
grpo,1788092387,0,42701
grpo,1788092392,0,42701
grpo,1788092397,0,42701
grpo,1788092402,0,55981
grpo,1788092407,0,56101
grpo,1788092412,0,56501
grpo,1788092417,0,58121
grpo,1788092422,0,60041
grpo,1788092427,0,60041
grpo,1788092432,0,60041
grpo,1788092437,0,60041
grpo,1788092442,0,60041
grpo,1788092448,0,60041
grpo,1788092453,0,66341
grpo,1788092458,0,109187
grpo,1788092463,0,109187
grpo,1788092468,0,109187
grpo,1788092473,0,109187
grpo,1788092478,0,40117
grpo,1788092483,0,40899
grpo,1788092488,0,40901
grpo,1788092493,0,42701
grpo,1788092498,0,42701
grpo,1788092503,0,42701
grpo,1788092508,0,42701
grpo,1788092513,0,42701
grpo,1788092518,0,42701
grpo,1788092523,0,42701
grpo,1788092528,0,42701
grpo,1788092533,0,42701
grpo,1788092538,0,42701
grpo,1788092543,0,42701
grpo,1788092548,0,42701
grpo,1788092554,0,42701
grpo,1788092559,0,56001
grpo,1788092564,0,56141
grpo,1788092569,0,56801
grpo,1788092574,0,58581
grpo,1788092579,0,60041
grpo,1788092584,0,60041
grpo,1788092589,0,60041
grpo,1788092594,0,60041
grpo,1788092599,0,60041
grpo,1788092604,0,60041
grpo,1788092609,0,87099
grpo,1788092614,0,116903
grpo,1788092619,0,116903
grpo,1788092624,0,116903
grpo,1788092629,0,116903
grpo,1788092634,0,40097
grpo,1788092639,0,40919
grpo,1788092644,0,40921
grpo,1788092650,0,42721
grpo,1788092655,0,42721
grpo,1788092660,0,42721
grpo,1788092665,0,42721
grpo,1788092670,0,42721
grpo,1788092675,0,42721
grpo,1788092680,0,42721
grpo,1788092685,0,42721
grpo,1788092690,0,42721
grpo,1788092695,0,42721
grpo,1788092700,0,42721
grpo,1788092705,0,42721
grpo,1788092710,0,42721
grpo,1788092715,0,56001
grpo,1788092720,0,56141
grpo,1788092725,0,56621
grpo,1788092730,0,58421
grpo,1788092735,0,60041
grpo,1788092740,0,60081
grpo,1788092745,0,60081
grpo,1788092750,0,60081
grpo,1788092756,0,60081
grpo,1788092761,0,60081
grpo,1788092766,0,60081
grpo,1788092771,0,111765
grpo,1788092776,0,111765
grpo,1788092781,0,111765
grpo,1788092786,0,111765
grpo,1788092791,0,39893
grpo,1788092796,0,40899
grpo,1788092801,0,40921
grpo,1788092806,0,42721
grpo,1788092811,0,42721
grpo,1788092816,0,42721
grpo,1788092821,0,42721
grpo,1788092826,0,42721
grpo,1788092831,0,42721
grpo,1788092836,0,42721
grpo,1788092841,0,42721
grpo,1788092846,0,42721
grpo,1788092851,0,42721
grpo,1788092857,0,42721
grpo,1788092862,0,42721
grpo,1788092867,0,42721
grpo,1788092872,0,56101
grpo,1788092877,0,56221
grpo,1788092882,0,56601
grpo,1788092887,0,57901
grpo,1788092892,0,60181
grpo,1788092897,0,60201
grpo,1788092902,0,60201
grpo,1788092907,0,60201
grpo,1788092912,0,60201
grpo,1788092917,0,60201
grpo,1788092922,0,60201
grpo,1788092927,0,110167
grpo,1788092932,0,110167
grpo,1788092937,0,110167
grpo,1788092942,0,110167
grpo,1788092947,0,39893
grpo,1788092952,0,40897
grpo,1788092957,0,40921
grpo,1788092963,0,42721
grpo,1788092968,0,42721
grpo,1788092973,0,42721
grpo,1788092978,0,42721
grpo,1788092983,0,42721
grpo,1788092988,0,42721
grpo,1788092993,0,42721
grpo,1788092998,0,42721
grpo,1788093003,0,42721
grpo,1788093008,0,42721
grpo,1788093013,0,42721
grpo,1788093018,0,42721
grpo,1788093023,0,42721
grpo,1788093028,0,55981
grpo,1788093033,0,56101
grpo,1788093038,0,56561
grpo,1788093043,0,57761
grpo,1788093048,0,60041
grpo,1788093053,0,60101
grpo,1788093058,0,60101
grpo,1788093064,0,60101
grpo,1788093069,0,60101
grpo,1788093074,0,60101
grpo,1788093079,0,60101
grpo,1788093084,0,114505
grpo,1788093089,0,114505
grpo,1788093094,0,114505
grpo,1788093099,0,114505
grpo,1788093104,0,39853
grpo,1788093109,0,40899
grpo,1788093114,0,40901
grpo,1788093119,0,42701
grpo,1788093124,0,42701
grpo,1788093129,0,42701
grpo,1788093134,0,42701
grpo,1788093139,0,42701
grpo,1788093144,0,42701
grpo,1788093149,0,42701
grpo,1788093154,0,42701
grpo,1788093159,0,42701
grpo,1788093164,0,42701
grpo,1788093170,0,42701
grpo,1788093175,0,42701
grpo,1788093180,0,42701
grpo,1788093185,0,56101
grpo,1788093190,0,56201
grpo,1788093195,0,56581
grpo,1788093200,0,57581
grpo,1788093205,0,60181
grpo,1788093210,0,60201
grpo,1788093215,0,60201
grpo,1788093220,0,60201
grpo,1788093225,0,60201
grpo,1788093230,0,60201
grpo,1788093235,0,60201
grpo,1788093240,0,114073
grpo,1788093245,0,114073
grpo,1788093250,0,114073
grpo,1788093255,0,114073
grpo,1788093260,0,39653
grpo,1788093265,0,40899
grpo,1788093270,0,40901
grpo,1788093276,0,42701
grpo,1788093281,0,42701
grpo,1788093286,0,42701
grpo,1788093291,0,42701
grpo,1788093296,0,42701
grpo,1788093301,0,42701
grpo,1788093306,0,42701
grpo,1788093311,0,42701
grpo,1788093316,0,42701
grpo,1788093321,0,42701
grpo,1788093326,0,42701
grpo,1788093331,0,42701
grpo,1788093336,0,42701
grpo,1788093341,0,55961
grpo,1788093346,0,56081
grpo,1788093351,0,56421
grpo,1788093356,0,57321
grpo,1788093361,0,60041
grpo,1788093366,0,60041
grpo,1788093371,0,60041
grpo,1788093377,0,60041
grpo,1788093382,0,60041
grpo,1788093387,0,60041
grpo,1788093392,0,60041
grpo,1788093397,0,109075
grpo,1788093402,0,109075
grpo,1788093407,0,109075
grpo,1788093412,0,109075
grpo,1788093417,0,39853
grpo,1788093422,0,40899
grpo,1788093427,0,40921
grpo,1788093432,0,42721
grpo,1788093437,0,42721
grpo,1788093442,0,42721
grpo,1788093447,0,42721
grpo,1788093452,0,42721
grpo,1788093457,0,42721
grpo,1788093462,0,42721
grpo,1788093467,0,42721
grpo,1788093472,0,42721
grpo,1788093478,0,42721
grpo,1788093483,0,42721
grpo,1788093488,0,42721
grpo,1788093493,0,42721
grpo,1788093498,0,56101
grpo,1788093503,0,56201
grpo,1788093508,0,56541
grpo,1788093513,0,57801
grpo,1788093518,0,60181
grpo,1788093523,0,60241
grpo,1788093528,0,60241
grpo,1788093533,0,60241
grpo,1788093538,0,60241
grpo,1788093543,0,60241
grpo,1788093548,0,60241
grpo,1788093553,0,109633
grpo,1788093558,0,109633
grpo,1788093563,0,109633
grpo,1788093568,0,109633
grpo,1788093573,0,39933
grpo,1788093579,0,40899
grpo,1788093584,0,40901
grpo,1788093589,0,42701
grpo,1788093594,0,42701
grpo,1788093599,0,42701
grpo,1788093604,0,42701
grpo,1788093609,0,42701
grpo,1788093614,0,42701
grpo,1788093619,0,42701
grpo,1788093624,0,42701
grpo,1788093629,0,42701
grpo,1788093634,0,42701
grpo,1788093639,0,42701
grpo,1788093644,0,42701
grpo,1788093649,0,42701
grpo,1788093654,0,55961
grpo,1788093659,0,56081
grpo,1788093664,0,56461
grpo,1788093669,0,57961
grpo,1788093674,0,60041
grpo,1788093679,0,60041
grpo,1788093685,0,60041
grpo,1788093690,0,60041
grpo,1788093695,0,60041
grpo,1788093700,0,60041
grpo,1788093705,0,60041
grpo,1788093710,0,109809
grpo,1788093715,0,109809
grpo,1788093720,0,109809
grpo,1788093725,0,109809
grpo,1788093730,0,39873
grpo,1788093735,0,40899
grpo,1788093740,0,40901
grpo,1788093745,0,42701
grpo,1788093750,0,42701
grpo,1788093755,0,42701
grpo,1788093760,0,42701
grpo,1788093765,0,42701
grpo,1788093770,0,42701
grpo,1788093775,0,42701
grpo,1788093780,0,42701
grpo,1788093786,0,42701
grpo,1788093791,0,42701
grpo,1788093796,0,42701
grpo,1788093801,0,42701
grpo,1788093806,0,42701
grpo,1788093811,0,55961
grpo,1788093816,0,56061
grpo,1788093821,0,56401
grpo,1788093826,0,57581
grpo,1788093831,0,60041
grpo,1788093836,0,60061
grpo,1788093841,0,60061
grpo,1788093846,0,60061
grpo,1788093851,0,60061
grpo,1788093856,0,60061
grpo,1788093861,0,60061
grpo,1788093866,0,107795
grpo,1788093871,0,107795
grpo,1788093876,0,107795
grpo,1788093881,0,107795
grpo,1788093886,0,39853
grpo,1788093892,0,40899
grpo,1788093897,0,40921
grpo,1788093902,0,42721
grpo,1788093907,0,42721
grpo,1788093912,0,42721
grpo,1788093917,0,42721
grpo,1788093922,0,42721
grpo,1788093927,0,42721
grpo,1788093932,0,42721
grpo,1788093937,0,42721
grpo,1788093942,0,42721
grpo,1788093947,0,42721
grpo,1788093952,0,42721
grpo,1788093957,0,42721
grpo,1788093962,0,42721
grpo,1788093967,0,56101
grpo,1788093972,0,56221
grpo,1788093977,0,56581
grpo,1788093982,0,57581
grpo,1788093987,0,60181
grpo,1788093992,0,60201
grpo,1788093998,0,60201
grpo,1788094003,0,60201
grpo,1788094008,0,60201
grpo,1788094013,0,60201
grpo,1788094018,0,60201
grpo,1788094023,0,108753
grpo,1788094028,0,108753
grpo,1788094033,0,108753
grpo,1788094038,0,108753
grpo,1788094043,0,38731
grpo,1788094048,0,40617
grpo,1788094053,0,40897
grpo,1788094058,0,42701
grpo,1788094063,0,42701
grpo,1788094068,0,42701
grpo,1788094073,0,42701
grpo,1788094078,0,42701
grpo,1788094083,0,42701
grpo,1788094088,0,42701
grpo,1788094093,0,42701
grpo,1788094098,0,42701
grpo,1788094104,0,42701
grpo,1788094109,0,42701
grpo,1788094114,0,42701
grpo,1788094119,0,42701
grpo,1788094124,0,55921
grpo,1788094129,0,56041
grpo,1788094134,0,56301
grpo,1788094139,0,57341
grpo,1788094144,0,60001
grpo,1788094149,0,60041
grpo,1788094154,0,60061
grpo,1788094159,0,60061
grpo,1788094164,0,60061
grpo,1788094169,0,60061
grpo,1788094174,0,60061
grpo,1788094179,0,87099
grpo,1788094184,0,109673
grpo,1788094189,0,109673
grpo,1788094194,0,109673
grpo,1788094199,0,109673
grpo,1788094205,0,39853
grpo,1788094210,0,40899
grpo,1788094215,0,40919
grpo,1788094220,0,40921
grpo,1788094225,0,42721
grpo,1788094230,0,42721
grpo,1788094235,0,42721
grpo,1788094240,0,42721
grpo,1788094245,0,42721
grpo,1788094250,0,42721
grpo,1788094255,0,42721
grpo,1788094260,0,42721
grpo,1788094265,0,42721
grpo,1788094270,0,42721
grpo,1788094275,0,42721
grpo,1788094280,0,42721
grpo,1788094285,0,42721
grpo,1788094290,0,56041
grpo,1788094295,0,56381
grpo,1788094300,0,57721
grpo,1788094305,0,60041
grpo,1788094311,0,60041
grpo,1788094316,0,60101
grpo,1788094321,0,60101
grpo,1788094326,0,60101
grpo,1788094331,0,60101
grpo,1788094336,0,60101
grpo,1788094341,0,60101
grpo,1788094346,0,44753
grpo,1788094351,0,109325
grpo,1788094356,0,109325
grpo,1788094361,0,109325
grpo,1788094366,0,109325
grpo,1788094371,0,39975
grpo,1788094376,0,40899
grpo,1788094381,0,40899
grpo,1788094386,0,42701
grpo,1788094391,0,42701
grpo,1788094396,0,42701
grpo,1788094401,0,42701
grpo,1788094406,0,42701
grpo,1788094412,0,42701
grpo,1788094417,0,42701
grpo,1788094422,0,42701
grpo,1788094427,0,42701
grpo,1788094432,0,42701
grpo,1788094437,0,42701
grpo,1788094442,0,42701
grpo,1788094447,0,42701
grpo,1788094452,0,55921
grpo,1788094457,0,56081
grpo,1788094462,0,56521
grpo,1788094467,0,58021
grpo,1788094472,0,60041
grpo,1788094477,0,60041
grpo,1788094482,0,60041
grpo,1788094487,0,60041
grpo,1788094492,0,60041
grpo,1788094497,0,60041
grpo,1788094502,0,60041
grpo,1788094507,0,60041
grpo,1788094513,0,109665
grpo,1788094518,0,109665
grpo,1788094523,0,109665
grpo,1788094528,0,109665
grpo,1788094533,0,109665
grpo,1788094538,0,40077
grpo,1788094543,0,40897
grpo,1788094548,0,40901
grpo,1788094553,0,42701
grpo,1788094558,0,42701
grpo,1788094563,0,42701
grpo,1788094568,0,42701
grpo,1788094573,0,42701
grpo,1788094578,0,42701
grpo,1788094583,0,42701
grpo,1788094588,0,42701
grpo,1788094593,0,42701
grpo,1788094598,0,42701
grpo,1788094603,0,42701
grpo,1788094608,0,42701
grpo,1788094614,0,42701
grpo,1788094619,0,55981
grpo,1788094624,0,56101
grpo,1788094629,0,56761
grpo,1788094634,0,58541
grpo,1788094639,0,60041
grpo,1788094644,0,60041
grpo,1788094649,0,60041
grpo,1788094654,0,60041
grpo,1788094659,0,60041
grpo,1788094664,0,60041
grpo,1788094669,0,60041
grpo,1788094674,0,66341
grpo,1788094679,0,109847
grpo,1788094684,0,109847
grpo,1788094689,0,109847
grpo,1788094694,0,109847
grpo,1788094699,0,109847
grpo,1788094704,0,40239
grpo,1788094709,0,40899
grpo,1788094714,0,40899
grpo,1788094720,0,42701
grpo,1788094725,0,42701
grpo,1788094730,0,42701
grpo,1788094735,0,42701
grpo,1788094740,0,42701
grpo,1788094745,0,42701
grpo,1788094750,0,42701
grpo,1788094755,0,42701
grpo,1788094760,0,42701
grpo,1788094765,0,42701
grpo,1788094770,0,42701
grpo,1788094775,0,42701
grpo,1788094780,0,42701
grpo,1788094785,0,56101
grpo,1788094790,0,56281
grpo,1788094795,0,57141
grpo,1788094800,0,58741
grpo,1788094805,0,60181
grpo,1788094810,0,60181
grpo,1788094815,0,60181
grpo,1788094821,0,60181
grpo,1788094826,0,60181
grpo,1788094831,0,60181
grpo,1788094836,0,60183
grpo,1788094841,0,60183
grpo,1788094846,0,66483
grpo,1788094851,0,107843
grpo,1788094856,0,107843
grpo,1788094861,0,107843
grpo,1788094866,0,107843
grpo,1788094871,0,107843
grpo,1788094876,0,40279
grpo,1788094881,0,40899
grpo,1788094886,0,40901
grpo,1788094891,0,42701
grpo,1788094896,0,42701
grpo,1788094901,0,42701
grpo,1788094906,0,42701
grpo,1788094911,0,42701
grpo,1788094916,0,42701
grpo,1788094921,0,42701
grpo,1788094927,0,42701
grpo,1788094932,0,42701
grpo,1788094937,0,42701
grpo,1788094942,0,42701
grpo,1788094947,0,42701
grpo,1788094952,0,42701
grpo,1788094957,0,55941
grpo,1788094962,0,56121
grpo,1788094967,0,56901
grpo,1788094972,0,59621
grpo,1788094977,0,60041
grpo,1788094982,0,60041
grpo,1788094987,0,60061
grpo,1788094992,0,60061
grpo,1788094997,0,60061
grpo,1788095002,0,60061
grpo,1788095007,0,60063
grpo,1788095012,0,60063
grpo,1788095017,0,60063
grpo,1788095022,0,109101
grpo,1788095028,0,109101
grpo,1788095033,0,109101
grpo,1788095038,0,109101
grpo,1788095043,0,109101
grpo,1788095048,0,40357
grpo,1788095053,0,40917
grpo,1788095058,0,40921
grpo,1788095063,0,42721
grpo,1788095068,0,42721
grpo,1788095073,0,42721
grpo,1788095078,0,42721
grpo,1788095083,0,42721
grpo,1788095088,0,42721
grpo,1788095093,0,42721
grpo,1788095098,0,42721
grpo,1788095103,0,42721
grpo,1788095108,0,42721
grpo,1788095113,0,42721
grpo,1788095118,0,42721
grpo,1788095123,0,42721
grpo,1788095128,0,55961
grpo,1788095134,0,56121
grpo,1788095139,0,56921
grpo,1788095144,0,59421
grpo,1788095149,0,60041
grpo,1788095154,0,60041
grpo,1788095159,0,60101
grpo,1788095164,0,60101
grpo,1788095169,0,60101
grpo,1788095174,0,60101
grpo,1788095179,0,60101
grpo,1788095184,0,60101
grpo,1788095189,0,104587
grpo,1788095194,0,107699
grpo,1788095199,0,107699
grpo,1788095204,0,107699
grpo,1788095209,0,107699
grpo,1788095214,0,38731
grpo,1788095219,0,40897
grpo,1788095224,0,40917
grpo,1788095229,0,40921
grpo,1788095235,0,42721
grpo,1788095240,0,42721
grpo,1788095245,0,42721
grpo,1788095250,0,42721
grpo,1788095255,0,42721
grpo,1788095260,0,42721
grpo,1788095265,0,42721
grpo,1788095270,0,42721
grpo,1788095275,0,42721
grpo,1788095280,0,42721
grpo,1788095285,0,42721
grpo,1788095290,0,42721
grpo,1788095295,0,42721
grpo,1788095300,0,55981
grpo,1788095305,0,56321
grpo,1788095310,0,57661
grpo,1788095315,0,60041
grpo,1788095320,0,60041
grpo,1788095325,0,60041
grpo,1788095330,0,60101
grpo,1788095336,0,60101
grpo,1788095341,0,60101
grpo,1788095346,0,60101
grpo,1788095351,0,60101
grpo,1788095356,0,60101
grpo,1788095361,0,44753
grpo,1788095366,0,108735
grpo,1788095371,0,108735
grpo,1788095376,0,108735
grpo,1788095381,0,108735
grpo,1788095386,0,39935
grpo,1788095391,0,40899
grpo,1788095396,0,40899
grpo,1788095401,0,42701
grpo,1788095406,0,42701
grpo,1788095411,0,42701
grpo,1788095416,0,42701
grpo,1788095421,0,42701
grpo,1788095426,0,42701
grpo,1788095431,0,42701
grpo,1788095436,0,42701
grpo,1788095442,0,42701
grpo,1788095447,0,42701
grpo,1788095452,0,42701
grpo,1788095457,0,42701
grpo,1788095462,0,42701
grpo,1788095467,0,55941
grpo,1788095472,0,56061
grpo,1788095477,0,56621
grpo,1788095482,0,58261
grpo,1788095487,0,60041
grpo,1788095492,0,60041
grpo,1788095497,0,60041
grpo,1788095502,0,60041
grpo,1788095507,0,60041
grpo,1788095512,0,60041
grpo,1788095517,0,60041
grpo,1788095522,0,60041
grpo,1788095527,0,110265
grpo,1788095532,0,110265
grpo,1788095537,0,110265
grpo,1788095543,0,110265
grpo,1788095548,0,110265
grpo,1788095553,0,39893
grpo,1788095558,0,40897
grpo,1788095563,0,40917
grpo,1788095568,0,40921
grpo,1788095573,0,42721
grpo,1788095578,0,42721
grpo,1788095583,0,42721
grpo,1788095588,0,42721
grpo,1788095593,0,42721
grpo,1788095598,0,42721
grpo,1788095603,0,42721
grpo,1788095608,0,42721
grpo,1788095613,0,42721
grpo,1788095618,0,42721
grpo,1788095623,0,42721
grpo,1788095628,0,42721
grpo,1788095633,0,42721
grpo,1788095638,0,56041
grpo,1788095643,0,56461
grpo,1788095649,0,58501
grpo,1788095654,0,60041
grpo,1788095659,0,60041
grpo,1788095664,0,60101
grpo,1788095669,0,60101
grpo,1788095674,0,60101
grpo,1788095679,0,60101
grpo,1788095684,0,60101
grpo,1788095689,0,60101
grpo,1788095694,0,60101
grpo,1788095699,0,109729
grpo,1788095704,0,109729
grpo,1788095709,0,109729
grpo,1788095714,0,109729
grpo,1788095719,0,109729
grpo,1788095724,0,40197
grpo,1788095729,0,40897
grpo,1788095734,0,40899
grpo,1788095739,0,42701
grpo,1788095744,0,42701
grpo,1788095750,0,42701
grpo,1788095755,0,42701
grpo,1788095760,0,42701
grpo,1788095765,0,42701
grpo,1788095770,0,42701
grpo,1788095775,0,42701
grpo,1788095780,0,42701
grpo,1788095785,0,42701
grpo,1788095790,0,42701
grpo,1788095795,0,42701
grpo,1788095800,0,42701
grpo,1788095805,0,55921
grpo,1788095810,0,56061
grpo,1788095815,0,56841
grpo,1788095820,0,59241
grpo,1788095825,0,60041
grpo,1788095830,0,60041
grpo,1788095835,0,60061
grpo,1788095840,0,60061
grpo,1788095845,0,60061
grpo,1788095851,0,60061
grpo,1788095856,0,60061
grpo,1788095861,0,60061
grpo,1788095866,0,66341
grpo,1788095871,0,109003
grpo,1788095876,0,109003
grpo,1788095881,0,109003
grpo,1788095886,0,109003
grpo,1788095891,0,109003
grpo,1788095896,0,39975
grpo,1788095901,0,40897
grpo,1788095906,0,40897
grpo,1788095911,0,40901
grpo,1788095916,0,42701
grpo,1788095921,0,42701
grpo,1788095926,0,42701
grpo,1788095931,0,42701
grpo,1788095936,0,42701
grpo,1788095941,0,42701
grpo,1788095946,0,42701
grpo,1788095951,0,42701
grpo,1788095957,0,42701
grpo,1788095962,0,42701
grpo,1788095967,0,42701
grpo,1788095972,0,42701
grpo,1788095977,0,42701
grpo,1788095982,0,56021
grpo,1788095987,0,56401
grpo,1788095992,0,58701
grpo,1788095997,0,60041
grpo,1788096002,0,60041
grpo,1788096007,0,60041
grpo,1788096012,0,60061
grpo,1788096017,0,60061
grpo,1788096022,0,60061
grpo,1788096027,0,60061
grpo,1788096032,0,60061
grpo,1788096037,0,60061
grpo,1788096042,0,66341
grpo,1788096047,0,108047
grpo,1788096052,0,108047
grpo,1788096057,0,108047
grpo,1788096063,0,108047
grpo,1788096068,0,108047
grpo,1788096073,0,42191
grpo,1788096078,0,40897
grpo,1788096083,0,40917
grpo,1788096088,0,40919
grpo,1788096093,0,42723
grpo,1788096098,0,42723
grpo,1788096103,0,42723
grpo,1788096108,0,42723
grpo,1788096113,0,42723
grpo,1788096118,0,42723
grpo,1788096123,0,42723
grpo,1788096128,0,42723
grpo,1788096133,0,42723
grpo,1788096138,0,42723
grpo,1788096143,0,42723
grpo,1788096148,0,42723
grpo,1788096153,0,42723
grpo,1788096158,0,42723
grpo,1788096163,0,56123
grpo,1788096169,0,57443
grpo,1788096174,0,60043
grpo,1788096179,0,60043
grpo,1788096184,0,60043
grpo,1788096189,0,60043
grpo,1788096194,0,60103
grpo,1788096199,0,60103
grpo,1788096204,0,60103
grpo,1788096209,0,60103
grpo,1788096214,0,60103
grpo,1788096219,0,60103
grpo,1788096224,0,60103
grpo,1788096229,0,108719
grpo,1788096234,0,108719
grpo,1788096239,0,108719
grpo,1788096244,0,108719
grpo,1788096249,0,108719
grpo,1788096254,0,38731
grpo,1788096259,0,40897
grpo,1788096264,0,40897
grpo,1788096270,0,40901
grpo,1788096275,0,42701
grpo,1788096280,0,42701
grpo,1788096285,0,42701
grpo,1788096290,0,42701
grpo,1788096295,0,42701
grpo,1788096300,0,42701
grpo,1788096305,0,42701
grpo,1788096310,0,42701
grpo,1788096315,0,42701
grpo,1788096320,0,42701
grpo,1788096325,0,42701
grpo,1788096330,0,42701
grpo,1788096335,0,42701
grpo,1788096340,0,55981
grpo,1788096345,0,56341
grpo,1788096350,0,57781
grpo,1788096355,0,60041
grpo,1788096360,0,60041
grpo,1788096365,0,60041
grpo,1788096370,0,60041
grpo,1788096376,0,60041
grpo,1788096381,0,60041
grpo,1788096386,0,60041
grpo,1788096391,0,60043
grpo,1788096396,0,60043
grpo,1788096401,0,82125
grpo,1788096406,0,110273
grpo,1788096411,0,110273
grpo,1788096416,0,110273
grpo,1788096421,0,110273
grpo,1788096426,0,110273
grpo,1788096431,0,39975
grpo,1788096436,0,40897
grpo,1788096441,0,40917
grpo,1788096446,0,40921
grpo,1788096451,0,42721
grpo,1788096456,0,42721
grpo,1788096461,0,42721
grpo,1788096466,0,42721
grpo,1788096471,0,42721
grpo,1788096476,0,42721
grpo,1788096482,0,42721
grpo,1788096487,0,42721
grpo,1788096492,0,42721
grpo,1788096497,0,42721
grpo,1788096502,0,42721
grpo,1788096507,0,42721
grpo,1788096512,0,42721
grpo,1788096517,0,56001
grpo,1788096522,0,56541
grpo,1788096527,0,59781
grpo,1788096532,0,60041
grpo,1788096537,0,60041
grpo,1788096542,0,60041
grpo,1788096547,0,60101
grpo,1788096552,0,60101
grpo,1788096557,0,60101
grpo,1788096562,0,60101
grpo,1788096567,0,60101
grpo,1788096572,0,60101
grpo,1788096577,0,66341
grpo,1788096583,0,109357
grpo,1788096588,0,109357
grpo,1788096593,0,109357
grpo,1788096598,0,109357
grpo,1788096603,0,43501
grpo,1788096608,0,40737
grpo,1788096613,0,40917
grpo,1788096618,0,40921
grpo,1788096623,0,42721
grpo,1788096628,0,42721
grpo,1788096633,0,42721
grpo,1788096638,0,42721
grpo,1788096643,0,42721
grpo,1788096648,0,42721
grpo,1788096653,0,42721
grpo,1788096658,0,42721
grpo,1788096663,0,42721
grpo,1788096668,0,42721
grpo,1788096673,0,42721
grpo,1788096678,0,42721
grpo,1788096683,0,42721
grpo,1788096689,0,55961
grpo,1788096694,0,56121
grpo,1788096699,0,57461
grpo,1788096704,0,60041
grpo,1788096709,0,60041
grpo,1788096714,0,60041
grpo,1788096719,0,60101
grpo,1788096724,0,60101
grpo,1788096729,0,60101
grpo,1788096734,0,60101
grpo,1788096739,0,60103
grpo,1788096744,0,60103
grpo,1788096749,0,106123
grpo,1788096754,0,109219
grpo,1788096759,0,109219
grpo,1788096764,0,109219
grpo,1788096769,0,109219
grpo,1788096774,0,109219
grpo,1788096779,0,40517
grpo,1788096784,0,40897
grpo,1788096789,0,40917
grpo,1788096795,0,42723
grpo,1788096800,0,42723
grpo,1788096805,0,42723
grpo,1788096810,0,42723
grpo,1788096815,0,42723
grpo,1788096820,0,42723
grpo,1788096825,0,42723
grpo,1788096830,0,42723
grpo,1788096835,0,42723
grpo,1788096840,0,42723
grpo,1788096845,0,42723
grpo,1788096850,0,42723
grpo,1788096855,0,42723
grpo,1788096860,0,42723
grpo,1788096865,0,56043
grpo,1788096870,0,56883
grpo,1788096875,0,60043
grpo,1788096880,0,60043
grpo,1788096885,0,60043
grpo,1788096890,0,60043
grpo,1788096895,0,60103
grpo,1788096901,0,60103
grpo,1788096906,0,60103
grpo,1788096911,0,60103
grpo,1788096916,0,60103
grpo,1788096921,0,60103
grpo,1788096926,0,60103
grpo,1788096931,0,108583
grpo,1788096936,0,108583
grpo,1788096941,0,108583
grpo,1788096946,0,108583
grpo,1788096951,0,108583
grpo,1788096956,0,39933
grpo,1788096961,0,40897
grpo,1788096966,0,40917
grpo,1788096971,0,40921
grpo,1788096976,0,42721
grpo,1788096981,0,42721
grpo,1788096986,0,42721
grpo,1788096991,0,42721
grpo,1788096996,0,42721
grpo,1788097001,0,42721
grpo,1788097007,0,42721
grpo,1788097012,0,42721
grpo,1788097017,0,42721
grpo,1788097022,0,42721
grpo,1788097027,0,42721
grpo,1788097032,0,42721
grpo,1788097037,0,42721
grpo,1788097042,0,55981
grpo,1788097047,0,56441
grpo,1788097052,0,58261
grpo,1788097057,0,60041
grpo,1788097062,0,60041
grpo,1788097067,0,60041
grpo,1788097072,0,60101
grpo,1788097077,0,60101
grpo,1788097082,0,60101
grpo,1788097087,0,60101
grpo,1788097092,0,60101
grpo,1788097097,0,60101
grpo,1788097102,0,60101
grpo,1788097107,0,109413
grpo,1788097113,0,109413
grpo,1788097118,0,109413
grpo,1788097123,0,109413
grpo,1788097128,0,109413
grpo,1788097133,0,109413
grpo,1788097138,0,40157
grpo,1788097143,0,40897
grpo,1788097148,0,40897
grpo,1788097153,0,40903
grpo,1788097158,0,42703
grpo,1788097163,0,42703
grpo,1788097168,0,42703
grpo,1788097173,0,42703
grpo,1788097178,0,42703
grpo,1788097183,0,42703
grpo,1788097188,0,42703
grpo,1788097193,0,42703
grpo,1788097198,0,42703
grpo,1788097203,0,42703
grpo,1788097208,0,42703
grpo,1788097214,0,42703
grpo,1788097219,0,42703
grpo,1788097224,0,56143
grpo,1788097229,0,56943
grpo,1788097234,0,60183
grpo,1788097239,0,60183
grpo,1788097244,0,60183
grpo,1788097249,0,60183
grpo,1788097254,0,60183
grpo,1788097259,0,60183
grpo,1788097264,0,60183
grpo,1788097269,0,60183
grpo,1788097274,0,60183
grpo,1788097279,0,60183
grpo,1788097284,0,60183
grpo,1788097289,0,60183
grpo,1788097294,0,107829
grpo,1788097299,0,109021
grpo,1788097304,0,109021
grpo,1788097309,0,109021
grpo,1788097315,0,109021
grpo,1788097320,0,109021
grpo,1788097325,0,40057
grpo,1788097330,0,40899
grpo,1788097335,0,40919
grpo,1788097340,0,40925
grpo,1788097345,0,42725
grpo,1788097350,0,42725
grpo,1788097355,0,42725
grpo,1788097360,0,42725
grpo,1788097365,0,42725
grpo,1788097370,0,42725
grpo,1788097375,0,42725
grpo,1788097380,0,42725
grpo,1788097385,0,42725
grpo,1788097390,0,42725
grpo,1788097395,0,42725
grpo,1788097400,0,42725
grpo,1788097405,0,42725
grpo,1788097410,0,56005
grpo,1788097415,0,56505
grpo,1788097421,0,59905
grpo,1788097426,0,60045
grpo,1788097431,0,60045
grpo,1788097436,0,60045
grpo,1788097441,0,60105
grpo,1788097446,0,60105
grpo,1788097451,0,60105
grpo,1788097456,0,60105
grpo,1788097461,0,60105
grpo,1788097466,0,60105
grpo,1788097471,0,60105
grpo,1788097476,0,104589
grpo,1788097481,0,109257
grpo,1788097486,0,109257
grpo,1788097491,0,109257
grpo,1788097496,0,109257
grpo,1788097501,0,109257
grpo,1788097506,0,40017
grpo,1788097511,0,40899
grpo,1788097516,0,40919
grpo,1788097521,0,40925
grpo,1788097526,0,42725
grpo,1788097532,0,42725
grpo,1788097537,0,42725
grpo,1788097542,0,42725
grpo,1788097547,0,42725
grpo,1788097552,0,42725
grpo,1788097557,0,42725
grpo,1788097562,0,42725
grpo,1788097567,0,42725
grpo,1788097572,0,42725
grpo,1788097577,0,42725
grpo,1788097582,0,42725
grpo,1788097587,0,42725
grpo,1788097592,0,56005
grpo,1788097597,0,56645
grpo,1788097602,0,59025
grpo,1788097607,0,60045
grpo,1788097612,0,60045
grpo,1788097617,0,60045
grpo,1788097622,0,60105
grpo,1788097627,0,60105
grpo,1788097632,0,60105
grpo,1788097638,0,60105
grpo,1788097643,0,60105
grpo,1788097648,0,60105
grpo,1788097653,0,60105
grpo,1788097658,0,107859
grpo,1788097663,0,107859
grpo,1788097668,0,107859
grpo,1788097673,0,107859
grpo,1788097678,0,107859
grpo,1788097683,0,107859
grpo,1788097688,0,40319
grpo,1788097693,0,40899
grpo,1788097698,0,40919
grpo,1788097703,0,40925
grpo,1788097708,0,42725
grpo,1788097713,0,42725
grpo,1788097718,0,42725
grpo,1788097723,0,42725
grpo,1788097728,0,42725
grpo,1788097733,0,42725
grpo,1788097738,0,42725
grpo,1788097744,0,42725
grpo,1788097749,0,42725
grpo,1788097754,0,42725
grpo,1788097759,0,42725
grpo,1788097764,0,42725
grpo,1788097769,0,42725
grpo,1788097774,0,56025
grpo,1788097779,0,56685
grpo,1788097784,0,60045
grpo,1788097789,0,60045
grpo,1788097794,0,60045
grpo,1788097799,0,60045
grpo,1788097804,0,60105
grpo,1788097809,0,60105
grpo,1788097814,0,60105
grpo,1788097819,0,60105
grpo,1788097824,0,60105
grpo,1788097829,0,60105
grpo,1788097834,0,60105
grpo,1788097839,0,108865
grpo,1788097844,0,108865
grpo,1788097850,0,108865
grpo,1788097855,0,108865
grpo,1788097860,0,108865
grpo,1788097865,0,108865
grpo,1788097870,0,40139
grpo,1788097875,0,40899
grpo,1788097880,0,40919
grpo,1788097885,0,40925
grpo,1788097890,0,42725
grpo,1788097895,0,42725
grpo,1788097900,0,42725
grpo,1788097905,0,42725
grpo,1788097910,0,42725
grpo,1788097915,0,42725
grpo,1788097920,0,42725
grpo,1788097925,0,42725
grpo,1788097930,0,42725
grpo,1788097935,0,42725
grpo,1788097940,0,42725
grpo,1788097945,0,42725
grpo,1788097950,0,42725
grpo,1788097956,0,56005
grpo,1788097961,0,56525
grpo,1788097966,0,59465
grpo,1788097971,0,60045
grpo,1788097976,0,60045
grpo,1788097981,0,60045
grpo,1788097986,0,60105
grpo,1788097991,0,60105
grpo,1788097996,0,60105
grpo,1788098001,0,60105
grpo,1788098006,0,60105
grpo,1788098011,0,60105
grpo,1788098016,0,60105
grpo,1788098021,0,60105
grpo,1788098026,0,108281
grpo,1788098031,0,108281
grpo,1788098036,0,108281
grpo,1788098041,0,108281
grpo,1788098046,0,108281
grpo,1788098051,0,108281
grpo,1788098056,0,40379
grpo,1788098062,0,40899
grpo,1788098067,0,40899
grpo,1788098072,0,40905
grpo,1788098077,0,42705
grpo,1788098082,0,42705
grpo,1788098087,0,42705
grpo,1788098092,0,42705
grpo,1788098097,0,42705
grpo,1788098102,0,42705
grpo,1788098107,0,42705
grpo,1788098112,0,42705
grpo,1788098117,0,42705
grpo,1788098122,0,42705
grpo,1788098127,0,42705
grpo,1788098132,0,42705
grpo,1788098137,0,42705
grpo,1788098142,0,56145
grpo,1788098147,0,57025
grpo,1788098152,0,60185
grpo,1788098157,0,60185
grpo,1788098162,0,60185
grpo,1788098168,0,60185
grpo,1788098173,0,60185
grpo,1788098178,0,60185
grpo,1788098183,0,60185
grpo,1788098188,0,60185
grpo,1788098193,0,60185
grpo,1788098198,0,60185
grpo,1788098203,0,60185
grpo,1788098208,0,60185
grpo,1788098213,0,109113
grpo,1788098218,0,109113
grpo,1788098223,0,109113
grpo,1788098228,0,109113
grpo,1788098233,0,109113
grpo,1788098238,0,109113
grpo,1788098243,0,40899
grpo,1788098248,0,40919
grpo,1788098253,0,40921
grpo,1788098258,0,42723
grpo,1788098263,0,42723
grpo,1788098269,0,42723
grpo,1788098274,0,42723
grpo,1788098279,0,42723
grpo,1788098284,0,42723
grpo,1788098289,0,42723
grpo,1788098294,0,42723
grpo,1788098299,0,42723
grpo,1788098304,0,42723
grpo,1788098309,0,42723
grpo,1788098314,0,42723
grpo,1788098319,0,42723
grpo,1788098324,0,55943
grpo,1788098329,0,56103
grpo,1788098334,0,57443
grpo,1788098339,0,60043
grpo,1788098344,0,60043
grpo,1788098349,0,60043
grpo,1788098354,0,60063
grpo,1788098359,0,60103
grpo,1788098364,0,60103
grpo,1788098369,0,60103
grpo,1788098375,0,60103
grpo,1788098380,0,60103
grpo,1788098385,0,60103
grpo,1788098390,0,44755
grpo,1788098395,0,116081
grpo,1788098400,0,116081
grpo,1788098405,0,116081
grpo,1788098410,0,116081
grpo,1788098415,0,116081
grpo,1788098420,0,39855
grpo,1788098425,0,40899
grpo,1788098430,0,40899
grpo,1788098435,0,40905
grpo,1788098440,0,42705
grpo,1788098445,0,42705
grpo,1788098450,0,42705
grpo,1788098455,0,42705
grpo,1788098460,0,42705
grpo,1788098465,0,42705
grpo,1788098470,0,42705
grpo,1788098476,0,42705
grpo,1788098481,0,42705
grpo,1788098486,0,42705
grpo,1788098491,0,42705
grpo,1788098496,0,42705
grpo,1788098501,0,42705
grpo,1788098506,0,55985
grpo,1788098511,0,56365
grpo,1788098516,0,59905
grpo,1788098521,0,60045
grpo,1788098526,0,60045
grpo,1788098531,0,60045
grpo,1788098536,0,60045
grpo,1788098541,0,60045
grpo,1788098546,0,60045
grpo,1788098551,0,60045
grpo,1788098556,0,60045
grpo,1788098561,0,60045
grpo,1788098566,0,60045
grpo,1788098571,0,66345
grpo,1788098577,0,114415
grpo,1788098582,0,114415
grpo,1788098587,0,114415
grpo,1788098592,0,114415
grpo,1788098597,0,114415
grpo,1788098602,0,40259
grpo,1788098607,0,40919
grpo,1788098612,0,40921
grpo,1788098617,0,42723
grpo,1788098622,0,42723
grpo,1788098627,0,42723
grpo,1788098632,0,42723
grpo,1788098637,0,42723
grpo,1788098642,0,42723
grpo,1788098647,0,42723
grpo,1788098652,0,42723
grpo,1788098657,0,42723
grpo,1788098662,0,42723
grpo,1788098667,0,42723
grpo,1788098672,0,42723
grpo,1788098677,0,42723
grpo,1788098683,0,55943
grpo,1788098688,0,56083
grpo,1788098693,0,56663
grpo,1788098698,0,60043
grpo,1788098703,0,60043
grpo,1788098708,0,60043
grpo,1788098713,0,60103
grpo,1788098718,0,60103
grpo,1788098723,0,60103
grpo,1788098728,0,60103
grpo,1788098733,0,60105
grpo,1788098738,0,60105
grpo,1788098743,0,60105
grpo,1788098748,0,116525
grpo,1788098753,0,116525
grpo,1788098758,0,116525
grpo,1788098763,0,116525
grpo,1788098768,0,116525
grpo,1788098773,0,38733
grpo,1788098778,0,40899
grpo,1788098783,0,40919
grpo,1788098789,0,40923
grpo,1788098794,0,42723
grpo,1788098799,0,42723
grpo,1788098804,0,42723
grpo,1788098809,0,42723
grpo,1788098814,0,42723
grpo,1788098819,0,42723
grpo,1788098824,0,42723
grpo,1788098829,0,42723
grpo,1788098834,0,42723
grpo,1788098839,0,42723
grpo,1788098844,0,42723
grpo,1788098849,0,42723
grpo,1788098854,0,42723
grpo,1788098859,0,55943
grpo,1788098864,0,56103
grpo,1788098869,0,57523
grpo,1788098874,0,60043
grpo,1788098879,0,60043
grpo,1788098884,0,60043
grpo,1788098890,0,60063
grpo,1788098895,0,60103
grpo,1788098900,0,60103
grpo,1788098905,0,60103
grpo,1788098910,0,60103
grpo,1788098915,0,60103
grpo,1788098920,0,60103
grpo,1788098925,0,87101
grpo,1788098930,0,105567
grpo,1788098935,0,105567
grpo,1788098940,0,105567
grpo,1788098945,0,105569
grpo,1788098950,0,108961
grpo,1788098955,0,108961
grpo,1788098960,0,108961
grpo,1788098965,0,108961
grpo,1788098970,0,108961
grpo,1788098975,0,40319
grpo,1788098980,0,40899
grpo,1788098985,0,40899
grpo,1788098991,0,42705
grpo,1788098996,0,42705
grpo,1788099001,0,42705
grpo,1788099006,0,42705
grpo,1788099011,0,42705
grpo,1788099016,0,42705
grpo,1788099021,0,42705
grpo,1788099026,0,42705
grpo,1788099031,0,42705
grpo,1788099036,0,42705
grpo,1788099041,0,42705
grpo,1788099046,0,42705
grpo,1788099051,0,42705
grpo,1788099056,0,42705
grpo,1788099061,0,56045
grpo,1788099066,0,56645
grpo,1788099071,0,60045
grpo,1788099076,0,60045
grpo,1788099081,0,60045
grpo,1788099086,0,60045
grpo,1788099092,0,60065
grpo,1788099097,0,60065
grpo,1788099102,0,60065
grpo,1788099107,0,60065
grpo,1788099112,0,60065
grpo,1788099117,0,60065
grpo,1788099122,0,60065
grpo,1788099127,0,114679
grpo,1788099132,0,114679
grpo,1788099137,0,114679
grpo,1788099142,0,114679
grpo,1788099147,0,114679
grpo,1788099152,0,114679
grpo,1788099157,0,40899
grpo,1788099162,0,40899
grpo,1788099167,0,40899
grpo,1788099172,0,42705
grpo,1788099177,0,42705
grpo,1788099182,0,42705
grpo,1788099187,0,42705
grpo,1788099192,0,42705
grpo,1788099198,0,42705
grpo,1788099203,0,42705
grpo,1788099208,0,42705
grpo,1788099213,0,42705
grpo,1788099218,0,42705
grpo,1788099223,0,42705
grpo,1788099228,0,42705
grpo,1788099233,0,42705
grpo,1788099238,0,42705
grpo,1788099243,0,56065
grpo,1788099248,0,57125
grpo,1788099253,0,60045
grpo,1788099258,0,60045
grpo,1788099263,0,60045
grpo,1788099268,0,60045
grpo,1788099273,0,60045
grpo,1788099278,0,60045
grpo,1788099283,0,60045
grpo,1788099288,0,60045
grpo,1788099293,0,60045
grpo,1788099298,0,60045
grpo,1788099304,0,60045
grpo,1788099309,0,44755
grpo,1788099314,0,110067
grpo,1788099319,0,110067
grpo,1788099324,0,110067
grpo,1788099329,0,110067
grpo,1788099334,0,110067
grpo,1788099339,0,40779
grpo,1788099344,0,40919
grpo,1788099349,0,40923
grpo,1788099354,0,42723
grpo,1788099359,0,42723
grpo,1788099364,0,42723
grpo,1788099369,0,42723
grpo,1788099374,0,42723
grpo,1788099379,0,42723
grpo,1788099384,0,42723
grpo,1788099389,0,42723
grpo,1788099394,0,42723
grpo,1788099399,0,42723
grpo,1788099405,0,42723
grpo,1788099410,0,42723
grpo,1788099415,0,42723
grpo,1788099420,0,55943
grpo,1788099425,0,56083
grpo,1788099430,0,57123
grpo,1788099435,0,60043
grpo,1788099440,0,60043
grpo,1788099445,0,60043
grpo,1788099450,0,60103
grpo,1788099455,0,60103
grpo,1788099460,0,60103
grpo,1788099465,0,60103
grpo,1788099470,0,60103
grpo,1788099475,0,60103
grpo,1788099480,0,60103
grpo,1788099485,0,109211
grpo,1788099490,0,109211
grpo,1788099495,0,109211
grpo,1788099500,0,109211
grpo,1788099506,0,109211
grpo,1788099511,0,43355
grpo,1788099516,0,40899
grpo,1788099521,0,40919
grpo,1788099526,0,40919
grpo,1788099531,0,42725
grpo,1788099536,0,42725
grpo,1788099541,0,42725
grpo,1788099546,0,42725
grpo,1788099551,0,42725
grpo,1788099556,0,42725
grpo,1788099561,0,42725
grpo,1788099566,0,42725
grpo,1788099571,0,42725
grpo,1788099576,0,42725
grpo,1788099581,0,42725
grpo,1788099586,0,42725
grpo,1788099591,0,42725
grpo,1788099596,0,55925
grpo,1788099601,0,56085
grpo,1788099607,0,57305
grpo,1788099612,0,60045
grpo,1788099617,0,60045
grpo,1788099622,0,60045
grpo,1788099627,0,60065
grpo,1788099632,0,60105
grpo,1788099637,0,60105
grpo,1788099642,0,60105
grpo,1788099647,0,60105
grpo,1788099652,0,60105
grpo,1788099657,0,60105
grpo,1788099662,0,60105
grpo,1788099667,0,109861
grpo,1788099672,0,109861
grpo,1788099677,0,109861
grpo,1788099682,0,109861
grpo,1788099687,0,109861
grpo,1788099692,0,109861
grpo,1788099697,0,40899
grpo,1788099702,0,40899
grpo,1788099708,0,40919
grpo,1788099713,0,40925
grpo,1788099718,0,42725
grpo,1788099723,0,42725
grpo,1788099728,0,42725
grpo,1788099733,0,42725
grpo,1788099738,0,42725
grpo,1788099743,0,42725
grpo,1788099748,0,42725
grpo,1788099753,0,42725
grpo,1788099758,0,42725
grpo,1788099763,0,42725
grpo,1788099768,0,42725
grpo,1788099773,0,42725
grpo,1788099778,0,42725
grpo,1788099783,0,56025
grpo,1788099788,0,56965
grpo,1788099793,0,60045
grpo,1788099798,0,60045
grpo,1788099803,0,60045
grpo,1788099808,0,60045
grpo,1788099813,0,60105
grpo,1788099819,0,60105
grpo,1788099824,0,60105
grpo,1788099829,0,60105
grpo,1788099834,0,60105
grpo,1788099839,0,60105
grpo,1788099844,0,60105
grpo,1788099849,0,44755
grpo,1788099854,0,109117
grpo,1788099859,0,109117
grpo,1788099864,0,109117
grpo,1788099869,0,109117
grpo,1788099874,0,109117
grpo,1788099879,0,40299
grpo,1788099884,0,40899
grpo,1788099889,0,40899
grpo,1788099894,0,42703
grpo,1788099899,0,42703
grpo,1788099904,0,42703
grpo,1788099909,0,42703
grpo,1788099914,0,42703
grpo,1788099920,0,42703
grpo,1788099925,0,42703
grpo,1788099930,0,42703
grpo,1788099935,0,42703
grpo,1788099940,0,42703
grpo,1788099945,0,42703
grpo,1788099950,0,42703
grpo,1788099955,0,42703
grpo,1788099960,0,42703
grpo,1788099965,0,56163
grpo,1788099970,0,56823
grpo,1788099975,0,60183
grpo,1788099980,0,60183
grpo,1788099985,0,60183
grpo,1788099990,0,60183
grpo,1788099995,0,60183
grpo,1788100000,0,60183
grpo,1788100005,0,60183
grpo,1788100010,0,60183
grpo,1788100015,0,60183
grpo,1788100020,0,60183
grpo,1788100026,0,60183
grpo,1788100031,0,109049
grpo,1788100036,0,109049
grpo,1788100041,0,109049
grpo,1788100046,0,109049
grpo,1788100051,0,109049
grpo,1788100056,0,40119
grpo,1788100061,0,40919
grpo,1788100066,0,40921
grpo,1788100071,0,42723
grpo,1788100076,0,42723
grpo,1788100081,0,42723
grpo,1788100086,0,42723
grpo,1788100091,0,42723
grpo,1788100096,0,42723
grpo,1788100101,0,42723
grpo,1788100106,0,42723
grpo,1788100111,0,42723
grpo,1788100116,0,42723
grpo,1788100121,0,42723
grpo,1788100127,0,42723
grpo,1788100132,0,42723
grpo,1788100137,0,56083
grpo,1788100142,0,56203
grpo,1788100147,0,56743
grpo,1788100152,0,60183
grpo,1788100157,0,60183
grpo,1788100162,0,60183
grpo,1788100167,0,60243
grpo,1788100172,0,60243
grpo,1788100177,0,60243
grpo,1788100182,0,60243
grpo,1788100187,0,60243
grpo,1788100192,0,60243
grpo,1788100197,0,60243
grpo,1788100202,0,108349
grpo,1788100207,0,108349
grpo,1788100212,0,108349
grpo,1788100217,0,108349
grpo,1788100222,0,108349
grpo,1788100228,0,108349
grpo,1788100233,0,40279
grpo,1788100238,0,40899
grpo,1788100243,0,40919
grpo,1788100248,0,40925
grpo,1788100253,0,42725
grpo,1788100258,0,42725
grpo,1788100263,0,42725
grpo,1788100268,0,42725
grpo,1788100273,0,42725
grpo,1788100278,0,42725
grpo,1788100283,0,42725
grpo,1788100288,0,42725
grpo,1788100293,0,42725
grpo,1788100298,0,42725
grpo,1788100303,0,42725
grpo,1788100308,0,42725
grpo,1788100313,0,42725
grpo,1788100318,0,56145
grpo,1788100323,0,57045
grpo,1788100328,0,60185
grpo,1788100334,0,60185
grpo,1788100339,0,60185
grpo,1788100344,0,60185
grpo,1788100349,0,60185
grpo,1788100354,0,60245
grpo,1788100359,0,60245
grpo,1788100364,0,60245
grpo,1788100369,0,60245
grpo,1788100374,0,60245
grpo,1788100379,0,60245
grpo,1788100384,0,60245
grpo,1788100389,0,114139
grpo,1788100394,0,114139
grpo,1788100399,0,114139
grpo,1788100404,0,114139
grpo,1788100409,0,114139
grpo,1788100414,0,48283
grpo,1788100419,0,40899
grpo,1788100424,0,40899
grpo,1788100429,0,40903
grpo,1788100435,0,42703
grpo,1788100440,0,42703
grpo,1788100445,0,42703
grpo,1788100450,0,42703
grpo,1788100455,0,42703
grpo,1788100460,0,42703
grpo,1788100465,0,42703
grpo,1788100470,0,42703
grpo,1788100475,0,42703
grpo,1788100480,0,42703
grpo,1788100485,0,42703
grpo,1788100490,0,42703
grpo,1788100495,0,42703
grpo,1788100500,0,55963
grpo,1788100505,0,56083
grpo,1788100510,0,57563
grpo,1788100515,0,60043
grpo,1788100520,0,60043
grpo,1788100525,0,60043
grpo,1788100530,0,60043
grpo,1788100535,0,60043
grpo,1788100541,0,60043
grpo,1788100546,0,60043
grpo,1788100551,0,60043
grpo,1788100556,0,60045
grpo,1788100561,0,60045
grpo,1788100566,0,109617
grpo,1788100571,0,109617
grpo,1788100576,0,109617
grpo,1788100581,0,109617
grpo,1788100586,0,109617
grpo,1788100591,0,39835
grpo,1788100596,0,40899
grpo,1788100601,0,40899
grpo,1788100606,0,40903
grpo,1788100611,0,42703
grpo,1788100616,0,42703
grpo,1788100621,0,42703
grpo,1788100626,0,42703
grpo,1788100631,0,42703
grpo,1788100636,0,42703
grpo,1788100641,0,42703
grpo,1788100647,0,42703
grpo,1788100652,0,42703
grpo,1788100657,0,42703
grpo,1788100662,0,42703
grpo,1788100667,0,42703
grpo,1788100672,0,42703
grpo,1788100677,0,56103
grpo,1788100682,0,56243
grpo,1788100687,0,58683
grpo,1788100692,0,60183
grpo,1788100697,0,60183
grpo,1788100702,0,60183
grpo,1788100707,0,60183
grpo,1788100712,0,60183
grpo,1788100717,0,60183
grpo,1788100722,0,60183
grpo,1788100727,0,60183
grpo,1788100732,0,60185
grpo,1788100737,0,60185
grpo,1788100742,0,109533
grpo,1788100748,0,109533
grpo,1788100753,0,109533
grpo,1788100758,0,109533
grpo,1788100763,0,109533
grpo,1788100768,0,40299
grpo,1788100773,0,40899
grpo,1788100778,0,40903
grpo,1788100783,0,42703
grpo,1788100788,0,42703
grpo,1788100793,0,42703
grpo,1788100798,0,42703
grpo,1788100803,0,42703
grpo,1788100808,0,42703
grpo,1788100813,0,42703
grpo,1788100818,0,42703
grpo,1788100823,0,42703
grpo,1788100828,0,42703
grpo,1788100833,0,42703
grpo,1788100838,0,42703
grpo,1788100843,0,42703
grpo,1788100848,0,56083
grpo,1788100854,0,56183
grpo,1788100859,0,56803
grpo,1788100864,0,60183
grpo,1788100869,0,60183
grpo,1788100874,0,60183
grpo,1788100879,0,60203
grpo,1788100884,0,60203
grpo,1788100889,0,60203
grpo,1788100894,0,60203
grpo,1788100899,0,60203
grpo,1788100904,0,60203
grpo,1788100909,0,45943
grpo,1788100914,0,108989
grpo,1788100919,0,108989
grpo,1788100924,0,108989
grpo,1788100929,0,108989
grpo,1788100934,0,108989
grpo,1788100939,0,40899
grpo,1788100944,0,40899
grpo,1788100949,0,40903
grpo,1788100954,0,42703
grpo,1788100960,0,42703
grpo,1788100965,0,42703
grpo,1788100970,0,42703
grpo,1788100975,0,42703
grpo,1788100980,0,42703
grpo,1788100985,0,42703
grpo,1788100990,0,42703
grpo,1788100995,0,42703
grpo,1788101000,0,42703
grpo,1788101005,0,42703
grpo,1788101010,0,42703
grpo,1788101015,0,42703
grpo,1788101020,0,55943
grpo,1788101025,0,56043
grpo,1788101030,0,56703
grpo,1788101035,0,60043
grpo,1788101040,0,60043
grpo,1788101045,0,60043
grpo,1788101050,0,60043
grpo,1788101055,0,60043
grpo,1788101061,0,60043
grpo,1788101066,0,60043
grpo,1788101071,0,60043
grpo,1788101076,0,60043
grpo,1788101081,0,60043
grpo,1788101086,0,109161
grpo,1788101091,0,109161
grpo,1788101096,0,109161
grpo,1788101101,0,109161
grpo,1788101106,0,109161
grpo,1788101111,0,39895
grpo,1788101116,0,40899
grpo,1788101121,0,40899
grpo,1788101126,0,40903
grpo,1788101131,0,42703
grpo,1788101136,0,42703
grpo,1788101141,0,42703
grpo,1788101146,0,42703
grpo,1788101151,0,42703
grpo,1788101156,0,42703
grpo,1788101161,0,42703
grpo,1788101167,0,42703
grpo,1788101172,0,42703
grpo,1788101177,0,42703
grpo,1788101182,0,42703
grpo,1788101187,0,42703
grpo,1788101192,0,42703
grpo,1788101197,0,56003
grpo,1788101202,0,56363
grpo,1788101207,0,59043
grpo,1788101212,0,60043
grpo,1788101217,0,60043
grpo,1788101222,0,60043
grpo,1788101227,0,60043
grpo,1788101232,0,60043
grpo,1788101237,0,60043
grpo,1788101242,0,60043
grpo,1788101247,0,60043
grpo,1788101252,0,60043
grpo,1788101257,0,60043
grpo,1788101262,0,108367
grpo,1788101267,0,108367
grpo,1788101273,0,108367
grpo,1788101278,0,108367
grpo,1788101283,0,108367
grpo,1788101288,0,39855
grpo,1788101293,0,40899
grpo,1788101298,0,40899
grpo,1788101303,0,40903
grpo,1788101308,0,42703
grpo,1788101313,0,42703
grpo,1788101318,0,42703
grpo,1788101323,0,42703
grpo,1788101328,0,42703
grpo,1788101333,0,42703
grpo,1788101338,0,42703
grpo,1788101343,0,42703
grpo,1788101348,0,42703
grpo,1788101353,0,42703
grpo,1788101358,0,42703
grpo,1788101363,0,42703
grpo,1788101368,0,42703
grpo,1788101374,0,55983
grpo,1788101379,0,56123
grpo,1788101384,0,59863
grpo,1788101389,0,60043
grpo,1788101394,0,60043
grpo,1788101399,0,60043
grpo,1788101404,0,60043
grpo,1788101409,0,60043
grpo,1788101414,0,60043
grpo,1788101419,0,60043
grpo,1788101424,0,60043
grpo,1788101429,0,60043
grpo,1788101434,0,66343
grpo,1788101439,0,109525
grpo,1788101444,0,109525
grpo,1788101449,0,109525
grpo,1788101454,0,109525
grpo,1788101459,0,109525
grpo,1788101464,0,40299
grpo,1788101469,0,40919
grpo,1788101474,0,40923
grpo,1788101480,0,42723
grpo,1788101485,0,42723
grpo,1788101490,0,42723
grpo,1788101495,0,42723
grpo,1788101500,0,42723
grpo,1788101505,0,42723
grpo,1788101510,0,42723
grpo,1788101515,0,42723
grpo,1788101520,0,42723
grpo,1788101525,0,42723
grpo,1788101530,0,42723
grpo,1788101535,0,42723
grpo,1788101540,0,42723
grpo,1788101545,0,56063
grpo,1788101550,0,56183
grpo,1788101555,0,56883
grpo,1788101560,0,60183
grpo,1788101565,0,60183
grpo,1788101570,0,60183
grpo,1788101575,0,60243
grpo,1788101580,0,60243
grpo,1788101586,0,60243
grpo,1788101591,0,60243
grpo,1788101596,0,60243
grpo,1788101601,0,60243
grpo,1788101606,0,60243
grpo,1788101611,0,110635
grpo,1788101616,0,110635
grpo,1788101621,0,110635
grpo,1788101626,0,110635
grpo,1788101631,0,110635
grpo,1788101636,0,40097
grpo,1788101641,0,40919
grpo,1788101646,0,40923
grpo,1788101651,0,42723
grpo,1788101656,0,42723
grpo,1788101661,0,42723
grpo,1788101666,0,42723
grpo,1788101671,0,42723
grpo,1788101676,0,42723
grpo,1788101681,0,42723
grpo,1788101686,0,42723
grpo,1788101692,0,42723
grpo,1788101697,0,42723
grpo,1788101702,0,42723
grpo,1788101707,0,42723
grpo,1788101712,0,42723
grpo,1788101717,0,56063
grpo,1788101722,0,56163
grpo,1788101727,0,56543
grpo,1788101732,0,60183
grpo,1788101737,0,60183
grpo,1788101742,0,60183
grpo,1788101747,0,60243
grpo,1788101752,0,60243
grpo,1788101757,0,60243
grpo,1788101762,0,60243
grpo,1788101767,0,60243
grpo,1788101772,0,60243
grpo,1788101777,0,73703
grpo,1788101782,0,109125
grpo,1788101787,0,109125
grpo,1788101793,0,109125
grpo,1788101798,0,109125
grpo,1788101803,0,109125
grpo,1788101808,0,40339
grpo,1788101813,0,40919
grpo,1788101818,0,40921
grpo,1788101823,0,42723
grpo,1788101828,0,42723
grpo,1788101833,0,42723
grpo,1788101838,0,42723
grpo,1788101843,0,42723
grpo,1788101848,0,42723
grpo,1788101853,0,42723
grpo,1788101858,0,42723
grpo,1788101863,0,42723
grpo,1788101868,0,42723
grpo,1788101873,0,42723
grpo,1788101878,0,42723
grpo,1788101883,0,42723
grpo,1788101888,0,55923
grpo,1788101894,0,56043
grpo,1788101899,0,56763
grpo,1788101904,0,60043
grpo,1788101909,0,60043
grpo,1788101914,0,60043
grpo,1788101919,0,60103
grpo,1788101924,0,60103
grpo,1788101929,0,60103
grpo,1788101934,0,60103
grpo,1788101939,0,60103
grpo,1788101944,0,60103
grpo,1788101949,0,60103
grpo,1788101954,0,109133
grpo,1788101959,0,109133
grpo,1788101964,0,109133
grpo,1788101969,0,109133
grpo,1788101974,0,109133
grpo,1788101979,0,43277
grpo,1788101984,0,40899
grpo,1788101989,0,40919
grpo,1788101994,0,40925
grpo,1788102000,0,42725
grpo,1788102005,0,42725
grpo,1788102010,0,42725
grpo,1788102015,0,42725
grpo,1788102020,0,42725
grpo,1788102025,0,42725
grpo,1788102030,0,42725
grpo,1788102035,0,42725
grpo,1788102040,0,42725
grpo,1788102045,0,42725
grpo,1788102050,0,42725
grpo,1788102055,0,42725
grpo,1788102060,0,42725
grpo,1788102065,0,56085
grpo,1788102070,0,56245
grpo,1788102075,0,58265
grpo,1788102080,0,60185
grpo,1788102085,0,60185
grpo,1788102090,0,60185
grpo,1788102095,0,60185
grpo,1788102101,0,60245
grpo,1788102106,0,60245
grpo,1788102111,0,60245
grpo,1788102116,0,60245
grpo,1788102121,0,60245
grpo,1788102126,0,60245
grpo,1788102131,0,45943
grpo,1788102136,0,108649
grpo,1788102141,0,108649
grpo,1788102146,0,108649
grpo,1788102151,0,108649
grpo,1788102156,0,108649
grpo,1788102161,0,39895
grpo,1788102166,0,40899
grpo,1788102171,0,40919
grpo,1788102176,0,40923
grpo,1788102181,0,42723
grpo,1788102186,0,42723
grpo,1788102191,0,42723
grpo,1788102196,0,42723
grpo,1788102201,0,42723
grpo,1788102207,0,42723
grpo,1788102212,0,42723
grpo,1788102217,0,42723
grpo,1788102222,0,42723
grpo,1788102227,0,42723
grpo,1788102232,0,42723
grpo,1788102237,0,42723
grpo,1788102242,0,42723
grpo,1788102247,0,55983
grpo,1788102252,0,56363
grpo,1788102257,0,60023
grpo,1788102262,0,60043
grpo,1788102267,0,60043
grpo,1788102272,0,60043
grpo,1788102277,0,60103
grpo,1788102282,0,60103
grpo,1788102287,0,60103
grpo,1788102292,0,60103
grpo,1788102297,0,60103
grpo,1788102302,0,60105
grpo,1788102308,0,60105
grpo,1788102313,0,108935
grpo,1788102318,0,111303
grpo,1788102323,0,111303
grpo,1788102328,0,111303
grpo,1788102333,0,111303
grpo,1788102338,0,111303
grpo,1788102343,0,40579
grpo,1788102348,0,40899
grpo,1788102353,0,40899
grpo,1788102358,0,40905
grpo,1788102363,0,42705
grpo,1788102368,0,42705
grpo,1788102373,0,42705
grpo,1788102378,0,42705
grpo,1788102383,0,42705
grpo,1788102388,0,42705
grpo,1788102393,0,42705
grpo,1788102398,0,42705
grpo,1788102403,0,42705
grpo,1788102408,0,42705
grpo,1788102414,0,42705
grpo,1788102419,0,42705
grpo,1788102424,0,42705
grpo,1788102429,0,56145
grpo,1788102434,0,56565
grpo,1788102439,0,60185
grpo,1788102444,0,60185
grpo,1788102449,0,60185
grpo,1788102454,0,60185
grpo,1788102459,0,60205
grpo,1788102464,0,60205
grpo,1788102469,0,60205
grpo,1788102474,0,60205
grpo,1788102479,0,60205
grpo,1788102484,0,60205
grpo,1788102489,0,60205
grpo,1788102494,0,108313
grpo,1788102499,0,108313
grpo,1788102504,0,108313
grpo,1788102509,0,108313
grpo,1788102514,0,108313
grpo,1788102520,0,39915
grpo,1788102525,0,40899
grpo,1788102530,0,40899
grpo,1788102535,0,40903
grpo,1788102540,0,42703
grpo,1788102545,0,42703
grpo,1788102550,0,42703
grpo,1788102555,0,42703
grpo,1788102560,0,42703
grpo,1788102565,0,42703
grpo,1788102570,0,42703
grpo,1788102575,0,42703
grpo,1788102580,0,42703
grpo,1788102585,0,42703
grpo,1788102590,0,42703
grpo,1788102595,0,42703
grpo,1788102600,0,42703
grpo,1788102605,0,56003
grpo,1788102610,0,56163
grpo,1788102615,0,59743
grpo,1788102620,0,60043
grpo,1788102625,0,60043
grpo,1788102631,0,60043
grpo,1788102636,0,60043
grpo,1788102641,0,60043
grpo,1788102646,0,60043
grpo,1788102651,0,60043
grpo,1788102656,0,60045
grpo,1788102661,0,60045
grpo,1788102666,0,108507
grpo,1788102671,0,108507
grpo,1788102676,0,108507
grpo,1788102681,0,108507
grpo,1788102686,0,108507
grpo,1788102691,0,108507
grpo,1788102696,0,40579
grpo,1788102701,0,40899
grpo,1788102706,0,40899
grpo,1788102711,0,42703
grpo,1788102716,0,42703
grpo,1788102721,0,42703
grpo,1788102726,0,42703
grpo,1788102731,0,42703
grpo,1788102737,0,42703
grpo,1788102742,0,42703
grpo,1788102747,0,42703
grpo,1788102752,0,42703
grpo,1788102757,0,42703
grpo,1788102762,0,42703
grpo,1788102767,0,42703
grpo,1788102772,0,42703
grpo,1788102777,0,42703
grpo,1788102782,0,56023
grpo,1788102787,0,56623
grpo,1788102792,0,60043
grpo,1788102797,0,60043
grpo,1788102802,0,60043
grpo,1788102807,0,60043
grpo,1788102812,0,60063
grpo,1788102817,0,60063
grpo,1788102822,0,60063
grpo,1788102827,0,60063
grpo,1788102832,0,60063
grpo,1788102837,0,60065
grpo,1788102842,0,60065
grpo,1788102848,0,108353
grpo,1788102853,0,108353
grpo,1788102858,0,108353
grpo,1788102863,0,108353
grpo,1788102868,0,108353
grpo,1788102873,0,42497
grpo,1788102878,0,40899
grpo,1788102883,0,40919
grpo,1788102888,0,40923
grpo,1788102893,0,42723
grpo,1788102898,0,42723
grpo,1788102903,0,42723
grpo,1788102908,0,42723
grpo,1788102913,0,42723
grpo,1788102918,0,42723
grpo,1788102923,0,42723
grpo,1788102928,0,42723
grpo,1788102933,0,42723
grpo,1788102938,0,42723
grpo,1788102943,0,42723
grpo,1788102948,0,42723
grpo,1788102954,0,42723
grpo,1788102959,0,56103
grpo,1788102964,0,56263
grpo,1788102969,0,58003
grpo,1788102974,0,60183
grpo,1788102979,0,60183
grpo,1788102984,0,60183
grpo,1788102989,0,60243
grpo,1788102994,0,60243
grpo,1788102999,0,60243
grpo,1788103004,0,60243
grpo,1788103009,0,60243
grpo,1788103014,0,60245
grpo,1788103019,0,60245
grpo,1788103024,0,109217
grpo,1788103029,0,109217
grpo,1788103034,0,109217
grpo,1788103039,0,109217
grpo,1788103044,0,109217
grpo,1788103049,0,39895
grpo,1788103054,0,40899
grpo,1788103060,0,40899
grpo,1788103065,0,42703
grpo,1788103070,0,42703
grpo,1788103075,0,42703
grpo,1788103080,0,42703
grpo,1788103085,0,42703
grpo,1788103090,0,42703
grpo,1788103095,0,42703
grpo,1788103100,0,42703
grpo,1788103105,0,42703
grpo,1788103110,0,42703
grpo,1788103115,0,42703
grpo,1788103120,0,42703
grpo,1788103125,0,42703
grpo,1788103130,0,56043
grpo,1788103135,0,56143
grpo,1788103140,0,56543
grpo,1788103145,0,60183
grpo,1788103150,0,60183
grpo,1788103155,0,60183
grpo,1788103160,0,60183
grpo,1788103166,0,60183
grpo,1788103171,0,60183
grpo,1788103176,0,60183
grpo,1788103181,0,60183
grpo,1788103186,0,60183
grpo,1788103191,0,60183
grpo,1788103196,0,108461
grpo,1788103201,0,108461
grpo,1788103206,0,108461
grpo,1788103211,0,108461
grpo,1788103216,0,108461
grpo,1788103221,0,39855
grpo,1788103226,0,40899
grpo,1788103231,0,40919
grpo,1788103236,0,40923
grpo,1788103241,0,42723
grpo,1788103246,0,42723
grpo,1788103251,0,42723
grpo,1788103256,0,42723
grpo,1788103261,0,42723
grpo,1788103266,0,42723
grpo,1788103272,0,42723
grpo,1788103277,0,42723
grpo,1788103282,0,42723
grpo,1788103287,0,42723
grpo,1788103292,0,42723
grpo,1788103297,0,42723
grpo,1788103302,0,42723
grpo,1788103307,0,55983
grpo,1788103312,0,56243
grpo,1788103317,0,59023
grpo,1788103322,0,60043
grpo,1788103327,0,60043
grpo,1788103332,0,60043
grpo,1788103337,0,60103
grpo,1788103342,0,60103
grpo,1788103347,0,60103
grpo,1788103352,0,60103
grpo,1788103357,0,60103
grpo,1788103362,0,60103
grpo,1788103367,0,60103
grpo,1788103372,0,109873
grpo,1788103378,0,109873
grpo,1788103383,0,109873
grpo,1788103388,0,109873
grpo,1788103393,0,109873
grpo,1788103398,0,109873
grpo,1788103403,0,40559
grpo,1788103408,0,40899
grpo,1788103413,0,40919
grpo,1788103418,0,40925
grpo,1788103423,0,42725
grpo,1788103428,0,42725
grpo,1788103433,0,42725
grpo,1788103438,0,42725
grpo,1788103443,0,42725
grpo,1788103448,0,42725
grpo,1788103453,0,42725
grpo,1788103458,0,42725
grpo,1788103463,0,42725
grpo,1788103468,0,42725
grpo,1788103473,0,42725
grpo,1788103478,0,42725
grpo,1788103484,0,42725
grpo,1788103489,0,56125
grpo,1788103494,0,56985
grpo,1788103499,0,60185
grpo,1788103504,0,60185
grpo,1788103509,0,60185
grpo,1788103514,0,60185
grpo,1788103519,0,60245
grpo,1788103524,0,60245
grpo,1788103529,0,60245
grpo,1788103534,0,60245
grpo,1788103539,0,60245
grpo,1788103544,0,60245
grpo,1788103549,0,60245
grpo,1788103554,0,66485
grpo,1788103559,0,116377
grpo,1788103564,0,116377
grpo,1788103569,0,116377
grpo,1788103574,0,116377
grpo,1788103579,0,116377
grpo,1788103584,0,39855
grpo,1788103590,0,40899
grpo,1788103595,0,40919
grpo,1788103600,0,40925
grpo,1788103605,0,42725
grpo,1788103610,0,42725
grpo,1788103615,0,42725
grpo,1788103620,0,42725
grpo,1788103625,0,42725
grpo,1788103630,0,42725
grpo,1788103635,0,42725
grpo,1788103640,0,42725
grpo,1788103645,0,42725
grpo,1788103650,0,42725
grpo,1788103655,0,42725
grpo,1788103660,0,42725
grpo,1788103665,0,42725
grpo,1788103670,0,55985
grpo,1788103675,0,56145
grpo,1788103680,0,58825
grpo,1788103685,0,60045
grpo,1788103690,0,60045
grpo,1788103696,0,60045
grpo,1788103701,0,60045
grpo,1788103706,0,60105
grpo,1788103711,0,60105
grpo,1788103716,0,60105
grpo,1788103721,0,60105
grpo,1788103726,0,60105
grpo,1788103731,0,60105
grpo,1788103736,0,87103
grpo,1788103741,0,116601
grpo,1788103746,0,116601
grpo,1788103751,0,116601
grpo,1788103756,0,116601
grpo,1788103761,0,116601
grpo,1788103766,0,116601
grpo,1788103771,0,40899
grpo,1788103776,0,40899
grpo,1788103781,0,40919
grpo,1788103786,0,40925
grpo,1788103791,0,42725
grpo,1788103797,0,42725
grpo,1788103802,0,42725
grpo,1788103807,0,42725
grpo,1788103812,0,42725
grpo,1788103817,0,42725
grpo,1788103822,0,42725
grpo,1788103827,0,42725
grpo,1788103832,0,42725
grpo,1788103837,0,42725
grpo,1788103842,0,42725
grpo,1788103847,0,42725
grpo,1788103852,0,42725
grpo,1788103857,0,56025
grpo,1788103862,0,57565
grpo,1788103867,0,60045
grpo,1788103872,0,60045
grpo,1788103877,0,60045
grpo,1788103882,0,60045
grpo,1788103887,0,60045
grpo,1788103892,0,60105
grpo,1788103897,0,60105
grpo,1788103903,0,60105
grpo,1788103908,0,60105
grpo,1788103913,0,60105
grpo,1788103918,0,60105
grpo,1788103923,0,60105
grpo,1788103928,0,108427
grpo,1788103933,0,108427
grpo,1788103938,0,108427
grpo,1788103943,0,108427
grpo,1788103948,0,108427
grpo,1788103953,0,38733
grpo,1788103958,0,40899
grpo,1788103963,0,40919
grpo,1788103968,0,40923
grpo,1788103973,0,42723
grpo,1788103978,0,42723
grpo,1788103983,0,42723
grpo,1788103988,0,42723
grpo,1788103993,0,42723
grpo,1788103998,0,42723
grpo,1788104004,0,42723
grpo,1788104009,0,42723
grpo,1788104014,0,42723
grpo,1788104019,0,42723
grpo,1788104024,0,42723
grpo,1788104029,0,42723
grpo,1788104034,0,42723
grpo,1788104039,0,56103
grpo,1788104044,0,56243
grpo,1788104049,0,57643
grpo,1788104054,0,60183
grpo,1788104059,0,60183
grpo,1788104064,0,60183
grpo,1788104069,0,60243
grpo,1788104074,0,60243
grpo,1788104079,0,60243
grpo,1788104084,0,60243
grpo,1788104089,0,60243
grpo,1788104094,0,60245
grpo,1788104099,0,60245
grpo,1788104105,0,104589
grpo,1788104110,0,109157
grpo,1788104115,0,109157
grpo,1788104120,0,109157
grpo,1788104125,0,109157
grpo,1788104130,0,109157
grpo,1788104135,0,40259
grpo,1788104140,0,40899
grpo,1788104145,0,40899
grpo,1788104150,0,42703
grpo,1788104155,0,42703
grpo,1788104160,0,42703
grpo,1788104165,0,42703
grpo,1788104170,0,42703
grpo,1788104175,0,42703
grpo,1788104180,0,42703
grpo,1788104185,0,42703
grpo,1788104190,0,42703
grpo,1788104195,0,42703
grpo,1788104200,0,42703
grpo,1788104205,0,42703
grpo,1788104210,0,42703
grpo,1788104216,0,55823
grpo,1788104221,0,56163
grpo,1788104226,0,56943
grpo,1788104231,0,60183
grpo,1788104236,0,60183
grpo,1788104241,0,60183
grpo,1788104246,0,60183
grpo,1788104251,0,60183
grpo,1788104256,0,60183
grpo,1788104261,0,60183
grpo,1788104266,0,60183
grpo,1788104271,0,60183
grpo,1788104276,0,60183
grpo,1788104281,0,44755
grpo,1788104286,0,109331
grpo,1788104291,0,109331
grpo,1788104296,0,109331
grpo,1788104301,0,109331
grpo,1788104306,0,109331
grpo,1788104311,0,40719
grpo,1788104316,0,40919
grpo,1788104322,0,40923
grpo,1788104327,0,42723
grpo,1788104332,0,42723
grpo,1788104337,0,42723
grpo,1788104342,0,42723
grpo,1788104347,0,42723
grpo,1788104352,0,42723
grpo,1788104357,0,42723
grpo,1788104362,0,42723
grpo,1788104367,0,42723
grpo,1788104372,0,42723
grpo,1788104377,0,42723
grpo,1788104382,0,42723
grpo,1788104387,0,42723
grpo,1788104392,0,56063
grpo,1788104397,0,56203
grpo,1788104402,0,57203
grpo,1788104407,0,60183
grpo,1788104412,0,60183
grpo,1788104417,0,60183
grpo,1788104422,0,60243
grpo,1788104427,0,60243
grpo,1788104433,0,60243
grpo,1788104438,0,60243
grpo,1788104443,0,60243
grpo,1788104448,0,60245
grpo,1788104453,0,60245
grpo,1788104458,0,109129
grpo,1788104463,0,109129
grpo,1788104468,0,109129
grpo,1788104473,0,109129
grpo,1788104478,0,109129
grpo,1788104483,0,39675
grpo,1788104488,0,40899
grpo,1788104493,0,40919
grpo,1788104498,0,40923
grpo,1788104503,0,42723
grpo,1788104508,0,42723
grpo,1788104513,0,42723
grpo,1788104518,0,42723
grpo,1788104523,0,42723
grpo,1788104528,0,42723
grpo,1788104533,0,42723
grpo,1788104539,0,42723
grpo,1788104544,0,42723
grpo,1788104549,0,42723
grpo,1788104554,0,42723
grpo,1788104559,0,42723
grpo,1788104564,0,42723
grpo,1788104569,0,56103
grpo,1788104574,0,56283
grpo,1788104579,0,58263
grpo,1788104584,0,60183
grpo,1788104589,0,60183
grpo,1788104594,0,60183
grpo,1788104599,0,60243
grpo,1788104604,0,60243
grpo,1788104609,0,60243
grpo,1788104614,0,60243
grpo,1788104619,0,60245
grpo,1788104624,0,60245
grpo,1788104629,0,45943
grpo,1788104634,0,109373
grpo,1788104639,0,109373
grpo,1788104645,0,109373
grpo,1788104650,0,109373
grpo,1788104655,0,109373
grpo,1788104660,0,39977
grpo,1788104665,0,40899
grpo,1788104670,0,40919
grpo,1788104675,0,40925
grpo,1788104680,0,42725
grpo,1788104685,0,42725
grpo,1788104690,0,42725
grpo,1788104695,0,42725
grpo,1788104700,0,42725
grpo,1788104705,0,42725
grpo,1788104710,0,42725
grpo,1788104715,0,42725
grpo,1788104720,0,42725
grpo,1788104725,0,42725
grpo,1788104730,0,42725
grpo,1788104735,0,42725
grpo,1788104740,0,42725
grpo,1788104745,0,56125
grpo,1788104750,0,56625
grpo,1788104756,0,60185
grpo,1788104761,0,60185
grpo,1788104766,0,60185
grpo,1788104771,0,60185
grpo,1788104776,0,60245
grpo,1788104781,0,60245
grpo,1788104786,0,60245
grpo,1788104791,0,60245
grpo,1788104796,0,60245
grpo,1788104801,0,60245
grpo,1788104806,0,60245
grpo,1788104811,0,108903
grpo,1788104816,0,108903
grpo,1788104821,0,108903
grpo,1788104826,0,108903
grpo,1788104831,0,108903
grpo,1788104836,0,108903
grpo,1788104841,0,40199
grpo,1788104846,0,40899
grpo,1788104851,0,40919
grpo,1788104856,0,40925
grpo,1788104862,0,42725
grpo,1788104867,0,42725
grpo,1788104872,0,42725
grpo,1788104877,0,42725
grpo,1788104882,0,42725
grpo,1788104887,0,42725
grpo,1788104892,0,42725
grpo,1788104897,0,42725
grpo,1788104902,0,42725
grpo,1788104907,0,42725
grpo,1788104912,0,42725
grpo,1788104917,0,42725
grpo,1788104922,0,42725
grpo,1788104927,0,56145
grpo,1788104932,0,56885
grpo,1788104937,0,60185
grpo,1788104942,0,60185
grpo,1788104947,0,60185
grpo,1788104952,0,60185
grpo,1788104957,0,60245
grpo,1788104962,0,60245
grpo,1788104968,0,60245
grpo,1788104973,0,60245
grpo,1788104978,0,60245
grpo,1788104983,0,60245
grpo,1788104988,0,60245
grpo,1788104993,0,44755
grpo,1788104998,0,109215
grpo,1788105003,0,109215
grpo,1788105008,0,109215
grpo,1788105013,0,109215
grpo,1788105018,0,109215
grpo,1788105023,0,109215
grpo,1788105028,0,40899
grpo,1788105033,0,40899
grpo,1788105038,0,40899
grpo,1788105043,0,40905
grpo,1788105048,0,42705
grpo,1788105053,0,42705
grpo,1788105058,0,42705
grpo,1788105063,0,42705
grpo,1788105068,0,42705
grpo,1788105073,0,42705
grpo,1788105079,0,42705
grpo,1788105084,0,42705
grpo,1788105089,0,42705
grpo,1788105094,0,42705
grpo,1788105099,0,42705
grpo,1788105104,0,42705
grpo,1788105109,0,42705
grpo,1788105114,0,56065
grpo,1788105119,0,57525
grpo,1788105124,0,60045
grpo,1788105129,0,60045
grpo,1788105134,0,60045
grpo,1788105139,0,60045
grpo,1788105144,0,60045
grpo,1788105149,0,60065
grpo,1788105154,0,60065
grpo,1788105159,0,60065
grpo,1788105164,0,60065
grpo,1788105169,0,60065
grpo,1788105174,0,60065
grpo,1788105179,0,60065
grpo,1788105185,0,108689
grpo,1788105190,0,108689
grpo,1788105195,0,108689
grpo,1788105200,0,108689
grpo,1788105205,0,108689
grpo,1788105210,0,108689
grpo,1788105215,0,40879
grpo,1788105220,0,40919
grpo,1788105225,0,40921
grpo,1788105230,0,42725
grpo,1788105235,0,42725
grpo,1788105240,0,42725
grpo,1788105245,0,42725
grpo,1788105250,0,42725
grpo,1788105255,0,42725
grpo,1788105260,0,42725
grpo,1788105265,0,42725
grpo,1788105270,0,42725
grpo,1788105275,0,42725
grpo,1788105280,0,42725
grpo,1788105285,0,42725
grpo,1788105291,0,42725
grpo,1788105296,0,42725
grpo,1788105301,0,56085
grpo,1788105306,0,57125
grpo,1788105311,0,60045
grpo,1788105316,0,60045
grpo,1788105321,0,60045
grpo,1788105326,0,60045
grpo,1788105331,0,60105
grpo,1788105336,0,60105
grpo,1788105341,0,60105
grpo,1788105346,0,60105
grpo,1788105351,0,60105
grpo,1788105356,0,60105
grpo,1788105361,0,60105
grpo,1788105366,0,108735
grpo,1788105371,0,108735
grpo,1788105376,0,108735
grpo,1788105381,0,108735
grpo,1788105386,0,108735
grpo,1788105391,0,108735
grpo,1788105397,0,40599
grpo,1788105402,0,40899
grpo,1788105407,0,40919
grpo,1788105412,0,40925
grpo,1788105417,0,42725
grpo,1788105422,0,42725
grpo,1788105427,0,42725
grpo,1788105432,0,42725
grpo,1788105437,0,42725
grpo,1788105442,0,42725
grpo,1788105447,0,42725
grpo,1788105452,0,42725
grpo,1788105457,0,42725
grpo,1788105462,0,42725
grpo,1788105467,0,42725
grpo,1788105472,0,42725
grpo,1788105477,0,42725
grpo,1788105482,0,56165
grpo,1788105487,0,57485
grpo,1788105492,0,60185
grpo,1788105497,0,60185
grpo,1788105502,0,60185
grpo,1788105508,0,60185
grpo,1788105513,0,60205
grpo,1788105518,0,60245
grpo,1788105523,0,60245
grpo,1788105528,0,60245
grpo,1788105533,0,60245
grpo,1788105538,0,60245
grpo,1788105543,0,60245
grpo,1788105548,0,60245
grpo,1788105553,0,110219
grpo,1788105558,0,110219
grpo,1788105563,0,110219
grpo,1788105568,0,110219
grpo,1788105573,0,110219
grpo,1788105578,0,39935
grpo,1788105583,0,40899
grpo,1788105588,0,40919
grpo,1788105593,0,40923
grpo,1788105598,0,42723
grpo,1788105603,0,42723
grpo,1788105608,0,42723
grpo,1788105614,0,42723
grpo,1788105619,0,42723
grpo,1788105624,0,42723
grpo,1788105629,0,42723
grpo,1788105634,0,42723
grpo,1788105639,0,42723
grpo,1788105644,0,42723
grpo,1788105649,0,42723
grpo,1788105654,0,42723
grpo,1788105659,0,42723
grpo,1788105664,0,56163
grpo,1788105669,0,56463
grpo,1788105674,0,59803
grpo,1788105679,0,60183
grpo,1788105684,0,60183
grpo,1788105689,0,60183
grpo,1788105694,0,60243
grpo,1788105699,0,60243
grpo,1788105704,0,60243
grpo,1788105709,0,60243
grpo,1788105715,0,60243
grpo,1788105720,0,60243
grpo,1788105725,0,45943
grpo,1788105730,0,111361
grpo,1788105735,0,111361
grpo,1788105740,0,111361
grpo,1788105745,0,111361
grpo,1788105750,0,111361
grpo,1788105755,0,40119
grpo,1788105760,0,40899
grpo,1788105765,0,40919
grpo,1788105770,0,40925
grpo,1788105775,0,42725
grpo,1788105780,0,42725
grpo,1788105785,0,42725
grpo,1788105790,0,42725
grpo,1788105795,0,42725
grpo,1788105800,0,42725
grpo,1788105805,0,42725
grpo,1788105810,0,42725
grpo,1788105815,0,42725
grpo,1788105821,0,42725
grpo,1788105826,0,42725
grpo,1788105831,0,42725
grpo,1788105836,0,42725
grpo,1788105841,0,56165
grpo,1788105846,0,56745
grpo,1788105851,0,59545
grpo,1788105856,0,60185
grpo,1788105861,0,60185
grpo,1788105866,0,60185
grpo,1788105871,0,60245
grpo,1788105876,0,60245
grpo,1788105881,0,60245
grpo,1788105886,0,60245
grpo,1788105891,0,60245
grpo,1788105896,0,60245
grpo,1788105901,0,60245
grpo,1788105906,0,112873
grpo,1788105911,0,112873
grpo,1788105916,0,112873
grpo,1788105921,0,112873
grpo,1788105927,0,112873
grpo,1788105932,0,112873
grpo,1788105937,0,40319
grpo,1788105942,0,40899
grpo,1788105947,0,40919
grpo,1788105952,0,40925
grpo,1788105957,0,42725
grpo,1788105962,0,42725
grpo,1788105967,0,42725
grpo,1788105972,0,42725
grpo,1788105977,0,42725
grpo,1788105982,0,42725
grpo,1788105987,0,42725
grpo,1788105992,0,42725
grpo,1788105997,0,42725
grpo,1788106002,0,42725
grpo,1788106007,0,42725
grpo,1788106012,0,42725
grpo,1788106017,0,42725
grpo,1788106022,0,56125
grpo,1788106027,0,56845
grpo,1788106032,0,60185
grpo,1788106038,0,60185
grpo,1788106043,0,60185
grpo,1788106048,0,60185
grpo,1788106053,0,60245
grpo,1788106058,0,60245
grpo,1788106063,0,60245
grpo,1788106068,0,60245
grpo,1788106073,0,60245
grpo,1788106078,0,60245
grpo,1788106083,0,60245
grpo,1788106088,0,66485
grpo,1788106093,0,108681
grpo,1788106098,0,108681
grpo,1788106103,0,108681
grpo,1788106108,0,108681
grpo,1788106113,0,108681
grpo,1788106118,0,108681
grpo,1788106123,0,40899
grpo,1788106128,0,40919
grpo,1788106133,0,40919
grpo,1788106138,0,42725
grpo,1788106144,0,42725
grpo,1788106149,0,42725
grpo,1788106154,0,42725
grpo,1788106159,0,42725
grpo,1788106164,0,42725
grpo,1788106169,0,42725
grpo,1788106174,0,42725
grpo,1788106179,0,42725
grpo,1788106184,0,42725
grpo,1788106189,0,42725
grpo,1788106194,0,42725
grpo,1788106199,0,42725
grpo,1788106204,0,42725
grpo,1788106209,0,56185
grpo,1788106214,0,57285
grpo,1788106219,0,60185
grpo,1788106224,0,60185
grpo,1788106229,0,60185
grpo,1788106234,0,60185
grpo,1788106239,0,60245
grpo,1788106244,0,60245
grpo,1788106249,0,60245
grpo,1788106255,0,60245
grpo,1788106260,0,60245
grpo,1788106265,0,60245
grpo,1788106270,0,60245
grpo,1788106275,0,87243
grpo,1788106280,0,108663
grpo,1788106285,0,108663
grpo,1788106290,0,108663
grpo,1788106295,0,108663
grpo,1788106300,0,108663
grpo,1788106305,0,42807
grpo,1788106310,0,40899
grpo,1788106315,0,40899
grpo,1788106320,0,40901
grpo,1788106325,0,42705
grpo,1788106330,0,42705
grpo,1788106335,0,42705
grpo,1788106340,0,42705
grpo,1788106345,0,42705
grpo,1788106350,0,42705
grpo,1788106355,0,42705
grpo,1788106361,0,42705
grpo,1788106366,0,42705
grpo,1788106371,0,42705
grpo,1788106376,0,42705
grpo,1788106381,0,42705
grpo,1788106386,0,42705
grpo,1788106391,0,55925
grpo,1788106396,0,56185
grpo,1788106401,0,57985
grpo,1788106406,0,60045
grpo,1788106411,0,60045
grpo,1788106416,0,60045
grpo,1788106421,0,60045
grpo,1788106426,0,60045
grpo,1788106431,0,60045
grpo,1788106436,0,60045
grpo,1788106441,0,60045
grpo,1788106446,0,60045
grpo,1788106451,0,60045
grpo,1788106456,0,60045
grpo,1788106461,0,108793
grpo,1788106466,0,108793
grpo,1788106472,0,108793
grpo,1788106477,0,108793
grpo,1788106482,0,108793
grpo,1788106487,0,108793
grpo,1788106492,0,40139
grpo,1788106497,0,40899
grpo,1788106502,0,40919
grpo,1788106507,0,40925
grpo,1788106512,0,42725
grpo,1788106517,0,42725
grpo,1788106522,0,42725
grpo,1788106527,0,42725
grpo,1788106532,0,42725
grpo,1788106537,0,42725
grpo,1788106542,0,42725
grpo,1788106547,0,42725
grpo,1788106552,0,42725
grpo,1788106557,0,42725
grpo,1788106562,0,42725
grpo,1788106567,0,42725
grpo,1788106572,0,42725
grpo,1788106578,0,56185
grpo,1788106583,0,56805
grpo,1788106588,0,60185
grpo,1788106593,0,60185
grpo,1788106598,0,60185
grpo,1788106603,0,60185
grpo,1788106608,0,60245
grpo,1788106613,0,60245
grpo,1788106618,0,60245
grpo,1788106623,0,60245
grpo,1788106628,0,60245
grpo,1788106633,0,60245
grpo,1788106638,0,60245
grpo,1788106643,0,108683
grpo,1788106648,0,108683
grpo,1788106653,0,108683
grpo,1788106658,0,108683
grpo,1788106663,0,108683
grpo,1788106668,0,108683
grpo,1788106673,0,40799
grpo,1788106678,0,40899
grpo,1788106684,0,40899
grpo,1788106689,0,40905
grpo,1788106694,0,42705
grpo,1788106699,0,42705
grpo,1788106704,0,42705
grpo,1788106709,0,42705
grpo,1788106714,0,42705
grpo,1788106719,0,42705
grpo,1788106724,0,42705
grpo,1788106729,0,42705
grpo,1788106734,0,42705
grpo,1788106739,0,42705
grpo,1788106744,0,42705
grpo,1788106749,0,42705
grpo,1788106754,0,42705
grpo,1788106759,0,56185
grpo,1788106764,0,56985
grpo,1788106769,0,60185
grpo,1788106774,0,60185
grpo,1788106779,0,60185
grpo,1788106784,0,60185
grpo,1788106789,0,60205
grpo,1788106795,0,60205
grpo,1788106800,0,60205
grpo,1788106805,0,60205
grpo,1788106810,0,60205
grpo,1788106815,0,60205
grpo,1788106820,0,60205
grpo,1788106825,0,107117
grpo,1788106830,0,109373
grpo,1788106835,0,109373
grpo,1788106840,0,109373
grpo,1788106845,0,109373
grpo,1788106850,0,109373
grpo,1788106855,0,40037
grpo,1788106860,0,40899
grpo,1788106865,0,40919
grpo,1788106870,0,40923
grpo,1788106875,0,42723
grpo,1788106880,0,42723
grpo,1788106885,0,42723
grpo,1788106890,0,42723
grpo,1788106896,0,42723
grpo,1788106901,0,42723
grpo,1788106906,0,42723
grpo,1788106911,0,42723
grpo,1788106916,0,42723
grpo,1788106921,0,42723
grpo,1788106926,0,42723
grpo,1788106931,0,42723
grpo,1788106936,0,42723
grpo,1788106941,0,56143
grpo,1788106946,0,56643
grpo,1788106951,0,59943
grpo,1788106956,0,60183
grpo,1788106961,0,60183
grpo,1788106966,0,60183
grpo,1788106971,0,60243
grpo,1788106976,0,60243
grpo,1788106981,0,60243
grpo,1788106986,0,60243
grpo,1788106991,0,60243
grpo,1788106996,0,60243
grpo,1788107001,0,60243
grpo,1788107007,0,44755
grpo,1788107012,0,109907
grpo,1788107017,0,109907
grpo,1788107022,0,109907
grpo,1788107027,0,109907
grpo,1788107032,0,109907
grpo,1788107037,0,40077
grpo,1788107042,0,40899
grpo,1788107047,0,40919
grpo,1788107052,0,40925
grpo,1788107057,0,42725
grpo,1788107062,0,42725
grpo,1788107067,0,42725
grpo,1788107072,0,42725
grpo,1788107077,0,42725
grpo,1788107082,0,42725
grpo,1788107087,0,42725
grpo,1788107092,0,42725
grpo,1788107097,0,42725
grpo,1788107102,0,42725
grpo,1788107107,0,42725
grpo,1788107113,0,42725
grpo,1788107118,0,42725
grpo,1788107123,0,56145
grpo,1788107128,0,56725
grpo,1788107133,0,59785
grpo,1788107138,0,60185
grpo,1788107143,0,60185
grpo,1788107148,0,60185
grpo,1788107153,0,60245
grpo,1788107158,0,60245
grpo,1788107163,0,60245
grpo,1788107168,0,60245
grpo,1788107173,0,60245
grpo,1788107178,0,60245
grpo,1788107183,0,60245
grpo,1788107188,0,108933
grpo,1788107193,0,108933
grpo,1788107198,0,108933
grpo,1788107203,0,108933
grpo,1788107208,0,108933
grpo,1788107213,0,108933
grpo,1788107219,0,40079
grpo,1788107224,0,40899
grpo,1788107229,0,40919
grpo,1788107234,0,40925
grpo,1788107239,0,42725
grpo,1788107244,0,42725
grpo,1788107249,0,42725
grpo,1788107254,0,42725
grpo,1788107259,0,42725
grpo,1788107264,0,42725
grpo,1788107269,0,42725
grpo,1788107274,0,42725
grpo,1788107279,0,42725
grpo,1788107284,0,42725
grpo,1788107289,0,42725
grpo,1788107294,0,42725
grpo,1788107299,0,42725
grpo,1788107304,0,56025
grpo,1788107309,0,56665
grpo,1788107314,0,59345
grpo,1788107319,0,60045
grpo,1788107325,0,60045
grpo,1788107330,0,60045
grpo,1788107335,0,60045
grpo,1788107340,0,60105
grpo,1788107345,0,60105
grpo,1788107350,0,60105
grpo,1788107355,0,60105
grpo,1788107360,0,60105
grpo,1788107365,0,60105
grpo,1788107370,0,66345
grpo,1788107375,0,110935
grpo,1788107380,0,110935
grpo,1788107385,0,110935
grpo,1788107390,0,110935
grpo,1788107395,0,110935
grpo,1788107400,0,38733
grpo,1788107405,0,40899
grpo,1788107410,0,40919
grpo,1788107415,0,40921
grpo,1788107420,0,42725
grpo,1788107425,0,42725
grpo,1788107431,0,42725
grpo,1788107436,0,42725
grpo,1788107441,0,42725
grpo,1788107446,0,42725
grpo,1788107451,0,42725
grpo,1788107456,0,42725
grpo,1788107461,0,42725
grpo,1788107466,0,42725
grpo,1788107471,0,42725
grpo,1788107476,0,42725
grpo,1788107481,0,42725
grpo,1788107486,0,56065
grpo,1788107491,0,56265
grpo,1788107496,0,58025
grpo,1788107501,0,60185
grpo,1788107506,0,60185
grpo,1788107511,0,60185
grpo,1788107516,0,60185
grpo,1788107521,0,60245
grpo,1788107526,0,60245
grpo,1788107531,0,60245
grpo,1788107537,0,60245
grpo,1788107542,0,60245
grpo,1788107547,0,60245
grpo,1788107552,0,60245
grpo,1788107557,0,108361
grpo,1788107562,0,108361
grpo,1788107567,0,108361
grpo,1788107572,0,108361
grpo,1788107577,0,108361
grpo,1788107582,0,108361
grpo,1788107587,0,39895
grpo,1788107592,0,40899
grpo,1788107597,0,40919
grpo,1788107602,0,40921
grpo,1788107607,0,42725
grpo,1788107612,0,42725
grpo,1788107617,0,42725
grpo,1788107622,0,42725
grpo,1788107627,0,42725
grpo,1788107632,0,42725
grpo,1788107637,0,42725
grpo,1788107643,0,42725
grpo,1788107648,0,42725
grpo,1788107653,0,42725
grpo,1788107658,0,42725
grpo,1788107663,0,42725
grpo,1788107668,0,42725
grpo,1788107673,0,56085
grpo,1788107678,0,56465
grpo,1788107683,0,59225
grpo,1788107688,0,60185
grpo,1788107693,0,60185
grpo,1788107698,0,60185
grpo,1788107703,0,60205
grpo,1788107708,0,60245
grpo,1788107713,0,60245
grpo,1788107718,0,60245
grpo,1788107723,0,60245
grpo,1788107728,0,60245
grpo,1788107733,0,60245
grpo,1788107738,0,60245
grpo,1788107743,0,105357
grpo,1788107749,0,108387
grpo,1788107754,0,108387
grpo,1788107759,0,108387
grpo,1788107764,0,108387
grpo,1788107769,0,108387
grpo,1788107774,0,40199
grpo,1788107779,0,40899
grpo,1788107784,0,40919
grpo,1788107789,0,40925
grpo,1788107794,0,42725
grpo,1788107799,0,42725
grpo,1788107804,0,42725
grpo,1788107809,0,42725
grpo,1788107814,0,42725
grpo,1788107819,0,42725
grpo,1788107824,0,42725
grpo,1788107829,0,42725
grpo,1788107834,0,42725
grpo,1788107839,0,42725
grpo,1788107844,0,42725
grpo,1788107849,0,42725
grpo,1788107854,0,42725
grpo,1788107860,0,56025
grpo,1788107865,0,56685
grpo,1788107870,0,59305
grpo,1788107875,0,60045
grpo,1788107880,0,60045
grpo,1788107885,0,60045
grpo,1788107890,0,60105
grpo,1788107895,0,60105
grpo,1788107900,0,60105
grpo,1788107905,0,60105
grpo,1788107910,0,60105
grpo,1788107915,0,60105
grpo,1788107920,0,60105
grpo,1788107925,0,109557
grpo,1788107930,0,109557
grpo,1788107935,0,109557
grpo,1788107940,0,109557
grpo,1788107945,0,109557
grpo,1788107950,0,109557
grpo,1788107955,0,39937
grpo,1788107960,0,40899
grpo,1788107966,0,40919
grpo,1788107971,0,40925
grpo,1788107976,0,42725
grpo,1788107981,0,42725
grpo,1788107986,0,42725
grpo,1788107991,0,42725
grpo,1788107996,0,42725
grpo,1788108001,0,42725
grpo,1788108006,0,42725
grpo,1788108011,0,42725
grpo,1788108016,0,42725
grpo,1788108021,0,42725
grpo,1788108026,0,42725
grpo,1788108031,0,42725
grpo,1788108036,0,42725
grpo,1788108041,0,56105
grpo,1788108046,0,56465
grpo,1788108051,0,58885
grpo,1788108056,0,60185
grpo,1788108061,0,60185
grpo,1788108066,0,60185
grpo,1788108072,0,60185
grpo,1788108077,0,60245
grpo,1788108082,0,60245
grpo,1788108087,0,60245
grpo,1788108092,0,60245
grpo,1788108097,0,60245
grpo,1788108102,0,60245
grpo,1788108107,0,60245
grpo,1788108112,0,108753
grpo,1788108117,0,108753
grpo,1788108122,0,108753
grpo,1788108127,0,108753
grpo,1788108132,0,108753
grpo,1788108137,0,108753
grpo,1788108142,0,40139
grpo,1788108147,0,40899
grpo,1788108152,0,40899
grpo,1788108157,0,40905
grpo,1788108162,0,42705
grpo,1788108167,0,42705
grpo,1788108172,0,42705
grpo,1788108178,0,42705
grpo,1788108183,0,42705
grpo,1788108188,0,42705
grpo,1788108193,0,42705
grpo,1788108198,0,42705
grpo,1788108203,0,42705
grpo,1788108208,0,42705
grpo,1788108213,0,42705
grpo,1788108218,0,42705
grpo,1788108223,0,42705
grpo,1788108228,0,56185
grpo,1788108233,0,56865
grpo,1788108238,0,60185
grpo,1788108243,0,60185
grpo,1788108248,0,60185
grpo,1788108253,0,60185
grpo,1788108258,0,60185
grpo,1788108263,0,60185
grpo,1788108268,0,60185
grpo,1788108273,0,60185
grpo,1788108278,0,60185
grpo,1788108283,0,60185
grpo,1788108289,0,60185
grpo,1788108294,0,87243
grpo,1788108299,0,109001
grpo,1788108304,0,109001
grpo,1788108309,0,109001
grpo,1788108314,0,109001
grpo,1788108319,0,109001
grpo,1788108324,0,109001
grpo,1788108329,0,40859
grpo,1788108334,0,40899
grpo,1788108339,0,40899
grpo,1788108344,0,40905
grpo,1788108349,0,42705
grpo,1788108354,0,42705
grpo,1788108359,0,42705
grpo,1788108364,0,42705
grpo,1788108369,0,42705
grpo,1788108374,0,42705
grpo,1788108379,0,42705
grpo,1788108384,0,42705
grpo,1788108389,0,42705
grpo,1788108394,0,42705
grpo,1788108400,0,42705
grpo,1788108405,0,42705
grpo,1788108410,0,42705
grpo,1788108415,0,56025
grpo,1788108420,0,57245
grpo,1788108425,0,60045
grpo,1788108430,0,60045
grpo,1788108435,0,60045
grpo,1788108440,0,60045
grpo,1788108445,0,60045
grpo,1788108450,0,60065
grpo,1788108455,0,60065
grpo,1788108460,0,60065
grpo,1788108465,0,60065
grpo,1788108470,0,60065
grpo,1788108475,0,60065
grpo,1788108480,0,60065
grpo,1788108485,0,107857
grpo,1788108490,0,107857
grpo,1788108495,0,107857
grpo,1788108500,0,107857
grpo,1788108506,0,107857
grpo,1788108511,0,107857
grpo,1788108516,0,39937
grpo,1788108521,0,40899
grpo,1788108526,0,40899
grpo,1788108531,0,40905
grpo,1788108536,0,42705
grpo,1788108541,0,42705
grpo,1788108546,0,42705
grpo,1788108551,0,42705
grpo,1788108556,0,42705
grpo,1788108561,0,42705
grpo,1788108566,0,42705
grpo,1788108571,0,42705
grpo,1788108576,0,42705
grpo,1788108581,0,42705
grpo,1788108586,0,42705
grpo,1788108591,0,42705
grpo,1788108596,0,42705
grpo,1788108601,0,55965
grpo,1788108606,0,56365
grpo,1788108611,0,59105
grpo,1788108617,0,60045
grpo,1788108622,0,60045
grpo,1788108627,0,60045
grpo,1788108632,0,60045
grpo,1788108637,0,60045
grpo,1788108642,0,60045
grpo,1788108647,0,60045
grpo,1788108652,0,60045
grpo,1788108657,0,60045
grpo,1788108662,0,60045
grpo,1788108667,0,60045
grpo,1788108672,0,44755
grpo,1788108677,0,109583
grpo,1788108682,0,109583
grpo,1788108687,0,109583
grpo,1788108692,0,109583
grpo,1788108697,0,109583
grpo,1788108702,0,109583
grpo,1788108707,0,40899
grpo,1788108712,0,40899
grpo,1788108717,0,40899
grpo,1788108723,0,40905
grpo,1788108728,0,42705
grpo,1788108733,0,42705
grpo,1788108738,0,42705
grpo,1788108743,0,42705
grpo,1788108748,0,42705
grpo,1788108753,0,42705
grpo,1788108758,0,42705
grpo,1788108763,0,42705
grpo,1788108768,0,42705
grpo,1788108773,0,42705
grpo,1788108778,0,42705
grpo,1788108783,0,42705
grpo,1788108788,0,42705
grpo,1788108793,0,56125
grpo,1788108798,0,57925
grpo,1788108803,0,60045
grpo,1788108808,0,60045
grpo,1788108813,0,60045
grpo,1788108818,0,60045
grpo,1788108823,0,60045
grpo,1788108829,0,60045
grpo,1788108834,0,60045
grpo,1788108839,0,60045
grpo,1788108844,0,60045
grpo,1788108849,0,60045
grpo,1788108854,0,60045
grpo,1788108859,0,60045
grpo,1788108864,0,108931
grpo,1788108869,0,108931
grpo,1788108874,0,108931
grpo,1788108879,0,108931
grpo,1788108884,0,108931
grpo,1788108889,0,108931
grpo,1788108894,0,40179
grpo,1788108899,0,40899
grpo,1788108904,0,40899
grpo,1788108909,0,40905
grpo,1788108914,0,42705
grpo,1788108919,0,42705
grpo,1788108924,0,42705
grpo,1788108930,0,42705
grpo,1788108935,0,42705
grpo,1788108940,0,42705
grpo,1788108945,0,42705
grpo,1788108950,0,42705
grpo,1788108955,0,42705
grpo,1788108960,0,42705
grpo,1788108965,0,42705
grpo,1788108970,0,42705
grpo,1788108975,0,42705
grpo,1788108980,0,56005
grpo,1788108985,0,56745
grpo,1788108990,0,59865
grpo,1788108995,0,60045
grpo,1788109000,0,60045
grpo,1788109005,0,60045
grpo,1788109010,0,60045
grpo,1788109015,0,60045
grpo,1788109020,0,60045
grpo,1788109025,0,60045
grpo,1788109031,0,60045
grpo,1788109036,0,60045
grpo,1788109041,0,60045
grpo,1788109046,0,60045
grpo,1788109051,0,112987
grpo,1788109056,0,112987
grpo,1788109061,0,112987
grpo,1788109066,0,112987
grpo,1788109071,0,112987
grpo,1788109076,0,112987
grpo,1788109081,0,40077
grpo,1788109086,0,40899
grpo,1788109091,0,40899
grpo,1788109096,0,40905
grpo,1788109101,0,42705
grpo,1788109106,0,42705
grpo,1788109111,0,42705
grpo,1788109116,0,42705
grpo,1788109121,0,42705
grpo,1788109126,0,42705
grpo,1788109132,0,42705
grpo,1788109137,0,42705
grpo,1788109142,0,42705
grpo,1788109147,0,42705
grpo,1788109152,0,42705
grpo,1788109157,0,42705
grpo,1788109162,0,42705
grpo,1788109167,0,56005
grpo,1788109172,0,56505
grpo,1788109177,0,58985
grpo,1788109182,0,60045
grpo,1788109187,0,60045
grpo,1788109192,0,60045
grpo,1788109197,0,60045
grpo,1788109202,0,60065
grpo,1788109207,0,60065
grpo,1788109212,0,60065
grpo,1788109217,0,60065
grpo,1788109222,0,60065
grpo,1788109227,0,60065
grpo,1788109232,0,60065
grpo,1788109238,0,108353
grpo,1788109243,0,108353
grpo,1788109248,0,108353
grpo,1788109253,0,108353
grpo,1788109258,0,108353
grpo,1788109263,0,108353
grpo,1788109268,0,40619
grpo,1788109273,0,40899
grpo,1788109278,0,40919
grpo,1788109283,0,42723
grpo,1788109288,0,42723
grpo,1788109293,0,42723
grpo,1788109298,0,42723
grpo,1788109303,0,42723
grpo,1788109308,0,42723
grpo,1788109313,0,42723
grpo,1788109318,0,42723
grpo,1788109323,0,42723
grpo,1788109328,0,42723
grpo,1788109333,0,42723
grpo,1788109338,0,42723
grpo,1788109344,0,42723
grpo,1788109349,0,46123
grpo,1788109354,0,56103
grpo,1788109359,0,57163
grpo,1788109364,0,60043
grpo,1788109369,0,60043
grpo,1788109374,0,60043
grpo,1788109379,0,60043
grpo,1788109384,0,60103
grpo,1788109389,0,60103
grpo,1788109394,0,60103
grpo,1788109399,0,60103
grpo,1788109404,0,60103
grpo,1788109409,0,60105
grpo,1788109414,0,60105
grpo,1788109419,0,105571
grpo,1788109424,0,105571
grpo,1788109429,0,105571
grpo,1788109434,0,105571
grpo,1788109439,0,107435
grpo,1788109444,0,107435
grpo,1788109450,0,107435
grpo,1788109455,0,107435
grpo,1788109460,0,107435
grpo,1788109465,0,107435
grpo,1788109470,0,40379
grpo,1788109475,0,40899
grpo,1788109480,0,40919
grpo,1788109485,0,40925
grpo,1788109490,0,42725
grpo,1788109495,0,42725
grpo,1788109500,0,42725
grpo,1788109505,0,42725
grpo,1788109510,0,42725
grpo,1788109515,0,42725
grpo,1788109520,0,42725
grpo,1788109525,0,42725
grpo,1788109530,0,42725
grpo,1788109535,0,42725
grpo,1788109540,0,42725
grpo,1788109545,0,42725
grpo,1788109551,0,42725
grpo,1788109556,0,56065
grpo,1788109561,0,56925
grpo,1788109566,0,59765
grpo,1788109571,0,60045
grpo,1788109576,0,60045
grpo,1788109581,0,60045
grpo,1788109586,0,60105
grpo,1788109591,0,60105
grpo,1788109596,0,60105
grpo,1788109601,0,60105
grpo,1788109606,0,60105
grpo,1788109611,0,60105
grpo,1788109616,0,60105
grpo,1788109621,0,60105
grpo,1788109626,0,109135
grpo,1788109631,0,109135
grpo,1788109636,0,109135
grpo,1788109641,0,109135
grpo,1788109646,0,109135
grpo,1788109651,0,109135
grpo,1788109657,0,43279
grpo,1788109662,0,40899
grpo,1788109667,0,40899
grpo,1788109672,0,40899
grpo,1788109677,0,40905
grpo,1788109682,0,42705
grpo,1788109687,0,42705
grpo,1788109692,0,42705
grpo,1788109697,0,42705
grpo,1788109702,0,42705
grpo,1788109707,0,42705
grpo,1788109712,0,42705
grpo,1788109717,0,42705
grpo,1788109722,0,42705
grpo,1788109727,0,42705
grpo,1788109732,0,42705
grpo,1788109737,0,42705
grpo,1788109742,0,42705
grpo,1788109747,0,56065
grpo,1788109752,0,58285
grpo,1788109757,0,60045
grpo,1788109763,0,60045
grpo,1788109768,0,60045
grpo,1788109773,0,60045
grpo,1788109778,0,60045
grpo,1788109783,0,60045
grpo,1788109788,0,60045
grpo,1788109793,0,60045
grpo,1788109798,0,60045
grpo,1788109803,0,60045
grpo,1788109808,0,60045
grpo,1788109813,0,60045
grpo,1788109818,0,87103
grpo,1788109823,0,109253
grpo,1788109828,0,109253
grpo,1788109833,0,109253
grpo,1788109838,0,109253
grpo,1788109843,0,109253
grpo,1788109848,0,43397
grpo,1788109853,0,40899
grpo,1788109858,0,40919
grpo,1788109863,0,40919
grpo,1788109869,0,42725
grpo,1788109874,0,42725
grpo,1788109879,0,42725
grpo,1788109884,0,42725
grpo,1788109889,0,42725
grpo,1788109894,0,42725
grpo,1788109899,0,42725
grpo,1788109904,0,42725
grpo,1788109909,0,42725
grpo,1788109914,0,42725
grpo,1788109919,0,42725
grpo,1788109924,0,42725
grpo,1788109929,0,42725
grpo,1788109934,0,42725
grpo,1788109939,0,56105
grpo,1788109944,0,58045
grpo,1788109949,0,60045
grpo,1788109954,0,60045
grpo,1788109959,0,60045
grpo,1788109964,0,60045
grpo,1788109969,0,60105
grpo,1788109975,0,60105
grpo,1788109980,0,60105
grpo,1788109985,0,60105
grpo,1788109990,0,60105
grpo,1788109995,0,60105
grpo,1788110000,0,60105
grpo,1788110005,0,44755
grpo,1788110010,0,109673
grpo,1788110015,0,109673
grpo,1788110020,0,109673
grpo,1788110025,0,109673
grpo,1788110030,0,109673
grpo,1788110035,0,43817
grpo,1788110040,0,40899
grpo,1788110045,0,40899
grpo,1788110050,0,40899
grpo,1788110055,0,42705
grpo,1788110060,0,42705
grpo,1788110065,0,42705
grpo,1788110070,0,42705
grpo,1788110075,0,42705
grpo,1788110081,0,42705
grpo,1788110086,0,42705
grpo,1788110091,0,42705
grpo,1788110096,0,42705
grpo,1788110101,0,42705
grpo,1788110106,0,42705
grpo,1788110111,0,42705
grpo,1788110116,0,42705
grpo,1788110121,0,42705
grpo,1788110126,0,56225
grpo,1788110131,0,58145
grpo,1788110136,0,60185
grpo,1788110141,0,60185
grpo,1788110146,0,60185
grpo,1788110151,0,60185
grpo,1788110156,0,60185
grpo,1788110161,0,60185
grpo,1788110166,0,60185
grpo,1788110171,0,60185
grpo,1788110176,0,60185
grpo,1788110181,0,60185
grpo,1788110187,0,60185
grpo,1788110192,0,66485
grpo,1788110197,0,108659
grpo,1788110202,0,108659
grpo,1788110207,0,108659
grpo,1788110212,0,108659
grpo,1788110217,0,108659
grpo,1788110222,0,108659
grpo,1788110227,0,40439
grpo,1788110232,0,40899
grpo,1788110237,0,40899
grpo,1788110242,0,40905
grpo,1788110247,0,42705
grpo,1788110252,0,42705
grpo,1788110257,0,42705
grpo,1788110262,0,42705
grpo,1788110267,0,42705
grpo,1788110272,0,42705
grpo,1788110277,0,42705
grpo,1788110282,0,42705
grpo,1788110288,0,42705
grpo,1788110293,0,42705
grpo,1788110298,0,42705
grpo,1788110303,0,42705
grpo,1788110308,0,42705
grpo,1788110313,0,56065
grpo,1788110318,0,57025
grpo,1788110323,0,60045
grpo,1788110328,0,60045
grpo,1788110333,0,60045
grpo,1788110338,0,60045
grpo,1788110343,0,60045
grpo,1788110348,0,60045
grpo,1788110353,0,60045
grpo,1788110358,0,60045
grpo,1788110363,0,60045
grpo,1788110368,0,60045
grpo,1788110373,0,60045
grpo,1788110378,0,60045
grpo,1788110383,0,112365
grpo,1788110389,0,112365
grpo,1788110394,0,112365
grpo,1788110399,0,112365
grpo,1788110404,0,112365
grpo,1788110409,0,112365
grpo,1788110414,0,88059
grpo,1788110419,0,40899
grpo,1788110424,0,40899
grpo,1788110429,0,40919
grpo,1788110434,0,40925
grpo,1788110439,0,42725
grpo,1788110444,0,42725
grpo,1788110449,0,42725
grpo,1788110454,0,42725
grpo,1788110459,0,42725
grpo,1788110464,0,42725
grpo,1788110469,0,42725
grpo,1788110474,0,42725
grpo,1788110479,0,42725
grpo,1788110484,0,42725
grpo,1788110490,0,42725
grpo,1788110495,0,42725
grpo,1788110500,0,42725
grpo,1788110505,0,56105
grpo,1788110510,0,57865
grpo,1788110515,0,60045
grpo,1788110520,0,60045
grpo,1788110525,0,60045
grpo,1788110530,0,60045
grpo,1788110535,0,60045
grpo,1788110540,0,60105
grpo,1788110545,0,60105
grpo,1788110550,0,60105
grpo,1788110555,0,60105
grpo,1788110560,0,60105
grpo,1788110565,0,60105
grpo,1788110570,0,60105
grpo,1788110575,0,111197
grpo,1788110580,0,111197
grpo,1788110585,0,111197
grpo,1788110590,0,111197
grpo,1788110596,0,111197
grpo,1788110601,0,111197
grpo,1788110606,0,39655
grpo,1788110611,0,40899
grpo,1788110616,0,40919
grpo,1788110621,0,40921
grpo,1788110626,0,42725
grpo,1788110631,0,42725
grpo,1788110636,0,42725
grpo,1788110641,0,42725
grpo,1788110646,0,42725
grpo,1788110651,0,42725
grpo,1788110656,0,42725
grpo,1788110661,0,42725
grpo,1788110666,0,42725
grpo,1788110671,0,42725
grpo,1788110676,0,42725
grpo,1788110681,0,42725
grpo,1788110686,0,42725
grpo,1788110691,0,55945
grpo,1788110696,0,56225
grpo,1788110702,0,58245
grpo,1788110707,0,60045
grpo,1788110712,0,60045
grpo,1788110717,0,60045
grpo,1788110722,0,60045
grpo,1788110727,0,60105
grpo,1788110732,0,60105
grpo,1788110737,0,60105
grpo,1788110742,0,60105
grpo,1788110747,0,60105
grpo,1788110752,0,60105
grpo,1788110757,0,60105
grpo,1788110762,0,45943
grpo,1788110767,0,108701
grpo,1788110772,0,108701
grpo,1788110777,0,108701
grpo,1788110782,0,108701
grpo,1788110787,0,108701
grpo,1788110792,0,38733
grpo,1788110797,0,40899
grpo,1788110802,0,40899
grpo,1788110808,0,40901
grpo,1788110813,0,42705
grpo,1788110818,0,42705
grpo,1788110823,0,42705
grpo,1788110828,0,42705
grpo,1788110833,0,42705
grpo,1788110838,0,42705
grpo,1788110843,0,42705
grpo,1788110848,0,42705
grpo,1788110853,0,42705
grpo,1788110858,0,42705
grpo,1788110863,0,42705
grpo,1788110868,0,42705
grpo,1788110873,0,42705
grpo,1788110878,0,56085
grpo,1788110883,0,56405
grpo,1788110888,0,58525
grpo,1788110893,0,60185
grpo,1788110898,0,60185
grpo,1788110903,0,60185
grpo,1788110908,0,60185
grpo,1788110914,0,60185
grpo,1788110919,0,60185
grpo,1788110924,0,60185
grpo,1788110929,0,60185
grpo,1788110934,0,60185
grpo,1788110939,0,60185
grpo,1788110944,0,60185
grpo,1788110949,0,109003
grpo,1788110954,0,109003
grpo,1788110959,0,109003
grpo,1788110964,0,109003
grpo,1788110969,0,109003
grpo,1788110974,0,109003
grpo,1788110979,0,40077
grpo,1788110984,0,40899
grpo,1788110989,0,40919
grpo,1788110994,0,40925
grpo,1788110999,0,42725
grpo,1788111004,0,42725
grpo,1788111009,0,42725
grpo,1788111014,0,42725
grpo,1788111020,0,42725
grpo,1788111025,0,42725
grpo,1788111030,0,42725
grpo,1788111035,0,42725
grpo,1788111040,0,42725
grpo,1788111045,0,42725
grpo,1788111050,0,42725
grpo,1788111055,0,42725
grpo,1788111060,0,42725
grpo,1788111065,0,56025
grpo,1788111070,0,56765
grpo,1788111075,0,58905
grpo,1788111080,0,60045
grpo,1788111085,0,60045
grpo,1788111090,0,60045
grpo,1788111095,0,60045
grpo,1788111100,0,60105
grpo,1788111105,0,60105
grpo,1788111110,0,60105
grpo,1788111115,0,60105
grpo,1788111121,0,60105
grpo,1788111126,0,60105
grpo,1788111131,0,60105
grpo,1788111136,0,109589
grpo,1788111141,0,109589
grpo,1788111146,0,109589
grpo,1788111151,0,109589
grpo,1788111156,0,109589
grpo,1788111161,0,109589
grpo,1788111166,0,40057
grpo,1788111171,0,40899
grpo,1788111176,0,40919
grpo,1788111181,0,40925
grpo,1788111186,0,42725
grpo,1788111191,0,42725
grpo,1788111196,0,42725
grpo,1788111201,0,42725
grpo,1788111206,0,42725
grpo,1788111211,0,42725
grpo,1788111216,0,42725
grpo,1788111221,0,42725
grpo,1788111227,0,42725
grpo,1788111232,0,42725
grpo,1788111237,0,42725
grpo,1788111242,0,42725
grpo,1788111247,0,42725
grpo,1788111252,0,55985
grpo,1788111257,0,56365
grpo,1788111262,0,59005
grpo,1788111267,0,60045
grpo,1788111272,0,60045
grpo,1788111277,0,60045
grpo,1788111282,0,60045
grpo,1788111287,0,60105
grpo,1788111292,0,60105
grpo,1788111297,0,60105
grpo,1788111302,0,60105
grpo,1788111307,0,60105
grpo,1788111312,0,60105
grpo,1788111317,0,60105
grpo,1788111322,0,104589
grpo,1788111327,0,108985
grpo,1788111332,0,108985
grpo,1788111338,0,108985
grpo,1788111343,0,108985
grpo,1788111348,0,108985
grpo,1788111353,0,108985
grpo,1788111358,0,40899
grpo,1788111363,0,40899
grpo,1788111368,0,40919
grpo,1788111373,0,40925
grpo,1788111378,0,42725
grpo,1788111383,0,42725
grpo,1788111388,0,42725
grpo,1788111393,0,42725
grpo,1788111398,0,42725
grpo,1788111403,0,42725
grpo,1788111408,0,42725
grpo,1788111413,0,42725
grpo,1788111418,0,42725
grpo,1788111423,0,42725
grpo,1788111428,0,42725
grpo,1788111433,0,42725
grpo,1788111438,0,42725
grpo,1788111444,0,56085
grpo,1788111449,0,57445
grpo,1788111454,0,60045
grpo,1788111459,0,60045
grpo,1788111464,0,60045
grpo,1788111469,0,60045
grpo,1788111474,0,60065
grpo,1788111479,0,60105
grpo,1788111484,0,60105
grpo,1788111489,0,60105
grpo,1788111494,0,60105
grpo,1788111499,0,60105
grpo,1788111504,0,60105
grpo,1788111509,0,60105
grpo,1788111514,0,108705
grpo,1788111519,0,108705
grpo,1788111524,0,108705
grpo,1788111529,0,108705
grpo,1788111534,0,108705
grpo,1788111539,0,108705
grpo,1788111544,0,39937
grpo,1788111550,0,40899
grpo,1788111555,0,40919
grpo,1788111560,0,40925
grpo,1788111565,0,42725
grpo,1788111570,0,42725
grpo,1788111575,0,42725
grpo,1788111580,0,42725
grpo,1788111585,0,42725
grpo,1788111590,0,42725
grpo,1788111595,0,42725
grpo,1788111600,0,42725
grpo,1788111605,0,42725
grpo,1788111610,0,42725
grpo,1788111615,0,42725
grpo,1788111620,0,42725
grpo,1788111625,0,42725
grpo,1788111630,0,55965
grpo,1788111635,0,56445
grpo,1788111640,0,58125
grpo,1788111645,0,60045
grpo,1788111650,0,60045
grpo,1788111655,0,60045
grpo,1788111661,0,60045
grpo,1788111666,0,60105
grpo,1788111671,0,60105
grpo,1788111676,0,60105
grpo,1788111681,0,60105
grpo,1788111686,0,60105
grpo,1788111691,0,60105
grpo,1788111696,0,60105
grpo,1788111701,0,104929
grpo,1788111706,0,112315
grpo,1788111711,0,112315
grpo,1788111716,0,112315
grpo,1788111721,0,112315
grpo,1788111726,0,112315
grpo,1788111731,0,112315
grpo,1788111736,0,40879
grpo,1788111741,0,40899
grpo,1788111746,0,40899
grpo,1788111751,0,40905
grpo,1788111756,0,42705
grpo,1788111762,0,42705
grpo,1788111767,0,42705
grpo,1788111772,0,42705
grpo,1788111777,0,42705
grpo,1788111782,0,42705
grpo,1788111787,0,42705
grpo,1788111792,0,42705
grpo,1788111797,0,42705
grpo,1788111802,0,42705
grpo,1788111807,0,42705
grpo,1788111812,0,42705
grpo,1788111817,0,42705
grpo,1788111822,0,56045
grpo,1788111827,0,57165
grpo,1788111832,0,60045
grpo,1788111837,0,60045
grpo,1788111842,0,60045
grpo,1788111847,0,60045
grpo,1788111852,0,60045
grpo,1788111857,0,60065
grpo,1788111862,0,60065
grpo,1788111867,0,60065
grpo,1788111873,0,60065
grpo,1788111878,0,60065
grpo,1788111883,0,60065
grpo,1788111888,0,60065
grpo,1788111893,0,60065
grpo,1788111898,0,108867
grpo,1788111903,0,108867
grpo,1788111908,0,108867
grpo,1788111913,0,108867
grpo,1788111918,0,108867
grpo,1788111923,0,108867
grpo,1788111928,0,40419
grpo,1788111933,0,40899
grpo,1788111938,0,40919
grpo,1788111943,0,40925
grpo,1788111948,0,42725
grpo,1788111953,0,42725
grpo,1788111958,0,42725
grpo,1788111963,0,42725
grpo,1788111968,0,42725
grpo,1788111973,0,42725
grpo,1788111979,0,42725
grpo,1788111984,0,42725
grpo,1788111989,0,42725
grpo,1788111994,0,42725
grpo,1788111999,0,42725
grpo,1788112004,0,42725
grpo,1788112009,0,42725
grpo,1788112014,0,56065
grpo,1788112019,0,56965
grpo,1788112024,0,59405
grpo,1788112029,0,60045
grpo,1788112034,0,60045
grpo,1788112039,0,60045
grpo,1788112044,0,60045
grpo,1788112049,0,60105
grpo,1788112054,0,60105
grpo,1788112059,0,60105
grpo,1788112064,0,60105
grpo,1788112069,0,60105
grpo,1788112074,0,60105
grpo,1788112080,0,60105
grpo,1788112085,0,109575
grpo,1788112090,0,109575
grpo,1788112095,0,109575
grpo,1788112100,0,109575
grpo,1788112105,0,109575
grpo,1788112110,0,109575
grpo,1788112115,0,40159
grpo,1788112120,0,40899
grpo,1788112125,0,40919
grpo,1788112130,0,40925
grpo,1788112135,0,42725
grpo,1788112140,0,42725
grpo,1788112145,0,42725
grpo,1788112150,0,42725
grpo,1788112155,0,42725
grpo,1788112160,0,42725
grpo,1788112165,0,42725
grpo,1788112170,0,42725
grpo,1788112175,0,42725
grpo,1788112180,0,42725
grpo,1788112186,0,42725
grpo,1788112191,0,42725
grpo,1788112196,0,42725
grpo,1788112201,0,56045
grpo,1788112206,0,56485
grpo,1788112211,0,59945
grpo,1788112216,0,60045
grpo,1788112221,0,60045
grpo,1788112226,0,60045
grpo,1788112231,0,60045
grpo,1788112236,0,60105
grpo,1788112241,0,60105
grpo,1788112246,0,60105
grpo,1788112251,0,60105
grpo,1788112256,0,60105
grpo,1788112261,0,60105
grpo,1788112266,0,60105
grpo,1788112271,0,108865
grpo,1788112276,0,108865
grpo,1788112281,0,108865
grpo,1788112287,0,108865
grpo,1788112292,0,108865
grpo,1788112297,0,108865
grpo,1788112302,0,40219
grpo,1788112307,0,40899
grpo,1788112312,0,40899
grpo,1788112317,0,40905
grpo,1788112322,0,42705
grpo,1788112327,0,42705
grpo,1788112332,0,42705
grpo,1788112337,0,42705
grpo,1788112342,0,42705
grpo,1788112347,0,42705
grpo,1788112352,0,42705
grpo,1788112357,0,42705
grpo,1788112362,0,42705
grpo,1788112367,0,42705
grpo,1788112372,0,42705
grpo,1788112377,0,42705
grpo,1788112382,0,42705
grpo,1788112387,0,56045
grpo,1788112392,0,56805
grpo,1788112398,0,59265
grpo,1788112403,0,60045
grpo,1788112408,0,60045
grpo,1788112413,0,60045
grpo,1788112418,0,60045
grpo,1788112423,0,60045
grpo,1788112428,0,60045
grpo,1788112433,0,60045
grpo,1788112438,0,60045
grpo,1788112443,0,60045
grpo,1788112448,0,60045
grpo,1788112453,0,60045
grpo,1788112458,0,109487
grpo,1788112463,0,109487
grpo,1788112468,0,109487
grpo,1788112473,0,109487
grpo,1788112478,0,109487
grpo,1788112483,0,109487
grpo,1788112488,0,40439
grpo,1788112493,0,40899
grpo,1788112498,0,40899
grpo,1788112504,0,42705
grpo,1788112509,0,42705
grpo,1788112514,0,42705
grpo,1788112519,0,42705
grpo,1788112524,0,42705
grpo,1788112529,0,42705
grpo,1788112534,0,42705
grpo,1788112539,0,42705
grpo,1788112544,0,42705
grpo,1788112549,0,42705
grpo,1788112554,0,42705
grpo,1788112559,0,42705
grpo,1788112564,0,42705
grpo,1788112569,0,42705
grpo,1788112574,0,56085
grpo,1788112579,0,56785
grpo,1788112584,0,60045
grpo,1788112589,0,60045
grpo,1788112594,0,60045
grpo,1788112599,0,60045
grpo,1788112604,0,60065
grpo,1788112610,0,60065
grpo,1788112615,0,60065
grpo,1788112620,0,60065
grpo,1788112625,0,60065
grpo,1788112630,0,60065
grpo,1788112635,0,60065
grpo,1788112640,0,108607
grpo,1788112645,0,108607
grpo,1788112650,0,108607
grpo,1788112655,0,108607
grpo,1788112660,0,108607
grpo,1788112665,0,108607
grpo,1788112670,0,40879
grpo,1788112675,0,40919
grpo,1788112680,0,40921
grpo,1788112685,0,42725
grpo,1788112690,0,42725
grpo,1788112695,0,42725
grpo,1788112700,0,42725
grpo,1788112705,0,42725
grpo,1788112711,0,42725
grpo,1788112716,0,42725
grpo,1788112721,0,42725
grpo,1788112726,0,42725
grpo,1788112731,0,42725
grpo,1788112736,0,42725
grpo,1788112741,0,42725
grpo,1788112746,0,42725
grpo,1788112751,0,55945
grpo,1788112756,0,56105
grpo,1788112761,0,57325
grpo,1788112766,0,60045
grpo,1788112771,0,60045
grpo,1788112776,0,60045
grpo,1788112781,0,60045
grpo,1788112786,0,60105
grpo,1788112791,0,60105
grpo,1788112796,0,60105
grpo,1788112801,0,60105
grpo,1788112806,0,60105
grpo,1788112811,0,60105
grpo,1788112817,0,66345
grpo,1788112822,0,109423
grpo,1788112827,0,109423
grpo,1788112832,0,109423
grpo,1788112837,0,109423
grpo,1788112842,0,109423
grpo,1788112847,0,43567
grpo,1788112852,0,40899
grpo,1788112857,0,40899
grpo,1788112862,0,40899
grpo,1788112867,0,42705
grpo,1788112872,0,42705
grpo,1788112877,0,42705
grpo,1788112882,0,42705
grpo,1788112887,0,42705
grpo,1788112892,0,42705
grpo,1788112897,0,42705
grpo,1788112902,0,42705
grpo,1788112907,0,42705
grpo,1788112912,0,42705
grpo,1788112917,0,42705
grpo,1788112923,0,42705
grpo,1788112928,0,42705
grpo,1788112933,0,42705
grpo,1788112938,0,56145
grpo,1788112943,0,57285
grpo,1788112948,0,60045
grpo,1788112953,0,60045
grpo,1788112958,0,60045
grpo,1788112963,0,60045
grpo,1788112968,0,60045
grpo,1788112973,0,60045
grpo,1788112978,0,60045
grpo,1788112983,0,60045
grpo,1788112988,0,60045
grpo,1788112993,0,60045
grpo,1788112998,0,60045
grpo,1788113003,0,109391
grpo,1788113008,0,109391
grpo,1788113013,0,109391
grpo,1788113018,0,109391
grpo,1788113024,0,109391
grpo,1788113029,0,109391
grpo,1788113034,0,40057
grpo,1788113039,0,40899
grpo,1788113044,0,40919
grpo,1788113049,0,40925
grpo,1788113054,0,42725
grpo,1788113059,0,42725
grpo,1788113064,0,42725
grpo,1788113069,0,42725
grpo,1788113074,0,42725
grpo,1788113079,0,42725
grpo,1788113084,0,42725
grpo,1788113089,0,42725
grpo,1788113094,0,42725
grpo,1788113099,0,42725
grpo,1788113104,0,42725
grpo,1788113109,0,42725
grpo,1788113114,0,42725
grpo,1788113119,0,56045
grpo,1788113124,0,56665
grpo,1788113130,0,59185
grpo,1788113135,0,60045
grpo,1788113140,0,60045
grpo,1788113145,0,60045
grpo,1788113150,0,60105
grpo,1788113155,0,60105
grpo,1788113160,0,60105
grpo,1788113165,0,60105
grpo,1788113170,0,60105
grpo,1788113175,0,60105
grpo,1788113180,0,60105
grpo,1788113185,0,104821
grpo,1788113190,0,108755
grpo,1788113195,0,108755
grpo,1788113200,0,108755
grpo,1788113205,0,108755
grpo,1788113210,0,108755
grpo,1788113215,0,40139
grpo,1788113220,0,40899
grpo,1788113225,0,40919
grpo,1788113230,0,40925
grpo,1788113236,0,42725
grpo,1788113241,0,42725
grpo,1788113246,0,42725
grpo,1788113251,0,42725
grpo,1788113256,0,42725
grpo,1788113261,0,42725
grpo,1788113266,0,42725
grpo,1788113271,0,42725
grpo,1788113276,0,42725
grpo,1788113281,0,42725
grpo,1788113286,0,42725
grpo,1788113291,0,42725
grpo,1788113296,0,42725
grpo,1788113301,0,56045
grpo,1788113306,0,56725
grpo,1788113311,0,58965
grpo,1788113316,0,60045
grpo,1788113321,0,60045
grpo,1788113326,0,60045
grpo,1788113331,0,60105
grpo,1788113336,0,60105
grpo,1788113342,0,60105
grpo,1788113347,0,60105
grpo,1788113352,0,60105
grpo,1788113357,0,60105
grpo,1788113362,0,60105
grpo,1788113367,0,108901
grpo,1788113372,0,108901
grpo,1788113377,0,108901
grpo,1788113382,0,108901
grpo,1788113387,0,108901
grpo,1788113392,0,108901
grpo,1788113397,0,39997
grpo,1788113402,0,40899
grpo,1788113407,0,40919
grpo,1788113412,0,40921
grpo,1788113417,0,42725
grpo,1788113422,0,42725
grpo,1788113427,0,42725
grpo,1788113432,0,42725
grpo,1788113437,0,42725
grpo,1788113442,0,42725
grpo,1788113448,0,42725
grpo,1788113453,0,42725
grpo,1788113458,0,42725
grpo,1788113463,0,42725
grpo,1788113468,0,42725
grpo,1788113473,0,42725
grpo,1788113478,0,42725
grpo,1788113483,0,55985
grpo,1788113488,0,56385
grpo,1788113493,0,58225
grpo,1788113498,0,60045
grpo,1788113503,0,60045
grpo,1788113508,0,60045
grpo,1788113513,0,60045
grpo,1788113518,0,60105
grpo,1788113523,0,60105
grpo,1788113528,0,60105
grpo,1788113533,0,60105
grpo,1788113538,0,60105
grpo,1788113543,0,60105
grpo,1788113549,0,60105
grpo,1788113554,0,45943
grpo,1788113559,0,108613
grpo,1788113564,0,108613
grpo,1788113569,0,108613
grpo,1788113574,0,108613
grpo,1788113579,0,108613
grpo,1788113584,0,40219
grpo,1788113589,0,40899
grpo,1788113594,0,40901
grpo,1788113599,0,42705
grpo,1788113604,0,42705
grpo,1788113609,0,42705
grpo,1788113614,0,42705
grpo,1788113619,0,42705
grpo,1788113624,0,42705
grpo,1788113629,0,42705
grpo,1788113634,0,42705
grpo,1788113639,0,42705
grpo,1788113644,0,42705
grpo,1788113649,0,42705
grpo,1788113655,0,42705
grpo,1788113660,0,42705
grpo,1788113665,0,42705
grpo,1788113670,0,56085
grpo,1788113675,0,56605
grpo,1788113680,0,59045
grpo,1788113685,0,60045
grpo,1788113690,0,60045
grpo,1788113695,0,60045
grpo,1788113700,0,60065
grpo,1788113705,0,60065
grpo,1788113710,0,60065
grpo,1788113715,0,60065
grpo,1788113720,0,60065
grpo,1788113725,0,60065
grpo,1788113730,0,87103
grpo,1788113735,0,107965
grpo,1788113740,0,107965
grpo,1788113745,0,107965
grpo,1788113750,0,107965
grpo,1788113755,0,107965
grpo,1788113761,0,40639
grpo,1788113766,0,40919
grpo,1788113771,0,40923
grpo,1788113776,0,42723
grpo,1788113781,0,42723
grpo,1788113786,0,42723
grpo,1788113791,0,42723
grpo,1788113796,0,42723
grpo,1788113801,0,42723
grpo,1788113806,0,42723
grpo,1788113811,0,42723
grpo,1788113816,0,42723
grpo,1788113821,0,42723
grpo,1788113826,0,42723
grpo,1788113831,0,42723
grpo,1788113836,0,42723
grpo,1788113841,0,55983
grpo,1788113846,0,56123
grpo,1788113851,0,57343
grpo,1788113856,0,60043
grpo,1788113861,0,60043
grpo,1788113867,0,60043
grpo,1788113872,0,60103
grpo,1788113877,0,60103
grpo,1788113882,0,60103
grpo,1788113887,0,60103
grpo,1788113892,0,60103
grpo,1788113897,0,60103
grpo,1788113902,0,87101
grpo,1788113907,0,109033
grpo,1788113912,0,109033
grpo,1788113917,0,109033
grpo,1788113922,0,109033
grpo,1788113927,0,109033
grpo,1788113932,0,39875
grpo,1788113937,0,40899
grpo,1788113942,0,40899
grpo,1788113947,0,40903
grpo,1788113952,0,42703
grpo,1788113957,0,42703
grpo,1788113962,0,42703
grpo,1788113967,0,42703
grpo,1788113972,0,42703
grpo,1788113978,0,42703
grpo,1788113983,0,42703
grpo,1788113988,0,42703
grpo,1788113993,0,42703
grpo,1788113998,0,42703
grpo,1788114003,0,42703
grpo,1788114008,0,42703
grpo,1788114013,0,42703
grpo,1788114018,0,56023
grpo,1788114023,0,56363
grpo,1788114028,0,57983
grpo,1788114033,0,60043
grpo,1788114038,0,60043
grpo,1788114043,0,60043
grpo,1788114048,0,60043
grpo,1788114053,0,60043
grpo,1788114058,0,60043
grpo,1788114063,0,60043
grpo,1788114068,0,60043
grpo,1788114073,0,60043
grpo,1788114078,0,60043
grpo,1788114083,0,104589
grpo,1788114089,0,108817
grpo,1788114094,0,108817
grpo,1788114099,0,108817
grpo,1788114104,0,108817
grpo,1788114109,0,108817
grpo,1788114114,0,40219
grpo,1788114119,0,40899
grpo,1788114124,0,40919
grpo,1788114129,0,40925
grpo,1788114134,0,42725
grpo,1788114139,0,42725
grpo,1788114144,0,42725
grpo,1788114149,0,42725
grpo,1788114154,0,42725
grpo,1788114159,0,42725
grpo,1788114164,0,42725
grpo,1788114169,0,42725
grpo,1788114174,0,42725
grpo,1788114179,0,42725
grpo,1788114184,0,42725
grpo,1788114189,0,42725
grpo,1788114194,0,42725
grpo,1788114200,0,56065
grpo,1788114205,0,56805
grpo,1788114210,0,58645
grpo,1788114215,0,60045
grpo,1788114220,0,60045
grpo,1788114225,0,60045
grpo,1788114230,0,60105
grpo,1788114235,0,60105
grpo,1788114240,0,60105
grpo,1788114245,0,60105
grpo,1788114250,0,60105
grpo,1788114255,0,60105
grpo,1788114260,0,60105
grpo,1788114265,0,108745
grpo,1788114270,0,108745
grpo,1788114275,0,108745
grpo,1788114280,0,108745
grpo,1788114285,0,108745
grpo,1788114290,0,42889
grpo,1788114295,0,40899
grpo,1788114300,0,40899
grpo,1788114306,0,40903
grpo,1788114311,0,42703
grpo,1788114316,0,42703
grpo,1788114321,0,42703
grpo,1788114326,0,42703
grpo,1788114331,0,42703
grpo,1788114336,0,42703
grpo,1788114341,0,42703
grpo,1788114346,0,42703
grpo,1788114351,0,42703
grpo,1788114356,0,42703
grpo,1788114361,0,42703
grpo,1788114366,0,42703
grpo,1788114371,0,42703
grpo,1788114376,0,56003
grpo,1788114381,0,56143
grpo,1788114386,0,57463
grpo,1788114391,0,60043
grpo,1788114396,0,60043
grpo,1788114401,0,60043
grpo,1788114406,0,60043
grpo,1788114411,0,60043
grpo,1788114417,0,60043
grpo,1788114422,0,60043
grpo,1788114427,0,60043
grpo,1788114432,0,60045
grpo,1788114437,0,60045
grpo,1788114442,0,113367
grpo,1788114447,0,113367
grpo,1788114452,0,113367
grpo,1788114457,0,113367
grpo,1788114462,0,113367
grpo,1788114467,0,113367
grpo,1788114472,0,40819
grpo,1788114477,0,40899
grpo,1788114482,0,40903
grpo,1788114487,0,42703
grpo,1788114492,0,42703
grpo,1788114497,0,42703
grpo,1788114502,0,42703
grpo,1788114507,0,42703
grpo,1788114512,0,42703
grpo,1788114518,0,42703
grpo,1788114523,0,42703
grpo,1788114528,0,42703
grpo,1788114533,0,42703
grpo,1788114538,0,42703
grpo,1788114543,0,42703
grpo,1788114548,0,42703
grpo,1788114553,0,55963
grpo,1788114558,0,56123
grpo,1788114563,0,57143
grpo,1788114568,0,60043
grpo,1788114573,0,60043
grpo,1788114578,0,60043
grpo,1788114583,0,60043
grpo,1788114588,0,60043
grpo,1788114593,0,60043
grpo,1788114598,0,60043
grpo,1788114603,0,60043
grpo,1788114608,0,60045
grpo,1788114613,0,60045
grpo,1788114618,0,109257
grpo,1788114623,0,109257
grpo,1788114629,0,109257
grpo,1788114634,0,109257
grpo,1788114639,0,109257
grpo,1788114644,0,109257
grpo,1788114649,0,40601
grpo,1788114654,0,40921
grpo,1788114659,0,40921
grpo,1788114664,0,42725
grpo,1788114669,0,42725
grpo,1788114674,0,42725
grpo,1788114679,0,42725
grpo,1788114684,0,42725
grpo,1788114689,0,42725
grpo,1788114694,0,42725
grpo,1788114699,0,42725
grpo,1788114704,0,42725
grpo,1788114709,0,42725
grpo,1788114714,0,42725
grpo,1788114719,0,42725
grpo,1788114724,0,42725
grpo,1788114729,0,55945
grpo,1788114735,0,56125
grpo,1788114740,0,56945
grpo,1788114745,0,59745
grpo,1788114750,0,60045
grpo,1788114755,0,60045
grpo,1788114760,0,60045
grpo,1788114765,0,60105
grpo,1788114770,0,60105
grpo,1788114775,0,60105
grpo,1788114780,0,60105
grpo,1788114785,0,60105
grpo,1788114790,0,60105
grpo,1788114795,0,57735
grpo,1788114800,0,111291
grpo,1788114805,0,111291
grpo,1788114810,0,111291
grpo,1788114815,0,111291
grpo,1788114820,0,111291
grpo,1788114825,0,38733
grpo,1788114830,0,40899
grpo,1788114835,0,40899
grpo,1788114840,0,40905
grpo,1788114846,0,42705
grpo,1788114851,0,42705
grpo,1788114856,0,42705
grpo,1788114861,0,42705
grpo,1788114866,0,42705
grpo,1788114871,0,42705
grpo,1788114876,0,42705
grpo,1788114881,0,42705
grpo,1788114886,0,42705
grpo,1788114891,0,42705
grpo,1788114896,0,42705
grpo,1788114901,0,42705
grpo,1788114906,0,42705
grpo,1788114911,0,55985
grpo,1788114916,0,56225
grpo,1788114921,0,57985
grpo,1788114926,0,60045
grpo,1788114931,0,60045
grpo,1788114936,0,60045
grpo,1788114941,0,60045
grpo,1788114946,0,60045
grpo,1788114951,0,60045
grpo,1788114957,0,60045
grpo,1788114962,0,60045
grpo,1788114967,0,60045
grpo,1788114972,0,60045
grpo,1788114977,0,66345
grpo,1788114982,0,110281
grpo,1788114987,0,110281
grpo,1788114992,0,110281
grpo,1788114997,0,110281
grpo,1788115002,0,110281
grpo,1788115007,0,40219
grpo,1788115012,0,40919
grpo,1788115017,0,40921
grpo,1788115022,0,42723
grpo,1788115027,0,42723
grpo,1788115032,0,42723
grpo,1788115037,0,42723
grpo,1788115042,0,42723
grpo,1788115047,0,42723
grpo,1788115052,0,42723
grpo,1788115057,0,42723
grpo,1788115063,0,42723
grpo,1788115068,0,42723
grpo,1788115073,0,42723
grpo,1788115078,0,42723
grpo,1788115083,0,42723
grpo,1788115088,0,55923
grpo,1788115093,0,56083
grpo,1788115098,0,56703
grpo,1788115103,0,59183
grpo,1788115108,0,60043
grpo,1788115113,0,60043
grpo,1788115118,0,60103
grpo,1788115123,0,60103
grpo,1788115128,0,60103
grpo,1788115133,0,60103
grpo,1788115138,0,60103
grpo,1788115143,0,60105
grpo,1788115148,0,60105
grpo,1788115153,0,108643
grpo,1788115158,0,108643
grpo,1788115163,0,108643
grpo,1788115168,0,108643
grpo,1788115174,0,108643
grpo,1788115179,0,42787
grpo,1788115184,0,40899
grpo,1788115189,0,40919
grpo,1788115194,0,40923
grpo,1788115199,0,42723
grpo,1788115204,0,42723
grpo,1788115209,0,42723
grpo,1788115214,0,42723
grpo,1788115219,0,42723
grpo,1788115224,0,42723
grpo,1788115229,0,42723
grpo,1788115234,0,42723
grpo,1788115239,0,42723
grpo,1788115244,0,42723
grpo,1788115249,0,42723
grpo,1788115254,0,42723
grpo,1788115259,0,42723
grpo,1788115264,0,55983
grpo,1788115269,0,56183
grpo,1788115274,0,57223
grpo,1788115279,0,60043
grpo,1788115285,0,60043
grpo,1788115290,0,60043
grpo,1788115295,0,60063
grpo,1788115300,0,60103
grpo,1788115305,0,60103
grpo,1788115310,0,60103
grpo,1788115315,0,60103
grpo,1788115320,0,60103
grpo,1788115325,0,60103
grpo,1788115330,0,108383
grpo,1788115335,0,108383
grpo,1788115340,0,108383
grpo,1788115345,0,108383
grpo,1788115350,0,108383
grpo,1788115355,0,108383
grpo,1788115360,0,40319
grpo,1788115365,0,40899
grpo,1788115370,0,40899
grpo,1788115375,0,42705
grpo,1788115380,0,42705
grpo,1788115385,0,42705
grpo,1788115390,0,42705
grpo,1788115396,0,42705
grpo,1788115401,0,42705
grpo,1788115406,0,42705
grpo,1788115411,0,42705
grpo,1788115416,0,42705
grpo,1788115421,0,42705
grpo,1788115426,0,42705
grpo,1788115431,0,42705
grpo,1788115436,0,42705
grpo,1788115441,0,42705
grpo,1788115446,0,56065
grpo,1788115451,0,56725
grpo,1788115456,0,59185
grpo,1788115461,0,60045
grpo,1788115466,0,60045
grpo,1788115471,0,60045
grpo,1788115476,0,60045
grpo,1788115481,0,60045
grpo,1788115486,0,60045
grpo,1788115491,0,60045
grpo,1788115496,0,60045
grpo,1788115501,0,60045
grpo,1788115507,0,60045
grpo,1788115512,0,109615
grpo,1788115517,0,109615
grpo,1788115522,0,109615
grpo,1788115527,0,109615
grpo,1788115532,0,109615
grpo,1788115537,0,109615
grpo,1788115542,0,40159
grpo,1788115547,0,40899
grpo,1788115552,0,40919
grpo,1788115557,0,40925
grpo,1788115562,0,42725
grpo,1788115567,0,42725
grpo,1788115572,0,42725
grpo,1788115577,0,42725
grpo,1788115582,0,42725
grpo,1788115587,0,42725
grpo,1788115592,0,42725
grpo,1788115597,0,42725
grpo,1788115602,0,42725
grpo,1788115607,0,42725
grpo,1788115613,0,42725
grpo,1788115618,0,42725
grpo,1788115623,0,42725
grpo,1788115628,0,56025
grpo,1788115633,0,56665
grpo,1788115638,0,59305
grpo,1788115643,0,60045
grpo,1788115648,0,60045
grpo,1788115653,0,60045
grpo,1788115658,0,60045
grpo,1788115663,0,60105
grpo,1788115668,0,60105
grpo,1788115673,0,60105
grpo,1788115678,0,60105
grpo,1788115683,0,60105
grpo,1788115688,0,60105
grpo,1788115693,0,60105
grpo,1788115698,0,106045
grpo,1788115703,0,110077
grpo,1788115708,0,110077
grpo,1788115713,0,110077
grpo,1788115719,0,110077
grpo,1788115724,0,110077
grpo,1788115729,0,40119
grpo,1788115734,0,40899
grpo,1788115739,0,40919
grpo,1788115744,0,40925
grpo,1788115749,0,42725
grpo,1788115754,0,42725
grpo,1788115759,0,42725
grpo,1788115764,0,42725
grpo,1788115769,0,42725
grpo,1788115774,0,42725
grpo,1788115779,0,42725
grpo,1788115784,0,42725
grpo,1788115789,0,42725
grpo,1788115794,0,42725
grpo,1788115799,0,42725
grpo,1788115804,0,42725
grpo,1788115809,0,42725
grpo,1788115814,0,56065
grpo,1788115819,0,56565
grpo,1788115824,0,59265
grpo,1788115830,0,60045
grpo,1788115835,0,60045
grpo,1788115840,0,60045
grpo,1788115845,0,60105
grpo,1788115850,0,60105
grpo,1788115855,0,60105
grpo,1788115860,0,60105
grpo,1788115865,0,60105
grpo,1788115870,0,60105
grpo,1788115875,0,60105
grpo,1788115880,0,109003
grpo,1788115885,0,109003
grpo,1788115890,0,109003
grpo,1788115895,0,109003
grpo,1788115900,0,109003
grpo,1788115905,0,38733
grpo,1788115910,0,40899
grpo,1788115915,0,40899
grpo,1788115920,0,40905
grpo,1788115925,0,42705
grpo,1788115930,0,42705
grpo,1788115936,0,42705
grpo,1788115941,0,42705
grpo,1788115946,0,42705
grpo,1788115951,0,42705
grpo,1788115956,0,42705
grpo,1788115961,0,42705
grpo,1788115966,0,42705
grpo,1788115971,0,42705
grpo,1788115976,0,42705
grpo,1788115981,0,42705
grpo,1788115986,0,42705
grpo,1788115991,0,55985
grpo,1788115996,0,56205
grpo,1788116001,0,57525
grpo,1788116006,0,60045
grpo,1788116011,0,60045
grpo,1788116016,0,60045
grpo,1788116021,0,60045
grpo,1788116026,0,60045
grpo,1788116031,0,60045
grpo,1788116036,0,60045
grpo,1788116042,0,60045
grpo,1788116047,0,60045
grpo,1788116052,0,60045
grpo,1788116057,0,106583
grpo,1788116062,0,108855
grpo,1788116067,0,108855
grpo,1788116072,0,108855
grpo,1788116077,0,108855
grpo,1788116082,0,108855
grpo,1788116087,0,40017
grpo,1788116092,0,40899
grpo,1788116097,0,40899
grpo,1788116102,0,40905
grpo,1788116107,0,42705
grpo,1788116112,0,42705
grpo,1788116117,0,42705
grpo,1788116122,0,42705
grpo,1788116127,0,42705
grpo,1788116132,0,42705
grpo,1788116137,0,42705
grpo,1788116142,0,42705
grpo,1788116148,0,42705
grpo,1788116153,0,42705
grpo,1788116158,0,42705
grpo,1788116163,0,42705
grpo,1788116168,0,42705
grpo,1788116173,0,56005
grpo,1788116178,0,56425
grpo,1788116183,0,58005
grpo,1788116188,0,60045
grpo,1788116193,0,60045
grpo,1788116198,0,60045
grpo,1788116203,0,60045
grpo,1788116208,0,60045
grpo,1788116213,0,60045
grpo,1788116218,0,60045
grpo,1788116223,0,60045
grpo,1788116228,0,60045
grpo,1788116233,0,60045
grpo,1788116238,0,60045
grpo,1788116243,0,108239
grpo,1788116248,0,108239
grpo,1788116254,0,108239
grpo,1788116259,0,108239
grpo,1788116264,0,108239
grpo,1788116269,0,42383
grpo,1788116274,0,40899
grpo,1788116279,0,40899
grpo,1788116284,0,40901
grpo,1788116289,0,42705
grpo,1788116294,0,42705
grpo,1788116299,0,42705
grpo,1788116304,0,42705
grpo,1788116309,0,42705
grpo,1788116314,0,42705
grpo,1788116319,0,42705
grpo,1788116324,0,42705
grpo,1788116329,0,42705
grpo,1788116334,0,42705
grpo,1788116339,0,42705
grpo,1788116344,0,42705
grpo,1788116349,0,42705
grpo,1788116354,0,55945
grpo,1788116360,0,56125
grpo,1788116365,0,57385
grpo,1788116370,0,60045
grpo,1788116375,0,60045
grpo,1788116380,0,60045
grpo,1788116385,0,60045
grpo,1788116390,0,60045
grpo,1788116395,0,60045
grpo,1788116400,0,60045
grpo,1788116405,0,60045
grpo,1788116410,0,60045
grpo,1788116415,0,60045
grpo,1788116420,0,66345
grpo,1788116425,0,110589
grpo,1788116430,0,110589
grpo,1788116435,0,110589
grpo,1788116440,0,110589
grpo,1788116445,0,110589
grpo,1788116450,0,40017
grpo,1788116455,0,40901
grpo,1788116460,0,40901
grpo,1788116466,0,40903
grpo,1788116471,0,42703
grpo,1788116476,0,42703
grpo,1788116481,0,42703
grpo,1788116486,0,42703
grpo,1788116491,0,42703
grpo,1788116496,0,42703
grpo,1788116501,0,42703
grpo,1788116506,0,42703
grpo,1788116511,0,42703
grpo,1788116516,0,42703
grpo,1788116521,0,42703
grpo,1788116526,0,42703
grpo,1788116531,0,42703
grpo,1788116536,0,56063
grpo,1788116541,0,56623
grpo,1788116546,0,59423
grpo,1788116551,0,60043
grpo,1788116556,0,60043
grpo,1788116561,0,60043
grpo,1788116567,0,60043
grpo,1788116572,0,60043
grpo,1788116577,0,60043
grpo,1788116582,0,60043
grpo,1788116587,0,60043
grpo,1788116592,0,60043
grpo,1788116597,0,45943
grpo,1788116602,0,108871
grpo,1788116607,0,108871
grpo,1788116612,0,108871
grpo,1788116617,0,108871
grpo,1788116622,0,108871
grpo,1788116627,0,108871
grpo,1788116632,0,40639
grpo,1788116637,0,40899
grpo,1788116642,0,40919
grpo,1788116647,0,40925
grpo,1788116652,0,42725
grpo,1788116657,0,42725
grpo,1788116662,0,42725
grpo,1788116667,0,42725
grpo,1788116673,0,42725
grpo,1788116678,0,42725
grpo,1788116683,0,42725
grpo,1788116688,0,42725
grpo,1788116693,0,42725
grpo,1788116698,0,42725
grpo,1788116703,0,42725
grpo,1788116708,0,42725
grpo,1788116713,0,42725
grpo,1788116718,0,56085
grpo,1788116723,0,57245
grpo,1788116728,0,59645
grpo,1788116733,0,60045
grpo,1788116738,0,60045
grpo,1788116743,0,60045
grpo,1788116748,0,60045
grpo,1788116753,0,60105
grpo,1788116758,0,60105
grpo,1788116763,0,60105
grpo,1788116768,0,60105
grpo,1788116773,0,60105
grpo,1788116779,0,60105
grpo,1788116784,0,60105
grpo,1788116789,0,44755
grpo,1788116794,0,109945
grpo,1788116799,0,109945
grpo,1788116804,0,109945
grpo,1788116809,0,109945
grpo,1788116814,0,109945
grpo,1788116819,0,40059
grpo,1788116824,0,40899
grpo,1788116829,0,40919
grpo,1788116834,0,40925
grpo,1788116839,0,42725
grpo,1788116844,0,42725
grpo,1788116849,0,42725
grpo,1788116854,0,42725
grpo,1788116859,0,42725
grpo,1788116864,0,42725
grpo,1788116869,0,42725
grpo,1788116874,0,42725
grpo,1788116879,0,42725
grpo,1788116885,0,42725
grpo,1788116890,0,42725
grpo,1788116895,0,42725
grpo,1788116900,0,42725
grpo,1788116905,0,56045
grpo,1788116910,0,56685
grpo,1788116915,0,58665
grpo,1788116920,0,60045
grpo,1788116925,0,60045
grpo,1788116930,0,60045
grpo,1788116935,0,60105
grpo,1788116940,0,60105
grpo,1788116945,0,60105
grpo,1788116950,0,60105
grpo,1788116955,0,60105
grpo,1788116960,0,60105
grpo,1788116965,0,60105
grpo,1788116970,0,109703
grpo,1788116975,0,109703
grpo,1788116980,0,109703
grpo,1788116985,0,109703
grpo,1788116991,0,109703
grpo,1788116996,0,109703
grpo,1788117001,0,40559
grpo,1788117006,0,40899
grpo,1788117011,0,40901
grpo,1788117016,0,42703
grpo,1788117021,0,42703
grpo,1788117026,0,42703
grpo,1788117031,0,42703
grpo,1788117036,0,42703
grpo,1788117041,0,42703
grpo,1788117046,0,42703
grpo,1788117051,0,42703
grpo,1788117056,0,42703
grpo,1788117061,0,42703
grpo,1788117066,0,42703
grpo,1788117071,0,42703
grpo,1788117076,0,42703
grpo,1788117081,0,42703
grpo,1788117086,0,56083
grpo,1788117091,0,56823
grpo,1788117097,0,59763
grpo,1788117102,0,60043
grpo,1788117107,0,60043
grpo,1788117112,0,60043
grpo,1788117117,0,60043
grpo,1788117122,0,60043
grpo,1788117127,0,60043
grpo,1788117132,0,60043
grpo,1788117137,0,60043
grpo,1788117142,0,60043
grpo,1788117147,0,60043
grpo,1788117152,0,108857
grpo,1788117157,0,108857
grpo,1788117162,0,108857
grpo,1788117167,0,108857
grpo,1788117172,0,108857
grpo,1788117177,0,38733
grpo,1788117182,0,40899
grpo,1788117187,0,40899
grpo,1788117192,0,40905
grpo,1788117197,0,42705
grpo,1788117203,0,42705
grpo,1788117208,0,42705
grpo,1788117213,0,42705
grpo,1788117218,0,42705
grpo,1788117223,0,42705
grpo,1788117228,0,42705
grpo,1788117233,0,42705
grpo,1788117238,0,42705
grpo,1788117243,0,42705
grpo,1788117248,0,42705
grpo,1788117253,0,42705
grpo,1788117258,0,42705
grpo,1788117263,0,55985
grpo,1788117268,0,56145
grpo,1788117273,0,57385
grpo,1788117278,0,60045
grpo,1788117283,0,60045
grpo,1788117288,0,60045
grpo,1788117293,0,60045
grpo,1788117298,0,60065
grpo,1788117303,0,60065
grpo,1788117309,0,60065
grpo,1788117314,0,60065
grpo,1788117319,0,60065
grpo,1788117324,0,60065
grpo,1788117329,0,45943
grpo,1788117334,0,112989
grpo,1788117339,0,112989
grpo,1788117344,0,112989
grpo,1788117349,0,112989
grpo,1788117354,0,112989
grpo,1788117359,0,40139
grpo,1788117364,0,40899
grpo,1788117369,0,40919
grpo,1788117374,0,40923
grpo,1788117379,0,42723
grpo,1788117384,0,42723
grpo,1788117389,0,42723
grpo,1788117394,0,42723
grpo,1788117399,0,42723
grpo,1788117404,0,42723
grpo,1788117409,0,42723
grpo,1788117415,0,42723
grpo,1788117420,0,42723
grpo,1788117425,0,42723
grpo,1788117430,0,42723
grpo,1788117435,0,42723
grpo,1788117440,0,42723
grpo,1788117445,0,56203
grpo,1788117450,0,56883
grpo,1788117455,0,59623
grpo,1788117460,0,60183
grpo,1788117465,0,60183
grpo,1788117470,0,60183
grpo,1788117475,0,60243
grpo,1788117480,0,60243
grpo,1788117485,0,60243
grpo,1788117490,0,60243
grpo,1788117495,0,60243
grpo,1788117500,0,60243
grpo,1788117505,0,60243
grpo,1788117510,0,108565
grpo,1788117515,0,108565
grpo,1788117521,0,108565
grpo,1788117526,0,108565
grpo,1788117531,0,108565
grpo,1788117536,0,42709
grpo,1788117541,0,40759
grpo,1788117546,0,40919
grpo,1788117551,0,40921
grpo,1788117556,0,42725
grpo,1788117561,0,42725
grpo,1788117566,0,42725
grpo,1788117571,0,42725
grpo,1788117576,0,42725
grpo,1788117581,0,42725
grpo,1788117586,0,42725
grpo,1788117591,0,42725
grpo,1788117596,0,42725
grpo,1788117601,0,42725
grpo,1788117606,0,42725
grpo,1788117611,0,42725
grpo,1788117616,0,42725
grpo,1788117621,0,42725
grpo,1788117627,0,56105
grpo,1788117632,0,57185
grpo,1788117637,0,60045
grpo,1788117642,0,60045
grpo,1788117647,0,60045
grpo,1788117652,0,60045
grpo,1788117657,0,60105
grpo,1788117662,0,60105
grpo,1788117667,0,60105
grpo,1788117672,0,60105
grpo,1788117677,0,60105
grpo,1788117682,0,60105
grpo,1788117687,0,60105
grpo,1788117692,0,108799
grpo,1788117697,0,108799
grpo,1788117702,0,108799
grpo,1788117707,0,108799
grpo,1788117712,0,108799
grpo,1788117717,0,108799
grpo,1788117722,0,40619
grpo,1788117727,0,40919
grpo,1788117732,0,40919
grpo,1788117738,0,40925
grpo,1788117743,0,42725
grpo,1788117748,0,42725
grpo,1788117753,0,42725
grpo,1788117758,0,42725
grpo,1788117763,0,42725
grpo,1788117768,0,42725
grpo,1788117773,0,42725
grpo,1788117778,0,42725
grpo,1788117783,0,42725
grpo,1788117788,0,42725
grpo,1788117793,0,42725
grpo,1788117798,0,42725
grpo,1788117803,0,42725
grpo,1788117808,0,56085
grpo,1788117813,0,56925
grpo,1788117818,0,59885
grpo,1788117823,0,60045
grpo,1788117828,0,60045
grpo,1788117833,0,60045
grpo,1788117838,0,60105
grpo,1788117844,0,60105
grpo,1788117849,0,60105
grpo,1788117854,0,60105
grpo,1788117859,0,60105
grpo,1788117864,0,60105
grpo,1788117869,0,60105
grpo,1788117874,0,110479
grpo,1788117879,0,110479
grpo,1788117884,0,110479
grpo,1788117889,0,110479
grpo,1788117894,0,110479
grpo,1788117899,0,110479
grpo,1788117904,0,40499
grpo,1788117909,0,40899
grpo,1788117914,0,40921
grpo,1788117919,0,42725
grpo,1788117924,0,42725
grpo,1788117929,0,42725
grpo,1788117934,0,42725
grpo,1788117939,0,42725
grpo,1788117944,0,42725
grpo,1788117950,0,42725
grpo,1788117955,0,42725
grpo,1788117960,0,42725
grpo,1788117965,0,42725
grpo,1788117970,0,42725
grpo,1788117975,0,42725
grpo,1788117980,0,42725
grpo,1788117985,0,42725
grpo,1788117990,0,56105
grpo,1788117995,0,56845
grpo,1788118000,0,59165
grpo,1788118005,0,60045
grpo,1788118010,0,60045
grpo,1788118015,0,60045
grpo,1788118020,0,60105
grpo,1788118025,0,60105
grpo,1788118030,0,60105
grpo,1788118035,0,60105
grpo,1788118040,0,60105
grpo,1788118045,0,60105
grpo,1788118050,0,62425
grpo,1788118056,0,109569
grpo,1788118061,0,109569
grpo,1788118066,0,109569
grpo,1788118071,0,109569
grpo,1788118076,0,109569
grpo,1788118081,0,43713
grpo,1788118086,0,40899
grpo,1788118091,0,40899
grpo,1788118096,0,40901
grpo,1788118101,0,42705
grpo,1788118106,0,42705
grpo,1788118111,0,42705
grpo,1788118116,0,42705
grpo,1788118121,0,42705
grpo,1788118126,0,42705
grpo,1788118131,0,42705
grpo,1788118136,0,42705
grpo,1788118141,0,42705
grpo,1788118146,0,42705
grpo,1788118151,0,42705
grpo,1788118157,0,42705
grpo,1788118162,0,42705
grpo,1788118167,0,55905
grpo,1788118172,0,56185
grpo,1788118177,0,57445
grpo,1788118182,0,60045
grpo,1788118187,0,60045
grpo,1788118192,0,60045
grpo,1788118197,0,60045
grpo,1788118202,0,60065
grpo,1788118207,0,60065
grpo,1788118212,0,60065
grpo,1788118217,0,60065
grpo,1788118222,0,60065
grpo,1788118227,0,60065
grpo,1788118232,0,60065
grpo,1788118237,0,109991
grpo,1788118242,0,109991
grpo,1788118247,0,109991
grpo,1788118252,0,109991
grpo,1788118257,0,109991
grpo,1788118262,0,39915
grpo,1788118268,0,40899
grpo,1788118273,0,40919
grpo,1788118278,0,40923
grpo,1788118283,0,42723
grpo,1788118288,0,42723
grpo,1788118293,0,42723
grpo,1788118298,0,42723
grpo,1788118303,0,42723
grpo,1788118308,0,42723
grpo,1788118313,0,42723
grpo,1788118318,0,42723
grpo,1788118323,0,42723
grpo,1788118328,0,42723
grpo,1788118333,0,42723
grpo,1788118338,0,42723
grpo,1788118343,0,42723
grpo,1788118348,0,56183
grpo,1788118353,0,56563
grpo,1788118358,0,58323
grpo,1788118363,0,60183
grpo,1788118368,0,60183
grpo,1788118373,0,60183
grpo,1788118379,0,60243
grpo,1788118384,0,60243
grpo,1788118389,0,60243
grpo,1788118394,0,60243
grpo,1788118399,0,60245
grpo,1788118404,0,60245
grpo,1788118409,0,104685
grpo,1788118414,0,109019
grpo,1788118419,0,109019
grpo,1788118424,0,109019
grpo,1788118429,0,109019
grpo,1788118434,0,109019
grpo,1788118439,0,38733
grpo,1788118444,0,40899
grpo,1788118449,0,40919
grpo,1788118454,0,40921
grpo,1788118459,0,42725
grpo,1788118464,0,42725
grpo,1788118469,0,42725
grpo,1788118474,0,42725
grpo,1788118479,0,42725
grpo,1788118484,0,42725
grpo,1788118490,0,42725
grpo,1788118495,0,42725
grpo,1788118500,0,42725
grpo,1788118505,0,42725
grpo,1788118510,0,42725
grpo,1788118515,0,42725
grpo,1788118520,0,42725
grpo,1788118525,0,55945
grpo,1788118530,0,56145
grpo,1788118535,0,58005
grpo,1788118540,0,60045
grpo,1788118545,0,60045
grpo,1788118550,0,60045
grpo,1788118555,0,60045
grpo,1788118560,0,60105
grpo,1788118565,0,60105
grpo,1788118570,0,60105
grpo,1788118575,0,60105
grpo,1788118580,0,60105
grpo,1788118585,0,60105
grpo,1788118590,0,60105
grpo,1788118596,0,104589
grpo,1788118601,0,109229
grpo,1788118606,0,109229
grpo,1788118611,0,109229
grpo,1788118616,0,109229
grpo,1788118621,0,38733
grpo,1788118626,0,40901
grpo,1788118631,0,40901
grpo,1788118636,0,40903
grpo,1788118641,0,42703
grpo,1788118646,0,42703
grpo,1788118651,0,42703
grpo,1788118656,0,42703
grpo,1788118661,0,42703
grpo,1788118666,0,42703
grpo,1788118671,0,42703
grpo,1788118676,0,42703
grpo,1788118681,0,42703
grpo,1788118686,0,42703
grpo,1788118691,0,42703
grpo,1788118696,0,42703
grpo,1788118701,0,42703
grpo,1788118707,0,56143
grpo,1788118712,0,56323
grpo,1788118717,0,57623
grpo,1788118722,0,60183
grpo,1788118727,0,60183
grpo,1788118732,0,60183
grpo,1788118737,0,60183
grpo,1788118742,0,60183
grpo,1788118747,0,60183
grpo,1788118752,0,60183
grpo,1788118757,0,60183
grpo,1788118762,0,60183
grpo,1788118767,0,44755
grpo,1788118772,0,110875
grpo,1788118777,0,110875
grpo,1788118782,0,110875
grpo,1788118787,0,110875
grpo,1788118792,0,110875
grpo,1788118797,0,40279
grpo,1788118802,0,40899
grpo,1788118807,0,40901
grpo,1788118812,0,42703
grpo,1788118818,0,42703
grpo,1788118823,0,42703
grpo,1788118828,0,42703
grpo,1788118833,0,42703
grpo,1788118838,0,42703
grpo,1788118843,0,42703
grpo,1788118848,0,42703
grpo,1788118853,0,42703
grpo,1788118858,0,42703
grpo,1788118863,0,42703
grpo,1788118868,0,42703
grpo,1788118873,0,42703
grpo,1788118878,0,43463
grpo,1788118883,0,56083
grpo,1788118888,0,56643
grpo,1788118893,0,59943
grpo,1788118898,0,60043
grpo,1788118903,0,60043
grpo,1788118908,0,60043
grpo,1788118913,0,60063
grpo,1788118919,0,60063
grpo,1788118924,0,60063
grpo,1788118929,0,60063
grpo,1788118934,0,60065
grpo,1788118939,0,60065
grpo,1788118944,0,104589
grpo,1788118949,0,109235
grpo,1788118954,0,109235
grpo,1788118959,0,109235
grpo,1788118964,0,109235
grpo,1788118969,0,109235
grpo,1788118974,0,40159
grpo,1788118979,0,40899
grpo,1788118984,0,40899
grpo,1788118989,0,40905
grpo,1788118994,0,42705
grpo,1788118999,0,42705
grpo,1788119004,0,42705
grpo,1788119009,0,42705
grpo,1788119014,0,42705
grpo,1788119019,0,42705
grpo,1788119025,0,42705
grpo,1788119030,0,42705
grpo,1788119035,0,42705
grpo,1788119040,0,42705
grpo,1788119045,0,42705
grpo,1788119050,0,42705
grpo,1788119055,0,42705
grpo,1788119060,0,56085
grpo,1788119065,0,56785
grpo,1788119070,0,58545
grpo,1788119075,0,60045
grpo,1788119080,0,60045
grpo,1788119085,0,60045
grpo,1788119090,0,60045
grpo,1788119095,0,60045
grpo,1788119100,0,60045
grpo,1788119105,0,60045
grpo,1788119110,0,60045
grpo,1788119115,0,60045
grpo,1788119120,0,60045
grpo,1788119126,0,109283
grpo,1788119131,0,109283
grpo,1788119136,0,109283
grpo,1788119141,0,109283
grpo,1788119146,0,109283
grpo,1788119151,0,109283
grpo,1788119156,0,40419
grpo,1788119161,0,40899
grpo,1788119166,0,40919
grpo,1788119171,0,40925
grpo,1788119176,0,42725
grpo,1788119181,0,42725
grpo,1788119186,0,42725
grpo,1788119191,0,42725
grpo,1788119196,0,42725
grpo,1788119201,0,42725
grpo,1788119206,0,42725
grpo,1788119211,0,42725
grpo,1788119216,0,42725
grpo,1788119221,0,42725
grpo,1788119226,0,42725
grpo,1788119231,0,42725
grpo,1788119237,0,42725
grpo,1788119242,0,56225
grpo,1788119247,0,57145
grpo,1788119252,0,59745
grpo,1788119257,0,60185
grpo,1788119262,0,60185
grpo,1788119267,0,60185
grpo,1788119272,0,60245
grpo,1788119277,0,60245
grpo,1788119282,0,60245
grpo,1788119287,0,60245
grpo,1788119292,0,60245
grpo,1788119297,0,60245
grpo,1788119302,0,60245
grpo,1788119307,0,108451
grpo,1788119312,0,108451
grpo,1788119317,0,108451
grpo,1788119322,0,108451
grpo,1788119327,0,108451
grpo,1788119332,0,108451
grpo,1788119337,0,39895
grpo,1788119343,0,40899
grpo,1788119348,0,40919
grpo,1788119353,0,40925
grpo,1788119358,0,42725
grpo,1788119363,0,42725
grpo,1788119368,0,42725
grpo,1788119373,0,42725
grpo,1788119378,0,42725
grpo,1788119383,0,42725
grpo,1788119388,0,42725
grpo,1788119393,0,42725
grpo,1788119398,0,42725
grpo,1788119403,0,42725
grpo,1788119408,0,42725
grpo,1788119413,0,42725
grpo,1788119418,0,42725
grpo,1788119423,0,56125
grpo,1788119428,0,56445
grpo,1788119433,0,58785
grpo,1788119438,0,60185
grpo,1788119443,0,60185
grpo,1788119449,0,60185
grpo,1788119454,0,60205
grpo,1788119459,0,60245
grpo,1788119464,0,60245
grpo,1788119469,0,60245
grpo,1788119474,0,60245
grpo,1788119479,0,60245
grpo,1788119484,0,60245
grpo,1788119489,0,60245
grpo,1788119494,0,109091
grpo,1788119499,0,109091
grpo,1788119504,0,109091
grpo,1788119509,0,109091
grpo,1788119514,0,109091
grpo,1788119519,0,43235
grpo,1788119524,0,40819
grpo,1788119529,0,40919
grpo,1788119534,0,40923
grpo,1788119539,0,42723
grpo,1788119544,0,42723
grpo,1788119549,0,42723
grpo,1788119555,0,42723
grpo,1788119560,0,42723
grpo,1788119565,0,42723
grpo,1788119570,0,42723
grpo,1788119575,0,42723
grpo,1788119580,0,42723
grpo,1788119585,0,42723
grpo,1788119590,0,42723
grpo,1788119595,0,42723
grpo,1788119600,0,42723
grpo,1788119605,0,56123
grpo,1788119610,0,56283
grpo,1788119615,0,57443
grpo,1788119620,0,60103
grpo,1788119625,0,60183
grpo,1788119630,0,60183
grpo,1788119635,0,60243
grpo,1788119640,0,60243
grpo,1788119645,0,60243
grpo,1788119650,0,60243
grpo,1788119655,0,60243
grpo,1788119661,0,60245
grpo,1788119666,0,60245
grpo,1788119671,0,107725
grpo,1788119676,0,111277
grpo,1788119681,0,111277
grpo,1788119686,0,111277
grpo,1788119691,0,111277
grpo,1788119696,0,111277
grpo,1788119701,0,40319
grpo,1788119706,0,40899
grpo,1788119711,0,40899
grpo,1788119716,0,40905
grpo,1788119721,0,42705
grpo,1788119726,0,42705
grpo,1788119731,0,42705
grpo,1788119736,0,42705
grpo,1788119741,0,42705
grpo,1788119746,0,42705
grpo,1788119751,0,42705
grpo,1788119756,0,42705
grpo,1788119761,0,42705
grpo,1788119767,0,42705
grpo,1788119772,0,42705
grpo,1788119777,0,42705
grpo,1788119782,0,42705
grpo,1788119787,0,56085
grpo,1788119792,0,56805
grpo,1788119797,0,59005
grpo,1788119802,0,60045
grpo,1788119807,0,60045
grpo,1788119812,0,60045
grpo,1788119817,0,60045
grpo,1788119822,0,60045
grpo,1788119827,0,60045
grpo,1788119832,0,60045
grpo,1788119837,0,60045
grpo,1788119842,0,60045
grpo,1788119847,0,60045
grpo,1788119852,0,117751
grpo,1788119857,0,117751
grpo,1788119862,0,117751
grpo,1788119867,0,117751
grpo,1788119872,0,117751
grpo,1788119878,0,39875
grpo,1788119883,0,40899
grpo,1788119888,0,40919
grpo,1788119893,0,40923
grpo,1788119898,0,42723
grpo,1788119903,0,42723
grpo,1788119908,0,42723
grpo,1788119913,0,42723
grpo,1788119918,0,42723
grpo,1788119923,0,42723
grpo,1788119928,0,42723
grpo,1788119933,0,42723
grpo,1788119938,0,42723
grpo,1788119943,0,42723
grpo,1788119948,0,42723
grpo,1788119953,0,42723
grpo,1788119958,0,42723
grpo,1788119963,0,56003
grpo,1788119968,0,56383
grpo,1788119973,0,57863
grpo,1788119978,0,60043
grpo,1788119984,0,60043
grpo,1788119989,0,60043
grpo,1788119994,0,60103
grpo,1788119999,0,60103
grpo,1788120004,0,60103
grpo,1788120009,0,60103
grpo,1788120014,0,60103
grpo,1788120019,0,60103
grpo,1788120024,0,60103
grpo,1788120029,0,105585
grpo,1788120034,0,105585
grpo,1788120039,0,105585
grpo,1788120044,0,105585
grpo,1788120049,0,112545
grpo,1788120054,0,112545
grpo,1788120059,0,112545
grpo,1788120064,0,112545
grpo,1788120069,0,112545
grpo,1788120074,0,38733
grpo,1788120079,0,40899
grpo,1788120084,0,40919
grpo,1788120090,0,40925
grpo,1788120095,0,42725
grpo,1788120100,0,42725
grpo,1788120105,0,42725
grpo,1788120110,0,42725
grpo,1788120115,0,42725
grpo,1788120120,0,42725
grpo,1788120125,0,42725
grpo,1788120130,0,42725
grpo,1788120135,0,42725
grpo,1788120140,0,42725
grpo,1788120145,0,42725
grpo,1788120150,0,42725
grpo,1788120155,0,42725
grpo,1788120160,0,55965
grpo,1788120165,0,56265
grpo,1788120170,0,57945
grpo,1788120175,0,60045
grpo,1788120180,0,60045
grpo,1788120185,0,60045
grpo,1788120191,0,60045
grpo,1788120196,0,60105
grpo,1788120201,0,60105
grpo,1788120206,0,60105
grpo,1788120211,0,60105
grpo,1788120216,0,60105
grpo,1788120221,0,60105
grpo,1788120226,0,66345
grpo,1788120231,0,114829
grpo,1788120236,0,114829
grpo,1788120241,0,114829
grpo,1788120246,0,114829
grpo,1788120251,0,114829
grpo,1788120256,0,39915
grpo,1788120261,0,40899
grpo,1788120266,0,40919
grpo,1788120271,0,40925
grpo,1788120276,0,42725
grpo,1788120281,0,42725
grpo,1788120286,0,42725
grpo,1788120291,0,42725
grpo,1788120297,0,42725
grpo,1788120302,0,42725
grpo,1788120307,0,42725
grpo,1788120312,0,42725
grpo,1788120317,0,42725
grpo,1788120322,0,42725
grpo,1788120327,0,42725
grpo,1788120332,0,42725
grpo,1788120337,0,42725
grpo,1788120342,0,56005
grpo,1788120347,0,56465
grpo,1788120352,0,58065
grpo,1788120357,0,60045
grpo,1788120362,0,60045
grpo,1788120367,0,60045
grpo,1788120372,0,60105
grpo,1788120377,0,60105
grpo,1788120382,0,60105
grpo,1788120387,0,60105
grpo,1788120392,0,60105
grpo,1788120397,0,60105
grpo,1788120402,0,60105
grpo,1788120408,0,109163
grpo,1788120413,0,109163
grpo,1788120418,0,109163
grpo,1788120423,0,109163
grpo,1788120428,0,109163
grpo,1788120433,0,38733
grpo,1788120438,0,40879
grpo,1788120443,0,40919
grpo,1788120448,0,40923
grpo,1788120453,0,42723
grpo,1788120458,0,42723
grpo,1788120463,0,42723
grpo,1788120468,0,42723
grpo,1788120473,0,42723
grpo,1788120478,0,42723
grpo,1788120483,0,42723
grpo,1788120488,0,42723
grpo,1788120493,0,42723
grpo,1788120498,0,42723
grpo,1788120503,0,42723
grpo,1788120508,0,42723
grpo,1788120513,0,42723
grpo,1788120519,0,56023
grpo,1788120524,0,56203
grpo,1788120529,0,57403
grpo,1788120534,0,60043
grpo,1788120539,0,60043
grpo,1788120544,0,60043
grpo,1788120549,0,60103
grpo,1788120554,0,60103
grpo,1788120559,0,60103
grpo,1788120564,0,60103
grpo,1788120569,0,60103
grpo,1788120574,0,60103
grpo,1788120579,0,64863
grpo,1788120584,0,109511
grpo,1788120589,0,109511
grpo,1788120594,0,109511
grpo,1788120599,0,109511
grpo,1788120604,0,109511
grpo,1788120609,0,39915
grpo,1788120614,0,40899
grpo,1788120619,0,40899
grpo,1788120624,0,40905
grpo,1788120630,0,42705
grpo,1788120635,0,42705
grpo,1788120640,0,42705
grpo,1788120645,0,42705
grpo,1788120650,0,42705
grpo,1788120655,0,42705
grpo,1788120660,0,42705
grpo,1788120665,0,42705
grpo,1788120670,0,42705
grpo,1788120675,0,42705
grpo,1788120680,0,42705
grpo,1788120685,0,42705
grpo,1788120690,0,42705
grpo,1788120695,0,56025
grpo,1788120700,0,56525
grpo,1788120705,0,58225
grpo,1788120710,0,60045
grpo,1788120715,0,60045
grpo,1788120720,0,60045
grpo,1788120725,0,60045
grpo,1788120730,0,60045
grpo,1788120735,0,60045
grpo,1788120741,0,60045
grpo,1788120746,0,60045
grpo,1788120751,0,60045
grpo,1788120756,0,60045
grpo,1788120761,0,108983
grpo,1788120766,0,108983
grpo,1788120771,0,108983
grpo,1788120776,0,108983
grpo,1788120781,0,108983
grpo,1788120786,0,38733
grpo,1788120791,0,40899
grpo,1788120796,0,40919
grpo,1788120801,0,40923
grpo,1788120806,0,42723
grpo,1788120811,0,42723
grpo,1788120816,0,42723
grpo,1788120821,0,42723
grpo,1788120826,0,42723
grpo,1788120831,0,42723
grpo,1788120836,0,42723
grpo,1788120841,0,42723
grpo,1788120846,0,42723
grpo,1788120852,0,42723
grpo,1788120857,0,42723
grpo,1788120862,0,42723
grpo,1788120867,0,42723
grpo,1788120872,0,56123
grpo,1788120877,0,56283
grpo,1788120882,0,57723
grpo,1788120887,0,60183
grpo,1788120892,0,60183
grpo,1788120897,0,60183
grpo,1788120902,0,60243
grpo,1788120907,0,60243
grpo,1788120912,0,60243
grpo,1788120917,0,60243
grpo,1788120922,0,60243
grpo,1788120927,0,60245
grpo,1788120932,0,60245
grpo,1788120937,0,108669
grpo,1788120942,0,108669
grpo,1788120947,0,108669
grpo,1788120952,0,108669
grpo,1788120957,0,108669
grpo,1788120963,0,108669
grpo,1788120968,0,40259
grpo,1788120973,0,40899
grpo,1788120978,0,40899
grpo,1788120983,0,40903
grpo,1788120988,0,42703
grpo,1788120993,0,42703
grpo,1788120998,0,42703
grpo,1788121003,0,42703
grpo,1788121008,0,42703
grpo,1788121013,0,42703
grpo,1788121018,0,42703
grpo,1788121023,0,42703
grpo,1788121028,0,42703
grpo,1788121033,0,42703
grpo,1788121038,0,42703
grpo,1788121043,0,42703
grpo,1788121048,0,42703
grpo,1788121053,0,56043
grpo,1788121058,0,56723
grpo,1788121063,0,59983
grpo,1788121069,0,60043
grpo,1788121074,0,60043
grpo,1788121079,0,60043
grpo,1788121084,0,60043
grpo,1788121089,0,60043
grpo,1788121094,0,60043
grpo,1788121099,0,60043
grpo,1788121104,0,60043
grpo,1788121109,0,60043
grpo,1788121114,0,60043
grpo,1788121119,0,108019
grpo,1788121124,0,110891
grpo,1788121129,0,110891
grpo,1788121134,0,110891
grpo,1788121139,0,110891
grpo,1788121144,0,110891
grpo,1788121149,0,40139
grpo,1788121154,0,40899
grpo,1788121159,0,40919
grpo,1788121164,0,40925
grpo,1788121169,0,42725
grpo,1788121174,0,42725
grpo,1788121180,0,42725
grpo,1788121185,0,42725
grpo,1788121190,0,42725
grpo,1788121195,0,42725
grpo,1788121200,0,42725
grpo,1788121205,0,42725
grpo,1788121210,0,42725
grpo,1788121215,0,42725
grpo,1788121220,0,42725
grpo,1788121225,0,42725
grpo,1788121230,0,42725
grpo,1788121235,0,56185
grpo,1788121240,0,56865
grpo,1788121245,0,59625
grpo,1788121250,0,60185
grpo,1788121255,0,60185
grpo,1788121260,0,60185
grpo,1788121265,0,60245
grpo,1788121270,0,60245
grpo,1788121275,0,60245
grpo,1788121280,0,60245
grpo,1788121285,0,60245
grpo,1788121291,0,60245
grpo,1788121296,0,60245
grpo,1788121301,0,110643
grpo,1788121306,0,110643
grpo,1788121311,0,110643
grpo,1788121316,0,110643
grpo,1788121321,0,110643
grpo,1788121326,0,44787
grpo,1788121331,0,40699
grpo,1788121336,0,40899
grpo,1788121341,0,40903
grpo,1788121346,0,42703
grpo,1788121351,0,42703
grpo,1788121356,0,42703
grpo,1788121361,0,42703
grpo,1788121366,0,42703
grpo,1788121371,0,42703
grpo,1788121376,0,42703
grpo,1788121381,0,42703
grpo,1788121386,0,42703
grpo,1788121391,0,42703
grpo,1788121397,0,42703
grpo,1788121402,0,42703
grpo,1788121407,0,42703
grpo,1788121412,0,56103
grpo,1788121417,0,56263
grpo,1788121422,0,57303
grpo,1788121427,0,60183
grpo,1788121432,0,60183
grpo,1788121437,0,60183
grpo,1788121442,0,60183
grpo,1788121447,0,60183
grpo,1788121452,0,60183
grpo,1788121457,0,60183
grpo,1788121462,0,60183
grpo,1788121467,0,60185
grpo,1788121472,0,60185
grpo,1788121477,0,109181
grpo,1788121482,0,109181
grpo,1788121487,0,109181
grpo,1788121492,0,109181
grpo,1788121498,0,109181
grpo,1788121503,0,109181
grpo,1788121508,0,40077
grpo,1788121513,0,40899
grpo,1788121518,0,40899
grpo,1788121523,0,40905
grpo,1788121528,0,42705
grpo,1788121533,0,42705
grpo,1788121538,0,42705
grpo,1788121543,0,42705
grpo,1788121548,0,42705
grpo,1788121553,0,42705
grpo,1788121558,0,42705
grpo,1788121563,0,42705
grpo,1788121568,0,42705
grpo,1788121573,0,42705
grpo,1788121578,0,42705
grpo,1788121583,0,42705
grpo,1788121588,0,42705
grpo,1788121593,0,56025
grpo,1788121598,0,56385
grpo,1788121604,0,59345
grpo,1788121609,0,60045
grpo,1788121614,0,60045
grpo,1788121619,0,60045
grpo,1788121624,0,60045
grpo,1788121629,0,60045
grpo,1788121634,0,60045
grpo,1788121639,0,60045
grpo,1788121644,0,60045
grpo,1788121649,0,60045
grpo,1788121654,0,60045
grpo,1788121659,0,66345
grpo,1788121664,0,109489
grpo,1788121669,0,109489
grpo,1788121674,0,109489
grpo,1788121679,0,109489
grpo,1788121684,0,109489
grpo,1788121689,0,38733
grpo,1788121694,0,40899
grpo,1788121699,0,40919
grpo,1788121704,0,40925
grpo,1788121710,0,42725
grpo,1788121715,0,42725
grpo,1788121720,0,42725
grpo,1788121725,0,42725
grpo,1788121730,0,42725
grpo,1788121735,0,42725
grpo,1788121740,0,42725
grpo,1788121745,0,42725
grpo,1788121750,0,42725
grpo,1788121755,0,42725
grpo,1788121760,0,42725
grpo,1788121765,0,42725
grpo,1788121770,0,42725
grpo,1788121775,0,56085
grpo,1788121780,0,56265
grpo,1788121785,0,57925
grpo,1788121790,0,60185
grpo,1788121795,0,60185
grpo,1788121800,0,60185
grpo,1788121805,0,60185
grpo,1788121810,0,60245
grpo,1788121816,0,60245
grpo,1788121821,0,60245
grpo,1788121826,0,60245
grpo,1788121831,0,60245
grpo,1788121836,0,60245
grpo,1788121841,0,60245
grpo,1788121846,0,108839
grpo,1788121851,0,108839
grpo,1788121856,0,108839
grpo,1788121861,0,108839
grpo,1788121866,0,108839
grpo,1788121871,0,39875
grpo,1788121876,0,40899
grpo,1788121881,0,40899
grpo,1788121886,0,40903
grpo,1788121891,0,42703
grpo,1788121896,0,42703
grpo,1788121901,0,42703
grpo,1788121906,0,42703
grpo,1788121911,0,42703
grpo,1788121916,0,42703
grpo,1788121922,0,42703
grpo,1788121927,0,42703
grpo,1788121932,0,42703
grpo,1788121937,0,42703
grpo,1788121942,0,42703
grpo,1788121947,0,42703
grpo,1788121952,0,42703
grpo,1788121957,0,56143
grpo,1788121962,0,56483
grpo,1788121967,0,58283
grpo,1788121972,0,60183
grpo,1788121977,0,60183
grpo,1788121982,0,60183
grpo,1788121987,0,60183
grpo,1788121992,0,60183
grpo,1788121997,0,60183
grpo,1788122002,0,60183
grpo,1788122007,0,60183
grpo,1788122012,0,60183
grpo,1788122017,0,60183
grpo,1788122022,0,110569
grpo,1788122027,0,110569
grpo,1788122033,0,110569
grpo,1788122038,0,110569
grpo,1788122043,0,110569
grpo,1788122048,0,110569
grpo,1788122053,0,40439
grpo,1788122058,0,40899
grpo,1788122063,0,40919
grpo,1788122068,0,40925
grpo,1788122073,0,42725
grpo,1788122078,0,42725
grpo,1788122083,0,42725
grpo,1788122088,0,42725
grpo,1788122093,0,42725
grpo,1788122098,0,42725
grpo,1788122103,0,42725
grpo,1788122108,0,42725
grpo,1788122113,0,42725
grpo,1788122118,0,42725
grpo,1788122123,0,42725
grpo,1788122128,0,42725
grpo,1788122133,0,42725
grpo,1788122138,0,56165
grpo,1788122144,0,57125
grpo,1788122149,0,60185
grpo,1788122154,0,60185
grpo,1788122159,0,60185
grpo,1788122164,0,60185
grpo,1788122169,0,60205
grpo,1788122174,0,60245
grpo,1788122179,0,60245
grpo,1788122184,0,60245
grpo,1788122189,0,60245
grpo,1788122194,0,60245
grpo,1788122199,0,60245
grpo,1788122204,0,60245
grpo,1788122209,0,110045
grpo,1788122214,0,110045
grpo,1788122219,0,110045
grpo,1788122224,0,110045
grpo,1788122229,0,110045
grpo,1788122234,0,40037
grpo,1788122239,0,40899
grpo,1788122244,0,40921
grpo,1788122250,0,42723
grpo,1788122255,0,42723
grpo,1788122260,0,42723
grpo,1788122265,0,42723
grpo,1788122270,0,42723
grpo,1788122275,0,42723
grpo,1788122280,0,42723
grpo,1788122285,0,42723
grpo,1788122290,0,42723
grpo,1788122295,0,42723
grpo,1788122300,0,42723
grpo,1788122305,0,42723
grpo,1788122310,0,42723
grpo,1788122315,0,42723
grpo,1788122320,0,56043
grpo,1788122325,0,56643
grpo,1788122330,0,58683
grpo,1788122335,0,60043
grpo,1788122340,0,60043
grpo,1788122345,0,60043
grpo,1788122350,0,60103
grpo,1788122356,0,60103
grpo,1788122361,0,60103
grpo,1788122366,0,60103
grpo,1788122371,0,60103
grpo,1788122376,0,60103
grpo,1788122381,0,111977
grpo,1788122386,0,111977
grpo,1788122391,0,111977
grpo,1788122396,0,111977
grpo,1788122401,0,111977
grpo,1788122406,0,39895
grpo,1788122411,0,40899
grpo,1788122416,0,40899
grpo,1788122421,0,40903
grpo,1788122426,0,42703
grpo,1788122431,0,42703
grpo,1788122436,0,42703
grpo,1788122441,0,42703
grpo,1788122446,0,42703
grpo,1788122451,0,42703
grpo,1788122456,0,42703
grpo,1788122462,0,42703
grpo,1788122467,0,42703
grpo,1788122472,0,42703
grpo,1788122477,0,42703
grpo,1788122482,0,42703
grpo,1788122487,0,42703
grpo,1788122492,0,56163
grpo,1788122497,0,56423
grpo,1788122502,0,58183
grpo,1788122507,0,60183
grpo,1788122512,0,60183
grpo,1788122517,0,60183
grpo,1788122522,0,60183
grpo,1788122527,0,60183
grpo,1788122532,0,60183
grpo,1788122537,0,60183
grpo,1788122542,0,60185
grpo,1788122547,0,60185
grpo,1788122552,0,109247
grpo,1788122557,0,109247
grpo,1788122562,0,109247
grpo,1788122568,0,109247
grpo,1788122573,0,109247
grpo,1788122578,0,109247
grpo,1788122583,0,40739
grpo,1788122588,0,40919
grpo,1788122593,0,40921
grpo,1788122598,0,42725
grpo,1788122603,0,42725
grpo,1788122608,0,42725
grpo,1788122613,0,42725
grpo,1788122618,0,42725
grpo,1788122623,0,42725
grpo,1788122628,0,42725
grpo,1788122633,0,42725
grpo,1788122638,0,42725
grpo,1788122643,0,42725
grpo,1788122648,0,42725
grpo,1788122653,0,42725
grpo,1788122658,0,42725
grpo,1788122663,0,56045
grpo,1788122668,0,56265
grpo,1788122674,0,57245
grpo,1788122679,0,59965
grpo,1788122684,0,60185
grpo,1788122689,0,60185
grpo,1788122694,0,60245
grpo,1788122699,0,60245
grpo,1788122704,0,60245
grpo,1788122709,0,60245
grpo,1788122714,0,60245
grpo,1788122719,0,60245
grpo,1788122724,0,60245
grpo,1788122729,0,87243
grpo,1788122734,0,109185
grpo,1788122739,0,109185
grpo,1788122744,0,109185
grpo,1788122749,0,109185
grpo,1788122754,0,109185
grpo,1788122759,0,40179
grpo,1788122764,0,40899
grpo,1788122769,0,40899
grpo,1788122775,0,42705
grpo,1788122780,0,42705
grpo,1788122785,0,42705
grpo,1788122790,0,42705
grpo,1788122795,0,42705
grpo,1788122800,0,42705
grpo,1788122805,0,42705
grpo,1788122810,0,42705
grpo,1788122815,0,42705
grpo,1788122820,0,42705
grpo,1788122825,0,42705
grpo,1788122830,0,42705
grpo,1788122835,0,42705
grpo,1788122840,0,42705
grpo,1788122845,0,56185
grpo,1788122850,0,56785
grpo,1788122855,0,59665
grpo,1788122860,0,60185
grpo,1788122865,0,60185
grpo,1788122870,0,60185
grpo,1788122875,0,60185
grpo,1788122881,0,60185
grpo,1788122886,0,60185
grpo,1788122891,0,60185
grpo,1788122896,0,60185
grpo,1788122901,0,60185
grpo,1788122906,0,87243
grpo,1788122911,0,108547
grpo,1788122916,0,108547
grpo,1788122921,0,108547
grpo,1788122926,0,108547
grpo,1788122931,0,108547
grpo,1788122936,0,40459
grpo,1788122941,0,40919
grpo,1788122946,0,40923
grpo,1788122951,0,42723
grpo,1788122956,0,42723
grpo,1788122961,0,42723
grpo,1788122966,0,42723
grpo,1788122971,0,42723
grpo,1788122976,0,42723
grpo,1788122981,0,42723
grpo,1788122987,0,42723
grpo,1788122992,0,42723
grpo,1788122997,0,42723
grpo,1788123002,0,42723
grpo,1788123007,0,42723
grpo,1788123012,0,42723
grpo,1788123017,0,56083
grpo,1788123022,0,56243
grpo,1788123027,0,57183
grpo,1788123032,0,60183
grpo,1788123037,0,60183
grpo,1788123042,0,60183
grpo,1788123047,0,60243
grpo,1788123052,0,60243
grpo,1788123057,0,60243
grpo,1788123062,0,60243
grpo,1788123067,0,60243
grpo,1788123072,0,60245
grpo,1788123077,0,60245
grpo,1788123082,0,109991
grpo,1788123087,0,109991
grpo,1788123092,0,109991
grpo,1788123098,0,109991
grpo,1788123103,0,109991
grpo,1788123108,0,39977
grpo,1788123113,0,40899
grpo,1788123118,0,40921
grpo,1788123123,0,42723
grpo,1788123128,0,42723
grpo,1788123133,0,42723
grpo,1788123138,0,42723
grpo,1788123143,0,42723
grpo,1788123148,0,42723
grpo,1788123153,0,42723
grpo,1788123158,0,42723
grpo,1788123163,0,42723
grpo,1788123168,0,42723
grpo,1788123173,0,42723
grpo,1788123178,0,42723
grpo,1788123183,0,42723
grpo,1788123188,0,47003
grpo,1788123193,0,56203
grpo,1788123198,0,56743
grpo,1788123204,0,58643
grpo,1788123209,0,60183
grpo,1788123214,0,60183
grpo,1788123219,0,60243
grpo,1788123224,0,60243
grpo,1788123229,0,60243
grpo,1788123234,0,60243
grpo,1788123239,0,60243
grpo,1788123244,0,60243
grpo,1788123249,0,60243
grpo,1788123254,0,109943
grpo,1788123259,0,109943
grpo,1788123264,0,109943
grpo,1788123269,0,109943
grpo,1788123274,0,109943
grpo,1788123279,0,39895
grpo,1788123284,0,40899
grpo,1788123289,0,40919
grpo,1788123294,0,40923
grpo,1788123299,0,42723
grpo,1788123304,0,42723
grpo,1788123310,0,42723
grpo,1788123315,0,42723
grpo,1788123320,0,42723
grpo,1788123325,0,42723
grpo,1788123330,0,42723
grpo,1788123335,0,42723
grpo,1788123340,0,42723
grpo,1788123345,0,42723
grpo,1788123350,0,42723
grpo,1788123355,0,42723
grpo,1788123360,0,42723
grpo,1788123365,0,56143
grpo,1788123370,0,56583
grpo,1788123375,0,58343
grpo,1788123380,0,60183
grpo,1788123385,0,60183
grpo,1788123390,0,60183
grpo,1788123395,0,60243
grpo,1788123400,0,60243
grpo,1788123405,0,60243
grpo,1788123410,0,60243
grpo,1788123415,0,60243
grpo,1788123421,0,60243
grpo,1788123426,0,60243
grpo,1788123431,0,109519
grpo,1788123436,0,109519
grpo,1788123441,0,109519
grpo,1788123446,0,109519
grpo,1788123451,0,109519
grpo,1788123456,0,109519
grpo,1788123461,0,40419
grpo,1788123466,0,40899
grpo,1788123471,0,40919
grpo,1788123476,0,40925
grpo,1788123481,0,42725
grpo,1788123486,0,42725
grpo,1788123491,0,42725
grpo,1788123496,0,42725
grpo,1788123501,0,42725
grpo,1788123506,0,42725
grpo,1788123511,0,42725
grpo,1788123516,0,42725
grpo,1788123521,0,42725
grpo,1788123527,0,42725
grpo,1788123532,0,42725
grpo,1788123537,0,42725
grpo,1788123542,0,42725
grpo,1788123547,0,56185
grpo,1788123552,0,57205
grpo,1788123557,0,59485
grpo,1788123562,0,60185
grpo,1788123567,0,60185
grpo,1788123572,0,60185
grpo,1788123577,0,60185
grpo,1788123582,0,60205
grpo,1788123587,0,60205
grpo,1788123592,0,60205
grpo,1788123597,0,60205
grpo,1788123602,0,60205
grpo,1788123607,0,60205
grpo,1788123612,0,60205
grpo,1788123617,0,109351
grpo,1788123622,0,109351
grpo,1788123627,0,109351
grpo,1788123633,0,109351
grpo,1788123638,0,109351
grpo,1788123643,0,39915
grpo,1788123648,0,40899
grpo,1788123653,0,40899
grpo,1788123658,0,40903
grpo,1788123663,0,42703
grpo,1788123668,0,42703
grpo,1788123673,0,42703
grpo,1788123678,0,42703
grpo,1788123683,0,42703
grpo,1788123688,0,42703
grpo,1788123693,0,42703
grpo,1788123698,0,42703
grpo,1788123703,0,42703
grpo,1788123708,0,42703
grpo,1788123713,0,42703
grpo,1788123718,0,42703
grpo,1788123723,0,42703
grpo,1788123728,0,56163
grpo,1788123733,0,56503
grpo,1788123739,0,58343
grpo,1788123744,0,60183
grpo,1788123749,0,60183
grpo,1788123754,0,60183
grpo,1788123759,0,60203
grpo,1788123764,0,60203
grpo,1788123769,0,60203
grpo,1788123774,0,60203
grpo,1788123779,0,60205
grpo,1788123784,0,60205
grpo,1788123789,0,60205
grpo,1788123794,0,108563
grpo,1788123799,0,108563
grpo,1788123804,0,108563
grpo,1788123809,0,108563
grpo,1788123814,0,108563
grpo,1788123819,0,108563
grpo,1788123824,0,40899
grpo,1788123829,0,40899
grpo,1788123834,0,40899
grpo,1788123839,0,42705
grpo,1788123845,0,42705
grpo,1788123850,0,42705
grpo,1788123855,0,42705
grpo,1788123860,0,42705
grpo,1788123865,0,42705
grpo,1788123870,0,42705
grpo,1788123875,0,42705
grpo,1788123880,0,42705
grpo,1788123885,0,42705
grpo,1788123890,0,42705
grpo,1788123895,0,42705
grpo,1788123900,0,42705
grpo,1788123905,0,42705
grpo,1788123910,0,56245
grpo,1788123915,0,57445
grpo,1788123920,0,60185
grpo,1788123925,0,60185
grpo,1788123930,0,60185
grpo,1788123935,0,60185
grpo,1788123940,0,60205
grpo,1788123945,0,60205
grpo,1788123950,0,60205
grpo,1788123956,0,60205
grpo,1788123961,0,60205
grpo,1788123966,0,60205
grpo,1788123971,0,60205
grpo,1788123976,0,107075
grpo,1788123981,0,109403
grpo,1788123986,0,109403
grpo,1788123991,0,109403
grpo,1788123996,0,109403
grpo,1788124001,0,109403
grpo,1788124006,0,40199
grpo,1788124011,0,40899
grpo,1788124016,0,40899
grpo,1788124021,0,40905
grpo,1788124026,0,42705
grpo,1788124031,0,42705
grpo,1788124036,0,42705
grpo,1788124041,0,42705
grpo,1788124046,0,42705
grpo,1788124051,0,42705
grpo,1788124056,0,42705
grpo,1788124062,0,42705
grpo,1788124067,0,42705
grpo,1788124072,0,42705
grpo,1788124077,0,42705
grpo,1788124082,0,42705
grpo,1788124087,0,42705
grpo,1788124092,0,56105
grpo,1788124097,0,56905
grpo,1788124102,0,58825
grpo,1788124107,0,60045
grpo,1788124112,0,60045
grpo,1788124117,0,60045
grpo,1788124122,0,60045
grpo,1788124127,0,60045
grpo,1788124132,0,60045
grpo,1788124137,0,60045
grpo,1788124142,0,60045
grpo,1788124147,0,60045
grpo,1788124152,0,60045
grpo,1788124157,0,109453
grpo,1788124162,0,109453
grpo,1788124167,0,109453
grpo,1788124173,0,109453
grpo,1788124178,0,109453
grpo,1788124183,0,109453
grpo,1788124188,0,40239
grpo,1788124193,0,40899
grpo,1788124198,0,40919
grpo,1788124203,0,40925
grpo,1788124208,0,42725
grpo,1788124213,0,42725
grpo,1788124218,0,42725
grpo,1788124223,0,42725
grpo,1788124228,0,42725
grpo,1788124233,0,42725
grpo,1788124238,0,42725
grpo,1788124243,0,42725
grpo,1788124248,0,42725
grpo,1788124253,0,42725
grpo,1788124258,0,42725
grpo,1788124263,0,42725
grpo,1788124268,0,42725
grpo,1788124273,0,56165
grpo,1788124279,0,57085
grpo,1788124284,0,59725
grpo,1788124289,0,60185
grpo,1788124294,0,60185
grpo,1788124299,0,60185
grpo,1788124304,0,60245
grpo,1788124309,0,60245
grpo,1788124314,0,60245
grpo,1788124319,0,60245
grpo,1788124324,0,60245
grpo,1788124329,0,60245
grpo,1788124334,0,60245
grpo,1788124339,0,66485
grpo,1788124344,0,108947
grpo,1788124349,0,108947
grpo,1788124354,0,108947
grpo,1788124359,0,108947
grpo,1788124364,0,108947
grpo,1788124369,0,39957
grpo,1788124374,0,40899
grpo,1788124380,0,40919
grpo,1788124385,0,40923
grpo,1788124390,0,42723
grpo,1788124395,0,42723
grpo,1788124400,0,42723
grpo,1788124405,0,42723
grpo,1788124410,0,42723
grpo,1788124415,0,42723
grpo,1788124420,0,42723
grpo,1788124425,0,42723
grpo,1788124430,0,42723
grpo,1788124435,0,42723
grpo,1788124440,0,42723
grpo,1788124445,0,42723
grpo,1788124450,0,42723
grpo,1788124455,0,56003
grpo,1788124460,0,56463
grpo,1788124465,0,58303
grpo,1788124470,0,60043
grpo,1788124475,0,60043
grpo,1788124481,0,60043
grpo,1788124486,0,60103
grpo,1788124491,0,60103
grpo,1788124496,0,60103
grpo,1788124501,0,60103
grpo,1788124506,0,60103
grpo,1788124511,0,60103
grpo,1788124516,0,60103
grpo,1788124521,0,107899
grpo,1788124526,0,107899
grpo,1788124531,0,107899
grpo,1788124536,0,107899
grpo,1788124541,0,107899
grpo,1788124546,0,107899
grpo,1788124551,0,40379
grpo,1788124556,0,40899
grpo,1788124561,0,40919
grpo,1788124566,0,40923
grpo,1788124571,0,42723
grpo,1788124576,0,42723
grpo,1788124582,0,42723
grpo,1788124587,0,42723
grpo,1788124592,0,42723
grpo,1788124597,0,42723
grpo,1788124602,0,42723
grpo,1788124607,0,42723
grpo,1788124612,0,42723
grpo,1788124617,0,42723
grpo,1788124622,0,42723
grpo,1788124627,0,42723
grpo,1788124632,0,42723
grpo,1788124637,0,56043
grpo,1788124642,0,56763
grpo,1788124647,0,59263
grpo,1788124652,0,60043
grpo,1788124657,0,60043
grpo,1788124662,0,60043
grpo,1788124667,0,60103
grpo,1788124672,0,60103
grpo,1788124677,0,60103
grpo,1788124682,0,60103
grpo,1788124688,0,60103
grpo,1788124693,0,60105
grpo,1788124698,0,60105
grpo,1788124703,0,45943
grpo,1788124708,0,110045
grpo,1788124713,0,110045
grpo,1788124718,0,110045
grpo,1788124723,0,110045
grpo,1788124728,0,110045
grpo,1788124733,0,40077
grpo,1788124738,0,40899
grpo,1788124743,0,40919
grpo,1788124748,0,40923
grpo,1788124753,0,42723
grpo,1788124758,0,42723
grpo,1788124763,0,42723
grpo,1788124768,0,42723
grpo,1788124773,0,42723
grpo,1788124778,0,42723
grpo,1788124783,0,42723
grpo,1788124788,0,42723
grpo,1788124794,0,42723
grpo,1788124799,0,42723
grpo,1788124804,0,42723
grpo,1788124809,0,42723
grpo,1788124814,0,42723
grpo,1788124819,0,56143
grpo,1788124824,0,56703
grpo,1788124829,0,58963
grpo,1788124834,0,60183
grpo,1788124839,0,60183
grpo,1788124844,0,60183
grpo,1788124849,0,60243
grpo,1788124854,0,60243
grpo,1788124859,0,60243
grpo,1788124864,0,60243
grpo,1788124869,0,60243
grpo,1788124874,0,60243
grpo,1788124879,0,60243
grpo,1788124884,0,108815
grpo,1788124889,0,108815
grpo,1788124894,0,108815
grpo,1788124900,0,108815
grpo,1788124905,0,108815
grpo,1788124910,0,108815
grpo,1788124915,0,40779
grpo,1788124920,0,40899
grpo,1788124925,0,40901
grpo,1788124930,0,42705
grpo,1788124935,0,42705
grpo,1788124940,0,42705
grpo,1788124945,0,42705
grpo,1788124950,0,42705
grpo,1788124955,0,42705
grpo,1788124960,0,42705
grpo,1788124965,0,42705
grpo,1788124970,0,42705
grpo,1788124975,0,42705
grpo,1788124980,0,42705
grpo,1788124985,0,42705
grpo,1788124990,0,42705
grpo,1788124995,0,55965
grpo,1788125001,0,56185
grpo,1788125006,0,57345
grpo,1788125011,0,60045
grpo,1788125016,0,60045
grpo,1788125021,0,60045
grpo,1788125026,0,60045
grpo,1788125031,0,60045
grpo,1788125036,0,60045
grpo,1788125041,0,60045
grpo,1788125046,0,60045
grpo,1788125051,0,60045
grpo,1788125056,0,60045
grpo,1788125061,0,45943
grpo,1788125066,0,109537
grpo,1788125071,0,109537
grpo,1788125076,0,109537
grpo,1788125081,0,109537
grpo,1788125086,0,109537
grpo,1788125091,0,109537
grpo,1788125096,0,40799
grpo,1788125101,0,40899
grpo,1788125107,0,40899
grpo,1788125112,0,40905
grpo,1788125117,0,42705
grpo,1788125122,0,42705
grpo,1788125127,0,42705
grpo,1788125132,0,42705
grpo,1788125137,0,42705
grpo,1788125142,0,42705
grpo,1788125147,0,42705
grpo,1788125152,0,42705
grpo,1788125157,0,42705
grpo,1788125162,0,42705
grpo,1788125167,0,42705
grpo,1788125172,0,42705
grpo,1788125177,0,42705
grpo,1788125182,0,56185
grpo,1788125187,0,57485
grpo,1788125192,0,60185
grpo,1788125197,0,60185
grpo,1788125202,0,60185
grpo,1788125208,0,60185
grpo,1788125213,0,60185
grpo,1788125218,0,60185
grpo,1788125223,0,60185
grpo,1788125228,0,60185
grpo,1788125233,0,60185
grpo,1788125238,0,60185
grpo,1788125243,0,60185
grpo,1788125248,0,60185
grpo,1788125253,0,104589
grpo,1788125258,0,116659
grpo,1788125263,0,116659
grpo,1788125268,0,116659
grpo,1788125273,0,116659
grpo,1788125278,0,38733
grpo,1788125283,0,40901
grpo,1788125288,0,40901
grpo,1788125293,0,40903
grpo,1788125298,0,42703
grpo,1788125303,0,42703
grpo,1788125308,0,42703
grpo,1788125313,0,42703
grpo,1788125319,0,42703
grpo,1788125324,0,42703
grpo,1788125329,0,42703
grpo,1788125334,0,42703
grpo,1788125339,0,42703
grpo,1788125344,0,42703
grpo,1788125349,0,42703
grpo,1788125354,0,42703
grpo,1788125359,0,42703
grpo,1788125364,0,56023
grpo,1788125369,0,56263
grpo,1788125374,0,57343
grpo,1788125379,0,60043
grpo,1788125384,0,60043
grpo,1788125389,0,60043
grpo,1788125394,0,60043
grpo,1788125399,0,60043
grpo,1788125404,0,60043
grpo,1788125409,0,60043
grpo,1788125414,0,60043
grpo,1788125419,0,60043
grpo,1788125425,0,111423
grpo,1788125430,0,112615
grpo,1788125435,0,112615
grpo,1788125440,0,112615
grpo,1788125445,0,112615
grpo,1788125450,0,46759
grpo,1788125455,0,40899
grpo,1788125460,0,40919
grpo,1788125465,0,40923
grpo,1788125470,0,42723
grpo,1788125475,0,42723
grpo,1788125480,0,42723
grpo,1788125485,0,42723
grpo,1788125490,0,42723
grpo,1788125495,0,42723
grpo,1788125500,0,42723
grpo,1788125505,0,42723
grpo,1788125510,0,42723
grpo,1788125515,0,42723
grpo,1788125520,0,42723
grpo,1788125525,0,42723
grpo,1788125531,0,42723
grpo,1788125536,0,56103
grpo,1788125541,0,56283
grpo,1788125546,0,57363
grpo,1788125551,0,60183
grpo,1788125556,0,60183
grpo,1788125561,0,60183
grpo,1788125566,0,60243
grpo,1788125571,0,60243
grpo,1788125576,0,60243
grpo,1788125581,0,60243
grpo,1788125586,0,60243
grpo,1788125591,0,60245
grpo,1788125596,0,60245
grpo,1788125601,0,108139
grpo,1788125606,0,108139
grpo,1788125611,0,108139
grpo,1788125616,0,108139
grpo,1788125621,0,108139
grpo,1788125626,0,42283
grpo,1788125632,0,40899
grpo,1788125637,0,40919
grpo,1788125642,0,40921
grpo,1788125647,0,42725
grpo,1788125652,0,42725
grpo,1788125657,0,42725
grpo,1788125662,0,42725
grpo,1788125667,0,42725
grpo,1788125672,0,42725
grpo,1788125677,0,42725
grpo,1788125682,0,42725
grpo,1788125687,0,42725
grpo,1788125692,0,42725
grpo,1788125697,0,42725
grpo,1788125702,0,42725
grpo,1788125707,0,42725
grpo,1788125712,0,56085
grpo,1788125717,0,56225
grpo,1788125722,0,57505
grpo,1788125727,0,60185
grpo,1788125733,0,60185
grpo,1788125738,0,60185
grpo,1788125743,0,60185
grpo,1788125748,0,60245
grpo,1788125753,0,60245
grpo,1788125758,0,60245
grpo,1788125763,0,60245
grpo,1788125768,0,60245
grpo,1788125773,0,60245
grpo,1788125778,0,87243
grpo,1788125783,0,110799
grpo,1788125788,0,110799
grpo,1788125793,0,110799
grpo,1788125798,0,110799
grpo,1788125803,0,110799
grpo,1788125808,0,110799
grpo,1788125813,0,40899
grpo,1788125818,0,40899
grpo,1788125823,0,40899
grpo,1788125828,0,40905
grpo,1788125833,0,42705
grpo,1788125839,0,42705
grpo,1788125844,0,42705
grpo,1788125849,0,42705
grpo,1788125854,0,42705
grpo,1788125859,0,42705
grpo,1788125864,0,42705
grpo,1788125869,0,42705
grpo,1788125874,0,42705
grpo,1788125879,0,42705
grpo,1788125884,0,42705
grpo,1788125889,0,42705
grpo,1788125894,0,42705
grpo,1788125899,0,56045
grpo,1788125904,0,57085
grpo,1788125909,0,60045
grpo,1788125914,0,60045
grpo,1788125919,0,60045
grpo,1788125924,0,60045
grpo,1788125929,0,60045
grpo,1788125934,0,60045
grpo,1788125940,0,60045
grpo,1788125945,0,60045
grpo,1788125950,0,60045
grpo,1788125955,0,60045
grpo,1788125960,0,60045
grpo,1788125965,0,60045
grpo,1788125970,0,108527
grpo,1788125975,0,108527
grpo,1788125980,0,108527
grpo,1788125985,0,108527
grpo,1788125990,0,108527
grpo,1788125995,0,38733
grpo,1788126000,0,40899
grpo,1788126005,0,40919
grpo,1788126010,0,40925
grpo,1788126015,0,42725
grpo,1788126020,0,42725
grpo,1788126025,0,42725
grpo,1788126030,0,42725
grpo,1788126035,0,42725
grpo,1788126040,0,42725
grpo,1788126046,0,42725
grpo,1788126051,0,42725
grpo,1788126056,0,42725
grpo,1788126061,0,42725
grpo,1788126066,0,42725
grpo,1788126071,0,42725
grpo,1788126076,0,42725
grpo,1788126081,0,55985
grpo,1788126086,0,56165
grpo,1788126091,0,57925
grpo,1788126096,0,60045
grpo,1788126101,0,60045
grpo,1788126106,0,60045
grpo,1788126111,0,60105
grpo,1788126116,0,60105
grpo,1788126121,0,60105
grpo,1788126126,0,60105
grpo,1788126131,0,60105
grpo,1788126136,0,60105
grpo,1788126141,0,60105
grpo,1788126147,0,108763
grpo,1788126152,0,108763
grpo,1788126157,0,108763
grpo,1788126162,0,108763
grpo,1788126167,0,108763
grpo,1788126172,0,108763
grpo,1788126177,0,40339
grpo,1788126182,0,40899
grpo,1788126187,0,40919
grpo,1788126192,0,40925
grpo,1788126197,0,42725
grpo,1788126202,0,42725
grpo,1788126207,0,42725
grpo,1788126212,0,42725
grpo,1788126217,0,42725
grpo,1788126222,0,42725
grpo,1788126227,0,42725
grpo,1788126232,0,42725
grpo,1788126237,0,42725
grpo,1788126242,0,42725
grpo,1788126247,0,42725
grpo,1788126253,0,42725
grpo,1788126258,0,42725
grpo,1788126263,0,56065
grpo,1788126268,0,57005
grpo,1788126273,0,59885
grpo,1788126278,0,60045
grpo,1788126283,0,60045
grpo,1788126288,0,60045
grpo,1788126293,0,60105
grpo,1788126298,0,60105
grpo,1788126303,0,60105
grpo,1788126308,0,60105
grpo,1788126313,0,60105
grpo,1788126318,0,60105
grpo,1788126323,0,60105
grpo,1788126328,0,109651
grpo,1788126333,0,109651
grpo,1788126338,0,109651
grpo,1788126343,0,109651
grpo,1788126348,0,109651
grpo,1788126353,0,109651
grpo,1788126359,0,40659
grpo,1788126364,0,40899
grpo,1788126369,0,40919
grpo,1788126374,0,40925
grpo,1788126379,0,42725
grpo,1788126384,0,42725
grpo,1788126389,0,42725
grpo,1788126394,0,42725
grpo,1788126399,0,42725
grpo,1788126404,0,42725
grpo,1788126409,0,42725
grpo,1788126414,0,42725
grpo,1788126419,0,42725
grpo,1788126424,0,42725
grpo,1788126429,0,42725
grpo,1788126434,0,42725
grpo,1788126439,0,42725
grpo,1788126444,0,56225
grpo,1788126449,0,57145
grpo,1788126454,0,59865
grpo,1788126459,0,60185
grpo,1788126465,0,60185
grpo,1788126470,0,60185
grpo,1788126475,0,60245
grpo,1788126480,0,60245
grpo,1788126485,0,60245
grpo,1788126490,0,60245
grpo,1788126495,0,60245
grpo,1788126500,0,60245
grpo,1788126505,0,60245
grpo,1788126510,0,109855
grpo,1788126515,0,109855
grpo,1788126520,0,109855
grpo,1788126525,0,109855
grpo,1788126530,0,109855
grpo,1788126535,0,109855
grpo,1788126540,0,40559
grpo,1788126545,0,40919
grpo,1788126550,0,40921
grpo,1788126555,0,42725
grpo,1788126560,0,42725
grpo,1788126566,0,42725
grpo,1788126571,0,42725
grpo,1788126576,0,42725
grpo,1788126581,0,42725
grpo,1788126586,0,42725
grpo,1788126591,0,42725
grpo,1788126596,0,42725
grpo,1788126601,0,42725
grpo,1788126606,0,42725
grpo,1788126611,0,42725
grpo,1788126616,0,42725
grpo,1788126621,0,44945
grpo,1788126626,0,56225
grpo,1788126631,0,57185
grpo,1788126636,0,60145
grpo,1788126641,0,60185
grpo,1788126646,0,60185
grpo,1788126651,0,60185
grpo,1788126656,0,60245
grpo,1788126661,0,60245
grpo,1788126666,0,60245
grpo,1788126672,0,60245
grpo,1788126677,0,60245
grpo,1788126682,0,60245
grpo,1788126687,0,66485
grpo,1788126692,0,108467
grpo,1788126697,0,108467
grpo,1788126702,0,108467
grpo,1788126707,0,108467
grpo,1788126712,0,108467
grpo,1788126717,0,40381
grpo,1788126722,0,40921
grpo,1788126727,0,40923
grpo,1788126732,0,42723
grpo,1788126737,0,42723
grpo,1788126742,0,42723
grpo,1788126747,0,42723
grpo,1788126752,0,42723
grpo,1788126757,0,42723
grpo,1788126762,0,42723
grpo,1788126767,0,42723
grpo,1788126772,0,42723
grpo,1788126778,0,42723
grpo,1788126783,0,42723
grpo,1788126788,0,42723
grpo,1788126793,0,42723
grpo,1788126798,0,56103
grpo,1788126803,0,56243
grpo,1788126808,0,57063
grpo,1788126813,0,59563
grpo,1788126818,0,60183
grpo,1788126823,0,60183
grpo,1788126828,0,60243
grpo,1788126833,0,60243
grpo,1788126838,0,60243
grpo,1788126843,0,60243
grpo,1788126848,0,60245
grpo,1788126853,0,60245
grpo,1788126858,0,60245
grpo,1788126863,0,109091
grpo,1788126868,0,109091
grpo,1788126873,0,109091
grpo,1788126879,0,109091
grpo,1788126884,0,109091
grpo,1788126889,0,38733
grpo,1788126894,0,40899
grpo,1788126899,0,40919
grpo,1788126904,0,40925
grpo,1788126909,0,42725
grpo,1788126914,0,42725
grpo,1788126919,0,42725
grpo,1788126924,0,42725
grpo,1788126929,0,42725
grpo,1788126934,0,42725
grpo,1788126939,0,42725
grpo,1788126944,0,42725
grpo,1788126949,0,42725
grpo,1788126954,0,42725
grpo,1788126959,0,42725
grpo,1788126964,0,42725
grpo,1788126969,0,42725
grpo,1788126974,0,56085
grpo,1788126980,0,56265
grpo,1788126985,0,57865
grpo,1788126990,0,60185
grpo,1788126995,0,60185
grpo,1788127000,0,60185
grpo,1788127005,0,60185
grpo,1788127010,0,60245
grpo,1788127015,0,60245
grpo,1788127020,0,60245
grpo,1788127025,0,60245
grpo,1788127030,0,60245
grpo,1788127035,0,60245
grpo,1788127040,0,66485
grpo,1788127045,0,109959
grpo,1788127050,0,109959
grpo,1788127055,0,109959
grpo,1788127060,0,109959
grpo,1788127065,0,109959
grpo,1788127070,0,39957
grpo,1788127075,0,40899
grpo,1788127080,0,40899
grpo,1788127086,0,40903
grpo,1788127091,0,42703
grpo,1788127096,0,42703
grpo,1788127101,0,42703
grpo,1788127106,0,42703
grpo,1788127111,0,42703
grpo,1788127116,0,42703
grpo,1788127121,0,42703
grpo,1788127126,0,42703
grpo,1788127131,0,42703
grpo,1788127136,0,42703
grpo,1788127141,0,42703
grpo,1788127146,0,42703
grpo,1788127151,0,42703
grpo,1788127156,0,56143
grpo,1788127161,0,56443
grpo,1788127166,0,58423
grpo,1788127171,0,60183
grpo,1788127176,0,60183
grpo,1788127181,0,60183
grpo,1788127186,0,60183
grpo,1788127192,0,60183
grpo,1788127197,0,60183
grpo,1788127202,0,60183
grpo,1788127207,0,60183
grpo,1788127212,0,60185
grpo,1788127217,0,60185
grpo,1788127222,0,110115
grpo,1788127227,0,110115
grpo,1788127232,0,110115
grpo,1788127237,0,110115
grpo,1788127242,0,110115
grpo,1788127247,0,38733
grpo,1788127252,0,40899
grpo,1788127257,0,40899
grpo,1788127262,0,40903
grpo,1788127267,0,42703
grpo,1788127272,0,42703
grpo,1788127277,0,42703
grpo,1788127282,0,42703
grpo,1788127287,0,42703
grpo,1788127292,0,42703
grpo,1788127298,0,42703
grpo,1788127303,0,42703
grpo,1788127308,0,42703
grpo,1788127313,0,42703
grpo,1788127318,0,42703
grpo,1788127323,0,42703
grpo,1788127328,0,42703
grpo,1788127333,0,56123
grpo,1788127338,0,56283
grpo,1788127343,0,57863
grpo,1788127348,0,60183
grpo,1788127353,0,60183
grpo,1788127358,0,60183
grpo,1788127363,0,60183
grpo,1788127368,0,60183
grpo,1788127373,0,60183
grpo,1788127378,0,60183
grpo,1788127383,0,60183
grpo,1788127388,0,60185
grpo,1788127393,0,60185
grpo,1788127399,0,108595
grpo,1788127404,0,108595
grpo,1788127409,0,108595
grpo,1788127414,0,108595
grpo,1788127419,0,108595
grpo,1788127424,0,108595
grpo,1788127429,0,40419
grpo,1788127434,0,40899
grpo,1788127439,0,40899
grpo,1788127444,0,40905
grpo,1788127449,0,42705
grpo,1788127454,0,42705
grpo,1788127459,0,42705
grpo,1788127464,0,42705
grpo,1788127469,0,42705
grpo,1788127474,0,42705
grpo,1788127479,0,42705
grpo,1788127484,0,42705
grpo,1788127489,0,42705
grpo,1788127494,0,42705
grpo,1788127499,0,42705
grpo,1788127505,0,42705
grpo,1788127510,0,42705
grpo,1788127515,0,56045
grpo,1788127520,0,57085
grpo,1788127525,0,60045
grpo,1788127530,0,60045
grpo,1788127535,0,60045
grpo,1788127540,0,60045
grpo,1788127545,0,60045
grpo,1788127550,0,60045
grpo,1788127555,0,60045
grpo,1788127560,0,60045
grpo,1788127565,0,60045
grpo,1788127570,0,60045
grpo,1788127575,0,60045
grpo,1788127580,0,66345
grpo,1788127585,0,108259
grpo,1788127590,0,108259
grpo,1788127595,0,108259
grpo,1788127600,0,108259
grpo,1788127605,0,108259
grpo,1788127611,0,39895
grpo,1788127616,0,40899
grpo,1788127621,0,40919
grpo,1788127626,0,40923
grpo,1788127631,0,42723
grpo,1788127636,0,42723
grpo,1788127641,0,42723
grpo,1788127646,0,42723
grpo,1788127651,0,42723
grpo,1788127656,0,42723
grpo,1788127661,0,42723
grpo,1788127666,0,42723
grpo,1788127671,0,42723
grpo,1788127676,0,42723
grpo,1788127681,0,42723
grpo,1788127686,0,42723
grpo,1788127691,0,42723
grpo,1788127696,0,56003
grpo,1788127701,0,56203
grpo,1788127706,0,58563
grpo,1788127711,0,60043
grpo,1788127717,0,60043
grpo,1788127722,0,60043
grpo,1788127727,0,60103
grpo,1788127732,0,60103
grpo,1788127737,0,60103
grpo,1788127742,0,60103
grpo,1788127747,0,60103
grpo,1788127752,0,60103
grpo,1788127757,0,60103
grpo,1788127762,0,109311
grpo,1788127767,0,109311
grpo,1788127772,0,109311
grpo,1788127777,0,109311
grpo,1788127782,0,109311
grpo,1788127787,0,39935
grpo,1788127792,0,40899
grpo,1788127797,0,40901
grpo,1788127802,0,40903
grpo,1788127807,0,42703
grpo,1788127812,0,42703
grpo,1788127817,0,42703
grpo,1788127823,0,42703
grpo,1788127828,0,42703
grpo,1788127833,0,42703
grpo,1788127838,0,42703
grpo,1788127843,0,42703
grpo,1788127848,0,42703
grpo,1788127853,0,42703
grpo,1788127858,0,42703
grpo,1788127863,0,42703
grpo,1788127868,0,42703
grpo,1788127873,0,56203
grpo,1788127878,0,56663
grpo,1788127883,0,58283
grpo,1788127888,0,60183
grpo,1788127893,0,60183
grpo,1788127898,0,60183
grpo,1788127903,0,60183
grpo,1788127908,0,60183
grpo,1788127913,0,60183
grpo,1788127918,0,60185
grpo,1788127924,0,60185
grpo,1788127929,0,66485
grpo,1788127934,0,110485
grpo,1788127939,0,110485
grpo,1788127944,0,110485
grpo,1788127949,0,110485
grpo,1788127954,0,110485
grpo,1788127959,0,40057
grpo,1788127964,0,40899
grpo,1788127969,0,40919
grpo,1788127974,0,40923
grpo,1788127979,0,42723
grpo,1788127984,0,42723
grpo,1788127989,0,42723
grpo,1788127994,0,42723
grpo,1788127999,0,42723
grpo,1788128004,0,42723
grpo,1788128009,0,42723
grpo,1788128014,0,42723
grpo,1788128019,0,42723
grpo,1788128024,0,42723
grpo,1788128030,0,42723
grpo,1788128035,0,42723
grpo,1788128040,0,42723
grpo,1788128045,0,56043
grpo,1788128050,0,56603
grpo,1788128055,0,58903
grpo,1788128060,0,60043
grpo,1788128065,0,60043
grpo,1788128070,0,60043
grpo,1788128075,0,60103
grpo,1788128080,0,60103
grpo,1788128085,0,60103
grpo,1788128090,0,60103
grpo,1788128095,0,60105
grpo,1788128100,0,60105
grpo,1788128105,0,104589
grpo,1788128110,0,109629
grpo,1788128115,0,109629
grpo,1788128120,0,109629
grpo,1788128125,0,109629
grpo,1788128131,0,109629
grpo,1788128136,0,40199
grpo,1788128141,0,40899
grpo,1788128146,0,40899
grpo,1788128151,0,40903
grpo,1788128156,0,42703
grpo,1788128161,0,42703
grpo,1788128166,0,42703
grpo,1788128171,0,42703
grpo,1788128176,0,42703
grpo,1788128181,0,42703
grpo,1788128186,0,42703
grpo,1788128191,0,42703
grpo,1788128196,0,42703
grpo,1788128201,0,42703
grpo,1788128206,0,42703
grpo,1788128211,0,42703
grpo,1788128216,0,42703
grpo,1788128221,0,56183
grpo,1788128226,0,56963
grpo,1788128231,0,60183
grpo,1788128237,0,60183
grpo,1788128242,0,60183
grpo,1788128247,0,60183
grpo,1788128252,0,60183
grpo,1788128257,0,60183
grpo,1788128262,0,60183
grpo,1788128267,0,60183
grpo,1788128272,0,60183
grpo,1788128277,0,60183
grpo,1788128282,0,60183
grpo,1788128287,0,108873
grpo,1788128292,0,108873
grpo,1788128297,0,108873
grpo,1788128302,0,108873
grpo,1788128307,0,108873
grpo,1788128312,0,108873
grpo,1788128317,0,40419
grpo,1788128322,0,40899
grpo,1788128327,0,40919
grpo,1788128332,0,40925
grpo,1788128338,0,42725
grpo,1788128343,0,42725
grpo,1788128348,0,42725
grpo,1788128353,0,42725
grpo,1788128358,0,42725
grpo,1788128363,0,42725
grpo,1788128368,0,42725
grpo,1788128373,0,42725
grpo,1788128378,0,42725
grpo,1788128383,0,42725
grpo,1788128388,0,42725
grpo,1788128393,0,42725
grpo,1788128398,0,42725
grpo,1788128403,0,56205
grpo,1788128408,0,57345
grpo,1788128413,0,59965
grpo,1788128418,0,60185
grpo,1788128423,0,60185
grpo,1788128428,0,60185
grpo,1788128433,0,60245
grpo,1788128439,0,60245
grpo,1788128444,0,60245
grpo,1788128449,0,60245
grpo,1788128454,0,60245
grpo,1788128459,0,60245
grpo,1788128464,0,60245
grpo,1788128469,0,45943
grpo,1788128474,0,109451
grpo,1788128479,0,109451
grpo,1788128484,0,109451
grpo,1788128489,0,109451
grpo,1788128494,0,109451
grpo,1788128499,0,39935
grpo,1788128504,0,40899
grpo,1788128509,0,40919
grpo,1788128514,0,40925
grpo,1788128519,0,42725
grpo,1788128524,0,42725
grpo,1788128529,0,42725
grpo,1788128534,0,42725
grpo,1788128539,0,42725
grpo,1788128545,0,42725
grpo,1788128550,0,42725
grpo,1788128555,0,42725
grpo,1788128560,0,42725
grpo,1788128565,0,42725
grpo,1788128570,0,42725
grpo,1788128575,0,42725
grpo,1788128580,0,42725
grpo,1788128585,0,56145
grpo,1788128590,0,56545
grpo,1788128595,0,59225
grpo,1788128600,0,60185
grpo,1788128605,0,60185
grpo,1788128610,0,60185
grpo,1788128615,0,60245
grpo,1788128620,0,60245
grpo,1788128625,0,60245
grpo,1788128630,0,60245
grpo,1788128635,0,60245
grpo,1788128640,0,60245
grpo,1788128645,0,60245
grpo,1788128651,0,108397
grpo,1788128656,0,109589
grpo,1788128661,0,109589
grpo,1788128666,0,109589
grpo,1788128671,0,109589
grpo,1788128676,0,39815
grpo,1788128681,0,40899
grpo,1788128686,0,40899
grpo,1788128691,0,40903
grpo,1788128696,0,42703
grpo,1788128701,0,42703
grpo,1788128706,0,42703
grpo,1788128711,0,42703
grpo,1788128716,0,42703
grpo,1788128721,0,42703
grpo,1788128726,0,42703
grpo,1788128731,0,42703
grpo,1788128736,0,42703
grpo,1788128741,0,42703
grpo,1788128746,0,42703
grpo,1788128752,0,42703
grpo,1788128757,0,42703
grpo,1788128762,0,56143
grpo,1788128767,0,56323
grpo,1788128772,0,57963
grpo,1788128777,0,60183
grpo,1788128782,0,60183
grpo,1788128787,0,60183
grpo,1788128792,0,60203
grpo,1788128797,0,60203
grpo,1788128802,0,60203
grpo,1788128807,0,60203
grpo,1788128812,0,60205
grpo,1788128817,0,60205
grpo,1788128822,0,44755
grpo,1788128827,0,109945
grpo,1788128832,0,109945
grpo,1788128837,0,109945
grpo,1788128842,0,109945
grpo,1788128847,0,109945
grpo,1788128852,0,40499
grpo,1788128858,0,40919
grpo,1788128863,0,40921
grpo,1788128868,0,42723
grpo,1788128873,0,42723
grpo,1788128878,0,42723
grpo,1788128883,0,42723
grpo,1788128888,0,42723
grpo,1788128893,0,42723
grpo,1788128898,0,42723
grpo,1788128903,0,42723
grpo,1788128908,0,42723
grpo,1788128913,0,42723
grpo,1788128918,0,42723
grpo,1788128923,0,42723
grpo,1788128928,0,42723
grpo,1788128933,0,56063
grpo,1788128938,0,56223
grpo,1788128943,0,57283
grpo,1788128948,0,60183
grpo,1788128953,0,60183
grpo,1788128959,0,60183
grpo,1788128964,0,60183
grpo,1788128969,0,60243
grpo,1788128974,0,60243
grpo,1788128979,0,60243
grpo,1788128984,0,60243
grpo,1788128989,0,60243
grpo,1788128994,0,60243
grpo,1788128999,0,108959
grpo,1788129004,0,108959
grpo,1788129009,0,108959
grpo,1788129014,0,108959
grpo,1788129019,0,108959
grpo,1788129024,0,38733
grpo,1788129029,0,40899
grpo,1788129034,0,40919
grpo,1788129039,0,40923
grpo,1788129044,0,42723
grpo,1788129049,0,42723
grpo,1788129054,0,42723
grpo,1788129059,0,42723
grpo,1788129065,0,42723
grpo,1788129070,0,42723
grpo,1788129075,0,42723
grpo,1788129080,0,42723
grpo,1788129085,0,42723
grpo,1788129090,0,42723
grpo,1788129095,0,42723
grpo,1788129100,0,42723
grpo,1788129105,0,42723
grpo,1788129110,0,56103
grpo,1788129115,0,56323
grpo,1788129120,0,57843
grpo,1788129125,0,60183
grpo,1788129130,0,60183
grpo,1788129135,0,60183
grpo,1788129140,0,60243
grpo,1788129145,0,60243
grpo,1788129150,0,60243
grpo,1788129155,0,60243
grpo,1788129160,0,60245
grpo,1788129165,0,60245
grpo,1788129171,0,66485
grpo,1788129176,0,108353
grpo,1788129181,0,108353
grpo,1788129186,0,108353
grpo,1788129191,0,108353
grpo,1788129196,0,108353
grpo,1788129201,0,40279
grpo,1788129206,0,40899
grpo,1788129211,0,40901
grpo,1788129216,0,42703
grpo,1788129221,0,42703
grpo,1788129226,0,42703
grpo,1788129231,0,42703
grpo,1788129236,0,42703
grpo,1788129241,0,42703
grpo,1788129246,0,42703
grpo,1788129251,0,42703
grpo,1788129256,0,42703
grpo,1788129261,0,42703
grpo,1788129266,0,42703
grpo,1788129271,0,42703
grpo,1788129277,0,42703
grpo,1788129282,0,56063
grpo,1788129287,0,56223
grpo,1788129292,0,57243
grpo,1788129297,0,60183
grpo,1788129302,0,60183
grpo,1788129307,0,60183
grpo,1788129312,0,60203
grpo,1788129317,0,60203
grpo,1788129322,0,60203
grpo,1788129327,0,60203
grpo,1788129332,0,60203
grpo,1788129337,0,60205
grpo,1788129342,0,60205
grpo,1788129347,0,109397
grpo,1788129352,0,109397
grpo,1788129357,0,109397
grpo,1788129362,0,109397
grpo,1788129367,0,109397
grpo,1788129372,0,109397
grpo,1788129378,0,40499
grpo,1788129383,0,40899
grpo,1788129388,0,40919
grpo,1788129393,0,40925
grpo,1788129398,0,42725
grpo,1788129403,0,42725
grpo,1788129408,0,42725
grpo,1788129413,0,42725
grpo,1788129418,0,42725
grpo,1788129423,0,42725
grpo,1788129428,0,42725
grpo,1788129433,0,42725
grpo,1788129438,0,42725
grpo,1788129443,0,42725
grpo,1788129448,0,42725
grpo,1788129453,0,42725
grpo,1788129458,0,42725
grpo,1788129463,0,56185
grpo,1788129468,0,57485
grpo,1788129473,0,60185
grpo,1788129479,0,60185
grpo,1788129484,0,60185
grpo,1788129489,0,60185
grpo,1788129494,0,60245
grpo,1788129499,0,60245
grpo,1788129504,0,60245
grpo,1788129509,0,60245
grpo,1788129514,0,60245
grpo,1788129519,0,60245
grpo,1788129524,0,60245
grpo,1788129529,0,66485
grpo,1788129534,0,109077
grpo,1788129539,0,109077
grpo,1788129544,0,109077
grpo,1788129549,0,109077
grpo,1788129554,0,109077
grpo,1788129559,0,40099
grpo,1788129564,0,40899
grpo,1788129569,0,40899
grpo,1788129574,0,40903
grpo,1788129579,0,42703
grpo,1788129585,0,42703
grpo,1788129590,0,42703
grpo,1788129595,0,42703
grpo,1788129600,0,42703
grpo,1788129605,0,42703
grpo,1788129610,0,42703
grpo,1788129615,0,42703
grpo,1788129620,0,42703
grpo,1788129625,0,42703
grpo,1788129630,0,42703
grpo,1788129635,0,42703
grpo,1788129640,0,42703
grpo,1788129645,0,56163
grpo,1788129650,0,56723
grpo,1788129655,0,59323
grpo,1788129660,0,60183
grpo,1788129665,0,60183
grpo,1788129670,0,60183
grpo,1788129675,0,60183
grpo,1788129680,0,60183
grpo,1788129686,0,60183
grpo,1788129691,0,60183
grpo,1788129696,0,60185
grpo,1788129701,0,60185
grpo,1788129706,0,45943
grpo,1788129711,0,108273
grpo,1788129716,0,108273
grpo,1788129721,0,108273
grpo,1788129726,0,108273
grpo,1788129731,0,108273
grpo,1788129736,0,40017
grpo,1788129741,0,40899
grpo,1788129746,0,40919
grpo,1788129751,0,40923
grpo,1788129756,0,42723
grpo,1788129761,0,42723
grpo,1788129766,0,42723
grpo,1788129771,0,42723
grpo,1788129776,0,42723
grpo,1788129781,0,42723
grpo,1788129786,0,42723
grpo,1788129792,0,42723
grpo,1788129797,0,42723
grpo,1788129802,0,42723
grpo,1788129807,0,42723
grpo,1788129812,0,42723
grpo,1788129817,0,42723
grpo,1788129822,0,56123
grpo,1788129827,0,56743
grpo,1788129832,0,59863
grpo,1788129837,0,60183
grpo,1788129842,0,60183
grpo,1788129847,0,60183
grpo,1788129852,0,60243
grpo,1788129857,0,60243
grpo,1788129862,0,60243
grpo,1788129867,0,60243
grpo,1788129872,0,60243
grpo,1788129877,0,60245
grpo,1788129882,0,60245
grpo,1788129887,0,107889
grpo,1788129892,0,107889
grpo,1788129898,0,107889
grpo,1788129903,0,107889
grpo,1788129908,0,107889
grpo,1788129913,0,107889
grpo,1788129918,0,40899
grpo,1788129923,0,40919
grpo,1788129928,0,40921
grpo,1788129933,0,42723
grpo,1788129938,0,42723
grpo,1788129943,0,42723
grpo,1788129948,0,42723
grpo,1788129953,0,42723
grpo,1788129958,0,42723
grpo,1788129963,0,42723
grpo,1788129968,0,42723
grpo,1788129973,0,42723
grpo,1788129978,0,42723
grpo,1788129983,0,42723
grpo,1788129988,0,42723
grpo,1788129993,0,42723
grpo,1788129998,0,55983
grpo,1788130004,0,56183
grpo,1788130009,0,57303
grpo,1788130014,0,60183
grpo,1788130019,0,60183
grpo,1788130024,0,60183
grpo,1788130029,0,60183
grpo,1788130034,0,60243
grpo,1788130039,0,60243
grpo,1788130044,0,60243
grpo,1788130049,0,60243
grpo,1788130054,0,60243
grpo,1788130059,0,60245
grpo,1788130064,0,66485
grpo,1788130069,0,109157
grpo,1788130074,0,109157
grpo,1788130079,0,109157
grpo,1788130084,0,109157
grpo,1788130089,0,109157
grpo,1788130094,0,43301
grpo,1788130099,0,40899
grpo,1788130104,0,40919
grpo,1788130110,0,40919
grpo,1788130115,0,42725
grpo,1788130120,0,42725
grpo,1788130125,0,42725
grpo,1788130130,0,42725
grpo,1788130135,0,42725
grpo,1788130140,0,42725
grpo,1788130145,0,42725
grpo,1788130150,0,42725
grpo,1788130155,0,42725
grpo,1788130160,0,42725
grpo,1788130165,0,42725
grpo,1788130170,0,42725
grpo,1788130175,0,42725
grpo,1788130180,0,55985
grpo,1788130185,0,56225
grpo,1788130190,0,58265
grpo,1788130195,0,60185
grpo,1788130200,0,60185
grpo,1788130205,0,60185
grpo,1788130210,0,60185
grpo,1788130216,0,60245
grpo,1788130221,0,60245
grpo,1788130226,0,60245
grpo,1788130231,0,60245
grpo,1788130236,0,60245
grpo,1788130241,0,60245
grpo,1788130246,0,60245
grpo,1788130251,0,108847
grpo,1788130256,0,108847
grpo,1788130261,0,108847
grpo,1788130266,0,108847
grpo,1788130271,0,108847
grpo,1788130276,0,39895
grpo,1788130281,0,40899
grpo,1788130286,0,40901
grpo,1788130291,0,42703
grpo,1788130296,0,42703
grpo,1788130301,0,42703
grpo,1788130306,0,42703
grpo,1788130311,0,42703
grpo,1788130317,0,42703
grpo,1788130322,0,42703
grpo,1788130327,0,42703
grpo,1788130332,0,42703
grpo,1788130337,0,42703
grpo,1788130342,0,42703
grpo,1788130347,0,42703
grpo,1788130352,0,42703
grpo,1788130357,0,55963
grpo,1788130362,0,56143
grpo,1788130367,0,56603
grpo,1788130372,0,59103
grpo,1788130377,0,60183
grpo,1788130382,0,60183
grpo,1788130387,0,60183
grpo,1788130392,0,60183
grpo,1788130397,0,60183
grpo,1788130402,0,60183
grpo,1788130407,0,60183
grpo,1788130412,0,60183
grpo,1788130417,0,45943
grpo,1788130422,0,105665
grpo,1788130428,0,105665
grpo,1788130433,0,105665
grpo,1788130438,0,112275
grpo,1788130443,0,112275
grpo,1788130448,0,112275
grpo,1788130453,0,112275
grpo,1788130458,0,39495
grpo,1788130463,0,40899
grpo,1788130468,0,40919
grpo,1788130473,0,40923
grpo,1788130478,0,42723
grpo,1788130483,0,42723
grpo,1788130488,0,42723
grpo,1788130493,0,42723
grpo,1788130498,0,42723
grpo,1788130503,0,42723
grpo,1788130508,0,42723
grpo,1788130513,0,42723
grpo,1788130518,0,42723
grpo,1788130523,0,42723
grpo,1788130529,0,42723
grpo,1788130534,0,42723
grpo,1788130539,0,42723
grpo,1788130544,0,56123
grpo,1788130549,0,56263
grpo,1788130554,0,58123
grpo,1788130559,0,60183
grpo,1788130564,0,60183
grpo,1788130569,0,60183
grpo,1788130574,0,60203
grpo,1788130579,0,60203
grpo,1788130584,0,60203
grpo,1788130589,0,60203
grpo,1788130594,0,60203
grpo,1788130599,0,60203
grpo,1788130604,0,117655
grpo,1788130609,0,117655
grpo,1788130614,0,117655
grpo,1788130619,0,117655
grpo,1788130624,0,117655
grpo,1788130630,0,40479
grpo,1788130635,0,40919
grpo,1788130640,0,40923
grpo,1788130645,0,42723
grpo,1788130650,0,42723
grpo,1788130655,0,42723
grpo,1788130660,0,42723
grpo,1788130665,0,42723
grpo,1788130670,0,42723
grpo,1788130675,0,42723
grpo,1788130680,0,42723
grpo,1788130685,0,42723
grpo,1788130690,0,42723
grpo,1788130695,0,42723
grpo,1788130700,0,42723
grpo,1788130705,0,42723
grpo,1788130710,0,56083
grpo,1788130715,0,56223
grpo,1788130720,0,57023
grpo,1788130725,0,60183
grpo,1788130730,0,60183
grpo,1788130736,0,60183
grpo,1788130741,0,60243
grpo,1788130746,0,60243
grpo,1788130751,0,60243
grpo,1788130756,0,60243
grpo,1788130761,0,60243
grpo,1788130766,0,60243
grpo,1788130771,0,114013
grpo,1788130776,0,114013
grpo,1788130781,0,114013
grpo,1788130786,0,114013
grpo,1788130791,0,114013
grpo,1788130796,0,39977
grpo,1788130801,0,40899
grpo,1788130806,0,40901
grpo,1788130811,0,42703
grpo,1788130816,0,42703
grpo,1788130821,0,42703
grpo,1788130826,0,42703
grpo,1788130831,0,42703
grpo,1788130837,0,42703
grpo,1788130842,0,42703
grpo,1788130847,0,42703
grpo,1788130852,0,42703
grpo,1788130857,0,42703
grpo,1788130862,0,42703
grpo,1788130867,0,42703
grpo,1788130872,0,42703
grpo,1788130877,0,55963
grpo,1788130882,0,56143
grpo,1788130887,0,56663
grpo,1788130892,0,59423
grpo,1788130897,0,60183
grpo,1788130902,0,60183
grpo,1788130907,0,60183
grpo,1788130912,0,60183
grpo,1788130917,0,60183
grpo,1788130922,0,60183
grpo,1788130927,0,60183
grpo,1788130932,0,60183
grpo,1788130937,0,60183
grpo,1788130943,0,108191
grpo,1788130948,0,108191
grpo,1788130953,0,108191
grpo,1788130958,0,108191
grpo,1788130963,0,42335
grpo,1788130968,0,40899
grpo,1788130973,0,40899
grpo,1788130978,0,40903
grpo,1788130983,0,42703
grpo,1788130988,0,42703
grpo,1788130993,0,42703
grpo,1788130998,0,42703
grpo,1788131003,0,42703
grpo,1788131008,0,42703
grpo,1788131013,0,42703
grpo,1788131018,0,42703
grpo,1788131023,0,42703
grpo,1788131028,0,42703
grpo,1788131033,0,42703
grpo,1788131038,0,42703
grpo,1788131043,0,42703
grpo,1788131049,0,56083
grpo,1788131054,0,56223
grpo,1788131059,0,58043
grpo,1788131064,0,60183
grpo,1788131069,0,60183
grpo,1788131074,0,60183
grpo,1788131079,0,60183
grpo,1788131084,0,60183
grpo,1788131089,0,60183
grpo,1788131094,0,60183
grpo,1788131099,0,60183
grpo,1788131104,0,60183
grpo,1788131109,0,108661
grpo,1788131114,0,108661
grpo,1788131119,0,108661
grpo,1788131124,0,108661
grpo,1788131129,0,108661
grpo,1788131134,0,40057
grpo,1788131139,0,40899
grpo,1788131144,0,40921
grpo,1788131150,0,42723
grpo,1788131155,0,42723
grpo,1788131160,0,42723
grpo,1788131165,0,42723
grpo,1788131170,0,42723
grpo,1788131175,0,42723
grpo,1788131180,0,42723
grpo,1788131185,0,42723
grpo,1788131190,0,42723
grpo,1788131195,0,42723
grpo,1788131200,0,42723
grpo,1788131205,0,42723
grpo,1788131210,0,42723
grpo,1788131215,0,56043
grpo,1788131220,0,56183
grpo,1788131225,0,57083
grpo,1788131230,0,60183
grpo,1788131235,0,60183
grpo,1788131240,0,60183
grpo,1788131245,0,60243
grpo,1788131250,0,60243
grpo,1788131256,0,60243
grpo,1788131261,0,60243
grpo,1788131266,0,60243
grpo,1788131271,0,60243
grpo,1788131276,0,72505
grpo,1788131281,0,109215
grpo,1788131286,0,109215
grpo,1788131291,0,109215
grpo,1788131296,0,109215
grpo,1788131301,0,109215
grpo,1788131306,0,40319
grpo,1788131311,0,40919
grpo,1788131316,0,40921
grpo,1788131321,0,42723
grpo,1788131326,0,42723
grpo,1788131331,0,42723
grpo,1788131336,0,42723
grpo,1788131341,0,42723
grpo,1788131346,0,42723
grpo,1788131351,0,42723
grpo,1788131356,0,42723
grpo,1788131362,0,42723
grpo,1788131367,0,42723
grpo,1788131372,0,42723
grpo,1788131377,0,42723
grpo,1788131382,0,42723
grpo,1788131387,0,56063
grpo,1788131392,0,56183
grpo,1788131397,0,57243
grpo,1788131402,0,60183
grpo,1788131407,0,60183
grpo,1788131412,0,60183
grpo,1788131417,0,60243
grpo,1788131422,0,60243
grpo,1788131427,0,60243
grpo,1788131432,0,60243
grpo,1788131437,0,60243
grpo,1788131442,0,60243
grpo,1788131447,0,60243
grpo,1788131452,0,108889
grpo,1788131457,0,108889
grpo,1788131463,0,108889
grpo,1788131468,0,108889
grpo,1788131473,0,108889
grpo,1788131478,0,39875
grpo,1788131483,0,40899
grpo,1788131488,0,40899
grpo,1788131493,0,40903
grpo,1788131498,0,42703
grpo,1788131503,0,42703
grpo,1788131508,0,42703
grpo,1788131513,0,42703
grpo,1788131518,0,42703
grpo,1788131523,0,42703
grpo,1788131528,0,42703
grpo,1788131533,0,42703
grpo,1788131538,0,42703
grpo,1788131543,0,42703
grpo,1788131548,0,42703
grpo,1788131553,0,42703
grpo,1788131558,0,42703
grpo,1788131563,0,56083
grpo,1788131569,0,56263
grpo,1788131574,0,58683
grpo,1788131579,0,60183
grpo,1788131584,0,60183
grpo,1788131589,0,60183
grpo,1788131594,0,60203
grpo,1788131599,0,60203
grpo,1788131604,0,60203
grpo,1788131609,0,60203
grpo,1788131614,0,60203
grpo,1788131619,0,60205
grpo,1788131624,0,60205
grpo,1788131629,0,108685
grpo,1788131634,0,108685
grpo,1788131639,0,108685
grpo,1788131644,0,108685
grpo,1788131649,0,108685
grpo,1788131654,0,39977
grpo,1788131659,0,40899
grpo,1788131664,0,40919
grpo,1788131670,0,42723
grpo,1788131675,0,42723
grpo,1788131680,0,42723
grpo,1788131685,0,42723
grpo,1788131690,0,42723
grpo,1788131695,0,42723
grpo,1788131700,0,42723
grpo,1788131705,0,42723
grpo,1788131710,0,42723
grpo,1788131715,0,42723
grpo,1788131720,0,42723
grpo,1788131725,0,42723
grpo,1788131730,0,42723
grpo,1788131735,0,42723
grpo,1788131740,0,56123
grpo,1788131745,0,56483
grpo,1788131750,0,59203
grpo,1788131755,0,60183
grpo,1788131760,0,60183
grpo,1788131765,0,60183
grpo,1788131771,0,60243
grpo,1788131776,0,60243
grpo,1788131781,0,60243
grpo,1788131786,0,60243
grpo,1788131791,0,60245
grpo,1788131796,0,60245
grpo,1788131801,0,109263
grpo,1788131806,0,109263
grpo,1788131811,0,109263
grpo,1788131816,0,109263
grpo,1788131821,0,109263
grpo,1788131826,0,38733
grpo,1788131831,0,40899
grpo,1788131836,0,40919
grpo,1788131841,0,40923
grpo,1788131846,0,42723
grpo,1788131851,0,42723
grpo,1788131856,0,42723
grpo,1788131861,0,42723
grpo,1788131866,0,42723
grpo,1788131872,0,42723
grpo,1788131877,0,42723
grpo,1788131882,0,42723
grpo,1788131887,0,42723
grpo,1788131892,0,42723
grpo,1788131897,0,42723
grpo,1788131902,0,42723
grpo,1788131907,0,42723
grpo,1788131912,0,56063
grpo,1788131917,0,56223
grpo,1788131922,0,58203
grpo,1788131927,0,60183
grpo,1788131932,0,60183
grpo,1788131937,0,60183
grpo,1788131942,0,60243
grpo,1788131947,0,60243
grpo,1788131952,0,60243
grpo,1788131957,0,60243
grpo,1788131962,0,60245
grpo,1788131967,0,60245
grpo,1788131972,0,60245
grpo,1788131978,0,109253
grpo,1788131983,0,109253
grpo,1788131988,0,109253
grpo,1788131993,0,109253
grpo,1788131998,0,109253
grpo,1788132003,0,40319
grpo,1788132008,0,40919
grpo,1788132013,0,40923
grpo,1788132018,0,42723
grpo,1788132023,0,42723
grpo,1788132028,0,42723
grpo,1788132033,0,42723
grpo,1788132038,0,42723
grpo,1788132043,0,42723
grpo,1788132048,0,42723
grpo,1788132053,0,42723
grpo,1788132058,0,42723
grpo,1788132063,0,42723
grpo,1788132068,0,42723
grpo,1788132073,0,42723
grpo,1788132079,0,42723
grpo,1788132084,0,56063
grpo,1788132089,0,56203
grpo,1788132094,0,57303
grpo,1788132099,0,60183
grpo,1788132104,0,60183
grpo,1788132109,0,60183
grpo,1788132114,0,60243
grpo,1788132119,0,60243
grpo,1788132124,0,60243
grpo,1788132129,0,60243
grpo,1788132134,0,60243
grpo,1788132139,0,60243
grpo,1788132144,0,87241
grpo,1788132149,0,114447
grpo,1788132154,0,114447
grpo,1788132159,0,114447
grpo,1788132164,0,114447
grpo,1788132169,0,38733
grpo,1788132175,0,40899
grpo,1788132180,0,40919
grpo,1788132185,0,40923
grpo,1788132190,0,42723
grpo,1788132195,0,42723
grpo,1788132200,0,42723
grpo,1788132205,0,42723
grpo,1788132210,0,42723
grpo,1788132215,0,42723
grpo,1788132220,0,42723
grpo,1788132225,0,42723
grpo,1788132230,0,42723
grpo,1788132235,0,42723
grpo,1788132240,0,42723
grpo,1788132245,0,42723
grpo,1788132250,0,42723
grpo,1788132255,0,56103
grpo,1788132260,0,56263
grpo,1788132265,0,58543
grpo,1788132270,0,60183
grpo,1788132275,0,60183
grpo,1788132281,0,60243
grpo,1788132286,0,60243
grpo,1788132291,0,60243
grpo,1788132296,0,60243
grpo,1788132301,0,60245
grpo,1788132306,0,60245
grpo,1788132311,0,60245
grpo,1788132316,0,109199
grpo,1788132321,0,109199
grpo,1788132326,0,109199
grpo,1788132331,0,109199
grpo,1788132336,0,38733
grpo,1788132341,0,40899
grpo,1788132346,0,40919
grpo,1788132351,0,40923
grpo,1788132356,0,42723
grpo,1788132361,0,42723
grpo,1788132366,0,42723
grpo,1788132371,0,42723
grpo,1788132377,0,42723
grpo,1788132382,0,42723
grpo,1788132387,0,42723
grpo,1788132392,0,42723
grpo,1788132397,0,42723
grpo,1788132402,0,42723
grpo,1788132407,0,42723
grpo,1788132412,0,42723
grpo,1788132417,0,42723
grpo,1788132422,0,56123
grpo,1788132427,0,56363
grpo,1788132432,0,58743
grpo,1788132437,0,60183
grpo,1788132442,0,60183
grpo,1788132447,0,60243
grpo,1788132452,0,60243
grpo,1788132457,0,60243
grpo,1788132462,0,60243
grpo,1788132467,0,60243
grpo,1788132472,0,60243
grpo,1788132478,0,106891
grpo,1788132483,0,109179
grpo,1788132488,0,109179
grpo,1788132493,0,109179
grpo,1788132498,0,109179
grpo,1788132503,0,109179
grpo,1788132508,0,40219
grpo,1788132513,0,40899
grpo,1788132518,0,40919
grpo,1788132523,0,40923
grpo,1788132528,0,42723
grpo,1788132533,0,42723
grpo,1788132538,0,42723
grpo,1788132543,0,42723
grpo,1788132548,0,42723
grpo,1788132553,0,42723
grpo,1788132558,0,42723
grpo,1788132563,0,42723
grpo,1788132568,0,42723
grpo,1788132573,0,42723
grpo,1788132578,0,42723
grpo,1788132584,0,42723
grpo,1788132589,0,42723
grpo,1788132594,0,56123
grpo,1788132599,0,56823
grpo,1788132604,0,60183
grpo,1788132609,0,60183
grpo,1788132614,0,60183
grpo,1788132619,0,60183
grpo,1788132624,0,60243
grpo,1788132629,0,60243
grpo,1788132634,0,60243
grpo,1788132639,0,60243
grpo,1788132644,0,60243
grpo,1788132649,0,60243
grpo,1788132654,0,60243
grpo,1788132659,0,109741
grpo,1788132664,0,109741
grpo,1788132669,0,109741
grpo,1788132674,0,109741
grpo,1788132679,0,109741
grpo,1788132685,0,39915
grpo,1788132690,0,40899
grpo,1788132695,0,40919
grpo,1788132700,0,40923
grpo,1788132705,0,42723
grpo,1788132710,0,42723
grpo,1788132715,0,42723
grpo,1788132720,0,42723
grpo,1788132725,0,42723
grpo,1788132730,0,42723
grpo,1788132735,0,42723
grpo,1788132740,0,42723
grpo,1788132745,0,42723
grpo,1788132750,0,42723
grpo,1788132755,0,42723
grpo,1788132760,0,42723
grpo,1788132765,0,42723
grpo,1788132770,0,56083
grpo,1788132775,0,56403
grpo,1788132780,0,59083
grpo,1788132785,0,60183
grpo,1788132791,0,60183
grpo,1788132796,0,60183
grpo,1788132801,0,60243
grpo,1788132806,0,60243
grpo,1788132811,0,60243
grpo,1788132816,0,60243
grpo,1788132821,0,60243
grpo,1788132826,0,60243
grpo,1788132831,0,105219
grpo,1788132836,0,109403
grpo,1788132841,0,109403
grpo,1788132846,0,109403
grpo,1788132851,0,109403
grpo,1788132856,0,109403
grpo,1788132861,0,40899
grpo,1788132866,0,40899
grpo,1788132871,0,40903
grpo,1788132876,0,42703
grpo,1788132881,0,42703
grpo,1788132886,0,42703
grpo,1788132892,0,42703
grpo,1788132897,0,42703
grpo,1788132902,0,42703
grpo,1788132907,0,42703
grpo,1788132912,0,42703
grpo,1788132917,0,42703
grpo,1788132922,0,42703
grpo,1788132927,0,42703
grpo,1788132932,0,42703
grpo,1788132937,0,42703
grpo,1788132942,0,56043
grpo,1788132947,0,56163
grpo,1788132952,0,57223
grpo,1788132957,0,60183
grpo,1788132962,0,60183
grpo,1788132967,0,60183
grpo,1788132972,0,60183
grpo,1788132977,0,60183
grpo,1788132982,0,60183
grpo,1788132987,0,60183
grpo,1788132993,0,60183
grpo,1788132998,0,60185
grpo,1788133003,0,60185
grpo,1788133008,0,108711
grpo,1788133013,0,108711
grpo,1788133018,0,108711
grpo,1788133023,0,108711
grpo,1788133028,0,108711
grpo,1788133033,0,39795
grpo,1788133038,0,40899
grpo,1788133043,0,40899
grpo,1788133048,0,40903
grpo,1788133053,0,42703
grpo,1788133058,0,42703
grpo,1788133063,0,42703
grpo,1788133068,0,42703
grpo,1788133073,0,42703
grpo,1788133078,0,42703
grpo,1788133083,0,42703
grpo,1788133088,0,42703
grpo,1788133093,0,42703
grpo,1788133099,0,42703
grpo,1788133104,0,42703
grpo,1788133109,0,42703
grpo,1788133114,0,42703
grpo,1788133119,0,56083
grpo,1788133124,0,56283
grpo,1788133129,0,58503
grpo,1788133134,0,60183
grpo,1788133139,0,60183
grpo,1788133144,0,60183
grpo,1788133149,0,60203
grpo,1788133154,0,60203
grpo,1788133159,0,60203
grpo,1788133164,0,60203
grpo,1788133169,0,60205
grpo,1788133174,0,60205
grpo,1788133179,0,45943
grpo,1788133184,0,110249
grpo,1788133189,0,110249
grpo,1788133194,0,110249
grpo,1788133200,0,110249
grpo,1788133205,0,110249
grpo,1788133210,0,40659
grpo,1788133215,0,40919
grpo,1788133220,0,40921
grpo,1788133225,0,42723
grpo,1788133230,0,42723
grpo,1788133235,0,42723
grpo,1788133240,0,42723
grpo,1788133245,0,42723
grpo,1788133250,0,42723
grpo,1788133255,0,42723
grpo,1788133260,0,42723
grpo,1788133265,0,42723
grpo,1788133270,0,42723
grpo,1788133275,0,42723
grpo,1788133280,0,42723
grpo,1788133285,0,42723
grpo,1788133290,0,55983
grpo,1788133295,0,56163
grpo,1788133300,0,57223
grpo,1788133306,0,60183
grpo,1788133311,0,60183
grpo,1788133316,0,60183
grpo,1788133321,0,60243
grpo,1788133326,0,60243
grpo,1788133331,0,60243
grpo,1788133336,0,60243
grpo,1788133341,0,60243
grpo,1788133346,0,60243
grpo,1788133351,0,60243
grpo,1788133356,0,109153
grpo,1788133361,0,111449
grpo,1788133366,0,111449
grpo,1788133371,0,111449
grpo,1788133376,0,111449
grpo,1788133381,0,45593
grpo,1788133386,0,40859
grpo,1788133391,0,40899
grpo,1788133396,0,40903
grpo,1788133401,0,42703
grpo,1788133407,0,42703
grpo,1788133412,0,42703
grpo,1788133417,0,42703
grpo,1788133422,0,42703
grpo,1788133427,0,42703
grpo,1788133432,0,42703
grpo,1788133437,0,42703
grpo,1788133442,0,42703
grpo,1788133447,0,42703
grpo,1788133452,0,42703
grpo,1788133457,0,42703
grpo,1788133462,0,42703
grpo,1788133467,0,56063
grpo,1788133472,0,56203
grpo,1788133477,0,57883
grpo,1788133482,0,60183
grpo,1788133487,0,60183
grpo,1788133492,0,60183
grpo,1788133497,0,60183
grpo,1788133502,0,60183
grpo,1788133508,0,60183
grpo,1788133513,0,60183
grpo,1788133518,0,60183
grpo,1788133523,0,60185
grpo,1788133528,0,60185
grpo,1788133533,0,109133
grpo,1788133538,0,109133
grpo,1788133543,0,109133
grpo,1788133548,0,109133
grpo,1788133553,0,39835
grpo,1788133558,0,40899
grpo,1788133563,0,40923
grpo,1788133568,0,42723
grpo,1788133573,0,42723
grpo,1788133578,0,42723
grpo,1788133583,0,42723
grpo,1788133588,0,42723
grpo,1788133593,0,42723
grpo,1788133598,0,42723
grpo,1788133603,0,42723
grpo,1788133609,0,42723
grpo,1788133614,0,42723
grpo,1788133619,0,42723
grpo,1788133624,0,42723
grpo,1788133629,0,42723
grpo,1788133634,0,56043
grpo,1788133639,0,56143
grpo,1788133644,0,56283
grpo,1788133649,0,58423
grpo,1788133654,0,60183
grpo,1788133659,0,60183
grpo,1788133664,0,60243
grpo,1788133669,0,60243
grpo,1788133674,0,60243
grpo,1788133679,0,60243
grpo,1788133684,0,60243
grpo,1788133689,0,52133
grpo,1788133694,0,110191
grpo,1788133699,0,110191
grpo,1788133704,0,110191
grpo,1788133710,0,110191
grpo,1788133715,0,110191
grpo,1788133720,0,40519
grpo,1788133725,0,40919
grpo,1788133730,0,40921
grpo,1788133735,0,42723
grpo,1788133740,0,42723
grpo,1788133745,0,42723
grpo,1788133750,0,42723
grpo,1788133755,0,42723
grpo,1788133760,0,42723
grpo,1788133765,0,42723
grpo,1788133770,0,42723
grpo,1788133775,0,42723
grpo,1788133780,0,42723
grpo,1788133785,0,42723
grpo,1788133790,0,42723
grpo,1788133795,0,42723
grpo,1788133800,0,56043
grpo,1788133805,0,56163
grpo,1788133811,0,56863
grpo,1788133816,0,60183
grpo,1788133821,0,60183
grpo,1788133826,0,60183
grpo,1788133831,0,60183
grpo,1788133836,0,60243
grpo,1788133841,0,60243
grpo,1788133846,0,60243
grpo,1788133851,0,60243
grpo,1788133856,0,60245
grpo,1788133861,0,60245
grpo,1788133866,0,109853
grpo,1788133871,0,109853
grpo,1788133876,0,109853
grpo,1788133881,0,109853
grpo,1788133886,0,109853
grpo,1788133891,0,109853
grpo,1788133896,0,40799
grpo,1788133901,0,40899
grpo,1788133906,0,40901
grpo,1788133911,0,42703
grpo,1788133917,0,42703
grpo,1788133922,0,42703
grpo,1788133927,0,42703
grpo,1788133932,0,42703
grpo,1788133937,0,42703
grpo,1788133942,0,42703
grpo,1788133947,0,42703
grpo,1788133952,0,42703
grpo,1788133957,0,42703
grpo,1788133962,0,42703
grpo,1788133967,0,42703
grpo,1788133972,0,42703
grpo,1788133977,0,55963
grpo,1788133982,0,56163
grpo,1788133987,0,57243
grpo,1788133992,0,60183
grpo,1788133997,0,60183
grpo,1788134002,0,60183
grpo,1788134007,0,60183
grpo,1788134012,0,60203
grpo,1788134018,0,60203
grpo,1788134023,0,60203
grpo,1788134028,0,60203
grpo,1788134033,0,60205
grpo,1788134038,0,60205
grpo,1788134043,0,107933
grpo,1788134048,0,109125
grpo,1788134053,0,109125
grpo,1788134058,0,109125
grpo,1788134063,0,109125
grpo,1788134068,0,39675
grpo,1788134073,0,40899
grpo,1788134078,0,40899
grpo,1788134083,0,40903
grpo,1788134088,0,42703
grpo,1788134093,0,42703
grpo,1788134098,0,42703
grpo,1788134103,0,42703
grpo,1788134108,0,42703
grpo,1788134113,0,42703
grpo,1788134118,0,42703
grpo,1788134124,0,42703
grpo,1788134129,0,42703
grpo,1788134134,0,42703
grpo,1788134139,0,42703
grpo,1788134144,0,42703
grpo,1788134149,0,42703
grpo,1788134154,0,56103
grpo,1788134159,0,56263
grpo,1788134164,0,58463
grpo,1788134169,0,60183
grpo,1788134174,0,60183
grpo,1788134179,0,60183
grpo,1788134184,0,60203
grpo,1788134189,0,60203
grpo,1788134194,0,60203
grpo,1788134199,0,60203
grpo,1788134204,0,60203
grpo,1788134209,0,60203
grpo,1788134214,0,104589
grpo,1788134219,0,109411
grpo,1788134225,0,109411
grpo,1788134230,0,109411
grpo,1788134235,0,109411
grpo,1788134240,0,39835
grpo,1788134245,0,40899
grpo,1788134250,0,40919
grpo,1788134255,0,40923
grpo,1788134260,0,42723
grpo,1788134265,0,42723
grpo,1788134270,0,42723
grpo,1788134275,0,42723
grpo,1788134280,0,42723
grpo,1788134285,0,42723
grpo,1788134290,0,42723
grpo,1788134295,0,42723
grpo,1788134300,0,42723
grpo,1788134305,0,42723
grpo,1788134310,0,42723
grpo,1788134315,0,42723
grpo,1788134320,0,42723
grpo,1788134326,0,56123
grpo,1788134331,0,56323
grpo,1788134336,0,58783
grpo,1788134341,0,60183
grpo,1788134346,0,60183
grpo,1788134351,0,60243
grpo,1788134356,0,60243
grpo,1788134361,0,60243
grpo,1788134366,0,60243
grpo,1788134371,0,60245
grpo,1788134376,0,60245
grpo,1788134381,0,60245
grpo,1788134386,0,109849
grpo,1788134391,0,109849
grpo,1788134396,0,109849
grpo,1788134401,0,109849
grpo,1788134406,0,109849
grpo,1788134411,0,109849
grpo,1788134416,0,40859
grpo,1788134421,0,40919
grpo,1788134427,0,40921
grpo,1788134432,0,42725
grpo,1788134437,0,42725
grpo,1788134442,0,42725
grpo,1788134447,0,42725
grpo,1788134452,0,42725
grpo,1788134457,0,42725
grpo,1788134462,0,42725
grpo,1788134467,0,42725
grpo,1788134472,0,42725
grpo,1788134477,0,42725
grpo,1788134482,0,42725
grpo,1788134487,0,42725
grpo,1788134492,0,42725
grpo,1788134497,0,47005
grpo,1788134502,0,56185
grpo,1788134507,0,57325
grpo,1788134512,0,60185
grpo,1788134517,0,60185
grpo,1788134522,0,60185
grpo,1788134528,0,60185
grpo,1788134533,0,60245
grpo,1788134538,0,60245
grpo,1788134543,0,60245
grpo,1788134548,0,60245
grpo,1788134553,0,60245
grpo,1788134558,0,60245
grpo,1788134563,0,60245
grpo,1788134568,0,109759
grpo,1788134573,0,109759
grpo,1788134578,0,109759
grpo,1788134583,0,109759
grpo,1788134588,0,109759
grpo,1788134593,0,39835
grpo,1788134598,0,40899
grpo,1788134603,0,40899
grpo,1788134608,0,40903
grpo,1788134613,0,42703
grpo,1788134618,0,42703
grpo,1788134623,0,42703
grpo,1788134629,0,42703
grpo,1788134634,0,42703
grpo,1788134639,0,42703
grpo,1788134644,0,42703
grpo,1788134649,0,42703
grpo,1788134654,0,42703
grpo,1788134659,0,42703
grpo,1788134664,0,42703
grpo,1788134669,0,42703
grpo,1788134674,0,42703
grpo,1788134679,0,56123
grpo,1788134684,0,56483
grpo,1788134689,0,58183
grpo,1788134694,0,60183
grpo,1788134699,0,60183
grpo,1788134704,0,60183
grpo,1788134709,0,60183
grpo,1788134714,0,60183
grpo,1788134719,0,60183
grpo,1788134724,0,60183
grpo,1788134729,0,60185
grpo,1788134735,0,60185
grpo,1788134740,0,60185
grpo,1788134745,0,109181
grpo,1788134750,0,109181
grpo,1788134755,0,109181
grpo,1788134760,0,109181
grpo,1788134765,0,109181
grpo,1788134770,0,39835
grpo,1788134775,0,40899
grpo,1788134780,0,40919
grpo,1788134785,0,40925
grpo,1788134790,0,42725
grpo,1788134795,0,42725
grpo,1788134800,0,42725
grpo,1788134805,0,42725
grpo,1788134810,0,42725
grpo,1788134815,0,42725
grpo,1788134820,0,42725
grpo,1788134825,0,42725
grpo,1788134830,0,42725
grpo,1788134835,0,42725
grpo,1788134841,0,42725
grpo,1788134846,0,42725
grpo,1788134851,0,42725
grpo,1788134856,0,56105
grpo,1788134861,0,56265
grpo,1788134866,0,58265
grpo,1788134871,0,60185
grpo,1788134876,0,60185
grpo,1788134881,0,60185
grpo,1788134886,0,60245
grpo,1788134891,0,60245
grpo,1788134896,0,60245
grpo,1788134901,0,60245
grpo,1788134906,0,60245
grpo,1788134911,0,60245
grpo,1788134916,0,60245
grpo,1788134921,0,44755
grpo,1788134926,0,108511
grpo,1788134931,0,108511
grpo,1788134936,0,108511
grpo,1788134942,0,108511
grpo,1788134947,0,42655
grpo,1788134952,0,40859
grpo,1788134957,0,40899
grpo,1788134962,0,40903
grpo,1788134967,0,42703
grpo,1788134972,0,42703
grpo,1788134977,0,42703
grpo,1788134982,0,42703
grpo,1788134987,0,42703
grpo,1788134992,0,42703
grpo,1788134997,0,42703
grpo,1788135002,0,42703
grpo,1788135007,0,42703
grpo,1788135012,0,42703
grpo,1788135017,0,42703
grpo,1788135022,0,42703
grpo,1788135027,0,42703
grpo,1788135032,0,56103
grpo,1788135037,0,56243
grpo,1788135042,0,57163
grpo,1788135048,0,60103
grpo,1788135053,0,60183
grpo,1788135058,0,60183
grpo,1788135063,0,60183
grpo,1788135068,0,60183
grpo,1788135073,0,60183
grpo,1788135078,0,60183
grpo,1788135083,0,60185
grpo,1788135088,0,60185
grpo,1788135093,0,66485
grpo,1788135098,0,107705
grpo,1788135103,0,107705
grpo,1788135108,0,107705
grpo,1788135113,0,107705
grpo,1788135118,0,107705
grpo,1788135123,0,40359
grpo,1788135128,0,40899
grpo,1788135133,0,40903
grpo,1788135138,0,42703
grpo,1788135143,0,42703
grpo,1788135148,0,42703
grpo,1788135154,0,42703
grpo,1788135159,0,42703
grpo,1788135164,0,42703
grpo,1788135169,0,42703
grpo,1788135174,0,42703
grpo,1788135179,0,42703
grpo,1788135184,0,42703
grpo,1788135189,0,42703
grpo,1788135194,0,42703
grpo,1788135199,0,42703
grpo,1788135204,0,56083
grpo,1788135209,0,56223
grpo,1788135214,0,57163
grpo,1788135219,0,60183
grpo,1788135224,0,60183
grpo,1788135229,0,60183
grpo,1788135234,0,60183
grpo,1788135239,0,60183
grpo,1788135244,0,60183
grpo,1788135249,0,60183
grpo,1788135255,0,60185
grpo,1788135260,0,60185
grpo,1788135265,0,66485
grpo,1788135270,0,108981
grpo,1788135275,0,108981
grpo,1788135280,0,108981
grpo,1788135285,0,108981
grpo,1788135290,0,108981
grpo,1788135295,0,40037
grpo,1788135300,0,40899
grpo,1788135305,0,40919
grpo,1788135310,0,42723
grpo,1788135315,0,42723
grpo,1788135320,0,42723
grpo,1788135325,0,42723
grpo,1788135330,0,42723
grpo,1788135335,0,42723
grpo,1788135340,0,42723
grpo,1788135345,0,42723
grpo,1788135350,0,42723
grpo,1788135355,0,42723
grpo,1788135360,0,42723
grpo,1788135366,0,42723
grpo,1788135371,0,42723
grpo,1788135376,0,42723
grpo,1788135381,0,56143
grpo,1788135386,0,56683
grpo,1788135391,0,60183
grpo,1788135396,0,60183
grpo,1788135401,0,60183
grpo,1788135406,0,60203
grpo,1788135411,0,60243
grpo,1788135416,0,60243
grpo,1788135421,0,60243
grpo,1788135426,0,60243
grpo,1788135431,0,60243
grpo,1788135436,0,60243
grpo,1788135441,0,108595
grpo,1788135446,0,108595
grpo,1788135451,0,108595
grpo,1788135456,0,108595
grpo,1788135461,0,108595
grpo,1788135467,0,108595
grpo,1788135472,0,39875
grpo,1788135477,0,40899
grpo,1788135482,0,40919
grpo,1788135487,0,40925
grpo,1788135492,0,42725
grpo,1788135497,0,42725
grpo,1788135502,0,42725
grpo,1788135507,0,42725
grpo,1788135512,0,42725
grpo,1788135517,0,42725
grpo,1788135522,0,42725
grpo,1788135527,0,42725
grpo,1788135532,0,42725
grpo,1788135537,0,42725
grpo,1788135542,0,42725
grpo,1788135547,0,42725
grpo,1788135552,0,42725
grpo,1788135557,0,56105
grpo,1788135562,0,56285
grpo,1788135567,0,58785
grpo,1788135573,0,60185
grpo,1788135578,0,60185
grpo,1788135583,0,60185
grpo,1788135588,0,60185
grpo,1788135593,0,60245
grpo,1788135598,0,60245
grpo,1788135603,0,60245
grpo,1788135608,0,60245
grpo,1788135613,0,60245
grpo,1788135618,0,60245
grpo,1788135623,0,60245
grpo,1788135628,0,108751
grpo,1788135633,0,108751
grpo,1788135638,0,108751
grpo,1788135643,0,108751
grpo,1788135648,0,108751
grpo,1788135653,0,40077
grpo,1788135658,0,40919
grpo,1788135663,0,40923
grpo,1788135668,0,42723
grpo,1788135674,0,42723
grpo,1788135679,0,42723
grpo,1788135684,0,42723
grpo,1788135689,0,42723
grpo,1788135694,0,42723
grpo,1788135699,0,42723
grpo,1788135704,0,42723
grpo,1788135709,0,42723
grpo,1788135714,0,42723
grpo,1788135719,0,42723
grpo,1788135724,0,42723
grpo,1788135729,0,42723
grpo,1788135734,0,56063
grpo,1788135739,0,56163
grpo,1788135744,0,56563
grpo,1788135749,0,59163
grpo,1788135754,0,60183
grpo,1788135759,0,60183
grpo,1788135764,0,60243
grpo,1788135769,0,60243
grpo,1788135775,0,60243
grpo,1788135780,0,60243
grpo,1788135785,0,60243
grpo,1788135790,0,60243
grpo,1788135795,0,72173
grpo,1788135800,0,109539
grpo,1788135805,0,109539
grpo,1788135810,0,109539
grpo,1788135815,0,109539
grpo,1788135820,0,43683
grpo,1788135825,0,40899
grpo,1788135830,0,40899
grpo,1788135835,0,40903
grpo,1788135840,0,42703
grpo,1788135845,0,42703
grpo,1788135850,0,42703
grpo,1788135855,0,42703
grpo,1788135860,0,42703
grpo,1788135865,0,42703
grpo,1788135870,0,42703
grpo,1788135876,0,42703
grpo,1788135881,0,42703
grpo,1788135886,0,42703
grpo,1788135891,0,42703
grpo,1788135896,0,42703
grpo,1788135901,0,42703
grpo,1788135906,0,56103
grpo,1788135911,0,56223
grpo,1788135916,0,57283
grpo,1788135921,0,60183
grpo,1788135926,0,60183
grpo,1788135931,0,60183
grpo,1788135936,0,60203
grpo,1788135941,0,60203
grpo,1788135946,0,60203
grpo,1788135951,0,60203
grpo,1788135956,0,60203
grpo,1788135961,0,60203
grpo,1788135966,0,87241
grpo,1788135971,0,115229
grpo,1788135976,0,115229
grpo,1788135982,0,115229
grpo,1788135987,0,115229
grpo,1788135992,0,49373
grpo,1788135997,0,40899
grpo,1788136002,0,40919
grpo,1788136007,0,40923
grpo,1788136012,0,42723
grpo,1788136017,0,42723
grpo,1788136022,0,42723
grpo,1788136027,0,42723
grpo,1788136032,0,42723
grpo,1788136037,0,42723
grpo,1788136042,0,42723
grpo,1788136047,0,42723
grpo,1788136052,0,42723
grpo,1788136057,0,42723
grpo,1788136062,0,42723
grpo,1788136067,0,42723
grpo,1788136072,0,42723
grpo,1788136077,0,56103
grpo,1788136083,0,56283
grpo,1788136088,0,57503
grpo,1788136093,0,60183
grpo,1788136098,0,60183
grpo,1788136103,0,60183
grpo,1788136108,0,60243
grpo,1788136113,0,60243
grpo,1788136118,0,60243
grpo,1788136123,0,60243
grpo,1788136128,0,60243
grpo,1788136133,0,60243
grpo,1788136138,0,111071
grpo,1788136143,0,111071
grpo,1788136148,0,111071
grpo,1788136153,0,111071
grpo,1788136158,0,111071
grpo,1788136163,0,39855
grpo,1788136168,0,40899
grpo,1788136173,0,40919
grpo,1788136178,0,40923
grpo,1788136184,0,42723
grpo,1788136189,0,42723
grpo,1788136194,0,42723
grpo,1788136199,0,42723
grpo,1788136204,0,42723
grpo,1788136209,0,42723
grpo,1788136214,0,42723
grpo,1788136219,0,42723
grpo,1788136224,0,42723
grpo,1788136229,0,42723
grpo,1788136234,0,42723
grpo,1788136239,0,42723
grpo,1788136244,0,42723
grpo,1788136249,0,56143
grpo,1788136254,0,56543
grpo,1788136259,0,58343
grpo,1788136264,0,60183
grpo,1788136269,0,60183
grpo,1788136274,0,60183
grpo,1788136279,0,60243
grpo,1788136284,0,60243
grpo,1788136290,0,60243
grpo,1788136295,0,60243
grpo,1788136300,0,60243
grpo,1788136305,0,60243
grpo,1788136310,0,45943
grpo,1788136315,0,115859
grpo,1788136320,0,115859
grpo,1788136325,0,115859
grpo,1788136330,0,115859
grpo,1788136335,0,38733
grpo,1788136340,0,40899
grpo,1788136345,0,40899
grpo,1788136350,0,40903
grpo,1788136355,0,42703
grpo,1788136360,0,42703
grpo,1788136365,0,42703
grpo,1788136370,0,42703
grpo,1788136375,0,42703
grpo,1788136380,0,42703
grpo,1788136385,0,42703
grpo,1788136390,0,42703
grpo,1788136395,0,42703
grpo,1788136401,0,42703
grpo,1788136406,0,42703
grpo,1788136411,0,42703
grpo,1788136416,0,42703
grpo,1788136421,0,56123
grpo,1788136426,0,56243
grpo,1788136431,0,58203
grpo,1788136436,0,60183
grpo,1788136441,0,60183
grpo,1788136446,0,60183
grpo,1788136451,0,60183
grpo,1788136456,0,60183
grpo,1788136461,0,60183
grpo,1788136466,0,60183
grpo,1788136471,0,60183
grpo,1788136476,0,60183
grpo,1788136481,0,113993
grpo,1788136486,0,113993
grpo,1788136491,0,113993
grpo,1788136496,0,113993
grpo,1788136501,0,113993
grpo,1788136507,0,39835
grpo,1788136512,0,40899
grpo,1788136517,0,40919
grpo,1788136522,0,40923
grpo,1788136527,0,42723
grpo,1788136532,0,42723
grpo,1788136537,0,42723
grpo,1788136542,0,42723
grpo,1788136547,0,42723
grpo,1788136552,0,42723
grpo,1788136557,0,42723
grpo,1788136562,0,42723
grpo,1788136567,0,42723
grpo,1788136572,0,42723
grpo,1788136577,0,42723
grpo,1788136582,0,42723
grpo,1788136587,0,42723
grpo,1788136592,0,56123
grpo,1788136597,0,56263
grpo,1788136602,0,57863
grpo,1788136608,0,60183
grpo,1788136613,0,60183
grpo,1788136618,0,60183
grpo,1788136623,0,60243
grpo,1788136628,0,60243
grpo,1788136633,0,60243
grpo,1788136638,0,60243
grpo,1788136643,0,60243
grpo,1788136648,0,60243
grpo,1788136653,0,60243
grpo,1788136658,0,108267
grpo,1788136663,0,108267
grpo,1788136668,0,108267
grpo,1788136673,0,108267
grpo,1788136678,0,108267
grpo,1788136683,0,39915
grpo,1788136688,0,40899
grpo,1788136693,0,40899
grpo,1788136698,0,40903
grpo,1788136703,0,42703
grpo,1788136709,0,42703
grpo,1788136714,0,42703
grpo,1788136719,0,42703
grpo,1788136724,0,42703
grpo,1788136729,0,42703
grpo,1788136734,0,42703
grpo,1788136739,0,42703
grpo,1788136744,0,42703
grpo,1788136749,0,42703
grpo,1788136754,0,42703
grpo,1788136759,0,42703
grpo,1788136764,0,42703
grpo,1788136769,0,56143
grpo,1788136774,0,56403
grpo,1788136779,0,58663
grpo,1788136784,0,60183
grpo,1788136789,0,60183
grpo,1788136794,0,60183
grpo,1788136799,0,60203
grpo,1788136804,0,60203
grpo,1788136809,0,60203
grpo,1788136815,0,60203
grpo,1788136820,0,60205
grpo,1788136825,0,60205
grpo,1788136830,0,87243
grpo,1788136835,0,110787
grpo,1788136840,0,110787
grpo,1788136845,0,110787
grpo,1788136850,0,110787
grpo,1788136855,0,38733
grpo,1788136860,0,40899
grpo,1788136865,0,40899
grpo,1788136870,0,40903
grpo,1788136875,0,42703
grpo,1788136880,0,42703
grpo,1788136885,0,42703
grpo,1788136890,0,42703
grpo,1788136895,0,42703
grpo,1788136900,0,42703
grpo,1788136905,0,42703
grpo,1788136910,0,42703
grpo,1788136915,0,42703
grpo,1788136921,0,42703
grpo,1788136926,0,42703
grpo,1788136931,0,42703
grpo,1788136936,0,42703
grpo,1788136941,0,56103
grpo,1788136946,0,56243
grpo,1788136951,0,57523
grpo,1788136956,0,60183
grpo,1788136961,0,60183
grpo,1788136966,0,60183
grpo,1788136971,0,60183
grpo,1788136976,0,60183
grpo,1788136981,0,60183
grpo,1788136986,0,60183
grpo,1788136991,0,60185
grpo,1788136996,0,60185
grpo,1788137001,0,111707
grpo,1788137006,0,111707
grpo,1788137011,0,111707
grpo,1788137016,0,111707
grpo,1788137022,0,111707
grpo,1788137027,0,111707
grpo,1788137032,0,40219
grpo,1788137037,0,40899
grpo,1788137042,0,40899
grpo,1788137047,0,40905
grpo,1788137052,0,42705
grpo,1788137057,0,42705
grpo,1788137062,0,42705
grpo,1788137067,0,42705
grpo,1788137072,0,42705
grpo,1788137077,0,42705
grpo,1788137082,0,42705
grpo,1788137087,0,42705
grpo,1788137092,0,42705
grpo,1788137097,0,42705
grpo,1788137102,0,42705
grpo,1788137107,0,42705
grpo,1788137112,0,42705
grpo,1788137117,0,56145
grpo,1788137122,0,56965
grpo,1788137128,0,59965
grpo,1788137133,0,60185
grpo,1788137138,0,60185
grpo,1788137143,0,60185
grpo,1788137148,0,60205
grpo,1788137153,0,60205
grpo,1788137158,0,60205
grpo,1788137163,0,60205
grpo,1788137168,0,60205
grpo,1788137173,0,60205
grpo,1788137178,0,60205
grpo,1788137183,0,66485
grpo,1788137188,0,108323
grpo,1788137193,0,108323
grpo,1788137198,0,108323
grpo,1788137203,0,108323
grpo,1788137208,0,108323
grpo,1788137213,0,40501
grpo,1788137218,0,40901
grpo,1788137223,0,40903
grpo,1788137229,0,42703
grpo,1788137234,0,42703
grpo,1788137239,0,42703
grpo,1788137244,0,42703
grpo,1788137249,0,42703
grpo,1788137254,0,42703
grpo,1788137259,0,42703
grpo,1788137264,0,42703
grpo,1788137269,0,42703
grpo,1788137274,0,42703
grpo,1788137279,0,42703
grpo,1788137284,0,42703
grpo,1788137289,0,42703
grpo,1788137294,0,56103
grpo,1788137299,0,56243
grpo,1788137304,0,57103
grpo,1788137309,0,60003
grpo,1788137314,0,60183
grpo,1788137319,0,60183
grpo,1788137324,0,60183
grpo,1788137329,0,60183
grpo,1788137335,0,60183
grpo,1788137340,0,60183
grpo,1788137345,0,60183
grpo,1788137350,0,60183
grpo,1788137355,0,45943
grpo,1788137360,0,109203
grpo,1788137365,0,109203
grpo,1788137370,0,109203
grpo,1788137375,0,109203
grpo,1788137380,0,109203
grpo,1788137385,0,43347
grpo,1788137390,0,40899
grpo,1788137395,0,40899
grpo,1788137400,0,40899
grpo,1788137405,0,42705
grpo,1788137410,0,42705
grpo,1788137415,0,42705
grpo,1788137420,0,42705
grpo,1788137425,0,42705
grpo,1788137430,0,42705
grpo,1788137436,0,42705
grpo,1788137441,0,42705
grpo,1788137446,0,42705
grpo,1788137451,0,42705
grpo,1788137456,0,42705
grpo,1788137461,0,42705
grpo,1788137466,0,42705
grpo,1788137471,0,42705
grpo,1788137476,0,56085
grpo,1788137481,0,57345
grpo,1788137486,0,60045
grpo,1788137491,0,60045
grpo,1788137496,0,60045
grpo,1788137501,0,60045
grpo,1788137506,0,60045
grpo,1788137511,0,60045
grpo,1788137516,0,60045
grpo,1788137521,0,60045
grpo,1788137526,0,60045
grpo,1788137531,0,60045
grpo,1788137536,0,60045
grpo,1788137542,0,66345
grpo,1788137547,0,109379
grpo,1788137552,0,109379
grpo,1788137557,0,109379
grpo,1788137562,0,109379
grpo,1788137567,0,109379
grpo,1788137572,0,40441
grpo,1788137577,0,40901
grpo,1788137582,0,40903
grpo,1788137587,0,42703
grpo,1788137592,0,42703
grpo,1788137597,0,42703
grpo,1788137602,0,42703
grpo,1788137607,0,42703
grpo,1788137612,0,42703
grpo,1788137617,0,42703
grpo,1788137622,0,42703
grpo,1788137627,0,42703
grpo,1788137632,0,42703
grpo,1788137637,0,42703
grpo,1788137642,0,42703
grpo,1788137648,0,42703
grpo,1788137653,0,56083
grpo,1788137658,0,56203
grpo,1788137663,0,56883
grpo,1788137668,0,59863
grpo,1788137673,0,60183
grpo,1788137678,0,60183
grpo,1788137683,0,60183
grpo,1788137688,0,60183
grpo,1788137693,0,60183
grpo,1788137698,0,60183
grpo,1788137703,0,60185
grpo,1788137708,0,60185
grpo,1788137713,0,60185
grpo,1788137718,0,109025
grpo,1788137723,0,109025
grpo,1788137728,0,109025
grpo,1788137733,0,109025
grpo,1788137738,0,109025
grpo,1788137743,0,38733
grpo,1788137749,0,40899
grpo,1788137754,0,40919
grpo,1788137759,0,40923
grpo,1788137764,0,42723
grpo,1788137769,0,42723
grpo,1788137774,0,42723
grpo,1788137779,0,42723
grpo,1788137784,0,42723
grpo,1788137789,0,42723
grpo,1788137794,0,42723
grpo,1788137799,0,42723
grpo,1788137804,0,42723
grpo,1788137809,0,42723
grpo,1788137814,0,42723
grpo,1788137819,0,42723
grpo,1788137824,0,42723
grpo,1788137829,0,56123
grpo,1788137834,0,56263
grpo,1788137839,0,58343
grpo,1788137844,0,60183
grpo,1788137850,0,60183
grpo,1788137855,0,60183
grpo,1788137860,0,60183
grpo,1788137865,0,60243
grpo,1788137870,0,60243
grpo,1788137875,0,60243
grpo,1788137880,0,60243
grpo,1788137885,0,60243
grpo,1788137890,0,60243
grpo,1788137895,0,45943
grpo,1788137900,0,110083
grpo,1788137905,0,110083
grpo,1788137910,0,110083
grpo,1788137915,0,110083
grpo,1788137920,0,110083
grpo,1788137925,0,39997
grpo,1788137930,0,40899
grpo,1788137935,0,40919
grpo,1788137940,0,40923
grpo,1788137945,0,42723
grpo,1788137950,0,42723
grpo,1788137956,0,42723
grpo,1788137961,0,42723
grpo,1788137966,0,42723
grpo,1788137971,0,42723
grpo,1788137976,0,42723
grpo,1788137981,0,42723
grpo,1788137986,0,42723
grpo,1788137991,0,42723
grpo,1788137996,0,42723
grpo,1788138001,0,42723
grpo,1788138006,0,42723
grpo,1788138011,0,56143
grpo,1788138016,0,56443
grpo,1788138021,0,60163
grpo,1788138026,0,60183
grpo,1788138031,0,60183
grpo,1788138036,0,60183
grpo,1788138041,0,60243
grpo,1788138046,0,60243
grpo,1788138051,0,60243
grpo,1788138057,0,60243
grpo,1788138062,0,60243
grpo,1788138067,0,60243
grpo,1788138072,0,66483
grpo,1788138077,0,108803
grpo,1788138082,0,108803
grpo,1788138087,0,108803
grpo,1788138092,0,108803
grpo,1788138097,0,108803
grpo,1788138102,0,39895
grpo,1788138107,0,40899
grpo,1788138112,0,40919
grpo,1788138117,0,40923
grpo,1788138122,0,42723
grpo,1788138127,0,42723
grpo,1788138132,0,42723
grpo,1788138137,0,42723
grpo,1788138142,0,42723
grpo,1788138147,0,42723
grpo,1788138152,0,42723
grpo,1788138157,0,42723
grpo,1788138163,0,42723
grpo,1788138168,0,42723
grpo,1788138173,0,42723
grpo,1788138178,0,42723
grpo,1788138183,0,42723
grpo,1788138188,0,56103
grpo,1788138193,0,56323
grpo,1788138198,0,58123
grpo,1788138203,0,60183
grpo,1788138208,0,60183
grpo,1788138213,0,60183
grpo,1788138218,0,60243
grpo,1788138223,0,60243
grpo,1788138228,0,60243
grpo,1788138233,0,60243
grpo,1788138238,0,60243
grpo,1788138243,0,60245
grpo,1788138248,0,60245
grpo,1788138253,0,108775
grpo,1788138258,0,108775
grpo,1788138263,0,108775
grpo,1788138269,0,108775
grpo,1788138274,0,108775
grpo,1788138279,0,39875
grpo,1788138284,0,40901
grpo,1788138289,0,40921
grpo,1788138294,0,40923
grpo,1788138299,0,42723
grpo,1788138304,0,42723
grpo,1788138309,0,42723
grpo,1788138314,0,42723
grpo,1788138319,0,42723
grpo,1788138324,0,42723
grpo,1788138329,0,42723
grpo,1788138334,0,42723
grpo,1788138339,0,42723
grpo,1788138344,0,42723
grpo,1788138349,0,42723
grpo,1788138354,0,42723
grpo,1788138359,0,42723
grpo,1788138364,0,56003
grpo,1788138369,0,56343
grpo,1788138375,0,57743
grpo,1788138380,0,60043
grpo,1788138385,0,60043
grpo,1788138390,0,60043
grpo,1788138395,0,60103
grpo,1788138400,0,60103
grpo,1788138405,0,60103
grpo,1788138410,0,60103
grpo,1788138415,0,60103
grpo,1788138420,0,60103
grpo,1788138425,0,58413
grpo,1788138430,0,108993
grpo,1788138435,0,108993
grpo,1788138440,0,108993
grpo,1788138445,0,108993
grpo,1788138450,0,43137
grpo,1788138455,0,40899
grpo,1788138460,0,40919
grpo,1788138465,0,40923
grpo,1788138470,0,42723
grpo,1788138475,0,42723
grpo,1788138481,0,42723
grpo,1788138486,0,42723
grpo,1788138491,0,42723
grpo,1788138496,0,42723
grpo,1788138501,0,42723
grpo,1788138506,0,42723
grpo,1788138511,0,42723
grpo,1788138516,0,42723
grpo,1788138521,0,42723
grpo,1788138526,0,42723
grpo,1788138531,0,42723
grpo,1788138536,0,56103
grpo,1788138541,0,56223
grpo,1788138546,0,57243
grpo,1788138551,0,60183
grpo,1788138556,0,60183
grpo,1788138561,0,60183
grpo,1788138566,0,60243
grpo,1788138571,0,60243
grpo,1788138576,0,60243
grpo,1788138581,0,60243
grpo,1788138587,0,60243
grpo,1788138592,0,60243
grpo,1788138597,0,66483
grpo,1788138602,0,108707
grpo,1788138607,0,108707
grpo,1788138612,0,108707
grpo,1788138617,0,108707
grpo,1788138622,0,108707
grpo,1788138627,0,40179
grpo,1788138632,0,40899
grpo,1788138637,0,40921
grpo,1788138642,0,42723
grpo,1788138647,0,42723
grpo,1788138652,0,42723
grpo,1788138657,0,42723
grpo,1788138662,0,42723
grpo,1788138667,0,42723
grpo,1788138672,0,42723
grpo,1788138677,0,42723
grpo,1788138682,0,42723
grpo,1788138688,0,42723
grpo,1788138693,0,42723
grpo,1788138698,0,42723
grpo,1788138703,0,42723
grpo,1788138708,0,56063
grpo,1788138713,0,56183
grpo,1788138718,0,56763
grpo,1788138723,0,60183
grpo,1788138728,0,60183
grpo,1788138733,0,60183
grpo,1788138738,0,60183
grpo,1788138743,0,60243
grpo,1788138748,0,60243
grpo,1788138753,0,60243
grpo,1788138758,0,60243
grpo,1788138763,0,60243
grpo,1788138768,0,60243
grpo,1788138773,0,111909
grpo,1788138778,0,111909
grpo,1788138783,0,111909
grpo,1788138788,0,111909
grpo,1788138794,0,111909
grpo,1788138799,0,39855
grpo,1788138804,0,40899
grpo,1788138809,0,40919
grpo,1788138814,0,40923
grpo,1788138819,0,42723
grpo,1788138824,0,42723
grpo,1788138829,0,42723
grpo,1788138834,0,42723
grpo,1788138839,0,42723
grpo,1788138844,0,42723
grpo,1788138849,0,42723
grpo,1788138854,0,42723
grpo,1788138859,0,42723
grpo,1788138864,0,42723
grpo,1788138869,0,42723
grpo,1788138874,0,42723
grpo,1788138879,0,42723
grpo,1788138884,0,56003
grpo,1788138889,0,56163
grpo,1788138895,0,58183
grpo,1788138900,0,60043
grpo,1788138905,0,60043
grpo,1788138910,0,60103
grpo,1788138915,0,60103
grpo,1788138920,0,60103
grpo,1788138925,0,60103
grpo,1788138930,0,60103
grpo,1788138935,0,60103
grpo,1788138940,0,60103
grpo,1788138945,0,109105
grpo,1788138950,0,109105
grpo,1788138955,0,109105
grpo,1788138960,0,109105
grpo,1788138965,0,109105
grpo,1788138970,0,109105
grpo,1788138975,0,40799
grpo,1788138980,0,40899
grpo,1788138985,0,40919
grpo,1788138990,0,40925
grpo,1788138995,0,42725
grpo,1788139001,0,42725
grpo,1788139006,0,42725
grpo,1788139011,0,42725
grpo,1788139016,0,42725
grpo,1788139021,0,42725
grpo,1788139026,0,42725
grpo,1788139031,0,42725
grpo,1788139036,0,42725
grpo,1788139041,0,42725
grpo,1788139046,0,42725
grpo,1788139051,0,42725
grpo,1788139056,0,42725
grpo,1788139061,0,56165
grpo,1788139066,0,56865
grpo,1788139071,0,60185
grpo,1788139076,0,60185
grpo,1788139081,0,60185
grpo,1788139086,0,60185
grpo,1788139091,0,60245
grpo,1788139096,0,60245
grpo,1788139101,0,60245
grpo,1788139107,0,60245
grpo,1788139112,0,60245
grpo,1788139117,0,60245
grpo,1788139122,0,60245
grpo,1788139127,0,110073
grpo,1788139132,0,110073
grpo,1788139137,0,110073
grpo,1788139142,0,110073
grpo,1788139147,0,110073
grpo,1788139152,0,39875
grpo,1788139157,0,40899
grpo,1788139162,0,40899
grpo,1788139167,0,40903
grpo,1788139172,0,42703
grpo,1788139177,0,42703
grpo,1788139182,0,42703
grpo,1788139187,0,42703
grpo,1788139192,0,42703
grpo,1788139197,0,42703
grpo,1788139202,0,42703
grpo,1788139208,0,42703
grpo,1788139213,0,42703
grpo,1788139218,0,42703
grpo,1788139223,0,42703
grpo,1788139228,0,42703
grpo,1788139233,0,42703
grpo,1788139238,0,56143
grpo,1788139243,0,56363
grpo,1788139248,0,58363
grpo,1788139253,0,60183
grpo,1788139258,0,60183
grpo,1788139263,0,60183
grpo,1788139268,0,60203
grpo,1788139273,0,60203
grpo,1788139278,0,60203
grpo,1788139283,0,60203
grpo,1788139288,0,60203
grpo,1788139293,0,60203
grpo,1788139298,0,44755
grpo,1788139303,0,108895
grpo,1788139308,0,108895
grpo,1788139314,0,108895
grpo,1788139319,0,108895
grpo,1788139324,0,39835
grpo,1788139329,0,40899
grpo,1788139334,0,40899
grpo,1788139339,0,40903
grpo,1788139344,0,42703
grpo,1788139349,0,42703
grpo,1788139354,0,42703
grpo,1788139359,0,42703
grpo,1788139364,0,42703
grpo,1788139369,0,42703
grpo,1788139374,0,42703
grpo,1788139379,0,42703
grpo,1788139384,0,42703
grpo,1788139389,0,42703
grpo,1788139394,0,42703
grpo,1788139399,0,42703
grpo,1788139404,0,42703
grpo,1788139409,0,56123
grpo,1788139415,0,56343
grpo,1788139420,0,57983
grpo,1788139425,0,60183
grpo,1788139430,0,60183
grpo,1788139435,0,60183
grpo,1788139440,0,60203
grpo,1788139445,0,60203
grpo,1788139450,0,60203
grpo,1788139455,0,60203
grpo,1788139460,0,60203
grpo,1788139465,0,60203
grpo,1788139470,0,109071
grpo,1788139475,0,109071
grpo,1788139480,0,109071
grpo,1788139485,0,109071
grpo,1788139490,0,109071
grpo,1788139495,0,43215
grpo,1788139500,0,40899
grpo,1788139505,0,40919
grpo,1788139510,0,40923
grpo,1788139515,0,42723
grpo,1788139521,0,42723
grpo,1788139526,0,42723
grpo,1788139531,0,42723
grpo,1788139536,0,42723
grpo,1788139541,0,42723
grpo,1788139546,0,42723
grpo,1788139551,0,42723
grpo,1788139556,0,42723
grpo,1788139561,0,42723
grpo,1788139566,0,42723
grpo,1788139571,0,42723
grpo,1788139576,0,42723
grpo,1788139581,0,56083
grpo,1788139586,0,56243
grpo,1788139591,0,57943
grpo,1788139596,0,60183
grpo,1788139601,0,60183
grpo,1788139606,0,60183
grpo,1788139611,0,60243
grpo,1788139616,0,60243
grpo,1788139621,0,60243
grpo,1788139627,0,60243
grpo,1788139632,0,60243
grpo,1788139637,0,60245
grpo,1788139642,0,60245
grpo,1788139647,0,44755
grpo,1788139652,0,109939
grpo,1788139657,0,109939
grpo,1788139662,0,109939
grpo,1788139667,0,109939
grpo,1788139672,0,109939
grpo,1788139677,0,40599
grpo,1788139682,0,40899
grpo,1788139687,0,40901
grpo,1788139692,0,42703
grpo,1788139697,0,42703
grpo,1788139702,0,42703
grpo,1788139707,0,42703
grpo,1788139712,0,42703
grpo,1788139717,0,42703
grpo,1788139722,0,42703
grpo,1788139727,0,42703
grpo,1788139733,0,42703
grpo,1788139738,0,42703
grpo,1788139743,0,42703
grpo,1788139748,0,42703
grpo,1788139753,0,42703
grpo,1788139758,0,56063
grpo,1788139763,0,56163
grpo,1788139768,0,57063
grpo,1788139773,0,60183
grpo,1788139778,0,60183
grpo,1788139783,0,60183
grpo,1788139788,0,60183
grpo,1788139793,0,60183
grpo,1788139798,0,60183
grpo,1788139803,0,60183
grpo,1788139808,0,60183
grpo,1788139813,0,60185
grpo,1788139818,0,60185
grpo,1788139823,0,109827
grpo,1788139828,0,109827
grpo,1788139834,0,109827
grpo,1788139839,0,109827
grpo,1788139844,0,109827
grpo,1788139849,0,39895
grpo,1788139854,0,40899
grpo,1788139859,0,40901
grpo,1788139864,0,42703
grpo,1788139869,0,42703
grpo,1788139874,0,42703
grpo,1788139879,0,42703
grpo,1788139884,0,42703
grpo,1788139889,0,42703
grpo,1788139894,0,42703
grpo,1788139899,0,42703
grpo,1788139904,0,42703
grpo,1788139909,0,42703
grpo,1788139914,0,42703
grpo,1788139919,0,42703
grpo,1788139924,0,42703
grpo,1788139929,0,55963
grpo,1788139935,0,56143
grpo,1788139940,0,56543
grpo,1788139945,0,60103
grpo,1788139950,0,60183
grpo,1788139955,0,60183
grpo,1788139960,0,60183
grpo,1788139965,0,60183
grpo,1788139970,0,60183
grpo,1788139975,0,60183
grpo,1788139980,0,60183
grpo,1788139985,0,60183
grpo,1788139990,0,66483
grpo,1788139995,0,108487
grpo,1788140000,0,108487
grpo,1788140005,0,108487
grpo,1788140010,0,108487
grpo,1788140015,0,108487
grpo,1788140020,0,40459
grpo,1788140025,0,40899
grpo,1788140030,0,40903
grpo,1788140035,0,42703
grpo,1788140041,0,42703
grpo,1788140046,0,42703
grpo,1788140051,0,42703
grpo,1788140056,0,42703
grpo,1788140061,0,42703
grpo,1788140066,0,42703
grpo,1788140071,0,42703
grpo,1788140076,0,42703
grpo,1788140081,0,42703
grpo,1788140086,0,42703
grpo,1788140091,0,42703
grpo,1788140096,0,42703
grpo,1788140101,0,56063
grpo,1788140106,0,56183
grpo,1788140111,0,57163
grpo,1788140116,0,60183
grpo,1788140121,0,60183
grpo,1788140126,0,60183
grpo,1788140131,0,60183
grpo,1788140136,0,60183
grpo,1788140142,0,60183
grpo,1788140147,0,60183
grpo,1788140152,0,60183
grpo,1788140157,0,60185
grpo,1788140162,0,60185
grpo,1788140167,0,112935
grpo,1788140172,0,112935
grpo,1788140177,0,112935
grpo,1788140182,0,112935
grpo,1788140187,0,112935
grpo,1788140192,0,39875
grpo,1788140197,0,40899
grpo,1788140202,0,40919
grpo,1788140207,0,40923
grpo,1788140212,0,42723
grpo,1788140217,0,42723
grpo,1788140222,0,42723
grpo,1788140227,0,42723
grpo,1788140232,0,42723
grpo,1788140237,0,42723
grpo,1788140242,0,42723
grpo,1788140248,0,42723
grpo,1788140253,0,42723
grpo,1788140258,0,42723
grpo,1788140263,0,42723
grpo,1788140268,0,42723
grpo,1788140273,0,42723
grpo,1788140278,0,56123
grpo,1788140283,0,56423
grpo,1788140288,0,58863
grpo,1788140293,0,60183
grpo,1788140298,0,60183
grpo,1788140303,0,60183
grpo,1788140308,0,60243
grpo,1788140313,0,60243
grpo,1788140318,0,60243
grpo,1788140323,0,60243
grpo,1788140328,0,60245
grpo,1788140333,0,60245
grpo,1788140338,0,60245
grpo,1788140343,0,110055
grpo,1788140349,0,110055
grpo,1788140354,0,110055
grpo,1788140359,0,110055
grpo,1788140364,0,110055
grpo,1788140369,0,40219
grpo,1788140374,0,40919
grpo,1788140379,0,40921
grpo,1788140384,0,42723
grpo,1788140389,0,42723
grpo,1788140394,0,42723
grpo,1788140399,0,42723
grpo,1788140404,0,42723
grpo,1788140409,0,42723
grpo,1788140414,0,42723
grpo,1788140419,0,42723
grpo,1788140424,0,42723
grpo,1788140429,0,42723
grpo,1788140434,0,42723
grpo,1788140439,0,42723
grpo,1788140444,0,42723
grpo,1788140450,0,56063
grpo,1788140455,0,56163
grpo,1788140460,0,56943
grpo,1788140465,0,60183
grpo,1788140470,0,60183
grpo,1788140475,0,60183
grpo,1788140480,0,60243
grpo,1788140485,0,60243
grpo,1788140490,0,60243
grpo,1788140495,0,60243
grpo,1788140500,0,60245
grpo,1788140505,0,60245
grpo,1788140510,0,60245
grpo,1788140515,0,105693
grpo,1788140520,0,105693
grpo,1788140525,0,105693
grpo,1788140530,0,107223
grpo,1788140535,0,107223
grpo,1788140540,0,107223
grpo,1788140545,0,107223
grpo,1788140550,0,107223
grpo,1788140556,0,38733
grpo,1788140561,0,40899
grpo,1788140566,0,40919
grpo,1788140571,0,40923
grpo,1788140576,0,42723
grpo,1788140581,0,42723
grpo,1788140586,0,42723
grpo,1788140591,0,42723
grpo,1788140596,0,42723
grpo,1788140601,0,42723
grpo,1788140606,0,42723
grpo,1788140611,0,42723
grpo,1788140616,0,42723
grpo,1788140621,0,42723
grpo,1788140626,0,42723
grpo,1788140631,0,42723
grpo,1788140636,0,42723
grpo,1788140641,0,56083
grpo,1788140646,0,56243
grpo,1788140651,0,58583
grpo,1788140657,0,60183
grpo,1788140662,0,60183
grpo,1788140667,0,60183
grpo,1788140672,0,60243
grpo,1788140677,0,60243
grpo,1788140682,0,60243
grpo,1788140687,0,60243
grpo,1788140692,0,60243
grpo,1788140697,0,60245
grpo,1788140702,0,60245
grpo,1788140707,0,108783
grpo,1788140712,0,108783
grpo,1788140717,0,108783
grpo,1788140722,0,108783
grpo,1788140727,0,108783
grpo,1788140732,0,39655
grpo,1788140737,0,40899
grpo,1788140742,0,40919
grpo,1788140747,0,40923
grpo,1788140752,0,42723
grpo,1788140757,0,42723
grpo,1788140763,0,42723
grpo,1788140768,0,42723
grpo,1788140773,0,42723
grpo,1788140778,0,42723
grpo,1788140783,0,42723
grpo,1788140788,0,42723
grpo,1788140793,0,42723
grpo,1788140798,0,42723
grpo,1788140803,0,42723
grpo,1788140808,0,42723
grpo,1788140813,0,42723
grpo,1788140818,0,56103
grpo,1788140823,0,56263
grpo,1788140828,0,58843
grpo,1788140833,0,60183
grpo,1788140838,0,60183
grpo,1788140843,0,60183
grpo,1788140848,0,60243
grpo,1788140853,0,60243
grpo,1788140858,0,60243
grpo,1788140864,0,60243
grpo,1788140869,0,60243
grpo,1788140874,0,60243
grpo,1788140879,0,45943
grpo,1788140884,0,109693
grpo,1788140889,0,109693
grpo,1788140894,0,109693
grpo,1788140899,0,109693
grpo,1788140904,0,109693
grpo,1788140909,0,40539
grpo,1788140914,0,40919
grpo,1788140919,0,40923
grpo,1788140924,0,42723
grpo,1788140929,0,42723
grpo,1788140934,0,42723
grpo,1788140939,0,42723
grpo,1788140944,0,42723
grpo,1788140949,0,42723
grpo,1788140954,0,42723
grpo,1788140959,0,42723
grpo,1788140965,0,42723
grpo,1788140970,0,42723
grpo,1788140975,0,42723
grpo,1788140980,0,42723
grpo,1788140985,0,42723
grpo,1788140990,0,56063
grpo,1788140995,0,56183
grpo,1788141000,0,57283
grpo,1788141005,0,60183
grpo,1788141010,0,60183
grpo,1788141015,0,60183
grpo,1788141020,0,60243
grpo,1788141025,0,60243
grpo,1788141030,0,60243
grpo,1788141035,0,60243
grpo,1788141040,0,60245
grpo,1788141045,0,60245
grpo,1788141050,0,60245
grpo,1788141055,0,111083
grpo,1788141060,0,111083
grpo,1788141065,0,111083
grpo,1788141071,0,111083
grpo,1788141076,0,39493
grpo,1788141081,0,40899
grpo,1788141086,0,40919
grpo,1788141091,0,40923
grpo,1788141096,0,42723
grpo,1788141101,0,42723
grpo,1788141106,0,42723
grpo,1788141111,0,42723
grpo,1788141116,0,42723
grpo,1788141121,0,42723
grpo,1788141126,0,42723
grpo,1788141131,0,42723
grpo,1788141136,0,42723
grpo,1788141141,0,42723
grpo,1788141146,0,42723
grpo,1788141151,0,42723
grpo,1788141156,0,42723
grpo,1788141161,0,56103
grpo,1788141166,0,56243
grpo,1788141171,0,58363
grpo,1788141177,0,60183
grpo,1788141182,0,60183
grpo,1788141187,0,60243
grpo,1788141192,0,60243
grpo,1788141197,0,60243
grpo,1788141202,0,60243
grpo,1788141207,0,60243
grpo,1788141212,0,60243
grpo,1788141217,0,44755
grpo,1788141222,0,109043
grpo,1788141227,0,109043
grpo,1788141232,0,109043
grpo,1788141237,0,109043
grpo,1788141242,0,40541
grpo,1788141247,0,40921
grpo,1788141252,0,40923
grpo,1788141257,0,42723
grpo,1788141262,0,42723
grpo,1788141267,0,42723
grpo,1788141272,0,42723
grpo,1788141278,0,42723
grpo,1788141283,0,42723
grpo,1788141288,0,42723
grpo,1788141293,0,42723
grpo,1788141298,0,42723
grpo,1788141303,0,42723
grpo,1788141308,0,42723
grpo,1788141313,0,42723
grpo,1788141318,0,42723
grpo,1788141323,0,56083
grpo,1788141328,0,56203
grpo,1788141333,0,57183
grpo,1788141338,0,60183
grpo,1788141343,0,60183
grpo,1788141348,0,60243
grpo,1788141353,0,60243
grpo,1788141358,0,60243
grpo,1788141363,0,60243
grpo,1788141368,0,60243
grpo,1788141373,0,60243
grpo,1788141378,0,109553
grpo,1788141384,0,109553
grpo,1788141389,0,109553
grpo,1788141394,0,109553
grpo,1788141399,0,109553
grpo,1788141404,0,40421
grpo,1788141409,0,40921
grpo,1788141414,0,40923
grpo,1788141419,0,42723
grpo,1788141424,0,42723
grpo,1788141429,0,42723
grpo,1788141434,0,42723
grpo,1788141439,0,42723
grpo,1788141444,0,42723
grpo,1788141449,0,42723
grpo,1788141454,0,42723
grpo,1788141459,0,42723
grpo,1788141464,0,42723
grpo,1788141469,0,42723
grpo,1788141474,0,42723
grpo,1788141479,0,42723
grpo,1788141485,0,56083
grpo,1788141490,0,56203
grpo,1788141495,0,57083
grpo,1788141500,0,60183
grpo,1788141505,0,60183
grpo,1788141510,0,60183
grpo,1788141515,0,60243
grpo,1788141520,0,60243
grpo,1788141525,0,60243
grpo,1788141530,0,60243
grpo,1788141535,0,60243
grpo,1788141540,0,60243
grpo,1788141545,0,118335
grpo,1788141550,0,118335
grpo,1788141555,0,118335
grpo,1788141560,0,118335
grpo,1788141565,0,52479
grpo,1788141570,0,40839
grpo,1788141575,0,40919
grpo,1788141580,0,40923
grpo,1788141585,0,42723
grpo,1788141591,0,42723
grpo,1788141596,0,42723
grpo,1788141601,0,42723
grpo,1788141606,0,42723
grpo,1788141611,0,42723
grpo,1788141616,0,42723
grpo,1788141621,0,42723
grpo,1788141626,0,42723
grpo,1788141631,0,42723
grpo,1788141636,0,42723
grpo,1788141641,0,42723
grpo,1788141646,0,42723
grpo,1788141651,0,56103
grpo,1788141656,0,56223
grpo,1788141661,0,57803
grpo,1788141666,0,60183
grpo,1788141671,0,60183
grpo,1788141676,0,60203
grpo,1788141681,0,60203
grpo,1788141686,0,60203
grpo,1788141692,0,60203
grpo,1788141697,0,60203
grpo,1788141702,0,60203
grpo,1788141707,0,45943
grpo,1788141712,0,110965
grpo,1788141717,0,110965
grpo,1788141722,0,110965
grpo,1788141727,0,110965
grpo,1788141732,0,39835
grpo,1788141737,0,40899
grpo,1788141742,0,40919
grpo,1788141747,0,42723
grpo,1788141752,0,42723
grpo,1788141757,0,42723
grpo,1788141762,0,42723
grpo,1788141767,0,42723
grpo,1788141772,0,42723
grpo,1788141777,0,42723
grpo,1788141782,0,42723
grpo,1788141787,0,42723
grpo,1788141792,0,42723
grpo,1788141798,0,42723
grpo,1788141803,0,42723
grpo,1788141808,0,42723
grpo,1788141813,0,55983
grpo,1788141818,0,56123
grpo,1788141823,0,56383
grpo,1788141828,0,59203
grpo,1788141833,0,60183
grpo,1788141838,0,60183
grpo,1788141843,0,60243
grpo,1788141848,0,60243
grpo,1788141853,0,60243
grpo,1788141858,0,60243
grpo,1788141863,0,60243
grpo,1788141868,0,60243
grpo,1788141873,0,44755
grpo,1788141878,0,113413
grpo,1788141883,0,113413
grpo,1788141888,0,113413
grpo,1788141893,0,113413
grpo,1788141899,0,39495
grpo,1788141904,0,40899
grpo,1788141909,0,40919
grpo,1788141914,0,40923
grpo,1788141919,0,42723
grpo,1788141924,0,42723
grpo,1788141929,0,42723
grpo,1788141934,0,42723
grpo,1788141939,0,42723
grpo,1788141944,0,42723
grpo,1788141949,0,42723
grpo,1788141954,0,42723
grpo,1788141959,0,42723
grpo,1788141964,0,42723
grpo,1788141969,0,42723
grpo,1788141974,0,42723
grpo,1788141979,0,42723
grpo,1788141984,0,56083
grpo,1788141989,0,56223
grpo,1788141994,0,58263
grpo,1788141999,0,60183
grpo,1788142005,0,60183
grpo,1788142010,0,60183
grpo,1788142015,0,60243
grpo,1788142020,0,60243
grpo,1788142025,0,60243
grpo,1788142030,0,60243
grpo,1788142035,0,60243
grpo,1788142040,0,60243
grpo,1788142045,0,44755
grpo,1788142050,0,118207
grpo,1788142055,0,118207
grpo,1788142060,0,118207
grpo,1788142065,0,118207
grpo,1788142070,0,39815
grpo,1788142075,0,40899
grpo,1788142080,0,40899
grpo,1788142085,0,40903
grpo,1788142090,0,42703
grpo,1788142095,0,42703
grpo,1788142100,0,42703
grpo,1788142106,0,42703
grpo,1788142111,0,42703
grpo,1788142116,0,42703
grpo,1788142121,0,42703
grpo,1788142126,0,42703
grpo,1788142131,0,42703
grpo,1788142136,0,42703
grpo,1788142141,0,42703
grpo,1788142146,0,42703
grpo,1788142151,0,42703
grpo,1788142156,0,56083
grpo,1788142161,0,56223
grpo,1788142166,0,59603
grpo,1788142171,0,60183
grpo,1788142176,0,60183
grpo,1788142181,0,60183
grpo,1788142186,0,60183
grpo,1788142191,0,60183
grpo,1788142196,0,60183
grpo,1788142201,0,60183
grpo,1788142206,0,60183
grpo,1788142212,0,60183
grpo,1788142217,0,111713
grpo,1788142222,0,111713
grpo,1788142227,0,111713
grpo,1788142232,0,111713
grpo,1788142237,0,38733
grpo,1788142242,0,40899
grpo,1788142247,0,40899
grpo,1788142252,0,40903
grpo,1788142257,0,42703
grpo,1788142262,0,42703
grpo,1788142267,0,42703
grpo,1788142272,0,42703
grpo,1788142277,0,42703
grpo,1788142282,0,42703
grpo,1788142287,0,42703
grpo,1788142292,0,42703
grpo,1788142297,0,42703
grpo,1788142302,0,42703
grpo,1788142307,0,42703
grpo,1788142312,0,42703
grpo,1788142318,0,42703
grpo,1788142323,0,56083
grpo,1788142328,0,56203
grpo,1788142333,0,57583
grpo,1788142338,0,60183
grpo,1788142343,0,60183
grpo,1788142348,0,60183
grpo,1788142353,0,60183
grpo,1788142358,0,60183
grpo,1788142363,0,60183
grpo,1788142368,0,60183
grpo,1788142373,0,60183
grpo,1788142378,0,60183
grpo,1788142383,0,108115
grpo,1788142388,0,108115
grpo,1788142393,0,108115
grpo,1788142398,0,108115
grpo,1788142403,0,38733
grpo,1788142408,0,40899
grpo,1788142413,0,40899
grpo,1788142419,0,40903
grpo,1788142424,0,42703
grpo,1788142429,0,42703
grpo,1788142434,0,42703
grpo,1788142439,0,42703
grpo,1788142444,0,42703
grpo,1788142449,0,42703
grpo,1788142454,0,42703
grpo,1788142459,0,42703
grpo,1788142464,0,42703
grpo,1788142469,0,42703
grpo,1788142474,0,42703
grpo,1788142479,0,42703
grpo,1788142484,0,42703
grpo,1788142489,0,56103
grpo,1788142494,0,56243
grpo,1788142499,0,58443
grpo,1788142504,0,60183
grpo,1788142509,0,60183
grpo,1788142514,0,60183
grpo,1788142519,0,60183
grpo,1788142525,0,60183
grpo,1788142530,0,60183
grpo,1788142535,0,60183
grpo,1788142540,0,60183
grpo,1788142545,0,45943
grpo,1788142550,0,108825
grpo,1788142555,0,108825
grpo,1788142560,0,108825
grpo,1788142565,0,108825
grpo,1788142570,0,38733
grpo,1788142575,0,40899
grpo,1788142580,0,40899
grpo,1788142585,0,40903
grpo,1788142590,0,42703
grpo,1788142595,0,42703
grpo,1788142600,0,42703
grpo,1788142605,0,42703
grpo,1788142610,0,42703
grpo,1788142615,0,42703
grpo,1788142620,0,42703
grpo,1788142626,0,42703
grpo,1788142631,0,42703
grpo,1788142636,0,42703
grpo,1788142641,0,42703
grpo,1788142646,0,42703
grpo,1788142651,0,42703
grpo,1788142656,0,56083
grpo,1788142661,0,56243
grpo,1788142666,0,59043
grpo,1788142671,0,60183
grpo,1788142676,0,60183
grpo,1788142681,0,60183
grpo,1788142686,0,60183
grpo,1788142691,0,60183
grpo,1788142696,0,60183
grpo,1788142701,0,60183
grpo,1788142706,0,60183
grpo,1788142711,0,60183
grpo,1788142716,0,108403
grpo,1788142721,0,108403
grpo,1788142726,0,108403
grpo,1788142732,0,108403
grpo,1788142737,0,108403
grpo,1788142742,0,40899
grpo,1788142747,0,40899
grpo,1788142752,0,40903
grpo,1788142757,0,42703
grpo,1788142762,0,42703
grpo,1788142767,0,42703
grpo,1788142772,0,42703
grpo,1788142777,0,42703
grpo,1788142782,0,42703
grpo,1788142787,0,42703
grpo,1788142792,0,42703
grpo,1788142797,0,42703
grpo,1788142802,0,42703
grpo,1788142807,0,42703
grpo,1788142812,0,42703
grpo,1788142817,0,42703
grpo,1788142822,0,56083
grpo,1788142827,0,56203
grpo,1788142833,0,57863
grpo,1788142838,0,60183
grpo,1788142843,0,60183
grpo,1788142848,0,60183
grpo,1788142853,0,60183
grpo,1788142858,0,60183
grpo,1788142863,0,60183
grpo,1788142868,0,60185
grpo,1788142873,0,60185
grpo,1788142878,0,60185
grpo,1788142883,0,111417
grpo,1788142888,0,111417
grpo,1788142893,0,111417
grpo,1788142898,0,111417
grpo,1788142903,0,111417
grpo,1788142908,0,39835
grpo,1788142913,0,40899
grpo,1788142918,0,40919
grpo,1788142923,0,40923
grpo,1788142928,0,42723
grpo,1788142934,0,42723
grpo,1788142939,0,42723
grpo,1788142944,0,42723
grpo,1788142949,0,42723
grpo,1788142954,0,42723
grpo,1788142959,0,42723
grpo,1788142964,0,42723
grpo,1788142969,0,42723
grpo,1788142974,0,42723
grpo,1788142979,0,42723
grpo,1788142984,0,42723
grpo,1788142989,0,42723
grpo,1788142994,0,56103
grpo,1788142999,0,56283
grpo,1788143004,0,59643
grpo,1788143009,0,60183
grpo,1788143014,0,60183
grpo,1788143019,0,60183
grpo,1788143024,0,60243
grpo,1788143029,0,60243
grpo,1788143035,0,60243
grpo,1788143040,0,60243
grpo,1788143045,0,60245
grpo,1788143050,0,60245
grpo,1788143055,0,87243
grpo,1788143060,0,109553
grpo,1788143065,0,109553
grpo,1788143070,0,109553
grpo,1788143075,0,109553
grpo,1788143080,0,39815
grpo,1788143085,0,40899
grpo,1788143090,0,40899
grpo,1788143095,0,40903
grpo,1788143100,0,42703
grpo,1788143105,0,42703
grpo,1788143110,0,42703
grpo,1788143115,0,42703
grpo,1788143120,0,42703
grpo,1788143125,0,42703
grpo,1788143131,0,42703
grpo,1788143136,0,42703
grpo,1788143141,0,42703
grpo,1788143146,0,42703
grpo,1788143151,0,42703
grpo,1788143156,0,42703
grpo,1788143161,0,42703
grpo,1788143166,0,56103
grpo,1788143171,0,56263
grpo,1788143176,0,58963
grpo,1788143181,0,60183
grpo,1788143186,0,60183
grpo,1788143191,0,60203
grpo,1788143196,0,60203
grpo,1788143201,0,60203
grpo,1788143206,0,60203
grpo,1788143211,0,60203
grpo,1788143216,0,60203
grpo,1788143221,0,66483
grpo,1788143226,0,108463
grpo,1788143232,0,108463
grpo,1788143237,0,108463
grpo,1788143242,0,108463
grpo,1788143247,0,39855
grpo,1788143252,0,40901
grpo,1788143257,0,40921
grpo,1788143262,0,42723
grpo,1788143267,0,42723
grpo,1788143272,0,42723
grpo,1788143277,0,42723
grpo,1788143282,0,42723
grpo,1788143287,0,42723
grpo,1788143292,0,42723
grpo,1788143297,0,42723
grpo,1788143302,0,42723
grpo,1788143307,0,42723
grpo,1788143312,0,42723
grpo,1788143317,0,42723
grpo,1788143322,0,42723
grpo,1788143327,0,55983
grpo,1788143333,0,56123
grpo,1788143338,0,56423
grpo,1788143343,0,58743
grpo,1788143348,0,60183
grpo,1788143353,0,60183
grpo,1788143358,0,60243
grpo,1788143363,0,60243
grpo,1788143368,0,60243
grpo,1788143373,0,60243
grpo,1788143378,0,60243
grpo,1788143383,0,60243
grpo,1788143388,0,109509
grpo,1788143393,0,109509
grpo,1788143398,0,109509
grpo,1788143403,0,109509
grpo,1788143408,0,109509
grpo,1788143413,0,39937
grpo,1788143418,0,40899
grpo,1788143423,0,40919
grpo,1788143429,0,42723
grpo,1788143434,0,42723
grpo,1788143439,0,42723
grpo,1788143444,0,42723
grpo,1788143449,0,42723
grpo,1788143454,0,42723
grpo,1788143459,0,42723
grpo,1788143464,0,42723
grpo,1788143469,0,42723
grpo,1788143474,0,42723
grpo,1788143479,0,42723
grpo,1788143484,0,42723
grpo,1788143489,0,42723
grpo,1788143494,0,55983
grpo,1788143499,0,56123
grpo,1788143504,0,56703
grpo,1788143509,0,60183
grpo,1788143514,0,60183
grpo,1788143519,0,60183
grpo,1788143524,0,60243
grpo,1788143530,0,60243
grpo,1788143535,0,60243
grpo,1788143540,0,60243
grpo,1788143545,0,60245
grpo,1788143550,0,60245
grpo,1788143555,0,60245
grpo,1788143560,0,109583
grpo,1788143565,0,109583
grpo,1788143570,0,109583
grpo,1788143575,0,109583
grpo,1788143580,0,43727
grpo,1788143585,0,40899
grpo,1788143590,0,40899
grpo,1788143595,0,40903
grpo,1788143600,0,42703
grpo,1788143605,0,42703
grpo,1788143610,0,42703
grpo,1788143615,0,42703
grpo,1788143620,0,42703
grpo,1788143625,0,42703
grpo,1788143631,0,42703
grpo,1788143636,0,42703
grpo,1788143641,0,42703
grpo,1788143646,0,42703
grpo,1788143651,0,42703
grpo,1788143656,0,42703
grpo,1788143661,0,42703
grpo,1788143666,0,56103
grpo,1788143671,0,56183
grpo,1788143676,0,57743
grpo,1788143681,0,60183
grpo,1788143686,0,60183
grpo,1788143691,0,60203
grpo,1788143696,0,60203
grpo,1788143701,0,60203
grpo,1788143706,0,60203
grpo,1788143711,0,60203
grpo,1788143716,0,60203
grpo,1788143721,0,66483
grpo,1788143726,0,109517
grpo,1788143732,0,109517
grpo,1788143737,0,109517
grpo,1788143742,0,109517
grpo,1788143747,0,43661
grpo,1788143752,0,40899
grpo,1788143757,0,40899
grpo,1788143762,0,40903
grpo,1788143767,0,42703
grpo,1788143772,0,42703
grpo,1788143777,0,42703
grpo,1788143782,0,42703
grpo,1788143787,0,42703
grpo,1788143792,0,42703
grpo,1788143797,0,42703
grpo,1788143802,0,42703
grpo,1788143807,0,42703
grpo,1788143812,0,42703
grpo,1788143817,0,42703
grpo,1788143822,0,42703
grpo,1788143828,0,42703
grpo,1788143833,0,56083
grpo,1788143838,0,56183
grpo,1788143843,0,57943
grpo,1788143848,0,60183
grpo,1788143853,0,60183
grpo,1788143858,0,60183
grpo,1788143863,0,60183
grpo,1788143868,0,60183
grpo,1788143873,0,60183
grpo,1788143878,0,60183
grpo,1788143883,0,60183
grpo,1788143888,0,60183
grpo,1788143893,0,110003
grpo,1788143898,0,110003
grpo,1788143903,0,110003
grpo,1788143908,0,110003
grpo,1788143913,0,110003
grpo,1788143918,0,40699
grpo,1788143923,0,40899
grpo,1788143929,0,40903
grpo,1788143934,0,42703
grpo,1788143939,0,42703
grpo,1788143944,0,42703
grpo,1788143949,0,42703
grpo,1788143954,0,42703
grpo,1788143959,0,42703
grpo,1788143964,0,42703
grpo,1788143969,0,42703
grpo,1788143974,0,42703
grpo,1788143979,0,42703
grpo,1788143984,0,42703
grpo,1788143989,0,42703
grpo,1788143994,0,42703
grpo,1788143999,0,56063
grpo,1788144004,0,56183
grpo,1788144009,0,57683
grpo,1788144014,0,60183
grpo,1788144019,0,60183
grpo,1788144024,0,60183
grpo,1788144030,0,60183
grpo,1788144035,0,60183
grpo,1788144040,0,60183
grpo,1788144045,0,60183
grpo,1788144050,0,60183
grpo,1788144055,0,60183
grpo,1788144060,0,111023
grpo,1788144065,0,111023
grpo,1788144070,0,111023
grpo,1788144075,0,111023
grpo,1788144080,0,111023
grpo,1788144085,0,40139
grpo,1788144090,0,40899
grpo,1788144095,0,40903
grpo,1788144100,0,42703
grpo,1788144105,0,42703
grpo,1788144110,0,42703
grpo,1788144115,0,42703
grpo,1788144120,0,42703
grpo,1788144125,0,42703
grpo,1788144131,0,42703
grpo,1788144136,0,42703
grpo,1788144141,0,42703
grpo,1788144146,0,42703
grpo,1788144151,0,42703
grpo,1788144156,0,42703
grpo,1788144161,0,42703
grpo,1788144166,0,56063
grpo,1788144171,0,56143
grpo,1788144176,0,56883
grpo,1788144181,0,60183
grpo,1788144186,0,60183
grpo,1788144191,0,60183
grpo,1788144196,0,60203
grpo,1788144201,0,60203
grpo,1788144206,0,60203
grpo,1788144211,0,60203
grpo,1788144216,0,60203
grpo,1788144221,0,60203
grpo,1788144226,0,109051
grpo,1788144232,0,109051
grpo,1788144237,0,109051
grpo,1788144242,0,109051
grpo,1788144247,0,109051
grpo,1788144252,0,40219
grpo,1788144257,0,40899
grpo,1788144262,0,40903
grpo,1788144267,0,42703
grpo,1788144272,0,42703
grpo,1788144277,0,42703
grpo,1788144282,0,42703
grpo,1788144287,0,42703
grpo,1788144292,0,42703
grpo,1788144297,0,42703
grpo,1788144302,0,42703
grpo,1788144307,0,42703
grpo,1788144312,0,42703
grpo,1788144317,0,42703
grpo,1788144322,0,42703
grpo,1788144328,0,42703
grpo,1788144333,0,56063
grpo,1788144338,0,56163
grpo,1788144343,0,56923
grpo,1788144348,0,60183
grpo,1788144353,0,60183
grpo,1788144358,0,60183
grpo,1788144363,0,60183
grpo,1788144368,0,60183
grpo,1788144373,0,60183
grpo,1788144378,0,60183
grpo,1788144383,0,60183
grpo,1788144388,0,60183
grpo,1788144393,0,108853
grpo,1788144398,0,108853
grpo,1788144403,0,108853
grpo,1788144408,0,108853
grpo,1788144413,0,108853
grpo,1788144418,0,40579
grpo,1788144423,0,40919
grpo,1788144429,0,40923
grpo,1788144434,0,42723
grpo,1788144439,0,42723
grpo,1788144444,0,42723
grpo,1788144449,0,42723
grpo,1788144454,0,42723
grpo,1788144459,0,42723
grpo,1788144464,0,42723
grpo,1788144469,0,42723
grpo,1788144474,0,42723
grpo,1788144479,0,42723
grpo,1788144484,0,42723
grpo,1788144489,0,42723
grpo,1788144494,0,42723
grpo,1788144499,0,56083
grpo,1788144504,0,56163
grpo,1788144509,0,57343
grpo,1788144514,0,60183
grpo,1788144519,0,60183
grpo,1788144524,0,60243
grpo,1788144530,0,60243
grpo,1788144535,0,60243
grpo,1788144540,0,60243
grpo,1788144545,0,60243
grpo,1788144550,0,60243
grpo,1788144555,0,60243
grpo,1788144560,0,108437
grpo,1788144565,0,108437
grpo,1788144570,0,108437
grpo,1788144575,0,108437
grpo,1788144580,0,108437
grpo,1788144585,0,39835
grpo,1788144590,0,40899
grpo,1788144595,0,40919
grpo,1788144600,0,40923
grpo,1788144605,0,42723
grpo,1788144610,0,42723
grpo,1788144615,0,42723
grpo,1788144620,0,42723
grpo,1788144625,0,42723
grpo,1788144631,0,42723
grpo,1788144636,0,42723
grpo,1788144641,0,42723
grpo,1788144646,0,42723
grpo,1788144651,0,42723
grpo,1788144656,0,42723
grpo,1788144661,0,42723
grpo,1788144666,0,42723
grpo,1788144671,0,56103
grpo,1788144676,0,56263
grpo,1788144681,0,60063
grpo,1788144686,0,60183
grpo,1788144691,0,60183
grpo,1788144696,0,60183
grpo,1788144701,0,60243
grpo,1788144706,0,60243
grpo,1788144711,0,60243
grpo,1788144716,0,60243
grpo,1788144721,0,60243
grpo,1788144726,0,60243
grpo,1788144732,0,66483
grpo,1788144737,0,109227
grpo,1788144742,0,109227
grpo,1788144747,0,109227
grpo,1788144752,0,109227
grpo,1788144757,0,109227
grpo,1788144762,0,40097
grpo,1788144767,0,40899
grpo,1788144772,0,40899
grpo,1788144777,0,42703
grpo,1788144782,0,42703
grpo,1788144787,0,42703
grpo,1788144792,0,42703
grpo,1788144797,0,42703
grpo,1788144802,0,42703
grpo,1788144807,0,42703
grpo,1788144812,0,42703
grpo,1788144817,0,42703
grpo,1788144822,0,42703
grpo,1788144828,0,42703
grpo,1788144833,0,42703
grpo,1788144838,0,42703
grpo,1788144843,0,42703
grpo,1788144848,0,56123
grpo,1788144853,0,56703
grpo,1788144858,0,60183
grpo,1788144863,0,60183
grpo,1788144868,0,60183
grpo,1788144873,0,60183
grpo,1788144878,0,60183
grpo,1788144883,0,60183
grpo,1788144888,0,60183
grpo,1788144893,0,60183
grpo,1788144898,0,60183
grpo,1788144903,0,60183
grpo,1788144908,0,104815
grpo,1788144913,0,108335
grpo,1788144918,0,108335
grpo,1788144923,0,108335
grpo,1788144929,0,108335
grpo,1788144934,0,40119
grpo,1788144939,0,40919
grpo,1788144944,0,40923
grpo,1788144949,0,42723
grpo,1788144954,0,42723
grpo,1788144959,0,42723
grpo,1788144964,0,42723
grpo,1788144969,0,42723
grpo,1788144974,0,42723
grpo,1788144979,0,42723
grpo,1788144984,0,42723
grpo,1788144989,0,42723
grpo,1788144994,0,42723
grpo,1788144999,0,42723
grpo,1788145004,0,42723
grpo,1788145009,0,42723
grpo,1788145014,0,56063
grpo,1788145019,0,56123
grpo,1788145024,0,56863
grpo,1788145030,0,60183
grpo,1788145035,0,60183
grpo,1788145040,0,60223
grpo,1788145045,0,60243
grpo,1788145050,0,60243
grpo,1788145055,0,60243
grpo,1788145060,0,60243
grpo,1788145065,0,60243
grpo,1788145070,0,60243
grpo,1788145075,0,111021
grpo,1788145080,0,111021
grpo,1788145085,0,111021
grpo,1788145090,0,111021
grpo,1788145095,0,39835
grpo,1788145100,0,40899
grpo,1788145105,0,40923
grpo,1788145110,0,42723
grpo,1788145115,0,42723
grpo,1788145120,0,42723
grpo,1788145125,0,42723
grpo,1788145131,0,42723
grpo,1788145136,0,42723
grpo,1788145141,0,42723
grpo,1788145146,0,42723
grpo,1788145151,0,42723
grpo,1788145156,0,42723
grpo,1788145161,0,42723
grpo,1788145166,0,42723
grpo,1788145171,0,42723
grpo,1788145176,0,56063
grpo,1788145181,0,56123
grpo,1788145186,0,56283
grpo,1788145191,0,60183
grpo,1788145196,0,60183
grpo,1788145201,0,60243
grpo,1788145206,0,60243
grpo,1788145211,0,60243
grpo,1788145216,0,60243
grpo,1788145221,0,60243
grpo,1788145226,0,60243
grpo,1788145232,0,45943
grpo,1788145237,0,108951
grpo,1788145242,0,108951
grpo,1788145247,0,108951
grpo,1788145252,0,108951
grpo,1788145257,0,39835
grpo,1788145262,0,40899
grpo,1788145267,0,40899
grpo,1788145272,0,42703
grpo,1788145277,0,42703
grpo,1788145282,0,42703
grpo,1788145287,0,42703
grpo,1788145292,0,42703
grpo,1788145297,0,42703
grpo,1788145302,0,42703
grpo,1788145307,0,42703
grpo,1788145312,0,42703
grpo,1788145317,0,42703
grpo,1788145322,0,42703
grpo,1788145327,0,42703
grpo,1788145333,0,42703
grpo,1788145338,0,55963
grpo,1788145343,0,56103
grpo,1788145348,0,56423
grpo,1788145353,0,59683
grpo,1788145358,0,60183
grpo,1788145363,0,60183
grpo,1788145368,0,60183
grpo,1788145373,0,60183
grpo,1788145378,0,60183
grpo,1788145383,0,60183
grpo,1788145388,0,60183
grpo,1788145393,0,60183
grpo,1788145398,0,66483
grpo,1788145403,0,111325
grpo,1788145408,0,111325
grpo,1788145413,0,111325
grpo,1788145418,0,111325
grpo,1788145423,0,38733
grpo,1788145429,0,40899
grpo,1788145434,0,40919
grpo,1788145439,0,40923
grpo,1788145444,0,42723
grpo,1788145449,0,42723
grpo,1788145454,0,42723
grpo,1788145459,0,42723
grpo,1788145464,0,42723
grpo,1788145469,0,42723
grpo,1788145474,0,42723
grpo,1788145479,0,42723
grpo,1788145484,0,42723
grpo,1788145489,0,42723
grpo,1788145494,0,42723
grpo,1788145499,0,42723
grpo,1788145504,0,42723
grpo,1788145509,0,56083
grpo,1788145514,0,56183
grpo,1788145519,0,58263
grpo,1788145524,0,60183
grpo,1788145530,0,60183
grpo,1788145535,0,60183
grpo,1788145540,0,60243
grpo,1788145545,0,60243
grpo,1788145550,0,60243
grpo,1788145555,0,60243
grpo,1788145560,0,60243
grpo,1788145565,0,60243
grpo,1788145570,0,112421
grpo,1788145575,0,112421
grpo,1788145580,0,112421
grpo,1788145585,0,112421
grpo,1788145590,0,112421
grpo,1788145595,0,40079
grpo,1788145600,0,40919
grpo,1788145605,0,40923
grpo,1788145610,0,42723
grpo,1788145615,0,42723
grpo,1788145620,0,42723
grpo,1788145625,0,42723
grpo,1788145631,0,42723
grpo,1788145636,0,42723
grpo,1788145641,0,42723
grpo,1788145646,0,42723
grpo,1788145651,0,42723
grpo,1788145656,0,42723
grpo,1788145661,0,42723
grpo,1788145666,0,42723
grpo,1788145671,0,42723
grpo,1788145676,0,56063
grpo,1788145681,0,56143
grpo,1788145686,0,56803
grpo,1788145691,0,60183
grpo,1788145696,0,60183
grpo,1788145701,0,60183
grpo,1788145706,0,60243
grpo,1788145711,0,60243
grpo,1788145716,0,60243
grpo,1788145721,0,60243
grpo,1788145727,0,60243
grpo,1788145732,0,60243
grpo,1788145737,0,104589
grpo,1788145742,0,109351
grpo,1788145747,0,109351
grpo,1788145752,0,109351
grpo,1788145757,0,109351
grpo,1788145762,0,40017
grpo,1788145767,0,40899
grpo,1788145772,0,40903
grpo,1788145777,0,42703
grpo,1788145782,0,42703
grpo,1788145787,0,42703
grpo,1788145792,0,42703
grpo,1788145797,0,42703
grpo,1788145802,0,42703
grpo,1788145807,0,42703
grpo,1788145812,0,42703
grpo,1788145817,0,42703
grpo,1788145822,0,42703
grpo,1788145828,0,42703
grpo,1788145833,0,42703
grpo,1788145838,0,42703
grpo,1788145843,0,56063
grpo,1788145848,0,56123
grpo,1788145853,0,56603
grpo,1788145858,0,60183
grpo,1788145863,0,60183
grpo,1788145868,0,60183
grpo,1788145873,0,60183
grpo,1788145878,0,60183
grpo,1788145883,0,60183
grpo,1788145888,0,60183
grpo,1788145893,0,60183
grpo,1788145898,0,60183
grpo,1788145903,0,111851
grpo,1788145908,0,111851
grpo,1788145913,0,111851
grpo,1788145918,0,111851
grpo,1788145923,0,111851
grpo,1788145929,0,40419
grpo,1788145934,0,40899
grpo,1788145939,0,40903
grpo,1788145944,0,42703
grpo,1788145949,0,42703
grpo,1788145954,0,42703
grpo,1788145959,0,42703
grpo,1788145964,0,42703
grpo,1788145969,0,42703
grpo,1788145974,0,42703
grpo,1788145979,0,42703
grpo,1788145984,0,42703
grpo,1788145989,0,42703
grpo,1788145994,0,42703
grpo,1788145999,0,42703
grpo,1788146004,0,42703
grpo,1788146009,0,56063
grpo,1788146014,0,56183
grpo,1788146019,0,56863
grpo,1788146024,0,60183
grpo,1788146030,0,60183
grpo,1788146035,0,60183
grpo,1788146040,0,60183
grpo,1788146045,0,60183
grpo,1788146050,0,60183
grpo,1788146055,0,60183
grpo,1788146060,0,60183
grpo,1788146065,0,60183
grpo,1788146070,0,110001
grpo,1788146075,0,110001
grpo,1788146080,0,110001
grpo,1788146085,0,110001
grpo,1788146090,0,39495
grpo,1788146095,0,40899
grpo,1788146100,0,40899
grpo,1788146105,0,42703
grpo,1788146110,0,42703
grpo,1788146115,0,42703
grpo,1788146120,0,42703
grpo,1788146125,0,42703
grpo,1788146130,0,42703
grpo,1788146136,0,42703
grpo,1788146141,0,42703
grpo,1788146146,0,42703
grpo,1788146151,0,42703
grpo,1788146156,0,42703
grpo,1788146161,0,42703
grpo,1788146166,0,42703
grpo,1788146171,0,55963
grpo,1788146176,0,56083
grpo,1788146181,0,56203
grpo,1788146186,0,58443
grpo,1788146191,0,60183
grpo,1788146196,0,60183
grpo,1788146201,0,60183
grpo,1788146206,0,60183
grpo,1788146211,0,60183
grpo,1788146216,0,60183
grpo,1788146221,0,60183
grpo,1788146226,0,60183
grpo,1788146231,0,110059
grpo,1788146237,0,110059
grpo,1788146242,0,110059
grpo,1788146247,0,110059
grpo,1788146252,0,38733
grpo,1788146257,0,40899
grpo,1788146262,0,40899
grpo,1788146267,0,40903
grpo,1788146272,0,42703
grpo,1788146277,0,42703
grpo,1788146282,0,42703
grpo,1788146287,0,42703
grpo,1788146292,0,42703
grpo,1788146297,0,42703
grpo,1788146302,0,42703
grpo,1788146307,0,42703
grpo,1788146312,0,42703
grpo,1788146317,0,42703
grpo,1788146322,0,42703
grpo,1788146327,0,42703
grpo,1788146332,0,55823
grpo,1788146338,0,56103
grpo,1788146343,0,56223
grpo,1788146348,0,58523
grpo,1788146353,0,60183
grpo,1788146358,0,60183
grpo,1788146363,0,60183
grpo,1788146368,0,60183
grpo,1788146373,0,60183
grpo,1788146378,0,60183
grpo,1788146383,0,60183
grpo,1788146388,0,60183
grpo,1788146393,0,109947
grpo,1788146398,0,109947
grpo,1788146403,0,109947
grpo,1788146408,0,109947
grpo,1788146413,0,109947
grpo,1788146418,0,40017
grpo,1788146423,0,40919
grpo,1788146428,0,40923
grpo,1788146434,0,42723
grpo,1788146439,0,42723
grpo,1788146444,0,42723
grpo,1788146449,0,42723
grpo,1788146454,0,42723
grpo,1788146459,0,42723
grpo,1788146464,0,42723
grpo,1788146469,0,42723
grpo,1788146474,0,42723
grpo,1788146479,0,42723
grpo,1788146484,0,42723
grpo,1788146489,0,42723
grpo,1788146494,0,42723
grpo,1788146499,0,56043
grpo,1788146504,0,56123
grpo,1788146509,0,56903
grpo,1788146514,0,60183
grpo,1788146519,0,60183
grpo,1788146524,0,60183
grpo,1788146529,0,60243
grpo,1788146534,0,60243
grpo,1788146540,0,60243
grpo,1788146545,0,60243
grpo,1788146550,0,60243
grpo,1788146555,0,60243
grpo,1788146560,0,112155
grpo,1788146565,0,116163
grpo,1788146570,0,116163
grpo,1788146575,0,116163
grpo,1788146580,0,116163
grpo,1788146585,0,40461
grpo,1788146590,0,40901
grpo,1788146595,0,40903
grpo,1788146600,0,42703
grpo,1788146605,0,42703
grpo,1788146610,0,42703
grpo,1788146615,0,42703
grpo,1788146620,0,42703
grpo,1788146625,0,42703
grpo,1788146630,0,42703
grpo,1788146636,0,42703
grpo,1788146641,0,42703
grpo,1788146646,0,42703
grpo,1788146651,0,42703
grpo,1788146656,0,42703
grpo,1788146661,0,42703
grpo,1788146666,0,56083
grpo,1788146671,0,56203
grpo,1788146676,0,57503
grpo,1788146681,0,60183
grpo,1788146686,0,60183
grpo,1788146691,0,60183
grpo,1788146696,0,60183
grpo,1788146701,0,60183
grpo,1788146706,0,60183
grpo,1788146711,0,60183
grpo,1788146716,0,60183
grpo,1788146721,0,113477
grpo,1788146726,0,113477
grpo,1788146731,0,113477
grpo,1788146737,0,113477
grpo,1788146742,0,47621
grpo,1788146747,0,40879
grpo,1788146752,0,40919
grpo,1788146757,0,40923
grpo,1788146762,0,42723
grpo,1788146767,0,42723
grpo,1788146772,0,42723
grpo,1788146777,0,42723
grpo,1788146782,0,42723
grpo,1788146787,0,42723
grpo,1788146792,0,42723
grpo,1788146797,0,42723
grpo,1788146802,0,42723
grpo,1788146807,0,42723
grpo,1788146812,0,42723
grpo,1788146817,0,42723
grpo,1788146822,0,42723
grpo,1788146827,0,56083
grpo,1788146832,0,56203
grpo,1788146838,0,57903
grpo,1788146843,0,60183
grpo,1788146848,0,60183
grpo,1788146853,0,60243
grpo,1788146858,0,60243
grpo,1788146863,0,60243
grpo,1788146868,0,60243
grpo,1788146873,0,60243
grpo,1788146878,0,60243
grpo,1788146883,0,104589
grpo,1788146888,0,111053
grpo,1788146893,0,111053
grpo,1788146898,0,111053
grpo,1788146903,0,111053
grpo,1788146908,0,39937
grpo,1788146913,0,40899
grpo,1788146918,0,40923
grpo,1788146923,0,42723
grpo,1788146928,0,42723
grpo,1788146934,0,42723
grpo,1788146939,0,42723
grpo,1788146944,0,42723
grpo,1788146949,0,42723
grpo,1788146954,0,42723
grpo,1788146959,0,42723
grpo,1788146964,0,42723
grpo,1788146969,0,42723
grpo,1788146974,0,42723
grpo,1788146979,0,42723
grpo,1788146984,0,42723
grpo,1788146989,0,56043
grpo,1788146994,0,56123
grpo,1788146999,0,56623
grpo,1788147004,0,60183
grpo,1788147009,0,60183
grpo,1788147014,0,60183
grpo,1788147019,0,60243
grpo,1788147024,0,60243
grpo,1788147029,0,60243
grpo,1788147035,0,60243
grpo,1788147040,0,60243
grpo,1788147045,0,60243
grpo,1788147050,0,109435
grpo,1788147055,0,109435
grpo,1788147060,0,109435
grpo,1788147065,0,109435
grpo,1788147070,0,109435
grpo,1788147075,0,38733
grpo,1788147080,0,40899
grpo,1788147085,0,40919
grpo,1788147090,0,40923
grpo,1788147095,0,42723
grpo,1788147100,0,42723
grpo,1788147105,0,42723
grpo,1788147110,0,42723
grpo,1788147115,0,42723
grpo,1788147120,0,42723
grpo,1788147125,0,42723
grpo,1788147130,0,42723
grpo,1788147136,0,42723
grpo,1788147141,0,42723
grpo,1788147146,0,42723
grpo,1788147151,0,42723
grpo,1788147156,0,42723
grpo,1788147161,0,56083
grpo,1788147166,0,56223
grpo,1788147171,0,57903
grpo,1788147176,0,60183
grpo,1788147181,0,60183
grpo,1788147186,0,60183
grpo,1788147191,0,60243
grpo,1788147196,0,60243
grpo,1788147201,0,60243
grpo,1788147206,0,60243
grpo,1788147211,0,60243
grpo,1788147216,0,60243
grpo,1788147221,0,60243
grpo,1788147226,0,108561
grpo,1788147232,0,108561
grpo,1788147237,0,108561
grpo,1788147242,0,108561
grpo,1788147247,0,108561
grpo,1788147252,0,40099
grpo,1788147257,0,40919
grpo,1788147262,0,40923
grpo,1788147267,0,42723
grpo,1788147272,0,42723
grpo,1788147277,0,42723
grpo,1788147282,0,42723
grpo,1788147287,0,42723
grpo,1788147292,0,42723
grpo,1788147297,0,42723
grpo,1788147302,0,42723
grpo,1788147307,0,42723
grpo,1788147312,0,42723
grpo,1788147317,0,42723
grpo,1788147322,0,42723
grpo,1788147327,0,42723
grpo,1788147333,0,56063
grpo,1788147338,0,56163
grpo,1788147343,0,56863
grpo,1788147348,0,60183
grpo,1788147353,0,60183
grpo,1788147358,0,60183
grpo,1788147363,0,60243
grpo,1788147368,0,60243
grpo,1788147373,0,60243
grpo,1788147378,0,60243
grpo,1788147383,0,60245
grpo,1788147388,0,60245
grpo,1788147393,0,110913
grpo,1788147398,0,110913
grpo,1788147403,0,110913
grpo,1788147408,0,110913
grpo,1788147413,0,110913
grpo,1788147418,0,38733
grpo,1788147423,0,40899
grpo,1788147428,0,40919
grpo,1788147434,0,40923
grpo,1788147439,0,42723
grpo,1788147444,0,42723
grpo,1788147449,0,42723
grpo,1788147454,0,42723
grpo,1788147459,0,42723
grpo,1788147464,0,42723
grpo,1788147469,0,42723
grpo,1788147474,0,42723
grpo,1788147479,0,42723
grpo,1788147484,0,42723
grpo,1788147489,0,42723
grpo,1788147494,0,42723
grpo,1788147499,0,42723
grpo,1788147504,0,56083
grpo,1788147509,0,56263
grpo,1788147514,0,58023
grpo,1788147519,0,60183
grpo,1788147524,0,60183
grpo,1788147529,0,60183
grpo,1788147535,0,60243
grpo,1788147540,0,60243
grpo,1788147545,0,60243
grpo,1788147550,0,60243
grpo,1788147555,0,60243
grpo,1788147560,0,60245
grpo,1788147565,0,60245
grpo,1788147570,0,115015
grpo,1788147575,0,115015
grpo,1788147580,0,115015
grpo,1788147585,0,115015
grpo,1788147590,0,115015
grpo,1788147595,0,40779
grpo,1788147600,0,40899
grpo,1788147605,0,40903
grpo,1788147610,0,42703
grpo,1788147615,0,42703
grpo,1788147620,0,42703
grpo,1788147625,0,42703
grpo,1788147630,0,42703
grpo,1788147636,0,42703
grpo,1788147641,0,42703
grpo,1788147646,0,42703
grpo,1788147651,0,42703
grpo,1788147656,0,42703
grpo,1788147661,0,42703
grpo,1788147666,0,42703
grpo,1788147671,0,42703
grpo,1788147676,0,56063
grpo,1788147681,0,56163
grpo,1788147686,0,57703
grpo,1788147691,0,60183
grpo,1788147696,0,60183
grpo,1788147701,0,60183
grpo,1788147706,0,60183
grpo,1788147711,0,60183
grpo,1788147716,0,60183
grpo,1788147721,0,60183
grpo,1788147726,0,60183
grpo,1788147731,0,66483
grpo,1788147737,0,109149
grpo,1788147742,0,109149
grpo,1788147747,0,109149
grpo,1788147752,0,109149
grpo,1788147757,0,43293
grpo,1788147762,0,40899
grpo,1788147767,0,40919
grpo,1788147772,0,40923
grpo,1788147777,0,42723
grpo,1788147782,0,42723
grpo,1788147787,0,42723
grpo,1788147792,0,42723
grpo,1788147797,0,42723
grpo,1788147802,0,42723
grpo,1788147807,0,42723
grpo,1788147812,0,42723
grpo,1788147817,0,42723
grpo,1788147822,0,42723
grpo,1788147827,0,42723
grpo,1788147832,0,42723
grpo,1788147838,0,42723
grpo,1788147843,0,56063
grpo,1788147848,0,56163
grpo,1788147853,0,58763
grpo,1788147858,0,60183
grpo,1788147863,0,60183
grpo,1788147868,0,60183
grpo,1788147873,0,60243
grpo,1788147878,0,60243
grpo,1788147883,0,60243
grpo,1788147888,0,60243
grpo,1788147893,0,60243
grpo,1788147898,0,60243
grpo,1788147903,0,104841
grpo,1788147908,0,109873
grpo,1788147913,0,109873
grpo,1788147918,0,109873
grpo,1788147923,0,38733
grpo,1788147928,0,40899
grpo,1788147933,0,40921
grpo,1788147939,0,42723
grpo,1788147944,0,42723
grpo,1788147949,0,42723
grpo,1788147954,0,42723
grpo,1788147959,0,42723
grpo,1788147964,0,42723
grpo,1788147969,0,42723
grpo,1788147974,0,42723
grpo,1788147979,0,42723
grpo,1788147984,0,42723
grpo,1788147989,0,42723
grpo,1788147994,0,42723
grpo,1788147999,0,42723
grpo,1788148004,0,55983
grpo,1788148009,0,56103
grpo,1788148014,0,56283
grpo,1788148019,0,58523
grpo,1788148024,0,60183
grpo,1788148029,0,60243
grpo,1788148034,0,60243
grpo,1788148040,0,60243
grpo,1788148045,0,60243
grpo,1788148050,0,60243
grpo,1788148055,0,60243
grpo,1788148060,0,108643
grpo,1788148065,0,108643
grpo,1788148070,0,108643
grpo,1788148075,0,108643
grpo,1788148080,0,108643
grpo,1788148085,0,40379
grpo,1788148090,0,40899
grpo,1788148095,0,40903
grpo,1788148100,0,42703
grpo,1788148105,0,42703
grpo,1788148110,0,42703
grpo,1788148115,0,42703
grpo,1788148120,0,42703
grpo,1788148125,0,42703
grpo,1788148130,0,42703
grpo,1788148135,0,42703
grpo,1788148141,0,42703
grpo,1788148146,0,42703
grpo,1788148151,0,42703
grpo,1788148156,0,42703
grpo,1788148161,0,42703
grpo,1788148166,0,56043
grpo,1788148171,0,56143
grpo,1788148176,0,56863
grpo,1788148181,0,60183
grpo,1788148186,0,60183
grpo,1788148191,0,60183
grpo,1788148196,0,60183
grpo,1788148201,0,60183
grpo,1788148206,0,60183
grpo,1788148211,0,60183
grpo,1788148216,0,60183
grpo,1788148221,0,60183
grpo,1788148226,0,108599
grpo,1788148231,0,109791
grpo,1788148236,0,109791
grpo,1788148242,0,109791
grpo,1788148247,0,38733
grpo,1788148252,0,40899
grpo,1788148257,0,40899
grpo,1788148262,0,42701
grpo,1788148267,0,42701
grpo,1788148272,0,42701
grpo,1788148277,0,42701
grpo,1788148282,0,42701
grpo,1788148287,0,42701
grpo,1788148292,0,42701
grpo,1788148297,0,42701
grpo,1788148302,0,42701
grpo,1788148307,0,42701
grpo,1788148312,0,42701
grpo,1788148317,0,42701
grpo,1788148322,0,42701
grpo,1788148327,0,55961
grpo,1788148332,0,56101
grpo,1788148337,0,56221
grpo,1788148342,0,58503
grpo,1788148348,0,60183
grpo,1788148353,0,60183
grpo,1788148358,0,60183
grpo,1788148363,0,60183
grpo,1788148368,0,60183
grpo,1788148373,0,60183
grpo,1788148378,0,60183
grpo,1788148383,0,104665
grpo,1788148388,0,112857
grpo,1788148393,0,112857
grpo,1788148398,0,112857
grpo,1788148403,0,112857
grpo,1788148408,0,39875
grpo,1788148413,0,40899
grpo,1788148418,0,40921
grpo,1788148423,0,42723
grpo,1788148428,0,42723
grpo,1788148433,0,42723
grpo,1788148438,0,42723
grpo,1788148443,0,42723
grpo,1788148449,0,42723
grpo,1788148454,0,42723
grpo,1788148459,0,42723
grpo,1788148464,0,42723
grpo,1788148469,0,42723
grpo,1788148474,0,42723
grpo,1788148479,0,42723
grpo,1788148484,0,42723
grpo,1788148489,0,55983
grpo,1788148494,0,56103
grpo,1788148499,0,56283
grpo,1788148504,0,60183
grpo,1788148509,0,60183
grpo,1788148514,0,60183
grpo,1788148519,0,60243
grpo,1788148524,0,60243
grpo,1788148529,0,60243
grpo,1788148534,0,60243
grpo,1788148539,0,60243
grpo,1788148544,0,60243
grpo,1788148550,0,60243
grpo,1788148555,0,108683
grpo,1788148560,0,108683
grpo,1788148565,0,108683
grpo,1788148570,0,108683
grpo,1788148575,0,39815
grpo,1788148580,0,40899
grpo,1788148585,0,40919
grpo,1788148590,0,42723
grpo,1788148595,0,42723
grpo,1788148600,0,42723
grpo,1788148605,0,42723
grpo,1788148610,0,42723
grpo,1788148615,0,42723
grpo,1788148620,0,42723
grpo,1788148625,0,42723
grpo,1788148630,0,42723
grpo,1788148635,0,42723
grpo,1788148640,0,42723
grpo,1788148645,0,42723
grpo,1788148651,0,42723
grpo,1788148656,0,56043
grpo,1788148661,0,56123
grpo,1788148666,0,56283
grpo,1788148671,0,58723
grpo,1788148676,0,60183
grpo,1788148681,0,60183
grpo,1788148686,0,60243
grpo,1788148691,0,60243
grpo,1788148696,0,60243
grpo,1788148701,0,60243
grpo,1788148706,0,60243
grpo,1788148711,0,60243
grpo,1788148716,0,113409
grpo,1788148721,0,113409
grpo,1788148726,0,113409
grpo,1788148731,0,113409
grpo,1788148736,0,39675
grpo,1788148741,0,40899
grpo,1788148746,0,40903
grpo,1788148751,0,42703
grpo,1788148757,0,42703
grpo,1788148762,0,42703
grpo,1788148767,0,42703
grpo,1788148772,0,42703
grpo,1788148777,0,42703
grpo,1788148782,0,42703
grpo,1788148787,0,42703
grpo,1788148792,0,42703
grpo,1788148797,0,42703
grpo,1788148802,0,42703
grpo,1788148807,0,42703
grpo,1788148812,0,42703
grpo,1788148817,0,56043
grpo,1788148822,0,56103
grpo,1788148827,0,56263
grpo,1788148832,0,60063
grpo,1788148837,0,60183
grpo,1788148842,0,60183
grpo,1788148847,0,60203
grpo,1788148853,0,60203
grpo,1788148858,0,60203
grpo,1788148863,0,60203
grpo,1788148868,0,60203
grpo,1788148873,0,87241
grpo,1788148878,0,109143
grpo,1788148883,0,109143
grpo,1788148888,0,109143
grpo,1788148893,0,109143
grpo,1788148898,0,39815
grpo,1788148903,0,40899
grpo,1788148908,0,40899
grpo,1788148913,0,40903
grpo,1788148918,0,42703
grpo,1788148923,0,42703
grpo,1788148928,0,42703
grpo,1788148933,0,42703
grpo,1788148938,0,42703
grpo,1788148943,0,42703
grpo,1788148948,0,42703
grpo,1788148953,0,42703
grpo,1788148959,0,42703
grpo,1788148964,0,42703
grpo,1788148969,0,42703
grpo,1788148974,0,42703
grpo,1788148979,0,42703
grpo,1788148984,0,56083
grpo,1788148989,0,56243
grpo,1788148994,0,59243
grpo,1788148999,0,60183
grpo,1788149004,0,60183
grpo,1788149009,0,60203
grpo,1788149014,0,60203
grpo,1788149019,0,60203
grpo,1788149024,0,60203
grpo,1788149029,0,60203
grpo,1788149034,0,60203
grpo,1788149039,0,87241
grpo,1788149044,0,109341
grpo,1788149049,0,109341
grpo,1788149055,0,109341
grpo,1788149060,0,109341
grpo,1788149065,0,109341
grpo,1788149070,0,40899
grpo,1788149075,0,40919
grpo,1788149080,0,40923
grpo,1788149085,0,42723
grpo,1788149090,0,42723
grpo,1788149095,0,42723
grpo,1788149100,0,42723
grpo,1788149105,0,42723
grpo,1788149110,0,42723
grpo,1788149115,0,42723
grpo,1788149120,0,42723
grpo,1788149125,0,42723
grpo,1788149130,0,42723
grpo,1788149135,0,42723
grpo,1788149140,0,42723
grpo,1788149145,0,42723
grpo,1788149150,0,56063
grpo,1788149156,0,56183
grpo,1788149161,0,57483
grpo,1788149166,0,60183
grpo,1788149171,0,60183
grpo,1788149176,0,60183
grpo,1788149181,0,60243
grpo,1788149186,0,60243
grpo,1788149191,0,60243
grpo,1788149196,0,60243
grpo,1788149201,0,60243
grpo,1788149206,0,60243
grpo,1788149211,0,67313
grpo,1788149216,0,111087
grpo,1788149221,0,111087
grpo,1788149226,0,111087
grpo,1788149231,0,111087
grpo,1788149236,0,111087
grpo,1788149241,0,40819
grpo,1788149246,0,40919
grpo,1788149251,0,40923
grpo,1788149257,0,42723
grpo,1788149262,0,42723
grpo,1788149267,0,42723
grpo,1788149272,0,42723
grpo,1788149277,0,42723
grpo,1788149282,0,42723
grpo,1788149287,0,42723
grpo,1788149292,0,42723
grpo,1788149297,0,42723
grpo,1788149302,0,42723
grpo,1788149307,0,42723
grpo,1788149312,0,42723
grpo,1788149317,0,42723
grpo,1788149322,0,56043
grpo,1788149327,0,56163
grpo,1788149332,0,57163
grpo,1788149337,0,60183
grpo,1788149342,0,60183
grpo,1788149347,0,60183
grpo,1788149352,0,60243
grpo,1788149358,0,60243
grpo,1788149363,0,60243
grpo,1788149368,0,60243
grpo,1788149373,0,60243
grpo,1788149378,0,60243
grpo,1788149383,0,60243
grpo,1788149388,0,107519
grpo,1788149393,0,107519
grpo,1788149398,0,107519
grpo,1788149403,0,107519
grpo,1788149408,0,107519
grpo,1788149413,0,40179
grpo,1788149418,0,40899
grpo,1788149423,0,40903
grpo,1788149428,0,42703
grpo,1788149433,0,42703
grpo,1788149438,0,42703
grpo,1788149443,0,42703
grpo,1788149448,0,42703
grpo,1788149454,0,42703
grpo,1788149459,0,42703
grpo,1788149464,0,42703
grpo,1788149469,0,42703
grpo,1788149474,0,42703
grpo,1788149479,0,42703
grpo,1788149484,0,42703
grpo,1788149489,0,42703
grpo,1788149494,0,56063
grpo,1788149499,0,56163
grpo,1788149504,0,57383
grpo,1788149509,0,60183
grpo,1788149514,0,60183
grpo,1788149519,0,60183
grpo,1788149524,0,60203
grpo,1788149529,0,60203
grpo,1788149534,0,60203
grpo,1788149539,0,60203
grpo,1788149544,0,60203
grpo,1788149549,0,60203
grpo,1788149555,0,69273
grpo,1788149560,0,109301
grpo,1788149565,0,109301
grpo,1788149570,0,109301
grpo,1788149575,0,109301
grpo,1788149580,0,39835
grpo,1788149585,0,40899
grpo,1788149590,0,40919
grpo,1788149595,0,42723
grpo,1788149600,0,42723
grpo,1788149605,0,42723
grpo,1788149610,0,42723
grpo,1788149615,0,42723
grpo,1788149620,0,42723
grpo,1788149625,0,42723
grpo,1788149630,0,42723
grpo,1788149635,0,42723
grpo,1788149640,0,42723
grpo,1788149645,0,42723
grpo,1788149650,0,42723
grpo,1788149655,0,42723
grpo,1788149661,0,56043
grpo,1788149666,0,56123
grpo,1788149671,0,56283
grpo,1788149676,0,59723
grpo,1788149681,0,60183
grpo,1788149686,0,60183
grpo,1788149691,0,60243
grpo,1788149696,0,60243
grpo,1788149701,0,60243
grpo,1788149706,0,60243
grpo,1788149711,0,60243
grpo,1788149716,0,60243
grpo,1788149721,0,44755
grpo,1788149726,0,109573
grpo,1788149731,0,109573
grpo,1788149736,0,109573
grpo,1788149741,0,109573
grpo,1788149746,0,40037
grpo,1788149751,0,40899
grpo,1788149756,0,40903
grpo,1788149762,0,42703
grpo,1788149767,0,42703
grpo,1788149772,0,42703
grpo,1788149777,0,42703
grpo,1788149782,0,42703
grpo,1788149787,0,42703
grpo,1788149792,0,42703
grpo,1788149797,0,42703
grpo,1788149802,0,42703
grpo,1788149807,0,42703
grpo,1788149812,0,42703
grpo,1788149817,0,42703
grpo,1788149822,0,42703
grpo,1788149827,0,56063
grpo,1788149832,0,56163
grpo,1788149837,0,56843
grpo,1788149842,0,60183
grpo,1788149847,0,60183
grpo,1788149852,0,60183
grpo,1788149857,0,60183
grpo,1788149863,0,60183
grpo,1788149868,0,60183
grpo,1788149873,0,60183
grpo,1788149878,0,60183
grpo,1788149883,0,108097
grpo,1788149888,0,108097
grpo,1788149893,0,108097
grpo,1788149898,0,108097
grpo,1788149903,0,108097
grpo,1788149908,0,39855
grpo,1788149913,0,40899
grpo,1788149918,0,40919
grpo,1788149923,0,40923
grpo,1788149928,0,42723
grpo,1788149933,0,42723
grpo,1788149938,0,42723
grpo,1788149943,0,42723
grpo,1788149948,0,42723
grpo,1788149953,0,42723
grpo,1788149958,0,42723
grpo,1788149964,0,42723
grpo,1788149969,0,42723
grpo,1788149974,0,42723
grpo,1788149979,0,42723
grpo,1788149984,0,42723
grpo,1788149989,0,42723
grpo,1788149994,0,56103
grpo,1788149999,0,56283
grpo,1788150004,0,59843
grpo,1788150009,0,60183
grpo,1788150014,0,60183
grpo,1788150019,0,60203
grpo,1788150024,0,60243
grpo,1788150029,0,60243
grpo,1788150034,0,60243
grpo,1788150039,0,60243
grpo,1788150044,0,60243
grpo,1788150049,0,60243
grpo,1788150054,0,110637
grpo,1788150059,0,110637
grpo,1788150065,0,110637
grpo,1788150070,0,110637
grpo,1788150075,0,39815
grpo,1788150080,0,40899
grpo,1788150085,0,40923
grpo,1788150090,0,42723
grpo,1788150095,0,42723
grpo,1788150100,0,42723
grpo,1788150105,0,42723
grpo,1788150110,0,42723
grpo,1788150115,0,42723
grpo,1788150120,0,42723
grpo,1788150125,0,42723
grpo,1788150130,0,42723
grpo,1788150135,0,42723
grpo,1788150140,0,42723
grpo,1788150145,0,42723
grpo,1788150150,0,42723
grpo,1788150155,0,55983
grpo,1788150160,0,56103
grpo,1788150166,0,56263
grpo,1788150171,0,58643
grpo,1788150176,0,60183
grpo,1788150181,0,60243
grpo,1788150186,0,60243
grpo,1788150191,0,60243
grpo,1788150196,0,60243
grpo,1788150201,0,60243
grpo,1788150206,0,60243
grpo,1788150211,0,45943
grpo,1788150216,0,105461
grpo,1788150221,0,105461
grpo,1788150226,0,105461
grpo,1788150231,0,108097
grpo,1788150236,0,108097
grpo,1788150241,0,108097
grpo,1788150246,0,108097
grpo,1788150251,0,39815
grpo,1788150256,0,40899
grpo,1788150261,0,40899
grpo,1788150267,0,40903
grpo,1788150272,0,42703
grpo,1788150277,0,42703
grpo,1788150282,0,42703
grpo,1788150287,0,42703
grpo,1788150292,0,42703
grpo,1788150297,0,42703
grpo,1788150302,0,42703
grpo,1788150307,0,42703
grpo,1788150312,0,42703
grpo,1788150317,0,42703
grpo,1788150322,0,42703
grpo,1788150327,0,42703
grpo,1788150332,0,42703
grpo,1788150337,0,56123
grpo,1788150342,0,56303
grpo,1788150347,0,60063
grpo,1788150352,0,60183
grpo,1788150357,0,60183
grpo,1788150362,0,60183
grpo,1788150368,0,60183
grpo,1788150373,0,60183
grpo,1788150378,0,60183
grpo,1788150383,0,60183
grpo,1788150388,0,60183
grpo,1788150393,0,87241
grpo,1788150398,0,108119
grpo,1788150403,0,108119
grpo,1788150408,0,108119
grpo,1788150413,0,108119
grpo,1788150418,0,39875
grpo,1788150423,0,40899
grpo,1788150428,0,40923
grpo,1788150433,0,42723
grpo,1788150438,0,42723
grpo,1788150443,0,42723
grpo,1788150448,0,42723
grpo,1788150453,0,42723
grpo,1788150458,0,42723
grpo,1788150463,0,42723
grpo,1788150469,0,42723
grpo,1788150474,0,42723
grpo,1788150479,0,42723
grpo,1788150484,0,42723
grpo,1788150489,0,42723
grpo,1788150494,0,42723
grpo,1788150499,0,56043
grpo,1788150504,0,56123
grpo,1788150509,0,56403
grpo,1788150514,0,59943
grpo,1788150519,0,60183
grpo,1788150524,0,60183
grpo,1788150529,0,60243
grpo,1788150534,0,60243
grpo,1788150539,0,60243
grpo,1788150544,0,60243
grpo,1788150549,0,60243
grpo,1788150554,0,60243
grpo,1788150559,0,110661
grpo,1788150564,0,110661
grpo,1788150570,0,110661
grpo,1788150575,0,110661
grpo,1788150580,0,39495
grpo,1788150585,0,40901
grpo,1788150590,0,40901
grpo,1788150595,0,40903
grpo,1788150600,0,42703
grpo,1788150605,0,42703
grpo,1788150610,0,42703
grpo,1788150615,0,42703
grpo,1788150620,0,42703
grpo,1788150625,0,42703
grpo,1788150630,0,42703
grpo,1788150635,0,42703
grpo,1788150640,0,42703
grpo,1788150645,0,42703
grpo,1788150650,0,42703
grpo,1788150655,0,42703
grpo,1788150660,0,42703
grpo,1788150665,0,56103
grpo,1788150671,0,56243
grpo,1788150676,0,58343
grpo,1788150681,0,60183
grpo,1788150686,0,60183
grpo,1788150691,0,60183
grpo,1788150696,0,60183
grpo,1788150701,0,60183
grpo,1788150706,0,60183
grpo,1788150711,0,60183
grpo,1788150716,0,60183
grpo,1788150721,0,108161
grpo,1788150726,0,108161
grpo,1788150731,0,108161
grpo,1788150736,0,108161
grpo,1788150741,0,108161
grpo,1788150746,0,40159
grpo,1788150751,0,40919
grpo,1788150756,0,40923
grpo,1788150761,0,42723
grpo,1788150766,0,42723
grpo,1788150771,0,42723
grpo,1788150777,0,42723
grpo,1788150782,0,42723
grpo,1788150787,0,42723
grpo,1788150792,0,42723
grpo,1788150797,0,42723
grpo,1788150802,0,42723
grpo,1788150807,0,42723
grpo,1788150812,0,42723
grpo,1788150817,0,42723
grpo,1788150822,0,42723
grpo,1788150827,0,56043
grpo,1788150832,0,56163
grpo,1788150837,0,56723
grpo,1788150842,0,60183
grpo,1788150847,0,60183
grpo,1788150852,0,60183
grpo,1788150857,0,60243
grpo,1788150862,0,60243
grpo,1788150867,0,60243
grpo,1788150872,0,60243
grpo,1788150878,0,60243
grpo,1788150883,0,60243
grpo,1788150888,0,72075
grpo,1788150893,0,111557
grpo,1788150898,0,111557
grpo,1788150903,0,111557
grpo,1788150908,0,111557
grpo,1788150913,0,38733
grpo,1788150918,0,40899
grpo,1788150923,0,40919
grpo,1788150928,0,40923
grpo,1788150933,0,42723
grpo,1788150938,0,42723
grpo,1788150943,0,42723
grpo,1788150948,0,42723
grpo,1788150953,0,42723
grpo,1788150958,0,42723
grpo,1788150963,0,42723
grpo,1788150968,0,42723
grpo,1788150973,0,42723
grpo,1788150979,0,42723
grpo,1788150984,0,42723
grpo,1788150989,0,42723
grpo,1788150994,0,42723
grpo,1788150999,0,56083
grpo,1788151004,0,56223
grpo,1788151009,0,58263
grpo,1788151014,0,60183
grpo,1788151019,0,60183
grpo,1788151024,0,60183
grpo,1788151029,0,60243
grpo,1788151034,0,60243
grpo,1788151039,0,60243
grpo,1788151044,0,60243
grpo,1788151049,0,60243
grpo,1788151054,0,60243
grpo,1788151059,0,109067
grpo,1788151064,0,109067
grpo,1788151069,0,109067
grpo,1788151074,0,109067
grpo,1788151080,0,43211
grpo,1788151085,0,40899
grpo,1788151090,0,40919
grpo,1788151095,0,40923
grpo,1788151100,0,42723
grpo,1788151105,0,42723
grpo,1788151110,0,42723
grpo,1788151115,0,42723
grpo,1788151120,0,42723
grpo,1788151125,0,42723
grpo,1788151130,0,42723
grpo,1788151135,0,42723
grpo,1788151140,0,42723
grpo,1788151145,0,42723
grpo,1788151150,0,42723
grpo,1788151155,0,42723
grpo,1788151160,0,42723
grpo,1788151165,0,56083
grpo,1788151170,0,56183
grpo,1788151175,0,58223
grpo,1788151181,0,60183
grpo,1788151186,0,60183
grpo,1788151191,0,60243
grpo,1788151196,0,60243
grpo,1788151201,0,60243
grpo,1788151206,0,60243
grpo,1788151211,0,60243
grpo,1788151216,0,60243
grpo,1788151221,0,60243
grpo,1788151226,0,109163
grpo,1788151231,0,109163
grpo,1788151236,0,109163
grpo,1788151241,0,109163
grpo,1788151246,0,39655
grpo,1788151251,0,40899
grpo,1788151256,0,40919
grpo,1788151261,0,42723
grpo,1788151266,0,42723
grpo,1788151271,0,42723
grpo,1788151276,0,42723
grpo,1788151281,0,42723
grpo,1788151287,0,42723
grpo,1788151292,0,42723
grpo,1788151297,0,42723
grpo,1788151302,0,42723
grpo,1788151307,0,42723
grpo,1788151312,0,42723
grpo,1788151317,0,42723
grpo,1788151322,0,42723
grpo,1788151327,0,55983
grpo,1788151332,0,56103
grpo,1788151337,0,56263
grpo,1788151342,0,59003
grpo,1788151347,0,60183
grpo,1788151352,0,60183
grpo,1788151357,0,60243
grpo,1788151362,0,60243
grpo,1788151367,0,60243
grpo,1788151372,0,60243
grpo,1788151377,0,60243
grpo,1788151382,0,60243
grpo,1788151388,0,109587
grpo,1788151393,0,109587
grpo,1788151398,0,109587
grpo,1788151403,0,109587
grpo,1788151408,0,109587
grpo,1788151413,0,39855
grpo,1788151418,0,40899
grpo,1788151423,0,40899
grpo,1788151428,0,40903
grpo,1788151433,0,42703
grpo,1788151438,0,42703
grpo,1788151443,0,42703
grpo,1788151448,0,42703
grpo,1788151453,0,42703
grpo,1788151458,0,42703
grpo,1788151463,0,42703
grpo,1788151468,0,42703
grpo,1788151473,0,42703
grpo,1788151478,0,42703
grpo,1788151483,0,42703
grpo,1788151489,0,42703
grpo,1788151494,0,42703
grpo,1788151499,0,56103
grpo,1788151504,0,56263
grpo,1788151509,0,60183
grpo,1788151514,0,60183
grpo,1788151519,0,60183
grpo,1788151524,0,60183
grpo,1788151529,0,60183
grpo,1788151534,0,60183
grpo,1788151539,0,60183
grpo,1788151544,0,60183
grpo,1788151549,0,60183
grpo,1788151554,0,60183
grpo,1788151559,0,87241
grpo,1788151564,0,109133
grpo,1788151569,0,109133
grpo,1788151574,0,109133
grpo,1788151579,0,109133
grpo,1788151584,0,39815
grpo,1788151590,0,40899
grpo,1788151595,0,40919
grpo,1788151600,0,40923
grpo,1788151605,0,42723
grpo,1788151610,0,42723
grpo,1788151615,0,42723
grpo,1788151620,0,42723
grpo,1788151625,0,42723
grpo,1788151630,0,42723
grpo,1788151635,0,42723
grpo,1788151640,0,42723
grpo,1788151645,0,42723
grpo,1788151650,0,42723
grpo,1788151655,0,42723
grpo,1788151660,0,42723
grpo,1788151665,0,42723
grpo,1788151670,0,56103
grpo,1788151675,0,56243
grpo,1788151680,0,59723
grpo,1788151685,0,60183
grpo,1788151691,0,60183
grpo,1788151696,0,60243
grpo,1788151701,0,60243
grpo,1788151706,0,60243
grpo,1788151711,0,60243
grpo,1788151716,0,60243
grpo,1788151721,0,60243
grpo,1788151726,0,44755
grpo,1788151731,0,109133
grpo,1788151736,0,109133
grpo,1788151741,0,109133
grpo,1788151746,0,38733
grpo,1788151751,0,40899
grpo,1788151756,0,40919
grpo,1788151761,0,42723
grpo,1788151766,0,42723
grpo,1788151771,0,42723
grpo,1788151776,0,42723
grpo,1788151781,0,42723
grpo,1788151786,0,42723
grpo,1788151792,0,42723
grpo,1788151797,0,42723
grpo,1788151802,0,42723
grpo,1788151807,0,42723
grpo,1788151812,0,42723
grpo,1788151817,0,42723
grpo,1788151822,0,42723
grpo,1788151827,0,55983
grpo,1788151832,0,56103
grpo,1788151837,0,56203
grpo,1788151842,0,57403
grpo,1788151847,0,60183
grpo,1788151852,0,60183
grpo,1788151857,0,60203
grpo,1788151862,0,60203
grpo,1788151867,0,60203
grpo,1788151872,0,60203
grpo,1788151877,0,60203
grpo,1788151882,0,66483
grpo,1788151887,0,114871
grpo,1788151892,0,114871
grpo,1788151898,0,114871
grpo,1788151903,0,114871
grpo,1788151908,0,38733
grpo,1788151913,0,40899
grpo,1788151918,0,40899
grpo,1788151923,0,40903
grpo,1788151928,0,42703
grpo,1788151933,0,42703
grpo,1788151938,0,42703
grpo,1788151943,0,42703
grpo,1788151948,0,42703
grpo,1788151953,0,42703
grpo,1788151958,0,42703
grpo,1788151963,0,42703
grpo,1788151968,0,42703
grpo,1788151973,0,42703
grpo,1788151978,0,42703
grpo,1788151983,0,42703
grpo,1788151988,0,42703
grpo,1788151993,0,56063
grpo,1788151999,0,56183
grpo,1788152004,0,58363
grpo,1788152009,0,60183
grpo,1788152014,0,60183
grpo,1788152019,0,60183
grpo,1788152024,0,60203
grpo,1788152029,0,60203
grpo,1788152034,0,60203
grpo,1788152039,0,60203
grpo,1788152044,0,60203
grpo,1788152049,0,60203
grpo,1788152054,0,114953
grpo,1788152059,0,114953
grpo,1788152064,0,114953
grpo,1788152069,0,114953
grpo,1788152074,0,38733
grpo,1788152079,0,40899
grpo,1788152084,0,40899
grpo,1788152089,0,40903
grpo,1788152095,0,42703
grpo,1788152100,0,42703
grpo,1788152105,0,42703
grpo,1788152110,0,42703
grpo,1788152115,0,42703
grpo,1788152120,0,42703
grpo,1788152125,0,42703
grpo,1788152130,0,42703
grpo,1788152135,0,42703
grpo,1788152140,0,42703
grpo,1788152145,0,42703
grpo,1788152150,0,42703
grpo,1788152155,0,42703
grpo,1788152160,0,56103
grpo,1788152165,0,56183
grpo,1788152170,0,58923
grpo,1788152175,0,60183
grpo,1788152180,0,60183
grpo,1788152185,0,60183
grpo,1788152190,0,60183
grpo,1788152195,0,60183
grpo,1788152201,0,60183
grpo,1788152206,0,60183
grpo,1788152211,0,60183
grpo,1788152216,0,44755
grpo,1788152221,0,112583
grpo,1788152226,0,112583
grpo,1788152231,0,112583
grpo,1788152236,0,46727
grpo,1788152241,0,40359
grpo,1788152246,0,40899
grpo,1788152251,0,40903
grpo,1788152256,0,42703
grpo,1788152261,0,42703
grpo,1788152266,0,42703
grpo,1788152271,0,42703
grpo,1788152276,0,42703
grpo,1788152281,0,42703
grpo,1788152286,0,42703
grpo,1788152291,0,42703
grpo,1788152296,0,42703
grpo,1788152302,0,42703
grpo,1788152307,0,42703
grpo,1788152312,0,42703
grpo,1788152317,0,42703
grpo,1788152322,0,56083
grpo,1788152327,0,56183
grpo,1788152332,0,57443
grpo,1788152337,0,60183
grpo,1788152342,0,60183
grpo,1788152347,0,60183
grpo,1788152352,0,60183
grpo,1788152357,0,60183
grpo,1788152362,0,60183
grpo,1788152367,0,60183
grpo,1788152372,0,66483
grpo,1788152377,0,109753
grpo,1788152382,0,109753
grpo,1788152387,0,109753
grpo,1788152392,0,109753
grpo,1788152397,0,109753
grpo,1788152403,0,40199
grpo,1788152408,0,40919
grpo,1788152413,0,40921
grpo,1788152418,0,42723
grpo,1788152423,0,42723
grpo,1788152428,0,42723
grpo,1788152433,0,42723
grpo,1788152438,0,42723
grpo,1788152443,0,42723
grpo,1788152448,0,42723
grpo,1788152453,0,42723
grpo,1788152458,0,42723
grpo,1788152463,0,42723
grpo,1788152468,0,42723
grpo,1788152473,0,42723
grpo,1788152478,0,42723
grpo,1788152483,0,56043
grpo,1788152488,0,56143
grpo,1788152493,0,56783
grpo,1788152498,0,60183
grpo,1788152504,0,60183
grpo,1788152509,0,60183
grpo,1788152514,0,60243
grpo,1788152519,0,60243
grpo,1788152524,0,60243
grpo,1788152529,0,60243
grpo,1788152534,0,60243
grpo,1788152539,0,60245
grpo,1788152544,0,60245
grpo,1788152549,0,111877
grpo,1788152554,0,111877
grpo,1788152559,0,111877
grpo,1788152564,0,111877
grpo,1788152569,0,39815
grpo,1788152574,0,40899
grpo,1788152579,0,40903
grpo,1788152584,0,42703
grpo,1788152589,0,42703
grpo,1788152594,0,42703
grpo,1788152600,0,42703
grpo,1788152605,0,42703
grpo,1788152610,0,42703
grpo,1788152615,0,42703
grpo,1788152620,0,42703
grpo,1788152625,0,42703
grpo,1788152630,0,42703
grpo,1788152635,0,42703
grpo,1788152640,0,42703
grpo,1788152645,0,42703
grpo,1788152650,0,56043
grpo,1788152655,0,56103
grpo,1788152660,0,56223
grpo,1788152665,0,59163
grpo,1788152670,0,60183
grpo,1788152675,0,60183
grpo,1788152680,0,60183
grpo,1788152685,0,60183
grpo,1788152690,0,60183
grpo,1788152695,0,60183
grpo,1788152700,0,60183
grpo,1788152706,0,60183
grpo,1788152711,0,109635
grpo,1788152716,0,109635
grpo,1788152721,0,109635
grpo,1788152726,0,109635
grpo,1788152731,0,39495
grpo,1788152736,0,40899
grpo,1788152741,0,40899
grpo,1788152746,0,40903
grpo,1788152751,0,42703
grpo,1788152756,0,42703
grpo,1788152761,0,42703
grpo,1788152766,0,42703
grpo,1788152771,0,42703
grpo,1788152776,0,42703
grpo,1788152781,0,42703
grpo,1788152786,0,42703
grpo,1788152791,0,42703
grpo,1788152796,0,42703
grpo,1788152801,0,42703
grpo,1788152807,0,42703
grpo,1788152812,0,42703
grpo,1788152817,0,56083
grpo,1788152822,0,56163
grpo,1788152827,0,59463
grpo,1788152832,0,60183
grpo,1788152837,0,60183
grpo,1788152842,0,60183
grpo,1788152847,0,60183
grpo,1788152852,0,60183
grpo,1788152857,0,60183
grpo,1788152862,0,60183
grpo,1788152867,0,60183
grpo,1788152872,0,61013
grpo,1788152877,0,108919
grpo,1788152882,0,108919
grpo,1788152887,0,108919
grpo,1788152892,0,108919
grpo,1788152897,0,39915
grpo,1788152902,0,40919
grpo,1788152908,0,40923
grpo,1788152913,0,42723
grpo,1788152918,0,42723
grpo,1788152923,0,42723
grpo,1788152928,0,42723
grpo,1788152933,0,42723
grpo,1788152938,0,42723
grpo,1788152943,0,42723
grpo,1788152948,0,42723
grpo,1788152953,0,42723
grpo,1788152958,0,42723
grpo,1788152963,0,42723
grpo,1788152968,0,42723
grpo,1788152973,0,42723
grpo,1788152978,0,56063
grpo,1788152983,0,56143
grpo,1788152988,0,56563
grpo,1788152993,0,60183
grpo,1788152998,0,60183
grpo,1788153003,0,60243
grpo,1788153009,0,60243
grpo,1788153014,0,60243
grpo,1788153019,0,60243
grpo,1788153024,0,60243
grpo,1788153029,0,60243
grpo,1788153034,0,60243
grpo,1788153039,0,109195
grpo,1788153044,0,109195
grpo,1788153049,0,109195
grpo,1788153054,0,109195
grpo,1788153059,0,109195
grpo,1788153064,0,40439
grpo,1788153069,0,40899
grpo,1788153074,0,40903
grpo,1788153079,0,42703
grpo,1788153084,0,42703
grpo,1788153089,0,42703
grpo,1788153094,0,42703
grpo,1788153099,0,42703
grpo,1788153104,0,42703
grpo,1788153110,0,42703
grpo,1788153115,0,42703
grpo,1788153120,0,42703
grpo,1788153125,0,42703
grpo,1788153130,0,42703
grpo,1788153135,0,42703
grpo,1788153140,0,42703
grpo,1788153145,0,56063
grpo,1788153150,0,56123
grpo,1788153155,0,57143
grpo,1788153160,0,60183
grpo,1788153165,0,60183
grpo,1788153170,0,60183
grpo,1788153175,0,60203
grpo,1788153180,0,60203
grpo,1788153185,0,60203
grpo,1788153190,0,60203
grpo,1788153195,0,60203
grpo,1788153200,0,60203
grpo,1788153205,0,104589
grpo,1788153211,0,109847
grpo,1788153216,0,109847
grpo,1788153221,0,109847
grpo,1788153226,0,109847
grpo,1788153231,0,39835
grpo,1788153236,0,40899
grpo,1788153241,0,40919
grpo,1788153246,0,40923
grpo,1788153251,0,42723
grpo,1788153256,0,42723
grpo,1788153261,0,42723
grpo,1788153266,0,42723
grpo,1788153271,0,42723
grpo,1788153276,0,42723
grpo,1788153281,0,42723
grpo,1788153286,0,42723
grpo,1788153291,0,42723
grpo,1788153296,0,42723
grpo,1788153301,0,42723
grpo,1788153306,0,42723
grpo,1788153312,0,42723
grpo,1788153317,0,56103
grpo,1788153322,0,56243
grpo,1788153327,0,59083
grpo,1788153332,0,60183
grpo,1788153337,0,60183
grpo,1788153342,0,60243
grpo,1788153347,0,60243
grpo,1788153352,0,60243
grpo,1788153357,0,60243
grpo,1788153362,0,60243
grpo,1788153367,0,60243
grpo,1788153372,0,60243
grpo,1788153377,0,112611
grpo,1788153382,0,112611
grpo,1788153387,0,112611
grpo,1788153392,0,112611
grpo,1788153397,0,112611
grpo,1788153402,0,40839
grpo,1788153407,0,40899
grpo,1788153413,0,40903
grpo,1788153418,0,42703
grpo,1788153423,0,42703
grpo,1788153428,0,42703
grpo,1788153433,0,42703
grpo,1788153438,0,42703
grpo,1788153443,0,42703
grpo,1788153448,0,42703
grpo,1788153453,0,42703
grpo,1788153458,0,42703
grpo,1788153463,0,42703
grpo,1788153468,0,42703
grpo,1788153473,0,42703
grpo,1788153478,0,42703
grpo,1788153483,0,56063
grpo,1788153488,0,56203
grpo,1788153493,0,57463
grpo,1788153498,0,60183
grpo,1788153503,0,60183
grpo,1788153508,0,60183
grpo,1788153514,0,60183
grpo,1788153519,0,60183
grpo,1788153524,0,60183
grpo,1788153529,0,60183
grpo,1788153534,0,60185
grpo,1788153539,0,60185
grpo,1788153544,0,109131
grpo,1788153549,0,109131
grpo,1788153554,0,109131
grpo,1788153559,0,109131
grpo,1788153564,0,109131
grpo,1788153569,0,40719
grpo,1788153574,0,40919
grpo,1788153579,0,40923
grpo,1788153584,0,42723
grpo,1788153589,0,42723
grpo,1788153594,0,42723
grpo,1788153599,0,42723
grpo,1788153604,0,42723
grpo,1788153609,0,42723
grpo,1788153615,0,42723
grpo,1788153620,0,42723
grpo,1788153625,0,42723
grpo,1788153630,0,42723
grpo,1788153635,0,42723
grpo,1788153640,0,42723
grpo,1788153645,0,42723
grpo,1788153650,0,56083
grpo,1788153655,0,56183
grpo,1788153660,0,57743
grpo,1788153665,0,60183
grpo,1788153670,0,60183
grpo,1788153675,0,60243
grpo,1788153680,0,60243
grpo,1788153685,0,60243
grpo,1788153690,0,60243
grpo,1788153695,0,60243
grpo,1788153700,0,60243
grpo,1788153705,0,45943
grpo,1788153710,0,108051
grpo,1788153716,0,108051
grpo,1788153721,0,108051
grpo,1788153726,0,108051
grpo,1788153731,0,39957
grpo,1788153736,0,40919
grpo,1788153741,0,40923
grpo,1788153746,0,42723
grpo,1788153751,0,42723
grpo,1788153756,0,42723
grpo,1788153761,0,42723
grpo,1788153766,0,42723
grpo,1788153771,0,42723
grpo,1788153776,0,42723
grpo,1788153781,0,42723
grpo,1788153786,0,42723
grpo,1788153791,0,42723
grpo,1788153796,0,42723
grpo,1788153801,0,42723
grpo,1788153806,0,42723
grpo,1788153811,0,56063
grpo,1788153817,0,56123
grpo,1788153822,0,56443
grpo,1788153827,0,60183
grpo,1788153832,0,60183
grpo,1788153837,0,60203
grpo,1788153842,0,60243
grpo,1788153847,0,60243
grpo,1788153852,0,60243
grpo,1788153857,0,60243
grpo,1788153862,0,60243
grpo,1788153867,0,60243
grpo,1788153872,0,108973
grpo,1788153877,0,108973
grpo,1788153882,0,108973
grpo,1788153887,0,108973
grpo,1788153892,0,39495
grpo,1788153897,0,40899
grpo,1788153902,0,40919
grpo,1788153907,0,42723
grpo,1788153912,0,42723
grpo,1788153918,0,42723
grpo,1788153923,0,42723
grpo,1788153928,0,42723
grpo,1788153933,0,42723
grpo,1788153938,0,42723
grpo,1788153943,0,42723
grpo,1788153948,0,42723
grpo,1788153953,0,42723
grpo,1788153958,0,42723
grpo,1788153963,0,42723
grpo,1788153968,0,42723
grpo,1788153973,0,42723
grpo,1788153978,0,56083
grpo,1788153983,0,56163
grpo,1788153988,0,58343
grpo,1788153993,0,60183
grpo,1788153998,0,60183
grpo,1788154003,0,60243
grpo,1788154008,0,60243
grpo,1788154013,0,60243
grpo,1788154019,0,60243
grpo,1788154024,0,60243
grpo,1788154029,0,60243
grpo,1788154034,0,108699
grpo,1788154039,0,108699
grpo,1788154044,0,108699
grpo,1788154049,0,108699
grpo,1788154054,0,38733
grpo,1788154059,0,40899
grpo,1788154064,0,40899
grpo,1788154069,0,40903
grpo,1788154074,0,42703
grpo,1788154079,0,42703
grpo,1788154084,0,42703
grpo,1788154089,0,42703
grpo,1788154094,0,42703
grpo,1788154099,0,42703
grpo,1788154104,0,42703
grpo,1788154109,0,42703
grpo,1788154114,0,42703
grpo,1788154120,0,42703
grpo,1788154125,0,42703
grpo,1788154130,0,42703
grpo,1788154135,0,42703
grpo,1788154140,0,56103
grpo,1788154145,0,56223
grpo,1788154150,0,58223
grpo,1788154155,0,60183
grpo,1788154160,0,60183
grpo,1788154165,0,60183
grpo,1788154170,0,60183
grpo,1788154175,0,60183
grpo,1788154180,0,60183
grpo,1788154185,0,60183
grpo,1788154190,0,60183
grpo,1788154195,0,109981
grpo,1788154200,0,109981
grpo,1788154205,0,109981
grpo,1788154210,0,109981
grpo,1788154215,0,40017
grpo,1788154221,0,40899
grpo,1788154226,0,40903
grpo,1788154231,0,42703
grpo,1788154236,0,42703
grpo,1788154241,0,42703
grpo,1788154246,0,42703
grpo,1788154251,0,42703
grpo,1788154256,0,42703
grpo,1788154261,0,42703
grpo,1788154266,0,42703
grpo,1788154271,0,42703
grpo,1788154276,0,42703
grpo,1788154281,0,42703
grpo,1788154286,0,42703
grpo,1788154291,0,42703
grpo,1788154296,0,56083
grpo,1788154301,0,56183
grpo,1788154306,0,57083
grpo,1788154311,0,60183
grpo,1788154316,0,60183
grpo,1788154322,0,60183
grpo,1788154327,0,60183
grpo,1788154332,0,60183
grpo,1788154337,0,60183
grpo,1788154342,0,60183
grpo,1788154347,0,104589
grpo,1788154352,0,109815
grpo,1788154357,0,109815
grpo,1788154362,0,109815
grpo,1788154367,0,109815
grpo,1788154372,0,39997
grpo,1788154377,0,40899
grpo,1788154382,0,40903
grpo,1788154387,0,42703
grpo,1788154392,0,42703
grpo,1788154397,0,42703
grpo,1788154402,0,42703
grpo,1788154407,0,42703
grpo,1788154412,0,42703
grpo,1788154417,0,42703
grpo,1788154422,0,42703
grpo,1788154428,0,42703
grpo,1788154433,0,42703
grpo,1788154438,0,42703
grpo,1788154443,0,42703
grpo,1788154448,0,42703
grpo,1788154453,0,56063
grpo,1788154458,0,56183
grpo,1788154463,0,57023
grpo,1788154468,0,60183
grpo,1788154473,0,60183
grpo,1788154478,0,60183
grpo,1788154483,0,60183
grpo,1788154488,0,60183
grpo,1788154493,0,60183
grpo,1788154498,0,60183
grpo,1788154503,0,60183
grpo,1788154508,0,87241
grpo,1788154513,0,108385
grpo,1788154518,0,108385
grpo,1788154524,0,108385
grpo,1788154529,0,108385
grpo,1788154534,0,39895
grpo,1788154539,0,40899
grpo,1788154544,0,40903
grpo,1788154549,0,42703
grpo,1788154554,0,42703
grpo,1788154559,0,42703
grpo,1788154564,0,42703
grpo,1788154569,0,42703
grpo,1788154574,0,42703
grpo,1788154579,0,42703
grpo,1788154584,0,42703
grpo,1788154589,0,42703
grpo,1788154594,0,42703
grpo,1788154599,0,42703
grpo,1788154604,0,42703
grpo,1788154609,0,42703
grpo,1788154614,0,56063
grpo,1788154619,0,56123
grpo,1788154625,0,56243
grpo,1788154630,0,59823
grpo,1788154635,0,60183
grpo,1788154640,0,60183
grpo,1788154645,0,60183
grpo,1788154650,0,60183
grpo,1788154655,0,60183
grpo,1788154660,0,60183
grpo,1788154665,0,60183
grpo,1788154670,0,60183
grpo,1788154675,0,109057
grpo,1788154680,0,109057
grpo,1788154685,0,109057
grpo,1788154690,0,109057
grpo,1788154695,0,39855
grpo,1788154700,0,40899
grpo,1788154705,0,40901
grpo,1788154710,0,42701
grpo,1788154715,0,42701
grpo,1788154720,0,42701
grpo,1788154726,0,42701
grpo,1788154731,0,42701
grpo,1788154736,0,42701
grpo,1788154741,0,42701
grpo,1788154746,0,42701
grpo,1788154751,0,42701
grpo,1788154756,0,42701
grpo,1788154761,0,42701
grpo,1788154766,0,42701
grpo,1788154771,0,42701
grpo,1788154776,0,56061
grpo,1788154781,0,56101
grpo,1788154786,0,56241
grpo,1788154791,0,60183
grpo,1788154796,0,60183
grpo,1788154801,0,60183
grpo,1788154806,0,60183
grpo,1788154811,0,60183
grpo,1788154816,0,60183
grpo,1788154821,0,60183
grpo,1788154827,0,60183
grpo,1788154832,0,44755
grpo,1788154837,0,109563
grpo,1788154842,0,109563
grpo,1788154847,0,109563
grpo,1788154852,0,109563
grpo,1788154857,0,109563
grpo,1788154862,0,40899
grpo,1788154867,0,40899
grpo,1788154872,0,40903
grpo,1788154877,0,42703
grpo,1788154882,0,42703
grpo,1788154887,0,42703
grpo,1788154892,0,42703
grpo,1788154897,0,42703
grpo,1788154902,0,42703
grpo,1788154907,0,42703
grpo,1788154912,0,42703
grpo,1788154917,0,42703
grpo,1788154923,0,42703
grpo,1788154928,0,42703
grpo,1788154933,0,42703
grpo,1788154938,0,42703
grpo,1788154943,0,56063
grpo,1788154948,0,56183
grpo,1788154953,0,57383
grpo,1788154958,0,60183
grpo,1788154963,0,60183
grpo,1788154968,0,60183
grpo,1788154973,0,60183
grpo,1788154978,0,60183
grpo,1788154983,0,60183
grpo,1788154988,0,60183
grpo,1788154993,0,60183
grpo,1788154998,0,60183
grpo,1788155003,0,60183
grpo,1788155008,0,109517
grpo,1788155013,0,109517
grpo,1788155018,0,109517
grpo,1788155024,0,109517
grpo,1788155029,0,39655
grpo,1788155034,0,40899
grpo,1788155039,0,40919
grpo,1788155044,0,42723
grpo,1788155049,0,42723
grpo,1788155054,0,42723
grpo,1788155059,0,42723
grpo,1788155064,0,42723
grpo,1788155069,0,42723
grpo,1788155074,0,42723
grpo,1788155079,0,42723
grpo,1788155084,0,42723
grpo,1788155089,0,42723
grpo,1788155094,0,42723
grpo,1788155099,0,42723
grpo,1788155104,0,42723
grpo,1788155109,0,56043
grpo,1788155114,0,56123
grpo,1788155119,0,56263
grpo,1788155125,0,58523
grpo,1788155130,0,60183
grpo,1788155135,0,60183
grpo,1788155140,0,60243
grpo,1788155145,0,60243
grpo,1788155150,0,60243
grpo,1788155155,0,60243
grpo,1788155160,0,60243
grpo,1788155165,0,60243
grpo,1788155170,0,108819
grpo,1788155175,0,108819
grpo,1788155180,0,108819
grpo,1788155185,0,108819
grpo,1788155190,0,38733
grpo,1788155195,0,40899
grpo,1788155200,0,40919
grpo,1788155205,0,40923
grpo,1788155210,0,42723
grpo,1788155215,0,42723
grpo,1788155220,0,42723
grpo,1788155226,0,42723
grpo,1788155231,0,42723
grpo,1788155236,0,42723
grpo,1788155241,0,42723
grpo,1788155246,0,42723
grpo,1788155251,0,42723
grpo,1788155256,0,42723
grpo,1788155261,0,42723
grpo,1788155266,0,42723
grpo,1788155271,0,42723
grpo,1788155276,0,56083
grpo,1788155281,0,56223
grpo,1788155286,0,58623
grpo,1788155291,0,60183
grpo,1788155296,0,60183
grpo,1788155301,0,60243
grpo,1788155306,0,60243
grpo,1788155311,0,60243
grpo,1788155316,0,60243
grpo,1788155321,0,60243
grpo,1788155327,0,60243
grpo,1788155332,0,72161
grpo,1788155337,0,108517
grpo,1788155342,0,108517
grpo,1788155347,0,108517
grpo,1788155352,0,39655
grpo,1788155357,0,40901
grpo,1788155362,0,40901
grpo,1788155367,0,42701
grpo,1788155372,0,42701
grpo,1788155377,0,42701
grpo,1788155382,0,42701
grpo,1788155387,0,42701
grpo,1788155392,0,42701
grpo,1788155397,0,42701
grpo,1788155402,0,42701
grpo,1788155407,0,42701
grpo,1788155412,0,42701
grpo,1788155417,0,42701
grpo,1788155422,0,42701
grpo,1788155428,0,42701
grpo,1788155433,0,56061
grpo,1788155438,0,56121
grpo,1788155443,0,56241
grpo,1788155448,0,57923
grpo,1788155453,0,60183
grpo,1788155458,0,60203
grpo,1788155463,0,60203
grpo,1788155468,0,60203
grpo,1788155473,0,60203
grpo,1788155478,0,60203
grpo,1788155483,0,44755
grpo,1788155488,0,108635
grpo,1788155493,0,108635
grpo,1788155498,0,108635
grpo,1788155503,0,108635
grpo,1788155508,0,39915
grpo,1788155513,0,40899
grpo,1788155518,0,40923
grpo,1788155523,0,42723
grpo,1788155528,0,42723
grpo,1788155534,0,42723
grpo,1788155539,0,42723
grpo,1788155544,0,42723
grpo,1788155549,0,42723
grpo,1788155554,0,42723
grpo,1788155559,0,42723
grpo,1788155564,0,42723
grpo,1788155569,0,42723
grpo,1788155574,0,42723
grpo,1788155579,0,42723
grpo,1788155584,0,42723
grpo,1788155589,0,56043
grpo,1788155594,0,56143
grpo,1788155599,0,56403
grpo,1788155604,0,60183
grpo,1788155609,0,60183
grpo,1788155614,0,60183
grpo,1788155619,0,60243
grpo,1788155624,0,60243
grpo,1788155629,0,60243
grpo,1788155635,0,60243
grpo,1788155640,0,60243
grpo,1788155645,0,60243
grpo,1788155650,0,109721
grpo,1788155655,0,109721
grpo,1788155660,0,109721
grpo,1788155665,0,109721
grpo,1788155670,0,109721
grpo,1788155675,0,39875
grpo,1788155680,0,40899
grpo,1788155685,0,40901
grpo,1788155690,0,42703
grpo,1788155695,0,42703
grpo,1788155700,0,42703
grpo,1788155705,0,42703
grpo,1788155710,0,42703
grpo,1788155715,0,42703
grpo,1788155720,0,42703
grpo,1788155725,0,42703
grpo,1788155730,0,42703
grpo,1788155736,0,42703
grpo,1788155741,0,42703
grpo,1788155746,0,42703
grpo,1788155751,0,42703
grpo,1788155756,0,42703
grpo,1788155761,0,56103
grpo,1788155766,0,56223
grpo,1788155771,0,59623
grpo,1788155776,0,60183
grpo,1788155781,0,60183
grpo,1788155786,0,60183
grpo,1788155791,0,60183
grpo,1788155796,0,60183
grpo,1788155801,0,60183
grpo,1788155806,0,60183
grpo,1788155811,0,60183
grpo,1788155816,0,60183
grpo,1788155821,0,109655
grpo,1788155826,0,109655
grpo,1788155831,0,109655
grpo,1788155837,0,109655
grpo,1788155842,0,39655
grpo,1788155847,0,40899
grpo,1788155852,0,40919
grpo,1788155857,0,42723
grpo,1788155862,0,42723
grpo,1788155867,0,42723
grpo,1788155872,0,42723
grpo,1788155877,0,42723
grpo,1788155882,0,42723
grpo,1788155887,0,42723
grpo,1788155892,0,42723
grpo,1788155897,0,42723
grpo,1788155902,0,42723
grpo,1788155907,0,42723
grpo,1788155912,0,42723
grpo,1788155917,0,42723
grpo,1788155922,0,55983
grpo,1788155927,0,56103
grpo,1788155932,0,56243
grpo,1788155938,0,59983
grpo,1788155943,0,60183
grpo,1788155948,0,60183
grpo,1788155953,0,60243
grpo,1788155958,0,60243
grpo,1788155963,0,60243
grpo,1788155968,0,60243
grpo,1788155973,0,60243
grpo,1788155978,0,60243
grpo,1788155983,0,109689
grpo,1788155988,0,109689
grpo,1788155993,0,109689
grpo,1788155998,0,109689
grpo,1788156003,0,109689
grpo,1788156008,0,39957
grpo,1788156013,0,40899
grpo,1788156018,0,40923
grpo,1788156023,0,42723
grpo,1788156028,0,42723
grpo,1788156033,0,42723
grpo,1788156039,0,42723
grpo,1788156044,0,42723
grpo,1788156049,0,42723
grpo,1788156054,0,42723
grpo,1788156059,0,42723
grpo,1788156064,0,42723
grpo,1788156069,0,42723
grpo,1788156074,0,42723
grpo,1788156079,0,42723
grpo,1788156084,0,42723
grpo,1788156089,0,56063
grpo,1788156094,0,56143
grpo,1788156099,0,56703
grpo,1788156104,0,60183
grpo,1788156109,0,60183
grpo,1788156114,0,60183
grpo,1788156119,0,60243
grpo,1788156124,0,60243
grpo,1788156129,0,60243
grpo,1788156134,0,60243
grpo,1788156140,0,60243
grpo,1788156145,0,60243
grpo,1788156150,0,109387
grpo,1788156155,0,109387
grpo,1788156160,0,109387
grpo,1788156165,0,109387
grpo,1788156170,0,109387
grpo,1788156175,0,40619
grpo,1788156180,0,40919
grpo,1788156185,0,40923
grpo,1788156190,0,42723
grpo,1788156195,0,42723
grpo,1788156200,0,42723
grpo,1788156205,0,42723
grpo,1788156210,0,42723
grpo,1788156215,0,42723
grpo,1788156220,0,42723
grpo,1788156225,0,42723
grpo,1788156230,0,42723
grpo,1788156235,0,42723
grpo,1788156240,0,42723
grpo,1788156246,0,42723
grpo,1788156251,0,42723
grpo,1788156256,0,56083
grpo,1788156261,0,56183
grpo,1788156266,0,57503
grpo,1788156271,0,60183
grpo,1788156276,0,60183
grpo,1788156281,0,60183
grpo,1788156286,0,60243
grpo,1788156291,0,60243
grpo,1788156296,0,60243
grpo,1788156301,0,60243
grpo,1788156306,0,60243
grpo,1788156311,0,60243
grpo,1788156316,0,109569
grpo,1788156321,0,109569
grpo,1788156326,0,109569
grpo,1788156331,0,109569
grpo,1788156336,0,109569
grpo,1788156341,0,40899
grpo,1788156347,0,40899
grpo,1788156352,0,40903
grpo,1788156357,0,42703
grpo,1788156362,0,42703
grpo,1788156367,0,42703
grpo,1788156372,0,42703
grpo,1788156377,0,42703
grpo,1788156382,0,42703
grpo,1788156387,0,42703
grpo,1788156392,0,42703
grpo,1788156397,0,42703
grpo,1788156402,0,42703
grpo,1788156407,0,42703
grpo,1788156412,0,42703
grpo,1788156417,0,42703
grpo,1788156422,0,56063
grpo,1788156427,0,56163
grpo,1788156432,0,57383
grpo,1788156437,0,60183
grpo,1788156442,0,60183
grpo,1788156448,0,60183
grpo,1788156453,0,60183
grpo,1788156458,0,60183
grpo,1788156463,0,60183
grpo,1788156468,0,60183
grpo,1788156473,0,60183
grpo,1788156478,0,60183
grpo,1788156483,0,109293
grpo,1788156488,0,109293
grpo,1788156493,0,109293
grpo,1788156498,0,109293
grpo,1788156503,0,109293
grpo,1788156508,0,40521
grpo,1788156513,0,40921
grpo,1788156518,0,40923
grpo,1788156523,0,42723
grpo,1788156528,0,42723
grpo,1788156533,0,42723
grpo,1788156538,0,42723
grpo,1788156543,0,42723
grpo,1788156549,0,42723
grpo,1788156554,0,42723
grpo,1788156559,0,42723
grpo,1788156564,0,42723
grpo,1788156569,0,42723
grpo,1788156574,0,42723
grpo,1788156579,0,42723
grpo,1788156584,0,42723
grpo,1788156589,0,56083
grpo,1788156594,0,56203
grpo,1788156599,0,57003
grpo,1788156604,0,60183
grpo,1788156609,0,60183
grpo,1788156614,0,60243
grpo,1788156619,0,60243
grpo,1788156624,0,60243
grpo,1788156629,0,60243
grpo,1788156634,0,60243
grpo,1788156639,0,60243
grpo,1788156644,0,44755
grpo,1788156650,0,109343
grpo,1788156655,0,109343
grpo,1788156660,0,109343
grpo,1788156665,0,109343
grpo,1788156670,0,39875
grpo,1788156675,0,40899
grpo,1788156680,0,40919
grpo,1788156685,0,42723
grpo,1788156690,0,42723
grpo,1788156695,0,42723
grpo,1788156700,0,42723
grpo,1788156705,0,42723
grpo,1788156710,0,42723
grpo,1788156715,0,42723
grpo,1788156720,0,42723
grpo,1788156725,0,42723
grpo,1788156730,0,42723
grpo,1788156735,0,42723
grpo,1788156740,0,42723
grpo,1788156745,0,42723
grpo,1788156751,0,55983
grpo,1788156756,0,56123
grpo,1788156761,0,56263
grpo,1788156766,0,59763
grpo,1788156771,0,60183
grpo,1788156776,0,60183
grpo,1788156781,0,60243
grpo,1788156786,0,60243
grpo,1788156791,0,60243
grpo,1788156796,0,60243
grpo,1788156801,0,60243
grpo,1788156806,0,60243
grpo,1788156811,0,60243
grpo,1788156816,0,108867
grpo,1788156821,0,108867
grpo,1788156826,0,108867
grpo,1788156831,0,108867
grpo,1788156836,0,39655
grpo,1788156841,0,40899
grpo,1788156846,0,40919
grpo,1788156852,0,42723
grpo,1788156857,0,42723
grpo,1788156862,0,42723
grpo,1788156867,0,42723
grpo,1788156872,0,42723
grpo,1788156877,0,42723
grpo,1788156882,0,42723
grpo,1788156887,0,42723
grpo,1788156892,0,42723
grpo,1788156897,0,42723
grpo,1788156902,0,42723
grpo,1788156907,0,42723
grpo,1788156912,0,42723
grpo,1788156917,0,55983
grpo,1788156922,0,56103
grpo,1788156927,0,56243
grpo,1788156932,0,59763
grpo,1788156937,0,60183
grpo,1788156942,0,60183
grpo,1788156947,0,60243
grpo,1788156953,0,60243
grpo,1788156958,0,60243
grpo,1788156963,0,60243
grpo,1788156968,0,60243
grpo,1788156973,0,60243
grpo,1788156978,0,107819
grpo,1788156983,0,110059
grpo,1788156988,0,110059
grpo,1788156993,0,110059
grpo,1788156998,0,110059
grpo,1788157003,0,39875
grpo,1788157008,0,40899
grpo,1788157013,0,40919
grpo,1788157018,0,42723
grpo,1788157023,0,42723
grpo,1788157028,0,42723
grpo,1788157033,0,42723
grpo,1788157038,0,42723
grpo,1788157043,0,42723
grpo,1788157048,0,42723
grpo,1788157054,0,42723
grpo,1788157059,0,42723
grpo,1788157064,0,42723
grpo,1788157069,0,42723
grpo,1788157074,0,42723
grpo,1788157079,0,42723
grpo,1788157084,0,55983
grpo,1788157089,0,56123
grpo,1788157094,0,56263
grpo,1788157099,0,60183
grpo,1788157104,0,60183
grpo,1788157109,0,60183
grpo,1788157114,0,60243
grpo,1788157119,0,60243
grpo,1788157124,0,60243
grpo,1788157129,0,60243
grpo,1788157134,0,60243
grpo,1788157139,0,60243
grpo,1788157144,0,87241
grpo,1788157149,0,112305
grpo,1788157155,0,112305
grpo,1788157160,0,112305
grpo,1788157165,0,112305
grpo,1788157170,0,112305
grpo,1788157175,0,40499
grpo,1788157180,0,40919
grpo,1788157185,0,40923
grpo,1788157190,0,42723
grpo,1788157195,0,42723
grpo,1788157200,0,42723
grpo,1788157205,0,42723
grpo,1788157210,0,42723
grpo,1788157215,0,42723
grpo,1788157220,0,42723
grpo,1788157225,0,42723
grpo,1788157230,0,42723
grpo,1788157235,0,42723
grpo,1788157240,0,42723
grpo,1788157245,0,42723
grpo,1788157250,0,42723
grpo,1788157256,0,56063
grpo,1788157261,0,56183
grpo,1788157266,0,56923
grpo,1788157271,0,60183
grpo,1788157276,0,60183
grpo,1788157281,0,60183
grpo,1788157286,0,60243
grpo,1788157291,0,60243
grpo,1788157296,0,60243
grpo,1788157301,0,60243
grpo,1788157306,0,60243
grpo,1788157311,0,60243
grpo,1788157316,0,60243
grpo,1788157321,0,112619
grpo,1788157326,0,112619
grpo,1788157331,0,112619
grpo,1788157336,0,112619
grpo,1788157341,0,39835
grpo,1788157346,0,40899
grpo,1788157351,0,40923
grpo,1788157357,0,42723
grpo,1788157362,0,42723
grpo,1788157367,0,42723
grpo,1788157372,0,42723
grpo,1788157377,0,42723
grpo,1788157382,0,42723
grpo,1788157387,0,42723
grpo,1788157392,0,42723
grpo,1788157397,0,42723
grpo,1788157402,0,42723
grpo,1788157407,0,42723
grpo,1788157412,0,42723
grpo,1788157417,0,42723
grpo,1788157422,0,56043
grpo,1788157427,0,56123
grpo,1788157432,0,56243
grpo,1788157437,0,58783
grpo,1788157442,0,60183
grpo,1788157447,0,60183
grpo,1788157452,0,60243
grpo,1788157458,0,60243
grpo,1788157463,0,60243
grpo,1788157468,0,60243
grpo,1788157473,0,60243
grpo,1788157478,0,52613
grpo,1788157483,0,113639
grpo,1788157488,0,113639
grpo,1788157493,0,113639
grpo,1788157498,0,113639
grpo,1788157503,0,39875
grpo,1788157508,0,40899
grpo,1788157513,0,40899
grpo,1788157518,0,42703
grpo,1788157523,0,42703
grpo,1788157528,0,42703
grpo,1788157533,0,42703
grpo,1788157538,0,42703
grpo,1788157543,0,42703
grpo,1788157548,0,42703
grpo,1788157553,0,42703
grpo,1788157559,0,42703
grpo,1788157564,0,42703
grpo,1788157569,0,42703
grpo,1788157574,0,42703
grpo,1788157579,0,42703
grpo,1788157584,0,55963
grpo,1788157589,0,56123
grpo,1788157594,0,56403
grpo,1788157599,0,59643
grpo,1788157604,0,60183
grpo,1788157609,0,60183
grpo,1788157614,0,60183
grpo,1788157619,0,60183
grpo,1788157624,0,60183
grpo,1788157629,0,60183
grpo,1788157634,0,60183
grpo,1788157639,0,60183
grpo,1788157644,0,115525
grpo,1788157649,0,115525
grpo,1788157654,0,115525
grpo,1788157660,0,115525
grpo,1788157665,0,49669
grpo,1788157670,0,40899
grpo,1788157675,0,40899
grpo,1788157680,0,40903
grpo,1788157685,0,42703
grpo,1788157690,0,42703
grpo,1788157695,0,42703
grpo,1788157700,0,42703
grpo,1788157705,0,42703
grpo,1788157710,0,42703
grpo,1788157715,0,42703
grpo,1788157720,0,42703
grpo,1788157725,0,42703
grpo,1788157730,0,42703
grpo,1788157735,0,42703
grpo,1788157740,0,42703
grpo,1788157745,0,42703
grpo,1788157750,0,56103
grpo,1788157755,0,56203
grpo,1788157761,0,57903
grpo,1788157766,0,60183
grpo,1788157771,0,60183
grpo,1788157776,0,60203
grpo,1788157781,0,60203
grpo,1788157786,0,60203
grpo,1788157791,0,60203
grpo,1788157796,0,60203
grpo,1788157801,0,60203
grpo,1788157806,0,108379
grpo,1788157811,0,108379
grpo,1788157816,0,108379
grpo,1788157821,0,108379
grpo,1788157826,0,42523
grpo,1788157831,0,40899
grpo,1788157836,0,40899
grpo,1788157841,0,40903
grpo,1788157846,0,42703
grpo,1788157851,0,42703
grpo,1788157856,0,42703
grpo,1788157861,0,42703
grpo,1788157867,0,42703
grpo,1788157872,0,42703
grpo,1788157877,0,42703
grpo,1788157882,0,42703
grpo,1788157887,0,42703
grpo,1788157892,0,42703
grpo,1788157897,0,42703
grpo,1788157902,0,42703
grpo,1788157907,0,42703
grpo,1788157912,0,56063
grpo,1788157917,0,56203
grpo,1788157922,0,57723
grpo,1788157927,0,60183
grpo,1788157932,0,60183
grpo,1788157937,0,60183
grpo,1788157942,0,60203
grpo,1788157947,0,60203
grpo,1788157952,0,60203
grpo,1788157957,0,60203
grpo,1788157963,0,60203
grpo,1788157968,0,60203
grpo,1788157973,0,109389
grpo,1788157978,0,109389
grpo,1788157983,0,109389
grpo,1788157988,0,109389
grpo,1788157993,0,39815
grpo,1788157998,0,40899
grpo,1788158003,0,40903
grpo,1788158008,0,42703
grpo,1788158013,0,42703
grpo,1788158018,0,42703
grpo,1788158023,0,42703
grpo,1788158028,0,42703
grpo,1788158033,0,42703
grpo,1788158038,0,42703
grpo,1788158043,0,42703
grpo,1788158048,0,42703
grpo,1788158053,0,42703
grpo,1788158059,0,42703
grpo,1788158064,0,42703
grpo,1788158069,0,42703
grpo,1788158074,0,55963
grpo,1788158079,0,56103
grpo,1788158084,0,56263
grpo,1788158089,0,58723
grpo,1788158094,0,60183
grpo,1788158099,0,60183
grpo,1788158104,0,60183
grpo,1788158109,0,60183
grpo,1788158114,0,60183
grpo,1788158119,0,60183
grpo,1788158124,0,60183
grpo,1788158129,0,66483
grpo,1788158134,0,108139
grpo,1788158139,0,108139
grpo,1788158144,0,108139
grpo,1788158149,0,108139
grpo,1788158155,0,42283
grpo,1788158160,0,40899
grpo,1788158165,0,40919
grpo,1788158170,0,40923
grpo,1788158175,0,42723
grpo,1788158180,0,42723
grpo,1788158185,0,42723
grpo,1788158190,0,42723
grpo,1788158195,0,42723
grpo,1788158200,0,42723
grpo,1788158205,0,42723
grpo,1788158210,0,42723
grpo,1788158215,0,42723
grpo,1788158220,0,42723
grpo,1788158225,0,42723
grpo,1788158230,0,42723
grpo,1788158235,0,42723
grpo,1788158240,0,56063
grpo,1788158245,0,56183
grpo,1788158251,0,58343
grpo,1788158256,0,60183
grpo,1788158261,0,60183
grpo,1788158266,0,60183
grpo,1788158271,0,60243
grpo,1788158276,0,60243
grpo,1788158281,0,60243
grpo,1788158286,0,60243
grpo,1788158291,0,60243
grpo,1788158296,0,60243
grpo,1788158301,0,108913
grpo,1788158306,0,108913
grpo,1788158311,0,108913
grpo,1788158316,0,108913
grpo,1788158321,0,108913
grpo,1788158326,0,40599
grpo,1788158331,0,40919
grpo,1788158336,0,40923
grpo,1788158341,0,42723
grpo,1788158346,0,42723
grpo,1788158352,0,42723
grpo,1788158357,0,42723
grpo,1788158362,0,42723
grpo,1788158367,0,42723
grpo,1788158372,0,42723
grpo,1788158377,0,42723
grpo,1788158382,0,42723
grpo,1788158387,0,42723
grpo,1788158392,0,42723
grpo,1788158397,0,42723
grpo,1788158402,0,42723
grpo,1788158407,0,56083
grpo,1788158412,0,56203
grpo,1788158417,0,57523
grpo,1788158422,0,60183
grpo,1788158427,0,60183
grpo,1788158432,0,60243
grpo,1788158437,0,60243
grpo,1788158442,0,60243
grpo,1788158447,0,60243
grpo,1788158453,0,60243
grpo,1788158458,0,60243
grpo,1788158463,0,66483
grpo,1788158468,0,109381
grpo,1788158473,0,109381
grpo,1788158478,0,109381
grpo,1788158483,0,109381
grpo,1788158488,0,39875
grpo,1788158493,0,40899
grpo,1788158498,0,40903
grpo,1788158503,0,42703
grpo,1788158508,0,42703
grpo,1788158513,0,42703
grpo,1788158518,0,42703
grpo,1788158523,0,42703
grpo,1788158528,0,42703
grpo,1788158533,0,42703
grpo,1788158538,0,42703
grpo,1788158544,0,42703
grpo,1788158549,0,42703
grpo,1788158554,0,42703
grpo,1788158559,0,42703
grpo,1788158564,0,42703
grpo,1788158569,0,56063
grpo,1788158574,0,56123
grpo,1788158579,0,56463
grpo,1788158584,0,60183
grpo,1788158589,0,60183
grpo,1788158594,0,60183
grpo,1788158599,0,60183
grpo,1788158604,0,60183
grpo,1788158609,0,60183
grpo,1788158614,0,60183
grpo,1788158619,0,60183
grpo,1788158624,0,62963
grpo,1788158629,0,108223
grpo,1788158634,0,108223
grpo,1788158640,0,108223
grpo,1788158645,0,108223
grpo,1788158650,0,108223
grpo,1788158655,0,40699
grpo,1788158660,0,40919
grpo,1788158665,0,40923
grpo,1788158670,0,42723
grpo,1788158675,0,42723
grpo,1788158680,0,42723
grpo,1788158685,0,42723
grpo,1788158690,0,42723
grpo,1788158695,0,42723
grpo,1788158700,0,42723
grpo,1788158705,0,42723
grpo,1788158710,0,42723
grpo,1788158715,0,42723
grpo,1788158720,0,42723
grpo,1788158725,0,42723
grpo,1788158730,0,42723
grpo,1788158736,0,56063
grpo,1788158741,0,56143
grpo,1788158746,0,57223
grpo,1788158751,0,60183
grpo,1788158756,0,60183
grpo,1788158761,0,60183
grpo,1788158766,0,60243
grpo,1788158771,0,60243
grpo,1788158776,0,60243
grpo,1788158781,0,60243
grpo,1788158786,0,60245
grpo,1788158791,0,60245
grpo,1788158796,0,87243
grpo,1788158801,0,108823
grpo,1788158806,0,108823
grpo,1788158811,0,108823
grpo,1788158816,0,108823
grpo,1788158821,0,39915
grpo,1788158826,0,40899
grpo,1788158831,0,40903
grpo,1788158837,0,42703
grpo,1788158842,0,42703
grpo,1788158847,0,42703
grpo,1788158852,0,42703
grpo,1788158857,0,42703
grpo,1788158862,0,42703
grpo,1788158867,0,42703
grpo,1788158872,0,42703
grpo,1788158877,0,42703
grpo,1788158882,0,42703
grpo,1788158887,0,42703
grpo,1788158892,0,42703
grpo,1788158897,0,42703
grpo,1788158902,0,56063
grpo,1788158907,0,56143
grpo,1788158912,0,56383
grpo,1788158917,0,59783
grpo,1788158922,0,60183
grpo,1788158927,0,60183
grpo,1788158933,0,60203
grpo,1788158938,0,60203
grpo,1788158943,0,60203
grpo,1788158948,0,60203
grpo,1788158953,0,60203
grpo,1788158958,0,60203
grpo,1788158963,0,107849
grpo,1788158968,0,107849
grpo,1788158973,0,107849
grpo,1788158978,0,107849
grpo,1788158983,0,107849
grpo,1788158988,0,40259
grpo,1788158993,0,40899
grpo,1788158998,0,40921
grpo,1788159003,0,42723
grpo,1788159008,0,42723
grpo,1788159013,0,42723
grpo,1788159018,0,42723
grpo,1788159023,0,42723
grpo,1788159029,0,42723
grpo,1788159034,0,42723
grpo,1788159039,0,42723
grpo,1788159044,0,42723
grpo,1788159049,0,42723
grpo,1788159054,0,42723
grpo,1788159059,0,42723
grpo,1788159064,0,42723
grpo,1788159069,0,55983
grpo,1788159074,0,56123
grpo,1788159079,0,56903
grpo,1788159084,0,59743
grpo,1788159089,0,60183
grpo,1788159094,0,60183
grpo,1788159099,0,60243
grpo,1788159104,0,60243
grpo,1788159109,0,60243
grpo,1788159114,0,60243
grpo,1788159120,0,60243
grpo,1788159125,0,60243
grpo,1788159130,0,60243
grpo,1788159135,0,110077
grpo,1788159140,0,110077
grpo,1788159145,0,110077
grpo,1788159150,0,110077
grpo,1788159155,0,39493
grpo,1788159160,0,40899
grpo,1788159165,0,40919
grpo,1788159170,0,42723
grpo,1788159175,0,42723
grpo,1788159180,0,42723
grpo,1788159185,0,42723
grpo,1788159190,0,42723
grpo,1788159195,0,42723
grpo,1788159200,0,42723
grpo,1788159205,0,42723
grpo,1788159210,0,42723
grpo,1788159216,0,42723
grpo,1788159221,0,42723
grpo,1788159226,0,42723
grpo,1788159231,0,42723
grpo,1788159236,0,42723
grpo,1788159241,0,56103
grpo,1788159246,0,56263
grpo,1788159251,0,58363
grpo,1788159256,0,60183
grpo,1788159261,0,60183
grpo,1788159266,0,60243
grpo,1788159271,0,60243
grpo,1788159276,0,60243
grpo,1788159281,0,60243
grpo,1788159286,0,60243
grpo,1788159291,0,60243
grpo,1788159296,0,109251
grpo,1788159301,0,109251
grpo,1788159307,0,109251
grpo,1788159312,0,109251
grpo,1788159317,0,109251
grpo,1788159322,0,40037
grpo,1788159327,0,40899
grpo,1788159332,0,40901
grpo,1788159337,0,42703
grpo,1788159342,0,42703
grpo,1788159347,0,42703
grpo,1788159352,0,42703
grpo,1788159357,0,42703
grpo,1788159362,0,42703
grpo,1788159367,0,42703
grpo,1788159372,0,42703
grpo,1788159377,0,42703
grpo,1788159382,0,42703
grpo,1788159387,0,42703
grpo,1788159392,0,42703
grpo,1788159397,0,42703
grpo,1788159403,0,56043
grpo,1788159408,0,56183
grpo,1788159413,0,56723
grpo,1788159418,0,59923
grpo,1788159423,0,60183
grpo,1788159428,0,60183
grpo,1788159433,0,60183
grpo,1788159438,0,60183
grpo,1788159443,0,60183
grpo,1788159448,0,60183
grpo,1788159453,0,60183
grpo,1788159458,0,60183
grpo,1788159463,0,87241
grpo,1788159468,0,108939
grpo,1788159473,0,108939
grpo,1788159478,0,108939
grpo,1788159483,0,108939
grpo,1788159488,0,38733
grpo,1788159493,0,40899
grpo,1788159499,0,40919
grpo,1788159504,0,40923
grpo,1788159509,0,42723
grpo,1788159514,0,42723
grpo,1788159519,0,42723
grpo,1788159524,0,42723
grpo,1788159529,0,42723
grpo,1788159534,0,42723
grpo,1788159539,0,42723
grpo,1788159544,0,42723
grpo,1788159549,0,42723
grpo,1788159554,0,42723
grpo,1788159559,0,42723
grpo,1788159564,0,42723
grpo,1788159569,0,42723
grpo,1788159574,0,56103
grpo,1788159579,0,56263
grpo,1788159584,0,57783
grpo,1788159589,0,60183
grpo,1788159595,0,60183
grpo,1788159600,0,60183
grpo,1788159605,0,60243
grpo,1788159610,0,60243
grpo,1788159615,0,60243
grpo,1788159620,0,60243
grpo,1788159625,0,60243
grpo,1788159630,0,60243
grpo,1788159635,0,109423
grpo,1788159640,0,109423
grpo,1788159645,0,109423
grpo,1788159650,0,109423
grpo,1788159655,0,109423
grpo,1788159660,0,39977
grpo,1788159665,0,40899
grpo,1788159670,0,40921
grpo,1788159675,0,42723
grpo,1788159680,0,42723
grpo,1788159685,0,42723
grpo,1788159691,0,42723
grpo,1788159696,0,42723
grpo,1788159701,0,42723
grpo,1788159706,0,42723
grpo,1788159711,0,42723
grpo,1788159716,0,42723
grpo,1788159721,0,42723
grpo,1788159726,0,42723
grpo,1788159731,0,42723
grpo,1788159736,0,42723
grpo,1788159741,0,49363
grpo,1788159746,0,56143
grpo,1788159751,0,56463
grpo,1788159756,0,59203
grpo,1788159761,0,60183
grpo,1788159766,0,60183
grpo,1788159771,0,60243
grpo,1788159776,0,60243
grpo,1788159781,0,60243
grpo,1788159786,0,60243
grpo,1788159792,0,60243
grpo,1788159797,0,60243
grpo,1788159802,0,60243
grpo,1788159807,0,105463
grpo,1788159812,0,105463
grpo,1788159817,0,105463
grpo,1788159822,0,107733
grpo,1788159827,0,107733
grpo,1788159832,0,107733
grpo,1788159837,0,107733
grpo,1788159842,0,107733
grpo,1788159847,0,38733
grpo,1788159852,0,40899
grpo,1788159857,0,40899
grpo,1788159862,0,40903
grpo,1788159867,0,42703
grpo,1788159872,0,42703
grpo,1788159877,0,42703
grpo,1788159882,0,42703
grpo,1788159887,0,42703
grpo,1788159893,0,42703
grpo,1788159898,0,42703
grpo,1788159903,0,42703
grpo,1788159908,0,42703
grpo,1788159913,0,42703
grpo,1788159918,0,42703
grpo,1788159923,0,42703
grpo,1788159928,0,42703
grpo,1788159933,0,56083
grpo,1788159938,0,56263
grpo,1788159943,0,58583
grpo,1788159948,0,60183
grpo,1788159953,0,60183
grpo,1788159958,0,60183
grpo,1788159963,0,60183
grpo,1788159968,0,60183
grpo,1788159973,0,60183
grpo,1788159978,0,60183
grpo,1788159983,0,60183
grpo,1788159989,0,60185
grpo,1788159994,0,60185
grpo,1788159999,0,111259
grpo,1788160004,0,111259
grpo,1788160009,0,111259
grpo,1788160014,0,111259
grpo,1788160019,0,45403
grpo,1788160024,0,40539
grpo,1788160029,0,40919
grpo,1788160034,0,40923
grpo,1788160039,0,42723
grpo,1788160044,0,42723
grpo,1788160049,0,42723
grpo,1788160054,0,42723
grpo,1788160059,0,42723
grpo,1788160064,0,42723
grpo,1788160069,0,42723
grpo,1788160074,0,42723
grpo,1788160079,0,42723
grpo,1788160084,0,42723
grpo,1788160090,0,42723
grpo,1788160095,0,42723
grpo,1788160100,0,42723
grpo,1788160105,0,56083
grpo,1788160110,0,56203
grpo,1788160115,0,57243
grpo,1788160120,0,59963
grpo,1788160125,0,60183
grpo,1788160130,0,60243
grpo,1788160135,0,60243
grpo,1788160140,0,60243
grpo,1788160145,0,60243
grpo,1788160150,0,60243
grpo,1788160155,0,60243
grpo,1788160160,0,87241
grpo,1788160165,0,109459
grpo,1788160170,0,109459
grpo,1788160175,0,109459
grpo,1788160180,0,109459
grpo,1788160186,0,39855
grpo,1788160191,0,40899
grpo,1788160196,0,40899
grpo,1788160201,0,42703
grpo,1788160206,0,42703
grpo,1788160211,0,42703
grpo,1788160216,0,42703
grpo,1788160221,0,42703
grpo,1788160226,0,42703
grpo,1788160231,0,42703
grpo,1788160236,0,42703
grpo,1788160241,0,42703
grpo,1788160246,0,42703
grpo,1788160251,0,42703
grpo,1788160256,0,42703
grpo,1788160261,0,42703
grpo,1788160266,0,56063
grpo,1788160271,0,56163
grpo,1788160276,0,56663
grpo,1788160282,0,58703
grpo,1788160287,0,60183
grpo,1788160292,0,60183
grpo,1788160297,0,60183
grpo,1788160302,0,60183
grpo,1788160307,0,60183
grpo,1788160312,0,60183
grpo,1788160317,0,60183
grpo,1788160322,0,60183
grpo,1788160327,0,108799
grpo,1788160332,0,108799
grpo,1788160337,0,108799
grpo,1788160342,0,108799
grpo,1788160347,0,108799
grpo,1788160352,0,40239
grpo,1788160357,0,40899
grpo,1788160362,0,40903
grpo,1788160367,0,42703
grpo,1788160372,0,42703
grpo,1788160377,0,42703
grpo,1788160383,0,42703
grpo,1788160388,0,42703
grpo,1788160393,0,42703
grpo,1788160398,0,42703
grpo,1788160403,0,42703
grpo,1788160408,0,42703
grpo,1788160413,0,42703
grpo,1788160418,0,42703
grpo,1788160423,0,42703
grpo,1788160428,0,42703
grpo,1788160433,0,56063
grpo,1788160438,0,56163
grpo,1788160443,0,57143
grpo,1788160448,0,60183
grpo,1788160453,0,60183
grpo,1788160458,0,60183
grpo,1788160463,0,60183
grpo,1788160468,0,60183
grpo,1788160473,0,60183
grpo,1788160478,0,60183
grpo,1788160484,0,60183
grpo,1788160489,0,60183
grpo,1788160494,0,87241
grpo,1788160499,0,107607
grpo,1788160504,0,107607
grpo,1788160509,0,107607
grpo,1788160514,0,107607
grpo,1788160519,0,39495
grpo,1788160524,0,40899
grpo,1788160529,0,40919
grpo,1788160534,0,40923
grpo,1788160539,0,42723
grpo,1788160544,0,42723
grpo,1788160549,0,42723
grpo,1788160554,0,42723
grpo,1788160559,0,42723
grpo,1788160564,0,42723
grpo,1788160569,0,42723
grpo,1788160574,0,42723
grpo,1788160580,0,42723
grpo,1788160585,0,42723
grpo,1788160590,0,42723
grpo,1788160595,0,42723
grpo,1788160600,0,42723
grpo,1788160605,0,56123
grpo,1788160610,0,56323
grpo,1788160615,0,58403
grpo,1788160620,0,60183
grpo,1788160625,0,60183
grpo,1788160630,0,60243
grpo,1788160635,0,60243
grpo,1788160640,0,60243
grpo,1788160645,0,60243
grpo,1788160650,0,60243
grpo,1788160655,0,60243
grpo,1788160660,0,63543
grpo,1788160665,0,108733
grpo,1788160670,0,108733
grpo,1788160675,0,108733
grpo,1788160681,0,108733
grpo,1788160686,0,42877
grpo,1788160691,0,40899
grpo,1788160696,0,40919
grpo,1788160701,0,40923
grpo,1788160706,0,42723
grpo,1788160711,0,42723
grpo,1788160716,0,42723
grpo,1788160721,0,42723
grpo,1788160726,0,42723
grpo,1788160731,0,42723
grpo,1788160736,0,42723
grpo,1788160741,0,42723
grpo,1788160746,0,42723
grpo,1788160751,0,42723
grpo,1788160756,0,42723
grpo,1788160761,0,42723
grpo,1788160766,0,42723
grpo,1788160771,0,56103
grpo,1788160776,0,56243
grpo,1788160782,0,58063
grpo,1788160787,0,60183
grpo,1788160792,0,60183
grpo,1788160797,0,60203
grpo,1788160802,0,60243
grpo,1788160807,0,60243
grpo,1788160812,0,60243
grpo,1788160817,0,60243
grpo,1788160822,0,60243
grpo,1788160827,0,60243
grpo,1788160832,0,110699
grpo,1788160837,0,110699
grpo,1788160842,0,110699
grpo,1788160847,0,110699
grpo,1788160852,0,110699
grpo,1788160857,0,40037
grpo,1788160862,0,40899
grpo,1788160867,0,40901
grpo,1788160872,0,42703
grpo,1788160877,0,42703
grpo,1788160882,0,42703
grpo,1788160888,0,42703
grpo,1788160893,0,42703
grpo,1788160898,0,42703
grpo,1788160903,0,42703
grpo,1788160908,0,42703
grpo,1788160913,0,42703
grpo,1788160918,0,42703
grpo,1788160923,0,42703
grpo,1788160928,0,42703
grpo,1788160933,0,42703
grpo,1788160938,0,56083
grpo,1788160943,0,56183
grpo,1788160948,0,56763
grpo,1788160953,0,60003
grpo,1788160958,0,60183
grpo,1788160963,0,60183
grpo,1788160968,0,60183
grpo,1788160973,0,60183
grpo,1788160978,0,60183
grpo,1788160983,0,60183
grpo,1788160989,0,60185
grpo,1788160994,0,60185
grpo,1788160999,0,45943
grpo,1788161004,0,110027
grpo,1788161009,0,110027
grpo,1788161014,0,110027
grpo,1788161019,0,110027
grpo,1788161024,0,38733
grpo,1788161029,0,40899
grpo,1788161034,0,40919
grpo,1788161039,0,40923
grpo,1788161044,0,42723
grpo,1788161049,0,42723
grpo,1788161054,0,42723
grpo,1788161059,0,42723
grpo,1788161064,0,42723
grpo,1788161069,0,42723
grpo,1788161074,0,42723
grpo,1788161079,0,42723
grpo,1788161084,0,42723
grpo,1788161090,0,42723
grpo,1788161095,0,42723
grpo,1788161100,0,42723
grpo,1788161105,0,42723
grpo,1788161110,0,56103
grpo,1788161115,0,56243
grpo,1788161120,0,58343
grpo,1788161125,0,60183
grpo,1788161130,0,60183
grpo,1788161135,0,60243
grpo,1788161140,0,60243
grpo,1788161145,0,60243
grpo,1788161150,0,60243
grpo,1788161155,0,60245
grpo,1788161160,0,60245
grpo,1788161165,0,60245
grpo,1788161170,0,108855
grpo,1788161175,0,108855
grpo,1788161180,0,108855
grpo,1788161185,0,108855
grpo,1788161191,0,108855
grpo,1788161196,0,39915
grpo,1788161201,0,40899
grpo,1788161206,0,40921
grpo,1788161211,0,42723
grpo,1788161216,0,42723
grpo,1788161221,0,42723
grpo,1788161226,0,42723
grpo,1788161231,0,42723
grpo,1788161236,0,42723
grpo,1788161241,0,42723
grpo,1788161246,0,42723
grpo,1788161251,0,42723
grpo,1788161256,0,42723
grpo,1788161261,0,42723
grpo,1788161266,0,42723
grpo,1788161271,0,42723
grpo,1788161276,0,51423
grpo,1788161281,0,56143
grpo,1788161287,0,56483
grpo,1788161292,0,60063
grpo,1788161297,0,60183
grpo,1788161302,0,60183
grpo,1788161307,0,60243
grpo,1788161312,0,60243
grpo,1788161317,0,60243
grpo,1788161322,0,60243
grpo,1788161327,0,60243
grpo,1788161332,0,60243
grpo,1788161337,0,60243
grpo,1788161342,0,108789
grpo,1788161347,0,108789
grpo,1788161352,0,108789
grpo,1788161357,0,108789
grpo,1788161362,0,39655
grpo,1788161367,0,40901
grpo,1788161372,0,40921
grpo,1788161377,0,40923
grpo,1788161382,0,42723
grpo,1788161388,0,42723
grpo,1788161393,0,42723
grpo,1788161398,0,42723
grpo,1788161403,0,42723
grpo,1788161408,0,42723
grpo,1788161413,0,42723
grpo,1788161418,0,42723
grpo,1788161423,0,42723
grpo,1788161428,0,42723
grpo,1788161433,0,42723
grpo,1788161438,0,42723
grpo,1788161443,0,42723
grpo,1788161448,0,56123
grpo,1788161453,0,56263
grpo,1788161458,0,58023
grpo,1788161463,0,60183
grpo,1788161468,0,60183
grpo,1788161473,0,60243
grpo,1788161478,0,60243
grpo,1788161483,0,60243
grpo,1788161488,0,60243
grpo,1788161493,0,60243
grpo,1788161499,0,60243
grpo,1788161504,0,45943
grpo,1788161509,0,109443
grpo,1788161514,0,109443
grpo,1788161519,0,109443
grpo,1788161524,0,109443
grpo,1788161529,0,93447
grpo,1788161534,0,40899
grpo,1788161539,0,40899
grpo,1788161544,0,40903
grpo,1788161549,0,42703
grpo,1788161554,0,42703
grpo,1788161559,0,42703
grpo,1788161564,0,42703
grpo,1788161569,0,42703
grpo,1788161574,0,42703
grpo,1788161579,0,42703
grpo,1788161584,0,42703
grpo,1788161589,0,42703
grpo,1788161594,0,42703
grpo,1788161600,0,42703
grpo,1788161605,0,42703
grpo,1788161610,0,42703
grpo,1788161615,0,56103
grpo,1788161620,0,56243
grpo,1788161625,0,57563
grpo,1788161630,0,60183
grpo,1788161635,0,60183
grpo,1788161640,0,60183
grpo,1788161645,0,60183
grpo,1788161650,0,60183
grpo,1788161655,0,60183
grpo,1788161660,0,60183
grpo,1788161665,0,60185
grpo,1788161670,0,60185
grpo,1788161675,0,66485
grpo,1788161680,0,108977
grpo,1788161685,0,108977
grpo,1788161690,0,108977
grpo,1788161695,0,108977
grpo,1788161700,0,108977
grpo,1788161706,0,38733
grpo,1788161711,0,40899
grpo,1788161716,0,40919
grpo,1788161721,0,40925
grpo,1788161726,0,42725
grpo,1788161731,0,42725
grpo,1788161736,0,42725
grpo,1788161741,0,42725
grpo,1788161746,0,42725
grpo,1788161751,0,42725
grpo,1788161756,0,42725
grpo,1788161761,0,42725
grpo,1788161766,0,42725
grpo,1788161771,0,42725
grpo,1788161776,0,42725
grpo,1788161781,0,42725
grpo,1788161786,0,42725
grpo,1788161791,0,56105
grpo,1788161796,0,56265
grpo,1788161801,0,58265
grpo,1788161806,0,60185
grpo,1788161811,0,60185
grpo,1788161817,0,60185
grpo,1788161822,0,60245
grpo,1788161827,0,60245
grpo,1788161832,0,60245
grpo,1788161837,0,60245
grpo,1788161842,0,60245
grpo,1788161847,0,60245
grpo,1788161852,0,60245
grpo,1788161857,0,66485
grpo,1788161862,0,109063
grpo,1788161867,0,109063
grpo,1788161872,0,109063
grpo,1788161877,0,109063
grpo,1788161882,0,109063
grpo,1788161887,0,40017
grpo,1788161892,0,40899
grpo,1788161897,0,40919
grpo,1788161902,0,42723
grpo,1788161907,0,42723
grpo,1788161912,0,42723
grpo,1788161918,0,42723
grpo,1788161923,0,42723
grpo,1788161928,0,42723
grpo,1788161933,0,42723
grpo,1788161938,0,42723
grpo,1788161943,0,42723
grpo,1788161948,0,42723
grpo,1788161953,0,42723
grpo,1788161958,0,42723
grpo,1788161963,0,42723
grpo,1788161968,0,52643
grpo,1788161973,0,56163
grpo,1788161978,0,56563
grpo,1788161983,0,60183
grpo,1788161988,0,60183
grpo,1788161993,0,60183
grpo,1788161998,0,60183
grpo,1788162003,0,60243
grpo,1788162008,0,60243
grpo,1788162013,0,60243
grpo,1788162018,0,60243
grpo,1788162024,0,60245
grpo,1788162029,0,60245
grpo,1788162034,0,109651
grpo,1788162039,0,109651
grpo,1788162044,0,109651
grpo,1788162049,0,109651
grpo,1788162054,0,109651
grpo,1788162059,0,109651
grpo,1788162064,0,40439
grpo,1788162069,0,40899
grpo,1788162074,0,40899
grpo,1788162079,0,40905
grpo,1788162084,0,42705
grpo,1788162089,0,42705
grpo,1788162094,0,42705
grpo,1788162099,0,42705
grpo,1788162104,0,42705
grpo,1788162109,0,42705
grpo,1788162114,0,42705
grpo,1788162119,0,42705
grpo,1788162124,0,42705
grpo,1788162130,0,42705
grpo,1788162135,0,42705
grpo,1788162140,0,42705
grpo,1788162145,0,42705
grpo,1788162150,0,56145
grpo,1788162155,0,57005
grpo,1788162160,0,60185
grpo,1788162165,0,60185
grpo,1788162170,0,60185
grpo,1788162175,0,60185
grpo,1788162180,0,60185
grpo,1788162185,0,60185
grpo,1788162190,0,60185
grpo,1788162195,0,60185
grpo,1788162200,0,60185
grpo,1788162205,0,60185
grpo,1788162210,0,60185
grpo,1788162215,0,87243
grpo,1788162220,0,108199
grpo,1788162225,0,108199
grpo,1788162231,0,108199
grpo,1788162236,0,108199
grpo,1788162241,0,108199
grpo,1788162246,0,40359
grpo,1788162251,0,40919
grpo,1788162256,0,40921
grpo,1788162261,0,42723
grpo,1788162266,0,42723
grpo,1788162271,0,42723
grpo,1788162276,0,42723
grpo,1788162281,0,42723
grpo,1788162286,0,42723
grpo,1788162291,0,42723
grpo,1788162296,0,42723
grpo,1788162301,0,42723
grpo,1788162306,0,42723
grpo,1788162311,0,42723
grpo,1788162316,0,42723
grpo,1788162321,0,42723
grpo,1788162326,0,55983
grpo,1788162331,0,56163
grpo,1788162337,0,56803
grpo,1788162342,0,60183
grpo,1788162347,0,60183
grpo,1788162352,0,60183
grpo,1788162357,0,60203
grpo,1788162362,0,60243
grpo,1788162367,0,60243
grpo,1788162372,0,60243
grpo,1788162377,0,60243
grpo,1788162382,0,60243
grpo,1788162387,0,60243
grpo,1788162392,0,108417
grpo,1788162397,0,108417
grpo,1788162402,0,108417
grpo,1788162407,0,108417
grpo,1788162412,0,108417
grpo,1788162417,0,39875
grpo,1788162422,0,40899
grpo,1788162427,0,40919
grpo,1788162432,0,40923
grpo,1788162437,0,42723
grpo,1788162443,0,42723
grpo,1788162448,0,42723
grpo,1788162453,0,42723
grpo,1788162458,0,42723
grpo,1788162463,0,42723
grpo,1788162468,0,42723
grpo,1788162473,0,42723
grpo,1788162478,0,42723
grpo,1788162483,0,42723
grpo,1788162488,0,42723
grpo,1788162493,0,42723
grpo,1788162498,0,42723
grpo,1788162503,0,56123
grpo,1788162508,0,56363
grpo,1788162513,0,58663
grpo,1788162518,0,60183
grpo,1788162523,0,60183
grpo,1788162528,0,60243
grpo,1788162533,0,60243
grpo,1788162538,0,60243
grpo,1788162543,0,60243
grpo,1788162549,0,60245
grpo,1788162554,0,60245
grpo,1788162559,0,60245
grpo,1788162564,0,107663
grpo,1788162569,0,107663
grpo,1788162574,0,107663
grpo,1788162579,0,107663
grpo,1788162584,0,107663
grpo,1788162589,0,40719
grpo,1788162594,0,40899
grpo,1788162599,0,40903
grpo,1788162604,0,42703
grpo,1788162609,0,42703
grpo,1788162614,0,42703
grpo,1788162619,0,42703
grpo,1788162624,0,42703
grpo,1788162629,0,42703
grpo,1788162634,0,42703
grpo,1788162639,0,42703
grpo,1788162644,0,42703
grpo,1788162649,0,42703
grpo,1788162655,0,42703
grpo,1788162660,0,42703
grpo,1788162665,0,42703
grpo,1788162670,0,55963
grpo,1788162675,0,56063
grpo,1788162680,0,57463
grpo,1788162685,0,60043
grpo,1788162690,0,60043
grpo,1788162695,0,60043
grpo,1788162700,0,60043
grpo,1788162705,0,60043
grpo,1788162710,0,60043
grpo,1788162715,0,60043
grpo,1788162720,0,60043
grpo,1788162725,0,60043
grpo,1788162730,0,111715
grpo,1788162735,0,111715
grpo,1788162740,0,111715
grpo,1788162745,0,111715
grpo,1788162750,0,38733
grpo,1788162755,0,40899
grpo,1788162760,0,40899
grpo,1788162766,0,40903
grpo,1788162771,0,42703
grpo,1788162776,0,42703
grpo,1788162781,0,42703
grpo,1788162786,0,42703
grpo,1788162791,0,42703
grpo,1788162796,0,42703
grpo,1788162801,0,42703
grpo,1788162806,0,42703
grpo,1788162811,0,42703
grpo,1788162816,0,42703
grpo,1788162821,0,42703
grpo,1788162826,0,42703
grpo,1788162831,0,42703
grpo,1788162836,0,56123
grpo,1788162841,0,56243
grpo,1788162846,0,58243
grpo,1788162851,0,60183
grpo,1788162856,0,60183
grpo,1788162861,0,60183
grpo,1788162866,0,60183
grpo,1788162872,0,60183
grpo,1788162877,0,60183
grpo,1788162882,0,60183
grpo,1788162887,0,60183
grpo,1788162892,0,116499
grpo,1788162897,0,116499
grpo,1788162902,0,116499
grpo,1788162907,0,116499
grpo,1788162912,0,116499
grpo,1788162917,0,40539
grpo,1788162922,0,40919
grpo,1788162927,0,40923
grpo,1788162932,0,42723
grpo,1788162937,0,42723
grpo,1788162942,0,42723
grpo,1788162947,0,42723
grpo,1788162952,0,42723
grpo,1788162957,0,42723
grpo,1788162962,0,42723
grpo,1788162967,0,42723
grpo,1788162972,0,42723
grpo,1788162977,0,42723
grpo,1788162983,0,42723
grpo,1788162988,0,42723
grpo,1788162993,0,42723
grpo,1788162998,0,56083
grpo,1788163003,0,56183
grpo,1788163008,0,56983
grpo,1788163013,0,60183
grpo,1788163018,0,60183
grpo,1788163023,0,60183
grpo,1788163028,0,60243
grpo,1788163033,0,60243
grpo,1788163038,0,60243
grpo,1788163043,0,60243
grpo,1788163048,0,60243
grpo,1788163053,0,60243
grpo,1788163058,0,116423
grpo,1788163063,0,116423
grpo,1788163068,0,116423
grpo,1788163073,0,116423
grpo,1788163078,0,116423
grpo,1788163083,0,39835
grpo,1788163089,0,40899
grpo,1788163094,0,40899
grpo,1788163099,0,40903
grpo,1788163104,0,42703
grpo,1788163109,0,42703
grpo,1788163114,0,42703
grpo,1788163119,0,42703
grpo,1788163124,0,42703
grpo,1788163129,0,42703
grpo,1788163134,0,42703
grpo,1788163139,0,42703
grpo,1788163144,0,42703
grpo,1788163149,0,42703
grpo,1788163154,0,42703
grpo,1788163159,0,42703
grpo,1788163164,0,42703
grpo,1788163169,0,56103
grpo,1788163174,0,56243
grpo,1788163179,0,59243
grpo,1788163184,0,60183
grpo,1788163189,0,60183
grpo,1788163194,0,60183
grpo,1788163200,0,60203
grpo,1788163205,0,60203
grpo,1788163210,0,60203
grpo,1788163215,0,60203
grpo,1788163220,0,60203
grpo,1788163225,0,60203
grpo,1788163230,0,60203
grpo,1788163235,0,111291
grpo,1788163240,0,111291
grpo,1788163245,0,111291
grpo,1788163250,0,111291
grpo,1788163255,0,111291
grpo,1788163260,0,40179
grpo,1788163265,0,40899
grpo,1788163270,0,40903
grpo,1788163275,0,42703
grpo,1788163280,0,42703
grpo,1788163285,0,42703
grpo,1788163290,0,42703
grpo,1788163295,0,42703
grpo,1788163300,0,42703
grpo,1788163306,0,42703
grpo,1788163311,0,42703
grpo,1788163316,0,42703
grpo,1788163321,0,42703
grpo,1788163326,0,42703
grpo,1788163331,0,42703
grpo,1788163336,0,42703
grpo,1788163341,0,56063
grpo,1788163346,0,56143
grpo,1788163351,0,56683
grpo,1788163356,0,60183
grpo,1788163361,0,60183
grpo,1788163366,0,60183
grpo,1788163371,0,60203
grpo,1788163376,0,60203
grpo,1788163381,0,60203
grpo,1788163386,0,60203
grpo,1788163391,0,60203
grpo,1788163396,0,60203
grpo,1788163401,0,66483
grpo,1788163406,0,107669
grpo,1788163412,0,107669
grpo,1788163417,0,107669
grpo,1788163422,0,107669
grpo,1788163427,0,39815
grpo,1788163432,0,40899
grpo,1788163437,0,40919
grpo,1788163442,0,40923
grpo,1788163447,0,42723
grpo,1788163452,0,42723
grpo,1788163457,0,42723
grpo,1788163462,0,42723
grpo,1788163467,0,42723
grpo,1788163472,0,42723
grpo,1788163477,0,42723
grpo,1788163482,0,42723
grpo,1788163487,0,42723
grpo,1788163492,0,42723
grpo,1788163497,0,42723
grpo,1788163502,0,42723
grpo,1788163507,0,42723
grpo,1788163512,0,56123
grpo,1788163517,0,56323
grpo,1788163523,0,58623
grpo,1788163528,0,60183
grpo,1788163533,0,60183
grpo,1788163538,0,60243
grpo,1788163543,0,60243
grpo,1788163548,0,60243
grpo,1788163553,0,60243
grpo,1788163558,0,60243
grpo,1788163563,0,60243
grpo,1788163568,0,45943
grpo,1788163573,0,110399
grpo,1788163578,0,110399
grpo,1788163583,0,110399
grpo,1788163588,0,110399
grpo,1788163593,0,39675
grpo,1788163598,0,40899
grpo,1788163603,0,40919
grpo,1788163608,0,40923
grpo,1788163613,0,42723
grpo,1788163618,0,42723
grpo,1788163623,0,42723
grpo,1788163629,0,42723
grpo,1788163634,0,42723
grpo,1788163639,0,42723
grpo,1788163644,0,42723
grpo,1788163649,0,42723
grpo,1788163654,0,42723
grpo,1788163659,0,42723
grpo,1788163664,0,42723
grpo,1788163669,0,42723
grpo,1788163674,0,42723
grpo,1788163679,0,55983
grpo,1788163684,0,56123
grpo,1788163689,0,58723
grpo,1788163694,0,60043
grpo,1788163699,0,60043
grpo,1788163704,0,60103
grpo,1788163709,0,60103
grpo,1788163714,0,60103
grpo,1788163719,0,60103
grpo,1788163724,0,60105
grpo,1788163729,0,60105
grpo,1788163734,0,66345
grpo,1788163740,0,108737
grpo,1788163745,0,108737
grpo,1788163750,0,108737
grpo,1788163755,0,108737
grpo,1788163760,0,108737
grpo,1788163765,0,40599
grpo,1788163770,0,40919
grpo,1788163775,0,40923
grpo,1788163780,0,42723
grpo,1788163785,0,42723
grpo,1788163790,0,42723
grpo,1788163795,0,42723
grpo,1788163800,0,42723
grpo,1788163805,0,42723
grpo,1788163810,0,42723
grpo,1788163815,0,42723
grpo,1788163820,0,42723
grpo,1788163825,0,42723
grpo,1788163830,0,42723
grpo,1788163835,0,42723
grpo,1788163840,0,42723
grpo,1788163846,0,55943
grpo,1788163851,0,56083
grpo,1788163856,0,57163
grpo,1788163861,0,60043
grpo,1788163866,0,60043
grpo,1788163871,0,60043
grpo,1788163876,0,60103
grpo,1788163881,0,60103
grpo,1788163886,0,60103
grpo,1788163891,0,60103
grpo,1788163896,0,60103
grpo,1788163901,0,60103
grpo,1788163906,0,45943
grpo,1788163911,0,108509
grpo,1788163916,0,108509
grpo,1788163921,0,108509
grpo,1788163926,0,108509
grpo,1788163931,0,39855
grpo,1788163936,0,40899
grpo,1788163941,0,40899
grpo,1788163946,0,40903
grpo,1788163951,0,42703
grpo,1788163957,0,42703
grpo,1788163962,0,42703
grpo,1788163967,0,42703
grpo,1788163972,0,42703
grpo,1788163977,0,42703
grpo,1788163982,0,42703
grpo,1788163987,0,42703
grpo,1788163992,0,42703
grpo,1788163997,0,42703
grpo,1788164002,0,42703
grpo,1788164007,0,42703
grpo,1788164012,0,42703
grpo,1788164017,0,56123
grpo,1788164022,0,56243
grpo,1788164027,0,58643
grpo,1788164032,0,60183
grpo,1788164037,0,60183
grpo,1788164042,0,60183
grpo,1788164047,0,60183
grpo,1788164052,0,60183
grpo,1788164057,0,60183
grpo,1788164063,0,60183
grpo,1788164068,0,60183
grpo,1788164073,0,60183
grpo,1788164078,0,108953
grpo,1788164083,0,108953
grpo,1788164088,0,108953
grpo,1788164093,0,108953
grpo,1788164098,0,43097
grpo,1788164103,0,40899
grpo,1788164108,0,40899
grpo,1788164113,0,40903
grpo,1788164118,0,42703
grpo,1788164123,0,42703
grpo,1788164128,0,42703
grpo,1788164133,0,42703
grpo,1788164138,0,42703
grpo,1788164143,0,42703
grpo,1788164148,0,42703
grpo,1788164153,0,42703
grpo,1788164158,0,42703
grpo,1788164163,0,42703
grpo,1788164169,0,42703
grpo,1788164174,0,42703
grpo,1788164179,0,42703
grpo,1788164184,0,56083
grpo,1788164189,0,56183
grpo,1788164194,0,57423
grpo,1788164199,0,60183
grpo,1788164204,0,60183
grpo,1788164209,0,60183
grpo,1788164214,0,60203
grpo,1788164219,0,60203
grpo,1788164224,0,60203
grpo,1788164229,0,60203
grpo,1788164234,0,60203
grpo,1788164239,0,60203
grpo,1788164244,0,110523
grpo,1788164249,0,110523
grpo,1788164254,0,110523
grpo,1788164259,0,110523
grpo,1788164264,0,110523
grpo,1788164270,0,39835
grpo,1788164275,0,40899
grpo,1788164280,0,40899
grpo,1788164285,0,40903
grpo,1788164290,0,42703
grpo,1788164295,0,42703
grpo,1788164300,0,42703
grpo,1788164305,0,42703
grpo,1788164310,0,42703
grpo,1788164315,0,42703
grpo,1788164320,0,42703
grpo,1788164325,0,42703
grpo,1788164330,0,42703
grpo,1788164335,0,42703
grpo,1788164340,0,42703
grpo,1788164345,0,42703
grpo,1788164350,0,42703
grpo,1788164355,0,56123
grpo,1788164360,0,56323
grpo,1788164365,0,59363
grpo,1788164370,0,60183
grpo,1788164376,0,60183
grpo,1788164381,0,60183
grpo,1788164386,0,60183
grpo,1788164391,0,60183
grpo,1788164396,0,60183
grpo,1788164401,0,60183
grpo,1788164406,0,60183
grpo,1788164411,0,60183
grpo,1788164416,0,105027
grpo,1788164421,0,108023
grpo,1788164426,0,108023
grpo,1788164431,0,108023
grpo,1788164436,0,108023
grpo,1788164441,0,39997
grpo,1788164446,0,40919
grpo,1788164451,0,40923
grpo,1788164456,0,42723
grpo,1788164461,0,42723
grpo,1788164466,0,42723
grpo,1788164471,0,42723
grpo,1788164476,0,42723
grpo,1788164482,0,42723
grpo,1788164487,0,42723
grpo,1788164492,0,42723
grpo,1788164497,0,42723
grpo,1788164502,0,42723
grpo,1788164507,0,42723
grpo,1788164512,0,42723
grpo,1788164517,0,42723
grpo,1788164522,0,56103
grpo,1788164527,0,56183
grpo,1788164532,0,56743
grpo,1788164537,0,60183
grpo,1788164542,0,60183
grpo,1788164547,0,60203
grpo,1788164552,0,60243
grpo,1788164557,0,60243
grpo,1788164562,0,60243
grpo,1788164567,0,60243
grpo,1788164572,0,60243
grpo,1788164577,0,66483
grpo,1788164582,0,108361
grpo,1788164588,0,108361
grpo,1788164593,0,108361
grpo,1788164598,0,108361
grpo,1788164603,0,42505
grpo,1788164608,0,40899
grpo,1788164613,0,40919
grpo,1788164618,0,40923
grpo,1788164623,0,42723
grpo,1788164628,0,42723
grpo,1788164633,0,42723
grpo,1788164638,0,42723
grpo,1788164643,0,42723
grpo,1788164648,0,42723
grpo,1788164653,0,42723
grpo,1788164658,0,42723
grpo,1788164663,0,42723
grpo,1788164668,0,42723
grpo,1788164673,0,42723
grpo,1788164678,0,42723
grpo,1788164683,0,42723
grpo,1788164689,0,55963
grpo,1788164694,0,56083
grpo,1788164699,0,57283
grpo,1788164704,0,60043
grpo,1788164709,0,60043
grpo,1788164714,0,60043
grpo,1788164719,0,60103
grpo,1788164724,0,60103
grpo,1788164729,0,60103
grpo,1788164734,0,60103
grpo,1788164739,0,60103
grpo,1788164744,0,60103
grpo,1788164749,0,109333
grpo,1788164754,0,109333
grpo,1788164759,0,109333
grpo,1788164764,0,109333
grpo,1788164769,0,109333
grpo,1788164774,0,40159
grpo,1788164779,0,40899
grpo,1788164784,0,40903
grpo,1788164789,0,42703
grpo,1788164795,0,42703
grpo,1788164800,0,42703
grpo,1788164805,0,42703
grpo,1788164810,0,42703
grpo,1788164815,0,42703
grpo,1788164820,0,42703
grpo,1788164825,0,42703
grpo,1788164830,0,42703
grpo,1788164835,0,42703
grpo,1788164840,0,42703
grpo,1788164845,0,42703
grpo,1788164850,0,42703
grpo,1788164855,0,56083
grpo,1788164860,0,56183
grpo,1788164865,0,56843
grpo,1788164870,0,60183
grpo,1788164875,0,60183
grpo,1788164880,0,60183
grpo,1788164885,0,60183
grpo,1788164890,0,60183
grpo,1788164895,0,60183
grpo,1788164901,0,60183
grpo,1788164906,0,60183
grpo,1788164911,0,60183
grpo,1788164916,0,107927
grpo,1788164921,0,107927
grpo,1788164926,0,107927
grpo,1788164931,0,107927
grpo,1788164936,0,107927
grpo,1788164941,0,40097
grpo,1788164946,0,40899
grpo,1788164951,0,40903
grpo,1788164956,0,42703
grpo,1788164961,0,42703
grpo,1788164966,0,42703
grpo,1788164971,0,42703
grpo,1788164976,0,42703
grpo,1788164981,0,42703
grpo,1788164986,0,42703
grpo,1788164991,0,42703
grpo,1788164996,0,42703
grpo,1788165001,0,42703
grpo,1788165007,0,42703
grpo,1788165012,0,42703
grpo,1788165017,0,42703
grpo,1788165022,0,56083
grpo,1788165027,0,56183
grpo,1788165032,0,56923
grpo,1788165037,0,60183
grpo,1788165042,0,60183
grpo,1788165047,0,60183
grpo,1788165052,0,60183
grpo,1788165057,0,60183
grpo,1788165062,0,60183
grpo,1788165067,0,60183
grpo,1788165072,0,60183
grpo,1788165077,0,60183
grpo,1788165082,0,44755
grpo,1788165087,0,110093
grpo,1788165092,0,110093
grpo,1788165097,0,110093
grpo,1788165102,0,44237
grpo,1788165107,0,40901
grpo,1788165113,0,40901
grpo,1788165118,0,40903
grpo,1788165123,0,42703
grpo,1788165128,0,42703
grpo,1788165133,0,42703
grpo,1788165138,0,42703
grpo,1788165143,0,42703
grpo,1788165148,0,42703
grpo,1788165153,0,42703
grpo,1788165158,0,42703
grpo,1788165163,0,42703
grpo,1788165168,0,42703
grpo,1788165173,0,42703
grpo,1788165178,0,42703
grpo,1788165183,0,55963
grpo,1788165188,0,56123
grpo,1788165193,0,56223
grpo,1788165198,0,57523
grpo,1788165203,0,60183
grpo,1788165208,0,60183
grpo,1788165213,0,60183
grpo,1788165219,0,60183
grpo,1788165224,0,60183
grpo,1788165229,0,60183
grpo,1788165234,0,60183
grpo,1788165239,0,87241
grpo,1788165244,0,109007
grpo,1788165249,0,109007
grpo,1788165254,0,109007
grpo,1788165259,0,109007
grpo,1788165264,0,39815
grpo,1788165269,0,40899
grpo,1788165274,0,40899
grpo,1788165279,0,40903
grpo,1788165284,0,42703
grpo,1788165289,0,42703
grpo,1788165294,0,42703
grpo,1788165299,0,42703
grpo,1788165304,0,42703
grpo,1788165309,0,42703
grpo,1788165314,0,42703
grpo,1788165319,0,42703
grpo,1788165325,0,42703
grpo,1788165330,0,42703
grpo,1788165335,0,42703
grpo,1788165340,0,42703
grpo,1788165345,0,42703
grpo,1788165350,0,55983
grpo,1788165355,0,56143
grpo,1788165360,0,58383
grpo,1788165365,0,60043
grpo,1788165370,0,60043
grpo,1788165375,0,60043
grpo,1788165380,0,60043
grpo,1788165385,0,60043
grpo,1788165390,0,60043
grpo,1788165395,0,60043
grpo,1788165400,0,60043
grpo,1788165405,0,87101
grpo,1788165410,0,111957
grpo,1788165415,0,111957
grpo,1788165420,0,111957
grpo,1788165425,0,111957
grpo,1788165430,0,39835
grpo,1788165436,0,40899
grpo,1788165441,0,40919
grpo,1788165446,0,40923
grpo,1788165451,0,42723
grpo,1788165456,0,42723
grpo,1788165461,0,42723
grpo,1788165466,0,42723
grpo,1788165471,0,42723
grpo,1788165476,0,42723
grpo,1788165481,0,42723
grpo,1788165486,0,42723
grpo,1788165491,0,42723
grpo,1788165496,0,42723
grpo,1788165501,0,42723
grpo,1788165506,0,42723
grpo,1788165511,0,42723
grpo,1788165516,0,55983
grpo,1788165521,0,56123
grpo,1788165526,0,59383
grpo,1788165531,0,60043
grpo,1788165536,0,60043
grpo,1788165542,0,60103
grpo,1788165547,0,60103
grpo,1788165552,0,60103
grpo,1788165557,0,60103
grpo,1788165562,0,60103
grpo,1788165567,0,60103
grpo,1788165572,0,87101
grpo,1788165577,0,108985
grpo,1788165582,0,108985
grpo,1788165587,0,108985
grpo,1788165592,0,108985
grpo,1788165597,0,108985
grpo,1788165602,0,40057
grpo,1788165607,0,40899
grpo,1788165612,0,40919
grpo,1788165617,0,42723
grpo,1788165622,0,42723
grpo,1788165627,0,42723
grpo,1788165632,0,42723
grpo,1788165637,0,42723
grpo,1788165642,0,42723
grpo,1788165648,0,42723
grpo,1788165653,0,42723
grpo,1788165658,0,42723
grpo,1788165663,0,42723
grpo,1788165668,0,42723
grpo,1788165673,0,42723
grpo,1788165678,0,42723
grpo,1788165683,0,42723
grpo,1788165688,0,56163
grpo,1788165693,0,56803
grpo,1788165698,0,60183
grpo,1788165703,0,60183
grpo,1788165708,0,60183
grpo,1788165713,0,60243
grpo,1788165718,0,60243
grpo,1788165723,0,60243
grpo,1788165728,0,60243
grpo,1788165733,0,60243
grpo,1788165738,0,60243
grpo,1788165743,0,60243
grpo,1788165749,0,104589
grpo,1788165754,0,109021
grpo,1788165759,0,109021
grpo,1788165764,0,109021
grpo,1788165769,0,43165
grpo,1788165774,0,40381
grpo,1788165779,0,40921
grpo,1788165784,0,40923
grpo,1788165789,0,42723
grpo,1788165794,0,42723
grpo,1788165799,0,42723
grpo,1788165804,0,42723
grpo,1788165809,0,42723
grpo,1788165814,0,42723
grpo,1788165819,0,42723
grpo,1788165824,0,42723
grpo,1788165829,0,42723
grpo,1788165834,0,42723
grpo,1788165839,0,42723
grpo,1788165844,0,42723
grpo,1788165849,0,42723
grpo,1788165855,0,55963
grpo,1788165860,0,56083
grpo,1788165865,0,57363
grpo,1788165870,0,60043
grpo,1788165875,0,60043
grpo,1788165880,0,60063
grpo,1788165885,0,60063
grpo,1788165890,0,60063
grpo,1788165895,0,60063
grpo,1788165900,0,60063
grpo,1788165905,0,60063
grpo,1788165910,0,110865
grpo,1788165915,0,110865
grpo,1788165920,0,110865
grpo,1788165925,0,110865
grpo,1788165930,0,110865
grpo,1788165935,0,40179
grpo,1788165940,0,40919
grpo,1788165945,0,40921
grpo,1788165950,0,42723
grpo,1788165956,0,42723
grpo,1788165961,0,42723
grpo,1788165966,0,42723
grpo,1788165971,0,42723
grpo,1788165976,0,42723
grpo,1788165981,0,42723
grpo,1788165986,0,42723
grpo,1788165991,0,42723
grpo,1788165996,0,42723
grpo,1788166001,0,42723
grpo,1788166006,0,42723
grpo,1788166011,0,42723
grpo,1788166016,0,56063
grpo,1788166021,0,56183
grpo,1788166026,0,56983
grpo,1788166031,0,60183
grpo,1788166036,0,60183
grpo,1788166041,0,60183
grpo,1788166046,0,60243
grpo,1788166051,0,60243
grpo,1788166056,0,60243
grpo,1788166062,0,60243
grpo,1788166067,0,60245
grpo,1788166072,0,60245
grpo,1788166077,0,66485
grpo,1788166082,0,110135
grpo,1788166087,0,110135
grpo,1788166092,0,110135
grpo,1788166097,0,110135
grpo,1788166102,0,110135
grpo,1788166107,0,40899
grpo,1788166112,0,40899
grpo,1788166117,0,40903
grpo,1788166122,0,42703
grpo,1788166127,0,42703
grpo,1788166132,0,42703
grpo,1788166137,0,42703
grpo,1788166142,0,42703
grpo,1788166147,0,42703
grpo,1788166152,0,42703
grpo,1788166157,0,42703
grpo,1788166163,0,42703
grpo,1788166168,0,42703
grpo,1788166173,0,42703
grpo,1788166178,0,42703
grpo,1788166183,0,42703
grpo,1788166188,0,56083
grpo,1788166193,0,56223
grpo,1788166198,0,57583
grpo,1788166203,0,60183
grpo,1788166208,0,60183
grpo,1788166213,0,60183
grpo,1788166218,0,60203
grpo,1788166223,0,60203
grpo,1788166228,0,60203
grpo,1788166233,0,60203
grpo,1788166238,0,60203
grpo,1788166243,0,60203
grpo,1788166248,0,105223
grpo,1788166253,0,109787
grpo,1788166258,0,109787
grpo,1788166263,0,109787
grpo,1788166269,0,109787
grpo,1788166274,0,39875
grpo,1788166279,0,40899
grpo,1788166284,0,40919
grpo,1788166289,0,42723
grpo,1788166294,0,42723
grpo,1788166299,0,42723
grpo,1788166304,0,42723
grpo,1788166309,0,42723
grpo,1788166314,0,42723
grpo,1788166319,0,42723
grpo,1788166324,0,42723
grpo,1788166329,0,42723
grpo,1788166334,0,42723
grpo,1788166339,0,42723
grpo,1788166344,0,42723
grpo,1788166349,0,42723
grpo,1788166354,0,42723
grpo,1788166359,0,56143
grpo,1788166364,0,56403
grpo,1788166370,0,58843
grpo,1788166375,0,60183
grpo,1788166380,0,60183
grpo,1788166385,0,60243
grpo,1788166390,0,60243
grpo,1788166395,0,60243
grpo,1788166400,0,60243
grpo,1788166405,0,60243
grpo,1788166410,0,60243
grpo,1788166415,0,66483
grpo,1788166420,0,109015
grpo,1788166425,0,109015
grpo,1788166430,0,109015
grpo,1788166435,0,109015
grpo,1788166440,0,109015
grpo,1788166445,0,40439
grpo,1788166450,0,40899
grpo,1788166455,0,40903
grpo,1788166460,0,42703
grpo,1788166465,0,42703
grpo,1788166471,0,42703
grpo,1788166476,0,42703
grpo,1788166481,0,42703
grpo,1788166486,0,42703
grpo,1788166491,0,42703
grpo,1788166496,0,42703
grpo,1788166501,0,42703
grpo,1788166506,0,42703
grpo,1788166511,0,42703
grpo,1788166516,0,42703
grpo,1788166521,0,42703
grpo,1788166526,0,55943
grpo,1788166531,0,56043
grpo,1788166536,0,57003
grpo,1788166541,0,60043
grpo,1788166546,0,60043
grpo,1788166551,0,60043
grpo,1788166556,0,60043
grpo,1788166561,0,60043
grpo,1788166566,0,60043
grpo,1788166571,0,60043
grpo,1788166577,0,60043
grpo,1788166582,0,60043
grpo,1788166587,0,60043
grpo,1788166592,0,109357
grpo,1788166597,0,109357
grpo,1788166602,0,109357
grpo,1788166607,0,109357
grpo,1788166612,0,109357
grpo,1788166617,0,40037
grpo,1788166622,0,40899
grpo,1788166627,0,40901
grpo,1788166632,0,42703
grpo,1788166637,0,42703
grpo,1788166642,0,42703
grpo,1788166647,0,42703
grpo,1788166652,0,42703
grpo,1788166657,0,42703
grpo,1788166662,0,42703
grpo,1788166667,0,42703
grpo,1788166672,0,42703
grpo,1788166678,0,42703
grpo,1788166683,0,42703
grpo,1788166688,0,42703
grpo,1788166693,0,42703
grpo,1788166698,0,56063
grpo,1788166703,0,56143
grpo,1788166708,0,56723
grpo,1788166713,0,60183
grpo,1788166718,0,60183
grpo,1788166723,0,60183
grpo,1788166728,0,60183
grpo,1788166733,0,60183
grpo,1788166738,0,60183
grpo,1788166743,0,60183
grpo,1788166748,0,60183
grpo,1788166753,0,60183
grpo,1788166758,0,60183
grpo,1788166763,0,108663
grpo,1788166768,0,108663
grpo,1788166773,0,108663
grpo,1788166778,0,108663
grpo,1788166784,0,108663
grpo,1788166789,0,40099
grpo,1788166794,0,40899
grpo,1788166799,0,40901
grpo,1788166804,0,42703
grpo,1788166809,0,42703
grpo,1788166814,0,42703
grpo,1788166819,0,42703
grpo,1788166824,0,42703
grpo,1788166829,0,42703
grpo,1788166834,0,42703
grpo,1788166839,0,42703
grpo,1788166844,0,42703
grpo,1788166849,0,42703
grpo,1788166854,0,42703
grpo,1788166859,0,42703
grpo,1788166864,0,42703
grpo,1788166869,0,55923
grpo,1788166874,0,56003
grpo,1788166879,0,56503
grpo,1788166885,0,60043
grpo,1788166890,0,60043
grpo,1788166895,0,60043
grpo,1788166900,0,60043
grpo,1788166905,0,60043
grpo,1788166910,0,60043
grpo,1788166915,0,60043
grpo,1788166920,0,60043
grpo,1788166925,0,60043
grpo,1788166930,0,60043
grpo,1788166935,0,110085
grpo,1788166940,0,110085
grpo,1788166945,0,110085
grpo,1788166950,0,110085
grpo,1788166955,0,110085
grpo,1788166960,0,40439
grpo,1788166965,0,40899
grpo,1788166970,0,40903
grpo,1788166975,0,42703
grpo,1788166980,0,42703
grpo,1788166985,0,42703
grpo,1788166991,0,42703
grpo,1788166996,0,42703
grpo,1788167001,0,42703
grpo,1788167006,0,42703
grpo,1788167011,0,42703
grpo,1788167016,0,42703
grpo,1788167021,0,42703
grpo,1788167026,0,42703
grpo,1788167031,0,42703
grpo,1788167036,0,42703
grpo,1788167041,0,56083
grpo,1788167046,0,56183
grpo,1788167051,0,57283
grpo,1788167056,0,60183
grpo,1788167061,0,60183
grpo,1788167066,0,60183
grpo,1788167071,0,60183
grpo,1788167076,0,60183
grpo,1788167081,0,60183
grpo,1788167086,0,60183
grpo,1788167091,0,60183
grpo,1788167097,0,45943
grpo,1788167102,0,109709
grpo,1788167107,0,109709
grpo,1788167112,0,109709
grpo,1788167117,0,109709
grpo,1788167122,0,39875
grpo,1788167127,0,40899
grpo,1788167132,0,40921
grpo,1788167137,0,42723
grpo,1788167142,0,42723
grpo,1788167147,0,42723
grpo,1788167152,0,42723
grpo,1788167157,0,42723
grpo,1788167162,0,42723
grpo,1788167167,0,42723
grpo,1788167172,0,42723
grpo,1788167177,0,42723
grpo,1788167182,0,42723
grpo,1788167187,0,42723
grpo,1788167192,0,42723
grpo,1788167198,0,42723
grpo,1788167203,0,55983
grpo,1788167208,0,56123
grpo,1788167213,0,56363
grpo,1788167218,0,58703
grpo,1788167223,0,60183
grpo,1788167228,0,60183
grpo,1788167233,0,60243
grpo,1788167238,0,60243
grpo,1788167243,0,60243
grpo,1788167248,0,60243
grpo,1788167253,0,60243
grpo,1788167258,0,60243
grpo,1788167263,0,45943
grpo,1788167268,0,108445
grpo,1788167273,0,108445
grpo,1788167278,0,108445
grpo,1788167283,0,108445
grpo,1788167288,0,39835
grpo,1788167293,0,40899
grpo,1788167298,0,40899
grpo,1788167304,0,40903
grpo,1788167309,0,42703
grpo,1788167314,0,42703
grpo,1788167319,0,42703
grpo,1788167324,0,42703
grpo,1788167329,0,42703
grpo,1788167334,0,42703
grpo,1788167339,0,42703
grpo,1788167344,0,42703
grpo,1788167349,0,42703
grpo,1788167354,0,42703
grpo,1788167359,0,42703
grpo,1788167364,0,42703
grpo,1788167369,0,42703
grpo,1788167374,0,56103
grpo,1788167379,0,56243
grpo,1788167384,0,59503
grpo,1788167389,0,60183
grpo,1788167394,0,60183
grpo,1788167399,0,60183
grpo,1788167404,0,60183
grpo,1788167410,0,60183
grpo,1788167415,0,60183
grpo,1788167420,0,60183
grpo,1788167425,0,60183
grpo,1788167430,0,60183
grpo,1788167435,0,109147
grpo,1788167440,0,109147
grpo,1788167445,0,109147
grpo,1788167450,0,109147
grpo,1788167455,0,109147
grpo,1788167460,0,40659
grpo,1788167465,0,40919
grpo,1788167470,0,40923
grpo,1788167475,0,42723
grpo,1788167480,0,42723
grpo,1788167485,0,42723
grpo,1788167490,0,42723
grpo,1788167495,0,42723
grpo,1788167500,0,42723
grpo,1788167505,0,42723
grpo,1788167510,0,42723
grpo,1788167516,0,42723
grpo,1788167521,0,42723
grpo,1788167526,0,42723
grpo,1788167531,0,42723
grpo,1788167536,0,42723
grpo,1788167541,0,55943
grpo,1788167546,0,56063
grpo,1788167551,0,57503
grpo,1788167556,0,60043
grpo,1788167561,0,60043
grpo,1788167566,0,60043
grpo,1788167571,0,60103
grpo,1788167576,0,60103
grpo,1788167581,0,60103
grpo,1788167586,0,60103
grpo,1788167591,0,60105
grpo,1788167596,0,60105
grpo,1788167601,0,107079
grpo,1788167606,0,110031
grpo,1788167611,0,110031
grpo,1788167617,0,110031
grpo,1788167622,0,110031
grpo,1788167627,0,110031
grpo,1788167632,0,40899
grpo,1788167637,0,40919
grpo,1788167642,0,40921
grpo,1788167647,0,42723
grpo,1788167652,0,42723
grpo,1788167657,0,42723
grpo,1788167662,0,42723
grpo,1788167667,0,42723
grpo,1788167672,0,42723
grpo,1788167677,0,42723
grpo,1788167682,0,42723
grpo,1788167687,0,42723
grpo,1788167692,0,42723
grpo,1788167697,0,42723
grpo,1788167702,0,42723
grpo,1788167707,0,42723
grpo,1788167712,0,56063
grpo,1788167718,0,56143
grpo,1788167723,0,57423
grpo,1788167728,0,60183
grpo,1788167733,0,60183
grpo,1788167738,0,60183
grpo,1788167743,0,60243
grpo,1788167748,0,60243
grpo,1788167753,0,60243
grpo,1788167758,0,60243
grpo,1788167763,0,60243
grpo,1788167768,0,60245
grpo,1788167773,0,60245
grpo,1788167778,0,109857
grpo,1788167783,0,109857
grpo,1788167788,0,109857
grpo,1788167793,0,109857
grpo,1788167798,0,109857
grpo,1788167803,0,40037
grpo,1788167808,0,40899
grpo,1788167813,0,40923
grpo,1788167818,0,42723
grpo,1788167824,0,42723
grpo,1788167829,0,42723
grpo,1788167834,0,42723
grpo,1788167839,0,42723
grpo,1788167844,0,42723
grpo,1788167849,0,42723
grpo,1788167854,0,42723
grpo,1788167859,0,42723
grpo,1788167864,0,42723
grpo,1788167869,0,42723
grpo,1788167874,0,42723
grpo,1788167879,0,42723
grpo,1788167884,0,56063
grpo,1788167889,0,56143
grpo,1788167894,0,56563
grpo,1788167899,0,60183
grpo,1788167904,0,60183
grpo,1788167909,0,60183
grpo,1788167914,0,60243
grpo,1788167919,0,60243
grpo,1788167925,0,60243
grpo,1788167930,0,60243
grpo,1788167935,0,60243
grpo,1788167940,0,60243
grpo,1788167945,0,44755
grpo,1788167950,0,113111
grpo,1788167955,0,113111
grpo,1788167960,0,113111
grpo,1788167965,0,113111
grpo,1788167970,0,39835
grpo,1788167975,0,40899
grpo,1788167980,0,40919
grpo,1788167985,0,40923
grpo,1788167990,0,42723
grpo,1788167995,0,42723
grpo,1788168000,0,42723
grpo,1788168005,0,42723
grpo,1788168010,0,42723
grpo,1788168015,0,42723
grpo,1788168020,0,42723
grpo,1788168025,0,42723
grpo,1788168031,0,42723
grpo,1788168036,0,42723
grpo,1788168041,0,42723
grpo,1788168046,0,42723
grpo,1788168051,0,42723
grpo,1788168056,0,56123
grpo,1788168061,0,56283
grpo,1788168066,0,58903
grpo,1788168071,0,60183
grpo,1788168076,0,60183
grpo,1788168081,0,60243
grpo,1788168086,0,60243
grpo,1788168091,0,60243
grpo,1788168096,0,60243
grpo,1788168101,0,60245
grpo,1788168106,0,60245
grpo,1788168111,0,60245
grpo,1788168116,0,116981
grpo,1788168121,0,116981
grpo,1788168126,0,116981
grpo,1788168132,0,116981
grpo,1788168137,0,116981
grpo,1788168142,0,40899
grpo,1788168147,0,40919
grpo,1788168152,0,40923
grpo,1788168157,0,42723
grpo,1788168162,0,42723
grpo,1788168167,0,42723
grpo,1788168172,0,42723
grpo,1788168177,0,42723
grpo,1788168182,0,42723
grpo,1788168187,0,42723
grpo,1788168192,0,42723
grpo,1788168197,0,42723
grpo,1788168202,0,42723
grpo,1788168207,0,42723
grpo,1788168212,0,42723
grpo,1788168217,0,42723
grpo,1788168222,0,56083
grpo,1788168227,0,56223
grpo,1788168233,0,57683
grpo,1788168238,0,60183
grpo,1788168243,0,60183
grpo,1788168248,0,60183
grpo,1788168253,0,60243
grpo,1788168258,0,60243
grpo,1788168263,0,60243
grpo,1788168268,0,60243
grpo,1788168273,0,60243
grpo,1788168278,0,60243
grpo,1788168283,0,115293
grpo,1788168288,0,115293
grpo,1788168293,0,115293
grpo,1788168298,0,115293
grpo,1788168303,0,115293
grpo,1788168308,0,40057
grpo,1788168313,0,40899
grpo,1788168318,0,40921
grpo,1788168323,0,42723
grpo,1788168328,0,42723
grpo,1788168333,0,42723
grpo,1788168339,0,42723
grpo,1788168344,0,42723
grpo,1788168349,0,42723
grpo,1788168354,0,42723
grpo,1788168359,0,42723
grpo,1788168364,0,42723
grpo,1788168369,0,42723
grpo,1788168374,0,42723
grpo,1788168379,0,42723
grpo,1788168384,0,42723
grpo,1788168389,0,56063
grpo,1788168394,0,56163
grpo,1788168399,0,57003
grpo,1788168404,0,60183
grpo,1788168409,0,60183
grpo,1788168414,0,60183
grpo,1788168419,0,60243
grpo,1788168424,0,60243
grpo,1788168429,0,60243
grpo,1788168434,0,60243
grpo,1788168439,0,60243
grpo,1788168445,0,60243
grpo,1788168450,0,104589
grpo,1788168455,0,109477
grpo,1788168460,0,109477
grpo,1788168465,0,109477
grpo,1788168470,0,109477
grpo,1788168475,0,109477
grpo,1788168480,0,40399
grpo,1788168485,0,40899
grpo,1788168490,0,40919
grpo,1788168495,0,42723
grpo,1788168500,0,42723
grpo,1788168505,0,42723
grpo,1788168510,0,42723
grpo,1788168515,0,42723
grpo,1788168520,0,42723
grpo,1788168525,0,42723
grpo,1788168530,0,42723
grpo,1788168535,0,42723
grpo,1788168540,0,42723
grpo,1788168546,0,42723
grpo,1788168551,0,42723
grpo,1788168556,0,42723
grpo,1788168561,0,55983
grpo,1788168566,0,56163
grpo,1788168571,0,57423
grpo,1788168576,0,60183
grpo,1788168581,0,60183
grpo,1788168586,0,60183
grpo,1788168591,0,60203
grpo,1788168596,0,60243
grpo,1788168601,0,60243
grpo,1788168606,0,60243
grpo,1788168611,0,60243
grpo,1788168616,0,60243
grpo,1788168621,0,60243
grpo,1788168626,0,45943
grpo,1788168631,0,110343
grpo,1788168636,0,110343
grpo,1788168641,0,110343
grpo,1788168646,0,110343
grpo,1788168652,0,39935
grpo,1788168657,0,40899
grpo,1788168662,0,40903
grpo,1788168667,0,42703
grpo,1788168672,0,42703
grpo,1788168677,0,42703
grpo,1788168682,0,42703
grpo,1788168687,0,42703
grpo,1788168692,0,42703
grpo,1788168697,0,42703
grpo,1788168702,0,42703
grpo,1788168707,0,42703
grpo,1788168712,0,42703
grpo,1788168717,0,42703
grpo,1788168722,0,42703
grpo,1788168727,0,42703
grpo,1788168732,0,56083
grpo,1788168737,0,56123
grpo,1788168742,0,56783
grpo,1788168747,0,60183
grpo,1788168753,0,60183
grpo,1788168758,0,60183
grpo,1788168763,0,60203
grpo,1788168768,0,60203
grpo,1788168773,0,60203
grpo,1788168778,0,60203
grpo,1788168783,0,60203
grpo,1788168788,0,66483
grpo,1788168793,0,108385
grpo,1788168798,0,108385
grpo,1788168803,0,108385
grpo,1788168808,0,108385
grpo,1788168813,0,39835
grpo,1788168818,0,40899
grpo,1788168823,0,40919
grpo,1788168828,0,42723
grpo,1788168833,0,42723
grpo,1788168838,0,42723
grpo,1788168843,0,42723
grpo,1788168848,0,42723
grpo,1788168853,0,42723
grpo,1788168859,0,42723
grpo,1788168864,0,42723
grpo,1788168869,0,42723
grpo,1788168874,0,42723
grpo,1788168879,0,42723
grpo,1788168884,0,42723
grpo,1788168889,0,42723
grpo,1788168894,0,56043
grpo,1788168899,0,56123
grpo,1788168904,0,56243
grpo,1788168909,0,58843
grpo,1788168914,0,60183
grpo,1788168919,0,60183
grpo,1788168924,0,60243
grpo,1788168929,0,60243
grpo,1788168934,0,60243
grpo,1788168939,0,60243
grpo,1788168944,0,60243
grpo,1788168949,0,60243
grpo,1788168954,0,109517
grpo,1788168959,0,109517
grpo,1788168965,0,109517
grpo,1788168970,0,109517
grpo,1788168975,0,109517
grpo,1788168980,0,40057
grpo,1788168985,0,40899
grpo,1788168990,0,40903
grpo,1788168995,0,42703
grpo,1788169000,0,42703
grpo,1788169005,0,42703
grpo,1788169010,0,42703
grpo,1788169015,0,42703
grpo,1788169020,0,42703
grpo,1788169025,0,42703
grpo,1788169030,0,42703
grpo,1788169035,0,42703
grpo,1788169040,0,42703
grpo,1788169045,0,42703
grpo,1788169050,0,42703
grpo,1788169055,0,42703
grpo,1788169060,0,56063
grpo,1788169065,0,56123
grpo,1788169071,0,56623
grpo,1788169076,0,60183
grpo,1788169081,0,60183
grpo,1788169086,0,60183
grpo,1788169091,0,60203
grpo,1788169096,0,60203
grpo,1788169101,0,60203
grpo,1788169106,0,60203
grpo,1788169111,0,60203
grpo,1788169116,0,60203
grpo,1788169121,0,45943
grpo,1788169126,0,113055
grpo,1788169131,0,113055
grpo,1788169136,0,113055
grpo,1788169141,0,113055
grpo,1788169146,0,47199
grpo,1788169151,0,40899
grpo,1788169156,0,40899
grpo,1788169161,0,40903
grpo,1788169166,0,42703
grpo,1788169171,0,42703
grpo,1788169177,0,42703
grpo,1788169182,0,42703
grpo,1788169187,0,42703
grpo,1788169192,0,42703
grpo,1788169197,0,42703
grpo,1788169202,0,42703
grpo,1788169207,0,42703
grpo,1788169212,0,42703
grpo,1788169217,0,42703
grpo,1788169222,0,42703
grpo,1788169227,0,42703
grpo,1788169232,0,56083
grpo,1788169237,0,56203
grpo,1788169242,0,58303
grpo,1788169247,0,60183
grpo,1788169252,0,60183
grpo,1788169257,0,60183
grpo,1788169262,0,60203
grpo,1788169267,0,60203
grpo,1788169272,0,60203
grpo,1788169278,0,60203
grpo,1788169283,0,60203
grpo,1788169288,0,60203
grpo,1788169293,0,87241
grpo,1788169298,0,109049
grpo,1788169303,0,109049
grpo,1788169308,0,109049
grpo,1788169313,0,109049
grpo,1788169318,0,109049
grpo,1788169323,0,40239
grpo,1788169328,0,40899
grpo,1788169333,0,40921
grpo,1788169338,0,42723
grpo,1788169343,0,42723
grpo,1788169348,0,42723
grpo,1788169353,0,42723
grpo,1788169358,0,42723
grpo,1788169363,0,42723
grpo,1788169368,0,42723
grpo,1788169373,0,42723
grpo,1788169378,0,42723
grpo,1788169384,0,42723
grpo,1788169389,0,42723
grpo,1788169394,0,42723
grpo,1788169399,0,42723
grpo,1788169404,0,56063
grpo,1788169409,0,56183
grpo,1788169414,0,57023
grpo,1788169419,0,60183
grpo,1788169424,0,60183
grpo,1788169429,0,60183
grpo,1788169434,0,60243
grpo,1788169439,0,60243
grpo,1788169444,0,60243
grpo,1788169449,0,60243
grpo,1788169454,0,60243
grpo,1788169459,0,60245
grpo,1788169464,0,60245
grpo,1788169469,0,109573
grpo,1788169474,0,109573
grpo,1788169479,0,109573
grpo,1788169485,0,109573
grpo,1788169490,0,39675
grpo,1788169495,0,40901
grpo,1788169500,0,40923
grpo,1788169505,0,42723
grpo,1788169510,0,42723
grpo,1788169515,0,42723
grpo,1788169520,0,42723
grpo,1788169525,0,42723
grpo,1788169530,0,42723
grpo,1788169535,0,42723
grpo,1788169540,0,42723
grpo,1788169545,0,42723
grpo,1788169550,0,42723
grpo,1788169555,0,42723
grpo,1788169560,0,42723
grpo,1788169565,0,42723
grpo,1788169570,0,56063
grpo,1788169575,0,56123
grpo,1788169580,0,56263
grpo,1788169585,0,58123
grpo,1788169590,0,60183
grpo,1788169596,0,60183
grpo,1788169601,0,60243
grpo,1788169606,0,60243
grpo,1788169611,0,60243
grpo,1788169616,0,60243
grpo,1788169621,0,60243
grpo,1788169626,0,58533
grpo,1788169631,0,105651
grpo,1788169636,0,105651
grpo,1788169641,0,105651
grpo,1788169646,0,108011
grpo,1788169651,0,108011
grpo,1788169656,0,108011
grpo,1788169661,0,108011
grpo,1788169666,0,106533
grpo,1788169671,0,40879
grpo,1788169676,0,40899
grpo,1788169681,0,40903
grpo,1788169686,0,42703
grpo,1788169691,0,42703
grpo,1788169697,0,42703
grpo,1788169702,0,42703
grpo,1788169707,0,42703
grpo,1788169712,0,42703
grpo,1788169717,0,42703
grpo,1788169722,0,42703
grpo,1788169727,0,42703
grpo,1788169732,0,42703
grpo,1788169737,0,42703
grpo,1788169742,0,42703
grpo,1788169747,0,42703
grpo,1788169752,0,56103
grpo,1788169757,0,56243
grpo,1788169762,0,57483
grpo,1788169767,0,60183
grpo,1788169772,0,60183
grpo,1788169777,0,60183
grpo,1788169782,0,60203
grpo,1788169787,0,60203
grpo,1788169792,0,60203
grpo,1788169797,0,60203
grpo,1788169802,0,60205
grpo,1788169808,0,60205
grpo,1788169813,0,104589
grpo,1788169818,0,109173
grpo,1788169823,0,109173
grpo,1788169828,0,109173
grpo,1788169833,0,109173
grpo,1788169838,0,39835
grpo,1788169843,0,40899
grpo,1788169848,0,40919
grpo,1788169853,0,40923
grpo,1788169858,0,42723
grpo,1788169863,0,42723
grpo,1788169868,0,42723
grpo,1788169873,0,42723
grpo,1788169878,0,42723
grpo,1788169883,0,42723
grpo,1788169888,0,42723
grpo,1788169893,0,42723
grpo,1788169898,0,42723
grpo,1788169903,0,42723
grpo,1788169909,0,42723
grpo,1788169914,0,42723
grpo,1788169919,0,42723
grpo,1788169924,0,56103
grpo,1788169929,0,56283
grpo,1788169934,0,60023
grpo,1788169939,0,60183
grpo,1788169944,0,60183
grpo,1788169949,0,60243
grpo,1788169954,0,60243
grpo,1788169959,0,60243
grpo,1788169964,0,60243
grpo,1788169969,0,60243
grpo,1788169974,0,60243
grpo,1788169979,0,66483
grpo,1788169984,0,108871
grpo,1788169989,0,108871
grpo,1788169994,0,108871
grpo,1788169999,0,108871
grpo,1788170004,0,43015
grpo,1788170009,0,40899
grpo,1788170015,0,40919
grpo,1788170020,0,40923
grpo,1788170025,0,42723
grpo,1788170030,0,42723
grpo,1788170035,0,42723
grpo,1788170040,0,42723
grpo,1788170045,0,42723
grpo,1788170050,0,42723
grpo,1788170055,0,42723
grpo,1788170060,0,42723
grpo,1788170065,0,42723
grpo,1788170070,0,42723
grpo,1788170075,0,42723
grpo,1788170080,0,42723
grpo,1788170085,0,42723
grpo,1788170090,0,56083
grpo,1788170095,0,56203
grpo,1788170100,0,58363
grpo,1788170105,0,60183
grpo,1788170110,0,60183
grpo,1788170115,0,60183
grpo,1788170121,0,60243
grpo,1788170126,0,60243
grpo,1788170131,0,60243
grpo,1788170136,0,60243
grpo,1788170141,0,60245
grpo,1788170146,0,60245
grpo,1788170151,0,109675
grpo,1788170156,0,109675
grpo,1788170161,0,109675
grpo,1788170166,0,109675
grpo,1788170171,0,109675
grpo,1788170176,0,43819
grpo,1788170181,0,40899
grpo,1788170186,0,40899
grpo,1788170191,0,40903
grpo,1788170196,0,42703
grpo,1788170201,0,42703
grpo,1788170206,0,42703
grpo,1788170211,0,42703
grpo,1788170216,0,42703
grpo,1788170222,0,42703
grpo,1788170227,0,42703
grpo,1788170232,0,42703
grpo,1788170237,0,42703
grpo,1788170242,0,42703
grpo,1788170247,0,42703
grpo,1788170252,0,42703
grpo,1788170257,0,42703
grpo,1788170262,0,56083
grpo,1788170267,0,56243
grpo,1788170272,0,58043
grpo,1788170277,0,60183
grpo,1788170282,0,60183
grpo,1788170287,0,60183
grpo,1788170292,0,60203
grpo,1788170297,0,60203
grpo,1788170302,0,60203
grpo,1788170307,0,60203
grpo,1788170312,0,60203
grpo,1788170317,0,60205
grpo,1788170322,0,60205
grpo,1788170328,0,109007
grpo,1788170333,0,109007
grpo,1788170338,0,109007
grpo,1788170343,0,109007
grpo,1788170348,0,109007
grpo,1788170353,0,38733
grpo,1788170358,0,40899
grpo,1788170363,0,40919
grpo,1788170368,0,40921
grpo,1788170373,0,42723
grpo,1788170378,0,42723
grpo,1788170383,0,42723
grpo,1788170388,0,42723
grpo,1788170393,0,42723
grpo,1788170398,0,42723
grpo,1788170403,0,42723
grpo,1788170408,0,42723
grpo,1788170413,0,42723
grpo,1788170418,0,42723
grpo,1788170423,0,42723
grpo,1788170429,0,42723
grpo,1788170434,0,42723
grpo,1788170439,0,56063
grpo,1788170444,0,56203
grpo,1788170449,0,58063
grpo,1788170454,0,60183
grpo,1788170459,0,60183
grpo,1788170464,0,60183
grpo,1788170469,0,60243
grpo,1788170474,0,60243
grpo,1788170479,0,60243
grpo,1788170484,0,60243
grpo,1788170489,0,60243
grpo,1788170494,0,60245
grpo,1788170499,0,60245
grpo,1788170504,0,44755
grpo,1788170509,0,112283
grpo,1788170514,0,112283
grpo,1788170519,0,112283
grpo,1788170524,0,112283
grpo,1788170529,0,39495
grpo,1788170535,0,40899
grpo,1788170540,0,40899
grpo,1788170545,0,40903
grpo,1788170550,0,42703
grpo,1788170555,0,42703
grpo,1788170560,0,42703
grpo,1788170565,0,42703
grpo,1788170570,0,42703
grpo,1788170575,0,42703
grpo,1788170580,0,42703
grpo,1788170585,0,42703
grpo,1788170590,0,42703
grpo,1788170595,0,42703
grpo,1788170600,0,42703
grpo,1788170605,0,42703
grpo,1788170610,0,42703
grpo,1788170615,0,56083
grpo,1788170620,0,56223
grpo,1788170625,0,58183
grpo,1788170630,0,60183
grpo,1788170635,0,60183
grpo,1788170641,0,60183
grpo,1788170646,0,60183
grpo,1788170651,0,60183
grpo,1788170656,0,60183
grpo,1788170661,0,60183
grpo,1788170666,0,60185
grpo,1788170671,0,60185
grpo,1788170676,0,109351
grpo,1788170681,0,109351
grpo,1788170686,0,109351
grpo,1788170691,0,109351
grpo,1788170696,0,109351
grpo,1788170701,0,40099
grpo,1788170706,0,40899
grpo,1788170711,0,40903
grpo,1788170716,0,42703
grpo,1788170721,0,42703
grpo,1788170726,0,42703
grpo,1788170731,0,42703
grpo,1788170736,0,42703
grpo,1788170741,0,42703
grpo,1788170747,0,42703
grpo,1788170752,0,42703
grpo,1788170757,0,42703
grpo,1788170762,0,42703
grpo,1788170767,0,42703
grpo,1788170772,0,42703
grpo,1788170777,0,42703
grpo,1788170782,0,56083
grpo,1788170787,0,56183
grpo,1788170792,0,56983
grpo,1788170797,0,59963
grpo,1788170802,0,60183
grpo,1788170807,0,60183
grpo,1788170812,0,60183
grpo,1788170817,0,60183
grpo,1788170822,0,60183
grpo,1788170827,0,60183
grpo,1788170832,0,60183
grpo,1788170837,0,60183
grpo,1788170842,0,109065
grpo,1788170847,0,109065
grpo,1788170853,0,109065
grpo,1788170858,0,109065
grpo,1788170863,0,43209
grpo,1788170868,0,40899
grpo,1788170873,0,40899
grpo,1788170878,0,40903
grpo,1788170883,0,42703
grpo,1788170888,0,42703
grpo,1788170893,0,42703
grpo,1788170898,0,42703
grpo,1788170903,0,42703
grpo,1788170908,0,42703
grpo,1788170913,0,42703
grpo,1788170918,0,42703
grpo,1788170923,0,42703
grpo,1788170928,0,42703
grpo,1788170933,0,42703
grpo,1788170938,0,42703
grpo,1788170943,0,42703
grpo,1788170948,0,55943
grpo,1788170954,0,56083
grpo,1788170959,0,57703
grpo,1788170964,0,60043
grpo,1788170969,0,60043
grpo,1788170974,0,60043
grpo,1788170979,0,60043
grpo,1788170984,0,60043
grpo,1788170989,0,60043
grpo,1788170994,0,60043
grpo,1788170999,0,60043
grpo,1788171004,0,66343
grpo,1788171009,0,109477
grpo,1788171014,0,109477
grpo,1788171019,0,109477
grpo,1788171024,0,109477
grpo,1788171029,0,109477
grpo,1788171034,0,40839
grpo,1788171039,0,40919
grpo,1788171044,0,40923
grpo,1788171049,0,42723
grpo,1788171054,0,42723
grpo,1788171060,0,42723
grpo,1788171065,0,42723
grpo,1788171070,0,42723
grpo,1788171075,0,42723
grpo,1788171080,0,42723
grpo,1788171085,0,42723
grpo,1788171090,0,42723
grpo,1788171095,0,42723
grpo,1788171100,0,42723
grpo,1788171105,0,42723
grpo,1788171110,0,42723
grpo,1788171115,0,56083
grpo,1788171120,0,56183
grpo,1788171125,0,57423
grpo,1788171130,0,60183
grpo,1788171135,0,60183
grpo,1788171140,0,60183
grpo,1788171145,0,60243
grpo,1788171150,0,60243
grpo,1788171155,0,60243
grpo,1788171161,0,60243
grpo,1788171166,0,60245
grpo,1788171171,0,60245
grpo,1788171176,0,44755
grpo,1788171181,0,110273
grpo,1788171186,0,110273
grpo,1788171191,0,110273
grpo,1788171196,0,110273
grpo,1788171201,0,110273
grpo,1788171206,0,40659
grpo,1788171211,0,40899
grpo,1788171216,0,40901
grpo,1788171221,0,42703
grpo,1788171226,0,42703
grpo,1788171231,0,42703
grpo,1788171236,0,42703
grpo,1788171241,0,42703
grpo,1788171246,0,42703
grpo,1788171251,0,42703
grpo,1788171256,0,42703
grpo,1788171261,0,42703
grpo,1788171267,0,42703
grpo,1788171272,0,42703
grpo,1788171277,0,42703
grpo,1788171282,0,42703
grpo,1788171287,0,56063
grpo,1788171292,0,56143
grpo,1788171297,0,57443
grpo,1788171302,0,60183
grpo,1788171307,0,60183
grpo,1788171312,0,60183
grpo,1788171317,0,60183
grpo,1788171322,0,60183
grpo,1788171327,0,60183
grpo,1788171332,0,60183
grpo,1788171337,0,60183
grpo,1788171342,0,60185
grpo,1788171347,0,60185
grpo,1788171352,0,108429
grpo,1788171357,0,108429
grpo,1788171362,0,108429
grpo,1788171368,0,108429
grpo,1788171373,0,108429
grpo,1788171378,0,39815
grpo,1788171383,0,40899
grpo,1788171388,0,40919
grpo,1788171393,0,40923
grpo,1788171398,0,42723
grpo,1788171403,0,42723
grpo,1788171408,0,42723
grpo,1788171413,0,42723
grpo,1788171418,0,42723
grpo,1788171423,0,42723
grpo,1788171428,0,42723
grpo,1788171433,0,42723
grpo,1788171438,0,42723
grpo,1788171443,0,42723
grpo,1788171448,0,42723
grpo,1788171453,0,42723
grpo,1788171458,0,42723
grpo,1788171463,0,56083
grpo,1788171469,0,56403
grpo,1788171474,0,58523
grpo,1788171479,0,60183
grpo,1788171484,0,60183
grpo,1788171489,0,60183
grpo,1788171494,0,60243
grpo,1788171499,0,60243
grpo,1788171504,0,60243
grpo,1788171509,0,60243
grpo,1788171514,0,60243
grpo,1788171519,0,60243
grpo,1788171524,0,57793
grpo,1788171529,0,109137
grpo,1788171534,0,109137
grpo,1788171539,0,109137
grpo,1788171544,0,109137
grpo,1788171549,0,39495
grpo,1788171554,0,40899
grpo,1788171559,0,40919
grpo,1788171564,0,40923
grpo,1788171570,0,42723
grpo,1788171575,0,42723
grpo,1788171580,0,42723
grpo,1788171585,0,42723
grpo,1788171590,0,42723
grpo,1788171595,0,42723
grpo,1788171600,0,42723
grpo,1788171605,0,42723
grpo,1788171610,0,42723
grpo,1788171615,0,42723
grpo,1788171620,0,42723
grpo,1788171625,0,42723
grpo,1788171630,0,42723
grpo,1788171635,0,56083
grpo,1788171640,0,56243
grpo,1788171645,0,58123
grpo,1788171650,0,60183
grpo,1788171655,0,60183
grpo,1788171660,0,60183
grpo,1788171665,0,60243
grpo,1788171670,0,60243
grpo,1788171676,0,60243
grpo,1788171681,0,60243
grpo,1788171686,0,60243
grpo,1788171691,0,60243
grpo,1788171696,0,108561
grpo,1788171701,0,108561
grpo,1788171706,0,108561
grpo,1788171711,0,108561
grpo,1788171716,0,108561
grpo,1788171721,0,40639
grpo,1788171726,0,40919
grpo,1788171731,0,40923
grpo,1788171736,0,42723
grpo,1788171741,0,42723
grpo,1788171746,0,42723
grpo,1788171751,0,42723
grpo,1788171756,0,42723
grpo,1788171761,0,42723
grpo,1788171766,0,42723
grpo,1788171771,0,42723
grpo,1788171776,0,42723
grpo,1788171782,0,42723
grpo,1788171787,0,42723
grpo,1788171792,0,42723
grpo,1788171797,0,42723
grpo,1788171802,0,56063
grpo,1788171807,0,56163
grpo,1788171812,0,57223
grpo,1788171817,0,60183
grpo,1788171822,0,60183
grpo,1788171827,0,60243
grpo,1788171832,0,60243
grpo,1788171837,0,60243
grpo,1788171842,0,60243
grpo,1788171847,0,60243
grpo,1788171852,0,60243
grpo,1788171857,0,66483
grpo,1788171862,0,110155
grpo,1788171867,0,110155
grpo,1788171872,0,110155
grpo,1788171877,0,110155
grpo,1788171882,0,39957
grpo,1788171888,0,40921
grpo,1788171893,0,40923
grpo,1788171898,0,42723
grpo,1788171903,0,42723
grpo,1788171908,0,42723
grpo,1788171913,0,42723
grpo,1788171918,0,42723
grpo,1788171923,0,42723
grpo,1788171928,0,42723
grpo,1788171933,0,42723
grpo,1788171938,0,42723
grpo,1788171943,0,42723
grpo,1788171948,0,42723
grpo,1788171953,0,42723
grpo,1788171958,0,42723
grpo,1788171963,0,56063
grpo,1788171968,0,56163
grpo,1788171973,0,56623
grpo,1788171978,0,58783
grpo,1788171983,0,60183
grpo,1788171989,0,60183
grpo,1788171994,0,60243
grpo,1788171999,0,60243
grpo,1788172004,0,60243
grpo,1788172009,0,60243
grpo,1788172014,0,60243
grpo,1788172019,0,66483
grpo,1788172024,0,110165
grpo,1788172029,0,110165
grpo,1788172034,0,110165
grpo,1788172039,0,110165
grpo,1788172044,0,44309
grpo,1788172049,0,40899
grpo,1788172054,0,40899
grpo,1788172059,0,40903
grpo,1788172064,0,42703
grpo,1788172069,0,42703
grpo,1788172074,0,42703
grpo,1788172079,0,42703
grpo,1788172084,0,42703
grpo,1788172089,0,42703
grpo,1788172095,0,42703
grpo,1788172100,0,42703
grpo,1788172105,0,42703
grpo,1788172110,0,42703
grpo,1788172115,0,42703
grpo,1788172120,0,42703
grpo,1788172125,0,42703
grpo,1788172130,0,56063
grpo,1788172135,0,56183
grpo,1788172140,0,57683
grpo,1788172145,0,60183
grpo,1788172150,0,60183
grpo,1788172155,0,60183
grpo,1788172160,0,60183
grpo,1788172165,0,60183
grpo,1788172170,0,60183
grpo,1788172175,0,60183
grpo,1788172180,0,60185
grpo,1788172185,0,60185
grpo,1788172190,0,109567
grpo,1788172196,0,109567
grpo,1788172201,0,109567
grpo,1788172206,0,109567
grpo,1788172211,0,109567
grpo,1788172216,0,39915
grpo,1788172221,0,40899
grpo,1788172226,0,40901
grpo,1788172231,0,42703
grpo,1788172236,0,42703
grpo,1788172241,0,42703
grpo,1788172246,0,42703
grpo,1788172251,0,42703
grpo,1788172256,0,42703
grpo,1788172261,0,42703
grpo,1788172266,0,42703
grpo,1788172271,0,42703
grpo,1788172276,0,42703
grpo,1788172281,0,42703
grpo,1788172286,0,42703
grpo,1788172291,0,42703
grpo,1788172296,0,55823
grpo,1788172302,0,56103
grpo,1788172307,0,56423
grpo,1788172312,0,59923
grpo,1788172317,0,60183
grpo,1788172322,0,60183
grpo,1788172327,0,60183
grpo,1788172332,0,60183
grpo,1788172337,0,60183
grpo,1788172342,0,60183
grpo,1788172347,0,60183
grpo,1788172352,0,60183
grpo,1788172357,0,66483
grpo,1788172362,0,107999
grpo,1788172367,0,107999
grpo,1788172372,0,107999
grpo,1788172377,0,107999
grpo,1788172382,0,38733
grpo,1788172387,0,40899
grpo,1788172392,0,40919
grpo,1788172397,0,40923
grpo,1788172403,0,42723
grpo,1788172408,0,42723
grpo,1788172413,0,42723
grpo,1788172418,0,42723
grpo,1788172423,0,42723
grpo,1788172428,0,42723
grpo,1788172433,0,42723
grpo,1788172438,0,42723
grpo,1788172443,0,42723
grpo,1788172448,0,42723
grpo,1788172453,0,42723
grpo,1788172458,0,42723
grpo,1788172463,0,42723
grpo,1788172468,0,56103
grpo,1788172473,0,56223
grpo,1788172478,0,57983
grpo,1788172483,0,60183
grpo,1788172488,0,60183
grpo,1788172493,0,60183
grpo,1788172498,0,60243
grpo,1788172503,0,60243
grpo,1788172509,0,60243
grpo,1788172514,0,60243
grpo,1788172519,0,60243
grpo,1788172524,0,60243
grpo,1788172529,0,109113
grpo,1788172534,0,109113
grpo,1788172539,0,109113
grpo,1788172544,0,109113
grpo,1788172549,0,38733
grpo,1788172554,0,40899
grpo,1788172559,0,40919
grpo,1788172564,0,40923
grpo,1788172569,0,42723
grpo,1788172574,0,42723
grpo,1788172579,0,42723
grpo,1788172584,0,42723
grpo,1788172589,0,42723
grpo,1788172594,0,42723
grpo,1788172599,0,42723
grpo,1788172604,0,42723
grpo,1788172610,0,42723
grpo,1788172615,0,42723
grpo,1788172620,0,42723
grpo,1788172625,0,42723
grpo,1788172630,0,42723
grpo,1788172635,0,56083
grpo,1788172640,0,56183
grpo,1788172645,0,57983
grpo,1788172650,0,60183
grpo,1788172655,0,60183
grpo,1788172660,0,60243
grpo,1788172665,0,60243
grpo,1788172670,0,60243
grpo,1788172675,0,60243
grpo,1788172680,0,60243
grpo,1788172685,0,60243
grpo,1788172690,0,66483
grpo,1788172695,0,109677
grpo,1788172700,0,109677
grpo,1788172705,0,109677
grpo,1788172710,0,109677
grpo,1788172716,0,39835
grpo,1788172721,0,40899
grpo,1788172726,0,40899
grpo,1788172731,0,42703
grpo,1788172736,0,42703
grpo,1788172741,0,42703
grpo,1788172746,0,42703
grpo,1788172751,0,42703
grpo,1788172756,0,42703
grpo,1788172761,0,42703
grpo,1788172766,0,42703
grpo,1788172771,0,42703
grpo,1788172776,0,42703
grpo,1788172781,0,42703
grpo,1788172786,0,42703
grpo,1788172791,0,42703
grpo,1788172796,0,56063
grpo,1788172801,0,56123
grpo,1788172806,0,56263
grpo,1788172811,0,59363
grpo,1788172817,0,60183
grpo,1788172822,0,60183
grpo,1788172827,0,60183
grpo,1788172832,0,60183
grpo,1788172837,0,60183
grpo,1788172842,0,60183
grpo,1788172847,0,60183
grpo,1788172852,0,60183
grpo,1788172857,0,109887
grpo,1788172862,0,109887
grpo,1788172867,0,109887
grpo,1788172872,0,109887
grpo,1788172877,0,39655
grpo,1788172882,0,40901
grpo,1788172887,0,40921
grpo,1788172892,0,42723
grpo,1788172897,0,42723
grpo,1788172902,0,42723
grpo,1788172907,0,42723
grpo,1788172912,0,42723
grpo,1788172917,0,42723
grpo,1788172923,0,42723
grpo,1788172928,0,42723
grpo,1788172933,0,42723
grpo,1788172938,0,42723
grpo,1788172943,0,42723
grpo,1788172948,0,42723
grpo,1788172953,0,42723
grpo,1788172958,0,56063
grpo,1788172963,0,56123
grpo,1788172968,0,56283
grpo,1788172973,0,58083
grpo,1788172978,0,60183
grpo,1788172983,0,60183
grpo,1788172988,0,60243
grpo,1788172993,0,60243
grpo,1788172998,0,60243
grpo,1788173003,0,60243
grpo,1788173008,0,60243
grpo,1788173013,0,66483
grpo,1788173018,0,110117
grpo,1788173023,0,110117
grpo,1788173029,0,110117
grpo,1788173034,0,110117
grpo,1788173039,0,38733
grpo,1788173044,0,40899
grpo,1788173049,0,40899
grpo,1788173054,0,40903
grpo,1788173059,0,42703
grpo,1788173064,0,42703
grpo,1788173069,0,42703
grpo,1788173074,0,42703
grpo,1788173079,0,42703
grpo,1788173084,0,42703
grpo,1788173089,0,42703
grpo,1788173094,0,42703
grpo,1788173099,0,42703
grpo,1788173104,0,42703
grpo,1788173109,0,42703
grpo,1788173114,0,42703
grpo,1788173119,0,42703
grpo,1788173124,0,56103
grpo,1788173129,0,56203
grpo,1788173135,0,58343
grpo,1788173140,0,60183
grpo,1788173145,0,60183
grpo,1788173150,0,60183
grpo,1788173155,0,60183
grpo,1788173160,0,60183
grpo,1788173165,0,60183
grpo,1788173170,0,60183
grpo,1788173175,0,60183
grpo,1788173180,0,66483
grpo,1788173185,0,110799
grpo,1788173190,0,110799
grpo,1788173195,0,110799
grpo,1788173200,0,110799
grpo,1788173205,0,44943
grpo,1788173210,0,40899
grpo,1788173215,0,40919
grpo,1788173220,0,40923
grpo,1788173225,0,42723
grpo,1788173230,0,42723
grpo,1788173235,0,42723
grpo,1788173241,0,42723
grpo,1788173246,0,42723
grpo,1788173251,0,42723
grpo,1788173256,0,42723
grpo,1788173261,0,42723
grpo,1788173266,0,42723
grpo,1788173271,0,42723
grpo,1788173276,0,42723
grpo,1788173281,0,42723
grpo,1788173286,0,42723
grpo,1788173291,0,55963
grpo,1788173296,0,56103
grpo,1788173301,0,57643
grpo,1788173306,0,60043
grpo,1788173311,0,60043
grpo,1788173316,0,60043
grpo,1788173321,0,60103
grpo,1788173326,0,60103
grpo,1788173331,0,60103
grpo,1788173336,0,60103
grpo,1788173342,0,60103
grpo,1788173347,0,60103
grpo,1788173352,0,110499
grpo,1788173357,0,110499
grpo,1788173362,0,110499
grpo,1788173367,0,110499
grpo,1788173372,0,110499
grpo,1788173377,0,39937
grpo,1788173382,0,40899
grpo,1788173387,0,40901
grpo,1788173392,0,42703
grpo,1788173397,0,42703
grpo,1788173402,0,42703
grpo,1788173407,0,42703
grpo,1788173412,0,42703
grpo,1788173417,0,42703
grpo,1788173422,0,42703
grpo,1788173427,0,42703
grpo,1788173432,0,42703
grpo,1788173437,0,42703
grpo,1788173442,0,42703
grpo,1788173448,0,42703
grpo,1788173453,0,42703
grpo,1788173458,0,46703
grpo,1788173463,0,56123
grpo,1788173468,0,56443
grpo,1788173473,0,59723
grpo,1788173478,0,60183
grpo,1788173483,0,60183
grpo,1788173488,0,60183
grpo,1788173493,0,60183
grpo,1788173498,0,60183
grpo,1788173503,0,60183
grpo,1788173508,0,60183
grpo,1788173513,0,60183
grpo,1788173518,0,66483
grpo,1788173523,0,113359
grpo,1788173528,0,113359
grpo,1788173533,0,113359
grpo,1788173538,0,113359
grpo,1788173543,0,113359
grpo,1788173548,0,39895
grpo,1788173554,0,40899
grpo,1788173559,0,40919
grpo,1788173564,0,40923
grpo,1788173569,0,42723
grpo,1788173574,0,42723
grpo,1788173579,0,42723
grpo,1788173584,0,42723
grpo,1788173589,0,42723
grpo,1788173594,0,42723
grpo,1788173599,0,42723
grpo,1788173604,0,42723
grpo,1788173609,0,42723
grpo,1788173614,0,42723
grpo,1788173619,0,42723
grpo,1788173624,0,42723
grpo,1788173629,0,42723
grpo,1788173634,0,55963
grpo,1788173639,0,56343
grpo,1788173644,0,59183
grpo,1788173649,0,60043
grpo,1788173654,0,60043
grpo,1788173660,0,60043
grpo,1788173665,0,60103
grpo,1788173670,0,60103
grpo,1788173675,0,60103
grpo,1788173680,0,60103
grpo,1788173685,0,60103
grpo,1788173690,0,60103
grpo,1788173695,0,66343
grpo,1788173700,0,112635
grpo,1788173705,0,112635
grpo,1788173710,0,112635
grpo,1788173715,0,112635
grpo,1788173720,0,112635
grpo,1788173725,0,40239
grpo,1788173730,0,40899
grpo,1788173735,0,40901
grpo,1788173740,0,42703
grpo,1788173745,0,42703
grpo,1788173750,0,42703
grpo,1788173755,0,42703
grpo,1788173760,0,42703
grpo,1788173766,0,42703
grpo,1788173771,0,42703
grpo,1788173776,0,42703
grpo,1788173781,0,42703
grpo,1788173786,0,42703
grpo,1788173791,0,42703
grpo,1788173796,0,42703
grpo,1788173801,0,42703
grpo,1788173806,0,55943
grpo,1788173811,0,56023
grpo,1788173816,0,56723
grpo,1788173821,0,60043
grpo,1788173826,0,60043
grpo,1788173831,0,60043
grpo,1788173836,0,60043
grpo,1788173841,0,60043
grpo,1788173846,0,60043
grpo,1788173851,0,60043
grpo,1788173856,0,60043
grpo,1788173861,0,60043
grpo,1788173866,0,60043
grpo,1788173872,0,111919
grpo,1788173877,0,111919
grpo,1788173882,0,111919
grpo,1788173887,0,111919
grpo,1788173892,0,111919
grpo,1788173897,0,40057
grpo,1788173902,0,40899
grpo,1788173907,0,40921
grpo,1788173912,0,42723
grpo,1788173917,0,42723
grpo,1788173922,0,42723
grpo,1788173927,0,42723
grpo,1788173932,0,42723
grpo,1788173937,0,42723
grpo,1788173942,0,42723
grpo,1788173947,0,42723
grpo,1788173952,0,42723
grpo,1788173957,0,42723
grpo,1788173962,0,42723
grpo,1788173967,0,42723
grpo,1788173973,0,42723
grpo,1788173978,0,56063
grpo,1788173983,0,56163
grpo,1788173988,0,56763
grpo,1788173993,0,60183
grpo,1788173998,0,60183
grpo,1788174003,0,60183
grpo,1788174008,0,60243
grpo,1788174013,0,60243
grpo,1788174018,0,60243
grpo,1788174023,0,60243
grpo,1788174028,0,60243
grpo,1788174033,0,60243
grpo,1788174038,0,66483
grpo,1788174043,0,114775
grpo,1788174048,0,114775
grpo,1788174053,0,114775
grpo,1788174058,0,114775
grpo,1788174063,0,39815
grpo,1788174068,0,40899
grpo,1788174073,0,40919
grpo,1788174079,0,40923
grpo,1788174084,0,42723
grpo,1788174089,0,42723
grpo,1788174094,0,42723
grpo,1788174099,0,42723
grpo,1788174104,0,42723
grpo,1788174109,0,42723
grpo,1788174114,0,42723
grpo,1788174119,0,42723
grpo,1788174124,0,42723
grpo,1788174129,0,42723
grpo,1788174134,0,42723
grpo,1788174139,0,42723
grpo,1788174144,0,42723
grpo,1788174149,0,55983
grpo,1788174154,0,56103
grpo,1788174159,0,58083
grpo,1788174164,0,60043
grpo,1788174169,0,60043
grpo,1788174174,0,60103
grpo,1788174179,0,60103
grpo,1788174185,0,60103
grpo,1788174190,0,60103
grpo,1788174195,0,60103
grpo,1788174200,0,60103
grpo,1788174205,0,104621
grpo,1788174210,0,110867
grpo,1788174215,0,110867
grpo,1788174220,0,110867
grpo,1788174225,0,110867
grpo,1788174230,0,39815
grpo,1788174235,0,40899
grpo,1788174240,0,40899
grpo,1788174245,0,40903
grpo,1788174250,0,42703
grpo,1788174255,0,42703
grpo,1788174260,0,42703
grpo,1788174265,0,42703
grpo,1788174270,0,42703
grpo,1788174275,0,42703
grpo,1788174280,0,42703
grpo,1788174286,0,42703
grpo,1788174291,0,42703
grpo,1788174296,0,42703
grpo,1788174301,0,42703
grpo,1788174306,0,42703
grpo,1788174311,0,42703
grpo,1788174316,0,55963
grpo,1788174321,0,56083
grpo,1788174326,0,58723
grpo,1788174331,0,60043
grpo,1788174336,0,60043
grpo,1788174341,0,60043
grpo,1788174346,0,60063
grpo,1788174351,0,60063
grpo,1788174356,0,60063
grpo,1788174361,0,60063
grpo,1788174366,0,60063
grpo,1788174371,0,60063
grpo,1788174376,0,109917
grpo,1788174381,0,109917
grpo,1788174386,0,109917
grpo,1788174392,0,109917
grpo,1788174397,0,109917
grpo,1788174402,0,39875
grpo,1788174407,0,40899
grpo,1788174412,0,40899
grpo,1788174417,0,40903
grpo,1788174422,0,42703
grpo,1788174427,0,42703
grpo,1788174432,0,42703
grpo,1788174437,0,42703
grpo,1788174442,0,42703
grpo,1788174447,0,42703
grpo,1788174452,0,42703
grpo,1788174457,0,42703
grpo,1788174462,0,42703
grpo,1788174467,0,42703
grpo,1788174472,0,42703
grpo,1788174477,0,42703
grpo,1788174482,0,42703
grpo,1788174487,0,55983
grpo,1788174493,0,56203
grpo,1788174498,0,58523
grpo,1788174503,0,60043
grpo,1788174508,0,60043
grpo,1788174513,0,60043
grpo,1788174518,0,60043
grpo,1788174523,0,60043
grpo,1788174528,0,60043
grpo,1788174533,0,60043
grpo,1788174538,0,60045
grpo,1788174543,0,60045
grpo,1788174548,0,108111
grpo,1788174553,0,108111
grpo,1788174558,0,108111
grpo,1788174563,0,108111
grpo,1788174568,0,108111
grpo,1788174573,0,39895
grpo,1788174578,0,40899
grpo,1788174583,0,40919
grpo,1788174588,0,42723
grpo,1788174593,0,42723
grpo,1788174599,0,42723
grpo,1788174604,0,42723
grpo,1788174609,0,42723
grpo,1788174614,0,42723
grpo,1788174619,0,42723
grpo,1788174624,0,42723
grpo,1788174629,0,42723
grpo,1788174634,0,42723
grpo,1788174639,0,42723
grpo,1788174644,0,42723
grpo,1788174649,0,42723
grpo,1788174654,0,53183
grpo,1788174659,0,55983
grpo,1788174664,0,56223
grpo,1788174669,0,60043
grpo,1788174674,0,60043
grpo,1788174679,0,60043
grpo,1788174684,0,60103
grpo,1788174689,0,60103
grpo,1788174694,0,60103
grpo,1788174699,0,60103
grpo,1788174705,0,60103
grpo,1788174710,0,60103
grpo,1788174715,0,60103
grpo,1788174720,0,108789
grpo,1788174725,0,108789
grpo,1788174730,0,108789
grpo,1788174735,0,108789
grpo,1788174740,0,38733
grpo,1788174745,0,40899
grpo,1788174750,0,40919
grpo,1788174755,0,40923
grpo,1788174760,0,42723
grpo,1788174765,0,42723
grpo,1788174770,0,42723
grpo,1788174775,0,42723
grpo,1788174780,0,42723
grpo,1788174785,0,42723
grpo,1788174790,0,42723
grpo,1788174795,0,42723
grpo,1788174800,0,42723
grpo,1788174805,0,42723
grpo,1788174811,0,42723
grpo,1788174816,0,42723
grpo,1788174821,0,42723
grpo,1788174826,0,55963
grpo,1788174831,0,56083
grpo,1788174836,0,57503
grpo,1788174841,0,60043
grpo,1788174846,0,60043
grpo,1788174851,0,60043
grpo,1788174856,0,60103
grpo,1788174861,0,60103
grpo,1788174866,0,60103
grpo,1788174871,0,60103
grpo,1788174876,0,60103
grpo,1788174881,0,60103
grpo,1788174886,0,109617
grpo,1788174891,0,109617
grpo,1788174896,0,109617
grpo,1788174901,0,109617
grpo,1788174906,0,39495
grpo,1788174911,0,40899
grpo,1788174917,0,40899
grpo,1788174922,0,40903
grpo,1788174927,0,42703
grpo,1788174932,0,42703
grpo,1788174937,0,42703
grpo,1788174942,0,42703
grpo,1788174947,0,42703
grpo,1788174952,0,42703
grpo,1788174957,0,42703
grpo,1788174962,0,42703
grpo,1788174967,0,42703
grpo,1788174972,0,42703
grpo,1788174977,0,42703
grpo,1788174982,0,42703
grpo,1788174987,0,42703
grpo,1788174992,0,55963
grpo,1788174997,0,56063
grpo,1788175002,0,57883
grpo,1788175007,0,60043
grpo,1788175012,0,60043
grpo,1788175018,0,60043
grpo,1788175023,0,60043
grpo,1788175028,0,60043
grpo,1788175033,0,60043
grpo,1788175038,0,60043
grpo,1788175043,0,60043
grpo,1788175048,0,66343
grpo,1788175053,0,109593
grpo,1788175058,0,109593
grpo,1788175063,0,109593
grpo,1788175068,0,109593
grpo,1788175073,0,39935
grpo,1788175078,0,40899
grpo,1788175083,0,40903
grpo,1788175088,0,42703
grpo,1788175093,0,42703
grpo,1788175098,0,42703
grpo,1788175103,0,42703
grpo,1788175108,0,42703
grpo,1788175113,0,42703
grpo,1788175119,0,42703
grpo,1788175124,0,42703
grpo,1788175129,0,42703
grpo,1788175134,0,42703
grpo,1788175139,0,42703
grpo,1788175144,0,42703
grpo,1788175149,0,42703
grpo,1788175154,0,56083
grpo,1788175159,0,56143
grpo,1788175164,0,56463
grpo,1788175169,0,60183
grpo,1788175174,0,60183
grpo,1788175179,0,60183
grpo,1788175184,0,60183
grpo,1788175189,0,60183
grpo,1788175194,0,60183
grpo,1788175199,0,60183
grpo,1788175204,0,60183
grpo,1788175209,0,44755
grpo,1788175214,0,109919
grpo,1788175219,0,109919
grpo,1788175225,0,109919
grpo,1788175230,0,109919
grpo,1788175235,0,109919
grpo,1788175240,0,40439
grpo,1788175245,0,40899
grpo,1788175250,0,40901
grpo,1788175255,0,42703
grpo,1788175260,0,42703
grpo,1788175265,0,42703
grpo,1788175270,0,42703
grpo,1788175275,0,42703
grpo,1788175280,0,42703
grpo,1788175285,0,42703
grpo,1788175290,0,42703
grpo,1788175295,0,42703
grpo,1788175300,0,42703
grpo,1788175305,0,42703
grpo,1788175310,0,42703
grpo,1788175315,0,42703
grpo,1788175320,0,55923
grpo,1788175325,0,56023
grpo,1788175331,0,56743
grpo,1788175336,0,60043
grpo,1788175341,0,60043
grpo,1788175346,0,60043
grpo,1788175351,0,60043
grpo,1788175356,0,60043
grpo,1788175361,0,60043
grpo,1788175366,0,60043
grpo,1788175371,0,60043
grpo,1788175376,0,60043
grpo,1788175381,0,60043
grpo,1788175386,0,108725
grpo,1788175391,0,108725
grpo,1788175396,0,108725
grpo,1788175401,0,108725
grpo,1788175406,0,108725
grpo,1788175411,0,39835
grpo,1788175416,0,40899
grpo,1788175421,0,40919
grpo,1788175426,0,40923
grpo,1788175431,0,42723
grpo,1788175437,0,42723
grpo,1788175442,0,42723
grpo,1788175447,0,42723
grpo,1788175452,0,42723
grpo,1788175457,0,42723
grpo,1788175462,0,42723
grpo,1788175467,0,42723
grpo,1788175472,0,42723
grpo,1788175477,0,42723
grpo,1788175482,0,42723
grpo,1788175487,0,42723
grpo,1788175492,0,42723
grpo,1788175497,0,55983
grpo,1788175502,0,56143
grpo,1788175507,0,58903
grpo,1788175512,0,60043
grpo,1788175517,0,60043
grpo,1788175522,0,60103
grpo,1788175527,0,60103
grpo,1788175532,0,60103
grpo,1788175538,0,60103
grpo,1788175543,0,60103
grpo,1788175548,0,60103
grpo,1788175553,0,60103
grpo,1788175558,0,109789
grpo,1788175563,0,109789
grpo,1788175568,0,109789
grpo,1788175573,0,109789
grpo,1788175578,0,109789
grpo,1788175583,0,38733
grpo,1788175588,0,40899
grpo,1788175593,0,40919
grpo,1788175598,0,40923
grpo,1788175603,0,42723
grpo,1788175608,0,42723
grpo,1788175613,0,42723
grpo,1788175618,0,42723
grpo,1788175623,0,42723
grpo,1788175628,0,42723
grpo,1788175633,0,42723
grpo,1788175638,0,42723
grpo,1788175644,0,42723
grpo,1788175649,0,42723
grpo,1788175654,0,42723
grpo,1788175659,0,42723
grpo,1788175664,0,42723
grpo,1788175669,0,55963
grpo,1788175674,0,56103
grpo,1788175679,0,58443
grpo,1788175684,0,60043
grpo,1788175689,0,60043
grpo,1788175694,0,60043
grpo,1788175699,0,60103
grpo,1788175704,0,60103
grpo,1788175709,0,60103
grpo,1788175714,0,60103
grpo,1788175719,0,60103
grpo,1788175724,0,60103
grpo,1788175729,0,60103
grpo,1788175734,0,108385
grpo,1788175739,0,108385
grpo,1788175744,0,108385
grpo,1788175750,0,108385
grpo,1788175755,0,108385
grpo,1788175760,0,38733
grpo,1788175765,0,40899
grpo,1788175770,0,40919
grpo,1788175775,0,40923
grpo,1788175780,0,42723
grpo,1788175785,0,42723
grpo,1788175790,0,42723
grpo,1788175795,0,42723
grpo,1788175800,0,42723
grpo,1788175805,0,42723
grpo,1788175810,0,42723
grpo,1788175815,0,42723
grpo,1788175820,0,42723
grpo,1788175825,0,42723
grpo,1788175830,0,42723
grpo,1788175835,0,42723
grpo,1788175840,0,42723
grpo,1788175845,0,55983
grpo,1788175850,0,56103
grpo,1788175856,0,58143
grpo,1788175861,0,60043
grpo,1788175866,0,60043
grpo,1788175871,0,60043
grpo,1788175876,0,60103
grpo,1788175881,0,60103
grpo,1788175886,0,60103
grpo,1788175891,0,60103
grpo,1788175896,0,60103
grpo,1788175901,0,60103
grpo,1788175906,0,60103
grpo,1788175911,0,109613
grpo,1788175916,0,109613
grpo,1788175921,0,109613
grpo,1788175926,0,109613
grpo,1788175931,0,109613
grpo,1788175936,0,39855
grpo,1788175941,0,40899
grpo,1788175946,0,40899
grpo,1788175951,0,40903
grpo,1788175957,0,42703
grpo,1788175962,0,42703
grpo,1788175967,0,42703
grpo,1788175972,0,42703
grpo,1788175977,0,42703
grpo,1788175982,0,42703
grpo,1788175987,0,42703
grpo,1788175992,0,42703
grpo,1788175997,0,42703
grpo,1788176002,0,42703
grpo,1788176007,0,42703
grpo,1788176012,0,42703
grpo,1788176017,0,42703
grpo,1788176022,0,55983
grpo,1788176027,0,56143
grpo,1788176032,0,58423
grpo,1788176037,0,60043
grpo,1788176042,0,60043
grpo,1788176047,0,60043
grpo,1788176052,0,60063
grpo,1788176057,0,60063
grpo,1788176063,0,60063
grpo,1788176068,0,60063
grpo,1788176073,0,60063
grpo,1788176078,0,60065
grpo,1788176083,0,60065
grpo,1788176088,0,109673
grpo,1788176093,0,109673
grpo,1788176098,0,109673
grpo,1788176103,0,109673
grpo,1788176108,0,109673
grpo,1788176113,0,109673
grpo,1788176118,0,39957
grpo,1788176123,0,40899
grpo,1788176128,0,40919
grpo,1788176133,0,40925
grpo,1788176138,0,42725
grpo,1788176143,0,42725
grpo,1788176148,0,42725
grpo,1788176153,0,42725
grpo,1788176158,0,42725
grpo,1788176164,0,42725
grpo,1788176169,0,42725
grpo,1788176174,0,42725
grpo,1788176179,0,42725
grpo,1788176184,0,42725
grpo,1788176189,0,42725
grpo,1788176194,0,42725
grpo,1788176199,0,42725
grpo,1788176204,0,55985
grpo,1788176209,0,56245
grpo,1788176214,0,59325
grpo,1788176219,0,60045
grpo,1788176224,0,60045
grpo,1788176229,0,60045
grpo,1788176234,0,60045
grpo,1788176239,0,60105
grpo,1788176244,0,60105
grpo,1788176249,0,60105
grpo,1788176254,0,60105
grpo,1788176259,0,60105
grpo,1788176264,0,60105
grpo,1788176270,0,60105
grpo,1788176275,0,104589
grpo,1788176280,0,107909
grpo,1788176285,0,107909
grpo,1788176290,0,107909
grpo,1788176295,0,107909
grpo,1788176300,0,107909
grpo,1788176305,0,107909
grpo,1788176310,0,40899
grpo,1788176315,0,40899
grpo,1788176320,0,40899
grpo,1788176325,0,40905
grpo,1788176330,0,42705
grpo,1788176335,0,42705
grpo,1788176340,0,42705
grpo,1788176345,0,42705
grpo,1788176350,0,42705
grpo,1788176355,0,42705
grpo,1788176360,0,42705
grpo,1788176365,0,42705
grpo,1788176370,0,42705
grpo,1788176376,0,42705
grpo,1788176381,0,42705
grpo,1788176386,0,42705
grpo,1788176391,0,42705
grpo,1788176396,0,56065
grpo,1788176401,0,57865
grpo,1788176406,0,60045
grpo,1788176411,0,60045
grpo,1788176416,0,60045
grpo,1788176421,0,60045
grpo,1788176426,0,60045
grpo,1788176431,0,60065
grpo,1788176436,0,60065
grpo,1788176441,0,60065
grpo,1788176446,0,60065
grpo,1788176451,0,60065
grpo,1788176456,0,60065
grpo,1788176461,0,60065
grpo,1788176466,0,108135
grpo,1788176471,0,108135
grpo,1788176476,0,108135
grpo,1788176482,0,108135
grpo,1788176487,0,108135
grpo,1788176492,0,108135
grpo,1788176497,0,40159
grpo,1788176502,0,40899
grpo,1788176507,0,40899
grpo,1788176512,0,40905
grpo,1788176517,0,42705
grpo,1788176522,0,42705
grpo,1788176527,0,42705
grpo,1788176532,0,42705
grpo,1788176537,0,42705
grpo,1788176542,0,42705
grpo,1788176547,0,42705
grpo,1788176552,0,42705
grpo,1788176557,0,42705
grpo,1788176562,0,42705
grpo,1788176567,0,42705
grpo,1788176572,0,42705
grpo,1788176577,0,42705
grpo,1788176583,0,56145
grpo,1788176588,0,56785
grpo,1788176593,0,60185
grpo,1788176598,0,60185
grpo,1788176603,0,60185
grpo,1788176608,0,60185
grpo,1788176613,0,60185
grpo,1788176618,0,60185
grpo,1788176623,0,60185
grpo,1788176628,0,60185
grpo,1788176633,0,60185
grpo,1788176638,0,60185
grpo,1788176643,0,60185
grpo,1788176648,0,44755
grpo,1788176653,0,109699
grpo,1788176658,0,109699
grpo,1788176663,0,109699
grpo,1788176668,0,109699
grpo,1788176673,0,109699
grpo,1788176678,0,40579
grpo,1788176683,0,40899
grpo,1788176689,0,40903
grpo,1788176694,0,42703
grpo,1788176699,0,42703
grpo,1788176704,0,42703
grpo,1788176709,0,42703
grpo,1788176714,0,42703
grpo,1788176719,0,42703
grpo,1788176724,0,42703
grpo,1788176729,0,42703
grpo,1788176734,0,42703
grpo,1788176739,0,42703
grpo,1788176744,0,42703
grpo,1788176749,0,42703
grpo,1788176754,0,42703
grpo,1788176759,0,55943
grpo,1788176764,0,56063
grpo,1788176769,0,56703
grpo,1788176774,0,60043
grpo,1788176779,0,60043
grpo,1788176784,0,60043
grpo,1788176789,0,60043
grpo,1788176795,0,60043
grpo,1788176800,0,60043
grpo,1788176805,0,60043
grpo,1788176810,0,60043
grpo,1788176815,0,60043
grpo,1788176820,0,60043
grpo,1788176825,0,109645
grpo,1788176830,0,109645
grpo,1788176835,0,109645
grpo,1788176840,0,109645
grpo,1788176845,0,109645
grpo,1788176850,0,38733
grpo,1788176855,0,40899
grpo,1788176860,0,40919
grpo,1788176865,0,40923
grpo,1788176870,0,42723
grpo,1788176875,0,42723
grpo,1788176880,0,42723
grpo,1788176885,0,42723
grpo,1788176890,0,42723
grpo,1788176895,0,42723
grpo,1788176901,0,42723
grpo,1788176906,0,42723
grpo,1788176911,0,42723
grpo,1788176916,0,42723
grpo,1788176921,0,42723
grpo,1788176926,0,42723
grpo,1788176931,0,42723
grpo,1788176936,0,56083
grpo,1788176941,0,56203
grpo,1788176946,0,57583
grpo,1788176951,0,60183
grpo,1788176956,0,60183
grpo,1788176961,0,60183
grpo,1788176966,0,60243
grpo,1788176971,0,60243
grpo,1788176976,0,60243
grpo,1788176981,0,60243
grpo,1788176986,0,60243
grpo,1788176991,0,60243
grpo,1788176996,0,60243
grpo,1788177001,0,109183
grpo,1788177006,0,109183
grpo,1788177012,0,109183
grpo,1788177017,0,109183
grpo,1788177022,0,109183
grpo,1788177027,0,39977
grpo,1788177032,0,40899
grpo,1788177037,0,40919
grpo,1788177042,0,40923
grpo,1788177047,0,42723
grpo,1788177052,0,42723
grpo,1788177057,0,42723
grpo,1788177062,0,42723
grpo,1788177067,0,42723
grpo,1788177072,0,42723
grpo,1788177077,0,42723
grpo,1788177082,0,42723
grpo,1788177087,0,42723
grpo,1788177092,0,42723
grpo,1788177097,0,42723
grpo,1788177102,0,42723
grpo,1788177107,0,42723
grpo,1788177112,0,56143
grpo,1788177118,0,56483
grpo,1788177123,0,60163
grpo,1788177128,0,60183
grpo,1788177133,0,60183
grpo,1788177138,0,60183
grpo,1788177143,0,60243
grpo,1788177148,0,60243
grpo,1788177153,0,60243
grpo,1788177158,0,60243
grpo,1788177163,0,60245
grpo,1788177168,0,60245
grpo,1788177173,0,108709
grpo,1788177178,0,108709
grpo,1788177183,0,108709
grpo,1788177188,0,108709
grpo,1788177193,0,108709
grpo,1788177198,0,40159
grpo,1788177203,0,40919
grpo,1788177208,0,40923
grpo,1788177213,0,42723
grpo,1788177219,0,42723
grpo,1788177224,0,42723
grpo,1788177229,0,42723
grpo,1788177234,0,42723
grpo,1788177239,0,42723
grpo,1788177244,0,42723
grpo,1788177249,0,42723
grpo,1788177254,0,42723
grpo,1788177259,0,42723
grpo,1788177264,0,42723
grpo,1788177269,0,42723
grpo,1788177274,0,42723
grpo,1788177279,0,56083
grpo,1788177284,0,56183
grpo,1788177289,0,56803
grpo,1788177294,0,60183
grpo,1788177299,0,60183
grpo,1788177304,0,60183
grpo,1788177309,0,60243
grpo,1788177314,0,60243
grpo,1788177319,0,60243
grpo,1788177325,0,60243
grpo,1788177330,0,60243
grpo,1788177335,0,60243
grpo,1788177340,0,108879
grpo,1788177345,0,110071
grpo,1788177350,0,110071
grpo,1788177355,0,110071
grpo,1788177360,0,110071
grpo,1788177365,0,39655
grpo,1788177370,0,40899
grpo,1788177375,0,40919
grpo,1788177380,0,40923
grpo,1788177385,0,42723
grpo,1788177390,0,42723
grpo,1788177395,0,42723
grpo,1788177400,0,42723
grpo,1788177405,0,42723
grpo,1788177410,0,42723
grpo,1788177415,0,42723
grpo,1788177420,0,42723
grpo,1788177425,0,42723
grpo,1788177431,0,42723
grpo,1788177436,0,42723
grpo,1788177441,0,42723
grpo,1788177446,0,42723
grpo,1788177451,0,56083
grpo,1788177456,0,56183
grpo,1788177461,0,59083
grpo,1788177466,0,60183
grpo,1788177471,0,60183
grpo,1788177476,0,60183
grpo,1788177481,0,60243
grpo,1788177486,0,60243
grpo,1788177491,0,60243
grpo,1788177496,0,60243
grpo,1788177501,0,60243
grpo,1788177506,0,60243
grpo,1788177511,0,44755
grpo,1788177516,0,109909
grpo,1788177521,0,109909
grpo,1788177526,0,109909
grpo,1788177531,0,109909
grpo,1788177537,0,44053
grpo,1788177542,0,40899
grpo,1788177547,0,40919
grpo,1788177552,0,40923
grpo,1788177557,0,42723
grpo,1788177562,0,42723
grpo,1788177567,0,42723
grpo,1788177572,0,42723
grpo,1788177577,0,42723
grpo,1788177582,0,42723
grpo,1788177587,0,42723
grpo,1788177592,0,42723
grpo,1788177597,0,42723
grpo,1788177602,0,42723
grpo,1788177607,0,42723
grpo,1788177612,0,42723
grpo,1788177617,0,42723
grpo,1788177622,0,56063
grpo,1788177627,0,56163
grpo,1788177632,0,58263
grpo,1788177638,0,60183
grpo,1788177643,0,60183
grpo,1788177648,0,60183
grpo,1788177653,0,60243
grpo,1788177658,0,60243
grpo,1788177663,0,60243
grpo,1788177668,0,60243
grpo,1788177673,0,60243
grpo,1788177678,0,60243
grpo,1788177683,0,60243
grpo,1788177688,0,109057
grpo,1788177693,0,109057
grpo,1788177698,0,109057
grpo,1788177703,0,109057
grpo,1788177708,0,43201
grpo,1788177713,0,40899
grpo,1788177718,0,40919
grpo,1788177723,0,40923
grpo,1788177728,0,42723
grpo,1788177733,0,42723
grpo,1788177738,0,42723
grpo,1788177744,0,42723
grpo,1788177749,0,42723
grpo,1788177754,0,42723
grpo,1788177759,0,42723
grpo,1788177764,0,42723
grpo,1788177769,0,42723
grpo,1788177774,0,42723
grpo,1788177779,0,42723
grpo,1788177784,0,42723
grpo,1788177789,0,42723
grpo,1788177794,0,56063
grpo,1788177799,0,56203
grpo,1788177804,0,57363
grpo,1788177809,0,60183
grpo,1788177814,0,60183
grpo,1788177819,0,60183
grpo,1788177824,0,60243
grpo,1788177829,0,60243
grpo,1788177834,0,60243
grpo,1788177839,0,60243
grpo,1788177845,0,60243
grpo,1788177850,0,60243
grpo,1788177855,0,108601
grpo,1788177860,0,108601
grpo,1788177865,0,108601
grpo,1788177870,0,108601
grpo,1788177875,0,38733
grpo,1788177880,0,40899
grpo,1788177885,0,40899
grpo,1788177890,0,40903
grpo,1788177895,0,42703
grpo,1788177900,0,42703
grpo,1788177905,0,42703
grpo,1788177910,0,42703
grpo,1788177915,0,42703
grpo,1788177920,0,42703
grpo,1788177925,0,42703
grpo,1788177930,0,42703
grpo,1788177935,0,42703
grpo,1788177940,0,42703
grpo,1788177945,0,42703
grpo,1788177951,0,42703
grpo,1788177956,0,42703
grpo,1788177961,0,56083
grpo,1788177966,0,56183
grpo,1788177971,0,58123
grpo,1788177976,0,60183
grpo,1788177981,0,60183
grpo,1788177986,0,60183
grpo,1788177991,0,60183
grpo,1788177996,0,60183
grpo,1788178001,0,60183
grpo,1788178006,0,60183
grpo,1788178011,0,60183
grpo,1788178016,0,45943
grpo,1788178021,0,108495
grpo,1788178026,0,108495
grpo,1788178031,0,108495
grpo,1788178036,0,108495
grpo,1788178041,0,39835
grpo,1788178046,0,40899
grpo,1788178052,0,40919
grpo,1788178057,0,42723
grpo,1788178062,0,42723
grpo,1788178067,0,42723
grpo,1788178072,0,42723
grpo,1788178077,0,42723
grpo,1788178082,0,42723
grpo,1788178087,0,42723
grpo,1788178092,0,42723
grpo,1788178097,0,42723
grpo,1788178102,0,42723
grpo,1788178107,0,42723
grpo,1788178112,0,42723
grpo,1788178117,0,42723
grpo,1788178122,0,42723
grpo,1788178127,0,56103
grpo,1788178132,0,56323
grpo,1788178137,0,59303
grpo,1788178142,0,60183
grpo,1788178147,0,60183
grpo,1788178152,0,60243
grpo,1788178158,0,60243
grpo,1788178163,0,60243
grpo,1788178168,0,60243
grpo,1788178173,0,60245
grpo,1788178178,0,60245
grpo,1788178183,0,72507
grpo,1788178188,0,108225
grpo,1788178193,0,108225
grpo,1788178198,0,108225
grpo,1788178203,0,108225
grpo,1788178208,0,39875
grpo,1788178213,0,40919
grpo,1788178218,0,40923
grpo,1788178223,0,42723
grpo,1788178228,0,42723
grpo,1788178233,0,42723
grpo,1788178238,0,42723
grpo,1788178243,0,42723
grpo,1788178248,0,42723
grpo,1788178253,0,42723
grpo,1788178258,0,42723
grpo,1788178264,0,42723
grpo,1788178269,0,42723
grpo,1788178274,0,42723
grpo,1788178279,0,42723
grpo,1788178284,0,42723
grpo,1788178289,0,56063
grpo,1788178294,0,56103
grpo,1788178299,0,56723
grpo,1788178304,0,60183
grpo,1788178309,0,60183
grpo,1788178314,0,60243
grpo,1788178319,0,60243
grpo,1788178324,0,60243
grpo,1788178329,0,60243
grpo,1788178334,0,60243
grpo,1788178339,0,60243
grpo,1788178344,0,87241
grpo,1788178349,0,109903
grpo,1788178354,0,109903
grpo,1788178359,0,109903
grpo,1788178364,0,109903
grpo,1788178370,0,39815
grpo,1788178375,0,40899
grpo,1788178380,0,40919
grpo,1788178385,0,42723
grpo,1788178390,0,42723
grpo,1788178395,0,42723
grpo,1788178400,0,42723
grpo,1788178405,0,42723
grpo,1788178410,0,42723
grpo,1788178415,0,42723
grpo,1788178420,0,42723
grpo,1788178425,0,42723
grpo,1788178430,0,42723
grpo,1788178435,0,42723
grpo,1788178440,0,42723
grpo,1788178445,0,42723
grpo,1788178450,0,55983
grpo,1788178455,0,56103
grpo,1788178460,0,56243
grpo,1788178465,0,60183
grpo,1788178471,0,60183
grpo,1788178476,0,60183
grpo,1788178481,0,60243
grpo,1788178486,0,60243
grpo,1788178491,0,60243
grpo,1788178496,0,60243
grpo,1788178501,0,60243
grpo,1788178506,0,60243
grpo,1788178511,0,108105
grpo,1788178516,0,108105
grpo,1788178521,0,108105
grpo,1788178526,0,108105
grpo,1788178531,0,38733
grpo,1788178536,0,40899
grpo,1788178541,0,40899
grpo,1788178546,0,40903
grpo,1788178551,0,42703
grpo,1788178556,0,42703
grpo,1788178561,0,42703
grpo,1788178566,0,42703
grpo,1788178571,0,42703
grpo,1788178577,0,42703
grpo,1788178582,0,42703
grpo,1788178587,0,42703
grpo,1788178592,0,42703
grpo,1788178597,0,42703
grpo,1788178602,0,42703
grpo,1788178607,0,42703
grpo,1788178612,0,42703
grpo,1788178617,0,56083
grpo,1788178622,0,56163
grpo,1788178627,0,57563
grpo,1788178632,0,60183
grpo,1788178637,0,60183
grpo,1788178642,0,60183
grpo,1788178647,0,60183
grpo,1788178652,0,60183
grpo,1788178657,0,60183
grpo,1788178662,0,60183
grpo,1788178667,0,60183
grpo,1788178672,0,109633
grpo,1788178678,0,109633
grpo,1788178683,0,109633
grpo,1788178688,0,109633
grpo,1788178693,0,39655
grpo,1788178698,0,40899
grpo,1788178703,0,40899
grpo,1788178708,0,42703
grpo,1788178713,0,42703
grpo,1788178718,0,42703
grpo,1788178723,0,42703
grpo,1788178728,0,42703
grpo,1788178733,0,42703
grpo,1788178738,0,42703
grpo,1788178743,0,42703
grpo,1788178748,0,42703
grpo,1788178753,0,42703
grpo,1788178758,0,42703
grpo,1788178763,0,42703
grpo,1788178768,0,42703
grpo,1788178773,0,55963
grpo,1788178778,0,56103
grpo,1788178784,0,56223
grpo,1788178789,0,58343
grpo,1788178794,0,60183
grpo,1788178799,0,60183
grpo,1788178804,0,60203
grpo,1788178809,0,60203
grpo,1788178814,0,60203
grpo,1788178819,0,60203
grpo,1788178824,0,60203
grpo,1788178829,0,60203
grpo,1788178834,0,109579
grpo,1788178839,0,109579
grpo,1788178844,0,109579
grpo,1788178849,0,109579
grpo,1788178854,0,39835
grpo,1788178859,0,40899
grpo,1788178864,0,40903
grpo,1788178869,0,42703
grpo,1788178874,0,42703
grpo,1788178879,0,42703
grpo,1788178885,0,42703
grpo,1788178890,0,42703
grpo,1788178895,0,42703
grpo,1788178900,0,42703
grpo,1788178905,0,42703
grpo,1788178910,0,42703
grpo,1788178915,0,42703
grpo,1788178920,0,42703
grpo,1788178925,0,42703
grpo,1788178930,0,42703
grpo,1788178935,0,56063
grpo,1788178940,0,56083
grpo,1788178945,0,56223
grpo,1788178950,0,60183
grpo,1788178955,0,60183
grpo,1788178960,0,60203
grpo,1788178965,0,60203
grpo,1788178970,0,60203
grpo,1788178975,0,60203
grpo,1788178980,0,60203
grpo,1788178986,0,60203
grpo,1788178991,0,44755
grpo,1788178996,0,117037
grpo,1788179001,0,117037
grpo,1788179006,0,117037
grpo,1788179011,0,51181
grpo,1788179016,0,40859
grpo,1788179021,0,40899
grpo,1788179026,0,40901
grpo,1788179031,0,42701
grpo,1788179036,0,42701
grpo,1788179041,0,42701
grpo,1788179046,0,42701
grpo,1788179051,0,42701
grpo,1788179056,0,42701
grpo,1788179061,0,42701
grpo,1788179066,0,42701
grpo,1788179071,0,42701
grpo,1788179076,0,42701
grpo,1788179081,0,42701
grpo,1788179086,0,42701
grpo,1788179092,0,44041
grpo,1788179097,0,56081
grpo,1788179102,0,56161
grpo,1788179107,0,57823
grpo,1788179112,0,60183
grpo,1788179117,0,60183
grpo,1788179122,0,60183
grpo,1788179127,0,60183
grpo,1788179132,0,60183
grpo,1788179137,0,60183
grpo,1788179142,0,60183
grpo,1788179147,0,66483
grpo,1788179152,0,113237
grpo,1788179157,0,113237
grpo,1788179162,0,113237
grpo,1788179167,0,113237
grpo,1788179172,0,39655
grpo,1788179177,0,40899
grpo,1788179182,0,40919
grpo,1788179187,0,42723
grpo,1788179192,0,42723
grpo,1788179198,0,42723
grpo,1788179203,0,42723
grpo,1788179208,0,42723
grpo,1788179213,0,42723
grpo,1788179218,0,42723
grpo,1788179223,0,42723
grpo,1788179228,0,42723
grpo,1788179233,0,42723
grpo,1788179238,0,42723
grpo,1788179243,0,42723
grpo,1788179248,0,42723
grpo,1788179253,0,55983
grpo,1788179258,0,56103
grpo,1788179263,0,56223
grpo,1788179268,0,59183
grpo,1788179273,0,60183
grpo,1788179278,0,60183
grpo,1788179283,0,60243
grpo,1788179288,0,60243
grpo,1788179293,0,60243
grpo,1788179298,0,60243
grpo,1788179304,0,60243
grpo,1788179309,0,60243
grpo,1788179314,0,110727
grpo,1788179319,0,110727
grpo,1788179324,0,110727
grpo,1788179329,0,110727
grpo,1788179334,0,110727
grpo,1788179339,0,39935
grpo,1788179344,0,40899
grpo,1788179349,0,40923
grpo,1788179354,0,42723
grpo,1788179359,0,42723
grpo,1788179364,0,42723
grpo,1788179369,0,42723
grpo,1788179374,0,42723
grpo,1788179379,0,42723
grpo,1788179384,0,42723
grpo,1788179389,0,42723
grpo,1788179394,0,42723
grpo,1788179399,0,42723
grpo,1788179404,0,42723
grpo,1788179410,0,42723
grpo,1788179415,0,42723
grpo,1788179420,0,56063
grpo,1788179425,0,56123
grpo,1788179430,0,56643
grpo,1788179435,0,60183
grpo,1788179440,0,60183
grpo,1788179445,0,60183
grpo,1788179450,0,60243
grpo,1788179455,0,60243
grpo,1788179460,0,60243
grpo,1788179465,0,60243
grpo,1788179470,0,60243
grpo,1788179475,0,60243
grpo,1788179480,0,105561
grpo,1788179485,0,105561
grpo,1788179490,0,105561
grpo,1788179495,0,107783
grpo,1788179500,0,107783
grpo,1788179505,0,107783
grpo,1788179511,0,107783
grpo,1788179516,0,107783
grpo,1788179521,0,40219
grpo,1788179526,0,40899
grpo,1788179531,0,40903
grpo,1788179536,0,42703
grpo,1788179541,0,42703
grpo,1788179546,0,42703
grpo,1788179551,0,42703
grpo,1788179556,0,42703
grpo,1788179561,0,42703
grpo,1788179566,0,42703
grpo,1788179571,0,42703
grpo,1788179576,0,42703
grpo,1788179581,0,42703
grpo,1788179586,0,42703
grpo,1788179591,0,42703
grpo,1788179596,0,42703
grpo,1788179601,0,56063
grpo,1788179606,0,56143
grpo,1788179611,0,57063
grpo,1788179616,0,60183
grpo,1788179622,0,60183
grpo,1788179627,0,60183
grpo,1788179632,0,60183
grpo,1788179637,0,60183
grpo,1788179642,0,60183
grpo,1788179647,0,60183
grpo,1788179652,0,60183
grpo,1788179657,0,60183
grpo,1788179662,0,109559
grpo,1788179667,0,109559
grpo,1788179672,0,109559
grpo,1788179677,0,109559
grpo,1788179682,0,40219
grpo,1788179687,0,40899
grpo,1788179692,0,40901
grpo,1788179697,0,42701
grpo,1788179702,0,42701
grpo,1788179707,0,42701
grpo,1788179712,0,42701
grpo,1788179717,0,42701
grpo,1788179723,0,42701
grpo,1788179728,0,42701
grpo,1788179733,0,42701
grpo,1788179738,0,42701
grpo,1788179743,0,42701
grpo,1788179748,0,42701
grpo,1788179753,0,42701
grpo,1788179758,0,50801
grpo,1788179763,0,56061
grpo,1788179768,0,56141
grpo,1788179773,0,56943
grpo,1788179778,0,60183
grpo,1788179783,0,60183
grpo,1788179788,0,60183
grpo,1788179793,0,60183
grpo,1788179798,0,60183
grpo,1788179803,0,60183
grpo,1788179808,0,60183
grpo,1788179813,0,108621
grpo,1788179818,0,108621
grpo,1788179823,0,108621
grpo,1788179829,0,108621
grpo,1788179834,0,108621
grpo,1788179839,0,38733
grpo,1788179844,0,40899
grpo,1788179849,0,40919
grpo,1788179854,0,40923
grpo,1788179859,0,42723
grpo,1788179864,0,42723
grpo,1788179869,0,42723
grpo,1788179874,0,42723
grpo,1788179879,0,42723
grpo,1788179884,0,42723
grpo,1788179889,0,42723
grpo,1788179894,0,42723
grpo,1788179899,0,42723
grpo,1788179904,0,42723
grpo,1788179909,0,42723
grpo,1788179914,0,42723
grpo,1788179919,0,42723
grpo,1788179924,0,56063
grpo,1788179929,0,56203
grpo,1788179935,0,58223
grpo,1788179940,0,60183
grpo,1788179945,0,60183
grpo,1788179950,0,60183
grpo,1788179955,0,60243
grpo,1788179960,0,60243
grpo,1788179965,0,60243
grpo,1788179970,0,60243
grpo,1788179975,0,60243
grpo,1788179980,0,60243
grpo,1788179985,0,60243
grpo,1788179990,0,108799
grpo,1788179995,0,108799
grpo,1788180000,0,108799
grpo,1788180005,0,108799
grpo,1788180010,0,38733
grpo,1788180015,0,40899
grpo,1788180020,0,40899
grpo,1788180025,0,40903
grpo,1788180030,0,42703
grpo,1788180035,0,42703
grpo,1788180041,0,42703
grpo,1788180046,0,42703
grpo,1788180051,0,42703
grpo,1788180056,0,42703
grpo,1788180061,0,42703
grpo,1788180066,0,42703
grpo,1788180071,0,42703
grpo,1788180076,0,42703
grpo,1788180081,0,42703
grpo,1788180086,0,42703
grpo,1788180091,0,42703
grpo,1788180096,0,56063
grpo,1788180101,0,56163
grpo,1788180106,0,58143
grpo,1788180111,0,60183
grpo,1788180116,0,60183
grpo,1788180121,0,60183
grpo,1788180126,0,60183
grpo,1788180131,0,60183
grpo,1788180136,0,60183
grpo,1788180141,0,60183
grpo,1788180147,0,60183
grpo,1788180152,0,60183
grpo,1788180157,0,109369
grpo,1788180162,0,109369
grpo,1788180167,0,109369
grpo,1788180172,0,109369
grpo,1788180177,0,39835
grpo,1788180182,0,40899
grpo,1788180187,0,40903
grpo,1788180192,0,42703
grpo,1788180197,0,42703
grpo,1788180202,0,42703
grpo,1788180207,0,42703
grpo,1788180212,0,42703
grpo,1788180217,0,42703
grpo,1788180222,0,42703
grpo,1788180227,0,42703
grpo,1788180232,0,42703
grpo,1788180237,0,42703
grpo,1788180242,0,42703
grpo,1788180247,0,42703
grpo,1788180253,0,42703
grpo,1788180258,0,56043
grpo,1788180263,0,56103
grpo,1788180268,0,56283
grpo,1788180273,0,58683
grpo,1788180278,0,60183
grpo,1788180283,0,60183
grpo,1788180288,0,60183
grpo,1788180293,0,60183
grpo,1788180298,0,60183
grpo,1788180303,0,60183
grpo,1788180308,0,60183
grpo,1788180313,0,87241
grpo,1788180318,0,109275
grpo,1788180323,0,109275
grpo,1788180328,0,109275
grpo,1788180333,0,109275
grpo,1788180338,0,39977
grpo,1788180343,0,40919
grpo,1788180348,0,40923
grpo,1788180353,0,42723
grpo,1788180359,0,42723
grpo,1788180364,0,42723
grpo,1788180369,0,42723
grpo,1788180374,0,42723
grpo,1788180379,0,42723
grpo,1788180384,0,42723
grpo,1788180389,0,42723
grpo,1788180394,0,42723
grpo,1788180399,0,42723
grpo,1788180404,0,42723
grpo,1788180409,0,42723
grpo,1788180414,0,42723
grpo,1788180419,0,56043
grpo,1788180424,0,56103
grpo,1788180429,0,56703
grpo,1788180434,0,59943
grpo,1788180439,0,60183
grpo,1788180444,0,60203
grpo,1788180449,0,60243
grpo,1788180454,0,60243
grpo,1788180459,0,60243
grpo,1788180465,0,60243
grpo,1788180470,0,60243
grpo,1788180475,0,87241
grpo,1788180480,0,108561
grpo,1788180485,0,108561
grpo,1788180490,0,108561
grpo,1788180495,0,108561
grpo,1788180500,0,39495
grpo,1788180505,0,40899
grpo,1788180510,0,40919
grpo,1788180515,0,40923
grpo,1788180520,0,42723
grpo,1788180525,0,42723
grpo,1788180530,0,42723
grpo,1788180535,0,42723
grpo,1788180540,0,42723
grpo,1788180545,0,42723
grpo,1788180550,0,42723
grpo,1788180555,0,42723
grpo,1788180560,0,42723
grpo,1788180565,0,42723
grpo,1788180570,0,42723
grpo,1788180576,0,42723
grpo,1788180581,0,42723
grpo,1788180586,0,56063
grpo,1788180591,0,56183
grpo,1788180596,0,58683
grpo,1788180601,0,60183
grpo,1788180606,0,60183
grpo,1788180611,0,60243
grpo,1788180616,0,60243
grpo,1788180621,0,60243
grpo,1788180626,0,60243
grpo,1788180631,0,60243
grpo,1788180636,0,60243
grpo,1788180641,0,60243
grpo,1788180646,0,108847
grpo,1788180651,0,108847
grpo,1788180656,0,108847
grpo,1788180661,0,108847
grpo,1788180666,0,40037
grpo,1788180671,0,40919
grpo,1788180676,0,40923
grpo,1788180682,0,42723
grpo,1788180687,0,42723
grpo,1788180692,0,42723
grpo,1788180697,0,42723
grpo,1788180702,0,42723
grpo,1788180707,0,42723
grpo,1788180712,0,42723
grpo,1788180717,0,42723
grpo,1788180722,0,42723
grpo,1788180727,0,42723
grpo,1788180732,0,42723
grpo,1788180737,0,42723
grpo,1788180742,0,42723
grpo,1788180747,0,56063
grpo,1788180752,0,56143
grpo,1788180757,0,56923
grpo,1788180762,0,60183
grpo,1788180767,0,60183
grpo,1788180772,0,60243
grpo,1788180777,0,60243
grpo,1788180783,0,60243
grpo,1788180788,0,60243
grpo,1788180793,0,60243
grpo,1788180798,0,45943
grpo,1788180803,0,108995
grpo,1788180808,0,108995
grpo,1788180813,0,108995
grpo,1788180818,0,108995
grpo,1788180823,0,40017
grpo,1788180828,0,40899
grpo,1788180833,0,40903
grpo,1788180838,0,42703
grpo,1788180843,0,42703
grpo,1788180848,0,42703
grpo,1788180853,0,42703
grpo,1788180858,0,42703
grpo,1788180863,0,42703
grpo,1788180868,0,42703
grpo,1788180873,0,42703
grpo,1788180878,0,42703
grpo,1788180883,0,42703
grpo,1788180889,0,42703
grpo,1788180894,0,42703
grpo,1788180899,0,42703
grpo,1788180904,0,56043
grpo,1788180909,0,56123
grpo,1788180914,0,56803
grpo,1788180919,0,59603
grpo,1788180924,0,60183
grpo,1788180929,0,60183
grpo,1788180934,0,60203
grpo,1788180939,0,60203
grpo,1788180944,0,60203
grpo,1788180949,0,60203
grpo,1788180954,0,60203
grpo,1788180959,0,60203
grpo,1788180964,0,110915
grpo,1788180969,0,110915
grpo,1788180974,0,110915
grpo,1788180979,0,110915
grpo,1788180984,0,45059
grpo,1788180990,0,40899
grpo,1788180995,0,40899
grpo,1788181000,0,40903
grpo,1788181005,0,42703
grpo,1788181010,0,42703
grpo,1788181015,0,42703
grpo,1788181020,0,42703
grpo,1788181025,0,42703
grpo,1788181030,0,42703
grpo,1788181035,0,42703
grpo,1788181040,0,42703
grpo,1788181045,0,42703
grpo,1788181050,0,42703
grpo,1788181055,0,42703
grpo,1788181060,0,42703
grpo,1788181065,0,42703
grpo,1788181070,0,56063
grpo,1788181075,0,56223
grpo,1788181080,0,58363
grpo,1788181085,0,60183
grpo,1788181090,0,60183
grpo,1788181096,0,60183
grpo,1788181101,0,60183
grpo,1788181106,0,60183
grpo,1788181111,0,60183
grpo,1788181116,0,60183
grpo,1788181121,0,60183
grpo,1788181126,0,66483
grpo,1788181131,0,109457
grpo,1788181136,0,109457
grpo,1788181141,0,109457
grpo,1788181146,0,109457
grpo,1788181151,0,109457
grpo,1788181156,0,40399
grpo,1788181161,0,40899
grpo,1788181166,0,40901
grpo,1788181171,0,42703
grpo,1788181176,0,42703
grpo,1788181181,0,42703
grpo,1788181186,0,42703
grpo,1788181191,0,42703
grpo,1788181197,0,42703
grpo,1788181202,0,42703
grpo,1788181207,0,42703
grpo,1788181212,0,42703
grpo,1788181217,0,42703
grpo,1788181222,0,42703
grpo,1788181227,0,42703
grpo,1788181232,0,42703
grpo,1788181237,0,55963
grpo,1788181242,0,56143
grpo,1788181247,0,57563
grpo,1788181252,0,60183
grpo,1788181257,0,60183
grpo,1788181262,0,60183
grpo,1788181267,0,60183
grpo,1788181272,0,60183
grpo,1788181277,0,60183
grpo,1788181282,0,60183
grpo,1788181287,0,60183
grpo,1788181292,0,60183
grpo,1788181297,0,60183
grpo,1788181303,0,109563
grpo,1788181308,0,109563
grpo,1788181313,0,109563
grpo,1788181318,0,109563
grpo,1788181323,0,39655
grpo,1788181328,0,40899
grpo,1788181333,0,40919
grpo,1788181338,0,42723
grpo,1788181343,0,42723
grpo,1788181348,0,42723
grpo,1788181353,0,42723
grpo,1788181358,0,42723
grpo,1788181363,0,42723
grpo,1788181368,0,42723
grpo,1788181373,0,42723
grpo,1788181378,0,42723
grpo,1788181383,0,42723
grpo,1788181388,0,42723
grpo,1788181393,0,42723
grpo,1788181398,0,42723
grpo,1788181403,0,55983
grpo,1788181409,0,56083
grpo,1788181414,0,56263
grpo,1788181419,0,58383
grpo,1788181424,0,60183
grpo,1788181429,0,60183
grpo,1788181434,0,60243
grpo,1788181439,0,60243
grpo,1788181444,0,60243
grpo,1788181449,0,60243
grpo,1788181454,0,60243
grpo,1788181459,0,60243
grpo,1788181464,0,108649
grpo,1788181469,0,108649
grpo,1788181474,0,108649
grpo,1788181479,0,108649
grpo,1788181484,0,108649
grpo,1788181489,0,40479
grpo,1788181494,0,40899
grpo,1788181499,0,40903
grpo,1788181504,0,42703
grpo,1788181509,0,42703
grpo,1788181514,0,42703
grpo,1788181520,0,42703
grpo,1788181525,0,42703
grpo,1788181530,0,42703
grpo,1788181535,0,42703
grpo,1788181540,0,42703
grpo,1788181545,0,42703
grpo,1788181550,0,42703
grpo,1788181555,0,42703
grpo,1788181560,0,42703
grpo,1788181565,0,42703
grpo,1788181570,0,56043
grpo,1788181575,0,56143
grpo,1788181580,0,57383
grpo,1788181585,0,60183
grpo,1788181590,0,60183
grpo,1788181595,0,60183
grpo,1788181600,0,60203
grpo,1788181605,0,60203
grpo,1788181610,0,60203
grpo,1788181615,0,60203
grpo,1788181620,0,60203
grpo,1788181626,0,60203
grpo,1788181631,0,110557
grpo,1788181636,0,110557
grpo,1788181641,0,110557
grpo,1788181646,0,110557
grpo,1788181651,0,110557
grpo,1788181656,0,39815
grpo,1788181661,0,40899
grpo,1788181666,0,40919
grpo,1788181671,0,40923
grpo,1788181676,0,42723
grpo,1788181681,0,42723
grpo,1788181686,0,42723
grpo,1788181691,0,42723
grpo,1788181696,0,42723
grpo,1788181701,0,42723
grpo,1788181706,0,42723
grpo,1788181711,0,42723
grpo,1788181716,0,42723
grpo,1788181721,0,42723
grpo,1788181726,0,42723
grpo,1788181732,0,42723
grpo,1788181737,0,42723
grpo,1788181742,0,56063
grpo,1788181747,0,56163
grpo,1788181752,0,59143
grpo,1788181757,0,60183
grpo,1788181762,0,60183
grpo,1788181767,0,60183
grpo,1788181772,0,60243
grpo,1788181777,0,60243
grpo,1788181782,0,60243
grpo,1788181787,0,60243
grpo,1788181792,0,60243
grpo,1788181797,0,60243
grpo,1788181802,0,60243
grpo,1788181807,0,109861
grpo,1788181812,0,109861
grpo,1788181817,0,109861
grpo,1788181822,0,109861
grpo,1788181827,0,44005
grpo,1788181832,0,40899
grpo,1788181838,0,40899
grpo,1788181843,0,40903
grpo,1788181848,0,42703
grpo,1788181853,0,42703
grpo,1788181858,0,42703
grpo,1788181863,0,42703
grpo,1788181868,0,42703
grpo,1788181873,0,42703
grpo,1788181878,0,42703
grpo,1788181883,0,42703
grpo,1788181888,0,42703
grpo,1788181893,0,42703
grpo,1788181898,0,42703
grpo,1788181903,0,42703
grpo,1788181908,0,42703
grpo,1788181913,0,56043
grpo,1788181918,0,56143
grpo,1788181923,0,57423
grpo,1788181928,0,60183
grpo,1788181933,0,60183
grpo,1788181938,0,60183
grpo,1788181944,0,60183
grpo,1788181949,0,60183
grpo,1788181954,0,60183
grpo,1788181959,0,60183
grpo,1788181964,0,60183
grpo,1788181969,0,60183
grpo,1788181974,0,44755
grpo,1788181979,0,109043
grpo,1788181984,0,109043
grpo,1788181989,0,109043
grpo,1788181994,0,109043
grpo,1788181999,0,39895
grpo,1788182004,0,40899
grpo,1788182009,0,40923
grpo,1788182014,0,42723
grpo,1788182019,0,42723
grpo,1788182024,0,42723
grpo,1788182029,0,42723
grpo,1788182034,0,42723
grpo,1788182039,0,42723
grpo,1788182044,0,42723
grpo,1788182050,0,42723
grpo,1788182055,0,42723
grpo,1788182060,0,42723
grpo,1788182065,0,42723
grpo,1788182070,0,42723
grpo,1788182075,0,42723
grpo,1788182080,0,55983
grpo,1788182085,0,56103
grpo,1788182090,0,56683
grpo,1788182095,0,59423
grpo,1788182100,0,60183
grpo,1788182105,0,60183
grpo,1788182110,0,60243
grpo,1788182115,0,60243
grpo,1788182120,0,60243
grpo,1788182125,0,60243
grpo,1788182130,0,60243
grpo,1788182135,0,60243
grpo,1788182140,0,109101
grpo,1788182145,0,109101
grpo,1788182150,0,109101
grpo,1788182156,0,109101
grpo,1788182161,0,38733
grpo,1788182166,0,40899
grpo,1788182171,0,40899
grpo,1788182176,0,40903
grpo,1788182181,0,42703
grpo,1788182186,0,42703
grpo,1788182191,0,42703
grpo,1788182196,0,42703
grpo,1788182201,0,42703
grpo,1788182206,0,42703
grpo,1788182211,0,42703
grpo,1788182216,0,42703
grpo,1788182221,0,42703
grpo,1788182226,0,42703
grpo,1788182231,0,42703
grpo,1788182236,0,42703
grpo,1788182241,0,42703
grpo,1788182246,0,56063
grpo,1788182251,0,56163
grpo,1788182257,0,57823
grpo,1788182262,0,60183
grpo,1788182267,0,60183
grpo,1788182272,0,60183
grpo,1788182277,0,60183
grpo,1788182282,0,60183
grpo,1788182287,0,60183
grpo,1788182292,0,60183
grpo,1788182297,0,60183
grpo,1788182302,0,45943
grpo,1788182307,0,108377
grpo,1788182312,0,108377
grpo,1788182317,0,108377
grpo,1788182322,0,108377
grpo,1788182327,0,40199
grpo,1788182332,0,40919
grpo,1788182337,0,40923
grpo,1788182342,0,42723
grpo,1788182347,0,42723
grpo,1788182352,0,42723
grpo,1788182357,0,42723
grpo,1788182363,0,42723
grpo,1788182368,0,42723
grpo,1788182373,0,42723
grpo,1788182378,0,42723
grpo,1788182383,0,42723
grpo,1788182388,0,42723
grpo,1788182393,0,42723
grpo,1788182398,0,42723
grpo,1788182403,0,42723
grpo,1788182408,0,56043
grpo,1788182413,0,56083
grpo,1788182418,0,56543
grpo,1788182423,0,60183
grpo,1788182428,0,60183
grpo,1788182433,0,60243
grpo,1788182438,0,60243
grpo,1788182443,0,60243
grpo,1788182448,0,60243
grpo,1788182453,0,60243
grpo,1788182458,0,60243
grpo,1788182464,0,87241
grpo,1788182469,0,109113
grpo,1788182474,0,109113
grpo,1788182479,0,109113
grpo,1788182484,0,109113
grpo,1788182489,0,39815
grpo,1788182494,0,40899
grpo,1788182499,0,40919
grpo,1788182504,0,42723
grpo,1788182509,0,42723
grpo,1788182514,0,42723
grpo,1788182519,0,42723
grpo,1788182524,0,42723
grpo,1788182529,0,42723
grpo,1788182534,0,42723
grpo,1788182539,0,42723
grpo,1788182544,0,42723
grpo,1788182549,0,42723
grpo,1788182554,0,42723
grpo,1788182559,0,42723
grpo,1788182565,0,42723
grpo,1788182570,0,42723
grpo,1788182575,0,56083
grpo,1788182580,0,56243
grpo,1788182585,0,58743
grpo,1788182590,0,60183
grpo,1788182595,0,60183
grpo,1788182600,0,60243
grpo,1788182605,0,60243
grpo,1788182610,0,60243
grpo,1788182615,0,60243
grpo,1788182620,0,60243
grpo,1788182625,0,60243
grpo,1788182630,0,86145
grpo,1788182635,0,108195
grpo,1788182640,0,108195
grpo,1788182645,0,108195
grpo,1788182650,0,108195
grpo,1788182655,0,39875
grpo,1788182660,0,40899
grpo,1788182666,0,40903
grpo,1788182671,0,42703
grpo,1788182676,0,42703
grpo,1788182681,0,42703
grpo,1788182686,0,42703
grpo,1788182691,0,42703
grpo,1788182696,0,42703
grpo,1788182701,0,42703
grpo,1788182706,0,42703
grpo,1788182711,0,42703
grpo,1788182716,0,42703
grpo,1788182721,0,42703
grpo,1788182726,0,42703
grpo,1788182731,0,42703
grpo,1788182736,0,55963
grpo,1788182741,0,56083
grpo,1788182746,0,56243
grpo,1788182751,0,60103
grpo,1788182756,0,60183
grpo,1788182762,0,60183
grpo,1788182767,0,60183
grpo,1788182772,0,60183
grpo,1788182777,0,60183
grpo,1788182782,0,60183
grpo,1788182787,0,60183
grpo,1788182792,0,60183
grpo,1788182797,0,108169
grpo,1788182802,0,108169
grpo,1788182807,0,108169
grpo,1788182812,0,108169
grpo,1788182817,0,38733
grpo,1788182822,0,40899
grpo,1788182827,0,40919
grpo,1788182832,0,40923
grpo,1788182837,0,42723
grpo,1788182842,0,42723
grpo,1788182847,0,42723
grpo,1788182852,0,42723
grpo,1788182857,0,42723
grpo,1788182863,0,42723
grpo,1788182868,0,42723
grpo,1788182873,0,42723
grpo,1788182878,0,42723
grpo,1788182883,0,42723
grpo,1788182888,0,42723
grpo,1788182893,0,42723
grpo,1788182898,0,42723
grpo,1788182903,0,56063
grpo,1788182908,0,56163
grpo,1788182913,0,58623
grpo,1788182918,0,60183
grpo,1788182923,0,60183
grpo,1788182928,0,60243
grpo,1788182933,0,60243
grpo,1788182938,0,60243
grpo,1788182943,0,60243
grpo,1788182948,0,60243
grpo,1788182953,0,60243
grpo,1788182958,0,105017
grpo,1788182964,0,108345
grpo,1788182969,0,108345
grpo,1788182974,0,108345
grpo,1788182979,0,108345
grpo,1788182984,0,40419
grpo,1788182989,0,40899
grpo,1788182994,0,40903
grpo,1788182999,0,42703
grpo,1788183004,0,42703
grpo,1788183009,0,42703
grpo,1788183014,0,42703
grpo,1788183019,0,42703
grpo,1788183024,0,42703
grpo,1788183029,0,42703
grpo,1788183034,0,42703
grpo,1788183039,0,42703
grpo,1788183044,0,42703
grpo,1788183049,0,42703
grpo,1788183054,0,42703
grpo,1788183059,0,42703
grpo,1788183065,0,56063
grpo,1788183070,0,56123
grpo,1788183075,0,56903
grpo,1788183080,0,60183
grpo,1788183085,0,60183
grpo,1788183090,0,60183
grpo,1788183095,0,60183
grpo,1788183100,0,60183
grpo,1788183105,0,60183
grpo,1788183110,0,60183
grpo,1788183115,0,60183
grpo,1788183120,0,44755
grpo,1788183125,0,108061
grpo,1788183130,0,108061
grpo,1788183135,0,108061
grpo,1788183140,0,108061
grpo,1788183145,0,40479
grpo,1788183150,0,40919
grpo,1788183155,0,40923
grpo,1788183160,0,42723
grpo,1788183165,0,42723
grpo,1788183171,0,42723
grpo,1788183176,0,42723
grpo,1788183181,0,42723
grpo,1788183186,0,42723
grpo,1788183191,0,42723
grpo,1788183196,0,42723
grpo,1788183201,0,42723
grpo,1788183206,0,42723
grpo,1788183211,0,42723
grpo,1788183216,0,42723
grpo,1788183221,0,42723
grpo,1788183226,0,56043
grpo,1788183231,0,56123
grpo,1788183236,0,56383
grpo,1788183241,0,60183
grpo,1788183246,0,60183
grpo,1788183251,0,60243
grpo,1788183256,0,60243
grpo,1788183261,0,60243
grpo,1788183266,0,60243
grpo,1788183271,0,60243
grpo,1788183277,0,60243
grpo,1788183282,0,66483
grpo,1788183287,0,108953
grpo,1788183292,0,108953
grpo,1788183297,0,108953
grpo,1788183302,0,38733
grpo,1788183307,0,40901
grpo,1788183312,0,40901
grpo,1788183317,0,42701
grpo,1788183322,0,42701
grpo,1788183327,0,42701
grpo,1788183332,0,42701
grpo,1788183337,0,42701
grpo,1788183342,0,42701
grpo,1788183347,0,42701
grpo,1788183352,0,42701
grpo,1788183357,0,42701
grpo,1788183362,0,42701
grpo,1788183367,0,42701
grpo,1788183372,0,42701
grpo,1788183378,0,42701
grpo,1788183383,0,56041
grpo,1788183388,0,56081
grpo,1788183393,0,56161
grpo,1788183398,0,57243
grpo,1788183403,0,60183
grpo,1788183408,0,60183
grpo,1788183413,0,60183
grpo,1788183418,0,60183
grpo,1788183423,0,60183
grpo,1788183428,0,60183
grpo,1788183433,0,60183
grpo,1788183438,0,107985
grpo,1788183443,0,107985
grpo,1788183448,0,107985
grpo,1788183453,0,107985
grpo,1788183458,0,38733
grpo,1788183463,0,40899
grpo,1788183468,0,40919
grpo,1788183473,0,40921
grpo,1788183478,0,42721
grpo,1788183484,0,42721
grpo,1788183489,0,42721
grpo,1788183494,0,42721
grpo,1788183499,0,42721
grpo,1788183504,0,42721
grpo,1788183509,0,42721
grpo,1788183514,0,42721
grpo,1788183519,0,42721
grpo,1788183524,0,42721
grpo,1788183529,0,42721
grpo,1788183534,0,42721
grpo,1788183539,0,42721
grpo,1788183544,0,56061
grpo,1788183549,0,56141
grpo,1788183554,0,57403
grpo,1788183559,0,60183
grpo,1788183564,0,60183
grpo,1788183569,0,60243
grpo,1788183574,0,60243
grpo,1788183579,0,60243
grpo,1788183585,0,60243
grpo,1788183590,0,60243
grpo,1788183595,0,60243
grpo,1788183600,0,87241
grpo,1788183605,0,109181
grpo,1788183610,0,109181
grpo,1788183615,0,109181
grpo,1788183620,0,109181
grpo,1788183625,0,40219
grpo,1788183630,0,40899
grpo,1788183635,0,40901
grpo,1788183640,0,42701
grpo,1788183645,0,42701
grpo,1788183650,0,42701
grpo,1788183655,0,42701
grpo,1788183660,0,42701
grpo,1788183665,0,42701
grpo,1788183670,0,42701
grpo,1788183675,0,42701
grpo,1788183680,0,42701
grpo,1788183685,0,42701
grpo,1788183691,0,42701
grpo,1788183696,0,42701
grpo,1788183701,0,42701
grpo,1788183706,0,56061
grpo,1788183711,0,56121
grpo,1788183716,0,57023
grpo,1788183721,0,60183
grpo,1788183726,0,60183
grpo,1788183731,0,60183
grpo,1788183736,0,60183
grpo,1788183741,0,60183
grpo,1788183746,0,60183
grpo,1788183751,0,60183
grpo,1788183756,0,60183
grpo,1788183761,0,108979
grpo,1788183766,0,108979
grpo,1788183771,0,108979
grpo,1788183776,0,108979
grpo,1788183781,0,38733
grpo,1788183787,0,40899
grpo,1788183792,0,40919
grpo,1788183797,0,40923
grpo,1788183802,0,42723
grpo,1788183807,0,42723
grpo,1788183812,0,42723
grpo,1788183817,0,42723
grpo,1788183822,0,42723
grpo,1788183827,0,42723
grpo,1788183832,0,42723
grpo,1788183837,0,42723
grpo,1788183842,0,42723
grpo,1788183847,0,42723
grpo,1788183852,0,42723
grpo,1788183857,0,42723
grpo,1788183862,0,42723
grpo,1788183867,0,56083
grpo,1788183872,0,56183
grpo,1788183877,0,58443
grpo,1788183882,0,60183
grpo,1788183887,0,60183
grpo,1788183893,0,60243
grpo,1788183898,0,60243
grpo,1788183903,0,60243
grpo,1788183908,0,60243
grpo,1788183913,0,60243
grpo,1788183918,0,60243
grpo,1788183923,0,104589
grpo,1788183928,0,109981
grpo,1788183933,0,109981
grpo,1788183938,0,109981
grpo,1788183943,0,109981
grpo,1788183948,0,40259
grpo,1788183953,0,40919
grpo,1788183958,0,40923
grpo,1788183963,0,42723
grpo,1788183968,0,42723
grpo,1788183973,0,42723
grpo,1788183978,0,42723
grpo,1788183983,0,42723
grpo,1788183988,0,42723
grpo,1788183994,0,42723
grpo,1788183999,0,42723
grpo,1788184004,0,42723
grpo,1788184009,0,42723
grpo,1788184014,0,42723
grpo,1788184019,0,42723
grpo,1788184024,0,42723
grpo,1788184029,0,56063
grpo,1788184034,0,56103
grpo,1788184039,0,56903
grpo,1788184044,0,60183
grpo,1788184049,0,60183
grpo,1788184054,0,60243
grpo,1788184059,0,60243
grpo,1788184064,0,60243
grpo,1788184069,0,60243
grpo,1788184074,0,60243
grpo,1788184079,0,60243
grpo,1788184084,0,44755
grpo,1788184089,0,108751
grpo,1788184095,0,108751
grpo,1788184100,0,108751
grpo,1788184105,0,39835
grpo,1788184110,0,40899
grpo,1788184115,0,40901
grpo,1788184120,0,42701
grpo,1788184125,0,42701
grpo,1788184130,0,42701
grpo,1788184135,0,42701
grpo,1788184140,0,42701
grpo,1788184145,0,42701
grpo,1788184150,0,42701
grpo,1788184155,0,42701
grpo,1788184160,0,42701
grpo,1788184165,0,42701
grpo,1788184170,0,42701
grpo,1788184175,0,42701
grpo,1788184180,0,42701
grpo,1788184185,0,56061
grpo,1788184190,0,56081
grpo,1788184196,0,56261
grpo,1788184201,0,60183
grpo,1788184206,0,60183
grpo,1788184211,0,60183
grpo,1788184216,0,60183
grpo,1788184221,0,60183
grpo,1788184226,0,60183
grpo,1788184231,0,60183
grpo,1788184236,0,106769
grpo,1788184241,0,115697
grpo,1788184246,0,115697
grpo,1788184251,0,115697
grpo,1788184256,0,115697
grpo,1788184261,0,39835
grpo,1788184266,0,40899
grpo,1788184271,0,40919
grpo,1788184276,0,42723
grpo,1788184281,0,42723
grpo,1788184286,0,42723
grpo,1788184291,0,42723
grpo,1788184296,0,42723
grpo,1788184302,0,42723
grpo,1788184307,0,42723
grpo,1788184312,0,42723
grpo,1788184317,0,42723
grpo,1788184322,0,42723
grpo,1788184327,0,42723
grpo,1788184332,0,42723
grpo,1788184337,0,42723
grpo,1788184342,0,42723
grpo,1788184347,0,56063
grpo,1788184352,0,56183
grpo,1788184357,0,59523
grpo,1788184362,0,60183
grpo,1788184367,0,60183
grpo,1788184372,0,60183
grpo,1788184377,0,60243
grpo,1788184382,0,60243
grpo,1788184387,0,60243
grpo,1788184392,0,60243
grpo,1788184397,0,60243
grpo,1788184402,0,60243
grpo,1788184408,0,113653
grpo,1788184413,0,113653
grpo,1788184418,0,113653
grpo,1788184423,0,113653
grpo,1788184428,0,39655
grpo,1788184433,0,40899
grpo,1788184438,0,40899
grpo,1788184443,0,42703
grpo,1788184448,0,42703
grpo,1788184453,0,42703
grpo,1788184458,0,42703
grpo,1788184463,0,42703
grpo,1788184468,0,42703
grpo,1788184473,0,42703
grpo,1788184478,0,42703
grpo,1788184483,0,42703
grpo,1788184488,0,42703
grpo,1788184493,0,42703
grpo,1788184498,0,42703
grpo,1788184503,0,42703
grpo,1788184509,0,55963
grpo,1788184514,0,56063
grpo,1788184519,0,56203
grpo,1788184524,0,60163
grpo,1788184529,0,60183
grpo,1788184534,0,60183
grpo,1788184539,0,60183
grpo,1788184544,0,60183
grpo,1788184549,0,60183
grpo,1788184554,0,60183
grpo,1788184559,0,60183
grpo,1788184564,0,60183
grpo,1788184569,0,113059
grpo,1788184574,0,113059
grpo,1788184579,0,113059
grpo,1788184584,0,113059
grpo,1788184589,0,39815
grpo,1788184594,0,40899
grpo,1788184599,0,40903
grpo,1788184604,0,42703
grpo,1788184610,0,42703
grpo,1788184615,0,42703
grpo,1788184620,0,42703
grpo,1788184625,0,42703
grpo,1788184630,0,42703
grpo,1788184635,0,42703
grpo,1788184640,0,42703
grpo,1788184645,0,42703
grpo,1788184650,0,42703
grpo,1788184655,0,42703
grpo,1788184660,0,42703
grpo,1788184665,0,42703
grpo,1788184670,0,56063
grpo,1788184675,0,56103
grpo,1788184680,0,56243
grpo,1788184685,0,59103
grpo,1788184690,0,60183
grpo,1788184695,0,60183
grpo,1788184700,0,60183
grpo,1788184705,0,60183
grpo,1788184711,0,60183
grpo,1788184716,0,60183
grpo,1788184721,0,60183
grpo,1788184726,0,44755
grpo,1788184731,0,109143
grpo,1788184736,0,109143
grpo,1788184741,0,109143
grpo,1788184746,0,109143
grpo,1788184751,0,39875
grpo,1788184756,0,40899
grpo,1788184761,0,40923
grpo,1788184766,0,42723
grpo,1788184771,0,42723
grpo,1788184776,0,42723
grpo,1788184781,0,42723
grpo,1788184786,0,42723
grpo,1788184791,0,42723
grpo,1788184796,0,42723
grpo,1788184801,0,42723
grpo,1788184806,0,42723
grpo,1788184812,0,42723
grpo,1788184817,0,42723
grpo,1788184822,0,42723
grpo,1788184827,0,42723
grpo,1788184832,0,56063
grpo,1788184837,0,56103
grpo,1788184842,0,56283
grpo,1788184847,0,60183
grpo,1788184852,0,60183
grpo,1788184857,0,60183
grpo,1788184862,0,60243
grpo,1788184867,0,60243
grpo,1788184872,0,60243
grpo,1788184877,0,60243
grpo,1788184882,0,60243
grpo,1788184887,0,60243
grpo,1788184892,0,111171
grpo,1788184897,0,111171
grpo,1788184902,0,111171
grpo,1788184907,0,111171
grpo,1788184913,0,111171
grpo,1788184918,0,40479
grpo,1788184923,0,40899
grpo,1788184928,0,40903
grpo,1788184933,0,42703
grpo,1788184938,0,42703
grpo,1788184943,0,42703
grpo,1788184948,0,42703
grpo,1788184953,0,42703
grpo,1788184958,0,42703
grpo,1788184963,0,42703
grpo,1788184968,0,42703
grpo,1788184973,0,42703
grpo,1788184978,0,42703
grpo,1788184983,0,42703
grpo,1788184988,0,42703
grpo,1788184993,0,42703
grpo,1788184998,0,56063
grpo,1788185003,0,56123
grpo,1788185008,0,57223
grpo,1788185014,0,60183
grpo,1788185019,0,60183
grpo,1788185024,0,60183
grpo,1788185029,0,60183
grpo,1788185034,0,60183
grpo,1788185039,0,60183
grpo,1788185044,0,60183
grpo,1788185049,0,60183
grpo,1788185054,0,66483
grpo,1788185059,0,107669
grpo,1788185064,0,107669
grpo,1788185069,0,107669
grpo,1788185074,0,107669
grpo,1788185079,0,39957
grpo,1788185084,0,40899
grpo,1788185089,0,40901
grpo,1788185094,0,42701
grpo,1788185099,0,42701
grpo,1788185104,0,42701
grpo,1788185109,0,42701
grpo,1788185115,0,42701
grpo,1788185120,0,42701
grpo,1788185125,0,42701
grpo,1788185130,0,42701
grpo,1788185135,0,42701
grpo,1788185140,0,42701
grpo,1788185145,0,42701
grpo,1788185150,0,42701
grpo,1788185155,0,42701
grpo,1788185160,0,56061
grpo,1788185165,0,56101
grpo,1788185170,0,56301
grpo,1788185175,0,60183
grpo,1788185180,0,60183
grpo,1788185185,0,60183
grpo,1788185190,0,60183
grpo,1788185195,0,60183
grpo,1788185200,0,60183
grpo,1788185205,0,60183
grpo,1788185210,0,60183
grpo,1788185216,0,111179
grpo,1788185221,0,111179
grpo,1788185226,0,111179
grpo,1788185231,0,111179
grpo,1788185236,0,111179
grpo,1788185241,0,40119
grpo,1788185246,0,40919
grpo,1788185251,0,40923
grpo,1788185256,0,42723
grpo,1788185261,0,42723
grpo,1788185266,0,42723
grpo,1788185271,0,42723
grpo,1788185276,0,42723
grpo,1788185281,0,42723
grpo,1788185286,0,42723
grpo,1788185291,0,42723
grpo,1788185296,0,42723
grpo,1788185301,0,42723
grpo,1788185306,0,42723
grpo,1788185311,0,42723
grpo,1788185317,0,42723
grpo,1788185322,0,56043
grpo,1788185327,0,56103
grpo,1788185332,0,56483
grpo,1788185337,0,60183
grpo,1788185342,0,60183
grpo,1788185347,0,60183
grpo,1788185352,0,60243
grpo,1788185357,0,60243
grpo,1788185362,0,60243
grpo,1788185367,0,60243
grpo,1788185372,0,60243
grpo,1788185377,0,60243
grpo,1788185382,0,108653
grpo,1788185387,0,108653
grpo,1788185392,0,108653
grpo,1788185397,0,108653
grpo,1788185402,0,108653
grpo,1788185407,0,40659
grpo,1788185412,0,40919
grpo,1788185418,0,40923
grpo,1788185423,0,42723
grpo,1788185428,0,42723
grpo,1788185433,0,42723
grpo,1788185438,0,42723
grpo,1788185443,0,42723
grpo,1788185448,0,42723
grpo,1788185453,0,42723
grpo,1788185458,0,42723
grpo,1788185463,0,42723
grpo,1788185468,0,42723
grpo,1788185473,0,42723
grpo,1788185478,0,42723
grpo,1788185483,0,42723
grpo,1788185488,0,56063
grpo,1788185493,0,56143
grpo,1788185498,0,57583
grpo,1788185503,0,60183
grpo,1788185508,0,60183
grpo,1788185513,0,60243
grpo,1788185518,0,60243
grpo,1788185524,0,60243
grpo,1788185529,0,60243
grpo,1788185534,0,60243
grpo,1788185539,0,60243
grpo,1788185544,0,44755
grpo,1788185549,0,108923
grpo,1788185554,0,108923
grpo,1788185559,0,108923
grpo,1788185564,0,38733
grpo,1788185569,0,40899
grpo,1788185574,0,40919
grpo,1788185579,0,40923
grpo,1788185584,0,42723
grpo,1788185589,0,42723
grpo,1788185594,0,42723
grpo,1788185599,0,42723
grpo,1788185604,0,42723
grpo,1788185609,0,42723
grpo,1788185614,0,42723
grpo,1788185619,0,42723
grpo,1788185625,0,42723
grpo,1788185630,0,42723
grpo,1788185635,0,42723
grpo,1788185640,0,42723
grpo,1788185645,0,42723
grpo,1788185650,0,56083
grpo,1788185655,0,56143
grpo,1788185660,0,57923
grpo,1788185665,0,60183
grpo,1788185670,0,60183
grpo,1788185675,0,60243
grpo,1788185680,0,60243
grpo,1788185685,0,60243
grpo,1788185690,0,60243
grpo,1788185695,0,60243
grpo,1788185700,0,60243
grpo,1788185705,0,109065
grpo,1788185710,0,109065
grpo,1788185715,0,109065
grpo,1788185720,0,109065
grpo,1788185726,0,39815
grpo,1788185731,0,40899
grpo,1788185736,0,40923
grpo,1788185741,0,42723
grpo,1788185746,0,42723
grpo,1788185751,0,42723
grpo,1788185756,0,42723
grpo,1788185761,0,42723
grpo,1788185766,0,42723
grpo,1788185771,0,42723
grpo,1788185776,0,42723
grpo,1788185781,0,42723
grpo,1788185786,0,42723
grpo,1788185791,0,42723
grpo,1788185796,0,42723
grpo,1788185801,0,42723
grpo,1788185806,0,56063
grpo,1788185811,0,56103
grpo,1788185816,0,56243
grpo,1788185821,0,59703
grpo,1788185826,0,60183
grpo,1788185832,0,60183
grpo,1788185837,0,60203
grpo,1788185842,0,60203
grpo,1788185847,0,60203
grpo,1788185852,0,60203
grpo,1788185857,0,60203
grpo,1788185862,0,66483
grpo,1788185867,0,108407
grpo,1788185872,0,108407
grpo,1788185877,0,108407
grpo,1788185882,0,108407
grpo,1788185887,0,39835
grpo,1788185892,0,40899
grpo,1788185897,0,40923
grpo,1788185902,0,42723
grpo,1788185907,0,42723
grpo,1788185912,0,42723
grpo,1788185917,0,42723
grpo,1788185922,0,42723
grpo,1788185927,0,42723
grpo,1788185933,0,42723
grpo,1788185938,0,42723
grpo,1788185943,0,42723
grpo,1788185948,0,42723
grpo,1788185953,0,42723
grpo,1788185958,0,42723
grpo,1788185963,0,42723
grpo,1788185968,0,56043
grpo,1788185973,0,56083
grpo,1788185978,0,56223
grpo,1788185983,0,59783
grpo,1788185988,0,60183
grpo,1788185993,0,60183
grpo,1788185998,0,60243
grpo,1788186003,0,60243
grpo,1788186008,0,60243
grpo,1788186013,0,60243
grpo,1788186018,0,60243
grpo,1788186023,0,60243
grpo,1788186028,0,109141
grpo,1788186033,0,109141
grpo,1788186039,0,109141
grpo,1788186044,0,109141
grpo,1788186049,0,109141
grpo,1788186054,0,40319
grpo,1788186059,0,40919
grpo,1788186064,0,40923
grpo,1788186069,0,42723
grpo,1788186074,0,42723
grpo,1788186079,0,42723
grpo,1788186084,0,42723
grpo,1788186089,0,42723
grpo,1788186094,0,42723
grpo,1788186099,0,42723
grpo,1788186104,0,42723
grpo,1788186109,0,42723
grpo,1788186114,0,42723
grpo,1788186119,0,42723
grpo,1788186124,0,42723
grpo,1788186129,0,42723
grpo,1788186134,0,56063
grpo,1788186139,0,56123
grpo,1788186145,0,56983
grpo,1788186150,0,60183
grpo,1788186155,0,60183
grpo,1788186160,0,60183
grpo,1788186165,0,60243
grpo,1788186170,0,60243
grpo,1788186175,0,60243
grpo,1788186180,0,60243
grpo,1788186185,0,60243
grpo,1788186190,0,60243
grpo,1788186195,0,109651
grpo,1788186200,0,109651
grpo,1788186205,0,109651
grpo,1788186210,0,109651
grpo,1788186215,0,109651
grpo,1788186220,0,40519
grpo,1788186225,0,40919
grpo,1788186230,0,40923
grpo,1788186235,0,42723
grpo,1788186240,0,42723
grpo,1788186245,0,42723
grpo,1788186251,0,42723
grpo,1788186256,0,42723
grpo,1788186261,0,42723
grpo,1788186266,0,42723
grpo,1788186271,0,42723
grpo,1788186276,0,42723
grpo,1788186281,0,42723
grpo,1788186286,0,42723
grpo,1788186291,0,42723
grpo,1788186296,0,42723
grpo,1788186301,0,56063
grpo,1788186306,0,56163
grpo,1788186311,0,57143
grpo,1788186316,0,60183
grpo,1788186321,0,60183
grpo,1788186326,0,60183
grpo,1788186331,0,60243
grpo,1788186336,0,60243
grpo,1788186341,0,60243
grpo,1788186346,0,60243
grpo,1788186351,0,60243
grpo,1788186357,0,60243
grpo,1788186362,0,108591
grpo,1788186367,0,108591
grpo,1788186372,0,108591
grpo,1788186377,0,108591
grpo,1788186382,0,39815
grpo,1788186387,0,40899
grpo,1788186392,0,40919
grpo,1788186397,0,42723
grpo,1788186402,0,42723
grpo,1788186407,0,42723
grpo,1788186412,0,42723
grpo,1788186417,0,42723
grpo,1788186422,0,42723
grpo,1788186427,0,42723
grpo,1788186432,0,42723
grpo,1788186437,0,42723
grpo,1788186442,0,42723
grpo,1788186447,0,42723
grpo,1788186452,0,42723
grpo,1788186457,0,42723
grpo,1788186463,0,56043
grpo,1788186468,0,56103
grpo,1788186473,0,56223
grpo,1788186478,0,60183
grpo,1788186483,0,60183
grpo,1788186488,0,60183
grpo,1788186493,0,60243
grpo,1788186498,0,60243
grpo,1788186503,0,60243
grpo,1788186508,0,60243
grpo,1788186513,0,60243
grpo,1788186518,0,60243
grpo,1788186523,0,108723
grpo,1788186528,0,108723
grpo,1788186533,0,108723
grpo,1788186538,0,108723
grpo,1788186543,0,108723
grpo,1788186548,0,39655
grpo,1788186553,0,40899
grpo,1788186558,0,40919
grpo,1788186563,0,40923
grpo,1788186568,0,42723
grpo,1788186574,0,42723
grpo,1788186579,0,42723
grpo,1788186584,0,42723
grpo,1788186589,0,42723
grpo,1788186594,0,42723
grpo,1788186599,0,42723
grpo,1788186604,0,42723
grpo,1788186609,0,42723
grpo,1788186614,0,42723
grpo,1788186619,0,42723
grpo,1788186624,0,42723
grpo,1788186629,0,42723
grpo,1788186634,0,56083
grpo,1788186639,0,56223
grpo,1788186644,0,58703
grpo,1788186649,0,60183
grpo,1788186654,0,60183
grpo,1788186659,0,60183
grpo,1788186664,0,60243
grpo,1788186669,0,60243
grpo,1788186674,0,60243
grpo,1788186680,0,60243
grpo,1788186685,0,60245
grpo,1788186690,0,60245
grpo,1788186695,0,109415
grpo,1788186700,0,109415
grpo,1788186705,0,109415
grpo,1788186710,0,109415
grpo,1788186715,0,109415
grpo,1788186720,0,43559
grpo,1788186725,0,40899
grpo,1788186730,0,40919
grpo,1788186735,0,40923
grpo,1788186740,0,42723
grpo,1788186745,0,42723
grpo,1788186750,0,42723
grpo,1788186755,0,42723
grpo,1788186760,0,42723
grpo,1788186765,0,42723
grpo,1788186770,0,42723
grpo,1788186775,0,42723
grpo,1788186780,0,42723
grpo,1788186786,0,42723
grpo,1788186791,0,42723
grpo,1788186796,0,42723
grpo,1788186801,0,42723
grpo,1788186806,0,56063
grpo,1788186811,0,56183
grpo,1788186816,0,57723
grpo,1788186821,0,60183
grpo,1788186826,0,60183
grpo,1788186831,0,60183
grpo,1788186836,0,60243
grpo,1788186841,0,60243
grpo,1788186846,0,60243
grpo,1788186851,0,60243
grpo,1788186856,0,60243
grpo,1788186861,0,60243
grpo,1788186866,0,60243
grpo,1788186871,0,108163
grpo,1788186876,0,108163
grpo,1788186881,0,108163
grpo,1788186887,0,108163
grpo,1788186892,0,108163
grpo,1788186897,0,40279
grpo,1788186902,0,40899
grpo,1788186907,0,40903
grpo,1788186912,0,42703
grpo,1788186917,0,42703
grpo,1788186922,0,42703
grpo,1788186927,0,42703
grpo,1788186932,0,42703
grpo,1788186937,0,42703
grpo,1788186942,0,42703
grpo,1788186947,0,42703
grpo,1788186952,0,42703
grpo,1788186957,0,42703
grpo,1788186962,0,42703
grpo,1788186967,0,42703
grpo,1788186972,0,42703
grpo,1788186977,0,55943
grpo,1788186982,0,56003
grpo,1788186987,0,56423
grpo,1788186993,0,60043
grpo,1788186998,0,60043
grpo,1788187003,0,60043
grpo,1788187008,0,60043
grpo,1788187013,0,60043
grpo,1788187018,0,60043
grpo,1788187023,0,60043
grpo,1788187028,0,60043
grpo,1788187033,0,60043
grpo,1788187038,0,109485
grpo,1788187043,0,109485
grpo,1788187048,0,109485
grpo,1788187053,0,109485
grpo,1788187058,0,109485
grpo,1788187063,0,40219
grpo,1788187068,0,40899
grpo,1788187073,0,40903
grpo,1788187078,0,42703
grpo,1788187083,0,42703
grpo,1788187088,0,42703
grpo,1788187094,0,42703
grpo,1788187099,0,42703
grpo,1788187104,0,42703
grpo,1788187109,0,42703
grpo,1788187114,0,42703
grpo,1788187119,0,42703
grpo,1788187124,0,42703
grpo,1788187129,0,42703
grpo,1788187134,0,42703
grpo,1788187139,0,42703
grpo,1788187144,0,56063
grpo,1788187149,0,56123
grpo,1788187154,0,56783
grpo,1788187159,0,60183
grpo,1788187164,0,60183
grpo,1788187169,0,60183
grpo,1788187174,0,60203
grpo,1788187179,0,60203
grpo,1788187184,0,60203
grpo,1788187189,0,60203
grpo,1788187195,0,60203
grpo,1788187200,0,60203
grpo,1788187205,0,49743
grpo,1788187210,0,109163
grpo,1788187215,0,109163
grpo,1788187220,0,109163
grpo,1788187225,0,109163
grpo,1788187230,0,40219
grpo,1788187235,0,40919
grpo,1788187240,0,40923
grpo,1788187245,0,42723
grpo,1788187250,0,42723
grpo,1788187255,0,42723
grpo,1788187260,0,42723
grpo,1788187265,0,42723
grpo,1788187270,0,42723
grpo,1788187275,0,42723
grpo,1788187280,0,42723
grpo,1788187285,0,42723
grpo,1788187290,0,42723
grpo,1788187295,0,42723
grpo,1788187301,0,42723
grpo,1788187306,0,42723
grpo,1788187311,0,56083
grpo,1788187316,0,56143
grpo,1788187321,0,57063
grpo,1788187326,0,60183
grpo,1788187331,0,60183
grpo,1788187336,0,60203
grpo,1788187341,0,60243
grpo,1788187346,0,60243
grpo,1788187351,0,60243
grpo,1788187356,0,60243
grpo,1788187361,0,60243
grpo,1788187366,0,87241
grpo,1788187371,0,109091
grpo,1788187376,0,109091
grpo,1788187381,0,109091
grpo,1788187386,0,109091
grpo,1788187391,0,39835
grpo,1788187396,0,40899
grpo,1788187401,0,40921
grpo,1788187407,0,42723
grpo,1788187412,0,42723
grpo,1788187417,0,42723
grpo,1788187422,0,42723
grpo,1788187427,0,42723
grpo,1788187432,0,42723
grpo,1788187437,0,42723
grpo,1788187442,0,42723
grpo,1788187447,0,42723
grpo,1788187452,0,42723
grpo,1788187457,0,42723
grpo,1788187462,0,42723
grpo,1788187467,0,42723
grpo,1788187472,0,55923
grpo,1788187477,0,55983
grpo,1788187482,0,56243
grpo,1788187487,0,59603
grpo,1788187492,0,60043
grpo,1788187497,0,60043
grpo,1788187502,0,60103
grpo,1788187507,0,60103
grpo,1788187512,0,60103
grpo,1788187518,0,60103
grpo,1788187523,0,60103
grpo,1788187528,0,60103
grpo,1788187533,0,111205
grpo,1788187538,0,111205
grpo,1788187543,0,111205
grpo,1788187548,0,111205
grpo,1788187553,0,111205
grpo,1788187558,0,40299
grpo,1788187563,0,40919
grpo,1788187568,0,40923
grpo,1788187573,0,42723
grpo,1788187578,0,42723
grpo,1788187583,0,42723
grpo,1788187588,0,42723
grpo,1788187593,0,42723
grpo,1788187598,0,42723
grpo,1788187603,0,42723
grpo,1788187608,0,42723
grpo,1788187613,0,42723
grpo,1788187618,0,42723
grpo,1788187624,0,42723
grpo,1788187629,0,42723
grpo,1788187634,0,42723
grpo,1788187639,0,55923
grpo,1788187644,0,55983
grpo,1788187649,0,56163
grpo,1788187654,0,60043
grpo,1788187659,0,60043
grpo,1788187664,0,60043
grpo,1788187669,0,60103
grpo,1788187674,0,60103
grpo,1788187679,0,60103
grpo,1788187684,0,60103
grpo,1788187689,0,60103
grpo,1788187694,0,60103
grpo,1788187699,0,108929
grpo,1788187704,0,108929
grpo,1788187709,0,108929
grpo,1788187714,0,108929
grpo,1788187719,0,108929
grpo,1788187724,0,40759
grpo,1788187730,0,40899
grpo,1788187735,0,40903
grpo,1788187740,0,42703
grpo,1788187745,0,42703
grpo,1788187750,0,42703
grpo,1788187755,0,42703
grpo,1788187760,0,42703
grpo,1788187765,0,42703
grpo,1788187770,0,42703
grpo,1788187775,0,42703
grpo,1788187780,0,42703
grpo,1788187785,0,42703
grpo,1788187790,0,42703
grpo,1788187795,0,42703
grpo,1788187800,0,42703
grpo,1788187805,0,55943
grpo,1788187810,0,56043
grpo,1788187815,0,57143
grpo,1788187820,0,60043
grpo,1788187825,0,60043
grpo,1788187830,0,60043
grpo,1788187836,0,60043
grpo,1788187841,0,60043
grpo,1788187846,0,60043
grpo,1788187851,0,60043
grpo,1788187856,0,60043
grpo,1788187861,0,73453
grpo,1788187866,0,112485
grpo,1788187871,0,112485
grpo,1788187876,0,112485
grpo,1788187881,0,112485
grpo,1788187886,0,40099
grpo,1788187891,0,40919
grpo,1788187896,0,40923
grpo,1788187901,0,42723
grpo,1788187906,0,42723
grpo,1788187911,0,42723
grpo,1788187916,0,42723
grpo,1788187921,0,42723
grpo,1788187926,0,42723
grpo,1788187931,0,42723
grpo,1788187936,0,42723
grpo,1788187942,0,42723
grpo,1788187947,0,42723
grpo,1788187952,0,42723
grpo,1788187957,0,42723
grpo,1788187962,0,42723
grpo,1788187967,0,56083
grpo,1788187972,0,56143
grpo,1788187977,0,56623
grpo,1788187982,0,60183
grpo,1788187987,0,60183
grpo,1788187992,0,60243
grpo,1788187997,0,60243
grpo,1788188002,0,60243
grpo,1788188007,0,60243
grpo,1788188012,0,60243
grpo,1788188017,0,60243
grpo,1788188022,0,104589
grpo,1788188027,0,109853
grpo,1788188032,0,109853
grpo,1788188037,0,109853
grpo,1788188042,0,109853
grpo,1788188048,0,40559
grpo,1788188053,0,40919
grpo,1788188058,0,40923
grpo,1788188063,0,42723
grpo,1788188068,0,42723
grpo,1788188073,0,42723
grpo,1788188078,0,42723
grpo,1788188083,0,42723
grpo,1788188088,0,42723
grpo,1788188093,0,42723
grpo,1788188098,0,42723
grpo,1788188103,0,42723
grpo,1788188108,0,42723
grpo,1788188113,0,42723
grpo,1788188118,0,42723
grpo,1788188123,0,42723
grpo,1788188128,0,56083
grpo,1788188133,0,56143
grpo,1788188138,0,57183
grpo,1788188143,0,60183
grpo,1788188148,0,60183
grpo,1788188154,0,60243
grpo,1788188159,0,60243
grpo,1788188164,0,60243
grpo,1788188169,0,60243
grpo,1788188174,0,60243
grpo,1788188179,0,60243
grpo,1788188184,0,44755
grpo,1788188189,0,109507
grpo,1788188194,0,109507
grpo,1788188199,0,109507
grpo,1788188204,0,109507
grpo,1788188209,0,38733
grpo,1788188214,0,40899
grpo,1788188219,0,40919
grpo,1788188224,0,40923
grpo,1788188229,0,42723
grpo,1788188234,0,42723
grpo,1788188239,0,42723
grpo,1788188244,0,42723
grpo,1788188249,0,42723
grpo,1788188254,0,42723
grpo,1788188260,0,42723
grpo,1788188265,0,42723
grpo,1788188270,0,42723
grpo,1788188275,0,42723
grpo,1788188282,0,42723
grpo,1788188287,0,42723
grpo,1788188292,0,55983
grpo,1788188297,0,56123
grpo,1788188302,0,56443
grpo,1788188307,0,60183
grpo,1788188313,0,60183
grpo,1788188318,0,60183
grpo,1788188323,0,60243
grpo,1788188328,0,60243
grpo,1788188333,0,60243
grpo,1788188338,0,60243
grpo,1788188343,0,60243
grpo,1788188348,0,60243
grpo,1788188353,0,60243
grpo,1788188358,0,108665
grpo,1788188363,0,108665
grpo,1788188368,0,108665
grpo,1788188373,0,108665
grpo,1788188378,0,108665
grpo,1788188383,0,40779
grpo,1788188388,0,40899
grpo,1788188393,0,40903
grpo,1788188398,0,42703
grpo,1788188403,0,42703
grpo,1788188408,0,42703
grpo,1788188414,0,42703
grpo,1788188419,0,42703
grpo,1788188424,0,42703
grpo,1788188429,0,42703
grpo,1788188434,0,42703
grpo,1788188439,0,42703
grpo,1788188444,0,42703
grpo,1788188449,0,42703
grpo,1788188454,0,42703
grpo,1788188459,0,42703
grpo,1788188464,0,56063
grpo,1788188469,0,56143
grpo,1788188474,0,57183
grpo,1788188479,0,60183
grpo,1788188484,0,60183
grpo,1788188489,0,60183
grpo,1788188494,0,60183
grpo,1788188499,0,60183
grpo,1788188504,0,60183
grpo,1788188509,0,60183
grpo,1788188514,0,60183
grpo,1788188520,0,60183
grpo,1788188525,0,108715
grpo,1788188530,0,108715
grpo,1788188535,0,108715
grpo,1788188540,0,108715
grpo,1788188545,0,39855
grpo,1788188550,0,40901
grpo,1788188555,0,40923
grpo,1788188560,0,42723
grpo,1788188565,0,42723
grpo,1788188570,0,42723
grpo,1788188575,0,42723
grpo,1788188580,0,42723
grpo,1788188585,0,42723
grpo,1788188590,0,42723
grpo,1788188595,0,42723
grpo,1788188600,0,42723
grpo,1788188605,0,42723
grpo,1788188610,0,42723
grpo,1788188615,0,42723
grpo,1788188620,0,42723
grpo,1788188626,0,56063
grpo,1788188631,0,56123
grpo,1788188636,0,56323
grpo,1788188641,0,59623
grpo,1788188646,0,60183
grpo,1788188651,0,60203
grpo,1788188656,0,60243
grpo,1788188661,0,60243
grpo,1788188666,0,60243
grpo,1788188671,0,60243
grpo,1788188676,0,60243
grpo,1788188681,0,87241
grpo,1788188686,0,108203
grpo,1788188691,0,108203
grpo,1788188696,0,108203
grpo,1788188701,0,108203
grpo,1788188706,0,42347
grpo,1788188711,0,40899
grpo,1788188716,0,40919
grpo,1788188721,0,40923
grpo,1788188726,0,42723
grpo,1788188732,0,42723
grpo,1788188737,0,42723
grpo,1788188742,0,42723
grpo,1788188747,0,42723
grpo,1788188752,0,42723
grpo,1788188757,0,42723
grpo,1788188762,0,42723
grpo,1788188767,0,42723
grpo,1788188772,0,42723
grpo,1788188777,0,42723
grpo,1788188782,0,42723
grpo,1788188787,0,42723
grpo,1788188792,0,56083
grpo,1788188797,0,56183
grpo,1788188802,0,57563
grpo,1788188807,0,60183
grpo,1788188812,0,60183
grpo,1788188817,0,60183
grpo,1788188822,0,60243
grpo,1788188827,0,60243
grpo,1788188832,0,60243
grpo,1788188838,0,60243
grpo,1788188843,0,60243
grpo,1788188848,0,60243
grpo,1788188853,0,65673
grpo,1788188858,0,108923
grpo,1788188863,0,108923
grpo,1788188868,0,108923
grpo,1788188873,0,108923
grpo,1788188878,0,40441
grpo,1788188883,0,40901
grpo,1788188888,0,40903
grpo,1788188893,0,42703
grpo,1788188898,0,42703
grpo,1788188903,0,42703
grpo,1788188908,0,42703
grpo,1788188913,0,42703
grpo,1788188918,0,42703
grpo,1788188923,0,42703
grpo,1788188928,0,42703
grpo,1788188933,0,42703
grpo,1788188938,0,42703
grpo,1788188944,0,42703
grpo,1788188949,0,42703
grpo,1788188954,0,42703
grpo,1788188959,0,56083
grpo,1788188964,0,56163
grpo,1788188969,0,57023
grpo,1788188974,0,60183
grpo,1788188979,0,60183
grpo,1788188984,0,60183
grpo,1788188989,0,60183
grpo,1788188994,0,60183
grpo,1788188999,0,60183
grpo,1788189004,0,60183
grpo,1788189009,0,60183
grpo,1788189014,0,105385
grpo,1788189019,0,105385
grpo,1788189024,0,105385
grpo,1788189029,0,108351
grpo,1788189034,0,108351
grpo,1788189039,0,108351
grpo,1788189044,0,108351
grpo,1788189050,0,108351
grpo,1788189055,0,39937
grpo,1788189060,0,40899
grpo,1788189065,0,40899
grpo,1788189070,0,42703
grpo,1788189075,0,42703
grpo,1788189080,0,42703
grpo,1788189085,0,42703
grpo,1788189090,0,42703
grpo,1788189095,0,42703
grpo,1788189100,0,42703
grpo,1788189105,0,42703
grpo,1788189110,0,42703
grpo,1788189115,0,42703
grpo,1788189120,0,42703
grpo,1788189125,0,42703
grpo,1788189130,0,42703
grpo,1788189135,0,42703
grpo,1788189140,0,56103
grpo,1788189145,0,56503
grpo,1788189150,0,60183
grpo,1788189156,0,60183
grpo,1788189161,0,60183
grpo,1788189166,0,60183
grpo,1788189171,0,60203
grpo,1788189176,0,60203
grpo,1788189181,0,60203
grpo,1788189186,0,60203
grpo,1788189191,0,60203
grpo,1788189196,0,60203
grpo,1788189201,0,109725
grpo,1788189206,0,109725
grpo,1788189211,0,109725
grpo,1788189216,0,109725
grpo,1788189221,0,109725
grpo,1788189226,0,39815
grpo,1788189231,0,40899
grpo,1788189236,0,40919
grpo,1788189241,0,40923
grpo,1788189246,0,42723
grpo,1788189251,0,42723
grpo,1788189256,0,42723
grpo,1788189262,0,42723
grpo,1788189267,0,42723
grpo,1788189272,0,42723
grpo,1788189277,0,42723
grpo,1788189282,0,42723
grpo,1788189287,0,42723
grpo,1788189292,0,42723
grpo,1788189297,0,42723
grpo,1788189302,0,42723
grpo,1788189307,0,42723
grpo,1788189312,0,56083
grpo,1788189317,0,56203
grpo,1788189322,0,58663
grpo,1788189327,0,60183
grpo,1788189332,0,60183
grpo,1788189337,0,60183
grpo,1788189342,0,60243
grpo,1788189347,0,60243
grpo,1788189352,0,60243
grpo,1788189357,0,60243
grpo,1788189362,0,60243
grpo,1788189368,0,60243
grpo,1788189373,0,66483
grpo,1788189378,0,108567
grpo,1788189383,0,108567
grpo,1788189388,0,108567
grpo,1788189393,0,108567
grpo,1788189398,0,108567
grpo,1788189403,0,40519
grpo,1788189408,0,40919
grpo,1788189413,0,40923
grpo,1788189418,0,42723
grpo,1788189423,0,42723
grpo,1788189428,0,42723
grpo,1788189433,0,42723
grpo,1788189438,0,42723
grpo,1788189443,0,42723
grpo,1788189448,0,42723
grpo,1788189453,0,42723
grpo,1788189458,0,42723
grpo,1788189463,0,42723
grpo,1788189468,0,42723
grpo,1788189474,0,42723
grpo,1788189479,0,42723
grpo,1788189484,0,56063
grpo,1788189489,0,56143
grpo,1788189494,0,56843
grpo,1788189499,0,60183
grpo,1788189504,0,60183
grpo,1788189509,0,60183
grpo,1788189514,0,60243
grpo,1788189519,0,60243
grpo,1788189524,0,60243
grpo,1788189529,0,60243
grpo,1788189534,0,60245
grpo,1788189539,0,60245
grpo,1788189544,0,60245
grpo,1788189549,0,113601
grpo,1788189554,0,113601
grpo,1788189559,0,113601
grpo,1788189564,0,113601
grpo,1788189569,0,39855
grpo,1788189574,0,40899
grpo,1788189580,0,40923
grpo,1788189585,0,42723
grpo,1788189590,0,42723
grpo,1788189595,0,42723
grpo,1788189600,0,42723
grpo,1788189605,0,42723
grpo,1788189610,0,42723
grpo,1788189615,0,42723
grpo,1788189620,0,42723
grpo,1788189625,0,42723
grpo,1788189630,0,42723
grpo,1788189635,0,42723
grpo,1788189640,0,42723
grpo,1788189645,0,42723
grpo,1788189650,0,56063
grpo,1788189655,0,56123
grpo,1788189660,0,56303
grpo,1788189665,0,58783
grpo,1788189670,0,60183
grpo,1788189675,0,60183
grpo,1788189680,0,60243
grpo,1788189686,0,60243
grpo,1788189691,0,60243
grpo,1788189696,0,60243
grpo,1788189701,0,60243
grpo,1788189706,0,87241
grpo,1788189711,0,114353
grpo,1788189716,0,114353
grpo,1788189721,0,114353
grpo,1788189726,0,114353
grpo,1788189731,0,39875
grpo,1788189736,0,40899
grpo,1788189741,0,40923
grpo,1788189746,0,42723
grpo,1788189751,0,42723
grpo,1788189756,0,42723
grpo,1788189761,0,42723
grpo,1788189766,0,42723
grpo,1788189771,0,42723
grpo,1788189776,0,42723
grpo,1788189781,0,42723
grpo,1788189786,0,42723
grpo,1788189791,0,42723
grpo,1788189797,0,42723
grpo,1788189802,0,42723
grpo,1788189807,0,42723
grpo,1788189812,0,56063
grpo,1788189817,0,56123
grpo,1788189822,0,56343
grpo,1788189827,0,59963
grpo,1788189832,0,60183
grpo,1788189837,0,60183
grpo,1788189842,0,60243
grpo,1788189847,0,60243
grpo,1788189852,0,60243
grpo,1788189857,0,60243
grpo,1788189862,0,60243
grpo,1788189867,0,60243
grpo,1788189872,0,114777
grpo,1788189877,0,114777
grpo,1788189882,0,114777
grpo,1788189887,0,114777
grpo,1788189892,0,38733
grpo,1788189898,0,40899
grpo,1788189903,0,40919
grpo,1788189908,0,40923
grpo,1788189913,0,42723
grpo,1788189918,0,42723
grpo,1788189923,0,42723
grpo,1788189928,0,42723
grpo,1788189933,0,42723
grpo,1788189938,0,42723
grpo,1788189943,0,42723
grpo,1788189948,0,42723
grpo,1788189953,0,42723
grpo,1788189958,0,42723
grpo,1788189963,0,42723
grpo,1788189968,0,42723
grpo,1788189973,0,55843
grpo,1788189978,0,56083
grpo,1788189983,0,56203
grpo,1788189988,0,58503
grpo,1788189993,0,60183
grpo,1788189998,0,60183
grpo,1788190004,0,60243
grpo,1788190009,0,60243
grpo,1788190014,0,60243
grpo,1788190019,0,60243
grpo,1788190024,0,60243
grpo,1788190029,0,60243
grpo,1788190034,0,67403
grpo,1788190039,0,67403
grpo,1788190044,0,105383
grpo,1788190049,0,105383
grpo,1788190054,0,105383
grpo,1788190059,0,4
