phase,timestamp,mem_used_mib
tilt_k0.2_s0,1789016188,4
tilt_k0.2_s0,1789016198,6775
tilt_k0.2_s0,1789016209,6775
tilt_k0.2_s0,1789016219,6775
tilt_k0.2_s0,1789016229,6775
tilt_k0.2_s0,1789016239,6775
tilt_k0.2_s0,1789016249,101729
tilt_k0.2_s0,1789016259,124523
tilt_k0.2_s0,1789016269,124523
tilt_k0.2_s0,1789016279,124523
tilt_k0.2_s0,1789016289,124523
tilt_k0.2_s0,1789016299,124523
tilt_k0.2_s0,1789016309,124523
tilt_k0.2_s0,1789016319,124523
tilt_k0.2_s0,1789016329,124523
tilt_k0.2_s0,1789016340,124523
tilt_k0.2_s0,1789016350,124523
tilt_k0.2_s0,1789016360,124523
tilt_k0.2_s0,1789016370,124523
tilt_k0.2_s0,1789016380,124523
tilt_k0.2_s0,1789016390,124523
tilt_k0.2_s0,1789016400,124523
tilt_k0.2_s0,1789016410,124523
tilt_k0.2_s0,1789016420,124523
tilt_k0.2_s0,1789016430,124523
tilt_k0.2_s0,1789016440,124523
tilt_k0.2_s0,1789016450,124523
tilt_k0.2_s0,1789016460,124523
tilt_k0.2_s0,1789016470,124523
tilt_k0.2_s0,1789016480,124523
tilt_k0.2_s0,1789016490,124523
tilt_k0.2_s0,1789016501,124523
tilt_k0.2_s0,1789016511,124523
tilt_k0.2_s0,1789016521,124523
tilt_k0.2_s0,1789016531,124523
tilt_k0.2_s0,1789016541,124523
tilt_k0.2_s0,1789016551,124523
tilt_k0.2_s0,1789016561,124523
tilt_k0.2_s0,1789016571,124523
tilt_k0.2_s0,1789016581,124523
tilt_k0.2_s0,1789016591,124523
tilt_k0.2_s0,1789016601,124523
tilt_k0.2_s0,1789016611,124523
tilt_k0.2_s0,1789016621,124523
tilt_k0.2_s0,1789016631,124523
tilt_k0.2_s0,1789016641,124523
tilt_k0.2_s0,1789016651,124523
tilt_k0.2_s0,1789016661,124523
tilt_k0.2_s0,1789016672,124523
tilt_k0.2_s0,1789016682,124523
tilt_k0.2_s0,1789016692,124523
tilt_k0.2_s0,1789016702,124523
tilt_k0.2_s0,1789016712,124523
tilt_k0.2_s0,1789016722,124523
tilt_k0.2_s0,1789016732,124523
tilt_k0.2_s0,1789016742,124523
tilt_k0.2_s0,1789016752,124523
tilt_k0.2_s0,1789016762,124523
tilt_k0.2_s0,1789016772,126897
tilt_k0.2_s0,1789016782,126897
tilt_k0.2_s0,1789016792,126897
tilt_k0.2_s0,1789016802,126897
tilt_k0.2_s0,1789016812,126897
tilt_k0.2_s0,1789016822,126897
tilt_k0.2_s0,1789016832,126897
tilt_k0.2_s0,1789016842,126897
tilt_k0.2_s0,1789016853,126897
tilt_k0.2_s0,1789016863,126897
tilt_k0.2_s0,1789016873,126897
tilt_k0.2_s0,1789016883,126897
tilt_k0.2_s0,1789016893,126897
tilt_k0.2_s0,1789016903,126897
tilt_k0.2_s0,1789016913,126897
tilt_k0.2_s0,1789016923,126897
tilt_k0.2_s0,1789016933,126897
tilt_k0.2_s0,1789016943,126897
tilt_k0.2_s0,1789016953,126897
tilt_k0.2_s0,1789016963,126897
tilt_k0.2_s0,1789016973,126897
tilt_k0.2_s0,1789016983,126897
tilt_k0.2_s0,1789016993,126897
tilt_k0.2_s0,1789017003,126897
tilt_k0.2_s0,1789017013,126897
tilt_k0.2_s0,1789017024,126897
tilt_k0.2_s0,1789017034,126897
tilt_k0.2_s0,1789017044,126897
tilt_k0.2_s0,1789017054,126897
tilt_k0.2_s0,1789017064,126897
tilt_k0.2_s0,1789017074,126897
tilt_k0.2_s0,1789017084,126897
tilt_k0.2_s0,1789017094,126897
tilt_k0.2_s0,1789017104,126897
tilt_k0.2_s0,1789017114,126897
tilt_k0.2_s0,1789017124,126897
tilt_k0.2_s0,1789017134,126897
tilt_k0.2_s0,1789017144,126897
tilt_k0.2_s0,1789017154,126897
tilt_k0.2_s0,1789017164,126897
tilt_k0.2_s0,1789017174,126897
tilt_k0.2_s0,1789017184,126897
tilt_k0.2_s0,1789017195,126897
tilt_k0.2_s0,1789017205,126897
tilt_k0.2_s0,1789017215,126897
tilt_k0.2_s0,1789017225,126897
tilt_k0.2_s0,1789017235,126897
tilt_k0.2_s0,1789017245,126897
tilt_k0.2_s0,1789017255,126897
tilt_k0.2_s0,1789017265,126897
tilt_k0.2_s0,1789017275,126897
tilt_k0.2_s0,1789017285,126897
tilt_k0.2_s0,1789017295,126897
tilt_k0.2_s0,1789017305,126897
tilt_k0.2_s0,1789017315,126897
tilt_k0.2_s0,1789017325,126897
tilt_k0.2_s0,1789017335,126897
tilt_k0.2_s0,1789017345,126897
tilt_k0.2_s0,1789017355,126897
tilt_k0.2_s0,1789017365,126897
tilt_k0.2_s0,1789017376,126897
tilt_k0.2_s0,1789017386,126897
tilt_k0.2_s0,1789017396,126897
tilt_k0.2_s0,1789017406,126897
tilt_k0.2_s0,1789017416,126897
tilt_k0.2_s0,1789017426,126897
tilt_k0.2_s0,1789017436,126897
tilt_k0.2_s0,1789017446,126897
tilt_k0.2_s0,1789017456,126897
tilt_k0.2_s0,1789017466,126897
tilt_k0.2_s0,1789017476,126897
tilt_k0.2_s0,1789017486,126897
tilt_k0.2_s0,1789017496,126897
tilt_k0.2_s0,1789017506,126897
tilt_k0.2_s0,1789017516,126897
tilt_k0.2_s0,1789017526,126897
tilt_k0.2_s0,1789017536,126897
tilt_k0.2_s0,1789017546,126897
tilt_k0.2_s0,1789017557,126897
tilt_k0.2_s0,1789017567,126897
tilt_k0.2_s0,1789017577,126897
tilt_k0.2_s0,1789017587,126897
tilt_k0.2_s0,1789017597,126897
tilt_k0.2_s0,1789017607,126897
tilt_k0.2_s0,1789017617,126897
tilt_k0.2_s0,1789017627,126897
tilt_k0.2_s0,1789017637,126897
tilt_k0.2_s0,1789017647,126897
tilt_k0.2_s0,1789017657,126897
tilt_k0.2_s0,1789017667,126897
tilt_k0.2_s0,1789017677,126897
tilt_k0.2_s0,1789017687,126897
tilt_k0.2_s0,1789017697,126897
tilt_k0.2_s0,1789017707,126897
tilt_k0.2_s0,1789017717,126897
tilt_k0.2_s0,1789017727,126897
tilt_k0.2_s0,1789017738,126897
tilt_k0.2_s0,1789017748,126897
tilt_k0.2_s0,1789017758,126897
tilt_k0.2_s0,1789017768,126897
tilt_k0.2_s0,1789017778,126897
tilt_k0.2_s0,1789017788,126897
tilt_k0.2_s0,1789017798,126897
tilt_k0.2_s0,1789017808,126897
tilt_k0.2_s0,1789017818,126897
tilt_k0.2_s0,1789017828,126897
tilt_k0.2_s0,1789017838,126897
tilt_k0.2_s0,1789017848,126897
tilt_k0.2_s0,1789017858,126897
tilt_k0.2_s0,1789017868,126897
tilt_k0.2_s0,1789017878,126897
tilt_k0.2_s0,1789017888,126897
tilt_k0.2_s0,1789017898,126897
tilt_k0.2_s0,1789017908,126897
tilt_k0.2_s0,1789017919,126897
tilt_k0.2_s0,1789017929,126897
tilt_k0.2_s0,1789017939,126897
tilt_k0.2_s0,1789017949,126897
tilt_k0.2_s0,1789017959,126897
tilt_k0.2_s0,1789017969,126897
tilt_k0.2_s0,1789017979,126897
tilt_k0.2_s0,1789017989,126897
tilt_k0.2_s0,1789017999,126897
tilt_k0.2_s0,1789018009,126897
tilt_k0.2_s0,1789018019,126897
tilt_k0.2_s0,1789018029,126897
tilt_k0.2_s0,1789018039,126897
tilt_k0.2_s0,1789018049,126897
tilt_k0.2_s0,1789018059,126897
tilt_k0.2_s0,1789018069,126897
tilt_k0.2_s0,1789018079,126897
tilt_k0.2_s0,1789018090,126897
tilt_k0.2_s0,1789018100,126897
tilt_k0.2_s0,1789018110,126897
tilt_k0.2_s0,1789018120,126897
tilt_k0.2_s0,1789018130,126897
tilt_k0.2_s0,1789018140,126897
tilt_k0.2_s0,1789018150,126897
tilt_k0.2_s0,1789018160,126897
tilt_k0.2_s0,1789018170,126897
tilt_k0.2_s0,1789018180,126897
tilt_k0.2_s0,1789018190,126897
tilt_k0.2_s0,1789018200,126897
tilt_k0.2_s0,1789018210,126897
tilt_k0.2_s0,1789018220,126897
tilt_k0.2_s0,1789018230,126897
tilt_k0.2_s0,1789018240,126897
tilt_k0.2_s0,1789018250,126897
tilt_k0.2_s0,1789018260,126897
tilt_k0.2_s0,1789018271,126897
tilt_k0.2_s0,1789018281,126897
tilt_k0.2_s0,1789018291,126897
tilt_k0.2_s0,1789018301,126897
tilt_k0.2_s0,1789018311,126897
tilt_k0.2_s0,1789018321,126897
tilt_k0.2_s0,1789018331,126897
tilt_k0.2_s0,1789018341,126897
tilt_k0.2_s0,1789018351,126897
tilt_k0.2_s0,1789018361,126897
tilt_k0.2_s0,1789018371,126897
tilt_k0.2_s0,1789018381,126897
tilt_k0.2_s0,1789018391,126897
tilt_k0.2_s0,1789018401,126897
tilt_k0.2_s0,1789018411,126897
tilt_k0.2_s0,1789018421,126897
tilt_k0.2_s0,1789018431,126897
tilt_k0.2_s0,1789018442,126897
tilt_k0.2_s0,1789018452,126897
tilt_k0.2_s0,1789018462,126897
tilt_k0.2_s0,1789018472,126897
tilt_k0.2_s0,1789018482,126897
tilt_k0.2_s0,1789018492,126897
tilt_k0.2_s0,1789018502,126897
tilt_k0.2_s0,1789018512,126897
tilt_k0.2_s0,1789018522,126897
tilt_k0.2_s0,1789018532,126897
tilt_k0.2_s0,1789018542,126897
tilt_k0.2_s0,1789018552,126897
tilt_k0.2_s0,1789018562,126897
tilt_k0.2_s0,1789018572,126897
tilt_k0.2_s0,1789018582,126897
tilt_k0.2_s0,1789018592,126897
tilt_k0.2_s0,1789018602,126897
tilt_k0.2_s0,1789018612,126897
tilt_k0.2_s0,1789018623,126897
tilt_k0.2_s0,1789018633,126897
tilt_k0.2_s0,1789018643,126897
tilt_k0.2_s0,1789018653,126897
tilt_k0.2_s0,1789018663,126897
tilt_k0.2_s0,1789018673,126897
tilt_k0.2_s0,1789018683,126897
tilt_k0.2_s0,1789018693,126897
tilt_k0.2_s0,1789018703,126897
tilt_k0.2_s0,1789018713,126897
tilt_k0.2_s0,1789018723,126897
tilt_k0.2_s0,1789018733,126897
tilt_k0.2_s0,1789018743,126897
tilt_k0.2_s0,1789018753,126897
tilt_k0.2_s0,1789018763,126897
tilt_k0.2_s0,1789018773,126897
tilt_k0.2_s0,1789018783,126897
tilt_k0.2_s0,1789018794,126897
tilt_k0.2_s0,1789018804,126897
tilt_k0.2_s0,1789018814,126897
tilt_k0.2_s0,1789018824,126897
tilt_k0.2_s0,1789018834,126897
tilt_k0.2_s0,1789018844,126897
tilt_k0.2_s0,1789018854,126897
tilt_k0.2_s0,1789018864,126897
tilt_k0.2_s0,1789018874,126897
tilt_k0.2_s0,1789018884,126897
tilt_k0.2_s0,1789018894,126897
tilt_k0.2_s0,1789018904,126897
tilt_k0.2_s0,1789018914,126897
tilt_k0.2_s0,1789018924,126897
tilt_k0.2_s0,1789018934,126897
tilt_k0.2_s0,1789018944,126897
tilt_k0.2_s0,1789018954,126897
tilt_k0.2_s0,1789018965,126897
tilt_k0.2_s0,1789018975,126897
tilt_k0.2_s0,1789018985,126897
tilt_k0.2_s0,1789018995,126897
tilt_k0.2_s0,1789019005,126897
tilt_k0.2_s0,1789019015,126897
tilt_k0.2_s0,1789019025,126897
tilt_k0.2_s0,1789019035,126897
tilt_k0.2_s0,1789019045,126897
tilt_k0.2_s0,1789019055,126897
tilt_k0.2_s0,1789019065,126897
tilt_k0.2_s0,1789019075,126897
tilt_k0.2_s0,1789019085,126897
tilt_k0.2_s0,1789019095,126897
tilt_k0.2_s0,1789019105,126897
tilt_k0.2_s0,1789019115,126897
tilt_k0.2_s0,1789019125,126897
tilt_k0.2_s0,1789019135,126897
tilt_k0.2_s0,1789019146,126897
tilt_k0.2_s0,1789019156,126897
tilt_k0.2_s0,1789019166,126897
tilt_k0.2_s0,1789019176,126897
tilt_k0.2_s0,1789019186,126897
tilt_k0.2_s0,1789019196,126897
tilt_k0.2_s0,1789019206,126897
tilt_k0.2_s0,1789019216,126897
tilt_k0.2_s0,1789019226,126897
tilt_k0.2_s0,1789019236,126897
tilt_k0.2_s0,1789019246,126897
tilt_k0.2_s0,1789019256,126897
tilt_k0.2_s0,1789019266,126897
tilt_k0.2_s0,1789019276,126897
tilt_k0.2_s0,1789019286,126897
tilt_k0.2_s0,1789019296,126897
tilt_k0.2_s0,1789019306,126897
tilt_k0.2_s0,1789019316,126897
tilt_k0.2_s0,1789019327,126897
tilt_k0.2_s0,1789019337,126897
tilt_k0.2_s0,1789019347,126897
tilt_k0.2_s0,1789019357,126897
tilt_k0.2_s0,1789019367,126897
tilt_k0.2_s0,1789019377,126897
tilt_k0.2_s0,1789019387,126897
tilt_k0.2_s0,1789019397,126897
tilt_k0.2_s0,1789019407,126897
tilt_k0.2_s0,1789019417,126897
tilt_k0.2_s0,1789019427,126897
tilt_k0.2_s0,1789019437,126897
tilt_k0.2_s0,1789019447,126897
tilt_k0.2_s0,1789019457,126897
tilt_k0.2_s0,1789019467,126897
tilt_k0.2_s0,1789019477,126897
tilt_k0.2_s0,1789019487,126897
tilt_k0.2_s0,1789019498,126897
tilt_k0.2_s0,1789019508,126897
tilt_k0.2_s0,1789019518,126897
tilt_k0.2_s0,1789019528,126897
tilt_k0.2_s0,1789019538,126897
tilt_k0.2_s0,1789019548,126897
tilt_k0.2_s0,1789019558,126897
tilt_k0.2_s0,1789019568,126897
tilt_k0.2_s0,1789019578,126897
tilt_k0.2_s0,1789019588,126897
tilt_k0.2_s0,1789019598,126897
tilt_k0.2_s0,1789019608,126897
tilt_k0.2_s0,1789019618,126897
tilt_k0.2_s0,1789019628,126897
tilt_k0.2_s0,1789019638,126897
tilt_k0.2_s0,1789019648,126897
tilt_k0.2_s0,1789019658,126897
tilt_k0.2_s0,1789019669,126897
tilt_k0.2_s0,1789019679,126897
tilt_k0.2_s0,1789019689,126897
tilt_k0.2_s0,1789019699,126897
tilt_k0.2_s0,1789019709,126897
tilt_k0.2_s0,1789019719,126897
tilt_k0.2_s0,1789019729,126897
tilt_k0.2_s0,1789019739,126897
tilt_k0.2_s0,1789019749,126897
tilt_k0.2_s0,1789019759,126897
tilt_k0.2_s0,1789019769,126897
tilt_k0.2_s0,1789019779,126897
tilt_k0.2_s0,1789019789,126897
tilt_k0.2_s0,1789019799,126897
tilt_k0.2_s0,1789019809,126897
tilt_k0.2_s0,1789019819,126897
tilt_k0.2_s0,1789019829,126897
tilt_k0.2_s0,1789019840,126897
tilt_k0.2_s0,1789019850,126897
tilt_k0.2_s0,1789019860,126897
tilt_k0.2_s0,1789019870,126897
tilt_k0.2_s0,1789019880,126897
tilt_k0.2_s0,1789019890,126897
tilt_k0.2_s0,1789019900,126897
tilt_k0.2_s0,1789019910,126897
tilt_k0.2_s0,1789019920,126897
tilt_k0.2_s0,1789019930,126897
tilt_k0.2_s0,1789019940,126897
tilt_k0.2_s0,1789019950,126897
tilt_k0.2_s0,1789019960,126897
tilt_k0.2_s0,1789019970,126897
tilt_k0.2_s0,1789019980,126897
tilt_k0.2_s0,1789019990,126897
tilt_k0.2_s0,1789020000,126897
tilt_k0.2_s0,1789020011,126897
tilt_k0.2_s0,1789020021,126897
tilt_k0.2_s0,1789020031,126897
tilt_k0.2_s0,1789020041,126897
tilt_k0.2_s0,1789020051,126897
tilt_k0.2_s0,1789020061,126897
tilt_k0.2_s0,1789020071,126897
tilt_k0.2_s0,1789020081,126897
tilt_k0.2_s0,1789020091,126897
tilt_k0.2_s0,1789020101,126897
tilt_k0.2_s0,1789020111,126897
tilt_k0.2_s0,1789020121,126897
tilt_k0.2_s0,1789020131,126897
tilt_k0.2_s0,1789020141,126897
tilt_k0.2_s0,1789020151,126897
tilt_k0.2_s0,1789020161,126897
tilt_k0.2_s0,1789020172,126897
tilt_k0.2_s0,1789020182,126897
tilt_k0.2_s0,1789020192,126897
tilt_k0.2_s0,1789020202,126897
tilt_k0.2_s0,1789020212,126897
tilt_k0.2_s0,1789020222,126897
tilt_k0.2_s0,1789020232,126897
tilt_k0.2_s0,1789020242,126897
tilt_k0.2_s0,1789020252,126897
tilt_k0.2_s0,1789020262,126897
tilt_k0.2_s0,1789020272,126897
tilt_k0.2_s0,1789020282,126897
tilt_k0.2_s0,1789020292,126897
tilt_k0.2_s0,1789020302,126897
tilt_k0.2_s0,1789020312,126897
tilt_k0.2_s0,1789020322,126897
tilt_k0.2_s0,1789020332,126897
tilt_k0.2_s0,1789020343,126897
tilt_k0.2_s0,1789020353,126897
tilt_k0.2_s0,1789020363,126897
tilt_k0.2_s0,1789020373,126897
tilt_k0.2_s0,1789020383,126897
tilt_k0.2_s0,1789020393,126897
tilt_k0.2_s0,1789020403,126897
tilt_k0.2_s0,1789020413,126897
tilt_k0.2_s0,1789020423,126897
tilt_k0.2_s0,1789020433,126897
tilt_k0.2_s0,1789020443,126897
tilt_k0.2_s0,1789020453,126897
tilt_k0.2_s0,1789020463,126897
tilt_k0.2_s0,1789020473,126897
tilt_k0.2_s0,1789020483,126897
tilt_k0.2_s0,1789020493,126897
tilt_k0.2_s0,1789020503,126897
tilt_k0.2_s0,1789020514,126897
tilt_k0.2_s0,1789020524,126897
tilt_k0.2_s0,1789020534,126897
tilt_k0.2_s0,1789020544,126897
tilt_k0.2_s0,1789020554,126897
tilt_k0.2_s0,1789020564,126897
tilt_k0.2_s0,1789020574,126897
tilt_k0.2_s0,1789020584,126897
tilt_k0.2_s0,1789020594,126897
tilt_k0.2_s0,1789020604,126897
tilt_k0.2_s0,1789020614,126897
tilt_k0.2_s0,1789020624,126897
tilt_k0.2_s0,1789020634,126897
tilt_k0.2_s0,1789020644,126897
tilt_k0.2_s0,1789020654,126897
tilt_k0.2_s0,1789020664,126897
tilt_k0.2_s0,1789020675,126897
tilt_k0.2_s0,1789020685,126897
tilt_k0.2_s0,1789020695,126897
tilt_k0.2_s0,1789020705,126897
tilt_k0.2_s0,1789020715,126897
tilt_k0.2_s0,1789020725,126897
tilt_k0.2_s0,1789020735,126897
tilt_k0.2_s0,1789020745,126897
tilt_k0.2_s0,1789020755,126897
tilt_k0.2_s0,1789020765,126897
tilt_k0.2_s0,1789020775,126897
tilt_k0.2_s0,1789020785,126897
tilt_k0.2_s0,1789020795,126897
tilt_k0.2_s0,1789020805,126897
tilt_k0.2_s0,1789020815,126897
tilt_k0.2_s0,1789020825,126897
tilt_k0.2_s0,1789020835,126897
tilt_k0.2_s0,1789020846,126897
tilt_k0.2_s0,1789020856,126897
tilt_k0.2_s0,1789020866,126897
tilt_k0.2_s0,1789020876,126897
tilt_k0.2_s0,1789020886,126897
tilt_k0.2_s0,1789020896,126897
tilt_k0.2_s0,1789020906,126897
tilt_k0.2_s0,1789020916,126897
tilt_k0.2_s0,1789020926,126897
tilt_k0.2_s0,1789020936,126897
tilt_k0.2_s0,1789020946,126897
tilt_k0.2_s0,1789020956,126897
tilt_k0.2_s0,1789020966,126897
tilt_k0.2_s0,1789020976,126897
tilt_k0.2_s0,1789020986,126897
tilt_k0.2_s0,1789020996,126897
tilt_k0.2_s0,1789021007,126897
tilt_k0.2_s0,1789021017,126897
tilt_k0.2_s0,1789021027,126897
tilt_k0.2_s0,1789021037,126897
tilt_k0.2_s0,1789021047,126897
tilt_k0.2_s0,1789021057,126897
tilt_k0.2_s0,1789021067,126897
tilt_k0.2_s0,1789021077,126897
tilt_k0.2_s0,1789021087,126897
tilt_k0.2_s0,1789021097,126897
tilt_k0.2_s0,1789021107,126897
tilt_k0.2_s0,1789021117,126897
tilt_k0.2_s0,1789021127,126897
tilt_k0.2_s0,1789021137,126897
tilt_k0.2_s0,1789021147,126897
tilt_k0.2_s0,1789021157,126897
tilt_k0.2_s0,1789021168,126897
tilt_k0.2_s0,1789021178,126897
tilt_k0.2_s0,1789021188,126897
tilt_k0.2_s0,1789021198,126897
tilt_k0.2_s0,1789021208,126897
tilt_k0.2_s0,1789021218,126897
tilt_k0.2_s0,1789021228,126897
tilt_k0.2_s0,1789021238,126897
tilt_k0.2_s0,1789021248,126897
tilt_k0.2_s0,1789021258,126897
tilt_k0.2_s0,1789021268,126897
tilt_k0.2_s0,1789021278,126897
tilt_k0.2_s0,1789021288,126897
tilt_k0.2_s0,1789021298,126897
tilt_k0.2_s0,1789021308,126897
tilt_k0.2_s0,1789021318,126897
tilt_k0.2_s0,1789021329,126897
tilt_k0.2_s0,1789021339,126897
tilt_k0.2_s0,1789021349,126897
tilt_k0.2_s0,1789021359,126897
tilt_k0.2_s0,1789021369,126897
tilt_k0.2_s0,1789021379,126897
tilt_k0.2_s0,1789021389,126897
tilt_k0.2_s0,1789021399,126897
tilt_k0.2_s0,1789021409,126897
tilt_k0.2_s0,1789021419,126897
tilt_k0.2_s0,1789021429,126897
tilt_k0.2_s0,1789021439,126897
tilt_k0.2_s0,1789021449,126897
tilt_k0.2_s0,1789021459,126897
tilt_k0.2_s0,1789021469,126897
tilt_k0.2_s0,1789021479,126897
tilt_k0.2_s0,1789021490,126897
tilt_k0.2_s0,1789021500,126897
tilt_k0.2_s0,1789021510,126897
tilt_k0.2_s0,1789021520,126897
tilt_k0.2_s0,1789021530,126897
tilt_k0.2_s0,1789021540,126897
tilt_k0.2_s0,1789021550,126897
tilt_k0.2_s0,1789021560,126897
tilt_k0.2_s0,1789021570,126897
tilt_k0.2_s0,1789021580,126897
tilt_k0.2_s0,1789021590,126897
tilt_k0.2_s0,1789021600,126897
tilt_k0.2_s0,1789021610,126897
tilt_k0.2_s0,1789021620,126897
tilt_k0.2_s0,1789021630,126897
tilt_k0.2_s0,1789021640,126897
tilt_k0.2_s0,1789021650,126897
tilt_k0.2_s0,1789021661,126897
tilt_k0.2_s0,1789021671,126897
tilt_k0.2_s0,1789021681,126897
tilt_k0.2_s0,1789021691,126897
tilt_k0.2_s0,1789021701,126897
tilt_k0.2_s0,1789021711,126897
tilt_k0.2_s0,1789021721,126897
tilt_k0.2_s0,1789021731,126897
tilt_k0.2_s0,1789021741,126897
tilt_k0.2_s0,1789021751,126897
tilt_k0.2_s0,1789021761,126897
tilt_k0.2_s0,1789021771,126897
tilt_k0.2_s0,1789021781,126897
tilt_k0.2_s0,1789021791,126897
tilt_k0.2_s0,1789021801,126897
tilt_k0.2_s0,1789021811,126897
tilt_k0.2_s0,1789021821,126897
tilt_k0.2_s0,1789021832,126897
tilt_k0.2_s0,1789021842,126897
tilt_k0.2_s0,1789021852,126897
tilt_k0.2_s0,1789021862,126897
tilt_k0.2_s0,1789021872,126897
tilt_k0.2_s0,1789021882,126897
tilt_k0.2_s0,1789021892,126897
tilt_k0.2_s0,1789021902,126897
tilt_k0.2_s0,1789021912,126897
tilt_k0.2_s0,1789021922,126897
tilt_k0.2_s0,1789021932,126897
tilt_k0.2_s0,1789021942,126897
tilt_k0.2_s0,1789021952,126897
tilt_k0.2_s0,1789021962,126897
tilt_k0.2_s0,1789021972,126897
tilt_k0.2_s0,1789021982,126897
tilt_k0.2_s0,1789021993,126897
tilt_k0.2_s0,1789022003,126897
tilt_k0.2_s0,1789022013,126897
tilt_k0.2_s0,1789022023,126897
tilt_k0.2_s0,1789022033,126897
tilt_k0.2_s0,1789022043,126897
tilt_k0.2_s0,1789022053,126897
tilt_k0.2_s0,1789022063,126897
tilt_k0.2_s0,1789022073,126897
tilt_k0.2_s0,1789022083,126897
tilt_k0.2_s0,1789022093,126897
tilt_k0.2_s0,1789022103,126897
tilt_k0.2_s0,1789022113,126897
tilt_k0.2_s0,1789022123,126897
tilt_k0.2_s0,1789022133,126897
tilt_k0.2_s0,1789022143,126897
tilt_k0.2_s0,1789022153,126897
tilt_k0.2_s0,1789022164,126897
tilt_k0.2_s0,1789022174,126897
tilt_k0.2_s0,1789022184,126897
tilt_k0.2_s0,1789022194,126897
tilt_k0.2_s0,1789022204,126897
tilt_k0.2_s0,1789022214,126897
tilt_k0.2_s0,1789022224,126897
tilt_k0.2_s0,1789022234,126897
tilt_k0.2_s0,1789022244,126897
tilt_k0.2_s0,1789022254,126897
tilt_k0.2_s0,1789022264,126897
tilt_k0.2_s0,1789022274,126897
tilt_k0.2_s0,1789022284,126897
tilt_k0.2_s0,1789022294,126897
tilt_k0.2_s0,1789022304,126897
tilt_k0.2_s0,1789022314,126897
tilt_k0.2_s0,1789022325,126897
tilt_k0.2_s0,1789022335,126897
tilt_k0.2_s0,1789022345,126897
tilt_k0.2_s0,1789022355,126897
tilt_k0.2_s0,1789022365,126897
tilt_k0.2_s0,1789022375,126897
tilt_k0.2_s0,1789022385,126897
tilt_k0.2_s0,1789022395,126897
tilt_k0.2_s0,1789022405,126897
tilt_k0.2_s0,1789022415,126897
tilt_k0.2_s0,1789022425,126897
tilt_k0.2_s0,1789022435,126897
tilt_k0.2_s0,1789022445,126897
tilt_k0.2_s0,1789022455,126897
tilt_k0.2_s0,1789022465,126897
tilt_k0.2_s0,1789022475,126897
tilt_k0.2_s0,1789022485,126897
tilt_k0.2_s0,1789022496,126897
tilt_k0.2_s0,1789022506,126897
tilt_k0.2_s0,1789022516,126897
tilt_k0.2_s0,1789022526,126897
tilt_k0.2_s0,1789022536,126897
tilt_k0.2_s0,1789022546,126897
tilt_k0.2_s0,1789022556,126897
tilt_k0.2_s0,1789022566,126897
tilt_k0.2_s0,1789022576,126897
tilt_k0.2_s0,1789022586,126897
tilt_k0.2_s0,1789022596,126897
tilt_k0.2_s0,1789022606,126897
tilt_k0.2_s0,1789022616,126897
tilt_k0.2_s0,1789022626,126897
tilt_k0.2_s0,1789022636,126897
tilt_k0.2_s0,1789022646,126897
tilt_k0.2_s0,1789022657,126897
tilt_k0.2_s0,1789022667,126897
tilt_k0.2_s0,1789022677,126897
tilt_k0.2_s0,1789022687,126897
tilt_k0.2_s0,1789022697,126897
tilt_k0.2_s0,1789022707,126897
tilt_k0.2_s0,1789022717,126897
tilt_k0.2_s0,1789022727,126897
tilt_k0.2_s0,1789022737,126897
tilt_k0.2_s0,1789022747,126897
tilt_k0.2_s0,1789022757,126897
tilt_k0.2_s0,1789022767,126897
tilt_k0.2_s0,1789022777,126897
tilt_k0.2_s0,1789022787,126897
tilt_k0.2_s0,1789022797,126897
tilt_k0.2_s0,1789022807,126897
tilt_k0.2_s0,1789022817,126897
tilt_k0.2_s0,1789022828,126897
tilt_k0.2_s0,1789022838,126897
tilt_k0.2_s0,1789022848,126897
tilt_k0.2_s0,1789022858,126897
tilt_k0.2_s0,1789022868,126897
tilt_k0.2_s0,1789022878,126897
tilt_k0.2_s0,1789022888,126897
tilt_k0.2_s0,1789022898,126897
tilt_k0.2_s0,1789022908,126897
tilt_k0.2_s0,1789022918,126897
tilt_k0.2_s0,1789022928,126897
tilt_k0.2_s0,1789022938,126897
tilt_k0.2_s0,1789022948,126897
tilt_k0.2_s0,1789022958,126897
tilt_k0.2_s0,1789022968,126897
tilt_k0.2_s0,1789022978,126897
tilt_k0.2_s0,1789022988,126897
tilt_k0.2_s0,1789022999,126897
tilt_k0.2_s0,1789023009,126897
tilt_k0.2_s0,1789023019,126897
tilt_k0.2_s0,1789023029,126897
tilt_k0.2_s0,1789023039,126897
tilt_k0.2_s0,1789023049,126897
tilt_k0.2_s0,1789023059,126897
tilt_k0.2_s0,1789023069,126897
tilt_k0.2_s0,1789023079,126897
tilt_k0.2_s0,1789023089,126897
tilt_k0.2_s0,1789023099,126897
tilt_k0.2_s0,1789023109,126897
tilt_k0.2_s0,1789023119,126897
tilt_k0.2_s0,1789023129,126897
tilt_k0.2_s0,1789023139,126897
tilt_k0.2_s0,1789023149,126897
tilt_k0.2_s0,1789023160,126897
tilt_k0.2_s0,1789023170,126897
tilt_k0.2_s0,1789023180,126897
tilt_k0.2_s0,1789023190,126897
tilt_k0.2_s0,1789023200,126897
tilt_k0.2_s0,1789023210,126897
tilt_k0.2_s0,1789023220,126897
tilt_k0.2_s0,1789023230,126897
tilt_k0.2_s0,1789023240,126897
tilt_k0.2_s0,1789023250,126897
tilt_k0.2_s0,1789023260,126897
tilt_k0.2_s0,1789023270,126897
tilt_k0.2_s0,1789023280,126897
tilt_k0.2_s0,1789023290,126897
tilt_k0.2_s0,1789023300,126897
tilt_k0.2_s0,1789023310,126897
tilt_k0.2_s0,1789023320,126897
tilt_k0.2_s0,1789023331,126897
tilt_k0.2_s0,1789023341,126897
tilt_k0.2_s0,1789023351,126897
tilt_k0.2_s0,1789023361,126897
tilt_k0.2_s0,1789023371,126897
tilt_k0.2_s0,1789023381,126897
tilt_k0.2_s0,1789023391,126897
tilt_k0.2_s0,1789023401,126897
tilt_k0.2_s0,1789023411,126897
tilt_k0.2_s0,1789023421,126897
tilt_k0.2_s0,1789023431,126897
tilt_k0.2_s0,1789023441,126897
tilt_k0.2_s0,1789023451,126897
tilt_k0.2_s0,1789023461,126897
tilt_k0.2_s0,1789023471,126897
tilt_k0.2_s0,1789023481,126897
tilt_k0.2_s0,1789023491,126897
tilt_k0.2_s0,1789023502,126897
tilt_k0.2_s0,1789023512,126897
tilt_k0.2_s0,1789023522,126897
tilt_k0.2_s0,1789023532,126897
tilt_k0.2_s0,1789023542,126897
tilt_k0.2_s0,1789023552,126897
tilt_k0.2_s0,1789023562,126897
tilt_k0.2_s0,1789023572,126897
tilt_k0.2_s0,1789023582,126897
tilt_k0.2_s0,1789023592,126897
tilt_k0.2_s0,1789023602,126897
tilt_k0.2_s0,1789023612,126897
tilt_k0.2_s0,1789023622,126897
tilt_k0.2_s0,1789023632,126897
tilt_k0.2_s0,1789023642,126897
tilt_k0.2_s0,1789023652,126897
tilt_k0.2_s0,1789023662,126897
tilt_k0.2_s0,1789023673,126897
tilt_k0.2_s0,1789023683,126897
tilt_k0.2_s0,1789023693,126897
tilt_k0.2_s0,1789023703,126897
tilt_k0.2_s0,1789023713,126897
tilt_k0.2_s0,1789023723,126897
tilt_k0.2_s0,1789023733,126897
tilt_k0.2_s0,1789023743,126897
tilt_k0.2_s0,1789023753,126897
tilt_k0.2_s0,1789023763,126897
tilt_k0.2_s0,1789023773,126897
tilt_k0.2_s0,1789023783,126897
tilt_k0.2_s0,1789023793,126897
tilt_k0.2_s0,1789023803,126897
tilt_k0.2_s0,1789023813,126897
tilt_k0.2_s0,1789023823,126897
tilt_k0.2_s0,1789023833,126897
tilt_k0.2_s0,1789023843,126897
tilt_k0.2_s0,1789023854,126897
tilt_k0.2_s0,1789023864,126897
tilt_k0.2_s0,1789023874,126897
tilt_k0.2_s0,1789023884,126897
tilt_k0.2_s0,1789023894,126897
tilt_k0.2_s0,1789023904,126897
tilt_k0.2_s0,1789023914,126897
tilt_k0.2_s0,1789023924,126897
tilt_k0.2_s0,1789023934,126897
tilt_k0.2_s0,1789023944,126897
tilt_k0.2_s0,1789023954,126897
tilt_k0.2_s0,1789023964,126897
tilt_k0.2_s0,1789023974,126897
tilt_k0.2_s0,1789023984,126897
tilt_k0.2_s0,1789023994,126897
tilt_k0.2_s0,1789024004,126897
tilt_k0.2_s0,1789024014,126897
tilt_k0.2_s0,1789024024,126897
tilt_k0.2_s0,1789024035,126897
tilt_k0.2_s0,1789024045,126897
tilt_k0.2_s0,1789024055,126897
tilt_k0.2_s0,1789024065,126897
tilt_k0.2_s0,1789024075,126897
tilt_k0.2_s0,1789024085,126897
tilt_k0.2_s0,1789024095,126897
tilt_k0.2_s0,1789024105,126897
tilt_k0.2_s0,1789024115,126897
tilt_k0.2_s0,1789024125,126897
tilt_k0.2_s0,1789024135,126897
tilt_k0.2_s0,1789024145,126897
tilt_k0.2_s0,1789024155,126897
tilt_k0.2_s0,1789024165,126897
tilt_k0.2_s0,1789024175,126897
tilt_k0.2_s0,1789024185,126897
tilt_k0.2_s0,1789024195,126897
tilt_k0.2_s0,1789024205,126897
tilt_k0.2_s0,1789024216,126897
tilt_k0.2_s0,1789024226,126897
tilt_k0.2_s0,1789024236,126897
tilt_k0.2_s0,1789024246,126897
tilt_k0.2_s0,1789024256,126897
tilt_k0.2_s0,1789024266,126897
tilt_k0.2_s0,1789024276,126897
tilt_k0.2_s0,1789024286,126897
tilt_k0.2_s0,1789024296,126897
tilt_k0.2_s0,1789024306,126897
tilt_k0.2_s0,1789024316,126897
tilt_k0.2_s0,1789024326,126897
tilt_k0.2_s0,1789024336,126897
tilt_k0.2_s0,1789024346,126897
tilt_k0.2_s0,1789024356,126897
tilt_k0.2_s0,1789024366,126897
tilt_k0.2_s0,1789024376,126897
tilt_k0.2_s0,1789024387,126897
tilt_k0.2_s0,1789024397,126897
tilt_k0.2_s0,1789024407,126897
tilt_k0.2_s0,1789024417,126897
tilt_k0.2_s0,1789024427,126897
tilt_k0.2_s0,1789024437,126897
tilt_k0.2_s0,1789024447,126897
tilt_k0.2_s0,1789024457,126897
tilt_k0.2_s0,1789024467,126897
tilt_k0.2_s0,1789024477,126897
tilt_k0.2_s0,1789024487,126897
tilt_k0.2_s0,1789024497,126897
tilt_k0.2_s0,1789024507,126897
tilt_k0.2_s0,1789024517,126897
tilt_k0.2_s0,1789024527,126897
tilt_k0.2_s0,1789024537,126897
tilt_k0.2_s0,1789024547,126897
tilt_k0.2_s0,1789024557,126897
tilt_k0.2_s0,1789024568,126897
tilt_k0.2_s0,1789024578,126897
tilt_k0.2_s0,1789024588,126897
tilt_k0.2_s0,1789024598,126897
tilt_k0.2_s0,1789024608,126897
tilt_k0.2_s0,1789024618,126897
tilt_k0.2_s0,1789024628,126897
tilt_k0.2_s0,1789024638,126897
tilt_k0.2_s0,1789024648,126897
tilt_k0.2_s0,1789024658,126897
tilt_k0.2_s0,1789024668,126897
tilt_k0.2_s0,1789024678,126897
tilt_k0.2_s0,1789024688,126897
tilt_k0.2_s0,1789024698,126897
tilt_k0.2_s0,1789024708,126897
tilt_k0.2_s0,1789024718,126897
tilt_k0.2_s0,1789024728,126897
tilt_k0.2_s0,1789024738,126897
tilt_k0.2_s0,1789024749,126897
tilt_k0.2_s0,1789024759,126897
tilt_k0.2_s0,1789024769,126897
tilt_k0.2_s0,1789024779,126897
tilt_k0.2_s0,1789024789,126897
tilt_k0.2_s0,1789024799,126897
tilt_k0.2_s0,1789024809,126897
tilt_k0.2_s0,1789024819,126897
tilt_k0.2_s0,1789024829,126897
tilt_k0.2_s0,1789024839,126897
tilt_k0.2_s0,1789024849,126897
tilt_k0.2_s0,1789024859,126897
tilt_k0.2_s0,1789024869,126897
tilt_k0.2_s0,1789024879,126897
tilt_k0.2_s0,1789024889,126897
tilt_k0.2_s0,1789024899,126897
tilt_k0.2_s0,1789024909,126897
tilt_k0.2_s0,1789024920,126897
tilt_k0.2_s0,1789024930,126897
tilt_k0.2_s0,1789024940,126897
tilt_k0.2_s0,1789024950,126897
tilt_k0.2_s0,1789024960,126897
tilt_k0.2_s0,1789024970,126897
tilt_k0.2_s0,1789024980,126897
tilt_k0.2_s0,1789024990,126897
tilt_k0.2_s0,1789025000,126897
tilt_k0.2_s0,1789025010,126897
tilt_k0.2_s0,1789025020,126897
tilt_k0.2_s0,1789025030,126897
tilt_k0.2_s0,1789025040,126897
tilt_k0.2_s0,1789025050,126897
tilt_k0.2_s0,1789025060,126897
tilt_k0.2_s0,1789025070,126897
tilt_k0.2_s0,1789025080,126897
tilt_k0.2_s0,1789025090,126897
tilt_k0.2_s0,1789025101,126897
tilt_k0.2_s0,1789025111,126897
tilt_k0.2_s0,1789025121,126897
tilt_k0.2_s0,1789025131,126897
tilt_k0.2_s0,1789025141,126897
tilt_k0.2_s0,1789025151,126897
tilt_k0.2_s0,1789025161,126897
tilt_k0.2_s0,1789025171,126897
tilt_k0.2_s0,1789025181,126897
tilt_k0.2_s0,1789025191,126897
tilt_k0.2_s0,1789025201,126897
tilt_k0.2_s0,1789025211,126897
tilt_k0.2_s0,1789025221,126897
tilt_k0.2_s0,1789025231,126897
tilt_k0.2_s0,1789025241,126897
tilt_k0.2_s0,1789025251,126897
tilt_k0.2_s0,1789025261,126897
tilt_k0.2_s0,1789025272,126897
tilt_k0.2_s0,1789025282,126897
tilt_k0.2_s0,1789025292,126897
tilt_k0.2_s0,1789025302,126897
tilt_k0.2_s0,1789025312,126897
tilt_k0.2_s0,1789025322,126897
tilt_k0.2_s0,1789025332,126897
tilt_k0.2_s0,1789025342,126897
tilt_k0.2_s0,1789025352,126897
tilt_k0.2_s0,1789025362,126897
tilt_k0.2_s0,1789025372,126897
tilt_k0.2_s0,1789025382,126897
tilt_k0.2_s0,1789025392,126897
tilt_k0.2_s0,1789025402,126897
tilt_k0.2_s0,1789025412,126897
tilt_k0.2_s0,1789025422,126897
tilt_k0.2_s0,1789025432,126897
tilt_k0.2_s0,1789025442,126897
tilt_k0.2_s0,1789025453,126897
tilt_k0.2_s0,1789025463,126897
tilt_k0.2_s0,1789025473,126897
tilt_k0.2_s0,1789025483,126897
tilt_k0.2_s0,1789025493,126897
tilt_k0.2_s0,1789025503,126897
tilt_k0.2_s0,1789025513,126897
tilt_k0.2_s0,1789025523,126897
tilt_k0.2_s0,1789025533,126897
tilt_k0.2_s0,1789025543,126897
tilt_k0.2_s0,1789025553,126897
tilt_k0.2_s0,1789025563,126897
tilt_k0.2_s0,1789025573,126897
tilt_k0.2_s0,1789025583,126897
tilt_k0.2_s0,1789025593,126897
tilt_k0.2_s0,1789025603,126897
tilt_k0.2_s0,1789025613,126897
tilt_k0.2_s0,1789025623,126897
tilt_k0.2_s0,1789025634,126897
tilt_k0.2_s0,1789025644,126897
tilt_k0.2_s0,1789025654,126897
tilt_k0.2_s0,1789025664,126897
tilt_k0.2_s0,1789025674,126897
tilt_k0.2_s0,1789025684,126897
tilt_k0.2_s0,1789025694,126897
tilt_k0.2_s0,1789025704,126897
tilt_k0.2_s0,1789025714,126897
tilt_k0.2_s0,1789025724,126897
tilt_k0.2_s0,1789025734,126897
tilt_k0.2_s0,1789025744,126897
tilt_k0.2_s0,1789025754,126897
tilt_k0.2_s0,1789025764,126897
tilt_k0.2_s0,1789025774,126897
tilt_k0.2_s0,1789025784,126897
tilt_k0.2_s0,1789025794,126897
tilt_k0.2_s0,1789025805,126897
tilt_k0.2_s0,1789025815,126897
tilt_k0.2_s0,1789025825,126897
tilt_k0.2_s0,1789025835,126897
tilt_k0.2_s0,1789025845,126897
tilt_k0.2_s0,1789025855,126897
tilt_k0.2_s0,1789025865,126897
tilt_k0.2_s0,1789025875,126897
tilt_k0.2_s0,1789025885,126897
tilt_k0.2_s0,1789025895,126897
tilt_k0.2_s0,1789025905,126897
tilt_k0.2_s0,1789025915,126897
tilt_k0.2_s0,1789025925,126897
tilt_k0.2_s0,1789025935,126897
tilt_k0.2_s0,1789025945,126897
tilt_k0.2_s0,1789025955,126897
tilt_k0.2_s0,1789025965,126897
tilt_k0.2_s0,1789025976,126897
tilt_k0.2_s0,1789025986,126897
tilt_k0.2_s0,1789025996,126897
tilt_k0.2_s0,1789026006,126897
tilt_k0.2_s0,1789026016,126897
tilt_k0.2_s0,1789026026,126897
tilt_k0.2_s0,1789026036,126897
tilt_k0.2_s0,1789026046,126897
tilt_k0.2_s0,1789026056,126897
tilt_k0.2_s0,1789026066,126897
tilt_k0.2_s0,1789026076,126897
tilt_k0.2_s0,1789026086,126897
tilt_k0.2_s0,1789026096,126897
tilt_k0.2_s0,1789026106,126897
tilt_k0.2_s0,1789026116,126897
tilt_k0.2_s0,1789026126,126897
tilt_k0.2_s0,1789026136,126897
tilt_k0.2_s0,1789026146,126897
tilt_k0.2_s0,1789026157,126897
tilt_k0.2_s0,1789026167,126897
tilt_k0.2_s0,1789026177,126897
tilt_k0.2_s0,1789026187,126897
tilt_k0.2_s0,1789026197,126897
tilt_k0.2_s0,1789026207,126897
tilt_k0.2_s0,1789026217,126897
tilt_k0.2_s0,1789026227,126897
tilt_k0.2_s0,1789026237,126897
tilt_k0.2_s0,1789026247,126897
tilt_k0.2_s0,1789026257,126897
tilt_k0.2_s0,1789026267,126897
tilt_k0.2_s0,1789026277,126897
tilt_k0.2_s0,1789026287,126897
tilt_k0.2_s0,1789026297,126897
tilt_k0.2_s0,1789026307,126897
tilt_k0.2_s0,1789026317,126897
tilt_k0.2_s0,1789026327,126897
tilt_k0.2_s0,1789026338,126897
tilt_k0.2_s0,1789026348,126897
tilt_k0.2_s0,1789026358,126897
tilt_k0.2_s0,1789026368,126897
tilt_k0.2_s0,1789026378,126897
tilt_k0.2_s0,1789026388,126897
tilt_k0.2_s0,1789026398,126897
tilt_k0.2_s0,1789026408,126897
tilt_k0.2_s0,1789026418,126897
tilt_k0.2_s0,1789026428,126897
tilt_k0.2_s0,1789026438,126897
tilt_k0.2_s0,1789026448,126897
tilt_k0.2_s0,1789026458,126897
tilt_k0.2_s0,1789026468,126897
tilt_k0.2_s0,1789026478,126897
tilt_k0.2_s0,1789026488,126897
tilt_k0.2_s0,1789026498,126897
tilt_k0.2_s0,1789026509,126897
tilt_k0.2_s0,1789026519,126897
tilt_k0.2_s0,1789026529,126897
tilt_k0.2_s0,1789026539,126897
tilt_k0.2_s0,1789026549,126897
tilt_k0.2_s0,1789026559,126897
tilt_k0.2_s0,1789026569,126897
tilt_k0.2_s0,1789026579,126897
tilt_k0.2_s0,1789026589,126897
tilt_k0.2_s0,1789026599,126897
tilt_k0.2_s0,1789026609,126897
tilt_k0.2_s0,1789026619,126897
tilt_k0.2_s0,1789026629,126897
tilt_k0.2_s0,1789026639,126897
tilt_k0.2_s0,1789026649,126897
tilt_k0.2_s0,1789026659,126897
tilt_k0.2_s0,1789026669,126897
tilt_k0.2_s0,1789026680,126897
tilt_k0.2_s0,1789026690,126897
tilt_k0.2_s0,1789026700,126897
tilt_k0.2_s0,1789026710,126897
tilt_k0.2_s0,1789026720,126897
tilt_k0.2_s0,1789026730,126897
tilt_k0.2_s0,1789026740,126897
tilt_k0.2_s0,1789026750,126897
tilt_k0.2_s0,1789026760,126897
tilt_k0.2_s0,1789026770,126897
tilt_k0.2_s0,1789026780,126897
tilt_k0.2_s0,1789026790,126897
tilt_k0.2_s0,1789026800,126897
tilt_k0.2_s0,1789026810,126897
tilt_k0.2_s0,1789026820,126897
tilt_k0.2_s0,1789026830,126897
tilt_k0.2_s0,1789026840,126897
tilt_k0.2_s0,1789026850,126897
tilt_k0.2_s0,1789026861,126897
tilt_k0.2_s0,1789026871,126897
tilt_k0.2_s0,1789026881,126897
tilt_k0.2_s0,1789026891,126897
tilt_k0.2_s0,1789026901,126897
tilt_k0.2_s0,1789026911,126897
tilt_k0.2_s0,1789026921,126897
tilt_k0.2_s0,1789026931,126897
tilt_k0.2_s0,1789026941,126897
tilt_k0.2_s0,1789026951,126897
tilt_k0.2_s0,1789026961,126897
tilt_k0.2_s0,1789026971,126897
tilt_k0.2_s0,1789026981,126897
tilt_k0.2_s0,1789026991,126897
tilt_k0.2_s0,1789027001,126897
tilt_k0.2_s0,1789027011,126897
tilt_k0.2_s0,1789027021,126897
tilt_k0.2_s0,1789027032,126897
tilt_k0.2_s0,1789027042,126897
tilt_k0.2_s0,1789027052,126897
tilt_k0.2_s0,1789027062,126897
tilt_k0.2_s0,1789027072,126897
tilt_k0.2_s0,1789027082,126897
tilt_k0.2_s0,1789027092,126897
tilt_k0.2_s0,1789027102,126897
tilt_k0.2_s0,1789027112,126897
tilt_k0.2_s0,1789027122,126897
tilt_k0.2_s0,1789027132,126897
tilt_k0.2_s0,1789027142,126897
tilt_k0.2_s0,1789027152,126897
tilt_k0.2_s0,1789027162,126897
tilt_k0.2_s0,1789027172,126897
tilt_k0.2_s0,1789027182,126897
tilt_k0.2_s0,1789027192,126897
tilt_k0.2_s0,1789027202,126897
tilt_k0.2_s0,1789027213,126897
tilt_k0.2_s0,1789027223,126897
tilt_k0.2_s0,1789027233,126897
tilt_k0.2_s0,1789027243,126897
tilt_k0.2_s0,1789027253,126897
tilt_k0.2_s0,1789027263,126897
tilt_k0.2_s0,1789027273,126897
tilt_k0.2_s0,1789027283,126897
tilt_k0.2_s0,1789027293,126897
tilt_k0.2_s0,1789027303,126897
tilt_k0.2_s0,1789027313,126897
tilt_k0.2_s0,1789027323,126897
tilt_k0.2_s0,1789027333,126897
tilt_k0.2_s0,1789027343,126897
tilt_k0.2_s0,1789027353,126897
tilt_k0.2_s0,1789027363,126897
tilt_k0.2_s0,1789027373,126897
tilt_k0.2_s0,1789027384,126897
tilt_k0.2_s0,1789027394,126897
tilt_k0.2_s0,1789027404,126897
tilt_k0.2_s0,1789027414,126897
tilt_k0.2_s0,1789027424,126897
tilt_k0.2_s0,1789027434,126897
tilt_k0.2_s0,1789027444,126897
tilt_k0.2_s0,1789027454,126897
tilt_k0.2_s0,1789027464,126897
tilt_k0.2_s0,1789027474,126897
tilt_k0.2_s0,1789027484,126897
tilt_k0.2_s0,1789027494,126897
tilt_k0.2_s0,1789027504,126897
tilt_k0.2_s0,1789027514,126897
tilt_k0.2_s0,1789027524,126897
tilt_k0.2_s0,1789027534,126897
tilt_k0.2_s0,1789027544,126897
tilt_k0.2_s0,1789027555,126897
tilt_k0.2_s0,1789027565,126897
tilt_k0.2_s0,1789027575,126897
tilt_k0.2_s0,1789027585,126897
tilt_k0.2_s0,1789027595,126897
tilt_k0.2_s0,1789027605,126897
tilt_k0.2_s0,1789027615,126897
tilt_k0.2_s0,1789027625,126897
tilt_k0.2_s0,1789027635,126897
tilt_k0.2_s0,1789027645,126897
tilt_k0.2_s0,1789027655,126897
tilt_k0.2_s0,1789027665,126897
tilt_k0.2_s0,1789027675,126897
tilt_k0.2_s0,1789027685,126897
tilt_k0.2_s0,1789027695,126897
tilt_k0.2_s0,1789027705,126897
tilt_k0.2_s0,1789027715,126897
tilt_k0.2_s0,1789027725,126897
tilt_k0.2_s0,1789027736,126897
tilt_k0.2_s0,1789027746,126897
tilt_k0.2_s0,1789027756,126897
tilt_k0.2_s0,1789027766,126897
tilt_k0.2_s0,1789027776,126897
tilt_k0.2_s0,1789027786,126897
tilt_k0.2_s0,1789027796,126897
tilt_k0.2_s0,1789027806,126897
tilt_k0.2_s0,1789027816,126897
tilt_k0.2_s0,1789027826,126897
tilt_k0.2_s0,1789027836,126897
tilt_k0.2_s0,1789027846,126897
tilt_k0.2_s0,1789027856,126897
tilt_k0.2_s0,1789027866,126897
tilt_k0.2_s0,1789027876,126897
tilt_k0.2_s0,1789027886,126897
tilt_k0.2_s0,1789027896,126897
tilt_k0.2_s0,1789027907,126897
tilt_k0.2_s0,1789027917,126897
tilt_k0.2_s0,1789027927,126897
tilt_k0.2_s0,1789027937,126897
tilt_k0.2_s0,1789027947,126897
tilt_k0.2_s0,1789027957,126897
tilt_k0.2_s0,1789027967,126897
tilt_k0.2_s0,1789027977,126897
tilt_k0.2_s0,1789027987,126897
tilt_k0.2_s0,1789027997,126897
tilt_k0.2_s0,1789028007,126897
tilt_k0.2_s0,1789028017,126897
tilt_k0.2_s0,1789028027,126897
tilt_k0.2_s0,1789028037,126897
tilt_k0.2_s0,1789028047,126897
tilt_k0.2_s0,1789028057,126897
tilt_k0.2_s0,1789028067,126897
tilt_k0.2_s0,1789028077,126897
tilt_k0.2_s0,1789028088,126897
tilt_k0.2_s0,1789028098,126897
tilt_k0.2_s0,1789028108,126897
tilt_k0.2_s0,1789028118,126897
tilt_k0.2_s0,1789028128,126897
tilt_k0.2_s0,1789028138,126897
tilt_k0.2_s0,1789028148,126897
tilt_k0.2_s0,1789028158,126897
tilt_k0.2_s0,1789028168,126897
tilt_k0.2_s0,1789028178,126897
tilt_k0.2_s0,1789028188,126897
tilt_k0.2_s0,1789028198,126897
tilt_k0.2_s0,1789028208,126897
tilt_k0.2_s0,1789028218,126897
tilt_k0.2_s0,1789028228,126897
tilt_k0.2_s0,1789028238,126897
tilt_k0.2_s0,1789028248,126897
tilt_k0.2_s0,1789028258,126897
tilt_k0.2_s0,1789028269,126897
tilt_k0.2_s0,1789028279,126897
tilt_k0.2_s0,1789028289,126897
tilt_k0.2_s0,1789028299,126897
tilt_k0.2_s0,1789028309,126897
tilt_k0.2_s0,1789028319,126897
tilt_k0.2_s0,1789028329,126897
tilt_k0.2_s0,1789028339,126897
tilt_k0.2_s0,1789028349,126897
tilt_k0.2_s0,1789028359,126897
tilt_k0.2_s0,1789028369,126897
tilt_k0.2_s0,1789028379,126897
tilt_k0.2_s0,1789028389,126897
tilt_k0.2_s0,1789028399,126897
tilt_k0.2_s0,1789028409,126897
tilt_k0.2_s0,1789028419,126897
tilt_k0.2_s0,1789028429,126897
tilt_k0.2_s0,1789028440,126897
tilt_k0.2_s0,1789028450,126897
tilt_k0.2_s0,1789028460,126897
tilt_k0.2_s0,1789028470,126897
tilt_k0.2_s0,1789028480,126897
tilt_k0.2_s0,1789028490,126897
tilt_k0.2_s0,1789028500,126897
tilt_k0.2_s0,1789028510,126897
tilt_k0.2_s0,1789028520,126897
tilt_k0.2_s0,1789028530,126897
tilt_k0.2_s0,1789028540,126897
tilt_k0.2_s0,1789028550,126897
tilt_k0.2_s0,1789028560,126897
tilt_k0.2_s0,1789028570,126897
tilt_k0.2_s0,1789028580,126897
tilt_k0.2_s0,1789028590,126897
tilt_k0.2_s0,1789028600,126897
tilt_k0.2_s0,1789028610,126897
tilt_k0.2_s0,1789028621,126897
tilt_k0.2_s0,1789028631,126897
tilt_k0.2_s0,1789028641,126897
tilt_k0.2_s0,1789028651,126897
tilt_k0.2_s0,1789028661,126897
tilt_k0.2_s0,1789028671,126897
tilt_k0.2_s0,1789028681,126897
tilt_k0.2_s0,1789028691,126897
tilt_k0.2_s0,1789028701,126897
tilt_k0.2_s0,1789028711,126897
tilt_k0.2_s0,1789028721,126897
tilt_k0.2_s0,1789028731,126897
tilt_k0.2_s0,1789028741,126897
tilt_k0.2_s0,1789028751,126897
tilt_k0.2_s0,1789028761,126897
tilt_k0.2_s0,1789028771,126897
tilt_k0.2_s0,1789028781,126897
tilt_k0.2_s0,1789028792,126897
tilt_k0.2_s0,1789028802,126897
tilt_k0.2_s0,1789028812,126897
tilt_k0.2_s0,1789028822,126897
tilt_k0.2_s0,1789028832,126897
tilt_k0.2_s0,1789028842,126897
tilt_k0.2_s0,1789028852,126897
tilt_k0.2_s0,1789028862,126897
tilt_k0.2_s0,1789028872,126897
tilt_k0.2_s0,1789028882,126897
tilt_k0.2_s0,1789028892,126897
tilt_k0.2_s0,1789028902,126897
tilt_k0.2_s0,1789028912,126897
tilt_k0.2_s0,1789028922,126897
tilt_k0.2_s0,1789028932,126897
tilt_k0.2_s0,1789028942,126897
tilt_k0.2_s0,1789028952,126897
tilt_k0.2_s0,1789028962,126897
tilt_k0.2_s0,1789028973,126897
tilt_k0.2_s0,1789028983,126897
tilt_k0.2_s0,1789028993,126897
tilt_k0.2_s0,1789029003,126897
tilt_k0.2_s0,1789029013,126897
tilt_k0.2_s0,1789029023,126897
tilt_k0.2_s0,1789029033,126897
tilt_k0.2_s0,1789029043,126897
tilt_k0.2_s0,1789029053,126897
tilt_k0.2_s0,1789029063,126897
tilt_k0.2_s0,1789029073,126897
tilt_k0.2_s0,1789029083,126897
tilt_k0.2_s0,1789029093,126897
tilt_k0.2_s0,1789029103,126897
tilt_k0.2_s0,1789029113,126897
tilt_k0.2_s0,1789029123,126897
tilt_k0.2_s0,1789029133,126897
tilt_k0.2_s0,1789029144,126897
tilt_k0.2_s0,1789029154,126897
tilt_k0.2_s0,1789029164,126897
tilt_k0.2_s0,1789029174,126897
tilt_k0.2_s0,1789029184,126897
tilt_k0.2_s0,1789029194,126897
tilt_k0.2_s0,1789029204,126897
tilt_k0.2_s0,1789029214,126897
tilt_k0.2_s0,1789029224,126897
tilt_k0.2_s0,1789029234,126897
tilt_k0.2_s0,1789029244,126897
tilt_k0.2_s0,1789029254,126897
tilt_k0.2_s0,1789029264,126897
tilt_k0.2_s0,1789029274,126897
tilt_k0.2_s0,1789029284,126897
tilt_k0.2_s0,1789029294,126897
tilt_k0.2_s0,1789029304,126897
tilt_k0.2_s0,1789029314,126897
tilt_k0.2_s0,1789029325,126897
tilt_k0.2_s0,1789029335,126897
tilt_k0.2_s0,1789029345,126897
tilt_k0.2_s0,1789029355,126897
tilt_k0.2_s0,1789029365,126897
tilt_k0.2_s0,1789029375,126897
tilt_k0.2_s0,1789029385,126897
tilt_k0.2_s0,1789029395,126897
tilt_k0.2_s0,1789029405,126897
tilt_k0.2_s0,1789029415,126897
tilt_k0.2_s0,1789029425,126897
tilt_k0.2_s0,1789029435,126897
tilt_k0.2_s0,1789029445,126897
tilt_k0.2_s0,1789029455,126897
tilt_k0.2_s0,1789029465,126897
tilt_k0.2_s0,1789029475,126897
tilt_k0.2_s0,1789029485,126897
tilt_k0.2_s0,1789029496,126897
tilt_k0.2_s0,1789029506,126897
tilt_k0.2_s0,1789029516,126897
tilt_k0.2_s0,1789029526,126897
tilt_k0.2_s0,1789029536,126897
tilt_k0.2_s0,1789029546,126897
tilt_k0.2_s0,1789029556,126897
tilt_k0.2_s0,1789029566,126897
tilt_k0.2_s0,1789029576,126897
tilt_k0.2_s0,1789029586,126897
tilt_k0.2_s0,1789029596,126897
tilt_k0.2_s0,1789029606,126897
tilt_k0.2_s0,1789029616,126897
tilt_k0.2_s0,1789029626,126897
tilt_k0.2_s0,1789029636,126897
tilt_k0.2_s0,1789029646,126897
tilt_k0.2_s0,1789029656,126897
tilt_k0.2_s0,1789029667,126897
tilt_k0.2_s0,1789029677,126897
tilt_k0.2_s0,1789029687,126897
tilt_k0.2_s0,1789029697,126897
tilt_k0.2_s0,1789029707,126897
tilt_k0.2_s0,1789029717,126897
tilt_k0.2_s0,1789029727,126897
tilt_k0.2_s0,1789029737,126897
tilt_k0.2_s0,1789029747,126897
tilt_k0.2_s0,1789029757,126897
tilt_k0.2_s0,1789029767,126897
tilt_k0.2_s0,1789029777,126897
tilt_k0.2_s0,1789029787,126897
tilt_k0.2_s0,1789029797,126897
tilt_k0.2_s0,1789029807,126897
tilt_k0.2_s0,1789029817,126897
tilt_k0.2_s0,1789029827,126897
tilt_k0.2_s0,1789029837,126897
tilt_k0.2_s0,1789029848,126897
tilt_k0.2_s0,1789029858,126897
tilt_k0.2_s0,1789029868,126897
tilt_k0.2_s0,1789029878,126897
tilt_k0.2_s0,1789029888,126897
tilt_k0.2_s0,1789029898,126897
tilt_k0.2_s0,1789029908,126897
tilt_k0.2_s0,1789029918,126897
tilt_k0.2_s0,1789029928,126897
tilt_k0.2_s0,1789029938,126897
tilt_k0.2_s0,1789029948,126897
tilt_k0.2_s0,1789029958,126897
tilt_k0.2_s0,1789029968,126897
tilt_k0.2_s0,1789029978,126897
tilt_k0.2_s0,1789029988,126897
tilt_k0.2_s0,1789029998,126897
tilt_k0.2_s0,1789030008,126897
tilt_k0.2_s0,1789030019,126897
tilt_k0.2_s0,1789030029,126897
tilt_k0.2_s0,1789030039,126897
tilt_k0.2_s0,1789030049,126897
tilt_k0.2_s0,1789030059,126897
tilt_k0.2_s0,1789030069,126897
tilt_k0.2_s0,1789030079,126897
tilt_k0.2_s0,1789030089,126897
tilt_k0.2_s0,1789030099,126897
tilt_k0.2_s0,1789030109,126897
tilt_k0.2_s0,1789030119,126897
tilt_k0.2_s0,1789030129,126897
tilt_k0.2_s0,1789030139,126897
tilt_k0.2_s0,1789030149,126897
tilt_k0.2_s0,1789030159,126897
tilt_k0.2_s0,1789030169,126897
tilt_k0.2_s0,1789030179,126897
tilt_k0.2_s0,1789030189,126897
tilt_k0.2_s0,1789030200,126897
tilt_k0.2_s0,1789030210,126897
tilt_k0.2_s0,1789030220,126897
tilt_k0.2_s0,1789030230,126897
tilt_k0.2_s0,1789030240,126897
tilt_k0.2_s0,1789030250,126897
tilt_k0.2_s0,1789030260,126897
tilt_k0.2_s0,1789030270,126897
tilt_k0.2_s0,1789030280,126897
tilt_k0.2_s0,1789030290,126897
tilt_k0.2_s0,1789030300,126897
tilt_k0.2_s0,1789030310,126897
tilt_k0.2_s0,1789030320,126897
tilt_k0.2_s0,1789030330,126897
tilt_k0.2_s0,1789030340,126897
tilt_k0.2_s0,1789030350,126897
tilt_k0.2_s0,1789030360,126897
tilt_k0.2_s0,1789030371,126897
tilt_k0.2_s0,1789030381,126897
tilt_k0.2_s0,1789030391,126897
tilt_k0.2_s0,1789030401,126897
tilt_k0.2_s0,1789030411,126897
tilt_k0.2_s0,1789030421,126897
tilt_k0.2_s0,1789030431,126897
tilt_k0.2_s0,1789030441,126897
tilt_k0.2_s0,1789030451,126897
tilt_k0.2_s0,1789030461,126897
tilt_k0.2_s0,1789030471,126897
tilt_k0.2_s0,1789030481,126897
tilt_k0.2_s0,1789030491,126897
tilt_k0.2_s0,1789030501,126897
tilt_k0.2_s0,1789030511,126897
tilt_k0.2_s0,1789030521,126897
tilt_k0.2_s0,1789030531,126897
tilt_k0.2_s0,1789030541,126897
tilt_k0.2_s0,1789030552,126897
tilt_k0.2_s0,1789030562,126897
tilt_k0.2_s0,1789030572,126897
tilt_k0.2_s0,1789030582,126897
tilt_k0.2_s0,1789030592,126897
tilt_k0.2_s0,1789030602,126897
tilt_k0.2_s0,1789030612,126897
tilt_k0.2_s0,1789030622,126897
tilt_k0.2_s0,1789030632,126897
tilt_k0.2_s0,1789030642,126897
tilt_k0.2_s0,1789030652,126897
tilt_k0.2_s0,1789030662,126897
tilt_k0.2_s0,1789030672,126897
tilt_k0.2_s0,1789030682,126897
tilt_k0.2_s0,1789030692,126897
tilt_k0.2_s0,1789030702,126897
tilt_k0.2_s0,1789030712,126897
tilt_k0.2_s0,1789030722,126897
tilt_k0.2_s0,1789030733,126897
tilt_k0.2_s0,1789030743,126897
tilt_k0.2_s0,1789030753,126897
tilt_k0.2_s0,1789030763,126897
tilt_k0.2_s0,1789030773,126897
tilt_k0.2_s0,1789030783,126897
tilt_k0.2_s0,1789030793,126897
tilt_k0.2_s0,1789030803,126897
tilt_k0.2_s0,1789030813,126897
tilt_k0.2_s0,1789030823,126897
tilt_k0.2_s0,1789030833,126897
tilt_k0.2_s0,1789030843,126897
tilt_k0.2_s0,1789030853,126897
tilt_k0.2_s0,1789030863,126897
tilt_k0.2_s0,1789030873,126897
tilt_k0.2_s0,1789030883,126897
tilt_k0.2_s0,1789030893,126897
tilt_k0.2_s0,1789030904,126897
tilt_k0.2_s0,1789030914,126897
tilt_k0.2_s0,1789030924,126897
tilt_k0.2_s0,1789030934,126897
tilt_k0.2_s0,1789030944,126897
tilt_k0.2_s0,1789030954,126897
tilt_k0.2_s0,1789030964,126897
tilt_k0.2_s0,1789030974,126897
tilt_k0.2_s0,1789030984,126897
tilt_k0.2_s0,1789030994,126897
tilt_k0.2_s0,1789031004,126897
tilt_k0.2_s0,1789031014,126897
tilt_k0.2_s0,1789031024,126897
tilt_k0.2_s0,1789031034,126897
tilt_k0.2_s0,1789031044,126897
tilt_k0.2_s0,1789031054,126897
tilt_k0.2_s0,1789031064,126897
tilt_k0.2_s0,1789031074,126897
tilt_k0.2_s0,1789031085,126897
tilt_k0.2_s0,1789031095,126897
tilt_k0.2_s0,1789031105,126897
tilt_k0.2_s0,1789031115,126897
tilt_k0.2_s0,1789031125,126897
tilt_k0.2_s0,1789031135,126897
tilt_k0.2_s0,1789031145,126897
tilt_k0.2_s0,1789031155,126897
tilt_k0.2_s0,1789031165,126897
tilt_k0.2_s0,1789031175,126897
tilt_k0.2_s0,1789031185,126897
tilt_k0.2_s0,1789031195,126897
tilt_k0.2_s0,1789031205,126897
tilt_k0.2_s0,1789031215,126897
tilt_k0.2_s0,1789031225,126897
tilt_k0.2_s0,1789031235,126897
tilt_k0.2_s0,1789031245,126897
tilt_k0.2_s0,1789031256,126897
tilt_k0.2_s0,1789031266,126897
tilt_k0.2_s0,1789031276,126897
tilt_k0.2_s0,1789031286,126897
tilt_k0.2_s0,1789031296,126897
tilt_k0.2_s0,1789031306,126897
tilt_k0.2_s0,1789031316,126897
tilt_k0.2_s0,1789031326,126897
tilt_k0.2_s0,1789031336,126897
tilt_k0.2_s0,1789031346,126897
tilt_k0.2_s0,1789031356,126897
tilt_k0.2_s0,1789031366,126897
tilt_k0.2_s0,1789031376,126897
tilt_k0.2_s0,1789031386,126897
tilt_k0.2_s0,1789031396,126897
tilt_k0.2_s0,1789031406,126897
tilt_k0.2_s0,1789031416,126897
tilt_k0.2_s0,1789031426,126897
tilt_k0.2_s0,1789031437,126897
tilt_k0.2_s0,1789031447,126897
tilt_k0.2_s0,1789031457,126897
tilt_k0.2_s0,1789031467,126897
tilt_k0.2_s0,1789031477,126897
tilt_k0.2_s0,1789031487,126897
tilt_k0.2_s0,1789031497,126897
tilt_k0.2_s0,1789031507,126897
tilt_k0.2_s0,1789031517,126897
tilt_k0.2_s0,1789031527,126897
tilt_k0.2_s0,1789031537,126897
tilt_k0.2_s0,1789031547,126897
tilt_k0.2_s0,1789031557,126897
tilt_k0.2_s0,1789031567,126897
tilt_k0.2_s0,1789031577,126897
tilt_k0.2_s0,1789031587,126897
tilt_k0.2_s0,1789031597,126897
tilt_k0.2_s0,1789031607,126897
tilt_k0.2_s0,1789031618,126897
tilt_k0.2_s0,1789031628,126897
tilt_k0.2_s0,1789031638,126897
tilt_k0.2_s0,1789031648,126897
tilt_k0.2_s0,1789031658,126897
tilt_k0.2_s0,1789031668,126897
tilt_k0.2_s0,1789031678,126897
tilt_k0.2_s0,1789031688,126897
tilt_k0.2_s0,1789031698,126897
tilt_k0.2_s0,1789031708,126897
tilt_k0.2_s0,1789031718,126897
tilt_k0.2_s0,1789031728,126897
tilt_k0.2_s0,1789031738,126897
tilt_k0.2_s0,1789031748,126897
tilt_k0.2_s0,1789031758,126897
tilt_k0.2_s0,1789031768,126897
tilt_k0.2_s0,1789031778,126897
tilt_k0.2_s0,1789031789,126897
tilt_k0.2_s0,1789031799,126897
tilt_k0.2_s0,1789031809,126897
tilt_k0.2_s0,1789031819,126897
tilt_k0.2_s0,1789031829,126897
tilt_k0.2_s0,1789031839,126897
tilt_k0.2_s0,1789031849,126897
tilt_k0.2_s0,1789031859,126897
tilt_k0.2_s0,1789031869,126897
tilt_k0.2_s0,1789031879,126897
tilt_k0.2_s0,1789031889,126897
tilt_k0.2_s0,1789031899,126897
tilt_k0.2_s0,1789031909,126897
tilt_k0.2_s0,1789031919,126897
tilt_k0.2_s0,1789031929,126897
tilt_k0.2_s0,1789031939,126897
tilt_k0.2_s0,1789031949,126897
tilt_k0.2_s0,1789031960,126897
tilt_k0.2_s0,1789031970,126897
tilt_k0.2_s0,1789031980,126897
tilt_k0.2_s0,1789031990,126897
tilt_k0.2_s0,1789032000,126897
tilt_k0.2_s0,1789032010,126897
tilt_k0.2_s0,1789032020,126897
tilt_k0.2_s0,1789032030,126897
tilt_k0.2_s0,1789032040,126897
tilt_k0.2_s0,1789032050,126897
tilt_k0.2_s0,1789032060,126897
tilt_k0.2_s0,1789032070,126897
tilt_k0.2_s0,1789032080,126897
tilt_k0.2_s0,1789032090,126897
tilt_k0.2_s0,1789032100,126897
tilt_k0.2_s0,1789032110,126897
tilt_k0.2_s0,1789032120,126897
tilt_k0.2_s0,1789032130,126897
tilt_k0.2_s0,1789032141,126897
tilt_k0.2_s0,1789032151,126897
tilt_k0.2_s0,1789032161,126897
tilt_k0.2_s0,1789032171,126897
tilt_k0.2_s0,1789032181,126897
tilt_k0.2_s0,1789032191,126897
tilt_k0.2_s0,1789032201,126897
tilt_k0.2_s0,1789032211,126897
tilt_k0.2_s0,1789032221,126897
tilt_k0.2_s0,1789032231,126897
tilt_k0.2_s0,1789032241,126897
tilt_k0.2_s0,1789032251,126897
tilt_k0.2_s0,1789032261,126897
tilt_k0.2_s0,1789032271,126897
tilt_k0.2_s0,1789032281,126897
tilt_k0.2_s0,1789032291,126897
tilt_k0.2_s0,1789032301,126897
tilt_k0.2_s0,1789032311,126897
tilt_k0.2_s0,1789032322,126897
tilt_k0.2_s0,1789032332,126897
tilt_k0.2_s0,1789032342,126897
tilt_k0.2_s0,1789032352,126897
tilt_k0.2_s0,1789032362,126897
tilt_k0.2_s0,1789032372,126897
tilt_k0.2_s0,1789032382,126897
tilt_k0.2_s0,1789032392,126897
tilt_k0.2_s0,1789032402,126897
tilt_k0.2_s0,1789032412,126897
tilt_k0.2_s0,1789032422,126897
tilt_k0.2_s0,1789032432,126897
tilt_k0.2_s0,1789032442,126897
tilt_k0.2_s0,1789032452,126897
tilt_k0.2_s0,1789032462,126897
tilt_k0.2_s0,1789032472,126897
tilt_k0.2_s0,1789032482,126897
tilt_k0.2_s0,1789032493,126897
tilt_k0.2_s0,1789032503,126897
tilt_k0.2_s0,1789032513,126897
tilt_k0.2_s0,1789032523,126897
tilt_k0.2_s0,1789032533,126897
tilt_k0.2_s0,1789032543,126897
tilt_k0.2_s0,1789032553,126897
tilt_k0.2_s0,1789032563,126897
tilt_k0.2_s0,1789032573,126897
tilt_k0.2_s0,1789032583,126897
tilt_k0.2_s0,1789032593,126897
tilt_k0.2_s0,1789032603,126897
tilt_k0.2_s0,1789032613,126897
tilt_k0.2_s0,1789032623,126897
tilt_k0.2_s0,1789032633,126897
tilt_k0.2_s0,1789032643,126897
tilt_k0.2_s0,1789032653,126897
tilt_k0.2_s0,1789032663,126897
tilt_k0.2_s0,1789032674,126897
tilt_k0.2_s0,1789032684,126897
tilt_k0.2_s0,1789032694,126897
tilt_k0.2_s0,1789032704,126897
tilt_k0.2_s0,1789032714,126897
tilt_k0.2_s0,1789032724,126897
tilt_k0.2_s0,1789032734,126897
tilt_k0.2_s0,1789032744,126897
tilt_k0.2_s0,1789032754,126897
tilt_k0.2_s0,1789032764,126897
tilt_k0.2_s0,1789032774,126897
tilt_k0.2_s0,1789032784,126897
tilt_k0.2_s0,1789032794,126897
tilt_k0.2_s0,1789032804,126897
tilt_k0.2_s0,1789032814,126897
tilt_k0.2_s0,1789032824,126897
tilt_k0.2_s0,1789032834,126897
tilt_k0.2_s0,1789032845,126897
tilt_k0.2_s0,1789032855,126897
tilt_k0.2_s0,1789032865,126897
tilt_k0.2_s0,1789032875,126897
tilt_k0.2_s0,1789032885,126897
tilt_k0.2_s0,1789032895,126897
tilt_k0.2_s0,1789032905,126897
tilt_k0.2_s0,1789032915,126897
tilt_k0.2_s0,1789032925,126897
tilt_k0.2_s0,1789032935,126897
tilt_k0.2_s0,1789032945,126897
tilt_k0.2_s0,1789032955,126897
tilt_k0.2_s0,1789032965,126897
tilt_k0.2_s0,1789032975,126897
tilt_k0.2_s0,1789032985,126897
tilt_k0.2_s0,1789032995,126897
tilt_k0.2_s0,1789033005,126897
tilt_k0.2_s0,1789033015,126897
tilt_k0.2_s0,1789033026,126897
tilt_k0.2_s0,1789033036,126897
tilt_k0.2_s0,1789033046,126897
tilt_k0.2_s0,1789033056,126897
tilt_k0.2_s0,1789033066,126897
tilt_k0.2_s0,1789033076,126897
tilt_k0.2_s0,1789033086,126897
tilt_k0.2_s0,1789033096,126897
tilt_k0.2_s0,1789033106,126897
tilt_k0.2_s0,1789033116,126897
tilt_k0.2_s0,1789033126,126897
tilt_k0.2_s0,1789033136,126897
tilt_k0.2_s0,1789033146,126897
tilt_k0.2_s0,1789033156,126897
tilt_k0.2_s0,1789033166,126897
tilt_k0.2_s0,1789033176,126897
tilt_k0.2_s0,1789033187,126897
tilt_k0.2_s0,1789033197,126897
tilt_k0.2_s0,1789033207,126897
tilt_k0.2_s0,1789033217,126897
tilt_k0.2_s0,1789033227,126897
tilt_k0.2_s0,1789033237,126897
tilt_k0.2_s0,1789033247,126897
tilt_k0.2_s0,1789033257,126897
tilt_k0.2_s0,1789033267,126897
tilt_k0.2_s0,1789033277,126897
tilt_k0.2_s0,1789033287,126897
tilt_k0.2_s0,1789033297,126897
tilt_k0.2_s0,1789033307,126897
tilt_k0.2_s0,1789033317,126897
tilt_k0.2_s0,1789033327,126897
tilt_k0.2_s0,1789033337,126897
tilt_k0.2_s0,1789033347,126897
tilt_k0.2_s0,1789033358,126897
tilt_k0.2_s0,1789033368,126897
tilt_k0.2_s0,1789033378,126897
tilt_k0.2_s0,1789033388,126897
tilt_k0.2_s0,1789033398,126897
tilt_k0.2_s0,1789033408,126897
tilt_k0.2_s0,1789033418,126897
tilt_k0.2_s0,1789033428,126897
tilt_k0.2_s0,1789033438,126897
tilt_k0.2_s0,1789033448,126897
tilt_k0.2_s0,1789033458,126897
tilt_k0.2_s0,1789033468,126897
tilt_k0.2_s0,1789033478,126897
tilt_k0.2_s0,1789033488,126897
tilt_k0.2_s0,1789033498,126897
tilt_k0.2_s0,1789033508,126897
tilt_k0.2_s0,1789033518,126897
tilt_k0.2_s0,1789033529,126897
tilt_k0.2_s0,1789033539,126897
tilt_k0.2_s0,1789033549,126897
tilt_k0.2_s0,1789033559,126897
tilt_k0.2_s0,1789033569,126897
tilt_k0.2_s0,1789033579,126897
tilt_k0.2_s0,1789033589,126897
tilt_k0.2_s0,1789033599,126897
tilt_k0.2_s0,1789033609,126897
tilt_k0.2_s0,1789033619,126897
tilt_k0.2_s0,1789033629,126897
tilt_k0.2_s0,1789033639,126897
tilt_k0.2_s0,1789033649,126897
tilt_k0.2_s0,1789033659,126897
tilt_k0.2_s0,1789033669,126897
tilt_k0.2_s0,1789033679,126897
tilt_k0.2_s0,1789033689,126897
tilt_k0.2_s0,1789033700,126897
tilt_k0.2_s0,1789033710,126897
tilt_k0.2_s0,1789033720,126897
tilt_k0.2_s0,1789033730,126897
tilt_k0.2_s0,1789033740,126897
tilt_k0.2_s0,1789033750,126897
tilt_k0.2_s0,1789033760,126897
tilt_k0.2_s0,1789033770,126897
tilt_k0.2_s0,1789033780,126897
tilt_k0.2_s0,1789033790,126897
tilt_k0.2_s0,1789033800,126897
tilt_k0.2_s0,1789033810,126897
tilt_k0.2_s0,1789033820,126897
tilt_k0.2_s0,1789033830,126897
tilt_k0.2_s0,1789033840,126897
tilt_k0.2_s0,1789033850,126897
tilt_k0.2_s0,1789033860,126897
tilt_k0.2_s0,1789033870,126897
tilt_k0.2_s0,1789033881,126897
tilt_k0.2_s0,1789033891,126897
tilt_k0.2_s0,1789033901,126897
tilt_k0.2_s0,1789033911,126897
tilt_k0.2_s0,1789033921,126897
tilt_k0.2_s0,1789033931,126897
tilt_k0.2_s0,1789033941,126897
tilt_k0.2_s0,1789033951,126897
tilt_k0.2_s0,1789033961,126897
tilt_k0.2_s0,1789033971,126897
tilt_k0.2_s0,1789033981,126897
tilt_k0.2_s0,1789033991,126897
tilt_k0.2_s0,1789034001,126897
tilt_k0.2_s0,1789034011,126897
tilt_k0.2_s0,1789034021,126897
tilt_k0.2_s0,1789034031,126897
tilt_k0.2_s0,1789034041,126897
tilt_k0.2_s0,1789034052,126897
tilt_k0.2_s0,1789034062,126897
tilt_k0.2_s0,1789034072,126897
tilt_k0.2_s0,1789034082,126897
tilt_k0.2_s0,1789034092,126897
tilt_k0.2_s0,1789034102,126897
tilt_k0.2_s0,1789034112,126897
tilt_k0.2_s0,1789034122,126897
tilt_k0.2_s0,1789034132,126897
tilt_k0.2_s0,1789034142,126897
tilt_k0.2_s0,1789034152,126897
tilt_k0.2_s0,1789034162,126897
tilt_k0.2_s0,1789034172,126897
tilt_k0.2_s0,1789034182,126897
tilt_k0.2_s0,1789034192,126897
tilt_k0.2_s0,1789034202,126897
tilt_k0.2_s0,1789034212,126897
tilt_k0.2_s0,1789034223,126897
tilt_k0.2_s0,1789034233,126897
tilt_k0.2_s0,1789034243,126897
tilt_k0.2_s0,1789034253,126897
tilt_k0.2_s0,1789034263,126897
tilt_k0.2_s0,1789034273,126897
tilt_k0.2_s0,1789034283,126897
tilt_k0.2_s0,1789034293,126897
tilt_k0.2_s0,1789034303,126897
tilt_k0.2_s0,1789034313,126897
tilt_k0.2_s0,1789034323,126897
tilt_k0.2_s0,1789034333,126897
tilt_k0.2_s0,1789034343,126897
tilt_k0.2_s0,1789034353,126897
tilt_k0.2_s0,1789034363,126897
tilt_k0.2_s0,1789034373,126897
tilt_k0.2_s0,1789034383,126897
tilt_k0.2_s0,1789034394,126897
tilt_k0.2_s0,1789034404,126897
tilt_k0.2_s0,1789034414,126897
tilt_k0.2_s0,1789034424,126897
tilt_k0.2_s0,1789034434,126897
tilt_k0.2_s0,1789034444,126897
tilt_k0.2_s0,1789034454,126897
tilt_k0.2_s0,1789034464,126897
tilt_k0.2_s0,1789034474,126897
tilt_k0.2_s0,1789034484,126897
tilt_k0.2_s0,1789034494,126897
tilt_k0.2_s0,1789034504,126897
tilt_k0.2_s0,1789034514,126897
tilt_k0.2_s0,1789034524,126897
tilt_k0.2_s0,1789034534,126897
tilt_k0.2_s0,1789034544,126897
tilt_k0.2_s0,1789034554,126897
tilt_k0.2_s0,1789034565,126897
tilt_k0.2_s0,1789034575,126897
tilt_k0.2_s0,1789034585,126897
tilt_k0.2_s0,1789034595,126897
tilt_k0.2_s0,1789034605,126897
tilt_k0.2_s0,1789034615,126897
tilt_k0.2_s0,1789034625,126897
tilt_k0.2_s0,1789034635,126897
tilt_k0.2_s0,1789034645,126897
tilt_k0.2_s0,1789034655,126897
tilt_k0.2_s0,1789034665,126897
tilt_k0.2_s0,1789034675,126897
tilt_k0.2_s0,1789034685,126897
tilt_k0.2_s0,1789034695,126897
tilt_k0.2_s0,1789034705,126897
tilt_k0.2_s0,1789034715,126897
tilt_k0.2_s0,1789034725,126897
tilt_k0.2_s0,1789034735,126897
tilt_k0.2_s0,1789034746,126897
tilt_k0.2_s0,1789034756,126897
tilt_k0.2_s0,1789034766,126897
tilt_k0.2_s0,1789034776,126897
tilt_k0.2_s0,1789034786,126897
tilt_k0.2_s0,1789034796,126897
tilt_k0.2_s0,1789034806,126897
tilt_k0.2_s0,1789034816,126897
tilt_k0.2_s0,1789034826,126897
tilt_k0.2_s0,1789034836,126897
tilt_k0.2_s0,1789034846,126897
tilt_k0.2_s0,1789034856,126897
tilt_k0.2_s0,1789034866,126897
tilt_k0.2_s0,1789034876,126897
tilt_k0.2_s0,1789034886,126897
tilt_k0.2_s0,1789034896,126897
tilt_k0.2_s0,1789034906,126897
tilt_k0.2_s0,1789034917,126897
tilt_k0.2_s0,1789034927,126897
tilt_k0.2_s0,1789034937,126897
tilt_k0.2_s0,1789034947,126897
tilt_k0.2_s0,1789034957,126897
tilt_k0.2_s0,1789034967,126897
tilt_k0.2_s0,1789034977,126897
tilt_k0.2_s0,1789034987,126897
tilt_k0.2_s0,1789034997,126897
tilt_k0.2_s0,1789035007,126897
tilt_k0.2_s0,1789035017,126897
tilt_k0.2_s0,1789035027,126897
tilt_k0.2_s0,1789035037,126897
tilt_k0.2_s0,1789035047,126897
tilt_k0.2_s0,1789035057,126897
tilt_k0.2_s0,1789035067,126897
tilt_k0.2_s0,1789035077,126897
tilt_k0.2_s0,1789035088,126897
tilt_k0.2_s0,1789035098,126897
tilt_k0.2_s0,1789035108,126897
tilt_k0.2_s0,1789035118,126897
tilt_k0.2_s0,1789035128,126897
tilt_k0.2_s0,1789035138,126897
tilt_k0.2_s0,1789035148,126897
tilt_k0.2_s0,1789035158,126897
tilt_k0.2_s0,1789035168,126897
tilt_k0.2_s0,1789035178,126897
tilt_k0.2_s0,1789035188,126897
tilt_k0.2_s0,1789035198,126897
tilt_k0.2_s0,1789035208,126897
tilt_k0.2_s0,1789035218,126897
tilt_k0.2_s0,1789035228,126897
tilt_k0.2_s0,1789035238,126897
tilt_k0.2_s0,1789035248,126897
tilt_k0.2_s0,1789035259,126897
tilt_k0.2_s0,1789035269,126897
tilt_k0.2_s0,1789035279,126897
tilt_k0.2_s0,1789035289,126897
tilt_k0.2_s0,1789035299,126897
tilt_k0.2_s0,1789035309,126897
tilt_k0.2_s0,1789035319,126897
tilt_k0.2_s0,1789035329,126897
tilt_k0.2_s0,1789035339,126897
tilt_k0.2_s0,1789035349,126897
tilt_k0.2_s0,1789035359,126897
tilt_k0.2_s0,1789035369,126897
tilt_k0.2_s0,1789035379,126897
tilt_k0.2_s0,1789035389,126897
tilt_k0.2_s0,1789035399,126897
tilt_k0.2_s0,1789035409,126897
tilt_k0.2_s0,1789035419,126897
tilt_k0.2_s0,1789035430,126897
tilt_k0.2_s0,1789035440,126897
tilt_k0.2_s0,1789035450,126897
tilt_k0.2_s0,1789035460,126897
tilt_k0.2_s0,1789035470,126897
tilt_k0.2_s0,1789035480,126897
tilt_k0.2_s0,1789035490,126897
tilt_k0.2_s0,1789035500,126897
tilt_k0.2_s0,1789035510,126897
tilt_k0.2_s0,1789035520,126897
tilt_k0.2_s0,1789035530,126897
tilt_k0.2_s0,1789035540,126897
tilt_k0.2_s0,1789035550,126897
tilt_k0.2_s0,1789035560,126897
tilt_k0.2_s0,1789035570,126897
tilt_k0.2_s0,1789035580,126897
tilt_k0.2_s0,1789035590,126897
tilt_k0.2_s0,1789035601,126897
tilt_k0.2_s0,1789035611,126897
tilt_k0.2_s0,1789035621,126897
tilt_k0.2_s0,1789035631,126897
tilt_k0.2_s0,1789035641,126897
tilt_k0.2_s0,1789035651,126897
tilt_k0.2_s0,1789035661,126897
tilt_k0.2_s0,1789035671,126897
tilt_k0.2_s0,1789035681,126897
tilt_k0.2_s0,1789035691,126897
tilt_k0.2_s0,1789035701,126897
tilt_k0.2_s0,1789035711,126897
tilt_k0.2_s0,1789035721,126897
tilt_k0.2_s0,1789035731,126897
tilt_k0.2_s0,1789035741,126897
tilt_k0.2_s0,1789035751,126897
tilt_k0.2_s0,1789035761,126897
tilt_k0.2_s0,1789035772,126897
tilt_k0.2_s0,1789035782,126897
tilt_k0.2_s0,1789035792,126897
tilt_k0.2_s0,1789035802,126897
tilt_k0.2_s0,1789035812,126897
tilt_k0.2_s0,1789035822,126897
tilt_k0.2_s0,1789035832,126897
tilt_k0.2_s0,1789035842,126897
tilt_k0.2_s0,1789035852,126897
tilt_k0.2_s0,1789035862,126897
tilt_k0.2_s0,1789035872,126897
tilt_k0.2_s0,1789035882,126897
tilt_k0.2_s0,1789035892,126897
tilt_k0.2_s0,1789035902,126897
tilt_k0.2_s0,1789035912,126897
tilt_k0.2_s0,1789035922,126897
tilt_k0.2_s0,1789035932,126897
tilt_k0.2_s0,1789035942,126897
tilt_k0.2_s0,1789035953,126897
tilt_k0.2_s0,1789035963,126897
tilt_k0.2_s0,1789035973,126897
tilt_k0.2_s0,1789035983,126897
tilt_k0.2_s0,1789035993,126897
tilt_k0.2_s0,1789036003,126897
tilt_k0.2_s0,1789036013,126897
tilt_k0.2_s0,1789036023,126897
tilt_k0.2_s0,1789036033,126897
tilt_k0.2_s0,1789036043,126897
tilt_k0.2_s0,1789036053,126897
tilt_k0.2_s0,1789036063,126897
tilt_k0.2_s0,1789036073,126897
tilt_k0.2_s0,1789036083,126897
tilt_k0.2_s0,1789036093,126897
tilt_k0.2_s0,1789036103,126897
tilt_k0.2_s0,1789036113,126897
tilt_k0.2_s0,1789036124,126897
tilt_k0.2_s0,1789036134,126897
tilt_k0.2_s0,1789036144,126897
tilt_k0.2_s0,1789036154,126897
tilt_k0.2_s0,1789036164,126897
tilt_k0.2_s0,1789036174,126897
tilt_k0.2_s0,1789036184,126897
tilt_k0.2_s0,1789036194,126897
tilt_k0.2_s0,1789036204,126897
tilt_k0.2_s0,1789036214,126897
tilt_k0.2_s0,1789036224,126897
tilt_k0.2_s0,1789036234,126897
tilt_k0.2_s0,1789036244,126897
tilt_k0.2_s0,1789036254,126897
tilt_k0.2_s0,1789036264,126897
tilt_k0.2_s0,1789036274,126897
tilt_k0.2_s0,1789036284,126897
tilt_k0.2_s0,1789036294,126897
tilt_k0.2_s0,1789036305,126897
tilt_k0.2_s0,1789036315,126897
tilt_k0.2_s0,1789036325,126897
tilt_k0.2_s0,1789036335,126897
tilt_k0.2_s0,1789036345,126897
tilt_k0.2_s0,1789036355,126897
tilt_k0.2_s0,1789036365,126897
tilt_k0.2_s0,1789036375,126897
tilt_k0.2_s0,1789036385,126897
tilt_k0.2_s0,1789036395,126897
tilt_k0.2_s0,1789036405,126897
tilt_k0.2_s0,1789036415,126897
tilt_k0.2_s0,1789036425,126897
tilt_k0.2_s0,1789036435,126897
tilt_k0.2_s0,1789036445,126897
tilt_k0.2_s0,1789036455,126897
tilt_k0.2_s0,1789036465,126897
tilt_k0.2_s0,1789036475,126897
tilt_k0.2_s0,1789036486,126897
tilt_k0.2_s0,1789036496,126897
tilt_k0.2_s0,1789036506,126897
tilt_k0.2_s0,1789036516,126897
tilt_k0.2_s0,1789036526,126897
tilt_k0.2_s0,1789036536,126897
tilt_k0.2_s0,1789036546,126897
tilt_k0.2_s0,1789036556,126897
tilt_k0.2_s0,1789036566,126897
tilt_k0.2_s0,1789036576,126897
tilt_k0.2_s0,1789036586,126897
tilt_k0.2_s0,1789036596,126897
tilt_k0.2_s0,1789036606,126897
tilt_k0.2_s0,1789036616,126897
tilt_k0.2_s0,1789036626,126897
tilt_k0.2_s0,1789036636,126897
tilt_k0.2_s0,1789036646,126897
tilt_k0.2_s0,1789036657,126897
tilt_k0.2_s0,1789036667,126897
tilt_k0.2_s0,1789036677,126897
tilt_k0.2_s0,1789036687,126897
tilt_k0.2_s0,1789036697,126897
tilt_k0.2_s0,1789036707,126897
tilt_k0.2_s0,1789036717,126897
tilt_k0.2_s0,1789036727,126897
tilt_k0.2_s0,1789036737,126897
tilt_k0.2_s0,1789036747,126897
tilt_k0.2_s0,1789036757,126897
tilt_k0.2_s0,1789036767,126897
tilt_k0.2_s0,1789036777,126897
tilt_k0.2_s0,1789036787,126897
tilt_k0.2_s0,1789036797,126897
tilt_k0.2_s0,1789036807,126897
tilt_k0.2_s0,1789036817,126897
tilt_k0.2_s0,1789036827,126897
tilt_k0.2_s0,1789036838,126897
tilt_k0.2_s0,1789036848,126897
tilt_k0.2_s0,1789036858,126897
tilt_k0.2_s0,1789036868,126897
tilt_k0.2_s0,1789036878,126897
tilt_k0.2_s0,1789036888,126897
tilt_k0.2_s0,1789036898,126897
tilt_k0.2_s0,1789036908,126897
tilt_k0.2_s0,1789036918,126897
tilt_k0.2_s0,1789036928,126897
tilt_k0.2_s0,1789036938,126897
tilt_k0.2_s0,1789036948,126897
tilt_k0.2_s0,1789036958,126897
tilt_k0.2_s0,1789036968,126897
tilt_k0.2_s0,1789036978,126897
tilt_k0.2_s0,1789036988,126897
tilt_k0.2_s0,1789036998,126897
tilt_k0.2_s0,1789037008,126897
tilt_k0.2_s0,1789037019,126897
tilt_k0.2_s0,1789037029,126897
tilt_k0.2_s0,1789037039,126897
tilt_k0.2_s0,1789037049,126897
tilt_k0.2_s0,1789037059,126897
tilt_k0.2_s0,1789037069,126897
tilt_k0.2_s0,1789037079,126897
tilt_k0.2_s0,1789037089,126897
tilt_k0.2_s0,1789037099,126897
tilt_k0.2_s0,1789037109,126897
tilt_k0.2_s0,1789037119,126897
tilt_k0.2_s0,1789037129,126897
tilt_k0.2_s0,1789037139,126897
tilt_k0.2_s0,1789037149,126897
tilt_k0.2_s0,1789037159,126897
tilt_k0.2_s0,1789037169,126897
tilt_k0.2_s0,1789037179,126897
tilt_k0.2_s0,1789037190,126897
tilt_k0.2_s0,1789037200,126897
tilt_k0.2_s0,1789037210,126897
tilt_k0.2_s0,1789037220,126897
tilt_k0.2_s0,1789037230,126897
tilt_k0.2_s0,1789037240,126897
tilt_k0.2_s0,1789037250,126897
tilt_k0.2_s0,1789037260,126897
tilt_k0.2_s0,1789037270,126897
tilt_k0.2_s0,1789037280,126897
tilt_k0.2_s0,1789037290,126897
tilt_k0.2_s0,1789037300,126897
tilt_k0.2_s0,1789037310,126897
tilt_k0.2_s0,1789037320,126897
tilt_k0.2_s0,1789037330,126897
tilt_k0.2_s0,1789037340,126897
tilt_k0.2_s0,1789037350,126897
tilt_k0.2_s0,1789037360,126897
tilt_k0.2_s0,1789037371,126897
tilt_k0.2_s0,1789037381,126897
tilt_k0.2_s0,1789037391,126897
tilt_k0.2_s0,1789037401,126897
tilt_k0.2_s0,1789037411,126897
tilt_k0.2_s0,1789037421,126897
tilt_k0.2_s0,1789037431,126897
tilt_k0.2_s0,1789037441,126897
tilt_k0.2_s0,1789037451,126897
tilt_k0.2_s0,1789037461,126897
tilt_k0.2_s0,1789037471,126897
tilt_k0.2_s0,1789037481,126897
tilt_k0.2_s0,1789037491,126897
tilt_k0.2_s0,1789037501,126897
tilt_k0.2_s0,1789037511,126897
tilt_k0.2_s0,1789037521,126897
tilt_k0.2_s0,1789037531,126897
tilt_k0.2_s0,1789037542,126897
tilt_k0.2_s0,1789037552,126897
tilt_k0.2_s0,1789037562,126897
tilt_k0.2_s0,1789037572,126897
tilt_k0.2_s0,1789037582,126897
tilt_k0.2_s0,1789037592,126897
tilt_k0.2_s0,1789037602,126897
tilt_k0.2_s0,1789037612,126897
tilt_k0.2_s0,1789037622,126897
tilt_k0.2_s0,1789037632,126897
tilt_k0.2_s0,1789037642,126897
tilt_k0.2_s0,1789037652,126897
tilt_k0.2_s0,1789037662,126897
tilt_k0.2_s0,1789037672,126897
tilt_k0.2_s0,1789037682,126897
tilt_k0.2_s0,1789037692,126897
tilt_k0.2_s0,1789037702,126897
tilt_k0.2_s0,1789037712,126897
tilt_k0.2_s0,1789037723,126897
tilt_k0.2_s0,1789037733,126897
tilt_k0.2_s0,1789037743,126897
tilt_k0.2_s0,1789037753,126897
tilt_k0.2_s0,1789037763,126897
tilt_k0.2_s0,1789037773,126897
tilt_k0.2_s0,1789037783,126897
tilt_k0.2_s0,1789037793,126897
tilt_k0.2_s0,1789037803,126897
tilt_k0.2_s0,1789037813,126897
tilt_k0.2_s0,1789037823,126897
tilt_k0.2_s0,1789037833,126897
tilt_k0.2_s0,1789037843,126897
tilt_k0.2_s0,1789037853,126897
tilt_k0.2_s0,1789037863,126897
tilt_k0.2_s0,1789037873,126897
tilt_k0.2_s0,1789037883,126897
tilt_k0.2_s0,1789037893,126897
tilt_k0.2_s0,1789037904,126897
tilt_k0.2_s0,1789037914,126897
tilt_k0.2_s0,1789037924,126897
tilt_k0.2_s0,1789037934,126897
tilt_k0.2_s0,1789037944,126897
tilt_k0.2_s0,1789037954,126897
tilt_k0.2_s0,1789037964,126897
tilt_k0.2_s0,1789037974,126897
tilt_k0.2_s0,1789037984,126897
tilt_k0.2_s0,1789037994,126897
tilt_k0.2_s0,1789038004,126897
tilt_k0.2_s0,1789038014,126897
tilt_k0.2_s0,1789038024,126897
tilt_k0.2_s0,1789038034,126897
tilt_k0.2_s0,1789038044,126897
tilt_k0.2_s0,1789038054,126897
tilt_k0.2_s0,1789038064,126897
tilt_k0.2_s0,1789038075,126897
tilt_k0.2_s0,1789038085,126897
tilt_k0.2_s0,1789038095,126897
tilt_k0.2_s0,1789038105,126897
tilt_k0.2_s0,1789038115,126897
tilt_k0.2_s0,1789038125,126897
tilt_k0.2_s0,1789038135,126897
tilt_k0.2_s0,1789038145,126897
tilt_k0.2_s0,1789038155,126897
tilt_k0.2_s0,1789038165,126897
tilt_k0.2_s0,1789038175,126897
tilt_k0.2_s0,1789038185,126897
tilt_k0.2_s0,1789038195,126897
tilt_k0.2_s0,1789038205,126897
tilt_k0.2_s0,1789038215,126897
tilt_k0.2_s0,1789038225,126897
tilt_k0.2_s0,1789038235,126897
tilt_k0.2_s0,1789038245,126897
tilt_k0.2_s0,1789038256,126897
tilt_k0.2_s0,1789038266,126897
tilt_k0.2_s0,1789038276,126897
tilt_k0.2_s0,1789038286,126897
tilt_k0.2_s0,1789038296,126897
tilt_k0.2_s0,1789038306,126897
tilt_k0.2_s0,1789038316,126897
tilt_k0.2_s0,1789038326,126897
tilt_k0.2_s0,1789038336,126897
tilt_k0.2_s0,1789038346,126897
tilt_k0.2_s0,1789038356,126897
tilt_k0.2_s0,1789038366,126897
tilt_k0.2_s0,1789038376,126897
tilt_k0.2_s0,1789038386,126897
tilt_k0.2_s0,1789038396,126897
tilt_k0.2_s0,1789038406,126897
tilt_k0.2_s0,1789038416,126897
tilt_k0.2_s0,1789038426,126897
tilt_k0.2_s0,1789038437,126897
tilt_k0.2_s0,1789038447,126897
tilt_k0.2_s0,1789038457,126897
tilt_k0.2_s0,1789038467,126897
tilt_k0.2_s0,1789038477,126897
tilt_k0.2_s0,1789038487,126897
tilt_k0.2_s0,1789038497,126897
tilt_k0.2_s0,1789038507,126897
tilt_k0.2_s0,1789038517,126897
tilt_k0.2_s0,1789038527,126897
tilt_k0.2_s0,1789038537,126897
tilt_k0.2_s0,1789038547,126897
tilt_k0.2_s0,1789038557,126897
tilt_k0.2_s0,1789038567,126897
tilt_k0.2_s0,1789038577,126897
tilt_k0.2_s0,1789038587,126897
tilt_k0.2_s0,1789038597,126897
tilt_k0.2_s0,1789038608,126897
tilt_k0.2_s0,1789038618,126897
tilt_k0.2_s0,1789038628,126897
tilt_k0.2_s0,1789038638,126897
tilt_k0.2_s0,1789038648,126897
tilt_k0.2_s0,1789038658,126897
tilt_k0.2_s0,1789038668,126897
tilt_k0.2_s0,1789038678,126897
tilt_k0.2_s0,1789038688,126897
tilt_k0.2_s0,1789038698,126897
tilt_k0.2_s0,1789038708,126897
tilt_k0.2_s0,1789038718,126897
tilt_k0.2_s0,1789038728,126897
tilt_k0.2_s0,1789038738,126897
tilt_k0.2_s0,1789038748,126897
tilt_k0.2_s0,1789038758,126897
tilt_k0.2_s0,1789038768,126897
tilt_k0.2_s0,1789038778,126897
tilt_k0.2_s0,1789038789,126897
tilt_k0.2_s0,1789038799,126897
tilt_k0.2_s0,1789038809,126897
tilt_k0.2_s0,1789038819,126897
tilt_k0.2_s0,1789038829,126897
tilt_k0.2_s0,1789038839,126897
tilt_k0.2_s0,1789038849,126897
tilt_k0.2_s0,1789038859,126897
tilt_k0.2_s0,1789038869,126897
tilt_k0.2_s0,1789038879,126897
tilt_k0.2_s0,1789038889,126897
tilt_k0.2_s0,1789038899,126897
tilt_k0.2_s0,1789038909,126897
tilt_k0.2_s0,1789038919,126897
tilt_k0.2_s0,1789038929,126897
tilt_k0.2_s0,1789038939,126897
tilt_k0.2_s0,1789038949,126897
tilt_k0.2_s0,1789038960,126897
tilt_k0.2_s0,1789038970,126897
tilt_k0.2_s0,1789038980,126897
tilt_k0.2_s0,1789038990,126897
tilt_k0.2_s0,1789039000,126897
tilt_k0.2_s0,1789039010,126897
tilt_k0.2_s0,1789039020,126897
tilt_k0.2_s0,1789039030,126897
tilt_k0.2_s0,1789039040,126897
tilt_k0.2_s0,1789039050,126897
tilt_k0.2_s0,1789039060,126897
tilt_k0.2_s0,1789039070,126897
tilt_k0.2_s0,1789039080,126897
tilt_k0.2_s0,1789039090,126897
tilt_k0.2_s0,1789039100,126897
tilt_k0.2_s0,1789039110,126897
tilt_k0.2_s0,1789039120,126897
tilt_k0.2_s0,1789039131,126897
tilt_k0.2_s0,1789039141,126897
tilt_k0.2_s0,1789039151,126897
tilt_k0.2_s0,1789039161,126897
tilt_k0.2_s0,1789039171,126897
tilt_k0.2_s0,1789039181,126897
tilt_k0.2_s0,1789039191,126897
tilt_k0.2_s0,1789039201,126897
tilt_k0.2_s0,1789039211,126897
tilt_k0.2_s0,1789039221,126897
tilt_k0.2_s0,1789039231,126897
tilt_k0.2_s0,1789039241,126897
tilt_k0.2_s0,1789039251,126897
tilt_k0.2_s0,1789039261,126897
tilt_k0.2_s0,1789039271,126897
tilt_k0.2_s0,1789039281,126897
tilt_k0.2_s0,1789039291,126897
tilt_k0.2_s0,1789039301,126897
tilt_k0.2_s0,1789039312,126897
tilt_k0.2_s0,1789039322,126897
tilt_k0.2_s0,1789039332,126897
tilt_k0.2_s0,1789039342,126897
tilt_k0.2_s0,1789039352,126897
tilt_k0.2_s0,1789039362,126897
tilt_k0.2_s0,1789039372,126897
tilt_k0.2_s0,1789039382,126897
tilt_k0.2_s0,1789039392,126897
tilt_k0.2_s0,1789039402,126897
tilt_k0.2_s0,1789039412,126897
tilt_k0.2_s0,1789039422,126897
tilt_k0.2_s0,1789039432,126897
tilt_k0.2_s0,1789039442,126897
tilt_k0.2_s0,1789039452,126897
tilt_k0.2_s0,1789039462,126897
tilt_k0.2_s0,1789039472,126897
tilt_k0.2_s0,1789039483,126897
tilt_k0.2_s0,1789039493,126897
tilt_k0.2_s0,1789039503,126897
tilt_k0.2_s0,1789039513,126897
tilt_k0.2_s0,1789039523,126897
tilt_k0.2_s0,1789039533,126897
tilt_k0.2_s0,1789039543,126897
tilt_k0.2_s0,1789039553,126897
tilt_k0.2_s0,1789039563,126897
tilt_k0.2_s0,1789039573,126897
tilt_k0.2_s0,1789039583,126897
tilt_k0.2_s0,1789039593,126897
tilt_k0.2_s0,1789039603,126897
tilt_k0.2_s0,1789039613,126897
tilt_k0.2_s0,1789039623,126897
tilt_k0.2_s0,1789039633,126897
tilt_k0.2_s0,1789039643,126897
tilt_k0.2_s0,1789039654,126897
tilt_k0.2_s0,1789039664,126897
tilt_k0.2_s0,1789039674,126897
tilt_k0.2_s0,1789039684,126897
tilt_k0.2_s0,1789039694,126897
tilt_k0.2_s0,1789039704,126897
tilt_k0.2_s0,1789039714,126897
tilt_k0.2_s0,1789039724,126897
tilt_k0.2_s0,1789039734,126897
tilt_k0.2_s0,1789039744,126897
tilt_k0.2_s0,1789039754,126897
tilt_k0.2_s0,1789039764,126897
tilt_k0.2_s0,1789039774,126897
tilt_k0.2_s0,1789039784,126897
tilt_k0.2_s0,1789039794,126897
tilt_k0.2_s0,1789039804,126897
tilt_k0.2_s0,1789039814,126897
tilt_k0.2_s0,1789039825,126897
tilt_k0.2_s0,1789039835,126897
tilt_k0.2_s0,1789039845,126897
tilt_k0.2_s0,1789039855,126897
tilt_k0.2_s0,1789039865,126897
tilt_k0.2_s0,1789039875,126897
tilt_k0.2_s0,1789039885,126897
tilt_k0.2_s0,1789039895,126897
tilt_k0.2_s0,1789039905,126897
tilt_k0.2_s0,1789039915,126897
tilt_k0.2_s0,1789039925,126897
tilt_k0.2_s0,1789039935,126897
tilt_k0.2_s0,1789039945,126897
tilt_k0.2_s0,1789039955,126897
tilt_k0.2_s0,1789039965,126897
tilt_k0.2_s0,1789039975,126897
tilt_k0.2_s0,1789039985,126897
tilt_k0.2_s0,1789039995,126897
tilt_k0.2_s0,1789040006,126897
tilt_k0.2_s0,1789040016,126897
tilt_k0.2_s0,1789040026,126897
tilt_k0.2_s0,1789040036,126897
tilt_k0.2_s0,1789040046,126897
tilt_k0.2_s0,1789040056,126897
tilt_k0.2_s0,1789040066,126897
tilt_k0.2_s0,1789040076,126897
tilt_k0.2_s0,1789040086,126897
tilt_k0.2_s0,1789040096,126897
tilt_k0.2_s0,1789040106,126897
tilt_k0.2_s0,1789040116,126897
tilt_k0.2_s0,1789040126,126897
tilt_k0.2_s0,1789040136,126897
tilt_k0.2_s0,1789040146,126897
tilt_k0.2_s0,1789040156,126897
tilt_k0.2_s0,1789040166,126897
tilt_k0.2_s0,1789040177,126897
tilt_k0.2_s0,1789040187,126897
tilt_k0.2_s0,1789040197,126897
tilt_k0.2_s0,1789040207,126897
tilt_k0.2_s0,1789040217,126897
tilt_k0.2_s0,1789040227,126897
tilt_k0.2_s0,1789040237,126897
tilt_k0.2_s0,1789040247,126897
tilt_k0.2_s0,1789040257,126897
tilt_k0.2_s0,1789040267,126897
tilt_k0.2_s0,1789040277,126897
tilt_k0.2_s0,1789040287,126897
tilt_k0.2_s0,1789040297,126897
tilt_k0.2_s0,1789040307,126897
tilt_k0.2_s0,1789040317,126897
tilt_k0.2_s0,1789040327,126897
tilt_k0.2_s0,1789040337,126897
tilt_k0.2_s0,1789040348,126897
tilt_k0.2_s0,1789040358,126897
tilt_k0.2_s0,1789040368,126897
tilt_k0.2_s0,1789040378,126897
tilt_k0.2_s0,1789040388,126897
tilt_k0.2_s0,1789040398,126897
tilt_k0.2_s0,1789040408,126897
tilt_k0.2_s0,1789040418,126897
tilt_k0.2_s0,1789040428,126897
tilt_k0.2_s0,1789040438,126897
tilt_k0.2_s0,1789040448,126897
tilt_k0.2_s0,1789040458,126897
tilt_k0.2_s0,1789040468,126897
tilt_k0.2_s0,1789040478,126897
tilt_k0.2_s0,1789040488,126897
tilt_k0.2_s0,1789040498,126897
tilt_k0.2_s0,1789040508,126897
tilt_k0.2_s0,1789040519,126897
tilt_k0.2_s0,1789040529,126897
tilt_k0.2_s0,1789040539,126897
tilt_k0.2_s0,1789040549,126897
tilt_k0.2_s0,1789040559,126897
tilt_k0.2_s0,1789040569,126897
tilt_k0.2_s0,1789040579,126897
tilt_k0.2_s0,1789040589,126897
tilt_k0.2_s0,1789040599,126897
tilt_k0.2_s0,1789040609,126897
tilt_k0.2_s0,1789040619,126897
tilt_k0.2_s0,1789040629,126897
tilt_k0.2_s0,1789040639,126897
tilt_k0.2_s0,1789040649,126897
tilt_k0.2_s0,1789040659,126897
tilt_k0.2_s0,1789040669,126897
tilt_k0.2_s0,1789040679,126897
tilt_k0.2_s0,1789040690,126897
tilt_k0.2_s0,1789040700,126897
tilt_k0.2_s0,1789040710,126897
tilt_k0.2_s0,1789040720,126897
tilt_k0.2_s0,1789040730,126897
tilt_k0.2_s0,1789040740,126897
tilt_k0.2_s0,1789040750,126897
tilt_k0.2_s0,1789040760,126897
tilt_k0.2_s0,1789040770,126897
tilt_k0.2_s0,1789040780,126897
tilt_k0.2_s0,1789040790,126897
tilt_k0.2_s0,1789040800,126897
tilt_k0.2_s0,1789040810,126897
tilt_k0.2_s0,1789040820,126897
tilt_k0.2_s0,1789040830,126897
tilt_k0.2_s0,1789040840,126897
tilt_k0.2_s0,1789040850,126897
tilt_k0.2_s0,1789040861,126897
tilt_k0.2_s0,1789040871,126897
tilt_k0.2_s0,1789040881,126897
tilt_k0.2_s0,1789040891,126897
tilt_k0.2_s0,1789040901,126897
tilt_k0.2_s0,1789040911,126897
tilt_k0.2_s0,1789040921,126897
tilt_k0.2_s0,1789040931,126897
tilt_k0.2_s0,1789040941,126897
tilt_k0.2_s0,1789040951,126897
tilt_k0.2_s0,1789040961,126897
tilt_k0.2_s0,1789040971,126897
tilt_k0.2_s0,1789040981,126897
tilt_k0.2_s0,1789040991,126897
tilt_k0.2_s0,1789041001,126897
tilt_k0.2_s0,1789041011,126897
tilt_k0.2_s0,1789041022,126897
tilt_k0.2_s0,1789041032,126897
tilt_k0.2_s0,1789041042,126897
tilt_k0.2_s0,1789041052,126897
tilt_k0.2_s0,1789041062,126897
tilt_k0.2_s0,1789041072,126897
tilt_k0.2_s0,1789041082,126897
tilt_k0.2_s0,1789041092,126897
tilt_k0.2_s0,1789041102,126897
tilt_k0.2_s0,1789041112,126897
tilt_k0.2_s0,1789041122,126897
tilt_k0.2_s0,1789041132,126897
tilt_k0.2_s0,1789041142,126897
tilt_k0.2_s0,1789041152,126897
tilt_k0.2_s0,1789041162,126897
tilt_k0.2_s0,1789041172,126897
tilt_k0.2_s0,1789041182,126897
tilt_k0.2_s0,1789041192,126897
tilt_k0.2_s0,1789041203,126897
tilt_k0.2_s0,1789041213,126897
tilt_k0.2_s0,1789041223,126897
tilt_k0.2_s0,1789041233,126897
tilt_k0.2_s0,1789041243,126897
tilt_k0.2_s0,1789041253,126897
tilt_k0.2_s0,1789041263,126897
tilt_k0.2_s0,1789041273,126897
tilt_k0.2_s0,1789041283,126897
tilt_k0.2_s0,1789041293,126897
tilt_k0.2_s0,1789041303,126897
tilt_k0.2_s0,1789041313,126897
tilt_k0.2_s0,1789041323,126897
tilt_k0.2_s0,1789041333,126897
tilt_k0.2_s0,1789041343,126897
tilt_k0.2_s0,1789041353,126897
tilt_k0.2_s0,1789041363,126897
tilt_k0.2_s0,1789041374,126897
tilt_k0.2_s0,1789041384,126897
tilt_k0.2_s0,1789041394,126897
tilt_k0.2_s0,1789041404,126897
tilt_k0.2_s0,1789041414,126897
tilt_k0.2_s0,1789041424,126897
tilt_k0.2_s0,1789041434,126897
tilt_k0.2_s0,1789041444,126897
tilt_k0.2_s0,1789041454,126897
tilt_k0.2_s0,1789041464,126897
tilt_k0.2_s0,1789041474,126897
tilt_k0.2_s0,1789041484,126897
tilt_k0.2_s0,1789041494,126897
tilt_k0.2_s0,1789041504,126897
tilt_k0.2_s0,1789041514,126897
tilt_k0.2_s0,1789041524,126897
tilt_k0.2_s0,1789041534,126897
tilt_k0.2_s0,1789041545,126897
tilt_k0.2_s0,1789041555,126897
tilt_k0.2_s0,1789041565,126897
tilt_k0.2_s0,1789041575,126897
tilt_k0.2_s0,1789041585,126897
tilt_k0.2_s0,1789041595,126897
tilt_k0.2_s0,1789041605,126897
tilt_k0.2_s0,1789041615,126897
tilt_k0.2_s0,1789041625,126897
tilt_k0.2_s0,1789041635,126897
tilt_k0.2_s0,1789041645,126897
tilt_k0.2_s0,1789041655,126897
tilt_k0.2_s0,1789041665,126897
tilt_k0.2_s0,1789041675,126897
tilt_k0.2_s0,1789041685,126897
tilt_k0.2_s0,1789041695,126897
tilt_k0.2_s0,1789041705,126897
tilt_k0.2_s0,1789041716,126897
tilt_k0.2_s0,1789041726,126897
tilt_k0.2_s0,1789041736,126897
tilt_k0.2_s0,1789041746,126897
tilt_k0.2_s0,1789041756,126897
tilt_k0.2_s0,1789041766,126897
tilt_k0.2_s0,1789041776,126897
tilt_k0.2_s0,1789041786,126897
tilt_k0.2_s0,1789041796,126897
tilt_k0.2_s0,1789041806,126897
tilt_k0.2_s0,1789041816,126897
tilt_k0.2_s0,1789041826,126897
tilt_k0.2_s0,1789041836,126897
tilt_k0.2_s0,1789041846,126897
tilt_k0.2_s0,1789041856,126897
tilt_k0.2_s0,1789041866,126897
tilt_k0.2_s0,1789041876,126897
tilt_k0.2_s0,1789041887,126897
tilt_k0.2_s0,1789041897,126897
tilt_k0.2_s0,1789041907,126897
tilt_k0.2_s0,1789041917,126897
tilt_k0.2_s0,1789041927,126897
tilt_k0.2_s0,1789041937,126897
tilt_k0.2_s0,1789041947,126897
tilt_k0.2_s0,1789041957,126897
tilt_k0.2_s0,1789041967,126897
tilt_k0.2_s0,1789041977,126897
tilt_k0.2_s0,1789041987,126897
tilt_k0.2_s0,1789041997,126897
tilt_k0.2_s0,1789042007,126897
tilt_k0.2_s0,1789042017,126897
tilt_k0.2_s0,1789042027,126897
tilt_k0.2_s0,1789042037,126897
tilt_k0.2_s0,1789042047,126897
tilt_k0.2_s0,1789042058,126897
tilt_k0.2_s0,1789042068,126897
tilt_k0.2_s0,1789042078,126897
tilt_k0.2_s0,1789042088,126897
tilt_k0.2_s0,1789042098,126897
tilt_k0.2_s0,1789042108,126897
tilt_k0.2_s0,1789042118,126897
tilt_k0.2_s0,1789042128,126897
tilt_k0.2_s0,1789042138,126897
tilt_k0.2_s0,1789042148,126897
tilt_k0.2_s0,1789042158,126897
tilt_k0.2_s0,1789042168,126897
tilt_k0.2_s0,1789042178,126897
tilt_k0.2_s0,1789042188,126897
tilt_k0.2_s0,1789042198,126897
tilt_k0.2_s0,1789042208,126897
tilt_k0.2_s0,1789042218,126897
tilt_k0.2_s0,1789042229,126897
tilt_k0.2_s0,1789042239,126897
tilt_k0.2_s0,1789042249,126897
tilt_k0.2_s0,1789042259,126897
tilt_k0.2_s0,1789042269,126897
tilt_k0.2_s0,1789042279,126897
tilt_k0.2_s0,1789042289,126897
tilt_k0.2_s0,1789042299,126897
tilt_k0.2_s0,1789042309,126897
tilt_k0.2_s0,1789042319,126897
tilt_k0.2_s0,1789042329,126897
tilt_k0.2_s0,1789042339,126897
tilt_k0.2_s0,1789042349,126897
tilt_k0.2_s0,1789042359,126897
tilt_k0.2_s0,1789042369,126897
tilt_k0.2_s0,1789042379,126897
tilt_k0.2_s0,1789042389,126897
tilt_k0.2_s0,1789042400,126897
tilt_k0.2_s0,1789042410,126897
tilt_k0.2_s0,1789042420,126897
tilt_k0.2_s0,1789042430,126897
tilt_k0.2_s0,1789042440,126897
tilt_k0.2_s0,1789042450,126897
tilt_k0.2_s0,1789042460,126897
tilt_k0.2_s0,1789042470,126897
tilt_k0.2_s0,1789042480,126897
tilt_k0.2_s0,1789042490,126897
tilt_k0.2_s0,1789042500,126897
tilt_k0.2_s0,1789042510,126897
tilt_k0.2_s0,1789042520,126897
tilt_k0.2_s0,1789042530,126897
tilt_k0.2_s0,1789042540,126897
tilt_k0.2_s0,1789042550,126897
tilt_k0.2_s0,1789042560,126897
tilt_k0.2_s0,1789042571,126897
tilt_k0.2_s0,1789042581,126897
tilt_k0.2_s0,1789042591,126897
tilt_k0.2_s0,1789042601,126897
tilt_k0.2_s0,1789042611,126897
tilt_k0.2_s0,1789042621,126897
tilt_k0.2_s0,1789042631,126897
tilt_k0.2_s0,1789042641,126897
tilt_k0.2_s0,1789042651,126897
tilt_k0.2_s0,1789042661,126897
tilt_k0.2_s0,1789042671,126897
tilt_k0.2_s0,1789042681,126897
tilt_k0.2_s0,1789042691,126897
tilt_k0.2_s0,1789042701,126897
tilt_k0.2_s0,1789042711,126897
tilt_k0.2_s0,1789042721,126897
tilt_k0.2_s0,1789042731,126897
tilt_k0.2_s0,1789042742,126897
tilt_k0.2_s0,1789042752,126897
tilt_k0.2_s0,1789042762,126897
tilt_k0.2_s0,1789042772,126897
tilt_k0.2_s0,1789042782,126897
tilt_k0.2_s0,1789042792,126897
tilt_k0.2_s0,1789042802,126897
tilt_k0.2_s0,1789042812,126897
tilt_k0.2_s0,1789042822,126897
tilt_k0.2_s0,1789042832,126897
tilt_k0.2_s0,1789042842,126897
tilt_k0.2_s0,1789042852,126897
tilt_k0.2_s0,1789042862,126897
tilt_k0.2_s0,1789042872,126897
tilt_k0.2_s0,1789042882,126897
tilt_k0.2_s0,1789042892,126897
tilt_k0.2_s0,1789042902,126897
tilt_k0.2_s0,1789042913,126897
tilt_k0.2_s0,1789042923,126897
tilt_k0.2_s0,1789042933,126897
tilt_k0.2_s0,1789042943,126897
tilt_k0.2_s0,1789042953,126897
tilt_k0.2_s0,1789042963,126897
tilt_k0.2_s0,1789042973,126897
tilt_k0.2_s0,1789042983,126897
tilt_k0.2_s0,1789042993,126897
tilt_k0.2_s0,1789043003,126897
tilt_k0.2_s0,1789043013,126897
tilt_k0.2_s0,1789043023,126897
tilt_k0.2_s0,1789043033,126897
tilt_k0.2_s0,1789043043,126897
tilt_k0.2_s0,1789043053,126897
tilt_k0.2_s0,1789043063,126897
tilt_k0.2_s0,1789043073,126897
tilt_k0.2_s0,1789043084,126897
tilt_k0.2_s0,1789043094,126897
tilt_k0.2_s0,1789043104,126897
tilt_k0.2_s0,1789043114,126897
tilt_k0.2_s0,1789043124,126897
tilt_k0.2_s0,1789043134,126897
tilt_k0.2_s0,1789043144,126897
tilt_k0.2_s0,1789043154,126897
tilt_k0.2_s0,1789043164,126897
tilt_k0.2_s0,1789043174,126897
tilt_k0.2_s0,1789043184,126897
tilt_k0.2_s0,1789043194,126897
tilt_k0.2_s0,1789043204,126897
tilt_k0.2_s0,1789043214,126897
tilt_k0.2_s0,1789043224,126897
tilt_k0.2_s0,1789043234,126897
tilt_k0.2_s0,1789043244,126897
tilt_k0.2_s0,1789043255,126897
tilt_k0.2_s0,1789043265,126897
tilt_k0.2_s0,1789043275,126897
tilt_k0.2_s0,1789043285,126897
tilt_k0.2_s0,1789043295,126897
tilt_k0.2_s0,1789043305,126897
tilt_k0.2_s0,1789043315,126897
tilt_k0.2_s0,1789043325,126897
tilt_k0.2_s0,1789043335,126897
tilt_k0.2_s0,1789043345,126897
tilt_k0.2_s0,1789043355,126897
tilt_k0.2_s0,1789043365,126897
tilt_k0.2_s0,1789043375,126897
tilt_k0.2_s0,1789043385,126897
tilt_k0.2_s0,1789043395,126897
tilt_k0.2_s0,1789043405,126897
tilt_k0.2_s0,1789043415,126897
tilt_k0.2_s0,1789043426,126897
tilt_k0.2_s0,1789043436,126897
tilt_k0.2_s0,1789043446,126897
tilt_k0.2_s0,1789043456,126897
tilt_k0.2_s0,1789043466,126897
tilt_k0.2_s0,1789043476,126897
tilt_k0.2_s0,1789043486,126897
tilt_k0.2_s0,1789043496,126897
tilt_k0.2_s0,1789043506,126897
tilt_k0.2_s0,1789043516,126897
tilt_k0.2_s0,1789043526,126897
tilt_k0.2_s0,1789043536,126897
tilt_k0.2_s0,1789043546,126897
tilt_k0.2_s0,1789043556,126897
tilt_k0.2_s0,1789043566,126897
tilt_k0.2_s0,1789043576,126897
tilt_k0.2_s0,1789043586,126897
tilt_k0.2_s0,1789043596,126897
tilt_k0.2_s0,1789043607,126897
tilt_k0.2_s0,1789043617,126897
tilt_k0.2_s0,1789043627,126897
tilt_k0.2_s0,1789043637,126897
tilt_k0.2_s0,1789043647,126897
tilt_k0.2_s0,1789043657,126897
tilt_k0.2_s0,1789043667,126897
tilt_k0.2_s0,1789043677,126897
tilt_k0.2_s0,1789043687,126897
tilt_k0.2_s0,1789043697,126897
tilt_k0.2_s0,1789043707,126897
tilt_k0.2_s0,1789043717,126897
tilt_k0.2_s0,1789043727,126897
tilt_k0.2_s0,1789043737,126897
tilt_k0.2_s0,1789043747,126897
tilt_k0.2_s0,1789043757,126897
tilt_k0.2_s0,1789043767,126897
tilt_k0.2_s0,1789043778,126897
tilt_k0.2_s0,1789043788,126897
tilt_k0.2_s0,1789043798,126897
tilt_k0.2_s0,1789043808,126897
tilt_k0.2_s0,1789043818,126897
tilt_k0.2_s0,1789043828,126897
tilt_k0.2_s0,1789043838,126897
tilt_k0.2_s0,1789043848,126897
tilt_k0.2_s0,1789043858,126897
tilt_k0.2_s0,1789043868,126897
tilt_k0.2_s0,1789043878,126897
tilt_k0.2_s0,1789043888,126897
tilt_k0.2_s0,1789043898,126897
tilt_k0.2_s0,1789043908,126897
tilt_k0.2_s0,1789043918,126897
tilt_k0.2_s0,1789043928,126897
tilt_k0.2_s0,1789043938,126897
tilt_k0.2_s0,1789043949,126897
tilt_k0.2_s0,1789043959,126897
tilt_k0.2_s0,1789043969,126897
tilt_k0.2_s0,1789043979,126897
tilt_k0.2_s0,1789043989,126897
tilt_k0.2_s0,1789043999,126897
tilt_k0.2_s0,1789044009,126897
tilt_k0.2_s0,1789044019,126897
tilt_k0.2_s0,1789044029,126897
tilt_k0.2_s0,1789044039,126897
tilt_k0.2_s0,1789044049,126897
tilt_k0.2_s0,1789044059,126897
tilt_k0.2_s0,1789044069,126897
tilt_k0.2_s0,1789044079,126897
tilt_k0.2_s0,1789044089,126897
tilt_k0.2_s0,1789044099,126897
tilt_k0.2_s0,1789044109,126897
tilt_k0.2_s0,1789044120,126897
tilt_k0.2_s0,1789044130,126897
tilt_k0.2_s0,1789044140,126897
tilt_k0.2_s0,1789044150,126897
tilt_k0.2_s0,1789044160,126897
tilt_k0.2_s0,1789044170,126897
tilt_k0.2_s0,1789044180,126897
tilt_k0.2_s0,1789044190,126897
tilt_k0.2_s0,1789044200,126897
tilt_k0.2_s0,1789044210,126897
tilt_k0.2_s0,1789044220,126897
tilt_k0.2_s0,1789044230,126897
tilt_k0.2_s0,1789044240,126897
tilt_k0.2_s0,1789044250,126897
tilt_k0.2_s0,1789044260,126897
tilt_k0.2_s0,1789044270,126897
tilt_k0.2_s0,1789044280,126897
tilt_k0.2_s0,1789044291,126897
tilt_k0.2_s0,1789044301,126897
tilt_k0.2_s0,1789044311,126897
tilt_k0.2_s0,1789044321,126897
tilt_k0.2_s0,1789044331,126897
tilt_k0.2_s0,1789044341,126897
tilt_k0.2_s0,1789044351,126897
tilt_k0.2_s0,1789044361,126897
tilt_k0.2_s0,1789044371,126897
tilt_k0.2_s0,1789044381,126897
tilt_k0.2_s0,1789044391,126897
tilt_k0.2_s0,1789044401,126897
tilt_k0.2_s0,1789044411,126897
tilt_k0.2_s0,1789044421,126897
tilt_k0.2_s0,1789044431,126897
tilt_k0.2_s0,1789044441,126897
tilt_k0.2_s0,1789044451,126897
tilt_k0.2_s0,1789044462,126897
tilt_k0.2_s0,1789044472,126897
tilt_k0.2_s0,1789044482,126897
tilt_k0.2_s0,1789044492,126897
tilt_k0.2_s0,1789044502,126897
tilt_k0.2_s0,1789044512,126897
tilt_k0.2_s0,1789044522,126897
tilt_k0.2_s0,1789044532,126897
tilt_k0.2_s0,1789044542,126897
tilt_k0.2_s0,1789044552,126897
tilt_k0.2_s0,1789044562,126897
tilt_k0.2_s0,1789044572,126897
tilt_k0.2_s0,1789044582,126897
tilt_k0.2_s0,1789044592,126897
tilt_k0.2_s0,1789044602,126897
tilt_k0.2_s0,1789044612,126897
tilt_k0.2_s0,1789044623,126897
tilt_k0.2_s0,1789044633,126897
tilt_k0.2_s0,1789044643,126897
tilt_k0.2_s0,1789044653,126897
tilt_k0.2_s0,1789044663,126897
tilt_k0.2_s0,1789044673,126897
tilt_k0.2_s0,1789044683,126897
tilt_k0.2_s0,1789044693,126897
tilt_k0.2_s0,1789044703,126897
tilt_k0.2_s0,1789044713,126897
tilt_k0.2_s0,1789044723,126897
tilt_k0.2_s0,1789044733,126897
tilt_k0.2_s0,1789044743,126897
tilt_k0.2_s0,1789044753,126897
tilt_k0.2_s0,1789044763,126897
tilt_k0.2_s0,1789044773,126897
tilt_k0.2_s0,1789044783,126897
tilt_k0.2_s0,1789044793,126897
tilt_k0.2_s0,1789044804,126897
tilt_k0.2_s0,1789044814,126897
tilt_k0.2_s0,1789044824,126897
tilt_k0.2_s0,1789044834,126897
tilt_k0.2_s0,1789044844,126897
tilt_k0.2_s0,1789044854,126897
tilt_k0.2_s0,1789044864,126897
tilt_k0.2_s0,1789044874,126897
tilt_k0.2_s0,1789044884,126897
tilt_k0.2_s0,1789044894,126897
tilt_k0.2_s0,1789044904,126897
tilt_k0.2_s0,1789044914,126897
tilt_k0.2_s0,1789044924,126897
tilt_k0.2_s0,1789044934,126897
tilt_k0.2_s0,1789044944,126897
tilt_k0.2_s0,1789044954,126897
tilt_k0.2_s0,1789044964,126897
tilt_k0.2_s0,1789044975,126897
tilt_k0.2_s0,1789044985,126897
tilt_k0.2_s0,1789044995,126897
tilt_k0.2_s0,1789045005,126897
tilt_k0.2_s0,1789045015,126897
tilt_k0.2_s0,1789045025,126897
tilt_k0.2_s0,1789045035,126897
tilt_k0.2_s0,1789045045,126897
tilt_k0.2_s0,1789045055,126897
tilt_k0.2_s0,1789045065,126897
tilt_k0.2_s0,1789045075,126897
tilt_k0.2_s0,1789045085,126897
tilt_k0.2_s0,1789045095,126897
tilt_k0.2_s0,1789045105,126897
tilt_k0.2_s0,1789045115,126897
tilt_k0.2_s0,1789045125,126897
tilt_k0.2_s0,1789045135,126897
tilt_k0.2_s0,1789045146,126897
tilt_k0.2_s0,1789045156,126897
tilt_k0.2_s0,1789045166,126897
tilt_k0.2_s0,1789045176,126897
tilt_k0.2_s0,1789045186,126897
tilt_k0.2_s0,1789045196,126897
tilt_k0.2_s0,1789045206,126897
tilt_k0.2_s0,1789045216,126897
tilt_k0.2_s0,1789045226,126897
tilt_k0.2_s0,1789045236,126897
tilt_k0.2_s0,1789045246,126897
tilt_k0.2_s0,1789045256,126897
tilt_k0.2_s0,1789045266,126897
tilt_k0.2_s0,1789045276,126897
tilt_k0.2_s0,1789045286,126897
tilt_k0.2_s0,1789045296,126897
tilt_k0.2_s0,1789045306,126897
tilt_k0.2_s0,1789045317,126897
tilt_k0.2_s0,1789045327,126897
tilt_k0.2_s0,1789045337,126897
tilt_k0.2_s0,1789045347,126897
tilt_k0.2_s0,1789045357,126897
tilt_k0.2_s0,1789045367,126897
tilt_k0.2_s0,1789045377,126897
tilt_k0.2_s0,1789045387,126897
tilt_k0.2_s0,1789045397,126897
tilt_k0.2_s0,1789045407,126897
tilt_k0.2_s0,1789045417,126897
tilt_k0.2_s0,1789045427,126897
tilt_k0.2_s0,1789045437,126897
tilt_k0.2_s0,1789045447,126897
tilt_k0.2_s0,1789045457,126897
tilt_k0.2_s0,1789045467,126897
tilt_k0.2_s0,1789045477,126897
tilt_k0.2_s0,1789045488,126897
tilt_k0.2_s0,1789045498,126897
tilt_k0.2_s0,1789045508,126897
tilt_k0.2_s0,1789045518,126897
tilt_k0.2_s0,1789045528,126897
tilt_k0.2_s0,1789045538,126897
tilt_k0.2_s0,1789045548,126897
tilt_k0.2_s0,1789045558,126897
tilt_k0.2_s0,1789045568,126897
tilt_k0.2_s0,1789045578,126897
tilt_k0.2_s0,1789045588,126897
tilt_k0.2_s0,1789045598,126897
tilt_k0.2_s0,1789045608,126897
tilt_k0.2_s0,1789045618,126897
tilt_k0.2_s0,1789045628,126897
tilt_k0.2_s0,1789045638,126897
tilt_k0.2_s0,1789045648,126897
tilt_k0.2_s0,1789045659,126897
tilt_k0.2_s0,1789045669,126897
tilt_k0.2_s0,1789045679,126897
tilt_k0.2_s0,1789045689,126897
tilt_k0.2_s0,1789045699,126897
tilt_k0.2_s0,1789045709,126897
tilt_k0.2_s0,1789045719,126897
tilt_k0.2_s0,1789045729,126897
tilt_k0.2_s0,1789045739,126897
tilt_k0.2_s0,1789045749,126897
tilt_k0.2_s0,1789045759,126897
tilt_k0.2_s0,1789045769,126897
tilt_k0.2_s0,1789045779,126897
tilt_k0.2_s0,1789045789,126897
tilt_k0.2_s0,1789045799,126897
tilt_k0.2_s0,1789045809,126897
tilt_k0.2_s0,1789045819,126897
tilt_k0.2_s0,1789045830,126897
tilt_k0.2_s0,1789045840,126897
tilt_k0.2_s0,1789045850,126897
tilt_k0.2_s0,1789045860,126897
tilt_k0.2_s0,1789045870,126897
tilt_k0.2_s0,1789045880,126897
tilt_k0.2_s0,1789045890,126897
tilt_k0.2_s0,1789045900,126897
tilt_k0.2_s0,1789045910,126897
tilt_k0.2_s0,1789045920,126897
tilt_k0.2_s0,1789045930,126897
tilt_k0.2_s0,1789045940,126897
tilt_k0.2_s0,1789045950,126897
tilt_k0.2_s0,1789045960,126897
tilt_k0.2_s0,1789045970,126897
tilt_k0.2_s0,1789045980,126897
tilt_k0.2_s0,1789045990,126897
tilt_k0.2_s0,1789046001,126897
tilt_k0.2_s0,1789046011,126897
tilt_k0.2_s0,1789046021,126897
tilt_k0.2_s0,1789046031,126897
tilt_k0.2_s0,1789046041,126897
tilt_k0.2_s0,1789046051,126897
tilt_k0.2_s0,1789046061,126897
tilt_k0.2_s0,1789046071,126897
tilt_k0.2_s0,1789046081,126897
tilt_k0.2_s0,1789046091,126897
tilt_k0.2_s0,1789046101,126897
tilt_k0.2_s0,1789046111,126897
tilt_k0.2_s0,1789046121,126897
tilt_k0.2_s0,1789046131,126897
tilt_k0.2_s0,1789046141,126897
tilt_k0.2_s0,1789046151,126897
tilt_k0.2_s0,1789046161,126897
tilt_k0.2_s0,1789046172,126897
tilt_k0.2_s0,1789046182,126897
tilt_k0.2_s0,1789046192,126897
tilt_k0.2_s0,1789046202,126897
tilt_k0.2_s0,1789046212,126897
tilt_k0.2_s0,1789046222,126897
tilt_k0.2_s0,1789046232,126897
tilt_k0.2_s0,1789046242,126897
tilt_k0.2_s0,1789046252,126897
tilt_k0.2_s0,1789046262,126897
tilt_k0.2_s0,1789046272,126897
tilt_k0.2_s0,1789046282,126897
tilt_k0.2_s0,1789046292,126897
tilt_k0.2_s0,1789046302,126897
tilt_k0.2_s0,1789046312,126897
tilt_k0.2_s0,1789046322,126897
tilt_k0.2_s0,1789046332,126897
tilt_k0.2_s0,1789046343,126897
tilt_k0.2_s0,1789046353,126897
tilt_k0.2_s0,1789046363,126897
tilt_k0.2_s0,1789046373,126897
tilt_k0.2_s0,1789046383,126897
tilt_k0.2_s0,1789046393,126897
tilt_k0.2_s0,1789046403,126897
tilt_k0.2_s0,1789046413,126897
tilt_k0.2_s0,1789046423,126897
tilt_k0.2_s0,1789046433,126897
tilt_k0.2_s0,1789046443,126897
tilt_k0.2_s0,1789046453,126897
tilt_k0.2_s0,1789046463,126897
tilt_k0.2_s0,1789046473,126897
tilt_k0.2_s0,1789046483,126897
tilt_k0.2_s0,1789046493,126897
tilt_k0.2_s0,1789046504,126897
tilt_k0.2_s0,1789046514,126897
tilt_k0.2_s0,1789046524,126897
tilt_k0.2_s0,1789046534,126897
tilt_k0.2_s0,1789046544,126897
tilt_k0.2_s0,1789046554,126897
tilt_k0.2_s0,1789046564,126897
tilt_k0.2_s0,1789046574,126897
tilt_k0.2_s0,1789046584,126897
tilt_k0.2_s0,1789046594,126897
tilt_k0.2_s0,1789046604,126897
tilt_k0.2_s0,1789046614,126897
tilt_k0.2_s0,1789046624,126897
tilt_k0.2_s0,1789046634,126897
tilt_k0.2_s0,1789046644,126897
tilt_k0.2_s0,1789046654,126897
tilt_k0.2_s0,1789046664,126897
tilt_k0.2_s0,1789046675,126897
tilt_k0.2_s0,1789046685,126897
tilt_k0.2_s0,1789046695,126897
tilt_k0.2_s0,1789046705,126897
tilt_k0.2_s0,1789046715,126897
tilt_k0.2_s0,1789046725,126897
tilt_k0.2_s0,1789046735,126897
tilt_k0.2_s0,1789046745,126897
tilt_k0.2_s0,1789046755,126897
tilt_k0.2_s0,1789046765,126897
tilt_k0.2_s0,1789046775,126897
tilt_k0.2_s0,1789046785,126897
tilt_k0.2_s0,1789046795,126897
tilt_k0.2_s0,1789046805,126897
tilt_k0.2_s0,1789046815,126897
tilt_k0.2_s0,1789046825,126897
tilt_k0.2_s0,1789046835,126897
tilt_k0.2_s0,1789046846,126897
tilt_k0.2_s0,1789046856,126897
tilt_k0.2_s0,1789046866,126897
tilt_k0.2_s0,1789046876,126897
tilt_k0.2_s0,1789046886,126897
tilt_k0.2_s0,1789046896,126897
tilt_k0.2_s0,1789046906,126897
tilt_k0.2_s0,1789046916,126897
tilt_k0.2_s0,1789046926,126897
tilt_k0.2_s0,1789046936,126897
tilt_k0.2_s0,1789046946,126897
tilt_k0.2_s0,1789046956,126897
tilt_k0.2_s0,1789046966,126897
tilt_k0.2_s0,1789046976,126897
tilt_k0.2_s0,1789046986,126897
tilt_k0.2_s0,1789046996,126897
tilt_k0.2_s0,1789047006,126897
tilt_k0.2_s0,1789047017,126897
tilt_k0.2_s0,1789047027,126897
tilt_k0.2_s0,1789047037,126897
tilt_k0.2_s0,1789047047,126897
tilt_k0.2_s0,1789047057,126897
tilt_k0.2_s0,1789047067,126897
tilt_k0.2_s0,1789047077,126897
tilt_k0.2_s0,1789047087,126897
tilt_k0.2_s0,1789047097,126897
tilt_k0.2_s0,1789047107,126897
tilt_k0.2_s0,1789047117,126897
tilt_k0.2_s0,1789047127,126897
tilt_k0.2_s0,1789047137,126897
tilt_k0.2_s0,1789047147,126897
tilt_k0.2_s0,1789047157,126897
tilt_k0.2_s0,1789047168,126897
tilt_k0.2_s0,1789047178,126897
tilt_k0.2_s0,1789047188,126897
tilt_k0.2_s0,1789047198,126897
tilt_k0.2_s0,1789047208,126897
tilt_k0.2_s0,1789047218,126897
tilt_k0.2_s0,1789047228,126897
tilt_k0.2_s0,1789047238,126897
tilt_k0.2_s0,1789047248,126897
tilt_k0.2_s0,1789047258,126897
tilt_k0.2_s0,1789047268,126897
tilt_k0.2_s0,1789047278,126897
tilt_k0.2_s0,1789047288,126897
tilt_k0.2_s0,1789047298,126897
tilt_k0.2_s0,1789047308,126897
tilt_k0.2_s0,1789047318,126897
tilt_k0.2_s0,1789047329,126897
tilt_k0.2_s0,1789047339,126897
tilt_k0.2_s0,1789047349,126897
tilt_k0.2_s0,1789047359,126897
tilt_k0.2_s0,1789047369,126897
tilt_k0.2_s0,1789047379,126897
tilt_k0.2_s0,1789047389,126897
tilt_k0.2_s0,1789047399,126897
tilt_k0.2_s0,1789047409,126897
tilt_k0.2_s0,1789047419,126897
tilt_k0.2_s0,1789047429,126897
tilt_k0.2_s0,1789047439,126897
tilt_k0.2_s0,1789047449,126897
tilt_k0.2_s0,1789047459,126897
tilt_k0.2_s0,1789047469,126897
tilt_k0.2_s0,1789047480,126897
tilt_k0.2_s0,1789047490,126897
tilt_k0.2_s0,1789047500,126897
tilt_k0.2_s0,1789047510,126897
tilt_k0.2_s0,1789047520,126897
tilt_k0.2_s0,1789047530,126897
tilt_k0.2_s0,1789047540,126897
tilt_k0.2_s0,1789047550,126897
tilt_k0.2_s0,1789047560,126897
tilt_k0.2_s0,1789047570,126897
tilt_k0.2_s0,1789047580,126897
tilt_k0.2_s0,1789047590,126897
tilt_k0.2_s0,1789047600,126897
tilt_k0.2_s0,1789047610,126897
tilt_k0.2_s0,1789047620,126897
tilt_k0.2_s0,1789047631,126897
tilt_k0.2_s0,1789047641,126897
tilt_k0.2_s0,1789047651,126897
tilt_k0.2_s0,1789047661,126897
tilt_k0.2_s0,1789047671,126897
tilt_k0.2_s0,1789047681,126897
tilt_k0.2_s0,1789047691,126897
tilt_k0.2_s0,1789047701,126897
tilt_k0.2_s0,1789047711,126897
tilt_k0.2_s0,1789047721,126897
tilt_k0.2_s0,1789047731,126897
tilt_k0.2_s0,1789047741,126897
tilt_k0.2_s0,1789047751,126897
tilt_k0.2_s0,1789047761,126897
tilt_k0.2_s0,1789047771,126897
tilt_k0.2_s0,1789047782,126897
tilt_k0.2_s0,1789047792,126897
tilt_k0.2_s0,1789047802,126897
tilt_k0.2_s0,1789047812,126897
tilt_k0.2_s0,1789047822,126897
tilt_k0.2_s0,1789047832,126897
tilt_k0.2_s0,1789047842,126897
tilt_k0.2_s0,1789047852,126897
tilt_k0.2_s0,1789047862,126897
tilt_k0.2_s0,1789047872,126897
tilt_k0.2_s0,1789047882,126897
tilt_k0.2_s0,1789047892,126897
tilt_k0.2_s0,1789047902,126897
tilt_k0.2_s0,1789047912,126897
tilt_k0.2_s0,1789047922,126897
tilt_k0.2_s0,1789047932,126897
tilt_k0.2_s0,1789047943,126897
tilt_k0.2_s0,1789047953,126897
tilt_k0.2_s0,1789047963,126897
tilt_k0.2_s0,1789047973,126897
tilt_k0.2_s0,1789047983,126897
tilt_k0.2_s0,1789047993,126897
tilt_k0.2_s0,1789048003,126897
tilt_k0.2_s0,1789048013,126897
tilt_k0.2_s0,1789048023,126897
tilt_k0.2_s0,1789048033,126897
tilt_k0.2_s0,1789048043,126897
tilt_k0.2_s0,1789048053,126897
tilt_k0.2_s0,1789048063,126897
tilt_k0.2_s0,1789048073,126897
tilt_k0.2_s0,1789048083,126897
tilt_k0.2_s0,1789048094,126897
tilt_k0.2_s0,1789048104,126897
tilt_k0.2_s0,1789048114,126897
tilt_k0.2_s0,1789048124,126897
tilt_k0.2_s0,1789048134,126897
tilt_k0.2_s0,1789048144,126897
tilt_k0.2_s0,1789048154,126897
tilt_k0.2_s0,1789048164,126897
tilt_k0.2_s0,1789048174,126897
tilt_k0.2_s0,1789048184,126897
tilt_k0.2_s0,1789048194,126897
tilt_k0.2_s0,1789048204,126897
tilt_k0.2_s0,1789048214,126897
tilt_k0.2_s0,1789048224,126897
tilt_k0.2_s0,1789048234,126897
tilt_k0.2_s0,1789048245,126897
tilt_k0.2_s0,1789048255,126897
tilt_k0.2_s0,1789048265,126897
tilt_k0.2_s0,1789048275,126897
tilt_k0.2_s0,1789048285,126897
tilt_k0.2_s0,1789048295,126897
tilt_k0.2_s0,1789048305,126897
tilt_k0.2_s0,1789048315,126897
tilt_k0.2_s0,1789048325,126897
tilt_k0.2_s0,1789048335,126897
tilt_k0.2_s0,1789048345,126897
tilt_k0.2_s0,1789048355,126897
tilt_k0.2_s0,1789048365,126897
tilt_k0.2_s0,1789048375,126897
tilt_k0.2_s0,1789048385,126897
tilt_k0.2_s0,1789048396,126897
tilt_k0.2_s0,1789048406,126897
tilt_k0.2_s0,1789048416,126897
tilt_k0.2_s0,1789048426,126897
tilt_k0.2_s0,1789048436,126897
tilt_k0.2_s0,1789048446,126897
tilt_k0.2_s0,1789048456,126897
tilt_k0.2_s0,1789048466,126897
tilt_k0.2_s0,1789048476,126897
tilt_k0.2_s0,1789048486,126897
tilt_k0.2_s0,1789048496,126897
tilt_k0.2_s0,1789048506,126897
tilt_k0.2_s0,1789048516,126897
tilt_k0.2_s0,1789048526,126897
tilt_k0.2_s0,1789048536,126897
tilt_k0.2_s0,1789048547,126897
tilt_k0.2_s0,1789048557,126897
tilt_k0.2_s0,1789048567,126897
tilt_k0.2_s0,1789048577,126897
tilt_k0.2_s0,1789048587,126897
tilt_k0.2_s0,1789048597,126897
tilt_k0.2_s0,1789048607,126897
tilt_k0.2_s0,1789048617,126897
tilt_k0.2_s0,1789048627,126897
tilt_k0.2_s0,1789048637,126897
tilt_k0.2_s0,1789048647,126897
tilt_k0.2_s0,1789048657,126897
tilt_k0.2_s0,1789048667,126897
tilt_k0.2_s0,1789048677,126897
tilt_k0.2_s0,1789048687,126897
tilt_k0.2_s0,1789048698,126897
tilt_k0.2_s0,1789048708,126897
tilt_k0.2_s0,1789048718,126897
tilt_k0.2_s0,1789048728,126897
tilt_k0.2_s0,1789048738,126897
tilt_k0.2_s0,1789048748,126897
tilt_k0.2_s0,1789048758,126897
tilt_k0.2_s0,1789048768,126897
tilt_k0.2_s0,1789048778,126897
tilt_k0.2_s0,1789048788,126897
tilt_k0.2_s0,1789048798,126897
tilt_k0.2_s0,1789048808,126897
tilt_k0.2_s0,1789048818,126897
tilt_k0.2_s0,1789048828,126897
tilt_k0.2_s0,1789048838,126897
tilt_k0.2_s0,1789048848,126897
tilt_k0.2_s0,1789048859,126897
tilt_k0.2_s0,1789048869,126897
tilt_k0.2_s0,1789048879,126897
tilt_k0.2_s0,1789048889,126897
tilt_k0.2_s0,1789048899,126897
tilt_k0.2_s0,1789048909,126897
tilt_k0.2_s0,1789048919,126897
tilt_k0.2_s0,1789048929,126897
tilt_k0.2_s0,1789048939,126897
tilt_k0.2_s0,1789048949,126897
tilt_k0.2_s0,1789048959,126897
tilt_k0.2_s0,1789048969,126897
tilt_k0.2_s0,1789048979,126897
tilt_k0.2_s0,1789048989,126897
tilt_k0.2_s0,1789048999,126897
tilt_k0.2_s0,1789049009,126897
tilt_k0.2_s0,1789049019,126897
tilt_k0.2_s0,1789049030,126897
tilt_k0.2_s0,1789049040,126897
tilt_k0.2_s0,1789049050,126897
tilt_k0.2_s0,1789049060,126897
tilt_k0.2_s0,1789049070,126897
tilt_k0.2_s0,1789049080,126897
tilt_k0.2_s0,1789049090,126897
tilt_k0.2_s0,1789049100,126897
tilt_k0.2_s0,1789049110,126897
tilt_k0.2_s0,1789049120,126897
tilt_k0.2_s0,1789049130,126897
tilt_k0.2_s0,1789049140,126897
tilt_k0.2_s0,1789049150,126897
tilt_k0.2_s0,1789049160,126897
tilt_k0.2_s0,1789049170,126897
tilt_k0.2_s0,1789049180,126897
tilt_k0.2_s0,1789049190,126897
tilt_k0.2_s0,1789049201,126897
tilt_k0.2_s0,1789049211,126897
tilt_k0.2_s0,1789049221,126897
tilt_k0.2_s0,1789049231,126897
tilt_k0.2_s0,1789049241,126897
tilt_k0.2_s0,1789049251,126897
tilt_k0.2_s0,1789049261,126897
tilt_k0.2_s0,1789049271,126897
tilt_k0.2_s0,1789049281,126897
tilt_k0.2_s0,1789049291,126897
tilt_k0.2_s0,1789049301,126897
tilt_k0.2_s0,1789049311,126897
tilt_k0.2_s0,1789049321,126897
tilt_k0.2_s0,1789049331,126897
tilt_k0.2_s0,1789049341,126897
tilt_k0.2_s0,1789049351,126897
tilt_k0.2_s0,1789049362,126897
tilt_k0.2_s0,1789049372,126897
tilt_k0.2_s0,1789049382,126897
tilt_k0.2_s0,1789049392,126897
tilt_k0.2_s0,1789049402,126897
tilt_k0.2_s0,1789049412,126897
tilt_k0.2_s0,1789049422,126897
tilt_k0.2_s0,1789049432,126897
tilt_k0.2_s0,1789049442,126897
tilt_k0.2_s0,1789049452,126897
tilt_k0.2_s0,1789049462,126897
tilt_k0.2_s0,1789049472,126897
tilt_k0.2_s0,1789049482,126897
tilt_k0.2_s0,1789049492,126897
tilt_k0.2_s0,1789049502,126897
tilt_k0.2_s0,1789049512,126897
tilt_k0.2_s0,1789049522,126897
tilt_k0.2_s0,1789049533,126897
tilt_k0.2_s0,1789049543,126897
tilt_k0.2_s0,1789049553,126897
tilt_k0.2_s0,1789049563,126897
tilt_k0.2_s0,1789049573,126897
tilt_k0.2_s0,1789049583,126897
tilt_k0.2_s0,1789049593,126897
tilt_k0.2_s0,1789049603,126897
tilt_k0.2_s0,1789049613,126897
tilt_k0.2_s0,1789049623,126897
tilt_k0.2_s0,1789049633,126897
tilt_k0.2_s0,1789049643,126897
tilt_k0.2_s0,1789049653,126897
tilt_k0.2_s0,1789049663,126897
tilt_k0.2_s0,1789049673,126897
tilt_k0.2_s0,1789049683,126897
tilt_k0.2_s0,1789049693,126897
tilt_k0.2_s0,1789049704,126897
tilt_k0.2_s0,1789049714,126897
tilt_k0.2_s0,1789049724,126897
tilt_k0.2_s0,1789049734,126897
tilt_k0.2_s0,1789049744,126897
tilt_k0.2_s0,1789049754,126897
tilt_k0.2_s0,1789049764,126897
tilt_k0.2_s0,1789049774,126897
tilt_k0.2_s0,1789049784,126897
tilt_k0.2_s0,1789049794,126897
tilt_k0.2_s0,1789049804,126897
tilt_k0.2_s0,1789049814,126897
tilt_k0.2_s0,1789049824,126897
tilt_k0.2_s0,1789049834,126897
tilt_k0.2_s0,1789049844,126897
tilt_k0.2_s0,1789049854,126897
tilt_k0.2_s0,1789049864,126897
tilt_k0.2_s0,1789049875,126897
tilt_k0.2_s0,1789049885,126897
tilt_k0.2_s0,1789049895,126897
tilt_k0.2_s0,1789049905,126897
tilt_k0.2_s0,1789049915,126897
tilt_k0.2_s0,1789049925,126897
tilt_k0.2_s0,1789049935,126897
tilt_k0.2_s0,1789049945,126897
tilt_k0.2_s0,1789049955,126897
tilt_k0.2_s0,1789049965,126897
tilt_k0.2_s0,1789049975,126897
tilt_k0.2_s0,1789049985,126897
tilt_k0.2_s0,1789049995,126897
tilt_k0.2_s0,1789050005,126897
tilt_k0.2_s0,1789050015,126897
tilt_k0.2_s0,1789050025,126897
tilt_k0.2_s0,1789050035,126897
tilt_k0.2_s0,1789050046,126897
tilt_k0.2_s0,1789050056,126897
tilt_k0.2_s0,1789050066,126897
tilt_k0.2_s0,1789050076,126897
tilt_k0.2_s0,1789050086,126897
tilt_k0.2_s0,1789050096,126897
tilt_k0.2_s0,1789050106,126897
tilt_k0.2_s0,1789050116,126897
tilt_k0.2_s0,1789050126,126897
tilt_k0.2_s0,1789050136,126897
tilt_k0.2_s0,1789050146,126897
tilt_k0.2_s0,1789050156,126897
tilt_k0.2_s0,1789050166,126897
tilt_k0.2_s0,1789050176,126897
tilt_k0.2_s0,1789050186,126897
tilt_k0.2_s0,1789050196,126897
tilt_k0.2_s0,1789050206,126897
tilt_k0.2_s0,1789050216,126897
tilt_k0.2_s0,1789050227,126897
tilt_k0.2_s0,1789050237,126897
tilt_k0.2_s0,1789050247,126897
tilt_k0.2_s0,1789050257,126897
tilt_k0.2_s0,1789050267,126897
tilt_k0.2_s0,1789050277,126897
tilt_k0.2_s0,1789050287,126897
tilt_k0.2_s0,1789050297,126897
tilt_k0.2_s0,1789050307,126897
tilt_k0.2_s0,1789050317,126897
tilt_k0.2_s0,1789050327,126897
tilt_k0.2_s0,1789050337,126897
tilt_k0.2_s0,1789050347,126897
tilt_k0.2_s0,1789050357,126897
tilt_k0.2_s0,1789050367,126897
tilt_k0.2_s0,1789050377,126897
tilt_k0.2_s0,1789050388,126897
tilt_k0.2_s0,1789050398,126897
tilt_k0.2_s0,1789050408,126897
tilt_k0.2_s0,1789050418,126897
tilt_k0.2_s0,1789050428,126897
tilt_k0.2_s0,1789050438,126897
tilt_k0.2_s0,1789050448,126897
tilt_k0.2_s0,1789050458,126897
tilt_k0.2_s0,1789050468,126897
tilt_k0.2_s0,1789050478,126897
tilt_k0.2_s0,1789050488,126897
tilt_k0.2_s0,1789050498,126897
tilt_k0.2_s0,1789050508,126897
tilt_k0.2_s0,1789050518,126897
tilt_k0.2_s0,1789050528,126897
tilt_k0.2_s0,1789050538,126897
tilt_k0.2_s0,1789050548,126897
tilt_k0.2_s0,1789050558,126897
tilt_k0.2_s0,1789050569,126897
tilt_k0.2_s0,1789050579,126897
tilt_k0.2_s0,1789050589,126897
tilt_k0.2_s0,1789050599,126897
tilt_k0.2_s0,1789050609,126897
tilt_k0.2_s0,1789050619,126897
tilt_k0.2_s0,1789050629,126897
tilt_k0.2_s0,1789050639,126897
tilt_k0.2_s0,1789050649,126897
tilt_k0.2_s0,1789050659,126897
tilt_k0.2_s0,1789050669,126897
tilt_k0.2_s0,1789050679,126897
tilt_k0.2_s0,1789050689,126897
tilt_k0.2_s0,1789050699,126897
tilt_k0.2_s0,1789050709,126897
tilt_k0.2_s0,1789050719,126897
tilt_k0.2_s0,1789050730,126897
tilt_k0.2_s0,1789050740,126897
tilt_k0.2_s0,1789050750,126897
tilt_k0.2_s0,1789050760,126897
tilt_k0.2_s0,1789050770,126897
tilt_k0.2_s0,1789050780,126897
tilt_k0.2_s0,1789050790,126897
tilt_k0.2_s0,1789050800,126897
tilt_k0.2_s0,1789050810,126897
tilt_k0.2_s0,1789050820,126897
tilt_k0.2_s0,1789050830,126897
tilt_k0.2_s0,1789050840,126897
tilt_k0.2_s0,1789050850,126897
tilt_k0.2_s0,1789050860,126897
tilt_k0.2_s0,1789050870,126897
tilt_k0.2_s0,1789050880,126897
tilt_k0.2_s0,1789050890,126897
tilt_k0.2_s0,1789050901,126897
tilt_k0.2_s0,1789050911,126897
tilt_k0.2_s0,1789050921,126897
tilt_k0.2_s0,1789050931,126897
tilt_k0.2_s0,1789050941,126897
tilt_k0.2_s0,1789050951,126897
tilt_k0.2_s0,1789050961,126897
tilt_k0.2_s0,1789050971,126897
tilt_k0.2_s0,1789050981,126897
tilt_k0.2_s0,1789050991,126897
tilt_k0.2_s0,1789051001,126897
tilt_k0.2_s0,1789051011,126897
tilt_k0.2_s0,1789051021,126897
tilt_k0.2_s0,1789051031,126897
tilt_k0.2_s0,1789051041,126897
tilt_k0.2_s0,1789051051,126897
tilt_k0.2_s0,1789051061,126897
tilt_k0.2_s0,1789051072,126897
tilt_k0.2_s0,1789051082,126897
tilt_k0.2_s0,1789051092,126897
tilt_k0.2_s0,1789051102,126897
tilt_k0.2_s0,1789051112,126897
tilt_k0.2_s0,1789051122,126897
tilt_k0.2_s0,1789051132,126897
tilt_k0.2_s0,1789051142,126897
tilt_k0.2_s0,1789051152,126897
tilt_k0.2_s0,1789051162,126897
tilt_k0.2_s0,1789051172,126897
tilt_k0.2_s0,1789051182,126897
tilt_k0.2_s0,1789051192,126897
tilt_k0.2_s0,1789051202,126897
tilt_k0.2_s0,1789051212,126897
tilt_k0.2_s0,1789051222,126897
tilt_k0.2_s0,1789051233,126897
tilt_k0.2_s0,1789051243,126897
tilt_k0.2_s0,1789051253,126897
tilt_k0.2_s0,1789051263,126897
tilt_k0.2_s0,1789051273,126897
tilt_k0.2_s0,1789051283,126897
tilt_k0.2_s0,1789051293,126897
tilt_k0.2_s0,1789051303,126897
tilt_k0.2_s0,1789051313,126897
tilt_k0.2_s0,1789051323,126897
tilt_k0.2_s0,1789051333,126897
tilt_k0.2_s0,1789051343,126897
tilt_k0.2_s0,1789051353,126897
tilt_k0.2_s0,1789051363,126897
tilt_k0.2_s0,1789051373,126897
tilt_k0.2_s0,1789051383,126897
tilt_k0.2_s0,1789051393,126897
tilt_k0.2_s0,1789051404,126897
tilt_k0.2_s0,1789051414,126897
tilt_k0.2_s0,1789051424,126897
tilt_k0.2_s0,1789051434,126897
tilt_k0.2_s0,1789051444,126897
tilt_k0.2_s0,1789051454,126897
tilt_k0.2_s0,1789051464,126897
tilt_k0.2_s0,1789051474,126897
tilt_k0.2_s0,1789051484,126897
tilt_k0.2_s0,1789051494,126897
tilt_k0.2_s0,1789051504,126897
tilt_k0.2_s0,1789051514,126897
tilt_k0.2_s0,1789051524,126897
tilt_k0.2_s0,1789051534,126897
tilt_k0.2_s0,1789051544,126897
tilt_k0.2_s0,1789051554,126897
tilt_k0.2_s0,1789051564,126897
tilt_k0.2_s0,1789051575,126897
tilt_k0.2_s0,1789051585,126897
tilt_k0.2_s0,1789051595,126897
tilt_k0.2_s0,1789051605,126897
tilt_k0.2_s0,1789051615,126897
tilt_k0.2_s0,1789051625,126897
tilt_k0.2_s0,1789051635,126897
tilt_k0.2_s0,1789051645,126897
tilt_k0.2_s0,1789051655,126897
tilt_k0.2_s0,1789051665,126897
tilt_k0.2_s0,1789051675,126897
tilt_k0.2_s0,1789051685,126897
tilt_k0.2_s0,1789051695,126897
tilt_k0.2_s0,1789051705,126897
tilt_k0.2_s0,1789051715,126897
tilt_k0.2_s0,1789051725,126897
tilt_k0.2_s0,1789051736,126897
tilt_k0.2_s0,1789051746,126897
tilt_k0.2_s0,1789051756,126897
tilt_k0.2_s0,1789051766,126897
tilt_k0.2_s0,1789051776,126897
tilt_k0.2_s0,1789051786,126897
tilt_k0.2_s0,1789051796,126897
tilt_k0.2_s0,1789051806,126897
tilt_k0.2_s0,1789051816,126897
tilt_k0.2_s0,1789051826,126897
tilt_k0.2_s0,1789051836,126897
tilt_k0.2_s0,1789051846,126897
tilt_k0.2_s0,1789051856,126897
tilt_k0.2_s0,1789051866,126897
tilt_k0.2_s0,1789051876,126897
tilt_k0.2_s0,1789051886,126897
tilt_k0.2_s0,1789051896,126897
tilt_k0.2_s0,1789051907,126897
tilt_k0.2_s0,1789051917,126897
tilt_k0.2_s0,1789051927,126897
tilt_k0.2_s0,1789051937,126897
tilt_k0.2_s0,1789051947,126897
tilt_k0.2_s0,1789051957,126897
tilt_k0.2_s0,1789051967,126897
tilt_k0.2_s0,1789051977,126897
tilt_k0.2_s0,1789051987,126897
tilt_k0.2_s0,1789051997,126897
tilt_k0.2_s0,1789052007,126897
tilt_k0.2_s0,1789052017,126897
tilt_k0.2_s0,1789052027,126897
tilt_k0.2_s0,1789052037,126897
tilt_k0.2_s0,1789052047,126897
tilt_k0.2_s0,1789052057,126897
tilt_k0.2_s0,1789052067,126897
tilt_k0.2_s0,1789052078,126897
tilt_k0.2_s0,1789052088,126897
tilt_k0.2_s0,1789052098,126897
tilt_k0.2_s0,1789052108,126897
tilt_k0.2_s0,1789052118,126897
tilt_k0.2_s0,1789052128,126897
tilt_k0.2_s0,1789052138,126897
tilt_k0.2_s0,1789052148,126897
tilt_k0.2_s0,1789052158,126897
tilt_k0.2_s0,1789052168,126897
tilt_k0.2_s0,1789052178,126897
tilt_k0.2_s0,1789052188,126897
tilt_k0.2_s0,1789052198,126897
tilt_k0.2_s0,1789052208,126897
tilt_k0.2_s0,1789052218,126897
tilt_k0.2_s0,1789052228,126897
tilt_k0.2_s0,1789052238,126897
tilt_k0.2_s0,1789052249,126897
tilt_k0.2_s0,1789052259,126897
tilt_k0.2_s0,1789052269,126897
tilt_k0.2_s0,1789052279,126897
tilt_k0.2_s0,1789052289,126897
tilt_k0.2_s0,1789052299,126897
tilt_k0.2_s0,1789052309,126897
tilt_k0.2_s0,1789052319,126897
tilt_k0.2_s0,1789052329,126897
tilt_k0.2_s0,1789052339,126897
tilt_k0.2_s0,1789052349,126897
tilt_k0.2_s0,1789052359,126897
tilt_k0.2_s0,1789052369,126897
tilt_k0.2_s0,1789052379,126897
tilt_k0.2_s0,1789052389,126897
tilt_k0.2_s0,1789052399,126897
tilt_k0.2_s0,1789052410,126897
tilt_k0.2_s0,1789052420,126897
tilt_k0.2_s0,1789052430,126897
tilt_k0.2_s0,1789052440,126897
tilt_k0.2_s0,1789052450,126897
tilt_k0.2_s0,1789052460,126897
tilt_k0.2_s0,1789052470,126897
tilt_k0.2_s0,1789052480,126897
tilt_k0.2_s0,1789052490,126897
tilt_k0.2_s0,1789052500,126897
tilt_k0.2_s0,1789052510,126897
tilt_k0.2_s0,1789052520,126897
tilt_k0.2_s0,1789052530,126897
tilt_k0.2_s0,1789052540,126897
tilt_k0.2_s0,1789052550,126897
tilt_k0.2_s0,1789052560,126897
tilt_k0.2_s0,1789052570,126897
tilt_k0.2_s0,1789052581,126897
tilt_k0.2_s0,1789052591,126897
tilt_k0.2_s0,1789052601,126897
tilt_k0.2_s0,1789052611,126897
tilt_k0.2_s0,1789052621,126897
tilt_k0.2_s0,1789052631,126897
tilt_k0.2_s0,1789052641,126897
tilt_k0.2_s0,1789052651,126897
tilt_k0.2_s0,1789052661,126897
tilt_k0.2_s0,1789052671,126897
tilt_k0.2_s0,1789052681,126897
tilt_k0.2_s0,1789052691,126897
tilt_k0.2_s0,1789052701,126897
tilt_k0.2_s0,1789052711,126897
tilt_k0.2_s0,1789052721,126897
tilt_k0.2_s0,1789052731,126897
tilt_k0.2_s0,1789052742,126897
tilt_k0.2_s0,1789052752,126897
tilt_k0.2_s0,1789052762,126897
tilt_k0.2_s0,1789052772,126897
tilt_k0.2_s0,1789052782,126897
tilt_k0.2_s0,1789052792,126897
tilt_k0.2_s0,1789052802,126897
tilt_k0.2_s0,1789052812,126897
tilt_k0.2_s0,1789052822,126897
tilt_k0.2_s0,1789052832,126897
tilt_k0.2_s0,1789052842,126897
tilt_k0.2_s0,1789052852,126897
tilt_k0.2_s0,1789052862,126897
tilt_k0.2_s0,1789052872,126897
tilt_k0.2_s0,1789052882,126897
tilt_k0.2_s0,1789052892,126897
tilt_k0.2_s0,1789052902,126897
tilt_k0.2_s0,1789052913,126897
tilt_k0.2_s0,1789052923,126897
tilt_k0.2_s0,1789052933,126897
tilt_k0.2_s0,1789052943,126897
tilt_k0.2_s0,1789052953,126897
tilt_k0.2_s0,1789052963,126897
tilt_k0.2_s0,1789052973,126897
tilt_k0.2_s0,1789052983,126897
tilt_k0.2_s0,1789052993,126897
tilt_k0.2_s0,1789053003,126897
tilt_k0.2_s0,1789053013,126897
tilt_k0.2_s0,1789053023,126897
tilt_k0.2_s0,1789053033,126897
tilt_k0.2_s0,1789053043,126897
tilt_k0.2_s0,1789053053,126897
tilt_k0.2_s0,1789053063,126897
tilt_k0.2_s0,1789053073,126897
tilt_k0.2_s0,1789053084,126897
tilt_k0.2_s0,1789053094,126897
tilt_k0.2_s0,1789053104,126897
tilt_k0.2_s0,1789053114,126897
tilt_k0.2_s0,1789053124,126897
tilt_k0.2_s0,1789053134,126897
tilt_k0.2_s0,1789053144,126897
tilt_k0.2_s0,1789053154,126897
tilt_k0.2_s0,1789053164,126897
tilt_k0.2_s0,1789053174,126897
tilt_k0.2_s0,1789053184,126897
tilt_k0.2_s0,1789053194,126897
tilt_k0.2_s0,1789053204,126897
tilt_k0.2_s0,1789053214,126897
tilt_k0.2_s0,1789053224,126897
tilt_k0.2_s0,1789053234,126897
tilt_k0.2_s0,1789053244,126897
tilt_k0.2_s0,1789053255,126897
tilt_k0.2_s0,1789053265,126897
tilt_k0.2_s0,1789053275,126897
tilt_k0.2_s0,1789053285,126897
tilt_k0.2_s0,1789053295,126897
tilt_k0.2_s0,1789053305,126897
tilt_k0.2_s0,1789053315,126897
tilt_k0.2_s0,1789053325,126897
tilt_k0.2_s0,1789053335,126897
tilt_k0.2_s0,1789053345,126897
tilt_k0.2_s0,1789053355,126897
tilt_k0.2_s0,1789053365,126897
tilt_k0.2_s0,1789053375,126897
tilt_k0.2_s0,1789053385,126897
tilt_k0.2_s0,1789053395,126897
tilt_k0.2_s0,1789053405,126897
tilt_k0.2_s0,1789053415,126897
tilt_k0.2_s0,1789053426,126897
tilt_k0.2_s0,1789053436,126897
tilt_k0.2_s0,1789053446,126897
tilt_k0.2_s0,1789053456,126897
tilt_k0.2_s0,1789053466,126897
tilt_k0.2_s0,1789053476,126897
tilt_k0.2_s0,1789053486,126897
tilt_k0.2_s0,1789053496,126897
tilt_k0.2_s0,1789053506,126897
tilt_k0.2_s0,1789053516,126897
tilt_k0.2_s0,1789053526,126897
tilt_k0.2_s0,1789053536,126897
tilt_k0.2_s0,1789053546,126897
tilt_k0.2_s0,1789053556,126897
tilt_k0.2_s0,1789053566,126897
tilt_k0.2_s0,1789053576,126897
tilt_k0.2_s0,1789053586,126897
tilt_k0.2_s0,1789053597,126897
tilt_k0.2_s0,1789053607,126897
tilt_k0.2_s0,1789053617,126897
tilt_k0.2_s0,1789053627,126897
tilt_k0.2_s0,1789053637,126897
tilt_k0.2_s0,1789053647,126897
tilt_k0.2_s0,1789053657,126897
tilt_k0.2_s0,1789053667,126897
tilt_k0.2_s0,1789053677,126897
tilt_k0.2_s0,1789053687,126897
tilt_k0.2_s0,1789053697,126897
tilt_k0.2_s0,1789053707,126897
tilt_k0.2_s0,1789053717,126897
tilt_k0.2_s0,1789053727,126897
tilt_k0.2_s0,1789053737,126897
tilt_k0.2_s0,1789053747,126897
tilt_k0.2_s0,1789053758,126897
tilt_k0.2_s0,1789053768,126897
tilt_k0.2_s0,1789053778,126897
tilt_k0.2_s0,1789053788,126897
tilt_k0.2_s0,1789053798,126897
tilt_k0.2_s0,1789053808,126897
tilt_k0.2_s0,1789053818,126897
tilt_k0.2_s0,1789053828,126897
tilt_k0.2_s0,1789053838,126897
tilt_k0.2_s0,1789053848,126897
tilt_k0.2_s0,1789053858,126897
tilt_k0.2_s0,1789053868,126897
tilt_k0.2_s0,1789053878,126897
tilt_k0.2_s0,1789053888,126897
tilt_k0.2_s0,1789053898,126897
tilt_k0.2_s0,1789053908,126897
tilt_k0.2_s0,1789053919,126897
tilt_k0.2_s0,1789053929,126897
tilt_k0.2_s0,1789053939,126897
tilt_k0.2_s0,1789053949,126897
tilt_k0.2_s0,1789053959,126897
tilt_k0.2_s0,1789053969,126897
tilt_k0.2_s0,1789053979,126897
tilt_k0.2_s0,1789053989,126897
tilt_k0.2_s0,1789053999,126897
tilt_k0.2_s0,1789054009,126897
tilt_k0.2_s0,1789054019,126897
tilt_k0.2_s0,1789054029,126897
tilt_k0.2_s0,1789054039,126897
tilt_k0.2_s0,1789054049,126897
tilt_k0.2_s0,1789054059,126897
tilt_k0.2_s0,1789054069,126897
tilt_k0.2_s0,1789054079,126897
tilt_k0.2_s0,1789054090,126897
tilt_k0.2_s0,1789054100,126897
tilt_k0.2_s0,1789054110,126897
tilt_k0.2_s0,1789054120,126897
tilt_k0.2_s0,1789054130,126897
tilt_k0.2_s0,1789054140,126897
tilt_k0.2_s0,1789054150,126897
tilt_k0.2_s0,1789054160,126897
tilt_k0.2_s0,1789054170,126897
tilt_k0.2_s0,1789054180,126897
tilt_k0.2_s0,1789054190,126897
tilt_k0.2_s0,1789054200,126897
tilt_k0.2_s0,1789054210,126897
tilt_k0.2_s0,1789054220,126897
tilt_k0.2_s0,1789054230,126897
tilt_k0.2_s0,1789054240,126897
tilt_k0.2_s0,1789054251,126897
tilt_k0.2_s0,1789054261,126897
tilt_k0.2_s0,1789054271,126897
tilt_k0.2_s0,1789054281,126897
tilt_k0.2_s0,1789054291,126897
tilt_k0.2_s0,1789054301,126897
tilt_k0.2_s0,1789054311,126897
tilt_k0.2_s0,1789054321,126897
tilt_k0.2_s0,1789054331,126897
tilt_k0.2_s0,1789054341,126897
tilt_k0.2_s0,1789054351,126897
tilt_k0.2_s0,1789054361,126897
tilt_k0.2_s0,1789054371,126897
tilt_k0.2_s0,1789054381,126897
tilt_k0.2_s0,1789054391,126897
tilt_k0.2_s0,1789054401,126897
tilt_k0.2_s0,1789054411,126897
tilt_k0.2_s0,1789054422,126897
tilt_k0.2_s0,1789054432,126897
tilt_k0.2_s0,1789054442,126897
tilt_k0.2_s0,1789054452,126897
tilt_k0.2_s0,1789054462,126897
tilt_k0.2_s0,1789054472,126897
tilt_k0.2_s0,1789054482,126897
tilt_k0.2_s0,1789054492,126897
tilt_k0.2_s0,1789054502,126897
tilt_k0.2_s0,1789054512,126897
tilt_k0.2_s0,1789054522,126897
tilt_k0.2_s0,1789054532,126897
tilt_k0.2_s0,1789054542,126897
tilt_k0.2_s0,1789054552,126897
tilt_k0.2_s0,1789054562,126897
tilt_k0.2_s0,1789054572,126897
tilt_k0.2_s0,1789054583,126897
tilt_k0.2_s0,1789054593,126897
tilt_k0.2_s0,1789054603,126897
tilt_k0.2_s0,1789054613,126897
tilt_k0.2_s0,1789054623,126897
tilt_k0.2_s0,1789054633,126897
tilt_k0.2_s0,1789054643,126897
tilt_k0.2_s0,1789054653,126897
tilt_k0.2_s0,1789054663,126897
tilt_k0.2_s0,1789054673,126897
tilt_k0.2_s0,1789054683,126897
tilt_k0.2_s0,1789054693,126897
tilt_k0.2_s0,1789054703,126897
tilt_k0.2_s0,1789054713,126897
tilt_k0.2_s0,1789054723,126897
tilt_k0.2_s0,1789054733,126897
tilt_k0.2_s0,1789054744,126897
tilt_k0.2_s0,1789054754,126897
tilt_k0.2_s0,1789054764,126897
tilt_k0.2_s0,1789054774,126897
tilt_k0.2_s0,1789054784,126897
tilt_k0.2_s0,1789054794,126897
tilt_k0.2_s0,1789054804,126897
tilt_k0.2_s0,1789054814,126897
tilt_k0.2_s0,1789054824,126897
tilt_k0.2_s0,1789054834,126897
tilt_k0.2_s0,1789054844,126897
tilt_k0.2_s0,1789054854,126897
tilt_k0.2_s0,1789054864,126897
tilt_k0.2_s0,1789054874,126897
tilt_k0.2_s0,1789054884,126897
tilt_k0.2_s0,1789054894,126897
tilt_k0.2_s0,1789054905,126897
tilt_k0.2_s0,1789054915,126897
tilt_k0.2_s0,1789054925,126897
tilt_k0.2_s0,1789054935,126897
tilt_k0.2_s0,1789054945,126897
tilt_k0.2_s0,1789054955,126897
tilt_k0.2_s0,1789054965,126897
tilt_k0.2_s0,1789054975,126897
tilt_k0.2_s0,1789054985,126897
tilt_k0.2_s0,1789054995,126897
tilt_k0.2_s0,1789055005,126897
tilt_k0.2_s0,1789055015,126897
tilt_k0.2_s0,1789055025,126897
tilt_k0.2_s0,1789055035,126897
tilt_k0.2_s0,1789055045,126897
tilt_k0.2_s0,1789055055,126897
tilt_k0.2_s0,1789055065,126897
tilt_k0.2_s0,1789055076,126897
tilt_k0.2_s0,1789055086,126897
tilt_k0.2_s0,1789055096,126897
tilt_k0.2_s0,1789055106,126897
tilt_k0.2_s0,1789055116,126897
tilt_k0.2_s0,1789055126,126897
tilt_k0.2_s0,1789055136,126897
tilt_k0.2_s0,1789055146,126897
tilt_k0.2_s0,1789055156,126897
tilt_k0.2_s0,1789055166,126897
tilt_k0.2_s0,1789055176,126897
tilt_k0.2_s0,1789055186,126897
tilt_k0.2_s0,1789055196,126897
tilt_k0.2_s0,1789055206,126897
tilt_k0.2_s0,1789055216,126897
tilt_k0.2_s0,1789055226,126897
tilt_k0.2_s0,1789055237,126897
tilt_k0.2_s0,1789055247,126897
tilt_k0.2_s0,1789055257,126897
tilt_k0.2_s0,1789055267,126897
tilt_k0.2_s0,1789055277,126897
tilt_k0.2_s0,1789055287,126897
tilt_k0.2_s0,1789055297,126897
tilt_k0.2_s0,1789055307,126897
tilt_k0.2_s0,1789055317,126897
tilt_k0.2_s0,1789055327,126897
tilt_k0.2_s0,1789055337,126897
tilt_k0.2_s0,1789055347,126897
tilt_k0.2_s0,1789055357,126897
tilt_k0.2_s0,1789055367,126897
tilt_k0.2_s0,1789055377,126897
tilt_k0.2_s0,1789055387,126897
tilt_k0.2_s0,1789055398,126897
tilt_k0.2_s0,1789055408,126897
tilt_k0.2_s0,1789055418,126897
tilt_k0.2_s0,1789055428,126897
tilt_k0.2_s0,1789055438,126897
tilt_k0.2_s0,1789055448,126897
tilt_k0.2_s0,1789055458,126897
tilt_k0.2_s0,1789055468,126897
tilt_k0.2_s0,1789055478,126897
tilt_k0.2_s0,1789055488,126897
tilt_k0.2_s0,1789055498,126897
tilt_k0.2_s0,1789055508,126897
tilt_k0.2_s0,1789055518,126897
tilt_k0.2_s0,1789055528,126897
tilt_k0.2_s0,1789055538,126897
tilt_k0.2_s0,1789055548,126897
tilt_k0.2_s0,1789055558,126897
tilt_k0.2_s0,1789055569,126897
tilt_k0.2_s0,1789055579,126897
tilt_k0.2_s0,1789055589,126897
tilt_k0.2_s0,1789055599,126897
tilt_k0.2_s0,1789055609,126897
tilt_k0.2_s0,1789055619,126897
tilt_k0.2_s0,1789055629,126897
tilt_k0.2_s0,1789055639,126897
tilt_k0.2_s0,1789055649,126897
tilt_k0.2_s0,1789055659,126897
tilt_k0.2_s0,1789055669,126897
tilt_k0.2_s0,1789055679,126897
tilt_k0.2_s0,1789055689,126897
tilt_k0.2_s0,1789055699,126897
tilt_k0.2_s0,1789055709,126897
tilt_k0.2_s0,1789055719,126897
tilt_k0.2_s0,1789055730,126897
tilt_k0.2_s0,1789055740,126897
tilt_k0.2_s0,1789055750,126897
tilt_k0.2_s0,1789055760,126897
tilt_k0.2_s0,1789055770,126897
tilt_k0.2_s0,1789055780,126897
tilt_k0.2_s0,1789055790,126897
tilt_k0.2_s0,1789055800,126897
tilt_k0.2_s0,1789055810,126897
tilt_k0.2_s0,1789055820,126897
tilt_k0.2_s0,1789055830,126897
tilt_k0.2_s0,1789055840,126897
tilt_k0.2_s0,1789055850,126897
tilt_k0.2_s0,1789055860,126897
tilt_k0.2_s0,1789055870,126897
tilt_k0.2_s0,1789055880,126897
tilt_k0.2_s0,1789055891,126897
tilt_k0.2_s0,1789055901,126897
tilt_k0.2_s0,1789055911,126897
tilt_k0.2_s0,1789055921,126897
tilt_k0.2_s0,1789055931,126897
tilt_k0.2_s0,1789055941,126897
tilt_k0.2_s0,1789055951,126897
tilt_k0.2_s0,1789055961,126897
tilt_k0.2_s0,1789055971,126897
tilt_k0.2_s0,1789055981,126897
tilt_k0.2_s0,1789055991,126897
tilt_k0.2_s0,1789056001,126897
tilt_k0.2_s0,1789056011,126897
tilt_k0.2_s0,1789056021,126897
tilt_k0.2_s0,1789056031,126897
tilt_k0.2_s0,1789056041,126897
tilt_k0.2_s0,1789056052,126897
tilt_k0.2_s0,1789056062,126897
tilt_k0.2_s0,1789056072,126897
tilt_k0.2_s0,1789056082,126897
tilt_k0.2_s0,1789056092,126897
tilt_k0.2_s0,1789056102,126897
tilt_k0.2_s0,1789056112,126897
tilt_k0.2_s0,1789056122,126897
tilt_k0.2_s0,1789056132,126897
tilt_k0.2_s0,1789056142,126897
tilt_k0.2_s0,1789056152,126897
tilt_k0.2_s0,1789056162,126897
tilt_k0.2_s0,1789056172,126897
tilt_k0.2_s0,1789056182,126897
tilt_k0.2_s0,1789056192,126897
tilt_k0.2_s0,1789056202,126897
tilt_k0.2_s0,1789056212,126897
tilt_k0.2_s0,1789056223,126897
tilt_k0.2_s0,1789056233,126897
tilt_k0.2_s0,1789056243,126897
tilt_k0.2_s0,1789056253,126897
tilt_k0.2_s0,1789056263,126897
tilt_k0.2_s0,1789056273,126897
tilt_k0.2_s0,1789056283,126897
tilt_k0.2_s0,1789056293,126897
tilt_k0.2_s0,1789056303,126897
tilt_k0.2_s0,1789056313,126897
tilt_k0.2_s0,1789056323,126897
tilt_k0.2_s0,1789056333,126897
tilt_k0.2_s0,1789056343,126897
tilt_k0.2_s0,1789056353,126897
tilt_k0.2_s0,1789056363,126897
tilt_k0.2_s0,1789056373,126897
tilt_k0.2_s0,1789056384,126897
tilt_k0.2_s0,1789056394,126897
tilt_k0.2_s0,1789056404,126897
tilt_k0.2_s0,1789056414,126897
tilt_k0.2_s0,1789056424,126897
tilt_k0.2_s0,1789056434,126897
tilt_k0.2_s0,1789056444,126897
tilt_k0.2_s0,1789056454,126897
tilt_k0.2_s0,1789056464,126897
tilt_k0.2_s0,1789056474,126897
tilt_k0.2_s0,1789056484,126897
tilt_k0.2_s0,1789056494,126897
tilt_k0.2_s0,1789056504,126897
tilt_k0.2_s0,1789056514,126897
tilt_k0.2_s0,1789056524,126897
tilt_k0.2_s0,1789056534,126897
tilt_k0.2_s0,1789056545,126897
tilt_k0.2_s0,1789056555,126897
tilt_k0.2_s0,1789056565,126897
tilt_k0.2_s0,1789056575,126897
tilt_k0.2_s0,1789056585,126897
tilt_k0.2_s0,1789056595,126897
tilt_k0.2_s0,1789056605,126897
tilt_k0.2_s0,1789056615,126897
tilt_k0.2_s0,1789056625,126897
tilt_k0.2_s0,1789056635,126897
tilt_k0.2_s0,1789056645,126897
tilt_k0.2_s0,1789056655,126897
tilt_k0.2_s0,1789056665,126897
tilt_k0.2_s0,1789056675,126897
tilt_k0.2_s0,1789056685,126897
tilt_k0.2_s0,1789056695,126897
tilt_k0.2_s0,1789056705,126897
tilt_k0.2_s0,1789056716,126897
tilt_k0.2_s0,1789056726,126897
tilt_k0.2_s0,1789056736,126897
tilt_k0.2_s0,1789056746,126897
tilt_k0.2_s0,1789056756,126897
tilt_k0.2_s0,1789056766,126897
tilt_k0.2_s0,1789056776,126897
tilt_k0.2_s0,1789056786,126897
tilt_k0.2_s0,1789056796,126897
tilt_k0.2_s0,1789056806,126897
tilt_k0.2_s0,1789056816,126897
tilt_k0.2_s0,1789056826,126897
tilt_k0.2_s0,1789056836,126897
tilt_k0.2_s0,1789056846,126897
tilt_k0.2_s0,1789056856,126897
tilt_k0.2_s0,1789056866,126897
tilt_k0.2_s0,1789056876,126897
tilt_k0.2_s0,1789056887,126897
tilt_k0.2_s0,1789056897,126897
tilt_k0.2_s0,1789056907,126897
tilt_k0.2_s0,1789056917,126897
tilt_k0.2_s0,1789056927,126897
tilt_k0.2_s0,1789056937,126897
tilt_k0.2_s0,1789056947,126897
tilt_k0.2_s0,1789056957,126897
tilt_k0.2_s0,1789056967,126897
tilt_k0.2_s0,1789056977,126897
tilt_k0.2_s0,1789056987,126897
tilt_k0.2_s0,1789056997,126897
tilt_k0.2_s0,1789057007,126897
tilt_k0.2_s0,1789057017,126897
tilt_k0.2_s0,1789057027,126897
tilt_k0.2_s0,1789057037,126897
tilt_k0.2_s0,1789057048,126897
tilt_k0.2_s0,1789057058,126897
tilt_k0.2_s0,1789057068,126897
tilt_k0.2_s0,1789057078,126897
tilt_k0.2_s0,1789057088,126897
tilt_k0.2_s0,1789057098,126897
tilt_k0.2_s0,1789057108,126897
tilt_k0.2_s0,1789057118,126897
tilt_k0.2_s0,1789057128,126897
tilt_k0.2_s0,1789057138,126897
tilt_k0.2_s0,1789057148,126897
tilt_k0.2_s0,1789057158,126897
tilt_k0.2_s0,1789057168,126897
tilt_k0.2_s0,1789057178,126897
tilt_k0.2_s0,1789057188,126897
tilt_k0.2_s0,1789057198,126897
tilt_k0.2_s0,1789057208,126897
tilt_k0.2_s0,1789057219,126897
tilt_k0.2_s0,1789057229,126897
tilt_k0.2_s0,1789057239,126897
tilt_k0.2_s0,1789057249,126897
tilt_k0.2_s0,1789057259,126897
tilt_k0.2_s0,1789057269,126897
tilt_k0.2_s0,1789057279,126897
tilt_k0.2_s0,1789057289,126897
tilt_k0.2_s0,1789057299,126897
tilt_k0.2_s0,1789057309,126897
tilt_k0.2_s0,1789057319,126897
tilt_k0.2_s0,1789057329,126897
tilt_k0.2_s0,1789057339,126897
tilt_k0.2_s0,1789057349,126897
tilt_k0.2_s0,1789057359,126897
tilt_k0.2_s0,1789057369,126897
tilt_k0.2_s0,1789057380,126897
tilt_k0.2_s0,1789057390,126897
tilt_k0.2_s0,1789057400,126897
tilt_k0.2_s0,1789057410,126897
tilt_k0.2_s0,1789057420,126897
tilt_k0.2_s0,1789057430,126897
tilt_k0.2_s0,1789057440,126897
tilt_k0.2_s0,1789057450,126897
tilt_k0.2_s0,1789057460,126897
tilt_k0.2_s0,1789057470,126897
tilt_k0.2_s0,1789057480,126897
tilt_k0.2_s0,1789057490,126897
tilt_k0.2_s0,1789057500,126897
tilt_k0.2_s0,1789057510,126897
tilt_k0.2_s0,1789057520,126897
tilt_k0.2_s0,1789057530,126897
tilt_k0.2_s0,1789057541,126897
tilt_k0.2_s0,1789057551,126897
tilt_k0.2_s0,1789057561,126897
tilt_k0.2_s0,1789057571,126897
tilt_k0.2_s0,1789057581,126897
tilt_k0.2_s0,1789057591,126897
tilt_k0.2_s0,1789057601,126897
tilt_k0.2_s0,1789057611,126897
tilt_k0.2_s0,1789057621,126897
tilt_k0.2_s0,1789057631,126897
tilt_k0.2_s0,1789057641,126897
tilt_k0.2_s0,1789057651,126897
tilt_k0.2_s0,1789057661,126897
tilt_k0.2_s0,1789057671,126897
tilt_k0.2_s0,1789057681,126897
tilt_k0.2_s0,1789057691,126897
tilt_k0.2_s0,1789057701,126897
tilt_k0.2_s0,1789057712,126897
tilt_k0.2_s0,1789057722,126897
tilt_k0.2_s0,1789057732,126897
tilt_k0.2_s0,1789057742,126897
tilt_k0.2_s0,1789057752,126897
tilt_k0.2_s0,1789057762,126897
tilt_k0.2_s0,1789057772,126897
tilt_k0.2_s0,1789057782,126897
tilt_k0.2_s0,1789057792,126897
tilt_k0.2_s0,1789057802,126897
tilt_k0.2_s0,1789057812,126897
tilt_k0.2_s0,1789057822,126897
tilt_k0.2_s0,1789057832,126897
tilt_k0.2_s0,1789057842,126897
tilt_k0.2_s0,1789057852,126897
tilt_k0.2_s0,1789057862,126897
tilt_k0.2_s0,1789057872,126897
tilt_k0.2_s0,1789057883,126897
tilt_k0.2_s0,1789057893,126897
tilt_k0.2_s0,1789057903,126897
tilt_k0.2_s0,1789057913,126897
tilt_k0.2_s0,1789057923,126897
tilt_k0.2_s0,1789057933,126897
tilt_k0.2_s0,1789057943,126897
tilt_k0.2_s0,1789057953,126897
tilt_k0.2_s0,1789057963,126897
tilt_k0.2_s0,1789057973,126897
tilt_k0.2_s0,1789057983,126897
tilt_k0.2_s0,1789057993,126897
tilt_k0.2_s0,1789058003,126897
tilt_k0.2_s0,1789058013,126897
tilt_k0.2_s0,1789058023,126897
tilt_k0.2_s0,1789058033,126897
tilt_k0.2_s0,1789058044,126897
tilt_k0.2_s0,1789058054,126897
tilt_k0.2_s0,1789058064,126897
tilt_k0.2_s0,1789058074,126897
tilt_k0.2_s0,1789058084,126897
tilt_k0.2_s0,1789058094,126897
tilt_k0.2_s0,1789058104,126897
tilt_k0.2_s0,1789058114,126897
tilt_k0.2_s0,1789058124,126897
tilt_k0.2_s0,1789058134,126897
tilt_k0.2_s0,1789058144,126897
tilt_k0.2_s0,1789058154,126897
tilt_k0.2_s0,1789058164,126897
tilt_k0.2_s0,1789058174,126897
tilt_k0.2_s0,1789058184,126897
tilt_k0.2_s0,1789058194,126897
tilt_k0.2_s0,1789058205,126897
tilt_k0.2_s0,1789058215,126897
tilt_k0.2_s0,1789058225,126897
tilt_k0.2_s0,1789058235,126897
tilt_k0.2_s0,1789058245,126897
tilt_k0.2_s0,1789058255,126897
tilt_k0.2_s0,1789058265,126897
tilt_k0.2_s0,1789058275,126897
tilt_k0.2_s0,1789058285,126897
tilt_k0.2_s0,1789058295,126897
tilt_k0.2_s0,1789058305,126897
tilt_k0.2_s0,1789058315,126897
tilt_k0.2_s0,1789058325,126897
tilt_k0.2_s0,1789058335,126897
tilt_k0.2_s0,1789058345,126897
tilt_k0.2_s0,1789058355,126897
tilt_k0.2_s0,1789058365,126897
tilt_k0.2_s0,1789058376,126897
tilt_k0.2_s0,1789058386,126897
tilt_k0.2_s0,1789058396,126897
tilt_k0.2_s0,1789058406,126897
tilt_k0.2_s0,1789058416,126897
tilt_k0.2_s0,1789058426,126897
tilt_k0.2_s0,1789058436,126897
tilt_k0.2_s0,1789058446,126897
tilt_k0.2_s0,1789058456,126897
tilt_k0.2_s0,1789058466,126897
tilt_k0.2_s0,1789058476,126897
tilt_k0.2_s0,1789058486,126897
tilt_k0.2_s0,1789058496,126897
tilt_k0.2_s0,1789058506,126897
tilt_k0.2_s0,1789058516,126897
tilt_k0.2_s0,1789058526,126897
tilt_k0.2_s0,1789058537,126897
tilt_k0.2_s0,1789058547,126897
tilt_k0.2_s0,1789058557,126897
tilt_k0.2_s0,1789058567,126897
tilt_k0.2_s0,1789058577,126897
tilt_k0.2_s0,1789058587,126897
tilt_k0.2_s0,1789058597,126897
tilt_k0.2_s0,1789058607,126897
tilt_k0.2_s0,1789058617,126897
tilt_k0.2_s0,1789058627,126897
tilt_k0.2_s0,1789058637,126897
tilt_k0.2_s0,1789058647,126897
tilt_k0.2_s0,1789058657,126897
tilt_k0.2_s0,1789058667,126897
tilt_k0.2_s0,1789058677,126897
tilt_k0.2_s0,1789058687,126897
tilt_k0.2_s0,1789058698,126897
tilt_k0.2_s0,1789058708,126897
tilt_k0.2_s0,1789058718,126897
tilt_k0.2_s0,1789058728,126897
tilt_k0.2_s0,1789058738,126897
tilt_k0.2_s0,1789058748,126897
tilt_k0.2_s0,1789058758,126897
tilt_k0.2_s0,1789058768,126897
tilt_k0.2_s0,1789058778,126897
tilt_k0.2_s0,1789058788,126897
tilt_k0.2_s0,1789058798,126897
tilt_k0.2_s0,1789058808,126897
tilt_k0.2_s0,1789058818,126897
tilt_k0.2_s0,1789058828,126897
tilt_k0.2_s0,1789058838,126897
tilt_k0.2_s0,1789058848,126897
tilt_k0.2_s0,1789058859,126897
tilt_k0.2_s0,1789058869,126897
tilt_k0.2_s0,1789058879,126897
tilt_k0.2_s0,1789058889,126897
tilt_k0.2_s0,1789058899,126897
tilt_k0.2_s0,1789058909,126897
tilt_k0.2_s0,1789058919,126897
tilt_k0.2_s0,1789058929,126897
tilt_k0.2_s0,1789058939,126897
tilt_k0.2_s0,1789058949,126897
tilt_k0.2_s0,1789058959,126897
tilt_k0.2_s0,1789058969,126897
tilt_k0.2_s0,1789058979,126897
tilt_k0.2_s0,1789058989,126897
tilt_k0.2_s0,1789058999,126897
tilt_k0.2_s0,1789059009,126897
tilt_k0.2_s0,1789059019,126897
tilt_k0.2_s0,1789059030,126897
tilt_k0.2_s0,1789059040,126897
tilt_k0.2_s0,1789059050,126897
tilt_k0.2_s0,1789059060,126897
tilt_k0.2_s0,1789059070,126897
tilt_k0.2_s0,1789059080,126897
tilt_k0.2_s0,1789059090,126897
tilt_k0.2_s0,1789059100,126897
tilt_k0.2_s0,1789059110,126897
tilt_k0.2_s0,1789059120,126897
tilt_k0.2_s0,1789059130,126897
tilt_k0.2_s0,1789059140,126897
tilt_k0.2_s0,1789059150,126897
tilt_k0.2_s0,1789059160,126897
tilt_k0.2_s0,1789059170,126897
tilt_k0.2_s0,1789059180,126897
tilt_k0.2_s0,1789059191,126897
tilt_k0.2_s0,1789059201,126897
tilt_k0.2_s0,1789059211,126897
tilt_k0.2_s0,1789059221,126897
tilt_k0.2_s0,1789059231,126897
tilt_k0.2_s0,1789059241,126897
tilt_k0.2_s0,1789059251,126897
tilt_k0.2_s0,1789059261,126897
tilt_k0.2_s0,1789059271,126897
tilt_k0.2_s0,1789059281,126897
tilt_k0.2_s0,1789059291,126897
tilt_k0.2_s0,1789059301,126897
tilt_k0.2_s0,1789059311,126897
tilt_k0.2_s0,1789059321,126897
tilt_k0.2_s0,1789059331,126897
tilt_k0.2_s0,1789059341,126897
tilt_k0.2_s0,1789059352,126897
tilt_k0.2_s0,1789059362,126897
tilt_k0.2_s0,1789059372,126897
tilt_k0.2_s0,1789059382,126897
tilt_k0.2_s0,1789059392,126897
tilt_k0.2_s0,1789059402,126897
tilt_k0.2_s0,1789059412,126897
tilt_k0.2_s0,1789059422,126897
tilt_k0.2_s0,1789059432,126897
tilt_k0.2_s0,1789059442,126897
tilt_k0.2_s0,1789059452,126897
tilt_k0.2_s0,1789059462,126897
tilt_k0.2_s0,1789059472,126897
tilt_k0.2_s0,1789059482,126897
tilt_k0.2_s0,1789059492,126897
tilt_k0.2_s0,1789059502,126897
tilt_k0.2_s0,1789059513,126897
tilt_k0.2_s0,1789059523,126897
tilt_k0.2_s0,1789059533,126897
tilt_k0.2_s0,1789059543,126897
tilt_k0.2_s0,1789059553,126897
tilt_k0.2_s0,1789059563,126897
tilt_k0.2_s0,1789059573,126897
tilt_k0.2_s0,1789059583,126897
tilt_k0.2_s0,1789059593,126897
tilt_k0.2_s0,1789059603,126897
tilt_k0.2_s0,1789059613,126897
tilt_k0.2_s0,1789059623,126897
tilt_k0.2_s0,1789059633,126897
tilt_k0.2_s0,1789059643,126897
tilt_k0.2_s0,1789059653,126897
tilt_k0.2_s0,1789059663,126897
tilt_k0.2_s0,1789059673,126897
tilt_k0.2_s0,1789059684,126897
tilt_k0.2_s0,1789059694,126897
tilt_k0.2_s0,1789059704,126897
tilt_k0.2_s0,1789059714,126897
tilt_k0.2_s0,1789059724,126897
tilt_k0.2_s0,1789059734,126897
tilt_k0.2_s0,1789059744,126897
tilt_k0.2_s0,1789059754,126897
tilt_k0.2_s0,1789059764,126897
tilt_k0.2_s0,1789059774,126897
tilt_k0.2_s0,1789059784,126897
tilt_k0.2_s0,1789059794,126897
tilt_k0.2_s0,1789059804,126897
tilt_k0.2_s0,1789059814,126897
tilt_k0.2_s0,1789059824,126897
tilt_k0.2_s0,1789059834,126897
tilt_k0.2_s0,1789059844,126897
tilt_k0.2_s0,1789059855,126897
tilt_k0.2_s0,1789059865,126897
tilt_k0.2_s0,1789059875,126897
tilt_k0.2_s0,1789059885,126897
tilt_k0.2_s0,1789059895,126897
tilt_k0.2_s0,1789059905,126897
tilt_k0.2_s0,1789059915,126897
tilt_k0.2_s0,1789059925,126897
tilt_k0.2_s0,1789059935,126897
tilt_k0.2_s0,1789059945,126897
tilt_k0.2_s0,1789059955,126897
tilt_k0.2_s0,1789059965,126897
tilt_k0.2_s0,1789059975,126897
tilt_k0.2_s0,1789059985,126897
tilt_k0.2_s0,1789059995,126897
tilt_k0.2_s0,1789060005,126897
tilt_k0.2_s0,1789060016,126897
tilt_k0.2_s0,1789060026,126897
tilt_k0.2_s0,1789060036,126897
tilt_k0.2_s0,1789060046,126897
tilt_k0.2_s0,1789060056,126897
tilt_k0.2_s0,1789060066,126897
tilt_k0.2_s0,1789060076,126897
tilt_k0.2_s0,1789060086,126897
tilt_k0.2_s0,1789060096,126897
tilt_k0.2_s0,1789060106,126897
tilt_k0.2_s0,1789060116,126897
tilt_k0.2_s0,1789060126,126897
tilt_k0.2_s0,1789060136,126897
tilt_k0.2_s0,1789060146,126897
tilt_k0.2_s0,1789060156,126897
tilt_k0.2_s0,1789060166,126897
tilt_k0.2_s0,1789060176,126897
tilt_k0.2_s0,1789060187,126897
tilt_k0.2_s0,1789060197,126897
tilt_k0.2_s0,1789060207,126897
tilt_k0.2_s0,1789060217,126897
tilt_k0.2_s0,1789060227,126897
tilt_k0.2_s0,1789060237,126897
tilt_k0.2_s0,1789060247,126897
tilt_k0.2_s0,1789060257,126897
tilt_k0.2_s0,1789060267,126897
tilt_k0.2_s0,1789060277,126897
tilt_k0.2_s0,1789060287,126897
tilt_k0.2_s0,1789060297,126897
tilt_k0.2_s0,1789060307,126897
tilt_k0.2_s0,1789060317,126897
tilt_k0.2_s0,1789060327,126897
tilt_k0.2_s0,1789060337,126897
tilt_k0.2_s0,1789060348,126897
tilt_k0.2_s0,1789060358,126897
tilt_k0.2_s0,1789060368,126897
tilt_k0.2_s0,1789060378,126897
tilt_k0.2_s0,1789060388,126897
tilt_k0.2_s0,1789060398,126897
tilt_k0.2_s0,1789060408,126897
tilt_k0.2_s0,1789060418,126897
tilt_k0.2_s0,1789060428,126897
tilt_k0.2_s0,1789060438,126897
tilt_k0.2_s0,1789060448,126897
tilt_k0.2_s0,1789060458,126897
tilt_k0.2_s0,1789060468,126897
tilt_k0.2_s0,1789060478,126897
tilt_k0.2_s0,1789060488,126897
tilt_k0.2_s0,1789060498,126897
tilt_k0.2_s0,1789060508,126897
tilt_k0.2_s0,1789060519,126897
tilt_k0.2_s0,1789060529,126897
tilt_k0.2_s0,1789060539,126897
tilt_k0.2_s0,1789060549,126897
tilt_k0.2_s0,1789060559,126897
tilt_k0.2_s0,1789060569,126897
tilt_k0.2_s0,1789060579,126897
tilt_k0.2_s0,1789060589,126897
tilt_k0.2_s0,1789060599,126897
tilt_k0.2_s0,1789060609,126897
tilt_k0.2_s0,1789060619,126897
tilt_k0.2_s0,1789060629,126897
tilt_k0.2_s0,1789060639,126897
tilt_k0.2_s0,1789060649,126897
tilt_k0.2_s0,1789060659,126897
tilt_k0.2_s0,1789060669,126897
tilt_k0.2_s0,1789060679,126897
tilt_k0.2_s0,1789060690,126897
tilt_k0.2_s0,1789060700,126897
tilt_k0.2_s0,1789060710,126897
tilt_k0.2_s0,1789060720,126897
tilt_k0.2_s0,1789060730,126897
tilt_k0.2_s0,1789060740,126897
tilt_k0.2_s0,1789060750,126897
tilt_k0.2_s0,1789060760,126897
tilt_k0.2_s0,1789060770,126897
tilt_k0.2_s0,1789060780,126897
tilt_k0.2_s0,1789060790,126897
tilt_k0.2_s0,1789060800,126897
tilt_k0.2_s0,1789060810,126897
tilt_k0.2_s0,1789060820,126897
tilt_k0.2_s0,1789060830,126897
tilt_k0.2_s0,1789060840,126897
tilt_k0.2_s0,1789060851,126897
tilt_k0.2_s0,1789060861,126897
tilt_k0.2_s0,1789060871,126897
tilt_k0.2_s0,1789060881,126897
tilt_k0.2_s0,1789060891,126897
tilt_k0.2_s0,1789060901,126897
tilt_k0.2_s0,1789060911,126897
tilt_k0.2_s0,1789060921,126897
tilt_k0.2_s0,1789060931,126897
tilt_k0.2_s0,1789060941,126897
tilt_k0.2_s0,1789060951,126897
tilt_k0.2_s0,1789060961,126897
tilt_k0.2_s0,1789060971,126897
tilt_k0.2_s0,1789060981,126897
tilt_k0.2_s0,1789060991,126897
tilt_k0.2_s0,1789061001,126897
tilt_k0.2_s0,1789061012,126897
tilt_k0.2_s0,1789061022,126897
tilt_k0.2_s0,1789061032,126897
tilt_k0.2_s0,1789061042,126897
tilt_k0.2_s0,1789061052,126897
tilt_k0.2_s0,1789061062,126897
tilt_k0.2_s0,1789061072,126897
tilt_k0.2_s0,1789061082,126897
tilt_k0.2_s0,1789061092,126897
tilt_k0.2_s0,1789061102,126897
tilt_k0.2_s0,1789061112,126897
tilt_k0.2_s0,1789061122,126897
tilt_k0.2_s0,1789061132,126897
tilt_k0.2_s0,1789061142,126897
tilt_k0.2_s0,1789061152,126897
tilt_k0.2_s0,1789061162,126897
tilt_k0.2_s0,1789061172,126897
tilt_k0.2_s0,1789061183,126897
tilt_k0.2_s0,1789061193,126897
tilt_k0.2_s0,1789061203,126897
tilt_k0.2_s0,1789061213,126897
tilt_k0.2_s0,1789061223,126897
tilt_k0.2_s0,1789061233,126897
tilt_k0.2_s0,1789061243,126897
tilt_k0.2_s0,1789061253,126897
tilt_k0.2_s0,1789061263,126897
tilt_k0.2_s0,1789061273,126897
tilt_k0.2_s0,1789061283,126897
tilt_k0.2_s0,1789061293,126897
tilt_k0.2_s0,1789061303,126897
tilt_k0.2_s0,1789061313,126897
tilt_k0.2_s0,1789061323,126897
tilt_k0.2_s0,1789061333,126897
tilt_k0.2_s0,1789061344,126897
tilt_k0.2_s0,1789061354,126897
tilt_k0.2_s0,1789061364,126897
tilt_k0.2_s0,1789061374,126897
tilt_k0.2_s0,1789061384,126897
tilt_k0.2_s0,1789061394,126897
tilt_k0.2_s0,1789061404,126897
tilt_k0.2_s0,1789061414,126897
tilt_k0.2_s0,1789061424,126897
tilt_k0.2_s0,1789061434,126897
tilt_k0.2_s0,1789061444,126897
tilt_k0.2_s0,1789061454,126897
tilt_k0.2_s0,1789061464,126897
tilt_k0.2_s0,1789061474,126897
tilt_k0.2_s0,1789061484,126897
tilt_k0.2_s0,1789061494,126897
tilt_k0.2_s0,1789061505,126897
tilt_k0.2_s0,1789061515,126897
tilt_k0.2_s0,1789061525,126897
tilt_k0.2_s0,1789061535,126897
tilt_k0.2_s0,1789061545,126897
tilt_k0.2_s0,1789061555,126897
tilt_k0.2_s0,1789061565,126897
tilt_k0.2_s0,1789061575,126897
tilt_k0.2_s0,1789061585,126897
tilt_k0.2_s0,1789061595,126897
tilt_k0.2_s0,1789061605,126897
tilt_k0.2_s0,1789061615,126897
tilt_k0.2_s0,1789061625,126897
tilt_k0.2_s0,1789061635,126897
tilt_k0.2_s0,1789061645,126897
tilt_k0.2_s0,1789061655,126897
tilt_k0.2_s0,1789061665,126897
tilt_k0.2_s0,1789061676,126897
tilt_k0.2_s0,1789061686,126897
tilt_k0.2_s0,1789061696,126897
tilt_k0.2_s0,1789061706,126897
tilt_k0.2_s0,1789061716,126897
tilt_k0.2_s0,1789061726,126897
tilt_k0.2_s0,1789061736,126897
tilt_k0.2_s0,1789061746,126897
tilt_k0.2_s0,1789061756,126897
tilt_k0.2_s0,1789061766,126897
tilt_k0.2_s0,1789061776,126897
tilt_k0.2_s0,1789061786,126897
tilt_k0.2_s0,1789061796,126897
tilt_k0.2_s0,1789061806,126897
tilt_k0.2_s0,1789061816,126897
tilt_k0.2_s0,1789061826,126897
tilt_k0.2_s0,1789061836,126897
tilt_k0.2_s0,1789061847,126897
tilt_k0.2_s0,1789061857,126897
tilt_k0.2_s0,1789061867,126897
tilt_k0.2_s0,1789061877,126897
tilt_k0.2_s0,1789061887,126897
tilt_k0.2_s0,1789061897,126897
tilt_k0.2_s0,1789061907,126897
tilt_k0.2_s0,1789061917,126897
tilt_k0.2_s0,1789061927,126897
tilt_k0.2_s0,1789061937,126897
tilt_k0.2_s0,1789061947,126897
tilt_k0.2_s0,1789061957,126897
tilt_k0.2_s0,1789061967,126897
tilt_k0.2_s0,1789061977,126897
tilt_k0.2_s0,1789061987,126897
tilt_k0.2_s0,1789061997,126897
tilt_k0.2_s0,1789062008,126897
tilt_k0.2_s0,1789062018,126897
tilt_k0.2_s0,1789062028,126897
tilt_k0.2_s0,1789062038,126897
tilt_k0.2_s0,1789062048,126897
tilt_k0.2_s0,1789062058,126897
tilt_k0.2_s0,1789062068,126897
tilt_k0.2_s0,1789062078,126897
tilt_k0.2_s0,1789062088,126897
tilt_k0.2_s0,1789062098,126897
tilt_k0.2_s0,1789062108,126897
tilt_k0.2_s0,1789062118,126897
tilt_k0.2_s0,1789062128,126897
tilt_k0.2_s0,1789062138,126897
tilt_k0.2_s0,1789062148,126897
tilt_k0.2_s0,1789062158,126897
tilt_k0.2_s0,1789062169,126897
tilt_k0.2_s0,1789062179,126897
tilt_k0.2_s0,1789062189,126897
tilt_k0.2_s0,1789062199,126897
tilt_k0.2_s0,1789062209,126897
tilt_k0.2_s0,1789062219,126897
tilt_k0.2_s0,1789062229,126897
tilt_k0.2_s0,1789062239,126897
tilt_k0.2_s0,1789062249,126897
tilt_k0.2_s0,1789062259,126897
tilt_k0.2_s0,1789062269,126897
tilt_k0.2_s0,1789062279,126897
tilt_k0.2_s0,1789062289,126897
tilt_k0.2_s0,1789062299,126897
tilt_k0.2_s0,1789062309,126897
tilt_k0.2_s0,1789062319,126897
tilt_k0.2_s0,1789062329,126897
tilt_k0.2_s0,1789062340,126897
tilt_k0.2_s0,1789062350,126897
tilt_k0.2_s0,1789062360,126897
tilt_k0.2_s0,1789062370,126897
tilt_k0.2_s0,1789062380,126897
tilt_k0.2_s0,1789062390,126897
tilt_k0.2_s0,1789062400,126897
tilt_k0.2_s0,1789062410,126897
tilt_k0.2_s0,1789062420,126897
tilt_k0.2_s0,1789062430,126897
tilt_k0.2_s0,1789062440,126897
tilt_k0.2_s0,1789062450,126897
tilt_k0.2_s0,1789062460,126897
tilt_k0.2_s0,1789062470,126897
tilt_k0.2_s0,1789062480,126897
tilt_k0.2_s0,1789062490,126897
tilt_k0.2_s0,1789062501,126897
tilt_k0.2_s0,1789062511,126897
tilt_k0.2_s0,1789062521,126897
tilt_k0.2_s0,1789062531,126897
tilt_k0.2_s0,1789062541,126897
tilt_k0.2_s0,1789062551,126897
tilt_k0.2_s0,1789062561,126897
tilt_k0.2_s0,1789062571,126897
tilt_k0.2_s0,1789062581,126897
tilt_k0.2_s0,1789062591,126897
tilt_k0.2_s0,1789062601,126897
tilt_k0.2_s0,1789062611,126897
tilt_k0.2_s0,1789062621,126897
tilt_k0.2_s0,1789062631,126897
tilt_k0.2_s0,1789062641,126897
tilt_k0.2_s0,1789062651,126897
tilt_k0.2_s0,1789062662,126897
tilt_k0.2_s0,1789062672,126897
tilt_k0.2_s0,1789062682,126897
tilt_k0.2_s0,1789062692,126897
tilt_k0.2_s0,1789062702,126897
tilt_k0.2_s0,1789062712,126897
tilt_k0.2_s0,1789062722,126897
tilt_k0.2_s0,1789062732,126897
tilt_k0.2_s0,1789062742,126897
tilt_k0.2_s0,1789062752,126897
tilt_k0.2_s0,1789062762,126897
tilt_k0.2_s0,1789062772,126897
tilt_k0.2_s0,1789062782,126897
tilt_k0.2_s0,1789062792,126897
tilt_k0.2_s0,1789062802,126897
tilt_k0.2_s0,1789062812,126897
tilt_k0.2_s0,1789062823,126897
tilt_k0.2_s0,1789062833,126897
tilt_k0.2_s0,1789062843,126897
tilt_k0.2_s0,1789062853,126897
tilt_k0.2_s0,1789062863,126897
tilt_k0.2_s0,1789062873,126897
tilt_k0.2_s0,1789062883,126897
tilt_k0.2_s0,1789062893,126897
tilt_k0.2_s0,1789062903,126897
tilt_k0.2_s0,1789062913,126897
tilt_k0.2_s0,1789062923,126897
tilt_k0.2_s0,1789062933,126897
tilt_k0.2_s0,1789062943,126897
tilt_k0.2_s0,1789062953,126897
tilt_k0.2_s0,1789062963,126897
tilt_k0.2_s0,1789062973,126897
tilt_k0.2_s0,1789062983,126897
tilt_k0.2_s0,1789062994,126897
tilt_k0.2_s0,1789063004,126897
tilt_k0.2_s0,1789063014,126897
tilt_k0.2_s0,1789063024,126897
tilt_k0.2_s0,1789063034,126897
tilt_k0.2_s0,1789063044,126897
tilt_k0.2_s0,1789063054,126897
tilt_k0.2_s0,1789063064,126897
tilt_k0.2_s0,1789063074,126897
tilt_k0.2_s0,1789063084,126897
tilt_k0.2_s0,1789063094,126897
tilt_k0.2_s0,1789063104,126897
tilt_k0.2_s0,1789063114,126897
tilt_k0.2_s0,1789063124,126897
tilt_k0.2_s0,1789063134,126897
tilt_k0.2_s0,1789063144,126897
tilt_k0.2_s0,1789063155,126897
tilt_k0.2_s0,1789063165,126897
tilt_k0.2_s0,1789063175,126897
tilt_k0.2_s0,1789063185,126897
tilt_k0.2_s0,1789063195,126897
tilt_k0.2_s0,1789063205,126897
tilt_k0.2_s0,1789063215,126897
tilt_k0.2_s0,1789063225,126897
tilt_k0.2_s0,1789063235,126897
tilt_k0.2_s0,1789063245,126897
tilt_k0.2_s0,1789063255,126897
tilt_k0.2_s0,1789063265,126897
tilt_k0.2_s0,1789063275,126897
tilt_k0.2_s0,1789063285,126897
tilt_k0.2_s0,1789063295,126897
tilt_k0.2_s0,1789063305,126897
tilt_k0.2_s0,1789063315,126897
tilt_k0.2_s0,1789063326,126897
tilt_k0.2_s0,1789063336,126897
tilt_k0.2_s0,1789063346,126897
tilt_k0.2_s0,1789063356,126897
tilt_k0.2_s0,1789063366,126897
tilt_k0.2_s0,1789063376,126897
tilt_k0.2_s0,1789063386,126897
tilt_k0.2_s0,1789063396,126897
tilt_k0.2_s0,1789063406,126897
tilt_k0.2_s0,1789063416,126897
tilt_k0.2_s0,1789063426,126897
tilt_k0.2_s0,1789063436,126897
tilt_k0.2_s0,1789063446,126897
tilt_k0.2_s0,1789063456,126897
tilt_k0.2_s0,1789063466,126897
tilt_k0.2_s0,1789063476,126897
tilt_k0.2_s0,1789063486,126897
tilt_k0.2_s0,1789063497,126897
tilt_k0.2_s0,1789063507,126897
tilt_k0.2_s0,1789063517,126897
tilt_k0.2_s0,1789063527,126897
tilt_k0.2_s0,1789063537,126897
tilt_k0.2_s0,1789063547,126897
tilt_k0.2_s0,1789063557,126897
tilt_k0.2_s0,1789063567,126897
tilt_k0.2_s0,1789063577,126897
tilt_k0.2_s0,1789063587,126897
tilt_k0.2_s0,1789063597,126897
tilt_k0.2_s0,1789063607,126897
tilt_k0.2_s0,1789063617,126897
tilt_k0.2_s0,1789063627,126897
tilt_k0.2_s0,1789063637,126897
tilt_k0.2_s0,1789063647,126897
tilt_k0.2_s0,1789063657,126897
tilt_k0.2_s0,1789063668,126897
tilt_k0.2_s0,1789063678,126897
tilt_k0.2_s0,1789063688,126897
tilt_k0.2_s0,1789063698,126897
tilt_k0.2_s0,1789063708,126897
tilt_k0.2_s0,1789063718,126897
tilt_k0.2_s0,1789063728,126897
tilt_k0.2_s0,1789063738,126897
tilt_k0.2_s0,1789063748,126897
tilt_k0.2_s0,1789063758,126897
tilt_k0.2_s0,1789063768,126897
tilt_k0.2_s0,1789063778,126897
tilt_k0.2_s0,1789063788,126897
tilt_k0.2_s0,1789063798,126897
tilt_k0.2_s0,1789063808,126897
tilt_k0.2_s0,1789063818,126897
tilt_k0.2_s0,1789063829,126897
tilt_k0.2_s0,1789063839,126897
tilt_k0.2_s0,1789063849,126897
tilt_k0.2_s0,1789063859,126897
tilt_k0.2_s0,1789063869,126897
tilt_k0.2_s0,1789063879,126897
tilt_k0.2_s0,1789063889,126897
tilt_k0.2_s0,1789063899,126897
tilt_k0.2_s0,1789063909,126897
tilt_k0.2_s0,1789063919,126897
tilt_k0.2_s0,1789063929,126897
tilt_k0.2_s0,1789063939,126897
tilt_k0.2_s0,1789063949,126897
tilt_k0.2_s0,1789063959,126897
tilt_k0.2_s0,1789063969,126897
tilt_k0.2_s0,1789063979,126897
tilt_k0.2_s0,1789063989,126897
tilt_k0.2_s0,1789064000,126897
tilt_k0.2_s0,1789064010,126897
tilt_k0.2_s0,1789064020,126897
tilt_k0.2_s0,1789064030,126897
tilt_k0.2_s0,1789064040,126897
tilt_k0.2_s0,1789064050,126897
tilt_k0.2_s0,1789064060,126897
tilt_k0.2_s0,1789064070,126897
tilt_k0.2_s0,1789064080,126897
tilt_k0.2_s0,1789064090,126897
tilt_k0.2_s0,1789064100,126897
tilt_k0.2_s0,1789064110,126897
tilt_k0.2_s0,1789064120,126897
tilt_k0.2_s0,1789064130,126897
tilt_k0.2_s0,1789064140,126897
tilt_k0.2_s0,1789064150,126897
tilt_k0.2_s0,1789064161,126897
tilt_k0.2_s0,1789064171,126897
tilt_k0.2_s0,1789064181,126897
tilt_k0.2_s0,1789064191,126897
tilt_k0.2_s0,1789064201,126897
tilt_k0.2_s0,1789064211,126897
tilt_k0.2_s0,1789064221,126897
tilt_k0.2_s0,1789064231,126897
tilt_k0.2_s0,1789064241,126897
tilt_k0.2_s0,1789064251,126897
tilt_k0.2_s0,1789064261,126897
tilt_k0.2_s0,1789064271,126897
tilt_k0.2_s0,1789064281,126897
tilt_k0.2_s0,1789064291,126897
tilt_k0.2_s0,1789064301,126897
tilt_k0.2_s0,1789064311,126897
tilt_k0.2_s0,1789064321,126897
tilt_k0.2_s0,1789064332,126897
tilt_k0.2_s0,1789064342,126897
tilt_k0.2_s0,1789064352,126897
tilt_k0.2_s0,1789064362,126897
tilt_k0.2_s0,1789064372,126897
tilt_k0.2_s0,1789064382,126897
tilt_k0.2_s0,1789064392,126897
tilt_k0.2_s0,1789064402,126897
tilt_k0.2_s0,1789064412,126897
tilt_k0.2_s0,1789064422,126897
tilt_k0.2_s0,1789064432,126897
tilt_k0.2_s0,1789064442,126897
tilt_k0.2_s0,1789064452,126897
tilt_k0.2_s0,1789064462,126897
tilt_k0.2_s0,1789064472,126897
tilt_k0.2_s0,1789064482,126897
tilt_k0.2_s0,1789064492,126897
tilt_k0.2_s0,1789064503,126897
tilt_k0.2_s0,1789064513,126897
tilt_k0.2_s0,1789064523,126897
tilt_k0.2_s0,1789064533,126897
tilt_k0.2_s0,1789064543,126897
tilt_k0.2_s0,1789064553,126897
tilt_k0.2_s0,1789064563,126897
tilt_k0.2_s0,1789064573,126897
tilt_k0.2_s0,1789064583,126897
tilt_k0.2_s0,1789064593,126897
tilt_k0.2_s0,1789064603,126897
tilt_k0.2_s0,1789064613,126897
tilt_k0.2_s0,1789064623,126897
tilt_k0.2_s0,1789064633,126897
tilt_k0.2_s0,1789064643,126897
tilt_k0.2_s0,1789064653,126897
tilt_k0.2_s0,1789064664,126897
tilt_k0.2_s0,1789064674,126897
tilt_k0.2_s0,1789064684,126897
tilt_k0.2_s0,1789064694,126897
tilt_k0.2_s0,1789064704,126897
tilt_k0.2_s0,1789064714,126897
tilt_k0.2_s0,1789064724,126897
tilt_k0.2_s0,1789064734,126897
tilt_k0.2_s0,1789064744,126897
tilt_k0.2_s0,1789064754,126897
tilt_k0.2_s0,1789064764,126897
tilt_k0.2_s0,1789064774,126897
tilt_k0.2_s0,1789064784,126897
tilt_k0.2_s0,1789064794,126897
tilt_k0.2_s0,1789064804,126897
tilt_k0.2_s0,1789064814,126897
tilt_k0.2_s0,1789064824,126897
tilt_k0.2_s0,1789064835,126897
tilt_k0.2_s0,1789064845,126897
tilt_k0.2_s0,1789064855,126897
tilt_k0.2_s0,1789064865,126897
tilt_k0.2_s0,1789064875,126897
tilt_k0.2_s0,1789064885,126897
tilt_k0.2_s0,1789064895,126897
tilt_k0.2_s0,1789064905,126897
tilt_k0.2_s0,1789064915,126897
tilt_k0.2_s0,1789064925,126897
tilt_k0.2_s0,1789064935,126897
tilt_k0.2_s0,1789064945,126897
tilt_k0.2_s0,1789064955,126897
tilt_k0.2_s0,1789064965,126897
tilt_k0.2_s0,1789064975,126897
tilt_k0.2_s0,1789064985,126897
tilt_k0.2_s0,1789064995,126897
tilt_k0.2_s0,1789065006,126897
tilt_k0.2_s0,1789065016,126897
tilt_k0.2_s0,1789065026,126897
tilt_k0.2_s0,1789065036,126897
tilt_k0.2_s0,1789065046,126897
tilt_k0.2_s0,1789065056,126897
tilt_k0.2_s0,1789065066,126897
tilt_k0.2_s0,1789065076,126897
tilt_k0.2_s0,1789065086,126897
tilt_k0.2_s0,1789065096,126897
tilt_k0.2_s0,1789065106,126897
tilt_k0.2_s0,1789065116,126897
tilt_k0.2_s0,1789065126,126897
tilt_k0.2_s0,1789065136,126897
tilt_k0.2_s0,1789065146,126897
tilt_k0.2_s0,1789065156,126897
tilt_k0.2_s0,1789065167,126897
tilt_k0.2_s0,1789065177,126897
tilt_k0.2_s0,1789065187,126897
tilt_k0.2_s0,1789065197,126897
tilt_k0.2_s0,1789065207,126897
tilt_k0.2_s0,1789065217,126897
tilt_k0.2_s0,1789065227,126897
tilt_k0.2_s0,1789065237,126897
tilt_k0.2_s0,1789065247,126897
tilt_k0.2_s0,1789065257,126897
tilt_k0.2_s0,1789065267,126897
tilt_k0.2_s0,1789065277,126897
tilt_k0.2_s0,1789065287,126897
tilt_k0.2_s0,1789065297,126897
tilt_k0.2_s0,1789065307,126897
tilt_k0.2_s0,1789065317,126897
tilt_k0.2_s0,1789065327,126897
tilt_k0.2_s0,1789065338,126897
tilt_k0.2_s0,1789065348,126897
tilt_k0.2_s0,1789065358,126897
tilt_k0.2_s0,1789065368,126897
tilt_k0.2_s0,1789065378,126897
tilt_k0.2_s0,1789065388,126897
tilt_k0.2_s0,1789065398,126897
tilt_k0.2_s0,1789065408,126897
tilt_k0.2_s0,1789065418,126897
tilt_k0.2_s0,1789065428,126897
tilt_k0.2_s0,1789065438,126897
tilt_k0.2_s0,1789065448,126897
tilt_k0.2_s0,1789065458,126897
tilt_k0.2_s0,1789065468,126897
tilt_k0.2_s0,1789065478,126897
tilt_k0.2_s0,1789065488,126897
tilt_k0.2_s0,1789065498,126897
tilt_k0.2_s0,1789065509,126897
tilt_k0.2_s0,1789065519,126897
tilt_k0.2_s0,1789065529,126897
tilt_k0.2_s0,1789065539,126897
tilt_k0.2_s0,1789065549,126897
tilt_k0.2_s0,1789065559,126897
tilt_k0.2_s0,1789065569,126897
tilt_k0.2_s0,1789065579,126897
tilt_k0.2_s0,1789065589,126897
tilt_k0.2_s0,1789065599,126897
tilt_k0.2_s0,1789065609,126897
tilt_k0.2_s0,1789065619,126897
tilt_k0.2_s0,1789065629,126897
tilt_k0.2_s0,1789065639,126897
tilt_k0.2_s0,1789065649,126897
tilt_k0.2_s0,1789065659,126897
tilt_k0.2_s0,1789065670,126897
tilt_k0.2_s0,1789065680,126897
tilt_k0.2_s0,1789065690,126897
tilt_k0.2_s0,1789065700,126897
tilt_k0.2_s0,1789065710,126897
tilt_k0.2_s0,1789065720,126897
tilt_k0.2_s0,1789065730,126897
tilt_k0.2_s0,1789065740,126897
tilt_k0.2_s0,1789065750,126897
tilt_k0.2_s0,1789065760,126897
tilt_k0.2_s0,1789065770,126897
tilt_k0.2_s0,1789065780,126897
tilt_k0.2_s0,1789065790,126897
tilt_k0.2_s0,1789065800,126897
tilt_k0.2_s0,1789065810,126897
tilt_k0.2_s0,1789065820,126897
tilt_k0.2_s0,1789065830,126897
tilt_k0.2_s0,1789065841,126897
tilt_k0.2_s0,1789065851,126897
tilt_k0.2_s0,1789065861,126897
tilt_k0.2_s0,1789065871,126897
tilt_k0.2_s0,1789065881,126897
tilt_k0.2_s0,1789065891,126897
tilt_k0.2_s0,1789065901,126897
tilt_k0.2_s0,1789065911,126897
tilt_k0.2_s0,1789065921,126897
tilt_k0.2_s0,1789065931,126897
tilt_k0.2_s0,1789065941,126897
tilt_k0.2_s0,1789065951,126897
tilt_k0.2_s0,1789065961,126897
tilt_k0.2_s0,1789065971,126897
tilt_k0.2_s0,1789065981,126897
tilt_k0.2_s0,1789065991,126897
tilt_k0.2_s0,1789066001,126897
tilt_k0.2_s0,1789066012,126897
tilt_k0.2_s0,1789066022,126897
tilt_k0.2_s0,1789066032,126897
tilt_k0.2_s0,1789066042,126897
tilt_k0.2_s0,1789066052,126897
tilt_k0.2_s0,1789066062,126897
tilt_k0.2_s0,1789066072,126897
tilt_k0.2_s0,1789066082,126897
tilt_k0.2_s0,1789066092,126897
tilt_k0.2_s0,1789066102,126897
tilt_k0.2_s0,1789066112,126897
tilt_k0.2_s0,1789066122,126897
tilt_k0.2_s0,1789066132,126897
tilt_k0.2_s0,1789066142,126897
tilt_k0.2_s0,1789066152,126897
tilt_k0.2_s0,1789066162,126897
tilt_k0.2_s0,1789066173,126897
tilt_k0.2_s0,1789066183,126897
tilt_k0.2_s0,1789066193,126897
tilt_k0.2_s0,1789066203,126897
tilt_k0.2_s0,1789066213,126897
tilt_k0.2_s0,1789066223,126897
tilt_k0.2_s0,1789066233,126897
tilt_k0.2_s0,1789066243,126897
tilt_k0.2_s0,1789066253,126897
tilt_k0.2_s0,1789066263,126897
tilt_k0.2_s0,1789066273,126897
tilt_k0.2_s0,1789066283,126897
tilt_k0.2_s0,1789066293,126897
tilt_k0.2_s0,1789066303,126897
tilt_k0.2_s0,1789066313,126897
tilt_k0.2_s0,1789066323,126897
tilt_k0.2_s0,1789066333,126897
tilt_k0.2_s0,1789066344,126897
tilt_k0.2_s0,1789066354,126897
tilt_k0.2_s0,1789066364,126897
tilt_k0.2_s0,1789066374,126897
tilt_k0.2_s0,1789066384,126897
tilt_k0.2_s0,1789066394,126897
tilt_k0.2_s0,1789066404,126897
tilt_k0.2_s0,1789066414,126897
tilt_k0.2_s0,1789066424,126897
tilt_k0.2_s0,1789066434,126897
tilt_k0.2_s0,1789066444,126897
tilt_k0.2_s0,1789066454,126897
tilt_k0.2_s0,1789066464,126897
tilt_k0.2_s0,1789066474,126897
tilt_k0.2_s0,1789066484,126897
tilt_k0.2_s0,1789066494,126897
tilt_k0.2_s0,1789066504,126897
tilt_k0.2_s0,1789066515,126897
tilt_k0.2_s0,1789066525,126897
tilt_k0.2_s0,1789066535,126897
tilt_k0.2_s0,1789066545,126897
tilt_k0.2_s0,1789066555,126897
tilt_k0.2_s0,1789066565,126897
tilt_k0.2_s0,1789066575,126897
tilt_k0.2_s0,1789066585,126897
tilt_k0.2_s0,1789066595,126897
tilt_k0.2_s0,1789066605,126897
tilt_k0.2_s0,1789066615,126897
tilt_k0.2_s0,1789066625,126897
tilt_k0.2_s0,1789066635,126897
tilt_k0.2_s0,1789066645,126897
tilt_k0.2_s0,1789066655,126897
tilt_k0.2_s0,1789066665,126897
tilt_k0.2_s0,1789066675,126897
tilt_k0.2_s0,1789066686,126897
tilt_k0.2_s0,1789066696,126897
tilt_k0.2_s0,1789066706,126897
tilt_k0.2_s0,1789066716,126897
tilt_k0.2_s0,1789066726,126897
tilt_k0.2_s0,1789066736,126897
tilt_k0.2_s0,1789066746,126897
tilt_k0.2_s0,1789066756,126897
tilt_k0.2_s0,1789066766,126897
tilt_k0.2_s0,1789066776,126897
tilt_k0.2_s0,1789066786,126897
tilt_k0.2_s0,1789066796,126897
tilt_k0.2_s0,1789066806,126897
tilt_k0.2_s0,1789066816,126897
tilt_k0.2_s0,1789066826,126897
tilt_k0.2_s0,1789066836,126897
tilt_k0.2_s0,1789066846,126897
tilt_k0.2_s0,1789066857,126897
tilt_k0.2_s0,1789066867,126897
tilt_k0.2_s0,1789066877,126897
tilt_k0.2_s0,1789066887,126897
tilt_k0.2_s0,1789066897,126897
tilt_k0.2_s0,1789066907,126897
tilt_k0.2_s0,1789066917,126897
tilt_k0.2_s0,1789066927,126897
tilt_k0.2_s0,1789066937,126897
tilt_k0.2_s0,1789066947,126897
tilt_k0.2_s0,1789066957,126897
tilt_k0.2_s0,1789066967,126897
tilt_k0.2_s0,1789066977,126897
tilt_k0.2_s0,1789066987,126897
tilt_k0.2_s0,1789066997,126897
tilt_k0.2_s0,1789067007,126897
tilt_k0.2_s0,1789067018,126897
tilt_k0.2_s0,1789067028,126897
tilt_k0.2_s0,1789067038,126897
tilt_k0.2_s0,1789067048,126897
tilt_k0.2_s0,1789067058,126897
tilt_k0.2_s0,1789067068,126897
tilt_k0.2_s0,1789067078,126897
tilt_k0.2_s0,1789067088,126897
tilt_k0.2_s0,1789067098,126897
tilt_k0.2_s0,1789067108,126897
tilt_k0.2_s0,1789067118,126897
tilt_k0.2_s0,1789067128,126897
tilt_k0.2_s0,1789067138,126897
tilt_k0.2_s0,1789067148,126897
tilt_k0.2_s0,1789067158,126897
tilt_k0.2_s0,1789067168,126897
tilt_k0.2_s0,1789067178,126897
tilt_k0.2_s0,1789067189,126897
tilt_k0.2_s0,1789067199,126897
tilt_k0.2_s0,1789067209,126897
tilt_k0.2_s0,1789067219,126897
tilt_k0.2_s0,1789067229,126897
tilt_k0.2_s0,1789067239,126897
tilt_k0.2_s0,1789067249,126897
tilt_k0.2_s0,1789067259,126897
tilt_k0.2_s0,1789067269,126897
tilt_k0.2_s0,1789067279,126897
tilt_k0.2_s0,1789067289,126897
tilt_k0.2_s0,1789067299,126897
tilt_k0.2_s0,1789067309,126897
tilt_k0.2_s0,1789067319,126897
tilt_k0.2_s0,1789067329,126897
tilt_k0.2_s0,1789067339,126897
tilt_k0.2_s0,1789067349,126897
tilt_k0.2_s0,1789067360,126897
tilt_k0.2_s0,1789067370,126897
tilt_k0.2_s0,1789067380,126897
tilt_k0.2_s0,1789067390,126897
tilt_k0.2_s0,1789067400,126897
tilt_k0.2_s0,1789067410,126897
tilt_k0.2_s0,1789067420,126897
tilt_k0.2_s0,1789067430,126897
tilt_k0.2_s0,1789067440,126897
tilt_k0.2_s0,1789067450,126897
tilt_k0.2_s0,1789067460,126897
tilt_k0.2_s0,1789067470,126897
tilt_k0.2_s0,1789067480,126897
tilt_k0.2_s0,1789067490,126897
tilt_k0.2_s0,1789067500,126897
tilt_k0.2_s0,1789067510,126897
tilt_k0.2_s0,1789067521,126897
tilt_k0.2_s0,1789067531,126897
tilt_k0.2_s0,1789067541,126897
tilt_k0.2_s0,1789067551,126897
tilt_k0.2_s0,1789067561,126897
tilt_k0.2_s0,1789067571,126897
tilt_k0.2_s0,1789067581,126897
tilt_k0.2_s0,1789067591,126897
tilt_k0.2_s0,1789067601,126897
tilt_k0.2_s0,1789067611,126897
tilt_k0.2_s0,1789067621,126897
tilt_k0.2_s0,1789067631,126897
tilt_k0.2_s0,1789067641,126897
tilt_k0.2_s0,1789067651,126897
tilt_k0.2_s0,1789067661,126897
tilt_k0.2_s0,1789067671,126897
tilt_k0.2_s0,1789067681,126897
tilt_k0.2_s0,1789067692,126897
tilt_k0.2_s0,1789067702,126897
tilt_k0.2_s0,1789067712,126897
tilt_k0.2_s0,1789067722,126897
tilt_k0.2_s0,1789067732,126897
tilt_k0.2_s0,1789067742,126897
tilt_k0.2_s0,1789067752,126897
tilt_k0.2_s0,1789067762,126897
tilt_k0.2_s0,1789067772,126897
tilt_k0.2_s0,1789067782,126897
tilt_k0.2_s0,1789067792,126897
tilt_k0.2_s0,1789067802,126897
tilt_k0.2_s0,1789067812,126897
tilt_k0.2_s0,1789067822,126897
tilt_k0.2_s0,1789067832,126897
tilt_k0.2_s0,1789067842,126897
tilt_k0.2_s0,1789067853,126897
tilt_k0.2_s0,1789067863,126897
tilt_k0.2_s0,1789067873,126897
tilt_k0.2_s0,1789067883,126897
tilt_k0.2_s0,1789067893,126897
tilt_k0.2_s0,1789067903,126897
tilt_k0.2_s0,1789067913,126897
tilt_k0.2_s0,1789067923,126897
tilt_k0.2_s0,1789067933,126897
tilt_k0.2_s0,1789067943,126897
tilt_k0.2_s0,1789067953,126897
tilt_k0.2_s0,1789067963,126897
tilt_k0.2_s0,1789067973,126897
tilt_k0.2_s0,1789067983,126897
tilt_k0.2_s0,1789067993,126897
tilt_k0.2_s0,1789068003,126897
tilt_k0.2_s0,1789068013,126897
tilt_k0.2_s0,1789068024,126897
tilt_k0.2_s0,1789068034,126897
tilt_k0.2_s0,1789068044,126897
tilt_k0.2_s0,1789068054,126897
tilt_k0.2_s0,1789068064,126897
tilt_k0.2_s0,1789068074,126897
tilt_k0.2_s0,1789068084,126897
tilt_k0.2_s0,1789068094,126897
tilt_k0.2_s0,1789068104,126897
tilt_k0.2_s0,1789068114,126897
tilt_k0.2_s0,1789068124,126897
tilt_k0.2_s0,1789068134,126897
tilt_k0.2_s0,1789068144,126897
tilt_k0.2_s0,1789068154,126897
tilt_k0.2_s0,1789068164,126897
tilt_k0.2_s0,1789068174,126897
tilt_k0.2_s0,1789068185,126897
tilt_k0.2_s0,1789068195,126897
tilt_k0.2_s0,1789068205,126897
tilt_k0.2_s0,1789068215,126897
tilt_k0.2_s0,1789068225,126897
tilt_k0.2_s0,1789068235,126897
tilt_k0.2_s0,1789068245,126897
tilt_k0.2_s0,1789068255,126897
tilt_k0.2_s0,1789068265,126897
tilt_k0.2_s0,1789068275,126897
tilt_k0.2_s0,1789068285,126897
tilt_k0.2_s0,1789068295,126897
tilt_k0.2_s0,1789068305,126897
tilt_k0.2_s0,1789068315,126897
tilt_k0.2_s0,1789068325,126897
tilt_k0.2_s0,1789068335,126897
tilt_k0.2_s0,1789068345,126897
tilt_k0.2_s0,1789068356,126897
tilt_k0.2_s0,1789068366,126897
tilt_k0.2_s0,1789068376,126897
tilt_k0.2_s0,1789068386,126897
tilt_k0.2_s0,1789068396,126897
tilt_k0.2_s0,1789068406,126897
tilt_k0.2_s0,1789068416,126897
tilt_k0.2_s0,1789068426,126897
tilt_k0.2_s0,1789068436,126897
tilt_k0.2_s0,1789068446,126897
tilt_k0.2_s0,1789068456,126897
tilt_k0.2_s0,1789068466,126897
tilt_k0.2_s0,1789068476,126897
tilt_k0.2_s0,1789068486,126897
tilt_k0.2_s0,1789068496,126897
tilt_k0.2_s0,1789068506,126897
tilt_k0.2_s0,1789068516,126897
tilt_k0.2_s0,1789068527,126897
tilt_k0.2_s0,1789068537,126897
tilt_k0.2_s0,1789068547,126897
tilt_k0.2_s0,1789068557,126897
tilt_k0.2_s0,1789068567,126897
tilt_k0.2_s0,1789068577,126897
tilt_k0.2_s0,1789068587,126897
tilt_k0.2_s0,1789068597,126897
tilt_k0.2_s0,1789068607,126897
tilt_k0.2_s0,1789068617,126897
tilt_k0.2_s0,1789068627,126897
tilt_k0.2_s0,1789068637,126897
tilt_k0.2_s0,1789068647,126897
tilt_k0.2_s0,1789068657,126897
tilt_k0.2_s0,1789068667,126897
tilt_k0.2_s0,1789068677,126897
tilt_k0.2_s0,1789068688,126897
tilt_k0.2_s0,1789068698,126897
tilt_k0.2_s0,1789068708,126897
tilt_k0.2_s0,1789068718,126897
tilt_k0.2_s0,1789068728,126897
tilt_k0.2_s0,1789068738,126897
tilt_k0.2_s0,1789068748,126897
tilt_k0.2_s0,1789068758,126897
tilt_k0.2_s0,1789068768,126897
tilt_k0.2_s0,1789068778,126897
tilt_k0.2_s0,1789068788,126897
tilt_k0.2_s0,1789068798,126897
tilt_k0.2_s0,1789068808,126897
tilt_k0.2_s0,1789068818,126897
tilt_k0.2_s0,1789068828,126897
tilt_k0.2_s0,1789068838,126897
tilt_k0.2_s0,1789068848,126897
tilt_k0.2_s0,1789068859,126897
tilt_k0.2_s0,1789068869,126897
tilt_k0.2_s0,1789068879,126897
tilt_k0.2_s0,1789068889,126897
tilt_k0.2_s0,1789068899,126897
tilt_k0.2_s0,1789068909,126897
tilt_k0.2_s0,1789068919,126897
tilt_k0.2_s0,1789068929,126897
tilt_k0.2_s0,1789068939,126897
tilt_k0.2_s0,1789068949,126897
tilt_k0.2_s0,1789068959,126897
tilt_k0.2_s0,1789068969,126897
tilt_k0.2_s0,1789068979,126897
tilt_k0.2_s0,1789068989,126897
tilt_k0.2_s0,1789068999,126897
tilt_k0.2_s0,1789069009,126897
tilt_k0.2_s0,1789069019,126897
tilt_k0.2_s0,1789069030,126897
tilt_k0.2_s0,1789069040,126897
tilt_k0.2_s0,1789069050,126897
tilt_k0.2_s0,1789069060,126897
tilt_k0.2_s0,1789069070,126897
tilt_k0.2_s0,1789069080,126897
tilt_k0.2_s0,1789069090,126897
tilt_k0.2_s0,1789069100,126897
tilt_k0.2_s0,1789069110,126897
tilt_k0.2_s0,1789069120,126897
tilt_k0.2_s0,1789069130,126897
tilt_k0.2_s0,1789069140,126897
tilt_k0.2_s0,1789069150,126897
tilt_k0.2_s0,1789069160,126897
tilt_k0.2_s0,1789069170,126897
tilt_k0.2_s0,1789069180,126897
tilt_k0.2_s0,1789069190,126897
tilt_k0.2_s0,1789069201,126897
tilt_k0.2_s0,1789069211,126897
tilt_k0.2_s0,1789069221,126897
tilt_k0.2_s0,1789069231,126897
tilt_k0.2_s0,1789069241,126897
tilt_k0.2_s0,1789069251,126897
tilt_k0.2_s0,1789069261,126897
tilt_k0.2_s0,1789069271,126897
tilt_k0.2_s0,1789069281,126897
tilt_k0.2_s0,1789069291,126897
tilt_k0.2_s0,1789069301,126897
tilt_k0.2_s0,1789069311,126897
tilt_k0.2_s0,1789069321,126897
tilt_k0.2_s0,1789069331,126897
tilt_k0.2_s0,1789069341,126897
tilt_k0.2_s0,1789069351,126897
tilt_k0.2_s0,1789069362,126897
tilt_k0.2_s0,1789069372,126897
tilt_k0.2_s0,1789069382,126897
tilt_k0.2_s0,1789069392,126897
tilt_k0.2_s0,1789069402,126897
tilt_k0.2_s0,1789069412,126897
tilt_k0.2_s0,1789069422,126897
tilt_k0.2_s0,1789069432,126897
tilt_k0.2_s0,1789069442,126897
tilt_k0.2_s0,1789069452,126897
tilt_k0.2_s0,1789069462,126897
tilt_k0.2_s0,1789069472,126897
tilt_k0.2_s0,1789069482,126897
tilt_k0.2_s0,1789069492,126897
tilt_k0.2_s0,1789069502,126897
tilt_k0.2_s0,1789069512,126897
tilt_k0.2_s0,1789069522,126897
tilt_k0.2_s0,1789069533,126897
tilt_k0.2_s0,1789069543,126897
tilt_k0.2_s0,1789069553,126897
tilt_k0.2_s0,1789069563,126897
tilt_k0.2_s0,1789069573,126897
tilt_k0.2_s0,1789069583,126897
tilt_k0.2_s0,1789069593,126897
tilt_k0.2_s0,1789069603,126897
tilt_k0.2_s0,1789069613,126897
tilt_k0.2_s0,1789069623,126897
tilt_k0.2_s0,1789069633,126897
tilt_k0.2_s0,1789069643,126897
tilt_k0.2_s0,1789069653,126897
tilt_k0.2_s0,1789069663,126897
tilt_k0.2_s0,1789069673,126897
tilt_k0.2_s0,1789069683,126897
tilt_k0.2_s0,1789069693,126897
tilt_k0.2_s0,1789069704,126897
tilt_k0.2_s0,1789069714,126897
tilt_k0.2_s0,1789069724,126897
tilt_k0.2_s0,1789069734,126897
tilt_k0.2_s0,1789069744,126897
tilt_k0.2_s0,1789069754,126897
tilt_k0.2_s0,1789069764,126897
tilt_k0.2_s0,1789069774,126897
tilt_k0.2_s0,1789069784,126897
tilt_k0.2_s0,1789069794,126897
tilt_k0.2_s0,1789069804,126897
tilt_k0.2_s0,1789069814,126897
tilt_k0.2_s0,1789069824,126897
tilt_k0.2_s0,1789069834,126897
tilt_k0.2_s0,1789069844,126897
tilt_k0.2_s0,1789069854,126897
tilt_k0.2_s0,1789069865,126897
tilt_k0.2_s0,1789069875,126897
tilt_k0.2_s0,1789069885,126897
tilt_k0.2_s0,1789069895,126897
tilt_k0.2_s0,1789069905,126897
tilt_k0.2_s0,1789069915,126897
tilt_k0.2_s0,1789069925,126897
tilt_k0.2_s0,1789069935,126897
tilt_k0.2_s0,1789069945,126897
tilt_k0.2_s0,1789069955,126897
tilt_k0.2_s0,1789069965,126897
tilt_k0.2_s0,1789069975,126897
tilt_k0.2_s0,1789069985,126897
tilt_k0.2_s0,1789069995,126897
tilt_k0.2_s0,1789070005,126897
tilt_k0.2_s0,1789070015,126897
tilt_k0.2_s0,1789070025,126897
tilt_k0.2_s0,1789070036,126897
tilt_k0.2_s0,1789070046,126897
tilt_k0.2_s0,1789070056,126897
tilt_k0.2_s0,1789070066,126897
tilt_k0.2_s0,1789070076,126897
tilt_k0.2_s0,1789070086,126897
tilt_k0.2_s0,1789070096,126897
tilt_k0.2_s0,1789070106,126897
tilt_k0.2_s0,1789070116,126897
tilt_k0.2_s0,1789070126,126897
tilt_k0.2_s0,1789070136,126897
tilt_k0.2_s0,1789070146,126897
tilt_k0.2_s0,1789070156,126897
tilt_k0.2_s0,1789070166,126897
tilt_k0.2_s0,1789070176,126897
tilt_k0.2_s0,1789070186,126897
tilt_k0.2_s0,1789070197,126897
tilt_k0.2_s0,1789070207,126897
tilt_k0.2_s0,1789070217,126897
tilt_k0.2_s0,1789070227,126897
tilt_k0.2_s0,1789070237,126897
tilt_k0.2_s0,1789070247,126897
tilt_k0.2_s0,1789070257,126897
tilt_k0.2_s0,1789070267,126897
tilt_k0.2_s0,1789070277,126897
tilt_k0.2_s0,1789070287,126897
tilt_k0.2_s0,1789070297,126897
tilt_k0.2_s0,1789070307,126897
tilt_k0.2_s0,1789070317,126897
tilt_k0.2_s0,1789070327,126897
tilt_k0.2_s0,1789070337,126897
tilt_k0.2_s0,1789070347,126897
tilt_k0.2_s0,1789070357,126897
tilt_k0.2_s0,1789070368,126897
tilt_k0.2_s0,1789070378,126897
tilt_k0.2_s0,1789070388,126897
tilt_k0.2_s0,1789070398,126897
tilt_k0.2_s0,1789070408,126897
tilt_k0.2_s0,1789070418,126897
tilt_k0.2_s0,1789070428,126897
tilt_k0.2_s0,1789070438,126897
tilt_k0.2_s0,1789070448,126897
tilt_k0.2_s0,1789070458,126897
tilt_k0.2_s0,1789070468,126897
tilt_k0.2_s0,1789070478,126897
tilt_k0.2_s0,1789070488,126897
tilt_k0.2_s0,1789070498,126897
tilt_k0.2_s0,1789070508,126897
tilt_k0.2_s0,1789070518,126897
tilt_k0.2_s0,1789070528,126897
tilt_k0.2_s0,1789070539,126897
tilt_k0.2_s0,1789070549,126897
tilt_k0.2_s0,1789070559,126897
tilt_k0.2_s0,1789070569,126897
tilt_k0.2_s0,1789070579,126897
tilt_k0.2_s0,1789070589,126897
tilt_k0.2_s0,1789070599,126897
tilt_k0.2_s0,1789070609,126897
tilt_k0.2_s0,1789070619,126897
tilt_k0.2_s0,1789070629,126897
tilt_k0.2_s0,1789070639,126897
tilt_k0.2_s0,1789070649,126897
tilt_k0.2_s0,1789070659,126897
tilt_k0.2_s0,1789070669,126897
tilt_k0.2_s0,1789070679,126897
tilt_k0.2_s0,1789070689,126897
tilt_k0.2_s0,1789070700,126897
tilt_k0.2_s0,1789070710,126897
tilt_k0.2_s0,1789070720,126897
tilt_k0.2_s0,1789070730,126897
tilt_k0.2_s0,1789070740,126897
tilt_k0.2_s0,1789070750,126897
tilt_k0.2_s0,1789070760,126897
tilt_k0.2_s0,1789070770,126897
tilt_k0.2_s0,1789070780,126897
tilt_k0.2_s0,1789070790,126897
tilt_k0.2_s0,1789070800,126897
tilt_k0.2_s0,1789070810,126897
tilt_k0.2_s0,1789070820,126897
tilt_k0.2_s0,1789070830,126897
tilt_k0.2_s0,1789070840,126897
tilt_k0.2_s0,1789070850,126897
tilt_k0.2_s0,1789070860,126897
tilt_k0.2_s0,1789070871,126897
tilt_k0.2_s0,1789070881,126897
tilt_k0.2_s0,1789070891,126897
tilt_k0.2_s0,1789070901,126897
tilt_k0.2_s0,1789070911,126897
tilt_k0.2_s0,1789070921,126897
tilt_k0.2_s0,1789070931,126897
tilt_k0.2_s0,1789070941,126897
tilt_k0.2_s0,1789070951,126897
tilt_k0.2_s0,1789070961,126897
tilt_k0.2_s0,1789070971,126897
tilt_k0.2_s0,1789070981,126897
tilt_k0.2_s0,1789070991,126897
tilt_k0.2_s0,1789071001,126897
tilt_k0.2_s0,1789071011,126897
tilt_k0.2_s0,1789071021,126897
tilt_k0.2_s0,1789071031,126897
tilt_k0.2_s0,1789071042,126897
tilt_k0.2_s0,1789071052,126897
tilt_k0.2_s0,1789071062,126897
tilt_k0.2_s0,1789071072,126897
tilt_k0.2_s0,1789071082,126897
tilt_k0.2_s0,1789071092,126897
tilt_k0.2_s0,1789071102,126897
tilt_k0.2_s0,1789071112,126897
tilt_k0.2_s0,1789071122,126897
tilt_k0.2_s0,1789071132,126897
tilt_k0.2_s0,1789071142,126897
tilt_k0.2_s0,1789071152,126897
tilt_k0.2_s0,1789071162,126897
tilt_k0.2_s0,1789071172,126897
tilt_k0.2_s0,1789071182,126897
tilt_k0.2_s0,1789071192,126897
tilt_k0.2_s0,1789071202,126897
tilt_k0.2_s0,1789071213,126897
tilt_k0.2_s0,1789071223,126897
tilt_k0.2_s0,1789071233,126897
tilt_k0.2_s0,1789071243,126897
tilt_k0.2_s0,1789071253,126897
tilt_k0.2_s0,1789071263,126897
tilt_k0.2_s0,1789071273,126897
tilt_k0.2_s0,1789071283,126897
tilt_k0.2_s0,1789071293,126897
tilt_k0.2_s0,1789071303,126897
tilt_k0.2_s0,1789071313,126897
tilt_k0.2_s0,1789071323,126897
tilt_k0.2_s0,1789071333,126897
tilt_k0.2_s0,1789071343,126897
tilt_k0.2_s0,1789071353,126897
tilt_k0.2_s0,1789071363,126897
tilt_k0.2_s0,1789071374,126897
tilt_k0.2_s0,1789071384,126897
tilt_k0.2_s0,1789071394,126897
tilt_k0.2_s0,1789071404,126897
tilt_k0.2_s0,1789071414,126897
tilt_k0.2_s0,1789071424,126897
tilt_k0.2_s0,1789071434,126897
tilt_k0.2_s0,1789071444,126897
tilt_k0.2_s0,1789071454,126897
tilt_k0.2_s0,1789071464,126897
tilt_k0.2_s0,1789071474,126897
tilt_k0.2_s0,1789071484,126897
tilt_k0.2_s0,1789071494,126897
tilt_k0.2_s0,1789071504,126897
tilt_k0.2_s0,1789071514,126897
tilt_k0.2_s0,1789071524,126897
tilt_k0.2_s0,1789071534,126897
tilt_k0.2_s0,1789071545,126897
tilt_k0.2_s0,1789071555,126897
tilt_k0.2_s0,1789071565,126897
tilt_k0.2_s0,1789071575,126897
tilt_k0.2_s0,1789071585,126897
tilt_k0.2_s0,1789071595,126897
tilt_k0.2_s0,1789071605,126897
tilt_k0.2_s0,1789071615,126897
tilt_k0.2_s0,1789071625,126897
tilt_k0.2_s0,1789071635,126897
tilt_k0.2_s0,1789071645,126897
tilt_k0.2_s0,1789071655,126897
tilt_k0.2_s0,1789071665,126897
tilt_k0.2_s0,1789071675,126897
tilt_k0.2_s0,1789071685,126897
tilt_k0.2_s0,1789071695,126897
tilt_k0.2_s0,1789071705,126897
tilt_k0.2_s0,1789071716,126897
tilt_k0.2_s0,1789071726,126897
tilt_k0.2_s0,1789071736,126897
tilt_k0.2_s0,1789071746,126897
tilt_k0.2_s0,1789071756,126897
tilt_k0.2_s0,1789071766,126897
tilt_k0.2_s0,1789071776,126897
tilt_k0.2_s0,1789071786,126897
tilt_k0.2_s0,1789071796,126897
tilt_k0.2_s0,1789071806,126897
tilt_k0.2_s0,1789071816,126897
tilt_k0.2_s0,1789071826,126897
tilt_k0.2_s0,1789071836,126897
tilt_k0.2_s0,1789071846,126897
tilt_k0.2_s0,1789071856,126897
tilt_k0.2_s0,1789071866,126897
tilt_k0.2_s0,1789071877,126897
tilt_k0.2_s0,1789071887,126897
tilt_k0.2_s0,1789071897,126897
tilt_k0.2_s0,1789071907,126897
tilt_k0.2_s0,1789071917,126897
tilt_k0.2_s0,1789071927,126897
tilt_k0.2_s0,1789071937,126897
tilt_k0.2_s0,1789071947,126897
tilt_k0.2_s0,1789071957,126897
tilt_k0.2_s0,1789071967,126897
tilt_k0.2_s0,1789071977,126897
tilt_k0.2_s0,1789071987,126897
tilt_k0.2_s0,1789071997,126897
tilt_k0.2_s0,1789072007,126897
tilt_k0.2_s0,1789072017,126897
tilt_k0.2_s0,1789072027,126897
tilt_k0.2_s0,1789072037,126897
tilt_k0.2_s0,1789072048,126897
tilt_k0.2_s0,1789072058,126897
tilt_k0.2_s0,1789072068,126897
tilt_k0.2_s0,1789072078,126897
tilt_k0.2_s0,1789072088,126897
tilt_k0.2_s0,1789072098,126897
tilt_k0.2_s0,1789072108,126897
tilt_k0.2_s0,1789072118,126897
tilt_k0.2_s0,1789072128,126897
tilt_k0.2_s0,1789072138,126897
tilt_k0.2_s0,1789072148,126897
tilt_k0.2_s0,1789072158,126897
tilt_k0.2_s0,1789072168,126897
tilt_k0.2_s0,1789072178,126897
tilt_k0.2_s0,1789072188,126897
tilt_k0.2_s0,1789072198,126897
tilt_k0.2_s0,1789072209,126897
tilt_k0.2_s0,1789072219,126897
tilt_k0.2_s0,1789072229,126897
tilt_k0.2_s0,1789072239,126897
tilt_k0.2_s0,1789072249,126897
tilt_k0.2_s0,1789072259,126897
tilt_k0.2_s0,1789072269,126897
tilt_k0.2_s0,1789072279,126897
tilt_k0.2_s0,1789072289,126897
tilt_k0.2_s0,1789072299,126897
tilt_k0.2_s0,1789072309,126897
tilt_k0.2_s0,1789072319,126897
tilt_k0.2_s0,1789072329,126897
tilt_k0.2_s0,1789072339,126897
tilt_k0.2_s0,1789072349,126897
tilt_k0.2_s0,1789072359,126897
tilt_k0.2_s0,1789072369,126897
tilt_k0.2_s0,1789072380,126897
tilt_k0.2_s0,1789072390,126897
tilt_k0.2_s0,1789072400,126897
tilt_k0.2_s0,1789072410,126897
tilt_k0.2_s0,1789072420,126897
tilt_k0.2_s0,1789072430,126897
tilt_k0.2_s0,1789072440,126897
tilt_k0.2_s0,1789072450,126897
tilt_k0.2_s0,1789072460,126897
tilt_k0.2_s0,1789072470,126897
tilt_k0.2_s0,1789072480,126897
tilt_k0.2_s0,1789072490,126897
tilt_k0.2_s0,1789072500,126897
tilt_k0.2_s0,1789072510,126897
tilt_k0.2_s0,1789072520,126897
tilt_k0.2_s0,1789072530,126897
tilt_k0.2_s0,1789072540,126897
tilt_k0.2_s0,1789072551,126897
tilt_k0.2_s0,1789072561,126897
tilt_k0.2_s0,1789072571,126897
tilt_k0.2_s0,1789072581,126897
tilt_k0.2_s0,1789072591,126897
tilt_k0.2_s0,1789072601,126897
tilt_k0.2_s0,1789072611,126897
tilt_k0.2_s0,1789072621,126897
tilt_k0.2_s0,1789072631,126897
