phase,timestamp,mem_used_mib
tilt_s0,1789320855,6775
tilt_s0,1789320866,6775
tilt_s0,1789320876,6775
tilt_s0,1789320886,6777
tilt_s0,1789320896,124523
tilt_s0,1789320906,124523
tilt_s0,1789320916,124523
tilt_s0,1789320926,124523
tilt_s0,1789320936,124523
tilt_s0,1789320946,124523
tilt_s0,1789320956,124523
tilt_s0,1789320966,124523
tilt_s0,1789320976,124523
tilt_s0,1789320986,124523
tilt_s0,1789320996,124523
tilt_s0,1789321006,124523
tilt_s0,1789321016,124523
tilt_s0,1789321026,124523
tilt_s0,1789321037,124523
tilt_s0,1789321047,124523
tilt_s0,1789321057,124523
tilt_s0,1789321067,124523
tilt_s0,1789321077,124523
tilt_s0,1789321087,124523
tilt_s0,1789321097,124523
tilt_s0,1789321107,124523
tilt_s0,1789321117,124523
tilt_s0,1789321127,124523
tilt_s0,1789321137,124523
tilt_s0,1789321147,124523
tilt_s0,1789321157,124523
tilt_s0,1789321167,124523
tilt_s0,1789321177,124523
tilt_s0,1789321187,124523
tilt_s0,1789321197,124523
tilt_s0,1789321207,124523
tilt_s0,1789321218,124523
tilt_s0,1789321228,124523
tilt_s0,1789321238,124523
tilt_s0,1789321248,124523
tilt_s0,1789321258,124523
tilt_s0,1789321268,124523
tilt_s0,1789321278,124523
tilt_s0,1789321288,124523
tilt_s0,1789321298,124523
tilt_s0,1789321308,124523
tilt_s0,1789321318,124523
tilt_s0,1789321328,124523
tilt_s0,1789321338,124523
tilt_s0,1789321348,124523
tilt_s0,1789321358,124523
tilt_s0,1789321368,124523
tilt_s0,1789321378,124523
tilt_s0,1789321388,124523
tilt_s0,1789321399,124523
tilt_s0,1789321409,124523
tilt_s0,1789321419,126897
tilt_s0,1789321429,126897
tilt_s0,1789321439,126897
tilt_s0,1789321449,126897
tilt_s0,1789321459,126897
tilt_s0,1789321469,126897
tilt_s0,1789321479,126897
tilt_s0,1789321489,126897
tilt_s0,1789321499,126897
tilt_s0,1789321509,126897
tilt_s0,1789321519,126897
tilt_s0,1789321529,126897
tilt_s0,1789321539,126897
tilt_s0,1789321549,126897
tilt_s0,1789321559,126897
tilt_s0,1789321569,126897
tilt_s0,1789321580,126897
tilt_s0,1789321590,126897
tilt_s0,1789321600,126897
tilt_s0,1789321610,126897
tilt_s0,1789321620,126897
tilt_s0,1789321630,126897
tilt_s0,1789321640,126897
tilt_s0,1789321650,126897
tilt_s0,1789321660,126897
tilt_s0,1789321670,126897
tilt_s0,1789321680,126897
tilt_s0,1789321690,126897
tilt_s0,1789321700,126897
tilt_s0,1789321710,126897
tilt_s0,1789321720,126897
tilt_s0,1789321730,126897
tilt_s0,1789321740,126897
tilt_s0,1789321751,126897
tilt_s0,1789321761,126897
tilt_s0,1789321771,126897
tilt_s0,1789321781,126897
tilt_s0,1789321791,126897
tilt_s0,1789321801,126897
tilt_s0,1789321811,126897
tilt_s0,1789321821,126897
tilt_s0,1789321831,126897
tilt_s0,1789321841,126897
tilt_s0,1789321851,126897
tilt_s0,1789321861,126897
tilt_s0,1789321871,126897
tilt_s0,1789321881,126897
tilt_s0,1789321891,126897
tilt_s0,1789321901,126897
tilt_s0,1789321911,126897
tilt_s0,1789321921,126897
tilt_s0,1789321932,126897
tilt_s0,1789321942,126897
tilt_s0,1789321952,126897
tilt_s0,1789321962,126897
tilt_s0,1789321972,126897
tilt_s0,1789321982,126897
tilt_s0,1789321992,126897
tilt_s0,1789322002,126897
tilt_s0,1789322012,126897
tilt_s0,1789322022,126897
tilt_s0,1789322032,126897
tilt_s0,1789322042,126897
tilt_s0,1789322052,126897
tilt_s0,1789322062,126897
tilt_s0,1789322072,126897
tilt_s0,1789322082,126897
tilt_s0,1789322092,126897
tilt_s0,1789322103,126897
tilt_s0,1789322113,126897
tilt_s0,1789322123,126897
tilt_s0,1789322133,126897
tilt_s0,1789322143,126897
tilt_s0,1789322153,126897
tilt_s0,1789322163,126897
tilt_s0,1789322173,126897
tilt_s0,1789322183,126897
tilt_s0,1789322193,126897
tilt_s0,1789322203,126897
tilt_s0,1789322213,126897
tilt_s0,1789322223,126897
tilt_s0,1789322233,126897
tilt_s0,1789322243,126897
tilt_s0,1789322253,126897
tilt_s0,1789322263,126897
tilt_s0,1789322274,126897
tilt_s0,1789322284,126897
tilt_s0,1789322294,126897
tilt_s0,1789322304,126897
tilt_s0,1789322314,126897
tilt_s0,1789322324,126897
tilt_s0,1789322334,126897
tilt_s0,1789322344,126897
tilt_s0,1789322354,126897
tilt_s0,1789322364,126897
tilt_s0,1789322374,126897
tilt_s0,1789322384,126897
tilt_s0,1789322394,126897
tilt_s0,1789322404,126897
tilt_s0,1789322414,126897
tilt_s0,1789322424,126897
tilt_s0,1789322434,126897
tilt_s0,1789322445,126897
tilt_s0,1789322455,126897
tilt_s0,1789322465,126897
tilt_s0,1789322475,126897
tilt_s0,1789322485,126897
tilt_s0,1789322495,126897
tilt_s0,1789322505,126897
tilt_s0,1789322515,126897
tilt_s0,1789322525,126897
tilt_s0,1789322535,126897
tilt_s0,1789322545,126897
tilt_s0,1789322555,126897
tilt_s0,1789322565,126897
tilt_s0,1789322575,126897
tilt_s0,1789322585,126897
tilt_s0,1789322595,126897
tilt_s0,1789322605,126897
tilt_s0,1789322616,126897
tilt_s0,1789322626,126897
tilt_s0,1789322636,126897
tilt_s0,1789322646,126897
tilt_s0,1789322656,126897
tilt_s0,1789322666,126897
tilt_s0,1789322676,126897
tilt_s0,1789322686,126897
tilt_s0,1789322696,126897
tilt_s0,1789322706,126897
tilt_s0,1789322716,126897
tilt_s0,1789322726,126897
tilt_s0,1789322736,126897
tilt_s0,1789322746,126897
tilt_s0,1789322756,126897
tilt_s0,1789322766,126897
tilt_s0,1789322776,126897
tilt_s0,1789322787,126897
tilt_s0,1789322797,126897
tilt_s0,1789322807,126897
tilt_s0,1789322817,126897
tilt_s0,1789322827,126897
tilt_s0,1789322837,126897
tilt_s0,1789322847,126897
tilt_s0,1789322857,126897
tilt_s0,1789322867,126897
tilt_s0,1789322877,126897
tilt_s0,1789322887,126897
tilt_s0,1789322897,126897
tilt_s0,1789322907,126897
tilt_s0,1789322917,126897
tilt_s0,1789322927,126897
tilt_s0,1789322937,126897
tilt_s0,1789322947,126897
tilt_s0,1789322958,126897
tilt_s0,1789322968,126897
tilt_s0,1789322978,126897
tilt_s0,1789322988,126897
tilt_s0,1789322998,126897
tilt_s0,1789323008,126897
tilt_s0,1789323018,126897
tilt_s0,1789323028,126897
tilt_s0,1789323038,126897
tilt_s0,1789323048,126897
tilt_s0,1789323058,126897
tilt_s0,1789323068,126897
tilt_s0,1789323078,126897
tilt_s0,1789323088,126897
tilt_s0,1789323098,126897
tilt_s0,1789323108,126897
tilt_s0,1789323118,126897
tilt_s0,1789323128,126897
tilt_s0,1789323139,126897
tilt_s0,1789323149,126897
tilt_s0,1789323159,126897
tilt_s0,1789323169,126897
tilt_s0,1789323179,126897
tilt_s0,1789323189,126897
tilt_s0,1789323199,126897
tilt_s0,1789323209,126897
tilt_s0,1789323219,126897
tilt_s0,1789323229,126897
tilt_s0,1789323239,126897
tilt_s0,1789323249,126897
tilt_s0,1789323259,126897
tilt_s0,1789323269,126897
tilt_s0,1789323279,126897
tilt_s0,1789323289,126897
tilt_s0,1789323299,126897
tilt_s0,1789323310,126897
tilt_s0,1789323320,126897
tilt_s0,1789323330,126897
tilt_s0,1789323340,126897
tilt_s0,1789323350,126897
tilt_s0,1789323360,126897
tilt_s0,1789323370,126897
tilt_s0,1789323380,126897
tilt_s0,1789323390,126897
tilt_s0,1789323400,126897
tilt_s0,1789323410,126897
tilt_s0,1789323420,126897
tilt_s0,1789323430,126897
tilt_s0,1789323440,126897
tilt_s0,1789323450,126897
tilt_s0,1789323460,126897
tilt_s0,1789323470,126897
tilt_s0,1789323480,126897
tilt_s0,1789323491,126897
tilt_s0,1789323501,126897
tilt_s0,1789323511,126897
tilt_s0,1789323521,126897
tilt_s0,1789323531,126897
tilt_s0,1789323541,126897
tilt_s0,1789323551,126897
tilt_s0,1789323561,126897
tilt_s0,1789323571,126897
tilt_s0,1789323581,126897
tilt_s0,1789323591,126897
tilt_s0,1789323601,126897
tilt_s0,1789323611,126897
tilt_s0,1789323621,126897
tilt_s0,1789323631,126897
tilt_s0,1789323641,126897
tilt_s0,1789323651,126897
tilt_s0,1789323662,126897
tilt_s0,1789323672,126897
tilt_s0,1789323682,126897
tilt_s0,1789323692,126897
tilt_s0,1789323702,126897
tilt_s0,1789323712,126897
tilt_s0,1789323722,126897
tilt_s0,1789323732,126897
tilt_s0,1789323742,126897
tilt_s0,1789323752,126897
tilt_s0,1789323762,126897
tilt_s0,1789323772,126897
tilt_s0,1789323782,126897
tilt_s0,1789323792,126897
tilt_s0,1789323802,126897
tilt_s0,1789323812,126897
tilt_s0,1789323822,126897
tilt_s0,1789323832,126897
tilt_s0,1789323843,126897
tilt_s0,1789323853,126897
tilt_s0,1789323863,126897
tilt_s0,1789323873,126897
tilt_s0,1789323883,126897
tilt_s0,1789323893,126897
tilt_s0,1789323903,126897
tilt_s0,1789323913,126897
tilt_s0,1789323923,126897
tilt_s0,1789323933,126897
tilt_s0,1789323943,126897
tilt_s0,1789323953,126897
tilt_s0,1789323963,126897
tilt_s0,1789323973,126897
tilt_s0,1789323983,126897
tilt_s0,1789323993,126897
tilt_s0,1789324003,126897
tilt_s0,1789324014,126897
tilt_s0,1789324024,126897
tilt_s0,1789324034,126897
tilt_s0,1789324044,126897
tilt_s0,1789324054,126897
tilt_s0,1789324064,126897
tilt_s0,1789324074,126897
tilt_s0,1789324084,126897
tilt_s0,1789324094,126897
tilt_s0,1789324104,126897
tilt_s0,1789324114,126897
tilt_s0,1789324124,126897
tilt_s0,1789324134,126897
tilt_s0,1789324144,126897
tilt_s0,1789324154,126897
tilt_s0,1789324164,126897
tilt_s0,1789324174,126897
tilt_s0,1789324184,126897
tilt_s0,1789324195,126897
tilt_s0,1789324205,126897
tilt_s0,1789324215,126897
tilt_s0,1789324225,126897
tilt_s0,1789324235,126897
tilt_s0,1789324245,126897
tilt_s0,1789324255,126897
tilt_s0,1789324265,126897
tilt_s0,1789324275,126897
tilt_s0,1789324285,126897
tilt_s0,1789324295,126897
tilt_s0,1789324305,126897
tilt_s0,1789324315,126897
tilt_s0,1789324325,126897
tilt_s0,1789324335,126897
tilt_s0,1789324345,126897
tilt_s0,1789324355,126897
tilt_s0,1789324366,126897
tilt_s0,1789324376,126897
tilt_s0,1789324386,126897
tilt_s0,1789324396,126897
tilt_s0,1789324406,126897
tilt_s0,1789324416,126897
tilt_s0,1789324426,126897
tilt_s0,1789324436,126897
tilt_s0,1789324446,126897
tilt_s0,1789324456,126897
tilt_s0,1789324466,126897
tilt_s0,1789324476,126897
tilt_s0,1789324486,126897
tilt_s0,1789324496,126897
tilt_s0,1789324506,126897
tilt_s0,1789324516,126897
tilt_s0,1789324526,126897
tilt_s0,1789324537,126897
tilt_s0,1789324547,126897
tilt_s0,1789324557,126897
tilt_s0,1789324567,126897
tilt_s0,1789324577,126897
tilt_s0,1789324587,126897
tilt_s0,1789324597,126897
tilt_s0,1789324607,126897
tilt_s0,1789324617,126897
tilt_s0,1789324627,126897
tilt_s0,1789324637,126897
tilt_s0,1789324647,126897
tilt_s0,1789324657,126897
tilt_s0,1789324667,126897
tilt_s0,1789324677,126897
tilt_s0,1789324687,126897
tilt_s0,1789324697,126897
tilt_s0,1789324708,126897
tilt_s0,1789324718,126897
tilt_s0,1789324728,126897
tilt_s0,1789324738,126897
tilt_s0,1789324748,126897
tilt_s0,1789324758,126897
tilt_s0,1789324768,126897
tilt_s0,1789324778,126897
tilt_s0,1789324788,126897
tilt_s0,1789324798,126897
tilt_s0,1789324808,126897
tilt_s0,1789324818,126897
tilt_s0,1789324828,126897
tilt_s0,1789324838,126897
tilt_s0,1789324848,126897
tilt_s0,1789324858,126897
tilt_s0,1789324868,126897
tilt_s0,1789324878,126897
tilt_s0,1789324889,126897
tilt_s0,1789324899,126897
tilt_s0,1789324909,126897
tilt_s0,1789324919,126897
tilt_s0,1789324929,126897
tilt_s0,1789324939,126897
tilt_s0,1789324949,126897
tilt_s0,1789324959,126897
tilt_s0,1789324969,126897
tilt_s0,1789324979,126897
tilt_s0,1789324989,126897
tilt_s0,1789324999,126897
tilt_s0,1789325009,126897
tilt_s0,1789325019,126897
tilt_s0,1789325029,126897
tilt_s0,1789325039,126897
tilt_s0,1789325049,126897
tilt_s0,1789325060,126897
tilt_s0,1789325070,126897
tilt_s0,1789325080,126897
tilt_s0,1789325090,126897
tilt_s0,1789325100,126897
tilt_s0,1789325110,126897
tilt_s0,1789325120,126897
tilt_s0,1789325130,126897
tilt_s0,1789325140,126897
tilt_s0,1789325150,126897
tilt_s0,1789325160,126897
tilt_s0,1789325170,126897
tilt_s0,1789325180,126897
tilt_s0,1789325190,126897
tilt_s0,1789325200,126897
tilt_s0,1789325210,126897
tilt_s0,1789325220,126897
tilt_s0,1789325231,126897
tilt_s0,1789325241,126897
tilt_s0,1789325251,126897
tilt_s0,1789325261,126897
tilt_s0,1789325271,126897
tilt_s0,1789325281,126897
tilt_s0,1789325291,126897
tilt_s0,1789325301,126897
tilt_s0,1789325311,126897
tilt_s0,1789325321,126897
tilt_s0,1789325331,126897
tilt_s0,1789325341,126897
tilt_s0,1789325351,126897
tilt_s0,1789325361,126897
tilt_s0,1789325371,126897
tilt_s0,1789325381,126897
tilt_s0,1789325391,126897
tilt_s0,1789325402,126897
tilt_s0,1789325412,126897
tilt_s0,1789325422,126897
tilt_s0,1789325432,126897
tilt_s0,1789325442,126897
tilt_s0,1789325452,126897
tilt_s0,1789325462,126897
tilt_s0,1789325472,126897
tilt_s0,1789325482,126897
tilt_s0,1789325492,126897
tilt_s0,1789325502,126897
tilt_s0,1789325512,126897
tilt_s0,1789325522,126897
tilt_s0,1789325532,126897
tilt_s0,1789325542,126897
tilt_s0,1789325552,126897
tilt_s0,1789325562,126897
tilt_s0,1789325572,126897
tilt_s0,1789325583,126897
tilt_s0,1789325593,126897
tilt_s0,1789325603,126897
tilt_s0,1789325613,126897
tilt_s0,1789325623,126897
tilt_s0,1789325633,126897
tilt_s0,1789325643,126897
tilt_s0,1789325653,126897
tilt_s0,1789325663,126897
tilt_s0,1789325673,126897
tilt_s0,1789325683,126897
tilt_s0,1789325693,126897
tilt_s0,1789325703,126897
tilt_s0,1789325713,126897
tilt_s0,1789325723,126897
tilt_s0,1789325733,126897
tilt_s0,1789325743,126897
tilt_s0,1789325754,126897
tilt_s0,1789325764,126897
tilt_s0,1789325774,126897
tilt_s0,1789325784,126897
tilt_s0,1789325794,126897
tilt_s0,1789325804,126897
tilt_s0,1789325814,126897
tilt_s0,1789325824,126897
tilt_s0,1789325834,126897
tilt_s0,1789325844,126897
tilt_s0,1789325854,126897
tilt_s0,1789325864,126897
tilt_s0,1789325874,126897
tilt_s0,1789325884,126897
tilt_s0,1789325894,126897
tilt_s0,1789325904,126897
tilt_s0,1789325914,126897
tilt_s0,1789325925,126897
tilt_s0,1789325935,126897
tilt_s0,1789325945,126897
tilt_s0,1789325955,126897
tilt_s0,1789325965,126897
tilt_s0,1789325975,126897
tilt_s0,1789325985,126897
tilt_s0,1789325995,126897
tilt_s0,1789326005,126897
tilt_s0,1789326015,126897
tilt_s0,1789326025,126897
tilt_s0,1789326035,126897
tilt_s0,1789326045,126897
tilt_s0,1789326055,126897
tilt_s0,1789326065,126897
tilt_s0,1789326075,126897
tilt_s0,1789326085,126897
tilt_s0,1789326096,126897
tilt_s0,1789326106,126897
tilt_s0,1789326116,126897
tilt_s0,1789326126,126897
tilt_s0,1789326136,126897
tilt_s0,1789326146,126897
tilt_s0,1789326156,126897
tilt_s0,1789326166,126897
tilt_s0,1789326176,126897
tilt_s0,1789326186,126897
tilt_s0,1789326196,126897
tilt_s0,1789326206,126897
tilt_s0,1789326216,126897
tilt_s0,1789326226,126897
tilt_s0,1789326236,126897
tilt_s0,1789326246,126897
tilt_s0,1789326256,126897
tilt_s0,1789326266,126897
tilt_s0,1789326277,126897
tilt_s0,1789326287,126897
tilt_s0,1789326297,126897
tilt_s0,1789326307,126897
tilt_s0,1789326317,126897
tilt_s0,1789326327,126897
tilt_s0,1789326337,126897
tilt_s0,1789326347,126897
tilt_s0,1789326357,126897
tilt_s0,1789326367,126897
tilt_s0,1789326377,126897
tilt_s0,1789326387,126897
tilt_s0,1789326397,126897
tilt_s0,1789326407,126897
tilt_s0,1789326417,126897
tilt_s0,1789326427,126897
tilt_s0,1789326437,126897
tilt_s0,1789326448,126897
tilt_s0,1789326458,126897
tilt_s0,1789326468,126897
tilt_s0,1789326478,126897
tilt_s0,1789326488,126897
tilt_s0,1789326498,126897
tilt_s0,1789326508,126897
tilt_s0,1789326518,126897
tilt_s0,1789326528,126897
tilt_s0,1789326538,126897
tilt_s0,1789326548,126897
tilt_s0,1789326558,126897
tilt_s0,1789326568,126897
tilt_s0,1789326578,126897
tilt_s0,1789326588,126897
tilt_s0,1789326598,126897
tilt_s0,1789326608,126897
tilt_s0,1789326618,126897
tilt_s0,1789326629,126897
tilt_s0,1789326639,126897
tilt_s0,1789326649,126897
tilt_s0,1789326659,126897
tilt_s0,1789326669,126897
tilt_s0,1789326679,126897
tilt_s0,1789326689,126897
tilt_s0,1789326699,126897
tilt_s0,1789326709,126897
tilt_s0,1789326719,126897
tilt_s0,1789326729,126897
tilt_s0,1789326739,126897
tilt_s0,1789326749,126897
tilt_s0,1789326759,126897
tilt_s0,1789326769,126897
tilt_s0,1789326779,126897
tilt_s0,1789326789,126897
tilt_s0,1789326800,126897
tilt_s0,1789326810,126897
tilt_s0,1789326820,126897
tilt_s0,1789326830,126897
tilt_s0,1789326840,126897
tilt_s0,1789326850,126897
tilt_s0,1789326860,126897
tilt_s0,1789326870,126897
tilt_s0,1789326880,126897
tilt_s0,1789326890,126897
tilt_s0,1789326900,126897
tilt_s0,1789326910,126897
tilt_s0,1789326920,126897
tilt_s0,1789326930,126897
tilt_s0,1789326940,126897
tilt_s0,1789326950,126897
tilt_s0,1789326960,126897
tilt_s0,1789326970,126897
tilt_s0,1789326981,126897
tilt_s0,1789326991,126897
tilt_s0,1789327001,126897
tilt_s0,1789327011,126897
tilt_s0,1789327021,126897
tilt_s0,1789327031,126897
tilt_s0,1789327041,126897
tilt_s0,1789327051,126897
tilt_s0,1789327061,126897
tilt_s0,1789327071,126897
tilt_s0,1789327081,126897
tilt_s0,1789327091,126897
tilt_s0,1789327101,126897
tilt_s0,1789327111,126897
tilt_s0,1789327121,126897
tilt_s0,1789327131,126897
tilt_s0,1789327141,126897
tilt_s0,1789327151,126897
tilt_s0,1789327162,126897
tilt_s0,1789327172,126897
tilt_s0,1789327182,126897
tilt_s0,1789327192,126897
tilt_s0,1789327202,126897
tilt_s0,1789327212,126897
tilt_s0,1789327222,126897
tilt_s0,1789327232,126897
tilt_s0,1789327242,126897
tilt_s0,1789327252,126897
tilt_s0,1789327262,126897
tilt_s0,1789327272,126897
tilt_s0,1789327282,126897
tilt_s0,1789327292,126897
tilt_s0,1789327302,126897
tilt_s0,1789327312,126897
tilt_s0,1789327322,126897
tilt_s0,1789327333,126897
tilt_s0,1789327343,126897
tilt_s0,1789327353,126897
tilt_s0,1789327363,126897
tilt_s0,1789327373,126897
tilt_s0,1789327383,126897
tilt_s0,1789327393,126897
tilt_s0,1789327403,126897
tilt_s0,1789327413,126897
tilt_s0,1789327423,126897
tilt_s0,1789327433,126897
tilt_s0,1789327443,126897
tilt_s0,1789327453,126897
tilt_s0,1789327463,126897
tilt_s0,1789327473,126897
tilt_s0,1789327483,126897
tilt_s0,1789327493,126897
tilt_s0,1789327504,126897
tilt_s0,1789327514,126897
tilt_s0,1789327524,126897
tilt_s0,1789327534,126897
tilt_s0,1789327544,126897
tilt_s0,1789327554,126897
tilt_s0,1789327564,126897
tilt_s0,1789327574,126897
tilt_s0,1789327584,126897
tilt_s0,1789327594,126897
tilt_s0,1789327604,126897
tilt_s0,1789327614,126897
tilt_s0,1789327624,126897
tilt_s0,1789327634,126897
tilt_s0,1789327644,126897
tilt_s0,1789327654,126897
tilt_s0,1789327665,126897
tilt_s0,1789327675,126897
tilt_s0,1789327685,126897
tilt_s0,1789327695,126897
tilt_s0,1789327705,126897
tilt_s0,1789327715,126897
tilt_s0,1789327725,126897
tilt_s0,1789327735,126897
tilt_s0,1789327745,126897
tilt_s0,1789327755,126897
tilt_s0,1789327765,126897
tilt_s0,1789327775,126897
tilt_s0,1789327785,126897
tilt_s0,1789327795,126897
tilt_s0,1789327805,126897
tilt_s0,1789327815,126897
tilt_s0,1789327825,126897
tilt_s0,1789327835,126897
tilt_s0,1789327846,126897
tilt_s0,1789327856,126897
tilt_s0,1789327866,126897
tilt_s0,1789327876,126897
tilt_s0,1789327886,126897
tilt_s0,1789327896,126897
tilt_s0,1789327906,126897
tilt_s0,1789327916,126897
tilt_s0,1789327926,126897
tilt_s0,1789327936,126897
tilt_s0,1789327946,126897
tilt_s0,1789327956,126897
tilt_s0,1789327966,126897
tilt_s0,1789327976,126897
tilt_s0,1789327986,126897
tilt_s0,1789327996,126897
tilt_s0,1789328006,126897
tilt_s0,1789328017,126897
tilt_s0,1789328027,126897
tilt_s0,1789328037,126897
tilt_s0,1789328047,126897
tilt_s0,1789328057,126897
tilt_s0,1789328067,126897
tilt_s0,1789328077,126897
tilt_s0,1789328087,126897
tilt_s0,1789328097,126897
tilt_s0,1789328107,126897
tilt_s0,1789328117,126897
tilt_s0,1789328127,126897
tilt_s0,1789328137,126897
tilt_s0,1789328147,126897
tilt_s0,1789328157,126897
tilt_s0,1789328167,126897
tilt_s0,1789328177,126897
tilt_s0,1789328188,126897
tilt_s0,1789328198,126897
tilt_s0,1789328208,126897
tilt_s0,1789328218,126897
tilt_s0,1789328228,126897
tilt_s0,1789328238,126897
tilt_s0,1789328248,126897
tilt_s0,1789328258,126897
tilt_s0,1789328268,126897
tilt_s0,1789328278,126897
tilt_s0,1789328288,126897
tilt_s0,1789328298,126897
tilt_s0,1789328308,126897
tilt_s0,1789328318,126897
tilt_s0,1789328328,126897
tilt_s0,1789328338,126897
tilt_s0,1789328348,126897
tilt_s0,1789328358,126897
tilt_s0,1789328369,126897
tilt_s0,1789328379,126897
tilt_s0,1789328389,126897
tilt_s0,1789328399,126897
tilt_s0,1789328409,126897
tilt_s0,1789328419,126897
tilt_s0,1789328429,126897
tilt_s0,1789328439,126897
tilt_s0,1789328449,126897
tilt_s0,1789328459,126897
tilt_s0,1789328469,126897
tilt_s0,1789328479,126897
tilt_s0,1789328489,126897
tilt_s0,1789328499,126897
tilt_s0,1789328509,126897
tilt_s0,1789328519,126897
tilt_s0,1789328529,126897
tilt_s0,1789328540,126897
tilt_s0,1789328550,126897
tilt_s0,1789328560,126897
tilt_s0,1789328570,126897
tilt_s0,1789328580,126897
tilt_s0,1789328590,126897
tilt_s0,1789328600,126897
tilt_s0,1789328610,126897
tilt_s0,1789328620,126897
tilt_s0,1789328630,126897
tilt_s0,1789328640,126897
tilt_s0,1789328650,126897
tilt_s0,1789328660,126897
tilt_s0,1789328670,126897
tilt_s0,1789328680,126897
tilt_s0,1789328690,126897
tilt_s0,1789328700,126897
tilt_s0,1789328711,126897
tilt_s0,1789328721,126897
tilt_s0,1789328731,126897
tilt_s0,1789328741,126897
tilt_s0,1789328751,126897
tilt_s0,1789328761,126897
tilt_s0,1789328771,126897
tilt_s0,1789328781,126897
tilt_s0,1789328791,126897
tilt_s0,1789328801,126897
tilt_s0,1789328811,126897
tilt_s0,1789328821,126897
tilt_s0,1789328831,126897
tilt_s0,1789328841,126897
tilt_s0,1789328851,126897
tilt_s0,1789328861,126897
tilt_s0,1789328871,126897
tilt_s0,1789328882,126897
tilt_s0,1789328892,126897
tilt_s0,1789328902,126897
tilt_s0,1789328912,126897
tilt_s0,1789328922,126897
tilt_s0,1789328932,126897
tilt_s0,1789328942,126897
tilt_s0,1789328952,126897
tilt_s0,1789328962,126897
tilt_s0,1789328972,126897
tilt_s0,1789328982,126897
tilt_s0,1789328992,126897
tilt_s0,1789329002,126897
tilt_s0,1789329012,126897
tilt_s0,1789329022,126897
tilt_s0,1789329032,126897
tilt_s0,1789329042,126897
tilt_s0,1789329053,126897
tilt_s0,1789329063,126897
tilt_s0,1789329073,126897
tilt_s0,1789329083,126897
tilt_s0,1789329093,126897
tilt_s0,1789329103,126897
tilt_s0,1789329113,126897
tilt_s0,1789329123,126897
tilt_s0,1789329133,126897
tilt_s0,1789329143,126897
tilt_s0,1789329153,126897
tilt_s0,1789329163,126897
tilt_s0,1789329173,126897
tilt_s0,1789329183,126897
tilt_s0,1789329193,126897
tilt_s0,1789329203,126897
tilt_s0,1789329213,126897
tilt_s0,1789329224,126897
tilt_s0,1789329234,126897
tilt_s0,1789329244,126897
tilt_s0,1789329254,126897
tilt_s0,1789329264,126897
tilt_s0,1789329274,126897
tilt_s0,1789329284,126897
tilt_s0,1789329294,126897
tilt_s0,1789329304,126897
tilt_s0,1789329314,126897
tilt_s0,1789329324,126897
tilt_s0,1789329334,126897
tilt_s0,1789329344,126897
tilt_s0,1789329354,126897
tilt_s0,1789329364,126897
tilt_s0,1789329374,126897
tilt_s0,1789329384,126897
tilt_s0,1789329395,126897
tilt_s0,1789329405,126897
tilt_s0,1789329415,126897
tilt_s0,1789329425,126897
tilt_s0,1789329435,126897
tilt_s0,1789329445,126897
tilt_s0,1789329455,126897
tilt_s0,1789329465,126897
tilt_s0,1789329475,126897
tilt_s0,1789329485,126897
tilt_s0,1789329495,126897
tilt_s0,1789329505,126897
tilt_s0,1789329515,126897
tilt_s0,1789329525,126897
tilt_s0,1789329535,126897
tilt_s0,1789329545,126897
tilt_s0,1789329555,126897
tilt_s0,1789329566,126897
tilt_s0,1789329576,126897
tilt_s0,1789329586,126897
tilt_s0,1789329596,126897
tilt_s0,1789329606,126897
tilt_s0,1789329616,126897
tilt_s0,1789329626,126897
tilt_s0,1789329636,126897
tilt_s0,1789329646,126897
tilt_s0,1789329656,126897
tilt_s0,1789329666,126897
tilt_s0,1789329676,126897
tilt_s0,1789329686,126897
tilt_s0,1789329696,126897
tilt_s0,1789329706,126897
tilt_s0,1789329716,126897
tilt_s0,1789329726,126897
tilt_s0,1789329737,126897
tilt_s0,1789329747,126897
tilt_s0,1789329757,126897
tilt_s0,1789329767,126897
tilt_s0,1789329777,126897
tilt_s0,1789329787,126897
tilt_s0,1789329797,126897
tilt_s0,1789329807,126897
tilt_s0,1789329817,126897
tilt_s0,1789329827,126897
tilt_s0,1789329837,126897
tilt_s0,1789329847,126897
tilt_s0,1789329857,126897
tilt_s0,1789329867,126897
tilt_s0,1789329877,126897
tilt_s0,1789329887,126897
tilt_s0,1789329897,126897
tilt_s0,1789329908,126897
tilt_s0,1789329918,126897
tilt_s0,1789329928,126897
tilt_s0,1789329938,126897
tilt_s0,1789329948,126897
tilt_s0,1789329958,126897
tilt_s0,1789329968,126897
tilt_s0,1789329978,126897
tilt_s0,1789329988,126897
tilt_s0,1789329998,126897
tilt_s0,1789330008,126897
tilt_s0,1789330018,126897
tilt_s0,1789330028,126897
tilt_s0,1789330038,126897
tilt_s0,1789330048,126897
tilt_s0,1789330058,126897
tilt_s0,1789330068,126897
tilt_s0,1789330079,126897
tilt_s0,1789330089,126897
tilt_s0,1789330099,126897
tilt_s0,1789330109,126897
tilt_s0,1789330119,126897
tilt_s0,1789330129,126897
tilt_s0,1789330139,126897
tilt_s0,1789330149,126897
tilt_s0,1789330159,126897
tilt_s0,1789330169,126897
tilt_s0,1789330179,126897
tilt_s0,1789330189,126897
tilt_s0,1789330199,126897
tilt_s0,1789330209,126897
tilt_s0,1789330219,126897
tilt_s0,1789330229,126897
tilt_s0,1789330239,126897
tilt_s0,1789330250,126897
tilt_s0,1789330260,126897
tilt_s0,1789330270,126897
tilt_s0,1789330280,126897
tilt_s0,1789330290,126897
tilt_s0,1789330300,126897
tilt_s0,1789330310,126897
tilt_s0,1789330320,126897
tilt_s0,1789330330,126897
tilt_s0,1789330340,126897
tilt_s0,1789330350,126897
tilt_s0,1789330360,126897
tilt_s0,1789330370,126897
tilt_s0,1789330380,126897
tilt_s0,1789330390,126897
tilt_s0,1789330400,126897
tilt_s0,1789330410,126897
tilt_s0,1789330421,126897
tilt_s0,1789330431,126897
tilt_s0,1789330441,126897
tilt_s0,1789330451,126897
tilt_s0,1789330461,126897
tilt_s0,1789330471,126897
tilt_s0,1789330481,126897
tilt_s0,1789330491,126897
tilt_s0,1789330501,126897
tilt_s0,1789330511,126897
tilt_s0,1789330521,126897
tilt_s0,1789330531,126897
tilt_s0,1789330541,126897
tilt_s0,1789330551,126897
tilt_s0,1789330561,126897
tilt_s0,1789330571,126897
tilt_s0,1789330581,126897
tilt_s0,1789330591,126897
tilt_s0,1789330602,126897
tilt_s0,1789330612,126897
tilt_s0,1789330622,126897
tilt_s0,1789330632,126897
tilt_s0,1789330642,126897
tilt_s0,1789330652,126897
tilt_s0,1789330662,126897
tilt_s0,1789330672,126897
tilt_s0,1789330682,126897
tilt_s0,1789330692,126897
tilt_s0,1789330702,126897
tilt_s0,1789330712,126897
tilt_s0,1789330722,126897
tilt_s0,1789330732,126897
tilt_s0,1789330742,126897
tilt_s0,1789330752,126897
tilt_s0,1789330762,126897
tilt_s0,1789330773,126897
tilt_s0,1789330783,126897
tilt_s0,1789330793,126897
tilt_s0,1789330803,126897
tilt_s0,1789330813,126897
tilt_s0,1789330823,126897
tilt_s0,1789330833,126897
tilt_s0,1789330843,126897
tilt_s0,1789330853,126897
tilt_s0,1789330863,126897
tilt_s0,1789330873,126897
tilt_s0,1789330883,126897
tilt_s0,1789330893,126897
tilt_s0,1789330903,126897
tilt_s0,1789330913,126897
tilt_s0,1789330923,126897
tilt_s0,1789330933,126897
tilt_s0,1789330944,126897
tilt_s0,1789330954,126897
tilt_s0,1789330964,126897
tilt_s0,1789330974,126897
tilt_s0,1789330984,126897
tilt_s0,1789330994,126897
tilt_s0,1789331004,126897
tilt_s0,1789331014,126897
tilt_s0,1789331024,126897
tilt_s0,1789331034,126897
tilt_s0,1789331044,126897
tilt_s0,1789331054,126897
tilt_s0,1789331064,126897
tilt_s0,1789331074,126897
tilt_s0,1789331084,126897
tilt_s0,1789331094,126897
tilt_s0,1789331104,126897
tilt_s0,1789331115,126897
tilt_s0,1789331125,126897
tilt_s0,1789331135,126897
tilt_s0,1789331145,126897
tilt_s0,1789331155,126897
tilt_s0,1789331165,126897
tilt_s0,1789331175,126897
tilt_s0,1789331185,126897
tilt_s0,1789331195,126897
tilt_s0,1789331205,126897
tilt_s0,1789331215,126897
tilt_s0,1789331225,126897
tilt_s0,1789331235,126897
tilt_s0,1789331245,126897
tilt_s0,1789331255,126897
tilt_s0,1789331265,126897
tilt_s0,1789331275,126897
tilt_s0,1789331286,126897
tilt_s0,1789331296,126897
tilt_s0,1789331306,126897
tilt_s0,1789331316,126897
tilt_s0,1789331326,126897
tilt_s0,1789331336,126897
tilt_s0,1789331346,126897
tilt_s0,1789331356,126897
tilt_s0,1789331366,126897
tilt_s0,1789331376,126897
tilt_s0,1789331386,126897
tilt_s0,1789331396,126897
tilt_s0,1789331406,126897
tilt_s0,1789331416,126897
tilt_s0,1789331426,126897
tilt_s0,1789331436,126897
tilt_s0,1789331446,126897
tilt_s0,1789331456,126897
tilt_s0,1789331467,126897
tilt_s0,1789331477,126897
tilt_s0,1789331487,126897
tilt_s0,1789331497,126897
tilt_s0,1789331507,126897
tilt_s0,1789331517,126897
tilt_s0,1789331527,126897
tilt_s0,1789331537,126897
tilt_s0,1789331547,126897
tilt_s0,1789331557,126897
tilt_s0,1789331567,126897
tilt_s0,1789331577,126897
tilt_s0,1789331587,126897
tilt_s0,1789331597,126897
tilt_s0,1789331607,126897
tilt_s0,1789331617,126897
tilt_s0,1789331627,126897
tilt_s0,1789331638,126897
tilt_s0,1789331648,126897
tilt_s0,1789331658,126897
tilt_s0,1789331668,126897
tilt_s0,1789331678,126897
tilt_s0,1789331688,126897
tilt_s0,1789331698,126897
tilt_s0,1789331708,126897
tilt_s0,1789331718,126897
tilt_s0,1789331728,126897
tilt_s0,1789331738,126897
tilt_s0,1789331748,126897
tilt_s0,1789331758,126897
tilt_s0,1789331768,126897
tilt_s0,1789331778,126897
tilt_s0,1789331788,126897
tilt_s0,1789331798,126897
tilt_s0,1789331809,126897
tilt_s0,1789331819,126897
tilt_s0,1789331829,126897
tilt_s0,1789331839,126897
tilt_s0,1789331849,126897
tilt_s0,1789331859,126897
tilt_s0,1789331869,126897
tilt_s0,1789331879,126897
tilt_s0,1789331889,126897
tilt_s0,1789331899,126897
tilt_s0,1789331909,126897
tilt_s0,1789331919,126897
tilt_s0,1789331929,126897
tilt_s0,1789331939,126897
tilt_s0,1789331949,126897
tilt_s0,1789331959,126897
tilt_s0,1789331969,126897
tilt_s0,1789331980,126897
tilt_s0,1789331990,126897
tilt_s0,1789332000,126897
tilt_s0,1789332010,126897
tilt_s0,1789332020,126897
tilt_s0,1789332030,126897
tilt_s0,1789332040,126897
tilt_s0,1789332050,126897
tilt_s0,1789332060,126897
tilt_s0,1789332070,126897
tilt_s0,1789332080,126897
tilt_s0,1789332090,126897
tilt_s0,1789332100,126897
tilt_s0,1789332110,126897
tilt_s0,1789332120,126897
tilt_s0,1789332130,126897
tilt_s0,1789332140,126897
tilt_s0,1789332150,126897
tilt_s0,1789332161,126897
tilt_s0,1789332171,126897
tilt_s0,1789332181,126897
tilt_s0,1789332191,126897
tilt_s0,1789332201,126897
tilt_s0,1789332211,126897
tilt_s0,1789332221,126897
tilt_s0,1789332231,126897
tilt_s0,1789332241,126897
tilt_s0,1789332251,126897
tilt_s0,1789332261,126897
tilt_s0,1789332271,126897
tilt_s0,1789332281,126897
tilt_s0,1789332291,126897
tilt_s0,1789332301,126897
tilt_s0,1789332311,126897
tilt_s0,1789332321,126897
tilt_s0,1789332332,126897
tilt_s0,1789332342,126897
tilt_s0,1789332352,126897
tilt_s0,1789332362,126897
tilt_s0,1789332372,126897
tilt_s0,1789332382,126897
tilt_s0,1789332392,126897
tilt_s0,1789332402,126897
tilt_s0,1789332412,126897
tilt_s0,1789332422,126897
tilt_s0,1789332432,126897
tilt_s0,1789332442,126897
tilt_s0,1789332452,126897
tilt_s0,1789332462,126897
tilt_s0,1789332472,126897
tilt_s0,1789332482,126897
tilt_s0,1789332492,126897
tilt_s0,1789332503,126897
tilt_s0,1789332513,126897
tilt_s0,1789332523,126897
tilt_s0,1789332533,126897
tilt_s0,1789332543,126897
tilt_s0,1789332553,126897
tilt_s0,1789332563,126897
tilt_s0,1789332573,126897
tilt_s0,1789332583,126897
tilt_s0,1789332593,126897
tilt_s0,1789332603,126897
tilt_s0,1789332613,126897
tilt_s0,1789332623,126897
tilt_s0,1789332633,126897
tilt_s0,1789332643,126897
tilt_s0,1789332653,126897
tilt_s0,1789332663,126897
tilt_s0,1789332674,126897
tilt_s0,1789332684,126897
tilt_s0,1789332694,126897
tilt_s0,1789332704,126897
tilt_s0,1789332714,126897
tilt_s0,1789332724,126897
tilt_s0,1789332734,126897
tilt_s0,1789332744,126897
tilt_s0,1789332754,126897
tilt_s0,1789332764,126897
tilt_s0,1789332774,126897
tilt_s0,1789332784,126897
tilt_s0,1789332794,126897
tilt_s0,1789332804,126897
tilt_s0,1789332814,126897
tilt_s0,1789332824,126897
tilt_s0,1789332834,126897
tilt_s0,1789332844,126897
tilt_s0,1789332855,126897
tilt_s0,1789332865,126897
tilt_s0,1789332875,126897
tilt_s0,1789332885,126897
tilt_s0,1789332895,126897
tilt_s0,1789332905,126897
tilt_s0,1789332915,126897
tilt_s0,1789332925,126897
tilt_s0,1789332935,126897
tilt_s0,1789332945,126897
tilt_s0,1789332955,126897
tilt_s0,1789332965,126897
tilt_s0,1789332975,126897
tilt_s0,1789332985,126897
tilt_s0,1789332995,126897
tilt_s0,1789333005,126897
tilt_s0,1789333015,126897
tilt_s0,1789333026,126897
tilt_s0,1789333036,126897
tilt_s0,1789333046,126897
tilt_s0,1789333056,126897
tilt_s0,1789333066,126897
tilt_s0,1789333076,126897
tilt_s0,1789333086,126897
tilt_s0,1789333096,126897
tilt_s0,1789333106,126897
tilt_s0,1789333116,126897
tilt_s0,1789333126,126897
tilt_s0,1789333136,126897
tilt_s0,1789333146,126897
tilt_s0,1789333156,126897
tilt_s0,1789333166,126897
tilt_s0,1789333176,126897
tilt_s0,1789333186,126897
tilt_s0,1789333196,126897
tilt_s0,1789333207,126897
tilt_s0,1789333217,126897
tilt_s0,1789333227,126897
tilt_s0,1789333237,126897
tilt_s0,1789333247,126897
tilt_s0,1789333257,126897
tilt_s0,1789333267,126897
tilt_s0,1789333277,126897
tilt_s0,1789333287,126897
tilt_s0,1789333297,126897
tilt_s0,1789333307,126897
tilt_s0,1789333317,126897
tilt_s0,1789333327,126897
tilt_s0,1789333337,126897
tilt_s0,1789333347,126897
tilt_s0,1789333357,126897
tilt_s0,1789333367,126897
tilt_s0,1789333378,126897
tilt_s0,1789333388,126897
tilt_s0,1789333398,126897
tilt_s0,1789333408,126897
tilt_s0,1789333418,126897
tilt_s0,1789333428,126897
tilt_s0,1789333438,126897
tilt_s0,1789333448,126897
tilt_s0,1789333458,126897
tilt_s0,1789333468,126897
tilt_s0,1789333478,126897
tilt_s0,1789333488,126897
tilt_s0,1789333498,126897
tilt_s0,1789333508,126897
tilt_s0,1789333518,126897
tilt_s0,1789333528,126897
tilt_s0,1789333538,126897
tilt_s0,1789333549,126897
tilt_s0,1789333559,126897
tilt_s0,1789333569,126897
tilt_s0,1789333579,126897
tilt_s0,1789333589,126897
tilt_s0,1789333599,126897
tilt_s0,1789333609,126897
tilt_s0,1789333619,126897
tilt_s0,1789333629,126897
tilt_s0,1789333639,126897
tilt_s0,1789333649,126897
tilt_s0,1789333659,126897
tilt_s0,1789333669,126897
tilt_s0,1789333679,126897
tilt_s0,1789333689,126897
tilt_s0,1789333699,126897
tilt_s0,1789333709,126897
tilt_s0,1789333720,126897
tilt_s0,1789333730,126897
tilt_s0,1789333740,126897
tilt_s0,1789333750,126897
tilt_s0,1789333760,126897
tilt_s0,1789333770,126897
tilt_s0,1789333780,126897
tilt_s0,1789333790,126897
tilt_s0,1789333800,126897
tilt_s0,1789333810,126897
tilt_s0,1789333820,126897
tilt_s0,1789333830,126897
tilt_s0,1789333840,126897
tilt_s0,1789333850,126897
tilt_s0,1789333860,126897
tilt_s0,1789333870,126897
tilt_s0,1789333880,126897
tilt_s0,1789333891,126897
tilt_s0,1789333901,126897
tilt_s0,1789333911,126897
tilt_s0,1789333921,126897
tilt_s0,1789333931,126897
tilt_s0,1789333941,126897
tilt_s0,1789333951,126897
tilt_s0,1789333961,126897
tilt_s0,1789333971,126897
tilt_s0,1789333981,126897
tilt_s0,1789333991,126897
tilt_s0,1789334001,126897
tilt_s0,1789334011,126897
tilt_s0,1789334021,126897
tilt_s0,1789334031,126897
tilt_s0,1789334041,126897
tilt_s0,1789334051,126897
tilt_s0,1789334062,126897
tilt_s0,1789334072,126897
tilt_s0,1789334082,126897
tilt_s0,1789334092,126897
tilt_s0,1789334102,126897
tilt_s0,1789334112,126897
tilt_s0,1789334122,126897
tilt_s0,1789334132,126897
tilt_s0,1789334142,126897
tilt_s0,1789334152,126897
tilt_s0,1789334162,126897
tilt_s0,1789334172,126897
tilt_s0,1789334182,126897
tilt_s0,1789334192,126897
tilt_s0,1789334202,126897
tilt_s0,1789334212,126897
tilt_s0,1789334222,126897
tilt_s0,1789334233,126897
tilt_s0,1789334243,126897
tilt_s0,1789334253,126897
tilt_s0,1789334263,126897
tilt_s0,1789334273,126897
tilt_s0,1789334283,126897
tilt_s0,1789334293,126897
tilt_s0,1789334303,126897
tilt_s0,1789334313,126897
tilt_s0,1789334323,126897
tilt_s0,1789334333,126897
tilt_s0,1789334343,126897
tilt_s0,1789334353,126897
tilt_s0,1789334363,126897
tilt_s0,1789334373,126897
tilt_s0,1789334383,126897
tilt_s0,1789334393,126897
tilt_s0,1789334404,126897
tilt_s0,1789334414,126897
tilt_s0,1789334424,126897
tilt_s0,1789334434,126897
tilt_s0,1789334444,126897
tilt_s0,1789334454,126897
tilt_s0,1789334464,126897
tilt_s0,1789334474,126897
tilt_s0,1789334484,126897
tilt_s0,1789334494,126897
tilt_s0,1789334504,126897
tilt_s0,1789334514,126897
tilt_s0,1789334524,126897
tilt_s0,1789334534,126897
tilt_s0,1789334544,126897
tilt_s0,1789334554,126897
tilt_s0,1789334565,126897
tilt_s0,1789334575,126897
tilt_s0,1789334585,126897
tilt_s0,1789334595,126897
tilt_s0,1789334605,126897
tilt_s0,1789334615,126897
tilt_s0,1789334625,126897
tilt_s0,1789334635,126897
tilt_s0,1789334645,126897
tilt_s0,1789334655,126897
tilt_s0,1789334665,126897
tilt_s0,1789334675,126897
tilt_s0,1789334685,126897
tilt_s0,1789334695,126897
tilt_s0,1789334705,126897
tilt_s0,1789334715,126897
tilt_s0,1789334725,126897
tilt_s0,1789334736,126897
tilt_s0,1789334746,126897
tilt_s0,1789334756,126897
tilt_s0,1789334766,126897
tilt_s0,1789334776,126897
tilt_s0,1789334786,126897
tilt_s0,1789334796,126897
tilt_s0,1789334806,126897
tilt_s0,1789334816,126897
tilt_s0,1789334826,126897
tilt_s0,1789334836,126897
tilt_s0,1789334846,126897
tilt_s0,1789334856,126897
tilt_s0,1789334866,126897
tilt_s0,1789334876,126897
tilt_s0,1789334886,126897
tilt_s0,1789334896,126897
tilt_s0,1789334907,126897
tilt_s0,1789334917,126897
tilt_s0,1789334927,126897
tilt_s0,1789334937,126897
tilt_s0,1789334947,126897
tilt_s0,1789334957,126897
tilt_s0,1789334967,126897
tilt_s0,1789334977,126897
tilt_s0,1789334987,126897
tilt_s0,1789334997,126897
tilt_s0,1789335007,126897
tilt_s0,1789335017,126897
tilt_s0,1789335027,126897
tilt_s0,1789335037,126897
tilt_s0,1789335047,126897
tilt_s0,1789335057,126897
tilt_s0,1789335067,126897
tilt_s0,1789335077,126897
tilt_s0,1789335088,126897
tilt_s0,1789335098,126897
tilt_s0,1789335108,126897
tilt_s0,1789335118,126897
tilt_s0,1789335128,126897
tilt_s0,1789335138,126897
tilt_s0,1789335148,126897
tilt_s0,1789335158,126897
tilt_s0,1789335168,126897
tilt_s0,1789335178,126897
tilt_s0,1789335188,126897
tilt_s0,1789335198,126897
tilt_s0,1789335208,126897
tilt_s0,1789335218,126897
tilt_s0,1789335228,126897
tilt_s0,1789335238,126897
tilt_s0,1789335248,126897
tilt_s0,1789335259,126897
tilt_s0,1789335269,126897
tilt_s0,1789335279,126897
tilt_s0,1789335289,126897
tilt_s0,1789335299,126897
tilt_s0,1789335309,126897
tilt_s0,1789335319,126897
tilt_s0,1789335329,126897
tilt_s0,1789335339,126897
tilt_s0,1789335349,126897
tilt_s0,1789335359,126897
tilt_s0,1789335369,126897
tilt_s0,1789335379,126897
tilt_s0,1789335389,126897
tilt_s0,1789335399,126897
tilt_s0,1789335409,126897
tilt_s0,1789335420,126897
tilt_s0,1789335430,126897
tilt_s0,1789335440,126897
tilt_s0,1789335450,126897
tilt_s0,1789335460,126897
tilt_s0,1789335470,126897
tilt_s0,1789335480,126897
tilt_s0,1789335490,126897
tilt_s0,1789335500,126897
tilt_s0,1789335510,126897
tilt_s0,1789335520,126897
tilt_s0,1789335530,126897
tilt_s0,1789335540,126897
tilt_s0,1789335550,126897
tilt_s0,1789335560,126897
tilt_s0,1789335570,126897
tilt_s0,1789335580,126897
tilt_s0,1789335591,126897
tilt_s0,1789335601,126897
tilt_s0,1789335611,126897
tilt_s0,1789335621,126897
tilt_s0,1789335631,126897
tilt_s0,1789335641,126897
tilt_s0,1789335651,126897
tilt_s0,1789335661,126897
tilt_s0,1789335671,126897
tilt_s0,1789335681,126897
tilt_s0,1789335691,126897
tilt_s0,1789335701,126897
tilt_s0,1789335711,126897
tilt_s0,1789335721,126897
tilt_s0,1789335731,126897
tilt_s0,1789335741,126897
tilt_s0,1789335751,126897
tilt_s0,1789335762,126897
tilt_s0,1789335772,126897
tilt_s0,1789335782,126897
tilt_s0,1789335792,126897
tilt_s0,1789335802,126897
tilt_s0,1789335812,126897
tilt_s0,1789335822,126897
tilt_s0,1789335832,126897
tilt_s0,1789335842,126897
tilt_s0,1789335852,126897
tilt_s0,1789335862,126897
tilt_s0,1789335872,126897
tilt_s0,1789335882,126897
tilt_s0,1789335892,126897
tilt_s0,1789335902,126897
tilt_s0,1789335912,126897
tilt_s0,1789335922,126897
tilt_s0,1789335933,126897
tilt_s0,1789335943,126897
tilt_s0,1789335953,126897
tilt_s0,1789335963,126897
tilt_s0,1789335973,126897
tilt_s0,1789335984,126897
tilt_s0,1789335994,126897
tilt_s0,1789336004,126897
tilt_s0,1789336014,126897
tilt_s0,1789336024,126897
tilt_s0,1789336034,126897
tilt_s0,1789336044,126897
tilt_s0,1789336054,126897
tilt_s0,1789336064,126897
tilt_s0,1789336074,126897
tilt_s0,1789336084,126897
tilt_s0,1789336095,126897
tilt_s0,1789336105,126897
tilt_s0,1789336115,126897
tilt_s0,1789336125,126897
tilt_s0,1789336135,126897
tilt_s0,1789336145,126897
tilt_s0,1789336155,126897
tilt_s0,1789336165,126897
tilt_s0,1789336175,126897
tilt_s0,1789336185,126897
tilt_s0,1789336195,126897
tilt_s0,1789336205,126897
tilt_s0,1789336215,126897
tilt_s0,1789336225,126897
tilt_s0,1789336235,126897
tilt_s0,1789336245,126897
tilt_s0,1789336256,126897
tilt_s0,1789336266,126897
tilt_s0,1789336276,126897
tilt_s0,1789336286,126897
tilt_s0,1789336296,126897
tilt_s0,1789336306,126897
tilt_s0,1789336316,126897
tilt_s0,1789336326,126897
tilt_s0,1789336336,126897
tilt_s0,1789336346,126897
tilt_s0,1789336356,126897
tilt_s0,1789336366,126897
tilt_s0,1789336376,126897
tilt_s0,1789336386,126897
tilt_s0,1789336396,126897
tilt_s0,1789336406,126897
tilt_s0,1789336416,126897
tilt_s0,1789336427,126897
tilt_s0,1789336437,126897
tilt_s0,1789336447,126897
tilt_s0,1789336457,126897
tilt_s0,1789336467,126897
tilt_s0,1789336477,126897
tilt_s0,1789336487,126897
tilt_s0,1789336497,126897
tilt_s0,1789336507,126897
tilt_s0,1789336517,126897
tilt_s0,1789336527,126897
tilt_s0,1789336537,126897
tilt_s0,1789336547,126897
tilt_s0,1789336557,126897
tilt_s0,1789336567,126897
tilt_s0,1789336577,126897
tilt_s0,1789336587,126897
tilt_s0,1789336598,126897
tilt_s0,1789336608,126897
tilt_s0,1789336618,126897
tilt_s0,1789336628,126897
tilt_s0,1789336638,126897
tilt_s0,1789336648,126897
tilt_s0,1789336658,126897
tilt_s0,1789336668,126897
tilt_s0,1789336678,126897
tilt_s0,1789336688,126897
tilt_s0,1789336698,126897
tilt_s0,1789336708,126897
tilt_s0,1789336718,126897
tilt_s0,1789336728,126897
tilt_s0,1789336738,126897
tilt_s0,1789336748,126897
tilt_s0,1789336758,126897
tilt_s0,1789336768,126897
tilt_s0,1789336779,126897
tilt_s0,1789336789,126897
tilt_s0,1789336799,126897
tilt_s0,1789336809,126897
tilt_s0,1789336819,126897
tilt_s0,1789336829,126897
tilt_s0,1789336839,126897
tilt_s0,1789336849,126897
tilt_s0,1789336859,126897
tilt_s0,1789336869,126897
tilt_s0,1789336879,126897
tilt_s0,1789336889,126897
tilt_s0,1789336899,126897
tilt_s0,1789336909,126897
tilt_s0,1789336919,126897
tilt_s0,1789336929,126897
tilt_s0,1789336939,126897
tilt_s0,1789336950,126897
tilt_s0,1789336960,126897
tilt_s0,1789336970,126897
tilt_s0,1789336980,126897
tilt_s0,1789336990,126897
tilt_s0,1789337000,126897
tilt_s0,1789337010,126897
tilt_s0,1789337020,126897
tilt_s0,1789337030,126897
tilt_s0,1789337040,126897
tilt_s0,1789337050,126897
tilt_s0,1789337060,126897
tilt_s0,1789337070,126897
tilt_s0,1789337080,126897
tilt_s0,1789337090,126897
tilt_s0,1789337100,126897
tilt_s0,1789337111,126897
tilt_s0,1789337121,126897
tilt_s0,1789337131,126897
tilt_s0,1789337141,126897
tilt_s0,1789337151,126897
tilt_s0,1789337161,126897
tilt_s0,1789337171,126897
tilt_s0,1789337181,126897
tilt_s0,1789337191,126897
tilt_s0,1789337201,126897
tilt_s0,1789337211,126897
tilt_s0,1789337221,126897
tilt_s0,1789337231,126897
tilt_s0,1789337241,126897
tilt_s0,1789337251,126897
tilt_s0,1789337261,126897
tilt_s0,1789337271,126897
tilt_s0,1789337281,126897
tilt_s0,1789337292,126897
tilt_s0,1789337302,126897
tilt_s0,1789337312,126897
tilt_s0,1789337322,126897
tilt_s0,1789337332,126897
tilt_s0,1789337342,126897
tilt_s0,1789337352,126897
tilt_s0,1789337362,126897
tilt_s0,1789337372,126897
tilt_s0,1789337382,126897
tilt_s0,1789337392,126897
tilt_s0,1789337402,126897
tilt_s0,1789337412,126897
tilt_s0,1789337422,126897
tilt_s0,1789337432,126897
tilt_s0,1789337442,126897
tilt_s0,1789337453,126897
tilt_s0,1789337463,126897
tilt_s0,1789337473,126897
tilt_s0,1789337483,126897
tilt_s0,1789337493,126897
tilt_s0,1789337503,126897
tilt_s0,1789337513,126897
tilt_s0,1789337523,126897
tilt_s0,1789337533,126897
tilt_s0,1789337543,126897
tilt_s0,1789337553,126897
tilt_s0,1789337563,126897
tilt_s0,1789337573,126897
tilt_s0,1789337583,126897
tilt_s0,1789337593,126897
tilt_s0,1789337603,126897
tilt_s0,1789337613,126897
tilt_s0,1789337624,126897
tilt_s0,1789337634,126897
tilt_s0,1789337644,126897
tilt_s0,1789337654,126897
tilt_s0,1789337664,126897
tilt_s0,1789337674,126897
tilt_s0,1789337684,126897
tilt_s0,1789337694,126897
tilt_s0,1789337704,126897
tilt_s0,1789337714,126897
tilt_s0,1789337724,126897
tilt_s0,1789337734,126897
tilt_s0,1789337744,126897
tilt_s0,1789337754,126897
tilt_s0,1789337764,126897
tilt_s0,1789337774,126897
tilt_s0,1789337784,126897
tilt_s0,1789337795,126897
tilt_s0,1789337805,126897
tilt_s0,1789337815,126897
tilt_s0,1789337825,126897
tilt_s0,1789337835,126897
tilt_s0,1789337845,126897
tilt_s0,1789337855,126897
tilt_s0,1789337865,126897
tilt_s0,1789337875,126897
tilt_s0,1789337885,126897
tilt_s0,1789337895,126897
tilt_s0,1789337905,126897
tilt_s0,1789337915,126897
tilt_s0,1789337925,126897
tilt_s0,1789337935,126897
tilt_s0,1789337945,126897
tilt_s0,1789337955,126897
tilt_s0,1789337966,126897
tilt_s0,1789337976,126897
tilt_s0,1789337986,126897
tilt_s0,1789337996,126897
tilt_s0,1789338006,126897
tilt_s0,1789338016,126897
tilt_s0,1789338026,126897
tilt_s0,1789338036,126897
tilt_s0,1789338046,126897
tilt_s0,1789338056,126897
tilt_s0,1789338066,126897
tilt_s0,1789338076,126897
tilt_s0,1789338086,126897
tilt_s0,1789338096,126897
tilt_s0,1789338106,126897
tilt_s0,1789338116,126897
tilt_s0,1789338126,126897
tilt_s0,1789338137,126897
tilt_s0,1789338147,126897
tilt_s0,1789338157,126897
tilt_s0,1789338167,126897
tilt_s0,1789338177,126897
tilt_s0,1789338187,126897
tilt_s0,1789338197,126897
tilt_s0,1789338207,126897
tilt_s0,1789338217,126897
tilt_s0,1789338227,126897
tilt_s0,1789338237,126897
tilt_s0,1789338247,126897
tilt_s0,1789338257,126897
tilt_s0,1789338267,126897
tilt_s0,1789338277,126897
tilt_s0,1789338287,126897
tilt_s0,1789338297,126897
tilt_s0,1789338308,126897
tilt_s0,1789338318,126897
tilt_s0,1789338328,126897
tilt_s0,1789338338,126897
tilt_s0,1789338348,126897
tilt_s0,1789338358,126897
tilt_s0,1789338368,126897
tilt_s0,1789338378,126897
tilt_s0,1789338388,126897
tilt_s0,1789338398,126897
tilt_s0,1789338408,126897
tilt_s0,1789338418,126897
tilt_s0,1789338428,126897
tilt_s0,1789338438,126897
tilt_s0,1789338448,126897
tilt_s0,1789338458,126897
tilt_s0,1789338468,126897
tilt_s0,1789338479,126897
tilt_s0,1789338489,126897
tilt_s0,1789338499,126897
tilt_s0,1789338509,126897
tilt_s0,1789338519,126897
tilt_s0,1789338529,126897
tilt_s0,1789338539,126897
tilt_s0,1789338549,126897
tilt_s0,1789338559,126897
tilt_s0,1789338569,126897
tilt_s0,1789338579,126897
tilt_s0,1789338589,126897
tilt_s0,1789338599,126897
tilt_s0,1789338609,126897
tilt_s0,1789338619,126897
tilt_s0,1789338629,126897
tilt_s0,1789338639,126897
tilt_s0,1789338650,126897
tilt_s0,1789338660,126897
tilt_s0,1789338670,126897
tilt_s0,1789338680,126897
tilt_s0,1789338690,126897
tilt_s0,1789338700,126897
tilt_s0,1789338710,126897
tilt_s0,1789338720,126897
tilt_s0,1789338730,126897
tilt_s0,1789338740,126897
tilt_s0,1789338750,126897
tilt_s0,1789338760,126897
tilt_s0,1789338770,126897
tilt_s0,1789338780,126897
tilt_s0,1789338790,126897
tilt_s0,1789338800,126897
tilt_s0,1789338810,126897
tilt_s0,1789338820,126897
tilt_s0,1789338831,126897
tilt_s0,1789338841,126897
tilt_s0,1789338851,126897
tilt_s0,1789338861,126897
tilt_s0,1789338871,126897
tilt_s0,1789338881,126897
tilt_s0,1789338891,126897
tilt_s0,1789338901,126897
tilt_s0,1789338911,126897
tilt_s0,1789338921,126897
tilt_s0,1789338931,126897
tilt_s0,1789338941,126897
tilt_s0,1789338951,126897
tilt_s0,1789338961,126897
tilt_s0,1789338971,126897
tilt_s0,1789338981,126897
tilt_s0,1789338991,126897
tilt_s0,1789339002,126897
tilt_s0,1789339012,126897
tilt_s0,1789339022,126897
tilt_s0,1789339032,126897
tilt_s0,1789339042,126897
tilt_s0,1789339052,126897
tilt_s0,1789339062,126897
tilt_s0,1789339072,126897
tilt_s0,1789339082,126897
tilt_s0,1789339092,126897
tilt_s0,1789339102,126897
tilt_s0,1789339112,126897
tilt_s0,1789339122,126897
tilt_s0,1789339132,126897
tilt_s0,1789339142,126897
tilt_s0,1789339152,126897
tilt_s0,1789339162,126897
tilt_s0,1789339173,126897
tilt_s0,1789339183,126897
tilt_s0,1789339193,126897
tilt_s0,1789339203,126897
tilt_s0,1789339213,126897
tilt_s0,1789339223,126897
tilt_s0,1789339233,126897
tilt_s0,1789339243,126897
tilt_s0,1789339253,126897
tilt_s0,1789339263,126897
tilt_s0,1789339273,126897
tilt_s0,1789339283,126897
tilt_s0,1789339293,126897
tilt_s0,1789339303,126897
tilt_s0,1789339313,126897
tilt_s0,1789339323,126897
tilt_s0,1789339333,126897
tilt_s0,1789339344,126897
tilt_s0,1789339354,126897
tilt_s0,1789339364,126897
tilt_s0,1789339374,126897
tilt_s0,1789339384,126897
tilt_s0,1789339394,126897
tilt_s0,1789339404,126897
tilt_s0,1789339414,126897
tilt_s0,1789339424,126897
tilt_s0,1789339434,126897
tilt_s0,1789339444,126897
tilt_s0,1789339454,126897
tilt_s0,1789339464,126897
tilt_s0,1789339474,126897
tilt_s0,1789339484,126897
tilt_s0,1789339494,126897
tilt_s0,1789339504,126897
tilt_s0,1789339515,126897
tilt_s0,1789339525,126897
tilt_s0,1789339535,126897
tilt_s0,1789339545,126897
tilt_s0,1789339555,126897
tilt_s0,1789339565,126897
tilt_s0,1789339575,126897
tilt_s0,1789339585,126897
tilt_s0,1789339595,126897
tilt_s0,1789339605,126897
tilt_s0,1789339615,126897
tilt_s0,1789339625,126897
tilt_s0,1789339635,126897
tilt_s0,1789339645,126897
tilt_s0,1789339655,126897
tilt_s0,1789339665,126897
tilt_s0,1789339675,126897
tilt_s0,1789339686,126897
tilt_s0,1789339696,126897
tilt_s0,1789339706,126897
tilt_s0,1789339716,126897
tilt_s0,1789339726,126897
tilt_s0,1789339736,126897
tilt_s0,1789339746,126897
tilt_s0,1789339756,126897
tilt_s0,1789339766,126897
tilt_s0,1789339776,126897
tilt_s0,1789339786,126897
tilt_s0,1789339796,126897
tilt_s0,1789339806,126897
tilt_s0,1789339816,126897
tilt_s0,1789339826,126897
tilt_s0,1789339836,126897
tilt_s0,1789339846,126897
tilt_s0,1789339857,126897
tilt_s0,1789339867,126897
tilt_s0,1789339877,126897
tilt_s0,1789339887,126897
tilt_s0,1789339897,126897
tilt_s0,1789339907,126897
tilt_s0,1789339917,126897
tilt_s0,1789339927,126897
tilt_s0,1789339937,126897
tilt_s0,1789339947,126897
tilt_s0,1789339957,126897
tilt_s0,1789339967,126897
tilt_s0,1789339977,126897
tilt_s0,1789339987,126897
tilt_s0,1789339997,126897
tilt_s0,1789340007,126897
tilt_s0,1789340017,126897
tilt_s0,1789340028,126897
tilt_s0,1789340038,126897
tilt_s0,1789340048,126897
tilt_s0,1789340058,126897
tilt_s0,1789340068,126897
tilt_s0,1789340078,126897
tilt_s0,1789340088,126897
tilt_s0,1789340098,126897
tilt_s0,1789340108,126897
tilt_s0,1789340118,126897
tilt_s0,1789340128,126897
tilt_s0,1789340138,126897
tilt_s0,1789340148,126897
tilt_s0,1789340158,126897
tilt_s0,1789340168,126897
tilt_s0,1789340178,126897
tilt_s0,1789340188,126897
tilt_s0,1789340199,126897
tilt_s0,1789340209,126897
tilt_s0,1789340219,126897
tilt_s0,1789340229,126897
tilt_s0,1789340239,126897
tilt_s0,1789340249,126897
tilt_s0,1789340259,126897
tilt_s0,1789340269,126897
tilt_s0,1789340279,126897
tilt_s0,1789340289,126897
tilt_s0,1789340299,126897
tilt_s0,1789340309,126897
tilt_s0,1789340319,126897
tilt_s0,1789340329,126897
tilt_s0,1789340339,126897
tilt_s0,1789340349,126897
tilt_s0,1789340359,126897
tilt_s0,1789340370,126897
tilt_s0,1789340380,126897
tilt_s0,1789340390,126897
tilt_s0,1789340400,126897
tilt_s0,1789340410,126897
tilt_s0,1789340420,126897
tilt_s0,1789340430,126897
tilt_s0,1789340440,126897
tilt_s0,1789340450,126897
tilt_s0,1789340460,126897
tilt_s0,1789340470,126897
tilt_s0,1789340480,126897
tilt_s0,1789340490,126897
tilt_s0,1789340500,126897
tilt_s0,1789340510,126897
tilt_s0,1789340520,126897
tilt_s0,1789340530,126897
tilt_s0,1789340541,126897
tilt_s0,1789340551,126897
tilt_s0,1789340561,126897
tilt_s0,1789340571,126897
tilt_s0,1789340581,126897
tilt_s0,1789340591,126897
tilt_s0,1789340601,126897
tilt_s0,1789340611,126897
tilt_s0,1789340621,126897
tilt_s0,1789340631,126897
tilt_s0,1789340641,126897
tilt_s0,1789340651,126897
tilt_s0,1789340661,126897
tilt_s0,1789340671,126897
tilt_s0,1789340681,126897
tilt_s0,1789340691,126897
tilt_s0,1789340701,126897
tilt_s0,1789340712,126897
tilt_s0,1789340722,126897
tilt_s0,1789340732,126897
tilt_s0,1789340742,126897
tilt_s0,1789340752,126897
tilt_s0,1789340762,126897
tilt_s0,1789340772,126897
tilt_s0,1789340782,126897
tilt_s0,1789340792,126897
tilt_s0,1789340802,126897
tilt_s0,1789340812,126897
tilt_s0,1789340822,126897
tilt_s0,1789340832,126897
tilt_s0,1789340842,126897
tilt_s0,1789340852,126897
tilt_s0,1789340862,126897
tilt_s0,1789340872,126897
tilt_s0,1789340883,126897
tilt_s0,1789340893,126897
tilt_s0,1789340903,126897
tilt_s0,1789340913,126897
tilt_s0,1789340923,126897
tilt_s0,1789340933,126897
tilt_s0,1789340943,126897
tilt_s0,1789340953,126897
tilt_s0,1789340963,126897
tilt_s0,1789340973,126897
tilt_s0,1789340983,126897
tilt_s0,1789340993,126897
tilt_s0,1789341003,126897
tilt_s0,1789341013,126897
tilt_s0,1789341023,126897
tilt_s0,1789341033,126897
tilt_s0,1789341043,126897
tilt_s0,1789341054,126897
tilt_s0,1789341064,126897
tilt_s0,1789341074,126897
tilt_s0,1789341084,126897
tilt_s0,1789341094,126897
tilt_s0,1789341104,126897
tilt_s0,1789341114,126897
tilt_s0,1789341124,126897
tilt_s0,1789341134,126897
tilt_s0,1789341144,126897
tilt_s0,1789341154,126897
tilt_s0,1789341164,126897
tilt_s0,1789341174,126897
tilt_s0,1789341184,126897
tilt_s0,1789341194,126897
tilt_s0,1789341204,126897
tilt_s0,1789341214,126897
tilt_s0,1789341225,126897
tilt_s0,1789341235,126897
tilt_s0,1789341245,126897
tilt_s0,1789341255,126897
tilt_s0,1789341265,126897
tilt_s0,1789341275,126897
tilt_s0,1789341285,126897
tilt_s0,1789341295,126897
tilt_s0,1789341305,126897
tilt_s0,1789341315,126897
tilt_s0,1789341325,126897
tilt_s0,1789341335,126897
tilt_s0,1789341345,126897
tilt_s0,1789341355,126897
tilt_s0,1789341365,126897
tilt_s0,1789341375,126897
tilt_s0,1789341385,126897
tilt_s0,1789341396,126897
tilt_s0,1789341406,126897
tilt_s0,1789341416,126897
tilt_s0,1789341426,126897
tilt_s0,1789341436,126897
tilt_s0,1789341446,126897
tilt_s0,1789341456,126897
tilt_s0,1789341466,126897
tilt_s0,1789341476,126897
tilt_s0,1789341486,126897
tilt_s0,1789341496,126897
tilt_s0,1789341506,126897
tilt_s0,1789341516,126897
tilt_s0,1789341526,126897
tilt_s0,1789341536,126897
tilt_s0,1789341546,126897
tilt_s0,1789341556,126897
tilt_s0,1789341567,126897
tilt_s0,1789341577,126897
tilt_s0,1789341587,126897
tilt_s0,1789341597,126897
tilt_s0,1789341607,126897
tilt_s0,1789341617,126897
tilt_s0,1789341627,126897
tilt_s0,1789341637,126897
tilt_s0,1789341647,126897
tilt_s0,1789341657,126897
tilt_s0,1789341667,126897
tilt_s0,1789341677,126897
tilt_s0,1789341687,126897
tilt_s0,1789341697,126897
tilt_s0,1789341707,126897
tilt_s0,1789341717,126897
tilt_s0,1789341727,126897
tilt_s0,1789341738,126897
tilt_s0,1789341748,126897
tilt_s0,1789341758,126897
tilt_s0,1789341768,126897
tilt_s0,1789341778,126897
tilt_s0,1789341788,126897
tilt_s0,1789341798,126897
tilt_s0,1789341808,126897
tilt_s0,1789341818,126897
tilt_s0,1789341828,126897
tilt_s0,1789341838,126897
tilt_s0,1789341848,126897
tilt_s0,1789341858,126897
tilt_s0,1789341868,126897
tilt_s0,1789341878,126897
tilt_s0,1789341888,126897
tilt_s0,1789341898,126897
tilt_s0,1789341909,126897
tilt_s0,1789341919,126897
tilt_s0,1789341929,126897
tilt_s0,1789341939,126897
tilt_s0,1789341949,126897
tilt_s0,1789341959,126897
tilt_s0,1789341969,126897
tilt_s0,1789341979,126897
tilt_s0,1789341989,126897
tilt_s0,1789341999,126897
tilt_s0,1789342009,126897
tilt_s0,1789342019,126897
tilt_s0,1789342029,126897
tilt_s0,1789342039,126897
tilt_s0,1789342049,126897
tilt_s0,1789342059,126897
tilt_s0,1789342069,126897
tilt_s0,1789342080,126897
tilt_s0,1789342090,126897
tilt_s0,1789342100,126897
tilt_s0,1789342110,126897
tilt_s0,1789342120,126897
tilt_s0,1789342130,126897
tilt_s0,1789342140,126897
tilt_s0,1789342150,126897
tilt_s0,1789342160,126897
tilt_s0,1789342170,126897
tilt_s0,1789342180,126897
tilt_s0,1789342190,126897
tilt_s0,1789342200,126897
tilt_s0,1789342210,126897
tilt_s0,1789342220,126897
tilt_s0,1789342230,126897
tilt_s0,1789342240,126897
tilt_s0,1789342251,126897
tilt_s0,1789342261,126897
tilt_s0,1789342271,126897
tilt_s0,1789342281,126897
tilt_s0,1789342291,126897
tilt_s0,1789342301,126897
tilt_s0,1789342311,126897
tilt_s0,1789342321,126897
tilt_s0,1789342331,126897
tilt_s0,1789342341,126897
tilt_s0,1789342351,126897
tilt_s0,1789342361,126897
tilt_s0,1789342371,126897
tilt_s0,1789342381,126897
tilt_s0,1789342391,126897
tilt_s0,1789342401,126897
tilt_s0,1789342411,126897
tilt_s0,1789342422,126897
tilt_s0,1789342432,126897
tilt_s0,1789342442,126897
tilt_s0,1789342452,126897
tilt_s0,1789342462,126897
tilt_s0,1789342472,126897
tilt_s0,1789342482,126897
tilt_s0,1789342492,126897
tilt_s0,1789342502,126897
tilt_s0,1789342512,126897
tilt_s0,1789342522,126897
tilt_s0,1789342532,126897
tilt_s0,1789342542,126897
tilt_s0,1789342552,126897
tilt_s0,1789342562,126897
tilt_s0,1789342572,126897
tilt_s0,1789342582,126897
tilt_s0,1789342593,126897
tilt_s0,1789342603,126897
tilt_s0,1789342613,126897
tilt_s0,1789342623,126897
tilt_s0,1789342633,126897
tilt_s0,1789342643,126897
tilt_s0,1789342653,126897
tilt_s0,1789342663,126897
tilt_s0,1789342673,126897
tilt_s0,1789342683,126897
tilt_s0,1789342693,126897
tilt_s0,1789342703,126897
tilt_s0,1789342713,126897
tilt_s0,1789342723,126897
tilt_s0,1789342733,126897
tilt_s0,1789342743,126897
tilt_s0,1789342753,126897
tilt_s0,1789342764,126897
tilt_s0,1789342774,126897
tilt_s0,1789342784,126897
tilt_s0,1789342794,126897
tilt_s0,1789342804,126897
tilt_s0,1789342814,126897
tilt_s0,1789342824,126897
tilt_s0,1789342834,126897
tilt_s0,1789342844,126897
tilt_s0,1789342854,126897
tilt_s0,1789342864,126897
tilt_s0,1789342874,126897
tilt_s0,1789342884,126897
tilt_s0,1789342894,126897
tilt_s0,1789342904,126897
tilt_s0,1789342914,126897
tilt_s0,1789342924,126897
tilt_s0,1789342935,126897
tilt_s0,1789342945,126897
tilt_s0,1789342955,126897
tilt_s0,1789342965,126897
tilt_s0,1789342975,126897
tilt_s0,1789342985,126897
tilt_s0,1789342995,126897
tilt_s0,1789343005,126897
tilt_s0,1789343015,126897
tilt_s0,1789343025,126897
tilt_s0,1789343035,126897
tilt_s0,1789343045,126897
tilt_s0,1789343055,126897
tilt_s0,1789343065,126897
tilt_s0,1789343075,126897
tilt_s0,1789343085,126897
tilt_s0,1789343095,126897
tilt_s0,1789343106,126897
tilt_s0,1789343116,126897
tilt_s0,1789343126,126897
tilt_s0,1789343136,126897
tilt_s0,1789343146,126897
tilt_s0,1789343156,126897
tilt_s0,1789343166,126897
tilt_s0,1789343176,126897
tilt_s0,1789343186,126897
tilt_s0,1789343196,126897
tilt_s0,1789343206,126897
tilt_s0,1789343216,126897
tilt_s0,1789343226,126897
tilt_s0,1789343236,126897
tilt_s0,1789343246,126897
tilt_s0,1789343256,126897
tilt_s0,1789343267,126897
tilt_s0,1789343277,126897
tilt_s0,1789343287,126897
tilt_s0,1789343297,126897
tilt_s0,1789343307,126897
tilt_s0,1789343317,126897
tilt_s0,1789343327,126897
tilt_s0,1789343337,126897
tilt_s0,1789343347,126897
tilt_s0,1789343357,126897
tilt_s0,1789343367,126897
tilt_s0,1789343377,126897
tilt_s0,1789343387,126897
tilt_s0,1789343397,126897
tilt_s0,1789343407,126897
tilt_s0,1789343417,126897
tilt_s0,1789343427,126897
tilt_s0,1789343438,126897
tilt_s0,1789343448,126897
tilt_s0,1789343458,126897
tilt_s0,1789343468,126897
tilt_s0,1789343478,126897
tilt_s0,1789343488,126897
tilt_s0,1789343498,126897
tilt_s0,1789343508,126897
tilt_s0,1789343518,126897
tilt_s0,1789343528,126897
tilt_s0,1789343538,126897
tilt_s0,1789343548,126897
tilt_s0,1789343558,126897
tilt_s0,1789343568,126897
tilt_s0,1789343578,126897
tilt_s0,1789343588,126897
tilt_s0,1789343598,126897
tilt_s0,1789343609,126897
tilt_s0,1789343619,126897
tilt_s0,1789343629,126897
tilt_s0,1789343639,126897
tilt_s0,1789343649,126897
tilt_s0,1789343659,126897
tilt_s0,1789343669,126897
tilt_s0,1789343679,126897
tilt_s0,1789343689,126897
tilt_s0,1789343699,126897
tilt_s0,1789343709,126897
tilt_s0,1789343719,126897
tilt_s0,1789343729,126897
tilt_s0,1789343739,126897
tilt_s0,1789343749,126897
tilt_s0,1789343759,126897
tilt_s0,1789343770,126897
tilt_s0,1789343780,126897
tilt_s0,1789343790,126897
tilt_s0,1789343800,126897
tilt_s0,1789343810,126897
tilt_s0,1789343820,126897
tilt_s0,1789343830,126897
tilt_s0,1789343840,126897
tilt_s0,1789343850,126897
tilt_s0,1789343860,126897
tilt_s0,1789343870,126897
tilt_s0,1789343880,126897
tilt_s0,1789343890,126897
tilt_s0,1789343900,126897
tilt_s0,1789343910,126897
tilt_s0,1789343920,126897
tilt_s0,1789343930,126897
tilt_s0,1789343941,126897
tilt_s0,1789343951,126897
tilt_s0,1789343961,126897
tilt_s0,1789343971,126897
tilt_s0,1789343981,126897
tilt_s0,1789343991,126897
tilt_s0,1789344001,126897
tilt_s0,1789344011,126897
tilt_s0,1789344021,126897
tilt_s0,1789344031,126897
tilt_s0,1789344041,126897
tilt_s0,1789344051,126897
tilt_s0,1789344061,126897
tilt_s0,1789344071,126897
tilt_s0,1789344081,126897
tilt_s0,1789344091,126897
tilt_s0,1789344101,126897
tilt_s0,1789344112,126897
tilt_s0,1789344122,126897
tilt_s0,1789344132,126897
tilt_s0,1789344142,126897
tilt_s0,1789344152,126897
tilt_s0,1789344162,126897
tilt_s0,1789344172,126897
tilt_s0,1789344182,126897
tilt_s0,1789344192,126897
tilt_s0,1789344202,126897
tilt_s0,1789344212,126897
tilt_s0,1789344222,126897
tilt_s0,1789344232,126897
tilt_s0,1789344242,126897
tilt_s0,1789344252,126897
tilt_s0,1789344262,126897
tilt_s0,1789344272,126897
tilt_s0,1789344283,126897
tilt_s0,1789344293,126897
tilt_s0,1789344303,126897
tilt_s0,1789344313,126897
tilt_s0,1789344323,126897
tilt_s0,1789344333,126897
tilt_s0,1789344343,126897
tilt_s0,1789344353,126897
tilt_s0,1789344363,126897
tilt_s0,1789344373,126897
tilt_s0,1789344383,126897
tilt_s0,1789344393,126897
tilt_s0,1789344403,126897
tilt_s0,1789344413,126897
tilt_s0,1789344423,126897
tilt_s0,1789344433,126897
tilt_s0,1789344443,126897
tilt_s0,1789344454,126897
tilt_s0,1789344464,126897
tilt_s0,1789344474,126897
tilt_s0,1789344484,126897
tilt_s0,1789344494,126897
tilt_s0,1789344504,126897
tilt_s0,1789344514,126897
tilt_s0,1789344524,126897
tilt_s0,1789344534,126897
tilt_s0,1789344544,126897
tilt_s0,1789344554,126897
tilt_s0,1789344564,126897
tilt_s0,1789344574,126897
tilt_s0,1789344584,126897
tilt_s0,1789344594,126897
tilt_s0,1789344604,126897
tilt_s0,1789344614,126897
tilt_s0,1789344625,126897
tilt_s0,1789344635,126897
tilt_s0,1789344645,126897
tilt_s0,1789344655,126897
tilt_s0,1789344665,126897
tilt_s0,1789344675,126897
tilt_s0,1789344685,126897
tilt_s0,1789344695,126897
tilt_s0,1789344705,126897
tilt_s0,1789344715,126897
tilt_s0,1789344725,126897
tilt_s0,1789344735,126897
tilt_s0,1789344745,126897
tilt_s0,1789344755,126897
tilt_s0,1789344765,126897
tilt_s0,1789344775,126897
tilt_s0,1789344785,126897
tilt_s0,1789344796,126897
tilt_s0,1789344806,126897
tilt_s0,1789344816,126897
tilt_s0,1789344826,126897
tilt_s0,1789344836,126897
tilt_s0,1789344846,126897
tilt_s0,1789344856,126897
tilt_s0,1789344866,126897
tilt_s0,1789344876,126897
tilt_s0,1789344886,126897
tilt_s0,1789344896,126897
tilt_s0,1789344906,126897
tilt_s0,1789344916,126897
tilt_s0,1789344926,126897
tilt_s0,1789344936,126897
tilt_s0,1789344946,126897
tilt_s0,1789344956,126897
tilt_s0,1789344967,126897
tilt_s0,1789344977,126897
tilt_s0,1789344987,126897
tilt_s0,1789344997,126897
tilt_s0,1789345007,126897
tilt_s0,1789345017,126897
tilt_s0,1789345027,126897
tilt_s0,1789345037,126897
tilt_s0,1789345047,126897
tilt_s0,1789345057,126897
tilt_s0,1789345067,126897
tilt_s0,1789345077,126897
tilt_s0,1789345087,126897
tilt_s0,1789345097,126897
tilt_s0,1789345107,126897
tilt_s0,1789345117,126897
tilt_s0,1789345127,126897
tilt_s0,1789345138,126897
tilt_s0,1789345148,126897
tilt_s0,1789345158,126897
tilt_s0,1789345168,126897
tilt_s0,1789345178,126897
tilt_s0,1789345188,126897
tilt_s0,1789345198,126897
tilt_s0,1789345208,126897
tilt_s0,1789345218,126897
tilt_s0,1789345228,126897
tilt_s0,1789345238,126897
tilt_s0,1789345248,126897
tilt_s0,1789345258,126897
tilt_s0,1789345268,126897
tilt_s0,1789345278,126897
tilt_s0,1789345288,126897
tilt_s0,1789345299,126897
tilt_s0,1789345309,126897
tilt_s0,1789345319,126897
tilt_s0,1789345329,126897
tilt_s0,1789345339,126897
tilt_s0,1789345349,126897
tilt_s0,1789345359,126897
tilt_s0,1789345369,126897
tilt_s0,1789345379,126897
tilt_s0,1789345389,126897
tilt_s0,1789345399,126897
tilt_s0,1789345409,126897
tilt_s0,1789345419,126897
tilt_s0,1789345429,126897
tilt_s0,1789345439,126897
tilt_s0,1789345449,126897
tilt_s0,1789345459,126897
tilt_s0,1789345470,126897
tilt_s0,1789345480,126897
tilt_s0,1789345490,126897
tilt_s0,1789345500,126897
tilt_s0,1789345510,126897
tilt_s0,1789345520,126897
tilt_s0,1789345530,126897
tilt_s0,1789345540,126897
tilt_s0,1789345550,126897
tilt_s0,1789345560,126897
tilt_s0,1789345570,126897
tilt_s0,1789345580,126897
tilt_s0,1789345590,126897
tilt_s0,1789345600,126897
tilt_s0,1789345610,126897
tilt_s0,1789345620,126897
tilt_s0,1789345630,126897
tilt_s0,1789345641,126897
tilt_s0,1789345651,126897
tilt_s0,1789345661,126897
tilt_s0,1789345671,126897
tilt_s0,1789345681,126897
tilt_s0,1789345691,126897
tilt_s0,1789345701,126897
tilt_s0,1789345711,126897
tilt_s0,1789345721,126897
tilt_s0,1789345731,126897
tilt_s0,1789345741,126897
tilt_s0,1789345751,126897
tilt_s0,1789345761,126897
tilt_s0,1789345771,126897
tilt_s0,1789345781,126897
tilt_s0,1789345791,126897
tilt_s0,1789345801,126897
tilt_s0,1789345812,126897
tilt_s0,1789345822,126897
tilt_s0,1789345832,126897
tilt_s0,1789345842,126897
tilt_s0,1789345852,126897
tilt_s0,1789345862,126897
tilt_s0,1789345872,126897
tilt_s0,1789345882,126897
tilt_s0,1789345892,126897
tilt_s0,1789345902,126897
tilt_s0,1789345912,126897
tilt_s0,1789345922,126897
tilt_s0,1789345932,126897
tilt_s0,1789345942,126897
tilt_s0,1789345952,126897
tilt_s0,1789345962,126897
tilt_s0,1789345972,126897
tilt_s0,1789345983,126897
tilt_s0,1789345993,126897
tilt_s0,1789346003,126897
tilt_s0,1789346013,126897
tilt_s0,1789346023,126897
tilt_s0,1789346033,126897
tilt_s0,1789346043,126897
tilt_s0,1789346053,126897
tilt_s0,1789346063,126897
tilt_s0,1789346073,126897
tilt_s0,1789346083,126897
tilt_s0,1789346093,126897
tilt_s0,1789346103,126897
tilt_s0,1789346113,126897
tilt_s0,1789346123,126897
tilt_s0,1789346133,126897
tilt_s0,1789346144,126897
tilt_s0,1789346154,126897
tilt_s0,1789346164,126897
tilt_s0,1789346174,126897
tilt_s0,1789346184,126897
tilt_s0,1789346194,126897
tilt_s0,1789346204,126897
tilt_s0,1789346214,126897
tilt_s0,1789346224,126897
tilt_s0,1789346234,126897
tilt_s0,1789346244,126897
tilt_s0,1789346254,126897
tilt_s0,1789346264,126897
tilt_s0,1789346274,126897
tilt_s0,1789346284,126897
tilt_s0,1789346294,126897
tilt_s0,1789346304,126897
tilt_s0,1789346315,126897
tilt_s0,1789346325,126897
tilt_s0,1789346335,126897
tilt_s0,1789346345,126897
tilt_s0,1789346355,126897
tilt_s0,1789346365,126897
tilt_s0,1789346375,126897
tilt_s0,1789346385,126897
tilt_s0,1789346395,126897
tilt_s0,1789346405,126897
tilt_s0,1789346415,126897
tilt_s0,1789346425,126897
tilt_s0,1789346435,126897
tilt_s0,1789346445,126897
tilt_s0,1789346455,126897
tilt_s0,1789346465,126897
tilt_s0,1789346475,126897
tilt_s0,1789346486,126897
tilt_s0,1789346496,126897
tilt_s0,1789346506,126897
tilt_s0,1789346516,126897
tilt_s0,1789346526,126897
tilt_s0,1789346536,126897
tilt_s0,1789346546,126897
tilt_s0,1789346556,126897
tilt_s0,1789346566,126897
tilt_s0,1789346576,126897
tilt_s0,1789346586,126897
tilt_s0,1789346596,126897
tilt_s0,1789346606,126897
tilt_s0,1789346616,126897
tilt_s0,1789346626,126897
tilt_s0,1789346636,126897
tilt_s0,1789346646,126897
tilt_s0,1789346657,126897
tilt_s0,1789346667,126897
tilt_s0,1789346677,126897
tilt_s0,1789346687,126897
tilt_s0,1789346697,126897
tilt_s0,1789346707,126897
tilt_s0,1789346717,126897
tilt_s0,1789346727,126897
tilt_s0,1789346737,126897
tilt_s0,1789346747,126897
tilt_s0,1789346757,126897
tilt_s0,1789346767,126897
tilt_s0,1789346777,126897
tilt_s0,1789346787,126897
tilt_s0,1789346797,126897
tilt_s0,1789346807,126897
tilt_s0,1789346817,126897
tilt_s0,1789346828,126897
tilt_s0,1789346838,126897
tilt_s0,1789346848,126897
tilt_s0,1789346858,126897
tilt_s0,1789346868,126897
tilt_s0,1789346878,126897
tilt_s0,1789346888,126897
tilt_s0,1789346898,126897
tilt_s0,1789346908,126897
tilt_s0,1789346918,126897
tilt_s0,1789346928,126897
tilt_s0,1789346938,126897
tilt_s0,1789346948,126897
tilt_s0,1789346958,126897
tilt_s0,1789346968,126897
tilt_s0,1789346978,126897
tilt_s0,1789346988,126897
tilt_s0,1789346999,126897
tilt_s0,1789347009,126897
tilt_s0,1789347019,126897
tilt_s0,1789347029,126897
tilt_s0,1789347039,126897
tilt_s0,1789347049,126897
tilt_s0,1789347059,126897
tilt_s0,1789347069,126897
tilt_s0,1789347079,126897
tilt_s0,1789347089,126897
tilt_s0,1789347099,126897
tilt_s0,1789347109,126897
tilt_s0,1789347119,126897
tilt_s0,1789347129,126897
tilt_s0,1789347139,126897
tilt_s0,1789347149,126897
tilt_s0,1789347160,126897
tilt_s0,1789347170,126897
tilt_s0,1789347180,126897
tilt_s0,1789347190,126897
tilt_s0,1789347200,126897
tilt_s0,1789347210,126897
tilt_s0,1789347220,126897
tilt_s0,1789347230,126897
tilt_s0,1789347240,126897
tilt_s0,1789347250,126897
tilt_s0,1789347260,126897
tilt_s0,1789347270,126897
tilt_s0,1789347280,126897
tilt_s0,1789347290,126897
tilt_s0,1789347300,126897
tilt_s0,1789347310,126897
tilt_s0,1789347320,126897
tilt_s0,1789347331,126897
tilt_s0,1789347341,126897
tilt_s0,1789347351,126897
tilt_s0,1789347361,126897
tilt_s0,1789347371,126897
tilt_s0,1789347381,126897
tilt_s0,1789347391,126897
tilt_s0,1789347401,126897
tilt_s0,1789347411,126897
tilt_s0,1789347421,126897
tilt_s0,1789347431,126897
tilt_s0,1789347441,126897
tilt_s0,1789347451,126897
tilt_s0,1789347461,126897
tilt_s0,1789347471,126897
tilt_s0,1789347481,126897
tilt_s0,1789347491,126897
tilt_s0,1789347502,126897
tilt_s0,1789347512,126897
tilt_s0,1789347522,126897
tilt_s0,1789347532,126897
tilt_s0,1789347542,126897
tilt_s0,1789347552,126897
tilt_s0,1789347562,126897
tilt_s0,1789347572,126897
tilt_s0,1789347582,126897
tilt_s0,1789347592,126897
tilt_s0,1789347602,126897
tilt_s0,1789347612,126897
tilt_s0,1789347622,126897
tilt_s0,1789347632,126897
tilt_s0,1789347642,126897
tilt_s0,1789347652,126897
tilt_s0,1789347662,126897
tilt_s0,1789347673,126897
tilt_s0,1789347683,126897
tilt_s0,1789347693,126897
tilt_s0,1789347703,126897
tilt_s0,1789347713,126897
tilt_s0,1789347723,126897
tilt_s0,1789347733,126897
tilt_s0,1789347743,126897
tilt_s0,1789347753,126897
tilt_s0,1789347763,126897
tilt_s0,1789347773,126897
tilt_s0,1789347783,126897
tilt_s0,1789347793,126897
tilt_s0,1789347803,126897
tilt_s0,1789347813,126897
tilt_s0,1789347823,126897
tilt_s0,1789347833,126897
tilt_s0,1789347844,126897
tilt_s0,1789347854,126897
tilt_s0,1789347864,126897
tilt_s0,1789347874,126897
tilt_s0,1789347884,126897
tilt_s0,1789347894,126897
tilt_s0,1789347904,126897
tilt_s0,1789347914,126897
tilt_s0,1789347924,126897
tilt_s0,1789347934,126897
tilt_s0,1789347944,126897
tilt_s0,1789347954,126897
tilt_s0,1789347964,126897
tilt_s0,1789347974,126897
tilt_s0,1789347984,126897
tilt_s0,1789347994,126897
tilt_s0,1789348004,126897
tilt_s0,1789348014,126897
tilt_s0,1789348025,126897
tilt_s0,1789348035,126897
tilt_s0,1789348045,126897
tilt_s0,1789348055,126897
tilt_s0,1789348065,126897
tilt_s0,1789348075,126897
tilt_s0,1789348085,126897
tilt_s0,1789348095,126897
tilt_s0,1789348105,126897
tilt_s0,1789348115,126897
tilt_s0,1789348125,126897
tilt_s0,1789348135,126897
tilt_s0,1789348145,126897
tilt_s0,1789348155,126897
tilt_s0,1789348165,126897
tilt_s0,1789348175,126897
tilt_s0,1789348185,126897
tilt_s0,1789348196,126897
tilt_s0,1789348206,126897
tilt_s0,1789348216,126897
tilt_s0,1789348226,126897
tilt_s0,1789348236,126897
tilt_s0,1789348246,126897
tilt_s0,1789348256,126897
tilt_s0,1789348266,126897
tilt_s0,1789348276,126897
tilt_s0,1789348286,126897
tilt_s0,1789348296,126897
tilt_s0,1789348306,126897
tilt_s0,1789348316,126897
tilt_s0,1789348326,126897
tilt_s0,1789348336,126897
tilt_s0,1789348346,126897
tilt_s0,1789348356,126897
tilt_s0,1789348367,126897
tilt_s0,1789348377,126897
tilt_s0,1789348387,126897
tilt_s0,1789348397,126897
tilt_s0,1789348407,126897
tilt_s0,1789348417,126897
tilt_s0,1789348427,126897
tilt_s0,1789348437,126897
tilt_s0,1789348447,126897
tilt_s0,1789348457,126897
tilt_s0,1789348467,126897
tilt_s0,1789348477,126897
tilt_s0,1789348487,126897
tilt_s0,1789348497,126897
tilt_s0,1789348507,126897
tilt_s0,1789348517,126897
tilt_s0,1789348527,126897
tilt_s0,1789348538,126897
tilt_s0,1789348548,126897
tilt_s0,1789348558,126897
tilt_s0,1789348568,126897
tilt_s0,1789348578,126897
tilt_s0,1789348588,126897
tilt_s0,1789348598,126897
tilt_s0,1789348608,126897
tilt_s0,1789348618,126897
tilt_s0,1789348628,126897
tilt_s0,1789348638,126897
tilt_s0,1789348648,126897
tilt_s0,1789348658,126897
tilt_s0,1789348668,126897
tilt_s0,1789348678,126897
tilt_s0,1789348688,126897
tilt_s0,1789348698,126897
tilt_s0,1789348709,126897
tilt_s0,1789348719,126897
tilt_s0,1789348729,126897
tilt_s0,1789348739,126897
tilt_s0,1789348749,126897
tilt_s0,1789348759,126897
tilt_s0,1789348769,126897
tilt_s0,1789348779,126897
tilt_s0,1789348789,126897
tilt_s0,1789348799,126897
tilt_s0,1789348809,126897
tilt_s0,1789348819,126897
tilt_s0,1789348829,126897
tilt_s0,1789348839,126897
tilt_s0,1789348849,126897
tilt_s0,1789348859,126897
tilt_s0,1789348869,126897
tilt_s0,1789348880,126897
tilt_s0,1789348890,126897
tilt_s0,1789348900,126897
tilt_s0,1789348910,126897
tilt_s0,1789348920,126897
tilt_s0,1789348930,126897
tilt_s0,1789348940,126897
tilt_s0,1789348950,126897
tilt_s0,1789348960,126897
tilt_s0,1789348970,126897
tilt_s0,1789348980,126897
tilt_s0,1789348990,126897
tilt_s0,1789349000,126897
tilt_s0,1789349010,126897
tilt_s0,1789349020,126897
tilt_s0,1789349030,126897
tilt_s0,1789349040,126897
tilt_s0,1789349051,126897
tilt_s0,1789349061,126897
tilt_s0,1789349071,126897
tilt_s0,1789349081,126897
tilt_s0,1789349091,126897
tilt_s0,1789349101,126897
tilt_s0,1789349111,126897
tilt_s0,1789349121,126897
tilt_s0,1789349131,126897
tilt_s0,1789349141,126897
tilt_s0,1789349151,126897
tilt_s0,1789349161,126897
tilt_s0,1789349171,126897
tilt_s0,1789349181,126897
tilt_s0,1789349191,126897
tilt_s0,1789349201,126897
tilt_s0,1789349211,126897
tilt_s0,1789349221,126897
tilt_s0,1789349232,126897
tilt_s0,1789349242,126897
tilt_s0,1789349252,126897
tilt_s0,1789349262,126897
tilt_s0,1789349272,126897
tilt_s0,1789349282,126897
tilt_s0,1789349292,126897
tilt_s0,1789349302,126897
tilt_s0,1789349312,126897
tilt_s0,1789349322,126897
tilt_s0,1789349332,126897
tilt_s0,1789349342,126897
tilt_s0,1789349352,126897
tilt_s0,1789349362,126897
tilt_s0,1789349372,126897
tilt_s0,1789349382,126897
tilt_s0,1789349393,126897
tilt_s0,1789349403,126897
tilt_s0,1789349413,126897
tilt_s0,1789349423,126897
tilt_s0,1789349433,126897
tilt_s0,1789349443,126897
tilt_s0,1789349453,126897
tilt_s0,1789349463,126897
tilt_s0,1789349473,126897
tilt_s0,1789349483,126897
tilt_s0,1789349493,126897
tilt_s0,1789349503,126897
tilt_s0,1789349513,126897
tilt_s0,1789349523,126897
tilt_s0,1789349533,126897
tilt_s0,1789349543,126897
tilt_s0,1789349553,126897
tilt_s0,1789349564,126897
tilt_s0,1789349574,126897
tilt_s0,1789349584,126897
tilt_s0,1789349594,126897
tilt_s0,1789349604,126897
tilt_s0,1789349614,126897
tilt_s0,1789349624,126897
tilt_s0,1789349634,126897
tilt_s0,1789349644,126897
tilt_s0,1789349654,126897
tilt_s0,1789349664,126897
tilt_s0,1789349674,126897
tilt_s0,1789349684,126897
tilt_s0,1789349694,126897
tilt_s0,1789349704,126897
tilt_s0,1789349714,126897
tilt_s0,1789349724,126897
tilt_s0,1789349735,126897
tilt_s0,1789349745,126897
tilt_s0,1789349755,126897
tilt_s0,1789349765,126897
tilt_s0,1789349775,126897
tilt_s0,1789349785,126897
tilt_s0,1789349795,126897
tilt_s0,1789349805,126897
tilt_s0,1789349815,126897
tilt_s0,1789349825,126897
tilt_s0,1789349835,126897
tilt_s0,1789349845,126897
tilt_s0,1789349855,126897
tilt_s0,1789349865,126897
tilt_s0,1789349875,126897
tilt_s0,1789349885,126897
tilt_s0,1789349895,126897
tilt_s0,1789349906,126897
tilt_s0,1789349916,126897
tilt_s0,1789349926,126897
tilt_s0,1789349936,126897
tilt_s0,1789349946,126897
tilt_s0,1789349956,126897
tilt_s0,1789349966,126897
tilt_s0,1789349976,126897
tilt_s0,1789349986,126897
tilt_s0,1789349996,126897
tilt_s0,1789350006,126897
tilt_s0,1789350016,126897
tilt_s0,1789350026,126897
tilt_s0,1789350036,126897
tilt_s0,1789350046,126897
tilt_s0,1789350056,126897
tilt_s0,1789350067,126897
tilt_s0,1789350077,126897
tilt_s0,1789350087,126897
tilt_s0,1789350097,126897
tilt_s0,1789350107,126897
tilt_s0,1789350117,126897
tilt_s0,1789350127,126897
tilt_s0,1789350137,126897
tilt_s0,1789350147,126897
tilt_s0,1789350157,126897
tilt_s0,1789350167,126897
tilt_s0,1789350177,126897
tilt_s0,1789350187,126897
tilt_s0,1789350197,126897
tilt_s0,1789350207,126897
tilt_s0,1789350217,126897
tilt_s0,1789350227,126897
tilt_s0,1789350238,126897
tilt_s0,1789350248,126897
tilt_s0,1789350258,126897
tilt_s0,1789350268,126897
tilt_s0,1789350278,126897
tilt_s0,1789350288,126897
tilt_s0,1789350298,126897
tilt_s0,1789350308,126897
tilt_s0,1789350318,126897
tilt_s0,1789350328,126897
tilt_s0,1789350338,126897
tilt_s0,1789350348,126897
tilt_s0,1789350358,126897
tilt_s0,1789350368,126897
tilt_s0,1789350378,126897
tilt_s0,1789350388,126897
tilt_s0,1789350398,126897
tilt_s0,1789350409,126897
tilt_s0,1789350419,126897
tilt_s0,1789350429,126897
tilt_s0,1789350439,126897
tilt_s0,1789350449,126897
tilt_s0,1789350459,126897
tilt_s0,1789350469,126897
tilt_s0,1789350479,126897
tilt_s0,1789350489,126897
tilt_s0,1789350499,126897
tilt_s0,1789350509,126897
tilt_s0,1789350519,126897
tilt_s0,1789350529,126897
tilt_s0,1789350539,126897
tilt_s0,1789350549,126897
tilt_s0,1789350559,126897
tilt_s0,1789350570,126897
tilt_s0,1789350580,126897
tilt_s0,1789350590,126897
tilt_s0,1789350600,126897
tilt_s0,1789350610,126897
tilt_s0,1789350620,126897
tilt_s0,1789350630,126897
tilt_s0,1789350640,126897
tilt_s0,1789350650,126897
tilt_s0,1789350660,126897
tilt_s0,1789350670,126897
tilt_s0,1789350680,126897
tilt_s0,1789350690,126897
tilt_s0,1789350700,126897
tilt_s0,1789350710,126897
tilt_s0,1789350720,126897
tilt_s0,1789350730,126897
tilt_s0,1789350741,126897
tilt_s0,1789350751,126897
tilt_s0,1789350761,126897
tilt_s0,1789350771,126897
tilt_s0,1789350781,126897
tilt_s0,1789350791,126897
tilt_s0,1789350801,126897
tilt_s0,1789350811,126897
tilt_s0,1789350821,126897
tilt_s0,1789350831,126897
tilt_s0,1789350841,126897
tilt_s0,1789350851,126897
tilt_s0,1789350861,126897
tilt_s0,1789350871,126897
tilt_s0,1789350881,126897
tilt_s0,1789350891,126897
tilt_s0,1789350902,126897
tilt_s0,1789350912,126897
tilt_s0,1789350922,126897
tilt_s0,1789350932,126897
tilt_s0,1789350942,126897
tilt_s0,1789350952,126897
tilt_s0,1789350962,126897
tilt_s0,1789350972,126897
tilt_s0,1789350982,126897
tilt_s0,1789350992,126897
tilt_s0,1789351002,126897
tilt_s0,1789351012,126897
tilt_s0,1789351022,126897
tilt_s0,1789351032,126897
tilt_s0,1789351042,126897
tilt_s0,1789351052,126897
tilt_s0,1789351063,126897
tilt_s0,1789351073,126897
tilt_s0,1789351083,126897
tilt_s0,1789351093,126897
tilt_s0,1789351103,126897
tilt_s0,1789351113,126897
tilt_s0,1789351123,126897
tilt_s0,1789351133,126897
tilt_s0,1789351143,126897
tilt_s0,1789351153,126897
tilt_s0,1789351163,126897
tilt_s0,1789351173,126897
tilt_s0,1789351183,126897
tilt_s0,1789351193,126897
tilt_s0,1789351203,126897
tilt_s0,1789351213,126897
tilt_s0,1789351223,126897
tilt_s0,1789351234,126897
tilt_s0,1789351244,126897
tilt_s0,1789351254,126897
tilt_s0,1789351264,126897
tilt_s0,1789351274,126897
tilt_s0,1789351284,126897
tilt_s0,1789351294,126897
tilt_s0,1789351304,126897
tilt_s0,1789351314,126897
tilt_s0,1789351324,126897
tilt_s0,1789351334,126897
tilt_s0,1789351344,126897
tilt_s0,1789351354,126897
tilt_s0,1789351364,126897
tilt_s0,1789351374,126897
tilt_s0,1789351384,126897
tilt_s0,1789351395,126897
tilt_s0,1789351405,126897
tilt_s0,1789351415,126897
tilt_s0,1789351425,126897
tilt_s0,1789351435,126897
tilt_s0,1789351445,126897
tilt_s0,1789351455,126897
tilt_s0,1789351465,126897
tilt_s0,1789351475,126897
tilt_s0,1789351485,126897
tilt_s0,1789351495,126897
tilt_s0,1789351505,126897
tilt_s0,1789351515,126897
tilt_s0,1789351525,126897
tilt_s0,1789351535,126897
tilt_s0,1789351545,126897
tilt_s0,1789351555,126897
tilt_s0,1789351566,126897
tilt_s0,1789351576,126897
tilt_s0,1789351586,126897
tilt_s0,1789351596,126897
tilt_s0,1789351606,126897
tilt_s0,1789351616,126897
tilt_s0,1789351626,126897
tilt_s0,1789351636,126897
tilt_s0,1789351646,126897
tilt_s0,1789351656,126897
tilt_s0,1789351666,126897
tilt_s0,1789351676,126897
tilt_s0,1789351686,126897
tilt_s0,1789351696,126897
tilt_s0,1789351706,126897
tilt_s0,1789351716,126897
tilt_s0,1789351726,126897
tilt_s0,1789351737,126897
tilt_s0,1789351747,126897
tilt_s0,1789351757,126897
tilt_s0,1789351767,126897
tilt_s0,1789351777,126897
tilt_s0,1789351787,126897
tilt_s0,1789351797,126897
tilt_s0,1789351807,126897
tilt_s0,1789351817,126897
tilt_s0,1789351827,126897
tilt_s0,1789351837,126897
tilt_s0,1789351847,126897
tilt_s0,1789351857,126897
tilt_s0,1789351867,126897
tilt_s0,1789351877,126897
tilt_s0,1789351887,126897
tilt_s0,1789351897,126897
tilt_s0,1789351908,126897
tilt_s0,1789351918,126897
tilt_s0,1789351928,126897
tilt_s0,1789351938,126897
tilt_s0,1789351948,126897
tilt_s0,1789351958,126897
tilt_s0,1789351968,126897
tilt_s0,1789351978,126897
tilt_s0,1789351988,126897
tilt_s0,1789351998,126897
tilt_s0,1789352008,126897
tilt_s0,1789352018,126897
tilt_s0,1789352028,126897
tilt_s0,1789352038,126897
tilt_s0,1789352048,126897
tilt_s0,1789352058,126897
tilt_s0,1789352068,126897
tilt_s0,1789352078,126897
tilt_s0,1789352089,126897
tilt_s0,1789352099,126897
tilt_s0,1789352109,126897
tilt_s0,1789352119,126897
tilt_s0,1789352129,126897
tilt_s0,1789352139,126897
tilt_s0,1789352149,126897
tilt_s0,1789352159,126897
tilt_s0,1789352169,126897
tilt_s0,1789352179,126897
tilt_s0,1789352189,126897
tilt_s0,1789352199,126897
tilt_s0,1789352209,126897
tilt_s0,1789352219,126897
tilt_s0,1789352229,126897
tilt_s0,1789352239,126897
tilt_s0,1789352250,126897
tilt_s0,1789352260,126897
tilt_s0,1789352270,126897
tilt_s0,1789352280,126897
tilt_s0,1789352290,126897
tilt_s0,1789352300,126897
tilt_s0,1789352310,126897
tilt_s0,1789352320,126897
tilt_s0,1789352330,126897
tilt_s0,1789352340,126897
tilt_s0,1789352350,126897
tilt_s0,1789352360,126897
tilt_s0,1789352370,126897
tilt_s0,1789352380,126897
tilt_s0,1789352390,126897
tilt_s0,1789352400,126897
tilt_s0,1789352410,126897
tilt_s0,1789352420,126897
tilt_s0,1789352431,126897
tilt_s0,1789352441,126897
tilt_s0,1789352451,126897
tilt_s0,1789352461,126897
tilt_s0,1789352471,126897
tilt_s0,1789352481,126897
tilt_s0,1789352491,126897
tilt_s0,1789352501,126897
tilt_s0,1789352511,126897
tilt_s0,1789352521,126897
tilt_s0,1789352531,126897
tilt_s0,1789352541,126897
tilt_s0,1789352551,126897
tilt_s0,1789352561,126897
tilt_s0,1789352571,126897
tilt_s0,1789352581,126897
tilt_s0,1789352591,126897
tilt_s0,1789352602,126897
tilt_s0,1789352612,126897
tilt_s0,1789352622,126897
tilt_s0,1789352632,126897
tilt_s0,1789352642,126897
tilt_s0,1789352652,126897
tilt_s0,1789352662,126897
tilt_s0,1789352672,126897
tilt_s0,1789352682,126897
tilt_s0,1789352692,126897
tilt_s0,1789352702,126897
tilt_s0,1789352712,126897
tilt_s0,1789352722,126897
tilt_s0,1789352732,126897
tilt_s0,1789352742,126897
tilt_s0,1789352752,126897
tilt_s0,1789352762,126897
tilt_s0,1789352773,126897
tilt_s0,1789352783,126897
tilt_s0,1789352793,126897
tilt_s0,1789352803,126897
tilt_s0,1789352813,126897
tilt_s0,1789352823,126897
tilt_s0,1789352833,126897
tilt_s0,1789352843,126897
tilt_s0,1789352853,126897
tilt_s0,1789352863,126897
tilt_s0,1789352873,126897
tilt_s0,1789352883,126897
tilt_s0,1789352893,126897
tilt_s0,1789352903,126897
tilt_s0,1789352913,126897
tilt_s0,1789352923,126897
tilt_s0,1789352933,126897
tilt_s0,1789352944,126897
tilt_s0,1789352954,126897
tilt_s0,1789352964,126897
tilt_s0,1789352974,126897
tilt_s0,1789352984,126897
tilt_s0,1789352994,126897
tilt_s0,1789353004,126897
tilt_s0,1789353014,126897
tilt_s0,1789353024,126897
tilt_s0,1789353034,126897
tilt_s0,1789353044,126897
tilt_s0,1789353054,126897
tilt_s0,1789353064,126897
tilt_s0,1789353074,126897
tilt_s0,1789353084,126897
tilt_s0,1789353094,126897
tilt_s0,1789353104,126897
tilt_s0,1789353115,126897
tilt_s0,1789353125,126897
tilt_s0,1789353135,126897
tilt_s0,1789353145,126897
tilt_s0,1789353155,126897
tilt_s0,1789353165,126897
tilt_s0,1789353175,126897
tilt_s0,1789353185,126897
tilt_s0,1789353195,126897
tilt_s0,1789353205,126897
tilt_s0,1789353215,126897
tilt_s0,1789353225,126897
tilt_s0,1789353235,126897
tilt_s0,1789353245,126897
tilt_s0,1789353255,126897
tilt_s0,1789353265,126897
tilt_s0,1789353275,126897
tilt_s0,1789353286,126897
tilt_s0,1789353296,126897
tilt_s0,1789353306,126897
tilt_s0,1789353316,126897
tilt_s0,1789353326,126897
tilt_s0,1789353336,126897
tilt_s0,1789353346,126897
tilt_s0,1789353356,126897
tilt_s0,1789353366,126897
tilt_s0,1789353376,126897
tilt_s0,1789353386,126897
tilt_s0,1789353396,126897
tilt_s0,1789353406,126897
tilt_s0,1789353416,126897
tilt_s0,1789353426,126897
tilt_s0,1789353436,126897
tilt_s0,1789353446,126897
tilt_s0,1789353457,126897
tilt_s0,1789353467,126897
tilt_s0,1789353477,126897
tilt_s0,1789353487,126897
tilt_s0,1789353497,126897
tilt_s0,1789353507,126897
tilt_s0,1789353517,126897
tilt_s0,1789353527,126897
tilt_s0,1789353537,126897
tilt_s0,1789353547,126897
tilt_s0,1789353557,126897
tilt_s0,1789353567,126897
tilt_s0,1789353577,126897
tilt_s0,1789353587,126897
tilt_s0,1789353597,126897
tilt_s0,1789353607,126897
tilt_s0,1789353617,126897
tilt_s0,1789353628,126897
tilt_s0,1789353638,126897
tilt_s0,1789353648,126897
tilt_s0,1789353658,126897
tilt_s0,1789353668,126897
tilt_s0,1789353678,126897
tilt_s0,1789353688,126897
tilt_s0,1789353698,126897
tilt_s0,1789353708,126897
tilt_s0,1789353718,126897
tilt_s0,1789353728,126897
tilt_s0,1789353738,126897
tilt_s0,1789353748,126897
tilt_s0,1789353758,126897
tilt_s0,1789353768,126897
tilt_s0,1789353778,126897
tilt_s0,1789353788,126897
tilt_s0,1789353799,126897
tilt_s0,1789353809,126897
tilt_s0,1789353819,126897
tilt_s0,1789353829,126897
tilt_s0,1789353839,126897
tilt_s0,1789353849,126897
tilt_s0,1789353859,126897
tilt_s0,1789353869,126897
tilt_s0,1789353879,126897
tilt_s0,1789353889,126897
tilt_s0,1789353899,126897
tilt_s0,1789353909,126897
tilt_s0,1789353919,126897
tilt_s0,1789353929,126897
tilt_s0,1789353939,126897
tilt_s0,1789353949,126897
tilt_s0,1789353959,126897
tilt_s0,1789353970,126897
tilt_s0,1789353980,126897
tilt_s0,1789353990,126897
tilt_s0,1789354000,126897
tilt_s0,1789354010,126897
tilt_s0,1789354020,126897
tilt_s0,1789354030,126897
tilt_s0,1789354040,126897
tilt_s0,1789354050,126897
tilt_s0,1789354060,126897
tilt_s0,1789354070,126897
tilt_s0,1789354080,126897
tilt_s0,1789354090,126897
tilt_s0,1789354100,126897
tilt_s0,1789354110,126897
tilt_s0,1789354120,126897
tilt_s0,1789354130,126897
tilt_s0,1789354141,126897
tilt_s0,1789354151,126897
tilt_s0,1789354161,126897
tilt_s0,1789354171,126897
tilt_s0,1789354181,126897
tilt_s0,1789354191,126897
tilt_s0,1789354201,126897
tilt_s0,1789354211,126897
tilt_s0,1789354221,126897
tilt_s0,1789354231,126897
tilt_s0,1789354241,126897
tilt_s0,1789354251,126897
tilt_s0,1789354261,126897
tilt_s0,1789354271,126897
tilt_s0,1789354281,126897
tilt_s0,1789354291,126897
tilt_s0,1789354301,126897
tilt_s0,1789354312,126897
tilt_s0,1789354322,126897
tilt_s0,1789354332,126897
tilt_s0,1789354342,126897
tilt_s0,1789354352,126897
tilt_s0,1789354362,126897
tilt_s0,1789354372,126897
tilt_s0,1789354382,126897
tilt_s0,1789354392,126897
tilt_s0,1789354402,126897
tilt_s0,1789354412,126897
tilt_s0,1789354422,126897
tilt_s0,1789354432,126897
tilt_s0,1789354442,126897
tilt_s0,1789354452,126897
tilt_s0,1789354462,126897
tilt_s0,1789354472,126897
tilt_s0,1789354483,126897
tilt_s0,1789354493,126897
tilt_s0,1789354503,126897
tilt_s0,1789354513,126897
tilt_s0,1789354523,126897
tilt_s0,1789354533,126897
tilt_s0,1789354543,126897
tilt_s0,1789354553,126897
tilt_s0,1789354563,126897
tilt_s0,1789354573,126897
tilt_s0,1789354583,126897
tilt_s0,1789354593,126897
tilt_s0,1789354603,126897
tilt_s0,1789354613,126897
tilt_s0,1789354623,126897
tilt_s0,1789354633,126897
tilt_s0,1789354643,126897
tilt_s0,1789354654,126897
tilt_s0,1789354664,126897
tilt_s0,1789354674,126897
tilt_s0,1789354684,126897
tilt_s0,1789354694,126897
tilt_s0,1789354704,126897
tilt_s0,1789354714,126897
tilt_s0,1789354724,126897
tilt_s0,1789354734,126897
tilt_s0,1789354744,126897
tilt_s0,1789354754,126897
tilt_s0,1789354764,126897
tilt_s0,1789354774,126897
tilt_s0,1789354784,126897
tilt_s0,1789354794,126897
tilt_s0,1789354804,126897
tilt_s0,1789354814,126897
tilt_s0,1789354825,126897
tilt_s0,1789354835,126897
tilt_s0,1789354845,126897
tilt_s0,1789354855,126897
tilt_s0,1789354865,126897
tilt_s0,1789354875,126897
tilt_s0,1789354885,126897
tilt_s0,1789354895,126897
tilt_s0,1789354905,126897
tilt_s0,1789354915,126897
tilt_s0,1789354925,126897
tilt_s0,1789354935,126897
tilt_s0,1789354945,126897
tilt_s0,1789354955,126897
tilt_s0,1789354965,126897
tilt_s0,1789354975,126897
tilt_s0,1789354985,126897
tilt_s0,1789354996,126897
tilt_s0,1789355006,126897
tilt_s0,1789355016,126897
tilt_s0,1789355026,126897
tilt_s0,1789355036,126897
tilt_s0,1789355046,126897
tilt_s0,1789355056,126897
tilt_s0,1789355066,126897
tilt_s0,1789355076,126897
tilt_s0,1789355086,126897
tilt_s0,1789355096,126897
tilt_s0,1789355106,126897
tilt_s0,1789355116,126897
tilt_s0,1789355126,126897
tilt_s0,1789355136,126897
tilt_s0,1789355146,126897
tilt_s0,1789355156,126897
tilt_s0,1789355167,126897
tilt_s0,1789355177,126897
tilt_s0,1789355187,126897
tilt_s0,1789355197,126897
tilt_s0,1789355207,126897
tilt_s0,1789355217,126897
tilt_s0,1789355227,126897
tilt_s0,1789355237,126897
tilt_s0,1789355247,126897
tilt_s0,1789355257,126897
tilt_s0,1789355267,126897
tilt_s0,1789355277,126897
tilt_s0,1789355287,126897
tilt_s0,1789355297,126897
tilt_s0,1789355307,126897
tilt_s0,1789355317,126897
tilt_s0,1789355327,126897
tilt_s0,1789355338,126897
tilt_s0,1789355348,126897
tilt_s0,1789355358,126897
tilt_s0,1789355368,126897
tilt_s0,1789355378,126897
tilt_s0,1789355388,126897
tilt_s0,1789355398,126897
tilt_s0,1789355408,126897
tilt_s0,1789355418,126897
tilt_s0,1789355428,126897
tilt_s0,1789355438,126897
tilt_s0,1789355448,126897
tilt_s0,1789355458,126897
tilt_s0,1789355468,126897
tilt_s0,1789355478,126897
tilt_s0,1789355488,126897
tilt_s0,1789355498,126897
tilt_s0,1789355509,126897
tilt_s0,1789355519,126897
tilt_s0,1789355529,126897
tilt_s0,1789355539,126897
tilt_s0,1789355549,126897
tilt_s0,1789355559,126897
tilt_s0,1789355569,126897
tilt_s0,1789355579,126897
tilt_s0,1789355589,126897
tilt_s0,1789355599,126897
tilt_s0,1789355609,126897
tilt_s0,1789355619,126897
tilt_s0,1789355629,126897
tilt_s0,1789355639,126897
tilt_s0,1789355649,126897
tilt_s0,1789355659,126897
tilt_s0,1789355669,126897
tilt_s0,1789355680,126897
tilt_s0,1789355690,126897
tilt_s0,1789355700,126897
tilt_s0,1789355710,126897
tilt_s0,1789355720,126897
tilt_s0,1789355730,126897
tilt_s0,1789355740,126897
tilt_s0,1789355750,126897
tilt_s0,1789355760,126897
tilt_s0,1789355770,126897
tilt_s0,1789355780,126897
tilt_s0,1789355790,126897
tilt_s0,1789355800,126897
tilt_s0,1789355810,126897
tilt_s0,1789355820,126897
tilt_s0,1789355830,126897
tilt_s0,1789355841,126897
tilt_s0,1789355851,126897
tilt_s0,1789355861,126897
tilt_s0,1789355871,126897
tilt_s0,1789355881,126897
tilt_s0,1789355891,126897
tilt_s0,1789355901,126897
tilt_s0,1789355911,126897
tilt_s0,1789355921,126897
tilt_s0,1789355931,126897
tilt_s0,1789355941,126897
tilt_s0,1789355951,126897
tilt_s0,1789355961,126897
tilt_s0,1789355971,126897
tilt_s0,1789355981,126897
tilt_s0,1789355991,126897
tilt_s0,1789356001,126897
tilt_s0,1789356012,126897
tilt_s0,1789356022,126897
tilt_s0,1789356032,126897
tilt_s0,1789356042,126897
tilt_s0,1789356052,126897
tilt_s0,1789356062,126897
tilt_s0,1789356072,126897
tilt_s0,1789356082,126897
tilt_s0,1789356092,126897
tilt_s0,1789356102,126897
tilt_s0,1789356112,126897
tilt_s0,1789356122,126897
tilt_s0,1789356132,126897
tilt_s0,1789356142,126897
tilt_s0,1789356152,126897
tilt_s0,1789356162,126897
tilt_s0,1789356172,126897
tilt_s0,1789356183,126897
tilt_s0,1789356193,126897
tilt_s0,1789356203,126897
tilt_s0,1789356213,126897
tilt_s0,1789356223,126897
tilt_s0,1789356233,126897
tilt_s0,1789356243,126897
tilt_s0,1789356253,126897
tilt_s0,1789356263,126897
tilt_s0,1789356273,126897
tilt_s0,1789356283,126897
tilt_s0,1789356293,126897
tilt_s0,1789356303,126897
tilt_s0,1789356313,126897
tilt_s0,1789356323,126897
tilt_s0,1789356333,126897
tilt_s0,1789356343,126897
tilt_s0,1789356354,126897
tilt_s0,1789356364,126897
tilt_s0,1789356374,126897
tilt_s0,1789356384,126897
tilt_s0,1789356394,126897
tilt_s0,1789356404,126897
tilt_s0,1789356414,126897
tilt_s0,1789356424,126897
tilt_s0,1789356434,126897
tilt_s0,1789356444,126897
tilt_s0,1789356454,126897
tilt_s0,1789356464,126897
tilt_s0,1789356474,126897
tilt_s0,1789356484,126897
tilt_s0,1789356494,126897
tilt_s0,1789356504,126897
tilt_s0,1789356515,126897
tilt_s0,1789356525,126897
tilt_s0,1789356535,126897
tilt_s0,1789356545,126897
tilt_s0,1789356555,126897
tilt_s0,1789356565,126897
tilt_s0,1789356575,126897
tilt_s0,1789356585,126897
tilt_s0,1789356595,126897
tilt_s0,1789356605,126897
tilt_s0,1789356615,126897
tilt_s0,1789356625,126897
tilt_s0,1789356635,126897
tilt_s0,1789356645,126897
tilt_s0,1789356655,126897
tilt_s0,1789356665,126897
tilt_s0,1789356675,126897
tilt_s0,1789356686,126897
tilt_s0,1789356696,126897
tilt_s0,1789356706,126897
tilt_s0,1789356716,126897
tilt_s0,1789356726,126897
tilt_s0,1789356736,126897
tilt_s0,1789356746,126897
tilt_s0,1789356756,126897
tilt_s0,1789356766,126897
tilt_s0,1789356776,126897
tilt_s0,1789356786,126897
tilt_s0,1789356796,126897
tilt_s0,1789356806,126897
tilt_s0,1789356816,126897
tilt_s0,1789356826,126897
tilt_s0,1789356836,126897
tilt_s0,1789356846,126897
tilt_s0,1789356857,126897
tilt_s0,1789356867,126897
tilt_s0,1789356877,126897
tilt_s0,1789356887,126897
tilt_s0,1789356897,126897
tilt_s0,1789356907,126897
tilt_s0,1789356917,126897
tilt_s0,1789356927,126897
tilt_s0,1789356937,126897
tilt_s0,1789356947,126897
tilt_s0,1789356957,126897
tilt_s0,1789356967,126897
tilt_s0,1789356977,126897
tilt_s0,1789356987,126897
tilt_s0,1789356997,126897
tilt_s0,1789357007,126897
tilt_s0,1789357017,126897
tilt_s0,1789357028,126897
tilt_s0,1789357038,126897
tilt_s0,1789357048,126897
tilt_s0,1789357058,126897
tilt_s0,1789357068,126897
tilt_s0,1789357078,126897
tilt_s0,1789357088,126897
tilt_s0,1789357098,126897
tilt_s0,1789357108,126897
tilt_s0,1789357118,126897
tilt_s0,1789357128,126897
tilt_s0,1789357138,126897
tilt_s0,1789357148,126897
tilt_s0,1789357158,126897
tilt_s0,1789357168,126897
tilt_s0,1789357178,126897
tilt_s0,1789357188,126897
tilt_s0,1789357199,126897
tilt_s0,1789357209,126897
tilt_s0,1789357219,126897
tilt_s0,1789357229,126897
tilt_s0,1789357239,126897
tilt_s0,1789357249,126897
tilt_s0,1789357259,126897
tilt_s0,1789357269,126897
tilt_s0,1789357279,126897
tilt_s0,1789357289,126897
tilt_s0,1789357299,126897
tilt_s0,1789357309,126897
tilt_s0,1789357319,126897
tilt_s0,1789357329,126897
tilt_s0,1789357339,126897
tilt_s0,1789357349,126897
tilt_s0,1789357359,126897
tilt_s0,1789357370,126897
tilt_s0,1789357380,126897
tilt_s0,1789357390,126897
tilt_s0,1789357400,126897
tilt_s0,1789357410,126897
tilt_s0,1789357420,126897
tilt_s0,1789357430,126897
tilt_s0,1789357440,126897
tilt_s0,1789357450,126897
tilt_s0,1789357460,126897
tilt_s0,1789357470,126897
tilt_s0,1789357480,126897
tilt_s0,1789357490,126897
tilt_s0,1789357500,126897
tilt_s0,1789357510,126897
tilt_s0,1789357520,126897
tilt_s0,1789357530,126897
tilt_s0,1789357541,126897
tilt_s0,1789357551,126897
tilt_s0,1789357561,126897
tilt_s0,1789357571,126897
tilt_s0,1789357581,126897
tilt_s0,1789357591,126897
tilt_s0,1789357601,126897
tilt_s0,1789357611,126897
tilt_s0,1789357621,126897
tilt_s0,1789357631,126897
tilt_s0,1789357641,126897
tilt_s0,1789357651,126897
tilt_s0,1789357661,126897
tilt_s0,1789357671,126897
tilt_s0,1789357681,126897
tilt_s0,1789357691,126897
tilt_s0,1789357701,126897
tilt_s0,1789357711,126897
tilt_s0,1789357722,126897
tilt_s0,1789357732,126897
tilt_s0,1789357742,126897
tilt_s0,1789357752,126897
tilt_s0,1789357762,126897
tilt_s0,1789357772,126897
tilt_s0,1789357782,126897
tilt_s0,1789357792,126897
tilt_s0,1789357802,126897
tilt_s0,1789357812,126897
tilt_s0,1789357822,126897
tilt_s0,1789357832,126897
tilt_s0,1789357842,126897
tilt_s0,1789357852,126897
tilt_s0,1789357862,126897
tilt_s0,1789357873,126897
tilt_s0,1789357883,126897
tilt_s0,1789357893,126897
tilt_s0,1789357903,126897
tilt_s0,1789357913,126897
tilt_s0,1789357923,126897
tilt_s0,1789357933,126897
tilt_s0,1789357943,126897
tilt_s0,1789357953,126897
tilt_s0,1789357963,126897
tilt_s0,1789357973,126897
tilt_s0,1789357983,126897
tilt_s0,1789357993,126897
tilt_s0,1789358003,126897
tilt_s0,1789358013,126897
tilt_s0,1789358024,126897
tilt_s0,1789358034,126897
tilt_s0,1789358044,126897
tilt_s0,1789358054,126897
tilt_s0,1789358064,126897
tilt_s0,1789358074,126897
tilt_s0,1789358084,126897
tilt_s0,1789358094,126897
tilt_s0,1789358104,126897
tilt_s0,1789358114,126897
tilt_s0,1789358124,126897
tilt_s0,1789358134,126897
tilt_s0,1789358144,126897
tilt_s0,1789358154,126897
tilt_s0,1789358164,126897
tilt_s0,1789358174,126897
tilt_s0,1789358184,126897
tilt_s0,1789358195,126897
tilt_s0,1789358205,126897
tilt_s0,1789358215,126897
tilt_s0,1789358225,126897
tilt_s0,1789358235,126897
tilt_s0,1789358245,126897
tilt_s0,1789358255,126897
tilt_s0,1789358265,126897
tilt_s0,1789358275,126897
tilt_s0,1789358285,126897
tilt_s0,1789358295,126897
tilt_s0,1789358305,126897
tilt_s0,1789358315,126897
tilt_s0,1789358325,126897
tilt_s0,1789358335,126897
tilt_s0,1789358345,126897
tilt_s0,1789358355,126897
tilt_s0,1789358366,126897
tilt_s0,1789358376,126897
tilt_s0,1789358386,126897
tilt_s0,1789358396,126897
tilt_s0,1789358406,126897
tilt_s0,1789358416,126897
tilt_s0,1789358426,126897
tilt_s0,1789358436,126897
tilt_s0,1789358446,126897
tilt_s0,1789358456,126897
tilt_s0,1789358466,126897
tilt_s0,1789358476,126897
tilt_s0,1789358486,126897
tilt_s0,1789358496,126897
tilt_s0,1789358506,126897
tilt_s0,1789358516,126897
tilt_s0,1789358526,126897
tilt_s0,1789358537,126897
tilt_s0,1789358547,126897
tilt_s0,1789358557,126897
tilt_s0,1789358567,126897
tilt_s0,1789358577,126897
tilt_s0,1789358587,126897
tilt_s0,1789358597,126897
tilt_s0,1789358607,126897
tilt_s0,1789358617,126897
tilt_s0,1789358627,126897
tilt_s0,1789358637,126897
tilt_s0,1789358647,126897
tilt_s0,1789358657,126897
tilt_s0,1789358667,126897
tilt_s0,1789358677,126897
tilt_s0,1789358687,126897
tilt_s0,1789358697,126897
tilt_s0,1789358708,126897
tilt_s0,1789358718,126897
tilt_s0,1789358728,126897
tilt_s0,1789358738,126897
tilt_s0,1789358748,126897
tilt_s0,1789358758,126897
tilt_s0,1789358768,126897
tilt_s0,1789358778,126897
tilt_s0,1789358788,126897
tilt_s0,1789358798,126897
tilt_s0,1789358808,126897
tilt_s0,1789358818,126897
tilt_s0,1789358828,126897
tilt_s0,1789358838,126897
tilt_s0,1789358849,126897
tilt_s0,1789358859,126897
tilt_s0,1789358869,126897
tilt_s0,1789358879,126897
tilt_s0,1789358889,126897
tilt_s0,1789358899,126897
tilt_s0,1789358909,126897
tilt_s0,1789358919,126897
tilt_s0,1789358929,126897
tilt_s0,1789358939,126897
tilt_s0,1789358949,126897
tilt_s0,1789358959,126897
tilt_s0,1789358969,126897
tilt_s0,1789358979,126897
tilt_s0,1789358989,126897
tilt_s0,1789358999,126897
tilt_s0,1789359009,126897
tilt_s0,1789359020,126897
tilt_s0,1789359030,126897
tilt_s0,1789359040,126897
tilt_s0,1789359050,126897
tilt_s0,1789359060,126897
tilt_s0,1789359070,126897
tilt_s0,1789359080,126897
tilt_s0,1789359090,126897
tilt_s0,1789359100,126897
tilt_s0,1789359110,126897
tilt_s0,1789359120,126897
tilt_s0,1789359130,126897
tilt_s0,1789359140,126897
tilt_s0,1789359150,126897
tilt_s0,1789359160,126897
tilt_s0,1789359170,126897
tilt_s0,1789359180,126897
tilt_s0,1789359191,126897
tilt_s0,1789359201,126897
tilt_s0,1789359211,126897
tilt_s0,1789359221,126897
tilt_s0,1789359231,126897
tilt_s0,1789359241,126897
tilt_s0,1789359251,126897
tilt_s0,1789359261,126897
tilt_s0,1789359271,126897
tilt_s0,1789359281,126897
tilt_s0,1789359291,126897
tilt_s0,1789359301,126897
tilt_s0,1789359311,126897
tilt_s0,1789359321,126897
tilt_s0,1789359331,126897
tilt_s0,1789359341,126897
tilt_s0,1789359351,126897
tilt_s0,1789359362,126897
tilt_s0,1789359372,126897
tilt_s0,1789359382,126897
tilt_s0,1789359392,126897
tilt_s0,1789359402,126897
tilt_s0,1789359412,126897
tilt_s0,1789359422,126897
tilt_s0,1789359432,126897
tilt_s0,1789359442,126897
tilt_s0,1789359452,126897
tilt_s0,1789359462,126897
tilt_s0,1789359472,126897
tilt_s0,1789359482,126897
tilt_s0,1789359492,126897
tilt_s0,1789359502,126897
tilt_s0,1789359512,126897
tilt_s0,1789359522,126897
tilt_s0,1789359533,126897
tilt_s0,1789359543,126897
tilt_s0,1789359553,126897
tilt_s0,1789359563,126897
tilt_s0,1789359573,126897
tilt_s0,1789359583,126897
tilt_s0,1789359593,126897
tilt_s0,1789359603,126897
tilt_s0,1789359613,126897
tilt_s0,1789359623,126897
tilt_s0,1789359633,126897
tilt_s0,1789359643,126897
tilt_s0,1789359653,126897
tilt_s0,1789359663,126897
tilt_s0,1789359673,126897
tilt_s0,1789359683,126897
tilt_s0,1789359693,126897
tilt_s0,1789359704,126897
tilt_s0,1789359714,126897
tilt_s0,1789359724,126897
tilt_s0,1789359734,126897
tilt_s0,1789359744,126897
tilt_s0,1789359754,126897
tilt_s0,1789359764,126897
tilt_s0,1789359774,126897
tilt_s0,1789359784,126897
tilt_s0,1789359794,126897
tilt_s0,1789359804,126897
tilt_s0,1789359814,126897
tilt_s0,1789359824,126897
tilt_s0,1789359834,126897
tilt_s0,1789359844,126897
tilt_s0,1789359854,126897
tilt_s0,1789359864,126897
tilt_s0,1789359875,126897
tilt_s0,1789359885,126897
tilt_s0,1789359895,126897
tilt_s0,1789359905,126897
tilt_s0,1789359915,126897
tilt_s0,1789359925,126897
tilt_s0,1789359935,126897
tilt_s0,1789359945,126897
tilt_s0,1789359955,126897
tilt_s0,1789359965,126897
tilt_s0,1789359975,126897
tilt_s0,1789359985,126897
tilt_s0,1789359995,126897
tilt_s0,1789360005,126897
tilt_s0,1789360015,126897
tilt_s0,1789360025,126897
tilt_s0,1789360036,126897
tilt_s0,1789360046,126897
tilt_s0,1789360056,126897
tilt_s0,1789360066,126897
tilt_s0,1789360076,126897
tilt_s0,1789360086,126897
tilt_s0,1789360096,126897
tilt_s0,1789360106,126897
tilt_s0,1789360116,126897
tilt_s0,1789360126,126897
tilt_s0,1789360136,126897
tilt_s0,1789360146,126897
tilt_s0,1789360156,126897
tilt_s0,1789360166,126897
tilt_s0,1789360176,126897
tilt_s0,1789360186,126897
tilt_s0,1789360197,126897
tilt_s0,1789360207,126897
tilt_s0,1789360217,126897
tilt_s0,1789360227,126897
tilt_s0,1789360237,126897
tilt_s0,1789360247,126897
tilt_s0,1789360257,126897
tilt_s0,1789360267,126897
tilt_s0,1789360277,126897
tilt_s0,1789360287,126897
tilt_s0,1789360297,126897
tilt_s0,1789360307,126897
tilt_s0,1789360317,126897
tilt_s0,1789360327,126897
tilt_s0,1789360337,126897
tilt_s0,1789360347,126897
tilt_s0,1789360357,126897
tilt_s0,1789360368,126897
tilt_s0,1789360378,126897
tilt_s0,1789360388,126897
tilt_s0,1789360398,126897
tilt_s0,1789360408,126897
tilt_s0,1789360418,126897
tilt_s0,1789360428,126897
tilt_s0,1789360438,126897
tilt_s0,1789360448,126897
tilt_s0,1789360458,126897
tilt_s0,1789360468,126897
tilt_s0,1789360478,126897
tilt_s0,1789360488,126897
tilt_s0,1789360498,126897
tilt_s0,1789360508,126897
tilt_s0,1789360518,126897
tilt_s0,1789360528,126897
tilt_s0,1789360539,126897
tilt_s0,1789360549,126897
tilt_s0,1789360559,126897
tilt_s0,1789360569,126897
tilt_s0,1789360579,126897
tilt_s0,1789360589,126897
tilt_s0,1789360599,126897
tilt_s0,1789360609,126897
tilt_s0,1789360619,126897
tilt_s0,1789360629,126897
tilt_s0,1789360639,126897
tilt_s0,1789360649,126897
tilt_s0,1789360659,126897
tilt_s0,1789360669,126897
tilt_s0,1789360679,126897
tilt_s0,1789360689,126897
tilt_s0,1789360699,126897
tilt_s0,1789360709,126897
tilt_s0,1789360720,126897
tilt_s0,1789360730,126897
tilt_s0,1789360740,126897
tilt_s0,1789360750,126897
tilt_s0,1789360760,126897
tilt_s0,1789360770,126897
tilt_s0,1789360780,126897
tilt_s0,1789360790,126897
tilt_s0,1789360800,126897
tilt_s0,1789360810,126897
tilt_s0,1789360820,126897
tilt_s0,1789360830,126897
tilt_s0,1789360840,126897
tilt_s0,1789360850,126897
tilt_s0,1789360860,126897
tilt_s0,1789360870,126897
tilt_s0,1789360880,126897
tilt_s0,1789360891,126897
tilt_s0,1789360901,126897
tilt_s0,1789360911,126897
tilt_s0,1789360921,126897
tilt_s0,1789360931,126897
tilt_s0,1789360941,126897
tilt_s0,1789360951,126897
tilt_s0,1789360961,126897
tilt_s0,1789360971,126897
tilt_s0,1789360981,126897
tilt_s0,1789360991,126897
tilt_s0,1789361001,126897
tilt_s0,1789361011,126897
tilt_s0,1789361021,126897
tilt_s0,1789361031,126897
tilt_s0,1789361041,126897
tilt_s0,1789361051,126897
tilt_s0,1789361062,126897
tilt_s0,1789361072,126897
tilt_s0,1789361082,126897
tilt_s0,1789361092,126897
tilt_s0,1789361102,126897
tilt_s0,1789361112,126897
tilt_s0,1789361122,126897
tilt_s0,1789361132,126897
tilt_s0,1789361142,126897
tilt_s0,1789361152,126897
tilt_s0,1789361162,126897
tilt_s0,1789361172,126897
tilt_s0,1789361182,126897
tilt_s0,1789361192,126897
tilt_s0,1789361202,126897
tilt_s0,1789361212,126897
tilt_s0,1789361222,126897
tilt_s0,1789361233,126897
tilt_s0,1789361243,126897
tilt_s0,1789361253,126897
tilt_s0,1789361263,126897
tilt_s0,1789361273,126897
tilt_s0,1789361283,126897
tilt_s0,1789361293,126897
tilt_s0,1789361303,126897
tilt_s0,1789361313,126897
tilt_s0,1789361323,126897
tilt_s0,1789361333,126897
tilt_s0,1789361343,126897
tilt_s0,1789361353,126897
tilt_s0,1789361363,126897
tilt_s0,1789361373,126897
tilt_s0,1789361383,126897
tilt_s0,1789361393,126897
tilt_s0,1789361404,126897
tilt_s0,1789361414,126897
tilt_s0,1789361424,126897
tilt_s0,1789361434,126897
tilt_s0,1789361444,126897
tilt_s0,1789361454,126897
tilt_s0,1789361464,126897
tilt_s0,1789361474,126897
tilt_s0,1789361484,126897
tilt_s0,1789361494,126897
tilt_s0,1789361504,126897
tilt_s0,1789361514,126897
tilt_s0,1789361524,126897
tilt_s0,1789361534,126897
tilt_s0,1789361544,126897
tilt_s0,1789361554,126897
tilt_s0,1789361564,126897
tilt_s0,1789361575,126897
tilt_s0,1789361585,126897
tilt_s0,1789361595,126897
tilt_s0,1789361605,126897
tilt_s0,1789361615,126897
tilt_s0,1789361625,126897
tilt_s0,1789361635,126897
tilt_s0,1789361645,126897
tilt_s0,1789361655,126897
tilt_s0,1789361665,126897
tilt_s0,1789361675,126897
tilt_s0,1789361685,126897
tilt_s0,1789361695,126897
tilt_s0,1789361705,126897
tilt_s0,1789361715,126897
tilt_s0,1789361725,126897
tilt_s0,1789361735,126897
tilt_s0,1789361746,126897
tilt_s0,1789361756,126897
tilt_s0,1789361766,126897
tilt_s0,1789361776,126897
tilt_s0,1789361786,126897
tilt_s0,1789361796,126897
tilt_s0,1789361806,126897
tilt_s0,1789361816,126897
tilt_s0,1789361826,126897
tilt_s0,1789361836,126897
tilt_s0,1789361846,126897
tilt_s0,1789361856,126897
tilt_s0,1789361866,126897
tilt_s0,1789361876,126897
tilt_s0,1789361886,126897
tilt_s0,1789361896,126897
tilt_s0,1789361906,126897
tilt_s0,1789361916,126897
tilt_s0,1789361927,126897
tilt_s0,1789361937,126897
tilt_s0,1789361947,126897
tilt_s0,1789361957,126897
tilt_s0,1789361967,126897
tilt_s0,1789361977,126897
tilt_s0,1789361987,126897
tilt_s0,1789361997,126897
tilt_s0,1789362007,126897
tilt_s0,1789362017,126897
tilt_s0,1789362027,126897
tilt_s0,1789362037,126897
tilt_s0,1789362047,126897
tilt_s0,1789362057,126897
tilt_s0,1789362067,126897
tilt_s0,1789362077,126897
tilt_s0,1789362087,126897
tilt_s0,1789362098,126897
tilt_s0,1789362108,126897
tilt_s0,1789362118,126897
tilt_s0,1789362128,126897
tilt_s0,1789362138,126897
tilt_s0,1789362148,126897
tilt_s0,1789362158,126897
tilt_s0,1789362168,126897
tilt_s0,1789362178,126897
tilt_s0,1789362188,126897
tilt_s0,1789362198,126897
tilt_s0,1789362208,126897
tilt_s0,1789362218,126897
tilt_s0,1789362228,126897
tilt_s0,1789362238,126897
tilt_s0,1789362248,126897
tilt_s0,1789362258,126897
tilt_s0,1789362269,126897
tilt_s0,1789362279,126897
tilt_s0,1789362289,126897
tilt_s0,1789362299,126897
tilt_s0,1789362309,126897
tilt_s0,1789362319,126897
tilt_s0,1789362329,126897
tilt_s0,1789362339,126897
tilt_s0,1789362349,126897
tilt_s0,1789362359,126897
tilt_s0,1789362369,126897
tilt_s0,1789362379,126897
tilt_s0,1789362389,126897
tilt_s0,1789362399,126897
tilt_s0,1789362409,126897
tilt_s0,1789362419,126897
tilt_s0,1789362429,126897
tilt_s0,1789362440,126897
tilt_s0,1789362450,126897
tilt_s0,1789362460,126897
tilt_s0,1789362470,126897
tilt_s0,1789362480,126897
tilt_s0,1789362490,126897
tilt_s0,1789362500,126897
tilt_s0,1789362510,126897
tilt_s0,1789362520,126897
tilt_s0,1789362530,126897
tilt_s0,1789362540,126897
tilt_s0,1789362550,126897
tilt_s0,1789362560,126897
tilt_s0,1789362570,126897
tilt_s0,1789362580,126897
tilt_s0,1789362590,126897
tilt_s0,1789362600,126897
tilt_s0,1789362611,126897
tilt_s0,1789362621,126897
tilt_s0,1789362631,126897
tilt_s0,1789362641,126897
tilt_s0,1789362651,126897
tilt_s0,1789362661,126897
tilt_s0,1789362671,126897
tilt_s0,1789362681,126897
tilt_s0,1789362691,126897
tilt_s0,1789362701,126897
tilt_s0,1789362711,126897
tilt_s0,1789362721,126897
tilt_s0,1789362731,126897
tilt_s0,1789362741,126897
tilt_s0,1789362751,126897
tilt_s0,1789362761,126897
tilt_s0,1789362771,126897
tilt_s0,1789362782,126897
tilt_s0,1789362792,126897
tilt_s0,1789362802,126897
tilt_s0,1789362812,126897
tilt_s0,1789362822,126897
tilt_s0,1789362832,126897
tilt_s0,1789362842,126897
tilt_s0,1789362852,126897
tilt_s0,1789362862,126897
tilt_s0,1789362872,126897
tilt_s0,1789362882,126897
tilt_s0,1789362892,126897
tilt_s0,1789362902,126897
tilt_s0,1789362912,126897
tilt_s0,1789362922,126897
tilt_s0,1789362932,126897
tilt_s0,1789362942,126897
tilt_s0,1789362953,126897
tilt_s0,1789362963,126897
tilt_s0,1789362973,126897
tilt_s0,1789362983,126897
tilt_s0,1789362993,126897
tilt_s0,1789363003,126897
tilt_s0,1789363013,126897
tilt_s0,1789363023,126897
tilt_s0,1789363033,126897
tilt_s0,1789363043,126897
tilt_s0,1789363053,126897
tilt_s0,1789363063,126897
tilt_s0,1789363073,126897
tilt_s0,1789363083,126897
tilt_s0,1789363093,126897
tilt_s0,1789363103,126897
tilt_s0,1789363113,126897
tilt_s0,1789363124,126897
tilt_s0,1789363134,126897
tilt_s0,1789363144,126897
tilt_s0,1789363154,126897
tilt_s0,1789363164,126897
tilt_s0,1789363174,126897
tilt_s0,1789363184,126897
tilt_s0,1789363194,126897
tilt_s0,1789363204,126897
tilt_s0,1789363214,126897
tilt_s0,1789363224,126897
tilt_s0,1789363234,126897
tilt_s0,1789363244,126897
tilt_s0,1789363254,126897
tilt_s0,1789363264,126897
tilt_s0,1789363274,126897
tilt_s0,1789363284,126897
tilt_s0,1789363295,126897
tilt_s0,1789363305,126897
tilt_s0,1789363315,126897
tilt_s0,1789363325,126897
tilt_s0,1789363335,126897
tilt_s0,1789363345,126897
tilt_s0,1789363355,126897
tilt_s0,1789363365,126897
tilt_s0,1789363375,126897
tilt_s0,1789363385,126897
tilt_s0,1789363395,126897
tilt_s0,1789363405,126897
tilt_s0,1789363415,126897
tilt_s0,1789363425,126897
tilt_s0,1789363435,126897
tilt_s0,1789363445,126897
tilt_s0,1789363455,126897
tilt_s0,1789363466,126897
tilt_s0,1789363476,126897
tilt_s0,1789363486,126897
tilt_s0,1789363496,126897
tilt_s0,1789363506,126897
tilt_s0,1789363516,126897
tilt_s0,1789363526,126897
tilt_s0,1789363536,126897
tilt_s0,1789363546,126897
tilt_s0,1789363556,126897
tilt_s0,1789363566,126897
tilt_s0,1789363576,126897
tilt_s0,1789363586,126897
tilt_s0,1789363596,126897
tilt_s0,1789363606,126897
tilt_s0,1789363617,126897
tilt_s0,1789363627,126897
tilt_s0,1789363637,126897
tilt_s0,1789363647,126897
tilt_s0,1789363657,126897
tilt_s0,1789363667,126897
tilt_s0,1789363677,126897
tilt_s0,1789363687,126897
tilt_s0,1789363697,126897
tilt_s0,1789363707,126897
tilt_s0,1789363717,126897
tilt_s0,1789363727,126897
tilt_s0,1789363737,126897
tilt_s0,1789363747,126897
tilt_s0,1789363757,126897
tilt_s0,1789363767,126897
tilt_s0,1789363777,126897
tilt_s0,1789363788,126897
tilt_s0,1789363798,126897
tilt_s0,1789363808,126897
tilt_s0,1789363818,126897
tilt_s0,1789363828,126897
tilt_s0,1789363838,126897
tilt_s0,1789363848,126897
tilt_s0,1789363858,126897
tilt_s0,1789363868,126897
tilt_s0,1789363878,126897
tilt_s0,1789363888,126897
tilt_s0,1789363898,126897
tilt_s0,1789363908,126897
tilt_s0,1789363918,126897
tilt_s0,1789363928,126897
tilt_s0,1789363938,126897
tilt_s0,1789363948,126897
tilt_s0,1789363959,126897
tilt_s0,1789363969,126897
tilt_s0,1789363979,126897
tilt_s0,1789363989,126897
tilt_s0,1789363999,126897
tilt_s0,1789364009,126897
tilt_s0,1789364019,126897
tilt_s0,1789364029,126897
tilt_s0,1789364039,126897
tilt_s0,1789364049,126897
tilt_s0,1789364059,126897
tilt_s0,1789364069,126897
tilt_s0,1789364079,126897
tilt_s0,1789364089,126897
tilt_s0,1789364099,126897
tilt_s0,1789364109,126897
tilt_s0,1789364119,126897
tilt_s0,1789364130,126897
tilt_s0,1789364140,126897
tilt_s0,1789364150,126897
tilt_s0,1789364160,126897
tilt_s0,1789364170,126897
tilt_s0,1789364180,126897
tilt_s0,1789364190,126897
tilt_s0,1789364200,126897
tilt_s0,1789364210,126897
tilt_s0,1789364220,126897
tilt_s0,1789364230,126897
tilt_s0,1789364240,126897
tilt_s0,1789364250,126897
tilt_s0,1789364260,126897
tilt_s0,1789364270,126897
tilt_s0,1789364280,126897
tilt_s0,1789364290,126897
tilt_s0,1789364301,126897
tilt_s0,1789364311,126897
tilt_s0,1789364321,126897
tilt_s0,1789364331,126897
tilt_s0,1789364341,126897
tilt_s0,1789364351,126897
tilt_s0,1789364361,126897
tilt_s0,1789364371,126897
tilt_s0,1789364381,126897
tilt_s0,1789364391,126897
tilt_s0,1789364401,126897
tilt_s0,1789364411,126897
tilt_s0,1789364421,126897
tilt_s0,1789364431,126897
tilt_s0,1789364441,126897
tilt_s0,1789364451,126897
tilt_s0,1789364461,126897
tilt_s0,1789364472,126897
tilt_s0,1789364482,126897
tilt_s0,1789364492,126897
tilt_s0,1789364502,126897
tilt_s0,1789364512,126897
tilt_s0,1789364522,126897
tilt_s0,1789364532,126897
tilt_s0,1789364542,126897
tilt_s0,1789364552,126897
tilt_s0,1789364562,126897
tilt_s0,1789364572,126897
tilt_s0,1789364582,126897
tilt_s0,1789364592,126897
tilt_s0,1789364603,126897
tilt_s0,1789364613,126897
tilt_s0,1789364623,126897
tilt_s0,1789364633,126897
tilt_s0,1789364643,126897
tilt_s0,1789364653,126897
tilt_s0,1789364663,126897
tilt_s0,1789364673,126897
tilt_s0,1789364683,126897
tilt_s0,1789364693,126897
tilt_s0,1789364703,126897
tilt_s0,1789364713,126897
tilt_s0,1789364723,126897
tilt_s0,1789364733,126897
tilt_s0,1789364743,126897
tilt_s0,1789364753,126897
tilt_s0,1789364763,126897
tilt_s0,1789364774,126897
tilt_s0,1789364784,126897
tilt_s0,1789364794,126897
tilt_s0,1789364804,126897
tilt_s0,1789364814,126897
tilt_s0,1789364824,126897
tilt_s0,1789364834,126897
tilt_s0,1789364844,126897
tilt_s0,1789364854,126897
tilt_s0,1789364864,126897
tilt_s0,1789364874,126897
tilt_s0,1789364884,126897
tilt_s0,1789364894,126897
tilt_s0,1789364904,126897
tilt_s0,1789364914,126897
tilt_s0,1789364924,126897
tilt_s0,1789364934,126897
tilt_s0,1789364944,126897
tilt_s0,1789364955,126897
tilt_s0,1789364965,126897
tilt_s0,1789364975,126897
tilt_s0,1789364985,126897
tilt_s0,1789364995,126897
tilt_s0,1789365005,126897
tilt_s0,1789365015,126897
tilt_s0,1789365025,126897
tilt_s0,1789365035,126897
tilt_s0,1789365045,126897
tilt_s0,1789365055,126897
tilt_s0,1789365065,126897
tilt_s0,1789365075,126897
tilt_s0,1789365085,126897
tilt_s0,1789365095,126897
tilt_s0,1789365105,126897
tilt_s0,1789365115,126897
tilt_s0,1789365126,126897
tilt_s0,1789365136,126897
tilt_s0,1789365146,126897
tilt_s0,1789365156,126897
tilt_s0,1789365166,126897
tilt_s0,1789365176,126897
tilt_s0,1789365186,126897
tilt_s0,1789365196,126897
tilt_s0,1789365206,126897
tilt_s0,1789365216,126897
tilt_s0,1789365226,126897
tilt_s0,1789365236,126897
tilt_s0,1789365246,126897
tilt_s0,1789365256,126897
tilt_s0,1789365266,126897
tilt_s0,1789365276,126897
tilt_s0,1789365286,126897
tilt_s0,1789365297,126897
tilt_s0,1789365307,126897
tilt_s0,1789365317,126897
tilt_s0,1789365327,126897
tilt_s0,1789365337,126897
tilt_s0,1789365347,126897
tilt_s0,1789365357,126897
tilt_s0,1789365367,126897
tilt_s0,1789365377,126897
tilt_s0,1789365387,126897
tilt_s0,1789365397,126897
tilt_s0,1789365407,126897
tilt_s0,1789365417,126897
tilt_s0,1789365427,126897
tilt_s0,1789365437,126897
tilt_s0,1789365447,126897
tilt_s0,1789365457,126897
tilt_s0,1789365468,126897
tilt_s0,1789365478,126897
tilt_s0,1789365488,126897
tilt_s0,1789365498,126897
tilt_s0,1789365508,126897
tilt_s0,1789365518,126897
tilt_s0,1789365528,126897
tilt_s0,1789365538,126897
tilt_s0,1789365548,126897
tilt_s0,1789365558,126897
tilt_s0,1789365568,126897
tilt_s0,1789365578,126897
tilt_s0,1789365588,126897
tilt_s0,1789365598,126897
tilt_s0,1789365608,126897
tilt_s0,1789365618,126897
tilt_s0,1789365628,126897
tilt_s0,1789365639,126897
tilt_s0,1789365649,126897
tilt_s0,1789365659,126897
tilt_s0,1789365669,126897
tilt_s0,1789365679,126897
tilt_s0,1789365689,126897
tilt_s0,1789365699,126897
tilt_s0,1789365709,126897
tilt_s0,1789365719,126897
tilt_s0,1789365729,126897
tilt_s0,1789365739,126897
tilt_s0,1789365749,126897
tilt_s0,1789365759,126897
tilt_s0,1789365769,126897
tilt_s0,1789365779,126897
tilt_s0,1789365789,126897
tilt_s0,1789365799,126897
tilt_s0,1789365809,126897
tilt_s0,1789365820,126897
tilt_s0,1789365830,126897
tilt_s0,1789365840,126897
tilt_s0,1789365850,126897
tilt_s0,1789365860,126897
tilt_s0,1789365870,126897
tilt_s0,1789365880,126897
tilt_s0,1789365890,126897
tilt_s0,1789365900,126897
tilt_s0,1789365910,126897
tilt_s0,1789365920,126897
tilt_s0,1789365930,126897
tilt_s0,1789365940,126897
tilt_s0,1789365950,126897
tilt_s0,1789365960,126897
tilt_s0,1789365970,126897
tilt_s0,1789365980,126897
tilt_s0,1789365991,126897
tilt_s0,1789366001,126897
tilt_s0,1789366011,126897
tilt_s0,1789366021,126897
tilt_s0,1789366031,126897
tilt_s0,1789366041,126897
tilt_s0,1789366051,126897
tilt_s0,1789366061,126897
tilt_s0,1789366071,126897
tilt_s0,1789366081,126897
tilt_s0,1789366091,126897
tilt_s0,1789366101,126897
tilt_s0,1789366111,126897
tilt_s0,1789366121,126897
tilt_s0,1789366131,126897
tilt_s0,1789366141,126897
tilt_s0,1789366151,126897
tilt_s0,1789366161,126897
tilt_s0,1789366172,126897
tilt_s0,1789366182,126897
tilt_s0,1789366192,126897
tilt_s0,1789366202,126897
tilt_s0,1789366212,126897
tilt_s0,1789366222,126897
tilt_s0,1789366232,126897
tilt_s0,1789366242,126897
tilt_s0,1789366252,126897
tilt_s0,1789366262,126897
tilt_s0,1789366272,126897
tilt_s0,1789366282,126897
tilt_s0,1789366292,126897
tilt_s0,1789366302,126897
tilt_s0,1789366312,126897
tilt_s0,1789366322,126897
tilt_s0,1789366333,126897
tilt_s0,1789366343,126897
tilt_s0,1789366353,126897
tilt_s0,1789366363,126897
tilt_s0,1789366373,126897
tilt_s0,1789366383,126897
tilt_s0,1789366393,126897
tilt_s0,1789366403,126897
tilt_s0,1789366413,126897
tilt_s0,1789366423,126897
tilt_s0,1789366433,126897
tilt_s0,1789366443,126897
tilt_s0,1789366453,126897
tilt_s0,1789366463,126897
tilt_s0,1789366473,126897
tilt_s0,1789366483,126897
tilt_s0,1789366493,126897
tilt_s0,1789366504,126897
tilt_s0,1789366514,126897
tilt_s0,1789366524,126897
tilt_s0,1789366534,126897
tilt_s0,1789366544,126897
tilt_s0,1789366554,126897
tilt_s0,1789366564,126897
tilt_s0,1789366574,126897
tilt_s0,1789366584,126897
tilt_s0,1789366594,126897
tilt_s0,1789366604,126897
tilt_s0,1789366614,126897
tilt_s0,1789366624,126897
tilt_s0,1789366634,126897
tilt_s0,1789366644,126897
tilt_s0,1789366654,126897
tilt_s0,1789366664,126897
tilt_s0,1789366675,126897
tilt_s0,1789366685,126897
tilt_s0,1789366695,126897
tilt_s0,1789366705,126897
tilt_s0,1789366715,126897
tilt_s0,1789366725,126897
tilt_s0,1789366735,126897
tilt_s0,1789366745,126897
tilt_s0,1789366755,126897
tilt_s0,1789366765,126897
tilt_s0,1789366775,126897
tilt_s0,1789366785,126897
tilt_s0,1789366795,126897
tilt_s0,1789366805,126897
tilt_s0,1789366815,126897
tilt_s0,1789366825,126897
tilt_s0,1789366835,126897
tilt_s0,1789366846,126897
tilt_s0,1789366856,126897
tilt_s0,1789366866,126897
tilt_s0,1789366876,126897
tilt_s0,1789366886,126897
tilt_s0,1789366896,126897
tilt_s0,1789366906,126897
tilt_s0,1789366916,126897
tilt_s0,1789366926,126897
tilt_s0,1789366936,126897
tilt_s0,1789366946,126897
tilt_s0,1789366956,126897
tilt_s0,1789366966,126897
tilt_s0,1789366976,126897
tilt_s0,1789366986,126897
tilt_s0,1789366996,126897
tilt_s0,1789367006,126897
tilt_s0,1789367017,126897
tilt_s0,1789367027,126897
tilt_s0,1789367037,126897
tilt_s0,1789367047,126897
tilt_s0,1789367057,126897
tilt_s0,1789367067,126897
tilt_s0,1789367077,126897
tilt_s0,1789367087,126897
tilt_s0,1789367097,126897
tilt_s0,1789367107,126897
tilt_s0,1789367117,126897
tilt_s0,1789367127,126897
tilt_s0,1789367137,126897
tilt_s0,1789367147,126897
tilt_s0,1789367157,126897
tilt_s0,1789367167,126897
tilt_s0,1789367177,126897
tilt_s0,1789367188,126897
tilt_s0,1789367198,126897
tilt_s0,1789367208,126897
tilt_s0,1789367218,126897
tilt_s0,1789367228,126897
tilt_s0,1789367238,126897
tilt_s0,1789367248,126897
tilt_s0,1789367258,126897
tilt_s0,1789367268,126897
tilt_s0,1789367278,126897
tilt_s0,1789367288,126897
tilt_s0,1789367298,126897
tilt_s0,1789367308,126897
tilt_s0,1789367318,126897
tilt_s0,1789367328,126897
tilt_s0,1789367338,126897
tilt_s0,1789367348,126897
tilt_s0,1789367359,126897
tilt_s0,1789367369,126897
tilt_s0,1789367379,126897
tilt_s0,1789367389,126897
tilt_s0,1789367399,126897
tilt_s0,1789367409,126897
tilt_s0,1789367419,126897
tilt_s0,1789367429,126897
tilt_s0,1789367439,126897
tilt_s0,1789367449,126897
tilt_s0,1789367459,126897
tilt_s0,1789367469,126897
tilt_s0,1789367479,126897
tilt_s0,1789367489,126897
tilt_s0,1789367499,126897
tilt_s0,1789367509,126897
tilt_s0,1789367519,126897
tilt_s0,1789367530,126897
tilt_s0,1789367540,126897
tilt_s0,1789367550,126897
tilt_s0,1789367560,126897
tilt_s0,1789367570,126897
tilt_s0,1789367580,126897
tilt_s0,1789367590,126897
tilt_s0,1789367600,126897
tilt_s0,1789367610,126897
tilt_s0,1789367620,126897
tilt_s0,1789367630,126897
tilt_s0,1789367640,126897
tilt_s0,1789367650,126897
tilt_s0,1789367660,126897
tilt_s0,1789367670,126897
tilt_s0,1789367680,126897
tilt_s0,1789367691,126897
tilt_s0,1789367701,126897
tilt_s0,1789367711,126897
tilt_s0,1789367721,126897
tilt_s0,1789367731,126897
tilt_s0,1789367741,126897
tilt_s0,1789367751,126897
tilt_s0,1789367761,126897
tilt_s0,1789367771,126897
tilt_s0,1789367781,126897
tilt_s0,1789367791,126897
tilt_s0,1789367801,126897
tilt_s0,1789367811,126897
tilt_s0,1789367821,126897
tilt_s0,1789367831,126897
tilt_s0,1789367841,126897
tilt_s0,1789367851,126897
tilt_s0,1789367862,126897
tilt_s0,1789367872,126897
tilt_s0,1789367882,126897
tilt_s0,1789367892,126897
tilt_s0,1789367902,126897
tilt_s0,1789367912,126897
tilt_s0,1789367922,126897
tilt_s0,1789367932,126897
tilt_s0,1789367942,126897
tilt_s0,1789367952,126897
tilt_s0,1789367962,126897
tilt_s0,1789367972,126897
tilt_s0,1789367982,126897
tilt_s0,1789367992,126897
tilt_s0,1789368002,126897
tilt_s0,1789368012,126897
tilt_s0,1789368022,126897
tilt_s0,1789368033,126897
tilt_s0,1789368043,126897
tilt_s0,1789368053,126897
tilt_s0,1789368063,126897
tilt_s0,1789368073,126897
tilt_s0,1789368083,126897
tilt_s0,1789368093,126897
tilt_s0,1789368103,126897
tilt_s0,1789368113,126897
tilt_s0,1789368123,126897
tilt_s0,1789368133,126897
tilt_s0,1789368143,126897
tilt_s0,1789368153,126897
tilt_s0,1789368163,126897
tilt_s0,1789368173,126897
tilt_s0,1789368183,126897
tilt_s0,1789368193,126897
tilt_s0,1789368204,126897
tilt_s0,1789368214,126897
tilt_s0,1789368224,126897
tilt_s0,1789368234,126897
tilt_s0,1789368244,126897
tilt_s0,1789368254,126897
tilt_s0,1789368264,126897
tilt_s0,1789368274,126897
tilt_s0,1789368284,126897
tilt_s0,1789368294,126897
tilt_s0,1789368304,126897
tilt_s0,1789368314,126897
tilt_s0,1789368324,126897
tilt_s0,1789368334,126897
tilt_s0,1789368344,126897
tilt_s0,1789368354,126897
tilt_s0,1789368364,126897
tilt_s0,1789368374,126897
tilt_s0,1789368385,126897
tilt_s0,1789368395,126897
tilt_s0,1789368405,126897
tilt_s0,1789368415,126897
tilt_s0,1789368425,126897
tilt_s0,1789368435,126897
tilt_s0,1789368445,126897
tilt_s0,1789368455,126897
tilt_s0,1789368465,126897
tilt_s0,1789368475,126897
tilt_s0,1789368485,126897
tilt_s0,1789368495,126897
tilt_s0,1789368505,126897
tilt_s0,1789368515,126897
tilt_s0,1789368525,126897
tilt_s0,1789368535,126897
tilt_s0,1789368545,126897
tilt_s0,1789368556,126897
tilt_s0,1789368566,126897
tilt_s0,1789368576,126897
tilt_s0,1789368586,126897
tilt_s0,1789368596,126897
tilt_s0,1789368606,126897
tilt_s0,1789368616,126897
tilt_s0,1789368626,126897
tilt_s0,1789368636,126897
tilt_s0,1789368646,126897
tilt_s0,1789368656,126897
tilt_s0,1789368666,126897
tilt_s0,1789368676,126897
tilt_s0,1789368686,126897
tilt_s0,1789368696,126897
tilt_s0,1789368706,126897
tilt_s0,1789368716,126897
tilt_s0,1789368727,126897
tilt_s0,1789368737,126897
tilt_s0,1789368747,126897
tilt_s0,1789368757,126897
tilt_s0,1789368767,126897
tilt_s0,1789368777,126897
tilt_s0,1789368787,126897
tilt_s0,1789368797,126897
tilt_s0,1789368807,126897
tilt_s0,1789368817,126897
tilt_s0,1789368827,126897
tilt_s0,1789368837,126897
tilt_s0,1789368847,126897
tilt_s0,1789368857,126897
tilt_s0,1789368867,126897
tilt_s0,1789368877,126897
tilt_s0,1789368887,126897
tilt_s0,1789368898,126897
tilt_s0,1789368908,126897
tilt_s0,1789368918,126897
tilt_s0,1789368928,126897
tilt_s0,1789368938,126897
tilt_s0,1789368948,126897
tilt_s0,1789368958,126897
tilt_s0,1789368968,126897
tilt_s0,1789368978,126897
tilt_s0,1789368988,126897
tilt_s0,1789368998,126897
tilt_s0,1789369008,126897
tilt_s0,1789369018,126897
tilt_s0,1789369028,126897
tilt_s0,1789369038,126897
tilt_s0,1789369048,126897
tilt_s0,1789369058,126897
tilt_s0,1789369069,126897
tilt_s0,1789369079,126897
tilt_s0,1789369089,126897
tilt_s0,1789369099,126897
tilt_s0,1789369109,126897
tilt_s0,1789369119,126897
tilt_s0,1789369129,126897
tilt_s0,1789369139,126897
tilt_s0,1789369149,126897
tilt_s0,1789369159,126897
tilt_s0,1789369169,126897
tilt_s0,1789369179,126897
tilt_s0,1789369189,126897
tilt_s0,1789369199,126897
tilt_s0,1789369209,126897
tilt_s0,1789369219,126897
tilt_s0,1789369229,126897
tilt_s0,1789369240,126897
tilt_s0,1789369250,126897
tilt_s0,1789369260,126897
tilt_s0,1789369270,126897
tilt_s0,1789369280,126897
tilt_s0,1789369290,126897
tilt_s0,1789369300,126897
tilt_s0,1789369310,126897
tilt_s0,1789369320,126897
tilt_s0,1789369330,126897
tilt_s0,1789369340,126897
tilt_s0,1789369350,126897
tilt_s0,1789369360,126897
tilt_s0,1789369370,126897
tilt_s0,1789369380,126897
tilt_s0,1789369390,126897
tilt_s0,1789369400,126897
tilt_s0,1789369411,126897
tilt_s0,1789369421,126897
tilt_s0,1789369431,126897
tilt_s0,1789369441,126897
tilt_s0,1789369451,126897
tilt_s0,1789369461,126897
tilt_s0,1789369471,126897
tilt_s0,1789369481,126897
tilt_s0,1789369491,126897
tilt_s0,1789369501,126897
tilt_s0,1789369511,126897
tilt_s0,1789369521,126897
tilt_s0,1789369531,126897
tilt_s0,1789369541,126897
tilt_s0,1789369551,126897
tilt_s0,1789369561,126897
tilt_s0,1789369571,126897
tilt_s0,1789369582,126897
tilt_s0,1789369592,126897
tilt_s0,1789369602,126897
tilt_s0,1789369612,126897
tilt_s0,1789369622,126897
tilt_s0,1789369632,126897
tilt_s0,1789369642,126897
tilt_s0,1789369652,126897
tilt_s0,1789369662,126897
tilt_s0,1789369672,126897
tilt_s0,1789369682,126897
tilt_s0,1789369692,126897
tilt_s0,1789369702,126897
tilt_s0,1789369712,126897
tilt_s0,1789369722,126897
tilt_s0,1789369732,126897
tilt_s0,1789369742,126897
tilt_s0,1789369753,126897
tilt_s0,1789369763,126897
tilt_s0,1789369773,126897
tilt_s0,1789369783,126897
tilt_s0,1789369793,126897
tilt_s0,1789369803,126897
tilt_s0,1789369813,126897
tilt_s0,1789369823,126897
tilt_s0,1789369833,126897
tilt_s0,1789369843,126897
tilt_s0,1789369853,126897
tilt_s0,1789369863,126897
tilt_s0,1789369873,126897
tilt_s0,1789369883,126897
tilt_s0,1789369893,126897
tilt_s0,1789369903,126897
tilt_s0,1789369913,126897
tilt_s0,1789369924,126897
tilt_s0,1789369934,126897
tilt_s0,1789369944,126897
tilt_s0,1789369954,126897
tilt_s0,1789369964,126897
tilt_s0,1789369974,126897
tilt_s0,1789369984,126897
tilt_s0,1789369994,126897
tilt_s0,1789370004,126897
tilt_s0,1789370014,126897
tilt_s0,1789370024,126897
tilt_s0,1789370034,126897
tilt_s0,1789370044,126897
tilt_s0,1789370054,126897
tilt_s0,1789370064,126897
tilt_s0,1789370074,126897
tilt_s0,1789370084,126897
tilt_s0,1789370095,126897
tilt_s0,1789370105,126897
tilt_s0,1789370115,126897
tilt_s0,1789370125,126897
tilt_s0,1789370135,126897
tilt_s0,1789370145,126897
tilt_s0,1789370155,126897
tilt_s0,1789370165,126897
tilt_s0,1789370175,126897
tilt_s0,1789370185,126897
tilt_s0,1789370195,126897
tilt_s0,1789370205,126897
tilt_s0,1789370215,126897
tilt_s0,1789370225,126897
tilt_s0,1789370235,126897
tilt_s0,1789370245,126897
tilt_s0,1789370256,126897
tilt_s0,1789370266,126897
tilt_s0,1789370276,126897
tilt_s0,1789370286,126897
tilt_s0,1789370296,126897
tilt_s0,1789370306,126897
tilt_s0,1789370316,126897
tilt_s0,1789370326,126897
tilt_s0,1789370336,126897
tilt_s0,1789370346,126897
tilt_s0,1789370356,126897
tilt_s0,1789370366,126897
tilt_s0,1789370376,126897
tilt_s0,1789370386,126897
tilt_s0,1789370396,126897
tilt_s0,1789370407,126897
tilt_s0,1789370417,126897
tilt_s0,1789370427,126897
tilt_s0,1789370437,126897
tilt_s0,1789370447,126897
tilt_s0,1789370457,126897
tilt_s0,1789370467,126897
tilt_s0,1789370477,126897
tilt_s0,1789370487,126897
tilt_s0,1789370497,126897
tilt_s0,1789370507,126897
tilt_s0,1789370517,126897
tilt_s0,1789370527,126897
tilt_s0,1789370537,126897
tilt_s0,1789370547,126897
tilt_s0,1789370557,126897
tilt_s0,1789370567,126897
tilt_s0,1789370578,126897
tilt_s0,1789370588,126897
tilt_s0,1789370598,126897
tilt_s0,1789370608,126897
tilt_s0,1789370618,126897
tilt_s0,1789370628,126897
tilt_s0,1789370638,126897
tilt_s0,1789370648,126897
tilt_s0,1789370658,126897
tilt_s0,1789370668,126897
tilt_s0,1789370678,126897
tilt_s0,1789370688,126897
tilt_s0,1789370698,126897
tilt_s0,1789370708,126897
tilt_s0,1789370718,126897
tilt_s0,1789370728,126897
tilt_s0,1789370738,126897
tilt_s0,1789370749,126897
tilt_s0,1789370759,126897
tilt_s0,1789370769,126897
tilt_s0,1789370779,126897
tilt_s0,1789370789,126897
tilt_s0,1789370799,126897
tilt_s0,1789370809,126897
tilt_s0,1789370819,126897
tilt_s0,1789370829,126897
tilt_s0,1789370839,126897
tilt_s0,1789370849,126897
tilt_s0,1789370859,126897
tilt_s0,1789370869,126897
tilt_s0,1789370879,126897
tilt_s0,1789370889,126897
tilt_s0,1789370899,126897
tilt_s0,1789370909,126897
tilt_s0,1789370920,126897
tilt_s0,1789370930,126897
tilt_s0,1789370940,126897
tilt_s0,1789370950,126897
tilt_s0,1789370960,126897
tilt_s0,1789370970,126897
tilt_s0,1789370980,126897
tilt_s0,1789370990,126897
tilt_s0,1789371000,126897
tilt_s0,1789371010,126897
tilt_s0,1789371020,126897
tilt_s0,1789371030,126897
tilt_s0,1789371040,126897
tilt_s0,1789371050,126897
tilt_s0,1789371060,126897
tilt_s0,1789371070,126897
tilt_s0,1789371080,126897
tilt_s0,1789371091,126897
tilt_s0,1789371101,126897
tilt_s0,1789371111,126897
tilt_s0,1789371121,126897
tilt_s0,1789371131,126897
tilt_s0,1789371141,126897
tilt_s0,1789371151,126897
tilt_s0,1789371161,126897
tilt_s0,1789371171,126897
tilt_s0,1789371181,126897
tilt_s0,1789371191,126897
tilt_s0,1789371201,126897
tilt_s0,1789371211,126897
tilt_s0,1789371221,126897
tilt_s0,1789371231,126897
tilt_s0,1789371241,126897
tilt_s0,1789371251,126897
tilt_s0,1789371261,126897
tilt_s0,1789371272,126897
tilt_s0,1789371282,126897
tilt_s0,1789371292,126897
tilt_s0,1789371302,126897
tilt_s0,1789371312,126897
tilt_s0,1789371322,126897
tilt_s0,1789371332,126897
tilt_s0,1789371342,126897
tilt_s0,1789371352,126897
tilt_s0,1789371362,126897
tilt_s0,1789371372,126897
tilt_s0,1789371382,126897
tilt_s0,1789371392,126897
tilt_s0,1789371402,126897
tilt_s0,1789371412,126897
tilt_s0,1789371422,126897
tilt_s0,1789371432,126897
tilt_s0,1789371443,126897
tilt_s0,1789371453,126897
tilt_s0,1789371463,126897
tilt_s0,1789371473,126897
tilt_s0,1789371483,126897
tilt_s0,1789371493,126897
tilt_s0,1789371503,126897
tilt_s0,1789371513,126897
tilt_s0,1789371523,126897
tilt_s0,1789371533,126897
tilt_s0,1789371543,126897
tilt_s0,1789371553,126897
tilt_s0,1789371563,126897
tilt_s0,1789371573,126897
tilt_s0,1789371583,126897
tilt_s0,1789371593,126897
tilt_s0,1789371603,126897
tilt_s0,1789371613,126897
tilt_s0,1789371624,126897
tilt_s0,1789371634,126897
tilt_s0,1789371644,126897
tilt_s0,1789371654,126897
tilt_s0,1789371664,126897
tilt_s0,1789371674,126897
tilt_s0,1789371684,126897
tilt_s0,1789371694,126897
tilt_s0,1789371704,126897
tilt_s0,1789371714,126897
tilt_s0,1789371724,126897
tilt_s0,1789371734,126897
tilt_s0,1789371744,126897
tilt_s0,1789371754,126897
tilt_s0,1789371764,126897
tilt_s0,1789371774,126897
tilt_s0,1789371784,126897
tilt_s0,1789371795,126897
tilt_s0,1789371805,126897
tilt_s0,1789371815,126897
tilt_s0,1789371825,126897
tilt_s0,1789371835,126897
tilt_s0,1789371845,126897
tilt_s0,1789371855,126897
tilt_s0,1789371865,126897
tilt_s0,1789371875,126897
tilt_s0,1789371885,126897
tilt_s0,1789371895,126897
tilt_s0,1789371905,126897
tilt_s0,1789371915,126897
tilt_s0,1789371925,126897
tilt_s0,1789371935,126897
tilt_s0,1789371945,126897
tilt_s0,1789371955,126897
tilt_s0,1789371965,126897
tilt_s0,1789371976,126897
tilt_s0,1789371986,126897
tilt_s0,1789371996,126897
tilt_s0,1789372006,126897
tilt_s0,1789372016,126897
tilt_s0,1789372026,126897
tilt_s0,1789372036,126897
tilt_s0,1789372046,126897
tilt_s0,1789372056,126897
tilt_s0,1789372066,126897
tilt_s0,1789372076,126897
tilt_s0,1789372086,126897
tilt_s0,1789372096,126897
tilt_s0,1789372106,126897
tilt_s0,1789372116,126897
tilt_s0,1789372126,126897
tilt_s0,1789372136,126897
tilt_s0,1789372147,126897
tilt_s0,1789372157,126897
tilt_s0,1789372167,126897
tilt_s0,1789372177,126897
tilt_s0,1789372187,126897
tilt_s0,1789372197,126897
tilt_s0,1789372207,126897
tilt_s0,1789372217,126897
tilt_s0,1789372227,126897
tilt_s0,1789372237,126897
tilt_s0,1789372247,126897
tilt_s0,1789372257,126897
tilt_s0,1789372267,126897
tilt_s0,1789372277,126897
tilt_s0,1789372287,126897
tilt_s0,1789372297,126897
tilt_s0,1789372307,126897
tilt_s0,1789372318,126897
tilt_s0,1789372328,126897
tilt_s0,1789372338,126897
tilt_s0,1789372348,126897
tilt_s0,1789372358,126897
tilt_s0,1789372368,126897
tilt_s0,1789372378,126897
tilt_s0,1789372388,126897
tilt_s0,1789372398,126897
tilt_s0,1789372408,126897
tilt_s0,1789372418,126897
tilt_s0,1789372428,126897
tilt_s0,1789372438,126897
tilt_s0,1789372448,126897
tilt_s0,1789372458,126897
tilt_s0,1789372468,126897
tilt_s0,1789372478,126897
tilt_s0,1789372489,126897
tilt_s0,1789372499,126897
tilt_s0,1789372509,126897
tilt_s0,1789372519,126897
tilt_s0,1789372529,126897
tilt_s0,1789372539,126897
tilt_s0,1789372549,126897
tilt_s0,1789372559,126897
tilt_s0,1789372569,126897
tilt_s0,1789372579,126897
tilt_s0,1789372589,126897
tilt_s0,1789372599,126897
tilt_s0,1789372609,126897
tilt_s0,1789372619,126897
tilt_s0,1789372629,126897
tilt_s0,1789372639,126897
tilt_s0,1789372649,126897
tilt_s0,1789372660,126897
tilt_s0,1789372670,126897
tilt_s0,1789372680,126897
tilt_s0,1789372690,126897
tilt_s0,1789372700,126897
tilt_s0,1789372710,126897
tilt_s0,1789372720,126897
tilt_s0,1789372730,126897
tilt_s0,1789372740,126897
tilt_s0,1789372750,126897
tilt_s0,1789372760,126897
tilt_s0,1789372770,126897
tilt_s0,1789372780,126897
tilt_s0,1789372790,126897
tilt_s0,1789372800,126897
tilt_s0,1789372810,126897
tilt_s0,1789372820,126897
tilt_s0,1789372830,126897
tilt_s0,1789372841,126897
tilt_s0,1789372851,126897
tilt_s0,1789372861,126897
tilt_s0,1789372871,126897
tilt_s0,1789372881,126897
tilt_s0,1789372891,126897
tilt_s0,1789372901,126897
tilt_s0,1789372911,126897
tilt_s0,1789372921,126897
tilt_s0,1789372931,126897
tilt_s0,1789372941,126897
tilt_s0,1789372951,126897
tilt_s0,1789372961,126897
tilt_s0,1789372971,126897
tilt_s0,1789372981,126897
tilt_s0,1789372991,126897
tilt_s0,1789373001,126897
tilt_s0,1789373012,126897
tilt_s0,1789373022,126897
tilt_s0,1789373032,126897
tilt_s0,1789373042,126897
tilt_s0,1789373052,126897
tilt_s0,1789373062,126897
tilt_s0,1789373072,126897
tilt_s0,1789373082,126897
tilt_s0,1789373092,126897
tilt_s0,1789373102,126897
tilt_s0,1789373112,126897
tilt_s0,1789373122,126897
tilt_s0,1789373132,126897
tilt_s0,1789373142,126897
tilt_s0,1789373152,126897
tilt_s0,1789373162,126897
tilt_s0,1789373173,126897
tilt_s0,1789373183,126897
tilt_s0,1789373193,126897
tilt_s0,1789373203,126897
tilt_s0,1789373213,126897
tilt_s0,1789373223,126897
tilt_s0,1789373233,126897
tilt_s0,1789373243,126897
tilt_s0,1789373253,126897
tilt_s0,1789373263,126897
tilt_s0,1789373273,126897
tilt_s0,1789373283,126897
tilt_s0,1789373293,126897
tilt_s0,1789373303,126897
tilt_s0,1789373313,126897
tilt_s0,1789373323,126897
tilt_s0,1789373333,126897
tilt_s0,1789373344,126897
tilt_s0,1789373354,126897
tilt_s0,1789373364,126897
tilt_s0,1789373374,126897
tilt_s0,1789373384,126897
tilt_s0,1789373394,126897
tilt_s0,1789373404,126897
tilt_s0,1789373414,126897
tilt_s0,1789373424,126897
tilt_s0,1789373434,126897
tilt_s0,1789373444,126897
tilt_s0,1789373454,126897
tilt_s0,1789373464,126897
tilt_s0,1789373474,126897
tilt_s0,1789373484,126897
tilt_s0,1789373494,126897
tilt_s0,1789373504,126897
tilt_s0,1789373514,126897
tilt_s0,1789373525,126897
tilt_s0,1789373535,126897
tilt_s0,1789373545,126897
tilt_s0,1789373555,126897
tilt_s0,1789373565,126897
tilt_s0,1789373575,126897
tilt_s0,1789373585,126897
tilt_s0,1789373595,126897
tilt_s0,1789373605,126897
tilt_s0,1789373615,126897
tilt_s0,1789373625,126897
tilt_s0,1789373635,126897
tilt_s0,1789373645,126897
tilt_s0,1789373655,126897
tilt_s0,1789373665,126897
tilt_s0,1789373675,126897
tilt_s0,1789373685,126897
tilt_s0,1789373696,126897
tilt_s0,1789373706,126897
tilt_s0,1789373716,126897
tilt_s0,1789373726,126897
tilt_s0,1789373736,126897
tilt_s0,1789373746,126897
tilt_s0,1789373756,126897
tilt_s0,1789373766,126897
tilt_s0,1789373776,126897
tilt_s0,1789373786,126897
tilt_s0,1789373796,126897
tilt_s0,1789373806,126897
tilt_s0,1789373816,126897
tilt_s0,1789373826,126897
tilt_s0,1789373836,126897
tilt_s0,1789373846,126897
tilt_s0,1789373856,126897
tilt_s0,1789373867,126897
tilt_s0,1789373877,126897
tilt_s0,1789373887,126897
tilt_s0,1789373897,126897
tilt_s0,1789373907,126897
tilt_s0,1789373917,126897
tilt_s0,1789373927,126897
tilt_s0,1789373937,126897
tilt_s0,1789373947,126897
tilt_s0,1789373957,126897
tilt_s0,1789373967,126897
tilt_s0,1789373977,126897
tilt_s0,1789373987,126897
tilt_s0,1789373997,126897
tilt_s0,1789374007,126897
tilt_s0,1789374017,126897
tilt_s0,1789374027,126897
tilt_s0,1789374037,126897
tilt_s0,1789374048,126897
tilt_s0,1789374058,126897
tilt_s0,1789374068,126897
tilt_s0,1789374078,126897
tilt_s0,1789374088,126897
tilt_s0,1789374098,126897
tilt_s0,1789374108,126897
tilt_s0,1789374118,126897
tilt_s0,1789374128,126897
tilt_s0,1789374138,126897
tilt_s0,1789374148,126897
tilt_s0,1789374158,126897
tilt_s0,1789374168,126897
tilt_s0,1789374178,126897
tilt_s0,1789374188,126897
tilt_s0,1789374198,126897
tilt_s0,1789374208,126897
tilt_s0,1789374219,126897
tilt_s0,1789374229,126897
tilt_s0,1789374239,126897
tilt_s0,1789374249,126897
tilt_s0,1789374259,126897
tilt_s0,1789374269,126897
tilt_s0,1789374279,126897
tilt_s0,1789374289,126897
tilt_s0,1789374299,126897
tilt_s0,1789374309,126897
tilt_s0,1789374319,126897
tilt_s0,1789374329,126897
tilt_s0,1789374339,126897
tilt_s0,1789374349,126897
tilt_s0,1789374359,126897
tilt_s0,1789374369,126897
tilt_s0,1789374379,126897
tilt_s0,1789374390,126897
tilt_s0,1789374400,126897
tilt_s0,1789374410,126897
tilt_s0,1789374420,126897
tilt_s0,1789374430,126897
tilt_s0,1789374440,126897
tilt_s0,1789374450,126897
tilt_s0,1789374460,126897
tilt_s0,1789374470,126897
tilt_s0,1789374480,126897
tilt_s0,1789374490,126897
tilt_s0,1789374500,126897
tilt_s0,1789374510,126897
tilt_s0,1789374520,126897
tilt_s0,1789374530,126897
tilt_s0,1789374540,126897
tilt_s0,1789374550,126897
tilt_s0,1789374561,126897
tilt_s0,1789374571,126897
tilt_s0,1789374581,126897
tilt_s0,1789374591,126897
tilt_s0,1789374601,126897
tilt_s0,1789374611,126897
tilt_s0,1789374621,126897
tilt_s0,1789374631,126897
tilt_s0,1789374641,126897
tilt_s0,1789374651,126897
tilt_s0,1789374661,126897
tilt_s0,1789374671,126897
tilt_s0,1789374681,126897
tilt_s0,1789374691,126897
tilt_s0,1789374701,126897
tilt_s0,1789374711,126897
tilt_s0,1789374721,126897
tilt_s0,1789374732,126897
tilt_s0,1789374742,126897
tilt_s0,1789374752,126897
tilt_s0,1789374762,126897
tilt_s0,1789374772,126897
tilt_s0,1789374782,126897
tilt_s0,1789374792,126897
tilt_s0,1789374802,126897
tilt_s0,1789374812,126897
tilt_s0,1789374822,126897
tilt_s0,1789374832,126897
tilt_s0,1789374842,126897
tilt_s0,1789374852,126897
tilt_s0,1789374862,126897
tilt_s0,1789374872,126897
tilt_s0,1789374882,126897
tilt_s0,1789374892,126897
tilt_s0,1789374903,126897
tilt_s0,1789374913,126897
tilt_s0,1789374923,126897
tilt_s0,1789374933,126897
tilt_s0,1789374943,126897
tilt_s0,1789374953,126897
tilt_s0,1789374963,126897
tilt_s0,1789374973,126897
tilt_s0,1789374983,126897
tilt_s0,1789374993,126897
tilt_s0,1789375003,126897
tilt_s0,1789375013,126897
tilt_s0,1789375023,126897
tilt_s0,1789375033,126897
tilt_s0,1789375043,126897
tilt_s0,1789375053,126897
tilt_s0,1789375063,126897
tilt_s0,1789375074,126897
tilt_s0,1789375084,126897
tilt_s0,1789375094,126897
tilt_s0,1789375104,126897
tilt_s0,1789375114,126897
tilt_s0,1789375124,126897
tilt_s0,1789375134,126897
tilt_s0,1789375144,126897
tilt_s0,1789375154,126897
tilt_s0,1789375164,126897
tilt_s0,1789375174,126897
tilt_s0,1789375184,126897
tilt_s0,1789375194,126897
tilt_s0,1789375204,126897
tilt_s0,1789375214,126897
tilt_s0,1789375224,126897
tilt_s0,1789375234,126897
tilt_s0,1789375245,126897
tilt_s0,1789375255,126897
tilt_s0,1789375265,126897
tilt_s0,1789375275,126897
tilt_s0,1789375285,126897
tilt_s0,1789375295,126897
tilt_s0,1789375305,126897
tilt_s0,1789375315,126897
tilt_s0,1789375325,126897
tilt_s0,1789375335,126897
tilt_s0,1789375345,126897
tilt_s0,1789375355,126897
tilt_s0,1789375365,126897
tilt_s0,1789375375,126897
tilt_s0,1789375385,126897
tilt_s0,1789375395,126897
tilt_s0,1789375405,126897
tilt_s0,1789375416,126897
tilt_s0,1789375426,126897
tilt_s0,1789375436,126897
tilt_s0,1789375446,126897
tilt_s0,1789375456,126897
tilt_s0,1789375466,126897
tilt_s0,1789375476,126897
tilt_s0,1789375486,126897
tilt_s0,1789375496,126897
tilt_s0,1789375506,126897
tilt_s0,1789375516,126897
tilt_s0,1789375526,126897
tilt_s0,1789375536,126897
tilt_s0,1789375546,126897
tilt_s0,1789375556,126897
tilt_s0,1789375566,126897
tilt_s0,1789375576,126897
tilt_s0,1789375587,126897
tilt_s0,1789375597,126897
tilt_s0,1789375607,126897
tilt_s0,1789375617,126897
tilt_s0,1789375627,126897
tilt_s0,1789375637,126897
tilt_s0,1789375647,126897
tilt_s0,1789375657,126897
tilt_s0,1789375667,126897
tilt_s0,1789375677,126897
tilt_s0,1789375687,126897
tilt_s0,1789375697,126897
tilt_s0,1789375707,126897
tilt_s0,1789375717,126897
tilt_s0,1789375727,126897
tilt_s0,1789375737,126897
