/home/hyin66/micromamba/envs/verl/lib/python3.10/site-packages/verl/workers/engine/mindspeed/transformer_impl.py:24: UserWarning: NPU not support router replay for now.
  from verl.utils.megatron.router_replay_patch import RouterReplay
/home/hyin66/micromamba/envs/verl/lib/python3.10/site-packages/verl/trainer/main_ppo.py:380: FutureWarning: Warning: Function '__main__.main' is deprecated. Please use 'main_ppo.py is deprecated, and wil be replaced by main_ppo_sync.py in v0.8.0, please use main_ppo_sync.py instead.' instead.
  main()
2026-08-17 19:21:42,240	INFO worker.py:2015 -- Started a local Ray instance. View the dashboard at [1m[32m127.0.0.1:8265 [39m[22m
[36m(pid=1100293)[0m /home/hyin66/micromamba/envs/verl/lib/python3.10/site-packages/verl/workers/engine/mindspeed/transformer_impl.py:24: UserWarning: NPU not support router replay for now.
[36m(pid=1100293)[0m   from verl.utils.megatron.router_replay_patch import RouterReplay
ray init kwargs: {'num_cpus': None, 'runtime_env': {'env_vars': {'TOKENIZERS_PARALLELISM': 'true', 'NCCL_DEBUG': 'WARN', 'VLLM_ALLOW_RUNTIME_LORA_UPDATING': 'true', 'CUDA_DEVICE_MAX_CONNECTIONS': '1', 'VLLM_DISABLE_COMPILE_CACHE': '1', 'HCCL_HOST_SOCKET_PORT_RANGE': 'auto', 'HCCL_NPU_SOCKET_PORT_RANGE': 'auto', 'HSA_NO_SCRATCH_RECLAIM': '1'}, 'working_dir': None}}
[36m(TaskRunner pid=1100293)[0m TaskRunner hostname: hyin66-h200-01-0, PID: 1100293
[36m(TaskRunner pid=1100293)[0m {'actor_rollout_ref': {'actor': {'_target_': 'verl.workers.config.FSDPActorConfig',
[36m(TaskRunner pid=1100293)[0m                                  'calculate_entropy': False,
[36m(TaskRunner pid=1100293)[0m                                  'calculate_sum_pi_squared': False,
[36m(TaskRunner pid=1100293)[0m                                  'checkpoint': {'_target_': 'verl.trainer.config.CheckpointConfig',
[36m(TaskRunner pid=1100293)[0m                                                 'async_save': False,
[36m(TaskRunner pid=1100293)[0m                                                 'load_contents': ['model',
[36m(TaskRunner pid=1100293)[0m                                                                   'optimizer',
[36m(TaskRunner pid=1100293)[0m                                                                   'extra'],
[36m(TaskRunner pid=1100293)[0m                                                 'mbridge_config': {},
[36m(TaskRunner pid=1100293)[0m                                                 'save_contents': ['model',
[36m(TaskRunner pid=1100293)[0m                                                                   'optimizer',
[36m(TaskRunner pid=1100293)[0m                                                                   'extra'],
[36m(TaskRunner pid=1100293)[0m                                                 'strict': True},
[36m(TaskRunner pid=1100293)[0m                                  'clip_ratio': 0.2,
[36m(TaskRunner pid=1100293)[0m                                  'clip_ratio_c': 3.0,
[36m(TaskRunner pid=1100293)[0m                                  'clip_ratio_high': 0.2,
[36m(TaskRunner pid=1100293)[0m                                  'clip_ratio_low': 0.2,
[36m(TaskRunner pid=1100293)[0m                                  'data_loader_seed': 42,
[36m(TaskRunner pid=1100293)[0m                                  'entropy_checkpointing': False,
[36m(TaskRunner pid=1100293)[0m                                  'entropy_coeff': 0,
[36m(TaskRunner pid=1100293)[0m                                  'entropy_from_logits_with_chunking': False,
[36m(TaskRunner pid=1100293)[0m                                  'freeze_vision_tower': False,
[36m(TaskRunner pid=1100293)[0m                                  'fsdp_config': {'_target_': 'verl.workers.config.FSDPEngineConfig',
[36m(TaskRunner pid=1100293)[0m                                                  'dtype': 'bfloat16',
[36m(TaskRunner pid=1100293)[0m                                                  'entropy_checkpointing': False,
[36m(TaskRunner pid=1100293)[0m                                                  'entropy_from_logits_with_chunking': False,
[36m(TaskRunner pid=1100293)[0m                                                  'forward_only': False,
[36m(TaskRunner pid=1100293)[0m                                                  'forward_prefetch': False,
[36m(TaskRunner pid=1100293)[0m                                                  'fsdp_size': -1,
[36m(TaskRunner pid=1100293)[0m                                                  'full_determinism': False,
[36m(TaskRunner pid=1100293)[0m                                                  'model_dtype': 'fp32',
[36m(TaskRunner pid=1100293)[0m                                                  'offload_policy': False,
[36m(TaskRunner pid=1100293)[0m                                                  'optimizer_offload': False,
[36m(TaskRunner pid=1100293)[0m                                                  'param_offload': False,
[36m(TaskRunner pid=1100293)[0m                                                  'qat': {'_target_': 'verl.workers.config.QATEngineConfig',
[36m(TaskRunner pid=1100293)[0m                                                          'activation_observer': 'static_minmax',
[36m(TaskRunner pid=1100293)[0m                                                          'enable': False,
[36m(TaskRunner pid=1100293)[0m                                                          'group_size': 16,
[36m(TaskRunner pid=1100293)[0m                                                          'ignore_patterns': ['lm_head',
[36m(TaskRunner pid=1100293)[0m                                                                              'embed_tokens',
[36m(TaskRunner pid=1100293)[0m                                                                              're:.*mlp.gate$'],
[36m(TaskRunner pid=1100293)[0m                                                          'mode': 'w4a16',
[36m(TaskRunner pid=1100293)[0m                                                          'quantization_config_path': None},
[36m(TaskRunner pid=1100293)[0m                                                  'reshard_after_forward': True,
[36m(TaskRunner pid=1100293)[0m                                                  'seed': 42,
[36m(TaskRunner pid=1100293)[0m                                                  'strategy': 'fsdp',
[36m(TaskRunner pid=1100293)[0m                                                  'ulysses_sequence_parallel_size': 1,
[36m(TaskRunner pid=1100293)[0m                                                  'use_orig_params': False,
[36m(TaskRunner pid=1100293)[0m                                                  'use_torch_compile': True,
[36m(TaskRunner pid=1100293)[0m                                                  'wrap_policy': {'min_num_params': 0}},
[36m(TaskRunner pid=1100293)[0m                                  'grad_clip': 1.0,
[36m(TaskRunner pid=1100293)[0m                                  'kl_loss_coef': 0.001,
[36m(TaskRunner pid=1100293)[0m                                  'kl_loss_type': 'low_var_kl',
[36m(TaskRunner pid=1100293)[0m                                  'loss_agg_mode': 'token-mean',
[36m(TaskRunner pid=1100293)[0m                                  'loss_scale_factor': None,
[36m(TaskRunner pid=1100293)[0m                                  'optim': {'_target_': 'verl.workers.config.FSDPOptimizerConfig',
[36m(TaskRunner pid=1100293)[0m                                            'betas': [0.9, 0.999],
[36m(TaskRunner pid=1100293)[0m                                            'clip_grad': 1.0,
[36m(TaskRunner pid=1100293)[0m                                            'lr': 1e-06,
[36m(TaskRunner pid=1100293)[0m                                            'lr_scheduler_type': 'constant',
[36m(TaskRunner pid=1100293)[0m                                            'lr_warmup_steps': -1,
[36m(TaskRunner pid=1100293)[0m                                            'lr_warmup_steps_ratio': 0.0,
[36m(TaskRunner pid=1100293)[0m                                            'min_lr_ratio': 0.0,
[36m(TaskRunner pid=1100293)[0m                                            'num_cycles': 0.5,
[36m(TaskRunner pid=1100293)[0m                                            'optimizer': 'AdamW',
[36m(TaskRunner pid=1100293)[0m                                            'optimizer_impl': 'torch.optim',
[36m(TaskRunner pid=1100293)[0m                                            'override_optimizer_config': None,
[36m(TaskRunner pid=1100293)[0m                                            'total_training_steps': -1,
[36m(TaskRunner pid=1100293)[0m                                            'warmup_style': None,
[36m(TaskRunner pid=1100293)[0m                                            'weight_decay': 0.01,
[36m(TaskRunner pid=1100293)[0m                                            'zero_indexed_step': True},
[36m(TaskRunner pid=1100293)[0m                                  'policy_loss': {'_target_': 'verl.workers.config.PolicyLossConfig',
[36m(TaskRunner pid=1100293)[0m                                                  'clip_cov_lb': 1.0,
[36m(TaskRunner pid=1100293)[0m                                                  'clip_cov_ratio': 0.0002,
[36m(TaskRunner pid=1100293)[0m                                                  'clip_cov_ub': 5.0,
[36m(TaskRunner pid=1100293)[0m                                                  'kl_cov_ratio': 0.0002,
[36m(TaskRunner pid=1100293)[0m                                                  'loss_mode': 'vanilla',
[36m(TaskRunner pid=1100293)[0m                                                  'ppo_kl_coef': 0.1},
[36m(TaskRunner pid=1100293)[0m                                  'ppo_epochs': 1,
[36m(TaskRunner pid=1100293)[0m                                  'ppo_max_token_len_per_gpu': 16384,
[36m(TaskRunner pid=1100293)[0m                                  'ppo_micro_batch_size': None,
[36m(TaskRunner pid=1100293)[0m                                  'ppo_micro_batch_size_per_gpu': 4,
[36m(TaskRunner pid=1100293)[0m                                  'ppo_mini_batch_size': 8,
[36m(TaskRunner pid=1100293)[0m                                  'profiler': {'_target_': 'verl.utils.profiler.ProfilerConfig',
[36m(TaskRunner pid=1100293)[0m                                               'all_ranks': False,
[36m(TaskRunner pid=1100293)[0m                                               'enable': False,
[36m(TaskRunner pid=1100293)[0m                                               'ranks': [],
[36m(TaskRunner pid=1100293)[0m                                               'save_path': 'outputs/profile',
[36m(TaskRunner pid=1100293)[0m                                               'tool': None,
[36m(TaskRunner pid=1100293)[0m                                               'tool_config': {'npu': {'_target_': 'verl.utils.profiler.config.NPUToolConfig',
[36m(TaskRunner pid=1100293)[0m                                                                       'analysis': True,
[36m(TaskRunner pid=1100293)[0m                                                                       'contents': [],
[36m(TaskRunner pid=1100293)[0m                                                                       'discrete': False,
[36m(TaskRunner pid=1100293)[0m                                                                       'level': 'level0'},
[36m(TaskRunner pid=1100293)[0m                                                               'nsys': {'_target_': 'verl.utils.profiler.config.NsightToolConfig',
[36m(TaskRunner pid=1100293)[0m                                                                        'discrete': False},
[36m(TaskRunner pid=1100293)[0m                                                               'precision_debugger': {'_target_': 'verl.utils.profiler.config.PrecisionDebuggerToolConfig',
[36m(TaskRunner pid=1100293)[0m                                                                                      'config_path': None,
[36m(TaskRunner pid=1100293)[0m                                                                                      'stages': None,
[36m(TaskRunner pid=1100293)[0m                                                                                      'steps': None,
[36m(TaskRunner pid=1100293)[0m                                                                                      'strict': False},
[36m(TaskRunner pid=1100293)[0m                                                               'torch': {'_target_': 'verl.utils.profiler.config.TorchProfilerToolConfig',
[36m(TaskRunner pid=1100293)[0m                                                                         'contents': [],
[36m(TaskRunner pid=1100293)[0m                                                                         'discrete': False},
[36m(TaskRunner pid=1100293)[0m                                                               'torch_memory': {'_target_': 'verl.utils.profiler.config.TorchMemoryToolConfig',
[36m(TaskRunner pid=1100293)[0m                                                                                'stack_depth': 32,
[36m(TaskRunner pid=1100293)[0m                                                                                'trace_alloc_max_entries': 100000}}},
[36m(TaskRunner pid=1100293)[0m                                  'qat': {'activation_observer': 'static_minmax',
[36m(TaskRunner pid=1100293)[0m                                          'enable': False,
[36m(TaskRunner pid=1100293)[0m                                          'group_size': 16,
[36m(TaskRunner pid=1100293)[0m                                          'ignore_patterns': ['lm_head',
[36m(TaskRunner pid=1100293)[0m                                                              'embed_tokens',
[36m(TaskRunner pid=1100293)[0m                                                              're:.*mlp.gate$'],
[36m(TaskRunner pid=1100293)[0m                                          'mode': 'w4a16',
[36m(TaskRunner pid=1100293)[0m                                          'quantization_config_path': None},
[36m(TaskRunner pid=1100293)[0m                                  'rollout_n': 8,
[36m(TaskRunner pid=1100293)[0m                                  'router_replay': {'_target_': 'verl.workers.config.RouterReplayConfig',
[36m(TaskRunner pid=1100293)[0m                                                    'mode': 'disabled',
[36m(TaskRunner pid=1100293)[0m                                                    'record_file': None,
[36m(TaskRunner pid=1100293)[0m                                                    'replay_file': None},
[36m(TaskRunner pid=1100293)[0m                                  'shuffle': False,
[36m(TaskRunner pid=1100293)[0m                                  'strategy': 'fsdp',
[36m(TaskRunner pid=1100293)[0m                                  'tau_neg': 1.05,
[36m(TaskRunner pid=1100293)[0m                                  'tau_pos': 1.0,
[36m(TaskRunner pid=1100293)[0m                                  'ulysses_sequence_parallel_size': 1,
[36m(TaskRunner pid=1100293)[0m                                  'use_dynamic_bsz': False,
[36m(TaskRunner pid=1100293)[0m                                  'use_fused_kernels': False,
[36m(TaskRunner pid=1100293)[0m                                  'use_kl_loss': True,
[36m(TaskRunner pid=1100293)[0m                                  'use_prefix_grouper': False,
[36m(TaskRunner pid=1100293)[0m                                  'use_remove_padding': True,
[36m(TaskRunner pid=1100293)[0m                                  'use_torch_compile': True},
[36m(TaskRunner pid=1100293)[0m                        'hybrid_engine': True,
[36m(TaskRunner pid=1100293)[0m                        'model': {'_target_': 'verl.workers.config.HFModelConfig',
[36m(TaskRunner pid=1100293)[0m                                  'custom_chat_template': None,
[36m(TaskRunner pid=1100293)[0m                                  'enable_activation_offload': False,
[36m(TaskRunner pid=1100293)[0m                                  'enable_gradient_checkpointing': True,
[36m(TaskRunner pid=1100293)[0m                                  'exclude_modules': None,
[36m(TaskRunner pid=1100293)[0m                                  'external_lib': None,
[36m(TaskRunner pid=1100293)[0m                                  'fused_kernel_options': {'impl_backend': 'torch'},
[36m(TaskRunner pid=1100293)[0m                                  'hf_config_path': None,
[36m(TaskRunner pid=1100293)[0m                                  'lora': {'a2a_experimental': False,
[36m(TaskRunner pid=1100293)[0m                                           'adapter_path': None,
[36m(TaskRunner pid=1100293)[0m                                           'alpha': 32,
[36m(TaskRunner pid=1100293)[0m                                           'dropout': 0.0,
[36m(TaskRunner pid=1100293)[0m                                           'dropout_position': 'pre',
[36m(TaskRunner pid=1100293)[0m                                           'dtype': None,
[36m(TaskRunner pid=1100293)[0m                                           'exclude_modules': [],
[36m(TaskRunner pid=1100293)[0m                                           'freeze_language_model': True,
[36m(TaskRunner pid=1100293)[0m                                           'freeze_vision_model': True,
[36m(TaskRunner pid=1100293)[0m                                           'freeze_vision_projection': True,
[36m(TaskRunner pid=1100293)[0m                                           'lora_A_init_method': 'xavier',
[36m(TaskRunner pid=1100293)[0m                                           'lora_B_init_method': 'zero',
[36m(TaskRunner pid=1100293)[0m                                           'merge': False,
[36m(TaskRunner pid=1100293)[0m                                           'rank': 0,
[36m(TaskRunner pid=1100293)[0m                                           'target_modules': ['linear_qkv',
[36m(TaskRunner pid=1100293)[0m                                                              'linear_proj',
[36m(TaskRunner pid=1100293)[0m                                                              'linear_fc1',
[36m(TaskRunner pid=1100293)[0m                                                              'linear_fc2'],
[36m(TaskRunner pid=1100293)[0m                                           'type': 'lora'},
[36m(TaskRunner pid=1100293)[0m                                  'lora_adapter_path': None,
[36m(TaskRunner pid=1100293)[0m                                  'lora_alpha': 16,
[36m(TaskRunner pid=1100293)[0m                                  'lora_rank': 0,
[36m(TaskRunner pid=1100293)[0m                                  'mtp': {'_target_': 'verl.workers.config.MtpConfig',
[36m(TaskRunner pid=1100293)[0m                                          'detach_encoder': False,
[36m(TaskRunner pid=1100293)[0m                                          'enable': False,
[36m(TaskRunner pid=1100293)[0m                                          'enable_rollout': False,
[36m(TaskRunner pid=1100293)[0m                                          'enable_train': False,
[36m(TaskRunner pid=1100293)[0m                                          'method': 'mtp',
[36m(TaskRunner pid=1100293)[0m                                          'mtp_loss_scaling_factor': 0.1,
[36m(TaskRunner pid=1100293)[0m                                          'num_speculative_tokens': 1,
[36m(TaskRunner pid=1100293)[0m                                          'speculative_algorithm': 'EAGLE',
[36m(TaskRunner pid=1100293)[0m                                          'speculative_eagle_topk': 1,
[36m(TaskRunner pid=1100293)[0m                                          'speculative_num_draft_tokens': 4,
[36m(TaskRunner pid=1100293)[0m                                          'speculative_num_steps': 3},
[36m(TaskRunner pid=1100293)[0m                                  'override_config': {},
[36m(TaskRunner pid=1100293)[0m                                  'path': 'Qwen/Qwen2.5-7B-Instruct',
[36m(TaskRunner pid=1100293)[0m                                  'target_modules': 'all-linear',
[36m(TaskRunner pid=1100293)[0m                                  'tiled_mlp': {'enabled': False,
[36m(TaskRunner pid=1100293)[0m                                                'num_shards': 4},
[36m(TaskRunner pid=1100293)[0m                                  'tokenizer_path': None,
[36m(TaskRunner pid=1100293)[0m                                  'trust_remote_code': False,
[36m(TaskRunner pid=1100293)[0m                                  'use_fused_kernels': False,
[36m(TaskRunner pid=1100293)[0m                                  'use_liger': False,
[36m(TaskRunner pid=1100293)[0m                                  'use_remove_padding': True,
[36m(TaskRunner pid=1100293)[0m                                  'use_shm': False},
[36m(TaskRunner pid=1100293)[0m                        'nccl_timeout': 600,
[36m(TaskRunner pid=1100293)[0m                        'ref': {'_target_': 'verl.workers.config.FSDPActorConfig',
[36m(TaskRunner pid=1100293)[0m                                'entropy_checkpointing': False,
[36m(TaskRunner pid=1100293)[0m                                'entropy_from_logits_with_chunking': False,
[36m(TaskRunner pid=1100293)[0m                                'fsdp_config': {'_target_': 'verl.workers.config.FSDPEngineConfig',
[36m(TaskRunner pid=1100293)[0m                                                'dtype': 'bfloat16',
[36m(TaskRunner pid=1100293)[0m                                                'entropy_checkpointing': False,
[36m(TaskRunner pid=1100293)[0m                                                'entropy_from_logits_with_chunking': False,
[36m(TaskRunner pid=1100293)[0m                                                'forward_only': True,
[36m(TaskRunner pid=1100293)[0m                                                'forward_prefetch': False,
[36m(TaskRunner pid=1100293)[0m                                                'fsdp_size': -1,
[36m(TaskRunner pid=1100293)[0m                                                'full_determinism': False,
[36m(TaskRunner pid=1100293)[0m                                                'model_dtype': 'fp32',
[36m(TaskRunner pid=1100293)[0m                                                'offload_policy': False,
[36m(TaskRunner pid=1100293)[0m                                                'optimizer_offload': False,
[36m(TaskRunner pid=1100293)[0m                                                'param_offload': False,
[36m(TaskRunner pid=1100293)[0m                                                'qat': {'_target_': 'verl.workers.config.QATEngineConfig',
[36m(TaskRunner pid=1100293)[0m                                                        'activation_observer': 'static_minmax',
[36m(TaskRunner pid=1100293)[0m                                                        'enable': False,
[36m(TaskRunner pid=1100293)[0m                                                        'group_size': 16,
[36m(TaskRunner pid=1100293)[0m                                                        'ignore_patterns': ['lm_head',
[36m(TaskRunner pid=1100293)[0m                                                                            'embed_tokens',
[36m(TaskRunner pid=1100293)[0m                                                                            're:.*mlp.gate$'],
[36m(TaskRunner pid=1100293)[0m                                                        'mode': 'w4a16',
[36m(TaskRunner pid=1100293)[0m                                                        'quantization_config_path': None},
[36m(TaskRunner pid=1100293)[0m                                                'reshard_after_forward': True,
[36m(TaskRunner pid=1100293)[0m                                                'seed': 42,
[36m(TaskRunner pid=1100293)[0m                                                'strategy': 'fsdp',
[36m(TaskRunner pid=1100293)[0m                                                'ulysses_sequence_parallel_size': 1,
[36m(TaskRunner pid=1100293)[0m                                                'use_orig_params': False,
[36m(TaskRunner pid=1100293)[0m                                                'use_torch_compile': True,
[36m(TaskRunner pid=1100293)[0m                                                'wrap_policy': {'min_num_params': 0}},
[36m(TaskRunner pid=1100293)[0m                                'log_prob_max_token_len_per_gpu': 16384,
[36m(TaskRunner pid=1100293)[0m                                'log_prob_micro_batch_size': None,
[36m(TaskRunner pid=1100293)[0m                                'log_prob_micro_batch_size_per_gpu': 4,
[36m(TaskRunner pid=1100293)[0m                                'log_prob_use_dynamic_bsz': False,
[36m(TaskRunner pid=1100293)[0m                                'profiler': {'_target_': 'verl.utils.profiler.ProfilerConfig',
[36m(TaskRunner pid=1100293)[0m                                             'all_ranks': False,
[36m(TaskRunner pid=1100293)[0m                                             'enable': False,
[36m(TaskRunner pid=1100293)[0m                                             'ranks': [],
[36m(TaskRunner pid=1100293)[0m                                             'save_path': 'outputs/profile',
[36m(TaskRunner pid=1100293)[0m                                             'tool': None,
[36m(TaskRunner pid=1100293)[0m                                             'tool_config': {'npu': {'_target_': 'verl.utils.profiler.config.NPUToolConfig',
[36m(TaskRunner pid=1100293)[0m                                                                     'analysis': True,
[36m(TaskRunner pid=1100293)[0m                                                                     'contents': [],
[36m(TaskRunner pid=1100293)[0m                                                                     'discrete': False,
[36m(TaskRunner pid=1100293)[0m                                                                     'level': 'level0'},
[36m(TaskRunner pid=1100293)[0m                                                             'nsys': {'_target_': 'verl.utils.profiler.config.NsightToolConfig',
[36m(TaskRunner pid=1100293)[0m                                                                      'discrete': False},
[36m(TaskRunner pid=1100293)[0m                                                             'precision_debugger': {'_target_': 'verl.utils.profiler.config.PrecisionDebuggerToolConfig',
[36m(TaskRunner pid=1100293)[0m                                                                                    'config_path': None,
[36m(TaskRunner pid=1100293)[0m                                                                                    'stages': None,
[36m(TaskRunner pid=1100293)[0m                                                                                    'steps': None,
[36m(TaskRunner pid=1100293)[0m                                                                                    'strict': False},
[36m(TaskRunner pid=1100293)[0m                                                             'torch': {'_target_': 'verl.utils.profiler.config.TorchProfilerToolConfig',
[36m(TaskRunner pid=1100293)[0m                                                                       'contents': [],
[36m(TaskRunner pid=1100293)[0m                                                                       'discrete': False},
[36m(TaskRunner pid=1100293)[0m                                                             'torch_memory': {'_target_': 'verl.utils.profiler.config.TorchMemoryToolConfig',
[36m(TaskRunner pid=1100293)[0m                                                                              'stack_depth': 32,
[36m(TaskRunner pid=1100293)[0m                                                                              'trace_alloc_max_entries': 100000}}},
[36m(TaskRunner pid=1100293)[0m                                'rollout_n': 8,
[36m(TaskRunner pid=1100293)[0m                                'router_replay': {'_target_': 'verl.workers.config.RouterReplayConfig',
[36m(TaskRunner pid=1100293)[0m                                                  'mode': 'disabled',
[36m(TaskRunner pid=1100293)[0m                                                  'record_file': None,
[36m(TaskRunner pid=1100293)[0m                                                  'replay_file': None},
[36m(TaskRunner pid=1100293)[0m                                'strategy': 'fsdp',
[36m(TaskRunner pid=1100293)[0m                                'ulysses_sequence_parallel_size': 1,
[36m(TaskRunner pid=1100293)[0m                                'use_torch_compile': True},
[36m(TaskRunner pid=1100293)[0m                        'rollout': {'_target_': 'verl.workers.config.RolloutConfig',
[36m(TaskRunner pid=1100293)[0m                                    'agent': {'_target_': 'verl.workers.config.AgentLoopConfig',
[36m(TaskRunner pid=1100293)[0m                                              'agent_loop_config_path': None,
[36m(TaskRunner pid=1100293)[0m                                              'custom_async_server': {'_target_': 'verl.workers.config.CustomAsyncServerConfig',
[36m(TaskRunner pid=1100293)[0m                                                                      'name': None,
[36m(TaskRunner pid=1100293)[0m                                                                      'path': None},
[36m(TaskRunner pid=1100293)[0m                                              'default_agent_loop': 'single_turn_agent',
[36m(TaskRunner pid=1100293)[0m                                              'num_workers': 8},
[36m(TaskRunner pid=1100293)[0m                                    'calculate_log_probs': False,
[36m(TaskRunner pid=1100293)[0m                                    'checkpoint_engine': {'_target_': 'verl.workers.config.CheckpointEngineConfig',
[36m(TaskRunner pid=1100293)[0m                                                          'backend': 'naive',
[36m(TaskRunner pid=1100293)[0m                                                          'custom_backend_module': None,
[36m(TaskRunner pid=1100293)[0m                                                          'engine_kwargs': {},
[36m(TaskRunner pid=1100293)[0m                                                          'update_weights_bucket_megabytes': 2048},
[36m(TaskRunner pid=1100293)[0m                                    'cudagraph_capture_sizes': None,
[36m(TaskRunner pid=1100293)[0m                                    'data_parallel_size': 1,
[36m(TaskRunner pid=1100293)[0m                                    'disable_log_stats': True,
[36m(TaskRunner pid=1100293)[0m                                    'disaggregation': {'bootstrap_port': None,
[36m(TaskRunner pid=1100293)[0m                                                       'decode_replicas': 1,
[36m(TaskRunner pid=1100293)[0m                                                       'decode_tensor_model_parallel_size': None,
[36m(TaskRunner pid=1100293)[0m                                                       'enabled': False,
[36m(TaskRunner pid=1100293)[0m                                                       'ib_device': None,
[36m(TaskRunner pid=1100293)[0m                                                       'prefill_replicas': 1,
[36m(TaskRunner pid=1100293)[0m                                                       'transfer_backend': 'nixl'},
[36m(TaskRunner pid=1100293)[0m                                    'do_sample': True,
[36m(TaskRunner pid=1100293)[0m                                    'dtype': 'bfloat16',
[36m(TaskRunner pid=1100293)[0m                                    'enable_chunked_prefill': True,
[36m(TaskRunner pid=1100293)[0m                                    'enable_prefix_caching': True,
[36m(TaskRunner pid=1100293)[0m                                    'enable_rollout_routing_replay': False,
[36m(TaskRunner pid=1100293)[0m                                    'enforce_eager': False,
[36m(TaskRunner pid=1100293)[0m                                    'engine_kwargs': {'sglang': {},
[36m(TaskRunner pid=1100293)[0m                                                      'trtllm': {},
[36m(TaskRunner pid=1100293)[0m                                                      'vllm': {}},
[36m(TaskRunner pid=1100293)[0m                                    'expert_parallel_size': 1,
[36m(TaskRunner pid=1100293)[0m                                    'free_cache_engine': True,
[36m(TaskRunner pid=1100293)[0m                                    'gpu_memory_utilization': 0.5,
[36m(TaskRunner pid=1100293)[0m                                    'ignore_eos': False,
[36m(TaskRunner pid=1100293)[0m                                    'layered_summon': False,
[36m(TaskRunner pid=1100293)[0m                                    'load_format': 'dummy',
[36m(TaskRunner pid=1100293)[0m                                    'log_prob_max_token_len_per_gpu': 16384,
[36m(TaskRunner pid=1100293)[0m                                    'log_prob_micro_batch_size': None,
[36m(TaskRunner pid=1100293)[0m                                    'log_prob_micro_batch_size_per_gpu': 4,
[36m(TaskRunner pid=1100293)[0m                                    'log_prob_use_dynamic_bsz': False,
[36m(TaskRunner pid=1100293)[0m                                    'logprobs_mode': 'processed_logprobs',
[36m(TaskRunner pid=1100293)[0m                                    'max_model_len': None,
[36m(TaskRunner pid=1100293)[0m                                    'max_num_batched_tokens': 8192,
[36m(TaskRunner pid=1100293)[0m                                    'max_num_seqs': 1024,
[36m(TaskRunner pid=1100293)[0m                                    'mode': 'async',
[36m(TaskRunner pid=1100293)[0m                                    'mtp': {'_target_': 'verl.workers.config.MtpConfig',
[36m(TaskRunner pid=1100293)[0m                                            'detach_encoder': False,
[36m(TaskRunner pid=1100293)[0m                                            'enable': False,
[36m(TaskRunner pid=1100293)[0m                                            'enable_rollout': False,
[36m(TaskRunner pid=1100293)[0m                                            'enable_train': False,
[36m(TaskRunner pid=1100293)[0m                                            'method': 'mtp',
[36m(TaskRunner pid=1100293)[0m                                            'mtp_loss_scaling_factor': 0.1,
[36m(TaskRunner pid=1100293)[0m                                            'num_speculative_tokens': 1,
[36m(TaskRunner pid=1100293)[0m                                            'speculative_algorithm': 'EAGLE',
[36m(TaskRunner pid=1100293)[0m                                            'speculative_eagle_topk': 1,
[36m(TaskRunner pid=1100293)[0m                                            'speculative_num_draft_tokens': 4,
[36m(TaskRunner pid=1100293)[0m                                            'speculative_num_steps': 3},
[36m(TaskRunner pid=1100293)[0m                                    'multi_stage_wake_up': False,
[36m(TaskRunner pid=1100293)[0m                                    'multi_turn': {'_target_': 'verl.workers.config.MultiTurnConfig',
[36m(TaskRunner pid=1100293)[0m                                                   'enable': False,
[36m(TaskRunner pid=1100293)[0m                                                   'format': 'hermes',
[36m(TaskRunner pid=1100293)[0m                                                   'function_tool_path': None,
[36m(TaskRunner pid=1100293)[0m                                                   'max_assistant_turns': None,
[36m(TaskRunner pid=1100293)[0m                                                   'max_parallel_calls': 1,
[36m(TaskRunner pid=1100293)[0m                                                   'max_tool_response_length': 256,
[36m(TaskRunner pid=1100293)[0m                                                   'max_user_turns': None,
[36m(TaskRunner pid=1100293)[0m                                                   'num_repeat_rollouts': None,
[36m(TaskRunner pid=1100293)[0m                                                   'tokenization_sanity_check_mode': 'strict',
[36m(TaskRunner pid=1100293)[0m                                                   'tool_config_path': None,
[36m(TaskRunner pid=1100293)[0m                                                   'tool_response_truncate_side': 'middle',
[36m(TaskRunner pid=1100293)[0m                                                   'use_inference_chat_template': False},
[36m(TaskRunner pid=1100293)[0m                                    'n': 8,
[36m(TaskRunner pid=1100293)[0m                                    'n_gpus_per_node': 1,
[36m(TaskRunner pid=1100293)[0m                                    'name': 'vllm',
[36m(TaskRunner pid=1100293)[0m                                    'nnodes': 0,
[36m(TaskRunner pid=1100293)[0m                                    'over_sample_rate': 0,
[36m(TaskRunner pid=1100293)[0m                                    'pipeline_model_parallel_size': 1,
[36m(TaskRunner pid=1100293)[0m                                    'profiler': {'_target_': 'verl.utils.profiler.ProfilerConfig',
[36m(TaskRunner pid=1100293)[0m                                                 'all_ranks': False,
[36m(TaskRunner pid=1100293)[0m                                                 'enable': False,
[36m(TaskRunner pid=1100293)[0m                                                 'ranks': [],
[36m(TaskRunner pid=1100293)[0m                                                 'save_path': 'outputs/profile',
[36m(TaskRunner pid=1100293)[0m                                                 'tool': None,
[36m(TaskRunner pid=1100293)[0m                                                 'tool_config': {'npu': {'_target_': 'verl.utils.profiler.config.NPUToolConfig',
[36m(TaskRunner pid=1100293)[0m                                                                         'analysis': True,
[36m(TaskRunner pid=1100293)[0m                                                                         'contents': [],
[36m(TaskRunner pid=1100293)[0m                                                                         'discrete': False,
[36m(TaskRunner pid=1100293)[0m                                                                         'level': 'level0'},
[36m(TaskRunner pid=1100293)[0m                                                                 'precision_debugger': {'_target_': 'verl.utils.profiler.config.PrecisionDebuggerToolConfig',
[36m(TaskRunner pid=1100293)[0m                                                                                        'config_path': None,
[36m(TaskRunner pid=1100293)[0m                                                                                        'stages': None,
[36m(TaskRunner pid=1100293)[0m                                                                                        'steps': None,
[36m(TaskRunner pid=1100293)[0m                                                                                        'strict': False},
[36m(TaskRunner pid=1100293)[0m                                                                 'torch': {'_target_': 'verl.utils.profiler.config.TorchProfilerToolConfig',
[36m(TaskRunner pid=1100293)[0m                                                                           'contents': [],
[36m(TaskRunner pid=1100293)[0m                                                                           'discrete': False}}},
[36m(TaskRunner pid=1100293)[0m                                    'prometheus': {'_target_': 'verl.workers.config.PrometheusConfig',
[36m(TaskRunner pid=1100293)[0m                                                   'enable': False,
[36m(TaskRunner pid=1100293)[0m                                                   'file': '/tmp/ray/session_latest/metrics/prometheus/prometheus.yml',
[36m(TaskRunner pid=1100293)[0m                                                   'port': 9090,
[36m(TaskRunner pid=1100293)[0m                                                   'served_model_name': 'Qwen/Qwen2.5-7B-Instruct'},
[36m(TaskRunner pid=1100293)[0m                                    'prompt_length': 2048,
[36m(TaskRunner pid=1100293)[0m                                    'qat': {'_target_': 'verl.workers.config.QATEngineConfig',
[36m(TaskRunner pid=1100293)[0m                                            'activation_observer': 'static_minmax',
[36m(TaskRunner pid=1100293)[0m                                            'enable': False,
[36m(TaskRunner pid=1100293)[0m                                            'group_size': 16,
[36m(TaskRunner pid=1100293)[0m                                            'ignore_patterns': ['lm_head',
[36m(TaskRunner pid=1100293)[0m                                                                'embed_tokens',
[36m(TaskRunner pid=1100293)[0m                                                                're:.*mlp.gate$'],
[36m(TaskRunner pid=1100293)[0m                                            'mode': 'w4a16',
[36m(TaskRunner pid=1100293)[0m                                            'quantization_config_path': None},
[36m(TaskRunner pid=1100293)[0m                                    'quantization': None,
[36m(TaskRunner pid=1100293)[0m                                    'quantization_config_file': None,
[36m(TaskRunner pid=1100293)[0m                                    'response_length': 512,
[36m(TaskRunner pid=1100293)[0m                                    'scheduling_policy': 'fcfs',
[36m(TaskRunner pid=1100293)[0m                                    'skip': {'_target_': 'verl.workers.config.SkipConfig',
[36m(TaskRunner pid=1100293)[0m                                             'action': 'cache',
[36m(TaskRunner pid=1100293)[0m                                             'dump_dir': '~/.verl/rollout_dump',
[36m(TaskRunner pid=1100293)[0m                                             'enable': False,
[36m(TaskRunner pid=1100293)[0m                                             'max_dump_step': 1},
[36m(TaskRunner pid=1100293)[0m                                    'skip_tokenizer_init': True,
[36m(TaskRunner pid=1100293)[0m                                    'temperature': 1.0,
[36m(TaskRunner pid=1100293)[0m                                    'tensor_model_parallel_size': 1,
[36m(TaskRunner pid=1100293)[0m                                    'top_k': -1,
[36m(TaskRunner pid=1100293)[0m                                    'top_p': 1,
[36m(TaskRunner pid=1100293)[0m                                    'trace': {'_target_': 'verl.workers.config.TraceConfig',
[36m(TaskRunner pid=1100293)[0m                                              'backend': None,
[36m(TaskRunner pid=1100293)[0m                                              'experiment_name': 'gsm8k',
[36m(TaskRunner pid=1100293)[0m                                              'max_samples_per_step_per_worker': None,
[36m(TaskRunner pid=1100293)[0m                                              'project_name': 'verl_examples',
[36m(TaskRunner pid=1100293)[0m                                              'token2text': False},
[36m(TaskRunner pid=1100293)[0m                                    'val_kwargs': {'_target_': 'verl.workers.config.SamplingConfig',
[36m(TaskRunner pid=1100293)[0m                                                   'do_sample': False,
[36m(TaskRunner pid=1100293)[0m                                                   'n': 1,
[36m(TaskRunner pid=1100293)[0m                                                   'temperature': 0,
[36m(TaskRunner pid=1100293)[0m                                                   'top_k': -1,
[36m(TaskRunner pid=1100293)[0m                                                   'top_p': 1.0}}},
[36m(TaskRunner pid=1100293)[0m  'algorithm': {'_target_': 'verl.trainer.config.AlgoConfig',
[36m(TaskRunner pid=1100293)[0m                'adv_estimator': 'grpo',
[36m(TaskRunner pid=1100293)[0m                'gamma': 1.0,
[36m(TaskRunner pid=1100293)[0m                'kl_ctrl': {'_target_': 'verl.trainer.config.KLControlConfig',
[36m(TaskRunner pid=1100293)[0m                            'horizon': 10000,
[36m(TaskRunner pid=1100293)[0m                            'kl_coef': 0.001,
[36m(TaskRunner pid=1100293)[0m                            'target_kl': 0.1,
[36m(TaskRunner pid=1100293)[0m                            'type': 'fixed'},
[36m(TaskRunner pid=1100293)[0m                'kl_penalty': 'kl',
[36m(TaskRunner pid=1100293)[0m                'lam': 1.0,
[36m(TaskRunner pid=1100293)[0m                'norm_adv_by_std_in_grpo': True,
[36m(TaskRunner pid=1100293)[0m                'pf_ppo': {'reweight_method': 'pow', 'weight_pow': 2.0},
[36m(TaskRunner pid=1100293)[0m                'rollout_correction': {'bypass_mode': False,
[36m(TaskRunner pid=1100293)[0m                                       'loss_type': 'ppo_clip',
[36m(TaskRunner pid=1100293)[0m                                       'rollout_is': None,
[36m(TaskRunner pid=1100293)[0m                                       'rollout_is_batch_normalize': False,
[36m(TaskRunner pid=1100293)[0m                                       'rollout_is_threshold': 2.0,
[36m(TaskRunner pid=1100293)[0m                                       'rollout_rs': None,
[36m(TaskRunner pid=1100293)[0m                                       'rollout_rs_threshold': None},
[36m(TaskRunner pid=1100293)[0m                'use_kl_in_reward': False,
[36m(TaskRunner pid=1100293)[0m                'use_pf_ppo': False},
[36m(TaskRunner pid=1100293)[0m  'critic': {'_target_': 'verl.workers.config.FSDPCriticConfig',
[36m(TaskRunner pid=1100293)[0m             'checkpoint': {'_target_': 'verl.trainer.config.CheckpointConfig',
[36m(TaskRunner pid=1100293)[0m                            'async_save': False,
[36m(TaskRunner pid=1100293)[0m                            'load_contents': ['model', 'optimizer', 'extra'],
[36m(TaskRunner pid=1100293)[0m                            'mbridge_config': {},
[36m(TaskRunner pid=1100293)[0m                            'save_contents': ['model', 'optimizer', 'extra']},
[36m(TaskRunner pid=1100293)[0m             'cliprange_value': 0.5,
[36m(TaskRunner pid=1100293)[0m             'data_loader_seed': 42,
[36m(TaskRunner pid=1100293)[0m             'enable': None,
[36m(TaskRunner pid=1100293)[0m             'forward_max_token_len_per_gpu': 32768,
[36m(TaskRunner pid=1100293)[0m             'forward_micro_batch_size': None,
[36m(TaskRunner pid=1100293)[0m             'forward_micro_batch_size_per_gpu': None,
[36m(TaskRunner pid=1100293)[0m             'fsdp': {'_target_': 'verl.workers.config.FSDPEngineConfig',
[36m(TaskRunner pid=1100293)[0m                      'dtype': 'bfloat16',
[36m(TaskRunner pid=1100293)[0m                      'entropy_checkpointing': False,
[36m(TaskRunner pid=1100293)[0m                      'entropy_from_logits_with_chunking': False,
[36m(TaskRunner pid=1100293)[0m                      'forward_only': False,
[36m(TaskRunner pid=1100293)[0m                      'forward_prefetch': False,
[36m(TaskRunner pid=1100293)[0m                      'fsdp_size': -1,
[36m(TaskRunner pid=1100293)[0m                      'full_determinism': False,
[36m(TaskRunner pid=1100293)[0m                      'model_dtype': 'fp32',
[36m(TaskRunner pid=1100293)[0m                      'offload_policy': False,
[36m(TaskRunner pid=1100293)[0m                      'optimizer_offload': False,
[36m(TaskRunner pid=1100293)[0m                      'param_offload': False,
[36m(TaskRunner pid=1100293)[0m                      'qat': {'_target_': 'verl.workers.config.QATEngineConfig',
[36m(TaskRunner pid=1100293)[0m                              'activation_observer': 'static_minmax',
[36m(TaskRunner pid=1100293)[0m                              'enable': False,
[36m(TaskRunner pid=1100293)[0m                              'group_size': 16,
[36m(TaskRunner pid=1100293)[0m                              'ignore_patterns': ['lm_head',
[36m(TaskRunner pid=1100293)[0m                                                  'embed_tokens',
[36m(TaskRunner pid=1100293)[0m                                                  're:.*mlp.gate$'],
[36m(TaskRunner pid=1100293)[0m                              'mode': 'w4a16',
[36m(TaskRunner pid=1100293)[0m                              'quantization_config_path': None},
[36m(TaskRunner pid=1100293)[0m                      'reshard_after_forward': True,
[36m(TaskRunner pid=1100293)[0m                      'seed': 42,
[36m(TaskRunner pid=1100293)[0m                      'strategy': 'fsdp',
[36m(TaskRunner pid=1100293)[0m                      'ulysses_sequence_parallel_size': 1,
[36m(TaskRunner pid=1100293)[0m                      'use_orig_params': False,
[36m(TaskRunner pid=1100293)[0m                      'use_torch_compile': True,
[36m(TaskRunner pid=1100293)[0m                      'wrap_policy': {'min_num_params': 0}},
[36m(TaskRunner pid=1100293)[0m             'grad_clip': 1.0,
[36m(TaskRunner pid=1100293)[0m             'loss_agg_mode': 'token-mean',
[36m(TaskRunner pid=1100293)[0m             'model': {'_target_': 'verl.workers.config.HFModelConfig',
[36m(TaskRunner pid=1100293)[0m                       'custom_chat_template': None,
[36m(TaskRunner pid=1100293)[0m                       'enable_activation_offload': False,
[36m(TaskRunner pid=1100293)[0m                       'enable_gradient_checkpointing': True,
[36m(TaskRunner pid=1100293)[0m                       'exclude_modules': None,
[36m(TaskRunner pid=1100293)[0m                       'external_lib': None,
[36m(TaskRunner pid=1100293)[0m                       'fused_kernel_options': {'impl_backend': 'torch'},
[36m(TaskRunner pid=1100293)[0m                       'hf_config_path': None,
[36m(TaskRunner pid=1100293)[0m                       'lora': {'a2a_experimental': False,
[36m(TaskRunner pid=1100293)[0m                                'adapter_path': None,
[36m(TaskRunner pid=1100293)[0m                                'alpha': 32,
[36m(TaskRunner pid=1100293)[0m                                'dropout': 0.0,
[36m(TaskRunner pid=1100293)[0m                                'dropout_position': 'pre',
[36m(TaskRunner pid=1100293)[0m                                'dtype': None,
[36m(TaskRunner pid=1100293)[0m                                'exclude_modules': [],
[36m(TaskRunner pid=1100293)[0m                                'freeze_language_model': True,
[36m(TaskRunner pid=1100293)[0m                                'freeze_vision_model': True,
[36m(TaskRunner pid=1100293)[0m                                'freeze_vision_projection': True,
[36m(TaskRunner pid=1100293)[0m                                'lora_A_init_method': 'xavier',
[36m(TaskRunner pid=1100293)[0m                                'lora_B_init_method': 'zero',
[36m(TaskRunner pid=1100293)[0m                                'merge': False,
[36m(TaskRunner pid=1100293)[0m                                'rank': 0,
[36m(TaskRunner pid=1100293)[0m                                'target_modules': ['linear_qkv',
[36m(TaskRunner pid=1100293)[0m                                                   'linear_proj',
[36m(TaskRunner pid=1100293)[0m                                                   'linear_fc1',
[36m(TaskRunner pid=1100293)[0m                                                   'linear_fc2'],
[36m(TaskRunner pid=1100293)[0m                                'type': 'lora'},
[36m(TaskRunner pid=1100293)[0m                       'lora_adapter_path': None,
[36m(TaskRunner pid=1100293)[0m                       'lora_alpha': 16,
[36m(TaskRunner pid=1100293)[0m                       'lora_rank': 0,
[36m(TaskRunner pid=1100293)[0m                       'mtp': {'_target_': 'verl.workers.config.MtpConfig',
[36m(TaskRunner pid=1100293)[0m                               'detach_encoder': False,
[36m(TaskRunner pid=1100293)[0m                               'enable': False,
[36m(TaskRunner pid=1100293)[0m                               'enable_rollout': False,
[36m(TaskRunner pid=1100293)[0m                               'enable_train': False,
[36m(TaskRunner pid=1100293)[0m                               'method': 'mtp',
[36m(TaskRunner pid=1100293)[0m                               'mtp_loss_scaling_factor': 0.1,
[36m(TaskRunner pid=1100293)[0m                               'num_speculative_tokens': 1,
[36m(TaskRunner pid=1100293)[0m                               'speculative_algorithm': 'EAGLE',
[36m(TaskRunner pid=1100293)[0m                               'speculative_eagle_topk': 1,
[36m(TaskRunner pid=1100293)[0m                               'speculative_num_draft_tokens': 4,
[36m(TaskRunner pid=1100293)[0m                               'speculative_num_steps': 3},
[36m(TaskRunner pid=1100293)[0m                       'override_config': {},
[36m(TaskRunner pid=1100293)[0m                       'path': '~/models/deepseek-llm-7b-chat',
[36m(TaskRunner pid=1100293)[0m                       'target_modules': 'all-linear',
[36m(TaskRunner pid=1100293)[0m                       'tiled_mlp': {'enabled': False, 'num_shards': 4},
[36m(TaskRunner pid=1100293)[0m                       'tokenizer_path': None,
[36m(TaskRunner pid=1100293)[0m                       'trust_remote_code': False,
[36m(TaskRunner pid=1100293)[0m                       'use_fused_kernels': False,
[36m(TaskRunner pid=1100293)[0m                       'use_liger': False,
[36m(TaskRunner pid=1100293)[0m                       'use_remove_padding': True,
[36m(TaskRunner pid=1100293)[0m                       'use_shm': False},
[36m(TaskRunner pid=1100293)[0m             'optim': {'_target_': 'verl.workers.config.FSDPOptimizerConfig',
[36m(TaskRunner pid=1100293)[0m                       'betas': [0.9, 0.999],
[36m(TaskRunner pid=1100293)[0m                       'clip_grad': 1.0,
[36m(TaskRunner pid=1100293)[0m                       'lr': 1e-05,
[36m(TaskRunner pid=1100293)[0m                       'lr_scheduler_type': 'constant',
[36m(TaskRunner pid=1100293)[0m                       'lr_warmup_steps': -1,
[36m(TaskRunner pid=1100293)[0m                       'lr_warmup_steps_ratio': 0.0,
[36m(TaskRunner pid=1100293)[0m                       'min_lr_ratio': 0.0,
[36m(TaskRunner pid=1100293)[0m                       'num_cycles': 0.5,
[36m(TaskRunner pid=1100293)[0m                       'optimizer': 'AdamW',
[36m(TaskRunner pid=1100293)[0m                       'optimizer_impl': 'torch.optim',
[36m(TaskRunner pid=1100293)[0m                       'override_optimizer_config': None,
[36m(TaskRunner pid=1100293)[0m                       'total_training_steps': -1,
[36m(TaskRunner pid=1100293)[0m                       'warmup_style': None,
[36m(TaskRunner pid=1100293)[0m                       'weight_decay': 0.01,
[36m(TaskRunner pid=1100293)[0m                       'zero_indexed_step': True},
[36m(TaskRunner pid=1100293)[0m             'ppo_epochs': 1,
[36m(TaskRunner pid=1100293)[0m             'ppo_max_token_len_per_gpu': 32768,
[36m(TaskRunner pid=1100293)[0m             'ppo_micro_batch_size': None,
[36m(TaskRunner pid=1100293)[0m             'ppo_micro_batch_size_per_gpu': None,
[36m(TaskRunner pid=1100293)[0m             'ppo_mini_batch_size': 8,
[36m(TaskRunner pid=1100293)[0m             'profiler': {'_target_': 'verl.utils.profiler.ProfilerConfig',
[36m(TaskRunner pid=1100293)[0m                          'all_ranks': False,
[36m(TaskRunner pid=1100293)[0m                          'enable': False,
[36m(TaskRunner pid=1100293)[0m                          'ranks': [],
[36m(TaskRunner pid=1100293)[0m                          'save_path': 'outputs/profile',
[36m(TaskRunner pid=1100293)[0m                          'tool': None,
[36m(TaskRunner pid=1100293)[0m                          'tool_config': {'npu': {'_target_': 'verl.utils.profiler.config.NPUToolConfig',
[36m(TaskRunner pid=1100293)[0m                                                  'analysis': True,
[36m(TaskRunner pid=1100293)[0m                                                  'contents': [],
[36m(TaskRunner pid=1100293)[0m                                                  'discrete': False,
[36m(TaskRunner pid=1100293)[0m                                                  'level': 'level0'},
[36m(TaskRunner pid=1100293)[0m                                          'nsys': {'_target_': 'verl.utils.profiler.config.NsightToolConfig',
[36m(TaskRunner pid=1100293)[0m                                                   'discrete': False},
[36m(TaskRunner pid=1100293)[0m                                          'precision_debugger': {'_target_': 'verl.utils.profiler.config.PrecisionDebuggerToolConfig',
[36m(TaskRunner pid=1100293)[0m                                                                 'config_path': None,
[36m(TaskRunner pid=1100293)[0m                                                                 'stages': None,
[36m(TaskRunner pid=1100293)[0m                                                                 'steps': None,
[36m(TaskRunner pid=1100293)[0m                                                                 'strict': False},
[36m(TaskRunner pid=1100293)[0m                                          'torch': {'_target_': 'verl.utils.profiler.config.TorchProfilerToolConfig',
[36m(TaskRunner pid=1100293)[0m                                                    'contents': [],
[36m(TaskRunner pid=1100293)[0m                                                    'discrete': False},
[36m(TaskRunner pid=1100293)[0m                                          'torch_memory': {'_target_': 'verl.utils.profiler.config.TorchMemoryToolConfig',
[36m(TaskRunner pid=1100293)[0m                                                           'stack_depth': 32,
[36m(TaskRunner pid=1100293)[0m                                                           'trace_alloc_max_entries': 100000}}},
[36m(TaskRunner pid=1100293)[0m             'rollout_n': 8,
[36m(TaskRunner pid=1100293)[0m             'shuffle': False,
[36m(TaskRunner pid=1100293)[0m             'strategy': 'fsdp',
[36m(TaskRunner pid=1100293)[0m             'ulysses_sequence_parallel_size': 1,
[36m(TaskRunner pid=1100293)[0m             'use_dynamic_bsz': False},
[36m(TaskRunner pid=1100293)[0m  'data': {'apply_chat_template_kwargs': {},
[36m(TaskRunner pid=1100293)[0m           'audio_key': 'audios',
[36m(TaskRunner pid=1100293)[0m           'custom_cls': {'name': None, 'path': None},
[36m(TaskRunner pid=1100293)[0m           'dataloader_num_workers': 8,
[36m(TaskRunner pid=1100293)[0m           'filter_overlong_prompts': True,
[36m(TaskRunner pid=1100293)[0m           'filter_overlong_prompts_workers': 1,
[36m(TaskRunner pid=1100293)[0m           'function_tool_path': None,
[36m(TaskRunner pid=1100293)[0m           'image_key': 'images',
[36m(TaskRunner pid=1100293)[0m           'image_patch_size': 14,
[36m(TaskRunner pid=1100293)[0m           'max_prompt_length': 2048,
[36m(TaskRunner pid=1100293)[0m           'max_response_length': 512,
[36m(TaskRunner pid=1100293)[0m           'mm_processor_kwargs': {},
[36m(TaskRunner pid=1100293)[0m           'prompt_key': 'prompt',
[36m(TaskRunner pid=1100293)[0m           'return_full_prompt': False,
[36m(TaskRunner pid=1100293)[0m           'return_multi_modal_inputs': True,
[36m(TaskRunner pid=1100293)[0m           'return_raw_chat': True,
[36m(TaskRunner pid=1100293)[0m           'return_raw_input_ids': False,
[36m(TaskRunner pid=1100293)[0m           'reward_fn_key': 'data_source',
[36m(TaskRunner pid=1100293)[0m           'seed': None,
[36m(TaskRunner pid=1100293)[0m           'shuffle': True,
[36m(TaskRunner pid=1100293)[0m           'tokenizer': None,
[36m(TaskRunner pid=1100293)[0m           'tool_config_path': None,
[36m(TaskRunner pid=1100293)[0m           'train_batch_size': 8,
[36m(TaskRunner pid=1100293)[0m           'train_files': 'axis_probe/grpo/data_math_qwen25_7b_instruct/train.parquet',
[36m(TaskRunner pid=1100293)[0m           'train_max_samples': -1,
[36m(TaskRunner pid=1100293)[0m           'truncation': 'right',
[36m(TaskRunner pid=1100293)[0m           'trust_remote_code': False,
[36m(TaskRunner pid=1100293)[0m           'use_shm': False,
[36m(TaskRunner pid=1100293)[0m           'val_batch_size': None,
[36m(TaskRunner pid=1100293)[0m           'val_files': 'axis_probe/grpo/data_math_qwen25_7b_instruct/val.parquet',
[36m(TaskRunner pid=1100293)[0m           'val_max_samples': -1,
[36m(TaskRunner pid=1100293)[0m           'validation_shuffle': False,
[36m(TaskRunner pid=1100293)[0m           'video_key': 'videos'},
[36m(TaskRunner pid=1100293)[0m  'distillation': {'_target_': 'verl.workers.config.DistillationConfig',
[36m(TaskRunner pid=1100293)[0m                   'distillation_loss': {'_target_': 'verl.workers.config.DistillationLossConfig',
[36m(TaskRunner pid=1100293)[0m                                         'clip_ratio': 0.2,
[36m(TaskRunner pid=1100293)[0m                                         'clip_ratio_high': 0.2,
[36m(TaskRunner pid=1100293)[0m                                         'clip_ratio_low': 0.2,
[36m(TaskRunner pid=1100293)[0m                                         'distillation_loss_coef': 1.0,
[36m(TaskRunner pid=1100293)[0m                                         'log_prob_min_clamp': None,
[36m(TaskRunner pid=1100293)[0m                                         'loss_max_clamp': None,
[36m(TaskRunner pid=1100293)[0m                                         'loss_mode': 'k3',
[36m(TaskRunner pid=1100293)[0m                                         'policy_loss_mode': 'vanilla',
[36m(TaskRunner pid=1100293)[0m                                         'topk': 32,
[36m(TaskRunner pid=1100293)[0m                                         'use_policy_gradient': False,
[36m(TaskRunner pid=1100293)[0m                                         'use_task_rewards': True},
[36m(TaskRunner pid=1100293)[0m                   'enabled': False,
[36m(TaskRunner pid=1100293)[0m                   'n_gpus_per_node': 8,
[36m(TaskRunner pid=1100293)[0m                   'nnodes': 0,
[36m(TaskRunner pid=1100293)[0m                   'teacher_key': 'data_source',
[36m(TaskRunner pid=1100293)[0m                   'teacher_models': {'teacher_model': {'_target_': 'verl.workers.config.DistillationTeacherModelConfig',
[36m(TaskRunner pid=1100293)[0m                                                        'inference': {'_target_': 'verl.workers.config.RolloutConfig',
[36m(TaskRunner pid=1100293)[0m                                                                      'cudagraph_capture_sizes': None,
[36m(TaskRunner pid=1100293)[0m                                                                      'data_parallel_size': 1,
[36m(TaskRunner pid=1100293)[0m                                                                      'disable_log_stats': True,
[36m(TaskRunner pid=1100293)[0m                                                                      'dtype': 'bfloat16',
[36m(TaskRunner pid=1100293)[0m                                                                      'enable_chunked_prefill': True,
[36m(TaskRunner pid=1100293)[0m                                                                      'enable_prefix_caching': True,
[36m(TaskRunner pid=1100293)[0m                                                                      'enforce_eager': True,
[36m(TaskRunner pid=1100293)[0m                                                                      'engine_kwargs': {},
[36m(TaskRunner pid=1100293)[0m                                                                      'expert_parallel_size': 1,
[36m(TaskRunner pid=1100293)[0m                                                                      'free_cache_engine': True,
[36m(TaskRunner pid=1100293)[0m                                                                      'gpu_memory_utilization': 0.5,
[36m(TaskRunner pid=1100293)[0m                                                                      'limit_images': None,
[36m(TaskRunner pid=1100293)[0m                                                                      'load_format': 'auto',
[36m(TaskRunner pid=1100293)[0m                                                                      'max_model_len': None,
[36m(TaskRunner pid=1100293)[0m                                                                      'max_num_batched_tokens': 8192,
[36m(TaskRunner pid=1100293)[0m                                                                      'max_num_seqs': 1024,
[36m(TaskRunner pid=1100293)[0m                                                                      'name': 'vllm',
[36m(TaskRunner pid=1100293)[0m                                                                      'prompt_length': 2048,
[36m(TaskRunner pid=1100293)[0m                                                                      'response_length': 512,
[36m(TaskRunner pid=1100293)[0m                                                                      'skip_tokenizer_init': True,
[36m(TaskRunner pid=1100293)[0m /home/hyin66/micromamba/envs/verl/lib/python3.10/site-packages/verl/trainer/main_ppo.py:258: UserWarning: Disabled critic as algorithm.adv_estimator != gae. If it is not intended, please set critic.enable=True
[36m(TaskRunner pid=1100293)[0m   use_critic=need_critic(config),
[36m(TaskRunner pid=1100293)[0m Generating train split: 0 examples [00:00, ? examples/s]Generating train split: 2000 examples [00:00, 73102.70 examples/s]
[36m(TaskRunner pid=1100293)[0m Setting TOKENIZERS_PARALLELISM=false for forked processes.
[36m(TaskRunner pid=1100293)[0m WARNING:2026-08-17 19:22:07,500:Setting TOKENIZERS_PARALLELISM=false for forked processes.
[36m(TaskRunner pid=1100293)[0m Filtering prompts longer than 2048 tokens (num_proc=1):   0%|          | 0/2000 [00:00<?, ? examples/s]
[36m(TaskRunner pid=1100293)[0m Filtering prompts longer than 2048 tokens (num_proc=1):  50%|█████     | 1000/2000 [00:00<00:00, 1627.15 examples/s]
[36m(TaskRunner pid=1100293)[0m Filtering prompts longer than 2048 tokens (num_proc=1): 100%|██████████| 2000/2000 [00:00<00:00, 2656.81 examples/s]
[36m(TaskRunner pid=1100293)[0m Filtering prompts longer than 2048 tokens (num_proc=1): 100%|██████████| 2000/2000 [00:00<00:00, 2150.41 examples/s]
[36m(TaskRunner pid=1100293)[0m Generating train split: 0 examples [00:00, ? examples/s]Generating train split: 200 examples [00:00, 15889.02 examples/s]
[36m(TaskRunner pid=1100293)[0m Setting TOKENIZERS_PARALLELISM=false for forked processes.
[36m(TaskRunner pid=1100293)[0m WARNING:2026-08-17 19:22:08,676:Setting TOKENIZERS_PARALLELISM=false for forked processes.
[36m(TaskRunner pid=1100293)[0m Filtering prompts longer than 2048 tokens (num_proc=1):   0%|          | 0/200 [00:00<?, ? examples/s]
[36m(TaskRunner pid=1100293)[0m Filtering prompts longer than 2048 tokens (num_proc=1): 100%|██████████| 200/200 [00:00<00:00, 450.39 examples/s]
[36m(TaskRunner pid=1100293)[0m Filtering prompts longer than 2048 tokens (num_proc=1): 100%|██████████| 200/200 [00:00<00:00, 358.58 examples/s]
[36m(TaskRunner pid=1100293)[0m /home/hyin66/micromamba/envs/verl/lib/python3.10/site-packages/verl/trainer/main_ppo.py:299: FutureWarning: Warning: Class 'verl.trainer.ppo.ray_trainer.RayPPOTrainer' is deprecated. Please use 'main_ppo.py is deprecated, and wil be replaced by main_ppo_sync.py in v0.8.0, please use main_ppo_sync.py instead.' instead.
[36m(TaskRunner pid=1100293)[0m   trainer = RayPPOTrainer(
[36m(TaskRunner pid=1100293)[0m /home/hyin66/micromamba/envs/verl/lib/python3.10/site-packages/verl/trainer/ppo/ray_trainer.py:348: UserWarning: Disabled critic as algorithm.adv_estimator != gae. If it is not intended, please set critic.enable=True
[36m(TaskRunner pid=1100293)[0m   self.use_critic = need_critic(self.config)
[36m(WorkerDict pid=1100580)[0m /home/hyin66/micromamba/envs/verl/lib/python3.10/site-packages/verl/workers/engine/mindspeed/transformer_impl.py:24: UserWarning: NPU not support router replay for now.
[36m(WorkerDict pid=1100580)[0m   from verl.utils.megatron.router_replay_patch import RouterReplay
[36m(WorkerDict pid=1100580)[0m `torch_dtype` is deprecated! Use `dtype` instead!
[36m(WorkerDict pid=1100580)[0m Flash Attention 2 only supports torch.float16 and torch.bfloat16 dtypes, but the current dype in Qwen2ForCausalLM is torch.float32. You should run training or inference using Automatic Mixed-Precision via the `with torch.autocast(device_type='torch_device'):` decorator, or load the model with the `dtype` argument. Example: `model = AutoModel.from_pretrained("openai/whisper-tiny", attn_implementation="flash_attention_2", dtype=torch.float16)`
[36m(WorkerDict pid=1100580)[0m Flash Attention 2 only supports torch.float16 and torch.bfloat16 dtypes, but the current dype in Qwen2Model is torch.float32. You should run training or inference using Automatic Mixed-Precision via the `with torch.autocast(device_type='torch_device'):` decorator, or load the model with the `dtype` argument. Example: `model = AutoModel.from_pretrained("openai/whisper-tiny", attn_implementation="flash_attention_2", dtype=torch.float16)`
[36m(WorkerDict pid=1100580)[0m Loading checkpoint shards:   0%|          | 0/4 [00:00<?, ?it/s]
[36m(WorkerDict pid=1100580)[0m Loading checkpoint shards:  25%|██▌       | 1/4 [00:01<00:05,  1.88s/it]
[36m(WorkerDict pid=1100580)[0m Loading checkpoint shards:  50%|█████     | 2/4 [00:03<00:03,  1.83s/it]
[36m(WorkerDict pid=1100580)[0m Loading checkpoint shards:  75%|███████▌  | 3/4 [00:05<00:01,  1.81s/it]
[36m(WorkerDict pid=1100580)[0m Loading checkpoint shards: 100%|██████████| 4/4 [00:07<00:00,  1.74s/it]Loading checkpoint shards: 100%|██████████| 4/4 [00:07<00:00,  1.78s/it]
[36m(WorkerDict pid=1100580)[0m /home/hyin66/micromamba/envs/verl/lib/python3.10/site-packages/torch/distributed/fsdp/_init_utils.py:430: UserWarning: FSDP is switching to use `NO_SHARD` instead of ShardingStrategy.FULL_SHARD since the world size is 1.
[36m(WorkerDict pid=1100580)[0m   warnings.warn(
[36m(WorkerDict pid=1100580)[0m /home/hyin66/micromamba/envs/verl/lib/python3.10/site-packages/torch/distributed/fsdp/fully_sharded_data_parallel.py:678: FutureWarning: FSDP.state_dict_type() and FSDP.set_state_dict_type() are being deprecated. Please use APIs, get_state_dict() and set_state_dict(), which can support different parallelisms, FSDP1, FSDP2, DDP. API doc: https://pytorch.org/docs/stable/distributed.checkpoint.html#torch.distributed.checkpoint.state_dict.get_state_dict .Tutorial: https://pytorch.org/tutorials/recipes/distributed_checkpoint_recipe.html .
[36m(WorkerDict pid=1100580)[0m   warnings.warn(
[36m(WorkerDict pid=1100580)[0m Loading checkpoint shards:   0%|          | 0/4 [00:00<?, ?it/s]
[36m(WorkerDict pid=1100580)[0m Loading checkpoint shards:  25%|██▌       | 1/4 [00:01<00:05,  1.83s/it]
[36m(WorkerDict pid=1100580)[0m Loading checkpoint shards:  50%|█████     | 2/4 [00:03<00:03,  1.77s/it]
[36m(WorkerDict pid=1100580)[0m Loading checkpoint shards:  75%|███████▌  | 3/4 [00:05<00:01,  1.74s/it]
[36m(WorkerDict pid=1100580)[0m Loading checkpoint shards: 100%|██████████| 4/4 [00:06<00:00,  1.68s/it]Loading checkpoint shards: 100%|██████████| 4/4 [00:06<00:00,  1.71s/it]
[36m(WorkerDict pid=1100580)[0m /home/hyin66/micromamba/envs/verl/lib/python3.10/site-packages/torch/distributed/fsdp/_init_utils.py:430: UserWarning: FSDP is switching to use `NO_SHARD` instead of ShardingStrategy.FULL_SHARD since the world size is 1.
[36m(WorkerDict pid=1100580)[0m   warnings.warn(
[36m(WorkerDict pid=1100580)[0m /home/hyin66/micromamba/envs/verl/lib/python3.10/site-packages/torch/distributed/fsdp/fully_sharded_data_parallel.py:678: FutureWarning: FSDP.state_dict_type() and FSDP.set_state_dict_type() are being deprecated. Please use APIs, get_state_dict() and set_state_dict(), which can support different parallelisms, FSDP1, FSDP2, DDP. API doc: https://pytorch.org/docs/stable/distributed.checkpoint.html#torch.distributed.checkpoint.state_dict.get_state_dict .Tutorial: https://pytorch.org/tutorials/recipes/distributed_checkpoint_recipe.html .
[36m(WorkerDict pid=1100580)[0m   warnings.warn(
[36m(vLLMHttpServer pid=1101338)[0m WARNING:2026-08-17 19:23:46,333:agent loop only support torch and npu profiler, got None
[36m(vLLMHttpServer pid=1101338)[0m INFO:2026-08-17 19:23:46,333:vLLMHttpServer, replica_rank: 0, node_rank: 0, CUDA_VISIBLE_DEVICES: 0, master_address: 10.233.74.156, master_port: 41849, data_parallel_rpc_port: 39277, data_parallel_master_port: 36591
[36m(vLLMHttpServer pid=1101338)[0m INFO:2026-08-17 19:23:46,342:override_generation_config: {'temperature': 1.0, 'top_k': -1, 'top_p': 1, 'repetition_penalty': 1.0, 'max_new_tokens': 512}
[36m(vLLMHttpServer pid=1101338)[0m INFO:2026-08-17 19:23:46,342:enable_sleep_mode: True
[36m(vLLMHttpServer pid=1101338)[0m `torch_dtype` is deprecated! Use `dtype` instead!
[36m(vLLMHttpServer pid=1101338)[0m [1;36m(Worker pid=1101664)[0;0m Capturing CUDA graphs (mixed prefill-decode, PIECEWISE):   0%|          | 0/67 [00:00<?, ?it/s]
[36m(vLLMHttpServer pid=1101338)[0m Capturing CUDA graphs (mixed prefill-decode, PIECEWISE):   6%|▌         | 4/67 [00:00<00:01, 39.30it/s]
[36m(vLLMHttpServer pid=1101338)[0m Capturing CUDA graphs (mixed prefill-decode, PIECEWISE):  12%|█▏        | 8/67 [00:00<00:01, 38.13it/s]
[36m(vLLMHttpServer pid=1101338)[0m Capturing CUDA graphs (mixed prefill-decode, PIECEWISE):  18%|█▊        | 12/67 [00:00<00:01, 38.85it/s]
[36m(vLLMHttpServer pid=1101338)[0m Capturing CUDA graphs (mixed prefill-decode, PIECEWISE):  25%|██▌       | 17/67 [00:00<00:01, 39.65it/s]
[36m(vLLMHttpServer pid=1101338)[0m Capturing CUDA graphs (mixed prefill-decode, PIECEWISE):  33%|███▎      | 22/67 [00:00<00:01, 42.17it/s]
[36m(vLLMHttpServer pid=1101338)[0m Capturing CUDA graphs (mixed prefill-decode, PIECEWISE):  40%|████      | 27/67 [00:00<00:00, 43.03it/s]
[36m(vLLMHttpServer pid=1101338)[0m Capturing CUDA graphs (mixed prefill-decode, PIECEWISE):  48%|████▊     | 32/67 [00:00<00:00, 43.86it/s]
[36m(vLLMHttpServer pid=1101338)[0m Capturing CUDA graphs (mixed prefill-decode, PIECEWISE):  55%|█████▌    | 37/67 [00:00<00:00, 44.80it/s]
[36m(vLLMHttpServer pid=1101338)[0m Capturing CUDA graphs (mixed prefill-decode, PIECEWISE):  63%|██████▎   | 42/67 [00:00<00:00, 44.86it/s]
[36m(vLLMHttpServer pid=1101338)[0m Capturing CUDA graphs (mixed prefill-decode, PIECEWISE):  70%|███████   | 47/67 [00:01<00:00, 44.75it/s]
[36m(vLLMHttpServer pid=1101338)[0m Capturing CUDA graphs (mixed prefill-decode, PIECEWISE):  78%|███████▊  | 52/67 [00:01<00:00, 45.16it/s]
[36m(vLLMHttpServer pid=1101338)[0m Capturing CUDA graphs (mixed prefill-decode, PIECEWISE):  85%|████████▌ | 57/67 [00:01<00:00, 44.85it/s]
[36m(vLLMHttpServer pid=1101338)[0m Capturing CUDA graphs (mixed prefill-decode, PIECEWISE):  94%|█████████▍| 63/67 [00:01<00:00, 46.63it/s]
[36m(vLLMHttpServer pid=1101338)[0m Capturing CUDA graphs (mixed prefill-decode, PIECEWISE): 100%|██████████| 67/67 [00:01<00:00, 44.45it/s]
[36m(vLLMHttpServer pid=1101338)[0m [1;36m(Worker pid=1101664)[0;0m Capturing CUDA graphs (decode, FULL):   0%|          | 0/67 [00:00<?, ?it/s]
[36m(vLLMHttpServer pid=1101338)[0m Capturing CUDA graphs (decode, FULL):   6%|▌         | 4/67 [00:00<00:01, 37.64it/s]
[36m(vLLMHttpServer pid=1101338)[0m Capturing CUDA graphs (decode, FULL):  13%|█▎        | 9/67 [00:00<00:01, 44.36it/s]
[36m(vLLMHttpServer pid=1101338)[0m Capturing CUDA graphs (decode, FULL):  22%|██▏       | 15/67 [00:00<00:01, 47.83it/s]
[36m(vLLMHttpServer pid=1101338)[0m Capturing CUDA graphs (decode, FULL):  31%|███▏      | 21/67 [00:00<00:00, 50.72it/s]
[36m(vLLMHttpServer pid=1101338)[0m Capturing CUDA graphs (decode, FULL):  40%|████      | 27/67 [00:00<00:00, 53.84it/s]
[36m(vLLMHttpServer pid=1101338)[0m Capturing CUDA graphs (decode, FULL):  51%|█████     | 34/67 [00:00<00:00, 57.44it/s]
[36m(vLLMHttpServer pid=1101338)[0m Capturing CUDA graphs (decode, FULL):  61%|██████    | 41/67 [00:00<00:00, 61.13it/s]
[36m(vLLMHttpServer pid=1101338)[0m Capturing CUDA graphs (decode, FULL):  73%|███████▎  | 49/67 [00:00<00:00, 65.08it/s]
[36m(vLLMHttpServer pid=1101338)[0m Capturing CUDA graphs (decode, FULL):  85%|████████▌ | 57/67 [00:00<00:00, 68.63it/s]
[36m(vLLMHttpServer pid=1101338)[0m Capturing CUDA graphs (decode, FULL):  99%|█████████▊| 66/67 [00:01<00:00, 72.65it/s]Capturing CUDA graphs (decode, FULL): 100%|██████████| 67/67 [00:01<00:00, 62.04it/s]
[36m(vLLMHttpServer pid=1101338)[0m INFO:2026-08-17 19:24:52,942:Initializing a V1 LLM engine with config: model='Qwen/Qwen2.5-7B-Instruct', speculative_config=None, tokenizer='Qwen/Qwen2.5-7B-Instruct', skip_tokenizer_init=False, tokenizer_mode=auto, revision=None, tokenizer_revision=None, trust_remote_code=False, dtype=torch.bfloat16, max_seq_len=32768, download_dir=None, load_format=dummy, tensor_parallel_size=1, pipeline_parallel_size=1, data_parallel_size=1, disable_custom_all_reduce=False, quantization=None, enforce_eager=False, kv_cache_dtype=auto, device_config=cuda, structured_outputs_config=StructuredOutputsConfig(backend='auto', disable_fallback=False, disable_any_whitespace=False, disable_additional_properties=False, reasoning_parser=''), observability_config=ObservabilityConfig(show_hidden_metrics_for_version=None, otlp_traces_endpoint=None, collect_detailed_traces=None), seed=0, served_model_name=Qwen/Qwen2.5-7B-Instruct, enable_prefix_caching=True, chunked_prefill_enabled=True, pooler_config=None, compilation_config={"level":3,"debug_dump_path":"","cache_dir":"","backend":"","custom_ops":[],"splitting_ops":["vllm.unified_attention","vllm.unified_attention_with_output","vllm.mamba_mixer2","vllm.mamba_mixer","vllm.short_conv","vllm.linear_attention","vllm.plamo2_mamba_mixer","vllm.gdn_attention","vllm.sparse_attn_indexer"],"use_inductor":true,"compile_sizes":[],"inductor_compile_config":{"enable_auto_functionalized_v2":false},"inductor_passes":{},"cudagraph_mode":[2,1],"use_cudagraph":true,"cudagraph_num_of_warmups":1,"cudagraph_capture_sizes":[512,504,496,488,480,472,464,456,448,440,432,424,416,408,400,392,384,376,368,360,352,344,336,328,320,312,304,296,288,280,272,264,256,248,240,232,224,216,208,200,192,184,176,168,160,152,144,136,128,120,112,104,96,88,80,72,64,56,48,40,32,24,16,8,4,2,1],"cudagraph_copy_inputs":false,"full_cuda_graph":false,"use_inductor_graph_partition":false,"pass_config":{},"max_capture_size":512,"local_cache_dir":null}
[36m(WorkerDict pid=1100580)[0m /home/hyin66/micromamba/envs/verl/lib/python3.10/site-packages/torch/distributed/fsdp/_state_dict_utils.py:763: UserWarning: When using ``NO_SHARD`` for ``ShardingStrategy``, full_state_dict will be returned.
[36m(WorkerDict pid=1100580)[0m   warnings.warn(
[36m(WorkerDict pid=1100580)[0m /home/hyin66/micromamba/envs/verl/lib/python3.10/site-packages/torch/distributed/fsdp/_state_dict_utils.py:701: UserWarning: When using ``NO_SHARD`` for ``ShardingStrategy``, full_state_dict will be returned.
[36m(WorkerDict pid=1100580)[0m   warnings.warn(
[36m(WorkerDict pid=1100580)[0m INFO:2026-08-17 19:24:55,138:update_weights done, time cost: 0.55s
[36m(TaskRunner pid=1100293)[0m Training Progress:   0%|          | 0/400 [00:00<?, ?it/s]
[36m(AgentLoopWorker pid=1102120)[0m You're using a Qwen2TokenizerFast tokenizer. Please note that with a fast tokenizer, using the `__call__` method is faster than using a method to encode the text followed by a call to the `pad` method to get a padded encoding.
[36m(TaskRunner pid=1100293)[0m                                                                      'temperature': 1.0,
[36m(TaskRunner pid=1100293)[0m                                                                      'tensor_model_parallel_size': 2},
[36m(TaskRunner pid=1100293)[0m                                                        'key': None,
[36m(TaskRunner pid=1100293)[0m                                                        'model_path': None,
[36m(TaskRunner pid=1100293)[0m                                                        'num_replicas': 0}}},
[36m(TaskRunner pid=1100293)[0m  'global_profiler': {'_target_': 'verl.utils.profiler.ProfilerConfig',
[36m(TaskRunner pid=1100293)[0m                      'global_tool_config': {'nsys': {'_target_': 'verl.utils.profiler.config.NsightToolConfig',
[36m(TaskRunner pid=1100293)[0m                                                      'controller_nsight_options': {'cuda-graph-trace': 'graph',
[36m(TaskRunner pid=1100293)[0m                                                                                    'cuda-memory-usage': 'true',
[36m(TaskRunner pid=1100293)[0m                                                                                    'trace': 'cuda,nvtx,cublas,ucx'},
[36m(TaskRunner pid=1100293)[0m                                                      'discrete': False,
[36m(TaskRunner pid=1100293)[0m                                                      'worker_nsight_options': {'capture-range': 'cudaProfilerApi',
[36m(TaskRunner pid=1100293)[0m                                                                                'capture-range-end': None,
[36m(TaskRunner pid=1100293)[0m                                                                                'cuda-graph-trace': 'graph',
[36m(TaskRunner pid=1100293)[0m                                                                                'cuda-memory-usage': 'true',
[36m(TaskRunner pid=1100293)[0m                                                                                'kill': 'none',
[36m(TaskRunner pid=1100293)[0m                                                                                'trace': 'cuda,nvtx,cublas,ucx'}},
[36m(TaskRunner pid=1100293)[0m                                             'precision_debugger': {'_target_': 'verl.utils.profiler.config.PrecisionDebuggerToolConfig',
[36m(TaskRunner pid=1100293)[0m                                                                    'config_path': None,
[36m(TaskRunner pid=1100293)[0m                                                                    'stages': None,
[36m(TaskRunner pid=1100293)[0m                                                                    'steps': None,
[36m(TaskRunner pid=1100293)[0m                                                                    'strict': False},
[36m(TaskRunner pid=1100293)[0m                                             'torch_memory': {'context': 'all',
[36m(TaskRunner pid=1100293)[0m                                                              'kw_args': {},
[36m(TaskRunner pid=1100293)[0m                                                              'stack_depth': 32,
[36m(TaskRunner pid=1100293)[0m                                                              'stacks': 'all',
[36m(TaskRunner pid=1100293)[0m                                                              'trace_alloc_max_entries': 100000}},
[36m(TaskRunner pid=1100293)[0m                      'profile_continuous_steps': False,
[36m(TaskRunner pid=1100293)[0m                      'save_path': 'outputs/profile',
[36m(TaskRunner pid=1100293)[0m                      'steps': None,
[36m(TaskRunner pid=1100293)[0m                      'tool': None},
[36m(TaskRunner pid=1100293)[0m  'model_engine': 'dp',
[36m(TaskRunner pid=1100293)[0m  'ray_kwargs': {'ray_init': {'num_cpus': None}, 'timeline_json_file': None},
[36m(TaskRunner pid=1100293)[0m  'reward': {'_target_': 'verl.workers.config.RewardConfig',
[36m(TaskRunner pid=1100293)[0m             'custom_reward_function': {'name': 'verl_compute_score',
[36m(TaskRunner pid=1100293)[0m                                        'path': '/home/hyin66/es-fine-tuning-paper/experiments/2026-08-08_momentum_axis/es_bench/shared_reward.py'},
[36m(TaskRunner pid=1100293)[0m             'num_workers': 8,
[36m(TaskRunner pid=1100293)[0m             'reward_manager': {'_target_': 'verl.workers.config.reward.RewardManagerConfig',
[36m(TaskRunner pid=1100293)[0m                                'module': {'_target_': 'verl.trainer.config.config.ModuleConfig',
[36m(TaskRunner pid=1100293)[0m                                           'name': 'custom_reward_manager',
[36m(TaskRunner pid=1100293)[0m                                           'path': None},
[36m(TaskRunner pid=1100293)[0m                                'name': 'naive',
[36m(TaskRunner pid=1100293)[0m                                'source': 'register'},
[36m(TaskRunner pid=1100293)[0m             'reward_model': {'_target_': 'verl.workers.config.RewardModelConfig',
[36m(TaskRunner pid=1100293)[0m                              'enable': False,
[36m(TaskRunner pid=1100293)[0m                              'enable_resource_pool': False,
[36m(TaskRunner pid=1100293)[0m                              'model_path': None,
[36m(TaskRunner pid=1100293)[0m                              'n_gpus_per_node': 8,
[36m(TaskRunner pid=1100293)[0m                              'nnodes': 0,
[36m(TaskRunner pid=1100293)[0m                              'rollout': {'_target_': 'verl.workers.config.RolloutConfig',
[36m(TaskRunner pid=1100293)[0m                                          'cudagraph_capture_sizes': None,
[36m(TaskRunner pid=1100293)[0m                                          'data_parallel_size': 1,
[36m(TaskRunner pid=1100293)[0m                                          'disable_log_stats': True,
[36m(TaskRunner pid=1100293)[0m                                          'disaggregation': {'bootstrap_port': None,
[36m(TaskRunner pid=1100293)[0m                                                             'decode_replicas': 1,
[36m(TaskRunner pid=1100293)[0m                                                             'decode_tensor_model_parallel_size': None,
[36m(TaskRunner pid=1100293)[0m                                                             'enabled': False,
[36m(TaskRunner pid=1100293)[0m                                                             'ib_device': None,
[36m(TaskRunner pid=1100293)[0m                                                             'prefill_replicas': 1,
[36m(TaskRunner pid=1100293)[0m                                                             'transfer_backend': 'nixl'},
[36m(TaskRunner pid=1100293)[0m                                          'do_sample': True,
[36m(TaskRunner pid=1100293)[0m                                          'dtype': 'bfloat16',
[36m(TaskRunner pid=1100293)[0m                                          'enable_chunked_prefill': True,
[36m(TaskRunner pid=1100293)[0m                                          'enable_prefix_caching': True,
[36m(TaskRunner pid=1100293)[0m                                          'enforce_eager': True,
[36m(TaskRunner pid=1100293)[0m                                          'engine_kwargs': {},
[36m(TaskRunner pid=1100293)[0m                                          'expert_parallel_size': 1,
[36m(TaskRunner pid=1100293)[0m                                          'free_cache_engine': True,
[36m(TaskRunner pid=1100293)[0m                                          'gpu_memory_utilization': 0.5,
[36m(TaskRunner pid=1100293)[0m                                          'ignore_eos': False,
[36m(TaskRunner pid=1100293)[0m                                          'layered_summon': False,
[36m(TaskRunner pid=1100293)[0m                                          'limit_images': None,
[36m(TaskRunner pid=1100293)[0m                                          'load_format': 'auto',
[36m(TaskRunner pid=1100293)[0m                                          'max_model_len': None,
[36m(TaskRunner pid=1100293)[0m                                          'max_num_batched_tokens': 8192,
[36m(TaskRunner pid=1100293)[0m                                          'max_num_seqs': 1024,
[36m(TaskRunner pid=1100293)[0m                                          'mtp': None,
[36m(TaskRunner pid=1100293)[0m                                          'multi_stage_wake_up': False,
[36m(TaskRunner pid=1100293)[0m                                          'n': 1,
[36m(TaskRunner pid=1100293)[0m                                          'name': '???',
[36m(TaskRunner pid=1100293)[0m                                          'pipeline_model_parallel_size': 1,
[36m(TaskRunner pid=1100293)[0m                                          'prompt_length': 2048,
[36m(TaskRunner pid=1100293)[0m                                          'quantization': None,
[36m(TaskRunner pid=1100293)[0m                                          'quantization_config_file': None,
[36m(TaskRunner pid=1100293)[0m                                          'response_length': 2048,
[36m(TaskRunner pid=1100293)[0m                                          'scheduling_policy': 'fcfs',
[36m(TaskRunner pid=1100293)[0m                                          'skip_tokenizer_init': False,
[36m(TaskRunner pid=1100293)[0m                                          'temperature': 1.0,
[36m(TaskRunner pid=1100293)[0m                                          'tensor_model_parallel_size': 2,
[36m(TaskRunner pid=1100293)[0m                                          'top_k': -1,
[36m(TaskRunner pid=1100293)[0m                                          'top_p': 1}},
[36m(TaskRunner pid=1100293)[0m             'sandbox_fusion': {'_target_': 'verl.workers.config.SandboxFusionConfig',
[36m(TaskRunner pid=1100293)[0m                                'max_concurrent': 64,
[36m(TaskRunner pid=1100293)[0m                                'memory_limit_mb': 1024,
[36m(TaskRunner pid=1100293)[0m                                'url': None}},
[36m(TaskRunner pid=1100293)[0m  'trainer': {'balance_batch': True,
[36m(TaskRunner pid=1100293)[0m              'critic_warmup': 0,
[36m(TaskRunner pid=1100293)[0m              'default_hdfs_dir': None,
[36m(TaskRunner pid=1100293)[0m              'default_local_dir': '/tmp/grpo_math_grpo_math_gen400_qwen25_7b_instruct',
[36m(TaskRunner pid=1100293)[0m              'del_local_ckpt_after_load': False,
[36m(TaskRunner pid=1100293)[0m              'device': 'cuda',
[36m(TaskRunner pid=1100293)[0m              'esi_redundant_time': 0,
[36m(TaskRunner pid=1100293)[0m              'experiment_name': 'gsm8k',
[36m(TaskRunner pid=1100293)[0m              'log_val_generations': 0,
[36m(TaskRunner pid=1100293)[0m              'logger': ['console'],
[36m(TaskRunner pid=1100293)[0m              'max_actor_ckpt_to_keep': None,
[36m(TaskRunner pid=1100293)[0m              'max_critic_ckpt_to_keep': None,
[36m(TaskRunner pid=1100293)[0m              'n_gpus_per_node': 1,
[36m(TaskRunner pid=1100293)[0m              'nnodes': 1,
[36m(TaskRunner pid=1100293)[0m              'project_name': 'verl_examples',
[36m(TaskRunner pid=1100293)[0m              'ray_wait_register_center_timeout': 300,
[36m(TaskRunner pid=1100293)[0m              'resume_from_path': None,
[36m(TaskRunner pid=1100293)[0m              'resume_mode': 'auto',
[36m(TaskRunner pid=1100293)[0m              'rollout_data_dir': None,
[36m(TaskRunner pid=1100293)[0m              'save_freq': 400,
[36m(TaskRunner pid=1100293)[0m              'test_freq': -1,
[36m(TaskRunner pid=1100293)[0m              'total_epochs': 1000,
[36m(TaskRunner pid=1100293)[0m              'total_training_steps': 400,
[36m(TaskRunner pid=1100293)[0m              'val_before_train': False,
[36m(TaskRunner pid=1100293)[0m              'val_only': False,
[36m(TaskRunner pid=1100293)[0m              'validation_data_dir': None},
[36m(TaskRunner pid=1100293)[0m  'transfer_queue': {'backend': {'MooncakeStore': {'auto_init': False,
[36m(TaskRunner pid=1100293)[0m                                                   'device_name': '',
[36m(TaskRunner pid=1100293)[0m                                                   'global_segment_size': 4294967296,
[36m(TaskRunner pid=1100293)[0m                                                   'local_buffer_size': 1073741824,
[36m(TaskRunner pid=1100293)[0m                                                   'local_hostname': 'localhost',
[36m(TaskRunner pid=1100293)[0m                                                   'master_server_address': 'localhost:50124',
[36m(TaskRunner pid=1100293)[0m                                                   'metadata_server': 'localhost:50123',
[36m(TaskRunner pid=1100293)[0m                                                   'protocol': 'tcp'},
[36m(TaskRunner pid=1100293)[0m                                 'SimpleStorage': {'num_data_storage_units': 8,
[36m(TaskRunner pid=1100293)[0m                                                   'total_storage_size': 100000},
[36m(TaskRunner pid=1100293)[0m                                 'storage_backend': 'SimpleStorage'},
[36m(TaskRunner pid=1100293)[0m                     'enable': False,
[36m(TaskRunner pid=1100293)[0m                     'metrics': {'enabled': False, 'port': 0}}}
[36m(TaskRunner pid=1100293)[0m [validate_config] All configuration checks passed successfully!
[36m(TaskRunner pid=1100293)[0m Using dataset class: RLHFDataset
[36m(TaskRunner pid=1100293)[0m dataset len: 2000
[36m(TaskRunner pid=1100293)[0m filter dataset len: 2000
[36m(TaskRunner pid=1100293)[0m Using dataset class: RLHFDataset
[36m(TaskRunner pid=1100293)[0m dataset len: 200
[36m(TaskRunner pid=1100293)[0m filter dataset len: 200
[36m(TaskRunner pid=1100293)[0m Size of train dataloader: 250, Size of val dataloader: 1
[36m(TaskRunner pid=1100293)[0m Total training steps: 400
[36m(TaskRunner pid=1100293)[0m colocated worker base class <class 'verl.single_controller.base.worker.Worker'>
[36m(WorkerDict pid=1100580)[0m [Gloo] Rank 0 is connected to 0 peer ranks. Expected number of connected peer ranks is : 0
[36m(WorkerDict pid=1100580)[0m Warning: Failed to set NUMA affinity: libnuma.so: cannot open shared object file: No such file or directory
[36m(WorkerDict pid=1100580)[0m Monkey patch _flash_attention_forward in transformers.integrations.flash_attention
[36m(WorkerDict pid=1100580)[0m Skipping monkey patch for Qwen2ForCausalLM as use_fused_kernels is False or fused_kernels_backend is torch
[36m(WorkerDict pid=1100580)[0m Qwen2ForCausalLM contains 7.62B parameters
[36m(WorkerDict pid=1100580)[0m Before FSDP, memory allocated (GB): 0.00, memory reserved (GB): 0.00, device memory used/total (GB): 0.51/139.80
[36m(WorkerDict pid=1100580)[0m After FSDP, memory allocated (GB): 28.40, memory reserved (GB): 37.77, device memory used/total (GB): 38.92/139.80
[36m(WorkerDict pid=1100580)[0m Warning: Failed to set NUMA affinity: libnuma.so: cannot open shared object file: No such file or directory
[36m(WorkerDict pid=1100580)[0m Monkey patch _flash_attention_forward in transformers.integrations.flash_attention
[36m(WorkerDict pid=1100580)[0m Skipping monkey patch for Qwen2ForCausalLM as use_fused_kernels is False or fused_kernels_backend is torch
[36m(WorkerDict pid=1100580)[0m Qwen2ForCausalLM contains 7.62B parameters
[36m(WorkerDict pid=1100580)[0m Before FSDP, memory allocated (GB): 28.40, memory reserved (GB): 37.77, device memory used/total (GB): 38.92/139.80
[36m(WorkerDict pid=1100580)[0m After FSDP, memory allocated (GB): 56.79, memory reserved (GB): 67.34, device memory used/total (GB): 68.49/139.80
[36m(WorkerDict pid=1100580)[0m Total steps: 400, num_warmup_steps: 0
[36m(WorkerDict pid=1100580)[0m NCCL version 2.27.3+cuda12.9
[36m(WorkerDict pid=1100580)[0m [Gloo] Rank 0 is connected to 0 peer ranks. Expected number of connected peer ranks is : 0
[36m(WorkerDict pid=1100580)[0m [Gloo] Rank 0 is connected to 0 peer ranks. Expected number of connected peer ranks is : 0
[36m(WorkerDict pid=1100580)[0m [Gloo] Rank 0 is connected to 0 peer ranks. Expected number of connected peer ranks is : 0
[36m(TaskRunner pid=1100293)[0m WARNING 08-17 19:23:18 [api_server.py:1213] LoRA dynamic loading & unloading is enabled in the API server. This should ONLY be used for local development!
[36m(pid=1101338)[0m WARNING 08-17 19:23:44 [api_server.py:1213] LoRA dynamic loading & unloading is enabled in the API server. This should ONLY be used for local development!
[36m(vLLMHttpServer pid=1101338)[0m ['serve',
[36m(vLLMHttpServer pid=1101338)[0m  'Qwen/Qwen2.5-7B-Instruct',
[36m(vLLMHttpServer pid=1101338)[0m  '--dtype',
[36m(vLLMHttpServer pid=1101338)[0m  'bfloat16',
[36m(vLLMHttpServer pid=1101338)[0m  '--load_format',
[36m(vLLMHttpServer pid=1101338)[0m  'dummy',
[36m(vLLMHttpServer pid=1101338)[0m  '--distributed_executor_backend',
[36m(vLLMHttpServer pid=1101338)[0m  'mp',
[36m(vLLMHttpServer pid=1101338)[0m  '--worker_extension_cls',
[36m(vLLMHttpServer pid=1101338)[0m  'verl.workers.rollout.vllm_rollout.utils.vLLMColocateWorkerExtension',
[36m(vLLMHttpServer pid=1101338)[0m  '--max_model_len',
[36m(vLLMHttpServer pid=1101338)[0m  '32768',
[36m(vLLMHttpServer pid=1101338)[0m  '--max_num_seqs',
[36m(vLLMHttpServer pid=1101338)[0m  '1024',
[36m(vLLMHttpServer pid=1101338)[0m  '--enable_chunked_prefill',
[36m(vLLMHttpServer pid=1101338)[0m  '--max_num_batched_tokens',
[36m(vLLMHttpServer pid=1101338)[0m  '8192',
[36m(vLLMHttpServer pid=1101338)[0m  '--enable_prefix_caching',
[36m(vLLMHttpServer pid=1101338)[0m  '--enable_sleep_mode',
[36m(vLLMHttpServer pid=1101338)[0m  '--logprobs_mode',
[36m(vLLMHttpServer pid=1101338)[0m  'processed_logprobs',
[36m(vLLMHttpServer pid=1101338)[0m  '--gpu_memory_utilization',
[36m(vLLMHttpServer pid=1101338)[0m  '0.5',
[36m(vLLMHttpServer pid=1101338)[0m  '--disable_log_stats',
[36m(vLLMHttpServer pid=1101338)[0m  '--tensor_parallel_size',
[36m(vLLMHttpServer pid=1101338)[0m  '1',
[36m(vLLMHttpServer pid=1101338)[0m  '--seed',
[36m(vLLMHttpServer pid=1101338)[0m  '0',
[36m(vLLMHttpServer pid=1101338)[0m  '--override_generation_config',
[36m(vLLMHttpServer pid=1101338)[0m  '{"temperature": 1.0, "top_k": -1, "top_p": 1, "repetition_penalty": 1.0, '
[36m(vLLMHttpServer pid=1101338)[0m  '"max_new_tokens": 512}',
[36m(vLLMHttpServer pid=1101338)[0m  '--hf_overrides',
[36m(vLLMHttpServer pid=1101338)[0m  '{}',
[36m(vLLMHttpServer pid=1101338)[0m  '--scheduling_policy',
[36m(vLLMHttpServer pid=1101338)[0m  'fcfs',
[36m(vLLMHttpServer pid=1101338)[0m  '--compilation_config',
[36m(vLLMHttpServer pid=1101338)[0m  '{"cudagraph_mode": "FULL_AND_PIECEWISE"}']
[36m(vLLMHttpServer pid=1101338)[0m WARNING 08-17 19:23:47 [__init__.py:3036] We must use the `spawn` multiprocessing start method. Overriding VLLM_WORKER_MULTIPROC_METHOD to 'spawn'. See https://docs.vllm.ai/en/latest/usage/troubleshooting.html#python-multiprocessing for more information. Reasons: In a Ray actor and can only be spawned; CUDA is initialized
[36m(vLLMHttpServer pid=1101338)[0m [Gloo] Rank 0 is connected to 0 peer ranks. Expected number of connected peer ranks is : 0
[36m(vLLMHttpServer pid=1101338)[0m [Gloo] Rank 0 is connected to 0 peer ranks. Expected number of connected peer ranks is : 0
[36m(vLLMHttpServer pid=1101338)[0m [Gloo] Rank 0 is connected to 0 peer ranks. Expected number of connected peer ranks is : 0
[36m(vLLMHttpServer pid=1101338)[0m [Gloo] Rank 0 is connected to 0 peer ranks. Expected number of connected peer ranks is : 0
[36m(vLLMHttpServer pid=1101338)[0m [Gloo] Rank 0 is connected to 0 peer ranks. Expected number of connected peer ranks is : 0
[36m(vLLMHttpServer pid=1101338)[0m [Gloo] Rank 0 is connected to 0 peer ranks. Expected number of connected peer ranks is : 0
[36m(vLLMHttpServer pid=1101338)[0m WARNING 08-17 19:24:52 [model.py:1389] Default sampling parameters have been overridden by the model's Hugging Face generation config recommended from the model creator. If this is not intended, please relaunch vLLM instance with `--generation-config vllm`.
[36m(TaskRunner pid=1100293)[0m LLMServerManager: ['10.233.74.156:42893']
[36m(TaskRunner pid=1100293)[0m Checkpoint tracker file does not exist: /tmp/grpo_math_grpo_math_gen400_qwen25_7b_instruct/latest_checkpointed_iteration.txt
[36m(TaskRunner pid=1100293)[0m Training from scratch
[36m(WorkerDict pid=1100580)[0m WARNING 08-17 19:24:54 [api_server.py:1213] LoRA dynamic loading & unloading is enabled in the API server. This should ONLY be used for local development!
[36m(AgentLoopWorker pid=1102114)[0m Using dataset class: RLHFDataset
[36m(GlobalRequestLoadBalancer pid=1102117)[0m WARNING 08-17 19:25:19 [api_server.py:1213] LoRA dynamic loading & unloading is enabled in the API server. This should ONLY be used for local development!
[36m(AgentLoopWorker pid=1102122)[0m Using dataset class: RLHFDataset[32m [repeated 7x across cluster] (Ray deduplicates logs by default. Set RAY_DEDUP_LOGS=0 to disable log deduplication, or see https://docs.ray.io/en/master/ray-observability/user-guides/configure-logging.html#log-deduplication for more options.)[0m
[36m(AgentLoopWorker pid=1102114)[0m WARNING 08-17 19:25:27 [api_server.py:1213] LoRA dynamic loading & unloading is enabled in the API server. This should ONLY be used for local development!
[36m(AgentLoopWorker pid=1102115)[0m WARNING 08-17 19:25:27 [api_server.py:1213] LoRA dynamic loading & unloading is enabled in the API server. This should ONLY be used for local development!
Error executing job with overrides: ['algorithm.adv_estimator=grpo', 'data.train_files=axis_probe/grpo/data_math_qwen25_7b_instruct/train.parquet', 'data.val_files=axis_probe/grpo/data_math_qwen25_7b_instruct/val.parquet', 'data.train_batch_size=8', 'data.max_prompt_length=2048', 'data.max_response_length=512', 'data.reward_fn_key=data_source', 'data.filter_overlong_prompts=True', 'data.truncation=right', 'actor_rollout_ref.model.path=Qwen/Qwen2.5-7B-Instruct', 'actor_rollout_ref.model.enable_gradient_checkpointing=True', 'actor_rollout_ref.actor.strategy=fsdp', 'actor_rollout_ref.actor.optim.lr=1e-6', 'actor_rollout_ref.actor.ppo_mini_batch_size=8', 'actor_rollout_ref.actor.ppo_micro_batch_size_per_gpu=4', 'actor_rollout_ref.actor.use_kl_loss=True', 'actor_rollout_ref.actor.kl_loss_coef=0.001', 'actor_rollout_ref.rollout.name=vllm', 'actor_rollout_ref.rollout.n=8', 'actor_rollout_ref.rollout.tensor_model_parallel_size=1', 'actor_rollout_ref.rollout.gpu_memory_utilization=0.5', 'actor_rollout_ref.rollout.log_prob_micro_batch_size_per_gpu=4', 'actor_rollout_ref.ref.log_prob_micro_batch_size_per_gpu=4', 'custom_reward_function.path=/home/hyin66/es-fine-tuning-paper/experiments/2026-08-08_momentum_axis/es_bench/shared_reward.py', 'custom_reward_function.name=verl_compute_score', 'trainer.logger=[console]', 'trainer.n_gpus_per_node=1', 'trainer.nnodes=1', 'trainer.default_local_dir=/tmp/grpo_math_grpo_math_gen400_qwen25_7b_instruct', 'trainer.save_freq=400', 'trainer.test_freq=-1', 'trainer.val_before_train=False', 'trainer.total_epochs=1000', 'trainer.total_training_steps=400']
Traceback (most recent call last):
  File "/home/hyin66/micromamba/envs/verl/lib/python3.10/site-packages/verl/trainer/main_ppo.py", line 48, in main
    run_ppo(config)
[36m(TaskRunner pid=1100293)[0m Training Progress:   0%|          | 0/400 [01:28<?, ?it/s]
  File "/home/hyin66/micromamba/envs/verl/lib/python3.10/site-packages/verl/trainer/main_ppo.py", line 102, in run_ppo
    ray.get(runner.run.remote(config))
  File "/home/hyin66/micromamba/envs/verl/lib/python3.10/site-packages/ray/_private/auto_init_hook.py", line 22, in auto_init_wrapper
    return fn(*args, **kwargs)
[36m(AgentLoopWorker pid=1102122)[0m You're using a Qwen2TokenizerFast tokenizer. Please note that with a fast tokenizer, using the `__call__` method is faster than using a method to encode the text followed by a call to the `pad` method to get a padded encoding.[32m [repeated 7x across cluster][0m
  File "/home/hyin66/micromamba/envs/verl/lib/python3.10/site-packages/ray/_private/client_mode_hook.py", line 110, in wrapper
    return func(*args, **kwargs)
  File "/home/hyin66/micromamba/envs/verl/lib/python3.10/site-packages/ray/_private/worker.py", line 2968, in get
    values, debugger_breakpoint = worker.get_objects(
  File "/home/hyin66/micromamba/envs/verl/lib/python3.10/site-packages/ray/_private/worker.py", line 1050, in get_objects
    raise value.as_instanceof_cause()
ray.exceptions.RayTaskError(OutOfMemoryError): [36mray::TaskRunner.run()[39m (pid=1100293, ip=10.233.74.156, actor_id=95e96ad1f8c3f043baff3d9401000000, repr=<main_ppo.TaskRunner object at 0x7259e3211cc0>)
  File "/home/hyin66/micromamba/envs/verl/lib/python3.10/site-packages/verl/trainer/main_ppo.py", line 315, in run
    trainer.fit()
  File "/home/hyin66/micromamba/envs/verl/lib/python3.10/site-packages/verl/trainer/ppo/ray_trainer.py", line 1649, in fit
    actor_output = self._update_actor(batch)
  File "/home/hyin66/micromamba/envs/verl/lib/python3.10/site-packages/verl/trainer/ppo/ray_trainer.py", line 1326, in _update_actor
    actor_output = self.actor_rollout_wg.update_actor(batch_td)
  File "/home/hyin66/micromamba/envs/verl/lib/python3.10/site-packages/verl/single_controller/ray/base.py", line 55, in __call__
    output = ray.get(output)
ray.exceptions.RayTaskError(OutOfMemoryError): [36mray::WorkerDict.actor_rollout_ref_update_actor()[39m (pid=1100580, ip=10.233.74.156, actor_id=77ff50c46ff0ae2a261932e201000000, repr=<verl.single_controller.ray.base.WorkerDict object at 0x75f62dba5450>)
  File "/home/hyin66/micromamba/envs/verl/lib/python3.10/concurrent/futures/_base.py", line 458, in result
    return self.__get_result()
  File "/home/hyin66/micromamba/envs/verl/lib/python3.10/concurrent/futures/_base.py", line 403, in __get_result
    raise self._exception
  File "/home/hyin66/micromamba/envs/verl/lib/python3.10/site-packages/verl/single_controller/ray/base.py", line 937, in func
    return getattr(self.worker_dict[key], name)(*args, **kwargs)
  File "/home/hyin66/micromamba/envs/verl/lib/python3.10/site-packages/verl/single_controller/base/decorator.py", line 431, in inner
    return func(*args, **kwargs)
  File "/home/hyin66/micromamba/envs/verl/lib/python3.10/site-packages/verl/utils/transferqueue_utils.py", line 329, in inner
    return func(*args, **kwargs)
  File "/home/hyin66/micromamba/envs/verl/lib/python3.10/site-packages/verl/utils/profiler/profile.py", line 183, in wrapper
    return func(self_instance, *args, **kwargs_inner)
  File "/home/hyin66/micromamba/envs/verl/lib/python3.10/site-packages/verl/workers/engine_workers.py", line 69, in wrapper
    return func(self, data, *args, **kwargs)
  File "/home/hyin66/micromamba/envs/verl/lib/python3.10/site-packages/verl/workers/engine_workers.py", line 653, in update_actor
    output = self.actor.train_mini_batch(data=data)
  File "/home/hyin66/micromamba/envs/verl/lib/python3.10/site-packages/verl/single_controller/base/decorator.py", line 431, in inner
    return func(*args, **kwargs)
  File "/home/hyin66/micromamba/envs/verl/lib/python3.10/site-packages/verl/utils/transferqueue_utils.py", line 329, in inner
    return func(*args, **kwargs)
  File "/home/hyin66/micromamba/envs/verl/lib/python3.10/site-packages/verl/workers/engine_workers.py", line 301, in train_mini_batch
    actor_output = self.train_batch(mini_batch_td)
  File "/home/hyin66/micromamba/envs/verl/lib/python3.10/site-packages/verl/single_controller/base/decorator.py", line 431, in inner
    return func(*args, **kwargs)
  File "/home/hyin66/micromamba/envs/verl/lib/python3.10/site-packages/verl/utils/transferqueue_utils.py", line 329, in inner
    return func(*args, **kwargs)
  File "/home/hyin66/micromamba/envs/verl/lib/python3.10/site-packages/verl/utils/profiler/profile.py", line 183, in wrapper
    return func(self_instance, *args, **kwargs_inner)
  File "/home/hyin66/micromamba/envs/verl/lib/python3.10/site-packages/verl/workers/engine_workers.py", line 350, in train_batch
    output = self.engine.train_batch(data, loss_function=self.loss_fn)
  File "/home/hyin66/micromamba/envs/verl/lib/python3.10/site-packages/verl/workers/engine/base.py", line 127, in train_batch
    grad_norm = self.optimizer_step()
  File "/home/hyin66/micromamba/envs/verl/lib/python3.10/site-packages/verl/workers/engine/fsdp/transformer_impl.py", line 704, in optimizer_step
    self.optimizer.step()
  File "/home/hyin66/micromamba/envs/verl/lib/python3.10/site-packages/torch/optim/lr_scheduler.py", line 133, in wrapper
    return func.__get__(opt, opt.__class__)(*args, **kwargs)
  File "/home/hyin66/micromamba/envs/verl/lib/python3.10/site-packages/torch/optim/optimizer.py", line 516, in wrapper
    out = func(*args, **kwargs)
  File "/home/hyin66/micromamba/envs/verl/lib/python3.10/site-packages/torch/optim/optimizer.py", line 81, in _use_grad
    ret = func(*args, **kwargs)
  File "/home/hyin66/micromamba/envs/verl/lib/python3.10/site-packages/torch/optim/adam.py", line 247, in step
    adam(
  File "/home/hyin66/micromamba/envs/verl/lib/python3.10/site-packages/torch/optim/optimizer.py", line 149, in maybe_fallback
    return func(*args, **kwargs)
  File "/home/hyin66/micromamba/envs/verl/lib/python3.10/site-packages/torch/optim/adam.py", line 949, in adam
    func(
  File "/home/hyin66/micromamba/envs/verl/lib/python3.10/site-packages/torch/optim/adam.py", line 773, in _multi_tensor_adam
    exp_avg_sq_sqrt = torch._foreach_sqrt(device_exp_avg_sqs)
torch.OutOfMemoryError: CUDA out of memory. Tried to allocate 890.00 MiB. GPU 0 has a total capacity of 139.80 GiB of which 671.12 MiB is free. Process 1400391 has 137.43 GiB memory in use. Process 1402718 has 1.56 GiB memory in use. Of the allocated memory 134.99 GiB is allocated by PyTorch, and 1.17 GiB is reserved by PyTorch but unallocated. If reserved but unallocated memory is large try setting PYTORCH_CUDA_ALLOC_CONF=expandable_segments:True to avoid fragmentation.  See documentation for Memory Management  (https://pytorch.org/docs/stable/notes/cuda.html#environment-variables)

Set the environment variable HYDRA_FULL_ERROR=1 for a complete stack trace.
[36m(AgentLoopWorker pid=1102119)[0m WARNING 08-17 19:25:27 [api_server.py:1213] LoRA dynamic loading & unloading is enabled in the API server. This should ONLY be used for local development![32m [repeated 6x across cluster][0m
