phase,timestamp,mem_used_mib
base,1787338197,3837
base,1787338207,117387
base,1787338217,123089
base,1787338227,123089
base,1787338237,123089
base,1787338247,123089
base,1787338257,123089
base,1787338267,123089
es_vanilla_s0,1787338298,5554
es_vanilla_s0,1787338308,234826
es_vanilla_s0,1787338318,247742
es_vanilla_s0,1787338328,247746
es_vanilla_s0,1787338338,247746
es_vanilla_s0,1787338348,247746
es_vanilla_s0,1787338358,247746
es_vanilla_s0,1787338368,247746
es_vanilla_s0,1787338378,247746
es_vanilla_s0,1787338388,247746
es_vanilla_s0,1787338399,247746
es_vanilla_s0,1787338409,247746
es_vanilla_s0,1787338419,247746
es_vanilla_s0,1787338429,247746
es_vanilla_s0,1787338439,247746
es_vanilla_s0,1787338449,247746
es_vanilla_s0,1787338459,247746
es_vanilla_s0,1787338469,247746
es_vanilla_s0,1787338479,247750
es_vanilla_s0,1787338489,247750
es_vanilla_s0,1787338499,247750
es_vanilla_s0,1787338510,247750
es_vanilla_s0,1787338520,247750
es_vanilla_s0,1787338530,247750
es_vanilla_s0,1787338540,247750
es_vanilla_s0,1787338550,247750
es_vanilla_s0,1787338560,247750
es_vanilla_s0,1787338570,247750
es_vanilla_s0,1787338580,247750
es_vanilla_s0,1787338590,247750
es_vanilla_s0,1787338600,247750
es_vanilla_s0,1787338611,247750
es_vanilla_s0,1787338621,247750
es_vanilla_s0,1787338631,247750
es_vanilla_s0,1787338641,247750
es_vanilla_s0,1787338651,247750
es_vanilla_s0,1787338661,247750
es_vanilla_s0,1787338671,247750
es_vanilla_s0,1787338681,247750
es_vanilla_s0,1787338691,247750
es_vanilla_s0,1787338701,247750
es_vanilla_s0,1787338712,247750
es_vanilla_s0,1787338722,247750
es_vanilla_s0,1787338732,247750
es_vanilla_s0,1787338742,247750
es_vanilla_s0,1787338752,247750
es_vanilla_s0,1787338762,247750
es_vanilla_s0,1787338772,247750
es_vanilla_s0,1787338782,247750
es_vanilla_s0,1787338792,247750
es_vanilla_s0,1787338802,247750
es_vanilla_s0,1787338813,247750
es_vanilla_s0,1787338823,247750
es_vanilla_s0,1787338833,247750
es_vanilla_s0,1787338843,247750
es_vanilla_s0,1787338853,247750
es_vanilla_s0,1787338863,247750
es_vanilla_s0,1787338873,247750
es_vanilla_s0,1787338883,247750
es_vanilla_s0,1787338893,247750
es_vanilla_s0,1787338903,247750
es_vanilla_s0,1787338914,247750
es_vanilla_s0,1787338924,247750
es_vanilla_s0,1787338934,247750
es_vanilla_s0,1787338944,247750
es_vanilla_s0,1787338954,247750
es_vanilla_s0,1787338964,247750
es_vanilla_s0,1787338974,247750
es_vanilla_s0,1787338984,247750
es_vanilla_s0,1787338994,247750
es_vanilla_s0,1787339004,247750
es_vanilla_s0,1787339014,247750
es_vanilla_s0,1787339025,247750
es_vanilla_s0,1787339035,247750
es_vanilla_s0,1787339045,247750
es_vanilla_s0,1787339055,247750
es_vanilla_s0,1787339065,247750
es_vanilla_s0,1787339075,247750
es_vanilla_s0,1787339085,247750
es_vanilla_s0,1787339095,247750
es_vanilla_s0,1787339105,247750
es_vanilla_s0,1787339115,247750
es_vanilla_s0,1787339126,247750
es_vanilla_s0,1787339136,247750
es_vanilla_s0,1787339146,247750
es_vanilla_s0,1787339156,247750
es_vanilla_s0,1787339166,247750
es_vanilla_s0,1787339176,247750
es_vanilla_s0,1787339186,247750
es_vanilla_s0,1787339196,247750
es_vanilla_s0,1787339206,247750
es_vanilla_s0,1787339216,247750
es_vanilla_s0,1787339227,247750
es_vanilla_s0,1787339237,247750
es_vanilla_s0,1787339247,247750
es_vanilla_s0,1787339257,247750
es_vanilla_s0,1787339267,247750
es_vanilla_s0,1787339277,247750
es_vanilla_s0,1787339287,247750
es_vanilla_s0,1787339297,247750
es_vanilla_s0,1787339307,247750
es_vanilla_s0,1787339317,247750
es_vanilla_s0,1787339327,247750
es_vanilla_s0,1787339338,247750
es_vanilla_s0,1787339348,247750
es_vanilla_s0,1787339358,247750
es_vanilla_s0,1787339368,247750
es_vanilla_s0,1787339378,247750
es_vanilla_s0,1787339388,247750
es_vanilla_s0,1787339398,247750
es_vanilla_s0,1787339408,247750
es_vanilla_s0,1787339418,247750
es_vanilla_s0,1787339428,247750
es_vanilla_s0,1787339439,247750
es_vanilla_s0,1787339449,247750
es_vanilla_s0,1787339459,247750
es_vanilla_s0,1787339469,247750
es_vanilla_s0,1787339479,247750
es_vanilla_s0,1787339489,247750
es_vanilla_s0,1787339499,247750
es_vanilla_s0,1787339509,247750
es_vanilla_s0,1787339519,247750
es_vanilla_s0,1787339529,247750
es_vanilla_s0,1787339539,247750
es_vanilla_s0,1787339550,247750
es_vanilla_s0,1787339560,247750
es_vanilla_s0,1787339570,247750
es_vanilla_s0,1787339580,247750
es_vanilla_s0,1787339590,247750
es_vanilla_s0,1787339600,247750
es_vanilla_s0,1787339610,247750
es_vanilla_s0,1787339620,247750
es_vanilla_s0,1787339630,247750
es_vanilla_s0,1787339640,247750
es_vanilla_s0,1787339651,247750
es_vanilla_s0,1787339661,247750
es_vanilla_s0,1787339671,247750
es_vanilla_s0,1787339681,247750
es_vanilla_s0,1787339691,247750
es_vanilla_s0,1787339701,247750
es_vanilla_s0,1787339711,247750
es_vanilla_s0,1787339721,247750
es_vanilla_s0,1787339731,247750
es_vanilla_s0,1787339741,247750
es_vanilla_s0,1787339752,247750
es_vanilla_s0,1787339762,247750
es_vanilla_s0,1787339772,247750
es_vanilla_s0,1787339782,247750
es_vanilla_s0,1787339792,247750
es_vanilla_s0,1787339802,247750
es_vanilla_s0,1787339812,247750
es_vanilla_s0,1787339822,247750
es_vanilla_s0,1787339832,247750
es_vanilla_s0,1787339842,247750
es_vanilla_s0,1787339852,247750
es_vanilla_s0,1787339863,247750
es_vanilla_s0,1787339873,247750
es_vanilla_s0,1787339883,247750
es_vanilla_s0,1787339893,247750
es_vanilla_s0,1787339903,247750
es_vanilla_s0,1787339913,247750
es_vanilla_s0,1787339923,247750
es_vanilla_s0,1787339933,247750
es_vanilla_s0,1787339943,247750
es_vanilla_s0,1787339953,247750
es_vanilla_s0,1787339964,247750
es_vanilla_s0,1787339974,247750
es_vanilla_s0,1787339984,247750
es_vanilla_s0,1787339994,247750
es_vanilla_s0,1787340004,247750
es_vanilla_s0,1787340014,247750
es_vanilla_s0,1787340024,247750
es_vanilla_s0,1787340034,247750
es_vanilla_s0,1787340044,247750
es_vanilla_s0,1787340054,247750
es_vanilla_s0,1787340065,247750
es_vanilla_s0,1787340075,247750
es_vanilla_s0,1787340085,247750
es_vanilla_s0,1787340095,247750
es_vanilla_s0,1787340105,247750
es_vanilla_s0,1787340115,247750
es_vanilla_s0,1787340125,247750
es_vanilla_s0,1787340135,247750
es_vanilla_s0,1787340145,247750
es_vanilla_s0,1787340155,247750
es_vanilla_s0,1787340166,247750
es_vanilla_s0,1787340176,247750
es_vanilla_s0,1787340186,247750
es_vanilla_s0,1787340196,247750
es_vanilla_s0,1787340206,247750
es_vanilla_s0,1787340216,247750
es_vanilla_s0,1787340226,247750
es_vanilla_s0,1787340236,247750
es_vanilla_s0,1787340246,247750
es_vanilla_s0,1787340256,247750
es_vanilla_s0,1787340266,247750
es_vanilla_s0,1787340277,247750
es_vanilla_s0,1787340287,247750
es_vanilla_s0,1787340297,247750
es_vanilla_s0,1787340307,247750
es_vanilla_s0,1787340317,247750
es_vanilla_s0,1787340327,247750
es_vanilla_s0,1787340337,247750
es_vanilla_s0,1787340347,247750
es_vanilla_s0,1787340357,247750
es_vanilla_s0,1787340367,247750
es_vanilla_s0,1787340378,247750
es_vanilla_s0,1787340388,247750
es_vanilla_s0,1787340398,247750
es_vanilla_s0,1787340408,247750
es_vanilla_s0,1787340418,247750
es_vanilla_s0,1787340428,247750
es_vanilla_s0,1787340438,247750
es_vanilla_s0,1787340448,247750
es_vanilla_s0,1787340458,247750
es_vanilla_s0,1787340468,247750
es_vanilla_s0,1787340479,247750
es_vanilla_s0,1787340489,247750
es_vanilla_s0,1787340499,247750
es_vanilla_s0,1787340509,247750
es_vanilla_s0,1787340519,247750
es_vanilla_s0,1787340529,247750
es_vanilla_s0,1787340539,247750
es_vanilla_s0,1787340549,247750
es_vanilla_s0,1787340559,247750
es_vanilla_s0,1787340569,247750
es_vanilla_s0,1787340580,247750
es_vanilla_s0,1787340590,247750
es_vanilla_s0,1787340600,247750
es_vanilla_s0,1787340610,247750
es_vanilla_s0,1787340620,247750
es_vanilla_s0,1787340630,247750
es_vanilla_s0,1787340640,247750
es_vanilla_s0,1787340650,247750
es_vanilla_s0,1787340660,247750
es_vanilla_s0,1787340670,247750
es_vanilla_s0,1787340680,247750
es_vanilla_s0,1787340691,247750
es_vanilla_s0,1787340701,247750
es_vanilla_s0,1787340711,247750
es_vanilla_s0,1787340721,247750
es_vanilla_s0,1787340731,247750
es_vanilla_s0,1787340741,247750
es_vanilla_s0,1787340751,247750
es_vanilla_s0,1787340761,247750
es_vanilla_s0,1787340771,247750
es_vanilla_s0,1787340781,247750
es_vanilla_s0,1787340792,247750
es_vanilla_s0,1787340802,247750
es_vanilla_s0,1787340812,247750
es_vanilla_s0,1787340822,247750
es_vanilla_s0,1787340832,247750
es_vanilla_s0,1787340842,247750
es_vanilla_s0,1787340852,247750
es_vanilla_s0,1787340862,247750
es_vanilla_s0,1787340872,247750
es_vanilla_s0,1787340882,247750
es_vanilla_s0,1787340893,247750
es_vanilla_s0,1787340903,247750
es_vanilla_s0,1787340913,247750
es_vanilla_s0,1787340923,247750
es_vanilla_s0,1787340933,247750
es_vanilla_s0,1787340943,247750
es_vanilla_s0,1787340953,247750
es_vanilla_s0,1787340963,247750
es_vanilla_s0,1787340973,247750
es_vanilla_s0,1787340983,247750
es_vanilla_s0,1787340994,247750
es_vanilla_s0,1787341004,247750
es_vanilla_s0,1787341014,247750
es_vanilla_s0,1787341024,247750
es_vanilla_s0,1787341034,247750
es_vanilla_s0,1787341044,247750
es_vanilla_s0,1787341054,247750
es_vanilla_s0,1787341064,247750
es_vanilla_s0,1787341074,247750
es_vanilla_s0,1787341084,247750
es_vanilla_s0,1787341094,247750
es_vanilla_s0,1787341105,247750
es_vanilla_s0,1787341115,247750
es_vanilla_s0,1787341125,247750
es_vanilla_s0,1787341135,247750
es_vanilla_s0,1787341145,247750
es_vanilla_s0,1787341155,247750
es_vanilla_s0,1787341165,247750
es_vanilla_s0,1787341175,247750
es_vanilla_s0,1787341185,247750
es_vanilla_s0,1787341195,247750
es_vanilla_s0,1787341206,247750
es_vanilla_s0,1787341216,247750
es_vanilla_s0,1787341226,247750
es_vanilla_s0,1787341236,247750
es_vanilla_s0,1787341246,247750
es_vanilla_s0,1787341256,247750
es_vanilla_s0,1787341266,247750
es_vanilla_s0,1787341276,247750
es_vanilla_s0,1787341286,247750
es_vanilla_s0,1787341296,247750
es_vanilla_s0,1787341307,247750
es_vanilla_s0,1787341317,247750
es_vanilla_s0,1787341327,247750
es_vanilla_s0,1787341337,247750
es_vanilla_s0,1787341347,247750
es_vanilla_s0,1787341357,247750
es_vanilla_s0,1787341367,247750
es_vanilla_s0,1787341377,247750
es_vanilla_s0,1787341387,247750
es_vanilla_s0,1787341397,247750
es_vanilla_s0,1787341407,247750
es_vanilla_s0,1787341418,247750
es_vanilla_s0,1787341428,247750
es_vanilla_s0,1787341438,247750
es_vanilla_s0,1787341448,247750
es_vanilla_s0,1787341458,247750
es_vanilla_s0,1787341468,247750
es_vanilla_s0,1787341478,247750
es_vanilla_s0,1787341488,247750
es_vanilla_s0,1787341498,247750
es_vanilla_s0,1787341508,247750
es_vanilla_s0,1787341519,247750
es_vanilla_s0,1787341529,247750
es_vanilla_s0,1787341539,247750
es_vanilla_s0,1787341549,247750
es_vanilla_s0,1787341559,247750
es_vanilla_s0,1787341569,247750
es_vanilla_s0,1787341579,247750
es_vanilla_s0,1787341589,247750
es_vanilla_s0,1787341599,247750
es_vanilla_s0,1787341609,247750
es_vanilla_s0,1787341620,247750
es_vanilla_s0,1787341630,247750
es_vanilla_s0,1787341640,247750
es_vanilla_s0,1787341650,247750
es_vanilla_s0,1787341660,247750
es_vanilla_s0,1787341670,247750
es_vanilla_s0,1787341680,247750
es_vanilla_s0,1787341690,247750
es_vanilla_s0,1787341700,247750
es_vanilla_s0,1787341710,247750
es_vanilla_s0,1787341721,247750
es_vanilla_s0,1787341731,247750
es_vanilla_s0,1787341741,247750
es_vanilla_s0,1787341751,247750
es_vanilla_s0,1787341761,247750
es_vanilla_s0,1787341771,247750
es_vanilla_s0,1787341781,247750
es_vanilla_s0,1787341791,247750
es_vanilla_s0,1787341801,247750
es_vanilla_s0,1787341811,247750
es_vanilla_s0,1787341821,247750
es_vanilla_s0,1787341832,247750
es_vanilla_s0,1787341842,247750
es_vanilla_s0,1787341852,247750
es_vanilla_s0,1787341862,247750
es_vanilla_s0,1787341872,247750
es_vanilla_s0,1787341882,247750
es_vanilla_s0,1787341892,247750
es_vanilla_s0,1787341902,247750
es_vanilla_s0,1787341912,247750
es_vanilla_s0,1787341922,247750
es_vanilla_s0,1787341933,247750
es_vanilla_s0,1787341943,247750
es_vanilla_s0,1787341953,247750
es_vanilla_s0,1787341963,247750
es_vanilla_s0,1787341973,247750
es_vanilla_s0,1787341983,247750
es_vanilla_s0,1787341993,247750
es_vanilla_s0,1787342003,247750
es_vanilla_s0,1787342013,247750
es_vanilla_s0,1787342023,247750
es_vanilla_s0,1787342034,247750
es_vanilla_s0,1787342044,247750
es_vanilla_s0,1787342054,247750
es_vanilla_s0,1787342064,247750
es_vanilla_s0,1787342074,247750
es_vanilla_s0,1787342084,247750
es_vanilla_s0,1787342094,247750
es_vanilla_s0,1787342104,247750
es_vanilla_s0,1787342114,247750
es_vanilla_s0,1787342124,247750
es_vanilla_s0,1787342135,247750
es_vanilla_s0,1787342145,247750
es_vanilla_s0,1787342155,247750
es_vanilla_s0,1787342165,247750
es_vanilla_s0,1787342175,247750
es_vanilla_s0,1787342185,247750
es_vanilla_s0,1787342195,247750
es_vanilla_s0,1787342205,247750
es_vanilla_s0,1787342215,247750
es_vanilla_s0,1787342225,247750
es_vanilla_s0,1787342236,247750
es_vanilla_s0,1787342246,247750
es_vanilla_s0,1787342256,247750
es_vanilla_s0,1787342266,247750
es_vanilla_s0,1787342276,247750
es_vanilla_s0,1787342286,247750
es_vanilla_s0,1787342296,247750
es_vanilla_s0,1787342306,247750
es_vanilla_s0,1787342316,247750
es_vanilla_s0,1787342326,247750
es_vanilla_s0,1787342336,247750
es_vanilla_s0,1787342347,247750
es_vanilla_s0,1787342357,247750
es_vanilla_s0,1787342367,247750
es_vanilla_s0,1787342377,247750
es_vanilla_s0,1787342387,247750
es_vanilla_s0,1787342397,247750
es_vanilla_s0,1787342407,247750
es_vanilla_s0,1787342417,247750
es_vanilla_s0,1787342427,247750
es_vanilla_s0,1787342437,247750
es_vanilla_s0,1787342448,247750
es_vanilla_s0,1787342458,247750
es_vanilla_s0,1787342468,247750
es_vanilla_s0,1787342478,247750
es_vanilla_s0,1787342488,247750
es_vanilla_s0,1787342498,247750
es_vanilla_s0,1787342508,247750
es_vanilla_s0,1787342518,247750
es_vanilla_s0,1787342528,247750
es_vanilla_s0,1787342538,247750
es_vanilla_s0,1787342549,247750
es_vanilla_s0,1787342559,247750
es_vanilla_s0,1787342569,247750
es_vanilla_s0,1787342579,247750
es_vanilla_s0,1787342589,247750
es_vanilla_s0,1787342599,247750
es_vanilla_s0,1787342609,247750
es_vanilla_s0,1787342619,247750
es_vanilla_s0,1787342629,247750
es_vanilla_s0,1787342639,247750
es_vanilla_s0,1787342650,247750
es_vanilla_s0,1787342660,247750
es_vanilla_s0,1787342670,247750
es_vanilla_s0,1787342680,247750
es_vanilla_s0,1787342690,247750
es_vanilla_s0,1787342700,247750
es_vanilla_s0,1787342710,247750
es_vanilla_s0,1787342720,247750
es_vanilla_s0,1787342730,247750
es_vanilla_s0,1787342740,247750
es_vanilla_s0,1787342751,247750
es_vanilla_s0,1787342761,247750
es_vanilla_s0,1787342771,247750
es_vanilla_s0,1787342781,247750
es_vanilla_s0,1787342791,247750
es_vanilla_s0,1787342801,247750
es_vanilla_s0,1787342811,247750
es_vanilla_s0,1787342821,247750
es_vanilla_s0,1787342831,247750
es_vanilla_s0,1787342841,247750
es_vanilla_s0,1787342851,247750
es_vanilla_s0,1787342862,247750
es_vanilla_s0,1787342872,247750
es_vanilla_s0,1787342882,247750
es_vanilla_s0,1787342892,247750
es_vanilla_s0,1787342902,247750
es_vanilla_s0,1787342912,247750
es_vanilla_s0,1787342922,247750
es_vanilla_s0,1787342932,247750
es_vanilla_s0,1787342942,247750
es_vanilla_s0,1787342952,247750
es_vanilla_s0,1787342963,247750
es_vanilla_s0,1787342973,247750
es_vanilla_s0,1787342983,247750
es_vanilla_s0,1787342993,247750
es_vanilla_s0,1787343003,247750
es_vanilla_s0,1787343013,247750
es_vanilla_s0,1787343023,247750
es_vanilla_s0,1787343033,247750
es_vanilla_s0,1787343043,247750
es_vanilla_s0,1787343053,247750
es_vanilla_s0,1787343064,247750
es_vanilla_s0,1787343074,247750
es_vanilla_s0,1787343084,247750
es_vanilla_s0,1787343094,247750
es_vanilla_s0,1787343104,247750
es_vanilla_s0,1787343114,247750
es_vanilla_s0,1787343124,247750
es_vanilla_s0,1787343134,247750
es_vanilla_s0,1787343144,247750
es_vanilla_s0,1787343154,247750
es_vanilla_s0,1787343165,247750
es_vanilla_s0,1787343175,247750
es_vanilla_s0,1787343185,247750
es_vanilla_s0,1787343195,247750
es_vanilla_s0,1787343205,247750
es_vanilla_s0,1787343215,247750
es_vanilla_s0,1787343225,247750
es_vanilla_s0,1787343235,247750
es_vanilla_s0,1787343245,247750
es_vanilla_s0,1787343255,247750
es_vanilla_s0,1787343265,247750
es_vanilla_s0,1787343276,247750
es_vanilla_s0,1787343286,247750
es_vanilla_s0,1787343296,247750
es_vanilla_s0,1787343306,247750
es_vanilla_s0,1787343316,247750
es_vanilla_s0,1787343326,247750
es_vanilla_s0,1787343336,247750
es_vanilla_s0,1787343346,247750
es_vanilla_s0,1787343356,247750
es_vanilla_s0,1787343366,247750
es_vanilla_s0,1787343377,247750
es_vanilla_s0,1787343387,247750
es_vanilla_s0,1787343397,247750
es_vanilla_s0,1787343407,247750
es_vanilla_s0,1787343417,247750
es_vanilla_s0,1787343427,247750
es_vanilla_s0,1787343437,247750
es_vanilla_s0,1787343447,247750
es_vanilla_s0,1787343457,247750
es_vanilla_s0,1787343467,247750
es_vanilla_s0,1787343478,247750
es_vanilla_s0,1787343488,247750
es_vanilla_s0,1787343498,247750
es_vanilla_s0,1787343508,247750
es_vanilla_s0,1787343518,247750
es_vanilla_s0,1787343528,247750
es_vanilla_s0,1787343538,247750
es_vanilla_s0,1787343548,247750
es_vanilla_s0,1787343558,247750
es_vanilla_s0,1787343568,247750
es_vanilla_s0,1787343579,247750
es_vanilla_s0,1787343589,247750
es_vanilla_s0,1787343599,247750
es_vanilla_s0,1787343609,247750
es_vanilla_s0,1787343619,247750
es_vanilla_s0,1787343629,247750
es_vanilla_s0,1787343639,247750
es_vanilla_s0,1787343649,247750
es_vanilla_s0,1787343659,247750
es_vanilla_s0,1787343669,247750
es_vanilla_s0,1787343679,247750
es_vanilla_s0,1787343690,247750
es_vanilla_s0,1787343700,247750
es_vanilla_s0,1787343710,247750
es_vanilla_s0,1787343720,247750
es_vanilla_s0,1787343730,247750
es_vanilla_s0,1787343740,247750
es_vanilla_s0,1787343750,247750
es_vanilla_s0,1787343760,247750
es_vanilla_s0,1787343770,247750
es_vanilla_s0,1787343780,247750
es_vanilla_s0,1787343791,247750
es_vanilla_s0,1787343801,247750
es_vanilla_s0,1787343811,247750
es_vanilla_s0,1787343821,247750
es_vanilla_s0,1787343831,247750
es_vanilla_s0,1787343841,247750
es_vanilla_s0,1787343851,247750
es_vanilla_s0,1787343861,247750
es_vanilla_s0,1787343871,247750
es_vanilla_s0,1787343881,247750
es_vanilla_s0,1787343892,247750
es_vanilla_s0,1787343902,247750
es_vanilla_s0,1787343912,247750
es_vanilla_s0,1787343922,247750
es_vanilla_s0,1787343932,247750
es_vanilla_s0,1787343942,247750
es_vanilla_s0,1787343952,247750
es_vanilla_s0,1787343962,247750
es_vanilla_s0,1787343972,247750
es_vanilla_s0,1787343982,247750
es_vanilla_s0,1787343993,247750
es_vanilla_s0,1787344003,247750
es_vanilla_s0,1787344013,247750
es_vanilla_s0,1787344023,247750
es_vanilla_s0,1787344033,247750
es_vanilla_s0,1787344043,247750
es_vanilla_s0,1787344053,247750
es_vanilla_s0,1787344063,247750
es_vanilla_s0,1787344073,247750
es_vanilla_s0,1787344083,247750
es_vanilla_s0,1787344093,247750
es_vanilla_s0,1787344104,247750
es_vanilla_s0,1787344114,247750
es_vanilla_s0,1787344124,247750
es_vanilla_s0,1787344134,247750
es_vanilla_s0,1787344144,247750
es_vanilla_s0,1787344154,247750
es_vanilla_s0,1787344164,247750
es_vanilla_s0,1787344174,247750
es_vanilla_s0,1787344184,247750
es_vanilla_s0,1787344194,247750
es_vanilla_s0,1787344205,247750
es_vanilla_s0,1787344215,247750
es_vanilla_s0,1787344225,247750
es_vanilla_s0,1787344235,247750
es_vanilla_s0,1787344245,247750
es_vanilla_s0,1787344255,247750
es_vanilla_s0,1787344265,247750
es_vanilla_s0,1787344275,247750
es_vanilla_s0,1787344285,247750
es_vanilla_s0,1787344295,247750
es_vanilla_s0,1787344306,247750
es_vanilla_s0,1787344316,247750
es_vanilla_s0,1787344326,247750
es_vanilla_s0,1787344336,247750
es_vanilla_s0,1787344346,247750
es_vanilla_s0,1787344356,247750
es_vanilla_s0,1787344366,247750
es_vanilla_s0,1787344376,247750
es_vanilla_s0,1787344386,247750
es_vanilla_s0,1787344396,247750
es_vanilla_s0,1787344407,247750
es_vanilla_s0,1787344417,247750
es_vanilla_s0,1787344427,247750
es_vanilla_s0,1787344437,247750
es_vanilla_s0,1787344447,247750
es_vanilla_s0,1787344457,247750
es_vanilla_s0,1787344467,247750
es_vanilla_s0,1787344477,247750
es_vanilla_s0,1787344487,247750
es_vanilla_s0,1787344497,247750
es_vanilla_s0,1787344508,247750
es_vanilla_s0,1787344518,247750
es_vanilla_s0,1787344528,247750
es_vanilla_s0,1787344538,247750
es_vanilla_s0,1787344548,247750
es_vanilla_s0,1787344558,247750
es_vanilla_s0,1787344568,247750
es_vanilla_s0,1787344578,247750
es_vanilla_s0,1787344588,247750
es_vanilla_s0,1787344598,247750
es_vanilla_s0,1787344608,247750
es_vanilla_s0,1787344619,247750
es_vanilla_s0,1787344629,247750
es_vanilla_s0,1787344639,247750
es_vanilla_s0,1787344649,247750
es_vanilla_s0,1787344659,247750
es_vanilla_s0,1787344669,247750
es_vanilla_s0,1787344679,247750
es_vanilla_s0,1787344689,247750
es_vanilla_s0,1787344699,247750
es_vanilla_s0,1787344709,247750
es_vanilla_s0,1787344720,247750
es_vanilla_s0,1787344730,247750
es_vanilla_s0,1787344740,247750
es_vanilla_s0,1787344750,247750
es_vanilla_s0,1787344760,247750
es_vanilla_s0,1787344770,247750
es_vanilla_s0,1787344780,247750
es_vanilla_s0,1787344790,247750
es_vanilla_s0,1787344800,247750
es_vanilla_s0,1787344810,247750
es_vanilla_s0,1787344821,247750
es_vanilla_s0,1787344831,247750
es_vanilla_s0,1787344841,247750
es_vanilla_s0,1787344851,247750
es_vanilla_s0,1787344861,247750
es_vanilla_s0,1787344871,247750
es_vanilla_s0,1787344881,247750
es_vanilla_s0,1787344891,247750
es_vanilla_s0,1787344901,247750
es_vanilla_s0,1787344911,247750
es_vanilla_s0,1787344922,247750
es_vanilla_s0,1787344932,247750
es_vanilla_s0,1787344942,247750
es_vanilla_s0,1787344952,247750
es_vanilla_s0,1787344962,247750
es_vanilla_s0,1787344972,247750
es_vanilla_s0,1787344982,247750
es_vanilla_s0,1787344992,247750
es_vanilla_s0,1787345002,247750
es_vanilla_s0,1787345012,247750
es_vanilla_s0,1787345023,247750
es_vanilla_s0,1787345033,247750
es_vanilla_s0,1787345043,247750
es_vanilla_s0,1787345053,247750
es_vanilla_s0,1787345063,247750
es_vanilla_s0,1787345073,247750
es_vanilla_s0,1787345083,247750
es_vanilla_s0,1787345093,247750
es_vanilla_s0,1787345103,247750
es_vanilla_s0,1787345113,247750
es_vanilla_s0,1787345124,247750
es_vanilla_s0,1787345134,247750
es_vanilla_s0,1787345144,247750
es_vanilla_s0,1787345154,247750
es_vanilla_s0,1787345164,247750
es_vanilla_s0,1787345174,247750
es_vanilla_s0,1787345184,247750
es_vanilla_s0,1787345194,247750
es_vanilla_s0,1787345204,247750
es_vanilla_s0,1787345214,247750
es_vanilla_s0,1787345225,247750
es_vanilla_s0,1787345235,247750
es_vanilla_s0,1787345245,247750
es_vanilla_s0,1787345255,247750
es_vanilla_s0,1787345265,247750
es_vanilla_s0,1787345275,247750
es_vanilla_s0,1787345285,247750
es_vanilla_s0,1787345295,247750
es_vanilla_s0,1787345305,247750
es_vanilla_s0,1787345315,247750
es_vanilla_s0,1787345326,247750
es_vanilla_s0,1787345336,247750
es_vanilla_s0,1787345346,247750
es_vanilla_s0,1787345356,247750
es_vanilla_s0,1787345366,247750
es_vanilla_s0,1787345376,247750
es_vanilla_s0,1787345386,247750
es_vanilla_s0,1787345396,247750
es_vanilla_s0,1787345406,247750
es_vanilla_s0,1787345417,247750
es_vanilla_s0,1787345427,247750
es_vanilla_s0,1787345437,247750
es_vanilla_s0,1787345447,247750
es_vanilla_s0,1787345457,247750
es_vanilla_s0,1787345467,247750
es_vanilla_s0,1787345477,247750
es_vanilla_s0,1787345487,247750
es_vanilla_s0,1787345497,247750
es_vanilla_s0,1787345507,247750
es_vanilla_s0,1787345517,247750
es_vanilla_s0,1787345528,247750
es_vanilla_s0,1787345538,247750
es_vanilla_s0,1787345548,247750
es_vanilla_s0,1787345558,247750
es_vanilla_s0,1787345568,247750
es_vanilla_s0,1787345578,247750
es_vanilla_s0,1787345588,247750
es_vanilla_s0,1787345598,247750
es_vanilla_s0,1787345608,247750
es_vanilla_s0,1787345618,247750
es_vanilla_s0,1787345629,247750
es_vanilla_s0,1787345639,247750
es_vanilla_s0,1787345649,247750
es_vanilla_s0,1787345659,247750
es_vanilla_s0,1787345669,247750
es_vanilla_s0,1787345679,247750
es_vanilla_s0,1787345689,247750
es_vanilla_s0,1787345699,247750
es_vanilla_s0,1787345709,247750
es_vanilla_s0,1787345719,247750
es_vanilla_s0,1787345730,247750
es_vanilla_s0,1787345740,247750
es_vanilla_s0,1787345750,247750
es_vanilla_s0,1787345760,247750
es_vanilla_s0,1787345770,247750
es_vanilla_s0,1787345780,247750
es_vanilla_s0,1787345790,247750
es_vanilla_s0,1787345800,247750
es_vanilla_s0,1787345810,247750
es_vanilla_s0,1787345820,247750
es_vanilla_s0,1787345831,247750
es_vanilla_s0,1787345841,247750
es_vanilla_s0,1787345851,247750
es_vanilla_s0,1787345861,247750
es_vanilla_s0,1787345871,247750
es_vanilla_s0,1787345881,247750
es_vanilla_s0,1787345891,247750
es_vanilla_s0,1787345901,247750
es_vanilla_s0,1787345911,247750
es_vanilla_s0,1787345921,247750
es_vanilla_s0,1787345932,247750
es_vanilla_s0,1787345942,247750
es_vanilla_s0,1787345952,247750
es_vanilla_s0,1787345962,247750
es_vanilla_s0,1787345972,247750
es_vanilla_s0,1787345982,247750
es_vanilla_s0,1787345992,247750
es_vanilla_s0,1787346002,247750
es_vanilla_s0,1787346012,247750
es_vanilla_s0,1787346022,247750
es_vanilla_s0,1787346033,247750
es_vanilla_s0,1787346043,247750
es_vanilla_s0,1787346053,247750
es_vanilla_s0,1787346063,247750
es_vanilla_s0,1787346073,247750
es_vanilla_s0,1787346083,247750
es_vanilla_s0,1787346093,247750
es_vanilla_s0,1787346103,247750
es_vanilla_s0,1787346113,247750
es_vanilla_s0,1787346123,247750
es_vanilla_s0,1787346134,247750
es_vanilla_s0,1787346144,247750
es_vanilla_s0,1787346154,247750
es_vanilla_s0,1787346164,247750
es_vanilla_s0,1787346174,247750
es_vanilla_s0,1787346184,247750
es_vanilla_s0,1787346194,247750
es_vanilla_s0,1787346204,247750
es_vanilla_s0,1787346214,247750
es_vanilla_s0,1787346224,247750
es_vanilla_s0,1787346235,247750
es_vanilla_s0,1787346245,247750
es_vanilla_s0,1787346255,247750
es_vanilla_s0,1787346265,247750
es_vanilla_s0,1787346275,247750
es_vanilla_s0,1787346285,247750
es_vanilla_s0,1787346295,247750
es_vanilla_s0,1787346305,247750
es_vanilla_s0,1787346315,247750
es_vanilla_s0,1787346325,247750
es_vanilla_s0,1787346336,247750
es_vanilla_s0,1787346346,247750
es_vanilla_s0,1787346356,247750
es_vanilla_s0,1787346366,247750
es_vanilla_s0,1787346376,247750
es_vanilla_s0,1787346386,247750
es_vanilla_s0,1787346396,247750
es_vanilla_s0,1787346406,247750
es_vanilla_s0,1787346416,247750
es_vanilla_s0,1787346426,247750
es_vanilla_s0,1787346437,247750
es_vanilla_s0,1787346447,247750
es_vanilla_s0,1787346457,247750
es_vanilla_s0,1787346467,247750
es_vanilla_s0,1787346477,247750
es_vanilla_s0,1787346487,247750
es_vanilla_s0,1787346497,247750
es_vanilla_s0,1787346507,247750
es_vanilla_s0,1787346517,247750
es_vanilla_s0,1787346527,247750
es_vanilla_s0,1787346538,247750
es_vanilla_s0,1787346548,247750
es_vanilla_s0,1787346558,247750
es_vanilla_s0,1787346568,247750
es_vanilla_s0,1787346578,247750
es_vanilla_s0,1787346588,247750
es_vanilla_s0,1787346598,247750
es_vanilla_s0,1787346608,247750
es_vanilla_s0,1787346618,247750
es_vanilla_s0,1787346628,247750
es_vanilla_s0,1787346639,247750
es_vanilla_s0,1787346649,247750
es_vanilla_s0,1787346659,247750
es_vanilla_s0,1787346669,247750
es_vanilla_s0,1787346679,247750
es_vanilla_s0,1787346689,247750
es_vanilla_s0,1787346699,247750
es_vanilla_s0,1787346709,247750
es_vanilla_s0,1787346719,247750
es_vanilla_s0,1787346729,247750
es_vanilla_s0,1787346740,247750
es_vanilla_s0,1787346750,247750
es_vanilla_s0,1787346760,247750
es_vanilla_s0,1787346770,247750
es_vanilla_s0,1787346780,247750
es_vanilla_s0,1787346790,247750
es_vanilla_s0,1787346800,247750
es_vanilla_s0,1787346810,247750
es_vanilla_s0,1787346820,247750
es_vanilla_s0,1787346830,247750
es_vanilla_s0,1787346841,247750
es_vanilla_s0,1787346851,247750
es_vanilla_s0,1787346861,247750
es_vanilla_s0,1787346871,247750
es_vanilla_s0,1787346881,247750
es_vanilla_s0,1787346891,247750
es_vanilla_s0,1787346901,247750
es_vanilla_s0,1787346911,247750
es_vanilla_s0,1787346921,247750
es_vanilla_s0,1787346931,247750
es_vanilla_s0,1787346941,247750
es_vanilla_s0,1787346952,247750
es_vanilla_s0,1787346962,247750
es_vanilla_s0,1787346972,247750
es_vanilla_s0,1787346982,247750
es_vanilla_s0,1787346992,247750
es_vanilla_s0,1787347002,247750
es_vanilla_s0,1787347012,247750
es_vanilla_s0,1787347022,247750
es_vanilla_s0,1787347032,247750
es_vanilla_s0,1787347042,247750
es_vanilla_s0,1787347053,247750
es_vanilla_s0,1787347063,247750
es_vanilla_s0,1787347073,247750
es_vanilla_s0,1787347083,247750
es_vanilla_s0,1787347093,247750
es_vanilla_s0,1787347103,247750
es_vanilla_s0,1787347113,247750
es_vanilla_s0,1787347123,247750
es_vanilla_s0,1787347133,247750
es_vanilla_s0,1787347143,247750
es_vanilla_s0,1787347154,247750
es_vanilla_s0,1787347164,247750
es_vanilla_s0,1787347174,247750
es_vanilla_s0,1787347184,247750
es_vanilla_s0,1787347194,247750
es_vanilla_s0,1787347204,247750
es_vanilla_s0,1787347214,247750
es_vanilla_s0,1787347224,247750
es_vanilla_s0,1787347234,247750
es_vanilla_s0,1787347244,247750
es_vanilla_s0,1787347255,247750
es_vanilla_s0,1787347265,247750
es_vanilla_s0,1787347275,247750
es_vanilla_s0,1787347285,247750
es_vanilla_s0,1787347295,247750
es_vanilla_s0,1787347305,247750
es_vanilla_s0,1787347315,247750
es_vanilla_s0,1787347325,247750
es_vanilla_s0,1787347335,247750
es_vanilla_s0,1787347345,247750
es_vanilla_s0,1787347356,247750
es_vanilla_s0,1787347366,247750
es_vanilla_s0,1787347376,247750
es_vanilla_s0,1787347386,247750
es_vanilla_s0,1787347396,247750
es_vanilla_s0,1787347406,247750
es_vanilla_s0,1787347416,247750
es_vanilla_s0,1787347426,247750
es_vanilla_s0,1787347436,247750
es_vanilla_s0,1787347446,247750
es_vanilla_s0,1787347457,247750
es_vanilla_s0,1787347467,247750
es_vanilla_s0,1787347477,247750
es_vanilla_s0,1787347487,247750
es_vanilla_s0,1787347497,247750
es_vanilla_s0,1787347507,247750
es_vanilla_s0,1787347517,247750
es_vanilla_s0,1787347527,247750
es_vanilla_s0,1787347537,247750
es_vanilla_s0,1787347547,247750
es_vanilla_s0,1787347558,247750
es_vanilla_s0,1787347568,247750
es_vanilla_s0,1787347578,247750
es_vanilla_s0,1787347588,247750
es_vanilla_s0,1787347598,247750
es_vanilla_s0,1787347608,247750
es_vanilla_s0,1787347618,247750
es_vanilla_s0,1787347628,247750
es_vanilla_s0,1787347638,247750
es_vanilla_s0,1787347648,247750
es_vanilla_s0,1787347659,247750
es_vanilla_s0,1787347669,247750
es_vanilla_s0,1787347679,247750
es_vanilla_s0,1787347689,247750
es_vanilla_s0,1787347699,247750
es_vanilla_s0,1787347709,247750
es_vanilla_s0,1787347719,247750
es_vanilla_s0,1787347729,247750
es_vanilla_s0,1787347739,247750
es_vanilla_s0,1787347749,247750
es_vanilla_s0,1787347760,247750
es_vanilla_s0,1787347770,247750
es_vanilla_s0,1787347780,247750
es_vanilla_s0,1787347790,247750
es_vanilla_s0,1787347800,247750
es_vanilla_s0,1787347810,247750
es_vanilla_s0,1787347820,247750
es_vanilla_s0,1787347830,247750
es_vanilla_s0,1787347840,247750
es_vanilla_s0,1787347850,247750
es_vanilla_s0,1787347861,247750
es_vanilla_s0,1787347871,247750
es_vanilla_s0,1787347881,247750
es_vanilla_s0,1787347891,247750
es_vanilla_s0,1787347901,247750
es_vanilla_s0,1787347911,247750
es_vanilla_s0,1787347921,247750
es_vanilla_s0,1787347931,247750
es_vanilla_s0,1787347941,247750
es_vanilla_s0,1787347951,247750
es_vanilla_s0,1787347962,247750
es_vanilla_s0,1787347972,247750
es_vanilla_s0,1787347982,247750
es_vanilla_s0,1787347992,247750
es_vanilla_s0,1787348002,247750
es_vanilla_s0,1787348012,247750
es_vanilla_s0,1787348022,247750
es_vanilla_s0,1787348032,247750
es_vanilla_s0,1787348042,247750
es_vanilla_s0,1787348052,247750
es_vanilla_s0,1787348063,247750
es_vanilla_s0,1787348073,247750
es_vanilla_s0,1787348083,247750
es_vanilla_s0,1787348093,247750
es_vanilla_s0,1787348103,247750
es_vanilla_s0,1787348113,247750
es_vanilla_s0,1787348123,247750
es_vanilla_s0,1787348133,247750
es_vanilla_s0,1787348143,247750
es_vanilla_s0,1787348153,247750
es_vanilla_s0,1787348164,247750
es_vanilla_s0,1787348174,247750
es_vanilla_s0,1787348184,247750
es_vanilla_s0,1787348194,247750
es_vanilla_s0,1787348204,247750
es_vanilla_s0,1787348214,247750
es_vanilla_s0,1787348224,247750
es_vanilla_s0,1787348234,247750
es_vanilla_s0,1787348244,247750
es_vanilla_s0,1787348254,247750
es_vanilla_s0,1787348265,247750
es_vanilla_s0,1787348275,247750
es_vanilla_s0,1787348285,247750
es_vanilla_s0,1787348295,247750
es_vanilla_s0,1787348305,247750
es_vanilla_s0,1787348315,247750
es_vanilla_s0,1787348325,247750
es_vanilla_s0,1787348335,247750
es_vanilla_s0,1787348345,247750
es_vanilla_s0,1787348355,247750
es_vanilla_s0,1787348366,247750
es_vanilla_s0,1787348376,247750
es_vanilla_s0,1787348386,247750
es_vanilla_s0,1787348396,247750
es_vanilla_s0,1787348406,247750
es_vanilla_s0,1787348416,247750
es_vanilla_s0,1787348426,247750
es_vanilla_s0,1787348436,247750
es_vanilla_s0,1787348446,247750
es_vanilla_s0,1787348456,247750
es_vanilla_s0,1787348467,247750
es_vanilla_s0,1787348477,247750
es_vanilla_s0,1787348487,247750
es_vanilla_s0,1787348497,247750
es_vanilla_s0,1787348507,247750
es_vanilla_s0,1787348517,247750
es_vanilla_s0,1787348527,247750
es_vanilla_s0,1787348537,247750
es_vanilla_s0,1787348547,247750
es_vanilla_s0,1787348557,247750
es_vanilla_s0,1787348568,247750
es_vanilla_s0,1787348578,247750
es_vanilla_s0,1787348588,247750
es_vanilla_s0,1787348598,247750
es_vanilla_s0,1787348608,247750
es_vanilla_s0,1787348618,247750
es_vanilla_s0,1787348628,247750
es_vanilla_s0,1787348638,247750
es_vanilla_s0,1787348648,247750
es_vanilla_s0,1787348658,247750
es_vanilla_s0,1787348669,247750
es_vanilla_s0,1787348679,247750
es_vanilla_s0,1787348689,247750
es_vanilla_s0,1787348699,247750
es_vanilla_s0,1787348709,247750
es_vanilla_s0,1787348719,247750
es_vanilla_s0,1787348729,247750
es_vanilla_s0,1787348739,247750
es_vanilla_s0,1787348749,247750
es_vanilla_s0,1787348759,247750
es_vanilla_s0,1787348770,247750
es_vanilla_s0,1787348780,247750
es_vanilla_s0,1787348790,247750
es_vanilla_s0,1787348800,247750
es_vanilla_s0,1787348810,247750
es_vanilla_s0,1787348820,247750
es_vanilla_s0,1787348830,247750
es_vanilla_s0,1787348840,247750
es_vanilla_s0,1787348850,247750
es_vanilla_s0,1787348860,247750
es_vanilla_s0,1787348871,247750
es_vanilla_s0,1787348881,247750
es_vanilla_s0,1787348891,247750
es_vanilla_s0,1787348901,247750
es_vanilla_s0,1787348911,247750
es_vanilla_s0,1787348921,247750
es_vanilla_s0,1787348931,247750
es_vanilla_s0,1787348941,247750
es_vanilla_s0,1787348951,247750
es_vanilla_s0,1787348961,247750
es_vanilla_s0,1787348971,247750
es_vanilla_s0,1787348982,247750
es_vanilla_s0,1787348992,247750
es_vanilla_s0,1787349002,247750
es_vanilla_s0,1787349012,247750
es_vanilla_s0,1787349022,247750
es_vanilla_s0,1787349032,247750
es_vanilla_s0,1787349042,247750
es_vanilla_s0,1787349052,247750
es_vanilla_s0,1787349062,247750
es_vanilla_s0,1787349072,247750
es_vanilla_s0,1787349083,247750
es_vanilla_s0,1787349093,247750
es_vanilla_s0,1787349103,247750
es_vanilla_s0,1787349113,247750
es_vanilla_s0,1787349123,247750
es_vanilla_s0,1787349133,247750
es_vanilla_s0,1787349143,247750
es_vanilla_s0,1787349153,247750
es_vanilla_s0,1787349163,247750
es_vanilla_s0,1787349173,247750
es_vanilla_s0,1787349184,247750
es_vanilla_s0,1787349194,247750
es_vanilla_s0,1787349204,247750
es_vanilla_s0,1787349214,247750
es_vanilla_s0,1787349224,247750
es_vanilla_s0,1787349234,247750
es_vanilla_s0,1787349244,247750
es_vanilla_s0,1787349254,247750
es_vanilla_s0,1787349264,247750
es_vanilla_s0,1787349274,247750
es_vanilla_s0,1787349285,247750
es_vanilla_s0,1787349295,247750
es_vanilla_s0,1787349305,247750
es_vanilla_s0,1787349315,247750
es_vanilla_s0,1787349325,247750
es_vanilla_s0,1787349335,247750
es_vanilla_s0,1787349345,247750
es_vanilla_s0,1787349355,247750
es_vanilla_s0,1787349365,247750
es_vanilla_s0,1787349375,247750
es_vanilla_s0,1787349386,247750
es_vanilla_s0,1787349396,247750
es_vanilla_s0,1787349406,247750
es_vanilla_s0,1787349416,247750
es_vanilla_s0,1787349426,247750
es_vanilla_s0,1787349436,247750
es_vanilla_s0,1787349446,247750
es_vanilla_s0,1787349456,247750
es_vanilla_s0,1787349466,247750
es_vanilla_s0,1787349476,247750
es_vanilla_s0,1787349487,247750
es_vanilla_s0,1787349497,247750
es_vanilla_s0,1787349507,247750
es_vanilla_s0,1787349517,247750
es_vanilla_s0,1787349527,247750
es_vanilla_s0,1787349537,247750
es_vanilla_s0,1787349547,247750
es_vanilla_s0,1787349557,247750
es_vanilla_s0,1787349567,247750
es_vanilla_s0,1787349577,247750
es_vanilla_s0,1787349588,247750
es_vanilla_s0,1787349598,247750
es_vanilla_s0,1787349608,247750
es_vanilla_s0,1787349618,247750
es_vanilla_s0,1787349628,247750
es_vanilla_s0,1787349638,247750
es_vanilla_s0,1787349648,247750
es_vanilla_s0,1787349658,247750
es_vanilla_s0,1787349668,247750
es_vanilla_s0,1787349678,247750
es_vanilla_s0,1787349689,247750
es_vanilla_s0,1787349699,247750
es_vanilla_s0,1787349709,247750
es_vanilla_s0,1787349719,247750
es_vanilla_s0,1787349729,247750
es_vanilla_s0,1787349739,247750
es_vanilla_s0,1787349749,247750
es_vanilla_s0,1787349759,247750
es_vanilla_s0,1787349769,247750
es_vanilla_s0,1787349779,247750
es_vanilla_s0,1787349789,247750
es_vanilla_s0,1787349800,247750
es_vanilla_s0,1787349810,247750
es_vanilla_s0,1787349820,247750
es_vanilla_s0,1787349830,247750
es_vanilla_s0,1787349840,247750
es_vanilla_s0,1787349850,247750
es_vanilla_s0,1787349860,247750
es_vanilla_s0,1787349870,247750
es_vanilla_s0,1787349880,247750
es_vanilla_s0,1787349890,247750
es_vanilla_s0,1787349901,247750
es_vanilla_s0,1787349911,247750
es_vanilla_s0,1787349921,247750
es_vanilla_s0,1787349931,247750
es_vanilla_s0,1787349941,247750
es_vanilla_s0,1787349951,247750
es_vanilla_s0,1787349961,247750
es_vanilla_s0,1787349971,247750
es_vanilla_s0,1787349981,247750
es_vanilla_s0,1787349991,247750
es_vanilla_s0,1787350002,247750
es_vanilla_s0,1787350012,247750
es_vanilla_s0,1787350022,247750
es_vanilla_s0,1787350032,247750
es_vanilla_s0,1787350042,247750
es_vanilla_s0,1787350052,247750
es_vanilla_s0,1787350062,247750
es_vanilla_s0,1787350072,247750
es_vanilla_s0,1787350082,247750
es_vanilla_s0,1787350092,247750
es_vanilla_s0,1787350103,247750
es_vanilla_s0,1787350113,247750
es_vanilla_s0,1787350123,247750
es_vanilla_s0,1787350133,247750
es_vanilla_s0,1787350143,247750
es_vanilla_s0,1787350153,247750
es_vanilla_s0,1787350163,247750
es_vanilla_s0,1787350173,247750
es_vanilla_s0,1787350183,247750
es_vanilla_s0,1787350193,247750
es_vanilla_s0,1787350204,247750
es_vanilla_s0,1787350214,247750
es_vanilla_s0,1787350224,247750
es_vanilla_s0,1787350234,247750
es_vanilla_s0,1787350244,247750
es_vanilla_s0,1787350254,247750
es_vanilla_s0,1787350264,247750
es_vanilla_s0,1787350274,247750
es_vanilla_s0,1787350284,247750
es_vanilla_s0,1787350294,247750
es_vanilla_s0,1787350305,247750
es_vanilla_s0,1787350315,247750
es_vanilla_s0,1787350325,247750
es_vanilla_s0,1787350335,247750
es_vanilla_s0,1787350345,247750
es_vanilla_s0,1787350355,247750
es_vanilla_s0,1787350365,247750
es_vanilla_s0,1787350375,247750
es_vanilla_s0,1787350385,247750
es_vanilla_s0,1787350395,247750
es_vanilla_s0,1787350405,247750
es_vanilla_s0,1787350416,247750
es_vanilla_s0,1787350426,247750
es_vanilla_s0,1787350436,247750
es_vanilla_s0,1787350446,247750
es_vanilla_s0,1787350456,247750
es_vanilla_s0,1787350466,247750
es_vanilla_s0,1787350476,247750
es_vanilla_s0,1787350486,247750
es_vanilla_s0,1787350496,247750
es_vanilla_s0,1787350506,247750
es_vanilla_s0,1787350517,247750
es_vanilla_s0,1787350527,247750
es_vanilla_s0,1787350537,247750
es_vanilla_s0,1787350547,247750
es_vanilla_s0,1787350557,247750
es_vanilla_s0,1787350567,247750
es_vanilla_s0,1787350577,247750
es_vanilla_s0,1787350587,247750
es_vanilla_s0,1787350597,247750
es_vanilla_s0,1787350607,247750
es_vanilla_s0,1787350618,247750
es_vanilla_s0,1787350628,247750
es_vanilla_s0,1787350638,247750
es_vanilla_s0,1787350648,247750
es_vanilla_s0,1787350658,247750
es_vanilla_s0,1787350668,247750
es_vanilla_s0,1787350678,247750
es_vanilla_s0,1787350688,247750
es_vanilla_s0,1787350698,247750
es_vanilla_s0,1787350708,247750
es_vanilla_s0,1787350719,247750
es_vanilla_s0,1787350729,247750
es_vanilla_s0,1787350739,247750
es_vanilla_s0,1787350749,247750
es_vanilla_s0,1787350759,247750
es_vanilla_s0,1787350769,247750
es_vanilla_s0,1787350779,247750
es_vanilla_s0,1787350789,247750
es_vanilla_s0,1787350799,247750
es_vanilla_s0,1787350809,247750
es_vanilla_s0,1787350820,247750
es_vanilla_s0,1787350830,247750
es_vanilla_s0,1787350840,247750
es_vanilla_s0,1787350850,247750
es_vanilla_s0,1787350860,247750
es_vanilla_s0,1787350870,247750
es_vanilla_s0,1787350880,247750
es_vanilla_s0,1787350890,247750
es_vanilla_s0,1787350900,247750
es_vanilla_s0,1787350910,247750
es_vanilla_s0,1787350921,247750
es_vanilla_s0,1787350931,247750
es_vanilla_s0,1787350941,247750
es_vanilla_s0,1787350951,247750
es_vanilla_s0,1787350961,247750
es_vanilla_s0,1787350971,247750
es_vanilla_s0,1787350981,247750
es_vanilla_s0,1787350991,247750
es_vanilla_s0,1787351001,247750
es_vanilla_s0,1787351011,247750
es_vanilla_s0,1787351022,247750
es_vanilla_s0,1787351032,247750
es_vanilla_s0,1787351042,247750
es_vanilla_s0,1787351052,247750
es_vanilla_s0,1787351062,247750
es_vanilla_s0,1787351072,247750
es_vanilla_s0,1787351082,247750
es_vanilla_s0,1787351092,247750
es_vanilla_s0,1787351102,247750
es_vanilla_s0,1787351113,247750
es_vanilla_s0,1787351123,247750
es_vanilla_s0,1787351133,247750
es_vanilla_s0,1787351143,247750
es_vanilla_s0,1787351153,247750
es_vanilla_s0,1787351163,247750
es_vanilla_s0,1787351173,247750
es_vanilla_s0,1787351183,247750
es_vanilla_s0,1787351193,247750
es_vanilla_s0,1787351203,247750
es_vanilla_s0,1787351213,247750
es_vanilla_s0,1787351224,247750
es_vanilla_s0,1787351234,247750
es_vanilla_s0,1787351244,247750
es_vanilla_s0,1787351254,247750
es_vanilla_s0,1787351264,247750
es_vanilla_s0,1787351274,247750
es_vanilla_s0,1787351284,247750
es_vanilla_s0,1787351294,247750
es_vanilla_s0,1787351304,247750
es_vanilla_s0,1787351314,247750
es_vanilla_s0,1787351325,247750
es_vanilla_s0,1787351335,247750
es_vanilla_s0,1787351345,247750
es_vanilla_s0,1787351355,247750
es_vanilla_s0,1787351365,247750
es_vanilla_s0,1787351375,247750
es_vanilla_s0,1787351385,247750
es_vanilla_s0,1787351395,247750
es_vanilla_s0,1787351405,247750
es_vanilla_s0,1787351415,247750
es_vanilla_s0,1787351426,247750
es_vanilla_s0,1787351436,247750
es_vanilla_s0,1787351446,247750
es_vanilla_s0,1787351456,247750
es_vanilla_s0,1787351466,247750
es_vanilla_s0,1787351476,247750
es_vanilla_s0,1787351486,247750
es_vanilla_s0,1787351496,247750
es_vanilla_s0,1787351506,247750
es_vanilla_s0,1787351516,247750
es_vanilla_s0,1787351527,247750
es_vanilla_s0,1787351537,247750
es_vanilla_s0,1787351547,247750
es_vanilla_s0,1787351557,247750
es_vanilla_s0,1787351567,247750
es_vanilla_s0,1787351577,247750
es_vanilla_s0,1787351587,247750
es_vanilla_s0,1787351597,247750
es_vanilla_s0,1787351607,247750
es_vanilla_s0,1787351617,247750
es_vanilla_s0,1787351628,247750
es_vanilla_s0,1787351638,247750
es_vanilla_s0,1787351648,247750
es_vanilla_s0,1787351658,247750
es_vanilla_s0,1787351668,247750
es_vanilla_s0,1787351678,247750
es_vanilla_s0,1787351688,247750
es_vanilla_s0,1787351698,247750
es_vanilla_s0,1787351708,247750
es_vanilla_s0,1787351718,247750
es_vanilla_s0,1787351729,247750
es_vanilla_s0,1787351739,247750
es_vanilla_s0,1787351749,247750
es_vanilla_s0,1787351759,247750
es_vanilla_s0,1787351769,247750
es_vanilla_s0,1787351779,247750
es_vanilla_s0,1787351789,247750
es_vanilla_s0,1787351799,247750
es_vanilla_s0,1787351809,247750
es_vanilla_s0,1787351819,247750
es_vanilla_s0,1787351830,247750
es_vanilla_s0,1787351840,247750
es_vanilla_s0,1787351850,247750
es_vanilla_s0,1787351860,247750
es_vanilla_s0,1787351870,247750
es_vanilla_s0,1787351880,247750
es_vanilla_s0,1787351890,247750
es_vanilla_s0,1787351900,247750
es_vanilla_s0,1787351910,247750
es_vanilla_s0,1787351920,247750
es_vanilla_s0,1787351931,247750
es_vanilla_s0,1787351941,247750
es_vanilla_s0,1787351951,247750
es_vanilla_s0,1787351961,247750
es_vanilla_s0,1787351971,247750
es_vanilla_s0,1787351981,247750
es_vanilla_s0,1787351991,247750
es_vanilla_s0,1787352001,247750
es_vanilla_s0,1787352011,247750
es_vanilla_s0,1787352021,247750
es_vanilla_s0,1787352032,247750
es_vanilla_s0,1787352042,247750
es_vanilla_s0,1787352052,247750
es_vanilla_s0,1787352062,247750
es_vanilla_s0,1787352072,247750
es_vanilla_s0,1787352082,247750
es_vanilla_s0,1787352092,247750
es_vanilla_s0,1787352102,247750
es_vanilla_s0,1787352112,247750
es_vanilla_s0,1787352122,247750
es_vanilla_s0,1787352132,247750
es_vanilla_s0,1787352143,247750
es_vanilla_s0,1787352153,247750
es_vanilla_s0,1787352163,247750
es_vanilla_s0,1787352173,247750
es_vanilla_s0,1787352183,247750
es_vanilla_s0,1787352193,247750
es_vanilla_s0,1787352203,247750
es_vanilla_s0,1787352213,247750
es_vanilla_s0,1787352223,247750
es_vanilla_s0,1787352233,247750
es_vanilla_s0,1787352244,247750
es_vanilla_s0,1787352254,247750
es_vanilla_s0,1787352264,247750
es_vanilla_s0,1787352274,247750
es_vanilla_s0,1787352284,247750
es_vanilla_s0,1787352294,247750
es_vanilla_s0,1787352304,247750
es_vanilla_s0,1787352314,247750
es_vanilla_s0,1787352324,247750
es_vanilla_s0,1787352334,247750
es_vanilla_s0,1787352345,247750
es_vanilla_s0,1787352355,247750
es_vanilla_s0,1787352365,247750
es_vanilla_s0,1787352375,247750
es_vanilla_s0,1787352385,247750
es_vanilla_s0,1787352395,247750
es_vanilla_s0,1787352405,247750
es_vanilla_s0,1787352415,247750
es_vanilla_s0,1787352425,247750
es_vanilla_s0,1787352435,247750
es_vanilla_s0,1787352446,247750
es_vanilla_s0,1787352456,247750
es_vanilla_s0,1787352466,247750
es_vanilla_s0,1787352476,247750
es_vanilla_s0,1787352486,247750
es_vanilla_s0,1787352496,247750
es_vanilla_s0,1787352506,247750
es_vanilla_s0,1787352516,247750
es_vanilla_s0,1787352526,247750
es_vanilla_s0,1787352536,247750
es_vanilla_s0,1787352547,247750
es_vanilla_s0,1787352557,247750
es_vanilla_s0,1787352567,247750
es_vanilla_s0,1787352577,247750
es_vanilla_s0,1787352587,247750
es_vanilla_s0,1787352597,247750
es_vanilla_s0,1787352607,247750
es_vanilla_s0,1787352617,247750
es_vanilla_s0,1787352627,247750
es_vanilla_s0,1787352637,247750
es_vanilla_s0,1787352648,247750
es_vanilla_s0,1787352658,247750
es_vanilla_s0,1787352668,247750
es_vanilla_s0,1787352678,247750
es_vanilla_s0,1787352688,247750
es_vanilla_s0,1787352698,247750
es_vanilla_s0,1787352708,247750
es_vanilla_s0,1787352718,247750
es_vanilla_s0,1787352728,247750
es_vanilla_s0,1787352738,247750
es_vanilla_s0,1787352748,247750
es_vanilla_s0,1787352759,247750
es_vanilla_s0,1787352769,247750
es_vanilla_s0,1787352779,247750
es_vanilla_s0,1787352789,247750
es_vanilla_s0,1787352799,247750
es_vanilla_s0,1787352809,247750
es_vanilla_s0,1787352819,247750
es_vanilla_s0,1787352829,247750
es_vanilla_s0,1787352839,247750
es_vanilla_s0,1787352849,247750
es_vanilla_s0,1787352860,247750
es_vanilla_s0,1787352870,247750
es_vanilla_s0,1787352880,247750
es_vanilla_s0,1787352890,247750
es_vanilla_s0,1787352900,247750
es_vanilla_s0,1787352910,247750
es_vanilla_s0,1787352920,247750
es_vanilla_s0,1787352930,247750
es_vanilla_s0,1787352940,247750
es_vanilla_s0,1787352950,247750
es_vanilla_s0,1787352960,247750
es_vanilla_s0,1787352971,247750
es_vanilla_s0,1787352981,247750
es_vanilla_s0,1787352991,247750
es_vanilla_s0,1787353001,247750
es_vanilla_s0,1787353011,247750
es_vanilla_s0,1787353021,247750
es_vanilla_s0,1787353031,247750
es_vanilla_s0,1787353041,247750
es_vanilla_s0,1787353051,247750
es_vanilla_s0,1787353061,247750
es_vanilla_s0,1787353072,247750
es_vanilla_s0,1787353082,247750
es_vanilla_s0,1787353092,247750
es_vanilla_s0,1787353102,247750
es_vanilla_s0,1787353112,247750
es_vanilla_s0,1787353122,247750
es_vanilla_s0,1787353132,247750
es_vanilla_s0,1787353142,247750
es_vanilla_s0,1787353152,247750
es_vanilla_s0,1787353162,247750
es_vanilla_s0,1787353173,247750
es_vanilla_s0,1787353183,247750
es_vanilla_s0,1787353193,247750
es_vanilla_s0,1787353203,247750
es_vanilla_s0,1787353213,247750
es_vanilla_s0,1787353223,247750
es_vanilla_s0,1787353233,247750
es_vanilla_s0,1787353243,247750
es_vanilla_s0,1787353253,247750
es_vanilla_s0,1787353263,247750
es_vanilla_s0,1787353274,247750
es_vanilla_s0,1787353284,247750
es_vanilla_s0,1787353294,247750
es_vanilla_s0,1787353304,247750
es_vanilla_s0,1787353314,247750
es_vanilla_s0,1787353324,247750
es_vanilla_s0,1787353334,247750
es_vanilla_s0,1787353344,247750
es_vanilla_s0,1787353354,247750
es_vanilla_s0,1787353364,247750
es_vanilla_s0,1787353375,247750
es_vanilla_s0,1787353385,247750
es_vanilla_s0,1787353395,247750
es_vanilla_s0,1787353405,247750
es_vanilla_s0,1787353415,247750
es_vanilla_s0,1787353425,247750
es_vanilla_s0,1787353435,247750
es_vanilla_s0,1787353445,247750
es_vanilla_s0,1787353455,247750
es_vanilla_s0,1787353465,247750
es_vanilla_s0,1787353476,247750
es_vanilla_s0,1787353486,247750
es_vanilla_s0,1787353496,247750
es_vanilla_s0,1787353506,247750
es_vanilla_s0,1787353516,247750
es_vanilla_s0,1787353526,247750
es_vanilla_s0,1787353536,247750
es_vanilla_s0,1787353546,247750
es_vanilla_s0,1787353556,247750
es_vanilla_s0,1787353566,247750
es_vanilla_s0,1787353577,247750
es_vanilla_s0,1787353587,247750
es_vanilla_s0,1787353597,247750
es_vanilla_s0,1787353607,247750
es_vanilla_s0,1787353617,247750
es_vanilla_s0,1787353627,247750
es_vanilla_s0,1787353637,247750
es_vanilla_s0,1787353647,247750
es_vanilla_s0,1787353657,247750
es_vanilla_s0,1787353667,247750
es_vanilla_s0,1787353677,247750
es_vanilla_s0,1787353688,247750
es_vanilla_s0,1787353698,247750
es_vanilla_s0,1787353708,247750
es_vanilla_s0,1787353718,247750
es_vanilla_s0,1787353728,247750
es_vanilla_s0,1787353738,247750
es_vanilla_s0,1787353748,247750
es_vanilla_s0,1787353758,247750
es_vanilla_s0,1787353768,247750
es_vanilla_s0,1787353778,247750
es_vanilla_s0,1787353789,247750
es_vanilla_s0,1787353799,247750
es_vanilla_s0,1787353809,247750
es_vanilla_s0,1787353819,247750
es_vanilla_s0,1787353829,247750
es_vanilla_s0,1787353839,247750
es_vanilla_s0,1787353849,247750
es_vanilla_s0,1787353859,247750
es_vanilla_s0,1787353869,247750
es_vanilla_s0,1787353879,247750
es_vanilla_s0,1787353890,247750
es_vanilla_s0,1787353900,247750
es_vanilla_s0,1787353910,247750
es_vanilla_s0,1787353920,247750
es_vanilla_s0,1787353930,247750
es_vanilla_s0,1787353940,247750
es_vanilla_s0,1787353950,247750
es_vanilla_s0,1787353960,247750
es_vanilla_s0,1787353970,247750
es_vanilla_s0,1787353980,247750
es_vanilla_s0,1787353991,247750
es_vanilla_s0,1787354001,247750
es_vanilla_s0,1787354011,247750
es_vanilla_s0,1787354021,247750
es_vanilla_s0,1787354031,247750
es_vanilla_s0,1787354041,247750
es_vanilla_s0,1787354051,247750
es_vanilla_s0,1787354061,247750
es_vanilla_s0,1787354071,247750
es_vanilla_s0,1787354081,247750
es_vanilla_s0,1787354092,247750
es_vanilla_s0,1787354102,247750
es_vanilla_s0,1787354112,247750
es_vanilla_s0,1787354122,247750
es_vanilla_s0,1787354132,247750
es_vanilla_s0,1787354142,247750
es_vanilla_s0,1787354152,247750
es_vanilla_s0,1787354162,247750
es_vanilla_s0,1787354172,247750
es_vanilla_s0,1787354182,247750
es_vanilla_s0,1787354193,247750
es_vanilla_s0,1787354203,247750
es_vanilla_s0,1787354213,247750
es_vanilla_s0,1787354223,247750
es_vanilla_s0,1787354233,247750
es_vanilla_s0,1787354243,247750
es_vanilla_s0,1787354253,247750
es_vanilla_s0,1787354263,247750
es_vanilla_s0,1787354273,247750
es_vanilla_s0,1787354283,247750
es_vanilla_s0,1787354294,247750
es_vanilla_s0,1787354304,247750
es_vanilla_s0,1787354314,247750
es_vanilla_s0,1787354324,247750
es_vanilla_s0,1787354334,247750
es_vanilla_s0,1787354344,247750
es_vanilla_s0,1787354354,247750
es_vanilla_s0,1787354364,247750
es_vanilla_s0,1787354374,247750
es_vanilla_s0,1787354384,247750
es_vanilla_s0,1787354395,247750
es_vanilla_s0,1787354405,247750
es_vanilla_s0,1787354415,247750
es_vanilla_s0,1787354425,247750
es_vanilla_s0,1787354435,247750
es_vanilla_s0,1787354445,247750
es_vanilla_s0,1787354455,247750
es_vanilla_s0,1787354465,247750
es_vanilla_s0,1787354475,247750
es_vanilla_s0,1787354485,247750
es_vanilla_s0,1787354496,247750
es_vanilla_s0,1787354506,247750
es_vanilla_s0,1787354516,247750
es_vanilla_s0,1787354526,247750
es_vanilla_s0,1787354536,247750
es_vanilla_s0,1787354546,247750
es_vanilla_s0,1787354556,247750
es_vanilla_s0,1787354566,247750
es_vanilla_s0,1787354576,247750
es_vanilla_s0,1787354586,247750
es_vanilla_s0,1787354596,247750
es_vanilla_s0,1787354607,247750
es_vanilla_s0,1787354617,247750
es_vanilla_s0,1787354627,247750
es_vanilla_s0,1787354637,247750
es_vanilla_s0,1787354647,247750
es_vanilla_s0,1787354657,247750
es_vanilla_s0,1787354667,247750
es_vanilla_s0,1787354677,247750
es_vanilla_s0,1787354687,247750
es_vanilla_s0,1787354697,247750
es_vanilla_s0,1787354708,247750
es_vanilla_s0,1787354718,247750
es_vanilla_s0,1787354728,247750
es_vanilla_s0,1787354738,247750
es_vanilla_s0,1787354748,247750
es_vanilla_s0,1787354758,247750
es_vanilla_s0,1787354768,247750
es_vanilla_s0,1787354778,247750
es_vanilla_s0,1787354788,247750
es_vanilla_s0,1787354798,247750
es_vanilla_s0,1787354809,247750
es_vanilla_s0,1787354819,247750
es_vanilla_s0,1787354829,247750
es_vanilla_s0,1787354839,247750
es_vanilla_s0,1787354849,247750
es_vanilla_s0,1787354859,247750
es_vanilla_s0,1787354869,247750
es_vanilla_s0,1787354879,247750
es_vanilla_s0,1787354889,247750
es_vanilla_s0,1787354899,247750
es_vanilla_s0,1787354910,247750
es_vanilla_s0,1787354920,247750
es_vanilla_s0,1787354930,247750
es_vanilla_s0,1787354940,247750
es_vanilla_s0,1787354950,247750
es_vanilla_s0,1787354960,247750
es_vanilla_s0,1787354970,247750
es_vanilla_s0,1787354980,247750
es_vanilla_s0,1787354990,247750
es_vanilla_s0,1787355000,247750
es_vanilla_s0,1787355011,247750
es_vanilla_s0,1787355021,247750
es_vanilla_s0,1787355031,247750
es_vanilla_s0,1787355041,247750
es_vanilla_s0,1787355051,247750
es_vanilla_s0,1787355061,247750
es_vanilla_s0,1787355071,247750
es_vanilla_s0,1787355081,247750
es_vanilla_s0,1787355091,247750
es_vanilla_s0,1787355101,247750
es_vanilla_s0,1787355112,247750
es_vanilla_s0,1787355122,247750
es_vanilla_s0,1787355132,247750
es_vanilla_s0,1787355142,247750
es_vanilla_s0,1787355152,247750
es_vanilla_s0,1787355162,247750
es_vanilla_s0,1787355172,247750
es_vanilla_s0,1787355182,247750
es_vanilla_s0,1787355192,247750
es_vanilla_s0,1787355202,247750
es_vanilla_s0,1787355212,247750
es_vanilla_s0,1787355223,247750
es_vanilla_s0,1787355233,247750
es_vanilla_s0,1787355243,247750
es_vanilla_s0,1787355253,247750
es_vanilla_s0,1787355263,247750
es_vanilla_s0,1787355273,247750
es_vanilla_s0,1787355283,247750
es_vanilla_s0,1787355293,247750
es_vanilla_s0,1787355303,247750
es_vanilla_s0,1787355313,247750
es_vanilla_s0,1787355324,247750
es_vanilla_s0,1787355334,247750
es_vanilla_s0,1787355344,247750
es_vanilla_s0,1787355354,247750
es_vanilla_s0,1787355364,247750
es_vanilla_s0,1787355374,247750
es_vanilla_s0,1787355384,247750
es_vanilla_s0,1787355394,247750
es_vanilla_s0,1787355404,247750
es_vanilla_s0,1787355414,247750
es_vanilla_s0,1787355425,247750
es_vanilla_s0,1787355435,247750
es_vanilla_s0,1787355445,247750
es_vanilla_s0,1787355455,247750
es_vanilla_s0,1787355465,247750
es_vanilla_s0,1787355475,247750
es_vanilla_s0,1787355485,247750
es_vanilla_s0,1787355495,247750
es_vanilla_s0,1787355505,247750
es_vanilla_s0,1787355515,247750
es_vanilla_s0,1787355526,247750
es_vanilla_s0,1787355536,247750
es_vanilla_s0,1787355546,247750
es_vanilla_s0,1787355556,247750
es_vanilla_s0,1787355566,247750
es_vanilla_s0,1787355576,247750
es_vanilla_s0,1787355586,247750
es_vanilla_s0,1787355596,247750
es_vanilla_s0,1787355606,247750
es_vanilla_s0,1787355616,247750
es_vanilla_s0,1787355627,247750
es_vanilla_s0,1787355637,247750
es_vanilla_s0,1787355647,247750
es_vanilla_s0,1787355657,247750
es_vanilla_s0,1787355667,247750
es_vanilla_s0,1787355677,247750
es_vanilla_s0,1787355687,247750
es_vanilla_s0,1787355697,247750
es_vanilla_s0,1787355707,247750
es_vanilla_s0,1787355717,247750
es_vanilla_s0,1787355728,247750
es_vanilla_s0,1787355738,247750
es_vanilla_s0,1787355748,247750
es_vanilla_s0,1787355758,247750
es_vanilla_s0,1787355768,247750
es_vanilla_s0,1787355778,247750
es_vanilla_s0,1787355788,247750
es_vanilla_s0,1787355798,247750
es_vanilla_s0,1787355808,247750
es_vanilla_s0,1787355818,247750
es_vanilla_s0,1787355828,247750
es_vanilla_s0,1787355839,247750
es_vanilla_s0,1787355849,247750
es_vanilla_s0,1787355859,247750
es_vanilla_s0,1787355869,247750
es_vanilla_s0,1787355879,247750
es_vanilla_s0,1787355889,247750
es_vanilla_s0,1787355899,247750
es_vanilla_s0,1787355909,247750
es_vanilla_s0,1787355919,247750
es_vanilla_s0,1787355929,247750
es_vanilla_s0,1787355940,247750
es_vanilla_s0,1787355950,247750
es_vanilla_s0,1787355960,247750
es_vanilla_s0,1787355970,247750
es_vanilla_s0,1787355980,247750
es_vanilla_s0,1787355990,247750
es_vanilla_s0,1787356000,247750
es_vanilla_s0,1787356010,247750
es_vanilla_s0,1787356020,247750
es_vanilla_s0,1787356030,247750
es_vanilla_s0,1787356041,247750
es_vanilla_s0,1787356051,247750
es_vanilla_s0,1787356061,247750
es_vanilla_s0,1787356071,247750
es_vanilla_s0,1787356081,247750
es_vanilla_s0,1787356091,247750
es_vanilla_s0,1787356101,247750
es_vanilla_s0,1787356111,247750
es_vanilla_s0,1787356121,247750
es_vanilla_s0,1787356131,247750
es_vanilla_s0,1787356142,247750
es_vanilla_s0,1787356152,247750
es_vanilla_s0,1787356162,247750
es_vanilla_s0,1787356172,247750
es_vanilla_s0,1787356182,247750
es_vanilla_s0,1787356192,247750
es_vanilla_s0,1787356202,247750
es_vanilla_s0,1787356212,247750
es_vanilla_s0,1787356222,247750
es_vanilla_s0,1787356232,247750
es_vanilla_s0,1787356243,247750
es_vanilla_s0,1787356253,247750
es_vanilla_s0,1787356263,247750
es_vanilla_s0,1787356273,247750
es_vanilla_s0,1787356283,247750
es_vanilla_s0,1787356293,247750
es_vanilla_s0,1787356303,247750
es_vanilla_s0,1787356313,247750
es_vanilla_s0,1787356323,247750
es_vanilla_s0,1787356333,247750
es_vanilla_s0,1787356344,247750
es_vanilla_s0,1787356354,247750
es_vanilla_s0,1787356364,247750
es_vanilla_s0,1787356374,247750
es_vanilla_s0,1787356384,247750
es_vanilla_s0,1787356394,247750
es_vanilla_s0,1787356404,247750
es_vanilla_s0,1787356414,247750
es_vanilla_s0,1787356424,247750
es_vanilla_s0,1787356434,247750
es_vanilla_s0,1787356444,247750
es_vanilla_s0,1787356455,247750
es_vanilla_s0,1787356465,247750
es_vanilla_s0,1787356475,247750
es_vanilla_s0,1787356485,247750
es_vanilla_s0,1787356495,247750
es_vanilla_s0,1787356505,247750
es_vanilla_s0,1787356515,247750
es_vanilla_s0,1787356525,247750
es_vanilla_s0,1787356535,247750
es_vanilla_s0,1787356545,247750
es_vanilla_s0,1787356556,247750
es_vanilla_s0,1787356566,247750
es_vanilla_s0,1787356576,247750
es_vanilla_s0,1787356586,247750
es_vanilla_s0,1787356596,247750
es_vanilla_s0,1787356606,247750
es_vanilla_s0,1787356616,247750
es_vanilla_s0,1787356626,247750
es_vanilla_s0,1787356636,247750
es_vanilla_s0,1787356646,247750
es_vanilla_s0,1787356657,247750
es_vanilla_s0,1787356667,247750
es_vanilla_s0,1787356677,247750
es_vanilla_s0,1787356687,247750
es_vanilla_s0,1787356697,247750
es_vanilla_s0,1787356707,247750
es_vanilla_s0,1787356717,247750
es_vanilla_s0,1787356727,247750
es_vanilla_s0,1787356737,247750
es_vanilla_s0,1787356747,247750
es_vanilla_s0,1787356757,247750
es_vanilla_s0,1787356768,247750
es_vanilla_s0,1787356778,247750
es_vanilla_s0,1787356788,247750
es_vanilla_s0,1787356798,247750
es_vanilla_s0,1787356808,247750
es_vanilla_s0,1787356818,247750
es_vanilla_s0,1787356828,247750
es_vanilla_s0,1787356838,247750
es_vanilla_s0,1787356848,247750
es_vanilla_s0,1787356858,247750
es_vanilla_s0,1787356869,247750
es_vanilla_s0,1787356879,247750
es_vanilla_s0,1787356889,247750
es_vanilla_s0,1787356899,247750
es_vanilla_s0,1787356909,247750
es_vanilla_s0,1787356919,247750
es_vanilla_s0,1787356929,247750
es_vanilla_s0,1787356939,247750
es_vanilla_s0,1787356949,247750
es_vanilla_s0,1787356959,247750
es_vanilla_s0,1787356970,247750
es_vanilla_s0,1787356980,247750
es_vanilla_s0,1787356990,247750
es_vanilla_s0,1787357000,247750
es_vanilla_s0,1787357010,247750
es_vanilla_s0,1787357020,247750
es_vanilla_s0,1787357030,247750
es_vanilla_s0,1787357040,247750
es_vanilla_s0,1787357050,247750
es_vanilla_s0,1787357060,247750
es_vanilla_s0,1787357071,247750
es_vanilla_s0,1787357081,247750
es_vanilla_s0,1787357091,247750
es_vanilla_s0,1787357101,247750
es_vanilla_s0,1787357111,247750
es_vanilla_s0,1787357121,247750
es_vanilla_s0,1787357131,247750
es_vanilla_s0,1787357141,247750
es_vanilla_s0,1787357151,247750
es_vanilla_s0,1787357161,247750
es_vanilla_s0,1787357172,247750
es_vanilla_s0,1787357182,247750
es_vanilla_s0,1787357192,247750
es_vanilla_s0,1787357202,247750
es_vanilla_s0,1787357212,247750
es_vanilla_s0,1787357222,247750
es_vanilla_s0,1787357232,247750
es_vanilla_s0,1787357242,247750
es_vanilla_s0,1787357252,247750
es_vanilla_s0,1787357262,247750
es_vanilla_s0,1787357273,247750
es_vanilla_s0,1787357283,247750
es_vanilla_s0,1787357293,247750
es_vanilla_s0,1787357303,247750
es_vanilla_s0,1787357313,247750
es_vanilla_s0,1787357323,247750
es_vanilla_s0,1787357333,247750
es_vanilla_s0,1787357343,247750
es_vanilla_s0,1787357353,247750
es_vanilla_s0,1787357363,247750
es_vanilla_s0,1787357373,247750
es_vanilla_s0,1787357384,247750
es_vanilla_s0,1787357394,247750
es_vanilla_s0,1787357404,247750
es_vanilla_s0,1787357414,247750
es_vanilla_s0,1787357424,247750
es_vanilla_s0,1787357434,247750
es_vanilla_s0,1787357444,247750
es_vanilla_s0,1787357454,247750
es_vanilla_s0,1787357464,247750
es_vanilla_s0,1787357474,247750
es_vanilla_s0,1787357485,247750
es_vanilla_s0,1787357495,247750
es_vanilla_s0,1787357505,247750
es_vanilla_s0,1787357515,247750
es_vanilla_s0,1787357525,247750
es_vanilla_s0,1787357535,247750
es_vanilla_s0,1787357545,247750
es_vanilla_s0,1787357555,247750
es_vanilla_s0,1787357565,247750
es_vanilla_s0,1787357575,247750
es_vanilla_s0,1787357586,247750
es_vanilla_s0,1787357596,247750
es_vanilla_s0,1787357606,247750
es_vanilla_s0,1787357616,247750
es_vanilla_s0,1787357626,247750
es_vanilla_s0,1787357636,247750
es_vanilla_s0,1787357646,247750
es_vanilla_s0,1787357656,247750
es_vanilla_s0,1787357666,247750
es_vanilla_s0,1787357676,247750
es_vanilla_s0,1787357687,247750
es_vanilla_s0,1787357697,247750
es_vanilla_s0,1787357707,247750
es_vanilla_s0,1787357717,247750
es_vanilla_s0,1787357727,247750
es_vanilla_s0,1787357737,247750
es_vanilla_s0,1787357747,247750
es_vanilla_s0,1787357757,247750
es_vanilla_s0,1787357767,247750
es_vanilla_s0,1787357777,247750
es_vanilla_s0,1787357788,247750
es_vanilla_s0,1787357798,247750
es_vanilla_s0,1787357808,247750
es_vanilla_s0,1787357818,247750
es_vanilla_s0,1787357828,247750
es_vanilla_s0,1787357838,247750
es_vanilla_s0,1787357848,247750
es_vanilla_s0,1787357858,247750
es_vanilla_s0,1787357868,247750
es_vanilla_s0,1787357878,247750
es_vanilla_s0,1787357889,247750
es_vanilla_s0,1787357899,247750
es_vanilla_s0,1787357909,247750
es_vanilla_s0,1787357919,247750
es_vanilla_s0,1787357929,247750
es_vanilla_s0,1787357939,247750
es_vanilla_s0,1787357949,247750
es_vanilla_s0,1787357959,247750
es_vanilla_s0,1787357969,247750
es_vanilla_s0,1787357979,247750
es_vanilla_s0,1787357990,247750
es_vanilla_s0,1787358000,247750
es_vanilla_s0,1787358010,247750
es_vanilla_s0,1787358020,247750
es_vanilla_s0,1787358030,247750
es_vanilla_s0,1787358040,247750
es_vanilla_s0,1787358050,247750
es_vanilla_s0,1787358060,247750
es_vanilla_s0,1787358070,247750
es_vanilla_s0,1787358080,247750
es_vanilla_s0,1787358090,247750
es_vanilla_s0,1787358101,247750
es_vanilla_s0,1787358111,247750
es_vanilla_s0,1787358121,247750
es_vanilla_s0,1787358131,247750
es_vanilla_s0,1787358141,247750
es_vanilla_s0,1787358151,247750
es_vanilla_s0,1787358161,247750
es_vanilla_s0,1787358171,247750
es_vanilla_s0,1787358181,247750
es_vanilla_s0,1787358191,247750
es_vanilla_s0,1787358202,247750
es_vanilla_s0,1787358212,247750
es_vanilla_s0,1787358222,247750
es_vanilla_s0,1787358232,247750
es_vanilla_s0,1787358242,247750
es_vanilla_s0,1787358252,247750
es_vanilla_s0,1787358262,247750
es_vanilla_s0,1787358272,247750
es_vanilla_s0,1787358282,247750
es_vanilla_s0,1787358292,247750
es_vanilla_s0,1787358303,247750
es_vanilla_s0,1787358313,247750
es_vanilla_s0,1787358323,247750
es_vanilla_s0,1787358333,247750
es_vanilla_s0,1787358343,247750
es_vanilla_s0,1787358353,247750
es_vanilla_s0,1787358363,247750
es_vanilla_s0,1787358373,247750
es_vanilla_s0,1787358383,247750
es_vanilla_s0,1787358393,247750
es_vanilla_s0,1787358404,247750
es_vanilla_s0,1787358414,247750
es_vanilla_s0,1787358424,247750
es_vanilla_s0,1787358434,247750
es_vanilla_s0,1787358444,247750
es_vanilla_s0,1787358454,247750
es_vanilla_s0,1787358464,247750
es_vanilla_s0,1787358474,247750
es_vanilla_s0,1787358484,247750
es_vanilla_s0,1787358494,247750
es_vanilla_s0,1787358505,247750
es_vanilla_s0,1787358515,247750
es_vanilla_s0,1787358525,247750
es_vanilla_s0,1787358535,247750
es_vanilla_s0,1787358545,247750
es_vanilla_s0,1787358555,247750
es_vanilla_s0,1787358565,247750
es_vanilla_s0,1787358575,247750
es_vanilla_s0,1787358585,247750
es_vanilla_s0,1787358595,247750
es_vanilla_s0,1787358606,247750
es_vanilla_s0,1787358616,247750
es_vanilla_s0,1787358626,247750
es_vanilla_s0,1787358636,247750
es_vanilla_s0,1787358646,247750
es_vanilla_s0,1787358656,247750
es_vanilla_s0,1787358666,247750
es_vanilla_s0,1787358676,247750
es_vanilla_s0,1787358686,247750
es_vanilla_s0,1787358696,247750
es_vanilla_s0,1787358707,247750
es_vanilla_s0,1787358717,247750
es_vanilla_s0,1787358727,247750
es_vanilla_s0,1787358737,247750
es_vanilla_s0,1787358747,247750
es_vanilla_s0,1787358757,247750
es_vanilla_s0,1787358767,247750
es_vanilla_s0,1787358777,247750
es_vanilla_s0,1787358787,247750
es_vanilla_s0,1787358797,247750
es_vanilla_s0,1787358807,247750
es_vanilla_s0,1787358818,247750
es_vanilla_s0,1787358828,247750
es_vanilla_s0,1787358838,247750
es_vanilla_s0,1787358848,247750
es_vanilla_s0,1787358858,247750
es_vanilla_s0,1787358868,247750
es_vanilla_s0,1787358878,247750
es_vanilla_s0,1787358888,247750
es_vanilla_s0,1787358898,247750
es_vanilla_s0,1787358908,247750
es_vanilla_s0,1787358919,247750
es_vanilla_s0,1787358929,247750
es_vanilla_s0,1787358939,247750
es_vanilla_s0,1787358949,247750
es_vanilla_s0,1787358959,247750
es_vanilla_s0,1787358969,247750
es_vanilla_s0,1787358979,247750
es_vanilla_s0,1787358989,247750
es_vanilla_s0,1787358999,247750
es_vanilla_s0,1787359009,247750
es_vanilla_s0,1787359020,247750
es_vanilla_s0,1787359030,247750
es_vanilla_s0,1787359040,247750
es_vanilla_s0,1787359050,247750
es_vanilla_s0,1787359060,247750
es_vanilla_s0,1787359070,247750
es_vanilla_s0,1787359080,247750
es_vanilla_s0,1787359090,247750
es_vanilla_s0,1787359100,247750
es_vanilla_s0,1787359110,247750
es_vanilla_s0,1787359120,247750
es_vanilla_s0,1787359131,247750
es_vanilla_s0,1787359141,247750
es_vanilla_s0,1787359151,247750
es_vanilla_s0,1787359161,247750
es_vanilla_s0,1787359171,247750
es_vanilla_s0,1787359181,247750
es_vanilla_s0,1787359191,247750
es_vanilla_s0,1787359201,247750
es_vanilla_s0,1787359211,247750
es_vanilla_s0,1787359221,247750
es_vanilla_s0,1787359232,247750
es_vanilla_s0,1787359242,247750
es_vanilla_s0,1787359252,247750
es_vanilla_s0,1787359262,247750
es_vanilla_s0,1787359272,247750
es_vanilla_s0,1787359282,247750
es_vanilla_s0,1787359292,247750
es_vanilla_s0,1787359302,247750
es_vanilla_s0,1787359312,247750
es_vanilla_s0,1787359322,247750
es_vanilla_s0,1787359333,247750
es_vanilla_s0,1787359343,247750
es_vanilla_s0,1787359353,247750
es_vanilla_s0,1787359363,247750
es_vanilla_s0,1787359373,247750
es_vanilla_s0,1787359383,247750
es_vanilla_s0,1787359393,247750
es_vanilla_s0,1787359403,247750
es_vanilla_s0,1787359413,247750
es_vanilla_s0,1787359423,247750
es_vanilla_s0,1787359434,247750
es_vanilla_s0,1787359444,247750
es_vanilla_s0,1787359454,247750
es_vanilla_s0,1787359464,247750
es_vanilla_s0,1787359474,247750
es_vanilla_s0,1787359484,247750
es_vanilla_s0,1787359494,247750
es_vanilla_s0,1787359504,247750
es_vanilla_s0,1787359514,247750
es_vanilla_s0,1787359524,247750
es_vanilla_s0,1787359535,247750
es_vanilla_s0,1787359545,247750
es_vanilla_s0,1787359555,247750
es_vanilla_s0,1787359565,247750
es_vanilla_s0,1787359575,247750
es_vanilla_s0,1787359585,247750
es_vanilla_s0,1787359595,247750
es_vanilla_s0,1787359605,247750
es_vanilla_s0,1787359615,247750
es_vanilla_s0,1787359625,247750
es_vanilla_s0,1787359636,247750
es_vanilla_s0,1787359646,247750
es_vanilla_s0,1787359656,247750
es_vanilla_s0,1787359666,247750
es_vanilla_s0,1787359676,247750
es_vanilla_s0,1787359686,247750
es_vanilla_s0,1787359696,247750
es_vanilla_s0,1787359706,247750
es_vanilla_s0,1787359716,247750
es_vanilla_s0,1787359726,247750
es_vanilla_s0,1787359736,247750
es_vanilla_s0,1787359747,247750
es_vanilla_s0,1787359757,247750
es_vanilla_s0,1787359767,247750
es_vanilla_s0,1787359777,247750
es_vanilla_s0,1787359787,247750
es_vanilla_s0,1787359797,247750
es_vanilla_s0,1787359807,247750
es_vanilla_s0,1787359817,247750
es_vanilla_s0,1787359827,247750
es_vanilla_s0,1787359837,247750
es_vanilla_s0,1787359848,247750
es_vanilla_s0,1787359858,247750
es_vanilla_s0,1787359868,247750
es_vanilla_s0,1787359878,247750
es_vanilla_s0,1787359888,247750
es_vanilla_s0,1787359898,247750
es_vanilla_s0,1787359908,247750
es_vanilla_s0,1787359918,247750
es_vanilla_s0,1787359928,247750
es_vanilla_s0,1787359938,247750
es_vanilla_s0,1787359949,247750
es_vanilla_s0,1787359959,247750
es_vanilla_s0,1787359969,247750
es_vanilla_s0,1787359979,247750
es_vanilla_s0,1787359989,247750
es_vanilla_s0,1787359999,247750
es_vanilla_s0,1787360009,247750
es_vanilla_s0,1787360019,247750
es_vanilla_s0,1787360029,247750
es_vanilla_s0,1787360039,247750
es_vanilla_s0,1787360050,247750
es_vanilla_s0,1787360060,247750
es_vanilla_s0,1787360070,247750
es_vanilla_s0,1787360080,247750
es_vanilla_s0,1787360090,247750
es_vanilla_s0,1787360100,247750
es_vanilla_s0,1787360110,247750
es_vanilla_s0,1787360120,247750
es_vanilla_s0,1787360130,247750
es_vanilla_s0,1787360140,247750
es_vanilla_s0,1787360150,247750
es_vanilla_s0,1787360161,247750
es_vanilla_s0,1787360171,247750
es_vanilla_s0,1787360181,247750
es_vanilla_s0,1787360191,247750
es_vanilla_s0,1787360201,247750
es_vanilla_s0,1787360211,247750
es_vanilla_s0,1787360221,247750
es_vanilla_s0,1787360231,247750
es_vanilla_s0,1787360241,247750
es_vanilla_s0,1787360251,247750
es_vanilla_s0,1787360262,247750
es_vanilla_s0,1787360272,247750
es_vanilla_s0,1787360282,247750
es_vanilla_s0,1787360292,247750
es_vanilla_s0,1787360302,247750
es_vanilla_s0,1787360312,247750
es_vanilla_s0,1787360322,247750
es_vanilla_s0,1787360332,247750
es_vanilla_s0,1787360342,247750
es_vanilla_s0,1787360352,247750
es_vanilla_s0,1787360363,247750
es_vanilla_s0,1787360373,247750
es_vanilla_s0,1787360383,247750
es_vanilla_s0,1787360393,247750
es_vanilla_s0,1787360403,247750
es_vanilla_s0,1787360413,247750
es_vanilla_s0,1787360423,247750
es_vanilla_s0,1787360433,247750
es_vanilla_s0,1787360443,247750
es_vanilla_s0,1787360453,247750
es_vanilla_s0,1787360464,247750
es_vanilla_s0,1787360474,247750
es_vanilla_s0,1787360484,247750
es_vanilla_s0,1787360494,247750
es_vanilla_s0,1787360504,247750
es_vanilla_s0,1787360514,247750
es_vanilla_s0,1787360524,247750
es_vanilla_s0,1787360534,247750
es_vanilla_s0,1787360544,247750
es_vanilla_s0,1787360554,247750
es_vanilla_s0,1787360564,247750
es_vanilla_s0,1787360575,247750
es_vanilla_s0,1787360585,247750
es_vanilla_s0,1787360595,247750
es_vanilla_s0,1787360605,247750
es_vanilla_s0,1787360615,247750
es_vanilla_s0,1787360625,247750
es_vanilla_s0,1787360635,247750
es_vanilla_s0,1787360645,247750
es_vanilla_s0,1787360655,247750
es_vanilla_s0,1787360665,247750
es_vanilla_s0,1787360676,247750
es_vanilla_s0,1787360686,247750
es_vanilla_s0,1787360696,247750
es_vanilla_s0,1787360706,247750
es_vanilla_s0,1787360716,247750
es_vanilla_s0,1787360726,247750
es_vanilla_s0,1787360736,247750
es_vanilla_s0,1787360746,247750
es_vanilla_s0,1787360756,247750
es_vanilla_s0,1787360766,247750
es_vanilla_s0,1787360777,247750
es_vanilla_s0,1787360787,247750
es_vanilla_s0,1787360797,247750
es_vanilla_s0,1787360807,247750
es_vanilla_s0,1787360817,247750
es_vanilla_s0,1787360827,247750
es_vanilla_s0,1787360837,247750
es_vanilla_s0,1787360847,247750
es_vanilla_s0,1787360857,247750
es_vanilla_s0,1787360867,247750
es_vanilla_s0,1787360878,247750
es_vanilla_s0,1787360888,247750
es_vanilla_s0,1787360898,247750
es_vanilla_s0,1787360908,247750
es_vanilla_s0,1787360918,247750
es_vanilla_s0,1787360928,247750
es_vanilla_s0,1787360938,247750
es_vanilla_s0,1787360948,247750
es_vanilla_s0,1787360958,247750
es_vanilla_s0,1787360968,247750
es_vanilla_s0,1787360978,247750
es_vanilla_s0,1787360989,247750
es_vanilla_s0,1787360999,247750
es_vanilla_s0,1787361009,247750
es_vanilla_s0,1787361019,247750
es_vanilla_s0,1787361029,247750
es_vanilla_s0,1787361039,247750
es_vanilla_s0,1787361049,247750
es_vanilla_s0,1787361059,247750
es_vanilla_s0,1787361069,247750
es_vanilla_s0,1787361079,247750
es_vanilla_s0,1787361090,247750
es_vanilla_s0,1787361100,247750
es_vanilla_s0,1787361110,247750
es_vanilla_s0,1787361120,247750
es_vanilla_s0,1787361130,247750
es_vanilla_s0,1787361140,247750
es_vanilla_s0,1787361150,247750
es_vanilla_s0,1787361160,247750
es_vanilla_s0,1787361170,247750
es_vanilla_s0,1787361180,247750
es_vanilla_s0,1787361191,247750
es_vanilla_s0,1787361201,247750
es_vanilla_s0,1787361211,247750
es_vanilla_s0,1787361221,247750
es_vanilla_s0,1787361231,247750
es_vanilla_s0,1787361241,247750
es_vanilla_s0,1787361251,247750
es_vanilla_s0,1787361261,247750
es_vanilla_s0,1787361271,247750
es_vanilla_s0,1787361281,247750
es_vanilla_s0,1787361292,247750
es_vanilla_s0,1787361302,247750
es_vanilla_s0,1787361312,247750
es_vanilla_s0,1787361322,247750
es_vanilla_s0,1787361332,247750
es_vanilla_s0,1787361342,247750
es_vanilla_s0,1787361352,247750
es_vanilla_s0,1787361362,247750
es_vanilla_s0,1787361372,247750
es_vanilla_s0,1787361382,247750
es_vanilla_s0,1787361393,247750
es_vanilla_s0,1787361403,247750
es_vanilla_s0,1787361413,247750
es_vanilla_s0,1787361423,247750
es_vanilla_s0,1787361433,247750
es_vanilla_s0,1787361443,247750
es_vanilla_s0,1787361453,247750
es_vanilla_s0,1787361463,247750
es_vanilla_s0,1787361473,247750
es_vanilla_s0,1787361483,247750
es_vanilla_s0,1787361494,247750
es_vanilla_s0,1787361504,247750
es_vanilla_s0,1787361514,247750
es_vanilla_s0,1787361524,247750
es_vanilla_s0,1787361534,247750
es_vanilla_s0,1787361544,247750
es_vanilla_s0,1787361554,247750
es_vanilla_s0,1787361564,247750
es_vanilla_s0,1787361574,247750
es_vanilla_s0,1787361584,247750
es_vanilla_s0,1787361595,247750
es_vanilla_s0,1787361605,247750
es_vanilla_s0,1787361615,247750
es_vanilla_s0,1787361625,247750
es_vanilla_s0,1787361635,247750
es_vanilla_s0,1787361645,247750
es_vanilla_s0,1787361655,247750
es_vanilla_s0,1787361665,247750
es_vanilla_s0,1787361675,247750
es_vanilla_s0,1787361685,247750
es_vanilla_s0,1787361696,247750
es_vanilla_s0,1787361706,247750
es_vanilla_s0,1787361716,247750
es_vanilla_s0,1787361726,247750
es_vanilla_s0,1787361736,247750
es_vanilla_s0,1787361746,247750
es_vanilla_s0,1787361756,247750
es_vanilla_s0,1787361766,247750
es_vanilla_s0,1787361776,247750
es_vanilla_s0,1787361786,247750
es_vanilla_s0,1787361797,247750
es_vanilla_s0,1787361807,247750
es_vanilla_s0,1787361817,247750
es_vanilla_s0,1787361827,247750
es_vanilla_s0,1787361837,247750
es_vanilla_s0,1787361847,247750
es_vanilla_s0,1787361857,247750
es_vanilla_s0,1787361867,247750
es_vanilla_s0,1787361877,247750
es_vanilla_s0,1787361887,247750
es_vanilla_s0,1787361897,247750
es_vanilla_s0,1787361908,247750
es_vanilla_s0,1787361918,247750
es_vanilla_s0,1787361928,247750
es_vanilla_s0,1787361938,247750
es_vanilla_s0,1787361948,247750
es_vanilla_s0,1787361958,247750
es_vanilla_s0,1787361968,247750
es_vanilla_s0,1787361978,247750
es_vanilla_s0,1787361988,247750
es_vanilla_s0,1787361998,247750
es_vanilla_s0,1787362009,247750
es_vanilla_s0,1787362019,247750
es_vanilla_s0,1787362029,247750
es_vanilla_s0,1787362039,247750
es_vanilla_s0,1787362049,247750
es_vanilla_s0,1787362059,247750
es_vanilla_s0,1787362069,247750
es_vanilla_s0,1787362079,247750
es_vanilla_s0,1787362089,247750
es_vanilla_s0,1787362099,247750
es_vanilla_s0,1787362110,247750
es_vanilla_s0,1787362120,247750
es_vanilla_s0,1787362130,247750
es_vanilla_s0,1787362140,247750
es_vanilla_s0,1787362150,247750
es_vanilla_s0,1787362160,247750
es_vanilla_s0,1787362170,247750
es_vanilla_s0,1787362180,247750
es_vanilla_s0,1787362190,247750
es_vanilla_s0,1787362200,247750
es_vanilla_s0,1787362211,247750
es_vanilla_s0,1787362221,247750
es_vanilla_s0,1787362231,247750
es_vanilla_s0,1787362241,247750
es_vanilla_s0,1787362251,247750
es_vanilla_s0,1787362261,247750
es_vanilla_s0,1787362271,247750
es_vanilla_s0,1787362281,247750
es_vanilla_s0,1787362291,247750
es_vanilla_s0,1787362301,247750
es_vanilla_s0,1787362312,247750
es_vanilla_s0,1787362322,247750
es_vanilla_s0,1787362332,247750
es_vanilla_s0,1787362342,247750
es_vanilla_s0,1787362352,247750
es_vanilla_s0,1787362362,247750
es_vanilla_s0,1787362372,247750
es_vanilla_s0,1787362382,247750
es_vanilla_s0,1787362392,247750
es_vanilla_s0,1787362402,247750
es_vanilla_s0,1787362413,247750
es_vanilla_s0,1787362423,247750
es_vanilla_s0,1787362433,247750
es_vanilla_s0,1787362443,247750
es_vanilla_s0,1787362453,247750
es_vanilla_s0,1787362463,247750
es_vanilla_s0,1787362473,247750
es_vanilla_s0,1787362483,247750
es_vanilla_s0,1787362493,247750
es_vanilla_s0,1787362503,247750
es_vanilla_s0,1787362514,247750
es_vanilla_s0,1787362524,247750
es_vanilla_s0,1787362534,247750
es_vanilla_s0,1787362544,247750
es_vanilla_s0,1787362554,247750
es_vanilla_s0,1787362564,247750
es_vanilla_s0,1787362574,247750
es_vanilla_s0,1787362584,247750
es_vanilla_s0,1787362594,247750
es_vanilla_s0,1787362604,247750
es_vanilla_s0,1787362614,247750
es_vanilla_s0,1787362625,247750
es_vanilla_s0,1787362635,247750
es_vanilla_s0,1787362645,247750
es_vanilla_s0,1787362655,247750
es_vanilla_s0,1787362665,247750
es_vanilla_s0,1787362675,247750
es_vanilla_s0,1787362685,247750
es_vanilla_s0,1787362695,247750
es_vanilla_s0,1787362705,247750
es_vanilla_s0,1787362715,247750
es_vanilla_s0,1787362726,247750
es_vanilla_s0,1787362736,247750
es_vanilla_s0,1787362746,247750
es_vanilla_s0,1787362756,247750
es_vanilla_s0,1787362766,247750
es_vanilla_s0,1787362776,247750
es_vanilla_s0,1787362786,247750
es_vanilla_s0,1787362796,247750
es_vanilla_s0,1787362806,247750
es_vanilla_s0,1787362816,247750
es_vanilla_s0,1787362827,247750
es_vanilla_s0,1787362837,247750
es_vanilla_s0,1787362847,247750
es_vanilla_s0,1787362857,247750
es_vanilla_s0,1787362867,247750
es_vanilla_s0,1787362877,247750
es_vanilla_s0,1787362887,247750
es_vanilla_s0,1787362897,247750
es_vanilla_s0,1787362907,247750
es_vanilla_s0,1787362917,247750
es_vanilla_s0,1787362928,247750
es_vanilla_s0,1787362938,247750
es_vanilla_s0,1787362948,247750
es_vanilla_s0,1787362958,247750
es_vanilla_s0,1787362968,247750
es_vanilla_s0,1787362978,247750
es_vanilla_s0,1787362988,247750
es_vanilla_s0,1787362998,247750
es_vanilla_s0,1787363008,247750
es_vanilla_s0,1787363018,247750
es_vanilla_s0,1787363029,247750
es_vanilla_s0,1787363039,247750
es_vanilla_s0,1787363049,247750
es_vanilla_s0,1787363059,247750
es_vanilla_s0,1787363069,247750
es_vanilla_s0,1787363079,247750
es_vanilla_s0,1787363089,247750
es_vanilla_s0,1787363099,247750
es_vanilla_s0,1787363109,247750
es_vanilla_s0,1787363119,247750
es_vanilla_s0,1787363129,247750
es_vanilla_s0,1787363140,247750
es_vanilla_s0,1787363150,247750
es_vanilla_s0,1787363160,247750
es_vanilla_s0,1787363170,247750
es_vanilla_s0,1787363180,247750
es_vanilla_s0,1787363190,247750
es_vanilla_s0,1787363200,247750
es_vanilla_s0,1787363210,247750
es_vanilla_s0,1787363220,247750
es_vanilla_s0,1787363231,247750
es_vanilla_s0,1787363241,247750
es_vanilla_s0,1787363251,247750
es_vanilla_s0,1787363261,247750
es_vanilla_s0,1787363271,247750
es_vanilla_s0,1787363281,247750
es_vanilla_s0,1787363291,247750
es_vanilla_s0,1787363301,247750
es_vanilla_s0,1787363311,247750
es_vanilla_s0,1787363321,247750
es_vanilla_s0,1787363331,247750
es_vanilla_s0,1787363342,247750
es_vanilla_s0,1787363352,247750
es_vanilla_s0,1787363362,247750
es_vanilla_s0,1787363372,247750
es_vanilla_s0,1787363382,247750
es_vanilla_s0,1787363392,247750
es_vanilla_s0,1787363402,247750
es_vanilla_s0,1787363412,247750
es_vanilla_s0,1787363422,247750
es_vanilla_s0,1787363432,247750
es_vanilla_s0,1787363443,247750
es_vanilla_s0,1787363453,247750
es_vanilla_s0,1787363463,247750
es_vanilla_s0,1787363473,247750
es_vanilla_s0,1787363483,247750
es_vanilla_s0,1787363493,247750
es_vanilla_s0,1787363503,247750
es_vanilla_s0,1787363513,247750
es_vanilla_s0,1787363523,247750
es_vanilla_s0,1787363533,247750
es_vanilla_s0,1787363544,247750
es_vanilla_s0,1787363554,247750
es_vanilla_s0,1787363564,247750
es_vanilla_s0,1787363574,247750
es_vanilla_s0,1787363584,247750
es_vanilla_s0,1787363594,247750
es_vanilla_s0,1787363604,247750
es_vanilla_s0,1787363614,247750
es_vanilla_s0,1787363624,247750
es_vanilla_s0,1787363634,247750
es_vanilla_s0,1787363645,247750
es_vanilla_s0,1787363655,247750
es_vanilla_s0,1787363665,247750
es_vanilla_s0,1787363675,247750
es_vanilla_s0,1787363685,247750
es_vanilla_s0,1787363695,247750
es_vanilla_s0,1787363705,247750
es_vanilla_s0,1787363715,247750
es_vanilla_s0,1787363725,247750
es_vanilla_s0,1787363735,247750
es_vanilla_s0,1787363746,247750
es_vanilla_s0,1787363756,247750
es_vanilla_s0,1787363766,247750
es_vanilla_s0,1787363776,247750
es_vanilla_s0,1787363786,247750
es_vanilla_s0,1787363796,247750
es_vanilla_s0,1787363806,247750
es_vanilla_s0,1787363816,247750
es_vanilla_s0,1787363826,247750
es_vanilla_s0,1787363836,247750
es_vanilla_s0,1787363847,247750
es_vanilla_s0,1787363857,247750
es_vanilla_s0,1787363867,247750
es_vanilla_s0,1787363877,247750
es_vanilla_s0,1787363887,247750
es_vanilla_s0,1787363897,247750
es_vanilla_s0,1787363907,247750
es_vanilla_s0,1787363917,247750
es_vanilla_s0,1787363927,247750
es_vanilla_s0,1787363937,247750
es_vanilla_s0,1787363948,247750
es_vanilla_s0,1787363958,247750
es_vanilla_s0,1787363968,247750
es_vanilla_s0,1787363978,247750
es_vanilla_s0,1787363988,247750
es_vanilla_s0,1787363998,247750
es_vanilla_s0,1787364008,247750
es_vanilla_s0,1787364018,247750
es_vanilla_s0,1787364028,247750
es_vanilla_s0,1787364038,247750
es_vanilla_s0,1787364049,247750
es_vanilla_s0,1787364059,247750
es_vanilla_s0,1787364069,247750
es_vanilla_s0,1787364079,247750
es_vanilla_s0,1787364089,247750
es_vanilla_s0,1787364099,247750
es_vanilla_s0,1787364109,247750
es_vanilla_s0,1787364119,247750
es_vanilla_s0,1787364129,247750
es_vanilla_s0,1787364139,247750
es_vanilla_s0,1787364149,247750
es_vanilla_s0,1787364160,247750
es_vanilla_s0,1787364170,247750
es_vanilla_s0,1787364180,247750
es_vanilla_s0,1787364190,247750
es_vanilla_s0,1787364200,247750
es_vanilla_s0,1787364210,247750
es_vanilla_s0,1787364220,247750
es_vanilla_s0,1787364230,247750
es_vanilla_s0,1787364240,247750
es_vanilla_s0,1787364250,247750
es_vanilla_s0,1787364261,247750
es_vanilla_s0,1787364271,247750
es_vanilla_s0,1787364281,247750
es_vanilla_s0,1787364291,247750
es_vanilla_s0,1787364301,247750
es_vanilla_s0,1787364311,247750
es_vanilla_s0,1787364321,247750
es_vanilla_s0,1787364331,247750
es_vanilla_s0,1787364341,247750
es_vanilla_s0,1787364351,247750
es_vanilla_s0,1787364362,247750
es_vanilla_s0,1787364372,247750
es_vanilla_s0,1787364382,247750
es_vanilla_s0,1787364392,247750
es_vanilla_s0,1787364402,247750
es_vanilla_s0,1787364412,247750
es_vanilla_s0,1787364422,247750
es_vanilla_s0,1787364432,247750
es_vanilla_s0,1787364442,247750
es_vanilla_s0,1787364452,247750
es_vanilla_s0,1787364463,247750
es_vanilla_s0,1787364473,247750
es_vanilla_s0,1787364483,247750
es_vanilla_s0,1787364493,247750
es_vanilla_s0,1787364503,247750
es_vanilla_s0,1787364513,247750
es_vanilla_s0,1787364523,247750
es_vanilla_s0,1787364533,247750
es_vanilla_s0,1787364543,247750
es_vanilla_s0,1787364553,247750
es_vanilla_s0,1787364564,247750
es_vanilla_s0,1787364574,247750
es_vanilla_s0,1787364584,247750
es_vanilla_s0,1787364594,247750
es_vanilla_s0,1787364604,247750
es_vanilla_s0,1787364614,247750
es_vanilla_s0,1787364624,247750
es_vanilla_s0,1787364634,247750
es_vanilla_s0,1787364644,247750
es_vanilla_s0,1787364654,247750
es_vanilla_s0,1787364665,247750
es_vanilla_s0,1787364675,247750
es_vanilla_s0,1787364685,247750
es_vanilla_s0,1787364695,247750
es_vanilla_s0,1787364705,247750
es_vanilla_s0,1787364715,247750
es_vanilla_s0,1787364725,247750
es_vanilla_s0,1787364735,247750
es_vanilla_s0,1787364745,247750
es_vanilla_s0,1787364755,247750
es_vanilla_s0,1787364766,247750
es_vanilla_s0,1787364776,247750
es_vanilla_s0,1787364786,247750
es_vanilla_s0,1787364796,247750
es_vanilla_s0,1787364806,247750
es_vanilla_s0,1787364816,247750
es_vanilla_s0,1787364826,247750
es_vanilla_s0,1787364836,247750
es_vanilla_s0,1787364846,247750
es_vanilla_s0,1787364856,247750
es_vanilla_s0,1787364866,247750
es_vanilla_s0,1787364877,247750
es_vanilla_s0,1787364887,247750
es_vanilla_s0,1787364897,247750
es_vanilla_s0,1787364907,247750
es_vanilla_s0,1787364917,247750
es_vanilla_s0,1787364927,247750
es_vanilla_s0,1787364937,247750
es_vanilla_s0,1787364947,247750
es_vanilla_s0,1787364957,247750
es_vanilla_s0,1787364967,247750
es_vanilla_s0,1787364978,247750
es_vanilla_s0,1787364988,247750
es_vanilla_s0,1787364998,247750
es_vanilla_s0,1787365008,247750
es_vanilla_s0,1787365018,247750
es_vanilla_s0,1787365028,247750
es_vanilla_s0,1787365038,247750
es_vanilla_s0,1787365048,247750
es_vanilla_s0,1787365058,247750
es_vanilla_s0,1787365068,247750
es_vanilla_s0,1787365079,247750
es_vanilla_s0,1787365089,247750
es_vanilla_s0,1787365099,247750
es_vanilla_s0,1787365109,247750
es_vanilla_s0,1787365119,247750
es_vanilla_s0,1787365129,247750
es_vanilla_s0,1787365139,247750
es_vanilla_s0,1787365149,247750
es_vanilla_s0,1787365159,247750
es_vanilla_s0,1787365169,247750
es_vanilla_s0,1787365180,247750
es_vanilla_s0,1787365190,247750
es_vanilla_s0,1787365200,247750
es_vanilla_s0,1787365210,247750
es_vanilla_s0,1787365220,247750
es_vanilla_s0,1787365230,247750
es_vanilla_s0,1787365240,247750
es_vanilla_s0,1787365250,247750
es_vanilla_s0,1787365260,247750
es_vanilla_s0,1787365270,247750
es_vanilla_s0,1787365281,247750
es_vanilla_s0,1787365291,247750
es_vanilla_s0,1787365301,247750
es_vanilla_s0,1787365311,247750
es_vanilla_s0,1787365321,247750
es_vanilla_s0,1787365331,247750
es_vanilla_s0,1787365341,247750
es_vanilla_s0,1787365351,247750
es_vanilla_s0,1787365361,247750
es_vanilla_s0,1787365371,247750
es_vanilla_s0,1787365382,247750
es_vanilla_s0,1787365392,247750
es_vanilla_s0,1787365402,247750
es_vanilla_s0,1787365412,247750
es_vanilla_s0,1787365422,247750
es_vanilla_s0,1787365432,247750
es_vanilla_s0,1787365442,247750
es_vanilla_s0,1787365452,247750
es_vanilla_s0,1787365462,247750
es_vanilla_s0,1787365472,247750
es_vanilla_s0,1787365482,247750
es_vanilla_s0,1787365493,247750
es_vanilla_s0,1787365503,247750
es_vanilla_s0,1787365513,247750
es_vanilla_s0,1787365523,247750
es_vanilla_s0,1787365533,247750
es_vanilla_s0,1787365543,247750
es_vanilla_s0,1787365553,247750
es_vanilla_s0,1787365563,247750
es_vanilla_s0,1787365573,247750
es_vanilla_s0,1787365583,247750
es_vanilla_s0,1787365594,247750
es_vanilla_s0,1787365604,247750
es_vanilla_s0,1787365614,247750
es_vanilla_s0,1787365624,247750
es_vanilla_s0,1787365634,247750
es_vanilla_s0,1787365644,247750
es_vanilla_s0,1787365654,247750
es_vanilla_s0,1787365664,247750
es_vanilla_s0,1787365674,247750
es_vanilla_s0,1787365684,247750
es_vanilla_s0,1787365695,247750
es_vanilla_s0,1787365705,247750
es_vanilla_s0,1787365715,247750
es_vanilla_s0,1787365725,247750
es_vanilla_s0,1787365735,247750
es_vanilla_s0,1787365745,247750
es_vanilla_s0,1787365755,247750
es_vanilla_s0,1787365765,247750
es_vanilla_s0,1787365775,247750
es_vanilla_s0,1787365785,247750
es_vanilla_s0,1787365796,247750
es_vanilla_s0,1787365806,247750
es_vanilla_s0,1787365816,247750
es_vanilla_s0,1787365826,247750
es_vanilla_s0,1787365836,247750
es_vanilla_s0,1787365846,247750
es_vanilla_s0,1787365856,247750
es_vanilla_s0,1787365866,247750
es_vanilla_s0,1787365876,247750
es_vanilla_s0,1787365886,247750
es_vanilla_s0,1787365897,247750
es_vanilla_s0,1787365907,247750
es_vanilla_s0,1787365917,247750
es_vanilla_s0,1787365927,247750
es_vanilla_s0,1787365937,247750
es_vanilla_s0,1787365947,247750
es_vanilla_s0,1787365957,247750
es_vanilla_s0,1787365967,247750
es_vanilla_s0,1787365977,247750
es_vanilla_s0,1787365987,247750
es_vanilla_s0,1787365997,247750
es_vanilla_s0,1787366008,247750
es_vanilla_s0,1787366018,247750
es_vanilla_s0,1787366028,247750
es_vanilla_s0,1787366038,247750
es_vanilla_s0,1787366048,247750
es_vanilla_s0,1787366058,247750
es_vanilla_s0,1787366068,247750
es_vanilla_s0,1787366078,247750
es_vanilla_s0,1787366088,247750
es_vanilla_s0,1787366098,247750
es_vanilla_s0,1787366109,247750
es_vanilla_s0,1787366119,247750
es_vanilla_s0,1787366129,247750
es_vanilla_s0,1787366139,247750
es_vanilla_s0,1787366149,247750
es_vanilla_s0,1787366159,247750
es_vanilla_s0,1787366169,247750
es_vanilla_s0,1787366179,247750
es_vanilla_s0,1787366189,247750
es_vanilla_s0,1787366199,247750
es_vanilla_s0,1787366210,247750
es_vanilla_s0,1787366220,247750
es_vanilla_s0,1787366230,247750
es_vanilla_s0,1787366240,247750
es_vanilla_s0,1787366250,247750
es_vanilla_s0,1787366260,247750
es_vanilla_s0,1787366270,247750
es_vanilla_s0,1787366280,247750
es_vanilla_s0,1787366290,247750
es_vanilla_s0,1787366300,247750
es_vanilla_s0,1787366311,247750
es_vanilla_s0,1787366321,247750
es_vanilla_s0,1787366331,247750
es_vanilla_s0,1787366341,247750
es_vanilla_s0,1787366351,247750
es_vanilla_s0,1787366361,247750
es_vanilla_s0,1787366371,247750
es_vanilla_s0,1787366381,247750
es_vanilla_s0,1787366391,247750
es_vanilla_s0,1787366401,247750
es_vanilla_s0,1787366411,247750
es_vanilla_s0,1787366422,247750
es_vanilla_s0,1787366432,247750
es_vanilla_s0,1787366442,247750
es_vanilla_s0,1787366452,247750
es_vanilla_s0,1787366462,247750
es_vanilla_s0,1787366472,247750
es_vanilla_s0,1787366482,247750
es_vanilla_s0,1787366492,247750
es_vanilla_s0,1787366502,247750
es_vanilla_s0,1787366512,247750
es_vanilla_s0,1787366523,247750
es_vanilla_s0,1787366533,247750
es_vanilla_s0,1787366543,247750
es_vanilla_s0,1787366553,247750
es_vanilla_s0,1787366563,247750
es_vanilla_s0,1787366573,247750
es_vanilla_s0,1787366583,247750
es_vanilla_s0,1787366593,247750
es_vanilla_s0,1787366603,247750
es_vanilla_s0,1787366613,247750
es_vanilla_s0,1787366624,247750
es_vanilla_s0,1787366634,247750
es_vanilla_s0,1787366644,247750
es_vanilla_s0,1787366654,247750
es_vanilla_s0,1787366664,247750
es_vanilla_s0,1787366674,247750
es_vanilla_s0,1787366684,247750
es_vanilla_s0,1787366694,247750
es_vanilla_s0,1787366704,247750
es_vanilla_s0,1787366714,247750
es_vanilla_s0,1787366725,247750
es_vanilla_s0,1787366735,247750
es_vanilla_s0,1787366745,247750
es_vanilla_s0,1787366755,247750
es_vanilla_s0,1787366765,247750
es_vanilla_s0,1787366775,247750
es_vanilla_s0,1787366785,247750
es_vanilla_s0,1787366795,247750
es_vanilla_s0,1787366805,247750
es_vanilla_s0,1787366815,247750
es_vanilla_s0,1787366826,247750
es_vanilla_s0,1787366836,247750
es_vanilla_s0,1787366846,247750
es_vanilla_s0,1787366856,247750
es_vanilla_s0,1787366866,247750
es_vanilla_s0,1787366876,247750
es_vanilla_s0,1787366886,247750
es_vanilla_s0,1787366896,247750
es_vanilla_s0,1787366906,247750
es_vanilla_s0,1787366916,247750
es_vanilla_s0,1787366927,247750
es_vanilla_s0,1787366937,247750
es_vanilla_s0,1787366947,247750
es_vanilla_s0,1787366957,247750
es_vanilla_s0,1787366967,247750
es_vanilla_s0,1787366977,247750
es_vanilla_s0,1787366987,247750
es_vanilla_s0,1787366997,247750
es_vanilla_s0,1787367007,247750
es_vanilla_s0,1787367017,247750
es_vanilla_s0,1787367028,247750
es_vanilla_s0,1787367038,247750
es_vanilla_s0,1787367048,247750
es_vanilla_s0,1787367058,247750
es_vanilla_s0,1787367068,247750
es_vanilla_s0,1787367078,247750
es_vanilla_s0,1787367088,247750
es_vanilla_s0,1787367098,247750
es_vanilla_s0,1787367108,247750
es_vanilla_s0,1787367118,247750
es_vanilla_s0,1787367128,247750
es_vanilla_s0,1787367139,247750
es_vanilla_s0,1787367149,247750
es_vanilla_s0,1787367159,247750
es_vanilla_s0,1787367169,247750
es_vanilla_s0,1787367179,247750
es_vanilla_s0,1787367189,247750
es_vanilla_s0,1787367199,247750
es_vanilla_s0,1787367209,247750
es_vanilla_s0,1787367219,247750
es_vanilla_s0,1787367229,247750
es_vanilla_s0,1787367240,247750
es_vanilla_s0,1787367250,247750
es_vanilla_s0,1787367260,247750
es_vanilla_s0,1787367270,247750
es_vanilla_s0,1787367280,247750
es_vanilla_s0,1787367290,247750
es_vanilla_s0,1787367300,247750
es_vanilla_s0,1787367310,247750
es_vanilla_s0,1787367320,247750
es_vanilla_s0,1787367330,247750
es_vanilla_s0,1787367341,247750
es_vanilla_s0,1787367351,247750
es_vanilla_s0,1787367361,247750
es_vanilla_s0,1787367371,247750
es_vanilla_s0,1787367381,247750
es_vanilla_s0,1787367391,247750
es_vanilla_s0,1787367401,247750
es_vanilla_s0,1787367411,247750
es_vanilla_s0,1787367421,247750
es_vanilla_s0,1787367431,247750
es_vanilla_s0,1787367442,247750
es_vanilla_s0,1787367452,247750
es_vanilla_s0,1787367462,247750
es_vanilla_s0,1787367472,247750
es_vanilla_s0,1787367482,247750
es_vanilla_s0,1787367492,247750
es_vanilla_s0,1787367502,247750
es_vanilla_s0,1787367512,247750
es_vanilla_s0,1787367522,247750
es_vanilla_s0,1787367532,247750
es_vanilla_s0,1787367543,247750
es_vanilla_s0,1787367553,247750
es_vanilla_s0,1787367563,247750
es_vanilla_s0,1787367573,247750
es_vanilla_s0,1787367583,247750
es_vanilla_s0,1787367593,247750
es_vanilla_s0,1787367603,247750
es_vanilla_s0,1787367613,247750
es_vanilla_s0,1787367623,247750
es_vanilla_s0,1787367633,247750
es_vanilla_s0,1787367643,247750
es_vanilla_s0,1787367654,247750
es_vanilla_s0,1787367664,247750
es_vanilla_s0,1787367674,247750
es_vanilla_s0,1787367684,247750
es_vanilla_s0,1787367694,247750
es_vanilla_s0,1787367704,247750
es_vanilla_s0,1787367714,247750
es_vanilla_s0,1787367724,247750
es_vanilla_s0,1787367734,247750
es_vanilla_s0,1787367744,247750
es_vanilla_s0,1787367755,247750
es_vanilla_s0,1787367765,247750
es_vanilla_s0,1787367775,247750
es_vanilla_s0,1787367785,247750
es_vanilla_s0,1787367795,247750
es_vanilla_s0,1787367805,247750
es_vanilla_s0,1787367815,247750
es_vanilla_s0,1787367825,247750
es_vanilla_s0,1787367835,247750
es_vanilla_s0,1787367845,247750
es_vanilla_s0,1787367856,247750
es_vanilla_s0,1787367866,247750
es_vanilla_s0,1787367876,247750
es_vanilla_s0,1787367886,247750
es_vanilla_s0,1787367896,247750
es_vanilla_s0,1787367906,247750
es_vanilla_s0,1787367916,247750
es_vanilla_s0,1787367926,247750
es_vanilla_s0,1787367936,247750
es_vanilla_s0,1787367946,247750
es_vanilla_s0,1787367957,247750
es_vanilla_s0,1787367967,247750
es_vanilla_s0,1787367977,247750
es_vanilla_s0,1787367987,247750
es_vanilla_s0,1787367997,247750
es_vanilla_s0,1787368007,247750
es_vanilla_s0,1787368017,247750
es_vanilla_s0,1787368027,247750
es_vanilla_s0,1787368037,247750
es_vanilla_s0,1787368047,247750
es_vanilla_s0,1787368058,247750
es_vanilla_s0,1787368068,247750
es_vanilla_s0,1787368078,247750
es_vanilla_s0,1787368088,247750
es_vanilla_s0,1787368098,247750
es_vanilla_s0,1787368108,247750
es_vanilla_s0,1787368118,247750
es_vanilla_s0,1787368128,247750
es_vanilla_s0,1787368138,247750
es_vanilla_s0,1787368148,247750
es_vanilla_s0,1787368158,247750
es_vanilla_s0,1787368169,247750
es_vanilla_s0,1787368179,247750
es_vanilla_s0,1787368189,247750
es_vanilla_s0,1787368199,247750
es_vanilla_s0,1787368209,247750
es_vanilla_s0,1787368219,247750
es_vanilla_s0,1787368229,247750
es_vanilla_s0,1787368239,247750
es_vanilla_s0,1787368249,247750
es_vanilla_s0,1787368259,247750
es_vanilla_s0,1787368270,247750
es_vanilla_s0,1787368280,247750
es_vanilla_s0,1787368290,247750
es_vanilla_s0,1787368300,247750
es_vanilla_s0,1787368310,247750
es_vanilla_s0,1787368320,247750
es_vanilla_s0,1787368330,247750
es_vanilla_s0,1787368340,247750
es_vanilla_s0,1787368350,247750
es_vanilla_s0,1787368360,247750
es_vanilla_s0,1787368371,247750
es_vanilla_s0,1787368381,247750
es_vanilla_s0,1787368391,247750
es_vanilla_s0,1787368401,247750
es_vanilla_s0,1787368411,247750
es_vanilla_s0,1787368421,247750
es_vanilla_s0,1787368431,247750
es_vanilla_s0,1787368441,247750
es_vanilla_s0,1787368451,247750
es_vanilla_s0,1787368461,247750
es_vanilla_s0,1787368472,247750
es_vanilla_s0,1787368482,247750
es_vanilla_s0,1787368492,247750
es_vanilla_s0,1787368502,247750
es_vanilla_s0,1787368512,247750
es_vanilla_s0,1787368522,247750
es_vanilla_s0,1787368532,247750
es_vanilla_s0,1787368542,247750
es_vanilla_s0,1787368552,247750
es_vanilla_s0,1787368562,247750
es_vanilla_s0,1787368572,247750
es_vanilla_s0,1787368583,247750
es_vanilla_s0,1787368593,247750
es_vanilla_s0,1787368603,247750
es_vanilla_s0,1787368613,247750
es_vanilla_s0,1787368623,247750
es_vanilla_s0,1787368633,247750
es_vanilla_s0,1787368643,247750
es_vanilla_s0,1787368653,247750
es_vanilla_s0,1787368663,247750
es_vanilla_s0,1787368673,247750
es_vanilla_s0,1787368684,247750
es_vanilla_s0,1787368694,247750
es_vanilla_s0,1787368704,247750
es_vanilla_s0,1787368714,247750
es_vanilla_s0,1787368724,247750
es_vanilla_s0,1787368734,247750
es_vanilla_s0,1787368744,247750
es_vanilla_s0,1787368754,247750
es_vanilla_s0,1787368764,247750
es_vanilla_s0,1787368774,247750
es_vanilla_s0,1787368785,247750
es_vanilla_s0,1787368795,247750
es_vanilla_s0,1787368805,247750
es_vanilla_s0,1787368815,247750
es_vanilla_s0,1787368825,247750
es_vanilla_s0,1787368835,247750
es_vanilla_s0,1787368845,247750
es_vanilla_s0,1787368855,247750
es_vanilla_s0,1787368865,247750
es_vanilla_s0,1787368875,247750
es_vanilla_s0,1787368886,247750
es_vanilla_s0,1787368896,247750
es_vanilla_s0,1787368906,247750
es_vanilla_s0,1787368916,247750
es_vanilla_s0,1787368926,247750
es_vanilla_s0,1787368936,247750
es_vanilla_s0,1787368946,247750
es_vanilla_s0,1787368956,247750
es_vanilla_s0,1787368966,247750
es_vanilla_s0,1787368976,247750
es_vanilla_s0,1787368987,247750
es_vanilla_s0,1787368997,247750
es_vanilla_s0,1787369007,247750
es_vanilla_s0,1787369017,247750
es_vanilla_s0,1787369027,247750
es_vanilla_s0,1787369037,247750
es_vanilla_s0,1787369047,247750
es_vanilla_s0,1787369057,247750
es_vanilla_s0,1787369067,247750
es_vanilla_s0,1787369077,247750
es_vanilla_s0,1787369088,247750
es_vanilla_s0,1787369098,247750
es_vanilla_s0,1787369108,247750
es_vanilla_s0,1787369118,247750
es_vanilla_s0,1787369128,247750
es_vanilla_s0,1787369138,247750
es_vanilla_s0,1787369148,247750
es_vanilla_s0,1787369158,247750
es_vanilla_s0,1787369168,247750
es_vanilla_s0,1787369178,247750
es_vanilla_s0,1787369188,247750
es_vanilla_s0,1787369199,247750
es_vanilla_s0,1787369209,247750
es_vanilla_s0,1787369219,247750
es_vanilla_s0,1787369229,247750
es_vanilla_s0,1787369239,247750
es_vanilla_s0,1787369249,247750
es_vanilla_s0,1787369259,247750
es_vanilla_s0,1787369269,247750
es_vanilla_s0,1787369279,247750
es_vanilla_s0,1787369289,247750
es_vanilla_s0,1787369300,247750
es_vanilla_s0,1787369310,247750
es_vanilla_s0,1787369320,247750
es_vanilla_s0,1787369330,247750
es_vanilla_s0,1787369340,247750
es_vanilla_s0,1787369350,247750
es_vanilla_s0,1787369360,247750
es_vanilla_s0,1787369370,247750
es_vanilla_s0,1787369380,247750
es_vanilla_s0,1787369390,247750
es_vanilla_s0,1787369401,247750
es_vanilla_s0,1787369411,247750
es_vanilla_s0,1787369421,247750
es_vanilla_s0,1787369431,247750
es_vanilla_s0,1787369441,247750
es_vanilla_s0,1787369451,247750
es_vanilla_s0,1787369461,247750
es_vanilla_s0,1787369471,247750
es_vanilla_s0,1787369481,247750
es_vanilla_s0,1787369491,247750
es_vanilla_s0,1787369502,247750
es_vanilla_s0,1787369512,247750
es_vanilla_s0,1787369522,247750
es_vanilla_s0,1787369532,247750
es_vanilla_s0,1787369542,247750
es_vanilla_s0,1787369552,247750
es_vanilla_s0,1787369562,247750
es_vanilla_s0,1787369572,247750
es_vanilla_s0,1787369582,247750
es_vanilla_s0,1787369592,247750
es_vanilla_s0,1787369602,247750
es_vanilla_s0,1787369613,247750
es_vanilla_s0,1787369623,247750
es_vanilla_s0,1787369633,247750
es_vanilla_s0,1787369643,247750
es_vanilla_s0,1787369653,247750
es_vanilla_s0,1787369663,247750
es_vanilla_s0,1787369673,247750
es_vanilla_s0,1787369683,247750
es_vanilla_s0,1787369693,247750
es_vanilla_s0,1787369703,247750
es_vanilla_s0,1787369714,247750
es_vanilla_s0,1787369724,247750
es_vanilla_s0,1787369734,247750
es_vanilla_s0,1787369744,247750
es_vanilla_s0,1787369754,247750
es_vanilla_s0,1787369764,247750
es_vanilla_s0,1787369774,247750
es_vanilla_s0,1787369784,247750
es_vanilla_s0,1787369794,247750
es_vanilla_s0,1787369804,247750
es_vanilla_s0,1787369815,247750
es_vanilla_s0,1787369825,247750
es_vanilla_s0,1787369835,247750
es_vanilla_s0,1787369845,247750
es_vanilla_s0,1787369855,247750
es_vanilla_s0,1787369865,247750
es_vanilla_s0,1787369875,247750
es_vanilla_s0,1787369885,247750
es_vanilla_s0,1787369895,247750
es_vanilla_s0,1787369905,247750
es_vanilla_s0,1787369916,247750
es_vanilla_s0,1787369926,247750
es_vanilla_s0,1787369936,247750
es_vanilla_s0,1787369946,247750
es_vanilla_s0,1787369956,247750
es_vanilla_s0,1787369966,247750
es_vanilla_s0,1787369976,247750
es_vanilla_s0,1787369986,247750
es_vanilla_s0,1787369996,247750
es_vanilla_s0,1787370006,247750
es_vanilla_s0,1787370017,247750
es_vanilla_s0,1787370027,247750
es_vanilla_s0,1787370037,247750
es_vanilla_s0,1787370047,247750
es_vanilla_s0,1787370057,247750
es_vanilla_s0,1787370067,247750
es_vanilla_s0,1787370077,247750
es_vanilla_s0,1787370087,247750
es_vanilla_s0,1787370097,247750
es_vanilla_s0,1787370107,247750
es_vanilla_s0,1787370117,247750
es_vanilla_s0,1787370128,247750
es_vanilla_s0,1787370138,247750
es_vanilla_s0,1787370148,247750
es_vanilla_s0,1787370158,247750
es_vanilla_s0,1787370168,247750
es_vanilla_s0,1787370178,247750
es_vanilla_s0,1787370188,247750
es_vanilla_s0,1787370198,247750
es_vanilla_s0,1787370208,247750
es_vanilla_s0,1787370218,247750
es_vanilla_s0,1787370229,247750
es_vanilla_s0,1787370239,247750
es_vanilla_s0,1787370249,247750
es_vanilla_s0,1787370259,247750
es_vanilla_s0,1787370269,247750
es_vanilla_s0,1787370279,247750
es_vanilla_s0,1787370289,247750
es_vanilla_s0,1787370299,247750
es_vanilla_s0,1787370309,247750
es_vanilla_s0,1787370319,247750
es_vanilla_s0,1787370330,247750
es_vanilla_s0,1787370340,247750
es_vanilla_s0,1787370350,247750
es_vanilla_s0,1787370360,247750
es_vanilla_s0,1787370370,247750
es_vanilla_s0,1787370380,247750
es_vanilla_s0,1787370390,247750
es_vanilla_s0,1787370400,247750
es_vanilla_s0,1787370410,247750
es_vanilla_s0,1787370420,247750
es_vanilla_s0,1787370431,247750
es_vanilla_s0,1787370441,247750
es_vanilla_s0,1787370451,247750
es_vanilla_s0,1787370461,247750
es_vanilla_s0,1787370471,247750
es_vanilla_s0,1787370481,247750
es_vanilla_s0,1787370491,247750
es_vanilla_s0,1787370501,247750
es_vanilla_s0,1787370511,247750
es_vanilla_s0,1787370521,247750
es_vanilla_s0,1787370532,247750
es_vanilla_s0,1787370542,247750
es_vanilla_s0,1787370552,247750
es_vanilla_s0,1787370562,247750
es_vanilla_s0,1787370572,247750
es_vanilla_s0,1787370582,247750
es_vanilla_s0,1787370592,247750
es_vanilla_s0,1787370602,247750
es_vanilla_s0,1787370612,247750
es_vanilla_s0,1787370622,247750
es_vanilla_s0,1787370633,247750
es_vanilla_s0,1787370643,247750
es_vanilla_s0,1787370653,247750
es_vanilla_s0,1787370663,247750
es_vanilla_s0,1787370673,247750
es_vanilla_s0,1787370683,247750
es_vanilla_s0,1787370693,247750
es_vanilla_s0,1787370703,247750
es_vanilla_s0,1787370713,247750
es_vanilla_s0,1787370723,247750
es_vanilla_s0,1787370734,247750
es_vanilla_s0,1787370744,247750
es_vanilla_s0,1787370754,247750
es_vanilla_s0,1787370764,247750
es_vanilla_s0,1787370774,247750
es_vanilla_s0,1787370784,247750
es_vanilla_s0,1787370794,247750
es_vanilla_s0,1787370804,247750
es_vanilla_s0,1787370814,247750
es_vanilla_s0,1787370824,247750
es_vanilla_s0,1787370835,247750
es_vanilla_s0,1787370845,247750
es_vanilla_s0,1787370855,247750
es_vanilla_s0,1787370865,247750
es_vanilla_s0,1787370875,247750
es_vanilla_s0,1787370885,247750
es_vanilla_s0,1787370895,247750
es_vanilla_s0,1787370905,247750
es_vanilla_s0,1787370915,247750
es_vanilla_s0,1787370925,247750
es_vanilla_s0,1787370935,247750
es_vanilla_s0,1787370946,247750
es_vanilla_s0,1787370956,247750
es_vanilla_s0,1787370966,247750
es_vanilla_s0,1787370976,247750
es_vanilla_s0,1787370986,247750
es_vanilla_s0,1787370996,247750
es_vanilla_s0,1787371006,247750
es_vanilla_s0,1787371016,247750
es_vanilla_s0,1787371026,247750
es_vanilla_s0,1787371036,247750
es_vanilla_s0,1787371047,247750
es_vanilla_s0,1787371057,247750
es_vanilla_s0,1787371067,247750
es_vanilla_s0,1787371077,247750
es_vanilla_s0,1787371087,247750
es_vanilla_s0,1787371097,247750
es_vanilla_s0,1787371107,247750
es_vanilla_s0,1787371117,247750
es_vanilla_s0,1787371127,247750
es_vanilla_s0,1787371137,247750
es_vanilla_s0,1787371148,247750
es_vanilla_s0,1787371158,247750
es_vanilla_s0,1787371168,247750
es_vanilla_s0,1787371178,247750
es_vanilla_s0,1787371188,247750
es_vanilla_s0,1787371198,247750
es_vanilla_s0,1787371208,247750
es_vanilla_s0,1787371218,247750
es_vanilla_s0,1787371228,247750
es_vanilla_s0,1787371238,247750
es_vanilla_s0,1787371248,247750
es_vanilla_s0,1787371259,247750
es_vanilla_s0,1787371269,247750
es_vanilla_s0,1787371279,247750
es_vanilla_s0,1787371289,247750
es_vanilla_s0,1787371299,247750
es_vanilla_s0,1787371309,247750
es_vanilla_s0,1787371319,247750
es_vanilla_s0,1787371329,247750
es_vanilla_s0,1787371339,247750
es_vanilla_s0,1787371349,247750
es_vanilla_s0,1787371360,247750
es_vanilla_s0,1787371370,247750
es_vanilla_s0,1787371380,247750
es_vanilla_s0,1787371390,247750
es_vanilla_s0,1787371400,247750
es_vanilla_s0,1787371410,247750
es_vanilla_s0,1787371420,247750
es_vanilla_s0,1787371430,247750
es_vanilla_s0,1787371440,247750
es_vanilla_s0,1787371450,247750
es_vanilla_s0,1787371461,247750
es_vanilla_s0,1787371471,247750
es_vanilla_s0,1787371481,247750
es_vanilla_s0,1787371491,247750
es_vanilla_s0,1787371501,247750
es_vanilla_s0,1787371511,247750
es_vanilla_s0,1787371521,247750
es_vanilla_s0,1787371531,247750
es_vanilla_s0,1787371541,247750
es_vanilla_s0,1787371551,247750
es_vanilla_s0,1787371561,247750
es_vanilla_s0,1787371572,247750
es_vanilla_s0,1787371582,247750
es_vanilla_s0,1787371592,247750
es_vanilla_s0,1787371602,247750
es_vanilla_s0,1787371612,247750
es_vanilla_s0,1787371622,247750
es_vanilla_s0,1787371632,247750
es_vanilla_s0,1787371642,247750
es_vanilla_s0,1787371652,247750
es_vanilla_s0,1787371662,247750
es_vanilla_s0,1787371673,247750
es_vanilla_s0,1787371683,247750
es_vanilla_s0,1787371693,247750
es_vanilla_s0,1787371703,247750
es_vanilla_s0,1787371713,247750
es_vanilla_s0,1787371723,247750
es_vanilla_s0,1787371733,247750
es_vanilla_s0,1787371743,247750
es_vanilla_s0,1787371753,247750
es_vanilla_s0,1787371763,247750
es_vanilla_s0,1787371774,247750
es_vanilla_s0,1787371784,247750
es_vanilla_s0,1787371794,247750
es_vanilla_s0,1787371804,247750
es_vanilla_s0,1787371814,247750
es_vanilla_s0,1787371824,247750
es_vanilla_s0,1787371834,247750
es_vanilla_s0,1787371844,247750
es_vanilla_s0,1787371854,247750
es_vanilla_s0,1787371864,247750
es_vanilla_s0,1787371875,247750
es_vanilla_s0,1787371885,247750
es_vanilla_s0,1787371895,247750
es_vanilla_s0,1787371905,247750
es_vanilla_s0,1787371915,247750
es_vanilla_s0,1787371925,247750
es_vanilla_s0,1787371935,247750
es_vanilla_s0,1787371945,247750
es_vanilla_s0,1787371955,247750
es_vanilla_s0,1787371965,247750
es_vanilla_s0,1787371976,247750
es_vanilla_s0,1787371986,247750
es_vanilla_s0,1787371996,247750
es_vanilla_s0,1787372006,247750
es_vanilla_s0,1787372016,247750
es_vanilla_s0,1787372026,247750
es_vanilla_s0,1787372036,247750
es_vanilla_s0,1787372046,247750
es_vanilla_s0,1787372056,247750
es_vanilla_s0,1787372066,247750
es_vanilla_s0,1787372077,247750
es_vanilla_s0,1787372087,247750
es_vanilla_s0,1787372097,247750
es_vanilla_s0,1787372107,247750
es_vanilla_s0,1787372117,247750
es_vanilla_s0,1787372127,247750
es_vanilla_s0,1787372137,247750
es_vanilla_s0,1787372147,247750
es_vanilla_s0,1787372157,247750
es_vanilla_s0,1787372167,247750
es_vanilla_s0,1787372177,247750
es_vanilla_s0,1787372188,247750
es_vanilla_s0,1787372198,247750
es_vanilla_s0,1787372208,247750
es_vanilla_s0,1787372218,247750
es_vanilla_s0,1787372228,247750
es_vanilla_s0,1787372238,247750
es_vanilla_s0,1787372248,247750
es_vanilla_s0,1787372258,247750
es_vanilla_s0,1787372268,247750
es_vanilla_s0,1787372278,247750
es_vanilla_s0,1787372289,247750
es_vanilla_s0,1787372299,247750
es_vanilla_s0,1787372309,247750
es_vanilla_s0,1787372319,247750
es_vanilla_s0,1787372329,247750
es_vanilla_s0,1787372339,247750
es_vanilla_s0,1787372349,247750
es_vanilla_s0,1787372359,247750
es_vanilla_s0,1787372369,247750
es_vanilla_s0,1787372379,247750
es_vanilla_s0,1787372390,247750
es_vanilla_s0,1787372400,247750
es_vanilla_s0,1787372410,247750
es_vanilla_s0,1787372420,247750
es_vanilla_s0,1787372430,247750
es_vanilla_s0,1787372440,247750
es_vanilla_s0,1787372450,247750
es_vanilla_s0,1787372460,247750
es_vanilla_s0,1787372470,247750
es_vanilla_s0,1787372480,247750
es_vanilla_s0,1787372491,247750
es_vanilla_s0,1787372501,247750
es_vanilla_s0,1787372511,247750
es_vanilla_s0,1787372521,247750
es_vanilla_s0,1787372531,247750
es_vanilla_s0,1787372541,247750
es_vanilla_s0,1787372551,247750
es_vanilla_s0,1787372561,247750
es_vanilla_s0,1787372571,247750
es_vanilla_s0,1787372581,247750
es_vanilla_s0,1787372591,247750
es_vanilla_s0,1787372602,247750
es_vanilla_s0,1787372612,247750
es_vanilla_s0,1787372622,247750
es_vanilla_s0,1787372632,247750
es_vanilla_s0,1787372642,247750
es_vanilla_s0,1787372652,247750
es_vanilla_s0,1787372662,247750
es_vanilla_s0,1787372672,247750
es_vanilla_s0,1787372682,247750
es_vanilla_s0,1787372692,247750
es_vanilla_s0,1787372703,247750
es_vanilla_s0,1787372713,247750
es_vanilla_s0,1787372723,247750
es_vanilla_s0,1787372733,247750
es_vanilla_s0,1787372743,247750
es_vanilla_s0,1787372753,247750
es_vanilla_s0,1787372763,247750
es_vanilla_s0,1787372773,247750
es_vanilla_s0,1787372783,247750
es_vanilla_s0,1787372793,247750
es_vanilla_s0,1787372804,247750
es_vanilla_s0,1787372814,247750
es_vanilla_s0,1787372824,247750
es_vanilla_s0,1787372834,247750
es_vanilla_s0,1787372844,247750
es_vanilla_s0,1787372854,247750
es_vanilla_s0,1787372864,247750
es_vanilla_s0,1787372874,247750
es_vanilla_s0,1787372884,247750
es_vanilla_s0,1787372894,247750
es_vanilla_s0,1787372905,247750
es_vanilla_s0,1787372915,247750
es_vanilla_s0,1787372925,247750
es_vanilla_s0,1787372935,247750
es_vanilla_s0,1787372945,247750
es_vanilla_s0,1787372955,247750
es_vanilla_s0,1787372965,247750
es_vanilla_s0,1787372975,247750
es_vanilla_s0,1787372985,247750
es_vanilla_s0,1787372995,247750
es_vanilla_s0,1787373005,247750
es_vanilla_s0,1787373016,247750
es_vanilla_s0,1787373026,247750
es_vanilla_s0,1787373036,247750
es_vanilla_s0,1787373046,247750
es_vanilla_s0,1787373056,247750
es_vanilla_s0,1787373066,247750
es_vanilla_s0,1787373076,247750
es_vanilla_s0,1787373086,247750
es_vanilla_s0,1787373096,247750
es_vanilla_s0,1787373106,247750
es_vanilla_s0,1787373117,247750
es_vanilla_s0,1787373127,247750
es_vanilla_s0,1787373137,247750
es_vanilla_s0,1787373147,247750
es_vanilla_s0,1787373157,247750
es_vanilla_s0,1787373167,247750
es_vanilla_s0,1787373177,247750
es_vanilla_s0,1787373187,247750
es_vanilla_s0,1787373197,247750
es_vanilla_s0,1787373207,247750
es_vanilla_s0,1787373218,247750
es_vanilla_s0,1787373228,247750
es_vanilla_s0,1787373238,247750
es_vanilla_s0,1787373248,247750
es_vanilla_s0,1787373258,247750
es_vanilla_s0,1787373268,247750
es_vanilla_s0,1787373278,247750
es_vanilla_s0,1787373288,247750
es_vanilla_s0,1787373298,247750
es_vanilla_s0,1787373308,247750
es_vanilla_s0,1787373318,247750
es_vanilla_s0,1787373329,247750
es_vanilla_s0,1787373339,247750
es_vanilla_s0,1787373349,247750
es_vanilla_s0,1787373359,247750
es_vanilla_s0,1787373369,247750
es_vanilla_s0,1787373379,247750
es_vanilla_s0,1787373389,247750
es_vanilla_s0,1787373399,247750
es_vanilla_s0,1787373409,247750
es_vanilla_s0,1787373419,247750
es_vanilla_s0,1787373430,247750
es_vanilla_s0,1787373440,247750
es_vanilla_s0,1787373450,247750
es_vanilla_s0,1787373460,247750
es_vanilla_s0,1787373470,247750
es_vanilla_s0,1787373480,247750
es_vanilla_s0,1787373490,247750
es_vanilla_s0,1787373500,247750
es_vanilla_s0,1787373510,247750
es_vanilla_s0,1787373520,247750
es_vanilla_s0,1787373531,247750
es_vanilla_s0,1787373541,247750
es_vanilla_s0,1787373551,247750
es_vanilla_s0,1787373561,247750
es_vanilla_s0,1787373571,247750
es_vanilla_s0,1787373581,247750
es_vanilla_s0,1787373591,247750
es_vanilla_s0,1787373601,247750
es_vanilla_s0,1787373611,247750
es_vanilla_s0,1787373621,247750
es_vanilla_s0,1787373632,247750
es_vanilla_s0,1787373642,247750
es_vanilla_s0,1787373652,247750
es_vanilla_s0,1787373662,247750
es_vanilla_s0,1787373672,247750
es_vanilla_s0,1787373682,247750
es_vanilla_s0,1787373692,247750
es_vanilla_s0,1787373702,247750
es_vanilla_s0,1787373712,247750
es_vanilla_s0,1787373722,247750
es_vanilla_s0,1787373732,247750
es_vanilla_s0,1787373743,247750
es_vanilla_s0,1787373753,247750
es_vanilla_s0,1787373763,247750
es_vanilla_s0,1787373773,247750
es_vanilla_s0,1787373783,247750
es_vanilla_s0,1787373793,247750
es_vanilla_s0,1787373803,247750
es_vanilla_s0,1787373813,247750
es_vanilla_s0,1787373823,247750
es_vanilla_s0,1787373833,247750
es_vanilla_s0,1787373844,247750
es_vanilla_s0,1787373854,247750
es_vanilla_s0,1787373864,247750
es_vanilla_s0,1787373874,247750
es_vanilla_s0,1787373884,247750
es_vanilla_s0,1787373894,247750
es_vanilla_s0,1787373904,247750
es_vanilla_s0,1787373914,247750
es_vanilla_s0,1787373924,247750
es_vanilla_s0,1787373934,247750
es_vanilla_s0,1787373945,247750
es_vanilla_s0,1787373955,247750
es_vanilla_s0,1787373965,247750
es_vanilla_s0,1787373975,247750
es_vanilla_s0,1787373985,247750
es_vanilla_s0,1787373995,247750
es_vanilla_s0,1787374005,247750
es_vanilla_s0,1787374015,247750
es_vanilla_s0,1787374025,247750
es_vanilla_s0,1787374035,247750
es_vanilla_s0,1787374045,247750
es_vanilla_s0,1787374056,247750
es_vanilla_s0,1787374066,247750
es_vanilla_s0,1787374076,247750
es_vanilla_s0,1787374086,247750
es_vanilla_s0,1787374096,247750
es_vanilla_s0,1787374106,247750
es_vanilla_s0,1787374116,247750
es_vanilla_s0,1787374126,247750
es_vanilla_s0,1787374136,247750
es_vanilla_s0,1787374146,247750
es_vanilla_s0,1787374157,247750
es_vanilla_s0,1787374167,247750
es_vanilla_s0,1787374177,247750
es_vanilla_s0,1787374187,247750
es_vanilla_s0,1787374197,247750
es_vanilla_s0,1787374207,247750
es_vanilla_s0,1787374217,247750
es_vanilla_s0,1787374227,247750
es_vanilla_s0,1787374237,247750
es_vanilla_s0,1787374247,247750
es_vanilla_s0,1787374257,247750
es_vanilla_s0,1787374268,247750
es_vanilla_s0,1787374278,247750
es_vanilla_s0,1787374288,247750
es_vanilla_s0,1787374298,247750
es_vanilla_s0,1787374308,247750
es_vanilla_s0,1787374318,247750
es_vanilla_s0,1787374328,247750
es_vanilla_s0,1787374338,247750
es_vanilla_s0,1787374348,247750
es_vanilla_s0,1787374358,247750
es_vanilla_s0,1787374369,247750
es_vanilla_s0,1787374379,247750
es_vanilla_s0,1787374389,247750
es_vanilla_s0,1787374399,247750
es_vanilla_s0,1787374409,247750
es_vanilla_s0,1787374419,247750
es_vanilla_s0,1787374429,247750
es_vanilla_s0,1787374439,247750
es_vanilla_s0,1787374449,247750
es_vanilla_s0,1787374459,247750
es_vanilla_s0,1787374470,247750
es_vanilla_s0,1787374480,247750
es_vanilla_s0,1787374490,247750
es_vanilla_s0,1787374500,247750
es_vanilla_s0,1787374510,247750
es_vanilla_s0,1787374520,247750
es_vanilla_s0,1787374530,247750
es_vanilla_s0,1787374540,247750
es_vanilla_s0,1787374550,247750
es_vanilla_s0,1787374560,247750
es_vanilla_s0,1787374570,247750
es_vanilla_s0,1787374581,247750
es_vanilla_s0,1787374591,247750
es_vanilla_s0,1787374601,247750
es_vanilla_s0,1787374611,247750
es_vanilla_s0,1787374621,247750
es_vanilla_s0,1787374631,247750
es_vanilla_s0,1787374641,247750
es_vanilla_s0,1787374651,247750
es_vanilla_s0,1787374661,247750
es_vanilla_s0,1787374671,247750
es_vanilla_s0,1787374682,247750
es_vanilla_s0,1787374692,247750
es_vanilla_s0,1787374702,247750
es_vanilla_s0,1787374712,247750
es_vanilla_s0,1787374722,247750
es_vanilla_s0,1787374732,247750
es_vanilla_s0,1787374742,247750
es_vanilla_s0,1787374752,247750
es_vanilla_s0,1787374762,247750
es_vanilla_s0,1787374772,247750
es_vanilla_s0,1787374782,247750
es_vanilla_s0,1787374793,247750
es_vanilla_s0,1787374803,247750
es_vanilla_s0,1787374813,247750
es_vanilla_s0,1787374823,247750
es_vanilla_s0,1787374833,247750
es_vanilla_s0,1787374843,247750
es_vanilla_s0,1787374853,247750
es_vanilla_s0,1787374863,247750
es_vanilla_s0,1787374873,247750
es_vanilla_s0,1787374883,247750
es_vanilla_s0,1787374894,247750
es_vanilla_s0,1787374904,247750
es_vanilla_s0,1787374914,247750
es_vanilla_s0,1787374924,247750
es_vanilla_s0,1787374934,247750
es_vanilla_s0,1787374944,247750
es_vanilla_s0,1787374954,247750
es_vanilla_s0,1787374964,247750
es_vanilla_s0,1787374974,247750
es_vanilla_s0,1787374984,247750
es_vanilla_s0,1787374995,247750
es_vanilla_s0,1787375005,247750
es_vanilla_s0,1787375015,247750
es_vanilla_s0,1787375025,247750
es_vanilla_s0,1787375035,247750
es_vanilla_s0,1787375045,247750
es_vanilla_s0,1787375055,247750
es_vanilla_s0,1787375065,247750
es_vanilla_s0,1787375075,247750
es_vanilla_s0,1787375085,247750
es_vanilla_s0,1787375095,247750
es_vanilla_s0,1787375106,247750
es_vanilla_s0,1787375116,247750
es_vanilla_s0,1787375126,247750
es_vanilla_s0,1787375136,247750
es_vanilla_s0,1787375146,247750
es_vanilla_s0,1787375156,247750
es_vanilla_s0,1787375166,247750
es_vanilla_s0,1787375176,247750
es_vanilla_s0,1787375186,247750
es_vanilla_s0,1787375196,247750
es_vanilla_s0,1787375207,247750
es_vanilla_s0,1787375217,247750
es_vanilla_s0,1787375227,247750
es_vanilla_s0,1787375237,247750
es_vanilla_s0,1787375247,247750
es_vanilla_s0,1787375257,247750
es_vanilla_s0,1787375267,247750
es_vanilla_s0,1787375277,247750
es_vanilla_s0,1787375287,247750
es_vanilla_s0,1787375297,247750
es_vanilla_s0,1787375308,247750
es_vanilla_s0,1787375318,247750
es_vanilla_s0,1787375328,247750
es_vanilla_s0,1787375338,247750
es_vanilla_s0,1787375348,247750
es_vanilla_s0,1787375358,247750
es_vanilla_s0,1787375368,247750
es_vanilla_s0,1787375378,247750
es_vanilla_s0,1787375388,247750
es_vanilla_s0,1787375398,247750
es_vanilla_s0,1787375408,247750
es_vanilla_s0,1787375419,247750
es_vanilla_s0,1787375429,247750
es_vanilla_s0,1787375439,247750
es_vanilla_s0,1787375449,247750
es_vanilla_s0,1787375459,247750
es_vanilla_s0,1787375469,247750
es_vanilla_s0,1787375479,247750
es_vanilla_s0,1787375489,247750
es_vanilla_s0,1787375499,247750
es_vanilla_s0,1787375509,247750
es_vanilla_s0,1787375520,247750
es_vanilla_s0,1787375530,247750
es_vanilla_s0,1787375540,247750
es_vanilla_s0,1787375550,247750
es_vanilla_s0,1787375560,247750
es_vanilla_s0,1787375570,247750
es_vanilla_s0,1787375580,247750
es_vanilla_s0,1787375590,247750
es_vanilla_s0,1787375600,247750
es_vanilla_s0,1787375610,247750
es_vanilla_s0,1787375620,247750
es_vanilla_s0,1787375631,247750
es_vanilla_s0,1787375641,247750
es_vanilla_s0,1787375651,247750
es_vanilla_s0,1787375661,247750
es_vanilla_s0,1787375671,247750
es_vanilla_s0,1787375681,247750
es_vanilla_s0,1787375691,247750
es_vanilla_s0,1787375701,247750
es_vanilla_s0,1787375711,247750
es_vanilla_s0,1787375721,247750
es_vanilla_s0,1787375732,247750
es_vanilla_s0,1787375742,247750
es_vanilla_s0,1787375752,247750
es_vanilla_s0,1787375762,247750
es_vanilla_s0,1787375772,247750
es_vanilla_s0,1787375782,247750
es_vanilla_s0,1787375792,247750
es_vanilla_s0,1787375802,247750
es_vanilla_s0,1787375812,247750
es_vanilla_s0,1787375822,247750
es_vanilla_s0,1787375832,247750
es_vanilla_s0,1787375843,247750
es_vanilla_s0,1787375853,247750
es_vanilla_s0,1787375863,247750
es_vanilla_s0,1787375873,247750
es_vanilla_s0,1787375883,247750
es_vanilla_s0,1787375893,247750
es_vanilla_s0,1787375903,247750
es_vanilla_s0,1787375913,247750
es_vanilla_s0,1787375923,247750
es_vanilla_s0,1787375933,247750
es_vanilla_s0,1787375944,247750
es_vanilla_s0,1787375954,247750
es_vanilla_s0,1787375964,247750
es_vanilla_s0,1787375974,247750
es_vanilla_s0,1787375984,247750
es_vanilla_s0,1787375994,247750
es_vanilla_s0,1787376004,247750
es_vanilla_s0,1787376014,247750
es_vanilla_s0,1787376024,247750
es_vanilla_s0,1787376034,247750
es_vanilla_s0,1787376045,247750
es_vanilla_s0,1787376055,247750
es_vanilla_s0,1787376065,247750
es_vanilla_s0,1787376075,247750
es_vanilla_s0,1787376085,247750
es_vanilla_s0,1787376095,247750
es_vanilla_s0,1787376105,247750
es_vanilla_s0,1787376115,247750
es_vanilla_s0,1787376125,247750
es_vanilla_s0,1787376135,247750
es_vanilla_s0,1787376145,247750
es_vanilla_s0,1787376156,247750
es_vanilla_s0,1787376166,247750
es_vanilla_s0,1787376176,247750
es_vanilla_s0,1787376186,247750
es_vanilla_s0,1787376196,247750
es_vanilla_s0,1787376206,247750
es_vanilla_s0,1787376216,247750
es_vanilla_s0,1787376226,247750
es_vanilla_s0,1787376236,247750
es_vanilla_s0,1787376246,247750
es_vanilla_s0,1787376257,247750
es_vanilla_s0,1787376267,247750
es_vanilla_s0,1787376277,247750
es_vanilla_s0,1787376287,247750
es_vanilla_s0,1787376297,247750
es_vanilla_s0,1787376307,247750
es_vanilla_s0,1787376317,247750
es_vanilla_s0,1787376327,247750
es_vanilla_s0,1787376337,247750
es_vanilla_s0,1787376347,247750
es_vanilla_s0,1787376357,247750
es_vanilla_s0,1787376368,247750
es_vanilla_s0,1787376378,247750
es_vanilla_s0,1787376388,247750
es_vanilla_s0,1787376398,247750
es_vanilla_s0,1787376408,247750
es_vanilla_s0,1787376418,247750
es_vanilla_s0,1787376428,247750
es_vanilla_s0,1787376438,247750
es_vanilla_s0,1787376448,247750
es_vanilla_s0,1787376458,247750
es_vanilla_s0,1787376469,247750
es_vanilla_s0,1787376479,247750
es_vanilla_s0,1787376489,247750
es_vanilla_s0,1787376499,247750
es_vanilla_s0,1787376509,247750
es_vanilla_s0,1787376519,247750
es_vanilla_s0,1787376529,247750
es_vanilla_s0,1787376539,247750
es_vanilla_s0,1787376549,247750
es_vanilla_s0,1787376559,247750
es_vanilla_s0,1787376570,247750
es_vanilla_s0,1787376580,247750
es_vanilla_s0,1787376590,247750
es_vanilla_s0,1787376600,247750
es_vanilla_s0,1787376610,247750
es_vanilla_s0,1787376620,247750
es_vanilla_s0,1787376630,247750
es_vanilla_s0,1787376640,247750
es_vanilla_s0,1787376650,247750
es_vanilla_s0,1787376660,247750
es_vanilla_s0,1787376670,247750
es_vanilla_s0,1787376681,247750
es_vanilla_s0,1787376691,247750
es_vanilla_s0,1787376701,247750
es_vanilla_s0,1787376711,247750
es_vanilla_s0,1787376721,247750
es_vanilla_s0,1787376731,247750
es_vanilla_s0,1787376741,247750
es_vanilla_s0,1787376751,247750
es_vanilla_s0,1787376761,247750
es_vanilla_s0,1787376771,247750
es_vanilla_s0,1787376782,247750
es_vanilla_s0,1787376792,247750
es_vanilla_s0,1787376802,247750
es_vanilla_s0,1787376812,247750
es_vanilla_s0,1787376822,247750
es_vanilla_s0,1787376832,247750
es_vanilla_s0,1787376842,247750
es_vanilla_s0,1787376852,247750
es_vanilla_s0,1787376862,247750
es_vanilla_s0,1787376872,247750
es_vanilla_s0,1787376883,247750
es_vanilla_s0,1787376893,247750
es_vanilla_s0,1787376903,247750
es_vanilla_s0,1787376913,247750
es_vanilla_s0,1787376923,247750
es_vanilla_s0,1787376933,247750
es_vanilla_s0,1787376943,247750
es_vanilla_s0,1787376953,247750
es_vanilla_s0,1787376963,247750
es_vanilla_s0,1787376973,247750
es_vanilla_s0,1787376983,247750
es_vanilla_s0,1787376994,247750
es_vanilla_s0,1787377004,247750
es_vanilla_s0,1787377014,247750
es_vanilla_s0,1787377024,247750
es_vanilla_s0,1787377034,247750
es_vanilla_s0,1787377044,247750
es_vanilla_s0,1787377054,247750
es_vanilla_s0,1787377064,247750
es_vanilla_s0,1787377074,247750
es_vanilla_s0,1787377084,247750
es_vanilla_s0,1787377095,247750
es_vanilla_s0,1787377105,247750
es_vanilla_s0,1787377115,247750
es_vanilla_s0,1787377125,247750
es_vanilla_s0,1787377135,247750
es_vanilla_s0,1787377145,247750
es_vanilla_s0,1787377155,247750
es_vanilla_s0,1787377165,247750
es_vanilla_s0,1787377175,247750
es_vanilla_s0,1787377185,247750
es_vanilla_s0,1787377196,247750
es_vanilla_s0,1787377206,247750
es_vanilla_s0,1787377216,247750
es_vanilla_s0,1787377226,247750
es_vanilla_s0,1787377236,247750
es_vanilla_s0,1787377246,247750
es_vanilla_s0,1787377256,247750
es_vanilla_s0,1787377266,247750
es_vanilla_s0,1787377276,247750
es_vanilla_s0,1787377286,247750
es_vanilla_s0,1787377296,247750
es_vanilla_s0,1787377307,247750
es_vanilla_s0,1787377317,247750
es_vanilla_s0,1787377327,247750
es_vanilla_s0,1787377337,247750
es_vanilla_s0,1787377347,247750
es_vanilla_s0,1787377357,247750
es_vanilla_s0,1787377367,247750
es_vanilla_s0,1787377377,247750
es_vanilla_s0,1787377387,247750
es_vanilla_s0,1787377397,247750
es_vanilla_s0,1787377408,247750
es_vanilla_s0,1787377418,247750
es_vanilla_s0,1787377428,247750
es_vanilla_s0,1787377438,247750
es_vanilla_s0,1787377448,247750
es_vanilla_s0,1787377458,247750
es_vanilla_s0,1787377468,247750
es_vanilla_s0,1787377478,247750
es_vanilla_s0,1787377488,247750
es_vanilla_s0,1787377498,247750
es_vanilla_s0,1787377509,247750
es_vanilla_s0,1787377519,247750
es_vanilla_s0,1787377529,247750
es_vanilla_s0,1787377539,247750
es_vanilla_s0,1787377549,247750
es_vanilla_s0,1787377559,247750
es_vanilla_s0,1787377569,247750
es_vanilla_s0,1787377579,247750
es_vanilla_s0,1787377589,247750
es_vanilla_s0,1787377599,247750
es_vanilla_s0,1787377610,247750
es_vanilla_s0,1787377620,247750
es_vanilla_s0,1787377630,247750
es_vanilla_s0,1787377640,247750
es_vanilla_s0,1787377650,247750
es_vanilla_s0,1787377660,247750
es_vanilla_s0,1787377670,247750
es_vanilla_s0,1787377680,247750
es_vanilla_s0,1787377690,247750
es_vanilla_s0,1787377700,247750
es_vanilla_s0,1787377710,247750
es_vanilla_s0,1787377721,247750
es_vanilla_s0,1787377731,247750
es_vanilla_s0,1787377741,247750
es_vanilla_s0,1787377751,247750
es_vanilla_s0,1787377761,247750
es_vanilla_s0,1787377771,247750
es_vanilla_s0,1787377781,247750
es_vanilla_s0,1787377791,247750
es_vanilla_s0,1787377801,247750
es_vanilla_s0,1787377811,247750
es_vanilla_s0,1787377822,247750
es_vanilla_s0,1787377832,247750
es_vanilla_s0,1787377842,247750
es_vanilla_s0,1787377852,247750
es_vanilla_s0,1787377862,247750
es_vanilla_s0,1787377872,247750
es_vanilla_s0,1787377882,247750
es_vanilla_s0,1787377892,247750
es_vanilla_s0,1787377902,247750
es_vanilla_s0,1787377912,247750
es_vanilla_s0,1787377923,247750
es_vanilla_s0,1787377933,247750
es_vanilla_s0,1787377943,247750
es_vanilla_s0,1787377953,247750
es_vanilla_s0,1787377963,247750
es_vanilla_s0,1787377973,247750
es_vanilla_s0,1787377983,247750
es_vanilla_s0,1787377993,247750
es_vanilla_s0,1787378003,247750
es_vanilla_s0,1787378013,247750
es_vanilla_s0,1787378024,247750
es_vanilla_s0,1787378034,247750
es_vanilla_s0,1787378044,247750
es_vanilla_s0,1787378054,247750
es_vanilla_s0,1787378064,247750
es_vanilla_s0,1787378074,247750
es_vanilla_s0,1787378084,247750
es_vanilla_s0,1787378094,247750
es_vanilla_s0,1787378104,247750
es_vanilla_s0,1787378114,247750
es_vanilla_s0,1787378124,247750
es_vanilla_s0,1787378135,247750
es_vanilla_s0,1787378145,247750
es_vanilla_s0,1787378155,247750
es_vanilla_s0,1787378165,247750
es_vanilla_s0,1787378175,247750
es_vanilla_s0,1787378185,247750
es_vanilla_s0,1787378195,247750
es_vanilla_s0,1787378205,247750
es_vanilla_s0,1787378215,247750
es_vanilla_s0,1787378225,247750
es_vanilla_s0,1787378236,247750
es_vanilla_s0,1787378246,247750
es_vanilla_s0,1787378256,247750
es_vanilla_s0,1787378266,247750
es_vanilla_s0,1787378276,247750
es_vanilla_s0,1787378286,247750
es_vanilla_s0,1787378296,247750
es_vanilla_s0,1787378306,247750
es_vanilla_s0,1787378316,247750
es_vanilla_s0,1787378326,247750
es_vanilla_s0,1787378337,247750
es_vanilla_s0,1787378347,247750
es_vanilla_s0,1787378357,247750
es_vanilla_s0,1787378367,247750
es_vanilla_s0,1787378377,247750
es_vanilla_s0,1787378387,247750
es_vanilla_s0,1787378397,247750
es_vanilla_s0,1787378407,247750
es_vanilla_s0,1787378417,247750
es_vanilla_s0,1787378427,247750
es_vanilla_s0,1787378438,247750
es_vanilla_s0,1787378448,247750
es_vanilla_s0,1787378458,247750
es_vanilla_s0,1787378468,247750
es_vanilla_s0,1787378478,247750
es_vanilla_s0,1787378488,247750
es_vanilla_s0,1787378498,247750
es_vanilla_s0,1787378508,247750
es_vanilla_s0,1787378518,247750
es_vanilla_s0,1787378528,247750
es_vanilla_s0,1787378538,247750
es_vanilla_s0,1787378549,247750
es_vanilla_s0,1787378559,247750
es_vanilla_s0,1787378569,247750
es_vanilla_s0,1787378579,247750
es_vanilla_s0,1787378589,247750
es_vanilla_s0,1787378599,247750
es_vanilla_s0,1787378609,247750
es_vanilla_s0,1787378619,247750
es_vanilla_s0,1787378629,247750
es_vanilla_s0,1787378639,247750
es_vanilla_s0,1787378650,247750
es_vanilla_s0,1787378660,247750
es_vanilla_s0,1787378670,247750
es_vanilla_s0,1787378680,247750
es_vanilla_s0,1787378690,247750
es_vanilla_s0,1787378700,247750
es_vanilla_s0,1787378710,247750
es_vanilla_s0,1787378720,247750
es_vanilla_s0,1787378730,247750
es_vanilla_s0,1787378740,247750
es_vanilla_s0,1787378750,247750
es_vanilla_s0,1787378761,247750
es_vanilla_s0,1787378771,247750
es_vanilla_s0,1787378781,247750
es_vanilla_s0,1787378791,247750
es_vanilla_s0,1787378801,247750
es_vanilla_s0,1787378811,247750
es_vanilla_s0,1787378821,247750
es_vanilla_s0,1787378831,247750
es_vanilla_s0,1787378841,247750
es_vanilla_s0,1787378851,247750
es_vanilla_s0,1787378862,247750
es_vanilla_s0,1787378872,247750
es_vanilla_s0,1787378882,247750
es_vanilla_s0,1787378892,247750
es_vanilla_s0,1787378902,247750
es_vanilla_s0,1787378912,247750
es_vanilla_s0,1787378922,247750
es_vanilla_s0,1787378932,247750
es_vanilla_s0,1787378942,247750
es_vanilla_s0,1787378952,247750
es_vanilla_s0,1787378962,247750
es_vanilla_s0,1787378973,247750
es_vanilla_s0,1787378983,247750
es_vanilla_s0,1787378993,247750
es_vanilla_s0,1787379003,247750
es_vanilla_s0,1787379013,247750
es_vanilla_s0,1787379023,247750
es_vanilla_s0,1787379033,247750
es_vanilla_s0,1787379043,247750
es_vanilla_s0,1787379053,247750
es_vanilla_s0,1787379063,247750
es_vanilla_s0,1787379074,247750
es_vanilla_s0,1787379084,247750
es_vanilla_s0,1787379094,247750
es_vanilla_s0,1787379104,247750
es_vanilla_s0,1787379114,247750
es_vanilla_s0,1787379124,247750
es_vanilla_s0,1787379134,247750
es_vanilla_s0,1787379144,247750
es_vanilla_s0,1787379154,247750
es_vanilla_s0,1787379164,247750
es_vanilla_s0,1787379175,247750
es_vanilla_s0,1787379185,247750
es_vanilla_s0,1787379195,247750
es_vanilla_s0,1787379205,247750
es_vanilla_s0,1787379215,247750
es_vanilla_s0,1787379225,247750
es_vanilla_s0,1787379235,247750
es_vanilla_s0,1787379245,247750
es_vanilla_s0,1787379255,247750
es_vanilla_s0,1787379265,247750
es_vanilla_s0,1787379275,247750
es_vanilla_s0,1787379286,247750
es_vanilla_s0,1787379296,247750
es_vanilla_s0,1787379306,247750
es_vanilla_s0,1787379316,247750
es_vanilla_s0,1787379326,247750
es_vanilla_s0,1787379336,247750
es_vanilla_s0,1787379346,247750
es_vanilla_s0,1787379356,247750
es_vanilla_s0,1787379366,247750
es_vanilla_s0,1787379376,247750
es_vanilla_s0,1787379387,247750
es_vanilla_s0,1787379397,247750
es_vanilla_s0,1787379407,247750
es_vanilla_s0,1787379417,247750
es_vanilla_s0,1787379427,247750
es_vanilla_s0,1787379437,247750
es_vanilla_s0,1787379447,247750
es_vanilla_s0,1787379457,247750
es_vanilla_s0,1787379467,247750
es_vanilla_s0,1787379477,247750
es_vanilla_s0,1787379487,247750
es_vanilla_s0,1787379498,247750
es_vanilla_s0,1787379508,247750
es_vanilla_s0,1787379518,247750
es_vanilla_s0,1787379528,247750
es_vanilla_s0,1787379538,247750
es_vanilla_s0,1787379548,247750
es_vanilla_s0,1787379558,247750
es_vanilla_s0,1787379568,247750
es_vanilla_s0,1787379578,247750
es_vanilla_s0,1787379588,247750
es_vanilla_s0,1787379599,247750
es_vanilla_s0,1787379609,247750
es_vanilla_s0,1787379619,247750
es_vanilla_s0,1787379629,247750
es_vanilla_s0,1787379639,247750
es_vanilla_s0,1787379649,247750
es_vanilla_s0,1787379659,247750
es_vanilla_s0,1787379669,247750
es_vanilla_s0,1787379679,247750
es_vanilla_s0,1787379689,247750
es_vanilla_s0,1787379699,247750
es_vanilla_s0,1787379710,247750
es_vanilla_s0,1787379720,247750
es_vanilla_s0,1787379730,247750
es_vanilla_s0,1787379740,247750
es_vanilla_s0,1787379750,247750
es_vanilla_s0,1787379760,247750
es_vanilla_s0,1787379770,247750
es_vanilla_s0,1787379780,247750
es_vanilla_s0,1787379790,247750
es_vanilla_s0,1787379800,247750
es_vanilla_s0,1787379811,247750
es_vanilla_s0,1787379821,247750
es_vanilla_s0,1787379831,247750
es_vanilla_s0,1787379841,247750
es_vanilla_s0,1787379851,247750
es_vanilla_s0,1787379861,247750
es_vanilla_s0,1787379871,247750
es_vanilla_s0,1787379881,247750
es_vanilla_s0,1787379891,247750
es_vanilla_s0,1787379901,247750
es_vanilla_s0,1787379912,247750
es_vanilla_s0,1787379922,247750
es_vanilla_s0,1787379932,247750
es_vanilla_s0,1787379942,247750
es_vanilla_s0,1787379952,247750
es_vanilla_s0,1787379962,247750
es_vanilla_s0,1787379972,247750
es_vanilla_s0,1787379982,247750
es_vanilla_s0,1787379992,247750
es_vanilla_s0,1787380002,247750
es_vanilla_s0,1787380012,247750
es_vanilla_s0,1787380023,247750
es_vanilla_s0,1787380033,247750
es_vanilla_s0,1787380043,247750
es_vanilla_s0,1787380053,247750
es_vanilla_s0,1787380063,247750
es_vanilla_s0,1787380073,247750
es_vanilla_s0,1787380083,247750
es_vanilla_s0,1787380093,247750
es_vanilla_s0,1787380103,247750
es_vanilla_s0,1787380113,247750
es_vanilla_s0,1787380124,247750
es_vanilla_s0,1787380134,247750
es_vanilla_s0,1787380144,247750
es_vanilla_s0,1787380154,247750
es_vanilla_s0,1787380164,247750
es_vanilla_s0,1787380174,247750
es_vanilla_s0,1787380184,247750
es_vanilla_s0,1787380194,247750
es_vanilla_s0,1787380204,247750
es_vanilla_s0,1787380214,247750
es_vanilla_s0,1787380224,247750
es_vanilla_s0,1787380235,247750
es_vanilla_s0,1787380245,247750
es_vanilla_s0,1787380255,247750
es_vanilla_s0,1787380265,247750
es_vanilla_s0,1787380275,247750
es_vanilla_s0,1787380285,247750
es_vanilla_s0,1787380295,247750
es_vanilla_s0,1787380305,247750
es_vanilla_s0,1787380315,247750
es_vanilla_s0,1787380325,247750
es_vanilla_s0,1787380336,247750
es_vanilla_s0,1787380346,247750
es_vanilla_s0,1787380356,247750
es_vanilla_s0,1787380366,247750
es_vanilla_s0,1787380376,247750
es_vanilla_s0,1787380386,247750
es_vanilla_s0,1787380396,247750
es_vanilla_s0,1787380406,247750
es_vanilla_s0,1787380416,247750
es_vanilla_s0,1787380426,247750
es_vanilla_s0,1787380437,247750
es_vanilla_s0,1787380447,247750
es_vanilla_s0,1787380457,247750
es_vanilla_s0,1787380467,247750
es_vanilla_s0,1787380477,247750
es_vanilla_s0,1787380487,247750
es_vanilla_s0,1787380497,247750
es_vanilla_s0,1787380507,247750
es_vanilla_s0,1787380517,247750
es_vanilla_s0,1787380527,247750
es_vanilla_s0,1787380537,247750
es_vanilla_s0,1787380548,247750
es_vanilla_s0,1787380558,247750
es_vanilla_s0,1787380568,247750
es_vanilla_s0,1787380578,247750
es_vanilla_s0,1787380588,247750
es_vanilla_s0,1787380598,247750
es_vanilla_s0,1787380608,247750
es_vanilla_s0,1787380618,247750
es_vanilla_s0,1787380628,247750
es_vanilla_s0,1787380638,247750
es_vanilla_s0,1787380649,247750
es_vanilla_s0,1787380659,247750
es_vanilla_s0,1787380669,247750
es_vanilla_s0,1787380679,247750
es_vanilla_s0,1787380689,247750
es_vanilla_s0,1787380699,247750
es_vanilla_s0,1787380709,247750
es_vanilla_s0,1787380719,247750
es_vanilla_s0,1787380729,247750
es_vanilla_s0,1787380739,247750
es_vanilla_s0,1787380750,247750
es_vanilla_s0,1787380760,247750
es_vanilla_s0,1787380770,247750
es_vanilla_s0,1787380780,247750
es_vanilla_s0,1787380790,247750
es_vanilla_s0,1787380800,247750
es_vanilla_s0,1787380810,247750
es_vanilla_s0,1787380820,247750
es_vanilla_s0,1787380830,247750
es_vanilla_s0,1787380840,247750
es_vanilla_s0,1787380850,247750
es_vanilla_s0,1787380861,247750
es_vanilla_s0,1787380871,247750
es_vanilla_s0,1787380881,247750
es_vanilla_s0,1787380891,247750
es_vanilla_s0,1787380901,247750
es_vanilla_s0,1787380911,247750
es_vanilla_s0,1787380921,247750
es_vanilla_s0,1787380931,247750
es_vanilla_s0,1787380941,247750
es_vanilla_s0,1787380951,247750
es_vanilla_s0,1787380962,247750
es_vanilla_s0,1787380972,247750
es_vanilla_s0,1787380982,247750
es_vanilla_s0,1787380992,247750
es_vanilla_s0,1787381002,247750
es_vanilla_s0,1787381012,247750
es_vanilla_s0,1787381022,247750
es_vanilla_s0,1787381032,247750
es_vanilla_s0,1787381042,247750
es_vanilla_s0,1787381052,247750
es_vanilla_s0,1787381063,247750
es_vanilla_s0,1787381073,247750
es_vanilla_s0,1787381083,247750
es_vanilla_s0,1787381093,247750
es_vanilla_s0,1787381103,247750
es_vanilla_s0,1787381113,247750
es_vanilla_s0,1787381123,247750
es_vanilla_s0,1787381133,247750
es_vanilla_s0,1787381143,247750
es_vanilla_s0,1787381153,247750
es_vanilla_s0,1787381163,247750
es_vanilla_s0,1787381174,247750
es_vanilla_s0,1787381184,247750
es_vanilla_s0,1787381194,247750
es_vanilla_s0,1787381204,247750
es_vanilla_s0,1787381214,247750
es_vanilla_s0,1787381224,247750
es_vanilla_s0,1787381234,247750
es_vanilla_s0,1787381244,247750
es_vanilla_s0,1787381254,247750
es_vanilla_s0,1787381264,247750
es_vanilla_s0,1787381275,247750
es_vanilla_s0,1787381285,247750
es_vanilla_s0,1787381295,247750
es_vanilla_s0,1787381305,247750
es_vanilla_s0,1787381315,247750
es_vanilla_s0,1787381325,247750
es_vanilla_s0,1787381335,247750
es_vanilla_s0,1787381345,247750
es_vanilla_s0,1787381355,247750
es_vanilla_s0,1787381365,247750
es_vanilla_s0,1787381375,247750
es_vanilla_s0,1787381386,247750
es_vanilla_s0,1787381396,247750
es_vanilla_s0,1787381406,247750
es_vanilla_s0,1787381416,247750
es_vanilla_s0,1787381426,247750
es_vanilla_s0,1787381436,247750
es_vanilla_s0,1787381446,247750
es_vanilla_s0,1787381456,247750
es_vanilla_s0,1787381466,247750
es_vanilla_s0,1787381476,247750
es_vanilla_s0,1787381487,247750
es_vanilla_s0,1787381497,247750
es_vanilla_s0,1787381507,247750
es_vanilla_s0,1787381517,247750
es_vanilla_s0,1787381527,247750
es_vanilla_s0,1787381537,247750
es_vanilla_s0,1787381547,247750
es_vanilla_s0,1787381557,247750
es_vanilla_s0,1787381567,247750
es_vanilla_s0,1787381577,247750
es_vanilla_s0,1787381588,247750
es_vanilla_s0,1787381598,247750
es_vanilla_s0,1787381608,247750
es_vanilla_s0,1787381618,247750
es_vanilla_s0,1787381628,247750
es_vanilla_s0,1787381638,247750
es_vanilla_s0,1787381648,247750
es_vanilla_s0,1787381658,247750
es_vanilla_s0,1787381668,247750
es_vanilla_s0,1787381678,247750
es_vanilla_s0,1787381688,247750
es_vanilla_s0,1787381699,247750
es_vanilla_s0,1787381709,247750
es_vanilla_s0,1787381719,247750
es_vanilla_s0,1787381729,247750
es_vanilla_s0,1787381739,247750
es_vanilla_s0,1787381749,247750
es_vanilla_s0,1787381759,247750
es_vanilla_s0,1787381769,247750
es_vanilla_s0,1787381779,247750
es_vanilla_s0,1787381789,247750
es_vanilla_s0,1787381800,247750
es_vanilla_s0,1787381810,247750
es_vanilla_s0,1787381820,247750
es_vanilla_s0,1787381830,247750
es_vanilla_s0,1787381840,247750
es_vanilla_s0,1787381850,247750
es_vanilla_s0,1787381860,247750
es_vanilla_s0,1787381870,247750
es_vanilla_s0,1787381880,247750
es_vanilla_s0,1787381890,247750
es_vanilla_s0,1787381901,247750
es_vanilla_s0,1787381911,247750
es_vanilla_s0,1787381921,247750
es_vanilla_s0,1787381931,247750
es_vanilla_s0,1787381941,247750
es_vanilla_s0,1787381951,247750
es_vanilla_s0,1787381961,247750
es_vanilla_s0,1787381971,247750
es_vanilla_s0,1787381981,247750
es_vanilla_s0,1787381991,247750
es_vanilla_s0,1787382001,247750
es_vanilla_s0,1787382012,247750
es_vanilla_s0,1787382022,247750
es_vanilla_s0,1787382032,247750
es_vanilla_s0,1787382042,247750
es_vanilla_s0,1787382052,247750
es_vanilla_s0,1787382062,247750
es_vanilla_s0,1787382072,247750
es_vanilla_s0,1787382082,247750
es_vanilla_s0,1787382092,247750
es_vanilla_s0,1787382102,247750
es_vanilla_s0,1787382113,247750
es_vanilla_s0,1787382123,247750
es_vanilla_s0,1787382133,247750
es_vanilla_s0,1787382143,247750
es_vanilla_s0,1787382153,247750
es_vanilla_s0,1787382163,247750
es_vanilla_s0,1787382173,247750
es_vanilla_s0,1787382183,247750
es_vanilla_s0,1787382193,247750
es_vanilla_s0,1787382203,247750
es_vanilla_s0,1787382214,247750
es_vanilla_s0,1787382224,247750
es_vanilla_s0,1787382234,247750
es_vanilla_s0,1787382244,247750
es_vanilla_s0,1787382254,247750
es_vanilla_s0,1787382264,247750
es_vanilla_s0,1787382274,247750
es_vanilla_s0,1787382284,247750
es_vanilla_s0,1787382294,247750
es_vanilla_s0,1787382304,247750
es_vanilla_s0,1787382314,247750
es_vanilla_s0,1787382325,247750
es_vanilla_s0,1787382335,247750
es_vanilla_s0,1787382345,247750
es_vanilla_s0,1787382355,247750
es_vanilla_s0,1787382365,247750
es_vanilla_s0,1787382375,247750
es_vanilla_s0,1787382385,247750
es_vanilla_s0,1787382395,247750
es_vanilla_s0,1787382405,247750
es_vanilla_s0,1787382415,247750
es_vanilla_s0,1787382426,247750
es_vanilla_s0,1787382436,247750
es_vanilla_s0,1787382446,247750
es_vanilla_s0,1787382456,247750
es_vanilla_s0,1787382466,247750
es_vanilla_s0,1787382476,247750
es_vanilla_s0,1787382486,247750
es_vanilla_s0,1787382496,247750
es_vanilla_s0,1787382506,247750
es_vanilla_s0,1787382516,247750
es_vanilla_s0,1787382526,247750
es_vanilla_s0,1787382537,247750
es_vanilla_s0,1787382547,247750
es_vanilla_s0,1787382557,247750
es_vanilla_s0,1787382567,247750
es_vanilla_s0,1787382577,247750
es_vanilla_s0,1787382587,247750
es_vanilla_s0,1787382597,247750
es_vanilla_s0,1787382607,247750
es_vanilla_s0,1787382617,247750
es_vanilla_s0,1787382627,247750
es_vanilla_s0,1787382638,247750
es_vanilla_s0,1787382648,247750
es_vanilla_s0,1787382658,247750
es_vanilla_s0,1787382668,247750
es_vanilla_s0,1787382678,247750
es_vanilla_s0,1787382688,247750
es_vanilla_s0,1787382698,247750
es_vanilla_s0,1787382708,247750
es_vanilla_s0,1787382718,247750
es_vanilla_s0,1787382728,247750
es_vanilla_s0,1787382739,247750
es_vanilla_s0,1787382749,247750
es_vanilla_s0,1787382759,247750
es_vanilla_s0,1787382769,247750
es_vanilla_s0,1787382779,247750
es_vanilla_s0,1787382789,247750
es_vanilla_s0,1787382799,247750
es_vanilla_s0,1787382809,247750
es_vanilla_s0,1787382819,247750
es_vanilla_s0,1787382829,247750
es_vanilla_s0,1787382839,247750
es_vanilla_s0,1787382850,247750
es_vanilla_s0,1787382860,247750
es_vanilla_s0,1787382870,247750
es_vanilla_s0,1787382880,247750
es_vanilla_s0,1787382890,247750
es_vanilla_s0,1787382900,247750
es_vanilla_s0,1787382910,247750
es_vanilla_s0,1787382920,247750
es_vanilla_s0,1787382930,247750
es_vanilla_s0,1787382940,247750
es_vanilla_s0,1787382951,247750
es_vanilla_s0,1787382961,247750
es_vanilla_s0,1787382971,247750
es_vanilla_s0,1787382981,247750
es_vanilla_s0,1787382991,247750
es_vanilla_s0,1787383001,247750
es_vanilla_s0,1787383011,247750
es_vanilla_s0,1787383021,247750
es_vanilla_s0,1787383031,247750
es_vanilla_s0,1787383041,247750
es_vanilla_s0,1787383051,247750
es_vanilla_s0,1787383062,247750
es_vanilla_s0,1787383072,247750
es_vanilla_s0,1787383082,247750
es_vanilla_s0,1787383092,247750
es_vanilla_s0,1787383102,247750
es_vanilla_s0,1787383112,247750
es_vanilla_s0,1787383122,247750
es_vanilla_s0,1787383132,247750
es_vanilla_s0,1787383142,247750
es_vanilla_s0,1787383152,247750
es_vanilla_s0,1787383163,247750
es_vanilla_s0,1787383173,247750
es_vanilla_s0,1787383183,247750
es_vanilla_s0,1787383193,247750
es_vanilla_s0,1787383203,247750
es_vanilla_s0,1787383213,247750
es_vanilla_s0,1787383223,247750
es_vanilla_s0,1787383233,247750
es_vanilla_s0,1787383243,247750
es_vanilla_s0,1787383253,247750
es_vanilla_s0,1787383264,247750
es_vanilla_s0,1787383274,247750
es_vanilla_s0,1787383284,247750
es_vanilla_s0,1787383294,247750
es_vanilla_s0,1787383304,247750
es_vanilla_s0,1787383314,247750
es_vanilla_s0,1787383324,247750
es_vanilla_s0,1787383334,247750
es_vanilla_s0,1787383344,247750
es_vanilla_s0,1787383354,247750
es_vanilla_s0,1787383365,247750
es_vanilla_s0,1787383375,247750
es_vanilla_s0,1787383385,247750
es_vanilla_s0,1787383395,247750
es_vanilla_s0,1787383405,247750
es_vanilla_s0,1787383415,247750
es_vanilla_s0,1787383425,247750
es_vanilla_s0,1787383435,247750
es_vanilla_s0,1787383445,247750
es_vanilla_s0,1787383455,247750
es_vanilla_s0,1787383465,247750
es_vanilla_s0,1787383476,247750
es_vanilla_s0,1787383486,247750
es_vanilla_s0,1787383496,247750
es_vanilla_s0,1787383506,247750
es_vanilla_s0,1787383516,247750
es_vanilla_s0,1787383526,247750
es_vanilla_s0,1787383536,247750
es_vanilla_s0,1787383546,247750
es_vanilla_s0,1787383556,247750
es_vanilla_s0,1787383566,247750
es_vanilla_s0,1787383577,247750
es_vanilla_s0,1787383587,247750
es_vanilla_s0,1787383597,247750
es_vanilla_s0,1787383607,247750
es_vanilla_s0,1787383617,247750
es_vanilla_s0,1787383627,247750
es_vanilla_s0,1787383637,247750
es_vanilla_s0,1787383647,247750
es_vanilla_s0,1787383657,247750
es_vanilla_s0,1787383667,247750
es_vanilla_s0,1787383678,247750
es_vanilla_s0,1787383688,247750
es_vanilla_s0,1787383698,247750
es_vanilla_s0,1787383708,247750
es_vanilla_s0,1787383718,247750
es_vanilla_s0,1787383728,247750
es_vanilla_s0,1787383738,247750
es_vanilla_s0,1787383748,247750
es_vanilla_s0,1787383758,247750
es_vanilla_s0,1787383768,247750
es_vanilla_s0,1787383778,247750
es_vanilla_s0,1787383789,247750
es_vanilla_s0,1787383799,247750
es_vanilla_s0,1787383809,247750
es_vanilla_s0,1787383819,247750
es_vanilla_s0,1787383829,247750
es_vanilla_s0,1787383839,247750
es_vanilla_s0,1787383849,247750
es_vanilla_s0,1787383859,247750
es_vanilla_s0,1787383869,247750
es_vanilla_s0,1787383879,247750
es_vanilla_s0,1787383890,247750
es_vanilla_s0,1787383900,247750
es_vanilla_s0,1787383910,247750
es_vanilla_s0,1787383920,247750
es_vanilla_s0,1787383930,247750
es_vanilla_s0,1787383940,247750
es_vanilla_s0,1787383950,247750
es_vanilla_s0,1787383960,247750
es_vanilla_s0,1787383970,247750
es_vanilla_s0,1787383980,247750
es_vanilla_s0,1787383990,247750
es_vanilla_s0,1787384001,247750
es_vanilla_s0,1787384011,247750
es_vanilla_s0,1787384021,247750
es_vanilla_s0,1787384031,247750
es_vanilla_s0,1787384041,247750
es_vanilla_s0,1787384051,247750
es_vanilla_s0,1787384061,247750
es_vanilla_s0,1787384071,247750
es_vanilla_s0,1787384081,247750
es_vanilla_s0,1787384091,247750
es_vanilla_s0,1787384102,247750
es_vanilla_s0,1787384112,247750
es_vanilla_s0,1787384122,247750
es_vanilla_s0,1787384132,247750
es_vanilla_s0,1787384142,247750
es_vanilla_s0,1787384152,247750
es_vanilla_s0,1787384162,247750
es_vanilla_s0,1787384172,247750
es_vanilla_s0,1787384182,247750
es_vanilla_s0,1787384192,247750
es_vanilla_s0,1787384202,247750
es_vanilla_s0,1787384213,247750
es_vanilla_s0,1787384223,247750
es_vanilla_s0,1787384233,247750
es_vanilla_s0,1787384243,247750
es_vanilla_s0,1787384253,247750
es_vanilla_s0,1787384263,247750
es_vanilla_s0,1787384273,247750
es_vanilla_s0,1787384283,247750
es_vanilla_s0,1787384293,247750
es_vanilla_s0,1787384303,247750
es_vanilla_s0,1787384314,247750
es_vanilla_s0,1787384324,247750
es_vanilla_s0,1787384334,247750
es_vanilla_s0,1787384344,247750
es_vanilla_s0,1787384354,247750
es_vanilla_s0,1787384364,247750
es_vanilla_s0,1787384374,247750
es_vanilla_s0,1787384384,247750
es_vanilla_s0,1787384394,247750
es_vanilla_s0,1787384404,247750
es_vanilla_s0,1787384414,247750
es_vanilla_s0,1787384425,247750
es_vanilla_s0,1787384435,247750
es_vanilla_s0,1787384445,247750
es_vanilla_s0,1787384455,247750
es_vanilla_s0,1787384465,247750
es_vanilla_s0,1787384475,247750
es_vanilla_s0,1787384485,247750
es_vanilla_s0,1787384495,247750
es_vanilla_s0,1787384505,247750
es_vanilla_s0,1787384515,247750
es_vanilla_s0,1787384526,247750
es_vanilla_s0,1787384536,247750
es_vanilla_s0,1787384546,247750
es_vanilla_s0,1787384556,247750
es_vanilla_s0,1787384566,247750
es_vanilla_s0,1787384576,247750
es_vanilla_s0,1787384586,247750
es_vanilla_s0,1787384596,247750
es_vanilla_s0,1787384606,247750
es_vanilla_s0,1787384616,247750
es_vanilla_s0,1787384626,247750
es_vanilla_s0,1787384637,247750
es_vanilla_s0,1787384647,247750
es_vanilla_s0,1787384657,247750
es_vanilla_s0,1787384667,247750
es_vanilla_s0,1787384677,247750
es_vanilla_s0,1787384687,247750
es_vanilla_s0,1787384697,247750
es_vanilla_s0,1787384707,247750
es_vanilla_s0,1787384717,247750
es_vanilla_s0,1787384727,247750
es_vanilla_s0,1787384738,247750
es_vanilla_s0,1787384748,247750
es_vanilla_s0,1787384758,247750
es_vanilla_s0,1787384768,247750
es_vanilla_s0,1787384778,247750
es_vanilla_s0,1787384788,247750
es_vanilla_s0,1787384798,247750
es_vanilla_s0,1787384808,247750
es_vanilla_s0,1787384818,247750
es_vanilla_s0,1787384828,247750
es_vanilla_s0,1787384839,247750
es_vanilla_s0,1787384849,247750
es_vanilla_s0,1787384859,247750
es_vanilla_s0,1787384869,247750
es_vanilla_s0,1787384879,247750
es_vanilla_s0,1787384889,247750
es_vanilla_s0,1787384899,247750
es_vanilla_s0,1787384909,247750
es_vanilla_s0,1787384919,247750
es_vanilla_s0,1787384929,247750
es_vanilla_s0,1787384940,247750
es_vanilla_s0,1787384950,247750
es_vanilla_s0,1787384960,247750
es_vanilla_s0,1787384970,247750
es_vanilla_s0,1787384980,247750
es_vanilla_s0,1787384990,247750
es_vanilla_s0,1787385000,247750
es_vanilla_s0,1787385010,247750
es_vanilla_s0,1787385020,247750
es_vanilla_s0,1787385030,247750
es_vanilla_s0,1787385040,247750
es_vanilla_s0,1787385051,247750
es_vanilla_s0,1787385061,247750
es_vanilla_s0,1787385071,247750
es_vanilla_s0,1787385081,247750
es_vanilla_s0,1787385091,247750
es_vanilla_s0,1787385101,247750
es_vanilla_s0,1787385111,247750
es_vanilla_s0,1787385121,247750
es_vanilla_s0,1787385131,247750
es_vanilla_s0,1787385141,247750
es_vanilla_s0,1787385152,247750
es_vanilla_s0,1787385162,247750
es_vanilla_s0,1787385172,247750
es_vanilla_s0,1787385182,247750
es_vanilla_s0,1787385192,247750
es_vanilla_s0,1787385202,247750
es_vanilla_s0,1787385212,247750
es_vanilla_s0,1787385222,247750
es_vanilla_s0,1787385232,247750
es_vanilla_s0,1787385242,247750
es_vanilla_s0,1787385253,247750
es_vanilla_s0,1787385263,247750
es_vanilla_s0,1787385273,247750
es_vanilla_s0,1787385283,247750
es_vanilla_s0,1787385293,247750
es_vanilla_s0,1787385303,247750
es_vanilla_s0,1787385313,247750
es_vanilla_s0,1787385323,247750
es_vanilla_s0,1787385333,247750
es_vanilla_s0,1787385343,247750
es_vanilla_s0,1787385353,247750
es_vanilla_s0,1787385364,247750
es_vanilla_s0,1787385374,247750
es_vanilla_s0,1787385384,247750
es_vanilla_s0,1787385394,247750
es_vanilla_s0,1787385404,247750
es_vanilla_s0,1787385414,247750
es_vanilla_s0,1787385424,247750
es_vanilla_s0,1787385434,247750
es_vanilla_s0,1787385444,247750
es_vanilla_s0,1787385454,247750
es_vanilla_s0,1787385465,247750
es_vanilla_s0,1787385475,247750
es_vanilla_s0,1787385485,247750
es_vanilla_s0,1787385495,247750
es_vanilla_s0,1787385505,247750
es_vanilla_s0,1787385515,247750
es_vanilla_s0,1787385525,247750
es_vanilla_s0,1787385535,247750
es_vanilla_s0,1787385545,247750
es_vanilla_s0,1787385555,247750
es_vanilla_s0,1787385566,247750
es_vanilla_s0,1787385576,247750
es_vanilla_s0,1787385586,247750
es_vanilla_s0,1787385596,247750
es_vanilla_s0,1787385606,247750
es_vanilla_s0,1787385616,247750
es_vanilla_s0,1787385626,247750
es_vanilla_s0,1787385636,247750
es_vanilla_s0,1787385646,247750
es_vanilla_s0,1787385656,247750
es_vanilla_s0,1787385667,247750
es_vanilla_s0,1787385677,247750
es_vanilla_s0,1787385687,247750
es_vanilla_s0,1787385697,247750
es_vanilla_s0,1787385707,247750
es_vanilla_s0,1787385717,247750
es_vanilla_s0,1787385727,247750
es_vanilla_s0,1787385737,247750
es_vanilla_s0,1787385747,247750
es_vanilla_s0,1787385757,247750
es_vanilla_s0,1787385768,247750
es_vanilla_s0,1787385778,247750
es_vanilla_s0,1787385788,247750
es_vanilla_s0,1787385798,247750
es_vanilla_s0,1787385808,247750
es_vanilla_s0,1787385818,247750
es_vanilla_s0,1787385828,247750
es_vanilla_s0,1787385838,247750
es_vanilla_s0,1787385848,247750
es_vanilla_s0,1787385858,247750
es_vanilla_s0,1787385868,247750
es_vanilla_s0,1787385879,247750
es_vanilla_s0,1787385889,247750
es_vanilla_s0,1787385899,247750
es_vanilla_s0,1787385909,247750
es_vanilla_s0,1787385919,247750
es_vanilla_s0,1787385929,247750
es_vanilla_s0,1787385939,247750
es_vanilla_s0,1787385949,247750
es_vanilla_s0,1787385959,247750
es_vanilla_s0,1787385969,247750
es_vanilla_s0,1787385980,247750
es_vanilla_s0,1787385990,247750
es_vanilla_s0,1787386000,247750
es_vanilla_s0,1787386010,247750
es_vanilla_s0,1787386020,247750
es_vanilla_s0,1787386030,247750
es_vanilla_s0,1787386040,247750
es_vanilla_s0,1787386050,247750
es_vanilla_s0,1787386060,247750
es_vanilla_s0,1787386070,247750
es_vanilla_s0,1787386081,247750
es_vanilla_s0,1787386091,247750
es_vanilla_s0,1787386101,247750
es_vanilla_s0,1787386111,247750
es_vanilla_s0,1787386121,247750
es_vanilla_s0,1787386131,247750
es_vanilla_s0,1787386141,247750
es_vanilla_s0,1787386151,247750
es_vanilla_s0,1787386161,247750
es_vanilla_s0,1787386171,247750
es_vanilla_s0,1787386181,247750
es_vanilla_s0,1787386192,247750
es_vanilla_s0,1787386202,247750
es_vanilla_s0,1787386212,247750
es_vanilla_s0,1787386222,247750
es_vanilla_s0,1787386232,247750
es_vanilla_s0,1787386242,247750
es_vanilla_s0,1787386252,247750
es_vanilla_s0,1787386262,247750
es_vanilla_s0,1787386272,247750
es_vanilla_s0,1787386282,247750
es_vanilla_s0,1787386293,247750
es_vanilla_s0,1787386303,247750
es_vanilla_s0,1787386313,247750
es_vanilla_s0,1787386323,247750
es_vanilla_s0,1787386333,247750
es_vanilla_s0,1787386343,247750
es_vanilla_s0,1787386353,247750
es_vanilla_s0,1787386363,247750
es_vanilla_s0,1787386373,247750
es_vanilla_s0,1787386383,247750
es_vanilla_s0,1787386394,247750
es_vanilla_s0,1787386404,247750
es_vanilla_s0,1787386414,247750
es_vanilla_s0,1787386424,247750
es_vanilla_s0,1787386434,247750
es_vanilla_s0,1787386444,247750
es_vanilla_s0,1787386454,247750
es_vanilla_s0,1787386464,247750
es_vanilla_s0,1787386474,247750
es_vanilla_s0,1787386484,247750
es_vanilla_s0,1787386494,247750
es_vanilla_s0,1787386505,247750
es_vanilla_s0,1787386515,247750
es_vanilla_s0,1787386525,247750
es_vanilla_s0,1787386535,247750
es_vanilla_s0,1787386545,247750
es_vanilla_s0,1787386555,247750
es_vanilla_s0,1787386565,247750
es_vanilla_s0,1787386575,247750
es_vanilla_s0,1787386585,247750
es_vanilla_s0,1787386595,247750
es_vanilla_s0,1787386606,247750
es_vanilla_s0,1787386616,247750
es_vanilla_s0,1787386626,247750
es_vanilla_s0,1787386636,247750
es_vanilla_s0,1787386646,247750
es_vanilla_s0,1787386656,247750
es_vanilla_s0,1787386666,247750
es_vanilla_s0,1787386676,247750
es_vanilla_s0,1787386686,247750
es_vanilla_s0,1787386696,247750
es_vanilla_s0,1787386707,247750
es_vanilla_s0,1787386717,247750
es_vanilla_s0,1787386727,247750
es_vanilla_s0,1787386737,247750
es_vanilla_s0,1787386747,247750
es_vanilla_s0,1787386757,247750
es_vanilla_s0,1787386767,247750
es_vanilla_s0,1787386777,247750
es_vanilla_s0,1787386787,247750
es_vanilla_s0,1787386797,247750
es_vanilla_s0,1787386808,247750
es_vanilla_s0,1787386818,247750
es_vanilla_s0,1787386828,247750
es_vanilla_s0,1787386838,247750
es_vanilla_s0,1787386848,247750
es_vanilla_s0,1787386858,247750
es_vanilla_s0,1787386868,247750
es_vanilla_s0,1787386878,247750
es_vanilla_s0,1787386888,247750
es_vanilla_s0,1787386898,247750
es_vanilla_s0,1787386908,247750
es_vanilla_s0,1787386919,247750
es_vanilla_s0,1787386929,247750
es_vanilla_s0,1787386939,247750
es_vanilla_s0,1787386949,247750
es_vanilla_s0,1787386959,247750
es_vanilla_s0,1787386969,247750
es_vanilla_s0,1787386979,247750
es_vanilla_s0,1787386989,247750
es_vanilla_s0,1787386999,247750
es_vanilla_s0,1787387009,247750
es_vanilla_s0,1787387020,247750
es_vanilla_s0,1787387030,247750
es_vanilla_s0,1787387040,247750
es_vanilla_s0,1787387050,247750
es_vanilla_s0,1787387060,247750
es_vanilla_s0,1787387070,247750
es_vanilla_s0,1787387080,247750
es_vanilla_s0,1787387090,247750
es_vanilla_s0,1787387100,247750
es_vanilla_s0,1787387110,247750
es_vanilla_s0,1787387120,247750
es_vanilla_s0,1787387131,247750
es_vanilla_s0,1787387141,247750
es_vanilla_s0,1787387151,247750
es_vanilla_s0,1787387161,247750
es_vanilla_s0,1787387171,247750
es_vanilla_s0,1787387181,247750
es_vanilla_s0,1787387191,247750
es_vanilla_s0,1787387201,247750
es_vanilla_s0,1787387211,247750
es_vanilla_s0,1787387221,247750
es_vanilla_s0,1787387232,247750
es_vanilla_s0,1787387242,247750
es_vanilla_s0,1787387252,247750
es_vanilla_s0,1787387262,247750
es_vanilla_s0,1787387272,247750
es_vanilla_s0,1787387282,247750
es_vanilla_s0,1787387292,247750
es_vanilla_s0,1787387302,247750
es_vanilla_s0,1787387312,247750
es_vanilla_s0,1787387322,247750
es_vanilla_s0,1787387332,247750
es_vanilla_s0,1787387343,247750
es_vanilla_s0,1787387353,247750
es_vanilla_s0,1787387363,247750
es_vanilla_s0,1787387373,247750
es_vanilla_s0,1787387383,247750
es_vanilla_s0,1787387393,247750
es_vanilla_s0,1787387403,247750
es_vanilla_s0,1787387413,247750
es_vanilla_s0,1787387423,247750
es_vanilla_s0,1787387433,247750
es_vanilla_s0,1787387444,247750
es_vanilla_s0,1787387454,247750
es_vanilla_s0,1787387464,247750
es_vanilla_s0,1787387474,247750
es_vanilla_s0,1787387484,247750
es_vanilla_s0,1787387494,247750
es_vanilla_s0,1787387504,247750
es_vanilla_s0,1787387514,247750
es_vanilla_s0,1787387524,247750
es_vanilla_s0,1787387534,247750
es_vanilla_s0,1787387545,247750
es_vanilla_s0,1787387555,247750
es_vanilla_s0,1787387565,247750
es_vanilla_s0,1787387575,247750
es_vanilla_s0,1787387585,247750
es_vanilla_s0,1787387595,247750
es_vanilla_s0,1787387605,247750
es_vanilla_s0,1787387615,247750
es_vanilla_s0,1787387625,247750
es_vanilla_s0,1787387635,247750
es_vanilla_s0,1787387645,247750
es_vanilla_s0,1787387656,247750
es_vanilla_s0,1787387666,247750
es_vanilla_s0,1787387676,247750
es_vanilla_s0,1787387686,247750
es_vanilla_s0,1787387696,247750
es_vanilla_s0,1787387706,247750
es_vanilla_s0,1787387716,247750
es_vanilla_s0,1787387726,247750
es_vanilla_s0,1787387736,247750
es_vanilla_s0,1787387746,247750
es_vanilla_s0,1787387757,247750
es_vanilla_s0,1787387767,247750
es_vanilla_s0,1787387777,247750
es_vanilla_s0,1787387787,247750
es_vanilla_s0,1787387797,247750
es_vanilla_s0,1787387807,247750
es_vanilla_s0,1787387817,247750
es_vanilla_s0,1787387827,247750
es_vanilla_s0,1787387837,247750
es_vanilla_s0,1787387847,247750
es_vanilla_s0,1787387858,247750
es_vanilla_s0,1787387868,247750
es_vanilla_s0,1787387878,247750
es_vanilla_s0,1787387888,247750
es_vanilla_s0,1787387898,247750
es_vanilla_s0,1787387908,247750
es_vanilla_s0,1787387918,247750
es_vanilla_s0,1787387928,247750
es_vanilla_s0,1787387938,247750
es_vanilla_s0,1787387948,247750
es_vanilla_s0,1787387959,247750
es_vanilla_s0,1787387969,247750
es_vanilla_s0,1787387979,247750
es_vanilla_s0,1787387989,247750
es_vanilla_s0,1787387999,247750
es_vanilla_s0,1787388009,247750
es_vanilla_s0,1787388019,247750
es_vanilla_s0,1787388029,247750
es_vanilla_s0,1787388039,247750
es_vanilla_s0,1787388049,247750
es_vanilla_s0,1787388059,247750
es_vanilla_s0,1787388070,247750
es_vanilla_s0,1787388080,247750
es_vanilla_s0,1787388090,247750
es_vanilla_s0,1787388100,247750
es_vanilla_s0,1787388110,247750
es_vanilla_s0,1787388120,247750
es_vanilla_s0,1787388130,247750
es_vanilla_s0,1787388140,247750
es_vanilla_s0,1787388150,247750
es_vanilla_s0,1787388160,247750
es_vanilla_s0,1787388171,247750
es_vanilla_s0,1787388181,247750
es_vanilla_s0,1787388191,247750
es_vanilla_s0,1787388201,247750
es_vanilla_s0,1787388211,247750
es_vanilla_s0,1787388221,247750
es_vanilla_s0,1787388231,247750
es_vanilla_s0,1787388241,247750
es_vanilla_s0,1787388251,247750
es_vanilla_s0,1787388261,247750
es_vanilla_s0,1787388272,247750
es_vanilla_s0,1787388282,247750
es_vanilla_s0,1787388292,247750
es_vanilla_s0,1787388302,247750
es_vanilla_s0,1787388312,247750
es_vanilla_s0,1787388322,247750
es_vanilla_s0,1787388332,247750
es_vanilla_s0,1787388342,247750
es_vanilla_s0,1787388352,247750
es_vanilla_s0,1787388362,247750
es_vanilla_s0,1787388372,247750
es_vanilla_s0,1787388383,247750
es_vanilla_s0,1787388393,247750
es_vanilla_s0,1787388403,247750
es_vanilla_s0,1787388413,247750
es_vanilla_s0,1787388423,247750
es_vanilla_s0,1787388433,247750
es_vanilla_s0,1787388443,247750
es_vanilla_s0,1787388453,247750
es_vanilla_s0,1787388463,247750
es_vanilla_s0,1787388473,247750
es_vanilla_s0,1787388484,247750
es_vanilla_s0,1787388494,247750
es_vanilla_s0,1787388504,247750
es_vanilla_s0,1787388514,247750
es_vanilla_s0,1787388524,247750
es_vanilla_s0,1787388534,247750
es_vanilla_s0,1787388544,247750
es_vanilla_s0,1787388554,247750
es_vanilla_s0,1787388564,247750
es_vanilla_s0,1787388574,247750
es_vanilla_s0,1787388585,247750
es_vanilla_s0,1787388595,247750
es_vanilla_s0,1787388605,247750
es_vanilla_s0,1787388615,247750
es_vanilla_s0,1787388625,247750
es_vanilla_s0,1787388635,247750
es_vanilla_s0,1787388645,247750
es_vanilla_s0,1787388655,247750
es_vanilla_s0,1787388665,247750
es_vanilla_s0,1787388675,247750
es_vanilla_s0,1787388685,247750
es_vanilla_s0,1787388696,247750
es_vanilla_s0,1787388706,247750
es_vanilla_s0,1787388716,247750
es_vanilla_s0,1787388726,247750
es_vanilla_s0,1787388736,247750
es_vanilla_s0,1787388746,247750
es_vanilla_s0,1787388756,247750
es_vanilla_s0,1787388766,247750
es_vanilla_s0,1787388776,247750
es_vanilla_s0,1787388786,247750
es_vanilla_s0,1787388797,247750
es_vanilla_s0,1787388807,247750
es_vanilla_s0,1787388817,247750
es_vanilla_s0,1787388827,247750
es_vanilla_s0,1787388837,247750
es_vanilla_s0,1787388847,247750
es_vanilla_s0,1787388857,247750
es_vanilla_s0,1787388867,247750
es_vanilla_s0,1787388877,247750
es_vanilla_s0,1787388887,247750
es_vanilla_s0,1787388898,247750
es_vanilla_s0,1787388908,247750
es_vanilla_s0,1787388918,247750
es_vanilla_s0,1787388928,247750
es_vanilla_s0,1787388938,247750
es_vanilla_s0,1787388948,247750
es_vanilla_s0,1787388958,247750
es_vanilla_s0,1787388968,247750
es_vanilla_s0,1787388978,247750
es_vanilla_s0,1787388988,247750
es_vanilla_s0,1787388999,247750
es_vanilla_s0,1787389009,247750
es_vanilla_s0,1787389019,247750
es_vanilla_s0,1787389029,247750
es_vanilla_s0,1787389039,247750
es_vanilla_s0,1787389049,247750
es_vanilla_s0,1787389059,247750
es_vanilla_s0,1787389069,247750
es_vanilla_s0,1787389079,247750
es_vanilla_s0,1787389089,247750
es_vanilla_s0,1787389099,247750
es_vanilla_s0,1787389110,247750
es_vanilla_s0,1787389120,247750
es_vanilla_s0,1787389130,247750
es_vanilla_s0,1787389140,247750
es_vanilla_s0,1787389150,247750
es_vanilla_s0,1787389160,247750
es_vanilla_s0,1787389170,247750
es_vanilla_s0,1787389180,247750
es_vanilla_s0,1787389190,247750
es_vanilla_s0,1787389200,247750
es_vanilla_s0,1787389211,247750
es_vanilla_s0,1787389221,247750
es_vanilla_s0,1787389231,247750
es_vanilla_s0,1787389241,247750
es_vanilla_s0,1787389251,247750
es_vanilla_s0,1787389261,247750
es_vanilla_s0,1787389271,247750
es_vanilla_s0,1787389281,247750
es_vanilla_s0,1787389291,247750
es_vanilla_s0,1787389301,247750
es_vanilla_s0,1787389311,247750
es_vanilla_s0,1787389322,247750
es_vanilla_s0,1787389332,247750
es_vanilla_s0,1787389342,247750
es_vanilla_s0,1787389352,247750
es_vanilla_s0,1787389362,247750
es_vanilla_s0,1787389372,247750
es_vanilla_s0,1787389382,247750
es_vanilla_s0,1787389392,247750
es_vanilla_s0,1787389402,247750
es_vanilla_s0,1787389412,247750
es_vanilla_s0,1787389423,247750
es_vanilla_s0,1787389433,247750
es_vanilla_s0,1787389443,247750
es_vanilla_s0,1787389453,247750
es_vanilla_s0,1787389463,247750
es_vanilla_s0,1787389473,247750
es_vanilla_s0,1787389483,247750
es_vanilla_s0,1787389493,247750
es_vanilla_s0,1787389503,247750
es_vanilla_s0,1787389513,247750
es_vanilla_s0,1787389523,247750
es_vanilla_s0,1787389534,247750
es_vanilla_s0,1787389544,247750
es_vanilla_s0,1787389554,247750
es_vanilla_s0,1787389564,247750
es_vanilla_s0,1787389574,247750
es_vanilla_s0,1787389584,247750
es_vanilla_s0,1787389594,247750
es_vanilla_s0,1787389604,247750
es_vanilla_s0,1787389614,247750
es_vanilla_s0,1787389624,247750
es_vanilla_s0,1787389635,247750
es_vanilla_s0,1787389645,247750
es_vanilla_s0,1787389655,247750
es_vanilla_s0,1787389665,247750
es_vanilla_s0,1787389675,247750
es_vanilla_s0,1787389685,247750
es_vanilla_s0,1787389695,247750
es_vanilla_s0,1787389705,247750
es_vanilla_s0,1787389715,247750
es_vanilla_s0,1787389725,247750
es_vanilla_s0,1787389736,247750
es_vanilla_s0,1787389746,247750
es_vanilla_s0,1787389756,247750
es_vanilla_s0,1787389766,247750
es_vanilla_s0,1787389776,247750
es_vanilla_s0,1787389786,247750
es_vanilla_s0,1787389796,247750
es_vanilla_s0,1787389806,247750
es_vanilla_s0,1787389816,247750
es_vanilla_s0,1787389826,247750
es_vanilla_s0,1787389836,247750
es_vanilla_s0,1787389847,247750
es_vanilla_s0,1787389857,247750
es_vanilla_s0,1787389867,247750
es_vanilla_s0,1787389877,247750
es_vanilla_s0,1787389887,247750
es_vanilla_s0,1787389897,247750
es_vanilla_s0,1787389907,247750
es_vanilla_s0,1787389917,247750
es_vanilla_s0,1787389927,247750
es_vanilla_s0,1787389937,247750
es_vanilla_s0,1787389948,247750
es_vanilla_s0,1787389958,247750
es_vanilla_s0,1787389968,247750
es_vanilla_s0,1787389978,247750
es_vanilla_s0,1787389988,247750
es_vanilla_s0,1787389998,247750
es_vanilla_s0,1787390008,247750
es_vanilla_s0,1787390018,247750
es_vanilla_s0,1787390028,247750
es_vanilla_s0,1787390038,247750
es_vanilla_s0,1787390048,247750
es_vanilla_s0,1787390059,247750
es_vanilla_s0,1787390069,247750
es_vanilla_s0,1787390079,247750
es_vanilla_s0,1787390089,247750
es_vanilla_s0,1787390099,247750
es_vanilla_s0,1787390109,247750
es_vanilla_s0,1787390119,247750
es_vanilla_s0,1787390129,247750
es_vanilla_s0,1787390139,247750
es_vanilla_s0,1787390149,247750
es_vanilla_s0,1787390160,247750
es_vanilla_s0,1787390170,247750
es_vanilla_s0,1787390180,247750
es_vanilla_s0,1787390190,247750
es_vanilla_s0,1787390200,247750
es_vanilla_s0,1787390210,247750
es_vanilla_s0,1787390220,247750
es_vanilla_s0,1787390230,247750
es_vanilla_s0,1787390240,247750
es_vanilla_s0,1787390250,247750
es_vanilla_s0,1787390261,247750
es_vanilla_s0,1787390271,247750
es_vanilla_s0,1787390281,247750
es_vanilla_s0,1787390291,247750
es_vanilla_s0,1787390301,247750
es_vanilla_s0,1787390311,247750
es_vanilla_s0,1787390321,247750
es_vanilla_s0,1787390331,247750
es_vanilla_s0,1787390341,247750
es_vanilla_s0,1787390351,247750
es_vanilla_s0,1787390361,247750
es_vanilla_s0,1787390372,247750
es_vanilla_s0,1787390382,247750
es_vanilla_s0,1787390392,247750
es_vanilla_s0,1787390402,247750
es_vanilla_s0,1787390412,247750
es_vanilla_s0,1787390422,247750
es_vanilla_s0,1787390432,247750
es_vanilla_s0,1787390442,247750
es_vanilla_s0,1787390452,247750
es_vanilla_s0,1787390462,247750
es_vanilla_s0,1787390473,247750
es_vanilla_s0,1787390483,247750
es_vanilla_s0,1787390493,247750
es_vanilla_s0,1787390503,247750
es_vanilla_s0,1787390513,247750
es_vanilla_s0,1787390523,247750
es_vanilla_s0,1787390533,247750
es_vanilla_s0,1787390543,247750
es_vanilla_s0,1787390553,247750
es_vanilla_s0,1787390563,247750
es_vanilla_s0,1787390574,247750
es_vanilla_s0,1787390584,247750
es_vanilla_s0,1787390594,247750
es_vanilla_s0,1787390604,247750
es_vanilla_s0,1787390614,247750
es_vanilla_s0,1787390624,247750
es_vanilla_s0,1787390634,247750
es_vanilla_s0,1787390644,247750
es_vanilla_s0,1787390654,247750
es_vanilla_s0,1787390664,247750
es_vanilla_s0,1787390674,247750
es_vanilla_s0,1787390685,247750
es_vanilla_s0,1787390695,247750
es_vanilla_s0,1787390705,247750
es_vanilla_s0,1787390715,247750
es_vanilla_s0,1787390725,247750
es_vanilla_s0,1787390735,247750
es_vanilla_s0,1787390745,247750
es_vanilla_s0,1787390755,247750
es_vanilla_s0,1787390765,247750
es_vanilla_s0,1787390775,247750
es_vanilla_s0,1787390786,247750
es_vanilla_s0,1787390796,247750
es_vanilla_s0,1787390806,247750
es_vanilla_s0,1787390816,247750
es_vanilla_s0,1787390826,247750
es_vanilla_s0,1787390836,247750
es_vanilla_s0,1787390846,247750
es_vanilla_s0,1787390856,247750
es_vanilla_s0,1787390866,247750
es_vanilla_s0,1787390876,247750
es_vanilla_s0,1787390887,247750
es_vanilla_s0,1787390897,247750
es_vanilla_s0,1787390907,247750
es_vanilla_s0,1787390917,247750
es_vanilla_s0,1787390927,247750
es_vanilla_s0,1787390937,247750
es_vanilla_s0,1787390947,247750
es_vanilla_s0,1787390957,247750
es_vanilla_s0,1787390967,247750
es_vanilla_s0,1787390977,247750
es_vanilla_s0,1787390987,247750
es_vanilla_s0,1787390998,247750
es_vanilla_s0,1787391008,247750
es_vanilla_s0,1787391018,247750
es_vanilla_s0,1787391028,247750
es_vanilla_s0,1787391038,247750
es_vanilla_s0,1787391048,247750
es_vanilla_s0,1787391058,247750
es_vanilla_s0,1787391068,247750
es_vanilla_s0,1787391078,247750
es_vanilla_s0,1787391088,247750
es_vanilla_s0,1787391099,247750
es_vanilla_s0,1787391109,247750
es_vanilla_s0,1787391119,247750
es_vanilla_s0,1787391129,247750
es_vanilla_s0,1787391139,247750
es_vanilla_s0,1787391149,247750
es_vanilla_s0,1787391159,247750
es_vanilla_s0,1787391169,247750
es_vanilla_s0,1787391179,247750
es_vanilla_s0,1787391189,247750
es_vanilla_s0,1787391200,247750
es_vanilla_s0,1787391210,247750
es_vanilla_s0,1787391220,247750
es_vanilla_s0,1787391230,247750
es_vanilla_s0,1787391240,247750
es_vanilla_s0,1787391250,247750
es_vanilla_s0,1787391260,247750
es_vanilla_s0,1787391270,247750
es_vanilla_s0,1787391280,247750
es_vanilla_s0,1787391290,247750
es_vanilla_s0,1787391300,247750
es_vanilla_s0,1787391311,247750
es_vanilla_s0,1787391321,247750
es_vanilla_s0,1787391331,247750
es_vanilla_s0,1787391341,247750
es_vanilla_s0,1787391351,247750
es_vanilla_s0,1787391361,247750
es_vanilla_s0,1787391371,247750
es_vanilla_s0,1787391381,247750
es_vanilla_s0,1787391391,247750
es_vanilla_s0,1787391401,247750
es_vanilla_s0,1787391412,247750
es_vanilla_s0,1787391422,247750
es_vanilla_s0,1787391432,247750
es_vanilla_s0,1787391442,247750
es_vanilla_s0,1787391452,247750
es_vanilla_s0,1787391462,247750
es_vanilla_s0,1787391472,247750
es_vanilla_s0,1787391482,247750
es_vanilla_s0,1787391492,247750
es_vanilla_s0,1787391502,247750
es_vanilla_s0,1787391512,247750
es_vanilla_s0,1787391523,247750
es_vanilla_s0,1787391533,247750
es_vanilla_s0,1787391543,247750
es_vanilla_s0,1787391553,247750
es_vanilla_s0,1787391563,247750
es_vanilla_s0,1787391573,247750
es_vanilla_s0,1787391583,247750
es_vanilla_s0,1787391593,247750
es_vanilla_s0,1787391603,247750
es_vanilla_s0,1787391613,247750
es_vanilla_s0,1787391624,247750
es_vanilla_s0,1787391634,247750
es_vanilla_s0,1787391644,247750
es_vanilla_s0,1787391654,247750
es_vanilla_s0,1787391664,247750
es_vanilla_s0,1787391674,247750
es_vanilla_s0,1787391684,247750
es_vanilla_s0,1787391694,247750
es_vanilla_s0,1787391704,247750
es_vanilla_s0,1787391714,247750
es_vanilla_s0,1787391725,247750
es_vanilla_s0,1787391735,247750
es_vanilla_s0,1787391745,247750
es_vanilla_s0,1787391755,247750
es_vanilla_s0,1787391765,247750
es_vanilla_s0,1787391775,247750
es_vanilla_s0,1787391785,247750
es_vanilla_s0,1787391795,247750
es_vanilla_s0,1787391805,247750
es_vanilla_s0,1787391815,247750
es_vanilla_s0,1787391825,247750
es_vanilla_s0,1787391836,247750
es_vanilla_s0,1787391846,247750
es_vanilla_s0,1787391856,247750
es_vanilla_s0,1787391866,247750
es_vanilla_s0,1787391876,247750
es_vanilla_s0,1787391886,247750
es_vanilla_s0,1787391896,247750
es_vanilla_s0,1787391906,247750
es_vanilla_s0,1787391916,247750
es_vanilla_s0,1787391926,247750
es_vanilla_s0,1787391937,247750
es_vanilla_s0,1787391947,247750
es_vanilla_s0,1787391957,247750
es_vanilla_s0,1787391967,247750
es_vanilla_s0,1787391977,247750
es_vanilla_s0,1787391987,247750
es_vanilla_s0,1787391997,247750
es_vanilla_s0,1787392007,247750
es_vanilla_s0,1787392017,247750
es_vanilla_s0,1787392027,247750
es_vanilla_s0,1787392038,247750
es_vanilla_s0,1787392048,247750
es_vanilla_s0,1787392058,247750
es_vanilla_s0,1787392068,247750
es_vanilla_s0,1787392078,247750
es_vanilla_s0,1787392088,247750
es_vanilla_s0,1787392098,247750
es_vanilla_s0,1787392108,247750
es_vanilla_s0,1787392118,247750
es_vanilla_s0,1787392128,247750
es_vanilla_s0,1787392139,247750
es_vanilla_s0,1787392149,247750
es_vanilla_s0,1787392159,247750
es_vanilla_s0,1787392169,247750
es_vanilla_s0,1787392179,247750
es_vanilla_s0,1787392189,247750
es_vanilla_s0,1787392199,247750
es_vanilla_s0,1787392209,247750
es_vanilla_s0,1787392219,247750
es_vanilla_s0,1787392229,247750
es_vanilla_s0,1787392239,247750
es_vanilla_s0,1787392250,247750
es_vanilla_s0,1787392260,247750
es_vanilla_s0,1787392270,247750
es_vanilla_s0,1787392280,247750
es_vanilla_s0,1787392290,247750
es_vanilla_s0,1787392300,247750
es_vanilla_s0,1787392310,247750
es_vanilla_s0,1787392320,247750
es_vanilla_s0,1787392330,247750
es_vanilla_s0,1787392340,247750
es_vanilla_s0,1787392351,247750
es_vanilla_s0,1787392361,247750
es_vanilla_s0,1787392371,247750
es_vanilla_s0,1787392381,247750
es_vanilla_s0,1787392391,247750
es_vanilla_s0,1787392401,247750
es_vanilla_s0,1787392411,247750
es_vanilla_s0,1787392421,247750
es_vanilla_s0,1787392431,247750
es_vanilla_s0,1787392441,247750
es_vanilla_s0,1787392452,247750
es_vanilla_s0,1787392462,247750
es_vanilla_s0,1787392472,247750
es_vanilla_s0,1787392482,247750
es_vanilla_s0,1787392492,247750
es_vanilla_s0,1787392502,247750
es_vanilla_s0,1787392512,247750
es_vanilla_s0,1787392522,247750
es_vanilla_s0,1787392532,247750
es_vanilla_s0,1787392542,247750
es_vanilla_s0,1787392552,247750
es_vanilla_s0,1787392563,247750
es_vanilla_s0,1787392573,247750
es_vanilla_s0,1787392583,247750
es_vanilla_s0,1787392593,247750
es_vanilla_s0,1787392603,247750
es_vanilla_s0,1787392613,247750
es_vanilla_s0,1787392623,247750
es_vanilla_s0,1787392633,247750
es_vanilla_s0,1787392643,247750
es_vanilla_s0,1787392653,247750
es_vanilla_s0,1787392664,247750
es_vanilla_s0,1787392674,247750
es_vanilla_s0,1787392684,247750
es_vanilla_s0,1787392694,247750
es_vanilla_s0,1787392704,247750
es_vanilla_s0,1787392714,247750
es_vanilla_s0,1787392724,247750
es_vanilla_s0,1787392734,247750
es_vanilla_s0,1787392744,247750
es_vanilla_s0,1787392754,247750
es_vanilla_s0,1787392764,247750
es_vanilla_s0,1787392775,247750
es_vanilla_s0,1787392785,247750
es_vanilla_s0,1787392795,247750
es_vanilla_s0,1787392805,247750
es_vanilla_s0,1787392815,247750
es_vanilla_s0,1787392825,247750
es_vanilla_s0,1787392835,247750
es_vanilla_s0,1787392845,247750
es_vanilla_s0,1787392855,247750
es_vanilla_s0,1787392865,247750
es_vanilla_s0,1787392876,247750
es_vanilla_s0,1787392886,247750
es_vanilla_s0,1787392896,247750
es_vanilla_s0,1787392906,247750
es_vanilla_s0,1787392916,247750
es_vanilla_s0,1787392926,247750
es_vanilla_s0,1787392936,247750
es_vanilla_s0,1787392946,247750
es_vanilla_s0,1787392956,247750
es_vanilla_s0,1787392966,247750
es_vanilla_s0,1787392977,247750
es_vanilla_s0,1787392987,247750
es_vanilla_s0,1787392997,247750
es_vanilla_s0,1787393007,247750
es_vanilla_s0,1787393017,247750
es_vanilla_s0,1787393027,247750
es_vanilla_s0,1787393037,247750
es_vanilla_s0,1787393047,247750
es_vanilla_s0,1787393057,247750
es_vanilla_s0,1787393067,247750
es_vanilla_s0,1787393077,247750
es_vanilla_s0,1787393088,247750
es_vanilla_s0,1787393098,247750
es_vanilla_s0,1787393108,247750
es_vanilla_s0,1787393118,247750
es_vanilla_s0,1787393128,247750
es_vanilla_s0,1787393138,247750
es_vanilla_s0,1787393148,247750
es_vanilla_s0,1787393158,247750
es_vanilla_s0,1787393168,247750
es_vanilla_s0,1787393178,247750
es_vanilla_s0,1787393188,247750
es_vanilla_s0,1787393199,247750
es_vanilla_s0,1787393209,247750
es_vanilla_s0,1787393219,247750
es_vanilla_s0,1787393229,247750
es_vanilla_s0,1787393239,247750
es_vanilla_s0,1787393249,247750
es_vanilla_s0,1787393259,247750
es_vanilla_s0,1787393269,247750
es_vanilla_s0,1787393279,247750
es_vanilla_s0,1787393289,247750
es_vanilla_s0,1787393300,247750
es_vanilla_s0,1787393310,247750
es_vanilla_s0,1787393320,247750
es_vanilla_s0,1787393330,247750
es_vanilla_s0,1787393340,247750
es_vanilla_s0,1787393350,247750
es_vanilla_s0,1787393360,247750
es_vanilla_s0,1787393370,247750
es_vanilla_s0,1787393380,247750
es_vanilla_s0,1787393390,247750
es_vanilla_s0,1787393401,247750
es_vanilla_s0,1787393411,247750
es_vanilla_s0,1787393421,247750
es_vanilla_s0,1787393431,247750
es_vanilla_s0,1787393441,247750
es_vanilla_s0,1787393451,247750
es_vanilla_s0,1787393461,247750
es_vanilla_s0,1787393471,247750
es_vanilla_s0,1787393481,247750
es_vanilla_s0,1787393491,247750
es_vanilla_s0,1787393501,247750
es_vanilla_s0,1787393512,247750
es_vanilla_s0,1787393522,247750
es_vanilla_s0,1787393532,247750
es_vanilla_s0,1787393542,247750
es_vanilla_s0,1787393552,247750
es_vanilla_s0,1787393562,247750
es_vanilla_s0,1787393572,247750
es_vanilla_s0,1787393582,247750
es_vanilla_s0,1787393592,247750
es_vanilla_s0,1787393602,247750
es_vanilla_s0,1787393613,247750
es_vanilla_s0,1787393623,247750
es_vanilla_s0,1787393633,247750
es_vanilla_s0,1787393643,247750
es_vanilla_s0,1787393653,247750
es_vanilla_s0,1787393663,247750
es_vanilla_s0,1787393673,247750
es_vanilla_s0,1787393683,247750
es_vanilla_s0,1787393693,247750
es_vanilla_s0,1787393703,247750
es_vanilla_s0,1787393713,247750
es_vanilla_s0,1787393724,247750
es_vanilla_s0,1787393734,247750
es_vanilla_s0,1787393744,247750
es_vanilla_s0,1787393754,247750
es_vanilla_s0,1787393764,247750
es_vanilla_s0,1787393774,247750
es_vanilla_s0,1787393784,247750
es_vanilla_s0,1787393794,247750
es_vanilla_s0,1787393804,247750
es_vanilla_s0,1787393814,247750
es_vanilla_s0,1787393825,247750
es_vanilla_s0,1787393835,247750
es_vanilla_s0,1787393845,247750
es_vanilla_s0,1787393855,247750
es_vanilla_s0,1787393865,247750
es_vanilla_s0,1787393875,247750
es_vanilla_s0,1787393885,247750
es_vanilla_s0,1787393895,247750
es_vanilla_s0,1787393905,247750
es_vanilla_s0,1787393915,247750
es_vanilla_s0,1787393926,247750
es_vanilla_s0,1787393936,247750
es_vanilla_s0,1787393946,247750
es_vanilla_s0,1787393956,247750
es_vanilla_s0,1787393966,247750
es_vanilla_s0,1787393976,247750
es_vanilla_s0,1787393986,247750
es_vanilla_s0,1787393996,247750
es_vanilla_s0,1787394006,247750
es_vanilla_s0,1787394016,247750
es_vanilla_s0,1787394027,247750
es_vanilla_s0,1787394037,247750
es_vanilla_s0,1787394047,247750
es_vanilla_s0,1787394057,247750
es_vanilla_s0,1787394067,247750
es_vanilla_s0,1787394077,247750
es_vanilla_s0,1787394087,247750
es_vanilla_s0,1787394097,247750
es_vanilla_s0,1787394107,247750
es_vanilla_s0,1787394117,247750
es_vanilla_s0,1787394127,247750
es_vanilla_s0,1787394138,247750
es_vanilla_s0,1787394148,247750
es_vanilla_s0,1787394158,247750
es_vanilla_s0,1787394168,247750
es_vanilla_s0,1787394178,247750
es_vanilla_s0,1787394188,247750
es_vanilla_s0,1787394198,247750
es_vanilla_s0,1787394208,247750
es_vanilla_s0,1787394218,247750
es_vanilla_s0,1787394228,247750
es_vanilla_s0,1787394239,247750
es_vanilla_s0,1787394249,247750
es_vanilla_s0,1787394259,247750
es_vanilla_s0,1787394269,247750
es_vanilla_s0,1787394279,247750
es_vanilla_s0,1787394289,247750
es_vanilla_s0,1787394299,247750
es_vanilla_s0,1787394309,247750
es_vanilla_s0,1787394319,247750
es_vanilla_s0,1787394329,247750
es_vanilla_s0,1787394340,247750
es_vanilla_s0,1787394350,247750
es_vanilla_s0,1787394360,247750
es_vanilla_s0,1787394370,247750
es_vanilla_s0,1787394380,247750
es_vanilla_s0,1787394390,247750
es_vanilla_s0,1787394400,247750
es_vanilla_s0,1787394410,247750
es_vanilla_s0,1787394420,247750
es_vanilla_s0,1787394430,247750
es_vanilla_s0,1787394441,247750
es_vanilla_s0,1787394451,247750
es_vanilla_s0,1787394461,247750
es_vanilla_s0,1787394471,247750
es_vanilla_s0,1787394481,247750
es_vanilla_s0,1787394491,247750
es_vanilla_s0,1787394501,247750
es_vanilla_s0,1787394511,247750
es_vanilla_s0,1787394521,247750
es_vanilla_s0,1787394531,247750
es_vanilla_s0,1787394541,247750
es_vanilla_s0,1787394552,247750
es_vanilla_s0,1787394562,247750
es_vanilla_s0,1787394572,247750
es_vanilla_s0,1787394582,247750
es_vanilla_s0,1787394592,247750
es_vanilla_s0,1787394602,247750
es_vanilla_s0,1787394612,247750
es_vanilla_s0,1787394622,247750
es_vanilla_s0,1787394632,247750
es_vanilla_s0,1787394642,247750
es_vanilla_s0,1787394653,247750
es_vanilla_s0,1787394663,247750
es_vanilla_s0,1787394673,247750
es_vanilla_s0,1787394683,247750
es_vanilla_s0,1787394693,247750
es_vanilla_s0,1787394703,247750
es_vanilla_s0,1787394713,247750
es_vanilla_s0,1787394723,247750
es_vanilla_s0,1787394733,247750
es_vanilla_s0,1787394743,247750
es_vanilla_s0,1787394754,247750
es_vanilla_s0,1787394764,247750
es_vanilla_s0,1787394774,247750
es_vanilla_s0,1787394784,247750
es_vanilla_s0,1787394794,247750
es_vanilla_s0,1787394804,247750
es_vanilla_s0,1787394814,247750
es_vanilla_s0,1787394824,247750
es_vanilla_s0,1787394834,247750
es_vanilla_s0,1787394844,247750
es_vanilla_s0,1787394855,247750
es_vanilla_s0,1787394865,247750
es_vanilla_s0,1787394875,247750
es_vanilla_s0,1787394885,247750
es_vanilla_s0,1787394895,247750
es_vanilla_s0,1787394905,247750
es_vanilla_s0,1787394915,247750
es_vanilla_s0,1787394925,247750
es_vanilla_s0,1787394935,247750
es_vanilla_s0,1787394945,247750
es_vanilla_s0,1787394956,247750
es_vanilla_s0,1787394966,247750
es_vanilla_s0,1787394976,247750
es_vanilla_s0,1787394986,247750
es_vanilla_s0,1787394996,247750
es_vanilla_s0,1787395006,247750
es_vanilla_s0,1787395016,247750
es_vanilla_s0,1787395026,247750
es_vanilla_s0,1787395036,247750
es_vanilla_s0,1787395046,247750
es_vanilla_s0,1787395057,247750
es_vanilla_s0,1787395067,247750
es_vanilla_s0,1787395077,247750
es_vanilla_s0,1787395087,247750
es_vanilla_s0,1787395097,247750
es_vanilla_s0,1787395107,247750
es_vanilla_s0,1787395117,247750
es_vanilla_s0,1787395127,247750
es_vanilla_s0,1787395137,247750
es_vanilla_s0,1787395147,247750
es_vanilla_s0,1787395158,247750
es_vanilla_s0,1787395168,247750
es_vanilla_s0,1787395178,247750
es_vanilla_s0,1787395188,247750
es_vanilla_s0,1787395198,247750
es_vanilla_s0,1787395208,247750
es_vanilla_s0,1787395218,247750
es_vanilla_s0,1787395228,247750
es_vanilla_s0,1787395238,247750
es_vanilla_s0,1787395248,247750
es_vanilla_s0,1787395258,247750
es_vanilla_s0,1787395269,247750
es_vanilla_s0,1787395279,247750
es_vanilla_s0,1787395289,247750
es_vanilla_s0,1787395299,247750
es_vanilla_s0,1787395309,247750
es_vanilla_s0,1787395319,247750
es_vanilla_s0,1787395329,247750
es_vanilla_s0,1787395339,247750
es_vanilla_s0,1787395349,247750
es_vanilla_s0,1787395359,247750
es_vanilla_s0,1787395370,247750
es_vanilla_s0,1787395380,247750
es_vanilla_s0,1787395390,247750
es_vanilla_s0,1787395400,247750
es_vanilla_s0,1787395410,247750
es_vanilla_s0,1787395420,247750
es_vanilla_s0,1787395430,247750
es_vanilla_s0,1787395440,247750
es_vanilla_s0,1787395450,247750
es_vanilla_s0,1787395460,247750
es_vanilla_s0,1787395471,247750
es_vanilla_s0,1787395481,247750
es_vanilla_s0,1787395491,247750
es_vanilla_s0,1787395501,247750
es_vanilla_s0,1787395511,247750
es_vanilla_s0,1787395521,247750
es_vanilla_s0,1787395531,247750
es_vanilla_s0,1787395541,247750
es_vanilla_s0,1787395551,247750
es_vanilla_s0,1787395561,247750
es_vanilla_s0,1787395571,247750
es_vanilla_s0,1787395582,247750
es_vanilla_s0,1787395592,247750
es_vanilla_s0,1787395602,247750
es_vanilla_s0,1787395612,247750
es_vanilla_s0,1787395622,247750
es_vanilla_s0,1787395632,247750
es_vanilla_s0,1787395642,247750
es_vanilla_s0,1787395652,247750
es_vanilla_s0,1787395662,247750
es_vanilla_s0,1787395672,247750
es_vanilla_s0,1787395683,247750
es_vanilla_s0,1787395693,247750
es_vanilla_s0,1787395703,247750
es_vanilla_s0,1787395713,247750
es_vanilla_s0,1787395723,247750
es_vanilla_s0,1787395733,247750
es_vanilla_s0,1787395743,247750
es_vanilla_s0,1787395753,247750
es_vanilla_s0,1787395763,247750
es_vanilla_s0,1787395773,247750
es_vanilla_s0,1787395784,247750
es_vanilla_s0,1787395794,247750
es_vanilla_s0,1787395804,247750
es_vanilla_s0,1787395814,247750
es_vanilla_s0,1787395824,247750
es_vanilla_s0,1787395834,247750
es_vanilla_s0,1787395844,247750
es_vanilla_s0,1787395854,247750
es_vanilla_s0,1787395864,247750
es_vanilla_s0,1787395874,247750
es_vanilla_s0,1787395885,247750
es_vanilla_s0,1787395895,247750
es_vanilla_s0,1787395905,247750
es_vanilla_s0,1787395915,247750
es_vanilla_s0,1787395925,247750
es_vanilla_s0,1787395935,247750
es_vanilla_s0,1787395945,247750
es_vanilla_s0,1787395955,247750
es_vanilla_s0,1787395965,247750
es_vanilla_s0,1787395975,247750
es_vanilla_s0,1787395986,247750
es_vanilla_s0,1787395996,247750
es_vanilla_s0,1787396006,247750
es_vanilla_s0,1787396016,247750
es_vanilla_s0,1787396026,247750
es_vanilla_s0,1787396036,247750
es_vanilla_s0,1787396046,247750
es_vanilla_s0,1787396056,247750
es_vanilla_s0,1787396066,247750
es_vanilla_s0,1787396076,247750
es_vanilla_s0,1787396086,247750
es_vanilla_s0,1787396097,247750
es_vanilla_s0,1787396107,247750
es_vanilla_s0,1787396117,247750
es_vanilla_s0,1787396127,247750
es_vanilla_s0,1787396137,247750
es_vanilla_s0,1787396147,247750
es_vanilla_s0,1787396157,247750
es_vanilla_s0,1787396167,247750
es_vanilla_s0,1787396177,247750
es_vanilla_s0,1787396187,247750
es_vanilla_s0,1787396198,247750
es_vanilla_s0,1787396208,247750
es_vanilla_s0,1787396218,247750
es_vanilla_s0,1787396228,247750
es_vanilla_s0,1787396238,247750
es_vanilla_s0,1787396248,247750
es_vanilla_s0,1787396258,247750
es_vanilla_s0,1787396268,247750
es_vanilla_s0,1787396278,247750
es_vanilla_s0,1787396288,247750
es_vanilla_s0,1787396299,247750
es_vanilla_s0,1787396309,247750
es_vanilla_s0,1787396319,247750
es_vanilla_s0,1787396329,247750
es_vanilla_s0,1787396339,247750
es_vanilla_s0,1787396349,247750
es_vanilla_s0,1787396359,247750
es_vanilla_s0,1787396369,247750
es_vanilla_s0,1787396379,247750
es_vanilla_s0,1787396389,247750
es_vanilla_s0,1787396399,247750
es_vanilla_s0,1787396410,247750
es_vanilla_s0,1787396420,247750
es_vanilla_s0,1787396430,247750
es_vanilla_s0,1787396440,247750
es_vanilla_s0,1787396450,247750
es_vanilla_s0,1787396460,247750
es_vanilla_s0,1787396470,247750
es_vanilla_s0,1787396480,247750
es_vanilla_s0,1787396490,247750
es_vanilla_s0,1787396500,247750
es_vanilla_s0,1787396511,247750
es_vanilla_s0,1787396521,247750
es_vanilla_s0,1787396531,247750
es_vanilla_s0,1787396541,247750
es_vanilla_s0,1787396551,247750
es_vanilla_s0,1787396561,247750
es_vanilla_s0,1787396571,247750
es_vanilla_s0,1787396581,247750
es_vanilla_s0,1787396591,247750
es_vanilla_s0,1787396601,247750
es_vanilla_s0,1787396612,247750
es_vanilla_s0,1787396622,247750
es_vanilla_s0,1787396632,247750
es_vanilla_s0,1787396642,247750
es_vanilla_s0,1787396652,247750
es_vanilla_s0,1787396662,247750
es_vanilla_s0,1787396672,247750
es_vanilla_s0,1787396682,247750
es_vanilla_s0,1787396692,247750
es_vanilla_s0,1787396702,247750
es_vanilla_s0,1787396712,247750
es_vanilla_s0,1787396723,247750
es_vanilla_s0,1787396733,247750
es_vanilla_s0,1787396743,247750
es_vanilla_s0,1787396753,247750
es_vanilla_s0,1787396763,247750
es_vanilla_s0,1787396773,247750
es_vanilla_s0,1787396783,247750
es_vanilla_s0,1787396793,247750
es_vanilla_s0,1787396803,247750
es_vanilla_s0,1787396813,247750
es_vanilla_s0,1787396824,247750
es_vanilla_s0,1787396834,247750
es_vanilla_s0,1787396844,247750
es_vanilla_s0,1787396854,247750
es_vanilla_s0,1787396864,247750
es_vanilla_s0,1787396874,247750
es_vanilla_s0,1787396884,247750
es_vanilla_s0,1787396894,247750
es_vanilla_s0,1787396904,247750
es_vanilla_s0,1787396914,247750
es_vanilla_s0,1787396925,247750
es_vanilla_s0,1787396935,247750
es_vanilla_s0,1787396945,247750
es_vanilla_s0,1787396955,247750
es_vanilla_s0,1787396965,247750
es_vanilla_s0,1787396975,247750
es_vanilla_s0,1787396985,247750
es_vanilla_s0,1787396995,247750
es_vanilla_s0,1787397005,247750
es_vanilla_s0,1787397015,247750
es_vanilla_s0,1787397026,247750
es_vanilla_s0,1787397036,247750
es_vanilla_s0,1787397046,247750
es_vanilla_s0,1787397056,247750
es_vanilla_s0,1787397066,247750
es_vanilla_s0,1787397076,247750
es_vanilla_s0,1787397086,247750
es_vanilla_s0,1787397096,247750
es_vanilla_s0,1787397106,247750
es_vanilla_s0,1787397116,247750
es_vanilla_s0,1787397126,247750
es_vanilla_s0,1787397137,247750
es_vanilla_s0,1787397147,247750
es_vanilla_s0,1787397157,247750
es_vanilla_s0,1787397167,247750
es_vanilla_s0,1787397177,247750
es_vanilla_s0,1787397187,247750
es_vanilla_s0,1787397197,247750
es_vanilla_s0,1787397207,247750
es_vanilla_s0,1787397217,247750
es_vanilla_s0,1787397227,247750
es_vanilla_s0,1787397238,247750
es_vanilla_s0,1787397248,247750
es_vanilla_s0,1787397258,247750
es_vanilla_s0,1787397268,247750
es_vanilla_s0,1787397278,247750
es_vanilla_s0,1787397288,247750
es_vanilla_s0,1787397298,247750
es_vanilla_s0,1787397308,247750
es_vanilla_s0,1787397318,247750
es_vanilla_s0,1787397328,247750
es_vanilla_s0,1787397339,247750
es_vanilla_s0,1787397349,247750
es_vanilla_s0,1787397359,247750
es_vanilla_s0,1787397369,247750
es_vanilla_s0,1787397379,247750
es_vanilla_s0,1787397389,247750
es_vanilla_s0,1787397399,247750
es_vanilla_s0,1787397409,247750
es_vanilla_s0,1787397419,247750
es_vanilla_s0,1787397429,247750
es_vanilla_s0,1787397440,247750
es_vanilla_s0,1787397450,247750
es_vanilla_s0,1787397460,247750
es_vanilla_s0,1787397470,247750
es_vanilla_s0,1787397480,247750
es_vanilla_s0,1787397490,247750
es_vanilla_s0,1787397500,247750
es_vanilla_s0,1787397510,247750
es_vanilla_s0,1787397520,247750
es_vanilla_s0,1787397530,247750
es_vanilla_s0,1787397540,247750
es_vanilla_s0,1787397551,247750
es_vanilla_s0,1787397561,247750
es_vanilla_s0,1787397571,247750
es_vanilla_s0,1787397581,247750
es_vanilla_s0,1787397591,247750
es_vanilla_s0,1787397601,247750
es_vanilla_s0,1787397611,247750
es_vanilla_s0,1787397621,247750
es_vanilla_s0,1787397631,247750
es_vanilla_s0,1787397641,247750
es_vanilla_s0,1787397651,247750
es_vanilla_s0,1787397662,247750
es_vanilla_s0,1787397672,247750
es_vanilla_s0,1787397682,247750
es_vanilla_s0,1787397692,247750
es_vanilla_s0,1787397702,247750
es_vanilla_s0,1787397712,247750
es_vanilla_s0,1787397722,247750
es_vanilla_s0,1787397732,247750
es_vanilla_s0,1787397742,247750
es_vanilla_s0,1787397752,247750
es_vanilla_s0,1787397763,247750
es_vanilla_s0,1787397773,247750
es_vanilla_s0,1787397783,247750
es_vanilla_s0,1787397793,247750
es_vanilla_s0,1787397803,247750
es_vanilla_s0,1787397813,247750
es_vanilla_s0,1787397823,247750
es_vanilla_s0,1787397833,247750
es_vanilla_s0,1787397843,247750
es_vanilla_s0,1787397853,247750
es_vanilla_s0,1787397863,247750
es_vanilla_s0,1787397874,247750
es_vanilla_s0,1787397884,247750
es_vanilla_s0,1787397894,247750
es_vanilla_s0,1787397904,247750
es_vanilla_s0,1787397914,247750
es_vanilla_s0,1787397924,247750
es_vanilla_s0,1787397934,247750
es_vanilla_s0,1787397944,247750
es_vanilla_s0,1787397954,247750
es_vanilla_s0,1787397964,247750
es_vanilla_s0,1787397975,247750
es_vanilla_s0,1787397985,247750
es_vanilla_s0,1787397995,247750
es_vanilla_s0,1787398005,247750
es_vanilla_s0,1787398015,247750
es_vanilla_s0,1787398025,247750
es_vanilla_s0,1787398035,247750
es_vanilla_s0,1787398045,247750
es_vanilla_s0,1787398055,247750
es_vanilla_s0,1787398065,247750
es_vanilla_s0,1787398076,247750
es_vanilla_s0,1787398086,247750
es_vanilla_s0,1787398096,247750
es_vanilla_s0,1787398106,247750
es_vanilla_s0,1787398116,247750
es_vanilla_s0,1787398126,247750
es_vanilla_s0,1787398136,247750
es_vanilla_s0,1787398146,247750
es_vanilla_s0,1787398156,247750
es_vanilla_s0,1787398166,247750
es_vanilla_s0,1787398176,247750
es_vanilla_s0,1787398187,247750
es_vanilla_s0,1787398197,247750
es_vanilla_s0,1787398207,247750
es_vanilla_s0,1787398217,247750
es_vanilla_s0,1787398227,247750
es_vanilla_s0,1787398237,247750
es_vanilla_s0,1787398247,247750
es_vanilla_s0,1787398257,247750
es_vanilla_s0,1787398267,247750
es_vanilla_s0,1787398277,247750
es_vanilla_s0,1787398288,247750
es_vanilla_s0,1787398298,247750
es_vanilla_s0,1787398308,247750
es_vanilla_s0,1787398318,247750
es_vanilla_s0,1787398328,247750
es_vanilla_s0,1787398338,247750
es_vanilla_s0,1787398348,247750
es_vanilla_s0,1787398358,247750
es_vanilla_s0,1787398368,247750
es_vanilla_s0,1787398378,247750
es_vanilla_s0,1787398388,247750
es_vanilla_s0,1787398399,247750
es_vanilla_s0,1787398409,247750
es_vanilla_s0,1787398419,247750
es_vanilla_s0,1787398429,247750
es_vanilla_s0,1787398439,247750
es_vanilla_s0,1787398449,247750
es_vanilla_s0,1787398459,247750
es_vanilla_s0,1787398469,247750
es_vanilla_s0,1787398479,247750
es_vanilla_s0,1787398489,247750
es_vanilla_s0,1787398500,247750
es_vanilla_s0,1787398510,247750
es_vanilla_s0,1787398520,247750
es_vanilla_s0,1787398530,247750
es_vanilla_s0,1787398540,247750
es_vanilla_s0,1787398550,247750
es_vanilla_s0,1787398560,247750
es_vanilla_s0,1787398570,247750
es_vanilla_s0,1787398580,247750
es_vanilla_s0,1787398590,247750
es_vanilla_s0,1787398600,247750
es_vanilla_s0,1787398611,247750
es_vanilla_s0,1787398621,247750
es_vanilla_s0,1787398631,247750
es_vanilla_s0,1787398641,247750
es_vanilla_s0,1787398651,247750
es_vanilla_s0,1787398661,247750
es_vanilla_s0,1787398671,247750
es_vanilla_s0,1787398681,247750
es_vanilla_s0,1787398691,247750
es_vanilla_s0,1787398701,247750
es_vanilla_s0,1787398712,247750
es_vanilla_s0,1787398722,247750
es_vanilla_s0,1787398732,247750
es_vanilla_s0,1787398742,247750
es_vanilla_s0,1787398752,247750
es_vanilla_s0,1787398762,247750
es_vanilla_s0,1787398772,247750
es_vanilla_s0,1787398782,247750
es_vanilla_s0,1787398792,247750
es_vanilla_s0,1787398802,247750
es_vanilla_s0,1787398812,247750
es_vanilla_s0,1787398823,247750
es_vanilla_s0,1787398833,247750
es_vanilla_s0,1787398843,247750
es_vanilla_s0,1787398853,247750
es_vanilla_s0,1787398863,247750
es_vanilla_s0,1787398873,247750
es_vanilla_s0,1787398883,247750
es_vanilla_s0,1787398893,247750
es_vanilla_s0,1787398903,247750
es_vanilla_s0,1787398913,247750
es_vanilla_s0,1787398924,247750
es_vanilla_s0,1787398934,247750
es_vanilla_s0,1787398944,247750
es_vanilla_s0,1787398954,247750
es_vanilla_s0,1787398964,247750
es_vanilla_s0,1787398974,247750
es_vanilla_s0,1787398984,247750
es_vanilla_s0,1787398994,247750
es_vanilla_s0,1787399004,247750
es_vanilla_s0,1787399014,247750
es_vanilla_s0,1787399024,247750
es_vanilla_s0,1787399035,247750
es_vanilla_s0,1787399045,247750
es_vanilla_s0,1787399055,247750
es_vanilla_s0,1787399065,247750
es_vanilla_s0,1787399075,247750
es_vanilla_s0,1787399085,247750
es_vanilla_s0,1787399095,247750
es_vanilla_s0,1787399105,247750
es_vanilla_s0,1787399115,247750
es_vanilla_s0,1787399125,247750
es_vanilla_s0,1787399136,247750
es_vanilla_s0,1787399146,247750
es_vanilla_s0,1787399156,247750
es_vanilla_s0,1787399166,247750
es_vanilla_s0,1787399176,247750
es_vanilla_s0,1787399186,247750
es_vanilla_s0,1787399196,247750
es_vanilla_s0,1787399206,247750
es_vanilla_s0,1787399216,247750
es_vanilla_s0,1787399226,247750
es_vanilla_s0,1787399236,247750
es_vanilla_s0,1787399247,247750
es_vanilla_s0,1787399257,247750
es_vanilla_s0,1787399267,247750
es_vanilla_s0,1787399277,247750
es_vanilla_s0,1787399287,247750
es_vanilla_s0,1787399297,247750
es_vanilla_s0,1787399307,247750
es_vanilla_s0,1787399317,247750
es_vanilla_s0,1787399327,247750
es_vanilla_s0,1787399337,247750
es_vanilla_s0,1787399348,247750
es_vanilla_s0,1787399358,247750
es_vanilla_s0,1787399368,247750
es_vanilla_s0,1787399378,247750
es_vanilla_s0,1787399388,247750
es_vanilla_s0,1787399398,247750
es_vanilla_s0,1787399408,247750
es_vanilla_s0,1787399418,247750
es_vanilla_s0,1787399428,247750
es_vanilla_s0,1787399438,247750
es_vanilla_s0,1787399449,247750
es_vanilla_s0,1787399459,247750
es_vanilla_s0,1787399469,247750
es_vanilla_s0,1787399479,247750
es_vanilla_s0,1787399489,247750
es_vanilla_s0,1787399499,247750
es_vanilla_s0,1787399509,247750
es_vanilla_s0,1787399519,247750
es_vanilla_s0,1787399529,247750
es_vanilla_s0,1787399539,247750
es_vanilla_s0,1787399550,247750
es_vanilla_s0,1787399560,247750
es_vanilla_s0,1787399570,247750
es_vanilla_s0,1787399580,247750
es_vanilla_s0,1787399590,247750
es_vanilla_s0,1787399600,247750
es_vanilla_s0,1787399610,247750
es_vanilla_s0,1787399620,247750
es_vanilla_s0,1787399630,247750
es_vanilla_s0,1787399640,247750
es_vanilla_s0,1787399650,247750
es_vanilla_s0,1787399661,247750
es_vanilla_s0,1787399671,247750
es_vanilla_s0,1787399681,247750
es_vanilla_s0,1787399691,247750
es_vanilla_s0,1787399701,247750
es_vanilla_s0,1787399711,247750
es_vanilla_s0,1787399721,247750
es_vanilla_s0,1787399731,247750
es_vanilla_s0,1787399741,247750
es_vanilla_s0,1787399751,247750
es_vanilla_s0,1787399762,247750
es_vanilla_s0,1787399772,247750
es_vanilla_s0,1787399782,247750
es_vanilla_s0,1787399792,247750
es_vanilla_s0,1787399802,247750
es_vanilla_s0,1787399812,247750
es_vanilla_s0,1787399822,247750
es_vanilla_s0,1787399832,247750
es_vanilla_s0,1787399842,247750
es_vanilla_s0,1787399852,247750
es_vanilla_s0,1787399862,247750
es_vanilla_s0,1787399873,247750
es_vanilla_s0,1787399883,247750
es_vanilla_s0,1787399893,247750
es_vanilla_s0,1787399903,247750
es_vanilla_s0,1787399913,247750
es_vanilla_s0,1787399923,247750
es_vanilla_s0,1787399933,247750
es_vanilla_s0,1787399943,247750
es_vanilla_s0,1787399953,247750
es_vanilla_s0,1787399963,247750
es_vanilla_s0,1787399974,247750
es_vanilla_s0,1787399984,247750
es_vanilla_s0,1787399994,247750
es_vanilla_s0,1787400004,247750
es_vanilla_s0,1787400014,247750
es_vanilla_s0,1787400024,247750
es_vanilla_s0,1787400034,247750
es_vanilla_s0,1787400044,247750
es_vanilla_s0,1787400054,247750
es_vanilla_s0,1787400064,247750
es_vanilla_s0,1787400075,247750
es_vanilla_s0,1787400085,247750
es_vanilla_s0,1787400095,247750
es_vanilla_s0,1787400105,247750
es_vanilla_s0,1787400115,247750
es_vanilla_s0,1787400125,247750
es_vanilla_s0,1787400135,247750
es_vanilla_s0,1787400145,247750
es_vanilla_s0,1787400155,247750
es_vanilla_s0,1787400165,247750
es_vanilla_s0,1787400176,247750
es_vanilla_s0,1787400186,247750
es_vanilla_s0,1787400196,247750
es_vanilla_s0,1787400206,247750
es_vanilla_s0,1787400216,247750
es_vanilla_s0,1787400226,247750
es_vanilla_s0,1787400236,247750
es_vanilla_s0,1787400246,247750
es_vanilla_s0,1787400256,247750
es_vanilla_s0,1787400266,247750
es_vanilla_s0,1787400276,247750
es_vanilla_s0,1787400287,247750
es_vanilla_s0,1787400297,247750
es_vanilla_s0,1787400307,247750
es_vanilla_s0,1787400317,247750
es_vanilla_s0,1787400327,247750
es_vanilla_s0,1787400337,247750
es_vanilla_s0,1787400347,247750
es_vanilla_s0,1787400357,247750
es_vanilla_s0,1787400367,247750
es_vanilla_s0,1787400377,247750
es_vanilla_s0,1787400388,247750
es_vanilla_s0,1787400398,247750
es_vanilla_s0,1787400408,247750
es_vanilla_s0,1787400418,247750
es_vanilla_s0,1787400428,247750
es_vanilla_s0,1787400438,247750
es_vanilla_s0,1787400448,247750
es_vanilla_s0,1787400458,247750
es_vanilla_s0,1787400468,247750
es_vanilla_s0,1787400478,247750
es_vanilla_s0,1787400489,247750
es_vanilla_s0,1787400499,247750
es_vanilla_s0,1787400509,247750
es_vanilla_s0,1787400519,247750
es_vanilla_s0,1787400529,247750
es_vanilla_s0,1787400539,247750
es_vanilla_s0,1787400549,247750
es_vanilla_s0,1787400559,247750
es_vanilla_s0,1787400569,247750
es_vanilla_s0,1787400579,247750
es_vanilla_s0,1787400590,247750
es_vanilla_s0,1787400600,247750
es_vanilla_s0,1787400610,247750
es_vanilla_s0,1787400620,247750
es_vanilla_s0,1787400630,247750
es_vanilla_s0,1787400640,247750
es_vanilla_s0,1787400650,247750
es_vanilla_s0,1787400660,247750
es_vanilla_s0,1787400670,247750
es_vanilla_s0,1787400680,247750
es_vanilla_s0,1787400691,247750
es_vanilla_s0,1787400701,247750
es_vanilla_s0,1787400711,247750
es_vanilla_s0,1787400721,247750
es_vanilla_s0,1787400731,247750
es_vanilla_s0,1787400741,247750
es_vanilla_s0,1787400751,247750
es_vanilla_s0,1787400761,247750
es_vanilla_s0,1787400771,247750
es_vanilla_s0,1787400781,247750
es_vanilla_s0,1787400792,247750
es_vanilla_s0,1787400802,247750
es_vanilla_s0,1787400812,247750
es_vanilla_s0,1787400822,247750
es_vanilla_s0,1787400832,247750
es_vanilla_s0,1787400842,247750
es_vanilla_s0,1787400852,247750
es_vanilla_s0,1787400862,247750
es_vanilla_s0,1787400872,247750
es_vanilla_s0,1787400882,247750
es_vanilla_s0,1787400893,247750
es_vanilla_s0,1787400903,247750
es_vanilla_s0,1787400913,247750
es_vanilla_s0,1787400923,247750
es_vanilla_s0,1787400933,247750
es_vanilla_s0,1787400943,247750
es_vanilla_s0,1787400953,247750
es_vanilla_s0,1787400963,247750
es_vanilla_s0,1787400973,247750
es_vanilla_s0,1787400983,247750
es_vanilla_s0,1787400993,247750
es_vanilla_s0,1787401004,247750
es_vanilla_s0,1787401014,247750
es_vanilla_s0,1787401024,247750
es_vanilla_s0,1787401034,247750
es_vanilla_s0,1787401044,247750
es_vanilla_s0,1787401054,247750
es_vanilla_s0,1787401064,247750
es_vanilla_s0,1787401074,247750
es_vanilla_s0,1787401084,247750
es_vanilla_s0,1787401094,247750
es_vanilla_s0,1787401105,247750
es_vanilla_s0,1787401115,247750
es_vanilla_s0,1787401125,247750
es_vanilla_s0,1787401135,247750
es_vanilla_s0,1787401145,247750
es_vanilla_s0,1787401155,247750
es_vanilla_s0,1787401165,247750
es_vanilla_s0,1787401175,247750
es_vanilla_s0,1787401185,247750
es_vanilla_s0,1787401195,247750
es_vanilla_s0,1787401206,247750
es_vanilla_s0,1787401216,247750
es_vanilla_s0,1787401226,247750
es_vanilla_s0,1787401236,247750
es_vanilla_s0,1787401246,247750
es_vanilla_s0,1787401256,247750
es_vanilla_s0,1787401266,247750
es_vanilla_s0,1787401276,247750
es_vanilla_s0,1787401286,247750
es_vanilla_s0,1787401296,247750
es_vanilla_s0,1787401307,247750
es_vanilla_s0,1787401317,247750
es_vanilla_s0,1787401327,247750
es_vanilla_s0,1787401337,247750
es_vanilla_s0,1787401347,247750
es_vanilla_s0,1787401357,247750
es_vanilla_s0,1787401367,247750
es_vanilla_s0,1787401377,247750
es_vanilla_s0,1787401387,247750
es_vanilla_s0,1787401397,247750
es_vanilla_s0,1787401408,247750
es_vanilla_s0,1787401418,247750
es_vanilla_s0,1787401428,247750
es_vanilla_s0,1787401438,247750
es_vanilla_s0,1787401448,247750
es_vanilla_s0,1787401458,247750
es_vanilla_s0,1787401468,247750
es_vanilla_s0,1787401478,247750
es_vanilla_s0,1787401488,247750
es_vanilla_s0,1787401498,247750
es_vanilla_s0,1787401508,247750
es_vanilla_s0,1787401519,247750
es_vanilla_s0,1787401529,247750
es_vanilla_s0,1787401539,247750
es_vanilla_s0,1787401549,247750
es_vanilla_s0,1787401559,247750
es_vanilla_s0,1787401569,247750
es_vanilla_s0,1787401579,247750
es_vanilla_s0,1787401589,247750
es_vanilla_s0,1787401599,247750
es_vanilla_s0,1787401609,247750
es_vanilla_s0,1787401620,247750
es_vanilla_s0,1787401630,247750
es_vanilla_s0,1787401640,247750
es_vanilla_s0,1787401650,247750
es_vanilla_s0,1787401660,247750
es_vanilla_s0,1787401670,247750
es_vanilla_s0,1787401680,247750
es_vanilla_s0,1787401690,247750
es_vanilla_s0,1787401700,247750
es_vanilla_s0,1787401710,247750
es_vanilla_s0,1787401721,247750
es_vanilla_s0,1787401731,247750
es_vanilla_s0,1787401741,247750
es_vanilla_s0,1787401751,247750
es_vanilla_s0,1787401761,247750
es_vanilla_s0,1787401771,247750
es_vanilla_s0,1787401781,247750
es_vanilla_s0,1787401791,247750
es_vanilla_s0,1787401801,247750
es_vanilla_s0,1787401811,247750
es_vanilla_s0,1787401822,247750
es_vanilla_s0,1787401832,247750
es_vanilla_s0,1787401842,247750
es_vanilla_s0,1787401852,247750
es_vanilla_s0,1787401862,247750
es_vanilla_s0,1787401872,247750
es_vanilla_s0,1787401882,247750
es_vanilla_s0,1787401892,247750
es_vanilla_s0,1787401902,247750
es_vanilla_s0,1787401912,247750
es_vanilla_s0,1787401922,247750
es_vanilla_s0,1787401933,247750
es_vanilla_s0,1787401943,247750
es_vanilla_s0,1787401953,247750
es_vanilla_s0,1787401963,247750
es_vanilla_s0,1787401973,247750
es_vanilla_s0,1787401983,247750
es_vanilla_s0,1787401993,247750
es_vanilla_s0,1787402003,247750
es_vanilla_s0,1787402013,247750
es_vanilla_s0,1787402023,247750
es_vanilla_s0,1787402034,247750
es_vanilla_s0,1787402044,247750
es_vanilla_s0,1787402054,247750
es_vanilla_s0,1787402064,247750
es_vanilla_s0,1787402074,247750
es_vanilla_s0,1787402084,247750
es_vanilla_s0,1787402094,247750
es_vanilla_s0,1787402104,247750
es_vanilla_s0,1787402114,247750
es_vanilla_s0,1787402124,247750
es_vanilla_s0,1787402135,247750
es_vanilla_s0,1787402145,247750
es_vanilla_s0,1787402155,247750
es_vanilla_s0,1787402165,247750
es_vanilla_s0,1787402175,247750
es_vanilla_s0,1787402185,247750
es_vanilla_s0,1787402195,247750
es_vanilla_s0,1787402205,247750
es_vanilla_s0,1787402215,247750
es_vanilla_s0,1787402225,247750
es_vanilla_s0,1787402236,247750
es_vanilla_s0,1787402246,247750
es_vanilla_s0,1787402256,247750
es_vanilla_s0,1787402266,247750
es_vanilla_s0,1787402276,247750
es_vanilla_s0,1787402286,247750
es_vanilla_s0,1787402296,247750
es_vanilla_s0,1787402306,247750
es_vanilla_s0,1787402316,247750
es_vanilla_s0,1787402326,247750
es_vanilla_s0,1787402337,247750
es_vanilla_s0,1787402347,247750
es_vanilla_s0,1787402357,247750
es_vanilla_s0,1787402367,247750
es_vanilla_s0,1787402377,247750
es_vanilla_s0,1787402387,247750
es_vanilla_s0,1787402397,247750
es_vanilla_s0,1787402407,247750
es_vanilla_s0,1787402417,247750
es_vanilla_s0,1787402427,247750
es_vanilla_s0,1787402438,247750
es_vanilla_s0,1787402448,247750
es_vanilla_s0,1787402458,247750
es_vanilla_s0,1787402468,247750
es_vanilla_s0,1787402478,247750
es_vanilla_s0,1787402488,247750
es_vanilla_s0,1787402498,247750
es_vanilla_s0,1787402508,247750
es_vanilla_s0,1787402518,247750
es_vanilla_s0,1787402528,247750
es_vanilla_s0,1787402538,247750
es_vanilla_s0,1787402549,247750
es_vanilla_s0,1787402559,247750
es_vanilla_s0,1787402569,247750
es_vanilla_s0,1787402579,247750
es_vanilla_s0,1787402589,247750
es_vanilla_s0,1787402599,247750
es_vanilla_s0,1787402609,247750
es_vanilla_s0,1787402619,247750
es_vanilla_s0,1787402629,247750
es_vanilla_s0,1787402639,247750
es_vanilla_s0,1787402650,247750
es_vanilla_s0,1787402660,247750
es_vanilla_s0,1787402670,247750
es_vanilla_s0,1787402680,247750
es_vanilla_s0,1787402690,247750
es_vanilla_s0,1787402700,247750
es_vanilla_s0,1787402710,247750
es_vanilla_s0,1787402720,247750
es_vanilla_s0,1787402730,247750
es_vanilla_s0,1787402740,247750
es_vanilla_s0,1787402751,247750
es_vanilla_s0,1787402761,247750
es_vanilla_s0,1787402771,247750
es_vanilla_s0,1787402781,247750
es_vanilla_s0,1787402791,247750
es_vanilla_s0,1787402801,247750
es_vanilla_s0,1787402811,247750
es_vanilla_s0,1787402821,247750
es_vanilla_s0,1787402831,247750
es_vanilla_s0,1787402841,247750
es_vanilla_s0,1787402852,247750
es_vanilla_s0,1787402862,247750
es_vanilla_s0,1787402872,247750
es_vanilla_s0,1787402882,247750
es_vanilla_s0,1787402892,247750
es_vanilla_s0,1787402902,247750
es_vanilla_s0,1787402912,247750
es_vanilla_s0,1787402922,247750
es_vanilla_s0,1787402932,247750
es_vanilla_s0,1787402942,247750
es_vanilla_s0,1787402952,247750
es_vanilla_s0,1787402963,247750
es_vanilla_s0,1787402973,247750
es_vanilla_s0,1787402983,247750
es_vanilla_s0,1787402993,247750
es_vanilla_s0,1787403003,247750
es_vanilla_s0,1787403013,247750
es_vanilla_s0,1787403023,247750
es_vanilla_s0,1787403033,247750
es_vanilla_s0,1787403043,247750
es_vanilla_s0,1787403053,247750
es_vanilla_s0,1787403064,247750
es_vanilla_s0,1787403074,247750
es_vanilla_s0,1787403084,247750
es_vanilla_s0,1787403094,247750
es_vanilla_s0,1787403104,247750
es_vanilla_s0,1787403114,247750
es_vanilla_s0,1787403124,247750
es_vanilla_s0,1787403134,247750
es_vanilla_s0,1787403144,247750
es_vanilla_s0,1787403154,247750
es_vanilla_s0,1787403165,247750
es_vanilla_s0,1787403175,247750
es_vanilla_s0,1787403185,247750
es_vanilla_s0,1787403195,247750
es_vanilla_s0,1787403205,247750
es_vanilla_s0,1787403215,247750
es_vanilla_s0,1787403225,247750
es_vanilla_s0,1787403235,247750
es_vanilla_s0,1787403245,247750
es_vanilla_s0,1787403255,247750
es_vanilla_s0,1787403266,247750
es_vanilla_s0,1787403276,247750
es_vanilla_s0,1787403286,247750
es_vanilla_s0,1787403296,247750
es_vanilla_s0,1787403306,247750
es_vanilla_s0,1787403316,247750
es_vanilla_s0,1787403326,247750
es_vanilla_s0,1787403336,247750
es_vanilla_s0,1787403346,247750
es_vanilla_s0,1787403356,247750
es_vanilla_s0,1787403366,247750
es_vanilla_s0,1787403377,247750
es_vanilla_s0,1787403387,247750
es_vanilla_s0,1787403397,247750
es_vanilla_s0,1787403407,247750
es_vanilla_s0,1787403417,247750
es_vanilla_s0,1787403427,247750
es_vanilla_s0,1787403437,247750
es_vanilla_s0,1787403447,247750
es_vanilla_s0,1787403457,247750
es_vanilla_s0,1787403467,247750
es_vanilla_s0,1787403478,247750
es_vanilla_s0,1787403488,247750
es_vanilla_s0,1787403498,247750
es_vanilla_s0,1787403508,247750
es_vanilla_s0,1787403518,247750
es_vanilla_s0,1787403528,247750
es_vanilla_s0,1787403538,247750
es_vanilla_s0,1787403548,247750
es_vanilla_s0,1787403558,247750
es_vanilla_s0,1787403568,247750
es_vanilla_s0,1787403579,247750
es_vanilla_s0,1787403589,247750
es_vanilla_s0,1787403599,247750
es_vanilla_s0,1787403609,247750
es_vanilla_s0,1787403619,247750
es_vanilla_s0,1787403629,247750
es_vanilla_s0,1787403639,247750
es_vanilla_s0,1787403649,247750
es_vanilla_s0,1787403659,247750
es_vanilla_s0,1787403669,247750
es_vanilla_s0,1787403680,247750
es_vanilla_s0,1787403690,247750
es_vanilla_s0,1787403700,247750
es_vanilla_s0,1787403710,247750
es_vanilla_s0,1787403720,247750
es_vanilla_s0,1787403730,247750
es_vanilla_s0,1787403740,247750
es_vanilla_s0,1787403750,247750
es_vanilla_s0,1787403760,247750
es_vanilla_s0,1787403770,247750
es_vanilla_s0,1787403780,247750
es_vanilla_s0,1787403791,247750
es_vanilla_s0,1787403801,247750
es_vanilla_s0,1787403811,247750
es_vanilla_s0,1787403821,247750
es_vanilla_s0,1787403831,247750
es_vanilla_s0,1787403841,247750
es_vanilla_s0,1787403851,247750
es_vanilla_s0,1787403861,247750
es_vanilla_s0,1787403871,247750
es_vanilla_s0,1787403881,247750
es_vanilla_s0,1787403892,247750
es_vanilla_s0,1787403902,247750
es_vanilla_s0,1787403912,247750
es_vanilla_s0,1787403922,247750
es_vanilla_s0,1787403932,247750
es_vanilla_s0,1787403942,247750
es_vanilla_s0,1787403952,247750
es_vanilla_s0,1787403962,247750
es_vanilla_s0,1787403972,247750
es_vanilla_s0,1787403982,247750
es_vanilla_s0,1787403993,247750
es_vanilla_s0,1787404003,247750
es_vanilla_s0,1787404013,247750
es_vanilla_s0,1787404023,247750
es_vanilla_s0,1787404033,247750
es_vanilla_s0,1787404043,247750
es_vanilla_s0,1787404053,247750
es_vanilla_s0,1787404063,247750
es_vanilla_s0,1787404073,247750
es_vanilla_s0,1787404083,247750
es_vanilla_s0,1787404093,247750
es_vanilla_s0,1787404104,247750
es_vanilla_s0,1787404114,247750
es_vanilla_s0,1787404124,247750
es_vanilla_s0,1787404134,247750
es_vanilla_s0,1787404144,247750
es_vanilla_s0,1787404154,247750
es_vanilla_s0,1787404164,247750
es_vanilla_s0,1787404174,247750
es_vanilla_s0,1787404184,247750
es_vanilla_s0,1787404194,247750
es_vanilla_s0,1787404205,247750
es_vanilla_s0,1787404215,247750
es_vanilla_s0,1787404225,247750
es_vanilla_s0,1787404235,247750
es_vanilla_s0,1787404245,247750
es_vanilla_s0,1787404255,247750
es_vanilla_s0,1787404265,247750
es_vanilla_s0,1787404275,247750
es_vanilla_s0,1787404285,247750
es_vanilla_s0,1787404295,247750
es_vanilla_s0,1787404306,247750
es_vanilla_s0,1787404316,247750
es_vanilla_s0,1787404326,247750
es_vanilla_s0,1787404336,247750
es_vanilla_s0,1787404346,247750
es_vanilla_s0,1787404356,247750
es_vanilla_s0,1787404366,247750
es_vanilla_s0,1787404376,247750
es_vanilla_s0,1787404386,247750
es_vanilla_s0,1787404396,247750
es_vanilla_s0,1787404407,247750
es_vanilla_s0,1787404417,247750
es_vanilla_s0,1787404427,247750
es_vanilla_s0,1787404437,247750
es_vanilla_s0,1787404447,247750
es_vanilla_s0,1787404457,247750
es_vanilla_s0,1787404467,247750
es_vanilla_s0,1787404477,247750
es_vanilla_s0,1787404487,247750
es_vanilla_s0,1787404497,247750
es_vanilla_s0,1787404507,247750
es_vanilla_s0,1787404518,247750
es_vanilla_s0,1787404528,247750
es_vanilla_s0,1787404538,247750
es_vanilla_s0,1787404548,247750
es_vanilla_s0,1787404558,247750
es_vanilla_s0,1787404568,247750
es_vanilla_s0,1787404578,247750
es_vanilla_s0,1787404588,247750
es_vanilla_s0,1787404598,247750
es_vanilla_s0,1787404608,247750
es_vanilla_s0,1787404619,247750
es_vanilla_s0,1787404629,247750
es_vanilla_s0,1787404639,247750
es_vanilla_s0,1787404649,247750
es_vanilla_s0,1787404659,247750
es_vanilla_s0,1787404669,247750
es_vanilla_s0,1787404679,247750
es_vanilla_s0,1787404689,247750
es_vanilla_s0,1787404699,247750
es_vanilla_s0,1787404709,247750
es_vanilla_s0,1787404720,247750
es_vanilla_s0,1787404730,247750
es_vanilla_s0,1787404740,247750
es_vanilla_s0,1787404750,247750
es_vanilla_s0,1787404760,247750
es_vanilla_s0,1787404770,247750
es_vanilla_s0,1787404780,247750
es_vanilla_s0,1787404790,247750
es_vanilla_s0,1787404800,247750
es_vanilla_s0,1787404810,247750
es_vanilla_s0,1787404821,247750
es_vanilla_s0,1787404831,247750
es_vanilla_s0,1787404841,247750
es_vanilla_s0,1787404851,247750
es_vanilla_s0,1787404861,247750
es_vanilla_s0,1787404871,247750
es_vanilla_s0,1787404881,247750
es_vanilla_s0,1787404891,247750
es_vanilla_s0,1787404901,247750
es_vanilla_s0,1787404911,247750
es_vanilla_s0,1787404921,247750
es_vanilla_s0,1787404932,247750
es_vanilla_s0,1787404942,247750
es_vanilla_s0,1787404952,247750
es_vanilla_s0,1787404962,247750
es_vanilla_s0,1787404972,247750
es_vanilla_s0,1787404982,247750
es_vanilla_s0,1787404992,247750
es_vanilla_s0,1787405002,247750
es_vanilla_s0,1787405012,247750
es_vanilla_s0,1787405022,247750
es_vanilla_s0,1787405033,247750
es_vanilla_s0,1787405043,247750
es_vanilla_s0,1787405053,247750
es_vanilla_s0,1787405063,247750
es_vanilla_s0,1787405073,247750
es_vanilla_s0,1787405083,247750
es_vanilla_s0,1787405093,247750
es_vanilla_s0,1787405103,247750
es_vanilla_s0,1787405113,247750
es_vanilla_s0,1787405123,247750
es_vanilla_s0,1787405133,247750
es_vanilla_s0,1787405144,247750
es_vanilla_s0,1787405154,247750
es_vanilla_s0,1787405164,247750
es_vanilla_s0,1787405174,247750
es_vanilla_s0,1787405184,247750
es_vanilla_s0,1787405194,247750
es_vanilla_s0,1787405204,247750
es_vanilla_s0,1787405214,247750
es_vanilla_s0,1787405224,247750
es_vanilla_s0,1787405234,247750
es_vanilla_s0,1787405245,247750
es_vanilla_s0,1787405255,247750
es_vanilla_s0,1787405265,247750
es_vanilla_s0,1787405275,247750
es_vanilla_s0,1787405285,247750
es_vanilla_s0,1787405295,247750
es_vanilla_s0,1787405305,247750
es_vanilla_s0,1787405315,247750
es_vanilla_s0,1787405325,247750
es_vanilla_s0,1787405335,247750
es_vanilla_s0,1787405346,247750
es_vanilla_s0,1787405356,247750
es_vanilla_s0,1787405366,247750
es_vanilla_s0,1787405376,247750
es_vanilla_s0,1787405386,247750
es_vanilla_s0,1787405396,247750
es_vanilla_s0,1787405406,247750
es_vanilla_s0,1787405416,247750
es_vanilla_s0,1787405426,247750
es_vanilla_s0,1787405436,247750
es_vanilla_s0,1787405446,247750
es_vanilla_s0,1787405457,247750
es_vanilla_s0,1787405467,247750
es_vanilla_s0,1787405477,247750
es_vanilla_s0,1787405487,247750
es_vanilla_s0,1787405497,247750
es_vanilla_s0,1787405507,247750
es_vanilla_s0,1787405517,247750
es_vanilla_s0,1787405527,247750
es_vanilla_s0,1787405537,247750
es_vanilla_s0,1787405547,247750
es_vanilla_s0,1787405558,247750
es_vanilla_s0,1787405568,247750
es_vanilla_s0,1787405578,247750
es_vanilla_s0,1787405588,247750
es_vanilla_s0,1787405598,247750
es_vanilla_s0,1787405608,247750
es_vanilla_s0,1787405618,247750
es_vanilla_s0,1787405628,247750
es_vanilla_s0,1787405638,247750
es_vanilla_s0,1787405648,247750
es_vanilla_s0,1787405658,247750
es_vanilla_s0,1787405669,247750
es_vanilla_s0,1787405679,247750
es_vanilla_s0,1787405689,247750
es_vanilla_s0,1787405699,247750
es_vanilla_s0,1787405709,247750
es_vanilla_s0,1787405719,247750
es_vanilla_s0,1787405729,247750
es_vanilla_s0,1787405739,247750
es_vanilla_s0,1787405749,247750
es_vanilla_s0,1787405759,247750
es_vanilla_s0,1787405770,247750
es_vanilla_s0,1787405780,247750
es_vanilla_s0,1787405790,247750
es_vanilla_s0,1787405800,247750
es_vanilla_s0,1787405810,247750
es_vanilla_s0,1787405820,247750
es_vanilla_s0,1787405830,247750
es_vanilla_s0,1787405840,247750
es_vanilla_s0,1787405850,247750
es_vanilla_s0,1787405860,247750
es_vanilla_s0,1787405871,247750
es_vanilla_s0,1787405881,247750
es_vanilla_s0,1787405891,247750
es_vanilla_s0,1787405901,247750
es_vanilla_s0,1787405911,247750
es_vanilla_s0,1787405921,247750
es_vanilla_s0,1787405931,247750
es_vanilla_s0,1787405941,247750
es_vanilla_s0,1787405951,247750
es_vanilla_s0,1787405961,247750
es_vanilla_s0,1787405972,247750
es_vanilla_s0,1787405982,247750
es_vanilla_s0,1787405992,247750
es_vanilla_s0,1787406002,247750
es_vanilla_s0,1787406012,247750
es_vanilla_s0,1787406022,247750
es_vanilla_s0,1787406032,247750
es_vanilla_s0,1787406042,247750
es_vanilla_s0,1787406052,247750
es_vanilla_s0,1787406062,247750
es_vanilla_s0,1787406073,247750
es_vanilla_s0,1787406083,247750
es_vanilla_s0,1787406093,247750
es_vanilla_s0,1787406103,247750
es_vanilla_s0,1787406113,247750
es_vanilla_s0,1787406123,247750
es_vanilla_s0,1787406133,247750
es_vanilla_s0,1787406143,247750
es_vanilla_s0,1787406153,247750
es_vanilla_s0,1787406163,247750
es_vanilla_s0,1787406174,247750
es_vanilla_s0,1787406184,247750
es_vanilla_s0,1787406194,247750
es_vanilla_s0,1787406204,247750
es_vanilla_s0,1787406214,247750
es_vanilla_s0,1787406224,247750
es_vanilla_s0,1787406234,247750
es_vanilla_s0,1787406244,247750
es_vanilla_s0,1787406254,247750
es_vanilla_s0,1787406264,247750
es_vanilla_s0,1787406275,247750
es_vanilla_s0,1787406285,247750
es_vanilla_s0,1787406295,247750
es_vanilla_s0,1787406305,247750
es_vanilla_s0,1787406315,247750
es_vanilla_s0,1787406325,247750
es_vanilla_s0,1787406335,247750
es_vanilla_s0,1787406345,247750
es_vanilla_s0,1787406355,247750
es_vanilla_s0,1787406365,247750
es_vanilla_s0,1787406376,247750
es_vanilla_s0,1787406386,247750
es_vanilla_s0,1787406396,247750
es_vanilla_s0,1787406406,247750
es_vanilla_s0,1787406416,247750
es_vanilla_s0,1787406426,247750
es_vanilla_s0,1787406436,247750
es_vanilla_s0,1787406446,247750
es_vanilla_s0,1787406456,247750
es_vanilla_s0,1787406466,247750
es_vanilla_s0,1787406477,247750
es_vanilla_s0,1787406487,247750
es_vanilla_s0,1787406497,247750
es_vanilla_s0,1787406507,247750
es_vanilla_s0,1787406517,247750
es_vanilla_s0,1787406527,247750
es_vanilla_s0,1787406537,247750
es_vanilla_s0,1787406547,247750
es_vanilla_s0,1787406557,247750
es_vanilla_s0,1787406567,247750
es_vanilla_s0,1787406578,247750
es_vanilla_s0,1787406588,247750
es_vanilla_s0,1787406598,247750
es_vanilla_s0,1787406608,247750
es_vanilla_s0,1787406618,247750
es_vanilla_s0,1787406628,247750
es_vanilla_s0,1787406638,247750
es_vanilla_s0,1787406648,247750
es_vanilla_s0,1787406658,247750
es_vanilla_s0,1787406669,247750
es_vanilla_s0,1787406679,247750
es_vanilla_s0,1787406689,247750
es_vanilla_s0,1787406699,247750
es_vanilla_s0,1787406709,247750
es_vanilla_s0,1787406719,247750
es_vanilla_s0,1787406729,247750
es_vanilla_s0,1787406739,247750
es_vanilla_s0,1787406749,247750
es_vanilla_s0,1787406759,247750
es_vanilla_s0,1787406770,247750
es_vanilla_s0,1787406780,247750
es_vanilla_s0,1787406790,247750
es_vanilla_s0,1787406800,247750
es_vanilla_s0,1787406810,247750
es_vanilla_s0,1787406820,247750
es_vanilla_s0,1787406830,247750
es_vanilla_s0,1787406840,247750
es_vanilla_s0,1787406850,247750
es_vanilla_s0,1787406860,247750
es_vanilla_s0,1787406871,247750
es_vanilla_s0,1787406881,247750
es_vanilla_s0,1787406891,247750
es_vanilla_s0,1787406901,247750
es_vanilla_s0,1787406911,247750
es_vanilla_s0,1787406921,247750
es_vanilla_s0,1787406931,247750
es_vanilla_s0,1787406941,247750
es_vanilla_s0,1787406951,247750
es_vanilla_s0,1787406961,247750
es_vanilla_s0,1787406972,247750
es_vanilla_s0,1787406982,247750
es_vanilla_s0,1787406992,247750
es_vanilla_s0,1787407002,247750
es_vanilla_s0,1787407012,247750
es_vanilla_s0,1787407022,247750
es_vanilla_s0,1787407032,247750
es_vanilla_s0,1787407042,247750
es_vanilla_s0,1787407052,247750
es_vanilla_s0,1787407062,247750
es_vanilla_s0,1787407073,247750
es_vanilla_s0,1787407083,247750
es_vanilla_s0,1787407093,247750
es_vanilla_s0,1787407103,247750
es_vanilla_s0,1787407113,247750
es_vanilla_s0,1787407123,247750
es_vanilla_s0,1787407133,247750
es_vanilla_s0,1787407143,247750
es_vanilla_s0,1787407153,247750
es_vanilla_s0,1787407164,247750
es_vanilla_s0,1787407174,247750
es_vanilla_s0,1787407184,247750
es_vanilla_s0,1787407194,247750
es_vanilla_s0,1787407204,247750
es_vanilla_s0,1787407214,247750
es_vanilla_s0,1787407224,247750
es_vanilla_s0,1787407234,247750
es_vanilla_s0,1787407244,247750
es_vanilla_s0,1787407254,247750
es_vanilla_s0,1787407264,247750
es_vanilla_s0,1787407275,247750
es_vanilla_s0,1787407285,247750
es_vanilla_s0,1787407295,247750
es_vanilla_s0,1787407305,247750
es_vanilla_s0,1787407315,247750
es_vanilla_s0,1787407325,247750
es_vanilla_s0,1787407335,247750
es_vanilla_s0,1787407345,247750
es_vanilla_s0,1787407355,247750
es_vanilla_s0,1787407366,247750
es_vanilla_s0,1787407376,247750
es_vanilla_s0,1787407386,247750
es_vanilla_s0,1787407396,247750
es_vanilla_s0,1787407406,247750
es_vanilla_s0,1787407416,247750
es_vanilla_s0,1787407426,247750
es_vanilla_s0,1787407436,247750
es_vanilla_s0,1787407446,247750
es_vanilla_s0,1787407456,247750
es_vanilla_s0,1787407467,247750
es_vanilla_s0,1787407477,247750
es_vanilla_s0,1787407487,247750
es_vanilla_s0,1787407497,247750
es_vanilla_s0,1787407507,247750
es_vanilla_s0,1787407517,247750
es_vanilla_s0,1787407527,247750
es_vanilla_s0,1787407537,247750
es_vanilla_s0,1787407547,247750
es_vanilla_s0,1787407557,247750
es_vanilla_s0,1787407568,247750
es_vanilla_s0,1787407578,247750
es_vanilla_s0,1787407588,247750
es_vanilla_s0,1787407598,247750
es_vanilla_s0,1787407608,247750
es_vanilla_s0,1787407618,247750
es_vanilla_s0,1787407628,247750
es_vanilla_s0,1787407638,247750
es_vanilla_s0,1787407648,247750
es_vanilla_s0,1787407658,247750
es_vanilla_s0,1787407669,247750
es_vanilla_s0,1787407679,247750
es_vanilla_s0,1787407689,247750
es_vanilla_s0,1787407699,247750
es_vanilla_s0,1787407709,247750
es_vanilla_s0,1787407719,247750
es_vanilla_s0,1787407729,247750
es_vanilla_s0,1787407739,247750
es_vanilla_s0,1787407749,247750
es_vanilla_s0,1787407759,247750
es_vanilla_s0,1787407770,247750
es_vanilla_s0,1787407780,247750
es_vanilla_s0,1787407790,247750
es_vanilla_s0,1787407800,247750
es_vanilla_s0,1787407810,247750
es_vanilla_s0,1787407820,247750
es_vanilla_s0,1787407830,247750
es_vanilla_s0,1787407840,247750
es_vanilla_s0,1787407850,247750
es_vanilla_s0,1787407860,247750
es_vanilla_s0,1787407871,247750
es_vanilla_s0,1787407881,247750
es_vanilla_s0,1787407891,247750
es_vanilla_s0,1787407901,247750
es_vanilla_s0,1787407911,247750
es_vanilla_s0,1787407921,247750
es_vanilla_s0,1787407931,247750
es_vanilla_s0,1787407941,247750
es_vanilla_s0,1787407951,247750
es_vanilla_s0,1787407961,247750
es_vanilla_s0,1787407972,247750
es_vanilla_s0,1787407982,247750
es_vanilla_s0,1787407992,247750
es_vanilla_s0,1787408002,247750
es_vanilla_s0,1787408012,247750
es_vanilla_s0,1787408022,247750
es_vanilla_s0,1787408032,247750
es_vanilla_s0,1787408042,247750
es_vanilla_s0,1787408052,247750
es_vanilla_s0,1787408062,247750
es_vanilla_s0,1787408073,247750
es_vanilla_s0,1787408083,247750
es_vanilla_s0,1787408093,247750
es_vanilla_s0,1787408103,247750
es_vanilla_s0,1787408113,247750
es_vanilla_s0,1787408123,247750
es_vanilla_s0,1787408133,247750
es_vanilla_s0,1787408143,247750
es_vanilla_s0,1787408153,247750
es_vanilla_s0,1787408163,247750
es_vanilla_s0,1787408174,247750
es_vanilla_s0,1787408184,247750
es_vanilla_s0,1787408194,247750
es_vanilla_s0,1787408204,247750
es_vanilla_s0,1787408214,247750
es_vanilla_s0,1787408224,247750
es_vanilla_s0,1787408234,247750
es_vanilla_s0,1787408244,247750
es_vanilla_s0,1787408254,247750
es_vanilla_s0,1787408264,247750
es_vanilla_s0,1787408275,247750
es_vanilla_s0,1787408285,247750
es_vanilla_s0,1787408295,247750
es_vanilla_s0,1787408305,247750
es_vanilla_s0,1787408315,247750
es_vanilla_s0,1787408325,247750
es_vanilla_s0,1787408335,247750
es_vanilla_s0,1787408345,247750
es_vanilla_s0,1787408355,247750
es_vanilla_s0,1787408365,247750
es_vanilla_s0,1787408376,247750
es_vanilla_s0,1787408386,247750
es_vanilla_s0,1787408396,247750
es_vanilla_s0,1787408406,247750
es_vanilla_s0,1787408416,247750
es_vanilla_s0,1787408426,247750
es_vanilla_s0,1787408436,247750
es_vanilla_s0,1787408446,247750
es_vanilla_s0,1787408456,247750
es_vanilla_s0,1787408466,247750
es_vanilla_s0,1787408477,247750
es_vanilla_s0,1787408487,247750
es_vanilla_s0,1787408497,247750
es_vanilla_s0,1787408507,247750
es_vanilla_s0,1787408517,247750
es_vanilla_s0,1787408527,247750
es_vanilla_s0,1787408537,247750
es_vanilla_s0,1787408547,247750
es_vanilla_s0,1787408557,247750
es_vanilla_s0,1787408568,247750
es_vanilla_s0,1787408578,247750
es_vanilla_s0,1787408588,247750
es_vanilla_s0,1787408598,247750
es_vanilla_s0,1787408608,247750
es_vanilla_s0,1787408618,247750
es_vanilla_s0,1787408628,247750
es_vanilla_s0,1787408638,247750
es_vanilla_s0,1787408648,247750
es_vanilla_s0,1787408658,247750
es_vanilla_s0,1787408669,247750
es_vanilla_s0,1787408679,247750
es_vanilla_s0,1787408689,247750
es_vanilla_s0,1787408699,247750
es_vanilla_s0,1787408709,247750
es_vanilla_s0,1787408719,247750
es_vanilla_s0,1787408729,247750
es_vanilla_s0,1787408739,247750
es_vanilla_s0,1787408749,247750
es_vanilla_s0,1787408759,247750
es_vanilla_s0,1787408770,247750
es_vanilla_s0,1787408780,247750
es_vanilla_s0,1787408790,247750
es_vanilla_s0,1787408800,247750
es_vanilla_s0,1787408810,247750
es_vanilla_s0,1787408820,247750
es_vanilla_s0,1787408830,247750
es_vanilla_s0,1787408840,247750
es_vanilla_s0,1787408850,247750
es_vanilla_s0,1787408860,247750
es_vanilla_s0,1787408871,247750
es_vanilla_s0,1787408881,247750
es_vanilla_s0,1787408891,247750
es_vanilla_s0,1787408901,247750
es_vanilla_s0,1787408911,247750
es_vanilla_s0,1787408921,247750
es_vanilla_s0,1787408931,247750
es_vanilla_s0,1787408941,247750
es_vanilla_s0,1787408951,247750
es_vanilla_s0,1787408961,247750
es_vanilla_s0,1787408972,247750
es_vanilla_s0,1787408982,247750
es_vanilla_s0,1787408992,247750
es_vanilla_s0,1787409002,247750
es_vanilla_s0,1787409012,247750
es_vanilla_s0,1787409022,247750
es_vanilla_s0,1787409032,247750
es_vanilla_s0,1787409042,247750
es_vanilla_s0,1787409052,247750
es_vanilla_s0,1787409062,247750
es_vanilla_s0,1787409073,247750
es_vanilla_s0,1787409083,247750
es_vanilla_s0,1787409093,247750
es_vanilla_s0,1787409103,247750
es_vanilla_s0,1787409113,247750
es_vanilla_s0,1787409123,247750
es_vanilla_s0,1787409133,247750
es_vanilla_s0,1787409143,247750
es_vanilla_s0,1787409153,247750
es_vanilla_s0,1787409163,247750
es_vanilla_s0,1787409174,247750
es_vanilla_s0,1787409184,247750
es_vanilla_s0,1787409194,247750
es_vanilla_s0,1787409204,247750
es_vanilla_s0,1787409214,247750
es_vanilla_s0,1787409224,247750
es_vanilla_s0,1787409234,247750
es_vanilla_s0,1787409244,247750
es_vanilla_s0,1787409254,247750
es_vanilla_s0,1787409265,247750
es_vanilla_s0,1787409275,247750
es_vanilla_s0,1787409285,247750
es_vanilla_s0,1787409295,247750
es_vanilla_s0,1787409305,247750
es_vanilla_s0,1787409315,247750
es_vanilla_s0,1787409325,247750
es_vanilla_s0,1787409335,247750
es_vanilla_s0,1787409345,247750
es_vanilla_s0,1787409355,247750
es_vanilla_s0,1787409366,247750
es_vanilla_s0,1787409376,247750
es_vanilla_s0,1787409386,247750
es_vanilla_s0,1787409396,247750
es_vanilla_s0,1787409406,247750
es_vanilla_s0,1787409416,247750
es_vanilla_s0,1787409426,247750
es_vanilla_s0,1787409436,247750
es_vanilla_s0,1787409446,247750
es_vanilla_s0,1787409456,247750
es_vanilla_s0,1787409467,247750
es_vanilla_s0,1787409477,247750
es_vanilla_s0,1787409487,247750
es_vanilla_s0,1787409497,247750
es_vanilla_s0,1787409507,247750
es_vanilla_s0,1787409517,247750
es_vanilla_s0,1787409527,247750
es_vanilla_s0,1787409537,247750
es_vanilla_s0,1787409547,247750
es_vanilla_s0,1787409557,247750
es_vanilla_s0,1787409568,247750
es_vanilla_s0,1787409578,247750
es_vanilla_s0,1787409588,247750
es_vanilla_s0,1787409598,247750
es_vanilla_s0,1787409608,247750
es_vanilla_s0,1787409618,247750
es_vanilla_s0,1787409628,247750
es_vanilla_s0,1787409638,247750
es_vanilla_s0,1787409648,247750
es_vanilla_s0,1787409658,247750
es_vanilla_s0,1787409669,247750
es_vanilla_s0,1787409679,247750
es_vanilla_s0,1787409689,247750
es_vanilla_s0,1787409699,247750
es_vanilla_s0,1787409709,247750
es_vanilla_s0,1787409719,247750
es_vanilla_s0,1787409729,247750
es_vanilla_s0,1787409739,247750
es_vanilla_s0,1787409749,247750
es_vanilla_s0,1787409760,247750
es_vanilla_s0,1787409770,247750
es_vanilla_s0,1787409780,247750
es_vanilla_s0,1787409790,247750
es_vanilla_s0,1787409800,247750
es_vanilla_s0,1787409810,247750
es_vanilla_s0,1787409820,247750
es_vanilla_s0,1787409830,247750
es_vanilla_s0,1787409840,247750
es_vanilla_s0,1787409851,247750
es_vanilla_s0,1787409861,247750
es_vanilla_s0,1787409871,247750
es_vanilla_s0,1787409881,247750
es_vanilla_s0,1787409891,247750
es_vanilla_s0,1787409901,247750
es_vanilla_s0,1787409911,247750
es_vanilla_s0,1787409921,247750
es_vanilla_s0,1787409931,247750
es_vanilla_s0,1787409942,247750
es_vanilla_s0,1787409952,247750
es_vanilla_s0,1787409962,247750
es_vanilla_s0,1787409972,247750
es_vanilla_s0,1787409982,247750
es_vanilla_s0,1787409992,247750
es_vanilla_s0,1787410002,247750
es_vanilla_s0,1787410012,247750
es_vanilla_s0,1787410022,247750
es_vanilla_s0,1787410033,247750
es_vanilla_s0,1787410043,247750
es_vanilla_s0,1787410053,247750
es_vanilla_s0,1787410063,247750
es_vanilla_s0,1787410073,247750
es_vanilla_s0,1787410083,247750
es_vanilla_s0,1787410093,247750
es_vanilla_s0,1787410103,247750
es_vanilla_s0,1787410113,247750
es_vanilla_s0,1787410124,247750
es_vanilla_s0,1787410134,247750
es_vanilla_s0,1787410144,247750
es_vanilla_s0,1787410154,247750
es_vanilla_s0,1787410164,247750
es_vanilla_s0,1787410174,247750
es_vanilla_s0,1787410184,247750
es_vanilla_s0,1787410194,247750
es_vanilla_s0,1787410204,247750
es_vanilla_s0,1787410214,247750
es_vanilla_s0,1787410225,247750
es_vanilla_s0,1787410235,247750
es_vanilla_s0,1787410245,247750
es_vanilla_s0,1787410255,247750
es_vanilla_s0,1787410265,247750
es_vanilla_s0,1787410275,247750
es_vanilla_s0,1787410285,247750
es_vanilla_s0,1787410295,247750
es_vanilla_s0,1787410305,247750
es_vanilla_s0,1787410316,247750
es_vanilla_s0,1787410326,247750
es_vanilla_s0,1787410336,247750
es_vanilla_s0,1787410346,247750
es_vanilla_s0,1787410356,247750
es_vanilla_s0,1787410366,247750
es_vanilla_s0,1787410376,247750
es_vanilla_s0,1787410386,247750
es_vanilla_s0,1787410396,247750
es_vanilla_s0,1787410407,247750
es_vanilla_s0,1787410417,247750
es_vanilla_s0,1787410427,247750
es_vanilla_s0,1787410437,247750
es_vanilla_s0,1787410447,247750
es_vanilla_s0,1787410457,247750
es_vanilla_s0,1787410467,247750
es_vanilla_s0,1787410477,247750
es_vanilla_s0,1787410487,247750
es_vanilla_s0,1787410497,247750
es_vanilla_s0,1787410508,247750
es_vanilla_s0,1787410518,247750
es_vanilla_s0,1787410528,247750
es_vanilla_s0,1787410538,247750
es_vanilla_s0,1787410548,247750
es_vanilla_s0,1787410558,247750
es_vanilla_s0,1787410568,247750
es_vanilla_s0,1787410578,247750
es_vanilla_s0,1787410588,247750
es_vanilla_s0,1787410598,247750
es_vanilla_s0,1787410609,247750
es_vanilla_s0,1787410619,247750
es_vanilla_s0,1787410629,247750
es_vanilla_s0,1787410639,247750
es_vanilla_s0,1787410649,247750
es_vanilla_s0,1787410659,247750
es_vanilla_s0,1787410669,247750
es_vanilla_s0,1787410679,247750
es_vanilla_s0,1787410689,247750
es_vanilla_s0,1787410700,247750
es_vanilla_s0,1787410710,247750
es_vanilla_s0,1787410720,247750
es_vanilla_s0,1787410730,247750
es_vanilla_s0,1787410740,247750
es_vanilla_s0,1787410750,247750
es_vanilla_s0,1787410760,247750
es_vanilla_s0,1787410770,247750
es_vanilla_s0,1787410780,247750
es_vanilla_s0,1787410790,247750
es_vanilla_s0,1787410801,247750
es_vanilla_s0,1787410811,247750
es_vanilla_s0,1787410821,247750
es_vanilla_s0,1787410831,247750
es_vanilla_s0,1787410841,247750
es_vanilla_s0,1787410851,247750
es_vanilla_s0,1787410861,247750
es_vanilla_s0,1787410871,247750
es_vanilla_s0,1787410881,247750
es_vanilla_s0,1787410892,247750
es_vanilla_s0,1787410902,247750
es_vanilla_s0,1787410912,247750
es_vanilla_s0,1787410922,247750
es_vanilla_s0,1787410932,247750
es_vanilla_s0,1787410942,247750
es_vanilla_s0,1787410952,247750
es_vanilla_s0,1787410962,247750
es_vanilla_s0,1787410972,247750
es_vanilla_s0,1787410982,247750
es_vanilla_s0,1787410993,247750
es_vanilla_s0,1787411003,247750
es_vanilla_s0,1787411013,247750
es_vanilla_s0,1787411023,247750
es_vanilla_s0,1787411033,247750
es_vanilla_s0,1787411043,247750
es_vanilla_s0,1787411053,247750
es_vanilla_s0,1787411063,247750
es_vanilla_s0,1787411073,247750
es_vanilla_s0,1787411084,247750
es_vanilla_s0,1787411094,247750
es_vanilla_s0,1787411104,247750
es_vanilla_s0,1787411114,247750
es_vanilla_s0,1787411124,247750
es_vanilla_s0,1787411134,247750
es_vanilla_s0,1787411144,247750
es_vanilla_s0,1787411154,247750
es_vanilla_s0,1787411164,247750
es_vanilla_s0,1787411174,247750
es_vanilla_s0,1787411185,247750
es_vanilla_s0,1787411195,247750
es_vanilla_s0,1787411205,247750
es_vanilla_s0,1787411215,247750
es_vanilla_s0,1787411225,247750
es_vanilla_s0,1787411235,247750
es_vanilla_s0,1787411245,247750
es_vanilla_s0,1787411255,247750
es_vanilla_s0,1787411265,247750
es_vanilla_s0,1787411275,247750
es_vanilla_s0,1787411286,247750
es_vanilla_s0,1787411296,247750
es_vanilla_s0,1787411306,247750
es_vanilla_s0,1787411316,247750
es_vanilla_s0,1787411326,247750
es_vanilla_s0,1787411336,247750
es_vanilla_s0,1787411346,247750
es_vanilla_s0,1787411356,247750
es_vanilla_s0,1787411366,247750
es_vanilla_s0,1787411376,247750
es_vanilla_s0,1787411387,247750
es_vanilla_s0,1787411397,247750
es_vanilla_s0,1787411407,247750
es_vanilla_s0,1787411417,247750
es_vanilla_s0,1787411427,247750
es_vanilla_s0,1787411437,247750
es_vanilla_s0,1787411447,247750
es_vanilla_s0,1787411457,247750
es_vanilla_s0,1787411467,247750
es_vanilla_s0,1787411477,247750
es_vanilla_s0,1787411488,247750
es_vanilla_s0,1787411498,247750
es_vanilla_s0,1787411508,247750
es_vanilla_s0,1787411518,247750
es_vanilla_s0,1787411528,247750
es_vanilla_s0,1787411538,247750
es_vanilla_s0,1787411548,247750
es_vanilla_s0,1787411558,247750
es_vanilla_s0,1787411568,247750
es_vanilla_s0,1787411578,247750
es_vanilla_s0,1787411589,247750
es_vanilla_s0,1787411599,247750
es_vanilla_s0,1787411609,247750
es_vanilla_s0,1787411619,247750
es_vanilla_s0,1787411629,247750
es_vanilla_s0,1787411639,247750
es_vanilla_s0,1787411649,247750
es_vanilla_s0,1787411659,247750
es_vanilla_s0,1787411669,247750
es_vanilla_s0,1787411679,247750
es_vanilla_s0,1787411689,247750
es_vanilla_s0,1787411700,247750
es_vanilla_s0,1787411710,247750
es_vanilla_s0,1787411720,247750
es_vanilla_s0,1787411730,247750
es_vanilla_s0,1787411740,247750
es_vanilla_s0,1787411750,247750
es_vanilla_s0,1787411760,247750
es_vanilla_s0,1787411770,247750
es_vanilla_s0,1787411780,247750
es_vanilla_s0,1787411790,247750
es_vanilla_s0,1787411801,247750
es_vanilla_s0,1787411811,247750
es_vanilla_s0,1787411821,247750
es_vanilla_s0,1787411831,247750
es_vanilla_s0,1787411841,247750
es_vanilla_s0,1787411851,247750
es_vanilla_s0,1787411861,247750
es_vanilla_s0,1787411871,247750
es_vanilla_s0,1787411881,247750
es_vanilla_s0,1787411891,247750
es_vanilla_s0,1787411902,247750
es_vanilla_s0,1787411912,247750
es_vanilla_s0,1787411922,247750
es_vanilla_s0,1787411932,247750
es_vanilla_s0,1787411942,247750
es_vanilla_s0,1787411952,247750
es_vanilla_s0,1787411962,247750
es_vanilla_s0,1787411972,247750
es_vanilla_s0,1787411982,247750
es_vanilla_s0,1787411992,247750
es_vanilla_s0,1787412002,247750
es_vanilla_s0,1787412013,247750
es_vanilla_s0,1787412023,247750
es_vanilla_s0,1787412033,247750
es_vanilla_s0,1787412043,247750
es_vanilla_s0,1787412053,247750
es_vanilla_s0,1787412063,247750
es_vanilla_s0,1787412073,247750
es_vanilla_s0,1787412083,247750
es_vanilla_s0,1787412093,247750
es_vanilla_s0,1787412103,247750
es_vanilla_s0,1787412114,247750
es_vanilla_s0,1787412124,247750
es_vanilla_s0,1787412134,247750
es_vanilla_s0,1787412144,247750
es_vanilla_s0,1787412154,247750
es_vanilla_s0,1787412164,247750
es_vanilla_s0,1787412174,247750
es_vanilla_s0,1787412184,247750
es_vanilla_s0,1787412194,247750
es_vanilla_s0,1787412204,247750
es_vanilla_s0,1787412214,247750
es_vanilla_s0,1787412225,247750
es_vanilla_s0,1787412235,247750
es_vanilla_s0,1787412245,247750
es_vanilla_s0,1787412255,247750
es_vanilla_s0,1787412265,247750
es_vanilla_s0,1787412275,247750
es_vanilla_s0,1787412285,247750
es_vanilla_s0,1787412295,247750
es_vanilla_s0,1787412305,247750
es_vanilla_s0,1787412315,247750
es_vanilla_s0,1787412326,247750
es_vanilla_s0,1787412336,247750
es_vanilla_s0,1787412346,247750
es_vanilla_s0,1787412356,247750
es_vanilla_s0,1787412366,247750
es_vanilla_s0,1787412376,247750
es_vanilla_s0,1787412386,247750
es_vanilla_s0,1787412396,247750
es_vanilla_s0,1787412406,247750
es_vanilla_s0,1787412416,247750
es_vanilla_s0,1787412427,247750
es_vanilla_s0,1787412437,247750
es_vanilla_s0,1787412447,247750
es_vanilla_s0,1787412457,247750
es_vanilla_s0,1787412467,247750
es_vanilla_s0,1787412477,247750
es_vanilla_s0,1787412487,247750
es_vanilla_s0,1787412497,247750
es_vanilla_s0,1787412507,247750
es_vanilla_s0,1787412517,247750
es_vanilla_s0,1787412528,247750
es_vanilla_s0,1787412538,247750
es_vanilla_s0,1787412548,247750
es_vanilla_s0,1787412558,247750
es_vanilla_s0,1787412568,247750
es_vanilla_s0,1787412578,247750
es_vanilla_s0,1787412588,247750
es_vanilla_s0,1787412598,247750
es_vanilla_s0,1787412608,247750
es_vanilla_s0,1787412618,247750
es_vanilla_s0,1787412629,247750
es_vanilla_s0,1787412639,247750
es_vanilla_s0,1787412649,247750
es_vanilla_s0,1787412659,247750
es_vanilla_s0,1787412669,247750
es_vanilla_s0,1787412679,247750
es_vanilla_s0,1787412689,247750
es_vanilla_s0,1787412699,247750
es_vanilla_s0,1787412709,247750
es_vanilla_s0,1787412719,247750
es_vanilla_s0,1787412729,247750
es_vanilla_s0,1787412740,247750
es_vanilla_s0,1787412750,247750
es_vanilla_s0,1787412760,247750
es_vanilla_s0,1787412770,247750
es_vanilla_s0,1787412780,247750
es_vanilla_s0,1787412790,247750
es_vanilla_s0,1787412800,247750
es_vanilla_s0,1787412810,247750
es_vanilla_s0,1787412820,247750
es_vanilla_s0,1787412830,247750
es_vanilla_s0,1787412841,247750
es_vanilla_s0,1787412851,247750
es_vanilla_s0,1787412861,247750
es_vanilla_s0,1787412871,247750
es_vanilla_s0,1787412881,247750
es_vanilla_s0,1787412891,247750
es_vanilla_s0,1787412901,247750
es_vanilla_s0,1787412911,247750
es_vanilla_s0,1787412921,247750
es_vanilla_s0,1787412931,247750
es_vanilla_s0,1787412942,247750
es_vanilla_s0,1787412952,247750
es_vanilla_s0,1787412962,247750
es_vanilla_s0,1787412972,247750
es_vanilla_s0,1787412982,247750
es_vanilla_s0,1787412992,247750
es_vanilla_s0,1787413002,247750
es_vanilla_s0,1787413012,247750
es_vanilla_s0,1787413022,247750
es_vanilla_s0,1787413032,247750
es_vanilla_s0,1787413043,247750
es_vanilla_s0,1787413053,247750
es_vanilla_s0,1787413063,247750
es_vanilla_s0,1787413073,247750
es_vanilla_s0,1787413083,247750
es_vanilla_s0,1787413093,247750
es_vanilla_s0,1787413103,247750
es_vanilla_s0,1787413113,247750
es_vanilla_s0,1787413123,247750
es_vanilla_s0,1787413133,247750
es_vanilla_s0,1787413144,247750
es_vanilla_s0,1787413154,247750
es_vanilla_s0,1787413164,247750
es_vanilla_s0,1787413174,247750
es_vanilla_s0,1787413184,247750
es_vanilla_s0,1787413194,247750
es_vanilla_s0,1787413204,247750
es_vanilla_s0,1787413214,247750
es_vanilla_s0,1787413224,247750
es_vanilla_s0,1787413234,247750
es_vanilla_s0,1787413245,247750
es_vanilla_s0,1787413255,247750
es_vanilla_s0,1787413265,247750
es_vanilla_s0,1787413275,247750
es_vanilla_s0,1787413285,247750
es_vanilla_s0,1787413295,247750
es_vanilla_s0,1787413305,247750
es_vanilla_s0,1787413315,247750
es_vanilla_s0,1787413325,247750
es_vanilla_s0,1787413335,247750
es_vanilla_s0,1787413346,247750
es_vanilla_s0,1787413356,247750
es_vanilla_s0,1787413366,247750
es_vanilla_s0,1787413376,247750
es_vanilla_s0,1787413386,247750
es_vanilla_s0,1787413396,247750
es_vanilla_s0,1787413406,247750
es_vanilla_s0,1787413416,247750
es_vanilla_s0,1787413426,247750
es_vanilla_s0,1787413437,247750
es_vanilla_s0,1787413447,247750
es_vanilla_s0,1787413457,247750
es_vanilla_s0,1787413467,247750
es_vanilla_s0,1787413477,247750
es_vanilla_s0,1787413487,247750
es_vanilla_s0,1787413497,247750
es_vanilla_s0,1787413507,247750
es_vanilla_s0,1787413517,247750
es_vanilla_s0,1787413527,247750
es_vanilla_s0,1787413538,247750
es_vanilla_s0,1787413548,247750
es_vanilla_s0,1787413558,247750
es_vanilla_s0,1787413568,247750
es_vanilla_s0,1787413578,247750
es_vanilla_s0,1787413588,247750
es_vanilla_s0,1787413598,247750
es_vanilla_s0,1787413608,247750
es_vanilla_s0,1787413618,247750
es_vanilla_s0,1787413628,247750
es_vanilla_s0,1787413639,247750
es_vanilla_s0,1787413649,247750
es_vanilla_s0,1787413659,247750
es_vanilla_s0,1787413669,247750
es_vanilla_s0,1787413679,247750
es_vanilla_s0,1787413689,247750
es_vanilla_s0,1787413699,247750
es_vanilla_s0,1787413709,247750
es_vanilla_s0,1787413719,247750
es_vanilla_s0,1787413729,247750
es_vanilla_s0,1787413740,247750
es_vanilla_s0,1787413750,247750
es_vanilla_s0,1787413760,247750
es_vanilla_s0,1787413770,247750
es_vanilla_s0,1787413780,247750
es_vanilla_s0,1787413790,247750
es_vanilla_s0,1787413800,247750
es_vanilla_s0,1787413810,247750
es_vanilla_s0,1787413820,247750
es_vanilla_s0,1787413831,247750
es_vanilla_s0,1787413841,247750
es_vanilla_s0,1787413851,247750
es_vanilla_s0,1787413861,247750
es_vanilla_s0,1787413871,247750
es_vanilla_s0,1787413881,247750
es_vanilla_s0,1787413891,247750
es_vanilla_s0,1787413901,247750
es_vanilla_s0,1787413911,247750
es_vanilla_s0,1787413921,247750
es_vanilla_s0,1787413932,247750
es_vanilla_s0,1787413942,247750
es_vanilla_s0,1787413952,247750
es_vanilla_s0,1787413962,247750
es_vanilla_s0,1787413972,247750
es_vanilla_s0,1787413982,247750
es_vanilla_s0,1787413992,247750
es_vanilla_s0,1787414002,247750
es_vanilla_s0,1787414012,247750
es_vanilla_s0,1787414022,247750
es_vanilla_s0,1787414033,247750
es_vanilla_s0,1787414043,247750
es_vanilla_s0,1787414053,247750
es_vanilla_s0,1787414063,247750
es_vanilla_s0,1787414073,247750
es_vanilla_s0,1787414083,247750
es_vanilla_s0,1787414093,247750
es_vanilla_s0,1787414103,247750
es_vanilla_s0,1787414113,247750
es_vanilla_s0,1787414123,247750
es_vanilla_s0,1787414134,247750
es_vanilla_s0,1787414144,247750
es_vanilla_s0,1787414154,247750
es_vanilla_s0,1787414164,247750
es_vanilla_s0,1787414174,247750
es_vanilla_s0,1787414184,247750
es_vanilla_s0,1787414194,247750
es_vanilla_s0,1787414204,247750
es_vanilla_s0,1787414214,247750
es_vanilla_s0,1787414225,247750
es_vanilla_s0,1787414235,247750
es_vanilla_s0,1787414245,247750
es_vanilla_s0,1787414255,247750
es_vanilla_s0,1787414265,247750
es_vanilla_s0,1787414275,247750
es_vanilla_s0,1787414285,247750
es_vanilla_s0,1787414295,247750
es_vanilla_s0,1787414305,247750
es_vanilla_s0,1787414315,247750
es_vanilla_s0,1787414326,247750
es_vanilla_s0,1787414336,247750
es_vanilla_s0,1787414346,247750
es_vanilla_s0,1787414356,247750
es_vanilla_s0,1787414366,247750
es_vanilla_s0,1787414376,247750
es_vanilla_s0,1787414386,247750
es_vanilla_s0,1787414396,247750
es_vanilla_s0,1787414406,247750
es_vanilla_s0,1787414416,247750
es_vanilla_s0,1787414427,247750
es_vanilla_s0,1787414437,247750
es_vanilla_s0,1787414447,247750
es_vanilla_s0,1787414457,247750
es_vanilla_s0,1787414467,247750
es_vanilla_s0,1787414477,247750
es_vanilla_s0,1787414487,247750
es_vanilla_s0,1787414497,247750
es_vanilla_s0,1787414507,247750
es_vanilla_s0,1787414517,247750
es_vanilla_s0,1787414528,247750
es_vanilla_s0,1787414538,247750
es_vanilla_s0,1787414548,247750
es_vanilla_s0,1787414558,247750
es_vanilla_s0,1787414568,247750
es_vanilla_s0,1787414578,247750
es_vanilla_s0,1787414588,247750
es_vanilla_s0,1787414598,247750
es_vanilla_s0,1787414608,247750
es_vanilla_s0,1787414618,247750
es_vanilla_s0,1787414629,247750
es_vanilla_s0,1787414639,247750
es_vanilla_s0,1787414649,247750
es_vanilla_s0,1787414659,247750
es_vanilla_s0,1787414669,247750
es_vanilla_s0,1787414679,247750
es_vanilla_s0,1787414689,247750
es_vanilla_s0,1787414699,247750
es_vanilla_s0,1787414709,247750
es_vanilla_s0,1787414720,247750
es_vanilla_s0,1787414730,247750
es_vanilla_s0,1787414740,247750
es_vanilla_s0,1787414750,247750
es_vanilla_s0,1787414760,247750
es_vanilla_s0,1787414770,247750
es_vanilla_s0,1787414780,247750
es_vanilla_s0,1787414790,247750
es_vanilla_s0,1787414800,247750
es_vanilla_s0,1787414810,247750
es_vanilla_s0,1787414821,247750
es_vanilla_s0,1787414831,247750
es_vanilla_s0,1787414841,247750
es_vanilla_s0,1787414851,247750
es_vanilla_s0,1787414861,247750
es_vanilla_s0,1787414871,247750
es_vanilla_s0,1787414881,247750
es_vanilla_s0,1787414891,247750
es_vanilla_s0,1787414901,247750
es_vanilla_s0,1787414911,247750
es_vanilla_s0,1787414922,247750
es_vanilla_s0,1787414932,247750
es_vanilla_s0,1787414942,247750
es_vanilla_s0,1787414952,247750
es_vanilla_s0,1787414962,247750
es_vanilla_s0,1787414972,247750
es_vanilla_s0,1787414982,247750
es_vanilla_s0,1787414992,247750
es_vanilla_s0,1787415002,247750
es_vanilla_s0,1787415012,247750
es_vanilla_s0,1787415023,247750
es_vanilla_s0,1787415033,247750
es_vanilla_s0,1787415043,247750
es_vanilla_s0,1787415053,247750
es_vanilla_s0,1787415063,247750
es_vanilla_s0,1787415073,247750
es_vanilla_s0,1787415083,247750
es_vanilla_s0,1787415093,247750
es_vanilla_s0,1787415103,247750
es_vanilla_s0,1787415114,247750
es_vanilla_s0,1787415124,247750
es_vanilla_s0,1787415134,247750
es_vanilla_s0,1787415144,247750
es_vanilla_s0,1787415154,247750
es_vanilla_s0,1787415164,247750
es_vanilla_s0,1787415174,247750
es_vanilla_s0,1787415184,247750
es_vanilla_s0,1787415194,247750
es_vanilla_s0,1787415204,247750
es_vanilla_s0,1787415215,247750
es_vanilla_s0,1787415225,247750
es_vanilla_s0,1787415235,247750
es_vanilla_s0,1787415245,247750
es_vanilla_s0,1787415255,247750
es_vanilla_s0,1787415265,247750
es_vanilla_s0,1787415275,247750
es_vanilla_s0,1787415285,247750
es_vanilla_s0,1787415295,247750
es_vanilla_s0,1787415305,247750
es_vanilla_s0,1787415316,247750
es_vanilla_s0,1787415326,247750
es_vanilla_s0,1787415336,247750
es_vanilla_s0,1787415346,247750
es_vanilla_s0,1787415356,247750
es_vanilla_s0,1787415366,247750
es_vanilla_s0,1787415376,247750
es_vanilla_s0,1787415386,247750
es_vanilla_s0,1787415396,247750
es_vanilla_s0,1787415407,247750
es_vanilla_s0,1787415417,247750
es_vanilla_s0,1787415427,247750
es_vanilla_s0,1787415437,247750
es_vanilla_s0,1787415447,247750
es_vanilla_s0,1787415457,247750
es_vanilla_s0,1787415467,247750
es_vanilla_s0,1787415477,247750
es_vanilla_s0,1787415487,247750
es_vanilla_s0,1787415497,247750
es_vanilla_s0,1787415508,247750
es_vanilla_s0,1787415518,247750
es_vanilla_s0,1787415528,247750
es_vanilla_s0,1787415538,247750
es_vanilla_s0,1787415548,247750
es_vanilla_s0,1787415558,247750
es_vanilla_s0,1787415568,247750
es_vanilla_s0,1787415578,247750
es_vanilla_s0,1787415588,247750
es_vanilla_s0,1787415598,247750
es_vanilla_s0,1787415609,247750
es_vanilla_s0,1787415619,247750
es_vanilla_s0,1787415629,247750
es_vanilla_s0,1787415639,247750
es_vanilla_s0,1787415649,247750
es_vanilla_s0,1787415659,247750
es_vanilla_s0,1787415669,247750
es_vanilla_s0,1787415679,247750
es_vanilla_s0,1787415689,247750
es_vanilla_s0,1787415700,247750
es_vanilla_s0,1787415710,247750
es_vanilla_s0,1787415720,247750
es_vanilla_s0,1787415730,247750
es_vanilla_s0,1787415740,247750
es_vanilla_s0,1787415750,247750
es_vanilla_s0,1787415760,247750
es_vanilla_s0,1787415770,247750
es_vanilla_s0,1787415780,247750
es_vanilla_s0,1787415790,247750
es_vanilla_s0,1787415801,247750
es_vanilla_s0,1787415811,247750
es_vanilla_s0,1787415821,247750
es_vanilla_s0,1787415831,247750
es_vanilla_s0,1787415841,247750
es_vanilla_s0,1787415851,247750
es_vanilla_s0,1787415861,247750
es_vanilla_s0,1787415871,247750
es_vanilla_s0,1787415881,247750
es_vanilla_s0,1787415891,247750
es_vanilla_s0,1787415902,247750
es_vanilla_s0,1787415912,247750
es_vanilla_s0,1787415922,247750
es_vanilla_s0,1787415932,247750
es_vanilla_s0,1787415942,247750
es_vanilla_s0,1787415952,247750
es_vanilla_s0,1787415962,247750
es_vanilla_s0,1787415972,247750
es_vanilla_s0,1787415982,247750
es_vanilla_s0,1787415993,247750
es_vanilla_s0,1787416003,247750
es_vanilla_s0,1787416013,247750
es_vanilla_s0,1787416023,247750
es_vanilla_s0,1787416033,247750
es_vanilla_s0,1787416043,247750
es_vanilla_s0,1787416053,247750
es_vanilla_s0,1787416063,247750
es_vanilla_s0,1787416073,247750
es_vanilla_s0,1787416083,247750
es_vanilla_s0,1787416094,247750
es_vanilla_s0,1787416104,247750
es_vanilla_s0,1787416114,247750
es_vanilla_s0,1787416124,247750
es_vanilla_s0,1787416134,247750
es_vanilla_s0,1787416144,247750
es_vanilla_s0,1787416154,247750
es_vanilla_s0,1787416164,247750
es_vanilla_s0,1787416174,247750
es_vanilla_s0,1787416184,247750
es_vanilla_s0,1787416195,247750
es_vanilla_s0,1787416205,247750
es_vanilla_s0,1787416215,247750
es_vanilla_s0,1787416225,247750
es_vanilla_s0,1787416235,247750
es_vanilla_s0,1787416245,247750
es_vanilla_s0,1787416255,247750
es_vanilla_s0,1787416265,247750
es_vanilla_s0,1787416275,247750
es_vanilla_s0,1787416286,247750
es_vanilla_s0,1787416296,247750
es_vanilla_s0,1787416306,247750
es_vanilla_s0,1787416316,247750
es_vanilla_s0,1787416326,247750
es_vanilla_s0,1787416336,247750
es_vanilla_s0,1787416346,247750
es_vanilla_s0,1787416356,247750
es_vanilla_s0,1787416366,247750
es_vanilla_s0,1787416376,247750
es_vanilla_s0,1787416387,247750
es_vanilla_s0,1787416397,247750
es_vanilla_s0,1787416407,247750
es_vanilla_s0,1787416417,247750
es_vanilla_s0,1787416427,247750
es_vanilla_s0,1787416437,247750
es_vanilla_s0,1787416447,247750
es_vanilla_s0,1787416457,247750
es_vanilla_s0,1787416467,247750
es_vanilla_s0,1787416477,247750
es_vanilla_s0,1787416488,247750
es_vanilla_s0,1787416498,247750
es_vanilla_s0,1787416508,247750
es_vanilla_s0,1787416518,247750
es_vanilla_s0,1787416528,247750
es_vanilla_s0,1787416538,247750
es_vanilla_s0,1787416548,247750
es_vanilla_s0,1787416558,247750
es_vanilla_s0,1787416568,247750
es_vanilla_s0,1787416578,247750
es_vanilla_s0,1787416589,247750
es_vanilla_s0,1787416599,247750
es_vanilla_s0,1787416609,247750
es_vanilla_s0,1787416619,247750
es_vanilla_s0,1787416629,247750
es_vanilla_s0,1787416639,247750
es_vanilla_s0,1787416649,247750
es_vanilla_s0,1787416659,247750
es_vanilla_s0,1787416669,247750
es_vanilla_s0,1787416679,247750
es_vanilla_s0,1787416690,247750
es_vanilla_s0,1787416700,247750
es_vanilla_s0,1787416710,247750
es_vanilla_s0,1787416720,247750
es_vanilla_s0,1787416730,247750
es_vanilla_s0,1787416740,247750
es_vanilla_s0,1787416750,247750
es_vanilla_s0,1787416760,247750
es_vanilla_s0,1787416770,247750
es_vanilla_s0,1787416780,247750
es_vanilla_s0,1787416791,247750
es_vanilla_s0,1787416801,247750
es_vanilla_s0,1787416811,247750
es_vanilla_s0,1787416821,247750
es_vanilla_s0,1787416831,247750
es_vanilla_s0,1787416841,247750
es_vanilla_s0,1787416851,247750
es_vanilla_s0,1787416861,247750
es_vanilla_s0,1787416871,247750
es_vanilla_s0,1787416881,247750
es_vanilla_s0,1787416892,247750
es_vanilla_s0,1787416902,247750
es_vanilla_s0,1787416912,247750
es_vanilla_s0,1787416922,247750
es_vanilla_s0,1787416932,247750
es_vanilla_s0,1787416942,247750
es_vanilla_s0,1787416952,247750
es_vanilla_s0,1787416962,247750
es_vanilla_s0,1787416972,247750
es_vanilla_s0,1787416982,247750
es_vanilla_s0,1787416993,247750
es_vanilla_s0,1787417003,247750
es_vanilla_s0,1787417013,247750
es_vanilla_s0,1787417023,247750
es_vanilla_s0,1787417033,247750
es_vanilla_s0,1787417043,247750
es_vanilla_s0,1787417053,247750
es_vanilla_s0,1787417063,247750
es_vanilla_s0,1787417073,247750
es_vanilla_s0,1787417084,247750
es_vanilla_s0,1787417094,247750
es_vanilla_s0,1787417104,247750
es_vanilla_s0,1787417114,247750
es_vanilla_s0,1787417124,247750
es_vanilla_s0,1787417134,247750
es_vanilla_s0,1787417144,247750
es_vanilla_s0,1787417154,247750
es_vanilla_s0,1787417164,247750
es_vanilla_s0,1787417174,247750
es_vanilla_s0,1787417185,247750
es_vanilla_s0,1787417195,247750
es_vanilla_s0,1787417205,247750
es_vanilla_s0,1787417215,247750
es_vanilla_s0,1787417225,247750
es_vanilla_s0,1787417235,247750
es_vanilla_s0,1787417245,247750
es_vanilla_s0,1787417255,247750
es_vanilla_s0,1787417265,247750
es_vanilla_s0,1787417276,247750
es_vanilla_s0,1787417286,247750
es_vanilla_s0,1787417296,247750
es_vanilla_s0,1787417306,247750
es_vanilla_s0,1787417316,247750
es_vanilla_s0,1787417326,247750
es_vanilla_s0,1787417336,247750
es_vanilla_s0,1787417346,247750
es_vanilla_s0,1787417356,247750
es_vanilla_s0,1787417366,247750
es_vanilla_s0,1787417377,247750
es_vanilla_s0,1787417387,247750
es_vanilla_s0,1787417397,247750
es_vanilla_s0,1787417407,247750
es_vanilla_s0,1787417417,247750
es_vanilla_s0,1787417427,247750
es_vanilla_s0,1787417437,247750
es_vanilla_s0,1787417447,247750
es_vanilla_s0,1787417457,247750
es_vanilla_s0,1787417467,247750
es_vanilla_s0,1787417478,247750
es_vanilla_s0,1787417488,247750
es_vanilla_s0,1787417498,247750
es_vanilla_s0,1787417508,247750
es_vanilla_s0,1787417518,247750
es_vanilla_s0,1787417528,247750
es_vanilla_s0,1787417538,247750
es_vanilla_s0,1787417548,247750
es_vanilla_s0,1787417558,247750
es_vanilla_s0,1787417569,247750
es_vanilla_s0,1787417579,247750
es_vanilla_s0,1787417589,247750
es_vanilla_s0,1787417599,247750
es_vanilla_s0,1787417609,247750
es_vanilla_s0,1787417619,247750
es_vanilla_s0,1787417629,247750
es_vanilla_s0,1787417639,247750
es_vanilla_s0,1787417649,247750
es_vanilla_s0,1787417659,247750
es_vanilla_s0,1787417670,247750
es_vanilla_s0,1787417680,247750
es_vanilla_s0,1787417690,247750
es_vanilla_s0,1787417700,247750
es_vanilla_s0,1787417710,247750
es_vanilla_s0,1787417720,247750
es_vanilla_s0,1787417730,247750
es_vanilla_s0,1787417740,247750
es_vanilla_s0,1787417750,247750
es_vanilla_s0,1787417760,247750
es_vanilla_s0,1787417771,247750
es_vanilla_s0,1787417781,247750
es_vanilla_s0,1787417791,247750
es_vanilla_s0,1787417801,247750
es_vanilla_s0,1787417811,247750
es_vanilla_s0,1787417821,247750
es_vanilla_s0,1787417831,247750
es_vanilla_s0,1787417841,247750
es_vanilla_s0,1787417851,247750
es_vanilla_s0,1787417861,247750
es_vanilla_s0,1787417872,247750
es_vanilla_s0,1787417882,247750
es_vanilla_s0,1787417892,247750
es_vanilla_s0,1787417902,247750
es_vanilla_s0,1787417912,247750
es_vanilla_s0,1787417922,247750
es_vanilla_s0,1787417932,247750
es_vanilla_s0,1787417942,247750
es_vanilla_s0,1787417952,247750
es_vanilla_s0,1787417962,247750
es_vanilla_s0,1787417973,247750
es_vanilla_s0,1787417983,247750
es_vanilla_s0,1787417993,247750
es_vanilla_s0,1787418003,247750
es_vanilla_s0,1787418013,247750
es_vanilla_s0,1787418023,247750
es_vanilla_s0,1787418033,247750
es_vanilla_s0,1787418043,247750
es_vanilla_s0,1787418053,247750
es_vanilla_s0,1787418064,247750
es_vanilla_s0,1787418074,247750
es_vanilla_s0,1787418084,247750
es_vanilla_s0,1787418094,247750
es_vanilla_s0,1787418104,247750
es_vanilla_s0,1787418114,247750
es_vanilla_s0,1787418124,247750
es_vanilla_s0,1787418134,247750
es_vanilla_s0,1787418144,247750
es_vanilla_s0,1787418154,247750
es_vanilla_s0,1787418165,247750
es_vanilla_s0,1787418175,247750
es_vanilla_s0,1787418185,247750
es_vanilla_s0,1787418195,247750
es_vanilla_s0,1787418205,247750
es_vanilla_s0,1787418215,247750
es_vanilla_s0,1787418225,247750
es_vanilla_s0,1787418235,247750
es_vanilla_s0,1787418245,247750
es_vanilla_s0,1787418255,247750
es_vanilla_s0,1787418265,247750
es_vanilla_s0,1787418276,247750
es_vanilla_s0,1787418286,247750
es_vanilla_s0,1787418296,247750
es_vanilla_s0,1787418306,247750
es_vanilla_s0,1787418316,247750
es_vanilla_s0,1787418326,247750
es_vanilla_s0,1787418336,247750
es_vanilla_s0,1787418346,247750
es_vanilla_s0,1787418356,247750
es_vanilla_s0,1787418366,247750
es_vanilla_s0,1787418377,247750
es_vanilla_s0,1787418387,247750
es_vanilla_s0,1787418397,247750
es_vanilla_s0,1787418407,247750
es_vanilla_s0,1787418417,247750
es_vanilla_s0,1787418427,247750
es_vanilla_s0,1787418437,247750
es_vanilla_s0,1787418447,247750
es_vanilla_s0,1787418457,247750
es_vanilla_s0,1787418467,247750
es_vanilla_s0,1787418478,247750
es_vanilla_s0,1787418488,247750
es_vanilla_s0,1787418498,247750
es_vanilla_s0,1787418508,247750
es_vanilla_s0,1787418518,247750
es_vanilla_s0,1787418528,247750
es_vanilla_s0,1787418538,247750
es_vanilla_s0,1787418548,247750
es_vanilla_s0,1787418558,247750
es_vanilla_s0,1787418568,247750
es_vanilla_s0,1787418579,247750
es_vanilla_s0,1787418589,247750
es_vanilla_s0,1787418599,247750
es_vanilla_s0,1787418609,247750
es_vanilla_s0,1787418619,247750
es_vanilla_s0,1787418629,247750
es_vanilla_s0,1787418639,247750
es_vanilla_s0,1787418649,247750
es_vanilla_s0,1787418659,247750
es_vanilla_s0,1787418669,247750
es_vanilla_s0,1787418680,247750
es_vanilla_s0,1787418690,247750
es_vanilla_s0,1787418700,247750
es_vanilla_s0,1787418710,247750
es_vanilla_s0,1787418720,247750
es_vanilla_s0,1787418730,247750
es_vanilla_s0,1787418740,247750
es_vanilla_s0,1787418750,247750
es_vanilla_s0,1787418760,247750
es_vanilla_s0,1787418770,247750
es_vanilla_s0,1787418781,247750
es_vanilla_s0,1787418791,247750
es_vanilla_s0,1787418801,247750
es_vanilla_s0,1787418811,247750
es_vanilla_s0,1787418821,247750
es_vanilla_s0,1787418831,247750
es_vanilla_s0,1787418841,247750
es_vanilla_s0,1787418851,247750
es_vanilla_s0,1787418861,247750
es_vanilla_s0,1787418871,247750
es_vanilla_s0,1787418882,247750
es_vanilla_s0,1787418892,247750
es_vanilla_s0,1787418902,247750
es_vanilla_s0,1787418912,247750
es_vanilla_s0,1787418922,247750
es_vanilla_s0,1787418932,247750
es_vanilla_s0,1787418942,247750
es_vanilla_s0,1787418952,247750
es_vanilla_s0,1787418962,247750
es_vanilla_s0,1787418972,247750
es_vanilla_s0,1787418983,247750
es_vanilla_s0,1787418993,247750
es_vanilla_s0,1787419003,247750
es_vanilla_s0,1787419013,247750
es_vanilla_s0,1787419023,247750
es_vanilla_s0,1787419033,247750
es_vanilla_s0,1787419043,247750
es_vanilla_s0,1787419053,247750
es_vanilla_s0,1787419063,247750
es_vanilla_s0,1787419073,247750
es_vanilla_s0,1787419084,247750
es_vanilla_s0,1787419094,247750
es_vanilla_s0,1787419104,247750
es_vanilla_s0,1787419114,247750
es_vanilla_s0,1787419124,247750
es_vanilla_s0,1787419134,247750
es_vanilla_s0,1787419144,247750
es_vanilla_s0,1787419154,247750
es_vanilla_s0,1787419164,247750
es_vanilla_s0,1787419174,247750
es_vanilla_s0,1787419185,247750
es_vanilla_s0,1787419195,247750
es_vanilla_s0,1787419205,247750
es_vanilla_s0,1787419215,247750
es_vanilla_s0,1787419225,247750
es_vanilla_s0,1787419235,247750
es_vanilla_s0,1787419245,247750
es_vanilla_s0,1787419255,247750
es_vanilla_s0,1787419265,247750
es_vanilla_s0,1787419275,247750
es_vanilla_s0,1787419286,247750
es_vanilla_s0,1787419296,247750
es_vanilla_s0,1787419306,247750
es_vanilla_s0,1787419316,247750
es_vanilla_s0,1787419326,247750
es_vanilla_s0,1787419336,247750
es_vanilla_s0,1787419346,247750
es_vanilla_s0,1787419356,247750
es_vanilla_s0,1787419366,247750
es_vanilla_s0,1787419376,247750
es_vanilla_s0,1787419386,247750
es_vanilla_s0,1787419397,247750
es_vanilla_s0,1787419407,247750
es_vanilla_s0,1787419417,247750
es_vanilla_s0,1787419427,247750
es_vanilla_s0,1787419437,247750
es_vanilla_s0,1787419447,247750
es_vanilla_s0,1787419457,247750
es_vanilla_s0,1787419467,247750
es_vanilla_s0,1787419477,247750
es_vanilla_s0,1787419487,247750
es_vanilla_s0,1787419498,247750
es_vanilla_s0,1787419508,247750
es_vanilla_s0,1787419518,247750
es_vanilla_s0,1787419528,247750
es_vanilla_s0,1787419538,247750
es_vanilla_s0,1787419548,247750
es_vanilla_s0,1787419558,247750
es_vanilla_s0,1787419568,247750
es_vanilla_s0,1787419578,247750
es_vanilla_s0,1787419588,247750
es_vanilla_s0,1787419599,247750
es_vanilla_s0,1787419609,247750
es_vanilla_s0,1787419619,247750
es_vanilla_s0,1787419629,247750
es_vanilla_s0,1787419639,247750
es_vanilla_s0,1787419649,247750
es_vanilla_s0,1787419659,247750
es_vanilla_s0,1787419669,247750
es_vanilla_s0,1787419679,247750
es_vanilla_s0,1787419689,247750
es_vanilla_s0,1787419700,247750
es_vanilla_s0,1787419710,247750
es_vanilla_s0,1787419720,247750
es_vanilla_s0,1787419730,247750
es_vanilla_s0,1787419740,247750
es_vanilla_s0,1787419750,247750
es_vanilla_s0,1787419760,247750
es_vanilla_s0,1787419770,247750
es_vanilla_s0,1787419780,247750
es_vanilla_s0,1787419790,247750
es_vanilla_s0,1787419801,247750
es_vanilla_s0,1787419811,247750
es_vanilla_s0,1787419821,247750
es_vanilla_s0,1787419831,247750
es_vanilla_s0,1787419841,247750
es_vanilla_s0,1787419851,247750
es_vanilla_s0,1787419861,247750
es_vanilla_s0,1787419871,247750
es_vanilla_s0,1787419881,247750
es_vanilla_s0,1787419891,247750
es_vanilla_s0,1787419902,247750
es_vanilla_s0,1787419912,247750
es_vanilla_s0,1787419922,247750
es_vanilla_s0,1787419932,247750
es_vanilla_s0,1787419942,247750
es_vanilla_s0,1787419952,247750
es_vanilla_s0,1787419962,247750
es_vanilla_s0,1787419972,247750
es_vanilla_s0,1787419982,247750
es_vanilla_s0,1787419992,247750
es_vanilla_s0,1787420003,247750
es_vanilla_s0,1787420013,247750
es_vanilla_s0,1787420023,247750
es_vanilla_s0,1787420033,247750
es_vanilla_s0,1787420043,247750
es_vanilla_s0,1787420053,247750
es_vanilla_s0,1787420063,247750
es_vanilla_s0,1787420073,247750
es_vanilla_s0,1787420083,247750
es_vanilla_s0,1787420093,247750
es_vanilla_s0,1787420104,247750
es_vanilla_s0,1787420114,247750
es_vanilla_s0,1787420124,247750
es_vanilla_s0,1787420134,247750
es_vanilla_s0,1787420144,247750
es_vanilla_s0,1787420154,247750
es_vanilla_s0,1787420164,247750
es_vanilla_s0,1787420174,247750
es_vanilla_s0,1787420184,247750
es_vanilla_s0,1787420194,247750
es_vanilla_s0,1787420204,247750
es_vanilla_s0,1787420215,247750
es_vanilla_s0,1787420225,247750
es_vanilla_s0,1787420235,247750
es_vanilla_s0,1787420245,247750
es_vanilla_s0,1787420255,247750
es_vanilla_s0,1787420265,247750
es_vanilla_s0,1787420275,247750
es_vanilla_s0,1787420285,247750
es_vanilla_s0,1787420295,247750
es_vanilla_s0,1787420305,247750
es_vanilla_s0,1787420316,247750
es_vanilla_s0,1787420326,247750
es_vanilla_s0,1787420336,247750
es_vanilla_s0,1787420346,247750
es_vanilla_s0,1787420356,247750
es_vanilla_s0,1787420366,247750
es_vanilla_s0,1787420376,247750
es_vanilla_s0,1787420386,247750
es_vanilla_s0,1787420396,247750
es_vanilla_s0,1787420406,247750
es_vanilla_s0,1787420417,247750
es_vanilla_s0,1787420427,247750
es_vanilla_s0,1787420437,247750
es_vanilla_s0,1787420447,247750
es_vanilla_s0,1787420457,247750
es_vanilla_s0,1787420467,247750
es_vanilla_s0,1787420477,247750
es_vanilla_s0,1787420487,247750
es_vanilla_s0,1787420497,247750
es_vanilla_s0,1787420507,247750
es_vanilla_s0,1787420518,247750
es_vanilla_s0,1787420528,247750
es_vanilla_s0,1787420538,247750
es_vanilla_s0,1787420548,247750
es_vanilla_s0,1787420558,247750
es_vanilla_s0,1787420568,247750
es_vanilla_s0,1787420578,247750
es_vanilla_s0,1787420588,247750
es_vanilla_s0,1787420598,247750
es_vanilla_s0,1787420608,247750
es_vanilla_s0,1787420619,247750
es_vanilla_s0,1787420629,247750
es_vanilla_s0,1787420639,247750
es_vanilla_s0,1787420649,247750
es_vanilla_s0,1787420659,247750
es_vanilla_s0,1787420669,247750
es_vanilla_s0,1787420679,247750
es_vanilla_s0,1787420689,247750
es_vanilla_s0,1787420699,247750
es_vanilla_s0,1787420709,247750
es_vanilla_s0,1787420720,247750
es_vanilla_s0,1787420730,247750
es_vanilla_s0,1787420740,247750
es_vanilla_s0,1787420750,247750
es_vanilla_s0,1787420760,247750
es_vanilla_s0,1787420770,247750
es_vanilla_s0,1787420780,247750
es_vanilla_s0,1787420790,247750
es_vanilla_s0,1787420800,247750
es_vanilla_s0,1787420810,247750
es_vanilla_s0,1787420821,247750
es_vanilla_s0,1787420831,247750
es_vanilla_s0,1787420841,247750
es_vanilla_s0,1787420851,247750
es_vanilla_s0,1787420861,247750
es_vanilla_s0,1787420871,247750
es_vanilla_s0,1787420881,247750
es_vanilla_s0,1787420891,247750
es_vanilla_s0,1787420901,247750
es_vanilla_s0,1787420911,247750
es_vanilla_s0,1787420921,247750
es_vanilla_s0,1787420932,247750
es_vanilla_s0,1787420942,247750
es_vanilla_s0,1787420952,247750
es_vanilla_s0,1787420962,247750
es_vanilla_s0,1787420972,247750
es_vanilla_s0,1787420982,247750
es_vanilla_s0,1787420992,247750
es_vanilla_s0,1787421002,247750
es_vanilla_s0,1787421012,247750
es_vanilla_s0,1787421022,247750
es_vanilla_s0,1787421033,247750
es_vanilla_s0,1787421043,247750
es_vanilla_s0,1787421053,247750
es_vanilla_s0,1787421063,247750
es_vanilla_s0,1787421073,247750
es_vanilla_s0,1787421083,247750
es_vanilla_s0,1787421093,247750
es_vanilla_s0,1787421103,247750
es_vanilla_s0,1787421113,247750
es_vanilla_s0,1787421123,247750
es_vanilla_s0,1787421134,247750
es_vanilla_s0,1787421144,247750
es_vanilla_s0,1787421154,247750
es_vanilla_s0,1787421164,247750
es_vanilla_s0,1787421174,247750
es_vanilla_s0,1787421184,247750
es_vanilla_s0,1787421194,247750
es_vanilla_s0,1787421204,247750
es_vanilla_s0,1787421214,247750
es_vanilla_s0,1787421224,247750
es_vanilla_s0,1787421235,247750
es_vanilla_s0,1787421245,247750
es_vanilla_s0,1787421255,247750
es_vanilla_s0,1787421265,247750
es_vanilla_s0,1787421275,247750
es_vanilla_s0,1787421285,247750
es_vanilla_s0,1787421295,247750
es_vanilla_s0,1787421305,247750
es_vanilla_s0,1787421315,247750
es_vanilla_s0,1787421325,247750
es_vanilla_s0,1787421336,247750
es_vanilla_s0,1787421346,247750
es_vanilla_s0,1787421356,247750
es_vanilla_s0,1787421366,247750
es_vanilla_s0,1787421376,247750
es_vanilla_s0,1787421386,247750
es_vanilla_s0,1787421396,247750
es_vanilla_s0,1787421406,247750
es_vanilla_s0,1787421416,247750
es_vanilla_s0,1787421426,247750
es_vanilla_s0,1787421436,247750
es_vanilla_s0,1787421447,247750
es_vanilla_s0,1787421457,247750
es_vanilla_s0,1787421467,247750
es_vanilla_s0,1787421477,247750
es_vanilla_s0,1787421487,247750
es_vanilla_s0,1787421497,247750
es_vanilla_s0,1787421507,247750
es_vanilla_s0,1787421517,247750
es_vanilla_s0,1787421527,247750
es_vanilla_s0,1787421537,247750
es_vanilla_s0,1787421548,247750
es_vanilla_s0,1787421558,247750
es_vanilla_s0,1787421568,247750
es_vanilla_s0,1787421578,247750
es_vanilla_s0,1787421588,247750
es_vanilla_s0,1787421598,247750
es_vanilla_s0,1787421608,247750
es_vanilla_s0,1787421618,247750
es_vanilla_s0,1787421628,247750
es_vanilla_s0,1787421638,247750
es_vanilla_s0,1787421649,247750
es_vanilla_s0,1787421659,247750
es_vanilla_s0,1787421669,247750
es_vanilla_s0,1787421679,247750
es_vanilla_s0,1787421689,247750
es_vanilla_s0,1787421699,247750
es_vanilla_s0,1787421709,247750
es_vanilla_s0,1787421719,247750
es_vanilla_s0,1787421729,247750
es_vanilla_s0,1787421739,247750
es_vanilla_s0,1787421749,247750
es_vanilla_s0,1787421760,247750
es_vanilla_s0,1787421770,247750
es_vanilla_s0,1787421780,247750
es_vanilla_s0,1787421790,247750
es_vanilla_s0,1787421800,247750
es_vanilla_s0,1787421810,247750
es_vanilla_s0,1787421820,247750
es_vanilla_s0,1787421830,247750
es_vanilla_s0,1787421840,247750
es_vanilla_s0,1787421850,247750
es_vanilla_s0,1787421861,247750
es_vanilla_s0,1787421871,247750
es_vanilla_s0,1787421881,247750
es_vanilla_s0,1787421891,247750
es_vanilla_s0,1787421901,247750
es_vanilla_s0,1787421911,247750
es_vanilla_s0,1787421921,247750
es_vanilla_s0,1787421931,247750
es_vanilla_s0,1787421941,247750
es_vanilla_s0,1787421951,247750
es_vanilla_s0,1787421962,247750
es_vanilla_s0,1787421972,247750
es_vanilla_s0,1787421982,247750
es_vanilla_s0,1787421992,247750
es_vanilla_s0,1787422002,247750
es_vanilla_s0,1787422012,247750
es_vanilla_s0,1787422022,247750
es_vanilla_s0,1787422032,247750
es_vanilla_s0,1787422042,247750
es_vanilla_s0,1787422052,247750
es_vanilla_s0,1787422062,247750
es_vanilla_s0,1787422073,247750
es_vanilla_s0,1787422083,247750
es_vanilla_s0,1787422093,247750
es_vanilla_s0,1787422103,247750
es_vanilla_s0,1787422113,247750
es_vanilla_s0,1787422123,247750
es_vanilla_s0,1787422133,247750
es_vanilla_s0,1787422143,247750
es_vanilla_s0,1787422153,247750
es_vanilla_s0,1787422163,247750
es_vanilla_s0,1787422174,247750
es_vanilla_s0,1787422184,247750
es_vanilla_s0,1787422194,247750
es_vanilla_s0,1787422204,247750
es_vanilla_s0,1787422214,247750
es_vanilla_s0,1787422224,247750
es_vanilla_s0,1787422234,247750
es_vanilla_s0,1787422244,247750
es_vanilla_s0,1787422254,247750
es_vanilla_s0,1787422264,247750
es_vanilla_s0,1787422275,247750
es_vanilla_s0,1787422285,247750
es_vanilla_s0,1787422295,247750
es_vanilla_s0,1787422305,247750
es_vanilla_s0,1787422315,247750
es_vanilla_s0,1787422325,247750
es_vanilla_s0,1787422335,247750
es_vanilla_s0,1787422345,247750
es_vanilla_s0,1787422355,247750
es_vanilla_s0,1787422365,247750
es_vanilla_s0,1787422375,247750
es_vanilla_s0,1787422386,247750
es_vanilla_s0,1787422396,247750
es_vanilla_s0,1787422406,247750
es_vanilla_s0,1787422416,247750
es_vanilla_s0,1787422426,247750
es_vanilla_s0,1787422436,247750
es_vanilla_s0,1787422446,247750
es_vanilla_s0,1787422456,247750
es_vanilla_s0,1787422466,247750
es_vanilla_s0,1787422476,247750
es_vanilla_s0,1787422487,247750
es_vanilla_s0,1787422497,247750
es_vanilla_s0,1787422507,247750
es_vanilla_s0,1787422517,247750
es_vanilla_s0,1787422527,247750
es_vanilla_s0,1787422537,247750
es_vanilla_s0,1787422547,247750
es_vanilla_s0,1787422557,247750
es_vanilla_s0,1787422567,247750
es_vanilla_s0,1787422577,247750
es_vanilla_s0,1787422588,247750
es_vanilla_s0,1787422598,247750
es_vanilla_s0,1787422608,247750
es_vanilla_s0,1787422618,247750
es_vanilla_s0,1787422628,247750
es_vanilla_s0,1787422638,247750
es_vanilla_s0,1787422648,247750
es_vanilla_s0,1787422658,247750
es_vanilla_s0,1787422668,247750
es_vanilla_s0,1787422678,247750
es_vanilla_s0,1787422688,247750
es_vanilla_s0,1787422699,247750
es_vanilla_s0,1787422709,247750
es_vanilla_s0,1787422719,247750
es_vanilla_s0,1787422729,247750
es_vanilla_s0,1787422739,247750
es_vanilla_s0,1787422749,247750
es_vanilla_s0,1787422759,247750
es_vanilla_s0,1787422769,247750
es_vanilla_s0,1787422779,247750
es_vanilla_s0,1787422789,247750
es_vanilla_s0,1787422800,247750
es_vanilla_s0,1787422810,247750
es_vanilla_s0,1787422820,247750
es_vanilla_s0,1787422830,247750
es_vanilla_s0,1787422840,247750
es_vanilla_s0,1787422850,247750
es_vanilla_s0,1787422860,247750
es_vanilla_s0,1787422870,247750
es_vanilla_s0,1787422880,247750
es_vanilla_s0,1787422890,247750
es_vanilla_s0,1787422901,247750
es_vanilla_s0,1787422911,247750
es_vanilla_s0,1787422921,247750
es_vanilla_s0,1787422931,247750
es_vanilla_s0,1787422941,247750
es_vanilla_s0,1787422951,247750
es_vanilla_s0,1787422961,247750
es_vanilla_s0,1787422971,247750
es_vanilla_s0,1787422981,247750
es_vanilla_s0,1787422991,247750
es_vanilla_s0,1787423001,247750
es_vanilla_s0,1787423012,247750
es_vanilla_s0,1787423022,247750
es_vanilla_s0,1787423032,247750
es_vanilla_s0,1787423042,247750
es_vanilla_s0,1787423052,247750
es_vanilla_s0,1787423062,247750
es_vanilla_s0,1787423072,247750
es_vanilla_s0,1787423082,247750
es_vanilla_s0,1787423092,247750
es_vanilla_s0,1787423102,247750
es_vanilla_s0,1787423113,247750
es_vanilla_s0,1787423123,247750
es_vanilla_s0,1787423133,247750
es_vanilla_s0,1787423143,247750
es_vanilla_s0,1787423153,247750
es_vanilla_s0,1787423163,247750
es_vanilla_s0,1787423173,247750
es_vanilla_s0,1787423183,247750
es_vanilla_s0,1787423193,247750
es_vanilla_s0,1787423203,247750
es_vanilla_s0,1787423213,247750
es_vanilla_s0,1787423224,247750
es_vanilla_s0,1787423234,247750
es_vanilla_s0,1787423244,247750
es_vanilla_s0,1787423254,247750
es_vanilla_s0,1787423264,247750
es_vanilla_s0,1787423274,247750
es_vanilla_s0,1787423284,247750
es_vanilla_s0,1787423294,247750
es_vanilla_s0,1787423304,247750
es_vanilla_s0,1787423314,247750
es_vanilla_s0,1787423325,247750
es_vanilla_s0,1787423335,247750
es_vanilla_s0,1787423345,247750
es_vanilla_s0,1787423355,247750
es_vanilla_s0,1787423365,247750
es_vanilla_s0,1787423375,247750
es_vanilla_s0,1787423385,247750
es_vanilla_s0,1787423395,247750
es_vanilla_s0,1787423405,247750
es_vanilla_s0,1787423415,247750
es_vanilla_s0,1787423425,247750
es_vanilla_s0,1787423436,247750
es_vanilla_s0,1787423446,247750
es_vanilla_s0,1787423456,247750
es_vanilla_s0,1787423466,247750
es_vanilla_s0,1787423476,247750
es_vanilla_s0,1787423486,247750
es_vanilla_s0,1787423496,247750
es_vanilla_s0,1787423506,247750
es_vanilla_s0,1787423516,247750
es_vanilla_s0,1787423526,247750
es_vanilla_s0,1787423537,247750
es_vanilla_s0,1787423547,247750
es_vanilla_s0,1787423557,247750
es_vanilla_s0,1787423567,247750
es_vanilla_s0,1787423577,247750
es_vanilla_s0,1787423587,247750
es_vanilla_s0,1787423597,247750
es_vanilla_s0,1787423607,247750
es_vanilla_s0,1787423617,247750
es_vanilla_s0,1787423627,247750
es_vanilla_s0,1787423638,247750
es_vanilla_s0,1787423648,247750
es_vanilla_s0,1787423658,247750
es_vanilla_s0,1787423668,247750
es_vanilla_s0,1787423678,247750
es_vanilla_s0,1787423688,247750
es_vanilla_s0,1787423698,247750
es_vanilla_s0,1787423708,247750
es_vanilla_s0,1787423718,247750
es_vanilla_s0,1787423728,247750
es_vanilla_s0,1787423739,247750
es_vanilla_s0,1787423749,247750
es_vanilla_s0,1787423759,247750
es_vanilla_s0,1787423769,247750
es_vanilla_s0,1787423779,247750
es_vanilla_s0,1787423789,247750
es_vanilla_s0,1787423799,247750
es_vanilla_s0,1787423809,247750
es_vanilla_s0,1787423819,247750
es_vanilla_s0,1787423829,247750
es_vanilla_s0,1787423839,247750
es_vanilla_s0,1787423850,247750
es_vanilla_s0,1787423860,247750
es_vanilla_s0,1787423870,247750
es_vanilla_s0,1787423880,247750
es_vanilla_s0,1787423890,247750
es_vanilla_s0,1787423900,247750
es_vanilla_s0,1787423910,247750
es_vanilla_s0,1787423920,247750
es_vanilla_s0,1787423930,247750
es_vanilla_s0,1787423940,247750
es_vanilla_s0,1787423951,247750
es_vanilla_s0,1787423961,247750
es_vanilla_s0,1787423971,247750
es_vanilla_s0,1787423981,247750
es_vanilla_s0,1787423991,247750
es_vanilla_s0,1787424001,247750
es_vanilla_s0,1787424011,247750
es_vanilla_s0,1787424021,247750
es_vanilla_s0,1787424031,247750
es_vanilla_s0,1787424041,247750
es_vanilla_s0,1787424051,247750
es_vanilla_s0,1787424062,247750
es_vanilla_s0,1787424072,247750
es_vanilla_s0,1787424082,247750
es_vanilla_s0,1787424092,247750
es_vanilla_s0,1787424102,247750
es_vanilla_s0,1787424112,247750
es_vanilla_s0,1787424122,247750
es_vanilla_s0,1787424132,247750
es_vanilla_s0,1787424142,247750
es_vanilla_s0,1787424152,247750
es_vanilla_s0,1787424163,247750
es_vanilla_s0,1787424173,247750
es_vanilla_s0,1787424183,247750
es_vanilla_s0,1787424193,247750
es_vanilla_s0,1787424203,247750
es_vanilla_s0,1787424213,247750
es_vanilla_s0,1787424223,247750
es_vanilla_s0,1787424233,247750
es_vanilla_s0,1787424243,247750
es_vanilla_s0,1787424253,247750
es_vanilla_s0,1787424264,247750
es_vanilla_s0,1787424274,247750
es_vanilla_s0,1787424284,247750
es_vanilla_s0,1787424294,247750
es_vanilla_s0,1787424304,247750
es_vanilla_s0,1787424314,247750
es_vanilla_s0,1787424324,247750
es_vanilla_s0,1787424334,247750
es_vanilla_s0,1787424344,247750
es_vanilla_s0,1787424354,247750
es_vanilla_s0,1787424364,247750
es_vanilla_s0,1787424375,247750
es_vanilla_s0,1787424385,247750
es_vanilla_s0,1787424395,247750
es_vanilla_s0,1787424405,247750
es_vanilla_s0,1787424415,247750
es_vanilla_s0,1787424425,247750
es_vanilla_s0,1787424435,247750
es_vanilla_s0,1787424445,247750
es_vanilla_s0,1787424455,247750
es_vanilla_s0,1787424465,247750
es_vanilla_s0,1787424476,247750
es_vanilla_s0,1787424486,247750
es_vanilla_s0,1787424496,247750
es_vanilla_s0,1787424506,247750
es_vanilla_s0,1787424516,247750
es_vanilla_s0,1787424526,247750
es_vanilla_s0,1787424536,247750
es_vanilla_s0,1787424546,247750
es_vanilla_s0,1787424556,247750
es_vanilla_s0,1787424566,247750
es_vanilla_s0,1787424577,247750
es_vanilla_s0,1787424587,247750
es_vanilla_s0,1787424597,247750
es_vanilla_s0,1787424607,247750
es_vanilla_s0,1787424617,247750
es_vanilla_s0,1787424627,247750
es_vanilla_s0,1787424637,247750
es_vanilla_s0,1787424647,247750
es_vanilla_s0,1787424657,247750
es_vanilla_s0,1787424667,247750
es_vanilla_s0,1787424677,247750
es_vanilla_s0,1787424688,247750
es_vanilla_s0,1787424698,247750
es_vanilla_s0,1787424708,247750
es_vanilla_s0,1787424718,247750
es_vanilla_s0,1787424728,247750
es_vanilla_s0,1787424738,247750
es_vanilla_s0,1787424748,247750
es_vanilla_s0,1787424758,247750
es_vanilla_s0,1787424768,247750
es_vanilla_s0,1787424778,247750
es_vanilla_s0,1787424789,247750
es_vanilla_s0,1787424799,247750
es_vanilla_s0,1787424809,247750
es_vanilla_s0,1787424819,247750
es_vanilla_s0,1787424829,247750
es_vanilla_s0,1787424839,247750
es_vanilla_s0,1787424849,247750
es_vanilla_s0,1787424859,247750
es_vanilla_s0,1787424869,247750
es_vanilla_s0,1787424879,247750
es_vanilla_s0,1787424890,247750
es_vanilla_s0,1787424900,247750
es_vanilla_s0,1787424910,247750
es_vanilla_s0,1787424920,247750
es_vanilla_s0,1787424930,247750
es_vanilla_s0,1787424940,247750
es_vanilla_s0,1787424950,247750
es_vanilla_s0,1787424960,247750
es_vanilla_s0,1787424970,247750
es_vanilla_s0,1787424980,247750
es_vanilla_s0,1787424991,247750
es_vanilla_s0,1787425001,247750
es_vanilla_s0,1787425011,247750
es_vanilla_s0,1787425021,247750
es_vanilla_s0,1787425031,247750
es_vanilla_s0,1787425041,247750
es_vanilla_s0,1787425051,247750
es_vanilla_s0,1787425061,247750
es_vanilla_s0,1787425071,247750
es_vanilla_s0,1787425081,247750
es_vanilla_s0,1787425091,247750
es_vanilla_s0,1787425102,247750
es_vanilla_s0,1787425112,247750
es_vanilla_s0,1787425122,247750
es_vanilla_s0,1787425132,247750
es_vanilla_s0,1787425142,247750
es_vanilla_s0,1787425152,247750
es_vanilla_s0,1787425162,247750
es_vanilla_s0,1787425172,247750
es_vanilla_s0,1787425182,247750
es_vanilla_s0,1787425192,247750
es_vanilla_s0,1787425203,247750
es_vanilla_s0,1787425213,247750
es_vanilla_s0,1787425223,247750
es_vanilla_s0,1787425233,247750
es_vanilla_s0,1787425243,247750
es_vanilla_s0,1787425253,247750
es_vanilla_s0,1787425263,247750
es_vanilla_s0,1787425273,247750
es_vanilla_s0,1787425283,247750
es_vanilla_s0,1787425293,247750
es_vanilla_s0,1787425304,247750
es_vanilla_s0,1787425314,247750
es_vanilla_s0,1787425324,247750
es_vanilla_s0,1787425334,247750
es_vanilla_s0,1787425344,247750
es_vanilla_s0,1787425354,247750
es_vanilla_s0,1787425364,247750
es_vanilla_s0,1787425374,247750
es_vanilla_s0,1787425384,247750
es_vanilla_s0,1787425394,247750
es_vanilla_s0,1787425404,247750
es_vanilla_s0,1787425415,247750
es_vanilla_s0,1787425425,247750
es_vanilla_s0,1787425435,247750
es_vanilla_s0,1787425445,247750
es_vanilla_s0,1787425455,247750
es_vanilla_s0,1787425465,247750
es_vanilla_s0,1787425475,247750
es_vanilla_s0,1787425485,247750
es_vanilla_s0,1787425495,247750
es_vanilla_s0,1787425505,247750
es_vanilla_s0,1787425516,247750
es_vanilla_s0,1787425526,247750
es_vanilla_s0,1787425536,247750
es_vanilla_s0,1787425546,247750
es_vanilla_s0,1787425556,247750
es_vanilla_s0,1787425566,247750
es_vanilla_s0,1787425576,247750
es_vanilla_s0,1787425586,247750
es_vanilla_s0,1787425596,247750
es_vanilla_s0,1787425606,247750
es_vanilla_s0,1787425616,247750
es_vanilla_s0,1787425627,247750
es_vanilla_s0,1787425637,247750
es_vanilla_s0,1787425647,247750
es_vanilla_s0,1787425657,247750
es_vanilla_s0,1787425667,247750
es_vanilla_s0,1787425677,247750
es_vanilla_s0,1787425687,247750
es_vanilla_s0,1787425697,247750
es_vanilla_s0,1787425707,247750
es_vanilla_s0,1787425717,247750
es_vanilla_s0,1787425728,247750
es_vanilla_s0,1787425738,247750
es_vanilla_s0,1787425748,247750
es_vanilla_s0,1787425758,247750
es_vanilla_s0,1787425768,247750
es_vanilla_s0,1787425778,247750
es_vanilla_s0,1787425788,247750
es_vanilla_s0,1787425798,247750
es_vanilla_s0,1787425808,247750
es_vanilla_s0,1787425818,247750
es_vanilla_s0,1787425829,247750
es_vanilla_s0,1787425839,247750
es_vanilla_s0,1787425849,247750
es_vanilla_s0,1787425859,247750
es_vanilla_s0,1787425869,247750
es_vanilla_s0,1787425879,247750
es_vanilla_s0,1787425889,247750
es_vanilla_s0,1787425899,247750
es_vanilla_s0,1787425909,247750
es_vanilla_s0,1787425919,247750
es_vanilla_s0,1787425929,247750
es_vanilla_s0,1787425940,247750
es_vanilla_s0,1787425950,247750
es_vanilla_s0,1787425960,247750
es_vanilla_s0,1787425970,247750
es_vanilla_s0,1787425980,247750
es_vanilla_s0,1787425990,247750
es_vanilla_s0,1787426000,247750
es_vanilla_s0,1787426010,247750
es_vanilla_s0,1787426020,247750
es_vanilla_s0,1787426030,247750
es_vanilla_s0,1787426041,247750
es_vanilla_s0,1787426051,247750
es_vanilla_s0,1787426061,247750
es_vanilla_s0,1787426071,247750
es_vanilla_s0,1787426081,247750
es_vanilla_s0,1787426091,247750
es_vanilla_s0,1787426101,247750
es_vanilla_s0,1787426111,247750
es_vanilla_s0,1787426121,247750
es_vanilla_s0,1787426131,247750
es_vanilla_s0,1787426142,247750
es_vanilla_s0,1787426152,247750
es_vanilla_s0,1787426162,247750
es_vanilla_s0,1787426172,247750
es_vanilla_s0,1787426182,247750
es_vanilla_s0,1787426192,247750
es_vanilla_s0,1787426202,247750
es_vanilla_s0,1787426212,247750
es_vanilla_s0,1787426222,247750
es_vanilla_s0,1787426232,247750
es_vanilla_s0,1787426243,247750
es_vanilla_s0,1787426253,247750
es_vanilla_s0,1787426263,247750
es_vanilla_s0,1787426273,247750
es_vanilla_s0,1787426283,247750
es_vanilla_s0,1787426293,247750
es_vanilla_s0,1787426303,247750
es_vanilla_s0,1787426313,247750
es_vanilla_s0,1787426323,247750
es_vanilla_s0,1787426333,247750
es_vanilla_s0,1787426343,247750
es_vanilla_s0,1787426354,247750
es_vanilla_s0,1787426364,247750
es_vanilla_s0,1787426374,247750
es_vanilla_s0,1787426384,247750
es_vanilla_s0,1787426394,247750
es_vanilla_s0,1787426404,247750
es_vanilla_s0,1787426414,247750
es_vanilla_s0,1787426424,247750
es_vanilla_s0,1787426434,247750
es_vanilla_s0,1787426444,247750
es_vanilla_s0,1787426455,247750
es_vanilla_s0,1787426465,247750
es_vanilla_s0,1787426475,247750
es_vanilla_s0,1787426485,247750
es_vanilla_s0,1787426495,247750
es_vanilla_s0,1787426505,247750
es_vanilla_s0,1787426515,247750
es_vanilla_s0,1787426525,247750
es_vanilla_s0,1787426535,247750
es_vanilla_s0,1787426545,247750
es_vanilla_s0,1787426556,247750
es_vanilla_s0,1787426566,247750
es_vanilla_s0,1787426576,247750
es_vanilla_s0,1787426586,247750
es_vanilla_s0,1787426596,247750
es_vanilla_s0,1787426606,247750
es_vanilla_s0,1787426616,247750
es_vanilla_s0,1787426626,247750
es_vanilla_s0,1787426636,247750
es_vanilla_s0,1787426646,247750
es_vanilla_s0,1787426656,247750
es_vanilla_s0,1787426667,247750
es_vanilla_s0,1787426677,247750
es_vanilla_s0,1787426687,247750
es_vanilla_s0,1787426697,247750
es_vanilla_s0,1787426707,247750
es_vanilla_s0,1787426717,247750
es_vanilla_s0,1787426727,247750
es_vanilla_s0,1787426737,247750
es_vanilla_s0,1787426747,247750
es_vanilla_s0,1787426757,247750
es_vanilla_s0,1787426768,247750
es_vanilla_s0,1787426778,247750
es_vanilla_s0,1787426788,247750
es_vanilla_s0,1787426798,247750
es_vanilla_s0,1787426808,247750
es_vanilla_s0,1787426818,247750
es_vanilla_s0,1787426828,247750
es_vanilla_s0,1787426838,247750
es_vanilla_s0,1787426848,247750
es_vanilla_s0,1787426858,247750
es_vanilla_s0,1787426869,247750
es_vanilla_s0,1787426879,247750
es_vanilla_s0,1787426889,247750
es_vanilla_s0,1787426899,247750
es_vanilla_s0,1787426909,247750
es_vanilla_s0,1787426919,247750
es_vanilla_s0,1787426929,247750
es_vanilla_s0,1787426939,247750
es_vanilla_s0,1787426949,247750
es_vanilla_s0,1787426959,247750
es_vanilla_s0,1787426970,247750
es_vanilla_s0,1787426980,247750
es_vanilla_s0,1787426990,247750
es_vanilla_s0,1787427000,247750
es_vanilla_s0,1787427010,247750
es_vanilla_s0,1787427020,247750
es_vanilla_s0,1787427030,247750
es_vanilla_s0,1787427040,247750
es_vanilla_s0,1787427050,247750
es_vanilla_s0,1787427060,247750
es_vanilla_s0,1787427070,247750
es_vanilla_s0,1787427081,247750
es_vanilla_s0,1787427091,247750
es_vanilla_s0,1787427101,247750
es_vanilla_s0,1787427111,247750
es_vanilla_s0,1787427121,247750
es_vanilla_s0,1787427131,247750
es_vanilla_s0,1787427141,247750
es_vanilla_s0,1787427151,247750
es_vanilla_s0,1787427161,247750
es_vanilla_s0,1787427171,247750
es_vanilla_s0,1787427182,247750
es_vanilla_s0,1787427192,247750
es_vanilla_s0,1787427202,247750
es_vanilla_s0,1787427212,247750
es_vanilla_s0,1787427222,247750
es_vanilla_s0,1787427232,247750
es_vanilla_s0,1787427242,247750
es_vanilla_s0,1787427252,247750
es_vanilla_s0,1787427262,247750
es_vanilla_s0,1787427272,247750
es_vanilla_s0,1787427283,247750
es_vanilla_s0,1787427293,247750
es_vanilla_s0,1787427303,247750
es_vanilla_s0,1787427313,247750
es_vanilla_s0,1787427323,247750
es_vanilla_s0,1787427333,247750
es_vanilla_s0,1787427343,247750
es_vanilla_s0,1787427353,247750
es_vanilla_s0,1787427363,247750
es_vanilla_s0,1787427373,247750
es_vanilla_s0,1787427384,247750
es_vanilla_s0,1787427394,247750
es_vanilla_s0,1787427404,247750
es_vanilla_s0,1787427414,247750
es_vanilla_s0,1787427424,247750
es_vanilla_s0,1787427434,247750
es_vanilla_s0,1787427444,247750
es_vanilla_s0,1787427454,247750
es_vanilla_s0,1787427464,247750
es_vanilla_s0,1787427474,247750
es_vanilla_s0,1787427484,247750
es_vanilla_s0,1787427495,247750
es_vanilla_s0,1787427505,247750
es_vanilla_s0,1787427515,247750
es_vanilla_s0,1787427525,247750
es_vanilla_s0,1787427535,247750
es_vanilla_s0,1787427545,247750
es_vanilla_s0,1787427555,247750
es_vanilla_s0,1787427565,247750
es_vanilla_s0,1787427575,247750
es_vanilla_s0,1787427585,247750
es_vanilla_s0,1787427596,247750
es_vanilla_s0,1787427606,247750
es_vanilla_s0,1787427616,247750
es_vanilla_s0,1787427626,247750
es_vanilla_s0,1787427636,247750
es_vanilla_s0,1787427646,247750
es_vanilla_s0,1787427656,247750
es_vanilla_s0,1787427666,247750
es_vanilla_s0,1787427676,247750
es_vanilla_s0,1787427686,247750
es_vanilla_s0,1787427697,247750
es_vanilla_s0,1787427707,247750
es_vanilla_s0,1787427717,247750
es_vanilla_s0,1787427727,247750
es_vanilla_s0,1787427737,247750
es_vanilla_s0,1787427747,247750
es_vanilla_s0,1787427757,247750
es_vanilla_s0,1787427767,247750
es_vanilla_s0,1787427777,247750
es_vanilla_s0,1787427787,247750
es_vanilla_s0,1787427797,247750
es_vanilla_s0,1787427808,247750
es_vanilla_s0,1787427818,247750
es_vanilla_s0,1787427828,247750
es_vanilla_s0,1787427838,247750
es_vanilla_s0,1787427848,247750
es_vanilla_s0,1787427858,247750
es_vanilla_s0,1787427868,247750
es_vanilla_s0,1787427878,247750
es_vanilla_s0,1787427888,247750
es_vanilla_s0,1787427898,247750
es_vanilla_s0,1787427909,247750
es_vanilla_s0,1787427919,247750
es_vanilla_s0,1787427929,247750
es_vanilla_s0,1787427939,247750
es_vanilla_s0,1787427949,247750
es_vanilla_s0,1787427959,247750
es_vanilla_s0,1787427969,247750
es_vanilla_s0,1787427979,247750
es_vanilla_s0,1787427989,247750
es_vanilla_s0,1787427999,247750
es_vanilla_s0,1787428010,247750
es_vanilla_s0,1787428020,247750
es_vanilla_s0,1787428030,247750
es_vanilla_s0,1787428040,247750
es_vanilla_s0,1787428050,247750
es_vanilla_s0,1787428060,247750
es_vanilla_s0,1787428070,247750
es_vanilla_s0,1787428080,247750
es_vanilla_s0,1787428090,247750
es_vanilla_s0,1787428100,247750
es_vanilla_s0,1787428111,247750
es_vanilla_s0,1787428121,247750
es_vanilla_s0,1787428131,247750
es_vanilla_s0,1787428141,247750
es_vanilla_s0,1787428151,247750
es_vanilla_s0,1787428161,247750
es_vanilla_s0,1787428171,247750
es_vanilla_s0,1787428181,247750
es_vanilla_s0,1787428191,247750
es_vanilla_s0,1787428201,247750
es_vanilla_s0,1787428211,247750
es_vanilla_s0,1787428222,247750
es_vanilla_s0,1787428232,247750
es_vanilla_s0,1787428242,247750
es_vanilla_s0,1787428252,247750
es_vanilla_s0,1787428262,247750
es_vanilla_s0,1787428272,247750
es_vanilla_s0,1787428282,247750
es_vanilla_s0,1787428292,247750
es_vanilla_s0,1787428302,247750
es_vanilla_s0,1787428312,247750
es_vanilla_s0,1787428323,247750
es_vanilla_s0,1787428333,247750
es_vanilla_s0,1787428343,247750
es_vanilla_s0,1787428353,247750
es_vanilla_s0,1787428363,247750
es_vanilla_s0,1787428373,247750
es_vanilla_s0,1787428383,247750
es_vanilla_s0,1787428393,247750
es_vanilla_s0,1787428403,247750
es_vanilla_s0,1787428413,247750
es_vanilla_s0,1787428424,247750
es_vanilla_s0,1787428434,247750
es_vanilla_s0,1787428444,247750
es_vanilla_s0,1787428454,247750
es_vanilla_s0,1787428464,247750
es_vanilla_s0,1787428474,247750
es_vanilla_s0,1787428484,247750
es_vanilla_s0,1787428494,247750
es_vanilla_s0,1787428504,247750
es_vanilla_s0,1787428514,247750
es_vanilla_s0,1787428524,247750
es_vanilla_s0,1787428535,247750
es_vanilla_s0,1787428545,247750
es_vanilla_s0,1787428555,247750
es_vanilla_s0,1787428565,247750
es_vanilla_s0,1787428575,247750
es_vanilla_s0,1787428585,247750
es_vanilla_s0,1787428595,247750
es_vanilla_s0,1787428605,247750
es_vanilla_s0,1787428615,247750
es_vanilla_s0,1787428625,247750
es_vanilla_s0,1787428636,247750
es_vanilla_s0,1787428646,247750
es_vanilla_s0,1787428656,247750
es_vanilla_s0,1787428666,247750
es_vanilla_s0,1787428676,247750
es_vanilla_s0,1787428686,247750
es_vanilla_s0,1787428696,247750
es_vanilla_s0,1787428706,247750
es_vanilla_s0,1787428716,247750
es_vanilla_s0,1787428726,247750
es_vanilla_s0,1787428737,247750
es_vanilla_s0,1787428747,247750
es_vanilla_s0,1787428757,247750
es_vanilla_s0,1787428767,247750
es_vanilla_s0,1787428777,247750
es_vanilla_s0,1787428787,247750
es_vanilla_s0,1787428797,247750
es_vanilla_s0,1787428807,247750
es_vanilla_s0,1787428817,247750
es_vanilla_s0,1787428827,247750
es_vanilla_s0,1787428838,247750
es_vanilla_s0,1787428848,247750
es_vanilla_s0,1787428858,247750
es_vanilla_s0,1787428868,247750
es_vanilla_s0,1787428878,247750
es_vanilla_s0,1787428888,247750
es_vanilla_s0,1787428898,247750
es_vanilla_s0,1787428908,247750
es_vanilla_s0,1787428918,247750
es_vanilla_s0,1787428928,247750
es_vanilla_s0,1787428939,247750
es_vanilla_s0,1787428949,247750
es_vanilla_s0,1787428959,247750
es_vanilla_s0,1787428969,247750
es_vanilla_s0,1787428979,247750
es_vanilla_s0,1787428989,247750
es_vanilla_s0,1787428999,247750
es_vanilla_s0,1787429009,247750
es_vanilla_s0,1787429019,247750
es_vanilla_s0,1787429029,247750
es_vanilla_s0,1787429039,247750
es_vanilla_s0,1787429050,247750
es_vanilla_s0,1787429060,247750
es_vanilla_s0,1787429070,247750
es_vanilla_s0,1787429080,247750
es_vanilla_s0,1787429090,247750
es_vanilla_s0,1787429100,247750
es_vanilla_s0,1787429110,247750
es_vanilla_s0,1787429120,247750
es_vanilla_s0,1787429130,247750
es_vanilla_s0,1787429140,247750
es_vanilla_s0,1787429151,247750
es_vanilla_s0,1787429161,247750
es_vanilla_s0,1787429171,247750
es_vanilla_s0,1787429181,247750
es_vanilla_s0,1787429191,247750
es_vanilla_s0,1787429201,247750
es_vanilla_s0,1787429211,247750
es_vanilla_s0,1787429221,247750
es_vanilla_s0,1787429231,247750
es_vanilla_s0,1787429241,247750
es_vanilla_s0,1787429252,247750
es_vanilla_s0,1787429262,247750
es_vanilla_s0,1787429272,247750
es_vanilla_s0,1787429282,247750
es_vanilla_s0,1787429292,247750
es_vanilla_s0,1787429302,247750
es_vanilla_s0,1787429312,247750
es_vanilla_s0,1787429322,247750
es_vanilla_s0,1787429332,247750
es_vanilla_s0,1787429342,247750
es_vanilla_s0,1787429353,247750
es_vanilla_s0,1787429363,247750
es_vanilla_s0,1787429373,247750
es_vanilla_s0,1787429383,247750
es_vanilla_s0,1787429393,247750
es_vanilla_s0,1787429403,247750
es_vanilla_s0,1787429413,247750
es_vanilla_s0,1787429423,247750
es_vanilla_s0,1787429433,247750
es_vanilla_s0,1787429443,247750
es_vanilla_s0,1787429453,247750
es_vanilla_s0,1787429464,247750
es_vanilla_s0,1787429474,247750
es_vanilla_s0,1787429484,247750
es_vanilla_s0,1787429494,247750
es_vanilla_s0,1787429504,247750
es_vanilla_s0,1787429514,247750
es_vanilla_s0,1787429524,247750
es_vanilla_s0,1787429534,247750
es_vanilla_s0,1787429544,247750
es_vanilla_s0,1787429554,247750
es_vanilla_s0,1787429565,247750
es_vanilla_s0,1787429575,247750
es_vanilla_s0,1787429585,247750
es_vanilla_s0,1787429595,247750
es_vanilla_s0,1787429605,247750
es_vanilla_s0,1787429615,247750
es_vanilla_s0,1787429625,247750
es_vanilla_s0,1787429635,247750
es_vanilla_s0,1787429645,247750
es_vanilla_s0,1787429655,247750
es_vanilla_s0,1787429666,247750
es_vanilla_s0,1787429676,247750
es_vanilla_s0,1787429686,247750
es_vanilla_s0,1787429696,247750
es_vanilla_s0,1787429706,247750
es_vanilla_s0,1787429716,247750
es_vanilla_s0,1787429726,247750
es_vanilla_s0,1787429736,247750
es_vanilla_s0,1787429746,247750
es_vanilla_s0,1787429756,247750
es_vanilla_s0,1787429766,247750
es_vanilla_s0,1787429777,247750
es_vanilla_s0,1787429787,247750
es_vanilla_s0,1787429797,247750
es_vanilla_s0,1787429807,247750
es_vanilla_s0,1787429817,247750
es_vanilla_s0,1787429827,247750
es_vanilla_s0,1787429837,247750
es_vanilla_s0,1787429847,247750
es_vanilla_s0,1787429857,247750
es_vanilla_s0,1787429867,247750
es_vanilla_s0,1787429878,247750
es_vanilla_s0,1787429888,247750
es_vanilla_s0,1787429898,247750
es_vanilla_s0,1787429908,247750
es_vanilla_s0,1787429918,247750
es_vanilla_s0,1787429928,247750
es_vanilla_s0,1787429938,247750
es_vanilla_s0,1787429948,247750
es_vanilla_s0,1787429958,247750
es_vanilla_s0,1787429968,247750
es_vanilla_s0,1787429978,247750
es_vanilla_s0,1787429989,247750
es_vanilla_s0,1787429999,247750
es_vanilla_s0,1787430009,247750
es_vanilla_s0,1787430019,247750
es_vanilla_s0,1787430029,247750
es_vanilla_s0,1787430039,247750
es_vanilla_s0,1787430049,247750
es_vanilla_s0,1787430059,247750
es_vanilla_s0,1787430069,247750
es_vanilla_s0,1787430079,247750
es_vanilla_s0,1787430090,247750
es_vanilla_s0,1787430100,247750
es_vanilla_s0,1787430110,247750
es_vanilla_s0,1787430120,247750
es_vanilla_s0,1787430130,247750
es_vanilla_s0,1787430140,247750
es_vanilla_s0,1787430150,247750
es_vanilla_s0,1787430160,247750
es_vanilla_s0,1787430170,247750
es_vanilla_s0,1787430180,247750
es_vanilla_s0,1787430191,247750
es_vanilla_s0,1787430201,247750
es_vanilla_s0,1787430211,247750
es_vanilla_s0,1787430221,247750
es_vanilla_s0,1787430231,247750
es_vanilla_s0,1787430241,247750
es_vanilla_s0,1787430251,247750
es_vanilla_s0,1787430261,247750
es_vanilla_s0,1787430271,247750
es_vanilla_s0,1787430281,247750
es_vanilla_s0,1787430292,247750
es_vanilla_s0,1787430302,247750
es_vanilla_s0,1787430312,247750
es_vanilla_s0,1787430322,247750
es_vanilla_s0,1787430332,247750
es_vanilla_s0,1787430342,247750
es_vanilla_s0,1787430352,247750
es_vanilla_s0,1787430362,247750
es_vanilla_s0,1787430372,247750
es_vanilla_s0,1787430382,247750
es_vanilla_s0,1787430393,247750
es_vanilla_s0,1787430403,247750
es_vanilla_s0,1787430413,247750
es_vanilla_s0,1787430423,247750
es_vanilla_s0,1787430433,247750
es_vanilla_s0,1787430443,247750
es_vanilla_s0,1787430453,247750
es_vanilla_s0,1787430463,247750
es_vanilla_s0,1787430473,247750
es_vanilla_s0,1787430483,247750
es_vanilla_s0,1787430494,247750
es_vanilla_s0,1787430504,247750
es_vanilla_s0,1787430514,247750
es_vanilla_s0,1787430524,247750
es_vanilla_s0,1787430534,247750
es_vanilla_s0,1787430544,247750
es_vanilla_s0,1787430554,247750
es_vanilla_s0,1787430564,247750
es_vanilla_s0,1787430574,247750
es_vanilla_s0,1787430584,247750
es_vanilla_s0,1787430594,247750
es_vanilla_s0,1787430605,247750
es_vanilla_s0,1787430615,247750
es_vanilla_s0,1787430625,247750
es_vanilla_s0,1787430635,247750
es_vanilla_s0,1787430645,247750
es_vanilla_s0,1787430655,247750
es_vanilla_s0,1787430665,247750
es_vanilla_s0,1787430675,247750
es_vanilla_s0,1787430685,247750
es_vanilla_s0,1787430695,247750
es_vanilla_s0,1787430706,247750
es_vanilla_s0,1787430716,247750
es_vanilla_s0,1787430726,247750
es_vanilla_s0,1787430736,247750
es_vanilla_s0,1787430746,247750
es_vanilla_s0,1787430756,247750
es_vanilla_s0,1787430766,247750
es_vanilla_s0,1787430776,247750
es_vanilla_s0,1787430786,247750
es_vanilla_s0,1787430796,247750
es_vanilla_s0,1787430807,247750
es_vanilla_s0,1787430817,247750
es_vanilla_s0,1787430827,247750
es_vanilla_s0,1787430837,247750
es_vanilla_s0,1787430847,247750
es_vanilla_s0,1787430857,247750
es_vanilla_s0,1787430867,247750
es_vanilla_s0,1787430877,247750
es_vanilla_s0,1787430887,247750
es_vanilla_s0,1787430897,247750
es_vanilla_s0,1787430907,247750
es_vanilla_s0,1787430918,247750
es_vanilla_s0,1787430928,247750
es_vanilla_s0,1787430938,247750
es_vanilla_s0,1787430948,247750
es_vanilla_s0,1787430958,247750
es_vanilla_s0,1787430968,247750
es_vanilla_s0,1787430978,247750
es_vanilla_s0,1787430988,247750
es_vanilla_s0,1787430998,247750
es_vanilla_s0,1787431008,247750
es_vanilla_s0,1787431019,247750
es_vanilla_s0,1787431029,247750
es_vanilla_s0,1787431039,247750
es_vanilla_s0,1787431049,247750
es_vanilla_s0,1787431059,247750
es_vanilla_s0,1787431069,247750
es_vanilla_s0,1787431079,247750
es_vanilla_s0,1787431089,247750
es_vanilla_s0,1787431099,247750
es_vanilla_s0,1787431109,247750
es_vanilla_s0,1787431120,247750
es_vanilla_s0,1787431130,247750
es_vanilla_s0,1787431140,247750
es_vanilla_s0,1787431150,247750
es_vanilla_s0,1787431160,247750
es_vanilla_s0,1787431170,247750
es_vanilla_s0,1787431180,247750
es_vanilla_s0,1787431190,247750
es_vanilla_s0,1787431200,247750
es_vanilla_s0,1787431210,247750
es_vanilla_s0,1787431220,247750
es_vanilla_s0,1787431231,247750
es_vanilla_s0,1787431241,247750
es_vanilla_s0,1787431251,247750
es_vanilla_s0,1787431261,247750
es_vanilla_s0,1787431271,247750
es_vanilla_s0,1787431281,247750
es_vanilla_s0,1787431291,247750
es_vanilla_s0,1787431301,247750
es_vanilla_s0,1787431311,247750
es_vanilla_s0,1787431321,247750
es_vanilla_s0,1787431332,247750
es_vanilla_s0,1787431342,247750
es_vanilla_s0,1787431352,247750
es_vanilla_s0,1787431362,247750
es_vanilla_s0,1787431372,247750
es_vanilla_s0,1787431382,247750
es_vanilla_s0,1787431392,247750
es_vanilla_s0,1787431402,247750
es_vanilla_s0,1787431412,247750
es_vanilla_s0,1787431422,247750
es_vanilla_s0,1787431433,247750
es_vanilla_s0,1787431443,247750
es_vanilla_s0,1787431453,247750
es_vanilla_s0,1787431463,247750
es_vanilla_s0,1787431473,247750
es_vanilla_s0,1787431483,247750
es_vanilla_s0,1787431493,247750
es_vanilla_s0,1787431503,247750
es_vanilla_s0,1787431513,247750
es_vanilla_s0,1787431523,247750
es_vanilla_s0,1787431534,247750
es_vanilla_s0,1787431544,247750
es_vanilla_s0,1787431554,247750
es_vanilla_s0,1787431564,247750
es_vanilla_s0,1787431574,247750
es_vanilla_s0,1787431584,247750
es_vanilla_s0,1787431594,247750
es_vanilla_s0,1787431604,247750
es_vanilla_s0,1787431614,247750
es_vanilla_s0,1787431624,247750
es_vanilla_s0,1787431635,247750
es_vanilla_s0,1787431645,247750
es_vanilla_s0,1787431655,247750
es_vanilla_s0,1787431665,247750
es_vanilla_s0,1787431675,247750
es_vanilla_s0,1787431685,247750
es_vanilla_s0,1787431695,247750
es_vanilla_s0,1787431705,247750
es_vanilla_s0,1787431715,247750
es_vanilla_s0,1787431725,247750
es_vanilla_s0,1787431735,247750
es_vanilla_s0,1787431746,247750
es_vanilla_s0,1787431756,247750
es_vanilla_s0,1787431766,247750
es_vanilla_s0,1787431776,247750
es_vanilla_s0,1787431786,247750
es_vanilla_s0,1787431796,247750
es_vanilla_s0,1787431806,247750
es_vanilla_s0,1787431816,247750
es_vanilla_s0,1787431826,247750
es_vanilla_s0,1787431836,247750
es_vanilla_s0,1787431847,247750
es_vanilla_s0,1787431857,247750
es_vanilla_s0,1787431867,247750
es_vanilla_s0,1787431877,247750
es_vanilla_s0,1787431887,247750
es_vanilla_s0,1787431897,247750
es_vanilla_s0,1787431907,247750
es_vanilla_s0,1787431917,247750
es_vanilla_s0,1787431927,247750
es_vanilla_s0,1787431937,247750
es_vanilla_s0,1787431948,247750
es_vanilla_s0,1787431958,247750
es_vanilla_s0,1787431968,247750
es_vanilla_s0,1787431978,247750
es_vanilla_s0,1787431988,247750
es_vanilla_s0,1787431998,247750
es_vanilla_s0,1787432008,247750
es_vanilla_s0,1787432018,247750
es_vanilla_s0,1787432028,247750
es_vanilla_s0,1787432038,247750
es_vanilla_s0,1787432049,247750
es_vanilla_s0,1787432059,247750
es_vanilla_s0,1787432069,247750
es_vanilla_s0,1787432079,247750
es_vanilla_s0,1787432089,247750
es_vanilla_s0,1787432099,247750
es_vanilla_s0,1787432109,247750
es_vanilla_s0,1787432119,247750
es_vanilla_s0,1787432129,247750
es_vanilla_s0,1787432139,247750
es_vanilla_s0,1787432149,247750
es_vanilla_s0,1787432160,247750
es_vanilla_s0,1787432170,247750
es_vanilla_s0,1787432180,247750
es_vanilla_s0,1787432190,247750
es_vanilla_s0,1787432200,247750
es_vanilla_s0,1787432210,247750
es_vanilla_s0,1787432220,247750
es_vanilla_s0,1787432230,247750
es_vanilla_s0,1787432240,247750
es_vanilla_s0,1787432250,247750
es_vanilla_s0,1787432261,247750
es_vanilla_s0,1787432271,247750
es_vanilla_s0,1787432281,247750
es_vanilla_s0,1787432291,247750
es_vanilla_s0,1787432301,247750
es_vanilla_s0,1787432311,247750
es_vanilla_s0,1787432321,247750
es_vanilla_s0,1787432331,247750
es_vanilla_s0,1787432341,247750
es_vanilla_s0,1787432351,247750
es_vanilla_s0,1787432362,247750
es_vanilla_s0,1787432372,247750
es_vanilla_s0,1787432382,247750
es_vanilla_s0,1787432392,247750
es_vanilla_s0,1787432402,247750
es_vanilla_s0,1787432412,247750
es_vanilla_s0,1787432422,247750
es_vanilla_s0,1787432432,247750
es_vanilla_s0,1787432442,247750
es_vanilla_s0,1787432452,247750
es_vanilla_s0,1787432463,247750
es_vanilla_s0,1787432473,247750
es_vanilla_s0,1787432483,247750
es_vanilla_s0,1787432493,247750
es_vanilla_s0,1787432503,247750
es_vanilla_s0,1787432513,247750
es_vanilla_s0,1787432523,247750
es_vanilla_s0,1787432533,247750
es_vanilla_s0,1787432543,247750
es_vanilla_s0,1787432553,247750
es_vanilla_s0,1787432563,247750
es_vanilla_s0,1787432574,247750
es_vanilla_s0,1787432584,247750
es_vanilla_s0,1787432594,247750
es_vanilla_s0,1787432604,247750
es_vanilla_s0,1787432614,247750
es_vanilla_s0,1787432624,247750
es_vanilla_s0,1787432634,247750
es_vanilla_s0,1787432644,247750
es_vanilla_s0,1787432654,247750
es_vanilla_s0,1787432664,247750
es_vanilla_s0,1787432675,247750
es_vanilla_s0,1787432685,247750
es_vanilla_s0,1787432695,247750
es_vanilla_s0,1787432705,247750
es_vanilla_s0,1787432715,247750
es_vanilla_s0,1787432725,247750
es_vanilla_s0,1787432735,247750
es_vanilla_s0,1787432745,247750
es_vanilla_s0,1787432755,247750
es_vanilla_s0,1787432765,247750
es_vanilla_s0,1787432776,247750
es_vanilla_s0,1787432786,247750
es_vanilla_s0,1787432796,247750
es_vanilla_s0,1787432806,247750
es_vanilla_s0,1787432816,247750
es_vanilla_s0,1787432826,247750
es_vanilla_s0,1787432836,247750
es_vanilla_s0,1787432846,247750
es_vanilla_s0,1787432856,247750
es_vanilla_s0,1787432866,247750
es_vanilla_s0,1787432876,247750
es_vanilla_s0,1787432887,247750
es_vanilla_s0,1787432897,247750
es_vanilla_s0,1787432907,247750
es_vanilla_s0,1787432917,247750
es_vanilla_s0,1787432927,247750
es_vanilla_s0,1787432937,247750
es_vanilla_s0,1787432947,247750
es_vanilla_s0,1787432957,247750
es_vanilla_s0,1787432967,247750
es_vanilla_s0,1787432977,247750
es_vanilla_s0,1787432988,247750
es_vanilla_s0,1787432998,247750
es_vanilla_s0,1787433008,247750
es_vanilla_s0,1787433018,247750
es_vanilla_s0,1787433028,247750
es_vanilla_s0,1787433038,247750
es_vanilla_s0,1787433048,247750
es_vanilla_s0,1787433058,247750
es_vanilla_s0,1787433068,247750
es_vanilla_s0,1787433078,247750
es_vanilla_s0,1787433089,247750
es_vanilla_s0,1787433099,247750
es_vanilla_s0,1787433109,247750
es_vanilla_s0,1787433119,247750
es_vanilla_s0,1787433129,247750
es_vanilla_s0,1787433139,247750
es_vanilla_s0,1787433149,247750
es_vanilla_s0,1787433159,247750
es_vanilla_s0,1787433169,247750
es_vanilla_s0,1787433179,247750
es_vanilla_s0,1787433189,247750
es_vanilla_s0,1787433200,247750
es_vanilla_s0,1787433210,247750
es_vanilla_s0,1787433220,247750
es_vanilla_s0,1787433230,247750
es_vanilla_s0,1787433240,247750
es_vanilla_s0,1787433250,247750
es_vanilla_s0,1787433260,247750
es_vanilla_s0,1787433270,247750
es_vanilla_s0,1787433280,247750
es_vanilla_s0,1787433290,247750
es_vanilla_s0,1787433301,247750
es_vanilla_s0,1787433311,247750
es_vanilla_s0,1787433321,247750
es_vanilla_s0,1787433331,247750
es_vanilla_s0,1787433341,247750
es_vanilla_s0,1787433351,247750
es_vanilla_s0,1787433361,247750
es_vanilla_s0,1787433371,247750
es_vanilla_s0,1787433381,247750
es_vanilla_s0,1787433391,247750
es_vanilla_s0,1787433402,247750
es_vanilla_s0,1787433412,247750
es_vanilla_s0,1787433422,247750
es_vanilla_s0,1787433432,247750
es_vanilla_s0,1787433442,247750
es_vanilla_s0,1787433452,247750
es_vanilla_s0,1787433462,247750
es_vanilla_s0,1787433472,247750
es_vanilla_s0,1787433482,247750
es_vanilla_s0,1787433492,247750
es_vanilla_s0,1787433502,247750
es_vanilla_s0,1787433513,247750
es_vanilla_s0,1787433523,247750
es_vanilla_s0,1787433533,247750
es_vanilla_s0,1787433543,247750
es_vanilla_s0,1787433553,247750
es_vanilla_s0,1787433563,247750
es_vanilla_s0,1787433573,247750
es_vanilla_s0,1787433583,247750
es_vanilla_s0,1787433593,247750
es_vanilla_s0,1787433603,247750
es_vanilla_s0,1787433614,247750
es_vanilla_s0,1787433624,247750
es_vanilla_s0,1787433634,247750
es_vanilla_s0,1787433644,247750
es_vanilla_s0,1787433654,247750
es_vanilla_s0,1787433664,247750
es_vanilla_s0,1787433674,247750
es_vanilla_s0,1787433684,247750
es_vanilla_s0,1787433694,247750
es_vanilla_s0,1787433704,247750
es_vanilla_s0,1787433714,247750
es_vanilla_s0,1787433725,247750
es_vanilla_s0,1787433735,247750
es_vanilla_s0,1787433745,247750
es_vanilla_s0,1787433755,247750
es_vanilla_s0,1787433765,247750
es_vanilla_s0,1787433775,247750
es_vanilla_s0,1787433785,247750
es_vanilla_s0,1787433795,247750
es_vanilla_s0,1787433805,247750
es_vanilla_s0,1787433815,247750
es_vanilla_s0,1787433826,247750
es_vanilla_s0,1787433836,247750
es_vanilla_s0,1787433846,247750
es_vanilla_s0,1787433856,247750
es_vanilla_s0,1787433866,247750
es_vanilla_s0,1787433876,247750
es_vanilla_s0,1787433886,247750
es_vanilla_s0,1787433896,247750
es_vanilla_s0,1787433906,247750
es_vanilla_s0,1787433916,247750
es_vanilla_s0,1787433927,247750
es_vanilla_s0,1787433937,247750
es_vanilla_s0,1787433947,247750
es_vanilla_s0,1787433957,247750
es_vanilla_s0,1787433967,247750
es_vanilla_s0,1787433977,247750
es_vanilla_s0,1787433987,247750
es_vanilla_s0,1787433997,247750
es_vanilla_s0,1787434007,247750
es_vanilla_s0,1787434017,247750
es_vanilla_s0,1787434027,247750
es_vanilla_s0,1787434038,247750
es_vanilla_s0,1787434048,247750
es_vanilla_s0,1787434058,247750
es_vanilla_s0,1787434068,247750
es_vanilla_s0,1787434078,247750
es_vanilla_s0,1787434088,247750
es_vanilla_s0,1787434098,247750
es_vanilla_s0,1787434108,247750
es_vanilla_s0,1787434118,247750
es_vanilla_s0,1787434128,247750
es_vanilla_s0,1787434139,247750
es_vanilla_s0,1787434149,247750
es_vanilla_s0,1787434159,247750
es_vanilla_s0,1787434169,247750
es_vanilla_s0,1787434179,247750
es_vanilla_s0,1787434189,247750
es_vanilla_s0,1787434199,247750
es_vanilla_s0,1787434209,247750
es_vanilla_s0,1787434219,247750
es_vanilla_s0,1787434229,247750
es_vanilla_s0,1787434239,247750
es_vanilla_s0,1787434250,247750
es_vanilla_s0,1787434260,247750
es_vanilla_s0,1787434270,247750
es_vanilla_s0,1787434280,247750
es_vanilla_s0,1787434290,247750
es_vanilla_s0,1787434300,247750
es_vanilla_s0,1787434310,247750
es_vanilla_s0,1787434320,247750
es_vanilla_s0,1787434330,247750
es_vanilla_s0,1787434340,247750
es_vanilla_s0,1787434351,247750
es_vanilla_s0,1787434361,247750
es_vanilla_s0,1787434371,247750
es_vanilla_s0,1787434381,247750
es_vanilla_s0,1787434391,247750
es_vanilla_s0,1787434401,247750
es_vanilla_s0,1787434411,247750
es_vanilla_s0,1787434421,247750
es_vanilla_s0,1787434431,247750
es_vanilla_s0,1787434441,247750
es_vanilla_s0,1787434452,247750
es_vanilla_s0,1787434462,247750
es_vanilla_s0,1787434472,247750
es_vanilla_s0,1787434482,247750
es_vanilla_s0,1787434492,247750
es_vanilla_s0,1787434502,247750
es_vanilla_s0,1787434512,247750
es_vanilla_s0,1787434522,247750
es_vanilla_s0,1787434532,247750
es_vanilla_s0,1787434542,247750
es_vanilla_s0,1787434553,247750
es_vanilla_s0,1787434563,247750
es_vanilla_s0,1787434573,247750
es_vanilla_s0,1787434583,247750
es_vanilla_s0,1787434593,247750
es_vanilla_s0,1787434603,247750
es_vanilla_s0,1787434613,247750
es_vanilla_s0,1787434623,247750
es_vanilla_s0,1787434633,247750
es_vanilla_s0,1787434643,247750
es_vanilla_s0,1787434653,247750
es_vanilla_s0,1787434664,247750
es_vanilla_s0,1787434674,247750
es_vanilla_s0,1787434684,247750
es_vanilla_s0,1787434694,247750
es_vanilla_s0,1787434704,247750
es_vanilla_s0,1787434714,247750
es_vanilla_s0,1787434724,247750
es_vanilla_s0,1787434734,247750
es_vanilla_s0,1787434744,247750
es_vanilla_s0,1787434754,247750
es_vanilla_s0,1787434765,247750
es_vanilla_s0,1787434775,247750
es_vanilla_s0,1787434785,247750
es_vanilla_s0,1787434795,247750
es_vanilla_s0,1787434805,247750
es_vanilla_s0,1787434815,247750
es_vanilla_s0,1787434825,247750
es_vanilla_s0,1787434835,247750
es_vanilla_s0,1787434845,247750
es_vanilla_s0,1787434855,247750
es_vanilla_s0,1787434866,247750
es_vanilla_s0,1787434876,247750
es_vanilla_s0,1787434886,247750
es_vanilla_s0,1787434896,247750
es_vanilla_s0,1787434906,247750
es_vanilla_s0,1787434916,247750
es_vanilla_s0,1787434926,247750
es_vanilla_s0,1787434936,247750
es_vanilla_s0,1787434946,247750
es_vanilla_s0,1787434956,247750
es_vanilla_s0,1787434967,247750
es_vanilla_s0,1787434977,247750
es_vanilla_s0,1787434987,247750
es_vanilla_s0,1787434997,247750
es_vanilla_s0,1787435007,247750
es_vanilla_s0,1787435017,247750
es_vanilla_s0,1787435027,247750
es_vanilla_s0,1787435037,247750
es_vanilla_s0,1787435047,247750
es_vanilla_s0,1787435057,247750
es_vanilla_s0,1787435067,247750
es_vanilla_s0,1787435078,247750
es_vanilla_s0,1787435088,247750
es_vanilla_s0,1787435098,247750
es_vanilla_s0,1787435108,247750
es_vanilla_s0,1787435118,247750
es_vanilla_s0,1787435128,247750
es_vanilla_s0,1787435138,247750
es_vanilla_s0,1787435148,247750
es_vanilla_s0,1787435158,247750
es_vanilla_s0,1787435168,247750
es_vanilla_s0,1787435179,247750
es_vanilla_s0,1787435189,247750
es_vanilla_s0,1787435199,247750
es_vanilla_s0,1787435209,247750
es_vanilla_s0,1787435219,247750
es_vanilla_s0,1787435229,247750
es_vanilla_s0,1787435239,247750
es_vanilla_s0,1787435249,247750
es_vanilla_s0,1787435259,247750
es_vanilla_s0,1787435269,247750
es_vanilla_s0,1787435280,247750
es_vanilla_s0,1787435290,247750
es_vanilla_s0,1787435300,247750
es_vanilla_s0,1787435310,247750
es_vanilla_s0,1787435320,247750
es_vanilla_s0,1787435330,247750
es_vanilla_s0,1787435340,247750
es_vanilla_s0,1787435350,247750
es_vanilla_s0,1787435360,247750
es_vanilla_s0,1787435370,247750
es_vanilla_s0,1787435381,247750
es_vanilla_s0,1787435391,247750
es_vanilla_s0,1787435401,247750
es_vanilla_s0,1787435411,247750
es_vanilla_s0,1787435421,247750
es_vanilla_s0,1787435431,247750
es_vanilla_s0,1787435441,247750
es_vanilla_s0,1787435451,247750
es_vanilla_s0,1787435461,247750
es_vanilla_s0,1787435471,247750
es_vanilla_s0,1787435481,247750
es_vanilla_s0,1787435492,247750
es_vanilla_s0,1787435502,247750
es_vanilla_s0,1787435512,247750
es_vanilla_s0,1787435522,247750
es_vanilla_s0,1787435532,247750
es_vanilla_s0,1787435542,247750
es_vanilla_s0,1787435552,247750
es_vanilla_s0,1787435562,247750
es_vanilla_s0,1787435572,247750
es_vanilla_s0,1787435582,247750
es_vanilla_s0,1787435593,247750
es_vanilla_s0,1787435603,247750
es_vanilla_s0,1787435613,247750
es_vanilla_s0,1787435623,247750
es_vanilla_s0,1787435633,247750
es_vanilla_s0,1787435643,247750
es_vanilla_s0,1787435653,247750
es_vanilla_s0,1787435663,247750
es_vanilla_s0,1787435673,247750
es_vanilla_s0,1787435683,247750
es_vanilla_s0,1787435694,247750
es_vanilla_s0,1787435704,247750
es_vanilla_s0,1787435714,247750
es_vanilla_s0,1787435724,247750
es_vanilla_s0,1787435734,247750
es_vanilla_s0,1787435744,247750
es_vanilla_s0,1787435754,247750
es_vanilla_s0,1787435764,247750
es_vanilla_s0,1787435774,247750
es_vanilla_s0,1787435784,247750
es_vanilla_s0,1787435795,247750
es_vanilla_s0,1787435805,247750
es_vanilla_s0,1787435815,247750
es_vanilla_s0,1787435825,247750
es_vanilla_s0,1787435835,247750
es_vanilla_s0,1787435845,247750
es_vanilla_s0,1787435855,247750
es_vanilla_s0,1787435865,247750
es_vanilla_s0,1787435875,247750
es_vanilla_s0,1787435885,247750
es_vanilla_s0,1787435896,247750
es_vanilla_s0,1787435906,247750
es_vanilla_s0,1787435916,247750
es_vanilla_s0,1787435926,247750
es_vanilla_s0,1787435936,247750
es_vanilla_s0,1787435946,247750
es_vanilla_s0,1787435956,247750
es_vanilla_s0,1787435966,247750
es_vanilla_s0,1787435976,247750
es_vanilla_s0,1787435986,247750
es_vanilla_s0,1787435996,247750
es_vanilla_s0,1787436007,247750
es_vanilla_s0,1787436017,247750
es_vanilla_s0,1787436027,247750
es_vanilla_s0,1787436037,247750
es_vanilla_s0,1787436047,247750
es_vanilla_s0,1787436057,247750
es_vanilla_s0,1787436067,247750
es_vanilla_s0,1787436077,247750
es_vanilla_s0,1787436087,247750
es_vanilla_s0,1787436097,247750
es_vanilla_s0,1787436108,247750
es_vanilla_s0,1787436118,247750
es_vanilla_s0,1787436128,247750
es_vanilla_s0,1787436138,247750
es_vanilla_s0,1787436148,247750
es_vanilla_s0,1787436158,247750
es_vanilla_s0,1787436168,247750
es_vanilla_s0,1787436178,247750
es_vanilla_s0,1787436188,247750
es_vanilla_s0,1787436198,247750
es_vanilla_s0,1787436209,247750
es_vanilla_s0,1787436219,247750
es_vanilla_s0,1787436229,247750
es_vanilla_s0,1787436239,247750
es_vanilla_s0,1787436249,247750
es_vanilla_s0,1787436259,247750
es_vanilla_s0,1787436269,247750
es_vanilla_s0,1787436279,247750
es_vanilla_s0,1787436289,247750
es_vanilla_s0,1787436299,247750
es_vanilla_s0,1787436309,247750
es_vanilla_s0,1787436320,247750
es_vanilla_s0,1787436330,247750
es_vanilla_s0,1787436340,247750
es_vanilla_s0,1787436350,247750
es_vanilla_s0,1787436360,247750
es_vanilla_s0,1787436370,247750
es_vanilla_s0,1787436380,247750
es_vanilla_s0,1787436390,247750
es_vanilla_s0,1787436400,247750
es_vanilla_s0,1787436410,247750
es_vanilla_s0,1787436421,247750
es_vanilla_s0,1787436431,247750
es_vanilla_s0,1787436441,247750
es_vanilla_s0,1787436451,247750
es_vanilla_s0,1787436461,247750
es_vanilla_s0,1787436471,247750
es_vanilla_s0,1787436481,247750
es_vanilla_s0,1787436491,247750
es_vanilla_s0,1787436501,247750
es_vanilla_s0,1787436511,247750
es_vanilla_s0,1787436522,247750
es_vanilla_s0,1787436532,247750
es_vanilla_s0,1787436542,247750
es_vanilla_s0,1787436552,247750
es_vanilla_s0,1787436562,247750
es_vanilla_s0,1787436572,247750
es_vanilla_s0,1787436582,247750
es_vanilla_s0,1787436592,247750
es_vanilla_s0,1787436602,247750
es_vanilla_s0,1787436612,247750
es_vanilla_s0,1787436623,247750
es_vanilla_s0,1787436633,247750
es_vanilla_s0,1787436643,247750
es_vanilla_s0,1787436653,247750
es_vanilla_s0,1787436663,247750
es_vanilla_s0,1787436673,247750
es_vanilla_s0,1787436683,247750
es_vanilla_s0,1787436693,247750
es_vanilla_s0,1787436703,247750
es_vanilla_s0,1787436713,247750
es_vanilla_s0,1787436724,247750
es_vanilla_s0,1787436734,247750
es_vanilla_s0,1787436744,247750
es_vanilla_s0,1787436754,247750
es_vanilla_s0,1787436764,247750
es_vanilla_s0,1787436774,247750
es_vanilla_s0,1787436784,247750
es_vanilla_s0,1787436794,247750
es_vanilla_s0,1787436804,247750
es_vanilla_s0,1787436814,247750
es_vanilla_s0,1787436825,247750
es_vanilla_s0,1787436835,247750
es_vanilla_s0,1787436845,247750
es_vanilla_s0,1787436855,247750
es_vanilla_s0,1787436865,247750
es_vanilla_s0,1787436875,247750
es_vanilla_s0,1787436885,247750
es_vanilla_s0,1787436895,247750
es_vanilla_s0,1787436905,247750
es_vanilla_s0,1787436915,247750
es_vanilla_s0,1787436925,247750
es_vanilla_s0,1787436936,247750
es_vanilla_s0,1787436946,247750
es_vanilla_s0,1787436956,247750
es_vanilla_s0,1787436966,247750
es_vanilla_s0,1787436976,247750
es_vanilla_s0,1787436986,247750
es_vanilla_s0,1787436996,247750
es_vanilla_s0,1787437006,247750
es_vanilla_s0,1787437016,247750
es_vanilla_s0,1787437026,247750
es_vanilla_s0,1787437037,247750
es_vanilla_s0,1787437047,247750
es_vanilla_s0,1787437057,247750
es_vanilla_s0,1787437067,247750
es_vanilla_s0,1787437077,247750
es_vanilla_s0,1787437087,247750
es_vanilla_s0,1787437097,247750
es_vanilla_s0,1787437107,247750
es_vanilla_s0,1787437117,247750
es_vanilla_s0,1787437127,247750
es_vanilla_s0,1787437138,247750
es_vanilla_s0,1787437148,247750
es_vanilla_s0,1787437158,247750
es_vanilla_s0,1787437168,247750
es_vanilla_s0,1787437178,247750
es_vanilla_s0,1787437188,247750
es_vanilla_s0,1787437198,247750
es_vanilla_s0,1787437208,247750
es_vanilla_s0,1787437218,247750
es_vanilla_s0,1787437228,247750
es_vanilla_s0,1787437239,247750
es_vanilla_s0,1787437249,247750
es_vanilla_s0,1787437259,247750
es_vanilla_s0,1787437269,247750
es_vanilla_s0,1787437279,247750
es_vanilla_s0,1787437289,247750
es_vanilla_s0,1787437299,247750
es_vanilla_s0,1787437309,247750
es_vanilla_s0,1787437319,247750
es_vanilla_s0,1787437329,247750
es_vanilla_s0,1787437339,247750
es_vanilla_s0,1787437350,247750
es_vanilla_s0,1787437360,247750
es_vanilla_s0,1787437370,247750
es_vanilla_s0,1787437380,247750
es_vanilla_s0,1787437390,247750
es_vanilla_s0,1787437400,247750
es_vanilla_s0,1787437410,247750
es_vanilla_s0,1787437420,247750
es_vanilla_s0,1787437430,247750
es_vanilla_s0,1787437440,247750
es_vanilla_s0,1787437451,247750
es_vanilla_s0,1787437461,247750
es_vanilla_s0,1787437471,247750
es_vanilla_s0,1787437481,247750
es_vanilla_s0,1787437491,247750
es_vanilla_s0,1787437501,247750
es_vanilla_s0,1787437511,247750
es_vanilla_s0,1787437521,247750
es_vanilla_s0,1787437531,247750
es_vanilla_s0,1787437541,247750
es_vanilla_s0,1787437552,247750
es_vanilla_s0,1787437562,247750
es_vanilla_s0,1787437572,247750
es_vanilla_s0,1787437582,247750
es_vanilla_s0,1787437592,247750
es_vanilla_s0,1787437602,247750
es_vanilla_s0,1787437612,247750
es_vanilla_s0,1787437622,247750
es_vanilla_s0,1787437632,247750
es_vanilla_s0,1787437642,247750
es_vanilla_s0,1787437653,247750
es_vanilla_s0,1787437663,247750
es_vanilla_s0,1787437673,247750
es_vanilla_s0,1787437683,247750
es_vanilla_s0,1787437693,247750
es_vanilla_s0,1787437703,247750
es_vanilla_s0,1787437713,247750
es_vanilla_s0,1787437723,247750
es_vanilla_s0,1787437733,247750
es_vanilla_s0,1787437743,247750
es_vanilla_s0,1787437753,247750
es_vanilla_s0,1787437764,247750
es_vanilla_s0,1787437774,247750
es_vanilla_s0,1787437784,247750
es_vanilla_s0,1787437794,247750
es_vanilla_s0,1787437804,247750
es_vanilla_s0,1787437814,247750
es_vanilla_s0,1787437824,247750
es_vanilla_s0,1787437834,247750
es_vanilla_s0,1787437844,247750
es_vanilla_s0,1787437854,247750
es_vanilla_s0,1787437865,247750
es_vanilla_s0,1787437875,247750
es_vanilla_s0,1787437885,247750
es_vanilla_s0,1787437895,247750
es_vanilla_s0,1787437905,247750
es_vanilla_s0,1787437915,247750
es_vanilla_s0,1787437925,247750
es_vanilla_s0,1787437935,247750
es_vanilla_s0,1787437945,247750
es_vanilla_s0,1787437955,247750
es_vanilla_s0,1787437966,247750
es_vanilla_s0,1787437976,247750
es_vanilla_s0,1787437986,247750
es_vanilla_s0,1787437996,247750
es_vanilla_s0,1787438006,247750
es_vanilla_s0,1787438016,247750
es_vanilla_s0,1787438026,247750
es_vanilla_s0,1787438036,247750
es_vanilla_s0,1787438046,247750
es_vanilla_s0,1787438056,247750
es_vanilla_s0,1787438067,247750
es_vanilla_s0,1787438077,247750
es_vanilla_s0,1787438087,247750
es_vanilla_s0,1787438097,247750
es_vanilla_s0,1787438107,247750
es_vanilla_s0,1787438117,247750
es_vanilla_s0,1787438127,247750
es_vanilla_s0,1787438137,247750
es_vanilla_s0,1787438147,247750
es_vanilla_s0,1787438157,247750
es_vanilla_s0,1787438168,247750
es_vanilla_s0,1787438178,247750
es_vanilla_s0,1787438188,247750
es_vanilla_s0,1787438198,247750
es_vanilla_s0,1787438208,247750
es_vanilla_s0,1787438218,247750
es_vanilla_s0,1787438228,247750
es_vanilla_s0,1787438238,247750
es_vanilla_s0,1787438248,247750
es_vanilla_s0,1787438258,247750
es_vanilla_s0,1787438269,247750
es_vanilla_s0,1787438279,247750
es_vanilla_s0,1787438289,247750
es_vanilla_s0,1787438299,247750
es_vanilla_s0,1787438309,247750
es_vanilla_s0,1787438319,247750
es_vanilla_s0,1787438329,247750
es_vanilla_s0,1787438339,247750
es_vanilla_s0,1787438349,247750
es_vanilla_s0,1787438359,247750
es_vanilla_s0,1787438369,247750
es_vanilla_s0,1787438380,247750
es_vanilla_s0,1787438390,247750
es_vanilla_s0,1787438400,247750
es_vanilla_s0,1787438410,247750
es_vanilla_s0,1787438420,247750
es_vanilla_s0,1787438430,247750
es_vanilla_s0,1787438440,247750
es_vanilla_s0,1787438450,247750
es_vanilla_s0,1787438460,247750
es_vanilla_s0,1787438470,247750
es_vanilla_s0,1787438481,247750
es_vanilla_s0,1787438491,247750
es_vanilla_s0,1787438501,247750
es_vanilla_s0,1787438511,247750
es_vanilla_s0,1787438521,247750
es_vanilla_s0,1787438531,247750
es_vanilla_s0,1787438541,247750
es_vanilla_s0,1787438551,247750
es_vanilla_s0,1787438561,247750
es_vanilla_s0,1787438571,247750
es_vanilla_s0,1787438582,247750
es_vanilla_s0,1787438592,247750
es_vanilla_s0,1787438602,247750
es_vanilla_s0,1787438612,247750
es_vanilla_s0,1787438622,247750
es_vanilla_s0,1787438632,247750
es_vanilla_s0,1787438642,247750
es_vanilla_s0,1787438652,247750
es_vanilla_s0,1787438662,247750
es_vanilla_s0,1787438672,247750
es_vanilla_s0,1787438683,247750
es_vanilla_s0,1787438693,247750
es_vanilla_s0,1787438703,247750
es_vanilla_s0,1787438713,247750
es_vanilla_s0,1787438723,247750
es_vanilla_s0,1787438733,247750
es_vanilla_s0,1787438743,247750
es_vanilla_s0,1787438753,247750
es_vanilla_s0,1787438763,247750
es_vanilla_s0,1787438773,247750
es_vanilla_s0,1787438783,247750
es_vanilla_s0,1787438794,247750
es_vanilla_s0,1787438804,247750
es_vanilla_s0,1787438814,247750
es_vanilla_s0,1787438824,247750
es_vanilla_s0,1787438834,247750
es_vanilla_s0,1787438844,247750
es_vanilla_s0,1787438854,247750
es_vanilla_s0,1787438864,247750
es_vanilla_s0,1787438874,247750
es_vanilla_s0,1787438884,247750
es_vanilla_s0,1787438895,247750
es_vanilla_s0,1787438905,247750
es_vanilla_s0,1787438915,247750
es_vanilla_s0,1787438925,247750
es_vanilla_s0,1787438935,247750
es_vanilla_s0,1787438945,247750
es_vanilla_s0,1787438955,247750
es_vanilla_s0,1787438965,247750
es_vanilla_s0,1787438975,247750
es_vanilla_s0,1787438985,247750
es_vanilla_s0,1787438996,247750
es_vanilla_s0,1787439006,247750
es_vanilla_s0,1787439016,247750
es_vanilla_s0,1787439026,247750
es_vanilla_s0,1787439036,247750
es_vanilla_s0,1787439046,247750
es_vanilla_s0,1787439056,247750
es_vanilla_s0,1787439066,247750
es_vanilla_s0,1787439076,247750
es_vanilla_s0,1787439086,247750
es_vanilla_s0,1787439097,247750
es_vanilla_s0,1787439107,247750
es_vanilla_s0,1787439117,247750
es_vanilla_s0,1787439127,247750
es_vanilla_s0,1787439137,247750
es_vanilla_s0,1787439147,247750
es_vanilla_s0,1787439157,247750
es_vanilla_s0,1787439167,247750
es_vanilla_s0,1787439177,247750
es_vanilla_s0,1787439187,247750
es_vanilla_s0,1787439198,247750
es_vanilla_s0,1787439208,247750
es_vanilla_s0,1787439218,247750
es_vanilla_s0,1787439228,247750
es_vanilla_s0,1787439238,247750
es_vanilla_s0,1787439248,247750
es_vanilla_s0,1787439258,247750
es_vanilla_s0,1787439268,247750
es_vanilla_s0,1787439278,247750
es_vanilla_s0,1787439288,247750
es_vanilla_s0,1787439298,247750
es_vanilla_s0,1787439309,247750
es_vanilla_s0,1787439319,247750
es_vanilla_s0,1787439329,247750
es_vanilla_s0,1787439339,247750
es_vanilla_s0,1787439349,247750
es_vanilla_s0,1787439359,247750
es_vanilla_s0,1787439369,247750
es_vanilla_s0,1787439379,247750
es_vanilla_s0,1787439389,247750
es_vanilla_s0,1787439399,247750
es_vanilla_s0,1787439410,247750
es_vanilla_s0,1787439420,247750
es_vanilla_s0,1787439430,247750
es_vanilla_s0,1787439440,247750
es_vanilla_s0,1787439450,247750
es_vanilla_s0,1787439460,247750
es_vanilla_s0,1787439470,247750
es_vanilla_s0,1787439480,247750
es_vanilla_s0,1787439490,247750
es_vanilla_s0,1787439500,247750
es_vanilla_s0,1787439511,247750
es_vanilla_s0,1787439521,247750
es_vanilla_s0,1787439531,247750
es_vanilla_s0,1787439541,247750
es_vanilla_s0,1787439551,247750
es_vanilla_s0,1787439561,247750
es_vanilla_s0,1787439571,247750
es_vanilla_s0,1787439581,247750
es_vanilla_s0,1787439591,247750
es_vanilla_s0,1787439601,247750
es_vanilla_s0,1787439612,247750
es_vanilla_s0,1787439622,247750
es_vanilla_s0,1787439632,247750
es_vanilla_s0,1787439642,247750
es_vanilla_s0,1787439652,247750
es_vanilla_s0,1787439662,247750
es_vanilla_s0,1787439672,247750
es_vanilla_s0,1787439682,247750
es_vanilla_s0,1787439692,247750
es_vanilla_s0,1787439702,247750
es_vanilla_s0,1787439713,247750
es_vanilla_s0,1787439723,247750
es_vanilla_s0,1787439733,247750
es_vanilla_s0,1787439743,247750
es_vanilla_s0,1787439753,247750
es_vanilla_s0,1787439763,247750
es_vanilla_s0,1787439773,247750
es_vanilla_s0,1787439783,247750
es_vanilla_s0,1787439793,247750
es_vanilla_s0,1787439803,247750
es_vanilla_s0,1787439814,247750
es_vanilla_s0,1787439824,247750
es_vanilla_s0,1787439834,247750
es_vanilla_s0,1787439844,247750
es_vanilla_s0,1787439854,247750
es_vanilla_s0,1787439864,247750
es_vanilla_s0,1787439874,247750
es_vanilla_s0,1787439884,247750
es_vanilla_s0,1787439894,247750
es_vanilla_s0,1787439904,247750
es_vanilla_s0,1787439915,247750
es_vanilla_s0,1787439925,247750
es_vanilla_s0,1787439935,247750
es_vanilla_s0,1787439945,247750
es_vanilla_s0,1787439955,247750
es_vanilla_s0,1787439965,247750
es_vanilla_s0,1787439975,247750
es_vanilla_s0,1787439985,247750
es_vanilla_s0,1787439995,247750
es_vanilla_s0,1787440005,247750
es_vanilla_s0,1787440016,247750
es_vanilla_s0,1787440026,247750
es_vanilla_s0,1787440036,247750
es_vanilla_s0,1787440046,247750
es_vanilla_s0,1787440056,247750
es_vanilla_s0,1787440066,247750
es_vanilla_s0,1787440076,247750
es_vanilla_s0,1787440086,247750
es_vanilla_s0,1787440096,247750
es_vanilla_s0,1787440106,247750
es_vanilla_s0,1787440116,247750
es_vanilla_s0,1787440127,247750
es_vanilla_s0,1787440137,247750
es_vanilla_s0,1787440147,247750
es_vanilla_s0,1787440157,247750
es_vanilla_s0,1787440167,247750
es_vanilla_s0,1787440177,247750
es_vanilla_s0,1787440187,247750
es_vanilla_s0,1787440197,247750
es_vanilla_s0,1787440207,247750
es_vanilla_s0,1787440217,247750
es_vanilla_s0,1787440228,247750
es_vanilla_s0,1787440238,247750
es_vanilla_s0,1787440248,247750
es_vanilla_s0,1787440258,247750
es_vanilla_s0,1787440268,247750
es_vanilla_s0,1787440278,247750
es_vanilla_s0,1787440288,247750
es_vanilla_s0,1787440298,247750
es_vanilla_s0,1787440308,247750
es_vanilla_s0,1787440318,247750
es_vanilla_s0,1787440329,247750
es_vanilla_s0,1787440339,247750
es_vanilla_s0,1787440349,247750
es_vanilla_s0,1787440359,247750
es_vanilla_s0,1787440369,247750
es_vanilla_s0,1787440379,247750
es_vanilla_s0,1787440389,247750
es_vanilla_s0,1787440399,247750
es_vanilla_s0,1787440409,247750
es_vanilla_s0,1787440419,247750
es_vanilla_s0,1787440430,247750
es_vanilla_s0,1787440440,247750
es_vanilla_s0,1787440450,247750
es_vanilla_s0,1787440460,247750
es_vanilla_s0,1787440470,247750
es_vanilla_s0,1787440480,247750
es_vanilla_s0,1787440490,247750
es_vanilla_s0,1787440500,247750
es_vanilla_s0,1787440510,247750
es_vanilla_s0,1787440520,247750
es_vanilla_s0,1787440531,247750
es_vanilla_s0,1787440541,247750
es_vanilla_s0,1787440551,247750
es_vanilla_s0,1787440561,247750
es_vanilla_s0,1787440571,247750
es_vanilla_s0,1787440581,247750
es_vanilla_s0,1787440591,247750
es_vanilla_s0,1787440601,247750
es_vanilla_s0,1787440611,247750
es_vanilla_s0,1787440621,247750
es_vanilla_s0,1787440631,247750
es_vanilla_s0,1787440642,247750
es_vanilla_s0,1787440652,247750
es_vanilla_s0,1787440662,247750
es_vanilla_s0,1787440672,247750
es_vanilla_s0,1787440682,247750
es_vanilla_s0,1787440692,247750
es_vanilla_s0,1787440702,247750
es_vanilla_s0,1787440712,247750
es_vanilla_s0,1787440722,247750
es_vanilla_s0,1787440732,247750
es_vanilla_s0,1787440743,247750
es_vanilla_s0,1787440753,247750
es_vanilla_s0,1787440763,247750
es_vanilla_s0,1787440773,247750
es_vanilla_s0,1787440783,247750
es_vanilla_s0,1787440793,247750
es_vanilla_s0,1787440803,247750
es_vanilla_s0,1787440813,247750
es_vanilla_s0,1787440823,247750
es_vanilla_s0,1787440833,247750
es_vanilla_s0,1787440844,247750
es_vanilla_s0,1787440854,247750
es_vanilla_s0,1787440864,247750
es_vanilla_s0,1787440874,247750
es_vanilla_s0,1787440884,247750
es_vanilla_s0,1787440894,247750
es_vanilla_s0,1787440904,247750
es_vanilla_s0,1787440914,247750
es_vanilla_s0,1787440924,247750
es_vanilla_s0,1787440934,247750
es_vanilla_s0,1787440945,247750
es_vanilla_s0,1787440955,247750
es_vanilla_s0,1787440965,247750
es_vanilla_s0,1787440975,247750
es_vanilla_s0,1787440985,247750
es_vanilla_s0,1787440995,247750
es_vanilla_s0,1787441005,247750
es_vanilla_s0,1787441015,247750
es_vanilla_s0,1787441025,247750
es_vanilla_s0,1787441035,247750
es_vanilla_s0,1787441046,247750
es_vanilla_s0,1787441056,247750
es_vanilla_s0,1787441066,247750
es_vanilla_s0,1787441076,247750
es_vanilla_s0,1787441086,247750
es_vanilla_s0,1787441096,247750
es_vanilla_s0,1787441106,247750
es_vanilla_s0,1787441116,247750
es_vanilla_s0,1787441126,247750
es_vanilla_s0,1787441136,247750
es_vanilla_s0,1787441146,247750
es_vanilla_s0,1787441157,247750
es_vanilla_s0,1787441167,247750
es_vanilla_s0,1787441177,247750
es_vanilla_s0,1787441187,247750
es_vanilla_s0,1787441197,247750
es_vanilla_s0,1787441207,247750
es_vanilla_s0,1787441217,247750
es_vanilla_s0,1787441227,247750
es_vanilla_s0,1787441237,247750
es_vanilla_s0,1787441247,247750
es_vanilla_s0,1787441258,247750
es_vanilla_s0,1787441268,247750
es_vanilla_s0,1787441278,247750
es_vanilla_s0,1787441288,247750
es_vanilla_s0,1787441298,247750
es_vanilla_s0,1787441308,247750
es_vanilla_s0,1787441318,247750
es_vanilla_s0,1787441328,247750
es_vanilla_s0,1787441338,247750
es_vanilla_s0,1787441348,247750
es_vanilla_s0,1787441359,247750
es_vanilla_s0,1787441369,247750
es_vanilla_s0,1787441379,247750
es_vanilla_s0,1787441389,247750
es_vanilla_s0,1787441399,247750
es_vanilla_s0,1787441409,247750
es_vanilla_s0,1787441419,247750
es_vanilla_s0,1787441429,247750
es_vanilla_s0,1787441439,247750
es_vanilla_s0,1787441449,247750
es_vanilla_s0,1787441460,247750
es_vanilla_s0,1787441470,247750
es_vanilla_s0,1787441480,247750
es_vanilla_s0,1787441490,247750
es_vanilla_s0,1787441500,247750
es_vanilla_s0,1787441510,247750
es_vanilla_s0,1787441520,247750
es_vanilla_s0,1787441530,247750
es_vanilla_s0,1787441540,247750
es_vanilla_s0,1787441550,247750
es_vanilla_s0,1787441561,247750
es_vanilla_s0,1787441571,247750
es_vanilla_s0,1787441581,247750
es_vanilla_s0,1787441591,247750
es_vanilla_s0,1787441601,247750
es_vanilla_s0,1787441611,247750
es_vanilla_s0,1787441621,247750
es_vanilla_s0,1787441631,247750
es_vanilla_s0,1787441641,247750
es_vanilla_s0,1787441651,247750
es_vanilla_s0,1787441662,247750
es_vanilla_s0,1787441672,247750
es_vanilla_s0,1787441682,247750
es_vanilla_s0,1787441692,247750
es_vanilla_s0,1787441702,247750
es_vanilla_s0,1787441712,247750
es_vanilla_s0,1787441722,247750
es_vanilla_s0,1787441732,247750
es_vanilla_s0,1787441742,247750
es_vanilla_s0,1787441752,247750
es_vanilla_s0,1787441763,247750
es_vanilla_s0,1787441773,247750
es_vanilla_s0,1787441783,247750
es_vanilla_s0,1787441793,247750
es_vanilla_s0,1787441803,247750
es_vanilla_s0,1787441813,247750
es_vanilla_s0,1787441823,247750
es_vanilla_s0,1787441833,247750
es_vanilla_s0,1787441843,247750
es_vanilla_s0,1787441853,247750
es_vanilla_s0,1787441864,247750
es_vanilla_s0,1787441874,247750
es_vanilla_s0,1787441884,247750
es_vanilla_s0,1787441894,247750
es_vanilla_s0,1787441904,247750
es_vanilla_s0,1787441914,247750
es_vanilla_s0,1787441924,247750
es_vanilla_s0,1787441934,247750
es_vanilla_s0,1787441944,247750
es_vanilla_s0,1787441954,247750
es_vanilla_s0,1787441965,247750
es_vanilla_s0,1787441975,247750
es_vanilla_s0,1787441985,247750
es_vanilla_s0,1787441995,247750
es_vanilla_s0,1787442005,247750
es_vanilla_s0,1787442015,247750
es_vanilla_s0,1787442025,247750
es_vanilla_s0,1787442035,247750
es_vanilla_s0,1787442045,247750
es_vanilla_s0,1787442055,247750
es_vanilla_s0,1787442066,247750
es_vanilla_s0,1787442076,247750
es_vanilla_s0,1787442086,247750
es_vanilla_s0,1787442096,247750
es_vanilla_s0,1787442106,247750
es_vanilla_s0,1787442116,247750
es_vanilla_s0,1787442126,247750
es_vanilla_s0,1787442136,247750
es_vanilla_s0,1787442146,247750
es_vanilla_s0,1787442156,247750
es_vanilla_s0,1787442167,247750
es_vanilla_s0,1787442177,247750
es_vanilla_s0,1787442187,247750
es_vanilla_s0,1787442197,247750
es_vanilla_s0,1787442207,247750
es_vanilla_s0,1787442217,247750
es_vanilla_s0,1787442227,247750
es_vanilla_s0,1787442237,247750
es_vanilla_s0,1787442247,247750
es_vanilla_s0,1787442257,247750
es_vanilla_s0,1787442268,247750
es_vanilla_s0,1787442278,247750
es_vanilla_s0,1787442288,247750
es_vanilla_s0,1787442298,247750
es_vanilla_s0,1787442308,247750
es_vanilla_s0,1787442318,247750
es_vanilla_s0,1787442328,247750
es_vanilla_s0,1787442338,247750
es_vanilla_s0,1787442348,247750
es_vanilla_s0,1787442358,247750
es_vanilla_s0,1787442369,247750
es_vanilla_s0,1787442379,247750
es_vanilla_s0,1787442389,247750
es_vanilla_s0,1787442399,247750
es_vanilla_s0,1787442409,247750
es_vanilla_s0,1787442419,247750
es_vanilla_s0,1787442429,247750
es_vanilla_s0,1787442439,247750
es_vanilla_s0,1787442449,247750
es_vanilla_s0,1787442459,247750
es_vanilla_s0,1787442470,247750
es_vanilla_s0,1787442480,247750
es_vanilla_s0,1787442490,247750
es_vanilla_s0,1787442500,247750
es_vanilla_s0,1787442510,247750
es_vanilla_s0,1787442520,247750
es_vanilla_s0,1787442530,247750
es_vanilla_s0,1787442540,247750
es_vanilla_s0,1787442550,247750
es_vanilla_s0,1787442560,247750
es_vanilla_s0,1787442571,247750
es_vanilla_s0,1787442581,247750
es_vanilla_s0,1787442591,247750
es_vanilla_s0,1787442601,247750
es_vanilla_s0,1787442611,247750
es_vanilla_s0,1787442621,247750
es_vanilla_s0,1787442631,247750
es_vanilla_s0,1787442641,247750
es_vanilla_s0,1787442651,247750
es_vanilla_s0,1787442661,247750
es_vanilla_s0,1787442672,247750
es_vanilla_s0,1787442682,247750
es_vanilla_s0,1787442692,247750
es_vanilla_s0,1787442702,247750
es_vanilla_s0,1787442712,247750
es_vanilla_s0,1787442722,247750
es_vanilla_s0,1787442732,247750
es_vanilla_s0,1787442742,247750
es_vanilla_s0,1787442752,247750
es_vanilla_s0,1787442762,247750
es_vanilla_s0,1787442773,247750
es_vanilla_s0,1787442783,247750
es_vanilla_s0,1787442793,247750
es_vanilla_s0,1787442803,247750
es_vanilla_s0,1787442813,247750
es_vanilla_s0,1787442823,247750
es_vanilla_s0,1787442833,247750
es_vanilla_s0,1787442843,247750
es_vanilla_s0,1787442853,247750
es_vanilla_s0,1787442864,247750
es_vanilla_s0,1787442874,247750
es_vanilla_s0,1787442884,247750
es_vanilla_s0,1787442894,247750
es_vanilla_s0,1787442904,247750
es_vanilla_s0,1787442914,247750
es_vanilla_s0,1787442924,247750
es_vanilla_s0,1787442934,247750
es_vanilla_s0,1787442944,247750
es_vanilla_s0,1787442954,247750
es_vanilla_s0,1787442965,247750
es_vanilla_s0,1787442975,247750
es_vanilla_s0,1787442985,247750
es_vanilla_s0,1787442995,247750
es_vanilla_s0,1787443005,247750
es_vanilla_s0,1787443015,247750
es_vanilla_s0,1787443025,247750
es_vanilla_s0,1787443035,247750
es_vanilla_s0,1787443045,247750
es_vanilla_s0,1787443055,247750
es_vanilla_s0,1787443066,247750
es_vanilla_s0,1787443076,247750
es_vanilla_s0,1787443086,247750
es_vanilla_s0,1787443096,247750
es_vanilla_s0,1787443106,247750
es_vanilla_s0,1787443116,247750
es_vanilla_s0,1787443126,247750
es_vanilla_s0,1787443136,247750
es_vanilla_s0,1787443146,247750
es_vanilla_s0,1787443156,247750
es_vanilla_s0,1787443166,247750
es_vanilla_s0,1787443177,247750
es_vanilla_s0,1787443187,247750
es_vanilla_s0,1787443197,247750
es_vanilla_s0,1787443207,247750
es_vanilla_s0,1787443217,247750
es_vanilla_s0,1787443227,247750
es_vanilla_s0,1787443237,247750
es_vanilla_s0,1787443247,247750
es_vanilla_s0,1787443257,247750
es_vanilla_s0,1787443267,247750
es_vanilla_s0,1787443278,247750
es_vanilla_s0,1787443288,247750
es_vanilla_s0,1787443298,247750
es_vanilla_s0,1787443308,247750
es_vanilla_s0,1787443318,247750
es_vanilla_s0,1787443328,247750
es_vanilla_s0,1787443338,247750
es_vanilla_s0,1787443348,247750
es_vanilla_s0,1787443358,247750
es_vanilla_s0,1787443368,247750
es_vanilla_s0,1787443379,247750
es_vanilla_s0,1787443389,247750
es_vanilla_s0,1787443399,247750
es_vanilla_s0,1787443409,247750
es_vanilla_s0,1787443419,247750
es_vanilla_s0,1787443429,247750
es_vanilla_s0,1787443439,247750
es_vanilla_s0,1787443449,247750
es_vanilla_s0,1787443459,247750
es_vanilla_s0,1787443469,247750
es_vanilla_s0,1787443480,247750
es_vanilla_s0,1787443490,247750
es_vanilla_s0,1787443500,247750
es_vanilla_s0,1787443510,247750
es_vanilla_s0,1787443520,247750
es_vanilla_s0,1787443530,247750
es_vanilla_s0,1787443540,247750
es_vanilla_s0,1787443550,247750
es_vanilla_s0,1787443560,247750
es_vanilla_s0,1787443570,247750
es_vanilla_s0,1787443581,247750
es_vanilla_s0,1787443591,247750
es_vanilla_s0,1787443601,247750
es_vanilla_s0,1787443611,247750
es_vanilla_s0,1787443621,247750
es_vanilla_s0,1787443631,247750
es_vanilla_s0,1787443641,247750
es_vanilla_s0,1787443651,247750
es_vanilla_s0,1787443661,247750
es_vanilla_s0,1787443671,247750
es_vanilla_s0,1787443682,247750
es_vanilla_s0,1787443692,247750
es_vanilla_s0,1787443702,247750
es_vanilla_s0,1787443712,247750
es_vanilla_s0,1787443722,247750
es_vanilla_s0,1787443732,247750
es_vanilla_s0,1787443742,247750
es_vanilla_s0,1787443752,247750
es_vanilla_s0,1787443762,247750
es_vanilla_s0,1787443772,247750
es_vanilla_s0,1787443783,247750
es_vanilla_s0,1787443793,247750
es_vanilla_s0,1787443803,247750
es_vanilla_s0,1787443813,247750
es_vanilla_s0,1787443823,247750
es_vanilla_s0,1787443833,247750
es_vanilla_s0,1787443843,247750
es_vanilla_s0,1787443853,247750
es_vanilla_s0,1787443863,247750
es_vanilla_s0,1787443873,247750
es_vanilla_s0,1787443884,247750
es_vanilla_s0,1787443894,247750
es_vanilla_s0,1787443904,247750
es_vanilla_s0,1787443914,247750
es_vanilla_s0,1787443924,247750
es_vanilla_s0,1787443934,247750
es_vanilla_s0,1787443944,247750
es_vanilla_s0,1787443954,247750
es_vanilla_s0,1787443964,247750
es_vanilla_s0,1787443974,247750
es_vanilla_s0,1787443985,247750
es_vanilla_s0,1787443995,247750
es_vanilla_s0,1787444005,247750
es_vanilla_s0,1787444015,247750
es_vanilla_s0,1787444025,247750
es_vanilla_s0,1787444035,247750
es_vanilla_s0,1787444045,247750
es_vanilla_s0,1787444055,247750
es_vanilla_s0,1787444065,247750
es_vanilla_s0,1787444075,247750
es_vanilla_s0,1787444086,247750
es_vanilla_s0,1787444096,247750
es_vanilla_s0,1787444106,247750
es_vanilla_s0,1787444116,247750
es_vanilla_s0,1787444126,247750
es_vanilla_s0,1787444136,247750
es_vanilla_s0,1787444146,247750
es_vanilla_s0,1787444156,247750
es_vanilla_s0,1787444166,247750
es_vanilla_s0,1787444176,247750
es_vanilla_s0,1787444187,247750
es_vanilla_s0,1787444197,247750
es_vanilla_s0,1787444207,247750
es_vanilla_s0,1787444217,247750
es_vanilla_s0,1787444227,247750
es_vanilla_s0,1787444237,247750
es_vanilla_s0,1787444247,247750
es_vanilla_s0,1787444257,247750
es_vanilla_s0,1787444267,247750
es_vanilla_s0,1787444277,247750
es_vanilla_s0,1787444288,247750
es_vanilla_s0,1787444298,247750
es_vanilla_s0,1787444308,247750
es_vanilla_s0,1787444318,247750
es_vanilla_s0,1787444328,247750
es_vanilla_s0,1787444338,247750
es_vanilla_s0,1787444348,247750
es_vanilla_s0,1787444358,247750
es_vanilla_s0,1787444368,247750
es_vanilla_s0,1787444379,247750
es_vanilla_s0,1787444389,247750
es_vanilla_s0,1787444399,247750
es_vanilla_s0,1787444409,247750
es_vanilla_s0,1787444419,247750
es_vanilla_s0,1787444429,247750
es_vanilla_s0,1787444439,247750
es_vanilla_s0,1787444449,247750
es_vanilla_s0,1787444459,247750
es_vanilla_s0,1787444469,247750
es_vanilla_s0,1787444480,247750
es_vanilla_s0,1787444490,247750
es_vanilla_s0,1787444500,247750
es_vanilla_s0,1787444510,247750
es_vanilla_s0,1787444520,247750
es_vanilla_s0,1787444530,247750
es_vanilla_s0,1787444540,247750
es_vanilla_s0,1787444550,247750
es_vanilla_s0,1787444560,247750
es_vanilla_s0,1787444570,247750
es_vanilla_s0,1787444581,247750
es_vanilla_s0,1787444591,247750
es_vanilla_s0,1787444601,247750
es_vanilla_s0,1787444611,247750
es_vanilla_s0,1787444621,247750
es_vanilla_s0,1787444631,247750
es_vanilla_s0,1787444641,247750
es_vanilla_s0,1787444651,247750
es_vanilla_s0,1787444661,247750
es_vanilla_s0,1787444671,247750
es_vanilla_s0,1787444682,247750
es_vanilla_s0,1787444692,247750
es_vanilla_s0,1787444702,247750
es_vanilla_s0,1787444712,247750
es_vanilla_s0,1787444722,247750
es_vanilla_s0,1787444732,247750
es_vanilla_s0,1787444742,247750
es_vanilla_s0,1787444752,247750
es_vanilla_s0,1787444762,247750
es_vanilla_s0,1787444772,247750
es_vanilla_s0,1787444783,247750
es_vanilla_s0,1787444793,247750
es_vanilla_s0,1787444803,247750
es_vanilla_s0,1787444813,247750
es_vanilla_s0,1787444823,247750
es_vanilla_s0,1787444833,247750
es_vanilla_s0,1787444843,247750
es_vanilla_s0,1787444853,247750
es_vanilla_s0,1787444863,247750
es_vanilla_s0,1787444873,247750
es_vanilla_s0,1787444884,247750
es_vanilla_s0,1787444894,247750
es_vanilla_s0,1787444904,247750
es_vanilla_s0,1787444914,247750
es_vanilla_s0,1787444924,247750
es_vanilla_s0,1787444934,247750
es_vanilla_s0,1787444944,247750
es_vanilla_s0,1787444954,247750
es_vanilla_s0,1787444964,247750
es_vanilla_s0,1787444974,247750
es_vanilla_s0,1787444985,247750
es_vanilla_s0,1787444995,247750
es_vanilla_s0,1787445005,247750
es_vanilla_s0,1787445015,247750
es_vanilla_s0,1787445025,247750
es_vanilla_s0,1787445035,247750
es_vanilla_s0,1787445045,247750
es_vanilla_s0,1787445055,247750
es_vanilla_s0,1787445065,247750
es_vanilla_s0,1787445075,247750
es_vanilla_s0,1787445086,247750
es_vanilla_s0,1787445096,247750
es_vanilla_s0,1787445106,247750
es_vanilla_s0,1787445116,247750
es_vanilla_s0,1787445126,247750
es_vanilla_s0,1787445136,247750
es_vanilla_s0,1787445146,247750
es_vanilla_s0,1787445156,247750
es_vanilla_s0,1787445166,247750
es_vanilla_s0,1787445176,247750
es_vanilla_s0,1787445187,247750
es_vanilla_s0,1787445197,247750
es_vanilla_s0,1787445207,247750
es_vanilla_s0,1787445217,247750
es_vanilla_s0,1787445227,247750
es_vanilla_s0,1787445237,247750
es_vanilla_s0,1787445247,247750
es_vanilla_s0,1787445257,247750
es_vanilla_s0,1787445267,247750
es_vanilla_s0,1787445277,247750
es_vanilla_s0,1787445288,247750
es_vanilla_s0,1787445298,247750
es_vanilla_s0,1787445308,247750
es_vanilla_s0,1787445318,247750
es_vanilla_s0,1787445328,247750
es_vanilla_s0,1787445338,247750
es_vanilla_s0,1787445348,247750
es_vanilla_s0,1787445358,247750
es_vanilla_s0,1787445368,247750
es_vanilla_s0,1787445378,247750
es_vanilla_s0,1787445389,247750
es_vanilla_s0,1787445399,247750
es_vanilla_s0,1787445409,247750
es_vanilla_s0,1787445419,247750
es_vanilla_s0,1787445429,247750
es_vanilla_s0,1787445439,247750
es_vanilla_s0,1787445449,247750
es_vanilla_s0,1787445459,247750
es_vanilla_s0,1787445469,247750
es_vanilla_s0,1787445479,247750
es_vanilla_s0,1787445490,247750
es_vanilla_s0,1787445500,247750
es_vanilla_s0,1787445510,247750
es_vanilla_s0,1787445520,247750
es_vanilla_s0,1787445530,247750
es_vanilla_s0,1787445540,247750
es_vanilla_s0,1787445550,247750
es_vanilla_s0,1787445560,247750
es_vanilla_s0,1787445570,247750
es_vanilla_s0,1787445580,247750
es_vanilla_s0,1787445591,247750
es_vanilla_s0,1787445601,247750
es_vanilla_s0,1787445611,247750
es_vanilla_s0,1787445621,247750
es_vanilla_s0,1787445631,247750
es_vanilla_s0,1787445641,247750
es_vanilla_s0,1787445651,247750
es_vanilla_s0,1787445661,247750
es_vanilla_s0,1787445671,247750
es_vanilla_s0,1787445681,247750
es_vanilla_s0,1787445692,247750
es_vanilla_s0,1787445702,247750
es_vanilla_s0,1787445712,247750
es_vanilla_s0,1787445722,247750
es_vanilla_s0,1787445732,247750
es_vanilla_s0,1787445742,247750
es_vanilla_s0,1787445752,247750
es_vanilla_s0,1787445762,247750
es_vanilla_s0,1787445772,247750
es_vanilla_s0,1787445782,247750
es_vanilla_s0,1787445793,247750
es_vanilla_s0,1787445803,247750
es_vanilla_s0,1787445813,247750
es_vanilla_s0,1787445823,247750
es_vanilla_s0,1787445833,247750
es_vanilla_s0,1787445843,247750
es_vanilla_s0,1787445853,247750
es_vanilla_s0,1787445863,247750
es_vanilla_s0,1787445873,247750
es_vanilla_s0,1787445883,247750
es_vanilla_s0,1787445894,247750
es_vanilla_s0,1787445904,247750
es_vanilla_s0,1787445914,247750
es_vanilla_s0,1787445924,247750
es_vanilla_s0,1787445934,247750
es_vanilla_s0,1787445944,247750
es_vanilla_s0,1787445954,247750
es_vanilla_s0,1787445964,247750
es_vanilla_s0,1787445974,247750
es_vanilla_s0,1787445984,247750
es_vanilla_s0,1787445995,247750
es_vanilla_s0,1787446005,247750
es_vanilla_s0,1787446015,247750
es_vanilla_s0,1787446025,247750
es_vanilla_s0,1787446035,247750
es_vanilla_s0,1787446045,247750
es_vanilla_s0,1787446055,247750
es_vanilla_s0,1787446065,247750
es_vanilla_s0,1787446075,247750
es_vanilla_s0,1787446085,247750
es_vanilla_s0,1787446096,247750
es_vanilla_s0,1787446106,247750
es_vanilla_s0,1787446116,247750
es_vanilla_s0,1787446126,247750
es_vanilla_s0,1787446136,247750
es_vanilla_s0,1787446146,247750
es_vanilla_s0,1787446156,247750
es_vanilla_s0,1787446166,247750
es_vanilla_s0,1787446176,247750
es_vanilla_s0,1787446186,247750
es_vanilla_s0,1787446197,247750
es_vanilla_s0,1787446207,247750
es_vanilla_s0,1787446217,247750
es_vanilla_s0,1787446227,247750
es_vanilla_s0,1787446237,247750
es_vanilla_s0,1787446247,247750
es_vanilla_s0,1787446257,247750
es_vanilla_s0,1787446267,247750
es_vanilla_s0,1787446277,247750
es_vanilla_s0,1787446287,247750
es_vanilla_s0,1787446298,247750
es_vanilla_s0,1787446308,247750
es_vanilla_s0,1787446318,247750
es_vanilla_s0,1787446328,247750
es_vanilla_s0,1787446338,247750
es_vanilla_s0,1787446348,247750
es_vanilla_s0,1787446358,247750
es_vanilla_s0,1787446368,247750
es_vanilla_s0,1787446378,247750
es_vanilla_s0,1787446388,247750
es_vanilla_s0,1787446399,247750
es_vanilla_s0,1787446409,247750
es_vanilla_s0,1787446419,247750
es_vanilla_s0,1787446429,247750
es_vanilla_s0,1787446439,247750
es_vanilla_s0,1787446449,247750
es_vanilla_s0,1787446459,247750
es_vanilla_s0,1787446469,247750
es_vanilla_s0,1787446479,247750
es_vanilla_s0,1787446489,247750
es_vanilla_s0,1787446500,247750
es_vanilla_s0,1787446510,247750
es_vanilla_s0,1787446520,247750
es_vanilla_s0,1787446530,247750
es_vanilla_s0,1787446540,247750
es_vanilla_s0,1787446550,247750
es_vanilla_s0,1787446560,247750
es_vanilla_s0,1787446570,247750
es_vanilla_s0,1787446580,247750
es_vanilla_s0,1787446590,247750
es_vanilla_s0,1787446601,247750
es_vanilla_s0,1787446611,247750
es_vanilla_s0,1787446621,247750
es_vanilla_s0,1787446631,247750
es_vanilla_s0,1787446641,247750
es_vanilla_s0,1787446651,247750
es_vanilla_s0,1787446661,247750
es_vanilla_s0,1787446671,247750
es_vanilla_s0,1787446681,247750
es_vanilla_s0,1787446691,247750
es_vanilla_s0,1787446702,247750
es_vanilla_s0,1787446712,247750
es_vanilla_s0,1787446722,247750
es_vanilla_s0,1787446732,247750
es_vanilla_s0,1787446742,247750
es_vanilla_s0,1787446752,247750
es_vanilla_s0,1787446762,247750
es_vanilla_s0,1787446772,247750
es_vanilla_s0,1787446782,247750
es_vanilla_s0,1787446792,247750
es_vanilla_s0,1787446803,247750
es_vanilla_s0,1787446813,247750
es_vanilla_s0,1787446823,247750
es_vanilla_s0,1787446833,247750
es_vanilla_s0,1787446843,247750
es_vanilla_s0,1787446853,247750
es_vanilla_s0,1787446863,247750
es_vanilla_s0,1787446873,247750
es_vanilla_s0,1787446883,247750
es_vanilla_s0,1787446893,247750
es_vanilla_s0,1787446904,247750
es_vanilla_s0,1787446914,247750
es_vanilla_s0,1787446924,247750
es_vanilla_s0,1787446934,247750
es_vanilla_s0,1787446944,247750
es_vanilla_s0,1787446954,247750
es_vanilla_s0,1787446964,247750
es_vanilla_s0,1787446974,247750
es_vanilla_s0,1787446984,247750
es_vanilla_s0,1787446995,247750
es_vanilla_s0,1787447005,247750
es_vanilla_s0,1787447015,247750
es_vanilla_s0,1787447025,247750
es_vanilla_s0,1787447035,247750
es_vanilla_s0,1787447045,247750
es_vanilla_s0,1787447055,247750
es_vanilla_s0,1787447065,247750
es_vanilla_s0,1787447075,247750
es_vanilla_s0,1787447085,247750
es_vanilla_s0,1787447096,247750
es_vanilla_s0,1787447106,247750
es_vanilla_s0,1787447116,247750
es_vanilla_s0,1787447126,247750
es_vanilla_s0,1787447136,247750
es_vanilla_s0,1787447146,247750
es_vanilla_s0,1787447156,247750
es_vanilla_s0,1787447166,247750
es_vanilla_s0,1787447176,247750
es_vanilla_s0,1787447186,247750
es_vanilla_s0,1787447197,247750
es_vanilla_s0,1787447207,247750
es_vanilla_s0,1787447217,247750
es_vanilla_s0,1787447227,247750
es_vanilla_s0,1787447237,247750
es_vanilla_s0,1787447247,247750
es_vanilla_s0,1787447257,247750
es_vanilla_s0,1787447267,247750
es_vanilla_s0,1787447277,247750
es_vanilla_s0,1787447287,247750
es_vanilla_s0,1787447298,247750
es_vanilla_s0,1787447308,247750
es_vanilla_s0,1787447318,247750
es_vanilla_s0,1787447328,247750
es_vanilla_s0,1787447338,247750
es_vanilla_s0,1787447348,247750
es_vanilla_s0,1787447358,247750
es_vanilla_s0,1787447368,247750
es_vanilla_s0,1787447378,247750
es_vanilla_s0,1787447388,247750
es_vanilla_s0,1787447399,247750
es_vanilla_s0,1787447409,247750
es_vanilla_s0,1787447419,247750
es_vanilla_s0,1787447429,247750
es_vanilla_s0,1787447439,247750
es_vanilla_s0,1787447449,247750
es_vanilla_s0,1787447459,247750
es_vanilla_s0,1787447469,247750
es_vanilla_s0,1787447479,247750
es_vanilla_s0,1787447489,247750
es_vanilla_s0,1787447500,247750
es_vanilla_s0,1787447510,247750
es_vanilla_s0,1787447520,247750
es_vanilla_s0,1787447530,247750
es_vanilla_s0,1787447540,247750
es_vanilla_s0,1787447550,247750
es_vanilla_s0,1787447560,247750
es_vanilla_s0,1787447570,247750
es_vanilla_s0,1787447580,247750
es_vanilla_s0,1787447590,247750
es_vanilla_s0,1787447601,247750
es_vanilla_s0,1787447611,247750
es_vanilla_s0,1787447621,247750
es_vanilla_s0,1787447631,247750
es_vanilla_s0,1787447641,247750
es_vanilla_s0,1787447651,247750
es_vanilla_s0,1787447661,247750
es_vanilla_s0,1787447671,247750
es_vanilla_s0,1787447681,247750
es_vanilla_s0,1787447691,247750
es_vanilla_s0,1787447702,247750
es_vanilla_s0,1787447712,247750
es_vanilla_s0,1787447722,247750
es_vanilla_s0,1787447732,247750
es_vanilla_s0,1787447742,247750
es_vanilla_s0,1787447752,247750
es_vanilla_s0,1787447762,247750
es_vanilla_s0,1787447772,247750
es_vanilla_s0,1787447782,247750
es_vanilla_s0,1787447792,247750
es_vanilla_s0,1787447803,247750
es_vanilla_s0,1787447813,247750
es_vanilla_s0,1787447823,247750
es_vanilla_s0,1787447833,247750
es_vanilla_s0,1787447843,247750
es_vanilla_s0,1787447853,247750
es_vanilla_s0,1787447863,247750
es_vanilla_s0,1787447873,247750
es_vanilla_s0,1787447883,247750
es_vanilla_s0,1787447893,247750
es_vanilla_s0,1787447904,247750
es_vanilla_s0,1787447914,247750
es_vanilla_s0,1787447924,247750
es_vanilla_s0,1787447934,247750
es_vanilla_s0,1787447944,247750
es_vanilla_s0,1787447954,247750
es_vanilla_s0,1787447964,247750
es_vanilla_s0,1787447974,247750
es_vanilla_s0,1787447984,247750
es_vanilla_s0,1787447994,247750
es_vanilla_s0,1787448005,247750
es_vanilla_s0,1787448015,247750
es_vanilla_s0,1787448025,247750
es_vanilla_s0,1787448035,247750
es_vanilla_s0,1787448045,247750
es_vanilla_s0,1787448055,247750
es_vanilla_s0,1787448065,247750
es_vanilla_s0,1787448075,247750
es_vanilla_s0,1787448085,247750
es_vanilla_s0,1787448095,247750
es_vanilla_s0,1787448106,247750
es_vanilla_s0,1787448116,247750
es_vanilla_s0,1787448126,247750
es_vanilla_s0,1787448136,247750
es_vanilla_s0,1787448146,247750
es_vanilla_s0,1787448156,247750
es_vanilla_s0,1787448166,247750
es_vanilla_s0,1787448176,247750
es_vanilla_s0,1787448186,247750
es_vanilla_s0,1787448196,247750
es_vanilla_s0,1787448207,247750
es_vanilla_s0,1787448217,247750
es_vanilla_s0,1787448227,247750
es_vanilla_s0,1787448237,247750
es_vanilla_s0,1787448247,247750
es_vanilla_s0,1787448257,247750
es_vanilla_s0,1787448267,247750
es_vanilla_s0,1787448277,247750
es_vanilla_s0,1787448287,247750
es_vanilla_s0,1787448298,247750
es_vanilla_s0,1787448308,247750
es_vanilla_s0,1787448318,247750
es_vanilla_s0,1787448328,247750
es_vanilla_s0,1787448338,247750
es_vanilla_s0,1787448348,247750
es_vanilla_s0,1787448358,247750
es_vanilla_s0,1787448368,247750
es_vanilla_s0,1787448378,247750
es_vanilla_s0,1787448388,247750
es_vanilla_s0,1787448399,247750
es_vanilla_s0,1787448409,247750
es_vanilla_s0,1787448419,247750
es_vanilla_s0,1787448429,247750
es_vanilla_s0,1787448439,247750
es_vanilla_s0,1787448449,247750
es_vanilla_s0,1787448459,247750
es_vanilla_s0,1787448469,247750
es_vanilla_s0,1787448479,247750
es_vanilla_s0,1787448489,247750
es_vanilla_s0,1787448500,247750
es_vanilla_s0,1787448510,247750
es_vanilla_s0,1787448520,247750
es_vanilla_s0,1787448530,247750
es_vanilla_s0,1787448540,247750
es_vanilla_s0,1787448550,247750
es_vanilla_s0,1787448560,247750
es_vanilla_s0,1787448570,247750
es_vanilla_s0,1787448580,247750
es_vanilla_s0,1787448590,247750
es_vanilla_s0,1787448601,247750
es_vanilla_s0,1787448611,247750
es_vanilla_s0,1787448621,247750
es_vanilla_s0,1787448631,247750
es_vanilla_s0,1787448641,247750
es_vanilla_s0,1787448651,247750
es_vanilla_s0,1787448661,247750
es_vanilla_s0,1787448671,247750
es_vanilla_s0,1787448681,247750
es_vanilla_s0,1787448691,247750
es_vanilla_s0,1787448702,247750
es_vanilla_s0,1787448712,247750
es_vanilla_s0,1787448722,247750
es_vanilla_s0,1787448732,247750
es_vanilla_s0,1787448742,247750
es_vanilla_s0,1787448752,247750
es_vanilla_s0,1787448762,247750
es_vanilla_s0,1787448772,247750
es_vanilla_s0,1787448782,247750
es_vanilla_s0,1787448792,247750
es_vanilla_s0,1787448803,247750
es_vanilla_s0,1787448813,247750
es_vanilla_s0,1787448823,247750
es_vanilla_s0,1787448833,247750
es_vanilla_s0,1787448843,247750
es_vanilla_s0,1787448853,247750
es_vanilla_s0,1787448863,247750
es_vanilla_s0,1787448873,247750
es_vanilla_s0,1787448883,247750
es_vanilla_s0,1787448893,247750
es_vanilla_s0,1787448904,247750
es_vanilla_s0,1787448914,247750
es_vanilla_s0,1787448924,247750
es_vanilla_s0,1787448934,247750
es_vanilla_s0,1787448944,247750
es_vanilla_s0,1787448954,247750
es_vanilla_s0,1787448964,247750
es_vanilla_s0,1787448974,247750
es_vanilla_s0,1787448984,247750
es_vanilla_s0,1787448994,247750
es_vanilla_s0,1787449005,247750
es_vanilla_s0,1787449015,247750
es_vanilla_s0,1787449025,247750
es_vanilla_s0,1787449035,247750
es_vanilla_s0,1787449045,247750
es_vanilla_s0,1787449055,247750
es_vanilla_s0,1787449065,247750
es_vanilla_s0,1787449075,247750
es_vanilla_s0,1787449085,247750
es_vanilla_s0,1787449095,247750
es_vanilla_s0,1787449106,247750
es_vanilla_s0,1787449116,247750
es_vanilla_s0,1787449126,247750
es_vanilla_s0,1787449136,247750
es_vanilla_s0,1787449146,247750
es_vanilla_s0,1787449156,247750
es_vanilla_s0,1787449166,247750
es_vanilla_s0,1787449176,247750
es_vanilla_s0,1787449186,247750
es_vanilla_s0,1787449196,247750
es_vanilla_s0,1787449207,247750
es_vanilla_s0,1787449217,247750
es_vanilla_s0,1787449227,247750
es_vanilla_s0,1787449237,247750
es_vanilla_s0,1787449247,247750
es_vanilla_s0,1787449257,247750
es_vanilla_s0,1787449267,247750
es_vanilla_s0,1787449277,247750
es_vanilla_s0,1787449287,247750
es_vanilla_s0,1787449297,247750
es_vanilla_s0,1787449308,247750
es_vanilla_s0,1787449318,247750
es_vanilla_s0,1787449328,247750
es_vanilla_s0,1787449338,247750
es_vanilla_s0,1787449348,247750
es_vanilla_s0,1787449358,247750
es_vanilla_s0,1787449368,247750
es_vanilla_s0,1787449378,247750
es_vanilla_s0,1787449388,247750
es_vanilla_s0,1787449398,247750
es_vanilla_s0,1787449409,247750
es_vanilla_s0,1787449419,247750
es_vanilla_s0,1787449429,247750
es_vanilla_s0,1787449439,247750
es_vanilla_s0,1787449449,247750
es_vanilla_s0,1787449459,247750
es_vanilla_s0,1787449469,247750
es_vanilla_s0,1787449479,247750
es_vanilla_s0,1787449489,247750
es_vanilla_s0,1787449499,247750
es_vanilla_s0,1787449510,247750
es_vanilla_s0,1787449520,247750
es_vanilla_s0,1787449530,247750
es_vanilla_s0,1787449540,247750
es_vanilla_s0,1787449550,247750
es_vanilla_s0,1787449560,247750
es_vanilla_s0,1787449570,247750
es_vanilla_s0,1787449580,247750
es_vanilla_s0,1787449590,247750
es_vanilla_s0,1787449600,247750
es_vanilla_s0,1787449611,247750
es_vanilla_s0,1787449621,247750
es_vanilla_s0,1787449631,247750
es_vanilla_s0,1787449641,247750
es_vanilla_s0,1787449651,247750
es_vanilla_s0,1787449661,247750
es_vanilla_s0,1787449671,247750
es_vanilla_s0,1787449681,247750
es_vanilla_s0,1787449691,247750
es_vanilla_s0,1787449701,247750
es_vanilla_s0,1787449712,247750
es_vanilla_s0,1787449722,247750
es_vanilla_s0,1787449732,247750
es_vanilla_s0,1787449742,247750
es_vanilla_s0,1787449752,247750
es_vanilla_s0,1787449762,247750
es_vanilla_s0,1787449772,247750
es_vanilla_s0,1787449782,247750
es_vanilla_s0,1787449792,247750
es_vanilla_s0,1787449802,247750
es_vanilla_s0,1787449813,247750
es_vanilla_s0,1787449823,247750
es_vanilla_s0,1787449833,247750
es_vanilla_s0,1787449843,247750
es_vanilla_s0,1787449853,247750
es_vanilla_s0,1787449863,247750
es_vanilla_s0,1787449873,247750
es_vanilla_s0,1787449883,247750
es_vanilla_s0,1787449893,247750
es_vanilla_s0,1787449903,247750
es_vanilla_s0,1787449914,247750
es_vanilla_s0,1787449924,247750
es_vanilla_s0,1787449934,247750
es_vanilla_s0,1787449944,247750
es_vanilla_s0,1787449954,247750
es_vanilla_s0,1787449964,247750
es_vanilla_s0,1787449974,247750
es_vanilla_s0,1787449984,247750
es_vanilla_s0,1787449994,247750
es_vanilla_s0,1787450004,247750
es_vanilla_s0,1787450015,247750
es_vanilla_s0,1787450025,247750
es_vanilla_s0,1787450035,247750
es_vanilla_s0,1787450045,247750
es_vanilla_s0,1787450055,247750
es_vanilla_s0,1787450065,247750
es_vanilla_s0,1787450075,247750
es_vanilla_s0,1787450085,247750
es_vanilla_s0,1787450095,247750
es_vanilla_s0,1787450106,247750
es_vanilla_s0,1787450116,247750
es_vanilla_s0,1787450126,247750
es_vanilla_s0,1787450136,247750
es_vanilla_s0,1787450146,247750
es_vanilla_s0,1787450156,247750
es_vanilla_s0,1787450166,247750
es_vanilla_s0,1787450176,247750
es_vanilla_s0,1787450186,247750
es_vanilla_s0,1787450196,247750
es_vanilla_s0,1787450207,247750
es_vanilla_s0,1787450217,247750
es_vanilla_s0,1787450227,247750
es_vanilla_s0,1787450237,247750
es_vanilla_s0,1787450247,247750
es_vanilla_s0,1787450257,247750
es_vanilla_s0,1787450267,247750
es_vanilla_s0,1787450277,247750
es_vanilla_s0,1787450287,247750
es_vanilla_s0,1787450297,247750
es_vanilla_s0,1787450308,247750
es_vanilla_s0,1787450318,247750
es_vanilla_s0,1787450328,247750
es_vanilla_s0,1787450338,247750
es_vanilla_s0,1787450348,247750
es_vanilla_s0,1787450358,247750
es_vanilla_s0,1787450368,247750
es_vanilla_s0,1787450378,247750
es_vanilla_s0,1787450388,247750
es_vanilla_s0,1787450398,247750
es_vanilla_s0,1787450409,247750
es_vanilla_s0,1787450419,247750
es_vanilla_s0,1787450429,247750
es_vanilla_s0,1787450439,247750
es_vanilla_s0,1787450449,247750
es_vanilla_s0,1787450459,247750
es_vanilla_s0,1787450469,247750
es_vanilla_s0,1787450479,247750
es_vanilla_s0,1787450489,247750
es_vanilla_s0,1787450499,247750
es_vanilla_s0,1787450510,247750
es_vanilla_s0,1787450520,247750
es_vanilla_s0,1787450530,247750
es_vanilla_s0,1787450540,247750
es_vanilla_s0,1787450550,247750
es_vanilla_s0,1787450560,247750
es_vanilla_s0,1787450570,247750
es_vanilla_s0,1787450580,247750
es_vanilla_s0,1787450590,247750
es_vanilla_s0,1787450600,247750
es_vanilla_s0,1787450611,247750
es_vanilla_s0,1787450621,247750
es_vanilla_s0,1787450631,247750
es_vanilla_s0,1787450641,247750
es_vanilla_s0,1787450651,247750
es_vanilla_s0,1787450661,247750
es_vanilla_s0,1787450671,247750
es_vanilla_s0,1787450681,247750
es_vanilla_s0,1787450691,247750
es_vanilla_s0,1787450701,247750
es_vanilla_s0,1787450712,247750
es_vanilla_s0,1787450722,247750
es_vanilla_s0,1787450732,247750
es_vanilla_s0,1787450742,247750
es_vanilla_s0,1787450752,247750
es_vanilla_s0,1787450762,247750
es_vanilla_s0,1787450772,247750
es_vanilla_s0,1787450782,247750
es_vanilla_s0,1787450792,247750
es_vanilla_s0,1787450802,247750
es_vanilla_s0,1787450813,247750
es_vanilla_s0,1787450823,247750
es_vanilla_s0,1787450833,247750
es_vanilla_s0,1787450843,247750
es_vanilla_s0,1787450853,247750
es_vanilla_s0,1787450863,247750
es_vanilla_s0,1787450873,247750
es_vanilla_s0,1787450883,247750
es_vanilla_s0,1787450893,247750
es_vanilla_s0,1787450903,247750
es_vanilla_s0,1787450914,247750
es_vanilla_s0,1787450924,247750
es_vanilla_s0,1787450934,247750
es_vanilla_s0,1787450944,247750
es_vanilla_s0,1787450954,247750
es_vanilla_s0,1787450964,247750
es_vanilla_s0,1787450974,247750
es_vanilla_s0,1787450984,247750
es_vanilla_s0,1787450994,247750
es_vanilla_s0,1787451004,247750
es_vanilla_s0,1787451015,247750
es_vanilla_s0,1787451025,247750
es_vanilla_s0,1787451035,247750
es_vanilla_s0,1787451045,247750
es_vanilla_s0,1787451055,247750
es_vanilla_s0,1787451065,247750
es_vanilla_s0,1787451075,247750
es_vanilla_s0,1787451085,247750
es_vanilla_s0,1787451095,247750
es_vanilla_s0,1787451105,247750
es_vanilla_s0,1787451116,247750
es_vanilla_s0,1787451126,247750
es_vanilla_s0,1787451136,247750
es_vanilla_s0,1787451146,247750
es_vanilla_s0,1787451156,247750
es_vanilla_s0,1787451166,247750
es_vanilla_s0,1787451176,247750
es_vanilla_s0,1787451186,247750
es_vanilla_s0,1787451196,247750
es_vanilla_s0,1787451207,247750
es_vanilla_s0,1787451217,247750
es_vanilla_s0,1787451227,247750
es_vanilla_s0,1787451237,247750
es_vanilla_s0,1787451247,247750
es_vanilla_s0,1787451257,247750
es_vanilla_s0,1787451267,247750
es_vanilla_s0,1787451277,247750
es_vanilla_s0,1787451287,247750
es_vanilla_s0,1787451297,247750
es_vanilla_s0,1787451308,247750
es_vanilla_s0,1787451318,247750
es_vanilla_s0,1787451328,247750
es_vanilla_s0,1787451338,247750
es_vanilla_s0,1787451348,247750
es_vanilla_s0,1787451358,247750
es_vanilla_s0,1787451368,247750
es_vanilla_s0,1787451378,247750
es_vanilla_s0,1787451388,247750
es_vanilla_s0,1787451398,247750
es_vanilla_s0,1787451409,247750
es_vanilla_s0,1787451419,247750
es_vanilla_s0,1787451429,247750
es_vanilla_s0,1787451439,247750
es_vanilla_s0,1787451449,247750
es_vanilla_s0,1787451459,247750
es_vanilla_s0,1787451469,247750
es_vanilla_s0,1787451479,247750
es_vanilla_s0,1787451489,247750
es_vanilla_s0,1787451499,247750
es_vanilla_s0,1787451510,247750
es_vanilla_s0,1787451520,247750
es_vanilla_s0,1787451530,247750
es_vanilla_s0,1787451540,247750
es_vanilla_s0,1787451550,247750
es_vanilla_s0,1787451560,247750
es_vanilla_s0,1787451570,247750
es_vanilla_s0,1787451580,247750
es_vanilla_s0,1787451590,247750
es_vanilla_s0,1787451600,247750
es_vanilla_s0,1787451611,247750
es_vanilla_s0,1787451621,247750
es_vanilla_s0,1787451631,247750
es_vanilla_s0,1787451641,247750
es_vanilla_s0,1787451651,247750
es_vanilla_s0,1787451661,247750
es_vanilla_s0,1787451671,247750
es_vanilla_s0,1787451681,247750
es_vanilla_s0,1787451691,247750
es_vanilla_s0,1787451701,247750
es_vanilla_s0,1787451712,247750
es_vanilla_s0,1787451722,247750
es_vanilla_s0,1787451732,247750
es_vanilla_s0,1787451742,247750
es_vanilla_s0,1787451752,247750
es_vanilla_s0,1787451762,247750
es_vanilla_s0,1787451772,247750
es_vanilla_s0,1787451782,247750
es_vanilla_s0,1787451792,247750
es_vanilla_s0,1787451802,247750
es_vanilla_s0,1787451813,247750
es_vanilla_s0,1787451823,247750
es_vanilla_s0,1787451833,247750
es_vanilla_s0,1787451843,247750
es_vanilla_s0,1787451853,247750
es_vanilla_s0,1787451863,247750
es_vanilla_s0,1787451873,247750
es_vanilla_s0,1787451883,247750
es_vanilla_s0,1787451893,247750
es_vanilla_s0,1787451903,247750
es_vanilla_s0,1787451914,247750
es_vanilla_s0,1787451924,247750
es_vanilla_s0,1787451934,247750
es_vanilla_s0,1787451944,247750
es_vanilla_s0,1787451954,247750
es_vanilla_s0,1787451964,247750
es_vanilla_s0,1787451974,247750
es_vanilla_s0,1787451984,247750
es_vanilla_s0,1787451994,247750
es_vanilla_s0,1787452004,247750
es_vanilla_s0,1787452015,247750
es_vanilla_s0,1787452025,247750
es_vanilla_s0,1787452035,247750
es_vanilla_s0,1787452045,247750
es_vanilla_s0,1787452055,247750
es_vanilla_s0,1787452065,247750
es_vanilla_s0,1787452075,247750
es_vanilla_s0,1787452085,247750
es_vanilla_s0,1787452095,247750
es_vanilla_s0,1787452105,247750
es_vanilla_s0,1787452116,247750
es_vanilla_s0,1787452126,247750
es_vanilla_s0,1787452136,247750
es_vanilla_s0,1787452146,247750
es_vanilla_s0,1787452156,247750
es_vanilla_s0,1787452166,247750
es_vanilla_s0,1787452176,247750
es_vanilla_s0,1787452186,247750
es_vanilla_s0,1787452196,247750
es_vanilla_s0,1787452206,247750
es_vanilla_s0,1787452217,247750
es_vanilla_s0,1787452227,247750
es_vanilla_s0,1787452237,247750
es_vanilla_s0,1787452247,247750
es_vanilla_s0,1787452257,247750
es_vanilla_s0,1787452267,247750
es_vanilla_s0,1787452277,247750
es_vanilla_s0,1787452287,247750
es_vanilla_s0,1787452297,247750
es_vanilla_s0,1787452307,247750
es_vanilla_s0,1787452318,247750
es_vanilla_s0,1787452328,247750
es_vanilla_s0,1787452338,247750
es_vanilla_s0,1787452348,247750
es_vanilla_s0,1787452358,247750
es_vanilla_s0,1787452368,247750
es_vanilla_s0,1787452378,247750
es_vanilla_s0,1787452388,247750
es_vanilla_s0,1787452398,247750
es_vanilla_s0,1787452408,247750
es_vanilla_s0,1787452419,247750
es_vanilla_s0,1787452429,247750
es_vanilla_s0,1787452439,247750
es_vanilla_s0,1787452449,247750
es_vanilla_s0,1787452459,247750
es_vanilla_s0,1787452469,247750
es_vanilla_s0,1787452479,247750
es_vanilla_s0,1787452489,247750
es_vanilla_s0,1787452499,247750
es_vanilla_s0,1787452509,247750
es_vanilla_s0,1787452520,247750
es_vanilla_s0,1787452530,247750
es_vanilla_s0,1787452540,247750
es_vanilla_s0,1787452550,247750
es_vanilla_s0,1787452560,247750
es_vanilla_s0,1787452570,247750
es_vanilla_s0,1787452580,247750
es_vanilla_s0,1787452590,247750
es_vanilla_s0,1787452600,247750
es_vanilla_s0,1787452610,247750
es_vanilla_s0,1787452621,247750
es_vanilla_s0,1787452631,247750
es_vanilla_s0,1787452641,247750
es_vanilla_s0,1787452651,247750
es_vanilla_s0,1787452661,247750
es_vanilla_s0,1787452671,247750
es_vanilla_s0,1787452681,247750
es_vanilla_s0,1787452691,247750
es_vanilla_s0,1787452701,247750
es_vanilla_s0,1787452711,247750
es_vanilla_s0,1787452722,247750
es_vanilla_s0,1787452732,247750
es_vanilla_s0,1787452742,247750
es_vanilla_s0,1787452752,247750
es_vanilla_s0,1787452762,247750
es_vanilla_s0,1787452772,247750
es_vanilla_s0,1787452782,247750
es_vanilla_s0,1787452792,247750
es_vanilla_s0,1787452802,247750
es_vanilla_s0,1787452812,247750
es_vanilla_s0,1787452823,247750
es_vanilla_s0,1787452833,247750
es_vanilla_s0,1787452843,247750
es_vanilla_s0,1787452853,247750
es_vanilla_s0,1787452863,247750
es_vanilla_s0,1787452873,247750
es_vanilla_s0,1787452883,247750
es_vanilla_s0,1787452893,247750
es_vanilla_s0,1787452903,247750
es_vanilla_s0,1787452913,247750
es_vanilla_s0,1787452924,247750
es_vanilla_s0,1787452934,247750
es_vanilla_s0,1787452944,247750
es_vanilla_s0,1787452954,247750
es_vanilla_s0,1787452964,247750
es_vanilla_s0,1787452974,247750
es_vanilla_s0,1787452984,247750
es_vanilla_s0,1787452994,247750
es_vanilla_s0,1787453004,247750
es_vanilla_s0,1787453014,247750
es_vanilla_s0,1787453025,247750
es_vanilla_s0,1787453035,247750
es_vanilla_s0,1787453045,247750
es_vanilla_s0,1787453055,247750
es_vanilla_s0,1787453065,247750
es_vanilla_s0,1787453075,247750
es_vanilla_s0,1787453085,247750
es_vanilla_s0,1787453095,247750
es_vanilla_s0,1787453105,247750
es_vanilla_s0,1787453115,247750
es_vanilla_s0,1787453126,247750
es_vanilla_s0,1787453136,247750
es_vanilla_s0,1787453146,247750
es_vanilla_s0,1787453156,247750
es_vanilla_s0,1787453166,247750
es_vanilla_s0,1787453176,247750
es_vanilla_s0,1787453186,247750
es_vanilla_s0,1787453196,247750
es_vanilla_s0,1787453206,247750
es_vanilla_s0,1787453216,247750
es_vanilla_s0,1787453227,247750
es_vanilla_s0,1787453237,247750
es_vanilla_s0,1787453247,247750
es_vanilla_s0,1787453257,247750
es_vanilla_s0,1787453267,247750
es_vanilla_s0,1787453277,247750
es_vanilla_s0,1787453287,247750
es_vanilla_s0,1787453297,247750
es_vanilla_s0,1787453307,247750
es_vanilla_s0,1787453317,247750
es_vanilla_s0,1787453328,247750
es_vanilla_s0,1787453338,247750
es_vanilla_s0,1787453348,247750
es_vanilla_s0,1787453358,247750
es_vanilla_s0,1787453368,247750
es_vanilla_s0,1787453378,247750
es_vanilla_s0,1787453388,247750
es_vanilla_s0,1787453398,247750
es_vanilla_s0,1787453408,247750
es_vanilla_s0,1787453418,247750
es_vanilla_s0,1787453429,247750
es_vanilla_s0,1787453439,247750
es_vanilla_s0,1787453449,247750
es_vanilla_s0,1787453459,247750
es_vanilla_s0,1787453469,247750
es_vanilla_s0,1787453479,247750
es_vanilla_s0,1787453489,247750
es_vanilla_s0,1787453499,247750
es_vanilla_s0,1787453509,247750
es_vanilla_s0,1787453519,247750
es_vanilla_s0,1787453530,247750
es_vanilla_s0,1787453540,247750
es_vanilla_s0,1787453550,247750
es_vanilla_s0,1787453560,247750
es_vanilla_s0,1787453570,247750
es_vanilla_s0,1787453580,247750
es_vanilla_s0,1787453590,247750
es_vanilla_s0,1787453600,247750
es_vanilla_s0,1787453610,247750
es_vanilla_s0,1787453620,247750
es_vanilla_s0,1787453631,247750
es_vanilla_s0,1787453641,247750
es_vanilla_s0,1787453651,247750
es_vanilla_s0,1787453661,247750
es_vanilla_s0,1787453671,247750
es_vanilla_s0,1787453681,247750
es_vanilla_s0,1787453691,247750
es_vanilla_s0,1787453701,247750
es_vanilla_s0,1787453711,247750
es_vanilla_s0,1787453721,247750
es_vanilla_s0,1787453732,247750
es_vanilla_s0,1787453742,247750
es_vanilla_s0,1787453752,247750
es_vanilla_s0,1787453762,247750
es_vanilla_s0,1787453772,247750
es_vanilla_s0,1787453782,247750
es_vanilla_s0,1787453792,247750
es_vanilla_s0,1787453802,247750
es_vanilla_s0,1787453812,247750
es_vanilla_s0,1787453822,247750
es_vanilla_s0,1787453833,247750
es_vanilla_s0,1787453843,247750
es_vanilla_s0,1787453853,247750
es_vanilla_s0,1787453863,247750
es_vanilla_s0,1787453873,247750
es_vanilla_s0,1787453883,247750
es_vanilla_s0,1787453893,247750
es_vanilla_s0,1787453903,247750
es_vanilla_s0,1787453913,247750
es_vanilla_s0,1787453923,247750
es_vanilla_s0,1787453934,247750
es_vanilla_s0,1787453944,247750
es_vanilla_s0,1787453954,247750
es_vanilla_s0,1787453964,247750
es_vanilla_s0,1787453974,247750
es_vanilla_s0,1787453984,247750
es_vanilla_s0,1787453994,247750
es_vanilla_s0,1787454004,247750
es_vanilla_s0,1787454014,247750
es_vanilla_s0,1787454024,247750
es_vanilla_s0,1787454035,247750
es_vanilla_s0,1787454045,247750
es_vanilla_s0,1787454055,247750
es_vanilla_s0,1787454065,247750
es_vanilla_s0,1787454075,247750
es_vanilla_s0,1787454085,247750
es_vanilla_s0,1787454095,247750
es_vanilla_s0,1787454105,247750
es_vanilla_s0,1787454115,247750
es_vanilla_s0,1787454125,247750
es_vanilla_s0,1787454136,247750
es_vanilla_s0,1787454146,247750
es_vanilla_s0,1787454156,247750
es_vanilla_s0,1787454166,247750
es_vanilla_s0,1787454176,247750
es_vanilla_s0,1787454186,247750
es_vanilla_s0,1787454196,247750
es_vanilla_s0,1787454206,247750
es_vanilla_s0,1787454216,247750
es_vanilla_s0,1787454226,247750
es_vanilla_s0,1787454237,247750
es_vanilla_s0,1787454247,247750
es_vanilla_s0,1787454257,247750
es_vanilla_s0,1787454267,247750
es_vanilla_s0,1787454277,247750
es_vanilla_s0,1787454287,247750
es_vanilla_s0,1787454297,247750
es_vanilla_s0,1787454307,247750
es_vanilla_s0,1787454317,247750
es_vanilla_s0,1787454327,247750
es_vanilla_s0,1787454338,247750
es_vanilla_s0,1787454348,247750
es_vanilla_s0,1787454358,247750
es_vanilla_s0,1787454368,247750
es_vanilla_s0,1787454378,247750
es_vanilla_s0,1787454388,247750
es_vanilla_s0,1787454398,247750
es_vanilla_s0,1787454408,247750
es_vanilla_s0,1787454418,247750
es_vanilla_s0,1787454428,247750
es_vanilla_s0,1787454439,247750
es_vanilla_s0,1787454449,247750
es_vanilla_s0,1787454459,247750
es_vanilla_s0,1787454469,247750
es_vanilla_s0,1787454479,247750
es_vanilla_s0,1787454489,247750
es_vanilla_s0,1787454499,247750
es_vanilla_s0,1787454509,247750
es_vanilla_s0,1787454519,247750
es_vanilla_s0,1787454529,247750
es_vanilla_s0,1787454540,247750
es_vanilla_s0,1787454550,247750
es_vanilla_s0,1787454560,247750
es_vanilla_s0,1787454570,247750
es_vanilla_s0,1787454580,247750
es_vanilla_s0,1787454590,247750
es_vanilla_s0,1787454600,247750
es_vanilla_s0,1787454610,247750
es_vanilla_s0,1787454620,247750
es_vanilla_s0,1787454630,247750
es_vanilla_s0,1787454641,247750
es_vanilla_s0,1787454651,247750
es_vanilla_s0,1787454661,247750
es_vanilla_s0,1787454671,247750
es_vanilla_s0,1787454681,247750
es_vanilla_s0,1787454691,247750
es_vanilla_s0,1787454701,247750
es_vanilla_s0,1787454711,247750
es_vanilla_s0,1787454721,247750
es_vanilla_s0,1787454731,247750
es_vanilla_s0,1787454742,247750
es_vanilla_s0,1787454752,247750
es_vanilla_s0,1787454762,247750
es_vanilla_s0,1787454772,247750
es_vanilla_s0,1787454782,247750
es_vanilla_s0,1787454792,247750
es_vanilla_s0,1787454802,247750
es_vanilla_s0,1787454812,247750
es_vanilla_s0,1787454822,247750
es_vanilla_s0,1787454832,247750
es_vanilla_s0,1787454843,247750
es_vanilla_s0,1787454853,247750
es_vanilla_s0,1787454863,247750
es_vanilla_s0,1787454873,247750
es_vanilla_s0,1787454883,247750
es_vanilla_s0,1787454893,247750
es_vanilla_s0,1787454903,247750
es_vanilla_s0,1787454913,247750
es_vanilla_s0,1787454923,247750
es_vanilla_s0,1787454933,247750
es_vanilla_s0,1787454944,247750
es_vanilla_s0,1787454954,247750
es_vanilla_s0,1787454964,247750
es_vanilla_s0,1787454974,247750
es_vanilla_s0,1787454984,247750
es_vanilla_s0,1787454994,247750
es_vanilla_s0,1787455004,247750
es_vanilla_s0,1787455014,247750
es_vanilla_s0,1787455024,247750
es_vanilla_s0,1787455034,247750
es_vanilla_s0,1787455045,247750
es_vanilla_s0,1787455055,247750
es_vanilla_s0,1787455065,247750
es_vanilla_s0,1787455075,247750
es_vanilla_s0,1787455085,247750
es_vanilla_s0,1787455095,247750
es_vanilla_s0,1787455105,247750
es_vanilla_s0,1787455115,247750
es_vanilla_s0,1787455125,247750
es_vanilla_s0,1787455135,247750
es_vanilla_s0,1787455146,247750
es_vanilla_s0,1787455156,247750
es_vanilla_s0,1787455166,247750
es_vanilla_s0,1787455176,247750
es_vanilla_s0,1787455186,247750
es_vanilla_s0,1787455196,247750
es_vanilla_s0,1787455206,247750
es_vanilla_s0,1787455216,247750
es_vanilla_s0,1787455226,247750
es_vanilla_s0,1787455236,247750
es_vanilla_s0,1787455247,247750
es_vanilla_s0,1787455257,247750
es_vanilla_s0,1787455267,247750
es_vanilla_s0,1787455277,247750
es_vanilla_s0,1787455287,247750
es_vanilla_s0,1787455297,247750
es_vanilla_s0,1787455307,247750
es_vanilla_s0,1787455317,247750
es_vanilla_s0,1787455327,247750
es_vanilla_s0,1787455337,247750
es_vanilla_s0,1787455348,247750
es_vanilla_s0,1787455358,247750
es_vanilla_s0,1787455368,247750
es_vanilla_s0,1787455378,247750
es_vanilla_s0,1787455388,247750
es_vanilla_s0,1787455398,247750
es_vanilla_s0,1787455408,247750
es_vanilla_s0,1787455418,247750
es_vanilla_s0,1787455428,247750
es_vanilla_s0,1787455438,247750
es_vanilla_s0,1787455449,247750
es_vanilla_s0,1787455459,247750
es_vanilla_s0,1787455469,247750
es_vanilla_s0,1787455479,247750
es_vanilla_s0,1787455489,247750
es_vanilla_s0,1787455499,247750
es_vanilla_s0,1787455509,247750
es_vanilla_s0,1787455519,247750
es_vanilla_s0,1787455529,247750
es_vanilla_s0,1787455539,247750
es_vanilla_s0,1787455550,247750
es_vanilla_s0,1787455560,247750
es_vanilla_s0,1787455570,247750
es_vanilla_s0,1787455580,247750
es_vanilla_s0,1787455590,247750
es_vanilla_s0,1787455600,247750
es_vanilla_s0,1787455610,247750
es_vanilla_s0,1787455620,247750
es_vanilla_s0,1787455630,247750
es_vanilla_s0,1787455640,247750
es_vanilla_s0,1787455651,247750
es_vanilla_s0,1787455661,247750
es_vanilla_s0,1787455671,247750
es_vanilla_s0,1787455681,247750
es_vanilla_s0,1787455691,247750
es_vanilla_s0,1787455701,247750
es_vanilla_s0,1787455711,247750
es_vanilla_s0,1787455721,247750
es_vanilla_s0,1787455731,247750
es_vanilla_s0,1787455741,247750
es_vanilla_s0,1787455752,247750
es_vanilla_s0,1787455762,247750
es_vanilla_s0,1787455772,247750
es_vanilla_s0,1787455782,247750
es_vanilla_s0,1787455792,247750
es_vanilla_s0,1787455802,247750
es_vanilla_s0,1787455812,247750
es_vanilla_s0,1787455822,247750
es_vanilla_s0,1787455832,247750
es_vanilla_s0,1787455842,247750
es_vanilla_s0,1787455853,247750
es_vanilla_s0,1787455863,247750
es_vanilla_s0,1787455873,247750
es_vanilla_s0,1787455883,247750
es_vanilla_s0,1787455893,247750
es_vanilla_s0,1787455903,247750
es_vanilla_s0,1787455913,247750
es_vanilla_s0,1787455923,247750
es_vanilla_s0,1787455933,247750
es_vanilla_s0,1787455943,247750
es_vanilla_s0,1787455954,247750
es_vanilla_s0,1787455964,247750
es_vanilla_s0,1787455974,247750
es_vanilla_s0,1787455984,247750
es_vanilla_s0,1787455994,247750
es_vanilla_s0,1787456004,247750
es_vanilla_s0,1787456014,247750
es_vanilla_s0,1787456024,247750
es_vanilla_s0,1787456034,247750
es_vanilla_s0,1787456044,247750
es_vanilla_s0,1787456055,247750
es_vanilla_s0,1787456065,247750
es_vanilla_s0,1787456075,247750
es_vanilla_s0,1787456085,247750
es_vanilla_s0,1787456095,247750
es_vanilla_s0,1787456105,247750
es_vanilla_s0,1787456115,247750
es_vanilla_s0,1787456125,247750
es_vanilla_s0,1787456135,247750
es_vanilla_s0,1787456146,247750
es_vanilla_s0,1787456156,247750
es_vanilla_s0,1787456166,247750
es_vanilla_s0,1787456176,247750
es_vanilla_s0,1787456186,247750
es_vanilla_s0,1787456196,247750
es_vanilla_s0,1787456206,247750
es_vanilla_s0,1787456216,247750
es_vanilla_s0,1787456226,247750
es_vanilla_s0,1787456236,247750
es_vanilla_s0,1787456247,247750
es_vanilla_s0,1787456257,247750
es_vanilla_s0,1787456267,247750
es_vanilla_s0,1787456277,247750
es_vanilla_s0,1787456287,247750
es_vanilla_s0,1787456297,247750
es_vanilla_s0,1787456307,247750
es_vanilla_s0,1787456317,247750
es_vanilla_s0,1787456327,247750
es_vanilla_s0,1787456337,247750
es_vanilla_s0,1787456348,247750
es_vanilla_s0,1787456358,247750
es_vanilla_s0,1787456368,247750
es_vanilla_s0,1787456378,247750
es_vanilla_s0,1787456388,247750
es_vanilla_s0,1787456398,247750
es_vanilla_s0,1787456408,247750
es_vanilla_s0,1787456418,247750
es_vanilla_s0,1787456428,247750
es_vanilla_s0,1787456438,247750
es_vanilla_s0,1787456449,247750
es_vanilla_s0,1787456459,247750
es_vanilla_s0,1787456469,247750
es_vanilla_s0,1787456479,247750
es_vanilla_s0,1787456489,247750
es_vanilla_s0,1787456499,247750
es_vanilla_s0,1787456509,247750
es_vanilla_s0,1787456519,247750
es_vanilla_s0,1787456529,247750
es_vanilla_s0,1787456539,247750
es_vanilla_s0,1787456550,247750
es_vanilla_s0,1787456560,247750
es_vanilla_s0,1787456570,247750
es_vanilla_s0,1787456580,247750
es_vanilla_s0,1787456590,247750
es_vanilla_s0,1787456600,247750
es_vanilla_s0,1787456610,247750
es_vanilla_s0,1787456620,247750
es_vanilla_s0,1787456630,247750
es_vanilla_s0,1787456640,247750
es_vanilla_s0,1787456651,247750
es_vanilla_s0,1787456661,247750
es_vanilla_s0,1787456671,247750
es_vanilla_s0,1787456681,247750
es_vanilla_s0,1787456691,247750
es_vanilla_s0,1787456701,247750
es_vanilla_s0,1787456711,247750
es_vanilla_s0,1787456721,247750
es_vanilla_s0,1787456731,247750
es_vanilla_s0,1787456741,247750
es_vanilla_s0,1787456752,247750
es_vanilla_s0,1787456762,247750
es_vanilla_s0,1787456772,247750
es_vanilla_s0,1787456782,247750
es_vanilla_s0,1787456792,247750
es_vanilla_s0,1787456802,247750
es_vanilla_s0,1787456812,247750
es_vanilla_s0,1787456822,247750
es_vanilla_s0,1787456832,247750
es_vanilla_s0,1787456842,247750
es_vanilla_s0,1787456853,247750
es_vanilla_s0,1787456863,247750
es_vanilla_s0,1787456873,247750
es_vanilla_s0,1787456883,247750
es_vanilla_s0,1787456893,247750
es_vanilla_s0,1787456903,247750
es_vanilla_s0,1787456913,247750
es_vanilla_s0,1787456923,247750
es_vanilla_s0,1787456933,247750
es_vanilla_s0,1787456944,247750
es_vanilla_s0,1787456954,247750
es_vanilla_s0,1787456964,247750
es_vanilla_s0,1787456974,247750
es_vanilla_s0,1787456984,247750
es_vanilla_s0,1787456994,247750
es_vanilla_s0,1787457004,247750
es_vanilla_s0,1787457014,247750
es_vanilla_s0,1787457024,247750
es_vanilla_s0,1787457034,247750
es_vanilla_s0,1787457045,247750
es_vanilla_s0,1787457055,247750
es_vanilla_s0,1787457065,247750
es_vanilla_s0,1787457075,247750
es_vanilla_s0,1787457085,247750
es_vanilla_s0,1787457095,247750
es_vanilla_s0,1787457105,247750
es_vanilla_s0,1787457115,247750
es_vanilla_s0,1787457125,247750
es_vanilla_s0,1787457135,247750
es_vanilla_s0,1787457146,247750
es_vanilla_s0,1787457156,247750
es_vanilla_s0,1787457166,247750
es_vanilla_s0,1787457176,247750
es_vanilla_s0,1787457186,247750
es_vanilla_s0,1787457196,247750
es_vanilla_s0,1787457206,247750
es_vanilla_s0,1787457216,247750
es_vanilla_s0,1787457226,247750
es_vanilla_s0,1787457236,247750
es_vanilla_s0,1787457247,247750
es_vanilla_s0,1787457257,247750
es_vanilla_s0,1787457267,247750
es_vanilla_s0,1787457277,247750
es_vanilla_s0,1787457287,247750
es_vanilla_s0,1787457297,247750
es_vanilla_s0,1787457307,247750
es_vanilla_s0,1787457317,247750
es_vanilla_s0,1787457327,247750
es_vanilla_s0,1787457337,247750
es_vanilla_s0,1787457348,247750
es_vanilla_s0,1787457358,247750
es_vanilla_s0,1787457368,247750
es_vanilla_s0,1787457378,247750
es_vanilla_s0,1787457388,247750
es_vanilla_s0,1787457398,247750
es_vanilla_s0,1787457408,247750
es_vanilla_s0,1787457418,247750
es_vanilla_s0,1787457428,247750
es_vanilla_s0,1787457438,247750
es_vanilla_s0,1787457449,247750
es_vanilla_s0,1787457459,247750
es_vanilla_s0,1787457469,247750
es_vanilla_s0,1787457479,247750
es_vanilla_s0,1787457489,247750
es_vanilla_s0,1787457499,247750
es_vanilla_s0,1787457509,247750
es_vanilla_s0,1787457519,247750
es_vanilla_s0,1787457529,247750
es_vanilla_s0,1787457540,247750
es_vanilla_s0,1787457550,247750
es_vanilla_s0,1787457560,247750
es_vanilla_s0,1787457570,247750
es_vanilla_s0,1787457580,247750
es_vanilla_s0,1787457590,247750
es_vanilla_s0,1787457600,247750
es_vanilla_s0,1787457610,247750
es_vanilla_s0,1787457620,247750
es_vanilla_s0,1787457630,247750
es_vanilla_s0,1787457641,247750
es_vanilla_s0,1787457651,247750
es_vanilla_s0,1787457661,247750
es_vanilla_s0,1787457671,247750
es_vanilla_s0,1787457681,247750
es_vanilla_s0,1787457691,247750
es_vanilla_s0,1787457701,247750
es_vanilla_s0,1787457711,247750
es_vanilla_s0,1787457721,247750
es_vanilla_s0,1787457731,247750
es_vanilla_s0,1787457742,247750
es_vanilla_s0,1787457752,247750
es_vanilla_s0,1787457762,247750
es_vanilla_s0,1787457772,247750
es_vanilla_s0,1787457782,247750
es_vanilla_s0,1787457792,247750
es_vanilla_s0,1787457802,247750
es_vanilla_s0,1787457812,247750
es_vanilla_s0,1787457822,247750
es_vanilla_s0,1787457832,247750
es_vanilla_s0,1787457843,247750
es_vanilla_s0,1787457853,247750
es_vanilla_s0,1787457863,247750
es_vanilla_s0,1787457873,247750
es_vanilla_s0,1787457883,247750
es_vanilla_s0,1787457893,247750
es_vanilla_s0,1787457903,247750
es_vanilla_s0,1787457913,247750
es_vanilla_s0,1787457923,247750
es_vanilla_s0,1787457933,247750
es_vanilla_s0,1787457944,247750
es_vanilla_s0,1787457954,247750
es_vanilla_s0,1787457964,247750
es_vanilla_s0,1787457974,247750
es_vanilla_s0,1787457984,247750
es_vanilla_s0,1787457994,247750
es_vanilla_s0,1787458004,247750
es_vanilla_s0,1787458014,247750
es_vanilla_s0,1787458024,247750
es_vanilla_s0,1787458035,247750
es_vanilla_s0,1787458045,247750
es_vanilla_s0,1787458055,247750
es_vanilla_s0,1787458065,247750
es_vanilla_s0,1787458075,247750
es_vanilla_s0,1787458085,247750
es_vanilla_s0,1787458095,247750
es_vanilla_s0,1787458105,247750
es_vanilla_s0,1787458115,247750
es_vanilla_s0,1787458125,247750
es_vanilla_s0,1787458136,247750
es_vanilla_s0,1787458146,247750
es_vanilla_s0,1787458156,247750
es_vanilla_s0,1787458166,247750
es_vanilla_s0,1787458176,247750
es_vanilla_s0,1787458186,247750
es_vanilla_s0,1787458196,247750
es_vanilla_s0,1787458206,247750
es_vanilla_s0,1787458216,247750
es_vanilla_s0,1787458226,247750
es_vanilla_s0,1787458237,247750
es_vanilla_s0,1787458247,247750
es_vanilla_s0,1787458257,247750
es_vanilla_s0,1787458267,247750
es_vanilla_s0,1787458277,247750
es_vanilla_s0,1787458287,247750
es_vanilla_s0,1787458297,247750
es_vanilla_s0,1787458307,247750
es_vanilla_s0,1787458317,247750
es_vanilla_s0,1787458327,247750
es_vanilla_s0,1787458338,247750
es_vanilla_s0,1787458348,247750
es_vanilla_s0,1787458358,247750
es_vanilla_s0,1787458368,247750
es_vanilla_s0,1787458378,247750
es_vanilla_s0,1787458388,247750
es_vanilla_s0,1787458398,247750
es_vanilla_s0,1787458408,247750
es_vanilla_s0,1787458418,247750
es_vanilla_s0,1787458428,247750
es_vanilla_s0,1787458439,247750
es_vanilla_s0,1787458449,247750
es_vanilla_s0,1787458459,247750
es_vanilla_s0,1787458469,247750
es_vanilla_s0,1787458479,247750
es_vanilla_s0,1787458489,247750
es_vanilla_s0,1787458499,247750
es_vanilla_s0,1787458509,247750
es_vanilla_s0,1787458519,247750
es_vanilla_s0,1787458529,247750
es_vanilla_s0,1787458540,247750
es_vanilla_s0,1787458550,247750
es_vanilla_s0,1787458560,247750
es_vanilla_s0,1787458570,247750
es_vanilla_s0,1787458580,247750
es_vanilla_s0,1787458590,247750
es_vanilla_s0,1787458600,247750
es_vanilla_s0,1787458610,247750
es_vanilla_s0,1787458620,247750
es_vanilla_s0,1787458631,247750
es_vanilla_s0,1787458641,247750
es_vanilla_s0,1787458651,247750
es_vanilla_s0,1787458661,247750
es_vanilla_s0,1787458671,247750
es_vanilla_s0,1787458681,247750
es_vanilla_s0,1787458691,247750
es_vanilla_s0,1787458701,247750
es_vanilla_s0,1787458711,247750
es_vanilla_s0,1787458721,247750
es_vanilla_s0,1787458732,247750
es_vanilla_s0,1787458742,247750
es_vanilla_s0,1787458752,247750
es_vanilla_s0,1787458762,247750
es_vanilla_s0,1787458772,247750
es_vanilla_s0,1787458782,247750
es_vanilla_s0,1787458792,247750
es_vanilla_s0,1787458802,247750
es_vanilla_s0,1787458812,247750
es_vanilla_s0,1787458822,247750
es_vanilla_s0,1787458833,247750
es_vanilla_s0,1787458843,247750
es_vanilla_s0,1787458853,247750
es_vanilla_s0,1787458863,247750
es_vanilla_s0,1787458873,247750
es_vanilla_s0,1787458883,247750
es_vanilla_s0,1787458893,247750
es_vanilla_s0,1787458903,247750
es_vanilla_s0,1787458913,247750
es_vanilla_s0,1787458923,247750
es_vanilla_s0,1787458934,247750
es_vanilla_s0,1787458944,247750
es_vanilla_s0,1787458954,247750
es_vanilla_s0,1787458964,247750
es_vanilla_s0,1787458974,247750
es_vanilla_s0,1787458984,247750
es_vanilla_s0,1787458994,247750
es_vanilla_s0,1787459004,247750
es_vanilla_s0,1787459014,247750
es_vanilla_s0,1787459024,247750
es_vanilla_s0,1787459035,247750
es_vanilla_s0,1787459045,247750
es_vanilla_s0,1787459055,247750
es_vanilla_s0,1787459065,247750
es_vanilla_s0,1787459075,247750
es_vanilla_s0,1787459085,247750
es_vanilla_s0,1787459095,247750
es_vanilla_s0,1787459105,247750
es_vanilla_s0,1787459115,247750
es_vanilla_s0,1787459125,247750
es_vanilla_s0,1787459136,247750
es_vanilla_s0,1787459146,247750
es_vanilla_s0,1787459156,247750
es_vanilla_s0,1787459166,247750
es_vanilla_s0,1787459176,247750
es_vanilla_s0,1787459186,247750
es_vanilla_s0,1787459196,247750
es_vanilla_s0,1787459206,247750
es_vanilla_s0,1787459216,247750
es_vanilla_s0,1787459226,247750
es_vanilla_s0,1787459237,247750
es_vanilla_s0,1787459247,247750
es_vanilla_s0,1787459257,247750
es_vanilla_s0,1787459267,247750
es_vanilla_s0,1787459277,247750
es_vanilla_s0,1787459287,247750
es_vanilla_s0,1787459297,247750
es_vanilla_s0,1787459307,247750
es_vanilla_s0,1787459317,247750
es_vanilla_s0,1787459328,247750
es_vanilla_s0,1787459338,247750
es_vanilla_s0,1787459348,247750
es_vanilla_s0,1787459358,247750
es_vanilla_s0,1787459368,247750
es_vanilla_s0,1787459378,247750
es_vanilla_s0,1787459388,247750
es_vanilla_s0,1787459398,247750
es_vanilla_s0,1787459408,247750
es_vanilla_s0,1787459418,247750
es_vanilla_s0,1787459429,247750
es_vanilla_s0,1787459439,247750
es_vanilla_s0,1787459449,247750
es_vanilla_s0,1787459459,247750
es_vanilla_s0,1787459469,247750
es_vanilla_s0,1787459479,247750
es_vanilla_s0,1787459489,247750
es_vanilla_s0,1787459499,247750
es_vanilla_s0,1787459509,247750
es_vanilla_s0,1787459519,247750
es_vanilla_s0,1787459530,247750
es_vanilla_s0,1787459540,247750
es_vanilla_s0,1787459550,247750
es_vanilla_s0,1787459560,247750
es_vanilla_s0,1787459570,247750
es_vanilla_s0,1787459580,247750
es_vanilla_s0,1787459590,247750
es_vanilla_s0,1787459600,247750
es_vanilla_s0,1787459610,247750
es_vanilla_s0,1787459620,247750
es_vanilla_s0,1787459631,247750
es_vanilla_s0,1787459641,247750
es_vanilla_s0,1787459651,247750
es_vanilla_s0,1787459661,247750
es_vanilla_s0,1787459671,247750
es_vanilla_s0,1787459681,247750
es_vanilla_s0,1787459691,247750
es_vanilla_s0,1787459701,247750
es_vanilla_s0,1787459711,247750
es_vanilla_s0,1787459721,247750
es_vanilla_s0,1787459732,247750
es_vanilla_s0,1787459742,247750
es_vanilla_s0,1787459752,247750
es_vanilla_s0,1787459762,247750
es_vanilla_s0,1787459772,247750
es_vanilla_s0,1787459782,247750
es_vanilla_s0,1787459792,247750
es_vanilla_s0,1787459802,247750
es_vanilla_s0,1787459812,247750
es_vanilla_s0,1787459822,247750
es_vanilla_s0,1787459833,247750
es_vanilla_s0,1787459843,247750
es_vanilla_s0,1787459853,247750
es_vanilla_s0,1787459863,247750
es_vanilla_s0,1787459873,247750
es_vanilla_s0,1787459883,247750
es_vanilla_s0,1787459893,247750
es_vanilla_s0,1787459903,247750
es_vanilla_s0,1787459913,247750
es_vanilla_s0,1787459923,247750
es_vanilla_s0,1787459934,247750
es_vanilla_s0,1787459944,247750
es_vanilla_s0,1787459954,247750
es_vanilla_s0,1787459964,247750
es_vanilla_s0,1787459974,247750
es_vanilla_s0,1787459984,247750
es_vanilla_s0,1787459994,247750
es_vanilla_s0,1787460004,247750
es_vanilla_s0,1787460014,247750
es_vanilla_s0,1787460024,247750
es_vanilla_s0,1787460035,247750
es_vanilla_s0,1787460045,247750
es_vanilla_s0,1787460055,247750
es_vanilla_s0,1787460065,247750
es_vanilla_s0,1787460075,247750
es_vanilla_s0,1787460085,247750
es_vanilla_s0,1787460095,247750
es_vanilla_s0,1787460105,247750
es_vanilla_s0,1787460115,247750
es_vanilla_s0,1787460126,247750
es_vanilla_s0,1787460136,247750
es_vanilla_s0,1787460146,247750
es_vanilla_s0,1787460156,247750
es_vanilla_s0,1787460166,247750
es_vanilla_s0,1787460176,247750
es_vanilla_s0,1787460186,247750
es_vanilla_s0,1787460196,247750
es_vanilla_s0,1787460206,247750
es_vanilla_s0,1787460216,247750
es_vanilla_s0,1787460227,247750
es_vanilla_s0,1787460237,247750
es_vanilla_s0,1787460247,247750
es_vanilla_s0,1787460257,247750
es_vanilla_s0,1787460267,247750
es_vanilla_s0,1787460277,247750
es_vanilla_s0,1787460287,247750
es_vanilla_s0,1787460297,247750
es_vanilla_s0,1787460307,247750
es_vanilla_s0,1787460317,247750
es_vanilla_s0,1787460328,247750
es_vanilla_s0,1787460338,247750
es_vanilla_s0,1787460348,247750
es_vanilla_s0,1787460358,247750
es_vanilla_s0,1787460368,247750
es_vanilla_s0,1787460378,247750
es_vanilla_s0,1787460388,247750
es_vanilla_s0,1787460398,247750
es_vanilla_s0,1787460408,247750
es_vanilla_s0,1787460418,247750
es_vanilla_s0,1787460429,247750
es_vanilla_s0,1787460439,247750
es_vanilla_s0,1787460449,247750
es_vanilla_s0,1787460459,247750
es_vanilla_s0,1787460469,247750
es_vanilla_s0,1787460479,247750
es_vanilla_s0,1787460489,247750
es_vanilla_s0,1787460499,247750
es_vanilla_s0,1787460509,247750
es_vanilla_s0,1787460519,247750
es_vanilla_s0,1787460530,247750
es_vanilla_s0,1787460540,247750
es_vanilla_s0,1787460550,247750
es_vanilla_s0,1787460560,247750
es_vanilla_s0,1787460570,247750
es_vanilla_s0,1787460580,247750
es_vanilla_s0,1787460590,247750
es_vanilla_s0,1787460600,247750
es_vanilla_s0,1787460610,247750
es_vanilla_s0,1787460620,247750
es_vanilla_s0,1787460631,247750
es_vanilla_s0,1787460641,247750
es_vanilla_s0,1787460651,247750
es_vanilla_s0,1787460661,247750
es_vanilla_s0,1787460671,247750
es_vanilla_s0,1787460681,247750
es_vanilla_s0,1787460691,247750
es_vanilla_s0,1787460701,247750
es_vanilla_s0,1787460711,247750
es_vanilla_s0,1787460721,247750
es_vanilla_s0,1787460732,247750
es_vanilla_s0,1787460742,247750
es_vanilla_s0,1787460752,247750
es_vanilla_s0,1787460762,247750
es_vanilla_s0,1787460772,247750
es_vanilla_s0,1787460782,247750
es_vanilla_s0,1787460792,247750
es_vanilla_s0,1787460802,247750
es_vanilla_s0,1787460812,247750
es_vanilla_s0,1787460822,247750
es_vanilla_s0,1787460833,247750
es_vanilla_s0,1787460843,247750
es_vanilla_s0,1787460853,247750
es_vanilla_s0,1787460863,247750
es_vanilla_s0,1787460873,247750
es_vanilla_s0,1787460883,247750
es_vanilla_s0,1787460893,247750
es_vanilla_s0,1787460903,247750
es_vanilla_s0,1787460913,247750
es_vanilla_s0,1787460923,247750
es_vanilla_s0,1787460934,247750
es_vanilla_s0,1787460944,247750
es_vanilla_s0,1787460954,247750
es_vanilla_s0,1787460964,247750
es_vanilla_s0,1787460974,247750
es_vanilla_s0,1787460984,247750
es_vanilla_s0,1787460994,247750
es_vanilla_s0,1787461004,247750
es_vanilla_s0,1787461014,247750
es_vanilla_s0,1787461025,247750
es_vanilla_s0,1787461035,247750
es_vanilla_s0,1787461045,247750
es_vanilla_s0,1787461055,247750
es_vanilla_s0,1787461065,247750
es_vanilla_s0,1787461075,247750
es_vanilla_s0,1787461085,247750
es_vanilla_s0,1787461095,247750
es_vanilla_s0,1787461105,247750
es_vanilla_s0,1787461115,247750
es_vanilla_s0,1787461126,247750
es_vanilla_s0,1787461136,247750
es_vanilla_s0,1787461146,247750
es_vanilla_s0,1787461156,247750
es_vanilla_s0,1787461166,247750
es_vanilla_s0,1787461176,247750
es_vanilla_s0,1787461186,247750
es_vanilla_s0,1787461196,247750
es_vanilla_s0,1787461206,247750
es_vanilla_s0,1787461216,247750
es_vanilla_s0,1787461227,247750
es_vanilla_s0,1787461237,247750
es_vanilla_s0,1787461247,247750
es_vanilla_s0,1787461257,247750
es_vanilla_s0,1787461267,247750
es_vanilla_s0,1787461277,247750
es_vanilla_s0,1787461287,247750
es_vanilla_s0,1787461297,247750
es_vanilla_s0,1787461307,247750
es_vanilla_s0,1787461317,247750
es_vanilla_s0,1787461328,247750
es_vanilla_s0,1787461338,247750
es_vanilla_s0,1787461348,247750
es_vanilla_s0,1787461358,247750
es_vanilla_s0,1787461368,247750
es_vanilla_s0,1787461378,247750
es_vanilla_s0,1787461388,247750
es_vanilla_s0,1787461398,247750
es_vanilla_s0,1787461408,247750
es_vanilla_s0,1787461418,247750
es_vanilla_s0,1787461429,247750
es_vanilla_s0,1787461439,247750
es_vanilla_s0,1787461449,247750
es_vanilla_s0,1787461459,247750
es_vanilla_s0,1787461469,247750
es_vanilla_s0,1787461479,247750
es_vanilla_s0,1787461489,247750
es_vanilla_s0,1787461499,247750
es_vanilla_s0,1787461509,247750
es_vanilla_s0,1787461519,247750
es_vanilla_s0,1787461530,247750
es_vanilla_s0,1787461540,247750
es_vanilla_s0,1787461550,247750
es_vanilla_s0,1787461560,247750
es_vanilla_s0,1787461570,247750
es_vanilla_s0,1787461580,247750
es_vanilla_s0,1787461590,247750
es_vanilla_s0,1787461600,247750
es_vanilla_s0,1787461610,247750
es_vanilla_s0,1787461620,247750
es_vanilla_s0,1787461631,247750
es_vanilla_s0,1787461641,247750
es_vanilla_s0,1787461651,247750
es_vanilla_s0,1787461661,247750
es_vanilla_s0,1787461671,247750
es_vanilla_s0,1787461681,247750
es_vanilla_s0,1787461691,247750
es_vanilla_s0,1787461701,247750
es_vanilla_s0,1787461711,247750
es_vanilla_s0,1787461721,247750
es_vanilla_s0,1787461732,247750
es_vanilla_s0,1787461742,247750
es_vanilla_s0,1787461752,247750
es_vanilla_s0,1787461762,247750
es_vanilla_s0,1787461772,247750
es_vanilla_s0,1787461782,247750
es_vanilla_s0,1787461792,247750
es_vanilla_s0,1787461802,247750
es_vanilla_s0,1787461812,247750
es_vanilla_s0,1787461822,247750
es_vanilla_s0,1787461832,247750
es_vanilla_s0,1787461843,247750
es_vanilla_s0,1787461853,247750
es_vanilla_s0,1787461863,247750
es_vanilla_s0,1787461873,247750
es_vanilla_s0,1787461883,247750
es_vanilla_s0,1787461893,247750
es_vanilla_s0,1787461903,247750
es_vanilla_s0,1787461913,247750
es_vanilla_s0,1787461923,247750
es_vanilla_s0,1787461933,247750
es_vanilla_s0,1787461944,247750
es_vanilla_s0,1787461954,247750
es_vanilla_s0,1787461964,247750
es_vanilla_s0,1787461974,247750
es_vanilla_s0,1787461984,247750
es_vanilla_s0,1787461994,247750
es_vanilla_s0,1787462004,247750
es_vanilla_s0,1787462014,247750
es_vanilla_s0,1787462024,247750
es_vanilla_s0,1787462034,247750
es_vanilla_s0,1787462045,247750
es_vanilla_s0,1787462055,247750
es_vanilla_s0,1787462065,247750
es_vanilla_s0,1787462075,247750
es_vanilla_s0,1787462085,247750
es_vanilla_s0,1787462095,247750
es_vanilla_s0,1787462105,247750
es_vanilla_s0,1787462115,247750
es_vanilla_s0,1787462125,247750
es_vanilla_s0,1787462135,247750
es_vanilla_s0,1787462146,247750
es_vanilla_s0,1787462156,247750
es_vanilla_s0,1787462166,247750
es_vanilla_s0,1787462176,247750
es_vanilla_s0,1787462186,247750
es_vanilla_s0,1787462196,247750
es_vanilla_s0,1787462206,247750
es_vanilla_s0,1787462216,247750
es_vanilla_s0,1787462226,247750
es_vanilla_s0,1787462236,247750
es_vanilla_s0,1787462247,247750
es_vanilla_s0,1787462257,247750
es_vanilla_s0,1787462267,247750
es_vanilla_s0,1787462277,247750
es_vanilla_s0,1787462287,247750
es_vanilla_s0,1787462297,247750
es_vanilla_s0,1787462307,247750
es_vanilla_s0,1787462317,247750
es_vanilla_s0,1787462327,247750
es_vanilla_s0,1787462337,247750
es_vanilla_s0,1787462347,247750
es_vanilla_s0,1787462358,247750
es_vanilla_s0,1787462368,247750
es_vanilla_s0,1787462378,247750
es_vanilla_s0,1787462388,247750
es_vanilla_s0,1787462398,247750
es_vanilla_s0,1787462408,247750
es_vanilla_s0,1787462418,247750
es_vanilla_s0,1787462428,247750
es_vanilla_s0,1787462438,247750
es_vanilla_s0,1787462448,247750
es_vanilla_s0,1787462459,247750
es_vanilla_s0,1787462469,247750
es_vanilla_s0,1787462479,247750
es_vanilla_s0,1787462489,247750
es_vanilla_s0,1787462499,247750
es_vanilla_s0,1787462509,247750
es_vanilla_s0,1787462519,247750
es_vanilla_s0,1787462529,247750
es_vanilla_s0,1787462539,247750
es_vanilla_s0,1787462549,247750
es_vanilla_s0,1787462560,247750
es_vanilla_s0,1787462570,247750
es_vanilla_s0,1787462580,247750
es_vanilla_s0,1787462590,247750
es_vanilla_s0,1787462600,247750
es_vanilla_s0,1787462610,247750
es_vanilla_s0,1787462620,247750
es_vanilla_s0,1787462630,247750
es_vanilla_s0,1787462640,247750
es_vanilla_s0,1787462650,247750
es_vanilla_s0,1787462661,247750
es_vanilla_s0,1787462671,247750
es_vanilla_s0,1787462681,247750
es_vanilla_s0,1787462691,247750
es_vanilla_s0,1787462701,247750
es_vanilla_s0,1787462711,247750
es_vanilla_s0,1787462721,247750
es_vanilla_s0,1787462731,247750
es_vanilla_s0,1787462741,247750
es_vanilla_s0,1787462751,247750
es_vanilla_s0,1787462761,247750
es_vanilla_s0,1787462772,247750
es_vanilla_s0,1787462782,247750
es_vanilla_s0,1787462792,247750
es_vanilla_s0,1787462802,247750
es_vanilla_s0,1787462812,247750
es_vanilla_s0,1787462822,247750
es_vanilla_s0,1787462832,247750
es_vanilla_s0,1787462842,247750
es_vanilla_s0,1787462852,247750
es_vanilla_s0,1787462862,247750
es_vanilla_s0,1787462873,247750
es_vanilla_s0,1787462883,247750
es_vanilla_s0,1787462893,247750
es_vanilla_s0,1787462903,247750
es_vanilla_s0,1787462913,247750
es_vanilla_s0,1787462923,247750
es_vanilla_s0,1787462933,247750
es_vanilla_s0,1787462943,247750
es_vanilla_s0,1787462953,247750
es_vanilla_s0,1787462963,247750
es_vanilla_s0,1787462974,247750
es_vanilla_s0,1787462984,247750
es_vanilla_s0,1787462994,247750
es_vanilla_s0,1787463004,247750
es_vanilla_s0,1787463014,247750
es_vanilla_s0,1787463024,247750
es_vanilla_s0,1787463034,247750
es_vanilla_s0,1787463044,247750
es_vanilla_s0,1787463054,247750
es_vanilla_s0,1787463064,247750
es_vanilla_s0,1787463074,247750
es_vanilla_s0,1787463085,247750
es_vanilla_s0,1787463095,247750
es_vanilla_s0,1787463105,247750
es_vanilla_s0,1787463115,247750
es_vanilla_s0,1787463125,247750
es_vanilla_s0,1787463135,247750
es_vanilla_s0,1787463145,247750
es_vanilla_s0,1787463155,247750
es_vanilla_s0,1787463165,247750
es_vanilla_s0,1787463175,247750
es_vanilla_s0,1787463186,247750
es_vanilla_s0,1787463196,247750
es_vanilla_s0,1787463206,247750
es_vanilla_s0,1787463216,247750
es_vanilla_s0,1787463226,247750
es_vanilla_s0,1787463236,247750
es_vanilla_s0,1787463246,247750
es_vanilla_s0,1787463256,247750
es_vanilla_s0,1787463266,247750
es_vanilla_s0,1787463276,247750
es_vanilla_s0,1787463287,247750
es_vanilla_s0,1787463293,247750
es_vanilla_s0,1787463294,123748
